{"type":"FeatureCollection","features":[{"type":"Feature","geometry":{"type":"MultiPolygon","coordinates":[[[[116.90399,3.60807],[116.90342,3.60814],[116.90279,3.60808],[116.90279,3.60809],[116.90275,3.60873],[116.90285,3.60877],[116.90273,3.60914],[116.90272,3.60918],[116.90272,3.60919],[116.90293,3.60926],[116.90377,3.60948],[116.90393,3.60953],[116.90397,3.6094],[116.90399,3.6093],[116.90401,3.60919],[116.90402,3.60903],[116.90402,3.60899],[116.90396,3.60898],[116.90399,3.60874],[116.90402,3.60863],[116.90404,3.60849],[116.90403,3.60843],[116.90402,3.60826],[116.90401,3.60818],[116.90399,3.60807]]]]},"properties":{"kdprov":"65","kdkab":"03","kdkec":"020","kddesa":"004","kdsls":"0003","idsls":"65030200040003","nmprov":"KALIMANTAN UTARA","nmkab":"TANA TIDUNG","nmkec":"SESAYAP","nmdesa":"TIDENG PALE","nmsls":"RT 003 RW 001"}},{"type":"Feature","geometry":{"type":"MultiPolygon","coordinates":[[[[116.90516,3.60788],[116.90515,3.60788],[116.90463,3.60796],[116.90399,3.60805],[116.90399,3.60807],[116.90401,3.60818],[116.90402,3.60826],[116.90403,3.60843],[116.90404,3.60849],[116.90402,3.60863],[116.90399,3.60874],[116.90396,3.60898],[116.90402,3.60899],[116.90402,3.60903],[116.90401,3.60919],[116.90399,3.6093],[116.90397,3.6094],[116.90393,3.60953],[116.90453,3.60969],[116.90465,3.60972],[116.90478,3.60975],[116.90481,3.60976],[116.90484,3.60964],[116.90489,3.60947],[116.90498,3.60918],[116.90497,3.60913],[116.90496,3.60912],[116.90496,3.60911],[116.90502,3.60855],[116.90514,3.6085],[116.90514,3.60849],[116.90518,3.60844],[116.90519,3.60813],[116.90519,3.60789],[116.90519,3.60788],[116.90519,3.60788],[116.90519,3.60787],[116.90516,3.60788]]]]},"properties":{"kdprov":"65","kdkab":"03","kdkec":"020","kddesa":"004","kdsls":"0004","idsls":"65030200040004","nmprov":"KALIMANTAN UTARA","nmkab":"TANA TIDUNG","nmkec":"SESAYAP","nmdesa":"TIDENG PALE","nmsls":"RT 004 RW 002"}},{"type":"Feature","geometry":{"type":"MultiPolygon","coordinates":[[[[116.90509,3.60425],[116.90479,3.60418],[116.90449,3.60544],[116.90355,3.60539],[116.90353,3.60583],[116.90367,3.60638],[116.90375,3.60695],[116.90383,3.60736],[116.90383,3.60737],[116.90385,3.60748],[116.90393,3.60777],[116.90393,3.60777],[116.90395,3.60785],[116.90398,3.60801],[116.90398,3.60803],[116.90398,3.60803],[116.90398,3.60803],[116.90399,3.60805],[116.90463,3.60796],[116.90515,3.60788],[116.90516,3.60788],[116.90514,3.60788],[116.90514,3.60788],[116.90512,3.60775],[116.90509,3.6076],[116.90509,3.6076],[116.90506,3.60741],[116.90491,3.60716],[116.90484,3.60539],[116.90487,3.60489],[116.90485,3.60463],[116.90508,3.60451],[116.90509,3.60425]]]]},"properties":{"kdprov":"65","kdkab":"03","kdkec":"020","kddesa":"004","kdsls":"0004","idsls":"65030200040004","nmprov":"KALIMANTAN UTARA","nmkab":"TANA TIDUNG","nmkec":"SESAYAP","nmdesa":"TIDENG PALE","nmsls":"RT 004 RW 002"}},{"type":"Feature","geometry":{"type":"MultiPolygon","coordinates":[[[[116.9058,3.60924],[116.9059,3.60842],[116.90587,3.60783],[116.90587,3.60782],[116.90687,3.60775],[116.90726,3.60699],[116.9073,3.60542],[116.90733,3.60537],[116.90728,3.60528],[116.90652,3.60537],[116.9061,3.60464],[116.90592,3.60354],[116.9055,3.60351],[116.9055,3.60351],[116.90525,3.60358],[116.90511,3.60366],[116.90509,3.60425],[116.90508,3.60451],[116.90485,3.60463],[116.90487,3.60489],[116.90484,3.60539],[116.90491,3.60716],[116.90506,3.60741],[116.90509,3.6076],[116.90509,3.6076],[116.90512,3.60775],[116.90514,3.60788],[116.90514,3.60788],[116.90516,3.60788],[116.90519,3.60787],[116.90519,3.60788],[116.90519,3.60788],[116.90519,3.60789],[116.90519,3.60813],[116.90518,3.60844],[116.90514,3.60849],[116.90514,3.6085],[116.90502,3.60855],[116.90496,3.60911],[116.90496,3.60912],[116.90497,3.60913],[116.9058,3.60924]]]]},"properties":{"kdprov":"65","kdkab":"03","kdkec":"020","kddesa":"004","kdsls":"0005","idsls":"65030200040005","nmprov":"KALIMANTAN UTARA","nmkab":"TANA TIDUNG","nmkec":"SESAYAP","nmdesa":"TIDENG PALE","nmsls":"RT 005 RW 002"}},{"type":"Feature","geometry":{"type":"MultiPolygon","coordinates":[[[[116.90687,3.60775],[116.90587,3.60782],[116.90587,3.60783],[116.9059,3.60842],[116.9058,3.60924],[116.90497,3.60913],[116.90498,3.60918],[116.90489,3.60947],[116.90484,3.60964],[116.90481,3.60976],[116.90484,3.60977],[116.90493,3.60981],[116.90522,3.60995],[116.90629,3.61047],[116.90652,3.61058],[116.9066,3.61062],[116.90678,3.61071],[116.90684,3.61055],[116.90684,3.60954],[116.90683,3.60949],[116.90683,3.60948],[116.90682,3.60948],[116.90683,3.60948],[116.90684,3.60948],[116.90684,3.60947],[116.90684,3.60943],[116.90683,3.60895],[116.90683,3.6089],[116.90683,3.6089],[116.90684,3.60857],[116.90684,3.60849],[116.90684,3.60838],[116.90686,3.60784],[116.90686,3.60776],[116.90687,3.60775]]]]},"properties":{"kdprov":"65","kdkab":"03","kdkec":"020","kddesa":"004","kdsls":"0005","idsls":"65030200040005","nmprov":"KALIMANTAN UTARA","nmkab":"TANA TIDUNG","nmkec":"SESAYAP","nmdesa":"TIDENG PALE","nmsls":"RT 005 RW 002"}},{"type":"Feature","geometry":{"type":"MultiPolygon","coordinates":[[[[116.8981,3.60738],[116.89983,3.60809],[116.90125,3.60854],[116.90145,3.6086],[116.90145,3.6086],[116.90145,3.6086],[116.90147,3.60861],[116.90159,3.60829],[116.90161,3.60823],[116.90167,3.60799],[116.90167,3.60798],[116.90172,3.60778],[116.90173,3.60772],[116.90173,3.60771],[116.90173,3.60771],[116.90174,3.6077],[116.90174,3.6077],[116.90171,3.60769],[116.9017,3.60769],[116.90162,3.60766],[116.90162,3.60765],[116.90171,3.60724],[116.90171,3.60712],[116.90171,3.6071],[116.90173,3.60678],[116.90171,3.60609],[116.9017,3.60526],[116.9017,3.60524],[116.90162,3.60481],[116.90144,3.60374],[116.90123,3.60197],[116.90114,3.60166],[116.90088,3.59958],[116.90076,3.59894],[116.90061,3.59899],[116.9004,3.59906],[116.9003,3.59909],[116.90019,3.59913],[116.90008,3.59918],[116.89991,3.59924],[116.89968,3.59936],[116.89957,3.59942],[116.89945,3.59949],[116.89931,3.59959],[116.89917,3.59969],[116.89904,3.5998],[116.89898,3.59986],[116.89891,3.59991],[116.89885,3.59993],[116.89885,3.59993],[116.89888,3.60001],[116.89892,3.60014],[116.89894,3.60047],[116.89901,3.6011],[116.89917,3.60137],[116.89916,3.60215],[116.89959,3.60397],[116.89958,3.60415],[116.89956,3.60441],[116.89931,3.60501],[116.89962,3.60509],[116.89955,3.60545],[116.89937,3.60589],[116.89835,3.60549],[116.89819,3.60591],[116.89808,3.60619],[116.89805,3.60627],[116.89805,3.60628],[116.89858,3.60647],[116.89861,3.60649],[116.89861,3.60649],[116.89856,3.6066],[116.89852,3.60666],[116.89849,3.60672],[116.89844,3.6068],[116.89828,3.60708],[116.89823,3.60716],[116.8982,3.60721],[116.8981,3.60738]]]]},"properties":{"kdprov":"65","kdkab":"03","kdkec":"020","kddesa":"004","kdsls":"0001","idsls":"65030200040001","nmprov":"KALIMANTAN UTARA","nmkab":"TANA TIDUNG","nmkec":"SESAYAP","nmdesa":"TIDENG PALE","nmsls":"RT 001 RW 001"}},{"type":"Feature","geometry":{"type":"MultiPolygon","coordinates":[[[[116.90878,3.60969],[116.90832,3.60967],[116.90831,3.61016],[116.90873,3.61018],[116.90878,3.60969]]]]},"properties":{"kdprov":"65","kdkab":"03","kdkec":"020","kddesa":"004","kdsls":"0006","idsls":"65030200040006","nmprov":"KALIMANTAN UTARA","nmkab":"TANA TIDUNG","nmkec":"SESAYAP","nmdesa":"TIDENG PALE","nmsls":"RT 006 RW 002"}},{"type":"Feature","geometry":{"type":"MultiPolygon","coordinates":[[[[116.86821,3.5772],[116.86827,3.57716],[116.86829,3.57714],[116.8683,3.57714],[116.86831,3.57712],[116.86836,3.57708],[116.86838,3.57706],[116.86997,3.57566],[116.87134,3.57444],[116.8733,3.5727],[116.87646,3.56991],[116.87781,3.56871],[116.88019,3.5666],[116.88227,3.56476],[116.88281,3.56428],[116.88316,3.56397],[116.88429,3.56298],[116.88882,3.56201],[116.89098,3.56154],[116.89101,3.56133],[116.89115,3.55851],[116.89137,3.55448],[116.89152,3.55453],[116.89179,3.55461],[116.89179,3.55461],[116.89195,3.55409],[116.89195,3.55409],[116.89194,3.55409],[116.8933,3.54964],[116.8933,3.54964],[116.89331,3.54964],[116.89331,3.54963],[116.89324,3.54857],[116.89316,3.54723],[116.89269,3.53918],[116.89259,3.53758],[116.89203,3.52798],[116.89202,3.52653],[116.892,3.52331],[116.88917,3.52346],[116.88886,3.52327],[116.88854,3.52304],[116.88818,3.52311],[116.88745,3.52376],[116.88707,3.52367],[116.88673,3.52332],[116.88662,3.52298],[116.88671,3.52277],[116.88654,3.52243],[116.88587,3.52235],[116.88555,3.52235],[116.88528,3.52235],[116.88505,3.52216],[116.8849,3.52188],[116.8845,3.52152],[116.8842,3.5215],[116.88399,3.52134],[116.88389,3.52098],[116.88391,3.51965],[116.88384,3.51944],[116.88349,3.51942],[116.88319,3.51954],[116.88288,3.5195],[116.88256,3.51921],[116.88229,3.51923],[116.88212,3.5194],[116.88186,3.51959],[116.88161,3.51948],[116.88144,3.51931],[116.88146,3.51896],[116.88157,3.51862],[116.88149,3.51839],[116.88111,3.5183],[116.88056,3.51837],[116.88018,3.51834],[116.87972,3.51818],[116.87942,3.51824],[116.87902,3.51834],[116.87858,3.51834],[116.87799,3.51815],[116.87761,3.51807],[116.87736,3.51813],[116.87698,3.51847],[116.8767,3.51866],[116.87645,3.51864],[116.87613,3.51858],[116.87563,3.51845],[116.87529,3.51841],[116.87497,3.51851],[116.87457,3.51866],[116.87426,3.51868],[116.87396,3.51847],[116.87359,3.51818],[116.8734,3.51805],[116.87295,3.51813],[116.87253,3.51824],[116.8724,3.51857],[116.87175,3.51898],[116.87116,3.51944],[116.87066,3.52028],[116.87082,3.52169],[116.8708,3.52226],[116.87059,3.52251],[116.87023,3.52256],[116.86964,3.52262],[116.86937,3.523],[116.86929,3.52342],[116.86933,3.52399],[116.86946,3.52418],[116.87002,3.52431],[116.87024,3.52454],[116.8703,3.52473],[116.87019,3.52515],[116.87024,3.52548],[116.87024,3.52576],[116.87002,3.52612],[116.86977,3.52646],[116.86981,3.52709],[116.8698,3.52773],[116.86981,3.52773],[116.8698,3.52773],[116.86981,3.52773],[116.86981,3.52774],[116.86973,3.52779],[116.86967,3.52791],[116.86949,3.52812],[116.86906,3.5284],[116.86874,3.52855],[116.86843,3.5288],[116.86843,3.52881],[116.8683,3.5291],[116.86826,3.52917],[116.86793,3.52951],[116.86749,3.52968],[116.86711,3.52986],[116.86687,3.53038],[116.86686,3.53083],[116.86686,3.5309],[116.86695,3.53137],[116.86675,3.53158],[116.86604,3.53185],[116.86503,3.53246],[116.86501,3.53247],[116.86437,3.53251],[116.86418,3.53252],[116.86418,3.53252],[116.86419,3.53252],[116.86353,3.53455],[116.8636,3.53673],[116.86359,3.53676],[116.86284,3.53806],[116.8625,3.53864],[116.86102,3.53919],[116.8609,3.53976],[116.8609,3.53976],[116.86201,3.54234],[116.86306,3.54726],[116.87277,3.56111],[116.87294,3.5612],[116.87296,3.56125],[116.87297,3.56134],[116.87298,3.56149],[116.87298,3.56158],[116.87299,3.56167],[116.873,3.56175],[116.873,3.56185],[116.873,3.56195],[116.87297,3.56207],[116.87294,3.56212],[116.87282,3.56218],[116.87275,3.56217],[116.87262,3.56213],[116.8725,3.56208],[116.87235,3.56203],[116.87231,3.56198],[116.87223,3.56196],[116.87218,3.56192],[116.87209,3.56187],[116.87206,3.56189],[116.87206,3.56194],[116.87207,3.56197],[116.87211,3.56205],[116.87221,3.56217],[116.87226,3.56228],[116.87232,3.56236],[116.87242,3.56244],[116.87248,3.56247],[116.87255,3.56254],[116.87262,3.5626],[116.87264,3.56268],[116.87262,3.56277],[116.87258,3.56288],[116.87254,3.56306],[116.8725,3.56323],[116.8725,3.56333],[116.87251,3.56345],[116.8725,3.56356],[116.87247,3.56363],[116.87238,3.56359],[116.87217,3.56353],[116.87208,3.56347],[116.87193,3.56339],[116.87176,3.5633],[116.8717,3.56327],[116.87161,3.56323],[116.87146,3.5632],[116.87127,3.5632],[116.87114,3.56317],[116.87104,3.56317],[116.87094,3.56317],[116.87086,3.56318],[116.87085,3.56322],[116.87087,3.56336],[116.87089,3.56349],[116.87093,3.56361],[116.87108,3.56376],[116.87116,3.5639],[116.87115,3.56405],[116.87108,3.56413],[116.87102,3.56413],[116.87084,3.56414],[116.87066,3.56414],[116.87051,3.56409],[116.87032,3.56399],[116.87013,3.56391],[116.86995,3.5638],[116.86974,3.5638],[116.86968,3.56393],[116.86972,3.56414],[116.8699,3.56434],[116.87007,3.56445],[116.87023,3.56454],[116.87039,3.56458],[116.87064,3.56459],[116.87084,3.56462],[116.87103,3.56467],[116.87116,3.56477],[116.87138,3.56495],[116.87145,3.5651],[116.8715,3.56523],[116.87155,3.56561],[116.87158,3.56611],[116.87157,3.56625],[116.87145,3.56629],[116.87104,3.56638],[116.87064,3.56665],[116.87018,3.56693],[116.86983,3.56712],[116.86967,3.56729],[116.86965,3.56751],[116.86975,3.56782],[116.86995,3.56817],[116.86995,3.56837],[116.8697,3.56854],[116.8694,3.56867],[116.86915,3.56861],[116.86878,3.56852],[116.86853,3.56863],[116.86836,3.56896],[116.86836,3.56933],[116.86841,3.56969],[116.86843,3.57004],[116.86833,3.57041],[116.86833,3.57065],[116.8684,3.57103],[116.86839,3.57126],[116.86832,3.57145],[116.86824,3.57157],[116.8681,3.57159],[116.86801,3.57153],[116.86784,3.57129],[116.86767,3.57108],[116.86751,3.57091],[116.86725,3.57075],[116.86716,3.57073],[116.86697,3.5708],[116.86685,3.57112],[116.86682,3.57147],[116.8669,3.57183],[116.867,3.57223],[116.86712,3.57255],[116.86736,3.57292],[116.86753,3.57324],[116.86756,3.57355],[116.86751,3.57381],[116.86744,3.57396],[116.86727,3.57404],[116.86702,3.57408],[116.86653,3.57412],[116.86618,3.57413],[116.86571,3.57435],[116.86534,3.57469],[116.86517,3.575],[116.86503,3.57535],[116.865,3.57568],[116.86507,3.57594],[116.86529,3.5761],[116.8655,3.57619],[116.86578,3.5761],[116.86607,3.57596],[116.8664,3.57586],[116.86668,3.57584],[116.86709,3.57606],[116.86819,3.57718],[116.8682,3.57718],[116.86821,3.57719],[116.86821,3.5772]]]]},"properties":{"kdprov":"65","kdkab":"03","kdkec":"020","kddesa":"001","kdsls":"0004","idsls":"65030200010004","nmprov":"KALIMANTAN UTARA","nmkab":"TANA TIDUNG","nmkec":"SESAYAP","nmdesa":"SEDULUN","nmsls":"RT 004"}},{"type":"Feature","geometry":{"type":"MultiPolygon","coordinates":[[[[116.89634,3.60242],[116.89615,3.6026],[116.89596,3.60281],[116.89557,3.60331],[116.8953,3.60368],[116.89551,3.60384],[116.89614,3.60433],[116.89541,3.60608],[116.89541,3.60609],[116.89556,3.60617],[116.89581,3.60629],[116.89587,3.60632],[116.89618,3.60647],[116.89652,3.60664],[116.89677,3.60676],[116.89704,3.60601],[116.89727,3.60608],[116.89729,3.60603],[116.89729,3.60602],[116.89746,3.60548],[116.8977,3.6047],[116.89838,3.60017],[116.89806,3.60063],[116.89768,3.60118],[116.89692,3.60199],[116.89689,3.60204],[116.89652,3.60224],[116.89634,3.60242]]]]},"properties":{"kdprov":"65","kdkab":"03","kdkec":"020","kddesa":"002","kdsls":"0002","idsls":"65030200020002","nmprov":"KALIMANTAN UTARA","nmkab":"TANA TIDUNG","nmkec":"SESAYAP","nmdesa":"LIMBU SEDULUN","nmsls":"RT 002"}},{"type":"Feature","geometry":{"type":"MultiPolygon","coordinates":[[[[116.90342,3.60814],[116.90399,3.60807],[116.90399,3.60805],[116.90398,3.60803],[116.90398,3.60803],[116.90398,3.60803],[116.90398,3.60801],[116.90395,3.60785],[116.90393,3.60777],[116.90393,3.60777],[116.90385,3.60748],[116.90383,3.60737],[116.90383,3.60736],[116.90375,3.60695],[116.90367,3.60638],[116.90353,3.60583],[116.90355,3.60539],[116.90355,3.60539],[116.90366,3.60497],[116.90395,3.60378],[116.90352,3.60275],[116.90328,3.60065],[116.90329,3.59862],[116.90322,3.59778],[116.90331,3.59646],[116.90333,3.59642],[116.90332,3.59642],[116.90346,3.59563],[116.90346,3.59492],[116.90271,3.59444],[116.90218,3.5941],[116.90206,3.59392],[116.90195,3.59367],[116.90193,3.5933],[116.90187,3.59348],[116.9018,3.59368],[116.90155,3.59474],[116.90152,3.59565],[116.90166,3.59737],[116.9016,3.59859],[116.90172,3.59921],[116.90177,3.59943],[116.9023,3.60114],[116.90259,3.60262],[116.9027,3.60351],[116.90282,3.60486],[116.9029,3.60656],[116.90293,3.60736],[116.90279,3.60805],[116.90279,3.60808],[116.90342,3.60814]]]]},"properties":{"kdprov":"65","kdkab":"03","kdkec":"020","kddesa":"004","kdsls":"0003","idsls":"65030200040003","nmprov":"KALIMANTAN UTARA","nmkab":"TANA TIDUNG","nmkec":"SESAYAP","nmdesa":"TIDENG PALE","nmsls":"RT 003 RW 001"}},{"type":"Feature","geometry":{"type":"MultiPolygon","coordinates":[[[[116.8683,3.57714],[116.86829,3.57714],[116.86827,3.57716],[116.86821,3.5772],[116.86816,3.57723],[116.86807,3.57731],[116.86805,3.57732],[116.868,3.57737],[116.86463,3.58016],[116.84417,3.57723],[116.8432,3.57714],[116.84232,3.57707],[116.84231,3.57707],[116.83851,3.57674],[116.8385,3.57677],[116.83823,3.57769],[116.83746,3.58032],[116.83704,3.58175],[116.83704,3.58177],[116.83645,3.58377],[116.83537,3.58749],[116.83517,3.58785],[116.83351,3.59316],[116.83343,3.59342],[116.83155,3.59941],[116.83155,3.59942],[116.83152,3.59953],[116.82849,3.60957],[116.82816,3.61064],[116.82633,3.6167],[116.82843,3.61882],[116.8327,3.62071],[116.8338,3.62013],[116.83408,3.61975],[116.83546,3.61781],[116.83722,3.61398],[116.83801,3.61226],[116.83856,3.61106],[116.8431,3.60508],[116.85018,3.59944],[116.85588,3.59579],[116.86218,3.59275],[116.86669,3.59164],[116.87177,3.59224],[116.87422,3.59253],[116.87645,3.59378],[116.88011,3.59583],[116.88031,3.59576],[116.88094,3.59581],[116.88251,3.59542],[116.8834,3.59461],[116.88363,3.59428],[116.88442,3.59317],[116.88543,3.59197],[116.88619,3.59095],[116.8863,3.59053],[116.88632,3.59044],[116.88603,3.58984],[116.88521,3.58966],[116.88446,3.5899],[116.88384,3.59042],[116.88327,3.59125],[116.88256,3.59219],[116.88228,3.59244],[116.88209,3.5924],[116.88195,3.59206],[116.88195,3.59148],[116.88207,3.59057],[116.88217,3.58988],[116.8822,3.58901],[116.88216,3.58804],[116.88201,3.58683],[116.88191,3.58598],[116.88193,3.58583],[116.88197,3.58545],[116.88219,3.58482],[116.88279,3.58443],[116.8839,3.58439],[116.88456,3.58408],[116.88472,3.58381],[116.88474,3.58364],[116.88475,3.58347],[116.88473,3.58344],[116.88445,3.58286],[116.88393,3.58254],[116.88287,3.58268],[116.88235,3.58286],[116.8818,3.58305],[116.88109,3.58319],[116.88103,3.58319],[116.88074,3.58321],[116.88018,3.58308],[116.87969,3.58286],[116.87889,3.58239],[116.87881,3.58227],[116.87845,3.58177],[116.8782,3.58114],[116.8782,3.58089],[116.87815,3.58018],[116.87826,3.57984],[116.87836,3.57954],[116.8787,3.57915],[116.87892,3.57904],[116.87892,3.57904],[116.87934,3.57887],[116.87941,3.57877],[116.8794,3.57873],[116.87969,3.57858],[116.87974,3.57818],[116.87961,3.57775],[116.87923,3.57749],[116.87858,3.57748],[116.87793,3.57762],[116.87713,3.57823],[116.87624,3.5793],[116.87561,3.58013],[116.8751,3.58083],[116.87499,3.58123],[116.87502,3.58141],[116.87481,3.58198],[116.8746,3.58255],[116.87414,3.58269],[116.87373,3.58282],[116.87331,3.58282],[116.87284,3.58282],[116.87143,3.58289],[116.86917,3.58313],[116.86835,3.58318],[116.86781,3.58322],[116.86694,3.58322],[116.86692,3.58322],[116.86651,3.58339],[116.86601,3.58368],[116.86587,3.58403],[116.86586,3.5844],[116.86597,3.58485],[116.8662,3.58542],[116.86599,3.58564],[116.86597,3.58566],[116.86592,3.58567],[116.86535,3.58573],[116.86504,3.58525],[116.86504,3.58521],[116.86481,3.58436],[116.86493,3.58333],[116.86528,3.58266],[116.866,3.5822],[116.86705,3.58179],[116.86789,3.58105],[116.86843,3.58013],[116.86852,3.58001],[116.869,3.57941],[116.86909,3.57929],[116.86913,3.57925],[116.86933,3.57853],[116.86919,3.57794],[116.86876,3.57746],[116.86841,3.57724],[116.86836,3.57719],[116.8683,3.57714]]],[[[116.89076,3.60092],[116.89074,3.60095],[116.88927,3.60279],[116.89,3.60313],[116.89061,3.60342],[116.89171,3.60212],[116.89173,3.60209],[116.89208,3.60177],[116.89227,3.6016],[116.89253,3.60155],[116.89276,3.60123],[116.89164,3.60001],[116.89121,3.60046],[116.89076,3.60092]]]]},"properties":{"kdprov":"65","kdkab":"03","kdkec":"020","kddesa":"001","kdsls":"0003","idsls":"65030200010003","nmprov":"KALIMANTAN UTARA","nmkab":"TANA TIDUNG","nmkec":"SESAYAP","nmdesa":"SEDULUN","nmsls":"RT 003"}},{"type":"Feature","geometry":{"type":"MultiPolygon","coordinates":[[[[116.89171,3.60212],[116.89061,3.60342],[116.89,3.60313],[116.88927,3.60279],[116.89074,3.60095],[116.89076,3.60092],[116.89,3.59827],[116.88902,3.59542],[116.88812,3.59258],[116.88735,3.5902],[116.88687,3.59005],[116.88632,3.59044],[116.8863,3.59053],[116.88619,3.59095],[116.88543,3.59197],[116.88442,3.59317],[116.88363,3.59428],[116.8834,3.59461],[116.88251,3.59542],[116.88094,3.59581],[116.88031,3.59576],[116.88011,3.59583],[116.87981,3.59593],[116.87833,3.5972],[116.87449,3.59859],[116.8733,3.59902],[116.8718,3.59956],[116.87048,3.60004],[116.86629,3.60156],[116.86204,3.60309],[116.86272,3.60334],[116.86396,3.60366],[116.86629,3.60417],[116.86818,3.60455],[116.86988,3.60485],[116.87122,3.60494],[116.87523,3.60584],[116.87927,3.60706],[116.88086,3.60749],[116.88126,3.6076],[116.88305,3.60835],[116.88409,3.60879],[116.88749,3.60977],[116.88874,3.61027],[116.89018,3.61102],[116.89139,3.61144],[116.8926,3.61244],[116.89308,3.61282],[116.89373,3.61336],[116.89404,3.61376],[116.89416,3.61395],[116.89531,3.61211],[116.89602,3.61098],[116.89678,3.6096],[116.8981,3.60738],[116.89777,3.60725],[116.89752,3.60714],[116.89751,3.60713],[116.89751,3.60713],[116.89751,3.60713],[116.89727,3.60701],[116.89701,3.60688],[116.89696,3.60686],[116.89683,3.60679],[116.89677,3.60676],[116.89652,3.60664],[116.89618,3.60647],[116.89587,3.60632],[116.89581,3.60629],[116.89556,3.60617],[116.89541,3.60609],[116.89458,3.60571],[116.89451,3.60568],[116.89447,3.60566],[116.89403,3.60532],[116.89317,3.60467],[116.89367,3.60396],[116.89344,3.60379],[116.89288,3.60336],[116.89245,3.60293],[116.89204,3.60246],[116.89171,3.60212]]]]},"properties":{"kdprov":"65","kdkab":"03","kdkec":"020","kddesa":"002","kdsls":"0003","idsls":"65030200020003","nmprov":"KALIMANTAN UTARA","nmkab":"TANA TIDUNG","nmkec":"SESAYAP","nmdesa":"LIMBU SEDULUN","nmsls":"RT 003"}},{"type":"Feature","geometry":{"type":"MultiPolygon","coordinates":[[[[116.89677,3.60676],[116.89683,3.60679],[116.89696,3.60686],[116.89701,3.60688],[116.89727,3.60701],[116.89751,3.60713],[116.89751,3.60713],[116.89751,3.60713],[116.89752,3.60714],[116.89777,3.60725],[116.8981,3.60738],[116.8982,3.60721],[116.89823,3.60716],[116.89828,3.60708],[116.89844,3.6068],[116.89849,3.60672],[116.89852,3.60666],[116.89856,3.6066],[116.89861,3.60649],[116.89861,3.60649],[116.89858,3.60647],[116.89805,3.60628],[116.89805,3.60627],[116.89808,3.60619],[116.89819,3.60591],[116.89835,3.60549],[116.89937,3.60589],[116.89955,3.60545],[116.89962,3.60509],[116.89931,3.60501],[116.89956,3.60441],[116.89958,3.60415],[116.89959,3.60397],[116.89916,3.60215],[116.89917,3.60137],[116.89901,3.6011],[116.89894,3.60047],[116.89892,3.60014],[116.89888,3.60001],[116.89885,3.59993],[116.89885,3.59993],[116.89883,3.59994],[116.89866,3.60007],[116.89853,3.60013],[116.89841,3.60012],[116.89839,3.60012],[116.89838,3.60017],[116.8977,3.6047],[116.89746,3.60548],[116.89729,3.60602],[116.89729,3.60603],[116.89727,3.60608],[116.89704,3.60601],[116.89677,3.60676]]]]},"properties":{"kdprov":"65","kdkab":"03","kdkec":"020","kddesa":"002","kdsls":"0001","idsls":"65030200020001","nmprov":"KALIMANTAN UTARA","nmkab":"TANA TIDUNG","nmkec":"SESAYAP","nmdesa":"LIMBU SEDULUN","nmsls":"RT 001"}},{"type":"Feature","geometry":{"type":"MultiPolygon","coordinates":[[[[116.90084,3.55632],[116.90087,3.55634],[116.90084,3.55637],[116.90094,3.55647],[116.90107,3.55652],[116.90257,3.55705],[116.90436,3.55654],[116.90582,3.55612],[116.90949,3.55508],[116.91162,3.55447],[116.91415,3.55375],[116.91462,3.55361],[116.92445,3.55081],[116.9245,3.55079],[116.92455,3.55077],[116.9246,3.55075],[116.92462,3.55075],[116.92478,3.55075],[116.92483,3.55076],[116.92486,3.55075],[116.9249,3.55073],[116.92494,3.55068],[116.925,3.55063],[116.92504,3.55059],[116.92518,3.55055],[116.92522,3.55052],[116.92525,3.55047],[116.92526,3.55045],[116.92523,3.55037],[116.92515,3.55023],[116.92506,3.55008],[116.92502,3.55],[116.92498,3.54994],[116.92472,3.54976],[116.92471,3.54968],[116.92471,3.54964],[116.92473,3.54952],[116.92498,3.54939],[116.92514,3.5493],[116.92543,3.54939],[116.92566,3.54926],[116.92568,3.54925],[116.92559,3.54892],[116.92551,3.54881],[116.92542,3.54877],[116.92533,3.54872],[116.92523,3.54867],[116.92504,3.54844],[116.92502,3.54817],[116.92499,3.54801],[116.92498,3.54791],[116.92496,3.54774],[116.92495,3.54762],[116.92494,3.54757],[116.92519,3.54702],[116.9252,3.54675],[116.9252,3.5467],[116.92504,3.54631],[116.92487,3.54611],[116.92456,3.54631],[116.92433,3.54628],[116.92411,3.54595],[116.92408,3.5459],[116.92441,3.54582],[116.92443,3.54556],[116.92443,3.5455],[116.92233,3.54555],[116.917,3.54567],[116.91569,3.5457],[116.914,3.54574],[116.91371,3.54575],[116.9115,3.5458],[116.91093,3.54582],[116.90796,3.54589],[116.9076,3.5457],[116.90648,3.54501],[116.90503,3.54472],[116.90302,3.55083],[116.90304,3.55085],[116.90321,3.55101],[116.90341,3.55123],[116.90348,3.55146],[116.90353,3.55162],[116.90352,3.55165],[116.90351,3.55171],[116.90345,3.55194],[116.90337,3.5524],[116.90328,3.55276],[116.90314,3.55322],[116.90306,3.55344],[116.90298,3.55366],[116.90297,3.55371],[116.90282,3.55399],[116.9027,3.55421],[116.90249,3.55444],[116.90228,3.55469],[116.90227,3.5547],[116.90199,3.55498],[116.90185,3.55517],[116.90159,3.55545],[116.90127,3.55584],[116.90105,3.5561],[116.90084,3.55632]]]]},"properties":{"kdprov":"65","kdkab":"03","kdkec":"020","kddesa":"003","kdsls":"0001","idsls":"65030200030001","nmprov":"KALIMANTAN UTARA","nmkab":"TANA TIDUNG","nmkec":"SESAYAP","nmdesa":"GUNAWAN","nmsls":"RT 001 RW 001"}},{"type":"Feature","geometry":{"type":"MultiPolygon","coordinates":[[[[116.84481,3.49536],[116.84368,3.49955],[116.84316,3.50172],[116.84224,3.50558],[116.84578,3.50844],[116.84691,3.50935],[116.84794,3.51017],[116.84882,3.51089],[116.86643,3.52506],[116.8698,3.52773],[116.86981,3.52709],[116.86977,3.52646],[116.87002,3.52612],[116.87024,3.52576],[116.87024,3.52548],[116.87019,3.52515],[116.8703,3.52473],[116.87024,3.52454],[116.87002,3.52431],[116.86946,3.52418],[116.86933,3.52399],[116.86929,3.52342],[116.86937,3.523],[116.86964,3.52262],[116.87023,3.52256],[116.87059,3.52251],[116.8708,3.52226],[116.87082,3.52169],[116.87066,3.52028],[116.87116,3.51944],[116.87175,3.51898],[116.8724,3.51857],[116.87253,3.51824],[116.87295,3.51813],[116.8734,3.51805],[116.87359,3.51818],[116.87396,3.51847],[116.87426,3.51868],[116.87457,3.51866],[116.87497,3.51851],[116.87529,3.51841],[116.87563,3.51845],[116.87613,3.51858],[116.87645,3.51864],[116.8767,3.51866],[116.87698,3.51847],[116.87736,3.51813],[116.87761,3.51807],[116.87799,3.51815],[116.87858,3.51834],[116.87902,3.51834],[116.87942,3.51824],[116.87972,3.51818],[116.88018,3.51834],[116.88056,3.51837],[116.88111,3.5183],[116.88149,3.51839],[116.88157,3.51862],[116.88146,3.51896],[116.88144,3.51931],[116.88161,3.51948],[116.88186,3.51959],[116.88212,3.5194],[116.88229,3.51923],[116.88256,3.51921],[116.88288,3.5195],[116.88319,3.51954],[116.88349,3.51942],[116.88384,3.51944],[116.88391,3.51965],[116.88389,3.52098],[116.88399,3.52134],[116.8842,3.5215],[116.8845,3.52152],[116.8849,3.52188],[116.88505,3.52216],[116.88528,3.52235],[116.88555,3.52235],[116.88587,3.52235],[116.88654,3.52243],[116.88671,3.52277],[116.88662,3.52298],[116.88673,3.52332],[116.88707,3.52367],[116.88745,3.52376],[116.88818,3.52311],[116.88854,3.52304],[116.88886,3.52327],[116.88917,3.52346],[116.892,3.52331],[116.89126,3.52251],[116.89148,3.52158],[116.89,3.52126],[116.88845,3.52023],[116.88845,3.52023],[116.88844,3.52023],[116.8872,3.5186],[116.88687,3.51407],[116.88592,3.51228],[116.8858,3.51024],[116.8864,3.50797],[116.88691,3.50572],[116.88689,3.50338],[116.88763,3.50089],[116.88958,3.49888],[116.89444,3.49451],[116.89488,3.49346],[116.89583,3.49278],[116.89616,3.49076],[116.89713,3.48943],[116.8982,3.48908],[116.89963,3.48885],[116.90116,3.48729],[116.90116,3.48724],[116.90116,3.48724],[116.90016,3.48651],[116.90016,3.48651],[116.89979,3.48496],[116.8997,3.48341],[116.90023,3.48261],[116.90023,3.48262],[116.90106,3.48348],[116.90154,3.48482],[116.90154,3.48482],[116.90253,3.48432],[116.90294,3.48347],[116.90351,3.4838],[116.90418,3.48444],[116.90514,3.48405],[116.90519,3.48383],[116.90612,3.48339],[116.90729,3.48315],[116.90745,3.48312],[116.90891,3.48282],[116.90935,3.48273],[116.90955,3.48241],[116.90993,3.48179],[116.90994,3.4818],[116.90994,3.4818],[116.91027,3.48217],[116.91057,3.4825],[116.91093,3.48289],[116.91202,3.48253],[116.91203,3.48254],[116.91203,3.48253],[116.91271,3.48346],[116.91281,3.48349],[116.91312,3.48358],[116.91361,3.48343],[116.91415,3.48374],[116.91415,3.48374],[116.91415,3.48375],[116.91404,3.48552],[116.91408,3.48655],[116.91434,3.48832],[116.91465,3.48908],[116.91477,3.48939],[116.9149,3.48988],[116.91501,3.49001],[116.91541,3.48969],[116.91639,3.48889],[116.9164,3.48889],[116.91609,3.48849],[116.91588,3.48795],[116.91596,3.48767],[116.91593,3.48733],[116.91549,3.48677],[116.91527,3.48604],[116.9154,3.48522],[116.9154,3.48437],[116.91534,3.48385],[116.91508,3.48336],[116.91467,3.48295],[116.91441,3.48263],[116.9142,3.48245],[116.91379,3.48251],[116.91335,3.4825],[116.91324,3.48216],[116.91311,3.48182],[116.91308,3.4818],[116.91271,3.48165],[116.91211,3.48154],[116.91192,3.48151],[116.91122,3.48123],[116.91079,3.48089],[116.91027,3.48065],[116.90944,3.47972],[116.90927,3.47953],[116.90889,3.47806],[116.9076,3.47596],[116.9076,3.47596],[116.90759,3.47596],[116.90759,3.47595],[116.90759,3.47594],[116.90559,3.47479],[116.9037,3.47425],[116.90324,3.47395],[116.90238,3.47339],[116.9016,3.47281],[116.9014,3.47267],[116.9014,3.47267],[116.90065,3.47311],[116.90028,3.47334],[116.90018,3.47351],[116.89993,3.47393],[116.89988,3.47393],[116.89803,3.47384],[116.89695,3.47392],[116.89676,3.47401],[116.89639,3.47417],[116.89459,3.47455],[116.89298,3.47464],[116.89178,3.47465],[116.89161,3.47466],[116.8916,3.47465],[116.89158,3.47465],[116.89029,3.47395],[116.88894,3.47406],[116.88852,3.47414],[116.88753,3.47437],[116.88573,3.475],[116.88527,3.47484],[116.88521,3.47482],[116.88476,3.47468],[116.88476,3.47468],[116.88432,3.47382],[116.88374,3.47334],[116.88374,3.47334],[116.88373,3.47334],[116.88368,3.47324],[116.88348,3.47308],[116.88268,3.47239],[116.88197,3.47221],[116.87944,3.47421],[116.87944,3.47421],[116.87787,3.4742],[116.87761,3.47426],[116.87265,3.47542],[116.87182,3.47714],[116.87179,3.47721],[116.87179,3.47721],[116.87063,3.47814],[116.86938,3.47935],[116.86936,3.47937],[116.86855,3.48008],[116.86854,3.48009],[116.86646,3.48145],[116.86424,3.4831],[116.86147,3.48402],[116.86145,3.48403],[116.86145,3.48403],[116.86145,3.48403],[116.85914,3.48411],[116.85667,3.48525],[116.85666,3.48525],[116.85414,3.48729],[116.85388,3.48849],[116.85317,3.48899],[116.85241,3.48954],[116.85122,3.49084],[116.85099,3.491],[116.85058,3.49128],[116.84994,3.49171],[116.84929,3.49214],[116.84708,3.49305],[116.84621,3.49451],[116.84483,3.49536],[116.84481,3.49536]]],[[[116.89398,3.60357],[116.89487,3.60425],[116.89505,3.60401],[116.89515,3.60387],[116.8953,3.60368],[116.89557,3.60331],[116.89596,3.60281],[116.89615,3.6026],[116.89634,3.60242],[116.8961,3.60223],[116.89569,3.60192],[116.89532,3.60164],[116.8952,3.60154],[116.89457,3.60231],[116.89472,3.60241],[116.89474,3.60242],[116.89485,3.60249],[116.89417,3.60334],[116.89398,3.60357]]]]},"properties":{"kdprov":"65","kdkab":"03","kdkec":"020","kddesa":"001","kdsls":"0001","idsls":"65030200010001","nmprov":"KALIMANTAN UTARA","nmkab":"TANA TIDUNG","nmkec":"SESAYAP","nmdesa":"SEDULUN","nmsls":"RT 001"}},{"type":"Feature","geometry":{"type":"MultiPolygon","coordinates":[[[[116.84242,3.56265],[116.84417,3.57723],[116.86463,3.58016],[116.868,3.57737],[116.86805,3.57732],[116.86807,3.57731],[116.86816,3.57723],[116.86821,3.5772],[116.86821,3.57719],[116.8682,3.57718],[116.86819,3.57718],[116.86709,3.57606],[116.86668,3.57584],[116.8664,3.57586],[116.86607,3.57596],[116.86578,3.5761],[116.8655,3.57619],[116.86529,3.5761],[116.86507,3.57594],[116.865,3.57568],[116.86503,3.57535],[116.86517,3.575],[116.86534,3.57469],[116.86571,3.57435],[116.86618,3.57413],[116.86653,3.57412],[116.86702,3.57408],[116.86727,3.57404],[116.86744,3.57396],[116.86751,3.57381],[116.86756,3.57355],[116.86753,3.57324],[116.86736,3.57292],[116.86712,3.57255],[116.867,3.57223],[116.8669,3.57183],[116.86682,3.57147],[116.86685,3.57112],[116.86697,3.5708],[116.86716,3.57073],[116.86725,3.57075],[116.86751,3.57091],[116.86767,3.57108],[116.86784,3.57129],[116.86801,3.57153],[116.8681,3.57159],[116.86824,3.57157],[116.86832,3.57145],[116.86839,3.57126],[116.8684,3.57103],[116.86833,3.57065],[116.86833,3.57041],[116.86843,3.57004],[116.86841,3.56969],[116.86836,3.56933],[116.86836,3.56896],[116.86853,3.56863],[116.86878,3.56852],[116.86915,3.56861],[116.8694,3.56867],[116.8697,3.56854],[116.86995,3.56837],[116.86995,3.56817],[116.86975,3.56782],[116.86965,3.56751],[116.86967,3.56729],[116.86983,3.56712],[116.87018,3.56693],[116.87064,3.56665],[116.87104,3.56638],[116.87145,3.56629],[116.87157,3.56625],[116.87158,3.56611],[116.87155,3.56561],[116.8715,3.56523],[116.87145,3.5651],[116.87138,3.56495],[116.87116,3.56477],[116.87103,3.56467],[116.87084,3.56462],[116.87064,3.56459],[116.87039,3.56458],[116.87023,3.56454],[116.87007,3.56445],[116.8699,3.56434],[116.86972,3.56414],[116.86968,3.56393],[116.86974,3.5638],[116.86995,3.5638],[116.87013,3.56391],[116.87032,3.56399],[116.87051,3.56409],[116.87066,3.56414],[116.87084,3.56414],[116.87102,3.56413],[116.87108,3.56413],[116.87115,3.56405],[116.87116,3.5639],[116.87108,3.56376],[116.87093,3.56361],[116.87089,3.56349],[116.87087,3.56336],[116.87085,3.56322],[116.87086,3.56318],[116.87094,3.56317],[116.87104,3.56317],[116.87114,3.56317],[116.87127,3.5632],[116.87146,3.5632],[116.87161,3.56323],[116.8717,3.56327],[116.87176,3.5633],[116.87193,3.56339],[116.87208,3.56347],[116.87217,3.56353],[116.87238,3.56359],[116.87247,3.56363],[116.8725,3.56356],[116.87251,3.56345],[116.8725,3.56333],[116.8725,3.56323],[116.87254,3.56306],[116.87258,3.56288],[116.87262,3.56277],[116.87264,3.56268],[116.87262,3.5626],[116.87255,3.56254],[116.87248,3.56247],[116.87242,3.56244],[116.87232,3.56236],[116.87226,3.56228],[116.87221,3.56217],[116.87211,3.56205],[116.87207,3.56197],[116.87206,3.56194],[116.87206,3.56189],[116.87209,3.56187],[116.87218,3.56192],[116.87223,3.56196],[116.87231,3.56198],[116.87235,3.56203],[116.8725,3.56208],[116.87262,3.56213],[116.87275,3.56217],[116.87282,3.56218],[116.87294,3.56212],[116.87297,3.56207],[116.873,3.56195],[116.873,3.56185],[116.873,3.56175],[116.87299,3.56167],[116.87298,3.56158],[116.87298,3.56149],[116.87297,3.56134],[116.87296,3.56125],[116.87294,3.5612],[116.87277,3.56111],[116.86306,3.54726],[116.85777,3.54913],[116.8561,3.54971],[116.84436,3.56083],[116.84243,3.56266],[116.84242,3.56265]]],[[[116.8953,3.60368],[116.89515,3.60387],[116.89505,3.60401],[116.89487,3.60425],[116.89398,3.60357],[116.89368,3.60395],[116.89367,3.60396],[116.89317,3.60467],[116.89403,3.60532],[116.89447,3.60566],[116.89451,3.60568],[116.89458,3.60571],[116.89541,3.60609],[116.89541,3.60608],[116.89614,3.60433],[116.89551,3.60384],[116.8953,3.60368]]]]},"properties":{"kdprov":"65","kdkab":"03","kdkec":"020","kddesa":"001","kdsls":"0002","idsls":"65030200010002","nmprov":"KALIMANTAN UTARA","nmkab":"TANA TIDUNG","nmkec":"SESAYAP","nmdesa":"SEDULUN","nmsls":"RT 002"}},{"type":"Feature","geometry":{"type":"MultiPolygon","coordinates":[[[[116.90658,3.60098],[116.90793,3.60032],[116.90868,3.60047],[116.91394,3.59688],[116.91344,3.59505],[116.91269,3.59233],[116.9126,3.59201],[116.91249,3.59135],[116.91234,3.59049],[116.91229,3.59019],[116.9122,3.58934],[116.9122,3.58933],[116.91228,3.58927],[116.91284,3.58886],[116.91305,3.58871],[116.9137,3.58836],[116.91384,3.58829],[116.91402,3.58812],[116.91424,3.58792],[116.91439,3.58778],[116.91447,3.5877],[116.91457,3.58761],[116.91482,3.58729],[116.91499,3.58706],[116.91523,3.58652],[116.9154,3.58615],[116.91554,3.58587],[116.9156,3.58574],[116.91571,3.58552],[116.91596,3.58502],[116.91677,3.5843],[116.91732,3.58421],[116.91813,3.58403],[116.91847,3.58434],[116.91893,3.58456],[116.91934,3.58445],[116.91969,3.5842],[116.92004,3.58401],[116.92045,3.58411],[116.92078,3.58405],[116.92104,3.58393],[116.92149,3.58393],[116.92187,3.58376],[116.92216,3.58386],[116.9226,3.5837],[116.92263,3.58368],[116.9223,3.58319],[116.91719,3.57845],[116.91661,3.57791],[116.91286,3.57444],[116.91192,3.57357],[116.91037,3.57213],[116.9097,3.57185],[116.9094,3.57181],[116.90747,3.5715],[116.90735,3.57152],[116.90598,3.57181],[116.90544,3.57192],[116.90492,3.57203],[116.90466,3.57057],[116.90465,3.57051],[116.90417,3.56938],[116.90403,3.56903],[116.90339,3.56737],[116.90233,3.56455],[116.90179,3.56304],[116.90172,3.56291],[116.90135,3.56211],[116.90107,3.5615],[116.90106,3.56149],[116.90145,3.5593],[116.90203,3.55814],[116.90254,3.55709],[116.90257,3.55705],[116.90107,3.55652],[116.90094,3.55647],[116.90084,3.55637],[116.90087,3.55634],[116.90084,3.55632],[116.90076,3.55636],[116.90064,3.55652],[116.90054,3.55673],[116.90048,3.55697],[116.90034,3.55725],[116.90015,3.55749],[116.89998,3.55772],[116.89981,3.55807],[116.89974,3.5583],[116.89972,3.55859],[116.89966,3.55888],[116.8996,3.55939],[116.89945,3.55972],[116.89749,3.56009],[116.89746,3.5601],[116.89746,3.56011],[116.89725,3.56087],[116.89723,3.56226],[116.89723,3.56226],[116.89723,3.56226],[116.89723,3.56226],[116.89776,3.56348],[116.89828,3.5647],[116.89899,3.56658],[116.89953,3.568],[116.90004,3.56938],[116.90071,3.57106],[116.90101,3.57212],[116.901,3.57354],[116.901,3.57354],[116.901,3.57354],[116.9013,3.57464],[116.90167,3.5751],[116.90278,3.57577],[116.90278,3.57806],[116.90278,3.57852],[116.89805,3.57849],[116.89805,3.5785],[116.89805,3.5785],[116.89805,3.58845],[116.89805,3.59017],[116.89805,3.59056],[116.89805,3.59056],[116.89805,3.59057],[116.89806,3.59234],[116.89806,3.59234],[116.89806,3.59234],[116.89806,3.59331],[116.90149,3.59341],[116.90187,3.59348],[116.90193,3.5933],[116.90195,3.59367],[116.90206,3.59392],[116.90218,3.5941],[116.90271,3.59444],[116.90346,3.59492],[116.90354,3.59498],[116.90361,3.59502],[116.90397,3.59533],[116.90444,3.59589],[116.90475,3.59657],[116.90525,3.59719],[116.90562,3.59816],[116.90566,3.59829],[116.90569,3.5984],[116.90589,3.59906],[116.90605,3.59968],[116.90614,3.59994],[116.90646,3.60066],[116.90658,3.60098]]]]},"properties":{"kdprov":"65","kdkab":"03","kdkec":"020","kddesa":"004","kdsls":"0007","idsls":"65030200040007","nmprov":"KALIMANTAN UTARA","nmkab":"TANA TIDUNG","nmkec":"SESAYAP","nmdesa":"TIDENG PALE","nmsls":"RT 007 RW 002"}},{"type":"Feature","geometry":{"type":"MultiPolygon","coordinates":[[[[116.9107,3.60995],[116.91071,3.61043],[116.91071,3.61056],[116.91072,3.61118],[116.91072,3.61147],[116.91413,3.61202],[116.91414,3.61195],[116.91417,3.61178],[116.91426,3.61125],[116.91427,3.61118],[116.91433,3.61089],[116.91433,3.61088],[116.91433,3.61085],[116.91433,3.61073],[116.91435,3.61045],[116.91435,3.6104],[116.91435,3.61038],[116.91436,3.61028],[116.91437,3.60997],[116.91438,3.60984],[116.91437,3.60984],[116.91435,3.60984],[116.91329,3.60984],[116.91327,3.60984],[116.91326,3.60984],[116.91326,3.60983],[116.91294,3.60984],[116.91287,3.60984],[116.91263,3.60984],[116.91262,3.60984],[116.91259,3.60985],[116.91246,3.60985],[116.91206,3.60987],[116.9107,3.60995]]]]},"properties":{"kdprov":"65","kdkab":"03","kdkec":"020","kddesa":"005","kdsls":"0002","idsls":"65030200050002","nmprov":"KALIMANTAN UTARA","nmkab":"TANA TIDUNG","nmkec":"SESAYAP","nmdesa":"TIDENG PALE TIMUR","nmsls":"RT 002"}},{"type":"Feature","geometry":{"type":"MultiPolygon","coordinates":[[[[116.90575,3.54253],[116.90547,3.54337],[116.90503,3.54472],[116.90648,3.54501],[116.9076,3.5457],[116.90796,3.54589],[116.91093,3.54582],[116.9115,3.5458],[116.91371,3.54575],[116.914,3.54574],[116.91569,3.5457],[116.917,3.54567],[116.92233,3.54555],[116.92443,3.5455],[116.92444,3.54529],[116.92468,3.54507],[116.92469,3.54507],[116.92467,3.54481],[116.92448,3.54466],[116.92433,3.5446],[116.92412,3.54452],[116.92404,3.54439],[116.92403,3.54437],[116.92412,3.54406],[116.92463,3.54371],[116.92478,3.54346],[116.92495,3.54321],[116.92496,3.54304],[116.92496,3.54278],[116.92508,3.54253],[116.9251,3.54248],[116.92286,3.54256],[116.91435,3.54289],[116.90901,3.54309],[116.90866,3.54304],[116.90801,3.54308],[116.90575,3.54253]]]]},"properties":{"kdprov":"65","kdkab":"03","kdkec":"020","kddesa":"003","kdsls":"0003","idsls":"65030200030003","nmprov":"KALIMANTAN UTARA","nmkab":"TANA TIDUNG","nmkec":"SESAYAP","nmdesa":"GUNAWAN","nmsls":"RT 003 RW 001"}},{"type":"Feature","geometry":{"type":"MultiPolygon","coordinates":[[[[116.95982,3.71339],[116.99239,3.71317],[116.99225,3.70929],[116.99218,3.70741],[116.99212,3.70562],[116.99211,3.70522],[116.992,3.70291],[116.99188,3.7015],[116.99194,3.70031],[116.99188,3.69907],[116.99177,3.69777],[116.99172,3.6967],[116.99158,3.69507],[116.99154,3.69358],[116.9914,3.69264],[116.99131,3.69178],[116.99127,3.69097],[116.99122,3.69002],[116.99118,3.68925],[116.99122,3.68807],[116.99113,3.68681],[116.99113,3.68577],[116.99108,3.68371],[116.99097,3.68263],[116.99087,3.68158],[116.99079,3.68068],[116.99069,3.6796],[116.99061,3.67891],[116.99058,3.67822],[116.99051,3.67754],[116.99051,3.67663],[116.99047,3.67594],[116.9902,3.67515],[116.98987,3.67436],[116.98966,3.67356],[116.9893,3.67277],[116.9889,3.67219],[116.98846,3.67154],[116.98814,3.671],[116.98789,3.67056],[116.98753,3.67006],[116.98713,3.66937],[116.9868,3.66883],[116.98648,3.66821],[116.9863,3.66782],[116.98574,3.66753],[116.98509,3.66713],[116.98451,3.66681],[116.984,3.66648],[116.98343,3.66616],[116.98259,3.66569],[116.98187,3.66533],[116.98126,3.665],[116.98054,3.66467],[116.97974,3.66431],[116.97902,3.66406],[116.97826,3.66388],[116.97757,3.66366],[116.97712,3.66348],[116.97674,3.66326],[116.97633,3.66301],[116.97568,3.66258],[116.97259,3.67049],[116.97247,3.67954],[116.97366,3.68596],[116.97378,3.69143],[116.96962,3.69691],[116.96531,3.69953],[116.95979,3.70246],[116.9598,3.70396],[116.95981,3.70889],[116.95982,3.71339]]]]},"properties":{"kdprov":"65","kdkab":"03","kdkec":"020","kddesa":"004","kdsls":"4001","idsls":"65030200044001","nmprov":"KALIMANTAN UTARA","nmkab":"TANA TIDUNG","nmkec":"SESAYAP","nmdesa":"TIDENG PALE","nmsls":"KAMP NILAM"}},{"type":"Feature","geometry":{"type":"MultiPolygon","coordinates":[[[[116.89634,3.60242],[116.89652,3.60224],[116.89689,3.60204],[116.89692,3.60199],[116.89768,3.60118],[116.89806,3.60063],[116.89838,3.60017],[116.89839,3.60012],[116.89824,3.60011],[116.89806,3.60008],[116.89806,3.60002],[116.89806,3.59909],[116.89806,3.59826],[116.89806,3.59555],[116.89806,3.59509],[116.89806,3.59363],[116.89806,3.59331],[116.89806,3.59234],[116.89806,3.59234],[116.89806,3.59234],[116.89805,3.59057],[116.89805,3.59056],[116.89805,3.59056],[116.89805,3.59017],[116.89805,3.58845],[116.89805,3.5785],[116.89805,3.5785],[116.89805,3.57849],[116.90278,3.57852],[116.90278,3.57806],[116.90278,3.57577],[116.90167,3.5751],[116.9013,3.57464],[116.901,3.57354],[116.901,3.57354],[116.901,3.57354],[116.90101,3.57212],[116.90071,3.57106],[116.90004,3.56938],[116.89953,3.568],[116.89899,3.56658],[116.89828,3.5647],[116.89776,3.56348],[116.89723,3.56226],[116.89723,3.56226],[116.89723,3.56226],[116.89723,3.56226],[116.89725,3.56087],[116.89746,3.56011],[116.89746,3.5601],[116.89749,3.56009],[116.89945,3.55972],[116.8996,3.55939],[116.89966,3.55888],[116.89972,3.55859],[116.89974,3.5583],[116.89981,3.55807],[116.89998,3.55772],[116.90015,3.55749],[116.90034,3.55725],[116.90048,3.55697],[116.90054,3.55673],[116.90064,3.55652],[116.90076,3.55636],[116.90084,3.55632],[116.90105,3.5561],[116.90127,3.55584],[116.90159,3.55545],[116.90185,3.55517],[116.90199,3.55498],[116.90227,3.5547],[116.90228,3.55469],[116.90249,3.55444],[116.9027,3.55421],[116.90282,3.55399],[116.90297,3.55371],[116.90298,3.55366],[116.90306,3.55344],[116.90314,3.55322],[116.90328,3.55276],[116.90337,3.5524],[116.90345,3.55194],[116.90351,3.55171],[116.90352,3.55165],[116.90353,3.55162],[116.90348,3.55146],[116.90341,3.55123],[116.90321,3.55101],[116.90304,3.55085],[116.90302,3.55083],[116.90503,3.54472],[116.90547,3.54337],[116.90575,3.54253],[116.90731,3.53777],[116.90846,3.53745],[116.90851,3.53744],[116.90851,3.53717],[116.90856,3.53694],[116.90866,3.53673],[116.90871,3.53656],[116.90876,3.53638],[116.90879,3.53617],[116.90878,3.53598],[116.90875,3.53583],[116.90862,3.53553],[116.90862,3.53533],[116.90865,3.53514],[116.90869,3.53507],[116.90884,3.53478],[116.90898,3.53454],[116.90904,3.53425],[116.90909,3.53404],[116.90917,3.53374],[116.90917,3.53349],[116.90914,3.53334],[116.90908,3.53313],[116.90895,3.53296],[116.90886,3.53282],[116.90874,3.53268],[116.90851,3.53249],[116.90831,3.53234],[116.90805,3.53223],[116.90778,3.5321],[116.90763,3.53199],[116.90752,3.53183],[116.9074,3.53149],[116.90729,3.53122],[116.90716,3.53101],[116.90703,3.53086],[116.90682,3.53063],[116.9067,3.53046],[116.90672,3.5303],[116.90679,3.53019],[116.90708,3.53012],[116.90735,3.5301],[116.90756,3.52997],[116.90769,3.52983],[116.90772,3.52972],[116.90775,3.52957],[116.90788,3.52928],[116.90803,3.52897],[116.90814,3.52881],[116.90826,3.52876],[116.90848,3.52879],[116.90882,3.52891],[116.90905,3.52892],[116.9093,3.52873],[116.90959,3.52842],[116.90986,3.52812],[116.90978,3.52793],[116.90966,3.52761],[116.9096,3.52731],[116.90959,3.52701],[116.90954,3.52683],[116.90936,3.52665],[116.90904,3.52644],[116.90889,3.52627],[116.90884,3.52614],[116.90867,3.52538],[116.90861,3.5248],[116.90857,3.52443],[116.9084,3.52418],[116.90811,3.52405],[116.90782,3.52398],[116.90748,3.52381],[116.90726,3.52358],[116.907,3.52339],[116.90668,3.52332],[116.90627,3.52332],[116.90592,3.52341],[116.90568,3.52347],[116.90535,3.52343],[116.90539,3.52319],[116.90609,3.51963],[116.90619,3.51916],[116.90626,3.5188],[116.90625,3.51869],[116.90607,3.51346],[116.90602,3.51079],[116.90602,3.51078],[116.90602,3.51077],[116.90696,3.50886],[116.90766,3.50639],[116.90837,3.50296],[116.90838,3.50296],[116.90838,3.50296],[116.91086,3.50626],[116.91392,3.50835],[116.91442,3.50897],[116.91443,3.50898],[116.91452,3.50868],[116.91479,3.50797],[116.91535,3.50765],[116.91615,3.50755],[116.91618,3.50755],[116.91691,3.5076],[116.91747,3.5071],[116.91768,3.50694],[116.91769,3.50693],[116.91769,3.50693],[116.9183,3.50645],[116.91855,3.50625],[116.91858,3.5043],[116.91858,3.50429],[116.91849,3.50308],[116.91839,3.50174],[116.91815,3.5007],[116.91807,3.49819],[116.91807,3.49818],[116.91807,3.49813],[116.91831,3.49721],[116.9174,3.49523],[116.91664,3.49358],[116.91639,3.49303],[116.91619,3.49258],[116.9152,3.49043],[116.9152,3.49043],[116.91501,3.49001],[116.9149,3.48988],[116.91477,3.48939],[116.91465,3.48908],[116.91434,3.48832],[116.91408,3.48655],[116.91404,3.48552],[116.91415,3.48375],[116.91415,3.48374],[116.91415,3.48374],[116.91361,3.48343],[116.91312,3.48358],[116.91281,3.48349],[116.91271,3.48346],[116.91203,3.48253],[116.91203,3.48254],[116.91202,3.48253],[116.91093,3.48289],[116.91057,3.4825],[116.91027,3.48217],[116.90994,3.4818],[116.90994,3.4818],[116.90993,3.48179],[116.90955,3.48241],[116.90935,3.48273],[116.90891,3.48282],[116.90745,3.48312],[116.90729,3.48315],[116.90612,3.48339],[116.90519,3.48383],[116.90514,3.48405],[116.90418,3.48444],[116.90351,3.4838],[116.90294,3.48347],[116.90253,3.48432],[116.90154,3.48482],[116.90154,3.48482],[116.90106,3.48348],[116.90023,3.48262],[116.90023,3.48261],[116.8997,3.48341],[116.89979,3.48496],[116.90016,3.48651],[116.90016,3.48651],[116.90116,3.48724],[116.90116,3.48724],[116.90116,3.48729],[116.89963,3.48885],[116.8982,3.48908],[116.89713,3.48943],[116.89616,3.49076],[116.89583,3.49278],[116.89488,3.49346],[116.89444,3.49451],[116.88958,3.49888],[116.88763,3.50089],[116.88689,3.50338],[116.88691,3.50572],[116.8864,3.50797],[116.8858,3.51024],[116.88592,3.51228],[116.88687,3.51407],[116.8872,3.5186],[116.88844,3.52023],[116.88845,3.52023],[116.88845,3.52023],[116.89,3.52126],[116.89148,3.52158],[116.89126,3.52251],[116.892,3.52331],[116.89202,3.52653],[116.89203,3.52798],[116.89259,3.53758],[116.89269,3.53918],[116.89316,3.54723],[116.89324,3.54857],[116.89331,3.54963],[116.89331,3.54964],[116.8933,3.54964],[116.8933,3.54964],[116.89194,3.55409],[116.89195,3.55409],[116.89195,3.55409],[116.89179,3.55461],[116.89179,3.55461],[116.89152,3.55453],[116.89137,3.55448],[116.89115,3.55851],[116.89101,3.56133],[116.89098,3.56154],[116.88882,3.56201],[116.88429,3.56298],[116.88316,3.56397],[116.88281,3.56428],[116.88227,3.56476],[116.88019,3.5666],[116.87781,3.56871],[116.87646,3.56991],[116.8733,3.5727],[116.87134,3.57444],[116.86997,3.57566],[116.86838,3.57706],[116.86836,3.57708],[116.86831,3.57712],[116.8683,3.57714],[116.86836,3.57719],[116.86841,3.57724],[116.86876,3.57746],[116.86919,3.57794],[116.86933,3.57853],[116.86913,3.57925],[116.86909,3.57929],[116.869,3.57941],[116.86852,3.58001],[116.86843,3.58013],[116.86789,3.58105],[116.86705,3.58179],[116.866,3.5822],[116.86528,3.58266],[116.86493,3.58333],[116.86481,3.58436],[116.86504,3.58521],[116.86504,3.58525],[116.86535,3.58573],[116.86592,3.58567],[116.86597,3.58566],[116.86599,3.58564],[116.8662,3.58542],[116.86597,3.58485],[116.86586,3.5844],[116.86587,3.58403],[116.86601,3.58368],[116.86651,3.58339],[116.86692,3.58322],[116.86694,3.58322],[116.86781,3.58322],[116.86835,3.58318],[116.86917,3.58313],[116.87143,3.58289],[116.87284,3.58282],[116.87331,3.58282],[116.87373,3.58282],[116.87414,3.58269],[116.8746,3.58255],[116.87481,3.58198],[116.87502,3.58141],[116.87499,3.58123],[116.8751,3.58083],[116.87561,3.58013],[116.87624,3.5793],[116.87713,3.57823],[116.87793,3.57762],[116.87858,3.57748],[116.87923,3.57749],[116.87961,3.57775],[116.87974,3.57818],[116.87969,3.57858],[116.8794,3.57873],[116.87941,3.57877],[116.87934,3.57887],[116.87892,3.57904],[116.87892,3.57904],[116.8787,3.57915],[116.87836,3.57954],[116.87826,3.57984],[116.87815,3.58018],[116.8782,3.58089],[116.8782,3.58114],[116.87845,3.58177],[116.87881,3.58227],[116.87889,3.58239],[116.87969,3.58286],[116.88018,3.58308],[116.88074,3.58321],[116.88103,3.58319],[116.88109,3.58319],[116.8818,3.58305],[116.88235,3.58286],[116.88287,3.58268],[116.88393,3.58254],[116.88445,3.58286],[116.88473,3.58344],[116.88475,3.58347],[116.88474,3.58364],[116.88472,3.58381],[116.88456,3.58408],[116.8839,3.58439],[116.88279,3.58443],[116.88219,3.58482],[116.88197,3.58545],[116.88193,3.58583],[116.88191,3.58598],[116.88201,3.58683],[116.88216,3.58804],[116.8822,3.58901],[116.88217,3.58988],[116.88207,3.59057],[116.88195,3.59148],[116.88195,3.59206],[116.88209,3.5924],[116.88228,3.59244],[116.88256,3.59219],[116.88327,3.59125],[116.88384,3.59042],[116.88446,3.5899],[116.88521,3.58966],[116.88603,3.58984],[116.88632,3.59044],[116.88687,3.59005],[116.88735,3.5902],[116.88812,3.59258],[116.88902,3.59542],[116.89,3.59827],[116.89076,3.60092],[116.89121,3.60046],[116.89164,3.60001],[116.89276,3.60123],[116.89253,3.60155],[116.89227,3.6016],[116.89208,3.60177],[116.89173,3.60209],[116.89171,3.60212],[116.89204,3.60246],[116.89245,3.60293],[116.89288,3.60336],[116.89344,3.60379],[116.89367,3.60396],[116.89368,3.60395],[116.89398,3.60357],[116.89417,3.60334],[116.89485,3.60249],[116.89474,3.60242],[116.89472,3.60241],[116.89457,3.60231],[116.8952,3.60154],[116.89532,3.60164],[116.89569,3.60192],[116.8961,3.60223],[116.89634,3.60242]]]]},"properties":{"kdprov":"65","kdkab":"03","kdkec":"020","kddesa":"002","kdsls":"0004","idsls":"65030200020004","nmprov":"KALIMANTAN UTARA","nmkab":"TANA TIDUNG","nmkec":"SESAYAP","nmdesa":"LIMBU SEDULUN","nmsls":"RT 004"}},{"type":"Feature","geometry":{"type":"MultiPolygon","coordinates":[[[[116.95982,3.71339],[116.95982,3.71382],[116.95984,3.71821],[116.95984,3.71882],[116.95984,3.71888],[116.95985,3.72094],[116.95646,3.72091],[116.95069,3.72086],[116.94614,3.72094],[116.9432,3.72099],[116.94147,3.72102],[116.94147,3.72101],[116.94107,3.72101],[116.94101,3.71349],[116.93647,3.71353],[116.93568,3.71353],[116.92347,3.71364],[116.9238,3.70256],[116.92186,3.70258],[116.91525,3.70264],[116.90721,3.70271],[116.89744,3.7028],[116.8954,3.70281],[116.8954,3.70275],[116.8769,3.70253],[116.87671,3.69048],[116.87648,3.69049],[116.87647,3.68382],[116.87647,3.67996],[116.87647,3.66286],[116.87647,3.66039],[116.87647,3.65547],[116.8762,3.64059],[116.89555,3.64059],[116.89551,3.65696],[116.89552,3.66015],[116.89555,3.66807],[116.89549,3.679],[116.91744,3.67946],[116.9189,3.68061],[116.92196,3.68302],[116.92529,3.68564],[116.9268,3.68826],[116.92989,3.69183],[116.93425,3.69579],[116.93735,3.69873],[116.94068,3.70047],[116.94337,3.7019],[116.94663,3.70285],[116.94924,3.70301],[116.95131,3.70317],[116.95456,3.70301],[116.95733,3.70269],[116.95979,3.70246],[116.96531,3.69953],[116.96962,3.69691],[116.97378,3.69143],[116.97366,3.68596],[116.97247,3.67954],[116.97259,3.67049],[116.97568,3.66258],[116.97549,3.66301],[116.97425,3.663],[116.97386,3.663],[116.97158,3.66299],[116.96782,3.66297],[116.95739,3.66292],[116.95736,3.66355],[116.95726,3.66582],[116.95711,3.66925],[116.95703,3.67119],[116.95695,3.67291],[116.95672,3.6763],[116.95574,3.679],[116.95508,3.68051],[116.95403,3.68291],[116.95267,3.68496],[116.95145,3.68682],[116.95077,3.68785],[116.95034,3.68835],[116.94871,3.69026],[116.94745,3.69187],[116.94608,3.69227],[116.94431,3.69198],[116.94279,3.69078],[116.93953,3.68842],[116.93747,3.68572],[116.93508,3.68204],[116.93101,3.67585],[116.92873,3.67226],[116.92688,3.67032],[116.92301,3.6668],[116.91935,3.66381],[116.916,3.6604],[116.916,3.65861],[116.916,3.65856],[116.91622,3.65576],[116.91622,3.65576],[116.91629,3.65544],[116.91635,3.65516],[116.91645,3.65484],[116.91654,3.65455],[116.91661,3.65416],[116.91662,3.65381],[116.91666,3.65335],[116.91672,3.65288],[116.91669,3.65271],[116.91677,3.65253],[116.91684,3.65235],[116.9169,3.65214],[116.91692,3.65197],[116.91702,3.65173],[116.91712,3.65149],[116.91719,3.65122],[116.91719,3.65097],[116.9173,3.65063],[116.91733,3.65042],[116.91739,3.65019],[116.91742,3.64999],[116.91753,3.64978],[116.91766,3.64942],[116.91769,3.64927],[116.9177,3.64909],[116.9177,3.64892],[116.91777,3.64877],[116.91787,3.64854],[116.91793,3.64841],[116.91795,3.64816],[116.91798,3.64788],[116.91805,3.64771],[116.91817,3.64749],[116.91824,3.64726],[116.91832,3.64689],[116.91838,3.6465],[116.91848,3.64614],[116.91852,3.64579],[116.91855,3.64547],[116.91863,3.64522],[116.9187,3.64492],[116.91874,3.64456],[116.91881,3.64418],[116.91892,3.64357],[116.91899,3.64298],[116.91905,3.6427],[116.91911,3.64238],[116.91914,3.64199],[116.91917,3.64172],[116.91923,3.64142],[116.9193,3.64118],[116.91941,3.64096],[116.91965,3.63953],[116.91967,3.63938],[116.91992,3.63788],[116.9197,3.63692],[116.91963,3.63565],[116.91954,3.63519],[116.91953,3.63515],[116.91954,3.63498],[116.91955,3.6332],[116.91874,3.63148],[116.91754,3.62892],[116.91665,3.62712],[116.9155,3.62504],[116.91448,3.62342],[116.91386,3.62242],[116.91346,3.62181],[116.91299,3.62086],[116.91263,3.62008],[116.91209,3.6191],[116.91125,3.61753],[116.91094,3.6165],[116.91028,3.61551],[116.90975,3.61471],[116.90921,3.61405],[116.90851,3.61314],[116.90818,3.61258],[116.90742,3.61169],[116.90734,3.61156],[116.90723,3.61137],[116.9072,3.61114],[116.9071,3.61105],[116.90696,3.61091],[116.90684,3.61078],[116.90681,3.61076],[116.90679,3.61073],[116.9068,3.61072],[116.90678,3.61071],[116.9066,3.61062],[116.90652,3.61058],[116.90629,3.61047],[116.90522,3.60995],[116.90493,3.60981],[116.90484,3.60977],[116.90481,3.60976],[116.90478,3.60975],[116.90465,3.60972],[116.90453,3.60969],[116.90393,3.60953],[116.90377,3.60948],[116.90293,3.60926],[116.90272,3.60919],[116.90272,3.60918],[116.90225,3.60897],[116.90216,3.60893],[116.90147,3.60861],[116.90145,3.6086],[116.90145,3.6086],[116.90145,3.6086],[116.90125,3.60854],[116.89983,3.60809],[116.8981,3.60738],[116.89678,3.6096],[116.89602,3.61098],[116.89531,3.61211],[116.89416,3.61395],[116.89404,3.61376],[116.89373,3.61336],[116.89308,3.61282],[116.8926,3.61244],[116.89139,3.61144],[116.89018,3.61102],[116.88874,3.61027],[116.88749,3.60977],[116.88409,3.60879],[116.88305,3.60835],[116.88126,3.6076],[116.88086,3.60749],[116.87927,3.60706],[116.87523,3.60584],[116.87122,3.60494],[116.86988,3.60485],[116.86818,3.60455],[116.86629,3.60417],[116.86396,3.60366],[116.86272,3.60334],[116.86204,3.60309],[116.86166,3.60306],[116.86158,3.60307],[116.86013,3.60332],[116.85848,3.60421],[116.85775,3.6048],[116.8573,3.60515],[116.85626,3.606],[116.85593,3.60645],[116.85618,3.60706],[116.85628,3.60717],[116.85644,3.60738],[116.85646,3.6074],[116.85657,3.60755],[116.8567,3.60776],[116.85681,3.60796],[116.85689,3.60811],[116.85703,3.60828],[116.85725,3.60855],[116.85735,3.60877],[116.85738,3.60899],[116.85744,3.60921],[116.85751,3.60937],[116.85761,3.60952],[116.85763,3.60975],[116.85763,3.60997],[116.85772,3.61031],[116.85782,3.61053],[116.85797,3.61085],[116.8581,3.61105],[116.85838,3.61132],[116.85858,3.61155],[116.85865,3.61171],[116.85868,3.61196],[116.85869,3.61212],[116.85906,3.61254],[116.85956,3.61277],[116.85979,3.61292],[116.85998,3.61315],[116.85983,3.61373],[116.85937,3.61426],[116.85844,3.61535],[116.85827,3.61576],[116.85792,3.61627],[116.85787,3.61635],[116.85772,3.6166],[116.85757,3.61701],[116.85755,3.61726],[116.85754,3.61763],[116.85757,3.61797],[116.85765,3.61837],[116.85769,3.61865],[116.85773,3.61895],[116.85773,3.61921],[116.85772,3.61943],[116.85772,3.61964],[116.85765,3.61996],[116.85765,3.62011],[116.85768,3.62027],[116.85769,3.62055],[116.85762,3.62071],[116.85762,3.62089],[116.85758,3.62118],[116.85754,3.62155],[116.85751,3.62187],[116.8575,3.6222],[116.85748,3.62274],[116.85747,3.62288],[116.85741,3.62321],[116.85736,3.62336],[116.8572,3.62354],[116.85694,3.62377],[116.85672,3.62393],[116.85646,3.62412],[116.85617,3.62431],[116.85585,3.62451],[116.85551,3.62471],[116.85523,3.62489],[116.855,3.62504],[116.85488,3.62512],[116.85474,3.62516],[116.85442,3.62516],[116.85424,3.62522],[116.85406,3.62535],[116.85386,3.62549],[116.85345,3.62577],[116.85335,3.62582],[116.8529,3.62606],[116.8526,3.62623],[116.85227,3.62643],[116.85202,3.6266],[116.85179,3.62675],[116.85166,3.62685],[116.85155,3.62697],[116.85148,3.62708],[116.85139,3.62723],[116.85122,3.62734],[116.85111,3.62742],[116.85084,3.6275],[116.85067,3.62751],[116.85062,3.62751],[116.85049,3.6275],[116.85026,3.6274],[116.85016,3.62719],[116.85016,3.62685],[116.85003,3.62669],[116.84981,3.6266],[116.84967,3.62658],[116.84963,3.62658],[116.84946,3.62659],[116.84926,3.62666],[116.84915,3.62675],[116.84906,3.62685],[116.84894,3.62705],[116.84863,3.62717],[116.84851,3.62724],[116.84834,3.62743],[116.8483,3.62761],[116.84828,3.62779],[116.84827,3.62793],[116.84827,3.62822],[116.84826,3.62849],[116.84832,3.62882],[116.84832,3.62884],[116.8484,3.62918],[116.84861,3.62932],[116.84875,3.62944],[116.84871,3.62943],[116.84871,3.63173],[116.84871,3.6326],[116.84871,3.63853],[116.8487,3.6463],[116.8487,3.64635],[116.8487,3.64975],[116.8487,3.65247],[116.8487,3.65788],[116.8487,3.66634],[116.8487,3.66692],[116.84865,3.67159],[116.84863,3.6735],[116.84862,3.67404],[116.84854,3.68103],[116.84853,3.68226],[116.84849,3.68613],[116.84846,3.68836],[116.84841,3.6934],[116.84835,3.69864],[116.8555,3.70157],[116.85841,3.70275],[116.8714,3.70663],[116.88479,3.71108],[116.89707,3.71517],[116.90434,3.71696],[116.90444,3.71698],[116.90951,3.71904],[116.91713,3.72096],[116.92742,3.72355],[116.94058,3.7267],[116.94096,3.72679],[116.95079,3.72948],[116.96207,3.73041],[116.96568,3.73085],[116.97275,3.73117],[116.98664,3.73179],[116.98876,3.73176],[116.99305,3.73171],[116.99285,3.72602],[116.99264,3.72006],[116.99253,3.71726],[116.99241,3.71375],[116.99239,3.71317],[116.95982,3.71339]]]]},"properties":{"kdprov":"65","kdkab":"03","kdkec":"020","kddesa":"004","kdsls":"1004","idsls":"65030200041004","nmprov":"KALIMANTAN UTARA","nmkab":"TANA TIDUNG","nmkec":"SESAYAP","nmdesa":"TIDENG PALE","nmsls":"KEBUN SAWIT"}},{"type":"Feature","geometry":{"type":"MultiPolygon","coordinates":[[[[116.90449,3.60544],[116.90479,3.60418],[116.90509,3.60425],[116.90511,3.60366],[116.90525,3.60358],[116.9055,3.60351],[116.90555,3.6019],[116.90545,3.60146],[116.90554,3.60141],[116.90433,3.59693],[116.90399,3.59655],[116.90333,3.59642],[116.90331,3.59646],[116.90322,3.59778],[116.90329,3.59862],[116.90328,3.60065],[116.90352,3.60275],[116.90395,3.60378],[116.90366,3.60497],[116.90355,3.60539],[116.90355,3.60539],[116.90449,3.60544]]]]},"properties":{"kdprov":"65","kdkab":"03","kdkec":"020","kddesa":"004","kdsls":"0004","idsls":"65030200040004","nmprov":"KALIMANTAN UTARA","nmkab":"TANA TIDUNG","nmkec":"SESAYAP","nmdesa":"TIDENG PALE","nmsls":"RT 004 RW 002"}},{"type":"Feature","geometry":{"type":"MultiPolygon","coordinates":[[[[116.92368,3.60603],[116.9238,3.60612],[116.92397,3.60618],[116.92417,3.60621],[116.92436,3.6062],[116.92453,3.60613],[116.92469,3.60604],[116.92482,3.60595],[116.92495,3.60592],[116.92519,3.60591],[116.92541,3.60593],[116.92554,3.60602],[116.92558,3.60613],[116.9256,3.6062],[116.92565,3.60633],[116.92563,3.60636],[116.92562,3.60638],[116.92558,3.60645],[116.92557,3.6066],[116.92557,3.60661],[116.92561,3.60674],[116.9257,3.60686],[116.92574,3.60688],[116.92587,3.60695],[116.92598,3.60694],[116.9262,3.60694],[116.92638,3.60701],[116.92652,3.60721],[116.92671,3.60737],[116.92693,3.60768],[116.92703,3.60791],[116.92706,3.60814],[116.92712,3.60834],[116.92718,3.60856],[116.92728,3.60872],[116.9274,3.60882],[116.92764,3.6089],[116.92765,3.6089],[116.92787,3.60896],[116.92808,3.60901],[116.92823,3.60911],[116.9283,3.6093],[116.9283,3.60947],[116.9283,3.6095],[116.9283,3.60961],[116.9283,3.60971],[116.9283,3.60972],[116.92831,3.60987],[116.92839,3.60997],[116.92848,3.61007],[116.92869,3.61027],[116.92882,3.61032],[116.92904,3.61034],[116.92931,3.61032],[116.92932,3.61032],[116.92941,3.61035],[116.9295,3.61037],[116.92954,3.61041],[116.92964,3.6105],[116.92968,3.61061],[116.92967,3.61065],[116.92967,3.61065],[116.92966,3.61072],[116.92951,3.61088],[116.92947,3.6109],[116.92935,3.61096],[116.9291,3.61103],[116.92894,3.61114],[116.92884,3.61127],[116.92873,3.61145],[116.9287,3.61159],[116.92871,3.61162],[116.92874,3.61179],[116.92888,3.61191],[116.9291,3.61204],[116.9293,3.61211],[116.92941,3.61212],[116.92952,3.61211],[116.92964,3.61209],[116.92977,3.61204],[116.93001,3.61186],[116.93012,3.61173],[116.93029,3.61157],[116.93039,3.61144],[116.93046,3.61132],[116.93049,3.61127],[116.93056,3.61125],[116.93059,3.61123],[116.93062,3.61123],[116.93066,3.61122],[116.93087,3.61113],[116.93099,3.61113],[116.93113,3.61115],[116.93125,3.61123],[116.93125,3.61123],[116.93126,3.61123],[116.93131,3.61126],[116.93137,3.61133],[116.93137,3.61138],[116.93136,3.6114],[116.93136,3.61144],[116.93134,3.61154],[116.93135,3.61156],[116.9314,3.61163],[116.93147,3.61174],[116.93147,3.6118],[116.93147,3.61187],[116.93147,3.61188],[116.93143,3.61207],[116.93133,3.61231],[116.93134,3.61234],[116.93136,3.61239],[116.93317,3.61408],[116.93449,3.61532],[116.93616,3.61689],[116.94156,3.62196],[116.95002,3.62992],[116.94975,3.6265],[116.9495,3.62352],[116.93352,3.60843],[116.9307,3.60576],[116.93032,3.6054],[116.92923,3.60437],[116.92556,3.60091],[116.92385,3.59965],[116.92192,3.59822],[116.92197,3.59818],[116.92205,3.59809],[116.92211,3.59803],[116.92212,3.59803],[116.92125,3.59709],[116.91249,3.59135],[116.9126,3.59201],[116.91269,3.59233],[116.91344,3.59505],[116.91394,3.59688],[116.91426,3.59802],[116.91448,3.59884],[116.91454,3.59905],[116.91455,3.59906],[116.91681,3.59968],[116.91717,3.59978],[116.91731,3.59982],[116.91759,3.5999],[116.91891,3.60026],[116.91894,3.60027],[116.91908,3.60031],[116.91973,3.60049],[116.91978,3.6005],[116.91978,3.60051],[116.91996,3.60054],[116.92013,3.60063],[116.92027,3.60068],[116.92041,3.60069],[116.92052,3.60062],[116.92092,3.60064],[116.92111,3.60074],[116.92147,3.6008],[116.9219,3.60087],[116.92249,3.60104],[116.923,3.6012],[116.92319,3.60124],[116.92329,3.60131],[116.92354,3.60138],[116.92374,3.60135],[116.92382,3.60144],[116.92385,3.60154],[116.92384,3.60156],[116.92377,3.60172],[116.92358,3.60181],[116.92356,3.60196],[116.92356,3.60198],[116.92358,3.60207],[116.92368,3.60225],[116.92375,3.60237],[116.92382,3.60258],[116.92384,3.60268],[116.92391,3.60281],[116.92404,3.60294],[116.92424,3.60308],[116.92427,3.6032],[116.92426,3.60322],[116.92421,3.6033],[116.92407,3.60345],[116.92387,3.60355],[116.92379,3.60368],[116.92377,3.60379],[116.92378,3.60379],[116.92384,3.60383],[116.92396,3.60387],[116.9241,3.60393],[116.92419,3.60404],[116.92423,3.60419],[116.92429,3.60432],[116.92439,3.60441],[116.92448,3.60443],[116.92468,3.6044],[116.92487,3.60439],[116.92498,3.60444],[116.92505,3.60455],[116.92505,3.6046],[116.92504,3.6047],[116.92499,3.60483],[116.92493,3.60489],[116.92478,3.60496],[116.92451,3.60503],[116.92419,3.60507],[116.92389,3.60515],[116.92368,3.60526],[116.9236,3.60539],[116.9236,3.60562],[116.9236,3.60562],[116.92364,3.60585],[116.92366,3.60592],[116.92366,3.60592],[116.92368,3.60603]]]]},"properties":{"kdprov":"65","kdkab":"03","kdkec":"020","kddesa":"006","kdsls":"0001","idsls":"65030200060001","nmprov":"KALIMANTAN UTARA","nmkab":"TANA TIDUNG","nmkec":"SESAYAP","nmdesa":"SEBIDAI","nmsls":"RT 001"}},{"type":"Feature","geometry":{"type":"MultiPolygon","coordinates":[[[[116.9274,3.60882],[116.92728,3.60872],[116.92718,3.60856],[116.92712,3.60834],[116.92706,3.60814],[116.92703,3.60791],[116.92693,3.60768],[116.92671,3.60737],[116.92652,3.60721],[116.92638,3.60701],[116.9262,3.60694],[116.92598,3.60694],[116.92587,3.60695],[116.92574,3.60688],[116.9257,3.60686],[116.92561,3.60674],[116.92557,3.60661],[116.92557,3.6066],[116.92558,3.60645],[116.92562,3.60638],[116.92563,3.60636],[116.92565,3.60633],[116.9256,3.6062],[116.92558,3.60613],[116.92554,3.60602],[116.92541,3.60593],[116.92519,3.60591],[116.92495,3.60592],[116.92482,3.60595],[116.92469,3.60604],[116.92453,3.60613],[116.92436,3.6062],[116.92417,3.60621],[116.92397,3.60618],[116.9238,3.60612],[116.92368,3.60603],[116.92366,3.60592],[116.92287,3.606],[116.92014,3.60626],[116.91735,3.60654],[116.91734,3.60654],[116.91726,3.60655],[116.91682,3.60689],[116.91537,3.60801],[116.91438,3.60878],[116.91437,3.60945],[116.91437,3.60971],[116.91437,3.60983],[116.91439,3.60981],[116.91449,3.60983],[116.91461,3.60984],[116.9151,3.60991],[116.91556,3.60997],[116.91575,3.60999],[116.91579,3.61],[116.91579,3.61],[116.91628,3.61006],[116.91654,3.6101],[116.91675,3.61012],[116.91779,3.6102],[116.91869,3.61016],[116.91869,3.61016],[116.91952,3.61014],[116.92041,3.61015],[116.92131,3.61015],[116.92131,3.61015],[116.92131,3.61007],[116.92243,3.61006],[116.92245,3.61006],[116.9232,3.60985],[116.92362,3.60973],[116.92553,3.6096],[116.92556,3.6096],[116.92557,3.6096],[116.92602,3.60956],[116.9264,3.6093],[116.92702,3.6091],[116.92717,3.60905],[116.92764,3.6089],[116.9274,3.60882]]]]},"properties":{"kdprov":"65","kdkab":"03","kdkec":"020","kddesa":"005","kdsls":"0004","idsls":"65030200050004","nmprov":"KALIMANTAN UTARA","nmkab":"TANA TIDUNG","nmkec":"SESAYAP","nmdesa":"TIDENG PALE TIMUR","nmsls":"RT 004"}},{"type":"Feature","geometry":{"type":"MultiPolygon","coordinates":[[[[116.91326,3.60954],[116.91284,3.60956],[116.91287,3.60763],[116.91334,3.60761],[116.91348,3.60703],[116.91407,3.60614],[116.91475,3.60534],[116.91547,3.60452],[116.91547,3.60451],[116.91543,3.60447],[116.91581,3.60402],[116.91588,3.60393],[116.916,3.60379],[116.91601,3.60378],[116.91605,3.60373],[116.91608,3.6037],[116.91607,3.6037],[116.91586,3.60359],[116.9147,3.60297],[116.91467,3.60296],[116.91413,3.60267],[116.91412,3.60265],[116.91411,3.60264],[116.91389,3.60251],[116.9138,3.60245],[116.91349,3.60225],[116.91335,3.60217],[116.91311,3.60201],[116.91311,3.60201],[116.91278,3.60242],[116.91204,3.60334],[116.91196,3.60345],[116.91135,3.6042],[116.91084,3.60484],[116.91059,3.60589],[116.91059,3.6059],[116.91063,3.60607],[116.91064,3.60642],[116.91065,3.6065],[116.91071,3.60711],[116.91071,3.60715],[116.9107,3.6098],[116.9107,3.60994],[116.9107,3.60995],[116.91206,3.60987],[116.91246,3.60985],[116.91259,3.60985],[116.91262,3.60984],[116.91263,3.60984],[116.91287,3.60984],[116.91294,3.60984],[116.91326,3.60983],[116.91326,3.60984],[116.91327,3.60984],[116.91326,3.60954]]]]},"properties":{"kdprov":"65","kdkab":"03","kdkec":"020","kddesa":"005","kdsls":"0001","idsls":"65030200050001","nmprov":"KALIMANTAN UTARA","nmkab":"TANA TIDUNG","nmkec":"SESAYAP","nmdesa":"TIDENG PALE TIMUR","nmsls":"RT 001"}},{"type":"Feature","geometry":{"type":"MultiPolygon","coordinates":[[[[116.92602,3.59325],[116.92655,3.59275],[116.92717,3.5924],[116.92793,3.59192],[116.92835,3.5916],[116.92906,3.591],[116.92978,3.59032],[116.93054,3.5896],[116.93136,3.58882],[116.93184,3.58833],[116.93212,3.58821],[116.9324,3.5882],[116.93266,3.58824],[116.935,3.58869],[116.93523,3.58863],[116.93555,3.58847],[116.93691,3.58783],[116.93785,3.58712],[116.93917,3.5862],[116.93997,3.58539],[116.94038,3.58488],[116.94049,3.58436],[116.94052,3.58421],[116.94054,3.58381],[116.94049,3.58332],[116.94037,3.58281],[116.94034,3.58241],[116.9406,3.58191],[116.94075,3.58174],[116.94093,3.58165],[116.94112,3.5816],[116.94128,3.58154],[116.94133,3.58152],[116.94112,3.58102],[116.94052,3.57947],[116.9402,3.57829],[116.93908,3.57467],[116.94793,3.57441],[116.95024,3.56317],[116.95078,3.56053],[116.95078,3.56049],[116.95078,3.56048],[116.95075,3.55991],[116.95075,3.55985],[116.95075,3.55974],[116.95077,3.55963],[116.95079,3.55953],[116.95079,3.55947],[116.95079,3.5594],[116.95079,3.5593],[116.95079,3.55929],[116.95083,3.55912],[116.95091,3.55894],[116.951,3.55881],[116.95111,3.55879],[116.95129,3.55873],[116.95138,3.55863],[116.95147,3.55845],[116.95151,3.55831],[116.95154,3.55822],[116.95153,3.55818],[116.95154,3.55816],[116.9515,3.55796],[116.9514,3.55773],[116.95142,3.55758],[116.95146,3.55744],[116.95164,3.55727],[116.95195,3.55709],[116.95208,3.55702],[116.95209,3.55701],[116.95218,3.55692],[116.95229,3.55682],[116.95256,3.55654],[116.95278,3.55647],[116.95291,3.55627],[116.95292,3.55591],[116.95307,3.55559],[116.95335,3.55538],[116.95362,3.55542],[116.95388,3.55562],[116.95408,3.55576],[116.95432,3.5558],[116.9547,3.55583],[116.95476,3.55583],[116.95513,3.55579],[116.95538,3.55571],[116.95569,3.55554],[116.95584,3.5555],[116.95598,3.55542],[116.95603,3.55466],[116.95613,3.55446],[116.95632,3.55429],[116.95653,3.55421],[116.95697,3.55408],[116.95724,3.55394],[116.95744,3.55378],[116.95756,3.5536],[116.95755,3.55356],[116.95749,3.55338],[116.95739,3.55317],[116.95731,3.553],[116.95719,3.55275],[116.95701,3.55242],[116.95697,3.55233],[116.95694,3.55217],[116.95695,3.55215],[116.95708,3.552],[116.95741,3.55179],[116.95765,3.55174],[116.95807,3.55174],[116.95855,3.5517],[116.95905,3.55164],[116.95951,3.55152],[116.95973,3.55134],[116.9599,3.55103],[116.95993,3.55068],[116.96009,3.55032],[116.96027,3.55006],[116.96049,3.54997],[116.96061,3.54991],[116.96121,3.54986],[116.96145,3.54984],[116.9617,3.54967],[116.96188,3.54938],[116.96205,3.5491],[116.96212,3.54875],[116.96221,3.54853],[116.96253,3.54829],[116.96276,3.54809],[116.96303,3.54786],[116.96331,3.54773],[116.96354,3.54772],[116.96349,3.54766],[116.96335,3.54751],[116.96324,3.54736],[116.96317,3.54721],[116.96315,3.54703],[116.96316,3.547],[116.96317,3.54687],[116.96317,3.54682],[116.96317,3.54681],[116.96316,3.54652],[116.96316,3.54622],[116.96316,3.54605],[116.96313,3.54589],[116.96294,3.54568],[116.96276,3.54558],[116.96262,3.54549],[116.96255,3.54545],[116.96242,3.54538],[116.96236,3.54533],[116.96233,3.54531],[116.96216,3.54512],[116.96204,3.5449],[116.9619,3.54465],[116.96168,3.54418],[116.96163,3.54394],[116.96156,3.54357],[116.96153,3.54324],[116.96157,3.54291],[116.96185,3.54242],[116.96198,3.54223],[116.96204,3.54199],[116.96207,3.54164],[116.96207,3.54163],[116.96202,3.54141],[116.96172,3.54098],[116.96151,3.54073],[116.96151,3.54053],[116.96151,3.54053],[116.96164,3.53997],[116.96184,3.53992],[116.962,3.53977],[116.96207,3.53964],[116.96213,3.53945],[116.96218,3.53923],[116.96224,3.53873],[116.96224,3.53872],[116.96216,3.53849],[116.96198,3.53796],[116.96042,3.53346],[116.9604,3.53329],[116.9604,3.53319],[116.9604,3.53314],[116.9604,3.53303],[116.9604,3.53279],[116.9604,3.53279],[116.96037,3.53267],[116.96033,3.53256],[116.9602,3.53248],[116.96007,3.53212],[116.96005,3.53182],[116.96005,3.53179],[116.96007,3.53146],[116.96007,3.53136],[116.96007,3.53134],[116.96005,3.53114],[116.95994,3.531],[116.95981,3.53085],[116.95958,3.53063],[116.95931,3.5304],[116.95906,3.53021],[116.95888,3.53007],[116.95865,3.52984],[116.95842,3.52958],[116.95827,3.52938],[116.95818,3.52927],[116.95794,3.52907],[116.95788,3.52889],[116.95785,3.52879],[116.95779,3.52854],[116.95773,3.52823],[116.95764,3.52804],[116.95743,3.52801],[116.95718,3.52799],[116.95703,3.52788],[116.95698,3.52756],[116.95698,3.52754],[116.95701,3.52741],[116.95722,3.52712],[116.95734,3.52684],[116.95734,3.52679],[116.95732,3.52662],[116.95714,3.5263],[116.95679,3.52582],[116.95644,3.52543],[116.95614,3.5251],[116.95582,3.5243],[116.9554,3.52388],[116.95481,3.52306],[116.95447,3.52252],[116.9543,3.52212],[116.95407,3.52163],[116.95405,3.52157],[116.95387,3.52145],[116.95367,3.52114],[116.95354,3.52109],[116.95334,3.52108],[116.95306,3.52102],[116.95237,3.52103],[116.9523,3.52109],[116.95202,3.52122],[116.95122,3.52122],[116.95101,3.52135],[116.95096,3.52148],[116.95086,3.52163],[116.95078,3.52188],[116.95078,3.5219],[116.95087,3.52255],[116.9509,3.52279],[116.95091,3.52284],[116.95074,3.52305],[116.95066,3.52314],[116.95053,3.52321],[116.9502,3.52348],[116.95009,3.52368],[116.95001,3.52386],[116.94985,3.524],[116.94969,3.524],[116.94938,3.52387],[116.94907,3.5235],[116.94891,3.52346],[116.94866,3.52345],[116.94836,3.52335],[116.94827,3.52319],[116.94818,3.52291],[116.948,3.52263],[116.94774,3.52269],[116.94766,3.52269],[116.94747,3.52274],[116.94714,3.52288],[116.94673,3.52301],[116.94617,3.52356],[116.94596,3.52368],[116.94577,3.5237],[116.94559,3.52363],[116.94525,3.52328],[116.94496,3.52291],[116.94473,3.52256],[116.94454,3.52221],[116.94437,3.52194],[116.94426,3.52181],[116.9441,3.5217],[116.94397,3.52164],[116.94383,3.5216],[116.94353,3.52156],[116.94311,3.52154],[116.94301,3.52154],[116.94268,3.52142],[116.94256,3.52131],[116.94248,3.52117],[116.94238,3.52095],[116.94225,3.52084],[116.94193,3.52071],[116.94157,3.52066],[116.94124,3.5206],[116.94102,3.52056],[116.94071,3.52045],[116.94057,3.5204],[116.94009,3.52059],[116.93985,3.52081],[116.93959,3.52087],[116.93937,3.52081],[116.93879,3.52052],[116.93868,3.52046],[116.9386,3.52046],[116.93852,3.52046],[116.93823,3.5204],[116.93793,3.5205],[116.93774,3.52061],[116.93737,3.52111],[116.93719,3.52127],[116.93697,3.52124],[116.93678,3.52109],[116.93649,3.5208],[116.93612,3.52043],[116.93587,3.52022],[116.93562,3.52004],[116.93541,3.5199],[116.93523,3.51978],[116.93491,3.51957],[116.93475,3.51952],[116.93441,3.51943],[116.93422,3.51937],[116.93406,3.51926],[116.93372,3.51882],[116.93355,3.51854],[116.93348,3.51834],[116.93348,3.51829],[116.93353,3.51767],[116.93353,3.51767],[116.9334,3.51752],[116.93331,3.51738],[116.93319,3.51731],[116.93281,3.517],[116.93257,3.51691],[116.93235,3.51695],[116.93207,3.51718],[116.93186,3.51706],[116.93167,3.51678],[116.93149,3.51649],[116.93143,3.51623],[116.93123,3.51568],[116.93106,3.51517],[116.93093,3.51477],[116.9308,3.51439],[116.92965,3.51324],[116.92956,3.51315],[116.92908,3.51238],[116.92875,3.51138],[116.92872,3.51052],[116.92872,3.51052],[116.92989,3.50941],[116.93018,3.50865],[116.93042,3.50793],[116.93056,3.50574],[116.93056,3.50572],[116.93056,3.50572],[116.93006,3.50568],[116.92963,3.50563],[116.92903,3.50554],[116.92888,3.50499],[116.92817,3.50468],[116.92789,3.5038],[116.92783,3.50315],[116.92784,3.5031],[116.92785,3.50292],[116.92769,3.50232],[116.92754,3.502],[116.92717,3.5017],[116.92649,3.50146],[116.92503,3.50099],[116.92475,3.5009],[116.9242,3.50064],[116.924,3.50048],[116.92362,3.50018],[116.92341,3.49992],[116.92309,3.49913],[116.92304,3.49901],[116.92268,3.49802],[116.92226,3.4964],[116.92101,3.49617],[116.91896,3.49706],[116.91831,3.49727],[116.91807,3.49818],[116.91807,3.49819],[116.91815,3.5007],[116.91839,3.50174],[116.91849,3.50308],[116.91858,3.50429],[116.91858,3.5043],[116.91855,3.50625],[116.9183,3.50645],[116.91769,3.50693],[116.91769,3.50693],[116.91768,3.50694],[116.91747,3.5071],[116.91691,3.5076],[116.91618,3.50755],[116.91615,3.50755],[116.91535,3.50765],[116.91479,3.50797],[116.91452,3.50868],[116.91443,3.50898],[116.91442,3.50903],[116.91511,3.50989],[116.91512,3.5099],[116.91504,3.51034],[116.91483,3.51151],[116.91475,3.51196],[116.91475,3.512],[116.91474,3.51205],[116.91518,3.5125],[116.91585,3.51327],[116.91658,3.51487],[116.91765,3.51576],[116.9189,3.51572],[116.91959,3.51624],[116.92015,3.51667],[116.92017,3.51868],[116.92038,3.51892],[116.92099,3.51906],[116.9211,3.51896],[116.92119,3.51871],[116.92118,3.51868],[116.92119,3.51865],[116.92101,3.5183],[116.92101,3.51787],[116.9211,3.51782],[116.92122,3.5178],[116.92132,3.51784],[116.92134,3.51815],[116.92142,3.51828],[116.92163,3.51835],[116.92185,3.51828],[116.92201,3.51823],[116.92221,3.51816],[116.92226,3.51824],[116.92255,3.51876],[116.9243,3.51821],[116.92613,3.51855],[116.92663,3.52034],[116.92704,3.52057],[116.9273,3.52057],[116.92744,3.52079],[116.92744,3.52135],[116.92777,3.52142],[116.92793,3.52146],[116.92901,3.52304],[116.92948,3.52375],[116.92949,3.52376],[116.92948,3.52385],[116.92933,3.5252],[116.92933,3.52524],[116.92973,3.52687],[116.92975,3.52698],[116.92964,3.52736],[116.92963,3.52739],[116.92964,3.52742],[116.92963,3.52745],[116.92989,3.5287],[116.92921,3.52948],[116.92919,3.5295],[116.92888,3.52986],[116.92859,3.53013],[116.92777,3.53087],[116.92742,3.5312],[116.92742,3.53125],[116.92742,3.53125],[116.92743,3.53141],[116.92747,3.53175],[116.92696,3.53193],[116.92661,3.53208],[116.92661,3.53214],[116.92661,3.53214],[116.92664,3.53249],[116.92665,3.53254],[116.92669,3.5329],[116.92653,3.53306],[116.92604,3.53353],[116.9254,3.53335],[116.92537,3.53343],[116.92519,3.53383],[116.92511,3.53401],[116.92512,3.53402],[116.92513,3.53404],[116.92537,3.5344],[116.92537,3.53461],[116.92537,3.53461],[116.92462,3.53536],[116.92454,3.53603],[116.92452,3.53626],[116.92441,3.53644],[116.92434,3.53662],[116.92418,3.53677],[116.92405,3.53694],[116.92407,3.53697],[116.92416,3.53706],[116.92448,3.53711],[116.92471,3.53717],[116.92482,3.53725],[116.92505,3.53737],[116.92513,3.53757],[116.92512,3.5376],[116.92507,3.53779],[116.92503,3.53783],[116.92496,3.53791],[116.92488,3.53801],[116.92473,3.53815],[116.92444,3.53829],[116.92412,3.53839],[116.92391,3.53857],[116.92392,3.53862],[116.92392,3.53868],[116.92409,3.53878],[116.92424,3.53879],[116.92446,3.53879],[116.92451,3.53879],[116.92451,3.53884],[116.92451,3.53899],[116.92451,3.539],[116.92453,3.53904],[116.92467,3.53921],[116.92469,3.53935],[116.92469,3.53937],[116.92462,3.53948],[116.92449,3.53965],[116.92447,3.53973],[116.92445,3.53986],[116.92445,3.53989],[116.92448,3.54007],[116.92452,3.54009],[116.92462,3.54016],[116.92477,3.5402],[116.92491,3.54041],[116.9249,3.54045],[116.92488,3.54052],[116.92468,3.54069],[116.92457,3.54084],[116.92459,3.54087],[116.92463,3.54091],[116.92479,3.54088],[116.92489,3.5409],[116.92495,3.54099],[116.92511,3.54136],[116.9251,3.54139],[116.92506,3.54158],[116.92486,3.54153],[116.92461,3.54159],[116.92463,3.54164],[116.92468,3.54179],[116.92491,3.5423],[116.92507,3.5423],[116.92515,3.54238],[116.92513,3.54242],[116.9251,3.54248],[116.92508,3.54253],[116.92496,3.54278],[116.92496,3.54304],[116.92495,3.54321],[116.92478,3.54346],[116.92463,3.54371],[116.92412,3.54406],[116.92403,3.54437],[116.92404,3.54439],[116.92412,3.54452],[116.92433,3.5446],[116.92448,3.54466],[116.92467,3.54481],[116.92469,3.54507],[116.92468,3.54507],[116.92444,3.54529],[116.92443,3.5455],[116.92443,3.54556],[116.92441,3.54582],[116.92408,3.5459],[116.92411,3.54595],[116.92433,3.54628],[116.92456,3.54631],[116.92487,3.54611],[116.92504,3.54631],[116.9252,3.5467],[116.9252,3.54675],[116.92519,3.54702],[116.92494,3.54757],[116.92495,3.54762],[116.92496,3.54774],[116.92498,3.54791],[116.92499,3.54801],[116.92502,3.54817],[116.92504,3.54844],[116.92523,3.54867],[116.92533,3.54872],[116.92542,3.54877],[116.92551,3.54881],[116.92559,3.54892],[116.92568,3.54925],[116.92566,3.54926],[116.92543,3.54939],[116.92514,3.5493],[116.92498,3.54939],[116.92473,3.54952],[116.92471,3.54964],[116.92471,3.54968],[116.92472,3.54976],[116.92498,3.54994],[116.92502,3.55],[116.92506,3.55008],[116.92515,3.55023],[116.92523,3.55037],[116.92526,3.55045],[116.92525,3.55047],[116.92522,3.55052],[116.92518,3.55055],[116.92504,3.55059],[116.925,3.55063],[116.92494,3.55068],[116.9249,3.55073],[116.92486,3.55075],[116.92483,3.55076],[116.92478,3.55075],[116.92462,3.55075],[116.9246,3.55075],[116.92455,3.55077],[116.9245,3.55079],[116.92445,3.55081],[116.91462,3.55361],[116.91415,3.55375],[116.91162,3.55447],[116.90949,3.55508],[116.90582,3.55612],[116.90436,3.55654],[116.90257,3.55705],[116.90254,3.55709],[116.90203,3.55814],[116.90145,3.5593],[116.90106,3.56149],[116.90107,3.5615],[116.90135,3.56211],[116.90172,3.56291],[116.90179,3.56304],[116.90233,3.56455],[116.90339,3.56737],[116.90403,3.56903],[116.90417,3.56938],[116.90465,3.57051],[116.90466,3.57057],[116.90492,3.57203],[116.90544,3.57192],[116.90598,3.57181],[116.90735,3.57152],[116.90747,3.5715],[116.9094,3.57181],[116.9097,3.57185],[116.91037,3.57213],[116.91192,3.57357],[116.91286,3.57444],[116.91661,3.57791],[116.91719,3.57845],[116.9223,3.58319],[116.92263,3.58368],[116.9226,3.5837],[116.92216,3.58386],[116.92187,3.58376],[116.92149,3.58393],[116.92104,3.58393],[116.92078,3.58405],[116.92045,3.58411],[116.92004,3.58401],[116.91969,3.5842],[116.91934,3.58445],[116.91893,3.58456],[116.91847,3.58434],[116.91813,3.58403],[116.91732,3.58421],[116.91677,3.5843],[116.91596,3.58502],[116.91571,3.58552],[116.9156,3.58574],[116.91554,3.58587],[116.9154,3.58615],[116.91523,3.58652],[116.91499,3.58706],[116.91482,3.58729],[116.91457,3.58761],[116.91447,3.5877],[116.92526,3.59456],[116.92527,3.59456],[116.92527,3.59457],[116.92586,3.59356],[116.92602,3.59325]]]]},"properties":{"kdprov":"65","kdkab":"03","kdkec":"020","kddesa":"006","kdsls":"0004","idsls":"65030200060004","nmprov":"KALIMANTAN UTARA","nmkab":"TANA TIDUNG","nmkec":"SESAYAP","nmdesa":"SEBIDAI","nmsls":"RT 004"}},{"type":"Feature","geometry":{"type":"MultiPolygon","coordinates":[[[[116.91559,3.61107],[116.91746,3.61142],[116.91859,3.61158],[116.93517,3.63404],[116.95243,3.65707],[116.95699,3.66306],[116.95736,3.66355],[116.95739,3.66292],[116.96782,3.66297],[116.97158,3.66299],[116.97386,3.663],[116.97425,3.663],[116.97549,3.66301],[116.97568,3.66258],[116.97496,3.66222],[116.9742,3.66186],[116.97347,3.66142],[116.97293,3.66117],[116.97239,3.66088],[116.97181,3.66048],[116.97147,3.66031],[116.97101,3.6599],[116.97059,3.65951],[116.97013,3.65909],[116.96981,3.65888],[116.96948,3.65849],[116.96909,3.65805],[116.96863,3.65752],[116.96824,3.65699],[116.96773,3.65641],[116.96701,3.65574],[116.96636,3.65504],[116.96583,3.6546],[116.96485,3.65352],[116.96453,3.6531],[116.96386,3.65232],[116.96342,3.65188],[116.96302,3.65139],[116.96288,3.65119],[116.96263,3.65086],[116.96233,3.65049],[116.96208,3.65012],[116.9618,3.64966],[116.96137,3.64883],[116.96112,3.64832],[116.96088,3.64783],[116.96058,3.64723],[116.96024,3.6464],[116.95987,3.64566],[116.95959,3.64501],[116.95936,3.64439],[116.9591,3.64374],[116.95886,3.64312],[116.95868,3.64249],[116.95842,3.6418],[116.95815,3.6412],[116.95778,3.64043],[116.95741,3.63967],[116.95701,3.63893],[116.95687,3.63847],[116.95664,3.63773],[116.95647,3.63699],[116.95628,3.63655],[116.95626,3.63613],[116.95612,3.63549],[116.95598,3.63447],[116.95585,3.63392],[116.95594,3.63338],[116.95594,3.63338],[116.95608,3.63255],[116.95612,3.632],[116.95624,3.62966],[116.95123,3.62965],[116.95095,3.62961],[116.95079,3.62959],[116.95066,3.62961],[116.9506,3.62961],[116.95055,3.62961],[116.95051,3.62963],[116.95032,3.6297],[116.95019,3.62983],[116.95002,3.62992],[116.95002,3.62992],[116.94156,3.62196],[116.93616,3.61689],[116.93449,3.61532],[116.93317,3.61408],[116.93136,3.61239],[116.93134,3.61234],[116.93133,3.61231],[116.93143,3.61207],[116.93147,3.61188],[116.93147,3.61187],[116.93147,3.6118],[116.93147,3.61174],[116.9314,3.61163],[116.93135,3.61156],[116.93134,3.61154],[116.93136,3.61144],[116.93136,3.6114],[116.93137,3.61138],[116.93137,3.61133],[116.93131,3.61126],[116.93126,3.61123],[116.93125,3.61123],[116.93125,3.61123],[116.93113,3.61115],[116.93099,3.61113],[116.93087,3.61113],[116.93066,3.61122],[116.93062,3.61123],[116.93059,3.61123],[116.93056,3.61125],[116.93049,3.61127],[116.93046,3.61132],[116.93039,3.61144],[116.93029,3.61157],[116.93012,3.61173],[116.93001,3.61186],[116.92977,3.61204],[116.92964,3.61209],[116.92952,3.61211],[116.92941,3.61212],[116.9293,3.61211],[116.9291,3.61204],[116.92888,3.61191],[116.92874,3.61179],[116.92871,3.61162],[116.9287,3.61159],[116.92873,3.61145],[116.92884,3.61127],[116.92894,3.61114],[116.9291,3.61103],[116.92935,3.61096],[116.92947,3.6109],[116.92951,3.61088],[116.92966,3.61072],[116.92967,3.61065],[116.92967,3.61065],[116.92968,3.61061],[116.92964,3.6105],[116.92954,3.61041],[116.9295,3.61037],[116.92941,3.61035],[116.92932,3.61032],[116.92931,3.61032],[116.92904,3.61034],[116.92882,3.61032],[116.92869,3.61027],[116.92848,3.61007],[116.92839,3.60997],[116.92831,3.60987],[116.9283,3.60972],[116.9283,3.60971],[116.9283,3.60961],[116.9283,3.6095],[116.9283,3.60947],[116.9283,3.6093],[116.92823,3.60911],[116.92808,3.60901],[116.92787,3.60896],[116.92765,3.6089],[116.92764,3.6089],[116.92717,3.60905],[116.92702,3.6091],[116.9264,3.6093],[116.92602,3.60956],[116.92557,3.6096],[116.92556,3.6096],[116.92553,3.6096],[116.92362,3.60973],[116.9232,3.60985],[116.92245,3.61006],[116.92243,3.61006],[116.92131,3.61007],[116.92131,3.61015],[116.92131,3.61015],[116.92041,3.61015],[116.91952,3.61014],[116.91869,3.61016],[116.91869,3.61016],[116.91779,3.6102],[116.91675,3.61012],[116.91654,3.6101],[116.91628,3.61006],[116.91579,3.61],[116.91559,3.61107]]]]},"properties":{"kdprov":"65","kdkab":"03","kdkec":"020","kddesa":"005","kdsls":"0003","idsls":"65030200050003","nmprov":"KALIMANTAN UTARA","nmkab":"TANA TIDUNG","nmkec":"SESAYAP","nmdesa":"TIDENG PALE TIMUR","nmsls":"RT 003"}},{"type":"Feature","geometry":{"type":"MultiPolygon","coordinates":[[[[116.916,3.60379],[116.91856,3.60165],[116.91967,3.60338],[116.92366,3.60592],[116.92364,3.60585],[116.9236,3.60562],[116.9236,3.60562],[116.9236,3.60539],[116.92368,3.60526],[116.92389,3.60515],[116.92419,3.60507],[116.92451,3.60503],[116.92478,3.60496],[116.92493,3.60489],[116.92499,3.60483],[116.92504,3.6047],[116.92505,3.6046],[116.92505,3.60455],[116.92498,3.60444],[116.92487,3.60439],[116.92468,3.6044],[116.92448,3.60443],[116.92439,3.60441],[116.92429,3.60432],[116.92423,3.60419],[116.92419,3.60404],[116.9241,3.60393],[116.92396,3.60387],[116.92384,3.60383],[116.92378,3.60379],[116.92377,3.60379],[116.92379,3.60368],[116.92387,3.60355],[116.92407,3.60345],[116.92421,3.6033],[116.92426,3.60322],[116.92427,3.6032],[116.92424,3.60308],[116.92404,3.60294],[116.92391,3.60281],[116.92384,3.60268],[116.92382,3.60258],[116.92375,3.60237],[116.92368,3.60225],[116.92358,3.60207],[116.92356,3.60198],[116.92356,3.60196],[116.92358,3.60181],[116.92377,3.60172],[116.92384,3.60156],[116.92385,3.60154],[116.92382,3.60144],[116.92374,3.60135],[116.92354,3.60138],[116.92329,3.60131],[116.92319,3.60124],[116.923,3.6012],[116.92249,3.60104],[116.9219,3.60087],[116.92147,3.6008],[116.92111,3.60074],[116.92092,3.60064],[116.92052,3.60062],[116.92041,3.60069],[116.92027,3.60068],[116.92013,3.60063],[116.91996,3.60054],[116.91978,3.60051],[116.91978,3.6005],[116.91973,3.60049],[116.91908,3.60031],[116.91894,3.60027],[116.91891,3.60026],[116.91759,3.5999],[116.91731,3.59982],[116.91717,3.59978],[116.91704,3.59986],[116.91677,3.60003],[116.91451,3.60143],[116.91411,3.60264],[116.91412,3.60265],[116.91413,3.60267],[116.91467,3.60296],[116.9147,3.60297],[116.91586,3.60359],[116.91607,3.6037],[116.91608,3.6037],[116.91605,3.60373],[116.91601,3.60378],[116.916,3.60379]]]]},"properties":{"kdprov":"65","kdkab":"03","kdkec":"020","kddesa":"005","kdsls":"0005","idsls":"65030200050005","nmprov":"KALIMANTAN UTARA","nmkab":"TANA TIDUNG","nmkec":"SESAYAP","nmdesa":"TIDENG PALE TIMUR","nmsls":"RT 005"}},{"type":"Feature","geometry":{"type":"MultiPolygon","coordinates":[[[[116.9495,3.62352],[116.94923,3.62017],[116.93603,3.60788],[116.9323,3.6044],[116.93057,3.60279],[116.92941,3.60171],[116.92658,3.59923],[116.92585,3.59859],[116.92583,3.59857],[116.92518,3.598],[116.92518,3.598],[116.92517,3.59799],[116.92495,3.5978],[116.9246,3.59749],[116.92403,3.59699],[116.92389,3.59686],[116.92361,3.59662],[116.9236,3.59661],[116.92359,3.5966],[116.92291,3.59618],[116.92122,3.59513],[116.92081,3.59487],[116.92068,3.59479],[116.92068,3.59479],[116.92028,3.59454],[116.92,3.59437],[116.91954,3.59408],[116.91623,3.59202],[116.91228,3.58927],[116.9122,3.58933],[116.9122,3.58934],[116.91229,3.59019],[116.91234,3.59049],[116.91249,3.59135],[116.92125,3.59709],[116.92212,3.59803],[116.92211,3.59803],[116.92205,3.59809],[116.92197,3.59818],[116.92192,3.59822],[116.92385,3.59965],[116.92556,3.60091],[116.92923,3.60437],[116.93032,3.6054],[116.9307,3.60576],[116.93352,3.60843],[116.9495,3.62352]]]]},"properties":{"kdprov":"65","kdkab":"03","kdkec":"020","kddesa":"006","kdsls":"0002","idsls":"65030200060002","nmprov":"KALIMANTAN UTARA","nmkab":"TANA TIDUNG","nmkec":"SESAYAP","nmdesa":"SEBIDAI","nmsls":"RT 002"}},{"type":"Feature","geometry":{"type":"MultiPolygon","coordinates":[[[[116.94923,3.62017],[116.9495,3.62352],[116.94975,3.6265],[116.95002,3.62992],[116.95002,3.62992],[116.95019,3.62983],[116.95032,3.6297],[116.95051,3.62963],[116.95055,3.62961],[116.9506,3.62961],[116.95066,3.62961],[116.95079,3.62959],[116.95095,3.62961],[116.95123,3.62965],[116.95624,3.62966],[116.95625,3.62952],[116.95625,3.62888],[116.9563,3.62832],[116.95639,3.62728],[116.9565,3.62626],[116.95661,3.62538],[116.95663,3.62495],[116.95663,3.6243],[116.95663,3.6237],[116.95663,3.6231],[116.95663,3.62254],[116.95665,3.62192],[116.9567,3.62125],[116.95675,3.62055],[116.95704,3.61986],[116.95717,3.61954],[116.95741,3.61896],[116.95743,3.61891],[116.95766,3.61833],[116.95794,3.61769],[116.95817,3.61722],[116.95838,3.61646],[116.95875,3.61556],[116.95889,3.61505],[116.95912,3.61438],[116.95936,3.6138],[116.95957,3.61311],[116.95982,3.61239],[116.96003,3.61186],[116.96024,3.61119],[116.96038,3.6107],[116.96061,3.61013],[116.96062,3.61007],[116.96075,3.60957],[116.96086,3.60904],[116.9611,3.60816],[116.9612,3.60772],[116.96145,3.60675],[116.96173,3.60578],[116.96194,3.60488],[116.9621,3.60412],[116.96233,3.60338],[116.96249,3.60289],[116.96258,3.60257],[116.96269,3.60217],[116.96271,3.60206],[116.9628,3.60146],[116.96285,3.60102],[116.96294,3.60049],[116.96297,3.60014],[116.9631,3.59953],[116.9631,3.59953],[116.96307,3.59925],[116.96298,3.59894],[116.96285,3.59838],[116.96276,3.59803],[116.96268,3.59771],[116.9626,3.59749],[116.96233,3.59712],[116.96202,3.59668],[116.96178,3.59631],[116.96154,3.59603],[116.96135,3.59566],[116.96133,3.59564],[116.95797,3.59763],[116.95671,3.59838],[116.95686,3.59571],[116.95696,3.59409],[116.95708,3.592],[116.95721,3.58983],[116.95727,3.58869],[116.95733,3.58777],[116.95756,3.58371],[116.95777,3.58354],[116.95782,3.58272],[116.95786,3.582],[116.95785,3.58193],[116.95653,3.58174],[116.95647,3.5817],[116.95636,3.58158],[116.9563,3.5814],[116.9563,3.5814],[116.95515,3.58164],[116.95409,3.58197],[116.95306,3.58254],[116.9526,3.58273],[116.95219,3.58284],[116.9512,3.58305],[116.95002,3.5833],[116.94973,3.58335],[116.94762,3.58417],[116.94699,3.58381],[116.94658,3.5833],[116.94621,3.58284],[116.94621,3.58284],[116.9462,3.58286],[116.9462,3.58288],[116.9462,3.5829],[116.9462,3.58291],[116.94625,3.58359],[116.94641,3.58556],[116.94758,3.59987],[116.94808,3.60605],[116.94887,3.6157],[116.94897,3.61701],[116.94923,3.62017]]]]},"properties":{"kdprov":"65","kdkab":"03","kdkec":"020","kddesa":"007","kdsls":"0003","idsls":"65030200070003","nmprov":"KALIMANTAN UTARA","nmkab":"TANA TIDUNG","nmkec":"SESAYAP","nmdesa":"SEBAWANG","nmsls":"RT 003"}},{"type":"Feature","geometry":{"type":"MultiPolygon","coordinates":[[[[116.96888,3.546],[116.96914,3.54516],[116.96921,3.54496],[116.97013,3.54466],[116.97572,3.52728],[116.97266,3.52162],[116.97229,3.52093],[116.95347,3.50944],[116.95075,3.51013],[116.94372,3.50419],[116.9417,3.50248],[116.94156,3.50237],[116.9354,3.50422],[116.93211,3.50521],[116.93104,3.50553],[116.93067,3.50564],[116.93061,3.50566],[116.93056,3.50566],[116.93056,3.50566],[116.93056,3.50568],[116.93056,3.50572],[116.93056,3.50572],[116.93056,3.50574],[116.93042,3.50793],[116.93018,3.50865],[116.92989,3.50941],[116.92872,3.51052],[116.92872,3.51052],[116.92875,3.51138],[116.92908,3.51238],[116.92956,3.51315],[116.92965,3.51324],[116.9308,3.51439],[116.93093,3.51477],[116.93106,3.51517],[116.93123,3.51568],[116.93143,3.51623],[116.93149,3.51649],[116.93167,3.51678],[116.93186,3.51706],[116.93207,3.51718],[116.93235,3.51695],[116.93257,3.51691],[116.93281,3.517],[116.93319,3.51731],[116.93331,3.51738],[116.9334,3.51752],[116.93353,3.51767],[116.93353,3.51767],[116.93348,3.51829],[116.93348,3.51834],[116.93355,3.51854],[116.93372,3.51882],[116.93406,3.51926],[116.93422,3.51937],[116.93441,3.51943],[116.93475,3.51952],[116.93491,3.51957],[116.93523,3.51978],[116.93541,3.5199],[116.93562,3.52004],[116.93587,3.52022],[116.93612,3.52043],[116.93649,3.5208],[116.93678,3.52109],[116.93697,3.52124],[116.93719,3.52127],[116.93737,3.52111],[116.93774,3.52061],[116.93793,3.5205],[116.93823,3.5204],[116.93852,3.52046],[116.9386,3.52046],[116.93868,3.52046],[116.93879,3.52052],[116.93937,3.52081],[116.93959,3.52087],[116.93985,3.52081],[116.94009,3.52059],[116.94057,3.5204],[116.94071,3.52045],[116.94102,3.52056],[116.94124,3.5206],[116.94157,3.52066],[116.94193,3.52071],[116.94225,3.52084],[116.94238,3.52095],[116.94248,3.52117],[116.94256,3.52131],[116.94268,3.52142],[116.94301,3.52154],[116.94311,3.52154],[116.94353,3.52156],[116.94383,3.5216],[116.94397,3.52164],[116.9441,3.5217],[116.94426,3.52181],[116.94437,3.52194],[116.94454,3.52221],[116.94473,3.52256],[116.94496,3.52291],[116.94525,3.52328],[116.94559,3.52363],[116.94577,3.5237],[116.94596,3.52368],[116.94617,3.52356],[116.94673,3.52301],[116.94714,3.52288],[116.94747,3.52274],[116.94766,3.52269],[116.94774,3.52269],[116.948,3.52263],[116.94818,3.52291],[116.94827,3.52319],[116.94836,3.52335],[116.94866,3.52345],[116.94891,3.52346],[116.94907,3.5235],[116.94938,3.52387],[116.94969,3.524],[116.94985,3.524],[116.95001,3.52386],[116.95009,3.52368],[116.9502,3.52348],[116.95053,3.52321],[116.95066,3.52314],[116.95074,3.52305],[116.95091,3.52284],[116.9509,3.52279],[116.95087,3.52255],[116.95078,3.5219],[116.95078,3.52188],[116.95086,3.52163],[116.95096,3.52148],[116.95101,3.52135],[116.95122,3.52122],[116.95202,3.52122],[116.9523,3.52109],[116.95237,3.52103],[116.95306,3.52102],[116.95334,3.52108],[116.95354,3.52109],[116.95367,3.52114],[116.95387,3.52145],[116.95405,3.52157],[116.95407,3.52163],[116.9543,3.52212],[116.95447,3.52252],[116.95481,3.52306],[116.9554,3.52388],[116.95582,3.5243],[116.95614,3.5251],[116.95644,3.52543],[116.95679,3.52582],[116.95714,3.5263],[116.95732,3.52662],[116.95734,3.52679],[116.95734,3.52684],[116.95722,3.52712],[116.95701,3.52741],[116.95698,3.52754],[116.95698,3.52756],[116.95703,3.52788],[116.95718,3.52799],[116.95743,3.52801],[116.95764,3.52804],[116.95773,3.52823],[116.95779,3.52854],[116.95785,3.52879],[116.95788,3.52889],[116.95794,3.52907],[116.95818,3.52927],[116.95827,3.52938],[116.95842,3.52958],[116.95865,3.52984],[116.95888,3.53007],[116.95906,3.53021],[116.95931,3.5304],[116.95958,3.53063],[116.95981,3.53085],[116.95994,3.531],[116.96005,3.53114],[116.96007,3.53134],[116.96007,3.53136],[116.96007,3.53146],[116.96005,3.53179],[116.96005,3.53182],[116.96007,3.53212],[116.9602,3.53248],[116.96033,3.53256],[116.96037,3.53267],[116.9604,3.53279],[116.9604,3.53279],[116.9604,3.53303],[116.9604,3.53314],[116.9604,3.53319],[116.9604,3.53329],[116.96042,3.53346],[116.96198,3.53796],[116.96216,3.53849],[116.96224,3.53872],[116.96224,3.53873],[116.96218,3.53923],[116.96213,3.53945],[116.96207,3.53964],[116.962,3.53977],[116.96184,3.53992],[116.96164,3.53997],[116.96151,3.54053],[116.96151,3.54053],[116.96151,3.54073],[116.96172,3.54098],[116.96202,3.54141],[116.96207,3.54163],[116.96207,3.54164],[116.96204,3.54199],[116.96198,3.54223],[116.96185,3.54242],[116.96157,3.54291],[116.96153,3.54324],[116.96156,3.54357],[116.96163,3.54394],[116.96168,3.54418],[116.9619,3.54465],[116.96204,3.5449],[116.96216,3.54512],[116.96233,3.54531],[116.96236,3.54533],[116.96242,3.54538],[116.96255,3.54545],[116.96262,3.54549],[116.96276,3.54558],[116.96294,3.54568],[116.96313,3.54589],[116.96316,3.54605],[116.96316,3.54622],[116.96316,3.54652],[116.96317,3.54681],[116.96317,3.54682],[116.96317,3.54687],[116.96316,3.547],[116.96315,3.54703],[116.96317,3.54721],[116.96324,3.54736],[116.96335,3.54751],[116.96349,3.54766],[116.96354,3.54772],[116.96331,3.54773],[116.96303,3.54786],[116.96276,3.54809],[116.96253,3.54829],[116.96221,3.54853],[116.96212,3.54875],[116.96205,3.5491],[116.96188,3.54938],[116.9617,3.54967],[116.96145,3.54984],[116.96121,3.54986],[116.96061,3.54991],[116.96049,3.54997],[116.96027,3.55006],[116.96009,3.55032],[116.95993,3.55068],[116.9599,3.55103],[116.95973,3.55134],[116.95951,3.55152],[116.95905,3.55164],[116.95855,3.5517],[116.95807,3.55174],[116.95765,3.55174],[116.95741,3.55179],[116.95708,3.552],[116.95695,3.55215],[116.95694,3.55217],[116.95697,3.55233],[116.95701,3.55242],[116.95719,3.55275],[116.95731,3.553],[116.95739,3.55317],[116.95749,3.55338],[116.95755,3.55356],[116.95756,3.5536],[116.95744,3.55378],[116.95724,3.55394],[116.95697,3.55408],[116.95653,3.55421],[116.95632,3.55429],[116.95613,3.55446],[116.95603,3.55466],[116.95598,3.55542],[116.95584,3.5555],[116.95569,3.55554],[116.95538,3.55571],[116.95513,3.55579],[116.95476,3.55583],[116.9547,3.55583],[116.95432,3.5558],[116.95408,3.55576],[116.95388,3.55562],[116.95362,3.55542],[116.95335,3.55538],[116.95307,3.55559],[116.95292,3.55591],[116.95291,3.55627],[116.95278,3.55647],[116.95256,3.55654],[116.95229,3.55682],[116.95218,3.55692],[116.95209,3.55701],[116.95208,3.55702],[116.95195,3.55709],[116.95164,3.55727],[116.95146,3.55744],[116.95142,3.55758],[116.9514,3.55773],[116.9515,3.55796],[116.95154,3.55816],[116.95153,3.55818],[116.95154,3.55822],[116.95151,3.55831],[116.95147,3.55845],[116.95138,3.55863],[116.95129,3.55873],[116.95111,3.55879],[116.951,3.55881],[116.95091,3.55894],[116.95083,3.55912],[116.95079,3.55929],[116.95079,3.5593],[116.95079,3.5594],[116.95079,3.55947],[116.95079,3.55953],[116.95077,3.55963],[116.95075,3.55974],[116.95075,3.55985],[116.95075,3.55991],[116.95078,3.56048],[116.95078,3.56049],[116.95078,3.56053],[116.95024,3.56317],[116.94793,3.57441],[116.94676,3.58012],[116.94621,3.58284],[116.94658,3.5833],[116.94699,3.58381],[116.94762,3.58417],[116.94973,3.58335],[116.95002,3.5833],[116.9512,3.58305],[116.95219,3.58284],[116.9526,3.58273],[116.95306,3.58254],[116.95409,3.58197],[116.95515,3.58164],[116.9563,3.5814],[116.95645,3.58097],[116.95651,3.58046],[116.95667,3.58021],[116.95751,3.57935],[116.95808,3.57874],[116.95849,3.57833],[116.95873,3.578],[116.95881,3.57774],[116.95892,3.57707],[116.95903,3.57686],[116.95924,3.57668],[116.95959,3.57651],[116.9599,3.57632],[116.96016,3.57609],[116.96101,3.57506],[116.9614,3.57441],[116.96177,3.57402],[116.96229,3.57377],[116.96255,3.57369],[116.96255,3.57367],[116.96263,3.57364],[116.9629,3.57344],[116.96293,3.57342],[116.96309,3.57322],[116.96319,3.57311],[116.96318,3.57285],[116.96317,3.57273],[116.96314,3.5726],[116.96309,3.57247],[116.96306,3.57241],[116.96298,3.57226],[116.96292,3.57204],[116.96288,3.5719],[116.96286,3.57178],[116.96285,3.57164],[116.96286,3.57156],[116.96298,3.57133],[116.96303,3.57125],[116.96305,3.57119],[116.96323,3.57105],[116.9635,3.5708],[116.96383,3.57049],[116.96414,3.5702],[116.96417,3.57019],[116.96419,3.57017],[116.96426,3.57014],[116.96441,3.57008],[116.96493,3.56999],[116.96536,3.5699],[116.96559,3.56985],[116.96584,3.56972],[116.96677,3.56861],[116.96721,3.56821],[116.96758,3.5679],[116.96794,3.56762],[116.96851,3.56711],[116.96852,3.56716],[116.9688,3.56692],[116.96892,3.56679],[116.96926,3.56627],[116.96979,3.56541],[116.97001,3.56504],[116.97022,3.5647],[116.97095,3.56414],[116.96992,3.56301],[116.96739,3.56027],[116.96638,3.55917],[116.96667,3.55871],[116.96678,3.55843],[116.96679,3.55818],[116.96653,3.55786],[116.96638,3.55754],[116.96651,3.55727],[116.96699,3.55703],[116.96714,3.55695],[116.9675,3.55671],[116.96787,3.5562],[116.96813,3.55564],[116.96838,3.55506],[116.96883,3.55447],[116.96907,3.55407],[116.96911,3.55378],[116.9689,3.55333],[116.9686,3.55286],[116.96802,3.55243],[116.96772,3.55221],[116.96769,3.55221],[116.96751,3.55205],[116.96742,3.55187],[116.96742,3.55186],[116.96738,3.55166],[116.96738,3.55108],[116.9674,3.55081],[116.96738,3.55039],[116.96722,3.55023],[116.96682,3.55005],[116.9666,3.54991],[116.96651,3.54961],[116.96657,3.54924],[116.96736,3.54847],[116.96772,3.54814],[116.96802,3.54787],[116.96823,3.54767],[116.96839,3.54752],[116.96845,3.54698],[116.96856,3.5466],[116.96878,3.54619],[116.96883,3.54617],[116.96888,3.546]]]]},"properties":{"kdprov":"65","kdkab":"03","kdkec":"020","kddesa":"007","kdsls":"0002","idsls":"65030200070002","nmprov":"KALIMANTAN UTARA","nmkab":"TANA TIDUNG","nmkec":"SESAYAP","nmdesa":"SEBAWANG","nmsls":"RT 002"}},{"type":"Feature","geometry":{"type":"MultiPolygon","coordinates":[[[[116.96133,3.59564],[116.96133,3.59563],[116.96178,3.59516],[116.96177,3.59514],[116.96262,3.59453],[116.96316,3.59414],[116.96358,3.59384],[116.96467,3.59305],[116.96458,3.59102],[116.96416,3.58742],[116.96255,3.57369],[116.96229,3.57377],[116.96177,3.57402],[116.9614,3.57441],[116.96101,3.57506],[116.96016,3.57609],[116.9599,3.57632],[116.95959,3.57651],[116.95924,3.57668],[116.95903,3.57686],[116.95892,3.57707],[116.95881,3.57774],[116.95873,3.578],[116.95849,3.57833],[116.95808,3.57874],[116.95751,3.57935],[116.95667,3.58021],[116.95651,3.58046],[116.95645,3.58097],[116.9563,3.5814],[116.9563,3.5814],[116.95636,3.58158],[116.95647,3.5817],[116.95653,3.58174],[116.95785,3.58193],[116.95786,3.582],[116.95782,3.58272],[116.95777,3.58354],[116.95756,3.58371],[116.95733,3.58777],[116.95727,3.58869],[116.95721,3.58983],[116.95708,3.592],[116.95696,3.59409],[116.95686,3.59571],[116.95671,3.59838],[116.95797,3.59763],[116.96133,3.59564]]]]},"properties":{"kdprov":"65","kdkab":"03","kdkec":"020","kddesa":"007","kdsls":"0001","idsls":"65030200070001","nmprov":"KALIMANTAN UTARA","nmkab":"TANA TIDUNG","nmkec":"SESAYAP","nmdesa":"SEBAWANG","nmsls":"RT 001"}},{"type":"Feature","geometry":{"type":"MultiPolygon","coordinates":[[[[116.90279,3.60809],[116.90236,3.60797],[116.90173,3.60772],[116.90172,3.60778],[116.90167,3.60798],[116.90167,3.60799],[116.90161,3.60823],[116.90159,3.60829],[116.90147,3.60861],[116.90216,3.60893],[116.90225,3.60897],[116.90272,3.60918],[116.90273,3.60914],[116.90285,3.60877],[116.90275,3.60873],[116.90279,3.60809]]]]},"properties":{"kdprov":"65","kdkab":"03","kdkec":"020","kddesa":"004","kdsls":"0002","idsls":"65030200040002","nmprov":"KALIMANTAN UTARA","nmkab":"TANA TIDUNG","nmkec":"SESAYAP","nmdesa":"TIDENG PALE","nmsls":"RT 002 RW 001"}},{"type":"Feature","geometry":{"type":"MultiPolygon","coordinates":[[[[116.9029,3.60656],[116.90262,3.60655],[116.90255,3.60587],[116.90229,3.60522],[116.9017,3.60526],[116.90171,3.60609],[116.90173,3.60678],[116.90171,3.6071],[116.90171,3.60712],[116.90171,3.60724],[116.90162,3.60765],[116.90162,3.60766],[116.9017,3.60769],[116.90171,3.60769],[116.90174,3.6077],[116.90174,3.6077],[116.90173,3.60771],[116.90173,3.60771],[116.90173,3.60772],[116.90236,3.60797],[116.90279,3.60809],[116.90279,3.60808],[116.90279,3.60805],[116.90293,3.60736],[116.9029,3.60656]]]]},"properties":{"kdprov":"65","kdkab":"03","kdkec":"020","kddesa":"004","kdsls":"0002","idsls":"65030200040002","nmprov":"KALIMANTAN UTARA","nmkab":"TANA TIDUNG","nmkec":"SESAYAP","nmdesa":"TIDENG PALE","nmsls":"RT 002 RW 001"}},{"type":"Feature","geometry":{"type":"MultiPolygon","coordinates":[[[[116.9017,3.60526],[116.90229,3.60522],[116.90255,3.60587],[116.90262,3.60655],[116.9029,3.60656],[116.90282,3.60486],[116.9027,3.60351],[116.90259,3.60262],[116.9023,3.60114],[116.90177,3.59943],[116.90172,3.59921],[116.9016,3.59859],[116.90166,3.59737],[116.90152,3.59565],[116.90155,3.59474],[116.9018,3.59368],[116.90187,3.59348],[116.90149,3.59341],[116.89806,3.59331],[116.89806,3.59363],[116.89806,3.59509],[116.89806,3.59555],[116.89806,3.59826],[116.89806,3.59909],[116.89806,3.60002],[116.89806,3.60008],[116.89824,3.60011],[116.89839,3.60012],[116.89841,3.60012],[116.89853,3.60013],[116.89866,3.60007],[116.89883,3.59994],[116.89885,3.59993],[116.89885,3.59993],[116.89885,3.59993],[116.89891,3.59991],[116.89898,3.59986],[116.89904,3.5998],[116.89917,3.59969],[116.89931,3.59959],[116.89945,3.59949],[116.89957,3.59942],[116.89968,3.59936],[116.89991,3.59924],[116.90008,3.59918],[116.90019,3.59913],[116.9003,3.59909],[116.9004,3.59906],[116.90061,3.59899],[116.90076,3.59894],[116.90088,3.59958],[116.90114,3.60166],[116.90123,3.60197],[116.90144,3.60374],[116.90162,3.60481],[116.9017,3.60524],[116.9017,3.60526]]]]},"properties":{"kdprov":"65","kdkab":"03","kdkec":"020","kddesa":"004","kdsls":"0002","idsls":"65030200040002","nmprov":"KALIMANTAN UTARA","nmkab":"TANA TIDUNG","nmkec":"SESAYAP","nmdesa":"TIDENG PALE","nmsls":"RT 002 RW 001"}},{"type":"Feature","geometry":{"type":"MultiPolygon","coordinates":[[[[116.91447,3.5877],[116.91439,3.58778],[116.91424,3.58792],[116.91402,3.58812],[116.91384,3.58829],[116.9137,3.58836],[116.91305,3.58871],[116.91284,3.58886],[116.91228,3.58927],[116.91623,3.59202],[116.91954,3.59408],[116.92,3.59437],[116.92028,3.59454],[116.92068,3.59479],[116.92068,3.59479],[116.92081,3.59487],[116.92122,3.59513],[116.92291,3.59618],[116.92359,3.5966],[116.9236,3.59661],[116.92361,3.59662],[116.92389,3.59686],[116.92403,3.59699],[116.9246,3.59749],[116.92495,3.5978],[116.92517,3.59799],[116.92518,3.598],[116.92518,3.598],[116.92583,3.59857],[116.92585,3.59859],[116.92658,3.59923],[116.92941,3.60171],[116.93057,3.60279],[116.9323,3.6044],[116.93603,3.60788],[116.94923,3.62017],[116.94897,3.61701],[116.94887,3.6157],[116.92567,3.59482],[116.92529,3.59458],[116.92528,3.59457],[116.92527,3.59457],[116.92527,3.59456],[116.92526,3.59456],[116.91447,3.5877]]]]},"properties":{"kdprov":"65","kdkab":"03","kdkec":"020","kddesa":"006","kdsls":"0003","idsls":"65030200060003","nmprov":"KALIMANTAN UTARA","nmkab":"TANA TIDUNG","nmkec":"SESAYAP","nmdesa":"SEBIDAI","nmsls":"RT 003"}},{"type":"Feature","geometry":{"type":"MultiPolygon","coordinates":[[[[116.82633,3.6167],[116.82461,3.61693],[116.82053,3.61747],[116.8156,3.61812],[116.81142,3.61867],[116.81143,3.62379],[116.81143,3.62379],[116.81143,3.62379],[116.81134,3.62379],[116.81114,3.62379],[116.81085,3.62396],[116.8109,3.62501],[116.81045,3.62551],[116.81013,3.62578],[116.80942,3.62583],[116.80943,3.64114],[116.80943,3.65391],[116.80943,3.66637],[116.80943,3.66866],[116.80944,3.67426],[116.80944,3.67675],[116.80944,3.6895],[116.80944,3.6895],[116.80974,3.68945],[116.8114,3.68908],[116.81167,3.68902],[116.81799,3.68897],[116.82379,3.68892],[116.82696,3.68963],[116.83179,3.69145],[116.83908,3.69477],[116.84302,3.69608],[116.84336,3.69619],[116.84835,3.69864],[116.84841,3.6934],[116.84846,3.68836],[116.84849,3.68613],[116.84853,3.68226],[116.84854,3.68103],[116.84862,3.67404],[116.84863,3.6735],[116.84865,3.67159],[116.8487,3.66692],[116.8487,3.66634],[116.8487,3.65788],[116.8487,3.65247],[116.8487,3.64975],[116.8487,3.64635],[116.84205,3.64629],[116.83828,3.64626],[116.83538,3.64628],[116.83289,3.6463],[116.83298,3.66331],[116.83299,3.66436],[116.833,3.66621],[116.82913,3.66623],[116.82543,3.66624],[116.8225,3.66624],[116.8225,3.66624],[116.82249,3.66624],[116.82064,3.66626],[116.82064,3.6662],[116.82063,3.66496],[116.82061,3.66234],[116.8206,3.66059],[116.82054,3.65194],[116.82058,3.64637],[116.82059,3.64436],[116.8206,3.64265],[116.8206,3.64083],[116.82061,3.63703],[116.82067,3.63204],[116.82155,3.63271],[116.82246,3.63307],[116.82258,3.63315],[116.82383,3.63394],[116.82653,3.63451],[116.82741,3.63446],[116.82768,3.63446],[116.83039,3.6345],[116.83309,3.63412],[116.83495,3.63332],[116.83507,3.63327],[116.83628,3.63253],[116.83817,3.63259],[116.83889,3.63261],[116.84871,3.6326],[116.84871,3.63173],[116.84871,3.62943],[116.84875,3.62944],[116.84861,3.62932],[116.8484,3.62918],[116.84832,3.62884],[116.84832,3.62882],[116.84826,3.62849],[116.84827,3.62822],[116.84827,3.62793],[116.84828,3.62779],[116.8483,3.62761],[116.84834,3.62743],[116.84851,3.62724],[116.84863,3.62717],[116.84894,3.62705],[116.84906,3.62685],[116.84915,3.62675],[116.84926,3.62666],[116.84946,3.62659],[116.84963,3.62658],[116.84967,3.62658],[116.84981,3.6266],[116.85003,3.62669],[116.85016,3.62685],[116.85016,3.62719],[116.85026,3.6274],[116.85049,3.6275],[116.85062,3.62751],[116.85067,3.62751],[116.85084,3.6275],[116.85111,3.62742],[116.85122,3.62734],[116.85139,3.62723],[116.85148,3.62708],[116.85155,3.62697],[116.85166,3.62685],[116.85179,3.62675],[116.85202,3.6266],[116.85227,3.62643],[116.8526,3.62623],[116.8529,3.62606],[116.85335,3.62582],[116.85345,3.62577],[116.85386,3.62549],[116.85406,3.62535],[116.85424,3.62522],[116.85442,3.62516],[116.85474,3.62516],[116.85488,3.62512],[116.855,3.62504],[116.85523,3.62489],[116.85551,3.62471],[116.85585,3.62451],[116.85617,3.62431],[116.85646,3.62412],[116.85672,3.62393],[116.85694,3.62377],[116.8572,3.62354],[116.85736,3.62336],[116.85741,3.62321],[116.85747,3.62288],[116.85748,3.62274],[116.8575,3.6222],[116.85751,3.62187],[116.85754,3.62155],[116.85758,3.62118],[116.85762,3.62089],[116.85762,3.62071],[116.85769,3.62055],[116.85768,3.62027],[116.85765,3.62011],[116.85765,3.61996],[116.85772,3.61964],[116.85772,3.61943],[116.85773,3.61921],[116.85773,3.61895],[116.85769,3.61865],[116.85765,3.61837],[116.85757,3.61797],[116.85754,3.61763],[116.85755,3.61726],[116.85757,3.61701],[116.85772,3.6166],[116.85787,3.61635],[116.85792,3.61627],[116.85827,3.61576],[116.85844,3.61535],[116.85937,3.61426],[116.85983,3.61373],[116.85998,3.61315],[116.85979,3.61292],[116.85956,3.61277],[116.85906,3.61254],[116.85869,3.61212],[116.85868,3.61196],[116.85865,3.61171],[116.85858,3.61155],[116.85838,3.61132],[116.8581,3.61105],[116.85797,3.61085],[116.85782,3.61053],[116.85772,3.61031],[116.85763,3.60997],[116.85763,3.60975],[116.85761,3.60952],[116.85751,3.60937],[116.85744,3.60921],[116.85738,3.60899],[116.85735,3.60877],[116.85725,3.60855],[116.85703,3.60828],[116.85689,3.60811],[116.85681,3.60796],[116.8567,3.60776],[116.85657,3.60755],[116.85646,3.6074],[116.85644,3.60738],[116.85628,3.60717],[116.85618,3.60706],[116.85593,3.60645],[116.85626,3.606],[116.8573,3.60515],[116.85775,3.6048],[116.85848,3.60421],[116.86013,3.60332],[116.86158,3.60307],[116.86166,3.60306],[116.86204,3.60309],[116.86629,3.60156],[116.87048,3.60004],[116.8718,3.59956],[116.8733,3.59902],[116.87449,3.59859],[116.87833,3.5972],[116.87981,3.59593],[116.88011,3.59583],[116.87645,3.59378],[116.87422,3.59253],[116.87177,3.59224],[116.86669,3.59164],[116.86218,3.59275],[116.85588,3.59579],[116.85018,3.59944],[116.8431,3.60508],[116.83856,3.61106],[116.83801,3.61226],[116.83722,3.61398],[116.83546,3.61781],[116.83408,3.61975],[116.8338,3.62013],[116.8327,3.62071],[116.82843,3.61882],[116.82633,3.6167]]]]},"properties":{"kdprov":"65","kdkab":"03","kdkec":"020","kddesa":"001","kdsls":"1003","idsls":"65030200011003","nmprov":"KALIMANTAN UTARA","nmkab":"TANA TIDUNG","nmkec":"SESAYAP","nmdesa":"SEDULUN","nmsls":"KEBUN SAWIT"}},{"type":"Feature","geometry":{"type":"MultiPolygon","coordinates":[[[[116.83289,3.6463],[116.83538,3.64628],[116.83828,3.64626],[116.84205,3.64629],[116.8487,3.64635],[116.8487,3.6463],[116.84871,3.63853],[116.84871,3.6326],[116.83889,3.63261],[116.83817,3.63259],[116.83628,3.63253],[116.83507,3.63327],[116.83495,3.63332],[116.83309,3.63412],[116.83039,3.6345],[116.82768,3.63446],[116.82741,3.63446],[116.82653,3.63451],[116.82383,3.63394],[116.82258,3.63315],[116.82246,3.63307],[116.82155,3.63271],[116.82067,3.63204],[116.82061,3.63703],[116.8206,3.64083],[116.8206,3.64265],[116.82059,3.64436],[116.82058,3.64637],[116.82242,3.64636],[116.82242,3.64636],[116.82242,3.64636],[116.82757,3.64633],[116.83023,3.64631],[116.83289,3.6463]]]]},"properties":{"kdprov":"65","kdkab":"03","kdkec":"020","kddesa":"001","kdsls":"4001","idsls":"65030200014001","nmprov":"KALIMANTAN UTARA","nmkab":"TANA TIDUNG","nmkec":"SESAYAP","nmdesa":"SEDULUN","nmsls":"KAMP BAIDURI"}},{"type":"Feature","geometry":{"type":"MultiPolygon","coordinates":[[[[116.91443,3.50898],[116.91442,3.50897],[116.91392,3.50835],[116.91086,3.50626],[116.90838,3.50296],[116.90838,3.50296],[116.90837,3.50296],[116.90766,3.50639],[116.90696,3.50886],[116.90602,3.51077],[116.90602,3.51078],[116.90602,3.51079],[116.90607,3.51346],[116.90625,3.51869],[116.90626,3.5188],[116.90619,3.51916],[116.90609,3.51963],[116.90539,3.52319],[116.90535,3.52343],[116.90568,3.52347],[116.90592,3.52341],[116.90627,3.52332],[116.90668,3.52332],[116.907,3.52339],[116.90726,3.52358],[116.90748,3.52381],[116.90782,3.52398],[116.90811,3.52405],[116.9084,3.52418],[116.90857,3.52443],[116.90861,3.5248],[116.90867,3.52538],[116.90884,3.52614],[116.90889,3.52627],[116.90904,3.52644],[116.90936,3.52665],[116.90954,3.52683],[116.90959,3.52701],[116.9096,3.52731],[116.90966,3.52761],[116.90978,3.52793],[116.90986,3.52812],[116.90959,3.52842],[116.9093,3.52873],[116.90905,3.52892],[116.90882,3.52891],[116.90848,3.52879],[116.90826,3.52876],[116.90814,3.52881],[116.90803,3.52897],[116.90788,3.52928],[116.90775,3.52957],[116.90772,3.52972],[116.90769,3.52983],[116.90756,3.52997],[116.90735,3.5301],[116.90708,3.53012],[116.90679,3.53019],[116.90672,3.5303],[116.9067,3.53046],[116.90682,3.53063],[116.90703,3.53086],[116.90716,3.53101],[116.90729,3.53122],[116.9074,3.53149],[116.90752,3.53183],[116.90763,3.53199],[116.90778,3.5321],[116.90805,3.53223],[116.90831,3.53234],[116.90851,3.53249],[116.90874,3.53268],[116.90886,3.53282],[116.90895,3.53296],[116.90908,3.53313],[116.90914,3.53334],[116.90917,3.53349],[116.90917,3.53374],[116.90909,3.53404],[116.90904,3.53425],[116.90898,3.53454],[116.90884,3.53478],[116.90869,3.53507],[116.90865,3.53514],[116.90862,3.53533],[116.90862,3.53553],[116.90875,3.53583],[116.90878,3.53598],[116.90879,3.53617],[116.90876,3.53638],[116.90871,3.53656],[116.90866,3.53673],[116.90856,3.53694],[116.90851,3.53717],[116.90851,3.53744],[116.90846,3.53745],[116.90731,3.53777],[116.90575,3.54253],[116.90801,3.54308],[116.90866,3.54304],[116.90901,3.54309],[116.91435,3.54289],[116.92286,3.54256],[116.9251,3.54248],[116.92513,3.54242],[116.92515,3.54238],[116.92507,3.5423],[116.92491,3.5423],[116.92468,3.54179],[116.92463,3.54164],[116.92461,3.54159],[116.92486,3.54153],[116.92506,3.54158],[116.9251,3.54139],[116.92511,3.54136],[116.92495,3.54099],[116.92489,3.5409],[116.92479,3.54088],[116.92463,3.54091],[116.92459,3.54087],[116.92457,3.54084],[116.92468,3.54069],[116.92488,3.54052],[116.9249,3.54045],[116.92491,3.54041],[116.92477,3.5402],[116.92462,3.54016],[116.92452,3.54009],[116.92448,3.54007],[116.92445,3.53989],[116.92445,3.53986],[116.92447,3.53973],[116.92449,3.53965],[116.92462,3.53948],[116.92469,3.53937],[116.92469,3.53935],[116.92467,3.53921],[116.92453,3.53904],[116.92451,3.539],[116.92451,3.53899],[116.92451,3.53884],[116.92451,3.53879],[116.92446,3.53879],[116.92424,3.53879],[116.92409,3.53878],[116.92392,3.53868],[116.92392,3.53862],[116.92391,3.53857],[116.92412,3.53839],[116.92444,3.53829],[116.92473,3.53815],[116.92488,3.53801],[116.92496,3.53791],[116.92503,3.53783],[116.92507,3.53779],[116.92512,3.5376],[116.92513,3.53757],[116.92505,3.53737],[116.92482,3.53725],[116.92471,3.53717],[116.92448,3.53711],[116.92416,3.53706],[116.92407,3.53697],[116.92405,3.53694],[116.92418,3.53677],[116.92434,3.53662],[116.92441,3.53644],[116.92452,3.53626],[116.92454,3.53603],[116.92462,3.53536],[116.92537,3.53461],[116.92537,3.53461],[116.92537,3.5344],[116.92513,3.53404],[116.92512,3.53402],[116.92511,3.53401],[116.92519,3.53383],[116.92537,3.53343],[116.9254,3.53335],[116.92604,3.53353],[116.92653,3.53306],[116.92669,3.5329],[116.92665,3.53254],[116.92664,3.53249],[116.92661,3.53214],[116.92661,3.53214],[116.92661,3.53208],[116.92696,3.53193],[116.92747,3.53175],[116.92743,3.53141],[116.92742,3.53125],[116.92742,3.53125],[116.92742,3.5312],[116.92777,3.53087],[116.92859,3.53013],[116.92888,3.52986],[116.92919,3.5295],[116.92921,3.52948],[116.92989,3.5287],[116.92963,3.52745],[116.92964,3.52742],[116.92963,3.52739],[116.92964,3.52736],[116.92975,3.52698],[116.92973,3.52687],[116.92933,3.52524],[116.92933,3.5252],[116.92948,3.52385],[116.92949,3.52376],[116.92948,3.52375],[116.92901,3.52304],[116.92793,3.52146],[116.92777,3.52142],[116.92744,3.52135],[116.92744,3.52079],[116.9273,3.52057],[116.92704,3.52057],[116.92663,3.52034],[116.92613,3.51855],[116.9243,3.51821],[116.92255,3.51876],[116.92226,3.51824],[116.92221,3.51816],[116.92201,3.51823],[116.92185,3.51828],[116.92163,3.51835],[116.92142,3.51828],[116.92134,3.51815],[116.92132,3.51784],[116.92122,3.5178],[116.9211,3.51782],[116.92101,3.51787],[116.92101,3.5183],[116.92119,3.51865],[116.92118,3.51868],[116.92119,3.51871],[116.9211,3.51896],[116.92099,3.51906],[116.92038,3.51892],[116.92017,3.51868],[116.92015,3.51667],[116.91959,3.51624],[116.9189,3.51572],[116.91765,3.51576],[116.91658,3.51487],[116.91585,3.51327],[116.91518,3.5125],[116.91474,3.51205],[116.91475,3.512],[116.91475,3.51196],[116.91483,3.51151],[116.91504,3.51034],[116.91512,3.5099],[116.91511,3.50989],[116.91442,3.50903],[116.91443,3.50898]]]]},"properties":{"kdprov":"65","kdkab":"03","kdkec":"020","kddesa":"003","kdsls":"0002","idsls":"65030200030002","nmprov":"KALIMANTAN UTARA","nmkab":"TANA TIDUNG","nmkec":"SESAYAP","nmdesa":"GUNAWAN","nmsls":"RT 002 RW 001"}},{"type":"Feature","geometry":{"type":"MultiPolygon","coordinates":[[[[116.95982,3.71339],[116.95981,3.70889],[116.9598,3.70396],[116.95979,3.70246],[116.95733,3.70269],[116.95456,3.70301],[116.95131,3.70317],[116.94924,3.70301],[116.94663,3.70285],[116.94337,3.7019],[116.94068,3.70047],[116.93735,3.69873],[116.93425,3.69579],[116.92989,3.69183],[116.9268,3.68826],[116.92529,3.68564],[116.92196,3.68302],[116.9189,3.68061],[116.91744,3.67946],[116.89549,3.679],[116.89548,3.6796],[116.87653,3.67935],[116.87671,3.69048],[116.8769,3.70253],[116.8954,3.70275],[116.8954,3.70281],[116.89744,3.7028],[116.90721,3.70271],[116.91525,3.70264],[116.92186,3.70258],[116.9238,3.70256],[116.92347,3.71364],[116.93568,3.71353],[116.93647,3.71353],[116.94101,3.71349],[116.94107,3.72101],[116.94147,3.72101],[116.94147,3.72102],[116.9432,3.72099],[116.94614,3.72094],[116.95069,3.72086],[116.95646,3.72091],[116.95985,3.72094],[116.95984,3.71888],[116.95984,3.71882],[116.95984,3.71821],[116.95982,3.71382],[116.95982,3.71339]]]]},"properties":{"kdprov":"65","kdkab":"03","kdkec":"020","kddesa":"004","kdsls":"4002","idsls":"65030200044002","nmprov":"KALIMANTAN UTARA","nmkab":"TANA TIDUNG","nmkec":"SESAYAP","nmdesa":"TIDENG PALE","nmsls":"KAMP ZAMRUD"}},{"type":"Feature","geometry":{"type":"MultiPolygon","coordinates":[[[[116.82058,3.64637],[116.82054,3.65194],[116.8206,3.66059],[116.82061,3.66234],[116.82063,3.66496],[116.82064,3.6662],[116.82064,3.66626],[116.82249,3.66624],[116.8225,3.66624],[116.8225,3.66624],[116.82543,3.66624],[116.82913,3.66623],[116.833,3.66621],[116.83299,3.66436],[116.83298,3.66331],[116.83289,3.6463],[116.83023,3.64631],[116.82757,3.64633],[116.82242,3.64636],[116.82242,3.64636],[116.82242,3.64636],[116.82058,3.64637]]]]},"properties":{"kdprov":"65","kdkab":"03","kdkec":"020","kddesa":"001","kdsls":"4002","idsls":"65030200014002","nmprov":"KALIMANTAN UTARA","nmkab":"TANA TIDUNG","nmkec":"SESAYAP","nmdesa":"SEDULUN","nmsls":"KAMP MUSTIKA"}},{"type":"Feature","geometry":{"type":"MultiPolygon","coordinates":[[[[116.89549,3.679],[116.89555,3.66807],[116.89552,3.66015],[116.89551,3.65696],[116.89555,3.64059],[116.8762,3.64059],[116.87647,3.65547],[116.87647,3.66039],[116.87647,3.66286],[116.87647,3.67996],[116.87647,3.68382],[116.87648,3.69049],[116.87671,3.69048],[116.87653,3.67935],[116.89548,3.6796],[116.89549,3.679]]]]},"properties":{"kdprov":"65","kdkab":"03","kdkec":"020","kddesa":"004","kdsls":"4003","idsls":"65030200044003","nmprov":"KALIMANTAN UTARA","nmkab":"TANA TIDUNG","nmkec":"SESAYAP","nmdesa":"TIDENG PALE","nmsls":"KAMP FIRUS"}},{"type":"Feature","geometry":{"type":"MultiPolygon","coordinates":[[[[116.90796,3.60958],[116.90795,3.60783],[116.90884,3.60784],[116.90884,3.60777],[116.90878,3.60742],[116.90859,3.60698],[116.90838,3.60651],[116.90821,3.60609],[116.90812,3.60587],[116.90806,3.60566],[116.90789,3.6053],[116.90713,3.60462],[116.90708,3.60459],[116.90703,3.60456],[116.90681,3.60444],[116.90663,3.60424],[116.90655,3.60405],[116.90651,3.6038],[116.90653,3.6036],[116.90656,3.60338],[116.90671,3.60279],[116.9068,3.60221],[116.90683,3.60192],[116.9068,3.6016],[116.90662,3.60107],[116.90658,3.60098],[116.90646,3.60066],[116.90614,3.59994],[116.90605,3.59968],[116.90589,3.59906],[116.90569,3.5984],[116.90566,3.59829],[116.90562,3.59816],[116.90525,3.59719],[116.90475,3.59657],[116.90444,3.59589],[116.90397,3.59533],[116.90361,3.59502],[116.90354,3.59498],[116.90346,3.59492],[116.90346,3.59563],[116.90332,3.59642],[116.90333,3.59642],[116.90399,3.59655],[116.90433,3.59693],[116.90554,3.60141],[116.90545,3.60146],[116.90555,3.6019],[116.9055,3.60351],[116.9055,3.60351],[116.90592,3.60354],[116.9061,3.60464],[116.90652,3.60537],[116.90728,3.60528],[116.90733,3.60537],[116.9073,3.60542],[116.90726,3.60699],[116.90687,3.60775],[116.90686,3.60776],[116.90686,3.60784],[116.90684,3.60838],[116.90684,3.60849],[116.90684,3.60857],[116.90683,3.6089],[116.90683,3.6089],[116.90683,3.60895],[116.90684,3.60943],[116.90684,3.60947],[116.90684,3.60948],[116.90683,3.60948],[116.90682,3.60948],[116.90683,3.60948],[116.90683,3.60949],[116.90796,3.60958]]]]},"properties":{"kdprov":"65","kdkab":"03","kdkec":"020","kddesa":"004","kdsls":"0006","idsls":"65030200040006","nmprov":"KALIMANTAN UTARA","nmkab":"TANA TIDUNG","nmkec":"SESAYAP","nmdesa":"TIDENG PALE","nmsls":"RT 006 RW 002"}},{"type":"Feature","geometry":{"type":"MultiPolygon","coordinates":[[[[116.90795,3.60783],[116.90796,3.60958],[116.90683,3.60949],[116.90684,3.60954],[116.90684,3.61055],[116.90678,3.61071],[116.9068,3.61072],[116.90679,3.61073],[116.90681,3.61076],[116.90684,3.61078],[116.90696,3.61091],[116.9071,3.61105],[116.9072,3.61114],[116.90825,3.61114],[116.90832,3.61115],[116.90862,3.61117],[116.90863,3.61117],[116.90873,3.61018],[116.90831,3.61016],[116.90832,3.60967],[116.90878,3.60969],[116.90879,3.60965],[116.90882,3.60964],[116.90883,3.60949],[116.90883,3.6094],[116.90883,3.60935],[116.90883,3.6092],[116.90884,3.60784],[116.90795,3.60783]]]]},"properties":{"kdprov":"65","kdkab":"03","kdkec":"020","kddesa":"004","kdsls":"0006","idsls":"65030200040006","nmprov":"KALIMANTAN UTARA","nmkab":"TANA TIDUNG","nmkec":"SESAYAP","nmdesa":"TIDENG PALE","nmsls":"RT 006 RW 002"}},{"type":"Feature","geometry":{"type":"MultiPolygon","coordinates":[[[[116.90766,3.6038],[116.90918,3.60382],[116.9095,3.60427],[116.90946,3.6053],[116.91059,3.60589],[116.91084,3.60484],[116.91135,3.6042],[116.91196,3.60345],[116.91204,3.60334],[116.91278,3.60242],[116.91311,3.60201],[116.91311,3.60201],[116.91335,3.60217],[116.91349,3.60225],[116.9138,3.60245],[116.91389,3.60251],[116.91411,3.60264],[116.91451,3.60143],[116.91677,3.60003],[116.91704,3.59986],[116.91717,3.59978],[116.91681,3.59968],[116.91455,3.59906],[116.91454,3.59905],[116.91448,3.59884],[116.91426,3.59802],[116.91394,3.59688],[116.90868,3.60047],[116.90793,3.60032],[116.90658,3.60098],[116.90662,3.60107],[116.9068,3.6016],[116.90683,3.60192],[116.9068,3.60221],[116.90671,3.60279],[116.90656,3.60338],[116.90653,3.6036],[116.90651,3.6038],[116.90655,3.60405],[116.90663,3.60424],[116.90681,3.60444],[116.90703,3.60456],[116.90708,3.60459],[116.90766,3.6038]]]]},"properties":{"kdprov":"65","kdkab":"03","kdkec":"020","kddesa":"004","kdsls":"0007","idsls":"65030200040007","nmprov":"KALIMANTAN UTARA","nmkab":"TANA TIDUNG","nmkec":"SESAYAP","nmdesa":"TIDENG PALE","nmsls":"RT 007 RW 002"}},{"type":"Feature","geometry":{"type":"MultiPolygon","coordinates":[[[[116.90946,3.6053],[116.9095,3.60427],[116.90918,3.60382],[116.90766,3.6038],[116.90708,3.60459],[116.90713,3.60462],[116.90789,3.6053],[116.90806,3.60566],[116.90812,3.60587],[116.90821,3.60609],[116.90838,3.60651],[116.90859,3.60698],[116.90878,3.60742],[116.90884,3.60777],[116.90884,3.60784],[116.90883,3.6092],[116.90883,3.60935],[116.90883,3.6094],[116.90883,3.60949],[116.90882,3.60964],[116.90879,3.60965],[116.90878,3.60969],[116.90873,3.61018],[116.90863,3.61117],[116.90869,3.61117],[116.90877,3.61118],[116.90908,3.61125],[116.90927,3.6113],[116.90962,3.61138],[116.91016,3.61144],[116.91072,3.61147],[116.91072,3.61118],[116.91071,3.61056],[116.91071,3.61043],[116.9107,3.60995],[116.9107,3.60994],[116.9107,3.6098],[116.91071,3.60715],[116.91071,3.60711],[116.91065,3.6065],[116.91064,3.60642],[116.91063,3.60607],[116.91059,3.6059],[116.91059,3.60589],[116.90946,3.6053]]]]},"properties":{"kdprov":"65","kdkab":"03","kdkec":"020","kddesa":"004","kdsls":"0007","idsls":"65030200040007","nmprov":"KALIMANTAN UTARA","nmkab":"TANA TIDUNG","nmkec":"SESAYAP","nmdesa":"TIDENG PALE","nmsls":"RT 007 RW 002"}},{"type":"Feature","geometry":{"type":"MultiPolygon","coordinates":[[[[116.91547,3.60452],[116.91475,3.60534],[116.91407,3.60614],[116.91348,3.60703],[116.91334,3.60761],[116.91287,3.60763],[116.91284,3.60956],[116.91326,3.60954],[116.91327,3.60984],[116.91329,3.60984],[116.91435,3.60984],[116.91437,3.60984],[116.91437,3.60983],[116.91437,3.60983],[116.91437,3.60983],[116.91437,3.60971],[116.91437,3.60945],[116.91438,3.60878],[116.91537,3.60801],[116.91682,3.60689],[116.91726,3.60655],[116.91734,3.60654],[116.91735,3.60654],[116.91548,3.60453],[116.91548,3.60452],[116.91547,3.60452]]]]},"properties":{"kdprov":"65","kdkab":"03","kdkec":"020","kddesa":"005","kdsls":"0001","idsls":"65030200050001","nmprov":"KALIMANTAN UTARA","nmkab":"TANA TIDUNG","nmkec":"SESAYAP","nmdesa":"TIDENG PALE TIMUR","nmsls":"RT 001"}},{"type":"Feature","geometry":{"type":"MultiPolygon","coordinates":[[[[116.91859,3.61158],[116.91746,3.61142],[116.91559,3.61107],[116.91579,3.61],[116.91579,3.61],[116.91575,3.60999],[116.91556,3.60997],[116.9151,3.60991],[116.91461,3.60984],[116.91449,3.60983],[116.91439,3.60981],[116.91437,3.60983],[116.91437,3.60983],[116.91437,3.60983],[116.91437,3.60984],[116.91438,3.60984],[116.91437,3.60997],[116.91436,3.61028],[116.91435,3.61038],[116.91435,3.6104],[116.91435,3.61045],[116.91433,3.61073],[116.91433,3.61085],[116.91433,3.61088],[116.91433,3.61089],[116.91427,3.61118],[116.91426,3.61125],[116.91417,3.61178],[116.91414,3.61195],[116.91413,3.61202],[116.91072,3.61147],[116.91016,3.61144],[116.90962,3.61138],[116.90927,3.6113],[116.90908,3.61125],[116.90877,3.61118],[116.90869,3.61117],[116.90863,3.61117],[116.90862,3.61117],[116.90832,3.61115],[116.90825,3.61114],[116.9072,3.61114],[116.90723,3.61137],[116.90734,3.61156],[116.90742,3.61169],[116.90818,3.61258],[116.90851,3.61314],[116.90921,3.61405],[116.90975,3.61471],[116.91028,3.61551],[116.91094,3.6165],[116.91125,3.61753],[116.91209,3.6191],[116.91263,3.62008],[116.91299,3.62086],[116.91346,3.62181],[116.91386,3.62242],[116.91448,3.62342],[116.9155,3.62504],[116.91665,3.62712],[116.91754,3.62892],[116.91874,3.63148],[116.91955,3.6332],[116.91954,3.63498],[116.91953,3.63515],[116.91954,3.63519],[116.91963,3.63565],[116.9197,3.63692],[116.91992,3.63788],[116.91967,3.63938],[116.91965,3.63953],[116.91941,3.64096],[116.9193,3.64118],[116.91923,3.64142],[116.91917,3.64172],[116.91914,3.64199],[116.91911,3.64238],[116.91905,3.6427],[116.91899,3.64298],[116.91892,3.64357],[116.91881,3.64418],[116.91874,3.64456],[116.9187,3.64492],[116.91863,3.64522],[116.91855,3.64547],[116.91852,3.64579],[116.91848,3.64614],[116.91838,3.6465],[116.91832,3.64689],[116.91824,3.64726],[116.91817,3.64749],[116.91805,3.64771],[116.91798,3.64788],[116.91795,3.64816],[116.91793,3.64841],[116.91787,3.64854],[116.91777,3.64877],[116.9177,3.64892],[116.9177,3.64909],[116.91769,3.64927],[116.91766,3.64942],[116.91753,3.64978],[116.91742,3.64999],[116.91739,3.65019],[116.91733,3.65042],[116.9173,3.65063],[116.91719,3.65097],[116.91719,3.65122],[116.91712,3.65149],[116.91702,3.65173],[116.91692,3.65197],[116.9169,3.65214],[116.91684,3.65235],[116.91677,3.65253],[116.91669,3.65271],[116.91672,3.65288],[116.91666,3.65335],[116.91662,3.65381],[116.91661,3.65416],[116.91654,3.65455],[116.91645,3.65484],[116.91635,3.65516],[116.91629,3.65544],[116.91622,3.65576],[116.91622,3.65576],[116.916,3.65856],[116.916,3.65861],[116.916,3.6604],[116.91935,3.66381],[116.92301,3.6668],[116.92688,3.67032],[116.92873,3.67226],[116.93101,3.67585],[116.93508,3.68204],[116.93747,3.68572],[116.93953,3.68842],[116.94279,3.69078],[116.94431,3.69198],[116.94608,3.69227],[116.94745,3.69187],[116.94871,3.69026],[116.95034,3.68835],[116.95077,3.68785],[116.95145,3.68682],[116.95267,3.68496],[116.95403,3.68291],[116.95508,3.68051],[116.95574,3.679],[116.95672,3.6763],[116.95695,3.67291],[116.95703,3.67119],[116.95711,3.66925],[116.95726,3.66582],[116.95736,3.66355],[116.95699,3.66306],[116.95243,3.65707],[116.93517,3.63404],[116.91859,3.61158]]]]},"properties":{"kdprov":"65","kdkab":"03","kdkec":"020","kddesa":"005","kdsls":"0003","idsls":"65030200050003","nmprov":"KALIMANTAN UTARA","nmkab":"TANA TIDUNG","nmkec":"SESAYAP","nmdesa":"TIDENG PALE TIMUR","nmsls":"RT 003"}},{"type":"Feature","geometry":{"type":"MultiPolygon","coordinates":[[[[116.91967,3.60338],[116.91856,3.60165],[116.916,3.60379],[116.91588,3.60393],[116.91581,3.60402],[116.91543,3.60447],[116.91547,3.60451],[116.91547,3.60452],[116.91548,3.60452],[116.91548,3.60453],[116.91735,3.60654],[116.92014,3.60626],[116.92287,3.606],[116.92366,3.60592],[116.92366,3.60592],[116.91967,3.60338]]]]},"properties":{"kdprov":"65","kdkab":"03","kdkec":"020","kddesa":"005","kdsls":"0005","idsls":"65030200050005","nmprov":"KALIMANTAN UTARA","nmkab":"TANA TIDUNG","nmkec":"SESAYAP","nmdesa":"TIDENG PALE TIMUR","nmsls":"RT 005"}},{"type":"Feature","geometry":{"type":"MultiPolygon","coordinates":[[[[116.93908,3.57467],[116.9402,3.57829],[116.94052,3.57947],[116.94112,3.58102],[116.94133,3.58152],[116.94128,3.58154],[116.94112,3.5816],[116.94093,3.58165],[116.94075,3.58174],[116.9406,3.58191],[116.94034,3.58241],[116.94037,3.58281],[116.94049,3.58332],[116.94054,3.58381],[116.94052,3.58421],[116.94049,3.58436],[116.94038,3.58488],[116.93997,3.58539],[116.93917,3.5862],[116.93785,3.58712],[116.93691,3.58783],[116.93555,3.58847],[116.93523,3.58863],[116.935,3.58869],[116.93266,3.58824],[116.9324,3.5882],[116.93212,3.58821],[116.93184,3.58833],[116.93136,3.58882],[116.93054,3.5896],[116.92978,3.59032],[116.92906,3.591],[116.92835,3.5916],[116.92793,3.59192],[116.92717,3.5924],[116.92655,3.59275],[116.92602,3.59325],[116.92586,3.59356],[116.92527,3.59457],[116.92528,3.59457],[116.92529,3.59458],[116.92567,3.59482],[116.94887,3.6157],[116.94808,3.60605],[116.94758,3.59987],[116.94641,3.58556],[116.94625,3.58359],[116.9462,3.58291],[116.9462,3.5829],[116.9462,3.58288],[116.9462,3.58286],[116.94621,3.58284],[116.94621,3.58284],[116.94676,3.58012],[116.94793,3.57441],[116.93908,3.57467]]]]},"properties":{"kdprov":"65","kdkab":"03","kdkec":"020","kddesa":"006","kdsls":"0004","idsls":"65030200060004","nmprov":"KALIMANTAN UTARA","nmkab":"TANA TIDUNG","nmkec":"SESAYAP","nmdesa":"SEBIDAI","nmsls":"RT 004"}}]}