{"type":"FeatureCollection","features":[{"type":"Feature","geometry":{"type":"MultiPolygon","coordinates":[[[[117.00761,3.58641],[117.00757,3.5861],[117.00757,3.5859],[117.00754,3.58575],[117.00754,3.58574],[117.0075,3.58556],[117.00704,3.58568],[117.0066,3.58577],[117.00595,3.58595],[117.00549,3.58605],[117.00499,3.58621],[117.00499,3.58622],[117.00513,3.58698],[117.00513,3.58698],[117.00513,3.58698],[117.00516,3.58697],[117.00521,3.58696],[117.00534,3.58692],[117.00539,3.58691],[117.00548,3.58689],[117.00565,3.58684],[117.00574,3.58682],[117.00582,3.5868],[117.00591,3.58678],[117.006,3.58676],[117.00617,3.58672],[117.00628,3.58669],[117.00646,3.58666],[117.00664,3.58662],[117.00682,3.58659],[117.00699,3.58655],[117.00717,3.58651],[117.00725,3.58649],[117.00743,3.58645],[117.00761,3.58641]]]]},"properties":{"kdprov":"65","kdkab":"03","kdkec":"040","kddesa":"002","kdsls":"0002","idsls":"65030400020002","nmprov":"KALIMANTAN UTARA","nmkab":"TANA TIDUNG","nmkec":"SESAYAP HILIR","nmdesa":"SESAYAP","nmsls":"RT 002"}},{"type":"Feature","geometry":{"type":"MultiPolygon","coordinates":[[[[117.0075,3.58556],[117.00749,3.5855],[117.00748,3.58544],[117.00746,3.58532],[117.00743,3.58533],[117.00741,3.58525],[117.00739,3.58518],[117.00729,3.58521],[117.00724,3.58489],[117.00714,3.58492],[117.00709,3.5847],[117.00725,3.58466],[117.00724,3.5846],[117.00717,3.58422],[117.00713,3.58404],[117.0051,3.58483],[117.0049,3.58498],[117.00483,3.58503],[117.00462,3.58519],[117.00429,3.58543],[117.00429,3.58543],[117.00425,3.58546],[117.00435,3.58574],[117.00452,3.58582],[117.00454,3.58583],[117.00458,3.58589],[117.00463,3.58602],[117.00467,3.58612],[117.00472,3.5861],[117.00481,3.58607],[117.00482,3.58607],[117.00493,3.58603],[117.00495,3.58602],[117.00499,3.58621],[117.00549,3.58605],[117.00595,3.58595],[117.0066,3.58577],[117.00704,3.58568],[117.0075,3.58556]]]]},"properties":{"kdprov":"65","kdkab":"03","kdkec":"040","kddesa":"002","kdsls":"0003","idsls":"65030400020003","nmprov":"KALIMANTAN UTARA","nmkab":"TANA TIDUNG","nmkec":"SESAYAP HILIR","nmdesa":"SESAYAP","nmsls":"RT 003"}},{"type":"Feature","geometry":{"type":"MultiPolygon","coordinates":[[[[117.2045,3.56264],[117.20402,3.56154],[117.20396,3.56137],[117.20378,3.5609],[117.20366,3.5606],[117.2015,3.56114],[117.20002,3.56144],[117.19924,3.56143],[117.15069,3.56098],[117.15064,3.56098],[117.15059,3.56368],[117.16064,3.56392],[117.16662,3.56407],[117.16748,3.56409],[117.17591,3.5643],[117.18127,3.56443],[117.19671,3.5639],[117.19972,3.56379],[117.20151,3.56367],[117.20202,3.56349],[117.2045,3.56264]]]]},"properties":{"kdprov":"65","kdkab":"03","kdkec":"040","kddesa":"004","kdsls":"0003","idsls":"65030400040003","nmprov":"KALIMANTAN UTARA","nmkab":"TANA TIDUNG","nmkec":"SESAYAP HILIR","nmdesa":"BANDAN BIKIS","nmsls":"RT 003"}},{"type":"Feature","geometry":{"type":"MultiPolygon","coordinates":[[[[117.15072,3.54605],[117.15073,3.54714],[117.15074,3.54783],[117.18192,3.54661],[117.18214,3.54654],[117.19227,3.54453],[117.19315,3.54413],[117.19401,3.54382],[117.1948,3.5433],[117.195,3.54322],[117.19521,3.54312],[117.19509,3.54283],[117.19494,3.54245],[117.19447,3.54132],[117.19437,3.54108],[117.19314,3.54147],[117.18802,3.54347],[117.1878,3.54356],[117.18663,3.54386],[117.18647,3.5439],[117.18406,3.54453],[117.18186,3.54511],[117.15072,3.54605]]]]},"properties":{"kdprov":"65","kdkab":"03","kdkec":"040","kddesa":"005","kdsls":"0003","idsls":"65030400050003","nmprov":"KALIMANTAN UTARA","nmkab":"TANA TIDUNG","nmkec":"SESAYAP HILIR","nmdesa":"BEBATU","nmsls":"RT 003"}},{"type":"Feature","geometry":{"type":"MultiPolygon","coordinates":[[[[117.10432,3.53752],[117.10432,3.53748],[117.10322,3.53674],[117.10237,3.53617],[117.10124,3.5354],[117.10123,3.5354],[117.10122,3.53539],[117.10084,3.53511],[117.09383,3.5343],[117.08471,3.53276],[117.08225,3.53234],[117.08225,3.53234],[117.08212,3.53235],[117.07739,3.53265],[117.06182,3.53414],[117.05998,3.53432],[117.05918,3.5344],[117.05918,3.5344],[117.05524,3.53481],[117.04624,3.53574],[117.04409,3.53721],[117.02742,3.5486],[117.02271,3.55183],[117.02234,3.55208],[117.02198,3.55232],[117.01965,3.55392],[117.01947,3.55404],[117.01944,3.55407],[117.01745,3.55614],[117.01191,3.5619],[117.01351,3.56408],[117.01431,3.56526],[117.0182,3.57073],[117.01112,3.57448],[117.00955,3.57529],[117.00974,3.57579],[117.01015,3.57671],[117.01116,3.57901],[117.012,3.58254],[117.01204,3.58282],[117.01209,3.58317],[117.01224,3.58436],[117.01224,3.58439],[117.01224,3.5844],[117.01227,3.58458],[117.01224,3.58458],[117.01238,3.58579],[117.01238,3.58579],[117.01248,3.58578],[117.01267,3.58578],[117.01702,3.58571],[117.0171,3.58572],[117.01727,3.58574],[117.01745,3.58574],[117.01754,3.58575],[117.01771,3.58575],[117.01789,3.58576],[117.01802,3.58576],[117.01811,3.58578],[117.0182,3.5858],[117.01829,3.58582],[117.01899,3.58596],[117.0205,3.58616],[117.02206,3.58639],[117.02356,3.58665],[117.02464,3.58691],[117.02578,3.58725],[117.02713,3.58746],[117.02842,3.58797],[117.0314,3.58878],[117.0314,3.58878],[117.03144,3.58889],[117.03152,3.58892],[117.03169,3.58898],[117.03178,3.58901],[117.03195,3.58907],[117.03203,3.58909],[117.03216,3.58914],[117.03224,3.58917],[117.03241,3.58924],[117.03249,3.58927],[117.03258,3.58931],[117.03266,3.58934],[117.03274,3.58938],[117.03291,3.58945],[117.03299,3.58948],[117.03308,3.58952],[117.03325,3.58958],[117.03334,3.58961],[117.03342,3.58963],[117.03359,3.58969],[117.03376,3.58975],[117.03393,3.58981],[117.03407,3.58986],[117.03416,3.58989],[117.03427,3.58994],[117.03436,3.58997],[117.03452,3.59003],[117.03461,3.59006],[117.03466,3.59008],[117.03469,3.59009],[117.03486,3.59016],[117.03495,3.59019],[117.03503,3.59022],[117.0352,3.59028],[117.03531,3.59032],[117.03539,3.59037],[117.03546,3.59041],[117.03562,3.5905],[117.0357,3.59055],[117.03578,3.59059],[117.03594,3.59068],[117.03601,3.59072],[117.03609,3.59077],[117.0361,3.59077],[117.03625,3.59086],[117.0364,3.59094],[117.03648,3.59098],[117.03656,3.59101],[117.03672,3.59109],[117.03681,3.59112],[117.03689,3.59116],[117.03705,3.59123],[117.03714,3.59127],[117.03722,3.59131],[117.03727,3.59133],[117.03738,3.59138],[117.03746,3.59142],[117.03762,3.59149],[117.03778,3.59157],[117.03786,3.59161],[117.03794,3.59165],[117.03809,3.59173],[117.0381,3.59173],[117.03826,3.59181],[117.03834,3.59185],[117.03843,3.59189],[117.03859,3.59197],[117.03875,3.59205],[117.03891,3.59214],[117.039,3.59218],[117.03908,3.59221],[117.03924,3.59229],[117.03932,3.59233],[117.03949,3.59241],[117.03957,3.59244],[117.03973,3.59252],[117.03981,3.59256],[117.03989,3.5926],[117.04006,3.59267],[117.04021,3.59275],[117.04037,3.59282],[117.04054,3.5929],[117.04061,3.59293],[117.0407,3.59297],[117.04079,3.59302],[117.04086,3.59305],[117.04095,3.59309],[117.04111,3.59316],[117.04127,3.59324],[117.04136,3.59328],[117.04144,3.59332],[117.0416,3.59341],[117.04171,3.59346],[117.04176,3.59349],[117.04184,3.59354],[117.042,3.59362],[117.04216,3.59371],[117.04232,3.59379],[117.04247,3.59388],[117.04257,3.59393],[117.04265,3.59397],[117.04273,3.59401],[117.0429,3.59409],[117.04298,3.59413],[117.04314,3.59421],[117.04322,3.59424],[117.04339,3.59432],[117.04347,3.59436],[117.04363,3.59444],[117.04371,3.59448],[117.04379,3.59452],[117.04395,3.5946],[117.04403,3.59465],[117.04411,3.59469],[117.04427,3.59477],[117.04435,3.59481],[117.04445,3.59485],[117.04453,3.5949],[117.04461,3.59494],[117.04476,3.59503],[117.04484,3.59507],[117.04492,3.59511],[117.04508,3.5952],[117.04516,3.59525],[117.04524,3.59529],[117.04532,3.59534],[117.04548,3.59542],[117.04556,3.59546],[117.04572,3.59554],[117.0458,3.59558],[117.04588,3.59563],[117.04604,3.59571],[117.0462,3.59579],[117.04628,3.59583],[117.04639,3.59589],[117.04655,3.59598],[117.04663,3.59603],[117.0467,3.59607],[117.04678,3.59612],[117.04686,3.59616],[117.04694,3.59621],[117.04701,3.59626],[117.04717,3.59635],[117.04725,3.59639],[117.0474,3.59649],[117.04748,3.59653],[117.04756,3.59658],[117.04763,3.59662],[117.04779,3.59672],[117.04787,3.59676],[117.04803,3.59685],[117.04811,3.59689],[117.04827,3.59698],[117.04843,3.59706],[117.04855,3.59713],[117.04871,3.59722],[117.04878,3.59727],[117.04886,3.59731],[117.04902,3.5974],[117.04917,3.5975],[117.04925,3.59754],[117.04933,3.59759],[117.04948,3.59768],[117.04956,3.59773],[117.04971,3.59782],[117.04979,3.59787],[117.04987,3.59791],[117.05002,3.59801],[117.05011,3.59806],[117.05026,3.59815],[117.05034,3.5982],[117.05042,3.59825],[117.05057,3.59834],[117.05072,3.59843],[117.05088,3.59853],[117.05096,3.59857],[117.05111,3.59867],[117.05126,3.59876],[117.05141,3.59886],[117.05149,3.59891],[117.05164,3.59901],[117.05171,3.59906],[117.05179,3.59911],[117.05194,3.59921],[117.05201,3.59926],[117.05215,3.59936],[117.0523,3.59946],[117.05237,3.59951],[117.05252,3.59961],[117.0526,3.59966],[117.05275,3.59977],[117.05282,3.59982],[117.05297,3.59992],[117.05304,3.59997],[117.05319,3.60007],[117.05327,3.60012],[117.05334,3.60017],[117.05347,3.60026],[117.05362,3.60037],[117.0537,3.60042],[117.05377,3.60047],[117.05392,3.60057],[117.05393,3.60057],[117.054,3.60062],[117.05407,3.60067],[117.05422,3.60077],[117.05429,3.60082],[117.05429,3.60082],[117.05444,3.60092],[117.05452,3.60097],[117.05459,3.60103],[117.05474,3.60113],[117.05486,3.60121],[117.05494,3.60125],[117.05501,3.60129],[117.05516,3.60138],[117.05517,3.60138],[117.05533,3.60147],[117.05541,3.60152],[117.05548,3.60156],[117.05564,3.60165],[117.05572,3.60169],[117.05584,3.60176],[117.05599,3.60186],[117.05614,3.60195],[117.0563,3.60205],[117.05645,3.60214],[117.05653,3.60219],[117.05668,3.60228],[117.05684,3.60238],[117.05698,3.60248],[117.05713,3.60258],[117.0572,3.60264],[117.05727,3.60269],[117.05742,3.6028],[117.05756,3.6029],[117.05764,3.60296],[117.05773,3.60302],[117.05778,3.60306],[117.05786,3.60312],[117.05802,3.60321],[117.05809,3.60326],[117.05824,3.60336],[117.05832,3.60341],[117.05839,3.60346],[117.05854,3.60356],[117.05868,3.60365],[117.05884,3.60374],[117.05899,3.60383],[117.05907,3.60388],[117.05911,3.6039],[117.05922,3.60397],[117.05938,3.60407],[117.05953,3.60416],[117.05961,3.60421],[117.05971,3.60427],[117.05986,3.60436],[117.06002,3.60445],[117.06017,3.60455],[117.06025,3.60459],[117.06033,3.60464],[117.06048,3.60473],[117.06064,3.60482],[117.06073,3.60488],[117.06081,3.60493],[117.06089,3.60497],[117.06096,3.60502],[117.06104,3.60507],[117.0612,3.60516],[117.06127,3.6052],[117.06143,3.6053],[117.0615,3.60534],[117.06158,3.60539],[117.06166,3.60544],[117.06181,3.60553],[117.0619,3.60557],[117.06198,3.60561],[117.06214,3.6057],[117.06222,3.60574],[117.0623,3.60578],[117.06238,3.60582],[117.06245,3.60587],[117.06253,3.60591],[117.06261,3.60595],[117.06277,3.60603],[117.06285,3.60607],[117.06293,3.60612],[117.06301,3.60616],[117.06311,3.60621],[117.06319,3.60625],[117.06327,3.60629],[117.06344,3.60637],[117.06352,3.60641],[117.06368,3.6065],[117.06376,3.60654],[117.06384,3.60658],[117.06392,3.60662],[117.06408,3.6067],[117.06416,3.60674],[117.06427,3.6068],[117.06435,3.60684],[117.06443,3.60688],[117.06451,3.60692],[117.0646,3.60696],[117.06468,3.60699],[117.06476,3.60703],[117.06484,3.60707],[117.06492,3.60711],[117.065,3.60715],[117.06508,3.60719],[117.06516,3.60723],[117.06525,3.60727],[117.06533,3.60731],[117.06546,3.60737],[117.06562,3.60746],[117.06578,3.60754],[117.06586,3.60758],[117.06593,3.60763],[117.06609,3.60771],[117.06625,3.6078],[117.06641,3.60788],[117.06653,3.60795],[117.06661,3.60799],[117.06677,3.60808],[117.06685,3.60812],[117.06693,3.60817],[117.06701,3.60821],[117.06708,3.60825],[117.06724,3.60834],[117.06732,3.60838],[117.0674,3.60842],[117.06748,3.60847],[117.06756,3.60851],[117.06772,3.6086],[117.0678,3.60864],[117.0679,3.60869],[117.06798,3.60873],[117.06806,3.60878],[117.06814,3.60882],[117.06822,3.60886],[117.0683,3.6089],[117.06838,3.60894],[117.06846,3.60898],[117.06854,3.60902],[117.0687,3.60911],[117.06878,3.60915],[117.06886,3.60919],[117.06894,3.60923],[117.06902,3.60927],[117.06915,3.60934],[117.06923,3.60938],[117.06935,3.60945],[117.06944,3.60948],[117.06961,3.60955],[117.06969,3.60958],[117.06977,3.60961],[117.06986,3.60965],[117.07002,3.60971],[117.07011,3.60975],[117.07025,3.6098],[117.07041,3.60988],[117.07058,3.60996],[117.07066,3.61],[117.07082,3.61007],[117.07098,3.61015],[117.07107,3.61019],[117.07123,3.61027],[117.07131,3.6103],[117.07147,3.61038],[117.07161,3.61044],[117.07178,3.61051],[117.07186,3.61055],[117.07194,3.61059],[117.07211,3.61066],[117.07219,3.61069],[117.07234,3.61076],[117.07243,3.61079],[117.07251,3.61081],[117.07269,3.61087],[117.07277,3.61089],[117.07294,3.61095],[117.07303,3.61097],[117.07317,3.61102],[117.07326,3.61104],[117.07335,3.61106],[117.07353,3.6111],[117.07361,3.61112],[117.07379,3.61116],[117.07388,3.61118],[117.07403,3.61122],[117.07421,3.61124],[117.07439,3.61125],[117.07448,3.61126],[117.07466,3.61128],[117.07484,3.6113],[117.07487,3.6113],[117.07505,3.6113],[117.07514,3.6113],[117.07523,3.61129],[117.07541,3.61129],[117.07559,3.61128],[117.07568,3.61128],[117.07577,3.61128],[117.07595,3.61127],[117.07613,3.61127],[117.0763,3.61126],[117.07648,3.61125],[117.07666,3.61125],[117.07681,3.61124],[117.07684,3.61124],[117.07702,3.61124],[117.0772,3.61123],[117.07729,3.61123],[117.07738,3.61122],[117.07756,3.61122],[117.07762,3.61121],[117.0778,3.61119],[117.07789,3.61117],[117.07807,3.61114],[117.07824,3.61112],[117.07833,3.6111],[117.07851,3.61107],[117.0786,3.61106],[117.07878,3.61103],[117.07887,3.61102],[117.07904,3.61099],[117.07921,3.61096],[117.07939,3.61093],[117.07948,3.61092],[117.07966,3.61089],[117.07975,3.61088],[117.07992,3.61085],[117.08001,3.61084],[117.0801,3.61082],[117.08023,3.6108],[117.08041,3.61076],[117.08049,3.61074],[117.08058,3.61072],[117.08076,3.61067],[117.08084,3.61065],[117.08093,3.61063],[117.08111,3.61059],[117.0812,3.61057],[117.0813,3.61054],[117.08138,3.61052],[117.08147,3.6105],[117.08156,3.61047],[117.08173,3.61042],[117.08182,3.6104],[117.0819,3.61037],[117.08199,3.61035],[117.08208,3.61032],[117.08216,3.6103],[117.08225,3.61027],[117.08234,3.61025],[117.08251,3.6102],[117.08265,3.61016],[117.08283,3.61011],[117.08292,3.61009],[117.083,3.61007],[117.08318,3.61002],[117.08326,3.61],[117.08344,3.60995],[117.08353,3.60993],[117.08361,3.60991],[117.08379,3.60986],[117.08387,3.60984],[117.08399,3.60981],[117.08416,3.60976],[117.08425,3.60973],[117.08433,3.60971],[117.0845,3.60966],[117.08468,3.6096],[117.08485,3.60955],[117.08494,3.60953],[117.08511,3.60947],[117.08528,3.60942],[117.08538,3.60939],[117.08555,3.60934],[117.08564,3.60931],[117.08581,3.60926],[117.08589,3.60923],[117.08607,3.60918],[117.08619,3.60914],[117.08628,3.60912],[117.08646,3.60908],[117.08654,3.60906],[117.08663,3.60903],[117.08672,3.60901],[117.08681,3.60899],[117.08698,3.60895],[117.08712,3.60891],[117.08729,3.60887],[117.08738,3.60884],[117.08755,3.6088],[117.08773,3.60875],[117.08782,3.60873],[117.08799,3.60868],[117.08808,3.60866],[117.08817,3.60864],[117.08826,3.60862],[117.08844,3.60858],[117.08853,3.60856],[117.08861,3.60855],[117.0887,3.60853],[117.08888,3.60849],[117.08897,3.60847],[117.08907,3.60845],[117.08925,3.60843],[117.08934,3.60842],[117.08943,3.6084],[117.0896,3.60838],[117.08969,3.60837],[117.08978,3.60836],[117.08996,3.60833],[117.09005,3.60832],[117.09014,3.60831],[117.09032,3.60829],[117.0904,3.60828],[117.09058,3.60828],[117.09067,3.60828],[117.09081,3.60828],[117.09099,3.60828],[117.09108,3.60828],[117.09125,3.60829],[117.09143,3.60829],[117.09152,3.60829],[117.0917,3.60829],[117.09179,3.60829],[117.09197,3.60829],[117.09206,3.60829],[117.09224,3.60829],[117.09233,3.60829],[117.09251,3.60829],[117.0926,3.60829],[117.09273,3.6083],[117.09278,3.6083],[117.09288,3.6083],[117.09306,3.60831],[117.09324,3.60832],[117.09342,3.60833],[117.0936,3.60834],[117.09378,3.60835],[117.09388,3.60835],[117.09406,3.60835],[117.09415,3.60835],[117.09433,3.60835],[117.09451,3.60835],[117.0946,3.60834],[117.09469,3.60834],[117.09487,3.60834],[117.09489,3.60834],[117.09507,3.60836],[117.09525,3.60838],[117.09527,3.60839],[117.09544,3.60843],[117.0956,3.60846],[117.09577,3.6085],[117.09595,3.60854],[117.09604,3.60856],[117.09621,3.6086],[117.09633,3.60862],[117.09651,3.60865],[117.0966,3.60866],[117.09669,3.60867],[117.09678,3.60869],[117.09695,3.60872],[117.09712,3.60874],[117.0973,3.60877],[117.09747,3.6088],[117.09765,3.60883],[117.09783,3.60886],[117.09792,3.60888],[117.09809,3.60891],[117.09827,3.60894],[117.0984,3.60897],[117.09857,3.60901],[117.09875,3.60905],[117.09892,3.6091],[117.0991,3.60914],[117.09927,3.60918],[117.09937,3.60921],[117.09946,3.60923],[117.09954,3.60925],[117.09963,3.60927],[117.09972,3.60929],[117.09989,3.60934],[117.09998,3.60936],[117.10007,3.60938],[117.10016,3.6094],[117.10027,3.60943],[117.10036,3.60945],[117.10045,3.60946],[117.10063,3.6095],[117.10072,3.60952],[117.1008,3.60953],[117.10098,3.60957],[117.10107,3.60958],[117.10116,3.6096],[117.10133,3.60963],[117.10146,3.60966],[117.10155,3.60967],[117.10163,3.60969],[117.10181,3.60973],[117.1019,3.60975],[117.10205,3.60978],[117.10223,3.6098],[117.10232,3.60982],[117.10241,3.60983],[117.10259,3.60986],[117.10275,3.60988],[117.10292,3.60993],[117.10301,3.60996],[117.10318,3.61],[117.10327,3.61003],[117.10344,3.61008],[117.10353,3.6101],[117.1037,3.61015],[117.10381,3.61018],[117.10398,3.61024],[117.10415,3.6103],[117.10424,3.61032],[117.10427,3.61033],[117.10434,3.61032],[117.10434,3.59692],[117.10434,3.59501],[117.10433,3.55367],[117.10432,3.5403],[117.10432,3.53752]]]]},"properties":{"kdprov":"65","kdkab":"03","kdkec":"040","kddesa":"003","kdsls":"0001","idsls":"65030400030001","nmprov":"KALIMANTAN UTARA","nmkab":"TANA TIDUNG","nmkec":"SESAYAP HILIR","nmdesa":"SEPALA DALUNG","nmsls":"RT 001"}},{"type":"Feature","geometry":{"type":"MultiPolygon","coordinates":[[[[117.00513,3.58698],[117.00499,3.58622],[117.00499,3.58621],[117.00495,3.58602],[117.00493,3.58603],[117.00482,3.58607],[117.00481,3.58607],[117.00472,3.5861],[117.00467,3.58612],[117.00463,3.58602],[117.00458,3.58589],[117.00454,3.58583],[117.00452,3.58582],[117.00435,3.58574],[117.00425,3.58546],[117.00393,3.58542],[117.00379,3.5854],[117.00364,3.58538],[117.00252,3.58579],[117.00217,3.58591],[117.0018,3.58581],[117.00128,3.58561],[117.00126,3.58559],[117.00143,3.58543],[117.00149,3.58537],[117.00163,3.58523],[117.00148,3.58519],[117.00111,3.58513],[117.00069,3.58508],[117.00038,3.58505],[116.99995,3.58501],[116.99964,3.58496],[116.9974,3.58455],[116.99738,3.58454],[116.99296,3.58373],[116.99297,3.58379],[116.99304,3.58414],[116.99326,3.58486],[116.99335,3.58527],[116.99338,3.58573],[116.99327,3.58579],[116.99326,3.58579],[116.99321,3.58579],[116.99288,3.58584],[116.99286,3.58878],[116.99347,3.58896],[116.99489,3.58876],[116.99558,3.58867],[116.99563,3.58866],[116.99564,3.58866],[116.99879,3.58821],[116.99907,3.58817],[117.00002,3.58804],[117.00002,3.588],[117.00002,3.58797],[117.00088,3.58787],[117.00101,3.58783],[117.00173,3.58765],[117.0018,3.58763],[117.00189,3.5876],[117.00207,3.58756],[117.00224,3.58751],[117.00234,3.58749],[117.00243,3.58747],[117.00261,3.58745],[117.0027,3.58743],[117.00279,3.58742],[117.0028,3.58741],[117.00287,3.5874],[117.00296,3.58739],[117.00297,3.58739],[117.00314,3.58736],[117.00323,3.58735],[117.00332,3.58733],[117.00336,3.58732],[117.00348,3.58731],[117.00366,3.58727],[117.00379,3.58725],[117.00397,3.58721],[117.00414,3.58718],[117.00429,3.58715],[117.00438,3.58713],[117.00455,3.58709],[117.00469,3.58706],[117.00478,3.58705],[117.00496,3.58702],[117.00513,3.58698]]]]},"properties":{"kdprov":"65","kdkab":"03","kdkec":"040","kddesa":"002","kdsls":"0001","idsls":"65030400020001","nmprov":"KALIMANTAN UTARA","nmkab":"TANA TIDUNG","nmkec":"SESAYAP HILIR","nmdesa":"SESAYAP","nmsls":"RT 001"}},{"type":"Feature","geometry":{"type":"MultiPolygon","coordinates":[[[[116.96914,3.54516],[116.96888,3.546],[116.97505,3.55908],[116.97578,3.56061],[116.97609,3.56127],[116.98046,3.56118],[116.98063,3.56296],[116.98064,3.56296],[116.98077,3.56296],[116.98122,3.5629],[116.9818,3.56287],[116.98187,3.56286],[116.98248,3.56305],[116.98282,3.56293],[116.98321,3.5628],[116.98361,3.5624],[116.9837,3.56222],[116.98373,3.56217],[116.98354,3.56184],[116.98336,3.56158],[116.98352,3.56126],[116.98373,3.56097],[116.98382,3.56061],[116.98414,3.56023],[116.98431,3.56009],[116.98476,3.55996],[116.98505,3.56006],[116.98543,3.56017],[116.9857,3.56021],[116.986,3.56015],[116.9861,3.55991],[116.98623,3.55957],[116.98787,3.55946],[116.98813,3.56064],[116.98859,3.56195],[116.9886,3.56199],[116.99208,3.56357],[116.99256,3.56379],[116.99256,3.56379],[116.99259,3.5638],[116.99313,3.56405],[116.99328,3.56411],[116.99324,3.56423],[116.99311,3.56469],[116.99311,3.56471],[116.99303,3.56515],[116.99301,3.56522],[116.99292,3.56574],[116.99286,3.56603],[116.99289,3.56605],[116.99309,3.56626],[116.99421,3.56739],[116.99587,3.56908],[116.99651,3.56972],[117.00066,3.56806],[116.99858,3.56269],[116.9945,3.55213],[116.99411,3.55205],[116.99383,3.55207],[116.99345,3.55213],[116.99294,3.55223],[116.99263,3.55227],[116.99221,3.55225],[116.99194,3.55229],[116.99152,3.55249],[116.99133,3.55261],[116.99103,3.55308],[116.99081,3.55343],[116.99057,3.55366],[116.99033,3.55383],[116.99021,3.55418],[116.98999,3.5544],[116.98959,3.55469],[116.9891,3.55488],[116.98866,3.55491],[116.9881,3.55482],[116.98765,3.55468],[116.98754,3.5547],[116.98683,3.55482],[116.98544,3.55454],[116.98505,3.55408],[116.98464,3.55359],[116.98353,3.54975],[116.98295,3.54888],[116.98183,3.54604],[116.98027,3.54361],[116.97908,3.54339],[116.97378,3.54433],[116.97067,3.54489],[116.96914,3.54516]]]]},"properties":{"kdprov":"65","kdkab":"03","kdkec":"040","kddesa":"001","kdsls":"0002","idsls":"65030400010002","nmprov":"KALIMANTAN UTARA","nmkab":"TANA TIDUNG","nmkec":"SESAYAP HILIR","nmdesa":"SELUDAU","nmsls":"RT 002"}},{"type":"Feature","geometry":{"type":"MultiPolygon","coordinates":[[[[116.9991,3.57185],[116.99954,3.57171],[117.00008,3.57153],[117.00019,3.5715],[117.00052,3.57139],[117.00035,3.5718],[117.00022,3.57209],[117.00028,3.57235],[117.00032,3.57255],[117.00034,3.57264],[117.00078,3.57312],[117.00089,3.57313],[117.00105,3.57298],[117.00112,3.57293],[117.00149,3.57275],[117.00245,3.57174],[117.00494,3.56915],[117.00823,3.56573],[117.00955,3.56435],[117.01016,3.56373],[117.01191,3.5619],[117.01745,3.55614],[117.01944,3.55407],[117.0194,3.55403],[117.01938,3.55403],[117.01934,3.55402],[117.01764,3.55358],[117.0124,3.55233],[117.01137,3.55209],[117.01036,3.55198],[117.01008,3.55204],[117.00959,3.55234],[117.00934,3.55254],[117.00906,3.55263],[117.00886,3.55261],[117.0084,3.55251],[117.00774,3.5523],[117.00728,3.55227],[117.00678,3.55239],[117.00632,3.55236],[117.00573,3.55212],[117.00518,3.55202],[117.0047,3.55204],[117.00419,3.55217],[117.00369,3.55225],[117.00317,3.55243],[117.0026,3.55258],[117.00166,3.55263],[117.0008,3.55282],[117.00021,3.55289],[116.99979,3.55283],[116.99901,3.55278],[116.99867,3.55276],[116.99818,3.55284],[116.99778,3.55285],[116.99742,3.55271],[116.99709,3.55265],[116.99657,3.55267],[116.9962,3.55267],[116.99568,3.55269],[116.9953,3.55263],[116.99502,3.55254],[116.99472,3.55232],[116.9945,3.55213],[116.99858,3.56269],[117.00066,3.56806],[116.99651,3.56972],[116.99799,3.57123],[116.99831,3.57155],[116.99858,3.57182],[116.99873,3.57197],[116.9991,3.57185]]]]},"properties":{"kdprov":"65","kdkab":"03","kdkec":"040","kddesa":"001","kdsls":"0001","idsls":"65030400010001","nmprov":"KALIMANTAN UTARA","nmkab":"TANA TIDUNG","nmkec":"SESAYAP HILIR","nmdesa":"SELUDAU","nmsls":"RT 001"}},{"type":"Feature","geometry":{"type":"MultiPolygon","coordinates":[[[[117.00149,3.57275],[117.00112,3.57293],[117.00105,3.57298],[117.00089,3.57313],[117.00078,3.57312],[117.00034,3.57264],[117.00032,3.57255],[117.00028,3.57235],[117.00022,3.57209],[117.00035,3.5718],[117.00052,3.57139],[117.00019,3.5715],[117.00008,3.57153],[116.99954,3.57171],[116.9991,3.57185],[116.99924,3.57206],[116.99931,3.57221],[116.99932,3.57223],[116.99942,3.57245],[116.99976,3.5728],[117.00001,3.57303],[117.00037,3.57354],[117.00083,3.57409],[117.00087,3.57415],[117.00129,3.57464],[117.00149,3.575],[117.0016,3.57545],[117.0016,3.57621],[117.00167,3.577],[117.00171,3.57742],[117.00198,3.57807],[117.00203,3.5782],[117.00213,3.57845],[117.00287,3.57894],[117.00322,3.57915],[117.00389,3.57981],[117.00404,3.57995],[117.00418,3.58006],[117.00592,3.58095],[117.00632,3.58118],[117.00656,3.58148],[117.00678,3.58189],[117.00696,3.58235],[117.0071,3.58269],[117.00711,3.5827],[117.0072,3.583],[117.00729,3.58345],[117.00703,3.58352],[117.00713,3.58404],[117.00717,3.58422],[117.00724,3.5846],[117.00725,3.58466],[117.00709,3.5847],[117.00714,3.58492],[117.00724,3.58489],[117.00729,3.58521],[117.00739,3.58518],[117.00741,3.58525],[117.00743,3.58533],[117.00746,3.58532],[117.00748,3.58544],[117.00749,3.5855],[117.0075,3.58556],[117.00754,3.58574],[117.00754,3.58575],[117.00757,3.5859],[117.00757,3.5861],[117.00761,3.58641],[117.0078,3.58638],[117.00781,3.58638],[117.00796,3.58635],[117.00805,3.58633],[117.00822,3.5863],[117.00787,3.58594],[117.00785,3.58565],[117.00788,3.58563],[117.00788,3.5854],[117.00779,3.58478],[117.00779,3.58467],[117.00775,3.58416],[117.00787,3.58413],[117.00779,3.58358],[117.00789,3.58357],[117.00789,3.58327],[117.00788,3.58294],[117.00787,3.58239],[117.00786,3.58236],[117.00737,3.58111],[117.00732,3.58099],[117.0066,3.57948],[117.00555,3.57724],[117.00536,3.57683],[117.00477,3.57559],[117.00436,3.57473],[117.00436,3.57467],[117.00413,3.57436],[117.00395,3.57407],[117.00367,3.57372],[117.00318,3.5731],[117.0021,3.57296],[117.00191,3.57289],[117.00175,3.57278],[117.00149,3.57275]]]]},"properties":{"kdprov":"65","kdkab":"03","kdkec":"040","kddesa":"002","kdsls":"0004","idsls":"65030400020004","nmprov":"KALIMANTAN UTARA","nmkab":"TANA TIDUNG","nmkec":"SESAYAP HILIR","nmdesa":"SESAYAP","nmsls":"RT 004"}},{"type":"Feature","geometry":{"type":"MultiPolygon","coordinates":[[[[116.9991,3.57185],[116.99873,3.57197],[116.99858,3.57182],[116.99831,3.57155],[116.99799,3.57123],[116.99651,3.56972],[116.99587,3.56908],[116.99421,3.56739],[116.99309,3.56626],[116.99289,3.56605],[116.99286,3.56603],[116.99288,3.56629],[116.99289,3.56631],[116.99299,3.56682],[116.9929,3.56758],[116.9928,3.5682],[116.99279,3.56821],[116.99278,3.56827],[116.9927,3.56858],[116.99269,3.5686],[116.99259,3.56891],[116.99254,3.56903],[116.99254,3.56904],[116.9924,3.56925],[116.99236,3.56943],[116.99234,3.5696],[116.99234,3.56962],[116.99233,3.56962],[116.99234,3.56967],[116.99234,3.56983],[116.99252,3.57033],[116.99275,3.57079],[116.99281,3.57098],[116.99282,3.57103],[116.99287,3.57121],[116.99285,3.57133],[116.99282,3.5716],[116.99273,3.57195],[116.99261,3.57238],[116.99255,3.57278],[116.99253,3.57307],[116.99249,3.57329],[116.99244,3.57362],[116.99243,3.57411],[116.99248,3.57446],[116.99263,3.57484],[116.99273,3.57509],[116.99307,3.57572],[116.99316,3.57602],[116.99344,3.57646],[116.99355,3.5767],[117.00485,3.58377],[117.00512,3.58433],[117.00495,3.58443],[117.00509,3.58481],[117.0051,3.58483],[117.00713,3.58404],[117.00703,3.58352],[117.00729,3.58345],[117.0072,3.583],[117.00711,3.5827],[117.0071,3.58269],[117.00696,3.58235],[117.00678,3.58189],[117.00656,3.58148],[117.00632,3.58118],[117.00592,3.58095],[117.00418,3.58006],[117.00404,3.57995],[117.00389,3.57981],[117.00322,3.57915],[117.00287,3.57894],[117.00213,3.57845],[117.00203,3.5782],[117.00198,3.57807],[117.00171,3.57742],[117.00167,3.577],[117.0016,3.57621],[117.0016,3.57545],[117.00149,3.575],[117.00129,3.57464],[117.00087,3.57415],[117.00083,3.57409],[117.00037,3.57354],[117.00001,3.57303],[116.99976,3.5728],[116.99942,3.57245],[116.99932,3.57223],[116.99931,3.57221],[116.99924,3.57206],[116.9991,3.57185]]]]},"properties":{"kdprov":"65","kdkab":"03","kdkec":"040","kddesa":"002","kdsls":"0005","idsls":"65030400020005","nmprov":"KALIMANTAN UTARA","nmkab":"TANA TIDUNG","nmkec":"SESAYAP HILIR","nmdesa":"SESAYAP","nmsls":"RT 005"}},{"type":"Feature","geometry":{"type":"MultiPolygon","coordinates":[[[[117.00822,3.5863],[117.00805,3.58633],[117.00796,3.58635],[117.00781,3.58638],[117.0078,3.58638],[117.00761,3.58641],[117.00743,3.58645],[117.00725,3.58649],[117.00717,3.58651],[117.00699,3.58655],[117.00682,3.58659],[117.00664,3.58662],[117.00646,3.58666],[117.00628,3.58669],[117.00617,3.58672],[117.006,3.58676],[117.00591,3.58678],[117.00582,3.5868],[117.00574,3.58682],[117.00565,3.58684],[117.00548,3.58689],[117.00539,3.58691],[117.00534,3.58692],[117.00521,3.58696],[117.00516,3.58697],[117.00513,3.58698],[117.00513,3.58698],[117.00513,3.58698],[117.00496,3.58702],[117.00478,3.58705],[117.00469,3.58706],[117.00455,3.58709],[117.00438,3.58713],[117.00429,3.58715],[117.00414,3.58718],[117.00397,3.58721],[117.00379,3.58725],[117.00366,3.58727],[117.00348,3.58731],[117.00336,3.58732],[117.00332,3.58733],[117.00323,3.58735],[117.00314,3.58736],[117.00297,3.58739],[117.00296,3.58739],[117.00287,3.5874],[117.0028,3.58741],[117.00279,3.58742],[117.0027,3.58743],[117.00261,3.58745],[117.00243,3.58747],[117.00234,3.58749],[117.00224,3.58751],[117.00207,3.58756],[117.00189,3.5876],[117.0018,3.58763],[117.00173,3.58765],[117.00101,3.58783],[117.00088,3.58787],[117.00002,3.58797],[117.00002,3.588],[117.00002,3.58804],[116.99907,3.58817],[116.99879,3.58821],[116.99564,3.58866],[116.99563,3.58866],[116.99558,3.58867],[116.99489,3.58876],[116.99347,3.58896],[116.99286,3.58878],[116.9924,3.58885],[116.99206,3.58889],[116.98987,3.58916],[116.98844,3.5892],[116.98834,3.5892],[116.98814,3.58911],[116.9876,3.58887],[116.98655,3.58916],[116.98536,3.58932],[116.98372,3.58923],[116.98263,3.58912],[116.98253,3.58911],[116.98117,3.5893],[116.98042,3.58931],[116.97986,3.58932],[116.97862,3.58939],[116.97645,3.58942],[116.97362,3.58992],[116.97126,3.59016],[116.96833,3.59117],[116.9674,3.59164],[116.96467,3.59305],[116.96358,3.59384],[116.96316,3.59414],[116.96262,3.59453],[116.96177,3.59514],[116.96178,3.59516],[116.96133,3.59563],[116.96133,3.59564],[116.96135,3.59566],[116.96154,3.59603],[116.96178,3.59631],[116.96202,3.59668],[116.96233,3.59712],[116.9626,3.59749],[116.96268,3.59771],[116.96276,3.59803],[116.96285,3.59838],[116.96298,3.59894],[116.96307,3.59925],[116.9631,3.59953],[116.9631,3.59953],[116.96297,3.60014],[116.96294,3.60049],[116.96285,3.60102],[116.9628,3.60146],[116.96271,3.60206],[116.96269,3.60217],[116.96258,3.60257],[116.96249,3.60289],[116.96233,3.60338],[116.9621,3.60412],[116.96194,3.60488],[116.96173,3.60578],[116.96145,3.60675],[116.9612,3.60772],[116.9611,3.60816],[116.96086,3.60904],[116.96075,3.60957],[116.96062,3.61007],[116.96061,3.61013],[116.96038,3.6107],[116.96024,3.61119],[116.96003,3.61186],[116.95982,3.61239],[116.95957,3.61311],[116.95936,3.6138],[116.95912,3.61438],[116.95889,3.61505],[116.95875,3.61556],[116.95838,3.61646],[116.95817,3.61722],[116.95794,3.61769],[116.95766,3.61833],[116.95743,3.61891],[116.95741,3.61896],[116.95717,3.61954],[116.95704,3.61986],[116.95675,3.62055],[116.9567,3.62125],[116.95665,3.62192],[116.95663,3.62254],[116.95663,3.6231],[116.95663,3.6237],[116.95663,3.6243],[116.95663,3.62495],[116.95661,3.62538],[116.9565,3.62626],[116.95639,3.62728],[116.9563,3.62832],[116.95625,3.62888],[116.95625,3.62952],[116.95624,3.62966],[116.95612,3.632],[116.95608,3.63255],[116.95594,3.63338],[116.95594,3.63338],[116.95585,3.63392],[116.95598,3.63447],[116.95612,3.63549],[116.95626,3.63613],[116.95628,3.63655],[116.95647,3.63699],[116.95664,3.63773],[116.95687,3.63847],[116.95701,3.63893],[116.95741,3.63967],[116.95778,3.64043],[116.95815,3.6412],[116.95842,3.6418],[116.95868,3.64249],[116.95886,3.64312],[116.9591,3.64374],[116.95936,3.64439],[116.95959,3.64501],[116.95987,3.64566],[116.96024,3.6464],[116.96058,3.64723],[116.96088,3.64783],[116.96112,3.64832],[116.96137,3.64883],[116.9618,3.64966],[116.96208,3.65012],[116.96233,3.65049],[116.96263,3.65086],[116.96288,3.65119],[116.96302,3.65139],[116.96342,3.65188],[116.96386,3.65232],[116.96453,3.6531],[116.96485,3.65352],[116.96583,3.6546],[116.96636,3.65504],[116.96701,3.65574],[116.96773,3.65641],[116.96824,3.65699],[116.96863,3.65752],[116.96909,3.65805],[116.96948,3.65849],[116.96981,3.65888],[116.97013,3.65909],[116.97059,3.65951],[116.97101,3.6599],[116.97147,3.66031],[116.97181,3.66048],[116.97239,3.66088],[116.97293,3.66117],[116.97347,3.66142],[116.9742,3.66186],[116.97496,3.66222],[116.97568,3.66258],[116.97633,3.66301],[116.97674,3.66326],[116.97712,3.66348],[116.97757,3.66366],[116.97826,3.66388],[116.97902,3.66406],[116.97974,3.66431],[116.98054,3.66467],[116.98126,3.665],[116.98187,3.66533],[116.98259,3.66569],[116.98343,3.66616],[116.984,3.66648],[116.98451,3.66681],[116.98509,3.66713],[116.98574,3.66753],[116.9863,3.66782],[116.98648,3.66821],[116.9868,3.66883],[116.98713,3.66937],[116.98753,3.67006],[116.98789,3.67056],[116.98814,3.671],[116.98846,3.67154],[116.9889,3.67219],[116.9893,3.67277],[116.98966,3.67356],[116.98987,3.67436],[116.9902,3.67515],[116.99047,3.67594],[116.99051,3.67663],[116.99051,3.67754],[116.99058,3.67822],[116.99061,3.67891],[116.99069,3.6796],[116.99079,3.68068],[116.99087,3.68158],[116.99097,3.68263],[116.99108,3.68371],[116.99113,3.68577],[116.99113,3.68681],[116.99122,3.68807],[116.99118,3.68925],[116.99122,3.69002],[116.99127,3.69097],[116.99131,3.69178],[116.9914,3.69264],[116.99154,3.69358],[116.99158,3.69507],[116.99172,3.6967],[116.99177,3.69777],[116.99188,3.69907],[116.99194,3.70031],[116.99188,3.7015],[116.992,3.70291],[116.99211,3.70522],[116.99212,3.70562],[116.99218,3.70741],[116.99225,3.70929],[116.99239,3.71317],[116.99241,3.71375],[116.99253,3.71726],[116.99264,3.72006],[116.99285,3.72602],[116.99305,3.73171],[117.00344,3.72972],[117.00446,3.72953],[117.00966,3.72851],[117.01448,3.72712],[117.01866,3.72624],[117.01842,3.71886],[117.01837,3.71731],[117.01792,3.70374],[117.01786,3.70208],[117.01786,3.70162],[117.01786,3.68986],[117.01786,3.65472],[117.01786,3.65238],[117.01786,3.6349],[116.99951,3.63519],[116.99932,3.60225],[116.99838,3.59796],[117,3.59776],[117,3.59781],[117.00059,3.59777],[117.00068,3.59775],[117.00085,3.59771],[117.00094,3.59769],[117.00103,3.59767],[117.00121,3.59763],[117.00129,3.59761],[117.00138,3.59759],[117.00147,3.59757],[117.00164,3.59753],[117.00178,3.5975],[117.00186,3.59747],[117.00195,3.59744],[117.00212,3.59738],[117.0022,3.59735],[117.00229,3.59732],[117.00246,3.59726],[117.00254,3.59723],[117.00271,3.59717],[117.0028,3.59714],[117.00297,3.59708],[117.00305,3.59705],[117.00314,3.59702],[117.00331,3.59696],[117.00339,3.59693],[117.00354,3.59688],[117.00363,3.59685],[117.00371,3.59682],[117.00388,3.59675],[117.00405,3.59669],[117.00413,3.59666],[117.00422,3.59663],[117.00439,3.59657],[117.00447,3.59654],[117.00464,3.59647],[117.00481,3.59642],[117.0049,3.59639],[117.00507,3.59633],[117.00515,3.59631],[117.00524,3.59628],[117.00541,3.59622],[117.0055,3.5962],[117.00558,3.59617],[117.00564,3.59615],[117.00575,3.59611],[117.00584,3.59609],[117.00592,3.59606],[117.0061,3.596],[117.00623,3.59597],[117.0064,3.59592],[117.00657,3.59588],[117.00666,3.59585],[117.00684,3.59581],[117.00692,3.59578],[117.00701,3.59576],[117.00718,3.59571],[117.00734,3.59567],[117.00743,3.59565],[117.00751,3.59563],[117.0076,3.5956],[117.00769,3.59558],[117.00786,3.59553],[117.00795,3.59551],[117.00803,3.59549],[117.00812,3.59546],[117.00821,3.59544],[117.0083,3.59542],[117.00838,3.59539],[117.00847,3.59537],[117.00862,3.59533],[117.00871,3.59532],[117.0088,3.5953],[117.00897,3.59527],[117.00906,3.59525],[117.00915,3.59524],[117.00933,3.5952],[117.00942,3.59519],[117.0095,3.59517],[117.00968,3.59514],[117.00978,3.59512],[117.00996,3.59509],[117.01014,3.59506],[117.01023,3.59504],[117.01032,3.59503],[117.01049,3.59499],[117.01056,3.59498],[117.01065,3.59498],[117.01074,3.59497],[117.01083,3.59497],[117.01092,3.59496],[117.01101,3.59496],[117.0111,3.59495],[117.01118,3.59495],[117.01127,3.59494],[117.01136,3.59494],[117.01148,3.59493],[117.01157,3.59493],[117.01166,3.59493],[117.01175,3.59493],[117.01185,3.59493],[117.01203,3.59494],[117.01215,3.59494],[117.01224,3.59494],[117.01242,3.59495],[117.01251,3.59495],[117.0126,3.59495],[117.01269,3.59496],[117.01287,3.59496],[117.01304,3.59497],[117.01313,3.59498],[117.01322,3.59499],[117.0134,3.595],[117.01349,3.59501],[117.01367,3.59503],[117.01382,3.59504],[117.01399,3.59507],[117.01417,3.5951],[117.01426,3.59511],[117.01444,3.59514],[117.01461,3.59517],[117.01469,3.59519],[117.01478,3.59521],[117.01487,3.59523],[117.01504,3.59528],[117.01513,3.5953],[117.01522,3.59532],[117.01531,3.59534],[117.01539,3.59536],[117.01548,3.59539],[117.01557,3.59541],[117.01572,3.59545],[117.01589,3.59549],[117.01598,3.59551],[117.01616,3.59556],[117.01633,3.59561],[117.01643,3.59564],[117.01652,3.59567],[117.0166,3.5957],[117.01669,3.59574],[117.01685,3.5958],[117.01694,3.59584],[117.01702,3.59587],[117.0171,3.5959],[117.01719,3.59594],[117.01727,3.59597],[117.01739,3.59602],[117.01747,3.59606],[117.01755,3.59611],[117.01763,3.59615],[117.01771,3.59619],[117.01779,3.59624],[117.01786,3.59628],[117.01786,3.59604],[117.01077,3.58896],[117.00822,3.5863]]]]},"properties":{"kdprov":"65","kdkab":"03","kdkec":"040","kddesa":"002","kdsls":"1002","idsls":"65030400021002","nmprov":"KALIMANTAN UTARA","nmkab":"TANA TIDUNG","nmkec":"SESAYAP HILIR","nmdesa":"SESAYAP","nmsls":"KEBUN SAWIT"}},{"type":"Feature","geometry":{"type":"MultiPolygon","coordinates":[[[[117.00425,3.58546],[117.00429,3.58543],[117.00429,3.58543],[117.00462,3.58519],[117.00483,3.58503],[117.0049,3.58498],[117.0051,3.58483],[117.00509,3.58481],[117.00495,3.58443],[117.00512,3.58433],[117.00485,3.58377],[116.99355,3.5767],[116.99369,3.577],[116.99372,3.57711],[116.9938,3.57739],[116.99388,3.57763],[116.99412,3.57808],[116.9943,3.57846],[116.99437,3.57877],[116.99432,3.57893],[116.99426,3.57911],[116.99413,3.5794],[116.9941,3.57947],[116.9941,3.57957],[116.99409,3.57999],[116.99404,3.58057],[116.99394,3.58093],[116.99392,3.58101],[116.9939,3.58109],[116.99377,3.5816],[116.99372,3.58178],[116.9937,3.58185],[116.99369,3.58195],[116.99357,3.58251],[116.99342,3.58308],[116.99338,3.58313],[116.99314,3.58343],[116.99296,3.58373],[116.99738,3.58454],[116.9974,3.58455],[116.99964,3.58496],[116.99995,3.58501],[117.00038,3.58505],[117.00069,3.58508],[117.00111,3.58513],[117.00148,3.58519],[117.00163,3.58523],[117.00149,3.58537],[117.00143,3.58543],[117.00126,3.58559],[117.00128,3.58561],[117.0018,3.58581],[117.00217,3.58591],[117.00252,3.58579],[117.00364,3.58538],[117.00379,3.5854],[117.00393,3.58542],[117.00425,3.58546]]]]},"properties":{"kdprov":"65","kdkab":"03","kdkec":"040","kddesa":"002","kdsls":"0006","idsls":"65030400020006","nmprov":"KALIMANTAN UTARA","nmkab":"TANA TIDUNG","nmkec":"SESAYAP HILIR","nmdesa":"SESAYAP","nmsls":"RT 006"}},{"type":"Feature","geometry":{"type":"MultiPolygon","coordinates":[[[[117.01786,3.6349],[117.01786,3.59628],[117.01779,3.59624],[117.01771,3.59619],[117.01763,3.59615],[117.01755,3.59611],[117.01747,3.59606],[117.01739,3.59602],[117.01727,3.59597],[117.01719,3.59594],[117.0171,3.5959],[117.01702,3.59587],[117.01694,3.59584],[117.01685,3.5958],[117.01669,3.59574],[117.0166,3.5957],[117.01652,3.59567],[117.01643,3.59564],[117.01633,3.59561],[117.01616,3.59556],[117.01598,3.59551],[117.01589,3.59549],[117.01572,3.59545],[117.01557,3.59541],[117.01548,3.59539],[117.01539,3.59536],[117.01531,3.59534],[117.01522,3.59532],[117.01513,3.5953],[117.01504,3.59528],[117.01487,3.59523],[117.01478,3.59521],[117.01469,3.59519],[117.01461,3.59517],[117.01444,3.59514],[117.01426,3.59511],[117.01417,3.5951],[117.01399,3.59507],[117.01382,3.59504],[117.01367,3.59503],[117.01349,3.59501],[117.0134,3.595],[117.01322,3.59499],[117.01313,3.59498],[117.01304,3.59497],[117.01287,3.59496],[117.01269,3.59496],[117.0126,3.59495],[117.01251,3.59495],[117.01242,3.59495],[117.01224,3.59494],[117.01215,3.59494],[117.01203,3.59494],[117.01185,3.59493],[117.01175,3.59493],[117.01166,3.59493],[117.01157,3.59493],[117.01148,3.59493],[117.01136,3.59494],[117.01127,3.59494],[117.01118,3.59495],[117.0111,3.59495],[117.01101,3.59496],[117.01092,3.59496],[117.01083,3.59497],[117.01074,3.59497],[117.01065,3.59498],[117.01056,3.59498],[117.01049,3.59499],[117.01032,3.59503],[117.01023,3.59504],[117.01014,3.59506],[117.00996,3.59509],[117.00978,3.59512],[117.00968,3.59514],[117.0095,3.59517],[117.00942,3.59519],[117.00933,3.5952],[117.00915,3.59524],[117.00906,3.59525],[117.00897,3.59527],[117.0088,3.5953],[117.00871,3.59532],[117.00862,3.59533],[117.00847,3.59537],[117.00838,3.59539],[117.0083,3.59542],[117.00821,3.59544],[117.00812,3.59546],[117.00803,3.59549],[117.00795,3.59551],[117.00786,3.59553],[117.00769,3.59558],[117.0076,3.5956],[117.00751,3.59563],[117.00743,3.59565],[117.00734,3.59567],[117.00718,3.59571],[117.00701,3.59576],[117.00692,3.59578],[117.00684,3.59581],[117.00666,3.59585],[117.00657,3.59588],[117.0064,3.59592],[117.00623,3.59597],[117.0061,3.596],[117.00592,3.59606],[117.00584,3.59609],[117.00575,3.59611],[117.00564,3.59615],[117.00558,3.59617],[117.0055,3.5962],[117.00541,3.59622],[117.00524,3.59628],[117.00515,3.59631],[117.00507,3.59633],[117.0049,3.59639],[117.00481,3.59642],[117.00464,3.59647],[117.00447,3.59654],[117.00439,3.59657],[117.00422,3.59663],[117.00413,3.59666],[117.00405,3.59669],[117.00388,3.59675],[117.00371,3.59682],[117.00363,3.59685],[117.00354,3.59688],[117.00339,3.59693],[117.00331,3.59696],[117.00314,3.59702],[117.00305,3.59705],[117.00297,3.59708],[117.0028,3.59714],[117.00271,3.59717],[117.00254,3.59723],[117.00246,3.59726],[117.00229,3.59732],[117.0022,3.59735],[117.00212,3.59738],[117.00195,3.59744],[117.00186,3.59747],[117.00178,3.5975],[117.00164,3.59753],[117.00147,3.59757],[117.00138,3.59759],[117.00129,3.59761],[117.00121,3.59763],[117.00103,3.59767],[117.00094,3.59769],[117.00085,3.59771],[117.00068,3.59775],[117.00059,3.59777],[117,3.59781],[117,3.59776],[116.99838,3.59796],[116.99932,3.60225],[116.99951,3.63519],[117.01786,3.6349]]]]},"properties":{"kdprov":"65","kdkab":"03","kdkec":"040","kddesa":"002","kdsls":"4001","idsls":"65030400024001","nmprov":"KALIMANTAN UTARA","nmkab":"TANA TIDUNG","nmkec":"SESAYAP HILIR","nmdesa":"SESAYAP","nmsls":"KAMP RO"}},{"type":"Feature","geometry":{"type":"MultiPolygon","coordinates":[[[[117.00955,3.57529],[117.00806,3.57604],[117.00946,3.58135],[117.00948,3.5814],[117.00966,3.58204],[117.00977,3.58242],[117.00979,3.58248],[117.00994,3.58304],[117.00983,3.58308],[117.0103,3.58488],[117.01016,3.58489],[117.01029,3.58602],[117.01033,3.58601],[117.01042,3.586],[117.01043,3.586],[117.01069,3.58596],[117.01078,3.58595],[117.01081,3.58594],[117.01096,3.58592],[117.01104,3.58591],[117.01119,3.58589],[117.01128,3.58589],[117.01137,3.58588],[117.01155,3.58587],[117.01164,3.58586],[117.01173,3.58585],[117.01191,3.58584],[117.01209,3.58583],[117.01227,3.5858],[117.01235,3.58579],[117.01238,3.58579],[117.01224,3.58458],[117.01227,3.58458],[117.01224,3.5844],[117.01224,3.58439],[117.01224,3.58436],[117.01209,3.58317],[117.01204,3.58282],[117.012,3.58254],[117.01116,3.57901],[117.01015,3.57671],[117.00974,3.57579],[117.00955,3.57529]]]]},"properties":{"kdprov":"65","kdkab":"03","kdkec":"040","kddesa":"003","kdsls":"0002","idsls":"65030400030002","nmprov":"KALIMANTAN UTARA","nmkab":"TANA TIDUNG","nmkec":"SESAYAP HILIR","nmdesa":"SEPALA DALUNG","nmsls":"RT 002"}},{"type":"Feature","geometry":{"type":"MultiPolygon","coordinates":[[[[117.20299,3.55888],[117.20297,3.55883],[117.20282,3.55846],[117.20145,3.55495],[117.20062,3.55283],[117.20044,3.55283],[117.19912,3.55288],[117.19856,3.5529],[117.19838,3.5529],[117.19751,3.55293],[117.19674,3.55296],[117.19638,3.55297],[117.19562,3.553],[117.19562,3.553],[117.19129,3.55315],[117.18211,3.55347],[117.18014,3.55354],[117.17848,3.5536],[117.15401,3.55393],[117.15082,3.55397],[117.15074,3.55818],[117.15074,3.55818],[117.15069,3.55818],[117.19821,3.55947],[117.19979,3.55951],[117.20048,3.5594],[117.2016,3.55922],[117.20299,3.55888]]]]},"properties":{"kdprov":"65","kdkab":"03","kdkec":"040","kddesa":"004","kdsls":"0001","idsls":"65030400040001","nmprov":"KALIMANTAN UTARA","nmkab":"TANA TIDUNG","nmkec":"SESAYAP HILIR","nmdesa":"BANDAN BIKIS","nmsls":"RT 001"}},{"type":"Feature","geometry":{"type":"MultiPolygon","coordinates":[[[[117.15069,3.55818],[117.15074,3.55818],[117.15074,3.55818],[117.15082,3.55397],[117.1508,3.55265],[117.15079,3.55179],[117.15076,3.54973],[117.15075,3.54858],[117.15074,3.54783],[117.15073,3.54714],[117.15072,3.54605],[117.15071,3.54529],[117.1507,3.54463],[117.15069,3.54364],[117.15063,3.53875],[117.15118,3.53865],[117.15144,3.53861],[117.17397,3.53565],[117.17471,3.53556],[117.17704,3.53525],[117.17928,3.53496],[117.18046,3.53484],[117.18464,3.53442],[117.18839,3.53385],[117.19415,3.53325],[117.19479,3.52976],[117.19505,3.52929],[117.19621,3.52722],[117.19842,3.52482],[117.19882,3.52442],[117.20062,3.5226],[117.20217,3.52125],[117.20397,3.52001],[117.20512,3.51907],[117.20639,3.51776],[117.20741,3.51609],[117.20771,3.51174],[117.20859,3.50822],[117.21001,3.50387],[117.21133,3.50114],[117.21274,3.4986],[117.21455,3.49645],[117.21587,3.49542],[117.2176,3.49283],[117.21757,3.49263],[117.21767,3.49179],[117.2175,3.49105],[117.2175,3.49105],[117.21749,3.49103],[117.21735,3.49041],[117.21651,3.48787],[117.21651,3.48787],[117.2151,3.48328],[117.2144,3.48099],[117.21424,3.47928],[117.21409,3.47771],[117.21323,3.47814],[117.15577,3.50761],[117.15124,3.50993],[117.15124,3.50992],[117.15122,3.50993],[117.15095,3.51007],[117.15095,3.50998],[117.15095,3.50998],[117.13479,3.51824],[117.10162,3.5352],[117.10126,3.5354],[117.10126,3.5354],[117.10124,3.5354],[117.10237,3.53617],[117.10322,3.53674],[117.10432,3.53748],[117.10432,3.53752],[117.11403,3.54439],[117.12627,3.55305],[117.14181,3.56404],[117.14284,3.56477],[117.14286,3.56485],[117.14908,3.56917],[117.15048,3.57016],[117.15059,3.56368],[117.15064,3.56098],[117.15067,3.55967],[117.15069,3.55818]]]]},"properties":{"kdprov":"65","kdkab":"03","kdkec":"040","kddesa":"005","kdsls":"2002","idsls":"65030400052002","nmprov":"KALIMANTAN UTARA","nmkab":"TANA TIDUNG","nmkec":"SESAYAP HILIR","nmdesa":"BEBATU","nmsls":"HUTAN"}},{"type":"Feature","geometry":{"type":"MultiPolygon","coordinates":[[[[117.15074,3.54783],[117.15075,3.54858],[117.15076,3.54973],[117.15079,3.55179],[117.1508,3.55265],[117.15082,3.55397],[117.15401,3.55393],[117.17848,3.5536],[117.18014,3.55354],[117.18211,3.55347],[117.19129,3.55315],[117.19562,3.553],[117.19562,3.553],[117.19638,3.55297],[117.19674,3.55296],[117.19751,3.55293],[117.19838,3.5529],[117.19856,3.5529],[117.19912,3.55288],[117.20044,3.55283],[117.20062,3.55283],[117.20001,3.55182],[117.19995,3.55169],[117.19995,3.55169],[117.19994,3.55168],[117.19916,3.55054],[117.19904,3.55038],[117.19891,3.55019],[117.197,3.54743],[117.19521,3.54312],[117.195,3.54322],[117.1948,3.5433],[117.19401,3.54382],[117.19315,3.54413],[117.19227,3.54453],[117.18214,3.54654],[117.18192,3.54661],[117.15074,3.54783]]]]},"properties":{"kdprov":"65","kdkab":"03","kdkec":"040","kddesa":"005","kdsls":"0004","idsls":"65030400050004","nmprov":"KALIMANTAN UTARA","nmkab":"TANA TIDUNG","nmkec":"SESAYAP HILIR","nmdesa":"BEBATU","nmsls":"RT 004"}},{"type":"Feature","geometry":{"type":"MultiPolygon","coordinates":[[[[117.01786,3.59628],[117.01786,3.6349],[117.01786,3.65238],[117.03056,3.65256],[117.03668,3.65264],[117.04566,3.65276],[117.04561,3.64626],[117.04556,3.63902],[117.04551,3.6329],[117.0454,3.61826],[117.04538,3.61824],[117.04531,3.61819],[117.04523,3.61814],[117.04508,3.61804],[117.04496,3.61795],[117.04481,3.61785],[117.04466,3.61775],[117.04459,3.6177],[117.04451,3.61764],[117.04444,3.61759],[117.04437,3.61754],[117.04422,3.61744],[117.04414,3.61739],[117.04407,3.61734],[117.04399,3.61729],[117.04392,3.61723],[117.04377,3.61713],[117.0437,3.61708],[117.04355,3.61698],[117.04341,3.61688],[117.04333,3.61683],[117.04318,3.61673],[117.04311,3.61667],[117.04296,3.61657],[117.04289,3.61652],[117.04274,3.61642],[117.04266,3.61637],[117.04252,3.61627],[117.04244,3.61621],[117.04237,3.61616],[117.04228,3.6161],[117.04213,3.616],[117.04198,3.61589],[117.04184,3.61579],[117.04176,3.61574],[117.04162,3.61563],[117.04147,3.61553],[117.04133,3.61543],[117.04118,3.61533],[117.04104,3.61523],[117.04089,3.61512],[117.04081,3.61507],[117.04067,3.61497],[117.04052,3.61486],[117.04037,3.61476],[117.0403,3.61471],[117.04023,3.61465],[117.0402,3.61464],[117.04011,3.61457],[117.04004,3.61451],[117.03997,3.61446],[117.03982,3.61435],[117.03975,3.61429],[117.03968,3.61424],[117.03961,3.61418],[117.03947,3.61407],[117.0394,3.61401],[117.03932,3.61396],[117.03925,3.6139],[117.03911,3.61379],[117.03904,3.61374],[117.03896,3.61367],[117.03889,3.61362],[117.03876,3.6135],[117.03862,3.61338],[117.03855,3.61332],[117.03841,3.61321],[117.03834,3.61315],[117.03821,3.61303],[117.03807,3.61291],[117.03797,3.61283],[117.0379,3.61277],[117.03783,3.61271],[117.03769,3.6126],[117.03763,3.61254],[117.03756,3.61248],[117.03749,3.61242],[117.03742,3.61236],[117.03734,3.61229],[117.03727,3.61223],[117.03714,3.61211],[117.03701,3.61199],[117.03694,3.61193],[117.0368,3.61181],[117.03667,3.61169],[117.03654,3.61157],[117.0364,3.61145],[117.03627,3.61133],[117.03615,3.61123],[117.03602,3.61111],[117.03589,3.61099],[117.03582,3.61093],[117.03568,3.61081],[117.03555,3.61069],[117.03548,3.61063],[117.03535,3.6105],[117.03522,3.61038],[117.03514,3.61031],[117.03501,3.61018],[117.03488,3.61006],[117.03482,3.60999],[117.03475,3.60993],[117.03463,3.60981],[117.0345,3.60968],[117.03437,3.60955],[117.03427,3.60946],[117.03414,3.60934],[117.03407,3.60928],[117.03401,3.60921],[117.03394,3.60915],[117.03388,3.60909],[117.03381,3.60903],[117.03368,3.60891],[117.03361,3.60885],[117.03354,3.60878],[117.03348,3.60872],[117.03341,3.60866],[117.03328,3.60853],[117.03315,3.60841],[117.03302,3.60828],[117.03292,3.60816],[117.03287,3.60809],[117.03273,3.60797],[117.03266,3.60792],[117.03252,3.6078],[117.03245,3.60774],[117.03232,3.60762],[117.03218,3.60751],[117.03211,3.60745],[117.03197,3.60733],[117.0319,3.60727],[117.03177,3.60716],[117.03163,3.60704],[117.0315,3.60692],[117.03137,3.60679],[117.03131,3.60673],[117.03125,3.60667],[117.03114,3.60657],[117.03107,3.60651],[117.03093,3.60639],[117.03087,3.60633],[117.0308,3.60627],[117.03066,3.60615],[117.03059,3.6061],[117.03053,3.60604],[117.03046,3.60598],[117.03032,3.60586],[117.03026,3.6058],[117.03019,3.60574],[117.03005,3.60562],[117.02998,3.60556],[117.02992,3.6055],[117.02978,3.60538],[117.02971,3.60532],[117.02965,3.60526],[117.02951,3.60514],[117.02944,3.60508],[117.02933,3.605],[117.02926,3.60494],[117.02919,3.60488],[117.02905,3.60477],[117.02898,3.60471],[117.02891,3.60466],[117.02884,3.6046],[117.02877,3.60454],[117.0287,3.60448],[117.02863,3.60443],[117.02856,3.60437],[117.02842,3.60426],[117.02835,3.6042],[117.02828,3.60414],[117.02814,3.60403],[117.02807,3.60397],[117.028,3.60392],[117.02793,3.60386],[117.02786,3.6038],[117.02779,3.60375],[117.02772,3.60369],[117.02765,3.60363],[117.02751,3.60352],[117.02744,3.60346],[117.02735,3.6034],[117.02728,3.60334],[117.02715,3.60322],[117.02708,3.60317],[117.02701,3.60311],[117.02694,3.60305],[117.02687,3.60299],[117.0268,3.60294],[117.02666,3.60282],[117.02659,3.60276],[117.02652,3.60271],[117.02645,3.60265],[117.02638,3.60259],[117.02631,3.60253],[117.02624,3.60248],[117.0261,3.60236],[117.02603,3.6023],[117.02596,3.60225],[117.02589,3.60219],[117.02582,3.60213],[117.02575,3.60208],[117.02561,3.60196],[117.02554,3.6019],[117.02547,3.60185],[117.02535,3.60174],[117.02521,3.60162],[117.02514,3.60157],[117.02501,3.60147],[117.02494,3.60141],[117.0248,3.6013],[117.02466,3.60119],[117.02451,3.60108],[117.02437,3.60097],[117.0243,3.60091],[117.02423,3.60086],[117.02409,3.60075],[117.02402,3.60069],[117.02394,3.60064],[117.0238,3.60052],[117.02366,3.60041],[117.02359,3.60036],[117.02345,3.60025],[117.02338,3.60019],[117.02323,3.60008],[117.02311,3.59999],[117.02304,3.59993],[117.02297,3.59987],[117.02283,3.59976],[117.02276,3.59971],[117.02261,3.5996],[117.02254,3.59954],[117.0224,3.59943],[117.02233,3.59937],[117.02219,3.59926],[117.02212,3.59921],[117.02197,3.5991],[117.0219,3.59904],[117.02176,3.59893],[117.02169,3.59887],[117.02162,3.59882],[117.02148,3.59871],[117.02141,3.59865],[117.02126,3.59854],[117.02119,3.59849],[117.02105,3.59837],[117.02098,3.59832],[117.02091,3.59826],[117.0208,3.59818],[117.02073,3.59812],[117.02058,3.59801],[117.02051,3.59796],[117.02037,3.59785],[117.02022,3.59775],[117.02007,3.59765],[117.01992,3.59755],[117.01984,3.5975],[117.01969,3.59741],[117.01961,3.59736],[117.01946,3.59726],[117.01939,3.59721],[117.01924,3.59711],[117.01916,3.59706],[117.01901,3.59697],[117.01893,3.59692],[117.01886,3.59687],[117.01871,3.59677],[117.01855,3.59667],[117.01848,3.59662],[117.0184,3.59658],[117.01826,3.5965],[117.01818,3.59645],[117.0181,3.59641],[117.01803,3.59637],[117.018,3.59635],[117.01795,3.59632],[117.01786,3.59628]]]]},"properties":{"kdprov":"65","kdkab":"03","kdkec":"040","kddesa":"003","kdsls":"4001","idsls":"65030400034001","nmprov":"KALIMANTAN UTARA","nmkab":"TANA TIDUNG","nmkec":"SESAYAP HILIR","nmdesa":"SEPALA DALUNG","nmsls":"KAMP DELIMA"}},{"type":"Feature","geometry":{"type":"MultiPolygon","coordinates":[[[[117.00875,3.5862],[117.0088,3.58619],[117.00885,3.58618],[117.00895,3.58617],[117.00897,3.58616],[117.00904,3.58615],[117.00913,3.58614],[117.00922,3.58613],[117.00928,3.58613],[117.00931,3.58612],[117.00948,3.5861],[117.00957,3.58609],[117.00965,3.58608],[117.00983,3.58606],[117.00992,3.58605],[117.00999,3.58605],[117.0101,3.58604],[117.01019,3.58603],[117.01029,3.58602],[117.01016,3.58489],[117.0103,3.58488],[117.00983,3.58308],[117.00994,3.58304],[117.00979,3.58248],[117.00977,3.58242],[117.00966,3.58204],[117.00948,3.5814],[117.00946,3.58135],[117.00806,3.57604],[117.00757,3.57629],[117.00672,3.57674],[117.00671,3.57672],[117.00645,3.57684],[117.00809,3.58232],[117.00856,3.58339],[117.00856,3.58344],[117.00856,3.58347],[117.00856,3.58348],[117.00856,3.58456],[117.00852,3.58457],[117.00854,3.5847],[117.00856,3.58484],[117.00859,3.58506],[117.0086,3.58512],[117.0086,3.58518],[117.00855,3.58519],[117.00863,3.58566],[117.00863,3.58571],[117.00865,3.5858],[117.00875,3.5862]]]]},"properties":{"kdprov":"65","kdkab":"03","kdkec":"040","kddesa":"003","kdsls":"0003","idsls":"65030400030003","nmprov":"KALIMANTAN UTARA","nmkab":"TANA TIDUNG","nmkec":"SESAYAP HILIR","nmdesa":"SEPALA DALUNG","nmsls":"RT 003"}},{"type":"Feature","geometry":{"type":"MultiPolygon","coordinates":[[[[117.00822,3.5863],[117.00866,3.58622],[117.00875,3.5862],[117.00865,3.5858],[117.00863,3.58571],[117.00863,3.58566],[117.00855,3.58519],[117.0086,3.58518],[117.0086,3.58512],[117.00859,3.58506],[117.00856,3.58484],[117.00854,3.5847],[117.00852,3.58457],[117.00856,3.58456],[117.00856,3.58348],[117.00856,3.58347],[117.00856,3.58344],[117.00856,3.58339],[117.00809,3.58232],[117.00645,3.57684],[117.00605,3.57702],[117.00555,3.57724],[117.0066,3.57948],[117.00732,3.58099],[117.00737,3.58111],[117.00786,3.58236],[117.00787,3.58239],[117.00788,3.58294],[117.00789,3.58327],[117.00789,3.58357],[117.00779,3.58358],[117.00787,3.58413],[117.00775,3.58416],[117.00779,3.58467],[117.00779,3.58478],[117.00788,3.5854],[117.00788,3.58563],[117.00785,3.58565],[117.00787,3.58594],[117.00822,3.5863]]]]},"properties":{"kdprov":"65","kdkab":"03","kdkec":"040","kddesa":"003","kdsls":"0004","idsls":"65030400030004","nmprov":"KALIMANTAN UTARA","nmkab":"TANA TIDUNG","nmkec":"SESAYAP HILIR","nmdesa":"SEPALA DALUNG","nmsls":"RT 004"}},{"type":"Feature","geometry":{"type":"MultiPolygon","coordinates":[[[[117.00645,3.57684],[117.00671,3.57672],[117.00672,3.57674],[117.00757,3.57629],[117.00806,3.57604],[117.00955,3.57529],[117.01112,3.57448],[117.0182,3.57073],[117.01431,3.56526],[117.01351,3.56408],[117.01191,3.5619],[117.01016,3.56373],[117.00955,3.56435],[117.00823,3.56573],[117.00494,3.56915],[117.00245,3.57174],[117.00149,3.57275],[117.00175,3.57278],[117.00191,3.57289],[117.0021,3.57296],[117.00318,3.5731],[117.00367,3.57372],[117.00395,3.57407],[117.00413,3.57436],[117.00436,3.57467],[117.00436,3.57473],[117.00477,3.57559],[117.00536,3.57683],[117.00555,3.57724],[117.00605,3.57702],[117.00645,3.57684]]]]},"properties":{"kdprov":"65","kdkab":"03","kdkec":"040","kddesa":"003","kdsls":"0005","idsls":"65030400030005","nmprov":"KALIMANTAN UTARA","nmkab":"TANA TIDUNG","nmkec":"SESAYAP HILIR","nmdesa":"SEPALA DALUNG","nmsls":"RT 005"}},{"type":"Feature","geometry":{"type":"MultiPolygon","coordinates":[[[[117.20366,3.5606],[117.20342,3.56],[117.20342,3.55999],[117.20342,3.55999],[117.20335,3.55982],[117.20331,3.55972],[117.20299,3.55888],[117.2016,3.55922],[117.20048,3.5594],[117.19979,3.55951],[117.19821,3.55947],[117.15069,3.55818],[117.15067,3.55967],[117.15064,3.56098],[117.15069,3.56098],[117.19924,3.56143],[117.20002,3.56144],[117.2015,3.56114],[117.20366,3.5606]]]]},"properties":{"kdprov":"65","kdkab":"03","kdkec":"040","kddesa":"004","kdsls":"0002","idsls":"65030400040002","nmprov":"KALIMANTAN UTARA","nmkab":"TANA TIDUNG","nmkec":"SESAYAP HILIR","nmdesa":"BANDAN BIKIS","nmsls":"RT 002"}},{"type":"Feature","geometry":{"type":"MultiPolygon","coordinates":[[[[117.15059,3.56368],[117.15048,3.57016],[117.15426,3.57258],[117.15461,3.5728],[117.1588,3.57548],[117.16308,3.57821],[117.16823,3.58151],[117.16825,3.58154],[117.18899,3.58579],[117.19424,3.58687],[117.19615,3.58726],[117.2099,3.59007],[117.22773,3.59372],[117.22815,3.59381],[117.22825,3.59383],[117.22832,3.59383],[117.22533,3.58789],[117.22229,3.58523],[117.21844,3.58212],[117.21782,3.58163],[117.21655,3.58052],[117.2119,3.57548],[117.2119,3.57548],[117.2119,3.57548],[117.20691,3.56803],[117.20618,3.56694],[117.20529,3.56466],[117.20502,3.56397],[117.20452,3.56268],[117.2045,3.56264],[117.20202,3.56349],[117.20151,3.56367],[117.19972,3.56379],[117.19671,3.5639],[117.18127,3.56443],[117.17591,3.5643],[117.16748,3.56409],[117.16662,3.56407],[117.16064,3.56392],[117.15059,3.56368]]]]},"properties":{"kdprov":"65","kdkab":"03","kdkec":"040","kddesa":"004","kdsls":"0004","idsls":"65030400040004","nmprov":"KALIMANTAN UTARA","nmkab":"TANA TIDUNG","nmkec":"SESAYAP HILIR","nmdesa":"BANDAN BIKIS","nmsls":"RT 004"}},{"type":"Feature","geometry":{"type":"MultiPolygon","coordinates":[[[[117.19437,3.54108],[117.19434,3.54101],[117.19431,3.54094],[117.19426,3.5406],[117.19419,3.54005],[117.19398,3.53857],[117.19072,3.53942],[117.18909,3.54007],[117.1886,3.54027],[117.18791,3.54055],[117.18702,3.54091],[117.18667,3.54105],[117.18489,3.54155],[117.18435,3.54176],[117.18398,3.54179],[117.18349,3.54222],[117.18325,3.54252],[117.15069,3.54364],[117.1507,3.54463],[117.15071,3.54529],[117.15072,3.54605],[117.18186,3.54511],[117.18406,3.54453],[117.18647,3.5439],[117.18663,3.54386],[117.1878,3.54356],[117.18802,3.54347],[117.19314,3.54147],[117.19437,3.54108]]]]},"properties":{"kdprov":"65","kdkab":"03","kdkec":"040","kddesa":"005","kdsls":"0002","idsls":"65030400050002","nmprov":"KALIMANTAN UTARA","nmkab":"TANA TIDUNG","nmkec":"SESAYAP HILIR","nmdesa":"BEBATU","nmsls":"RT 002"}},{"type":"Feature","geometry":{"type":"MultiPolygon","coordinates":[[[[117.19398,3.53857],[117.19383,3.53744],[117.19375,3.53688],[117.19364,3.53606],[117.19407,3.53371],[117.19415,3.53325],[117.18839,3.53385],[117.18464,3.53442],[117.18046,3.53484],[117.17928,3.53496],[117.17704,3.53525],[117.17471,3.53556],[117.17397,3.53565],[117.15144,3.53861],[117.15118,3.53865],[117.15063,3.53875],[117.15069,3.54364],[117.18325,3.54252],[117.18349,3.54222],[117.18398,3.54179],[117.18435,3.54176],[117.18489,3.54155],[117.18667,3.54105],[117.18702,3.54091],[117.18791,3.54055],[117.1886,3.54027],[117.18909,3.54007],[117.19072,3.53942],[117.19398,3.53857]]]]},"properties":{"kdprov":"65","kdkab":"03","kdkec":"040","kddesa":"005","kdsls":"0001","idsls":"65030400050001","nmprov":"KALIMANTAN UTARA","nmkab":"TANA TIDUNG","nmkec":"SESAYAP HILIR","nmdesa":"BEBATU","nmsls":"RT 001"}},{"type":"Feature","geometry":{"type":"MultiPolygon","coordinates":[[[[116.99286,3.58878],[116.99288,3.58584],[116.99321,3.58579],[116.99326,3.58579],[116.99327,3.58579],[116.99338,3.58573],[116.99335,3.58527],[116.99326,3.58486],[116.99304,3.58414],[116.99297,3.58379],[116.99296,3.58373],[116.99314,3.58343],[116.99338,3.58313],[116.99342,3.58308],[116.99357,3.58251],[116.99369,3.58195],[116.9937,3.58185],[116.99372,3.58178],[116.99377,3.5816],[116.9939,3.58109],[116.99392,3.58101],[116.99394,3.58093],[116.99404,3.58057],[116.99409,3.57999],[116.9941,3.57957],[116.9941,3.57947],[116.99413,3.5794],[116.99426,3.57911],[116.99432,3.57893],[116.99437,3.57877],[116.9943,3.57846],[116.99412,3.57808],[116.99388,3.57763],[116.9938,3.57739],[116.99372,3.57711],[116.99369,3.577],[116.99355,3.5767],[116.99344,3.57646],[116.99316,3.57602],[116.99307,3.57572],[116.99273,3.57509],[116.99263,3.57484],[116.99248,3.57446],[116.99243,3.57411],[116.99244,3.57362],[116.99249,3.57329],[116.99253,3.57307],[116.99255,3.57278],[116.99261,3.57238],[116.99273,3.57195],[116.99282,3.5716],[116.99285,3.57133],[116.99287,3.57121],[116.99282,3.57103],[116.99281,3.57098],[116.99275,3.57079],[116.99252,3.57033],[116.99234,3.56983],[116.99234,3.56967],[116.99233,3.56962],[116.99234,3.56962],[116.99234,3.5696],[116.99236,3.56943],[116.9924,3.56925],[116.99254,3.56904],[116.99254,3.56903],[116.99259,3.56891],[116.99269,3.5686],[116.9927,3.56858],[116.99278,3.56827],[116.99279,3.56821],[116.9928,3.5682],[116.98787,3.56843],[116.98787,3.56844],[116.98838,3.58763],[116.98844,3.5892],[116.98987,3.58916],[116.99206,3.58889],[116.9924,3.58885],[116.99286,3.58878]]]]},"properties":{"kdprov":"65","kdkab":"03","kdkec":"040","kddesa":"008","kdsls":"0003","idsls":"65030400080003","nmprov":"KALIMANTAN UTARA","nmkab":"TANA TIDUNG","nmkec":"SESAYAP HILIR","nmdesa":"SESAYAP SELOR","nmsls":"RT 003"}},{"type":"Feature","geometry":{"type":"MultiPolygon","coordinates":[[[[116.9928,3.5682],[116.9929,3.56758],[116.99299,3.56682],[116.99289,3.56631],[116.99288,3.56629],[116.99286,3.56603],[116.99292,3.56574],[116.99301,3.56522],[116.99303,3.56515],[116.99311,3.56471],[116.99311,3.56469],[116.99324,3.56423],[116.99328,3.56411],[116.99313,3.56405],[116.99259,3.5638],[116.99256,3.56379],[116.99256,3.56379],[116.99208,3.56357],[116.9886,3.56199],[116.98859,3.56195],[116.98813,3.56064],[116.98787,3.55946],[116.98623,3.55957],[116.9861,3.55991],[116.986,3.56015],[116.9857,3.56021],[116.98543,3.56017],[116.98505,3.56006],[116.98476,3.55996],[116.98431,3.56009],[116.98414,3.56023],[116.98382,3.56061],[116.98373,3.56097],[116.98352,3.56126],[116.98336,3.56158],[116.98354,3.56184],[116.98373,3.56217],[116.9837,3.56222],[116.98361,3.5624],[116.98321,3.5628],[116.98282,3.56293],[116.98248,3.56305],[116.98187,3.56286],[116.9818,3.56287],[116.98122,3.5629],[116.98077,3.56296],[116.98064,3.56296],[116.981,3.56756],[116.98236,3.58462],[116.98244,3.58564],[116.98263,3.58912],[116.98372,3.58923],[116.98536,3.58932],[116.98655,3.58916],[116.9876,3.58887],[116.98814,3.58911],[116.98834,3.5892],[116.98844,3.5892],[116.98838,3.58763],[116.98787,3.56844],[116.98787,3.56843],[116.9928,3.5682]]]]},"properties":{"kdprov":"65","kdkab":"03","kdkec":"040","kddesa":"008","kdsls":"0002","idsls":"65030400080002","nmprov":"KALIMANTAN UTARA","nmkab":"TANA TIDUNG","nmkec":"SESAYAP HILIR","nmdesa":"SESAYAP SELOR","nmsls":"RT 002"}},{"type":"Feature","geometry":{"type":"MultiPolygon","coordinates":[[[[117.19973,3.65936],[117.19973,3.65936],[117.19987,3.65935],[117.1933,3.65546],[117.18381,3.64793],[117.18379,3.64785],[117.18379,3.64784],[117.18375,3.6461],[117.18372,3.64473],[117.18371,3.64402],[117.18367,3.64226],[117.1837,3.64142],[117.18374,3.64004],[117.18367,3.64006],[117.18267,3.64044],[117.18156,3.64085],[117.18012,3.64139],[117.18007,3.64141],[117.17944,3.64165],[117.17916,3.64184],[117.17911,3.64176],[117.17483,3.64307],[117.1732,3.64356],[117.17201,3.64376],[117.16921,3.64423],[117.16997,3.66154],[117.18648,3.66093],[117.19492,3.65963],[117.19973,3.65936]]]]},"properties":{"kdprov":"65","kdkab":"03","kdkec":"040","kddesa":"007","kdsls":"0004","idsls":"65030400070004","nmprov":"KALIMANTAN UTARA","nmkab":"TANA TIDUNG","nmkec":"SESAYAP HILIR","nmdesa":"MENJELUTUNG","nmsls":"RT 004"}},{"type":"Feature","geometry":{"type":"MultiPolygon","coordinates":[[[[117.19987,3.65935],[117.19973,3.65936],[117.19973,3.65936],[117.19665,3.66097],[117.19542,3.66429],[117.19148,3.66855],[117.19154,3.6725],[117.18675,3.67978],[117.18678,3.68034],[117.18685,3.68142],[117.187,3.68391],[117.18717,3.6869],[117.18803,3.70151],[117.20249,3.6994],[117.21569,3.69736],[117.21976,3.69672],[117.22316,3.6962],[117.22583,3.69578],[117.22771,3.69549],[117.23572,3.69414],[117.26808,3.68866],[117.2681,3.6827],[117.26813,3.67033],[117.26815,3.65918],[117.26817,3.65164],[117.26819,3.64598],[117.26203,3.64678],[117.25226,3.64912],[117.24609,3.65032],[117.24236,3.65123],[117.24162,3.65159],[117.2406,3.65204],[117.24032,3.65252],[117.23972,3.65345],[117.23905,3.65383],[117.23848,3.65364],[117.23729,3.65338],[117.23625,3.65309],[117.2352,3.65323],[117.2343,3.65354],[117.23372,3.65359],[117.23282,3.65319],[117.23196,3.65247],[117.23165,3.65188],[117.23149,3.65116],[117.23139,3.65057],[117.23123,3.65007],[117.23054,3.64938],[117.22999,3.6494],[117.22939,3.64929],[117.22883,3.64899],[117.2283,3.64878],[117.22795,3.64854],[117.22745,3.64839],[117.22727,3.64813],[117.22695,3.6479],[117.22654,3.64793],[117.22591,3.64806],[117.22522,3.64797],[117.2247,3.6477],[117.22429,3.64757],[117.22371,3.64775],[117.22341,3.64797],[117.22296,3.64863],[117.22233,3.6492],[117.22186,3.64955],[117.22142,3.64967],[117.22075,3.64976],[117.22012,3.64988],[117.21973,3.65006],[117.21926,3.65055],[117.21906,3.65107],[117.21893,3.65148],[117.21867,3.65168],[117.21792,3.65184],[117.21741,3.652],[117.21689,3.65199],[117.21635,3.65175],[117.21592,3.65158],[117.21555,3.6516],[117.21531,3.65193],[117.21497,3.65242],[117.21484,3.65256],[117.21472,3.6527],[117.21432,3.65286],[117.21378,3.65298],[117.21334,3.65313],[117.21321,3.65336],[117.21315,3.65374],[117.21293,3.65404],[117.21286,3.65414],[117.21259,3.65446],[117.21253,3.65453],[117.21223,3.65489],[117.21193,3.6551],[117.2115,3.65522],[117.21116,3.65547],[117.21084,3.65569],[117.21071,3.65614],[117.21073,3.65643],[117.21071,3.6566],[117.21039,3.65697],[117.21021,3.65723],[117.2099,3.65751],[117.20992,3.65755],[117.20991,3.65755],[117.20717,3.65784],[117.20021,3.65933],[117.19998,3.65934],[117.19987,3.65935]]]]},"properties":{"kdprov":"65","kdkab":"03","kdkec":"040","kddesa":"007","kdsls":"0003","idsls":"65030400070003","nmprov":"KALIMANTAN UTARA","nmkab":"TANA TIDUNG","nmkec":"SESAYAP HILIR","nmdesa":"MENJELUTUNG","nmsls":"RT 003"}},{"type":"Feature","geometry":{"type":"MultiPolygon","coordinates":[[[[117.26796,3.61745],[117.26694,3.61737],[117.26686,3.61736],[117.26527,3.61725],[117.26462,3.61724],[117.26355,3.61719],[117.26239,3.61725],[117.26107,3.61716],[117.25988,3.61727],[117.25984,3.61728],[117.25872,3.61744],[117.25773,3.61761],[117.25663,3.61787],[117.25559,3.61817],[117.25455,3.61846],[117.2537,3.6188],[117.2525,3.61921],[117.25145,3.61955],[117.25048,3.61987],[117.25003,3.62001],[117.25,3.62002],[117.24991,3.62005],[117.24982,3.62008],[117.24965,3.62013],[117.24956,3.62016],[117.24949,3.62019],[117.24932,3.62026],[117.24924,3.6203],[117.24916,3.62033],[117.24899,3.6204],[117.24891,3.62044],[117.24876,3.62051],[117.2486,3.6206],[117.24852,3.62064],[117.24843,3.62068],[117.24835,3.62072],[117.24827,3.62076],[117.24815,3.62082],[117.24798,3.62089],[117.2479,3.62092],[117.24782,3.62096],[117.2477,3.62099],[117.24761,3.62101],[117.24752,3.62103],[117.24744,3.62106],[117.24735,3.62108],[117.24726,3.6211],[117.24718,3.62112],[117.24703,3.6212],[117.24695,3.62123],[117.24678,3.62131],[117.2467,3.62135],[117.24662,3.62139],[117.24654,3.62143],[117.24638,3.62151],[117.2463,3.62155],[117.24619,3.62159],[117.24611,3.62162],[117.24603,3.62166],[117.24586,3.62172],[117.24569,3.62179],[117.24561,3.62183],[117.24544,3.6219],[117.24526,3.62195],[117.24509,3.622],[117.24491,3.62205],[117.24483,3.62207],[117.24474,3.6221],[117.24457,3.62215],[117.24439,3.6222],[117.24422,3.62225],[117.24405,3.6223],[117.24396,3.62233],[117.24387,3.62235],[117.2437,3.6224],[117.24353,3.62245],[117.24337,3.62251],[117.24321,3.62258],[117.24312,3.62261],[117.24295,3.62268],[117.24287,3.62271],[117.24279,3.62275],[117.24262,3.62281],[117.24254,3.62284],[117.24237,3.62291],[117.24228,3.62294],[117.24212,3.62301],[117.24203,3.62304],[117.24186,3.62311],[117.24174,3.62314],[117.24166,3.62317],[117.24157,3.62319],[117.24148,3.62322],[117.24131,3.62327],[117.24122,3.62329],[117.24114,3.62332],[117.24096,3.62337],[117.24088,3.62339],[117.24079,3.62342],[117.2407,3.62344],[117.24053,3.62349],[117.24044,3.62352],[117.24036,3.62354],[117.24018,3.62359],[117.2401,3.62362],[117.23998,3.62366],[117.2399,3.62369],[117.23981,3.62372],[117.23964,3.62378],[117.23956,3.62381],[117.23947,3.62384],[117.2393,3.6239],[117.23922,3.62393],[117.23905,3.62399],[117.23896,3.62402],[117.23888,3.62405],[117.23871,3.62411],[117.23862,3.62414],[117.23854,3.62417],[117.23837,3.62423],[117.23828,3.62426],[117.2382,3.62429],[117.23811,3.62432],[117.23794,3.62438],[117.23777,3.62444],[117.2376,3.6245],[117.23752,3.62454],[117.23735,3.6246],[117.23718,3.62466],[117.2371,3.62469],[117.23693,3.62475],[117.23676,3.62481],[117.23659,3.62487],[117.23656,3.62488],[117.23638,3.62493],[117.23629,3.62495],[117.23612,3.625],[117.23595,3.62504],[117.23577,3.62509],[117.2356,3.62514],[117.23542,3.62518],[117.23534,3.62521],[117.23525,3.62523],[117.23508,3.62527],[117.2349,3.62532],[117.2348,3.62535],[117.23471,3.62538],[117.23462,3.62541],[117.23454,3.62543],[117.23436,3.62548],[117.23428,3.62551],[117.23419,3.62554],[117.23411,3.62556],[117.23402,3.62559],[117.23385,3.62564],[117.23376,3.62567],[117.23368,3.62569],[117.23359,3.62572],[117.23342,3.62577],[117.23333,3.6258],[117.23322,3.62584],[117.23305,3.62589],[117.23296,3.62592],[117.23288,3.62595],[117.2327,3.626],[117.23262,3.62603],[117.23245,3.62609],[117.23236,3.62611],[117.23219,3.62617],[117.2321,3.6262],[117.23202,3.62622],[117.23185,3.62628],[117.23176,3.62631],[117.23159,3.62636],[117.2315,3.62639],[117.23142,3.62642],[117.23128,3.62647],[117.2312,3.6265],[117.23103,3.62657],[117.23095,3.6266],[117.23078,3.62666],[117.23069,3.62669],[117.23061,3.62673],[117.23044,3.62679],[117.23036,3.62682],[117.23019,3.62689],[117.2301,3.62692],[117.22994,3.62698],[117.22977,3.62704],[117.2296,3.6271],[117.22951,3.62713],[117.22934,3.62719],[117.22926,3.62722],[117.22909,3.62728],[117.229,3.62731],[117.22883,3.62737],[117.22875,3.6274],[117.22858,3.62745],[117.22841,3.62751],[117.22824,3.62757],[117.22811,3.62762],[117.22794,3.62768],[117.22785,3.62771],[117.22768,3.62777],[117.22752,3.62783],[117.22734,3.62788],[117.22726,3.62791],[117.22709,3.62797],[117.22691,3.62802],[117.22683,3.62805],[117.22666,3.6281],[117.22657,3.62813],[117.2264,3.62818],[117.22626,3.62823],[117.22618,3.62826],[117.226,3.62832],[117.22592,3.62835],[117.22575,3.6284],[117.22558,3.62846],[117.22542,3.62852],[117.22527,3.62856],[117.2251,3.62861],[117.22501,3.62864],[117.22484,3.62869],[117.22467,3.62874],[117.22449,3.6288],[117.22434,3.62884],[117.22417,3.62889],[117.22408,3.62892],[117.22399,3.62894],[117.22382,3.62899],[117.22374,3.62902],[117.22356,3.62907],[117.22348,3.62909],[117.22339,3.62912],[117.2233,3.62915],[117.22321,3.62918],[117.2232,3.62919],[117.22313,3.62922],[117.22296,3.62928],[117.22288,3.62931],[117.22279,3.62934],[117.22262,3.6294],[117.22254,3.62944],[117.22237,3.6295],[117.22226,3.62953],[117.22217,3.62956],[117.222,3.6296],[117.22191,3.62963],[117.22174,3.62968],[117.22157,3.62973],[117.22148,3.62975],[117.22131,3.6298],[117.22121,3.62983],[117.22112,3.62986],[117.22104,3.62989],[117.22095,3.62991],[117.22086,3.62994],[117.22069,3.62999],[117.22061,3.63002],[117.22052,3.63004],[117.22043,3.63007],[117.22035,3.6301],[117.22026,3.63012],[117.22016,3.63015],[117.21998,3.6302],[117.21981,3.63025],[117.21972,3.63028],[117.21955,3.63033],[117.21938,3.63037],[117.2192,3.63042],[117.21903,3.63047],[117.21893,3.6305],[117.21876,3.63053],[117.21858,3.63057],[117.2184,3.6306],[117.21832,3.63062],[117.21814,3.63066],[117.21796,3.63069],[117.21784,3.63071],[117.21767,3.63074],[117.21758,3.63076],[117.2174,3.63079],[117.21722,3.63082],[117.21704,3.63085],[117.21687,3.63088],[117.21669,3.63091],[117.21657,3.63095],[117.2164,3.63101],[117.21631,3.63104],[117.21614,3.63109],[117.21606,3.63112],[117.21588,3.63118],[117.2158,3.63121],[117.21563,3.63127],[117.21551,3.63128],[117.21542,3.63129],[117.21524,3.63132],[117.21515,3.63133],[117.21506,3.63134],[117.21497,3.63135],[117.21479,3.63137],[117.2147,3.63138],[117.21462,3.6314],[117.21453,3.63141],[117.21444,3.63142],[117.21426,3.63144],[117.21417,3.63145],[117.214,3.63148],[117.21382,3.63151],[117.21373,3.63152],[117.21356,3.63155],[117.21347,3.63157],[117.21338,3.63158],[117.2132,3.63161],[117.21302,3.63164],[117.21286,3.63166],[117.21268,3.63168],[117.21259,3.63169],[117.2125,3.63169],[117.21232,3.63171],[117.21232,3.63171],[117.21223,3.63172],[117.21214,3.63173],[117.21196,3.63175],[117.21187,3.63175],[117.21178,3.63176],[117.2116,3.63178],[117.21151,3.63179],[117.21133,3.63181],[117.21124,3.63181],[117.21115,3.6318],[117.21097,3.6318],[117.21079,3.6318],[117.2107,3.6318],[117.21052,3.6318],[117.21034,3.6318],[117.21016,3.6318],[117.21014,3.6318],[117.21014,3.6318],[117.20996,3.63182],[117.20987,3.63184],[117.20969,3.63186],[117.2096,3.63187],[117.20942,3.63189],[117.20934,3.6319],[117.20916,3.63193],[117.20902,3.63195],[117.20894,3.63196],[117.20876,3.63198],[117.20867,3.632],[117.20858,3.63201],[117.2084,3.63204],[117.20831,3.63205],[117.20813,3.63207],[117.20804,3.63209],[117.20795,3.6321],[117.20778,3.63212],[117.20769,3.63214],[117.20751,3.63216],[117.20733,3.63218],[117.20724,3.6322],[117.20706,3.63222],[117.20689,3.63224],[117.2068,3.63225],[117.20671,3.63226],[117.20653,3.63229],[117.20635,3.63231],[117.20626,3.63232],[117.20608,3.63234],[117.20598,3.63236],[117.20589,3.63237],[117.20571,3.6324],[117.20562,3.63242],[117.20553,3.63243],[117.20544,3.63245],[117.20527,3.63247],[117.20518,3.63249],[117.20509,3.6325],[117.205,3.63252],[117.20491,3.63253],[117.20481,3.63255],[117.20463,3.63259],[117.20446,3.63263],[117.20428,3.63266],[117.2041,3.6327],[117.20393,3.63274],[117.20375,3.63278],[117.20358,3.63281],[117.20351,3.63283],[117.20346,3.63285],[117.20338,3.63287],[117.2032,3.63292],[117.20303,3.63297],[117.20294,3.633],[117.20277,3.63305],[117.2026,3.6331],[117.20255,3.63311],[117.20248,3.63313],[117.20239,3.63315],[117.20222,3.6332],[117.20204,3.63325],[117.20187,3.63329],[117.20178,3.63332],[117.20169,3.63334],[117.20152,3.63339],[117.20138,3.63344],[117.20129,3.63347],[117.20121,3.6335],[117.20112,3.63353],[117.20095,3.63359],[117.20087,3.63362],[117.2008,3.63364],[117.20078,3.63365],[117.2007,3.63368],[117.20053,3.63374],[117.20044,3.63377],[117.20036,3.6338],[117.20027,3.63383],[117.2001,3.63389],[117.20002,3.63392],[117.19986,3.63397],[117.19978,3.634],[117.19968,3.63404],[117.19961,3.63406],[117.19952,3.63409],[117.19943,3.63412],[117.19926,3.63418],[117.19918,3.63421],[117.19909,3.63423],[117.19901,3.63426],[117.19884,3.63432],[117.19874,3.63435],[117.19857,3.63442],[117.19849,3.63445],[117.19832,3.63452],[117.19824,3.63455],[117.19815,3.63459],[117.19807,3.63462],[117.1979,3.63469],[117.19782,3.63472],[117.19765,3.63479],[117.19757,3.63482],[117.1974,3.63489],[117.19731,3.63492],[117.19723,3.63495],[117.19709,3.63502],[117.19701,3.63507],[117.19685,3.63515],[117.19669,3.63523],[117.19667,3.63525],[117.19658,3.63529],[117.19643,3.63538],[117.19635,3.63542],[117.19619,3.63551],[117.19612,3.63556],[117.19604,3.6356],[117.19594,3.63564],[117.19586,3.63567],[117.19578,3.63571],[117.19561,3.63577],[117.19552,3.63581],[117.19544,3.63584],[117.19536,3.63587],[117.19527,3.6359],[117.19519,3.63594],[117.19508,3.63598],[117.19491,3.63605],[117.19483,3.63609],[117.19466,3.63616],[117.19458,3.6362],[117.19441,3.63627],[117.19425,3.63634],[117.19408,3.63641],[117.194,3.63645],[117.19383,3.63652],[117.1937,3.63655],[117.19361,3.63657],[117.19344,3.63662],[117.19335,3.63664],[117.19317,3.63668],[117.19309,3.6367],[117.193,3.63673],[117.19296,3.63674],[117.19296,3.63674],[117.19288,3.63701],[117.19276,3.63725],[117.19194,3.63764],[117.19122,3.63781],[117.19059,3.63807],[117.19034,3.63825],[117.18975,3.63859],[117.18937,3.6388],[117.18935,3.63881],[117.1889,3.63906],[117.18864,3.63917],[117.18854,3.63934],[117.18849,3.63939],[117.18855,3.63971],[117.18864,3.63997],[117.18909,3.64064],[117.18913,3.64068],[117.18929,3.64089],[117.18967,3.64137],[117.18993,3.64175],[117.19006,3.64206],[117.19032,3.64264],[117.19063,3.64298],[117.19071,3.64306],[117.19094,3.64328],[117.19103,3.64336],[117.19112,3.64344],[117.19123,3.64355],[117.19126,3.64358],[117.19135,3.64369],[117.19149,3.64386],[117.1917,3.64418],[117.19194,3.64438],[117.19216,3.64447],[117.19261,3.64449],[117.19312,3.64446],[117.19339,3.64453],[117.19364,3.64473],[117.19371,3.64478],[117.19389,3.645],[117.19392,3.64503],[117.19404,3.64518],[117.19434,3.64567],[117.1945,3.64587],[117.19464,3.64605],[117.19494,3.6463],[117.19508,3.64645],[117.19525,3.64664],[117.19564,3.64726],[117.19574,3.64748],[117.19614,3.6481],[117.19663,3.64887],[117.19674,3.64902],[117.19683,3.64913],[117.19718,3.6496],[117.19723,3.6497],[117.19725,3.65],[117.19727,3.65024],[117.1974,3.65042],[117.19764,3.65054],[117.1985,3.65092],[117.19924,3.65133],[117.19974,3.65146],[117.20024,3.65157],[117.20065,3.65197],[117.20121,3.65238],[117.20149,3.65252],[117.20214,3.65271],[117.20215,3.65271],[117.2028,3.65267],[117.20281,3.65267],[117.20354,3.65271],[117.20394,3.65273],[117.20421,3.65282],[117.20452,3.65292],[117.20501,3.65333],[117.20518,3.65354],[117.20542,3.65406],[117.20573,3.65475],[117.20611,3.65524],[117.2062,3.65537],[117.20764,3.65601],[117.20844,3.65633],[117.20854,3.65637],[117.2089,3.65648],[117.20932,3.65677],[117.20951,3.65689],[117.20975,3.6572],[117.20989,3.65751],[117.2099,3.65751],[117.21021,3.65723],[117.21039,3.65697],[117.21071,3.6566],[117.21073,3.65643],[117.21071,3.65614],[117.21084,3.65569],[117.21116,3.65547],[117.2115,3.65522],[117.21193,3.6551],[117.21223,3.65489],[117.21253,3.65453],[117.21259,3.65446],[117.21286,3.65414],[117.21293,3.65404],[117.21315,3.65374],[117.21321,3.65336],[117.21334,3.65313],[117.21378,3.65298],[117.21432,3.65286],[117.21472,3.6527],[117.21484,3.65256],[117.21497,3.65242],[117.21531,3.65193],[117.21555,3.6516],[117.21592,3.65158],[117.21635,3.65175],[117.21689,3.65199],[117.21741,3.652],[117.21792,3.65184],[117.21867,3.65168],[117.21893,3.65148],[117.21906,3.65107],[117.21926,3.65055],[117.21973,3.65006],[117.22012,3.64988],[117.22075,3.64976],[117.22142,3.64967],[117.22186,3.64955],[117.22233,3.6492],[117.22296,3.64863],[117.22341,3.64797],[117.22371,3.64775],[117.22429,3.64757],[117.2247,3.6477],[117.22522,3.64797],[117.22591,3.64806],[117.22654,3.64793],[117.22695,3.6479],[117.22727,3.64813],[117.22745,3.64839],[117.22795,3.64854],[117.2283,3.64878],[117.22883,3.64899],[117.22939,3.64929],[117.22999,3.6494],[117.23054,3.64938],[117.23123,3.65007],[117.23139,3.65057],[117.23149,3.65116],[117.23165,3.65188],[117.23196,3.65247],[117.23282,3.65319],[117.23372,3.65359],[117.2343,3.65354],[117.2352,3.65323],[117.23625,3.65309],[117.23729,3.65338],[117.23848,3.65364],[117.23905,3.65383],[117.23972,3.65345],[117.24032,3.65252],[117.2406,3.65204],[117.24162,3.65159],[117.24236,3.65123],[117.24609,3.65032],[117.25226,3.64912],[117.26203,3.64678],[117.26819,3.64598],[117.26819,3.64491],[117.2682,3.64169],[117.26825,3.618],[117.26789,3.61799],[117.26791,3.61797],[117.26796,3.61791],[117.26796,3.61745]]]]},"properties":{"kdprov":"65","kdkab":"03","kdkec":"040","kddesa":"007","kdsls":"0001","idsls":"65030400070001","nmprov":"KALIMANTAN UTARA","nmkab":"TANA TIDUNG","nmkec":"SESAYAP HILIR","nmdesa":"MENJELUTUNG","nmsls":"RT 001"}},{"type":"Feature","geometry":{"type":"MultiPolygon","coordinates":[[[[117.2099,3.65751],[117.20989,3.65751],[117.20975,3.6572],[117.20951,3.65689],[117.20932,3.65677],[117.2089,3.65648],[117.20854,3.65637],[117.20844,3.65633],[117.20764,3.65601],[117.2062,3.65537],[117.20611,3.65524],[117.20573,3.65475],[117.20542,3.65406],[117.20518,3.65354],[117.20501,3.65333],[117.20452,3.65292],[117.20421,3.65282],[117.20394,3.65273],[117.20354,3.65271],[117.20281,3.65267],[117.2028,3.65267],[117.20215,3.65271],[117.20214,3.65271],[117.20149,3.65252],[117.20121,3.65238],[117.20065,3.65197],[117.20024,3.65157],[117.19974,3.65146],[117.19924,3.65133],[117.1985,3.65092],[117.19764,3.65054],[117.1974,3.65042],[117.19727,3.65024],[117.19725,3.65],[117.19723,3.6497],[117.19718,3.6496],[117.19683,3.64913],[117.19674,3.64902],[117.19663,3.64887],[117.19614,3.6481],[117.19574,3.64748],[117.19564,3.64726],[117.19525,3.64664],[117.19508,3.64645],[117.19494,3.6463],[117.19464,3.64605],[117.1945,3.64587],[117.19434,3.64567],[117.19404,3.64518],[117.19392,3.64503],[117.19389,3.645],[117.19371,3.64478],[117.19364,3.64473],[117.19339,3.64453],[117.19312,3.64446],[117.19261,3.64449],[117.19216,3.64447],[117.19194,3.64438],[117.1917,3.64418],[117.19149,3.64386],[117.19135,3.64369],[117.19126,3.64358],[117.19123,3.64355],[117.19112,3.64344],[117.19103,3.64336],[117.19094,3.64328],[117.19071,3.64306],[117.19063,3.64298],[117.19032,3.64264],[117.19006,3.64206],[117.18993,3.64175],[117.18967,3.64137],[117.18929,3.64089],[117.18913,3.64068],[117.18909,3.64064],[117.18864,3.63997],[117.18855,3.63971],[117.18849,3.63939],[117.18854,3.63934],[117.18864,3.63917],[117.1889,3.63906],[117.18935,3.63881],[117.18937,3.6388],[117.18975,3.63859],[117.19034,3.63825],[117.19059,3.63807],[117.19122,3.63781],[117.19194,3.63764],[117.19276,3.63725],[117.19288,3.63701],[117.19296,3.63674],[117.19279,3.6368],[117.19212,3.63704],[117.19145,3.63729],[117.18715,3.63883],[117.18653,3.63905],[117.18539,3.63946],[117.18486,3.63962],[117.18374,3.64004],[117.1837,3.64142],[117.18367,3.64226],[117.18371,3.64402],[117.18372,3.64473],[117.18375,3.6461],[117.18379,3.64784],[117.18379,3.64785],[117.18381,3.64793],[117.1933,3.65546],[117.19987,3.65935],[117.19998,3.65934],[117.20021,3.65933],[117.20717,3.65784],[117.20991,3.65755],[117.20992,3.65755],[117.2099,3.65751]]]]},"properties":{"kdprov":"65","kdkab":"03","kdkec":"040","kddesa":"007","kdsls":"0002","idsls":"65030400070002","nmprov":"KALIMANTAN UTARA","nmkab":"TANA TIDUNG","nmkec":"SESAYAP HILIR","nmdesa":"MENJELUTUNG","nmsls":"RT 002"}},{"type":"Feature","geometry":{"type":"MultiPolygon","coordinates":[[[[117.01866,3.72624],[117.02411,3.72545],[117.03706,3.72358],[117.0376,3.72349],[117.03762,3.71963],[117.03763,3.71839],[117.03764,3.71553],[117.03762,3.71185],[117.03761,3.70866],[117.03759,3.70471],[117.03757,3.70078],[117.03756,3.69869],[117.03752,3.6899],[117.03181,3.68989],[117.02599,3.68988],[117.01786,3.68986],[117.01786,3.70162],[117.01786,3.70208],[117.01792,3.70374],[117.01837,3.71731],[117.01842,3.71886],[117.01866,3.72624]]]]},"properties":{"kdprov":"65","kdkab":"03","kdkec":"040","kddesa":"003","kdsls":"4003","idsls":"65030400034003","nmprov":"KALIMANTAN UTARA","nmkab":"TANA TIDUNG","nmkec":"SESAYAP HILIR","nmdesa":"SEPALA DALUNG","nmsls":"KAMP BERLIAN"}},{"type":"Feature","geometry":{"type":"MultiPolygon","coordinates":[[[[117.01944,3.55407],[117.01947,3.55404],[117.01965,3.55392],[117.02198,3.55232],[117.02234,3.55208],[117.02271,3.55183],[117.02742,3.5486],[117.04409,3.53721],[117.04624,3.53574],[117.04623,3.53574],[117.0422,3.53616],[117.0391,3.53648],[117.03809,3.53658],[117.03396,3.53702],[117.03373,3.53705],[117.03126,3.53731],[117.02945,3.5375],[117.02945,3.53745],[117.02945,3.5352],[117.02795,3.53536],[117.02357,3.53582],[117.02044,3.53615],[117.0201,3.53618],[117.01949,3.53624],[117.01949,3.53624],[117.01944,3.53625],[116.98638,3.53973],[116.9861,3.53899],[116.98566,3.53838],[116.98504,3.53776],[116.98543,3.53627],[116.98538,3.53517],[116.98495,3.53426],[116.98381,3.5334],[116.98276,3.53244],[116.98238,3.53177],[116.98231,3.53],[116.98217,3.52963],[116.98207,3.52927],[116.98201,3.5283],[116.98177,3.52784],[116.98148,3.5275],[116.9811,3.52737],[116.98064,3.52746],[116.98005,3.5275],[116.97972,3.52747],[116.97925,3.52726],[116.97869,3.52692],[116.97837,3.52688],[116.97811,3.52693],[116.97746,3.527],[116.97711,3.52698],[116.97694,3.52686],[116.97658,3.52688],[116.97581,3.52724],[116.97572,3.52728],[116.97013,3.54466],[116.96921,3.54496],[116.96914,3.54516],[116.97067,3.54489],[116.97378,3.54433],[116.97908,3.54339],[116.98027,3.54361],[116.98183,3.54604],[116.98295,3.54888],[116.98353,3.54975],[116.98464,3.55359],[116.98505,3.55408],[116.98544,3.55454],[116.98683,3.55482],[116.98754,3.5547],[116.98765,3.55468],[116.9881,3.55482],[116.98866,3.55491],[116.9891,3.55488],[116.98959,3.55469],[116.98999,3.5544],[116.99021,3.55418],[116.99033,3.55383],[116.99057,3.55366],[116.99081,3.55343],[116.99103,3.55308],[116.99133,3.55261],[116.99152,3.55249],[116.99194,3.55229],[116.99221,3.55225],[116.99263,3.55227],[116.99294,3.55223],[116.99345,3.55213],[116.99383,3.55207],[116.99411,3.55205],[116.9945,3.55213],[116.99472,3.55232],[116.99502,3.55254],[116.9953,3.55263],[116.99568,3.55269],[116.9962,3.55267],[116.99657,3.55267],[116.99709,3.55265],[116.99742,3.55271],[116.99778,3.55285],[116.99818,3.55284],[116.99867,3.55276],[116.99901,3.55278],[116.99979,3.55283],[117.00021,3.55289],[117.0008,3.55282],[117.00166,3.55263],[117.0026,3.55258],[117.00317,3.55243],[117.00369,3.55225],[117.00419,3.55217],[117.0047,3.55204],[117.00518,3.55202],[117.00573,3.55212],[117.00632,3.55236],[117.00678,3.55239],[117.00728,3.55227],[117.00774,3.5523],[117.0084,3.55251],[117.00886,3.55261],[117.00906,3.55263],[117.00934,3.55254],[117.00959,3.55234],[117.01008,3.55204],[117.01036,3.55198],[117.01137,3.55209],[117.0124,3.55233],[117.01764,3.55358],[117.01934,3.55402],[117.01938,3.55403],[117.0194,3.55403],[117.01944,3.55407]]]]},"properties":{"kdprov":"65","kdkab":"03","kdkec":"040","kddesa":"001","kdsls":"0003","idsls":"65030400010003","nmprov":"KALIMANTAN UTARA","nmkab":"TANA TIDUNG","nmkec":"SESAYAP HILIR","nmdesa":"SELUDAU","nmsls":"RT 003"}},{"type":"Feature","geometry":{"type":"MultiPolygon","coordinates":[[[[117.04566,3.65276],[117.03668,3.65264],[117.03056,3.65256],[117.01786,3.65238],[117.01786,3.65472],[117.01786,3.68986],[117.02599,3.68988],[117.03181,3.68989],[117.03752,3.6899],[117.04597,3.68965],[117.04595,3.68751],[117.04588,3.67856],[117.04576,3.6644],[117.04569,3.6559],[117.04566,3.65276]]]]},"properties":{"kdprov":"65","kdkab":"03","kdkec":"040","kddesa":"003","kdsls":"4002","idsls":"65030400034002","nmprov":"KALIMANTAN UTARA","nmkab":"TANA TIDUNG","nmkec":"SESAYAP HILIR","nmdesa":"SEPALA DALUNG","nmsls":"KAMP INTAN"}},{"type":"Feature","geometry":{"type":"MultiPolygon","coordinates":[[[[117.04838,3.60745],[117.0474,3.60692],[117.04731,3.60687],[117.04686,3.60662],[117.04678,3.60658],[117.04666,3.6065],[117.04574,3.60585],[117.0455,3.60568],[117.04538,3.6056],[117.04522,3.60548],[117.04303,3.60417],[117.04153,3.60374],[117.04065,3.60398],[117.04049,3.60418],[117.0402,3.60455],[117.04001,3.60591],[117.04039,3.60739],[117.0404,3.6074],[117.0406,3.60777],[117.04135,3.60916],[117.04155,3.60953],[117.04232,3.61023],[117.04322,3.61104],[117.04383,3.6116],[117.04417,3.61191],[117.04533,3.61264],[117.04539,3.61268],[117.0454,3.61268],[117.0454,3.61268],[117.04588,3.61298],[117.04599,3.61306],[117.04835,3.61456],[117.04959,3.61535],[117.05024,3.61576],[117.05064,3.61595],[117.05099,3.61611],[117.05168,3.61644],[117.05179,3.61649],[117.05202,3.6166],[117.05261,3.61688],[117.05339,3.61725],[117.0536,3.61734],[117.05438,3.61771],[117.05491,3.61784],[117.0551,3.61789],[117.05529,3.61793],[117.05578,3.61806],[117.05592,3.61812],[117.05599,3.61815],[117.05601,3.61815],[117.05613,3.6182],[117.05773,3.61859],[117.0583,3.61865],[117.0584,3.61866],[117.05863,3.61859],[117.05874,3.61855],[117.05896,3.61848],[117.059,3.61846],[117.05927,3.61829],[117.05933,3.61791],[117.05929,3.61762],[117.05925,3.61723],[117.05881,3.6159],[117.05846,3.61486],[117.05843,3.61477],[117.05843,3.61477],[117.05842,3.61478],[117.05839,3.61468],[117.05835,3.61457],[117.0583,3.6145],[117.05825,3.61442],[117.05788,3.61378],[117.05764,3.61346],[117.05708,3.61272],[117.0534,3.61019],[117.04838,3.60745]]],[[[117.09372,3.61679],[117.09363,3.61682],[117.09347,3.61689],[117.09338,3.61692],[117.09324,3.61698],[117.09307,3.61703],[117.09298,3.61706],[117.09289,3.61709],[117.09272,3.61714],[117.09267,3.61716],[117.09259,3.61719],[117.09243,3.61727],[117.09234,3.6173],[117.09226,3.61734],[117.09218,3.61737],[117.09201,3.61744],[117.09193,3.61748],[117.09185,3.61751],[117.09168,3.61759],[117.0916,3.61762],[117.09148,3.61767],[117.09132,3.61776],[117.09124,3.6178],[117.09116,3.61785],[117.09101,3.61794],[117.09085,3.61802],[117.09069,3.61811],[117.09066,3.61813],[117.09062,3.61821],[117.09054,3.61835],[117.09061,3.61851],[117.09065,3.61868],[117.0907,3.61885],[117.09072,3.61894],[117.09076,3.6191],[117.09082,3.61917],[117.09087,3.61924],[117.09093,3.61931],[117.09098,3.61938],[117.0911,3.61952],[117.09115,3.61959],[117.09122,3.61969],[117.09136,3.61981],[117.09149,3.61993],[117.09156,3.61998],[117.09163,3.62004],[117.09176,3.62016],[117.0919,3.62028],[117.09197,3.62035],[117.09202,3.62042],[117.09207,3.62049],[117.09218,3.62064],[117.09229,3.62078],[117.09232,3.62082],[117.09245,3.62095],[117.09251,3.62102],[117.09263,3.62115],[117.09275,3.62129],[117.09282,3.62135],[117.0929,3.62144],[117.09296,3.6215],[117.09296,3.6215],[117.09303,3.62157],[117.09309,3.62163],[117.09315,3.62169],[117.09322,3.62176],[117.09335,3.62188],[117.09341,3.62195],[117.09344,3.62197],[117.09347,3.62201],[117.09354,3.62208],[117.09368,3.6222],[117.09375,3.62226],[117.09388,3.62238],[117.094,3.62248],[117.09408,3.62253],[117.09422,3.62264],[117.09429,3.62269],[117.09435,3.62273],[117.09444,3.6228],[117.09457,3.6229],[117.09473,3.62299],[117.09481,3.62303],[117.09496,3.62312],[117.09512,3.62321],[117.0952,3.62326],[117.09527,3.6233],[117.09543,3.62339],[117.09555,3.62347],[117.0957,3.62357],[117.09585,3.62367],[117.09593,3.62372],[117.09608,3.62382],[117.09615,3.62387],[117.0963,3.62397],[117.09638,3.62402],[117.09646,3.62405],[117.09655,3.62408],[117.09672,3.62414],[117.0968,3.62417],[117.09689,3.6242],[117.09706,3.62426],[117.09714,3.62429],[117.09724,3.62432],[117.09733,3.62433],[117.09742,3.62434],[117.0976,3.62436],[117.09769,3.62437],[117.09787,3.62439],[117.09791,3.62439],[117.098,3.62439],[117.09809,3.62439],[117.09818,3.62439],[117.09827,3.62439],[117.09836,3.62439],[117.09845,3.62439],[117.09858,3.62439],[117.09876,3.62439],[117.09885,3.62439],[117.09903,3.62438],[117.09921,3.62438],[117.0993,3.62438],[117.09943,3.62438],[117.09952,3.62437],[117.09961,3.62437],[117.09979,3.62436],[117.09988,3.62436],[117.10006,3.62435],[117.10016,3.62435],[117.10034,3.62431],[117.10051,3.62426],[117.1006,3.62424],[117.10076,3.6242],[117.10094,3.62415],[117.10102,3.62413],[117.1012,3.62409],[117.10133,3.62406],[117.1015,3.624],[117.10159,3.62397],[117.10168,3.62395],[117.10181,3.6239],[117.10189,3.62387],[117.10197,3.62383],[117.10214,3.62377],[117.10222,3.62373],[117.10232,3.62369],[117.1024,3.62366],[117.10249,3.62363],[117.10266,3.62356],[117.10275,3.62353],[117.10292,3.62346],[117.10308,3.62339],[117.10317,3.62335],[117.10325,3.62332],[117.10341,3.62323],[117.10357,3.62315],[117.10374,3.62307],[117.1039,3.62299],[117.10406,3.62291],[117.10414,3.62287],[117.10422,3.62282],[117.1043,3.62278],[117.10446,3.62269],[117.10453,3.62264],[117.10469,3.62255],[117.10477,3.62251],[117.10488,3.62245],[117.10503,3.62236],[117.10511,3.62231],[117.10527,3.62223],[117.10535,3.62218],[117.10543,3.62214],[117.10557,3.62206],[117.10565,3.62201],[117.10573,3.62197],[117.10588,3.62188],[117.10596,3.62183],[117.10608,3.62176],[117.10615,3.6217],[117.10622,3.62165],[117.10637,3.62153],[117.10651,3.62142],[117.10658,3.62137],[117.10665,3.62131],[117.10679,3.6212],[117.10686,3.62114],[117.10699,3.62102],[117.10712,3.62091],[117.10714,3.62082],[117.10718,3.62067],[117.10709,3.62051],[117.10705,3.62043],[117.10697,3.62031],[117.10686,3.62017],[117.1068,3.6201],[117.10675,3.62003],[117.10663,3.61989],[117.10652,3.61975],[117.10646,3.61968],[117.1064,3.61961],[117.10629,3.61947],[117.10621,3.61938],[117.1061,3.61924],[117.10605,3.61917],[117.10599,3.61909],[117.10588,3.61895],[117.10577,3.61881],[117.10572,3.61874],[117.10561,3.6186],[117.10555,3.61852],[117.1055,3.61845],[117.1054,3.61833],[117.10529,3.61819],[117.10518,3.61805],[117.10507,3.61791],[117.10496,3.61776],[117.10485,3.61762],[117.10473,3.61748],[117.10462,3.61734],[117.10457,3.61727],[117.1045,3.61721],[117.10437,3.61709],[117.10424,3.61697],[117.10417,3.61691],[117.10404,3.61679],[117.10395,3.61671],[117.1039,3.61666],[117.10384,3.6166],[117.1037,3.61648],[117.10361,3.6164],[117.10347,3.61628],[117.1034,3.61623],[117.10334,3.61617],[117.1032,3.61605],[117.10306,3.61594],[117.10299,3.61588],[117.10292,3.61582],[117.10278,3.6157],[117.10275,3.61567],[117.10264,3.61559],[117.10251,3.61547],[117.10244,3.61541],[117.10233,3.61532],[117.10231,3.61531],[117.10216,3.61521],[117.10209,3.61516],[117.10194,3.61505],[117.1019,3.61503],[117.10179,3.615],[117.10172,3.61498],[117.10164,3.61495],[117.10146,3.6149],[117.10142,3.61489],[117.10124,3.61489],[117.10115,3.61488],[117.10097,3.61488],[117.10092,3.61488],[117.10074,3.61489],[117.10065,3.61489],[117.10047,3.61491],[117.10038,3.61491],[117.1002,3.61492],[117.10007,3.61493],[117.09998,3.61494],[117.09989,3.61495],[117.09971,3.61497],[117.09962,3.61498],[117.09953,3.61498],[117.09944,3.61499],[117.09935,3.615],[117.09926,3.61501],[117.09912,3.61503],[117.09903,3.61504],[117.09894,3.61506],[117.09876,3.6151],[117.09867,3.61512],[117.0985,3.61515],[117.09841,3.61517],[117.09823,3.61521],[117.09821,3.61521],[117.09815,3.61523],[117.09803,3.61525],[117.09785,3.61528],[117.09768,3.61531],[117.0975,3.61534],[117.09732,3.61536],[117.09714,3.61539],[117.09696,3.61545],[117.09688,3.61548],[117.09679,3.61551],[117.09662,3.61556],[117.09645,3.61562],[117.09628,3.61567],[117.09615,3.61572],[117.09607,3.61575],[117.09598,3.61578],[117.0959,3.61581],[117.09581,3.61584],[117.09573,3.61587],[117.09564,3.6159],[117.0955,3.61595],[117.09542,3.61599],[117.09534,3.61603],[117.09518,3.61611],[117.09509,3.61615],[117.09493,3.61623],[117.09485,3.61627],[117.09477,3.61631],[117.09461,3.61638],[117.09453,3.61642],[117.09436,3.6165],[117.09428,3.61654],[117.0942,3.61658],[117.09405,3.61665],[117.09397,3.61669],[117.0938,3.61675],[117.09372,3.61679]]],[[[117.10629,3.63624],[117.1062,3.63624],[117.10611,3.63625],[117.10593,3.63626],[117.10584,3.63626],[117.10575,3.63627],[117.1056,3.63629],[117.10551,3.6363],[117.10542,3.63631],[117.10524,3.63634],[117.10515,3.63635],[117.10506,3.63636],[117.10497,3.63637],[117.10479,3.6364],[117.1047,3.63641],[117.10462,3.63642],[117.10453,3.63643],[117.10435,3.63646],[117.10426,3.63647],[117.10417,3.63648],[117.10408,3.6365],[117.1039,3.63652],[117.10381,3.63653],[117.10372,3.63654],[117.10363,3.63656],[117.10346,3.63658],[117.10337,3.63659],[117.10319,3.63661],[117.10301,3.63663],[117.10292,3.63664],[117.10274,3.63666],[117.10265,3.63667],[117.10256,3.63668],[117.10238,3.63669],[117.1023,3.6367],[117.10212,3.63672],[117.10203,3.63673],[117.10185,3.63675],[117.10176,3.63676],[117.10167,3.63677],[117.10149,3.63679],[117.1014,3.6368],[117.10131,3.63681],[117.10115,3.63683],[117.10106,3.63684],[117.10097,3.63685],[117.10088,3.63686],[117.10079,3.63687],[117.1007,3.63688],[117.10061,3.63689],[117.10052,3.6369],[117.10034,3.63692],[117.10025,3.63693],[117.10016,3.63694],[117.10007,3.63695],[117.09998,3.63696],[117.09989,3.63697],[117.0998,3.63698],[117.09971,3.63699],[117.09962,3.637],[117.09945,3.63702],[117.09936,3.63703],[117.09927,3.63704],[117.09918,3.63705],[117.099,3.63707],[117.09891,3.63708],[117.09883,3.63709],[117.09874,3.63711],[117.09865,3.63712],[117.09856,3.63713],[117.09847,3.63714],[117.09838,3.63715],[117.09829,3.63716],[117.0982,3.63718],[117.09811,3.63719],[117.09802,3.6372],[117.09793,3.63721],[117.09775,3.63723],[117.09766,3.63724],[117.09757,3.63726],[117.09749,3.63727],[117.0974,3.63728],[117.09731,3.63729],[117.09722,3.6373],[117.09708,3.63732],[117.097,3.63733],[117.09691,3.63735],[117.09682,3.63736],[117.09673,3.63738],[117.09664,3.63739],[117.09655,3.6374],[117.09646,3.63742],[117.09628,3.63744],[117.09619,3.63746],[117.0961,3.63747],[117.09602,3.63748],[117.09593,3.6375],[117.09584,3.63751],[117.09575,3.63752],[117.09566,3.63754],[117.09557,3.63755],[117.09539,3.63758],[117.0953,3.63759],[117.09521,3.6376],[117.09513,3.63762],[117.09504,3.63763],[117.0949,3.63764],[117.09473,3.63765],[117.09455,3.63766],[117.09446,3.63767],[117.09437,3.63767],[117.09419,3.63769],[117.09401,3.6377],[117.09392,3.6377],[117.09383,3.63771],[117.09365,3.63772],[117.09347,3.63773],[117.09338,3.63774],[117.09329,3.63774],[117.09312,3.63776],[117.09295,3.63777],[117.09277,3.63779],[117.09259,3.63781],[117.0925,3.63781],[117.09232,3.63783],[117.09214,3.63785],[117.09196,3.63786],[117.09178,3.63788],[117.0916,3.6379],[117.09142,3.63791],[117.09125,3.63792],[117.09107,3.63793],[117.09098,3.63793],[117.09089,3.63794],[117.09071,3.63794],[117.09053,3.63795],[117.09044,3.63795],[117.09035,3.63795],[117.09017,3.63796],[117.08999,3.63797],[117.0899,3.63797],[117.08981,3.63797],[117.0897,3.63798],[117.08952,3.63799],[117.08934,3.63799],[117.08925,3.638],[117.08907,3.63801],[117.08889,3.63802],[117.0888,3.63802],[117.08871,3.63803],[117.08853,3.63804],[117.08844,3.63804],[117.08826,3.63805],[117.08808,3.63803],[117.0879,3.63802],[117.08773,3.638],[117.08755,3.63798],[117.08737,3.63796],[117.08728,3.63795],[117.08719,3.63794],[117.08701,3.63792],[117.08683,3.63791],[117.08672,3.63789],[117.08663,3.63788],[117.08645,3.63786],[117.08636,3.63784],[117.08618,3.63782],[117.0861,3.63781],[117.08592,3.63779],[117.08583,3.63777],[117.08574,3.63776],[117.08556,3.63774],[117.08547,3.63773],[117.08529,3.6377],[117.08518,3.63768],[117.08509,3.63767],[117.085,3.63765],[117.08483,3.63762],[117.08474,3.63761],[117.08465,3.63759],[117.08447,3.63757],[117.08438,3.63755],[117.08429,3.63754],[117.0842,3.63752],[117.08403,3.63749],[117.08394,3.63748],[117.08383,3.63745],[117.08374,3.63743],[117.08365,3.63742],[117.08356,3.6374],[117.08338,3.63736],[117.0833,3.63734],[117.08321,3.63732],[117.08312,3.63731],[117.08303,3.63729],[117.08294,3.63727],[117.08286,3.63725],[117.08277,3.63723],[117.08261,3.6372],[117.08243,3.63716],[117.08234,3.63714],[117.08225,3.63712],[117.08217,3.6371],[117.08211,3.63709],[117.08177,3.63706],[117.08147,3.63695],[117.08146,3.63695],[117.08137,3.63693],[117.08129,3.63691],[117.08117,3.63688],[117.081,3.63682],[117.08092,3.6368],[117.08074,3.63674],[117.08057,3.63669],[117.08049,3.63666],[117.08031,3.63661],[117.08023,3.63658],[117.08006,3.63653],[117.0799,3.6365],[117.07987,3.63649],[117.07981,3.63648],[117.07963,3.63644],[117.07954,3.63643],[117.07945,3.63641],[117.07928,3.63638],[117.07919,3.63636],[117.0791,3.63634],[117.07892,3.63631],[117.07876,3.63627],[117.07859,3.63622],[117.0785,3.6362],[117.07833,3.63615],[117.07824,3.63613],[117.07806,3.63608],[117.07798,3.63606],[117.0778,3.63601],[117.07772,3.63599],[117.07763,3.63596],[117.0775,3.63593],[117.07742,3.6359],[117.07724,3.63586],[117.07715,3.63583],[117.07698,3.63579],[117.07689,3.63576],[117.07681,3.63574],[117.07663,3.63569],[117.07655,3.63567],[117.07646,3.63564],[117.07635,3.6356],[117.07626,3.63557],[117.07618,3.63554],[117.07609,3.63551],[117.07601,3.63548],[117.07592,3.63545],[117.07575,3.63539],[117.07567,3.63536],[117.07558,3.63533],[117.07546,3.63529],[117.0753,3.63522],[117.07521,3.63519],[117.07505,3.63512],[117.07496,3.63509],[117.07488,3.63506],[117.07479,3.63502],[117.07471,3.63499],[117.07456,3.63493],[117.07447,3.63489],[117.07439,3.63486],[117.0743,3.63483],[117.07422,3.63479],[117.07414,3.63476],[117.07405,3.63473],[117.07397,3.63469],[117.07389,3.63466],[117.07378,3.63461],[117.0737,3.63458],[117.07362,3.63454],[117.07345,3.63447],[117.07337,3.63443],[117.07329,3.6344],[117.07312,3.63433],[117.07304,3.63429],[117.07296,3.63425],[117.07279,3.63418],[117.07271,3.63415],[117.07262,3.63411],[117.07252,3.63406],[117.07235,3.63399],[117.07227,3.63395],[117.07211,3.63388],[117.07202,3.63385],[117.07186,3.63377],[117.07178,3.63374],[117.07169,3.6337],[117.07153,3.63363],[117.07145,3.63359],[117.07136,3.63355],[117.07127,3.63351],[117.07119,3.63348],[117.0711,3.63344],[117.07102,3.63341],[117.07088,3.63335],[117.0708,3.63332],[117.07071,3.63329],[117.07061,3.63325],[117.07053,3.63321],[117.07036,3.63314],[117.0702,3.63307],[117.07007,3.63303],[117.06999,3.63299],[117.06991,3.63296],[117.06974,3.6329],[117.06965,3.63286],[117.06957,3.63283],[117.0694,3.63277],[117.06932,3.63274],[117.06923,3.6327],[117.06915,3.63267],[117.06898,3.63261],[117.0689,3.63257],[117.0688,3.63253],[117.06871,3.6325],[117.06863,3.63247],[117.06855,3.63243],[117.06846,3.6324],[117.06838,3.63237],[117.0683,3.63233],[117.06821,3.6323],[117.06813,3.63226],[117.06801,3.63223],[117.06793,3.6322],[117.06775,3.63215],[117.06767,3.63212],[117.06758,3.63209],[117.0675,3.63207],[117.06741,3.63204],[117.06724,3.63199],[117.06715,3.63196],[117.06708,3.63193],[117.06692,3.63185],[117.06684,3.63181],[117.06676,3.63177],[117.0666,3.63169],[117.06652,3.63165],[117.06643,3.63161],[117.06627,3.63153],[117.06619,3.6315],[117.06611,3.63146],[117.06595,3.63138],[117.06584,3.63132],[117.06568,3.63123],[117.0656,3.63118],[117.06552,3.63114],[117.06545,3.63109],[117.06529,3.631],[117.06521,3.63096],[117.06505,3.63087],[117.0649,3.63078],[117.06482,3.63074],[117.06466,3.63065],[117.06458,3.6306],[117.06443,3.63052],[117.06435,3.63047],[117.06419,3.63038],[117.06404,3.63029],[117.06396,3.63025],[117.0638,3.63016],[117.06372,3.63011],[117.06362,3.63006],[117.06347,3.62996],[117.06331,3.62987],[117.06324,3.62982],[117.06316,3.62978],[117.06301,3.62968],[117.06287,3.6296],[117.06272,3.62951],[117.06264,3.62946],[117.06257,3.62942],[117.06241,3.62932],[117.06226,3.62923],[117.06218,3.62918],[117.06203,3.62909],[117.06189,3.62901],[117.06181,3.62896],[117.06174,3.62892],[117.06158,3.62882],[117.0615,3.62878],[117.06135,3.62869],[117.06124,3.62862],[117.06109,3.62853],[117.06101,3.62848],[117.06086,3.62838],[117.06078,3.62834],[117.06071,3.62829],[117.06063,3.62824],[117.06048,3.62815],[117.0604,3.6281],[117.06033,3.62805],[117.06019,3.62796],[117.06003,3.62786],[117.05996,3.62781],[117.05988,3.62777],[117.05973,3.62767],[117.05958,3.62757],[117.0595,3.62752],[117.05943,3.62747],[117.05935,3.62742],[117.05919,3.62733],[117.05911,3.62729],[117.05904,3.62724],[117.05888,3.62715],[117.0588,3.62711],[117.05864,3.62702],[117.05855,3.62696],[117.05848,3.6269],[117.05841,3.62685],[117.05833,3.6268],[117.05826,3.62675],[117.05819,3.6267],[117.0581,3.62665],[117.05803,3.6266],[117.05787,3.62651],[117.05779,3.62646],[117.05772,3.62642],[117.05756,3.62633],[117.05748,3.62628],[117.05733,3.62619],[117.05719,3.62611],[117.05711,3.62606],[117.05704,3.62601],[117.05688,3.62591],[117.05681,3.62587],[117.05673,3.62582],[117.05658,3.62572],[117.0565,3.62567],[117.05643,3.62563],[117.05634,3.62557],[117.05619,3.62547],[117.05612,3.62542],[117.05596,3.62532],[117.05589,3.62527],[117.05581,3.62522],[117.05566,3.62512],[117.05559,3.62507],[117.05551,3.62502],[117.05536,3.62492],[117.05523,3.62484],[117.05508,3.62474],[117.055,3.6247],[117.05493,3.62465],[117.05485,3.6246],[117.05477,3.62455],[117.05462,3.62446],[117.05455,3.62441],[117.05447,3.62436],[117.05439,3.62432],[117.05423,3.62423],[117.05407,3.62415],[117.05398,3.6241],[117.05382,3.62402],[117.05374,3.62398],[117.05365,3.62393],[117.0535,3.62384],[117.05342,3.62379],[117.05327,3.62369],[117.05319,3.62364],[117.05311,3.6236],[117.05296,3.6235],[117.05281,3.6234],[117.05274,3.62335],[117.05259,3.62326],[117.05251,3.62321],[117.05236,3.62311],[117.05228,3.62306],[117.05221,3.62301],[117.05208,3.62293],[117.05201,3.62288],[117.05193,3.62283],[117.05186,3.62278],[117.05178,3.62273],[117.05171,3.62267],[117.05163,3.62262],[117.05148,3.62252],[117.05141,3.62247],[117.05133,3.62242],[117.05126,3.62237],[117.05117,3.62231],[117.05102,3.62221],[117.05095,3.62216],[117.0508,3.62205],[117.05072,3.622],[117.05058,3.6219],[117.05043,3.6218],[117.05035,3.62174],[117.05028,3.62168],[117.05021,3.62162],[117.05014,3.62157],[117.05007,3.62151],[117.04993,3.6214],[117.04985,3.62134],[117.04978,3.62129],[117.04964,3.62118],[117.04957,3.62113],[117.04949,3.62108],[117.04942,3.62103],[117.04927,3.62092],[117.0492,3.62087],[117.04912,3.62082],[117.04905,3.62077],[117.04898,3.62072],[117.0489,3.62066],[117.04883,3.62061],[117.04876,3.62056],[117.04868,3.62051],[117.04854,3.6204],[117.04846,3.62035],[117.04839,3.6203],[117.04831,3.62025],[117.04822,3.62018],[117.04807,3.62008],[117.04792,3.61997],[117.04784,3.61992],[117.04769,3.61982],[117.04755,3.61972],[117.04747,3.61967],[117.0474,3.61962],[117.04725,3.61952],[117.04717,3.61947],[117.04703,3.61936],[117.04688,3.61926],[117.0468,3.61921],[117.04665,3.61911],[117.04657,3.61905],[117.04643,3.61895],[117.04635,3.6189],[117.04628,3.61885],[117.04613,3.61875],[117.04598,3.61865],[117.0459,3.6186],[117.04583,3.61855],[117.04568,3.61844],[117.04561,3.61839],[117.04553,3.61834],[117.0454,3.61826],[117.04551,3.6329],[117.04556,3.63902],[117.04561,3.64626],[117.04566,3.65276],[117.04569,3.6559],[117.04576,3.6644],[117.04588,3.67856],[117.04595,3.68751],[117.04597,3.68965],[117.03752,3.6899],[117.03756,3.69869],[117.03757,3.70078],[117.03759,3.70471],[117.03761,3.70866],[117.03762,3.71185],[117.03764,3.71553],[117.03763,3.71839],[117.03762,3.71963],[117.0376,3.72349],[117.04039,3.72302],[117.05108,3.72121],[117.05163,3.72112],[117.06012,3.71955],[117.06957,3.71758],[117.07034,3.71742],[117.07218,3.7172],[117.07359,3.71704],[117.07504,3.71687],[117.07919,3.71639],[117.08056,3.71623],[117.08441,3.71574],[117.09196,3.71478],[117.09586,3.71429],[117.1048,3.71315],[117.1072,3.7133],[117.10714,3.71093],[117.10695,3.70339],[117.1069,3.70158],[117.10653,3.68702],[117.10633,3.67924],[117.10633,3.67924],[117.10632,3.67924],[117.10632,3.67221],[117.10632,3.66084],[117.10632,3.65544],[117.10632,3.65544],[117.10632,3.64596],[117.10631,3.63627],[117.10632,3.63624],[117.10629,3.63624]]]]},"properties":{"kdprov":"65","kdkab":"03","kdkec":"040","kddesa":"003","kdsls":"1005","idsls":"65030400031005","nmprov":"KALIMANTAN UTARA","nmkab":"TANA TIDUNG","nmkec":"SESAYAP HILIR","nmdesa":"SEPALA DALUNG","nmsls":"KEBUN SAWIT"}},{"type":"Feature","geometry":{"type":"MultiPolygon","coordinates":[[[[117.44363,3.40551],[117.44374,3.40486],[117.44385,3.40391],[117.44407,3.40282],[117.4442,3.40052],[117.44429,3.3987],[117.44421,3.3983],[117.44379,3.39634],[117.44329,3.39432],[117.44261,3.39196],[117.44212,3.3905],[117.44174,3.38994],[117.44124,3.38942],[117.44076,3.38899],[117.44043,3.38844],[117.44026,3.38823],[117.44021,3.38817],[117.44011,3.38805],[117.44009,3.38787],[117.44002,3.38735],[117.4398,3.38647],[117.43958,3.38551],[117.43953,3.38532],[117.43895,3.38315],[117.43845,3.38107],[117.43794,3.37929],[117.43737,3.37595],[117.43712,3.3737],[117.43697,3.37269],[117.43711,3.37041],[117.43733,3.36796],[117.43806,3.3654],[117.43865,3.36398],[117.43905,3.36265],[117.43904,3.36167],[117.43875,3.36064],[117.43804,3.35889],[117.4376,3.35753],[117.43668,3.35614],[117.43665,3.35609],[117.43597,3.35402],[117.43582,3.35264],[117.43578,3.35102],[117.43579,3.35089],[117.43588,3.3497],[117.43549,3.34925],[117.43546,3.34921],[117.43533,3.34906],[117.43503,3.34871],[117.43488,3.34854],[117.43431,3.34782],[117.43341,3.34708],[117.43279,3.3468],[117.43218,3.34632],[117.43157,3.34583],[117.43093,3.34535],[117.43047,3.34514],[117.42931,3.3443],[117.42908,3.34417],[117.4286,3.34391],[117.42832,3.34367],[117.42793,3.34333],[117.42731,3.34271],[117.42687,3.3423],[117.42648,3.34193],[117.42596,3.34147],[117.42563,3.34126],[117.42534,3.34108],[117.42472,3.3407],[117.42441,3.34053],[117.42399,3.34036],[117.42366,3.34025],[117.42315,3.34016],[117.42282,3.34011],[117.4227,3.3401],[117.42242,3.34011],[117.42221,3.34003],[117.42163,3.33992],[117.42101,3.33981],[117.42088,3.3398],[117.42071,3.33978],[117.42041,3.33971],[117.4196,3.33961],[117.41949,3.3396],[117.41903,3.33956],[117.4185,3.3395],[117.41785,3.33948],[117.41711,3.3395],[117.41641,3.33989],[117.41601,3.34054],[117.41594,3.3416],[117.41592,3.34194],[117.41602,3.34353],[117.4161,3.34443],[117.4161,3.34443],[117.41625,3.34524],[117.41631,3.34599],[117.41655,3.34659],[117.4166,3.34687],[117.41676,3.34771],[117.417,3.34862],[117.41743,3.34997],[117.41763,3.35127],[117.41812,3.35311],[117.41832,3.35402],[117.41886,3.35611],[117.41933,3.35785],[117.41949,3.35848],[117.41985,3.35987],[117.42018,3.36106],[117.42032,3.36188],[117.42049,3.363],[117.42056,3.36322],[117.42078,3.36388],[117.42098,3.36535],[117.42113,3.36651],[117.42129,3.36741],[117.42131,3.36766],[117.42135,3.36811],[117.42154,3.36839],[117.4216,3.36873],[117.4216,3.36917],[117.42166,3.3694],[117.42165,3.36966],[117.42176,3.37077],[117.42174,3.3718],[117.42178,3.37247],[117.42175,3.37346],[117.42163,3.37493],[117.42129,3.37687],[117.42108,3.37812],[117.42084,3.37925],[117.42043,3.38079],[117.42023,3.3812],[117.41973,3.38255],[117.41927,3.38368],[117.41872,3.3846],[117.41826,3.38559],[117.41792,3.38619],[117.41765,3.38672],[117.41739,3.38727],[117.41724,3.38765],[117.41702,3.38803],[117.41688,3.38829],[117.41683,3.38851],[117.41673,3.3887],[117.4166,3.38894],[117.41608,3.38993],[117.41589,3.39028],[117.41588,3.39047],[117.41497,3.39182],[117.41413,3.39311],[117.41332,3.39411],[117.41321,3.39426],[117.41311,3.39439],[117.41299,3.39456],[117.41275,3.39488],[117.41262,3.39506],[117.41171,3.39606],[117.4114,3.39642],[117.41129,3.39654],[117.41106,3.3968],[117.4109,3.39696],[117.41054,3.39733],[117.40992,3.39792],[117.40974,3.39808],[117.40898,3.3988],[117.40854,3.39919],[117.40754,3.40005],[117.40629,3.40115],[117.40622,3.40121],[117.40578,3.4016],[117.40484,3.40235],[117.40416,3.4028],[117.404,3.40311],[117.40396,3.40315],[117.40306,3.40374],[117.4024,3.40418],[117.40199,3.40449],[117.40158,3.40472],[117.40117,3.40499],[117.401,3.40509],[117.40084,3.40523],[117.40066,3.40534],[117.40042,3.40549],[117.40005,3.40573],[117.39938,3.40614],[117.39827,3.40669],[117.39696,3.40748],[117.39499,3.40827],[117.39412,3.40858],[117.39388,3.40867],[117.39266,3.40912],[117.39176,3.40948],[117.39107,3.40967],[117.39023,3.40988],[117.38912,3.41024],[117.38853,3.41048],[117.38827,3.41056],[117.38729,3.4108],[117.38588,3.41111],[117.38506,3.4113],[117.38437,3.41138],[117.38416,3.41152],[117.38344,3.41158],[117.38262,3.41178],[117.38229,3.41182],[117.38179,3.41188],[117.38141,3.412],[117.38092,3.41205],[117.38046,3.41211],[117.37986,3.41218],[117.37924,3.41232],[117.37783,3.4126],[117.37653,3.41289],[117.37552,3.4131],[117.37496,3.41315],[117.37436,3.41336],[117.37384,3.4135],[117.37339,3.41363],[117.37269,3.41384],[117.37222,3.41401],[117.37192,3.41414],[117.37164,3.41431],[117.37144,3.41441],[117.37123,3.4146],[117.37092,3.41471],[117.37037,3.41504],[117.36991,3.41547],[117.36962,3.41577],[117.36938,3.41622],[117.36913,3.41653],[117.36875,3.41746],[117.36838,3.41836],[117.36818,3.41919],[117.36815,3.41933],[117.36796,3.42002],[117.36783,3.42046],[117.36758,3.4213],[117.36749,3.4216],[117.36741,3.42189],[117.3674,3.42225],[117.3673,3.42272],[117.36717,3.42323],[117.36703,3.42394],[117.36694,3.42456],[117.36692,3.42464],[117.36684,3.4252],[117.36672,3.42588],[117.36667,3.42641],[117.36662,3.42711],[117.36642,3.42926],[117.36641,3.4306],[117.36639,3.43204],[117.44283,3.40907],[117.44348,3.40648],[117.44363,3.40551]]],[[[117.3627,3.43144],[117.36279,3.43091],[117.36275,3.43084],[117.36261,3.43062],[117.36254,3.43048],[117.36236,3.43028],[117.36228,3.43016],[117.36223,3.43006],[117.3622,3.42979],[117.36217,3.4295],[117.36211,3.42919],[117.36205,3.42895],[117.36198,3.42861],[117.36189,3.42841],[117.36176,3.42827],[117.36164,3.42826],[117.36156,3.42836],[117.36132,3.42872],[117.36109,3.42882],[117.36103,3.42885],[117.36067,3.42877],[117.36047,3.4286],[117.3602,3.42835],[117.35983,3.42806],[117.35966,3.42801],[117.35948,3.42793],[117.35925,3.42778],[117.35916,3.42766],[117.359,3.42739],[117.35892,3.42722],[117.35886,3.42701],[117.35884,3.42689],[117.35897,3.42715],[117.35913,3.42737],[117.35937,3.42771],[117.35951,3.42781],[117.35983,3.42796],[117.36014,3.42814],[117.36034,3.42831],[117.36052,3.42848],[117.36063,3.42863],[117.36092,3.42871],[117.36104,3.42864],[117.36106,3.42862],[117.36124,3.42847],[117.36125,3.42838],[117.36134,3.42804],[117.36153,3.42795],[117.36187,3.428],[117.36204,3.42827],[117.36226,3.42912],[117.36234,3.42946],[117.36242,3.42968],[117.36255,3.42997],[117.36261,3.43012],[117.36274,3.43027],[117.36279,3.43026],[117.3629,3.43025],[117.36303,3.42927],[117.36316,3.42815],[117.36341,3.42687],[117.36363,3.42557],[117.36404,3.42367],[117.36434,3.4227],[117.36446,3.42218],[117.36467,3.42153],[117.36483,3.42098],[117.36503,3.42031],[117.36536,3.41975],[117.36558,3.41921],[117.36585,3.41878],[117.36603,3.41838],[117.36618,3.41816],[117.36626,3.41788],[117.36677,3.41713],[117.36678,3.41712],[117.36704,3.41669],[117.36737,3.41599],[117.36787,3.41515],[117.3679,3.41509],[117.36839,3.41423],[117.36902,3.41356],[117.36922,3.41327],[117.36951,3.4128],[117.3698,3.4125],[117.37026,3.41207],[117.37072,3.41174],[117.37111,3.41156],[117.37133,3.41144],[117.37152,3.41128],[117.37182,3.41108],[117.37207,3.41088],[117.37258,3.41065],[117.37306,3.41046],[117.37327,3.41037],[117.37355,3.41024],[117.37395,3.41018],[117.37417,3.41014],[117.37454,3.41005],[117.37459,3.41004],[117.37465,3.41003],[117.3752,3.40987],[117.37592,3.4097],[117.37656,3.40962],[117.37739,3.40952],[117.3781,3.4094],[117.37864,3.40931],[117.37975,3.40921],[117.3803,3.40925],[117.38067,3.40929],[117.38122,3.40925],[117.3816,3.40913],[117.3821,3.40908],[117.3825,3.40905],[117.38326,3.40896],[117.38398,3.40885],[117.38423,3.4088],[117.38488,3.40867],[117.3856,3.40858],[117.38686,3.40829],[117.38778,3.40813],[117.38818,3.40802],[117.38908,3.40786],[117.38981,3.40768],[117.3905,3.4075],[117.39114,3.40733],[117.39126,3.4073],[117.39159,3.4072],[117.39242,3.40689],[117.39262,3.40681],[117.39329,3.40652],[117.39411,3.40615],[117.39479,3.40576],[117.39557,3.40531],[117.39632,3.40485],[117.39698,3.40443],[117.39702,3.4044],[117.39756,3.40396],[117.39843,3.4033],[117.3992,3.40274],[117.39954,3.40249],[117.39985,3.40218],[117.40024,3.40181],[117.40057,3.40161],[117.40111,3.40114],[117.4013,3.401],[117.40205,3.40037],[117.40247,3.40001],[117.40297,3.39962],[117.40368,3.39901],[117.40408,3.39864],[117.40485,3.39806],[117.40581,3.39728],[117.40592,3.3972],[117.40655,3.39672],[117.40656,3.39672],[117.40726,3.39618],[117.4075,3.39598],[117.40812,3.3954],[117.40828,3.39524],[117.40881,3.39469],[117.40934,3.39427],[117.40984,3.39375],[117.41035,3.39333],[117.41066,3.39302],[117.41117,3.39247],[117.4118,3.39189],[117.41237,3.39134],[117.41304,3.39059],[117.41344,3.39005],[117.41375,3.38951],[117.41386,3.38926],[117.41409,3.38873],[117.41425,3.38818],[117.41436,3.38782],[117.41438,3.3873],[117.41434,3.38653],[117.41435,3.38618],[117.41436,3.38574],[117.4143,3.38515],[117.41428,3.38505],[117.41417,3.38426],[117.41406,3.38349],[117.41382,3.38256],[117.41367,3.38198],[117.41347,3.38102],[117.41325,3.37985],[117.41321,3.37924],[117.41307,3.37841],[117.41295,3.3774],[117.41295,3.3763],[117.41306,3.37522],[117.41313,3.37425],[117.41321,3.37392],[117.41344,3.37271],[117.41349,3.37236],[117.41359,3.37196],[117.41362,3.37163],[117.4137,3.37112],[117.41373,3.37077],[117.41383,3.37037],[117.41396,3.36984],[117.41397,3.3698],[117.41405,3.36897],[117.41409,3.36859],[117.41417,3.36828],[117.41427,3.3678],[117.4143,3.36708],[117.41444,3.36584],[117.41446,3.36462],[117.41442,3.3634],[117.41441,3.36336],[117.41423,3.36216],[117.41421,3.36131],[117.41387,3.35873],[117.4133,3.35552],[117.41304,3.35449],[117.41302,3.3536],[117.41283,3.35203],[117.41284,3.35148],[117.41284,3.35108],[117.41282,3.35077],[117.41283,3.35036],[117.41288,3.34942],[117.41296,3.34837],[117.4132,3.34724],[117.41337,3.34611],[117.41339,3.34512],[117.41333,3.34438],[117.41332,3.34387],[117.41315,3.34343],[117.41313,3.34341],[117.413,3.34329],[117.41289,3.34319],[117.41247,3.34295],[117.41263,3.34286],[117.41274,3.34275],[117.413,3.34265],[117.41304,3.34263],[117.41328,3.34244],[117.41334,3.34199],[117.41344,3.3412],[117.41355,3.34059],[117.41359,3.34033],[117.41374,3.33965],[117.41389,3.33913],[117.41416,3.33829],[117.41485,3.33744],[117.41507,3.33703],[117.41526,3.33676],[117.41513,3.33655],[117.41501,3.33628],[117.41496,3.3362],[117.41481,3.33597],[117.41428,3.33485],[117.41407,3.33455],[117.41359,3.3339],[117.41352,3.3338],[117.41265,3.33242],[117.41198,3.33137],[117.41162,3.33055],[117.41148,3.33036],[117.4114,3.33016],[117.41123,3.32987],[117.4111,3.32958],[117.41113,3.3291],[117.41104,3.32883],[117.411,3.3287],[117.41065,3.32801],[117.4104,3.32757],[117.40999,3.32704],[117.40969,3.32671],[117.40939,3.32654],[117.40907,3.3264],[117.40898,3.32637],[117.40817,3.32619],[117.40758,3.32608],[117.40687,3.32587],[117.40629,3.32573],[117.40555,3.32555],[117.4049,3.32535],[117.40415,3.32516],[117.40367,3.32502],[117.40311,3.32494],[117.40286,3.3248],[117.40264,3.32474],[117.40247,3.32459],[117.40236,3.32458],[117.40206,3.32444],[117.40163,3.32431],[117.40093,3.32407],[117.40002,3.3237],[117.39951,3.32351],[117.39871,3.32318],[117.39786,3.32293],[117.39717,3.32272],[117.39664,3.32268],[117.39631,3.32261],[117.39587,3.32248],[117.39569,3.32243],[117.3955,3.32239],[117.39507,3.32233],[117.39473,3.32233],[117.39416,3.32232],[117.39332,3.32236],[117.39287,3.32244],[117.39244,3.32256],[117.39175,3.32281],[117.39113,3.3231],[117.39045,3.32365],[117.39033,3.32362],[117.38982,3.32349],[117.38893,3.32322],[117.38811,3.32297],[117.3881,3.32414],[117.38809,3.32468],[117.38807,3.32641],[117.38857,3.32821],[117.38881,3.3291],[117.38916,3.33035],[117.38967,3.33286],[117.38974,3.33323],[117.38978,3.33342],[117.38987,3.33387],[117.39037,3.33523],[117.39148,3.33826],[117.39148,3.33864],[117.39148,3.339],[117.39148,3.33944],[117.39148,3.34248],[117.39046,3.34434],[117.3902,3.3448],[117.38992,3.34531],[117.38652,3.34782],[117.38292,3.34994],[117.37973,3.35185],[117.37597,3.35411],[117.37521,3.35457],[117.37278,3.35604],[117.37209,3.35645],[117.37202,3.35649],[117.37115,3.357],[117.36936,3.36163],[117.36912,3.36239],[117.3686,3.36402],[117.36826,3.36512],[117.36829,3.36513],[117.36795,3.36622],[117.36901,3.36657],[117.36901,3.36657],[117.37146,3.36657],[117.37148,3.36657],[117.3718,3.36698],[117.37188,3.36708],[117.37189,3.36709],[117.37189,3.36709],[117.37208,3.36735],[117.37226,3.36759],[117.37279,3.36829],[117.37309,3.36869],[117.373,3.36905],[117.37276,3.36998],[117.37264,3.37049],[117.37264,3.3705],[117.37262,3.37052],[117.37254,3.37082],[117.37252,3.37082],[117.37241,3.37078],[117.37158,3.37055],[117.3706,3.37028],[117.3706,3.37028],[117.37026,3.37222],[117.36919,3.3733],[117.36918,3.37329],[117.36712,3.37213],[117.3664,3.3717],[117.36638,3.3717],[117.36213,3.3717],[117.36112,3.371],[117.36035,3.37046],[117.35926,3.37024],[117.3582,3.37001],[117.35725,3.36981],[117.35682,3.36974],[117.35641,3.36968],[117.35426,3.36939],[117.35326,3.36923],[117.35187,3.36906],[117.34947,3.36873],[117.34916,3.36871],[117.34915,3.36871],[117.34887,3.3688],[117.34706,3.36941],[117.34464,3.37241],[117.34426,3.37292],[117.34272,3.37385],[117.34211,3.3742],[117.34031,3.37525],[117.33748,3.37691],[117.336,3.37777],[117.33391,3.37898],[117.33358,3.37913],[117.33217,3.37939],[117.33123,3.37955],[117.3312,3.37955],[117.33276,3.38647],[117.33276,3.38647],[117.33312,3.38862],[117.33312,3.38862],[117.33328,3.39012],[117.33334,3.39078],[117.33334,3.39078],[117.3332,3.39346],[117.3332,3.39346],[117.33276,3.39554],[117.33276,3.39554],[117.33194,3.39822],[117.33047,3.40097],[117.32967,3.40221],[117.32899,3.40327],[117.32551,3.40695],[117.32472,3.4076],[117.32433,3.40792],[117.32265,3.40908],[117.31893,3.41164],[117.31501,3.41476],[117.31468,3.41511],[117.31368,3.41617],[117.31326,3.41688],[117.31272,3.41781],[117.31271,3.41781],[117.31252,3.41833],[117.31175,3.42041],[117.31121,3.4223],[117.31095,3.42324],[117.31094,3.42324],[117.31035,3.42538],[117.30976,3.42751],[117.30865,3.43093],[117.30842,3.43148],[117.30831,3.43174],[117.30791,3.43266],[117.30644,3.43613],[117.30514,3.43857],[117.30473,3.43934],[117.30473,3.43934],[117.30436,3.44031],[117.30396,3.44136],[117.30377,3.44186],[117.30369,3.4424],[117.30355,3.44335],[117.30355,3.44335],[117.30355,3.44335],[117.3037,3.44506],[117.30407,3.4464],[117.30434,3.44725],[117.30512,3.44819],[117.30555,3.44846],[117.30578,3.44861],[117.30606,3.44879],[117.30641,3.44901],[117.30657,3.44912],[117.30755,3.44935],[117.30764,3.44937],[117.36245,3.4332],[117.36254,3.43238],[117.36261,3.43196],[117.3627,3.43144]]],[[[117.29945,3.44925],[117.29797,3.44565],[117.29713,3.44226],[117.29713,3.44226],[117.29733,3.43946],[117.29733,3.43946],[117.29744,3.4384],[117.29744,3.4384],[117.29891,3.43374],[117.30018,3.42982],[117.3016,3.42723],[117.30186,3.42675],[117.30246,3.42531],[117.30365,3.42241],[117.30502,3.42019],[117.30568,3.41919],[117.30586,3.41892],[117.30692,3.41754],[117.30797,3.41606],[117.30881,3.41468],[117.30889,3.41329],[117.30892,3.41277],[117.30892,3.41277],[117.3086,3.41172],[117.30786,3.41066],[117.30723,3.41012],[117.30616,3.41005],[117.30576,3.41002],[117.30481,3.41045],[117.30429,3.41082],[117.30407,3.41097],[117.3039,3.41133],[117.30365,3.41183],[117.30323,3.41362],[117.30323,3.41363],[117.30244,3.41478],[117.29933,3.41934],[117.29881,3.42115],[117.29786,3.42295],[117.29681,3.42432],[117.29585,3.42499],[117.29543,3.42527],[117.2927,3.42601],[117.29222,3.42609],[117.28985,3.42644],[117.28984,3.42644],[117.28983,3.42644],[117.28772,3.42612],[117.28614,3.4257],[117.28592,3.4256],[117.28498,3.42517],[117.28393,3.42337],[117.28393,3.42093],[117.28438,3.41969],[117.28477,3.41861],[117.28477,3.41861],[117.28494,3.41765],[117.28519,3.41627],[117.28529,3.41384],[117.28529,3.41384],[117.28529,3.41384],[117.28497,3.41204],[117.28497,3.41204],[117.28434,3.40981],[117.28388,3.4091],[117.28339,3.40834],[117.27992,3.40442],[117.27895,3.40336],[117.27876,3.40315],[117.27863,3.40232],[117.27855,3.40177],[117.27855,3.40177],[117.27855,3.40177],[117.27886,3.40082],[117.2804,3.39946],[117.28066,3.39923],[117.28181,3.39806],[117.28297,3.39669],[117.28311,3.39616],[117.28339,3.3951],[117.28339,3.3951],[117.2836,3.39319],[117.28345,3.3929],[117.28286,3.39171],[117.28286,3.39171],[117.27988,3.38573],[117.27959,3.38514],[117.27843,3.38345],[117.27797,3.38275],[117.27738,3.38187],[117.27683,3.38161],[117.27601,3.38123],[117.27581,3.38122],[117.27529,3.37908],[117.27464,3.37643],[117.27463,3.37639],[117.27461,3.37631],[117.27458,3.37619],[117.27456,3.37607],[117.27454,3.37599],[117.27384,3.37423],[117.27267,3.37126],[117.27261,3.3711],[117.2724,3.37072],[117.27024,3.3668],[117.26866,3.36399],[117.26865,3.36397],[117.26558,3.35765],[117.26264,3.35159],[117.26119,3.34915],[117.26099,3.34865],[117.2597,3.34544],[117.25837,3.34336],[117.25674,3.34025],[117.25555,3.33817],[117.25451,3.33535],[117.25303,3.33149],[117.25284,3.33107],[117.25184,3.32882],[117.25155,3.32759],[117.2508,3.32437],[117.24962,3.322],[117.24917,3.31814],[117.24828,3.31488],[117.24724,3.31384],[117.24489,3.31384],[117.24387,3.31518],[117.24331,3.31592],[117.24297,3.31636],[117.2397,3.32096],[117.23778,3.32447],[117.23769,3.32463],[117.23718,3.32556],[117.23482,3.32976],[117.23451,3.33031],[117.23095,3.33446],[117.22606,3.33728],[117.22264,3.33817],[117.21968,3.33847],[117.21934,3.33856],[117.21612,3.3395],[117.21241,3.34054],[117.21239,3.34054],[117.20959,3.34054],[117.20957,3.34054],[117.20722,3.34025],[117.20719,3.34025],[117.20693,3.34],[117.20553,3.33867],[117.20467,3.33787],[117.20245,3.33476],[117.19933,3.33283],[117.19875,3.33274],[117.19694,3.33247],[117.19534,3.33224],[117.1936,3.33267],[117.19363,3.33272],[117.19363,3.33272],[117.19363,3.33272],[117.19361,3.33273],[117.19361,3.33273],[117.19353,3.33277],[117.19309,3.333],[117.19094,3.33365],[117.18839,3.33431],[117.18708,3.33506],[117.18624,3.3359],[117.18587,3.3374],[117.18577,3.33889],[117.18577,3.33889],[117.18577,3.33893],[117.18577,3.34089],[117.18577,3.34095],[117.18578,3.34108],[117.18601,3.3438],[117.18602,3.34396],[117.18605,3.34432],[117.18605,3.34432],[117.18603,3.34468],[117.1866,3.39201],[117.1867,3.39976],[117.18703,3.42759],[117.18748,3.42777],[117.18765,3.42784],[117.18784,3.42789],[117.18987,3.42842],[117.19079,3.4287],[117.19197,3.42906],[117.19266,3.4294],[117.19344,3.42979],[117.19608,3.43096],[117.19872,3.43244],[117.20145,3.43413],[117.20588,3.43519],[117.20918,3.43604],[117.21083,3.43647],[117.21526,3.43689],[117.21726,3.43721],[117.21905,3.43795],[117.22063,3.43894],[117.22106,3.43921],[117.22123,3.43943],[117.22211,3.44049],[117.22263,3.44121],[117.22295,3.44165],[117.22369,3.44239],[117.22411,3.44281],[117.22418,3.44283],[117.22485,3.44292],[117.22559,3.44261],[117.22813,3.44707],[117.22675,3.44901],[117.22605,3.44999],[117.22517,3.45123],[117.22411,3.45388],[117.22401,3.45416],[117.22327,3.4561],[117.22263,3.46009],[117.22253,3.46066],[117.22249,3.4612],[117.22201,3.46722],[117.2217,3.47537],[117.30105,3.45122],[117.30012,3.45008],[117.29945,3.44925],[117.29945,3.44925]]],[[[117.41543,3.37206],[117.41531,3.37316],[117.41515,3.37586],[117.41513,3.37632],[117.41512,3.37655],[117.41507,3.37763],[117.41525,3.37967],[117.41552,3.38122],[117.41574,3.38219],[117.41601,3.38282],[117.41624,3.3831],[117.41644,3.38339],[117.41652,3.38342],[117.41657,3.38344],[117.41677,3.38339],[117.41677,3.38339],[117.41695,3.38325],[117.41711,3.38287],[117.41729,3.38248],[117.41752,3.38199],[117.41767,3.38164],[117.41813,3.38081],[117.41816,3.38074],[117.41864,3.37939],[117.41933,3.37689],[117.41959,3.3747],[117.41959,3.37469],[117.41966,3.3741],[117.41985,3.37191],[117.41985,3.3718],[117.41981,3.36951],[117.41962,3.36831],[117.41934,3.36726],[117.41909,3.36621],[117.41905,3.36611],[117.41878,3.36537],[117.41847,3.36433],[117.41843,3.3642],[117.41836,3.36404],[117.41825,3.36377],[117.41782,3.36274],[117.41775,3.36257],[117.41769,3.36248],[117.41766,3.36244],[117.4176,3.36236],[117.41743,3.36216],[117.41732,3.36201],[117.4173,3.36199],[117.41715,3.36182],[117.41707,3.36173],[117.41705,3.3617],[117.417,3.36162],[117.4167,3.36146],[117.41663,3.36154],[117.4166,3.36205],[117.4166,3.36206],[117.41656,3.36294],[117.41653,3.36347],[117.41652,3.36354],[117.41621,3.36507],[117.41609,3.36606],[117.41606,3.36637],[117.41594,3.36735],[117.41567,3.36983],[117.41543,3.37206]]],[[[117.15094,3.50464],[117.15096,3.50995],[117.15096,3.50998],[117.15095,3.50998],[117.15095,3.51007],[117.15122,3.50993],[117.15124,3.50992],[117.15124,3.50993],[117.15577,3.50761],[117.21323,3.47814],[117.21409,3.47771],[117.21412,3.47769],[117.21404,3.47685],[117.214,3.47644],[117.214,3.47643],[117.21336,3.47077],[117.21336,3.47077],[117.21328,3.4681],[117.21327,3.46781],[117.21327,3.4678],[117.21348,3.46631],[117.21368,3.46484],[117.21368,3.46484],[117.21382,3.46386],[117.214,3.46262],[117.21456,3.46108],[117.21516,3.45944],[117.21569,3.45812],[117.21579,3.45785],[117.21716,3.4551],[117.218,3.4533],[117.21926,3.45013],[117.22064,3.4461],[117.22098,3.44506],[117.22126,3.44419],[117.22126,3.44419],[117.22126,3.44419],[117.22124,3.44398],[117.2212,3.44369],[117.22116,3.44335],[117.22023,3.4427],[117.21979,3.44239],[117.21558,3.44102],[117.21455,3.44095],[117.21146,3.44076],[117.20936,3.44012],[117.20662,3.43953],[117.20493,3.43916],[117.20124,3.43747],[117.19555,3.43387],[117.19406,3.43305],[117.1906,3.43112],[117.18944,3.43038],[117.18828,3.43038],[117.1873,3.43099],[117.18673,3.43238],[117.1867,3.43353],[117.1867,3.43546],[117.1867,3.43547],[117.18719,3.44094],[117.18723,3.44139],[117.18723,3.44139],[117.18715,3.44312],[117.18416,3.44509],[117.18296,3.44678],[117.18006,3.44831],[117.17641,3.44908],[117.17472,3.44898],[117.17233,3.44883],[117.16887,3.44868],[117.16659,3.44877],[117.16451,3.44924],[117.16223,3.45077],[117.16048,3.45245],[117.15888,3.45399],[117.15724,3.4554],[117.15519,3.45716],[117.15354,3.45858],[117.15081,3.46005],[117.15094,3.49872],[117.15074,3.50081],[117.15094,3.50464]]]]},"properties":{"kdprov":"65","kdkab":"03","kdkec":"040","kddesa":"004","kdsls":"1001","idsls":"65030400041001","nmprov":"KALIMANTAN UTARA","nmkab":"TANA TIDUNG","nmkec":"SESAYAP HILIR","nmdesa":"BANDAN BIKIS","nmsls":"TAMBAK"}},{"type":"Feature","geometry":{"type":"MultiPolygon","coordinates":[[[[117.22832,3.59383],[117.22825,3.59383],[117.22815,3.59381],[117.22773,3.59372],[117.2099,3.59007],[117.19615,3.58726],[117.19424,3.58687],[117.18899,3.58579],[117.16825,3.58154],[117.16823,3.58151],[117.16308,3.57821],[117.1588,3.57548],[117.15461,3.5728],[117.15426,3.57258],[117.15048,3.57016],[117.14908,3.56917],[117.14286,3.56485],[117.14284,3.56477],[117.14181,3.56404],[117.15217,3.60655],[117.15374,3.61298],[117.15408,3.61422],[117.15486,3.61698],[117.15484,3.61939],[117.15491,3.61938],[117.15509,3.61938],[117.15518,3.61937],[117.15536,3.61937],[117.15545,3.61937],[117.15557,3.61936],[117.15575,3.61934],[117.15584,3.61933],[117.15602,3.61931],[117.1562,3.61929],[117.15629,3.61928],[117.15647,3.61926],[117.15656,3.61925],[117.15665,3.61924],[117.15683,3.61922],[117.15696,3.61921],[117.15714,3.61918],[117.15732,3.61916],[117.1575,3.61914],[117.15767,3.61911],[117.15776,3.6191],[117.15794,3.61908],[117.15812,3.61905],[117.15814,3.61905],[117.15823,3.61905],[117.1583,3.61905],[117.15841,3.61905],[117.1585,3.61905],[117.15859,3.61905],[117.15868,3.61905],[117.15886,3.61905],[117.15895,3.61905],[117.15904,3.61905],[117.15919,3.61905],[117.15937,3.61903],[117.15946,3.61902],[117.15963,3.619],[117.15972,3.61899],[117.1599,3.61897],[117.16008,3.61895],[117.16017,3.61894],[117.16029,3.61893],[117.16044,3.61892],[117.16053,3.61893],[117.16062,3.61893],[117.16071,3.61894],[117.16084,3.61895],[117.16102,3.61895],[117.1612,3.61895],[117.16138,3.61895],[117.16156,3.61895],[117.16173,3.61895],[117.16191,3.61895],[117.162,3.61895],[117.16218,3.61895],[117.16236,3.61895],[117.16245,3.61895],[117.16254,3.61895],[117.16272,3.61895],[117.16289,3.61895],[117.16299,3.61895],[117.16317,3.61896],[117.16326,3.61897],[117.16335,3.61897],[117.16353,3.61898],[117.16362,3.61898],[117.1638,3.61899],[117.16389,3.619],[117.16398,3.619],[117.16409,3.61901],[117.16418,3.61901],[117.16427,3.61902],[117.16436,3.61903],[117.16445,3.61904],[117.16454,3.61904],[117.16463,3.61905],[117.1648,3.61907],[117.16489,3.61907],[117.16498,3.61908],[117.16512,3.61909],[117.1653,3.61911],[117.16539,3.61912],[117.16548,3.61913],[117.16566,3.61916],[117.16575,3.61917],[117.16584,3.61918],[117.16601,3.6192],[117.16612,3.61921],[117.1663,3.61922],[117.16639,3.61922],[117.16657,3.61923],[117.16666,3.61923],[117.16684,3.61923],[117.16693,3.61924],[117.16711,3.61924],[117.16729,3.61925],[117.16739,3.61925],[117.16756,3.61928],[117.16765,3.6193],[117.16783,3.61933],[117.16801,3.61937],[117.1681,3.61938],[117.16827,3.61941],[117.16845,3.61945],[117.16861,3.61947],[117.16879,3.61949],[117.16888,3.6195],[117.16906,3.61953],[117.16915,3.61954],[117.16924,3.61955],[117.16942,3.61957],[117.16954,3.61958],[117.16963,3.61959],[117.16969,3.6196],[117.16972,3.6196],[117.1714,3.61979],[117.17438,3.61948],[117.17711,3.61896],[117.17977,3.61813],[117.18285,3.61699],[117.18645,3.61525],[117.1877,3.61454],[117.18887,3.61424],[117.19039,3.61375],[117.19296,3.61297],[117.19491,3.61247],[117.1962,3.61215],[117.19758,3.61197],[117.19893,3.61156],[117.2018,3.61092],[117.20432,3.6104],[117.207,3.60992],[117.20896,3.60953],[117.21101,3.60967],[117.21286,3.60948],[117.21474,3.60955],[117.21714,3.6096],[117.21926,3.6095],[117.22087,3.60911],[117.22165,3.60843],[117.223,3.60706],[117.22439,3.60564],[117.22544,3.60464],[117.22612,3.60352],[117.22678,3.60218],[117.2274,3.60063],[117.22797,3.59882],[117.22816,3.597],[117.228,3.5947],[117.22832,3.59383]]]]},"properties":{"kdprov":"65","kdkab":"03","kdkec":"040","kddesa":"006","kdsls":"0002","idsls":"65030400060002","nmprov":"KALIMANTAN UTARA","nmkab":"TANA TIDUNG","nmkec":"SESAYAP HILIR","nmdesa":"SENGKONG","nmsls":"RT 002"}},{"type":"Feature","geometry":{"type":"MultiPolygon","coordinates":[[[[117.15484,3.61939],[117.15486,3.61698],[117.15408,3.61422],[117.15374,3.61298],[117.15217,3.60655],[117.14181,3.56404],[117.12627,3.55305],[117.11403,3.54439],[117.10432,3.53752],[117.10432,3.5403],[117.10433,3.55367],[117.10434,3.59501],[117.10434,3.59692],[117.10434,3.61032],[117.10427,3.61033],[117.10441,3.61038],[117.10458,3.61044],[117.10467,3.61046],[117.10484,3.61052],[117.10496,3.61056],[117.10505,3.61059],[117.10513,3.61062],[117.1053,3.61068],[117.10539,3.61071],[117.10547,3.61074],[117.10564,3.6108],[117.10573,3.61083],[117.10589,3.61089],[117.10606,3.61096],[117.10614,3.61099],[117.10631,3.61106],[117.10639,3.6111],[117.10656,3.61117],[117.10664,3.6112],[117.10681,3.61128],[117.10693,3.61133],[117.10709,3.6114],[117.10717,3.61143],[117.10734,3.61151],[117.1075,3.61158],[117.10759,3.61161],[117.10775,3.61168],[117.1079,3.61175],[117.10806,3.61183],[117.10814,3.61187],[117.1083,3.61196],[117.10838,3.612],[117.10846,3.61204],[117.10862,3.61212],[117.10878,3.61221],[117.10886,3.61225],[117.10902,3.61233],[117.10916,3.6124],[117.10924,3.61244],[117.10932,3.61248],[117.10948,3.61256],[117.10956,3.6126],[117.10964,3.61264],[117.10981,3.61271],[117.10997,3.61279],[117.11006,3.61284],[117.11014,3.61288],[117.11022,3.61292],[117.1103,3.61296],[117.11038,3.613],[117.11046,3.61304],[117.11054,3.61308],[117.1107,3.61315],[117.11086,3.61324],[117.11094,3.61328],[117.11109,3.61336],[117.11117,3.61341],[117.11133,3.61349],[117.11149,3.61357],[117.11157,3.61362],[117.11173,3.6137],[117.11188,3.61378],[117.11196,3.61382],[117.11203,3.61386],[117.11211,3.61391],[117.11227,3.61399],[117.11227,3.61399],[117.11235,3.61403],[117.11249,3.61411],[117.11251,3.61412],[117.11259,3.61416],[117.11267,3.61421],[117.11275,3.61425],[117.11291,3.61433],[117.11296,3.61436],[117.11296,3.61436],[117.11299,3.61438],[117.11307,3.61442],[117.11323,3.6145],[117.11331,3.61454],[117.11339,3.61458],[117.11347,3.61462],[117.11364,3.6147],[117.11372,3.61474],[117.1138,3.61478],[117.11388,3.61482],[117.11404,3.6149],[117.11418,3.61496],[117.11426,3.615],[117.11435,3.61503],[117.11443,3.61507],[117.11451,3.61511],[117.11459,3.61514],[117.11468,3.61518],[117.11476,3.61521],[117.11484,3.61525],[117.11487,3.61526],[117.11492,3.61529],[117.11501,3.61532],[117.11509,3.61536],[117.11519,3.6154],[117.11527,3.61544],[117.11535,3.61549],[117.11551,3.61557],[117.11558,3.61561],[117.11567,3.61565],[117.11575,3.61569],[117.11583,3.61574],[117.11591,3.61578],[117.11607,3.61586],[117.11615,3.6159],[117.11623,3.61594],[117.11636,3.61601],[117.11652,3.61608],[117.11669,3.61616],[117.11685,3.61622],[117.11685,3.61623],[117.11702,3.6163],[117.11719,3.61637],[117.11719,3.61637],[117.11724,3.61639],[117.11735,3.61644],[117.11752,3.61651],[117.11768,3.61658],[117.11779,3.61664],[117.11795,3.61672],[117.11811,3.61681],[117.11827,3.61689],[117.11842,3.61698],[117.11858,3.61706],[117.11869,3.61712],[117.11928,3.6174],[117.1193,3.61741],[117.11938,3.61744],[117.11947,3.61748],[117.11955,3.61751],[117.11963,3.61755],[117.1198,3.61761],[117.11988,3.61765],[117.11997,3.61768],[117.12005,3.61772],[117.12013,3.61775],[117.12025,3.6178],[117.12033,3.61783],[117.12042,3.61786],[117.12059,3.61792],[117.12067,3.61796],[117.12076,3.61799],[117.12092,3.61805],[117.12101,3.61808],[117.12118,3.61815],[117.12126,3.61818],[117.12143,3.61824],[117.12153,3.61827],[117.12162,3.6183],[117.1217,3.61832],[117.12179,3.61835],[117.12188,3.61838],[117.12196,3.6184],[117.12205,3.61843],[117.12214,3.61845],[117.12222,3.61848],[117.12231,3.6185],[117.12248,3.61856],[117.12257,3.61858],[117.12272,3.61862],[117.1228,3.61866],[117.12288,3.61871],[117.12296,3.61875],[117.12304,3.61879],[117.1232,3.61887],[117.12328,3.61891],[117.12336,3.61895],[117.12344,3.61899],[117.1236,3.61907],[117.12368,3.61911],[117.12376,3.61915],[117.12384,3.61919],[117.12399,3.61926],[117.12407,3.6193],[117.12416,3.61933],[117.12424,3.61936],[117.12432,3.6194],[117.12449,3.61946],[117.12457,3.6195],[117.12466,3.61953],[117.12474,3.61956],[117.12482,3.6196],[117.12495,3.61965],[117.12504,3.61967],[117.12522,3.6197],[117.12531,3.61972],[117.12539,3.61974],[117.12557,3.61978],[117.12566,3.61979],[117.12575,3.61981],[117.12592,3.61985],[117.12609,3.61989],[117.12618,3.61991],[117.12635,3.61996],[117.12644,3.61998],[117.12653,3.62],[117.1267,3.62005],[117.12679,3.62007],[117.12688,3.6201],[117.12705,3.62014],[117.12714,3.62017],[117.12722,3.62019],[117.12731,3.62021],[117.1274,3.62023],[117.12749,3.62025],[117.12758,3.62027],[117.12776,3.6203],[117.12784,3.62032],[117.12793,3.62034],[117.12802,3.62036],[117.12811,3.62038],[117.1282,3.62039],[117.12828,3.62041],[117.12837,3.62043],[117.12855,3.62047],[117.12864,3.62049],[117.12873,3.6205],[117.12881,3.62052],[117.1289,3.62054],[117.12907,3.62057],[117.12925,3.6206],[117.12934,3.62062],[117.12942,3.62063],[117.1296,3.62066],[117.12969,3.62067],[117.12978,3.62069],[117.12996,3.62071],[117.13005,3.62073],[117.13023,3.62075],[117.13037,3.62078],[117.13045,3.6208],[117.13054,3.62081],[117.13072,3.62085],[117.13078,3.62086],[117.13081,3.62086],[117.1309,3.62088],[117.13107,3.62091],[117.13119,3.62094],[117.13137,3.62096],[117.13155,3.62098],[117.13173,3.62101],[117.13191,3.62103],[117.13209,3.62105],[117.13218,3.62106],[117.13236,3.62108],[117.13248,3.62109],[117.13257,3.6211],[117.13266,3.6211],[117.13284,3.62111],[117.13302,3.62112],[117.13311,3.62112],[117.1332,3.62112],[117.13335,3.62113],[117.13353,3.62114],[117.13371,3.62114],[117.13387,3.62115],[117.13396,3.62115],[117.13405,3.62115],[117.13414,3.62115],[117.13432,3.62115],[117.13441,3.62115],[117.13456,3.62115],[117.13474,3.62113],[117.13483,3.62112],[117.13501,3.62109],[117.13518,3.62107],[117.13527,3.62107],[117.13545,3.62106],[117.13554,3.62105],[117.13572,3.62105],[117.13581,3.62104],[117.13599,3.62103],[117.13608,3.62103],[117.13626,3.62102],[117.13635,3.62101],[117.13644,3.62101],[117.13659,3.621],[117.13677,3.62099],[117.13695,3.62097],[117.13713,3.62096],[117.13731,3.62095],[117.1374,3.62095],[117.13752,3.62094],[117.1377,3.62092],[117.13779,3.62092],[117.13788,3.62091],[117.13806,3.62089],[117.13824,3.62088],[117.13833,3.62087],[117.13842,3.62086],[117.13859,3.62085],[117.13877,3.62083],[117.13895,3.62082],[117.13905,3.62081],[117.13923,3.62079],[117.1394,3.62077],[117.13958,3.62075],[117.13967,3.62073],[117.13976,3.62072],[117.13994,3.6207],[117.14011,3.62069],[117.1402,3.62068],[117.14029,3.62068],[117.14038,3.62068],[117.14056,3.62067],[117.14065,3.62067],[117.14074,3.62066],[117.14083,3.62066],[117.14092,3.62065],[117.14108,3.62065],[117.14126,3.62063],[117.14144,3.62061],[117.14153,3.6206],[117.14171,3.62058],[117.14189,3.62056],[117.14207,3.62054],[117.14216,3.62053],[117.14233,3.62051],[117.14251,3.62049],[117.14265,3.62048],[117.14283,3.62045],[117.14292,3.62044],[117.1431,3.62042],[117.14319,3.62041],[117.14337,3.62039],[117.14346,3.62038],[117.14355,3.62037],[117.14372,3.62035],[117.14381,3.62033],[117.14399,3.62031],[117.14408,3.6203],[117.1442,3.62029],[117.14437,3.62027],[117.14455,3.62025],[117.14473,3.62022],[117.14482,3.62021],[117.14491,3.6202],[117.14509,3.62018],[117.14527,3.62016],[117.14545,3.62014],[117.14558,3.62012],[117.14567,3.62012],[117.14576,3.62011],[117.14585,3.6201],[117.14594,3.62009],[117.14603,3.62008],[117.14612,3.62007],[117.14621,3.62006],[117.1463,3.62005],[117.14639,3.62004],[117.14648,3.62003],[117.14657,3.62002],[117.14665,3.62001],[117.14674,3.62],[117.14686,3.61999],[117.14695,3.61998],[117.14704,3.61997],[117.14722,3.61994],[117.14731,3.61993],[117.1474,3.61992],[117.14758,3.6199],[117.14767,3.61989],[117.14782,3.61987],[117.14791,3.61986],[117.14793,3.61985],[117.148,3.61985],[117.14817,3.61982],[117.14833,3.6198],[117.14842,3.61979],[117.14851,3.61978],[117.1486,3.61977],[117.14869,3.61976],[117.14887,3.61974],[117.14896,3.61972],[117.14905,3.61971],[117.14914,3.6197],[117.14932,3.61968],[117.1494,3.61967],[117.14949,3.61966],[117.14958,3.61964],[117.14976,3.61962],[117.1498,3.61962],[117.14998,3.61962],[117.15016,3.61962],[117.15025,3.61962],[117.15043,3.61962],[117.15061,3.61963],[117.1507,3.61963],[117.15088,3.61963],[117.15097,3.61963],[117.15115,3.61963],[117.15131,3.61963],[117.15139,3.61961],[117.15148,3.61959],[117.15157,3.61957],[117.15166,3.61955],[117.15183,3.61951],[117.15192,3.61948],[117.15201,3.61946],[117.15209,3.61944],[117.15223,3.61941],[117.15232,3.61941],[117.15241,3.61942],[117.15259,3.61943],[117.15268,3.61944],[117.15277,3.61944],[117.15286,3.61945],[117.15301,3.61946],[117.15319,3.61945],[117.15328,3.61945],[117.15336,3.61945],[117.15346,3.61944],[117.15355,3.61944],[117.15373,3.61943],[117.15382,3.61942],[117.154,3.61942],[117.1541,3.61941],[117.1542,3.61941],[117.15428,3.61941],[117.15437,3.6194],[117.15455,3.6194],[117.15464,3.61939],[117.15482,3.61939],[117.15484,3.61939]]]]},"properties":{"kdprov":"65","kdkab":"03","kdkec":"040","kddesa":"006","kdsls":"0001","idsls":"65030400060001","nmprov":"KALIMANTAN UTARA","nmkab":"TANA TIDUNG","nmkec":"SESAYAP HILIR","nmdesa":"SENGKONG","nmsls":"RT 001"}},{"type":"Feature","geometry":{"type":"MultiPolygon","coordinates":[[[[116.98064,3.56296],[116.98063,3.56296],[116.98046,3.56118],[116.97609,3.56127],[116.97578,3.56061],[116.97505,3.55908],[116.96888,3.546],[116.96883,3.54617],[116.96878,3.54619],[116.96856,3.5466],[116.96845,3.54698],[116.96839,3.54752],[116.96823,3.54767],[116.96802,3.54787],[116.96772,3.54814],[116.96736,3.54847],[116.96657,3.54924],[116.96651,3.54961],[116.9666,3.54991],[116.96682,3.55005],[116.96722,3.55023],[116.96738,3.55039],[116.9674,3.55081],[116.96738,3.55108],[116.96738,3.55166],[116.96742,3.55186],[116.96742,3.55187],[116.96751,3.55205],[116.96769,3.55221],[116.96772,3.55221],[116.96802,3.55243],[116.9686,3.55286],[116.9689,3.55333],[116.96911,3.55378],[116.96907,3.55407],[116.96883,3.55447],[116.96838,3.55506],[116.96813,3.55564],[116.96787,3.5562],[116.9675,3.55671],[116.96714,3.55695],[116.96699,3.55703],[116.96651,3.55727],[116.96638,3.55754],[116.96653,3.55786],[116.96679,3.55818],[116.96678,3.55843],[116.96667,3.55871],[116.96638,3.55917],[116.96739,3.56027],[116.96992,3.56301],[116.97095,3.56414],[116.97022,3.5647],[116.97001,3.56504],[116.96979,3.56541],[116.96926,3.56627],[116.96892,3.56679],[116.9688,3.56692],[116.96852,3.56716],[116.96851,3.56711],[116.96794,3.56762],[116.96758,3.5679],[116.96721,3.56821],[116.96677,3.56861],[116.96584,3.56972],[116.96559,3.56985],[116.96536,3.5699],[116.96493,3.56999],[116.96441,3.57008],[116.96426,3.57014],[116.96419,3.57017],[116.96417,3.57019],[116.96414,3.5702],[116.96383,3.57049],[116.9635,3.5708],[116.96323,3.57105],[116.96305,3.57119],[116.96303,3.57125],[116.96298,3.57133],[116.96286,3.57156],[116.96285,3.57164],[116.96286,3.57178],[116.96288,3.5719],[116.96292,3.57204],[116.96298,3.57226],[116.96306,3.57241],[116.96309,3.57247],[116.96314,3.5726],[116.96317,3.57273],[116.96318,3.57285],[116.96319,3.57311],[116.96309,3.57322],[116.96293,3.57342],[116.9629,3.57344],[116.96263,3.57364],[116.96255,3.57367],[116.96255,3.57369],[116.96416,3.58742],[116.96458,3.59102],[116.96467,3.59305],[116.9674,3.59164],[116.96833,3.59117],[116.97126,3.59016],[116.97362,3.58992],[116.97645,3.58942],[116.97862,3.58939],[116.97986,3.58932],[116.98042,3.58931],[116.98117,3.5893],[116.98253,3.58911],[116.98263,3.58912],[116.98244,3.58564],[116.98236,3.58462],[116.981,3.56756],[116.98064,3.56296]]]]},"properties":{"kdprov":"65","kdkab":"03","kdkec":"040","kddesa":"008","kdsls":"0001","idsls":"65030400080001","nmprov":"KALIMANTAN UTARA","nmkab":"TANA TIDUNG","nmkec":"SESAYAP HILIR","nmdesa":"SESAYAP SELOR","nmsls":"RT 001"}},{"type":"Feature","geometry":{"type":"MultiPolygon","coordinates":[[[[117.19973,3.65936],[117.19492,3.65963],[117.18648,3.66093],[117.16997,3.66154],[117.16921,3.64423],[117.16889,3.64428],[117.16537,3.64447],[117.15978,3.64456],[117.1545,3.64415],[117.15256,3.64379],[117.15251,3.64378],[117.15242,3.64376],[117.15233,3.64375],[117.15215,3.64371],[117.15207,3.64369],[117.15196,3.64367],[117.15179,3.64363],[117.1517,3.6436],[117.15162,3.64358],[117.15153,3.64356],[117.15144,3.64354],[117.15135,3.64351],[117.15127,3.64349],[117.15118,3.64347],[117.15109,3.64344],[117.15101,3.64342],[117.15084,3.64339],[117.15075,3.64337],[117.15057,3.64334],[117.15049,3.64332],[117.1504,3.6433],[117.15031,3.64329],[117.15013,3.64325],[117.15004,3.64324],[117.14999,3.64322],[117.14982,3.64316],[117.14973,3.64313],[117.14965,3.6431],[117.14956,3.64307],[117.14948,3.64304],[117.14931,3.64298],[117.14922,3.64295],[117.14911,3.64291],[117.14903,3.64288],[117.14894,3.64285],[117.14886,3.64282],[117.14869,3.64276],[117.1486,3.64272],[117.14852,3.64269],[117.14843,3.64266],[117.14835,3.64263],[117.14826,3.6426],[117.14817,3.64257],[117.148,3.64251],[117.14783,3.64245],[117.14766,3.64239],[117.14757,3.64236],[117.14749,3.64233],[117.14732,3.64227],[117.14715,3.6422],[117.14707,3.64217],[117.14699,3.64213],[117.14682,3.64206],[117.14674,3.64203],[117.14666,3.64199],[117.14657,3.64195],[117.14649,3.64192],[117.14641,3.64188],[117.14626,3.64183],[117.14609,3.64177],[117.14601,3.64174],[117.14592,3.64171],[117.14575,3.64165],[117.14558,3.64159],[117.14541,3.64154],[117.14524,3.64148],[117.14515,3.64145],[117.14507,3.64142],[117.1449,3.64136],[117.14473,3.6413],[117.14464,3.64127],[117.14447,3.64121],[117.14438,3.64118],[117.1443,3.64116],[117.14413,3.6411],[117.14404,3.64107],[117.14396,3.64104],[117.14379,3.64098],[117.14368,3.64094],[117.14359,3.64091],[117.14342,3.64085],[117.14334,3.64082],[117.14325,3.64079],[117.14317,3.64077],[117.14308,3.64074],[117.143,3.64071],[117.14283,3.64065],[117.14274,3.64062],[117.14266,3.64059],[117.14258,3.64057],[117.1424,3.64053],[117.14223,3.64049],[117.14214,3.64047],[117.14205,3.64045],[117.14188,3.64041],[117.1417,3.64037],[117.14161,3.64035],[117.14152,3.64033],[117.14142,3.6403],[117.14125,3.64026],[117.14116,3.64024],[117.14107,3.64021],[117.1409,3.64017],[117.14072,3.64012],[117.14055,3.64008],[117.14039,3.64004],[117.1403,3.64002],[117.14013,3.63997],[117.14004,3.63995],[117.13995,3.63993],[117.13986,3.63991],[117.13969,3.63986],[117.1396,3.63984],[117.13951,3.63982],[117.13934,3.63978],[117.13925,3.63975],[117.13914,3.63973],[117.13906,3.63971],[117.13888,3.63966],[117.13879,3.63964],[117.13862,3.6396],[117.13853,3.63958],[117.13844,3.63956],[117.13827,3.63951],[117.13818,3.63949],[117.13801,3.63945],[117.13792,3.63943],[117.13783,3.63941],[117.13766,3.63936],[117.13757,3.63934],[117.13742,3.6393],[117.13725,3.63926],[117.13707,3.63921],[117.13698,3.63919],[117.13681,3.63914],[117.13664,3.63909],[117.13646,3.63904],[117.13629,3.639],[117.13612,3.63895],[117.13595,3.6389],[117.13577,3.63885],[117.13564,3.63882],[117.13546,3.63877],[117.13537,3.63875],[117.1352,3.63871],[117.13511,3.63869],[117.13494,3.63865],[117.13485,3.63862],[117.13467,3.63858],[117.13459,3.63856],[117.1345,3.63854],[117.13432,3.63849],[117.13424,3.63847],[117.13406,3.63843],[117.13397,3.63841],[117.1338,3.63837],[117.13371,3.63834],[117.13362,3.63832],[117.13351,3.6383],[117.13343,3.63827],[117.13325,3.63823],[117.13316,3.63821],[117.13299,3.63817],[117.1329,3.63815],[117.13272,3.6381],[117.13264,3.63808],[117.13246,3.63804],[117.13237,3.63802],[117.1322,3.63798],[117.13211,3.63795],[117.13194,3.63791],[117.13185,3.63789],[117.13167,3.63785],[117.13157,3.63783],[117.13148,3.63781],[117.13139,3.63779],[117.1313,3.63777],[117.13113,3.63774],[117.13104,3.63772],[117.13095,3.6377],[117.13086,3.63768],[117.13077,3.63767],[117.13069,3.63765],[117.13051,3.63761],[117.13042,3.6376],[117.13033,3.63758],[117.13024,3.63756],[117.13016,3.63754],[117.13007,3.63753],[117.12989,3.63749],[117.1298,3.63747],[117.12971,3.63746],[117.12963,3.63744],[117.12954,3.63742],[117.12945,3.6374],[117.12927,3.63737],[117.12918,3.63735],[117.1291,3.63733],[117.12897,3.63731],[117.12888,3.63729],[117.12879,3.63727],[117.1287,3.63726],[117.12861,3.63724],[117.12853,3.63722],[117.12835,3.63719],[117.12826,3.63717],[117.12817,3.63715],[117.12808,3.63714],[117.12799,3.63712],[117.12791,3.6371],[117.12782,3.63709],[117.12773,3.63707],[117.12764,3.63705],[117.12746,3.63702],[117.12738,3.637],[117.12729,3.63698],[117.1272,3.63697],[117.12711,3.63695],[117.12694,3.63692],[117.12676,3.63689],[117.12667,3.63687],[117.12658,3.63685],[117.12641,3.63682],[117.12632,3.63681],[117.12623,3.63679],[117.12605,3.63676],[117.12596,3.63674],[117.12588,3.63673],[117.12583,3.63672],[117.1257,3.63669],[117.12561,3.63668],[117.12552,3.63666],[117.12534,3.63663],[117.12525,3.63661],[117.12517,3.6366],[117.12499,3.63656],[117.12482,3.63654],[117.12464,3.63652],[117.12455,3.63651],[117.12437,3.63649],[117.12428,3.63648],[117.1241,3.63646],[117.12401,3.63645],[117.12383,3.63643],[117.12374,3.63643],[117.12356,3.63641],[117.12338,3.63639],[117.12329,3.63638],[117.12311,3.63636],[117.12303,3.63635],[117.12285,3.63633],[117.12269,3.63632],[117.1226,3.63632],[117.12251,3.63631],[117.12242,3.63631],[117.12233,3.63631],[117.12224,3.6363],[117.12215,3.6363],[117.12206,3.63629],[117.12197,3.63629],[117.12188,3.63629],[117.1217,3.63628],[117.12161,3.63627],[117.12152,3.63627],[117.12143,3.63626],[117.12134,3.63626],[117.12125,3.63626],[117.12116,3.63625],[117.12107,3.63625],[117.12098,3.63624],[117.1208,3.63624],[117.12071,3.63623],[117.12062,3.63623],[117.12053,3.63622],[117.12044,3.63622],[117.12027,3.6362],[117.12018,3.63619],[117.12,3.63618],[117.11991,3.63617],[117.11982,3.63616],[117.11973,3.63615],[117.11964,3.63614],[117.11955,3.63613],[117.11946,3.63612],[117.11937,3.63611],[117.11919,3.6361],[117.1191,3.63609],[117.11901,3.63608],[117.11892,3.63607],[117.11883,3.63606],[117.11874,3.63605],[117.11865,3.63604],[117.11856,3.63603],[117.11847,3.63602],[117.11837,3.63602],[117.11828,3.63602],[117.1181,3.63602],[117.11801,3.63602],[117.11792,3.63602],[117.11773,3.63602],[117.11764,3.63602],[117.11755,3.63602],[117.11737,3.63602],[117.11728,3.63602],[117.1171,3.63602],[117.11701,3.63602],[117.11692,3.63602],[117.11674,3.63602],[117.11665,3.63602],[117.11656,3.63602],[117.11638,3.63602],[117.11626,3.63601],[117.11617,3.63601],[117.11599,3.63599],[117.1159,3.63599],[117.11581,3.63598],[117.11563,3.63597],[117.11554,3.63596],[117.11545,3.63596],[117.11527,3.63594],[117.11518,3.63594],[117.11509,3.63593],[117.11491,3.63592],[117.11482,3.63591],[117.11473,3.63591],[117.11455,3.63589],[117.11446,3.63589],[117.11437,3.63588],[117.11423,3.63589],[117.11414,3.63589],[117.11405,3.63589],[117.11396,3.63589],[117.11387,3.6359],[117.11378,3.6359],[117.11369,3.6359],[117.1136,3.6359],[117.11342,3.63591],[117.11333,3.63591],[117.11324,3.63591],[117.11315,3.63592],[117.11306,3.63592],[117.11297,3.63592],[117.11288,3.63592],[117.11279,3.63593],[117.1127,3.63593],[117.11261,3.63593],[117.11252,3.63593],[117.11243,3.63594],[117.11234,3.63594],[117.11225,3.63594],[117.11216,3.63594],[117.11211,3.63594],[117.11206,3.63594],[117.11197,3.63595],[117.11181,3.63595],[117.11163,3.63595],[117.11154,3.63596],[117.11145,3.63596],[117.11127,3.63596],[117.11118,3.63596],[117.11109,3.63597],[117.11091,3.63597],[117.11082,3.63597],[117.11073,3.63597],[117.11055,3.63598],[117.11046,3.63598],[117.11037,3.63598],[117.11019,3.63599],[117.1101,3.63599],[117.10992,3.63599],[117.10979,3.636],[117.10961,3.63601],[117.10952,3.63602],[117.10935,3.63603],[117.10926,3.63604],[117.10908,3.63605],[117.10899,3.63606],[117.1089,3.63607],[117.10872,3.63608],[117.10863,3.63609],[117.10845,3.63611],[117.10836,3.63611],[117.10818,3.63613],[117.10809,3.63613],[117.108,3.63614],[117.10782,3.63616],[117.10771,3.63616],[117.10762,3.63617],[117.10753,3.63617],[117.10735,3.63618],[117.10727,3.63619],[117.10718,3.63619],[117.107,3.6362],[117.10691,3.63621],[117.10682,3.63621],[117.10664,3.63622],[117.10655,3.63622],[117.10646,3.63623],[117.10632,3.63624],[117.10632,3.63624],[117.10631,3.63627],[117.10632,3.64596],[117.10632,3.65544],[117.10632,3.65544],[117.10632,3.66084],[117.10632,3.67221],[117.10632,3.67924],[117.10633,3.67924],[117.10633,3.67924],[117.10653,3.68702],[117.1069,3.70158],[117.10695,3.70339],[117.10714,3.71093],[117.1072,3.7133],[117.13829,3.70877],[117.15673,3.70608],[117.17668,3.70317],[117.18803,3.70151],[117.18717,3.6869],[117.187,3.68391],[117.18685,3.68142],[117.18678,3.68034],[117.18675,3.67978],[117.19154,3.6725],[117.19148,3.66855],[117.19542,3.66429],[117.19665,3.66097],[117.19973,3.65936]]]]},"properties":{"kdprov":"65","kdkab":"03","kdkec":"040","kddesa":"007","kdsls":"4001","idsls":"65030400074001","nmprov":"KALIMANTAN UTARA","nmkab":"TANA TIDUNG","nmkec":"SESAYAP HILIR","nmdesa":"MENJELUTUNG","nmsls":"KAMP PKP"}},{"type":"Feature","geometry":{"type":"MultiPolygon","coordinates":[[[[117.36646,3.43939],[117.36651,3.44014],[117.36661,3.44057],[117.36659,3.44072],[117.36678,3.44073],[117.36797,3.44078],[117.36806,3.44078],[117.37024,3.44105],[117.37174,3.44066],[117.37189,3.44063],[117.37249,3.44047],[117.37402,3.43968],[117.37505,3.43915],[117.37571,3.43882],[117.37696,3.43825],[117.37802,3.43778],[117.37894,3.4374],[117.37969,3.43713],[117.38046,3.4368],[117.38066,3.43659],[117.38113,3.43634],[117.38286,3.43568],[117.38762,3.43349],[117.39064,3.4321],[117.39394,3.43081],[117.3968,3.4296],[117.39945,3.4284],[117.39951,3.42828],[117.39972,3.42828],[117.39978,3.42825],[117.40169,3.42741],[117.40398,3.42617],[117.40501,3.42575],[117.40713,3.42492],[117.4076,3.42477],[117.4091,3.42413],[117.41256,3.42291],[117.41288,3.42273],[117.41333,3.42262],[117.41457,3.42219],[117.4157,3.42192],[117.41684,3.42164],[117.41752,3.42139],[117.41748,3.42128],[117.41747,3.42127],[117.41742,3.42123],[117.41736,3.42119],[117.41724,3.42114],[117.41683,3.42082],[117.4171,3.42097],[117.41723,3.42102],[117.41732,3.42107],[117.4175,3.42112],[117.41763,3.42114],[117.41784,3.42109],[117.41789,3.42103],[117.41796,3.42103],[117.41801,3.42108],[117.41806,3.4211],[117.41812,3.42114],[117.41906,3.42109],[117.42011,3.4209],[117.42064,3.42087],[117.42106,3.42071],[117.42163,3.4207],[117.42221,3.42053],[117.42343,3.4203],[117.42428,3.42018],[117.42471,3.42006],[117.42499,3.42003],[117.42507,3.42],[117.4251,3.41988],[117.4251,3.41988],[117.42499,3.41985],[117.42491,3.41983],[117.42477,3.41979],[117.42455,3.41975],[117.42445,3.41973],[117.42424,3.41963],[117.42406,3.41956],[117.4239,3.41948],[117.42372,3.41942],[117.42357,3.41934],[117.42344,3.41927],[117.42334,3.4192],[117.42325,3.41916],[117.42314,3.4191],[117.42298,3.41898],[117.42281,3.41883],[117.42281,3.41873],[117.42289,3.41874],[117.423,3.41886],[117.42311,3.41895],[117.42319,3.41898],[117.42328,3.41903],[117.42345,3.41912],[117.42367,3.41923],[117.42386,3.41933],[117.42404,3.41942],[117.42424,3.41953],[117.42434,3.41953],[117.42458,3.41962],[117.42489,3.41971],[117.42513,3.41974],[117.42531,3.41976],[117.42547,3.41978],[117.42551,3.4198],[117.4256,3.41981],[117.426,3.41984],[117.42632,3.4198],[117.42741,3.41969],[117.42832,3.41957],[117.42918,3.41954],[117.42939,3.41946],[117.43041,3.41935],[117.43082,3.41923],[117.43156,3.4192],[117.43263,3.41902],[117.43331,3.41896],[117.43348,3.41891],[117.434,3.41885],[117.43412,3.41882],[117.43427,3.41878],[117.43479,3.41868],[117.43489,3.41861],[117.43524,3.41855],[117.43574,3.41848],[117.43603,3.41841],[117.4366,3.41829],[117.43691,3.41808],[117.43746,3.41793],[117.43784,3.41773],[117.43814,3.41758],[117.43878,3.41699],[117.43906,3.41665],[117.43963,3.41594],[117.44054,3.41449],[117.44117,3.41343],[117.4415,3.41288],[117.44167,3.41248],[117.44239,3.41075],[117.4425,3.4105],[117.44283,3.40907],[117.36639,3.43204],[117.36637,3.43311],[117.36629,3.43405],[117.36639,3.43611],[117.36641,3.4375],[117.36644,3.43857],[117.36646,3.43939]]],[[[117.31491,3.45061],[117.31501,3.45063],[117.31543,3.45063],[117.31633,3.45063],[117.31649,3.45065],[117.3176,3.45083],[117.31781,3.45084],[117.31907,3.45094],[117.32135,3.45109],[117.32379,3.45118],[117.32592,3.45126],[117.32799,3.4511],[117.33053,3.45107],[117.33342,3.45072],[117.33432,3.45061],[117.33907,3.45042],[117.33982,3.45037],[117.34264,3.45019],[117.34393,3.45011],[117.34715,3.45017],[117.35005,3.44985],[117.35042,3.44982],[117.35267,3.44966],[117.35507,3.44915],[117.35646,3.44847],[117.35683,3.44829],[117.35791,3.44746],[117.35855,3.44681],[117.35888,3.44641],[117.35962,3.44547],[117.36028,3.44439],[117.3609,3.44311],[117.36129,3.44182],[117.36163,3.44051],[117.36177,3.43961],[117.36189,3.43893],[117.36197,3.43829],[117.36197,3.43804],[117.36199,3.43761],[117.36219,3.43608],[117.36225,3.4354],[117.36235,3.43414],[117.36245,3.43321],[117.36245,3.4332],[117.30764,3.44937],[117.3097,3.44986],[117.31055,3.45006],[117.31155,3.45019],[117.31226,3.45028],[117.31331,3.45041],[117.31491,3.45061]]],[[[117.22117,3.48607],[117.22126,3.48651],[117.22148,3.48765],[117.22188,3.48814],[117.22201,3.48828],[117.22201,3.48829],[117.22323,3.48938],[117.22353,3.48919],[117.22356,3.48919],[117.22445,3.48909],[117.22464,3.48899],[117.22518,3.4887],[117.22602,3.48834],[117.22726,3.48775],[117.22796,3.48714],[117.22867,3.48671],[117.22938,3.48639],[117.22978,3.4862],[117.23048,3.48559],[117.23132,3.48496],[117.23222,3.48421],[117.2328,3.48379],[117.2337,3.48291],[117.23453,3.4821],[117.2353,3.48148],[117.23614,3.48079],[117.23705,3.4801],[117.23803,3.4796],[117.23861,3.47912],[117.23921,3.47875],[117.23953,3.47855],[117.24044,3.47799],[117.24168,3.47709],[117.24254,3.47662],[117.24265,3.47656],[117.24418,3.47574],[117.24503,3.47518],[117.24548,3.47483],[117.2456,3.47476],[117.24653,3.47445],[117.24757,3.47381],[117.24826,3.47359],[117.2483,3.47357],[117.24909,3.47333],[117.25002,3.47275],[117.25088,3.47238],[117.2522,3.47188],[117.25305,3.47148],[117.25306,3.47148],[117.25332,3.47136],[117.2549,3.47085],[117.25549,3.47062],[117.2561,3.47044],[117.25667,3.4703],[117.25716,3.47025],[117.25752,3.47023],[117.25768,3.47014],[117.25787,3.47],[117.25804,3.4699],[117.25837,3.46988],[117.25878,3.46999],[117.25911,3.47002],[117.25953,3.46974],[117.25977,3.46969],[117.26003,3.46977],[117.26053,3.4698],[117.26077,3.46978],[117.26137,3.46969],[117.26184,3.46956],[117.2622,3.46949],[117.26296,3.46946],[117.26329,3.46941],[117.26365,3.46942],[117.26437,3.46946],[117.26537,3.46946],[117.26594,3.4694],[117.26661,3.46944],[117.26764,3.4694],[117.26843,3.46939],[117.26843,3.46939],[117.26943,3.46931],[117.27094,3.46917],[117.27134,3.46901],[117.27207,3.46895],[117.27218,3.46894],[117.27258,3.46888],[117.27328,3.46879],[117.27384,3.46879],[117.27465,3.46879],[117.27508,3.46878],[117.27517,3.46878],[117.2752,3.46878],[117.27697,3.46739],[117.27802,3.46656],[117.27869,3.4663],[117.279,3.46602],[117.27977,3.46553],[117.28046,3.46512],[117.28067,3.465],[117.28116,3.46471],[117.28122,3.4647],[117.28126,3.46464],[117.28133,3.46464],[117.28147,3.46463],[117.28197,3.4645],[117.28258,3.46434],[117.28309,3.46422],[117.28351,3.46412],[117.28368,3.46404],[117.28375,3.46405],[117.28385,3.46407],[117.28394,3.46406],[117.28401,3.46403],[117.28406,3.46401],[117.28405,3.46395],[117.28405,3.4639],[117.28403,3.46381],[117.28404,3.46368],[117.28401,3.46354],[117.28398,3.46343],[117.28395,3.46311],[117.28391,3.46287],[117.28391,3.46267],[117.28388,3.46245],[117.28391,3.46222],[117.28392,3.46213],[117.28387,3.46193],[117.28383,3.46184],[117.28373,3.46174],[117.28359,3.46164],[117.28345,3.46161],[117.28332,3.46164],[117.28321,3.46174],[117.28306,3.46184],[117.28284,3.46203],[117.28279,3.46208],[117.28273,3.46213],[117.28268,3.46222],[117.28256,3.46231],[117.28241,3.4623],[117.28227,3.46222],[117.28193,3.46169],[117.28187,3.46147],[117.28189,3.46136],[117.28198,3.46122],[117.28216,3.46111],[117.28223,3.46101],[117.28222,3.46085],[117.28217,3.4607],[117.28207,3.46056],[117.28192,3.46046],[117.28184,3.46032],[117.28181,3.46024],[117.28188,3.46032],[117.28199,3.46042],[117.28214,3.46055],[117.28225,3.46074],[117.28231,3.46099],[117.2823,3.46106],[117.28226,3.46112],[117.28204,3.46125],[117.28195,3.46138],[117.28194,3.46152],[117.28206,3.46175],[117.28219,3.46199],[117.28232,3.4621],[117.2824,3.46219],[117.2825,3.46222],[117.2826,3.46219],[117.28268,3.46211],[117.28285,3.46193],[117.28309,3.4617],[117.28335,3.46156],[117.2835,3.46153],[117.28368,3.46158],[117.28384,3.4617],[117.28392,3.46174],[117.28396,3.46181],[117.28399,3.46192],[117.28399,3.46199],[117.28396,3.46211],[117.28398,3.46225],[117.284,3.46233],[117.284,3.46247],[117.284,3.46256],[117.28399,3.46272],[117.28398,3.46284],[117.284,3.46295],[117.28403,3.46308],[117.28404,3.46323],[117.28409,3.46343],[117.28414,3.46368],[117.2842,3.46375],[117.28423,3.46388],[117.28423,3.46388],[117.28433,3.46393],[117.2846,3.46395],[117.28483,3.46394],[117.28504,3.46388],[117.28537,3.46388],[117.28551,3.46387],[117.2857,3.46381],[117.28645,3.46375],[117.28663,3.46375],[117.28674,3.46374],[117.28693,3.46373],[117.28697,3.46369],[117.28704,3.46371],[117.28711,3.46375],[117.28721,3.46375],[117.28731,3.4637],[117.28741,3.46371],[117.28754,3.46371],[117.28767,3.46368],[117.2878,3.46367],[117.28786,3.4637],[117.28803,3.46366],[117.28811,3.46366],[117.28821,3.46365],[117.28828,3.46367],[117.28856,3.46366],[117.28864,3.46364],[117.28872,3.4636],[117.28886,3.46364],[117.28905,3.46364],[117.28955,3.46362],[117.28982,3.46363],[117.29009,3.46362],[117.2904,3.46364],[117.29055,3.46364],[117.29062,3.46367],[117.29077,3.46364],[117.29086,3.46363],[117.29098,3.46362],[117.29108,3.46362],[117.29117,3.46363],[117.29126,3.46362],[117.29132,3.46361],[117.29139,3.46362],[117.29152,3.46365],[117.29163,3.46366],[117.29167,3.46366],[117.29172,3.46366],[117.29182,3.46367],[117.29189,3.46369],[117.29199,3.46369],[117.29219,3.46368],[117.29235,3.46368],[117.29244,3.46366],[117.29251,3.46365],[117.29268,3.46364],[117.29279,3.46364],[117.29292,3.46367],[117.29301,3.46372],[117.29302,3.46372],[117.29317,3.46374],[117.29333,3.46375],[117.29342,3.46377],[117.29351,3.46377],[117.29362,3.46378],[117.29418,3.46381],[117.29528,3.46386],[117.29664,3.464],[117.29697,3.46412],[117.29761,3.46436],[117.29801,3.46444],[117.2986,3.46461],[117.29927,3.46481],[117.30136,3.46534],[117.30372,3.46557],[117.30476,3.46569],[117.30514,3.46573],[117.30553,3.46577],[117.30676,3.46594],[117.30756,3.46601],[117.30766,3.46602],[117.30916,3.46599],[117.31145,3.46622],[117.31388,3.46614],[117.31496,3.46596],[117.31573,3.46583],[117.31673,3.46538],[117.31811,3.46478],[117.31856,3.46451],[117.31866,3.46444],[117.32177,3.4625],[117.32198,3.46218],[117.32207,3.46204],[117.32213,3.46195],[117.32239,3.46152],[117.32239,3.46146],[117.32232,3.46092],[117.32212,3.46061],[117.32171,3.46009],[117.32121,3.45975],[117.32065,3.45932],[117.31991,3.45908],[117.31984,3.45906],[117.3193,3.45872],[117.31877,3.45863],[117.31843,3.4585],[117.31824,3.45843],[117.31728,3.45821],[117.31598,3.45783],[117.31491,3.45775],[117.31433,3.45771],[117.31378,3.45762],[117.31337,3.45756],[117.31264,3.45745],[117.3122,3.45736],[117.3102,3.45687],[117.30773,3.45592],[117.30505,3.45474],[117.30478,3.45455],[117.30334,3.4535],[117.30334,3.4535],[117.30233,3.45268],[117.30157,3.45206],[117.30091,3.45138],[117.30105,3.45122],[117.2217,3.47537],[117.22159,3.47833],[117.22132,3.48339],[117.22117,3.48607],[117.22117,3.48607],[117.22117,3.48607],[117.22117,3.48607]]],[[[117.28771,3.4645],[117.28767,3.46451],[117.28762,3.4645],[117.28757,3.46449],[117.28746,3.4645],[117.28744,3.4645],[117.28739,3.4645],[117.28733,3.4645],[117.28728,3.4645],[117.2871,3.46453],[117.28699,3.46453],[117.28682,3.46454],[117.28634,3.46461],[117.28608,3.46465],[117.28583,3.46466],[117.28567,3.46464],[117.28543,3.4647],[117.28531,3.46469],[117.28518,3.46468],[117.28496,3.46469],[117.28468,3.46468],[117.28464,3.46467],[117.2846,3.46465],[117.28451,3.46464],[117.28433,3.46467],[117.2842,3.46469],[117.28402,3.46471],[117.28396,3.46474],[117.28377,3.46482],[117.28362,3.46483],[117.28332,3.46485],[117.28275,3.46493],[117.28189,3.46511],[117.28161,3.46512],[117.28141,3.46513],[117.28133,3.46521],[117.2813,3.46534],[117.28061,3.46561],[117.28003,3.46585],[117.27926,3.46634],[117.27895,3.46663],[117.27797,3.4675],[117.27655,3.46878],[117.27655,3.46878],[117.27692,3.4688],[117.27808,3.46888],[117.27931,3.46897],[117.28094,3.46879],[117.28229,3.46879],[117.28297,3.46879],[117.28653,3.46817],[117.2889,3.46786],[117.28922,3.46782],[117.2894,3.46779],[117.29076,3.46764],[117.29195,3.46724],[117.29208,3.46718],[117.29256,3.46697],[117.2926,3.46695],[117.29291,3.46681],[117.29332,3.46663],[117.29353,3.46653],[117.2941,3.46646],[117.2943,3.46643],[117.29517,3.46631],[117.29528,3.4663],[117.29586,3.46622],[117.29646,3.46609],[117.29765,3.46582],[117.29752,3.46534],[117.29687,3.46501],[117.29552,3.46471],[117.29387,3.46456],[117.29378,3.46452],[117.29368,3.4645],[117.29353,3.46449],[117.29332,3.46451],[117.29321,3.46454],[117.29307,3.46453],[117.29298,3.46451],[117.29287,3.46449],[117.2927,3.46448],[117.29252,3.46448],[117.29231,3.46447],[117.29224,3.4645],[117.29214,3.4645],[117.29211,3.46451],[117.29205,3.46451],[117.29199,3.4645],[117.29198,3.4645],[117.29195,3.46449],[117.29189,3.4645],[117.29186,3.4645],[117.29173,3.46451],[117.29165,3.46451],[117.29158,3.4645],[117.29152,3.46451],[117.29141,3.46451],[117.29131,3.46451],[117.29122,3.46448],[117.29121,3.46448],[117.29112,3.46444],[117.29097,3.46443],[117.29089,3.46443],[117.29076,3.46443],[117.29045,3.46443],[117.29015,3.46444],[117.28993,3.46443],[117.28943,3.46443],[117.28941,3.46443],[117.28921,3.46443],[117.28909,3.46443],[117.28899,3.46443],[117.28891,3.46444],[117.28864,3.46444],[117.28858,3.4644],[117.28849,3.4644],[117.28847,3.4644],[117.28839,3.46441],[117.28822,3.46445],[117.28816,3.46446],[117.28802,3.46448],[117.28794,3.4645],[117.2879,3.46451],[117.28785,3.4645],[117.28777,3.46448],[117.28771,3.4645]]],[[[117.44622,3.45236],[117.44816,3.45177],[117.45105,3.45056],[117.45394,3.44925],[117.4553,3.44832],[117.45594,3.44793],[117.45756,3.44671],[117.45823,3.44544],[117.45878,3.44413],[117.4592,3.44347],[117.45962,3.44279],[117.4599,3.44222],[117.46004,3.44195],[117.46019,3.44135],[117.4603,3.44094],[117.46053,3.44016],[117.46053,3.44015],[117.46048,3.43926],[117.46047,3.43901],[117.46025,3.43844],[117.46012,3.4381],[117.45923,3.43799],[117.45895,3.43807],[117.45805,3.4383],[117.45671,3.43889],[117.45483,3.43955],[117.45386,3.43987],[117.4531,3.44022],[117.45188,3.44074],[117.44908,3.44185],[117.44905,3.44187],[117.44892,3.44191],[117.44709,3.44254],[117.44658,3.44271],[117.44631,3.4428],[117.44602,3.4429],[117.44412,3.44384],[117.44322,3.44429],[117.44271,3.44454],[117.44191,3.44495],[117.43834,3.44673],[117.43767,3.44708],[117.4361,3.44792],[117.43546,3.44831],[117.43403,3.44921],[117.43279,3.44985],[117.43159,3.45055],[117.43094,3.451],[117.43031,3.45147],[117.43001,3.4516],[117.42995,3.45162],[117.42942,3.452],[117.42857,3.45261],[117.42835,3.45283],[117.428,3.45318],[117.42766,3.45373],[117.42765,3.45375],[117.42774,3.4538],[117.42777,3.45382],[117.42829,3.45413],[117.42942,3.45418],[117.43141,3.45402],[117.43157,3.45401],[117.43415,3.45384],[117.4349,3.45379],[117.43676,3.45367],[117.43868,3.4537],[117.43954,3.45372],[117.44067,3.45357],[117.44365,3.45318],[117.44386,3.45312],[117.44463,3.4529],[117.44495,3.45282],[117.44622,3.45236]]],[[[117.41066,3.44896],[117.41155,3.44853],[117.4126,3.44791],[117.4134,3.44753],[117.41385,3.44729],[117.41499,3.44669],[117.41608,3.44619],[117.41624,3.44612],[117.41735,3.44554],[117.41781,3.44482],[117.41793,3.44453],[117.41796,3.44423],[117.41784,3.44404],[117.41761,3.44388],[117.4173,3.4438],[117.41699,3.44372],[117.41595,3.44377],[117.41549,3.44377],[117.41549,3.44377],[117.41548,3.44377],[117.41504,3.44378],[117.41362,3.44402],[117.41274,3.44413],[117.41231,3.44425],[117.41172,3.44429],[117.4114,3.44439],[117.41095,3.44447],[117.41063,3.44453],[117.41054,3.44455],[117.40963,3.44473],[117.40933,3.44478],[117.40896,3.4449],[117.40863,3.44502],[117.40847,3.44504],[117.40828,3.44506],[117.40788,3.44515],[117.40741,3.44525],[117.40679,3.44545],[117.40631,3.4456],[117.40624,3.44562],[117.40568,3.44571],[117.40499,3.44595],[117.40433,3.44623],[117.40402,3.44631],[117.40362,3.44639],[117.40321,3.44647],[117.40306,3.44655],[117.40228,3.44697],[117.40148,3.44713],[117.40101,3.44731],[117.40074,3.44749],[117.40065,3.44747],[117.40048,3.44744],[117.40009,3.44764],[117.39945,3.44792],[117.39937,3.44796],[117.39889,3.44823],[117.39805,3.44864],[117.39772,3.44884],[117.39727,3.44905],[117.39709,3.4492],[117.39677,3.44938],[117.39622,3.44974],[117.39617,3.44978],[117.39613,3.4498],[117.39552,3.45027],[117.39506,3.45083],[117.39502,3.45106],[117.39501,3.4511],[117.39496,3.45135],[117.39511,3.45159],[117.39514,3.45162],[117.39539,3.45187],[117.39576,3.45199],[117.39586,3.45202],[117.39631,3.45208],[117.39635,3.45208],[117.39658,3.45209],[117.39716,3.45207],[117.39758,3.45206],[117.39815,3.45202],[117.39819,3.45201],[117.39853,3.45196],[117.39887,3.45191],[117.39942,3.45179],[117.39972,3.45176],[117.39996,3.45175],[117.40017,3.45165],[117.40037,3.4516],[117.40079,3.45161],[117.40111,3.45158],[117.40167,3.45145],[117.40206,3.45141],[117.40242,3.45127],[117.40282,3.45117],[117.40339,3.4511],[117.40448,3.45094],[117.40477,3.45084],[117.40523,3.45068],[117.40572,3.45056],[117.4065,3.45037],[117.40734,3.45006],[117.40745,3.45002],[117.4077,3.44993],[117.40905,3.44952],[117.41066,3.44896]]],[[[117.32374,3.48239],[117.32347,3.48241],[117.32328,3.48245],[117.32301,3.48249],[117.32277,3.48256],[117.32244,3.48257],[117.32205,3.48257],[117.32192,3.48259],[117.32167,3.48262],[117.32128,3.48274],[117.32088,3.48277],[117.32042,3.4828],[117.32005,3.48282],[117.3196,3.48297],[117.31944,3.48302],[117.31891,3.48318],[117.31817,3.48335],[117.31757,3.48359],[117.31739,3.48369],[117.31721,3.48379],[117.31695,3.48395],[117.31668,3.48421],[117.31672,3.48428],[117.31678,3.48437],[117.31683,3.48446],[117.31711,3.48474],[117.31732,3.48481],[117.31758,3.48489],[117.31783,3.48514],[117.31793,3.48523],[117.31814,3.48546],[117.31845,3.48566],[117.31875,3.4859],[117.31926,3.48628],[117.31975,3.48653],[117.31985,3.48661],[117.32002,3.48674],[117.32016,3.48685],[117.32047,3.48698],[117.32069,3.48708],[117.32079,3.48712],[117.32087,3.48715],[117.32111,3.48724],[117.32157,3.48757],[117.32174,3.48766],[117.32194,3.48776],[117.32205,3.48781],[117.32234,3.48795],[117.32266,3.48805],[117.32272,3.48806],[117.32286,3.48807],[117.32317,3.4881],[117.32358,3.48818],[117.32364,3.48821],[117.3241,3.48828],[117.32495,3.48807],[117.32501,3.48804],[117.32594,3.48759],[117.32691,3.48692],[117.32702,3.48684],[117.32806,3.48612],[117.32932,3.48495],[117.33052,3.48355],[117.33128,3.48271],[117.33131,3.48264],[117.33154,3.48221],[117.33144,3.48209],[117.33073,3.4821],[117.32909,3.48212],[117.32878,3.48211],[117.32843,3.48203],[117.32813,3.48198],[117.32776,3.48194],[117.32746,3.48191],[117.32721,3.48189],[117.32697,3.48187],[117.32659,3.48194],[117.32606,3.48193],[117.32581,3.48203],[117.32566,3.48209],[117.3249,3.48219],[117.32452,3.48224],[117.32438,3.48226],[117.32403,3.48236],[117.3238,3.48238],[117.32374,3.48239]]],[[[117.33667,3.47149],[117.33655,3.47153],[117.3361,3.47166],[117.33543,3.47176],[117.33403,3.47218],[117.3334,3.47237],[117.33294,3.47253],[117.33272,3.4726],[117.33259,3.47264],[117.3323,3.47273],[117.33217,3.47273],[117.33186,3.47274],[117.33152,3.47286],[117.33122,3.47297],[117.33112,3.47301],[117.33102,3.47303],[117.33046,3.47315],[117.32982,3.47329],[117.32937,3.4734],[117.32917,3.47345],[117.32908,3.47347],[117.32871,3.47356],[117.32845,3.47363],[117.32781,3.47386],[117.3278,3.47387],[117.32754,3.47413],[117.32769,3.47438],[117.32796,3.47465],[117.32844,3.4748],[117.32888,3.47486],[117.32931,3.47486],[117.32974,3.47485],[117.33015,3.47484],[117.33073,3.4748],[117.33116,3.47473],[117.33145,3.47469],[117.33193,3.4745],[117.33248,3.47441],[117.33271,3.47435],[117.33296,3.4743],[117.33326,3.47423],[117.33361,3.47422],[117.3342,3.47409],[117.33436,3.47406],[117.33453,3.47403],[117.3346,3.47402],[117.33482,3.47396],[117.33497,3.47392],[117.33536,3.47382],[117.33538,3.47382],[117.33593,3.47368],[117.33695,3.47334],[117.33777,3.47314],[117.33798,3.47305],[117.33858,3.4728],[117.33859,3.4728],[117.33895,3.47265],[117.34016,3.47217],[117.3414,3.47163],[117.34267,3.47093],[117.34275,3.47088],[117.34344,3.47061],[117.34409,3.47028],[117.34476,3.46988],[117.34483,3.46959],[117.34468,3.46953],[117.34434,3.46949],[117.3442,3.46947],[117.34356,3.46955],[117.34228,3.4697],[117.34198,3.46973],[117.34179,3.46977],[117.34156,3.46981],[117.34115,3.46988],[117.34086,3.47013],[117.3405,3.47021],[117.34018,3.4703],[117.33961,3.47046],[117.33906,3.47072],[117.33852,3.47091],[117.33805,3.47106],[117.33782,3.47114],[117.33749,3.47125],[117.3371,3.47134],[117.33667,3.47149]]],[[[117.43556,3.5252],[117.43546,3.52493],[117.43542,3.52467],[117.43535,3.52438],[117.43521,3.52415],[117.43513,3.52397],[117.43509,3.52367],[117.43501,3.52342],[117.43498,3.52339],[117.43497,3.52323],[117.43488,3.52232],[117.43474,3.52106],[117.4347,3.52047],[117.43465,3.51968],[117.43453,3.51791],[117.43436,3.5153],[117.43434,3.51457],[117.43434,3.51455],[117.43431,3.51395],[117.43471,3.51214],[117.43512,3.51009],[117.43531,3.50924],[117.43544,3.50863],[117.43579,3.50815],[117.43617,3.50746],[117.43762,3.50611],[117.43976,3.50457],[117.43999,3.50445],[117.44101,3.50391],[117.44171,3.5037],[117.44197,3.50362],[117.44298,3.50358],[117.44409,3.50381],[117.44426,3.5039],[117.44477,3.50418],[117.44512,3.50436],[117.44713,3.50546],[117.44751,3.50567],[117.44835,3.50613],[117.44858,3.50625],[117.44961,3.50682],[117.45031,3.50729],[117.45131,3.50795],[117.45138,3.508],[117.45182,3.50834],[117.45319,3.50906],[117.45388,3.50927],[117.45399,3.5093],[117.4546,3.5094],[117.45544,3.50946],[117.45593,3.50949],[117.45629,3.50935],[117.45735,3.50923],[117.45736,3.50923],[117.46219,3.50777],[117.46236,3.50773],[117.46373,3.50736],[117.46491,3.50693],[117.46638,3.50631],[117.467,3.50611],[117.46819,3.50573],[117.469,3.50529],[117.47076,3.50323],[117.47084,3.50306],[117.47087,3.503],[117.47091,3.5029],[117.47096,3.50277],[117.47102,3.50264],[117.47129,3.5021],[117.47198,3.50135],[117.47222,3.50122],[117.47226,3.5012],[117.47266,3.5009],[117.47304,3.50045],[117.4734,3.5],[117.4734,3.5],[117.4734,3.5],[117.47341,3.5],[117.47418,3.49935],[117.47466,3.49895],[117.47573,3.49798],[117.47742,3.4959],[117.47902,3.49452],[117.48012,3.49359],[117.48171,3.49277],[117.48382,3.49217],[117.48503,3.49192],[117.48796,3.49172],[117.4914,3.49247],[117.49373,3.49345],[117.49501,3.49418],[117.49523,3.49433],[117.49552,3.49455],[117.49604,3.495],[117.49685,3.49529],[117.49744,3.49566],[117.49815,3.49592],[117.49876,3.49619],[117.49927,3.4964],[117.4997,3.49646],[117.49992,3.49649],[117.5,3.49651],[117.50055,3.49675],[117.50109,3.49693],[117.50148,3.49706],[117.50181,3.4972],[117.50216,3.4973],[117.50298,3.49753],[117.50335,3.49758],[117.5034,3.49759],[117.50409,3.49761],[117.50471,3.49757],[117.50496,3.4975],[117.50514,3.49738],[117.50528,3.49726],[117.5053,3.49723],[117.5057,3.49647],[117.50649,3.49518],[117.50731,3.49414],[117.50782,3.49344],[117.50808,3.49308],[117.50844,3.49242],[117.50855,3.49206],[117.50869,3.4916],[117.50897,3.49119],[117.50944,3.49051],[117.51068,3.4893],[117.51269,3.48791],[117.5127,3.48791],[117.51296,3.48774],[117.51309,3.48768],[117.51364,3.48721],[117.51455,3.48632],[117.51536,3.48543],[117.51541,3.48536],[117.51606,3.4846],[117.51616,3.48449],[117.51658,3.48411],[117.51705,3.4834],[117.51742,3.4827],[117.51763,3.4823],[117.51782,3.48214],[117.51791,3.48185],[117.51789,3.4818],[117.51783,3.48163],[117.51776,3.4812],[117.51762,3.48091],[117.51747,3.48073],[117.51711,3.48025],[117.51699,3.47994],[117.51686,3.47933],[117.5165,3.47856],[117.51588,3.4775],[117.51514,3.47635],[117.51417,3.47527],[117.51379,3.47487],[117.51339,3.47458],[117.51303,3.47428],[117.51277,3.47407],[117.51239,3.47364],[117.51203,3.47311],[117.51192,3.47292],[117.51169,3.47254],[117.51168,3.47252],[117.51147,3.4723],[117.51133,3.47212],[117.51117,3.47197],[117.51103,3.47188],[117.51094,3.4719],[117.5109,3.47195],[117.51088,3.47199],[117.51079,3.47209],[117.51074,3.47209],[117.51053,3.47203],[117.51034,3.47193],[117.51005,3.47169],[117.50992,3.47161],[117.50971,3.47146],[117.50944,3.47129],[117.50929,3.47099],[117.50924,3.4709],[117.5091,3.4707],[117.50896,3.47055],[117.50876,3.47056],[117.50864,3.47061],[117.50843,3.47067],[117.50807,3.47061],[117.50744,3.47042],[117.507,3.4703],[117.50676,3.47016],[117.50641,3.46988],[117.50601,3.46943],[117.50584,3.46918],[117.50552,3.46887],[117.50515,3.46858],[117.50467,3.46828],[117.50387,3.46799],[117.50352,3.46777],[117.50327,3.46762],[117.50301,3.46743],[117.50284,3.46737],[117.50267,3.46738],[117.50249,3.46745],[117.5022,3.46734],[117.50206,3.46726],[117.50194,3.46709],[117.50194,3.46698],[117.50197,3.46672],[117.50194,3.46662],[117.5019,3.46651],[117.50181,3.46635],[117.50172,3.46628],[117.50154,3.46613],[117.5014,3.46607],[117.50108,3.46593],[117.50069,3.46581],[117.50033,3.46569],[117.5,3.46556],[117.49973,3.46504],[117.49969,3.465],[117.4993,3.46474],[117.49876,3.46456],[117.49846,3.46443],[117.49798,3.46377],[117.49684,3.46262],[117.49495,3.46115],[117.49289,3.45945],[117.49131,3.45778],[117.49117,3.45749],[117.49049,3.45604],[117.4895,3.45487],[117.48946,3.45483],[117.48856,3.45372],[117.48816,3.45289],[117.48744,3.45143],[117.48702,3.45074],[117.48689,3.45051],[117.48664,3.44995],[117.48663,3.44963],[117.48662,3.44913],[117.48673,3.44834],[117.48683,3.44764],[117.48688,3.44723],[117.48725,3.44639],[117.48747,3.44497],[117.48767,3.4423],[117.48776,3.44112],[117.48797,3.43789],[117.48764,3.43613],[117.48746,3.43565],[117.48705,3.43454],[117.48699,3.43443],[117.48642,3.43337],[117.48638,3.43333],[117.48575,3.43281],[117.48495,3.43258],[117.484,3.43243],[117.48354,3.43241],[117.48282,3.43237],[117.48175,3.43264],[117.48072,3.43301],[117.47931,3.4337],[117.47802,3.43433],[117.47668,3.43508],[117.47531,3.43614],[117.47527,3.43617],[117.47464,3.43658],[117.47378,3.43735],[117.47192,3.43932],[117.47076,3.44113],[117.47003,3.44212],[117.469,3.44346],[117.46778,3.44453],[117.46656,3.44556],[117.46518,3.4467],[117.46356,3.44789],[117.46261,3.44863],[117.46178,3.44927],[117.45986,3.45041],[117.45899,3.45083],[117.45699,3.4518],[117.45642,3.4521],[117.45492,3.45287],[117.4526,3.45384],[117.45204,3.45408],[117.45067,3.45465],[117.44915,3.45529],[117.44721,3.45588],[117.44594,3.45633],[117.44532,3.45651],[117.44509,3.45658],[117.44464,3.4567],[117.4446,3.45671],[117.44437,3.45675],[117.43954,3.45765],[117.4375,3.45791],[117.43467,3.45835],[117.43187,3.45883],[117.42961,3.45932],[117.42888,3.45948],[117.42826,3.45956],[117.42722,3.45997],[117.42657,3.46017],[117.42565,3.46039],[117.42494,3.46062],[117.42286,3.4614],[117.42177,3.46161],[117.42061,3.46188],[117.42019,3.46205],[117.4199,3.46221],[117.4196,3.46236],[117.41943,3.46245],[117.41887,3.46276],[117.41835,3.46304],[117.41702,3.46368],[117.41626,3.46409],[117.41507,3.4647],[117.41259,3.46549],[117.41071,3.46587],[117.40892,3.46625],[117.40764,3.46651],[117.40442,3.46691],[117.40268,3.46715],[117.40167,3.46729],[117.40057,3.46746],[117.39603,3.46778],[117.39269,3.46819],[117.38983,3.46847],[117.38707,3.4689],[117.38406,3.4694],[117.3834,3.46957],[117.38237,3.46985],[117.38137,3.47009],[117.38018,3.4704],[117.37886,3.47062],[117.37883,3.47063],[117.3787,3.47064],[117.37842,3.47069],[117.37808,3.47081],[117.37796,3.4709],[117.37775,3.47095],[117.37762,3.47098],[117.37635,3.47136],[117.37449,3.47196],[117.3717,3.47299],[117.36973,3.47379],[117.36783,3.47451],[117.36657,3.47501],[117.36493,3.47575],[117.36358,3.4764],[117.36164,3.47736],[117.36093,3.47773],[117.3594,3.47852],[117.35705,3.47976],[117.35473,3.48094],[117.35212,3.48214],[117.35108,3.48259],[117.34765,3.4841],[117.34328,3.48543],[117.3396,3.48648],[117.33642,3.48716],[117.33416,3.48761],[117.33223,3.48813],[117.33222,3.48814],[117.33195,3.48821],[117.33099,3.48859],[117.33019,3.48897],[117.32992,3.48913],[117.32974,3.48931],[117.32947,3.48948],[117.32945,3.48949],[117.32911,3.4897],[117.32885,3.48985],[117.32821,3.49011],[117.32801,3.49013],[117.32665,3.49054],[117.32591,3.49068],[117.32572,3.49072],[117.32531,3.49089],[117.32496,3.49102],[117.3246,3.49109],[117.32359,3.49121],[117.32305,3.49127],[117.32175,3.49097],[117.32113,3.49083],[117.31948,3.49018],[117.31788,3.48955],[117.31655,3.48915],[117.31653,3.48915],[117.31499,3.48868],[117.31368,3.48829],[117.31014,3.48731],[117.30689,3.4865],[117.3049,3.48604],[117.30287,3.48557],[117.29966,3.4848],[117.29608,3.48444],[117.2946,3.48438],[117.29266,3.48435],[117.29031,3.48459],[117.28745,3.48483],[117.28456,3.48513],[117.28239,3.48531],[117.28066,3.48543],[117.28025,3.48547],[117.27979,3.48552],[117.27923,3.48558],[117.27834,3.48567],[117.27687,3.48581],[117.27577,3.48592],[117.27428,3.48614],[117.27423,3.48615],[117.27202,3.48661],[117.2704,3.48669],[117.26883,3.48682],[117.26714,3.48706],[117.26512,3.48737],[117.26343,3.4878],[117.26106,3.48827],[117.25759,3.48908],[117.25592,3.48947],[117.25375,3.48998],[117.25196,3.49059],[117.25154,3.49073],[117.25126,3.49094],[117.25117,3.491],[117.25094,3.49117],[117.24857,3.49203],[117.247,3.49248],[117.24574,3.49306],[117.24405,3.49349],[117.24235,3.49392],[117.24009,3.49463],[117.23734,3.49514],[117.23628,3.49534],[117.23472,3.49576],[117.23303,3.49605],[117.23077,3.49676],[117.22978,3.49747],[117.22823,3.49861],[117.2268,3.5],[117.2268,3.5],[117.22677,3.50003],[117.22672,3.5001],[117.22666,3.50017],[117.22654,3.50031],[117.22645,3.50042],[117.22639,3.50049],[117.22633,3.50056],[117.22622,3.5007],[117.22616,3.50077],[117.2261,3.50084],[117.22599,3.50098],[117.22593,3.50105],[117.22582,3.50119],[117.22573,3.50131],[117.22567,3.50138],[117.22556,3.50153],[117.22551,3.5016],[117.22545,3.50167],[117.2254,3.50174],[117.22534,3.50181],[117.22523,3.50196],[117.22518,3.50202],[117.22518,3.50203],[117.22512,3.5021],[117.22501,3.50224],[117.22496,3.50233],[117.22491,3.5024],[117.22486,3.50248],[117.22477,3.50263],[117.22472,3.50271],[117.22462,3.50286],[117.22457,3.50294],[117.22453,3.50301],[117.22448,3.50309],[117.22443,3.50317],[117.22435,3.50329],[117.22426,3.50344],[117.22421,3.50351],[117.22416,3.50359],[117.22406,3.50374],[117.22401,3.50382],[117.22396,3.5039],[117.22387,3.50405],[117.22379,3.50417],[117.22369,3.50432],[117.22359,3.50447],[117.22349,3.50462],[117.22339,3.50477],[117.22329,3.50492],[117.2232,3.50508],[117.22316,3.50516],[117.22312,3.50524],[117.22304,3.5054],[117.223,3.50548],[117.22296,3.50556],[117.22292,3.50564],[117.22287,3.50573],[117.22286,3.50575],[117.2228,3.50589],[117.22276,3.50597],[117.22272,3.50605],[117.22264,3.50622],[117.2226,3.5063],[117.22257,3.50638],[117.22249,3.50655],[117.22248,3.50657],[117.22242,3.50669],[117.22239,3.50677],[117.22235,3.50685],[117.22229,3.50697],[117.22221,3.50714],[117.22213,3.5073],[117.22206,3.50746],[117.22202,3.50755],[117.22194,3.50771],[117.22188,3.50784],[117.22179,3.508],[117.22171,3.50816],[117.22163,3.50832],[117.22154,3.50848],[117.22147,3.50863],[117.2214,3.50879],[117.22132,3.50896],[117.22129,3.50904],[117.22125,3.50912],[117.22123,3.50916],[117.22117,3.50929],[117.2211,3.50943],[117.22106,3.50951],[117.22102,3.50959],[117.22098,3.50967],[117.22094,3.50975],[117.2209,3.50983],[117.22086,3.50991],[117.22082,3.50999],[117.22076,3.5101],[117.22071,3.51018],[117.22066,3.51028],[117.22062,3.51033],[117.22053,3.51049],[117.22049,3.51057],[117.22042,3.51071],[117.22034,3.51087],[117.2203,3.51095],[117.22022,3.51112],[117.22015,3.51128],[117.22006,3.51144],[117.21998,3.5116],[117.21993,3.51169],[117.21984,3.51185],[117.2198,3.51193],[117.21976,3.51201],[117.21967,3.51217],[117.2196,3.5123],[117.21959,3.51233],[117.21954,3.51241],[117.2195,3.51249],[117.21944,3.5126],[117.2194,3.51268],[117.21936,3.51276],[117.21928,3.51293],[117.21924,3.51301],[117.2192,3.51309],[117.21916,3.51317],[117.21908,3.51333],[117.21904,3.51341],[117.21896,3.51353],[117.21892,3.51361],[117.21887,3.51369],[117.21878,3.51385],[117.21873,3.51392],[117.21869,3.514],[117.21859,3.51415],[117.21854,3.51423],[117.2185,3.51431],[117.21845,3.51438],[117.2184,3.51446],[117.21835,3.51454],[117.2183,3.51461],[117.21826,3.51469],[117.21818,3.51479],[117.21812,3.51486],[117.21801,3.51501],[117.21796,3.51508],[117.21785,3.51522],[117.21779,3.5153],[117.21774,3.51537],[117.21763,3.51551],[117.21755,3.51564],[117.21745,3.51579],[117.21737,3.51592],[117.21727,3.51607],[117.21722,3.51615],[117.21717,3.51622],[117.2171,3.51637],[117.21706,3.51645],[117.21698,3.51661],[117.2169,3.51677],[117.21686,3.51685],[117.21682,3.51694],[117.21675,3.51702],[117.21663,3.51716],[117.21652,3.51731],[117.21641,3.51745],[117.21635,3.51752],[117.21629,3.51759],[117.21618,3.51773],[117.21607,3.51787],[117.21599,3.51797],[117.21588,3.51812],[117.21583,3.51819],[117.21572,3.51833],[117.21567,3.5184],[117.21561,3.51848],[117.21556,3.51855],[117.21545,3.51869],[117.21539,3.51877],[117.21534,3.51884],[117.21525,3.51897],[117.21514,3.51912],[117.21509,3.51919],[117.21498,3.51934],[117.21493,3.51941],[117.21483,3.51956],[117.21478,3.51963],[117.21472,3.51971],[117.21462,3.51986],[117.21457,3.51993],[117.21452,3.52],[117.21445,3.52008],[117.21439,3.52015],[117.21433,3.52022],[117.21422,3.52036],[117.21416,3.52043],[117.2141,3.52049],[117.21404,3.52056],[117.21398,3.52063],[117.21392,3.5207],[117.21387,3.52077],[117.21375,3.52091],[117.21369,3.52098],[117.21363,3.52105],[117.21354,3.52117],[117.21349,3.52125],[117.21338,3.52139],[117.21328,3.52154],[117.21317,3.52169],[117.21312,3.52176],[117.21301,3.52191],[117.21291,3.52205],[117.21284,3.52214],[117.21278,3.52221],[117.21267,3.52235],[117.21262,3.52242],[117.21256,3.5225],[117.21245,3.52264],[117.21234,3.52278],[117.21229,3.52285],[117.21223,3.52292],[117.21217,3.52299],[117.21212,3.52307],[117.21206,3.52314],[117.21201,3.52321],[117.21191,3.52333],[117.2118,3.52348],[117.21175,3.52355],[117.21169,3.52362],[117.21158,3.52376],[117.21153,3.52383],[117.21147,3.5239],[117.21142,3.52398],[117.21136,3.52405],[117.21131,3.52412],[117.21125,3.52419],[117.21114,3.52433],[117.21109,3.52441],[117.21097,3.52455],[117.21089,3.52466],[117.21083,3.52474],[117.21072,3.52488],[117.21067,3.52495],[117.21061,3.52502],[117.21051,3.52517],[117.21045,3.52524],[117.21034,3.52538],[117.21029,3.52546],[117.21023,3.52553],[117.21012,3.52567],[117.21003,3.52582],[117.20998,3.5259],[117.20988,3.52605],[117.20983,3.52612],[117.20978,3.5262],[117.20968,3.52635],[117.20963,3.52642],[117.20958,3.5265],[117.20948,3.52665],[117.20937,3.52678],[117.20925,3.52692],[117.20916,3.52705],[117.2091,3.52712],[117.20899,3.52726],[117.20894,3.52733],[117.20889,3.52741],[117.20878,3.52755],[117.20872,3.52762],[117.20861,3.52777],[117.20856,3.52784],[117.20845,3.52798],[117.2084,3.52805],[117.20834,3.52813],[117.20823,3.52827],[117.20812,3.52841],[117.20805,3.52852],[117.20794,3.52866],[117.20783,3.5288],[117.20772,3.52895],[117.20761,3.52909],[117.2075,3.52924],[117.20739,3.52938],[117.20734,3.52945],[117.20723,3.5296],[117.20712,3.52974],[117.20701,3.52988],[117.20696,3.52995],[117.2069,3.53003],[117.20679,3.53017],[117.20673,3.53026],[117.20668,3.53033],[117.20663,3.5304],[117.20658,3.53048],[117.20647,3.53062],[117.20642,3.5307],[117.20637,3.53077],[117.20632,3.53085],[117.20626,3.53092],[117.20621,3.53099],[117.20616,3.53107],[117.20611,3.53114],[117.20606,3.53121],[117.206,3.53129],[117.20595,3.53136],[117.20585,3.53151],[117.20579,3.53158],[117.20574,3.53166],[117.20569,3.53173],[117.20559,3.53187],[117.20549,3.53202],[117.20544,3.53209],[117.20539,3.53217],[117.20534,3.53224],[117.20529,3.53232],[117.20519,3.53247],[117.20514,3.53254],[117.20509,3.53265],[117.20505,3.53273],[117.20501,3.53282],[117.20498,3.5329],[117.20494,3.53298],[117.2049,3.53305],[117.20481,3.5332],[117.20471,3.53336],[117.20465,3.53344],[117.2046,3.53351],[117.20455,3.53359],[117.20449,3.53366],[117.20439,3.53381],[117.20428,3.53395],[117.20423,3.53403],[117.20416,3.53412],[117.20406,3.53428],[117.20402,3.53436],[117.20392,3.53451],[117.20388,3.53459],[117.20383,3.53466],[117.20376,3.53477],[117.20367,3.53492],[117.20362,3.535],[117.20352,3.53515],[117.20348,3.53523],[117.20338,3.53538],[117.20328,3.53554],[117.20324,3.53561],[117.20314,3.53577],[117.20308,3.53586],[117.20304,3.53594],[117.20299,3.53602],[117.2029,3.53617],[117.20281,3.53633],[117.20271,3.53648],[117.20267,3.53656],[117.20258,3.53671],[117.20248,3.53687],[117.20243,3.53696],[117.20234,3.53712],[117.20229,3.5372],[117.20225,3.53727],[117.2022,3.53735],[117.20211,3.53751],[117.20207,3.53759],[117.20202,3.53766],[117.20197,3.53774],[117.20193,3.53782],[117.2019,3.53789],[117.20182,3.53805],[117.20175,3.53821],[117.20175,3.53822],[117.20167,3.53838],[117.2016,3.53855],[117.20154,3.53871],[117.20148,3.53888],[117.20145,3.53897],[117.20142,3.53905],[117.20141,3.53907],[117.20139,3.53925],[117.20137,3.53943],[117.20137,3.53946],[117.20139,3.53964],[117.2014,3.53973],[117.20141,3.53982],[117.20142,3.53991],[117.20147,3.54005],[117.20152,3.54022],[117.20155,3.54031],[117.20161,3.54048],[117.20164,3.54057],[117.2017,3.54074],[117.20176,3.54091],[117.20179,3.54099],[117.20185,3.54116],[117.20192,3.54131],[117.20196,3.54139],[117.20204,3.54155],[117.20212,3.54171],[117.2022,3.54187],[117.20229,3.54204],[117.20237,3.5422],[117.20243,3.54232],[117.20252,3.54248],[117.20256,3.54256],[117.2026,3.54264],[117.20269,3.5428],[117.20273,3.54288],[117.20278,3.54296],[117.20286,3.54312],[117.2029,3.5432],[117.20297,3.54329],[117.20302,3.54336],[117.20304,3.5434],[117.20307,3.54344],[117.20317,3.54359],[117.20323,3.54366],[117.20333,3.54381],[117.20338,3.54388],[117.20349,3.54403],[117.20354,3.5441],[117.20364,3.54425],[117.20369,3.54433],[117.2038,3.54447],[117.20385,3.54455],[117.2039,3.54462],[117.20399,3.54474],[117.20405,3.54481],[117.20416,3.54495],[117.20427,3.54509],[117.20438,3.54523],[117.20449,3.54537],[117.20461,3.54552],[117.20466,3.54559],[117.20477,3.54573],[117.20489,3.54587],[117.20495,3.54595],[117.20501,3.54602],[117.20507,3.54609],[117.20512,3.54616],[117.20524,3.5463],[117.20529,3.54637],[117.20535,3.54644],[117.20541,3.54651],[117.20546,3.54658],[117.20554,3.54666],[117.2056,3.54673],[117.20572,3.54686],[117.20577,3.54693],[117.20589,3.54707],[117.20601,3.5472],[117.20612,3.54733],[117.20624,3.54747],[117.20629,3.54754],[117.20641,3.54768],[117.20646,3.54775],[117.20658,3.54789],[117.20669,3.54803],[117.20676,3.54812],[117.20682,3.54819],[117.20687,3.54827],[117.20698,3.54841],[117.20704,3.54848],[117.2071,3.54855],[117.20715,3.54862],[117.20721,3.54869],[117.20726,3.54876],[117.20738,3.5489],[117.20743,3.54897],[117.20749,3.54904],[117.20757,3.54916],[117.20762,3.54923],[117.20773,3.54938],[117.20778,3.54945],[117.20783,3.54953],[117.20788,3.5496],[117.20793,3.54967],[117.20804,3.54982],[117.20804,3.54982],[117.20809,3.5499],[117.20814,3.54997],[117.20822,3.55008],[117.20826,3.55016],[117.20831,3.55023],[117.20841,3.55038],[117.20846,3.55046],[117.20851,3.55054],[117.20861,3.55069],[117.20866,3.55076],[117.20871,3.55084],[117.2088,3.55099],[117.20885,3.55107],[117.20895,3.55122],[117.20902,3.55134],[117.20912,3.5515],[117.20916,3.55157],[117.20921,3.55165],[117.20924,3.55169],[117.20931,3.5518],[117.2094,3.55196],[117.20945,3.55204],[117.20954,3.55219],[117.20962,3.55233],[117.20972,3.55248],[117.20976,3.55256],[117.20981,3.55263],[117.20988,3.55276],[117.20997,3.55291],[117.21002,3.55299],[117.21007,3.55307],[117.21016,3.55322],[117.2102,3.5533],[117.21025,3.55338],[117.21034,3.55354],[117.21038,3.55362],[117.21043,3.55369],[117.21052,3.55385],[117.21061,3.554],[117.21065,3.55408],[117.21074,3.55424],[117.21079,3.55432],[117.21083,3.55439],[117.21092,3.55455],[117.21097,3.55463],[117.21101,3.55471],[117.21106,3.55479],[117.21115,3.55495],[117.21119,3.55503],[117.21128,3.55518],[117.21133,3.55526],[117.21137,3.55534],[117.21146,3.5555],[117.2115,3.55558],[117.21155,3.55566],[117.21162,3.55581],[117.21167,3.55589],[117.21175,3.55605],[117.21183,3.55621],[117.21187,3.55629],[117.21192,3.55637],[117.212,3.55653],[117.21205,3.55663],[117.21215,3.55678],[117.21219,3.55686],[117.21229,3.55702],[117.21233,3.55709],[117.21243,3.55725],[117.21248,3.55733],[117.21257,3.55748],[117.21262,3.55758],[117.21266,3.55766],[117.21271,3.55774],[117.21275,3.55782],[117.21283,3.55798],[117.21287,3.55806],[117.21292,3.55813],[117.21296,3.55821],[117.213,3.55829],[117.21306,3.55842],[117.21313,3.55858],[117.21317,3.55867],[117.21324,3.55883],[117.21328,3.55891],[117.21336,3.55908],[117.21339,3.55916],[117.21343,3.55924],[117.2135,3.55941],[117.21354,3.55949],[117.21361,3.55966],[117.21365,3.55974],[117.21369,3.55982],[117.21376,3.55999],[117.21382,3.56012],[117.21385,3.56021],[117.21392,3.56037],[117.21399,3.56054],[117.21403,3.56062],[117.21406,3.56071],[117.21413,3.56087],[117.21414,3.56088],[117.21417,3.56096],[117.21423,3.56111],[117.21424,3.56112],[117.21431,3.56129],[117.21434,3.56137],[117.21441,3.56154],[117.21447,3.56166],[117.21452,3.56174],[117.21456,3.56182],[117.2146,3.56189],[117.2146,3.5619],[117.21463,3.56197],[117.21465,3.56201],[117.21472,3.56218],[117.21478,3.56235],[117.21481,3.56244],[117.21488,3.5626],[117.21491,3.5627],[117.21494,3.56278],[117.215,3.56296],[117.21505,3.56307],[117.21511,3.56325],[117.21514,3.56333],[117.21519,3.5635],[117.21524,3.56361],[117.21527,3.56369],[117.21531,3.56378],[117.21534,3.56386],[117.21538,3.56394],[117.21541,3.56403],[117.21545,3.56411],[117.21548,3.56419],[117.21552,3.56428],[117.21555,3.56437],[117.21558,3.56446],[117.21561,3.56454],[117.21564,3.56463],[117.21566,3.56472],[117.21569,3.5648],[117.21575,3.56497],[117.21578,3.56506],[117.21581,3.56514],[117.21584,3.56523],[117.21591,3.5654],[117.21595,3.56548],[117.21598,3.56557],[117.21601,3.56565],[117.21608,3.56582],[117.21615,3.56599],[117.21619,3.56608],[117.21623,3.56616],[117.21628,3.56628],[117.21635,3.56645],[117.21638,3.56653],[117.21645,3.5667],[117.21649,3.56678],[117.21654,3.5669],[117.2166,3.56707],[117.21666,3.56724],[117.21737,3.56866],[117.2178,3.56972],[117.21803,3.57006],[117.21828,3.57044],[117.21871,3.57103],[117.21909,3.57149],[117.21955,3.57203],[117.22041,3.57282],[117.221,3.57344],[117.22179,3.57414],[117.22213,3.57442],[117.22235,3.5746],[117.22304,3.57526],[117.2236,3.57576],[117.22428,3.57637],[117.22436,3.57642],[117.22478,3.5767],[117.22512,3.57699],[117.22547,3.57727],[117.22662,3.57806],[117.22716,3.57853],[117.22772,3.5791],[117.22831,3.5796],[117.22885,3.5801],[117.22915,3.58038],[117.22957,3.5807],[117.22971,3.58082],[117.22987,3.58096],[117.231,3.58198],[117.23182,3.58269],[117.23218,3.58307],[117.23267,3.58357],[117.2335,3.58435],[117.23414,3.58494],[117.23487,3.58558],[117.23537,3.58597],[117.23598,3.58635],[117.2366,3.58675],[117.23672,3.58681],[117.23702,3.58696],[117.23708,3.58698],[117.23725,3.58703],[117.23746,3.5871],[117.23804,3.58721],[117.23856,3.58713],[117.23921,3.58709],[117.23989,3.58703],[117.24173,3.58706],[117.24202,3.5871],[117.24209,3.58712],[117.24245,3.58722],[117.243,3.58738],[117.24352,3.58748],[117.24422,3.58769],[117.24485,3.58777],[117.24549,3.58784],[117.24616,3.58797],[117.24661,3.58805],[117.24715,3.58814],[117.24733,3.58814],[117.24743,3.58814],[117.24761,3.58815],[117.24779,3.58816],[117.24789,3.58815],[117.24807,3.58815],[117.24823,3.58813],[117.24841,3.58811],[117.2485,3.5881],[117.24868,3.58807],[117.24877,3.58806],[117.24886,3.58805],[117.24904,3.58803],[117.24922,3.58801],[117.24931,3.588],[117.2494,3.58799],[117.24949,3.58798],[117.24967,3.58796],[117.24985,3.58794],[117.25,3.58792],[117.25003,3.58792],[117.25035,3.58789],[117.25048,3.58787],[117.25073,3.58787],[117.25243,3.58771],[117.25493,3.58791],[117.25638,3.58783],[117.25893,3.58755],[117.26105,3.58729],[117.26351,3.58738],[117.26514,3.58727],[117.26566,3.58723],[117.2693,3.58724],[117.27267,3.58736],[117.27504,3.58761],[117.27666,3.58778],[117.27772,3.58777],[117.27845,3.5878],[117.27925,3.587],[117.27942,3.58454],[117.27964,3.57882],[117.27964,3.5778],[117.28016,3.57698],[117.28041,3.57651],[117.28079,3.57602],[117.28135,3.5753],[117.28155,3.57484],[117.28204,3.57377],[117.28241,3.57297],[117.28294,3.57244],[117.28326,3.57206],[117.28348,3.57185],[117.28439,3.57068],[117.28509,3.56987],[117.28579,3.56914],[117.28655,3.56837],[117.28743,3.56763],[117.28882,3.56655],[117.29019,3.56551],[117.29118,3.56484],[117.29243,3.56406],[117.29248,3.56403],[117.29332,3.56349],[117.29453,3.56283],[117.29577,3.56218],[117.29693,3.56177],[117.29834,3.56151],[117.29912,3.5613],[117.29953,3.56119],[117.29965,3.56108],[117.29967,3.56106],[117.30022,3.56082],[117.30023,3.56091],[117.30036,3.56096],[117.30128,3.56067],[117.30179,3.56052],[117.30236,3.56035],[117.30403,3.56],[117.30554,3.55976],[117.30585,3.5597],[117.30733,3.55968],[117.30815,3.55966],[117.30915,3.5597],[117.30977,3.55973],[117.31105,3.55986],[117.31148,3.55995],[117.3122,3.56009],[117.3128,3.56019],[117.3128,3.56019],[117.31342,3.56032],[117.31357,3.56036],[117.31369,3.56039],[117.31399,3.56046],[117.31451,3.5606],[117.31477,3.56069],[117.31504,3.56079],[117.31514,3.5608],[117.31561,3.56084],[117.31666,3.56111],[117.31843,3.5617],[117.31877,3.56181],[117.32026,3.56231],[117.32254,3.56272],[117.32286,3.56278],[117.32321,3.56283],[117.32427,3.563],[117.32515,3.56329],[117.32515,3.56329],[117.32537,3.56337],[117.32653,3.56361],[117.32662,3.56363],[117.32847,3.56405],[117.33021,3.56436],[117.33189,3.5647],[117.33311,3.56492],[117.33385,3.56506],[117.33392,3.56507],[117.33608,3.56537],[117.33621,3.56539],[117.33814,3.56547],[117.33875,3.56548],[117.33887,3.56549],[117.33991,3.56551],[117.34054,3.56553],[117.3406,3.56553],[117.34113,3.56551],[117.34122,3.56552],[117.342,3.56549],[117.34334,3.56545],[117.34534,3.56546],[117.34729,3.56531],[117.34935,3.56527],[117.35157,3.56534],[117.35429,3.56537],[117.35639,3.5654],[117.35662,3.5654],[117.35784,3.56542],[117.35842,3.56538],[117.35882,3.56535],[117.35992,3.56526],[117.36085,3.56515],[117.36201,3.56498],[117.36292,3.56477],[117.36397,3.56457],[117.36489,3.56438],[117.36502,3.56435],[117.36556,3.56421],[117.36644,3.56391],[117.36744,3.56367],[117.36758,3.56363],[117.36825,3.5635],[117.36978,3.56299],[117.3711,3.56256],[117.37325,3.56142],[117.37486,3.56048],[117.37613,3.55967],[117.37825,3.55838],[117.38013,3.55735],[117.38272,3.55616],[117.38651,3.55459],[117.39097,3.55312],[117.3941,3.55193],[117.39611,3.5508],[117.3983,3.54946],[117.40038,3.54815],[117.40131,3.54688],[117.40197,3.54542],[117.40251,3.54452],[117.40283,3.54362],[117.40302,3.54319],[117.40314,3.54261],[117.40332,3.54243],[117.4051,3.54054],[117.40573,3.53948],[117.40714,3.53793],[117.4072,3.53791],[117.40792,3.53768],[117.41018,3.53683],[117.41261,3.53592],[117.41462,3.53519],[117.4152,3.53498],[117.41686,3.5346],[117.41806,3.5344],[117.41981,3.53416],[117.42189,3.53398],[117.42389,3.53371],[117.42541,3.53346],[117.42627,3.53329],[117.42705,3.53311],[117.42708,3.53311],[117.42771,3.53294],[117.42857,3.53268],[117.42989,3.53201],[117.43093,3.53157],[117.43144,3.53135],[117.43149,3.53133],[117.43366,3.5303],[117.43467,3.52979],[117.43532,3.52955],[117.43585,3.52935],[117.4363,3.52921],[117.43676,3.52912],[117.43715,3.5291],[117.43737,3.52906],[117.43746,3.52905],[117.43766,3.52892],[117.43768,3.52884],[117.43757,3.52872],[117.43751,3.52846],[117.43748,3.52824],[117.43738,3.52803],[117.43716,3.52791],[117.43701,3.52776],[117.43694,3.52763],[117.43689,3.52754],[117.43684,3.52745],[117.43656,3.52706],[117.43607,3.52626],[117.43583,3.52573],[117.43569,3.52551],[117.43556,3.5252]]]]},"properties":{"kdprov":"65","kdkab":"03","kdkec":"040","kddesa":"005","kdsls":"1001","idsls":"65030400051001","nmprov":"KALIMANTAN UTARA","nmkab":"TANA TIDUNG","nmkec":"SESAYAP HILIR","nmdesa":"BEBATU","nmsls":"TAMBAK PULAU MANGKUDULIS"}},{"type":"Feature","geometry":{"type":"MultiPolygon","coordinates":[[[[117.50133,3.66848],[117.50166,3.66847],[117.50172,3.66846],[117.50206,3.66843],[117.50208,3.66842],[117.50246,3.66832],[117.50275,3.66821],[117.50301,3.66805],[117.50327,3.66784],[117.5037,3.66733],[117.50378,3.6672],[117.5039,3.66702],[117.50394,3.66697],[117.50394,3.66696],[117.50408,3.66676],[117.50431,3.66663],[117.50468,3.66646],[117.50521,3.66597],[117.50596,3.66531],[117.50628,3.66504],[117.50658,3.66477],[117.50682,3.66456],[117.50791,3.66345],[117.50972,3.66161],[117.51049,3.66088],[117.51247,3.65901],[117.51425,3.65712],[117.51546,3.65568],[117.51584,3.65511],[117.51662,3.65397],[117.51734,3.6529],[117.51818,3.65119],[117.51882,3.64922],[117.5191,3.64835],[117.51943,3.6476],[117.51957,3.64717],[117.51977,3.64639],[117.51985,3.64615],[117.51991,3.64575],[117.51986,3.64506],[117.51984,3.64483],[117.51983,3.64469],[117.5199,3.64451],[117.51992,3.64432],[117.51994,3.64418],[117.52004,3.64404],[117.52006,3.64384],[117.52015,3.64339],[117.52032,3.64304],[117.52045,3.64265],[117.5206,3.64239],[117.52069,3.64223],[117.52063,3.64207],[117.52061,3.64192],[117.52069,3.6418],[117.52082,3.64176],[117.52088,3.64135],[117.52083,3.64089],[117.52078,3.64071],[117.52091,3.64043],[117.52095,3.64035],[117.52046,3.64035],[117.51978,3.64035],[117.51866,3.64059],[117.51822,3.64076],[117.5173,3.6411],[117.51669,3.6411],[117.51409,3.64023],[117.51382,3.64014],[117.51319,3.63973],[117.51244,3.63935],[117.51132,3.63823],[117.5097,3.6361],[117.50784,3.63572],[117.50684,3.63623],[117.50671,3.6363],[117.50572,3.63686],[117.50497,3.63748],[117.50386,3.63843],[117.50336,3.63886],[117.5,3.63915],[117.49882,3.63943],[117.49788,3.63964],[117.49783,3.63966],[117.49761,3.63975],[117.49738,3.63994],[117.49725,3.64009],[117.49705,3.64035],[117.49677,3.64073],[117.49659,3.64101],[117.49629,3.64147],[117.49578,3.64254],[117.49492,3.64411],[117.49414,3.64553],[117.4935,3.64664],[117.49277,3.64781],[117.49211,3.64875],[117.49141,3.64974],[117.4912,3.65005],[117.49063,3.65084],[117.49042,3.65125],[117.48968,3.65257],[117.48938,3.65324],[117.48909,3.65402],[117.4889,3.6548],[117.48873,3.6555],[117.48858,3.65734],[117.4886,3.65815],[117.48868,3.6591],[117.4888,3.66017],[117.48887,3.66071],[117.48891,3.66107],[117.48892,3.66147],[117.48897,3.66213],[117.48899,3.66287],[117.48902,3.66321],[117.48905,3.66362],[117.48909,3.66434],[117.48918,3.66502],[117.48936,3.66561],[117.48938,3.66569],[117.48967,3.66629],[117.48968,3.6663],[117.4902,3.66696],[117.49068,3.6675],[117.49094,3.66781],[117.49124,3.66813],[117.49153,3.66851],[117.49175,3.66864],[117.49196,3.66859],[117.49241,3.66825],[117.4928,3.66793],[117.49295,3.66781],[117.49342,3.66759],[117.49392,3.66747],[117.49442,3.66749],[117.49517,3.66751],[117.49621,3.66753],[117.49728,3.66761],[117.49754,3.66764],[117.49809,3.66772],[117.499,3.66792],[117.49937,3.66805],[117.49969,3.66816],[117.5,3.66819],[117.50047,3.66836],[117.50063,3.6684],[117.50088,3.66846],[117.50133,3.66848]]],[[[117.26815,3.65918],[117.26813,3.67033],[117.2681,3.6827],[117.26808,3.68866],[117.30887,3.67456],[117.31049,3.67428],[117.3134,3.67379],[117.31413,3.67367],[117.3153,3.67347],[117.31777,3.67305],[117.33748,3.6697],[117.34025,3.66941],[117.34441,3.66901],[117.34748,3.66763],[117.35026,3.66595],[117.35299,3.66385],[117.35513,3.6629],[117.35783,3.66434],[117.35973,3.66727],[117.36235,3.66893],[117.36536,3.66933],[117.37043,3.67454],[117.37336,3.67684],[117.3774,3.67826],[117.38083,3.67699],[117.38397,3.67684],[117.38706,3.67834],[117.38819,3.68153],[117.38857,3.68261],[117.38897,3.68704],[117.38964,3.68833],[117.39174,3.69233],[117.39495,3.69595],[117.3961,3.69723],[117.39941,3.69692],[117.40275,3.69668],[117.40487,3.69617],[117.40766,3.6955],[117.40814,3.69538],[117.41194,3.69447],[117.41353,3.69456],[117.41426,3.69461],[117.42097,3.69502],[117.42684,3.69304],[117.43048,3.6902],[117.43083,3.68789],[117.43119,3.68543],[117.42882,3.68298],[117.4262,3.67826],[117.42666,3.67462],[117.42958,3.6731],[117.43503,3.67247],[117.44301,3.67196],[117.44821,3.67399],[117.45189,3.67639],[117.45506,3.67753],[117.45822,3.67601],[117.46089,3.67298],[117.46482,3.67045],[117.46722,3.66969],[117.47001,3.67032],[117.47394,3.67475],[117.47838,3.67664],[117.48238,3.67636],[117.48675,3.67538],[117.49149,3.67373],[117.48956,3.67015],[117.48971,3.67002],[117.48986,3.66989],[117.48986,3.66988],[117.49016,3.66952],[117.49028,3.66929],[117.49038,3.66895],[117.49034,3.66859],[117.49022,3.66841],[117.49011,3.66825],[117.49005,3.66818],[117.48998,3.66812],[117.48969,3.66781],[117.48934,3.66739],[117.48895,3.66678],[117.48866,3.66616],[117.48848,3.66551],[117.48846,3.66532],[117.48843,3.6651],[117.48842,3.66499],[117.48839,3.66467],[117.48837,3.6644],[117.48835,3.66422],[117.48833,3.66406],[117.48829,3.6636],[117.48818,3.66311],[117.48825,3.66224],[117.48822,3.66146],[117.48813,3.66072],[117.48797,3.65926],[117.48783,3.65769],[117.48782,3.65668],[117.4879,3.65582],[117.48802,3.65523],[117.48806,3.65499],[117.48831,3.65406],[117.48842,3.65361],[117.48884,3.65251],[117.48944,3.65137],[117.49009,3.65029],[117.49035,3.6499],[117.49045,3.64976],[117.4907,3.6494],[117.49088,3.64917],[117.49098,3.64905],[117.49146,3.64844],[117.49218,3.64742],[117.49231,3.64724],[117.49256,3.6468],[117.49292,3.64615],[117.49382,3.64461],[117.49423,3.64386],[117.4945,3.64339],[117.49486,3.64272],[117.49521,3.64204],[117.49527,3.64191],[117.49551,3.64145],[117.49561,3.6411],[117.49566,3.64091],[117.49588,3.64013],[117.49588,3.64013],[117.4959,3.63986],[117.49591,3.63966],[117.49583,3.63959],[117.49555,3.63943],[117.4948,3.63915],[117.49433,3.6389],[117.49404,3.63875],[117.49398,3.6387],[117.49339,3.63829],[117.49332,3.63824],[117.49211,3.63739],[117.49035,3.63639],[117.48917,3.6359],[117.48911,3.63589],[117.48817,3.63568],[117.48686,3.63542],[117.48651,3.63542],[117.48594,3.6355],[117.48544,3.63569],[117.48524,3.63578],[117.48501,3.63589],[117.48462,3.63622],[117.48432,3.63658],[117.48391,3.63717],[117.48355,3.63785],[117.48325,3.63851],[117.48297,3.63939],[117.48273,3.64011],[117.48247,3.64078],[117.48194,3.64204],[117.48154,3.64282],[117.481,3.6439],[117.48056,3.64465],[117.47993,3.64559],[117.47948,3.64609],[117.47873,3.64679],[117.47815,3.64718],[117.47762,3.64756],[117.47753,3.6476],[117.47749,3.64761],[117.47667,3.64783],[117.47611,3.64791],[117.47548,3.64796],[117.47546,3.64796],[117.47524,3.64797],[117.47473,3.64784],[117.47422,3.64766],[117.47361,3.64726],[117.47274,3.64662],[117.4722,3.64609],[117.47177,3.64561],[117.47139,3.64511],[117.47087,3.64427],[117.4703,3.64329],[117.46959,3.64177],[117.46887,3.64048],[117.46867,3.64016],[117.46824,3.63956],[117.4675,3.63883],[117.46742,3.63876],[117.4674,3.63874],[117.46706,3.63847],[117.46665,3.6382],[117.4662,3.63807],[117.46554,3.63805],[117.46545,3.63805],[117.46469,3.63812],[117.46405,3.63821],[117.46387,3.63823],[117.46361,3.63827],[117.46275,3.63828],[117.46224,3.63825],[117.46187,3.63823],[117.46184,3.63823],[117.46129,3.6383],[117.46129,3.6383],[117.46102,3.63827],[117.46096,3.63823],[117.46087,3.63819],[117.46082,3.63816],[117.46081,3.63815],[117.46079,3.63814],[117.46072,3.6381],[117.46013,3.63774],[117.46009,3.6377],[117.45936,3.6371],[117.45911,3.63688],[117.45897,3.63676],[117.45858,3.63618],[117.45842,3.63595],[117.45768,3.63498],[117.45706,3.63451],[117.45639,3.63444],[117.45557,3.63463],[117.45472,3.63507],[117.45308,3.63609],[117.4518,3.6368],[117.45052,3.63729],[117.44886,3.63778],[117.44707,3.63809],[117.44539,3.63867],[117.44396,3.63935],[117.44162,3.64008],[117.44008,3.64062],[117.43876,3.64117],[117.4372,3.64174],[117.436,3.64198],[117.43561,3.64196],[117.43499,3.6418],[117.43434,3.64158],[117.4339,3.64117],[117.43373,3.64102],[117.43364,3.64089],[117.43338,3.64051],[117.43333,3.64044],[117.43279,3.63957],[117.43266,3.63927],[117.43251,3.63891],[117.43241,3.63848],[117.43241,3.63792],[117.43239,3.6372],[117.4324,3.63604],[117.43245,3.63488],[117.43249,3.63415],[117.43249,3.63362],[117.43242,3.63311],[117.43239,3.63278],[117.43233,3.63235],[117.43216,3.63174],[117.43196,3.63122],[117.4317,3.63084],[117.43129,3.63023],[117.4312,3.63012],[117.43112,3.63003],[117.43059,3.62939],[117.43028,3.62898],[117.43027,3.62896],[117.43002,3.62851],[117.42965,3.62778],[117.42944,3.62627],[117.42924,3.62549],[117.42909,3.62522],[117.42895,3.62499],[117.42841,3.62474],[117.42797,3.62486],[117.42746,3.62505],[117.4266,3.62539],[117.42466,3.62642],[117.42386,3.62678],[117.42269,3.6273],[117.42079,3.62816],[117.4191,3.62888],[117.41872,3.62904],[117.41661,3.63002],[117.41479,3.63082],[117.41324,3.63155],[117.41297,3.63167],[117.41186,3.63218],[117.41019,3.63296],[117.40885,3.63366],[117.4071,3.63451],[117.40539,3.63535],[117.4033,3.63629],[117.40141,3.63711],[117.39961,3.63783],[117.39946,3.63789],[117.39901,3.63805],[117.39819,3.63833],[117.39771,3.6385],[117.39593,3.63913],[117.39491,3.63943],[117.39481,3.63946],[117.39358,3.63971],[117.39235,3.63993],[117.39172,3.64003],[117.3909,3.64016],[117.38974,3.64031],[117.38863,3.64046],[117.38733,3.64055],[117.38597,3.64065],[117.38429,3.64061],[117.38217,3.64048],[117.38054,3.64039],[117.37905,3.64025],[117.37725,3.63985],[117.3747,3.63936],[117.37282,3.63882],[117.3704,3.63804],[117.36814,3.63711],[117.36585,3.63632],[117.36582,3.63631],[117.36388,3.63558],[117.36214,3.63493],[117.36002,3.63423],[117.35907,3.63388],[117.35857,3.6337],[117.35851,3.63368],[117.35677,3.6331],[117.355,3.63258],[117.35334,3.63218],[117.35295,3.63209],[117.35192,3.63187],[117.35115,3.63171],[117.35028,3.63153],[117.34987,3.63143],[117.34878,3.63117],[117.3474,3.63087],[117.3457,3.63043],[117.34374,3.63001],[117.34313,3.62988],[117.34088,3.6294],[117.33821,3.6286],[117.33601,3.62803],[117.33303,3.62723],[117.33033,3.62643],[117.32794,3.62564],[117.32733,3.62543],[117.3257,3.62489],[117.32514,3.62474],[117.32334,3.62422],[117.32243,3.62405],[117.32107,3.62379],[117.31885,3.62344],[117.31681,3.62324],[117.31446,3.62299],[117.31225,3.62284],[117.30952,3.62258],[117.30724,3.62237],[117.30453,3.62203],[117.30365,3.62191],[117.30282,3.62179],[117.30236,3.62173],[117.30178,3.62165],[117.30173,3.62164],[117.30104,3.62159],[117.30005,3.62151],[117.29973,3.62142],[117.29878,3.62115],[117.29632,3.62072],[117.29368,3.62019],[117.29146,3.61978],[117.28872,3.61939],[117.28729,3.61929],[117.28638,3.61925],[117.28595,3.61924],[117.28558,3.61922],[117.28485,3.61919],[117.28468,3.61919],[117.28331,3.61904],[117.28197,3.6189],[117.28062,3.61878],[117.27939,3.61861],[117.27885,3.61859],[117.27724,3.6184],[117.27574,3.61828],[117.27434,3.61812],[117.27263,3.6179],[117.27142,3.61775],[117.27045,3.61762],[117.26866,3.6175],[117.26796,3.61745],[117.26796,3.61791],[117.26791,3.61797],[117.26789,3.61799],[117.26825,3.618],[117.2682,3.64169],[117.26819,3.64491],[117.26819,3.64598],[117.26817,3.65164],[117.26815,3.65918]]],[[[117.47151,3.64195],[117.47186,3.64261],[117.47209,3.64308],[117.47236,3.64344],[117.47305,3.64452],[117.47327,3.64492],[117.47341,3.64512],[117.47356,3.64546],[117.4737,3.64565],[117.47386,3.64586],[117.47413,3.6461],[117.47462,3.64648],[117.47502,3.64668],[117.47516,3.64676],[117.47565,3.64695],[117.47605,3.64697],[117.47634,3.64692],[117.47672,3.64677],[117.47675,3.64674],[117.47687,3.64661],[117.47702,3.64656],[117.47734,3.64629],[117.47772,3.64578],[117.47793,3.64547],[117.4784,3.64472],[117.47876,3.6441],[117.47937,3.64303],[117.47999,3.64172],[117.48054,3.64052],[117.481,3.63955],[117.48162,3.63829],[117.48216,3.63739],[117.4828,3.63644],[117.48344,3.63582],[117.48363,3.63568],[117.48402,3.63537],[117.4842,3.63523],[117.48433,3.63512],[117.48501,3.63475],[117.48507,3.63472],[117.48514,3.63468],[117.48593,3.63432],[117.48644,3.63417],[117.48736,3.63409],[117.48809,3.63408],[117.48862,3.6341],[117.4892,3.63417],[117.48962,3.63421],[117.49007,3.63426],[117.49047,3.63433],[117.49079,3.63443],[117.49126,3.63461],[117.49166,3.63481],[117.49212,3.63514],[117.49277,3.63565],[117.49309,3.63594],[117.49345,3.63626],[117.49415,3.63678],[117.4942,3.63682],[117.49453,3.63701],[117.4946,3.63706],[117.49471,3.63713],[117.49491,3.63724],[117.49544,3.63735],[117.49573,3.63741],[117.49573,3.63741],[117.49598,3.63738],[117.49647,3.63731],[117.49722,3.63734],[117.49742,3.63735],[117.49743,3.63735],[117.49749,3.63735],[117.49776,3.63732],[117.49789,3.63731],[117.49808,3.63723],[117.49834,3.63714],[117.49897,3.63676],[117.49914,3.63665],[117.5,3.63603],[117.5,3.6364],[117.5,3.63652],[117.50037,3.63634],[117.50087,3.63611],[117.50361,3.63486],[117.50468,3.63444],[117.50523,3.63423],[117.50771,3.63448],[117.51032,3.6346],[117.51207,3.63535],[117.51331,3.63647],[117.5153,3.63773],[117.51704,3.63872],[117.52113,3.63684],[117.52107,3.63641],[117.5209,3.63565],[117.52059,3.63432],[117.52048,3.63384],[117.5196,3.63274],[117.51946,3.63244],[117.51941,3.63196],[117.51938,3.63117],[117.51894,3.63042],[117.5181,3.62924],[117.5174,3.62785],[117.51591,3.62479],[117.51465,3.62202],[117.51264,3.61874],[117.51252,3.61857],[117.5117,3.61769],[117.51103,3.61683],[117.51055,3.61621],[117.50999,3.61544],[117.50942,3.61456],[117.50873,3.61349],[117.50808,3.61261],[117.50718,3.61133],[117.50606,3.60977],[117.50565,3.6092],[117.50527,3.60862],[117.50488,3.60802],[117.50431,3.60716],[117.50392,3.60653],[117.50366,3.60612],[117.50337,3.60564],[117.50318,3.60541],[117.5031,3.60532],[117.5019,3.60388],[117.50163,3.60356],[117.5,3.60161],[117.4989,3.60064],[117.49858,3.60039],[117.49776,3.59974],[117.49707,3.59925],[117.49662,3.59893],[117.49564,3.59836],[117.49474,3.59806],[117.49334,3.59773],[117.49306,3.59768],[117.49243,3.59769],[117.49196,3.59774],[117.49152,3.59787],[117.49147,3.59788],[117.49061,3.59814],[117.48983,3.59849],[117.48863,3.59901],[117.4879,3.59932],[117.48713,3.59969],[117.48572,3.60034],[117.48462,3.60083],[117.4836,3.60137],[117.48321,3.60158],[117.48157,3.60233],[117.48033,3.603],[117.48008,3.60313],[117.47997,3.60319],[117.47867,3.60387],[117.47747,3.60446],[117.47605,3.60521],[117.47455,3.6059],[117.47415,3.6061],[117.47326,3.60654],[117.47271,3.6068],[117.47174,3.60725],[117.47023,3.60796],[117.469,3.60848],[117.46838,3.60875],[117.46775,3.60903],[117.46756,3.60911],[117.46723,3.60925],[117.46598,3.60973],[117.46584,3.60979],[117.46502,3.61005],[117.46414,3.61034],[117.46362,3.61054],[117.46354,3.61057],[117.46331,3.61066],[117.46321,3.6107],[117.46263,3.61094],[117.46248,3.61099],[117.46161,3.61127],[117.4604,3.61166],[117.45954,3.61205],[117.45852,3.61231],[117.45822,3.61241],[117.45819,3.61242],[117.4573,3.6127],[117.4562,3.6131],[117.4551,3.61341],[117.45396,3.61372],[117.45284,3.61396],[117.45214,3.61417],[117.45208,3.61418],[117.45117,3.61443],[117.45004,3.61469],[117.44865,3.61504],[117.44723,3.61541],[117.44582,3.61576],[117.44418,3.61618],[117.44383,3.61629],[117.4429,3.6166],[117.44151,3.61721],[117.44018,3.61789],[117.43887,3.6185],[117.43749,3.61928],[117.43605,3.62005],[117.43474,3.62088],[117.43369,3.62147],[117.43365,3.62149],[117.43258,3.62217],[117.43163,3.62273],[117.43129,3.62293],[117.43043,3.6235],[117.43023,3.62373],[117.43009,3.62414],[117.43005,3.62462],[117.43019,3.62533],[117.43031,3.62636],[117.43043,3.62713],[117.43059,3.62777],[117.43069,3.62799],[117.43103,3.6285],[117.43154,3.62917],[117.43214,3.62975],[117.43253,3.63031],[117.43255,3.63037],[117.43278,3.63092],[117.43287,3.63124],[117.43312,3.63209],[117.43333,3.63334],[117.43333,3.63347],[117.43341,3.63461],[117.43339,3.63477],[117.43335,3.63505],[117.43327,3.63582],[117.43328,3.63689],[117.4333,3.63754],[117.43342,3.6381],[117.43347,3.63851],[117.43362,3.63901],[117.43372,3.63933],[117.43398,3.63983],[117.43408,3.64002],[117.43444,3.64051],[117.43489,3.64078],[117.43524,3.64091],[117.4358,3.64094],[117.43655,3.64084],[117.43729,3.64061],[117.438,3.64036],[117.43862,3.64006],[117.43936,3.6397],[117.44014,3.63931],[117.44104,3.63895],[117.44164,3.63872],[117.44239,3.6385],[117.44287,3.6383],[117.44371,3.638],[117.44435,3.63773],[117.44495,3.63749],[117.44564,3.63728],[117.44572,3.63726],[117.44647,3.63706],[117.4467,3.63698],[117.44741,3.63675],[117.44798,3.63662],[117.44868,3.63652],[117.44876,3.63651],[117.44923,3.63636],[117.44974,3.63621],[117.4505,3.63588],[117.45129,3.63548],[117.45158,3.63532],[117.45189,3.63516],[117.45204,3.63508],[117.45223,3.63499],[117.45256,3.63482],[117.45315,3.63445],[117.45397,3.634],[117.45465,3.63375],[117.4548,3.63367],[117.45499,3.63359],[117.45569,3.63346],[117.45639,3.63347],[117.457,3.63348],[117.4575,3.63361],[117.45826,3.63395],[117.45854,3.63415],[117.45899,3.63454],[117.45932,3.63486],[117.45944,3.63502],[117.45945,3.63504],[117.45964,3.63539],[117.45969,3.63545],[117.46002,3.63582],[117.46057,3.63632],[117.46084,3.63648],[117.46114,3.63667],[117.46141,3.63681],[117.46168,3.63695],[117.46217,3.63717],[117.46262,3.63725],[117.4629,3.63724],[117.46343,3.63713],[117.46415,3.637],[117.46469,3.63689],[117.46504,3.63686],[117.46544,3.63688],[117.46593,3.63688],[117.46628,3.6369],[117.46688,3.63705],[117.46698,3.63709],[117.46765,3.63734],[117.46797,3.63749],[117.46804,3.63752],[117.46827,3.63762],[117.46827,3.63763],[117.46848,3.63772],[117.46854,3.63776],[117.46898,3.63817],[117.46922,3.63838],[117.46975,3.63897],[117.47008,3.6394],[117.47027,3.63963],[117.47036,3.63979],[117.47041,3.63986],[117.47101,3.64083],[117.47118,3.64116],[117.47122,3.64124],[117.47135,3.64155],[117.47151,3.64195]]]]},"properties":{"kdprov":"65","kdkab":"03","kdkec":"040","kddesa":"006","kdsls":"2002","idsls":"65030400062002","nmprov":"KALIMANTAN UTARA","nmkab":"TANA TIDUNG","nmkec":"SESAYAP HILIR","nmdesa":"SENGKONG","nmsls":"HUTAN"}},{"type":"Feature","geometry":{"type":"MultiPolygon","coordinates":[[[[117.36544,3.61666],[117.36515,3.61644],[117.36462,3.61614],[117.3646,3.61613],[117.36447,3.61605],[117.36441,3.61602],[117.36344,3.61548],[117.36309,3.61532],[117.36251,3.61505],[117.36179,3.61472],[117.36174,3.6147],[117.36173,3.6147],[117.36112,3.61448],[117.36003,3.61411],[117.35754,3.6135],[117.35549,3.61319],[117.35529,3.61316],[117.35311,3.61282],[117.35198,3.61269],[117.3493,3.61236],[117.34835,3.61226],[117.34645,3.6121],[117.34488,3.61197],[117.34284,3.61176],[117.34194,3.61168],[117.34111,3.61161],[117.33907,3.61147],[117.33768,3.61142],[117.33679,3.6114],[117.33613,3.61138],[117.33551,3.6114],[117.33424,3.61143],[117.33192,3.61153],[117.33109,3.61159],[117.33011,3.61167],[117.3282,3.61187],[117.32662,3.61206],[117.32494,3.61231],[117.32289,3.61261],[117.32167,3.61286],[117.32111,3.61297],[117.32018,3.61338],[117.31977,3.6136],[117.31947,3.61398],[117.31937,3.61426],[117.31962,3.61461],[117.31966,3.61467],[117.31986,3.61493],[117.31993,3.61502],[117.32028,3.61567],[117.32048,3.61601],[117.3206,3.61621],[117.32078,3.61635],[117.32192,3.6172],[117.32368,3.6181],[117.32551,3.61859],[117.32763,3.61919],[117.32955,3.61961],[117.33235,3.62025],[117.33439,3.62066],[117.33607,3.62099],[117.33618,3.62102],[117.33808,3.62137],[117.34055,3.62185],[117.34145,3.622],[117.34247,3.62217],[117.34444,3.62235],[117.34632,3.62245],[117.34747,3.62251],[117.34795,3.62251],[117.34877,3.62259],[117.35019,3.62279],[117.35146,3.62293],[117.35191,3.62298],[117.35235,3.62302],[117.35384,3.6232],[117.35463,3.6233],[117.35666,3.62344],[117.35881,3.62359],[117.36088,3.62363],[117.36302,3.62357],[117.36333,3.62353],[117.36491,3.62332],[117.36529,3.62325],[117.36639,3.62303],[117.36666,3.623],[117.36761,3.6229],[117.36765,3.6229],[117.36799,3.62286],[117.36918,3.6227],[117.37002,3.62258],[117.37077,3.62242],[117.37129,3.62218],[117.37169,3.62182],[117.37193,3.6215],[117.37193,3.62126],[117.37193,3.62098],[117.37173,3.62074],[117.37113,3.62034],[117.37075,3.62015],[117.37005,3.61978],[117.36914,3.61939],[117.3683,3.61875],[117.36743,3.61819],[117.36671,3.61763],[117.36619,3.61723],[117.36587,3.61698],[117.36544,3.61666]]],[[[117.39411,3.58231],[117.39482,3.58138],[117.39539,3.58089],[117.39595,3.58027],[117.39638,3.57986],[117.39667,3.57959],[117.39727,3.57899],[117.3979,3.57813],[117.39846,3.57723],[117.39991,3.57531],[117.40038,3.57473],[117.40152,3.57327],[117.40201,3.57263],[117.40207,3.57255],[117.40298,3.57137],[117.40328,3.571],[117.40338,3.57054],[117.40331,3.56948],[117.40331,3.56921],[117.40331,3.56889],[117.40316,3.56885],[117.40315,3.56885],[117.40276,3.56885],[117.40266,3.56887],[117.40175,3.56905],[117.40061,3.56932],[117.40026,3.56952],[117.39987,3.56974],[117.39956,3.56991],[117.39905,3.57007],[117.399,3.57007],[117.39879,3.5701],[117.39843,3.57015],[117.39737,3.57018],[117.39711,3.57018],[117.39706,3.57019],[117.39558,3.57055],[117.39489,3.57072],[117.39459,3.57079],[117.39449,3.57081],[117.39375,3.57107],[117.39327,3.57124],[117.39275,3.57141],[117.39189,3.57171],[117.39126,3.57193],[117.39114,3.57197],[117.39042,3.5722],[117.3902,3.57227],[117.38777,3.57306],[117.38609,3.5736],[117.386,3.57363],[117.38573,3.57374],[117.38303,3.57479],[117.38277,3.57487],[117.37819,3.57637],[117.37582,3.57687],[117.37504,3.57704],[117.37265,3.5778],[117.37132,3.57823],[117.37007,3.57862],[117.36856,3.5792],[117.36811,3.57937],[117.36753,3.5796],[117.36723,3.57978],[117.36723,3.58015],[117.36729,3.58045],[117.36793,3.58089],[117.36807,3.581],[117.36839,3.5811],[117.36843,3.58111],[117.36925,3.58139],[117.36989,3.5816],[117.37078,3.5819],[117.3721,3.58221],[117.37353,3.58256],[117.37511,3.58328],[117.37707,3.58402],[117.37862,3.58445],[117.38012,3.58496],[117.38178,3.5853],[117.38323,3.5856],[117.3842,3.58573],[117.38578,3.58567],[117.38618,3.58565],[117.38721,3.58567],[117.38874,3.5857],[117.39017,3.58567],[117.39021,3.58566],[117.39103,3.58557],[117.39198,3.58531],[117.39244,3.58513],[117.3927,3.58494],[117.39279,3.58487],[117.39304,3.58461],[117.39333,3.58412],[117.39352,3.58353],[117.39375,3.58291],[117.39411,3.58231]]],[[[117.41165,3.58336],[117.41264,3.58286],[117.41273,3.58277],[117.41323,3.58231],[117.41381,3.58176],[117.41403,3.58143],[117.41452,3.58071],[117.41514,3.5794],[117.41551,3.57791],[117.41585,3.57618],[117.41594,3.57568],[117.41625,3.57467],[117.41656,3.57269],[117.41669,3.57163],[117.41677,3.57092],[117.41676,3.57059],[117.41668,3.56847],[117.41666,3.5681],[117.41655,3.56751],[117.41637,3.56661],[117.41625,3.56617],[117.41586,3.56578],[117.41581,3.56575],[117.41542,3.56549],[117.41527,3.56538],[117.41514,3.56534],[117.4144,3.56507],[117.41382,3.56499],[117.41361,3.56498],[117.41316,3.56495],[117.4119,3.56511],[117.4103,3.56558],[117.41003,3.56565],[117.40817,3.56639],[117.4076,3.56661],[117.40724,3.56676],[117.40575,3.56759],[117.40544,3.56786],[117.40524,3.56803],[117.40519,3.56807],[117.40488,3.56842],[117.40468,3.56873],[117.40447,3.56908],[117.40431,3.5695],[117.4042,3.56994],[117.4041,3.57039],[117.40398,3.57073],[117.40385,3.57118],[117.40372,3.57137],[117.40336,3.57191],[117.40284,3.57249],[117.4025,3.57292],[117.40234,3.57311],[117.40202,3.57349],[117.40197,3.57354],[117.40187,3.57366],[117.40133,3.57428],[117.40081,3.57488],[117.40019,3.57563],[117.39934,3.57673],[117.39884,3.57752],[117.39801,3.57864],[117.39756,3.57924],[117.397,3.5798],[117.39646,3.58024],[117.39582,3.58082],[117.3951,3.58157],[117.39452,3.58234],[117.39417,3.58288],[117.39388,3.58365],[117.39376,3.58424],[117.39383,3.58447],[117.39387,3.58458],[117.394,3.58468],[117.39452,3.58482],[117.39582,3.58481],[117.39775,3.58479],[117.3994,3.58481],[117.40091,3.58464],[117.40101,3.58462],[117.40164,3.58455],[117.40194,3.58452],[117.40414,3.58444],[117.4068,3.58415],[117.40886,3.58394],[117.41058,3.58367],[117.41165,3.58336]]],[[[117.30951,3.57685],[117.30998,3.57758],[117.3109,3.57959],[117.31092,3.57964],[117.31128,3.58024],[117.31143,3.58049],[117.31176,3.58077],[117.31176,3.58077],[117.31194,3.58092],[117.31217,3.58099],[117.31224,3.58101],[117.31238,3.58105],[117.3128,3.58118],[117.31286,3.58119],[117.31366,3.58128],[117.31387,3.58131],[117.31555,3.58142],[117.31585,3.58144],[117.31652,3.58148],[117.31938,3.58174],[117.32178,3.58203],[117.32186,3.58204],[117.32193,3.58205],[117.32231,3.5821],[117.32282,3.58217],[117.32623,3.58264],[117.32859,3.58273],[117.33183,3.58285],[117.33331,3.58277],[117.33439,3.58272],[117.33452,3.58268],[117.33465,3.58255],[117.33469,3.58225],[117.33461,3.58199],[117.33435,3.5816],[117.33362,3.581],[117.33301,3.58065],[117.33292,3.5806],[117.33225,3.58022],[117.33074,3.57936],[117.33063,3.57929],[117.33054,3.57924],[117.32953,3.57878],[117.32678,3.57753],[117.32327,3.57577],[117.32078,3.57459],[117.32045,3.57444],[117.31859,3.57334],[117.31849,3.57329],[117.31797,3.57298],[117.3175,3.57268],[117.317,3.57236],[117.31655,3.57207],[117.3154,3.57135],[117.31537,3.57133],[117.31515,3.57121],[117.31481,3.57103],[117.31468,3.57096],[117.31429,3.57088],[117.31396,3.57088],[117.31391,3.57091],[117.31348,3.57126],[117.31316,3.57158],[117.31164,3.57307],[117.30908,3.57534],[117.30895,3.57556],[117.30895,3.5759],[117.30916,3.57633],[117.30951,3.57685]]],[[[117.40461,3.55741],[117.4039,3.55969],[117.40377,3.56071],[117.40386,3.56104],[117.40402,3.5611],[117.40411,3.56113],[117.40428,3.56114],[117.40482,3.56118],[117.4054,3.56116],[117.40622,3.56116],[117.4066,3.5611],[117.40701,3.56104],[117.40758,3.56083],[117.40839,3.56053],[117.40898,3.56026],[117.40991,3.55982],[117.411,3.55901],[117.41133,3.55858],[117.41188,3.55788],[117.41198,3.55753],[117.41201,3.55751],[117.41207,3.55727],[117.41221,3.55678],[117.41259,3.55456],[117.41259,3.55454],[117.41259,3.55453],[117.41247,3.55374],[117.41234,3.55319],[117.41179,3.55243],[117.4107,3.55109],[117.4102,3.55016],[117.41011,3.55009],[117.40994,3.54995],[117.40941,3.54999],[117.4094,3.54999],[117.40898,3.5502],[117.40818,3.55096],[117.40713,3.55189],[117.40646,3.55277],[117.40621,3.55332],[117.40595,3.55391],[117.4057,3.55459],[117.40537,3.55547],[117.40507,3.55623],[117.40461,3.55741]]],[[[117.32314,3.57449],[117.3237,3.57478],[117.32386,3.57486],[117.32524,3.5754],[117.32638,3.5758],[117.32764,3.57629],[117.32765,3.57629],[117.32796,3.57642],[117.3284,3.57657],[117.3293,3.57689],[117.32985,3.57709],[117.33086,3.57738],[117.33122,3.57749],[117.33168,3.57754],[117.33207,3.57759],[117.33258,3.57727],[117.33266,3.57721],[117.33297,3.57654],[117.3328,3.57602],[117.33202,3.57512],[117.33147,3.57458],[117.3312,3.57432],[117.3311,3.57423],[117.33086,3.57404],[117.32954,3.57303],[117.32928,3.57283],[117.32898,3.57269],[117.32763,3.57203],[117.32605,3.57165],[117.32567,3.57162],[117.32418,3.5715],[117.32218,3.57165],[117.32131,3.5717],[117.32097,3.57172],[117.32069,3.57187],[117.3205,3.57198],[117.32045,3.57235],[117.32091,3.57289],[117.32198,3.57385],[117.32285,3.57435],[117.32314,3.57449]]],[[[117.38769,3.6376],[117.38938,3.63751],[117.39155,3.63748],[117.39331,3.63719],[117.397,3.63618],[117.40015,3.63478],[117.40223,3.63365],[117.40244,3.63333],[117.40252,3.63321],[117.40312,3.63228],[117.40318,3.63127],[117.4028,3.63082],[117.40182,3.63076],[117.4,3.6313],[117.39721,3.63183],[117.39459,3.63192],[117.39158,3.63195],[117.38965,3.63231],[117.38863,3.63268],[117.38715,3.63321],[117.38618,3.63349],[117.38591,3.63356],[117.38527,3.63385],[117.38512,3.63385],[117.38458,3.63394],[117.38379,3.63438],[117.38296,3.63539],[117.38261,3.63594],[117.38254,3.63616],[117.38254,3.63633],[117.38265,3.63646],[117.38268,3.63647],[117.38298,3.63657],[117.38301,3.63659],[117.38331,3.63669],[117.3837,3.63684],[117.3841,3.63699],[117.38427,3.63704],[117.38454,3.63711],[117.38482,3.63718],[117.38501,3.63723],[117.38622,3.6374],[117.38769,3.6376]]],[[[117.36757,3.63196],[117.36742,3.63223],[117.3675,3.63248],[117.36797,3.63289],[117.36797,3.63289],[117.36979,3.63392],[117.37136,3.63468],[117.3716,3.63479],[117.37357,3.63549],[117.37591,3.63614],[117.37632,3.63626],[117.37745,3.63645],[117.3779,3.63657],[117.37801,3.63655],[117.37811,3.63656],[117.37912,3.6365],[117.38035,3.63603],[117.38131,3.63528],[117.38182,3.63489],[117.38202,3.6347],[117.38347,3.63331],[117.3836,3.63321],[117.38389,3.63299],[117.38414,3.63275],[117.38481,3.63152],[117.38506,3.63098],[117.38492,3.6307],[117.38439,3.63047],[117.38306,3.63022],[117.38211,3.63003],[117.3799,3.62958],[117.37662,3.62922],[117.37644,3.6292],[117.37564,3.62907],[117.37511,3.62901],[117.37511,3.62901],[117.37427,3.6289],[117.37279,3.62897],[117.37159,3.62927],[117.37001,3.62995],[117.36894,3.63053],[117.36817,3.63113],[117.3678,3.63156],[117.36757,3.63196]]],[[[117.30532,3.58047],[117.30498,3.58019],[117.30475,3.57999],[117.3036,3.579],[117.30344,3.57887],[117.3033,3.57878],[117.30288,3.57849],[117.3025,3.57845],[117.30222,3.57849],[117.30188,3.57881],[117.30174,3.57894],[117.30123,3.57932],[117.30057,3.58021],[117.29996,3.58102],[117.29944,3.58191],[117.29879,3.58318],[117.29818,3.5846],[117.29719,3.58762],[117.29644,3.59007],[117.29613,3.59074],[117.2956,3.59186],[117.29358,3.59441],[117.29347,3.59457],[117.29273,3.59563],[117.29231,3.5961],[117.29194,3.59658],[117.29189,3.59695],[117.29208,3.59746],[117.29208,3.59747],[117.2921,3.5975],[117.29245,3.59785],[117.29344,3.59874],[117.29368,3.59887],[117.29415,3.59912],[117.29504,3.59959],[117.29526,3.59967],[117.29589,3.59987],[117.29706,3.60025],[117.29708,3.60026],[117.29819,3.60049],[117.29884,3.60063],[117.30086,3.60088],[117.30189,3.601],[117.30471,3.60114],[117.30729,3.60117],[117.30921,3.60118],[117.31088,3.60115],[117.31297,3.60099],[117.31511,3.6008],[117.31769,3.60063],[117.31981,3.60057],[117.32119,3.6006],[117.32232,3.60063],[117.32466,3.6006],[117.32685,3.60067],[117.32899,3.60089],[117.33135,3.60116],[117.33323,3.60147],[117.33543,3.60196],[117.33731,3.60237],[117.33766,3.60244],[117.33979,3.60286],[117.34072,3.603],[117.34155,3.60313],[117.34392,3.60346],[117.34507,3.60361],[117.34591,3.60372],[117.34772,3.60401],[117.34817,3.60406],[117.34874,3.60413],[117.35007,3.60429],[117.35143,3.60442],[117.35309,3.60454],[117.35427,3.60465],[117.35587,3.60473],[117.35622,3.60475],[117.35759,3.60487],[117.35935,3.60505],[117.3605,3.60528],[117.36122,3.60528],[117.3626,3.60549],[117.36437,3.60583],[117.36577,3.60614],[117.36903,3.60706],[117.37049,3.60761],[117.37249,3.60835],[117.37261,3.6084],[117.3764,3.60989],[117.37746,3.6103],[117.37996,3.61108],[117.38293,3.61199],[117.38532,3.61267],[117.38584,3.61282],[117.38715,3.61319],[117.38774,3.61331],[117.38826,3.61342],[117.38887,3.61354],[117.38901,3.61357],[117.38954,3.61368],[117.38985,3.61368],[117.39151,3.61368],[117.39228,3.61368],[117.39262,3.61364],[117.39312,3.61357],[117.39467,3.61337],[117.39558,3.61326],[117.39565,3.61324],[117.3993,3.61234],[117.40379,3.61071],[117.40382,3.6107],[117.40906,3.6081],[117.41059,3.60722],[117.41285,3.60591],[117.41531,3.60452],[117.41752,3.60325],[117.41944,3.60236],[117.41979,3.6022],[117.42232,3.60074],[117.42503,3.5992],[117.42632,3.59841],[117.42802,3.59738],[117.42885,3.5969],[117.42997,3.59624],[117.43231,3.59515],[117.4325,3.59506],[117.43477,3.59389],[117.43585,3.59333],[117.43876,3.59177],[117.43995,3.59113],[117.44179,3.59013],[117.44482,3.58863],[117.44699,3.58745],[117.44771,3.58717],[117.4482,3.58688],[117.44885,3.58656],[117.44972,3.58616],[117.45019,3.58595],[117.45098,3.58553],[117.45132,3.58536],[117.45198,3.58501],[117.4522,3.5849],[117.45251,3.58473],[117.45314,3.58438],[117.45404,3.58388],[117.45505,3.58325],[117.45556,3.58294],[117.45649,3.58224],[117.45743,3.58137],[117.45816,3.58056],[117.4586,3.57992],[117.45898,3.57895],[117.45921,3.57833],[117.45928,3.57771],[117.45941,3.57708],[117.45968,3.57632],[117.45993,3.5756],[117.46024,3.57452],[117.4604,3.57379],[117.46032,3.5732],[117.46033,3.57301],[117.46035,3.57267],[117.46035,3.57178],[117.46036,3.57105],[117.46036,3.57092],[117.46041,3.5706],[117.46047,3.57016],[117.46054,3.56969],[117.46059,3.56941],[117.46058,3.56902],[117.46047,3.56886],[117.46038,3.56874],[117.46003,3.5687],[117.45968,3.56851],[117.45925,3.56793],[117.45885,3.56774],[117.45841,3.56754],[117.45783,3.56728],[117.45706,3.56695],[117.45596,3.56645],[117.455,3.56603],[117.45445,3.56579],[117.45379,3.56553],[117.45294,3.56519],[117.45192,3.56486],[117.45107,3.56465],[117.45008,3.56443],[117.44928,3.56425],[117.44892,3.56415],[117.44865,3.56407],[117.44745,3.5637],[117.44318,3.56276],[117.44198,3.56259],[117.43924,3.5622],[117.43809,3.56216],[117.43727,3.56213],[117.43642,3.56211],[117.43606,3.56215],[117.43562,3.5622],[117.43431,3.56291],[117.43391,3.56323],[117.43302,3.56395],[117.43285,3.56409],[117.43149,3.56527],[117.43069,3.56649],[117.42994,3.56781],[117.42946,3.56887],[117.42919,3.56946],[117.42914,3.56956],[117.4291,3.56964],[117.42818,3.57152],[117.42814,3.5716],[117.42678,3.5743],[117.42676,3.57433],[117.42537,3.57623],[117.42424,3.57779],[117.42246,3.57953],[117.41978,3.58203],[117.41748,3.5842],[117.41747,3.58421],[117.41528,3.58576],[117.41403,3.58644],[117.41355,3.58671],[117.41318,3.5869],[117.41312,3.58694],[117.40941,3.58831],[117.40612,3.58888],[117.40577,3.58891],[117.40469,3.58903],[117.40278,3.58926],[117.39875,3.58976],[117.39821,3.58978],[117.39666,3.58997],[117.39526,3.59006],[117.39116,3.5903],[117.38696,3.59033],[117.38356,3.59035],[117.37816,3.59012],[117.37519,3.58976],[117.37431,3.58965],[117.37029,3.58908],[117.36675,3.58879],[117.36632,3.58876],[117.36585,3.58872],[117.36456,3.58862],[117.3624,3.58858],[117.36172,3.58857],[117.35967,3.58854],[117.35531,3.58848],[117.35474,3.58845],[117.34859,3.5882],[117.34796,3.58818],[117.34427,3.58806],[117.3438,3.58798],[117.34261,3.5878],[117.34122,3.58759],[117.33892,3.58716],[117.33776,3.58702],[117.33578,3.58679],[117.33326,3.58664],[117.33249,3.58664],[117.3288,3.58664],[117.32833,3.58664],[117.32708,3.58654],[117.32659,3.5865],[117.32638,3.58647],[117.32579,3.58638],[117.32509,3.58627],[117.32368,3.58608],[117.32316,3.58595],[117.32315,3.58595],[117.32208,3.5857],[117.32049,3.58556],[117.31931,3.58541],[117.31853,3.58532],[117.31825,3.58528],[117.31786,3.58523],[117.31786,3.58523],[117.31739,3.58515],[117.31613,3.58495],[117.31391,3.58459],[117.31349,3.58453],[117.31203,3.58424],[117.31081,3.58368],[117.31055,3.58355],[117.30909,3.58284],[117.30904,3.58281],[117.30898,3.58278],[117.30863,3.58256],[117.3078,3.58206],[117.3078,3.58206],[117.30753,3.58189],[117.3069,3.58149],[117.30532,3.58047]]]]},"properties":{"kdprov":"65","kdkab":"03","kdkec":"040","kddesa":"006","kdsls":"1001","idsls":"65030400061001","nmprov":"KALIMANTAN UTARA","nmkab":"TANA TIDUNG","nmkec":"SESAYAP HILIR","nmdesa":"SENGKONG","nmsls":"TAMBAK"}}]}