{"type":"FeatureCollection","features":[{"type":"Feature","geometry":{"type":"MultiPolygon","coordinates":[[[[117.53024,3.66708],[117.52958,3.66757],[117.52845,3.66842],[117.5294,3.66989],[117.52953,3.66985],[117.52963,3.67003],[117.52954,3.67009],[117.52955,3.67011],[117.53014,3.66967],[117.53021,3.66962],[117.53058,3.66934],[117.53116,3.6689],[117.53115,3.66882],[117.53114,3.66878],[117.53112,3.6687],[117.5311,3.66864],[117.5311,3.6686],[117.53108,3.66849],[117.53103,3.66843],[117.53098,3.66833],[117.5309,3.66823],[117.53024,3.66708]]]]},"properties":{"kdprov":"65","kdkab":"03","kdkec":"050","kddesa":"001","kdsls":"0006","idsls":"65030500010006","nmprov":"KALIMANTAN UTARA","nmkab":"TANA TIDUNG","nmkec":"TANA LIA","nmdesa":"TANAH MERAH","nmsls":"RT 006"}},{"type":"Feature","geometry":{"type":"MultiPolygon","coordinates":[[[[117.55093,3.67025],[117.55044,3.66927],[117.54938,3.66716],[117.54847,3.6676],[117.54756,3.66808],[117.5474,3.66817],[117.5469,3.66843],[117.54612,3.66884],[117.54617,3.66893],[117.5469,3.67039],[117.5488,3.67413],[117.54939,3.67384],[117.54962,3.67372],[117.54972,3.67367],[117.55039,3.67334],[117.55207,3.67254],[117.55093,3.67025]]]]},"properties":{"kdprov":"65","kdkab":"03","kdkec":"050","kddesa":"005","kdsls":"0002","idsls":"65030500050002","nmprov":"KALIMANTAN UTARA","nmkab":"TANA TIDUNG","nmkec":"TANA LIA","nmdesa":"SAMBUNGAN SELATAN","nmsls":"RT 002"}},{"type":"Feature","geometry":{"type":"MultiPolygon","coordinates":[[[[117.52753,3.66903],[117.52693,3.66942],[117.52861,3.67215],[117.53446,3.68302],[117.53555,3.68505],[117.53602,3.68595],[117.53602,3.68597],[117.54534,3.70418],[117.54576,3.70401],[117.54604,3.70336],[117.53677,3.68552],[117.53576,3.68368],[117.52922,3.67167],[117.5289,3.67094],[117.52753,3.66903]]]]},"properties":{"kdprov":"65","kdkab":"03","kdkec":"050","kddesa":"004","kdsls":"0002","idsls":"65030500040002","nmprov":"KALIMANTAN UTARA","nmkab":"TANA TIDUNG","nmkec":"TANA LIA","nmdesa":"TANAH MERAH BARAT","nmsls":"RT 002"}},{"type":"Feature","geometry":{"type":"MultiPolygon","coordinates":[[[[117.55244,3.66911],[117.55235,3.66915],[117.55216,3.6693],[117.55167,3.66968],[117.55093,3.67025],[117.55207,3.67254],[117.55222,3.6728],[117.5525,3.6733],[117.55273,3.6737],[117.55311,3.67435],[117.55317,3.67445],[117.57701,3.66375],[117.57653,3.66288],[117.5745,3.65911],[117.56411,3.66379],[117.55669,3.66713],[117.55425,3.66813],[117.55302,3.66883],[117.55252,3.66907],[117.55244,3.66911]]]]},"properties":{"kdprov":"65","kdkab":"03","kdkec":"050","kddesa":"005","kdsls":"0003","idsls":"65030500050003","nmprov":"KALIMANTAN UTARA","nmkab":"TANA TIDUNG","nmkec":"TANA LIA","nmdesa":"SAMBUNGAN SELATAN","nmsls":"RT 003"}},{"type":"Feature","geometry":{"type":"MultiPolygon","coordinates":[[[[117.52693,3.66942],[117.52553,3.67033],[117.52598,3.67086],[117.52699,3.67207],[117.52765,3.67301],[117.5278,3.67363],[117.52996,3.67707],[117.53108,3.67912],[117.5337,3.68394],[117.53477,3.68589],[117.535,3.68633],[117.53665,3.6895],[117.53844,3.69294],[117.53847,3.693],[117.54448,3.70453],[117.54494,3.70426],[117.54534,3.70418],[117.53602,3.68597],[117.53602,3.68595],[117.53555,3.68505],[117.53446,3.68302],[117.52861,3.67215],[117.52693,3.66942]]]]},"properties":{"kdprov":"65","kdkab":"03","kdkec":"050","kddesa":"004","kdsls":"0003","idsls":"65030500040003","nmprov":"KALIMANTAN UTARA","nmkab":"TANA TIDUNG","nmkec":"TANA LIA","nmdesa":"TANAH MERAH BARAT","nmsls":"RT 003"}},{"type":"Feature","geometry":{"type":"MultiPolygon","coordinates":[[[[117.52553,3.67033],[117.5246,3.67093],[117.5277,3.67516],[117.52798,3.67606],[117.53294,3.68445],[117.53393,3.68614],[117.54381,3.70517],[117.54425,3.70466],[117.54448,3.70453],[117.53847,3.693],[117.53844,3.69294],[117.53665,3.6895],[117.535,3.68633],[117.53477,3.68589],[117.5337,3.68394],[117.53108,3.67912],[117.52996,3.67707],[117.5278,3.67363],[117.52765,3.67301],[117.52699,3.67207],[117.52598,3.67086],[117.52553,3.67033]]]]},"properties":{"kdprov":"65","kdkab":"03","kdkec":"050","kddesa":"004","kdsls":"0004","idsls":"65030500040004","nmprov":"KALIMANTAN UTARA","nmkab":"TANA TIDUNG","nmkec":"TANA LIA","nmdesa":"TANAH MERAH BARAT","nmsls":"RT 004"}},{"type":"Feature","geometry":{"type":"MultiPolygon","coordinates":[[[[117.65184,3.73989],[117.65181,3.73964],[117.65177,3.73929],[117.65174,3.73885],[117.65172,3.73853],[117.65169,3.73811],[117.65166,3.73774],[117.6516,3.7369],[117.65157,3.73651],[117.65155,3.73618],[117.65154,3.73598],[117.65119,3.73613],[117.65114,3.73616],[117.65068,3.7364],[117.65018,3.73666],[117.65015,3.73659],[117.65013,3.73646],[117.65012,3.73631],[117.65012,3.73608],[117.65011,3.73593],[117.64948,3.73609],[117.64845,3.73635],[117.64705,3.73661],[117.64319,3.7373],[117.64337,3.73863],[117.64344,3.73909],[117.64354,3.7398],[117.6436,3.74026],[117.65184,3.73989]]]]},"properties":{"kdprov":"65","kdkab":"03","kdkec":"050","kddesa":"003","kdsls":"0002","idsls":"65030500030002","nmprov":"KALIMANTAN UTARA","nmkab":"TANA TIDUNG","nmkec":"TANA LIA","nmdesa":"TENGKU DACING","nmsls":"RT 002"}},{"type":"Feature","geometry":{"type":"MultiPolygon","coordinates":[[[[117.54466,3.67389],[117.5453,3.6751],[117.54559,3.67564],[117.54595,3.67631],[117.54618,3.67675],[117.54624,3.67686],[117.54647,3.67725],[117.54802,3.68014],[117.55954,3.6746],[117.56146,3.6737],[117.56369,3.67878],[117.56439,3.68038],[117.56453,3.68032],[117.5668,3.67928],[117.56728,3.67907],[117.56753,3.67895],[117.57134,3.6771],[117.57432,3.67566],[117.58153,3.67215],[117.58144,3.67199],[117.58146,3.67198],[117.58104,3.6712],[117.5799,3.66909],[117.5797,3.66872],[117.57701,3.66375],[117.55317,3.67445],[117.55311,3.67435],[117.55273,3.6737],[117.5525,3.6733],[117.55222,3.6728],[117.55207,3.67254],[117.55039,3.67334],[117.54972,3.67367],[117.54962,3.67372],[117.54939,3.67384],[117.5488,3.67413],[117.54762,3.67472],[117.54741,3.67432],[117.54674,3.67309],[117.54466,3.67389]]]]},"properties":{"kdprov":"65","kdkab":"03","kdkec":"050","kddesa":"005","kdsls":"0006","idsls":"65030500050006","nmprov":"KALIMANTAN UTARA","nmkab":"TANA TIDUNG","nmkec":"TANA LIA","nmdesa":"SAMBUNGAN SELATAN","nmsls":"RT 006"}},{"type":"Feature","geometry":{"type":"MultiPolygon","coordinates":[[[[117.55092,3.66628],[117.55123,3.66687],[117.55244,3.66911],[117.55252,3.66907],[117.55302,3.66883],[117.55425,3.66813],[117.55669,3.66713],[117.56411,3.66379],[117.5745,3.65911],[117.57401,3.65821],[117.57084,3.65224],[117.57083,3.65224],[117.56305,3.65544],[117.55991,3.65674],[117.55813,3.65747],[117.55793,3.65755],[117.55793,3.65755],[117.5589,3.66006],[117.55924,3.66096],[117.55958,3.66185],[117.55945,3.66192],[117.55647,3.66344],[117.55092,3.66628]]]]},"properties":{"kdprov":"65","kdkab":"03","kdkec":"050","kddesa":"005","kdsls":"0005","idsls":"65030500050005","nmprov":"KALIMANTAN UTARA","nmkab":"TANA TIDUNG","nmkec":"TANA LIA","nmdesa":"SAMBUNGAN SELATAN","nmsls":"RT 005"}},{"type":"Feature","geometry":{"type":"MultiPolygon","coordinates":[[[[117.55244,3.66911],[117.55123,3.66687],[117.55092,3.66628],[117.55083,3.66632],[117.55043,3.66655],[117.55018,3.6667],[117.55004,3.66678],[117.54972,3.66696],[117.54938,3.66716],[117.55044,3.66927],[117.55093,3.67025],[117.55167,3.66968],[117.55216,3.6693],[117.55235,3.66915],[117.55244,3.66911]]]]},"properties":{"kdprov":"65","kdkab":"03","kdkec":"050","kddesa":"005","kdsls":"0004","idsls":"65030500050004","nmprov":"KALIMANTAN UTARA","nmkab":"TANA TIDUNG","nmkec":"TANA LIA","nmdesa":"SAMBUNGAN SELATAN","nmsls":"RT 004"}},{"type":"Feature","geometry":{"type":"MultiPolygon","coordinates":[[[[117.52955,3.67011],[117.52954,3.67009],[117.52963,3.67003],[117.52953,3.66985],[117.5294,3.66989],[117.52845,3.66842],[117.5284,3.66846],[117.52786,3.66882],[117.52753,3.66903],[117.5289,3.67094],[117.52922,3.67167],[117.53576,3.68368],[117.53677,3.68552],[117.54604,3.70336],[117.54631,3.7029],[117.54665,3.70242],[117.54764,3.70178],[117.54805,3.70146],[117.548,3.70132],[117.54793,3.70047],[117.54797,3.70006],[117.54803,3.69982],[117.54806,3.69969],[117.54797,3.69929],[117.54788,3.69899],[117.54787,3.69881],[117.54782,3.69866],[117.54758,3.69835],[117.5471,3.69798],[117.54698,3.69782],[117.54685,3.69756],[117.54671,3.69726],[117.5464,3.6968],[117.5462,3.69652],[117.54609,3.69616],[117.5461,3.69574],[117.54613,3.69525],[117.54612,3.6948],[117.54603,3.69435],[117.54591,3.69396],[117.54597,3.69364],[117.54614,3.69343],[117.54663,3.6931],[117.54717,3.69282],[117.5476,3.69259],[117.54782,3.69239],[117.54803,3.69193],[117.54832,3.69164],[117.54859,3.69139],[117.54867,3.69115],[117.54855,3.69087],[117.54817,3.69044],[117.54805,3.69033],[117.54798,3.68991],[117.54791,3.68946],[117.54775,3.68911],[117.54755,3.68876],[117.54741,3.68814],[117.54743,3.68772],[117.54749,3.68715],[117.54749,3.68681],[117.54744,3.68644],[117.54734,3.68608],[117.54724,3.68543],[117.54715,3.68521],[117.54697,3.68497],[117.54668,3.68471],[117.54649,3.6844],[117.5463,3.68395],[117.54618,3.68367],[117.546,3.68346],[117.54585,3.68335],[117.54582,3.68334],[117.5458,3.6833],[117.54515,3.68305],[117.54269,3.68212],[117.54203,3.68188],[117.54122,3.68276],[117.54031,3.68352],[117.53999,3.6838],[117.53996,3.68381],[117.53892,3.68435],[117.53888,3.68432],[117.53886,3.68433],[117.53843,3.68455],[117.53824,3.68461],[117.53795,3.68467],[117.5378,3.68468],[117.53748,3.68469],[117.53651,3.68293],[117.53572,3.68148],[117.53352,3.67745],[117.53318,3.6768],[117.53248,3.6755],[117.53061,3.67204],[117.52992,3.67075],[117.52974,3.67042],[117.52955,3.67011]]]]},"properties":{"kdprov":"65","kdkab":"03","kdkec":"050","kddesa":"004","kdsls":"0001","idsls":"65030500040001","nmprov":"KALIMANTAN UTARA","nmkab":"TANA TIDUNG","nmkec":"TANA LIA","nmdesa":"TANAH MERAH BARAT","nmsls":"RT 001"}},{"type":"Feature","geometry":{"type":"MultiPolygon","coordinates":[[[[117.53081,3.66666],[117.53074,3.6667],[117.53056,3.66684],[117.53047,3.66691],[117.53024,3.66708],[117.5309,3.66823],[117.53098,3.66833],[117.53103,3.66843],[117.53108,3.66849],[117.5311,3.6686],[117.5311,3.66864],[117.53112,3.6687],[117.53114,3.66878],[117.53115,3.66882],[117.53116,3.6689],[117.53117,3.66904],[117.53121,3.66922],[117.53125,3.66932],[117.53129,3.66941],[117.53135,3.66953],[117.53136,3.66953],[117.53139,3.66951],[117.53145,3.66947],[117.5315,3.66943],[117.53172,3.66929],[117.53192,3.66917],[117.53197,3.66914],[117.53215,3.66902],[117.53231,3.66882],[117.53262,3.66845],[117.53271,3.66834],[117.53277,3.66828],[117.53266,3.66822],[117.53231,3.66818],[117.53223,3.66817],[117.53211,3.66817],[117.53189,3.66813],[117.53168,3.66804],[117.53149,3.66794],[117.53146,3.66792],[117.53138,3.66788],[117.53112,3.66734],[117.53105,3.66718],[117.53081,3.66666]]]]},"properties":{"kdprov":"65","kdkab":"03","kdkec":"050","kddesa":"001","kdsls":"0003","idsls":"65030500010003","nmprov":"KALIMANTAN UTARA","nmkab":"TANA TIDUNG","nmkec":"TANA LIA","nmdesa":"TANAH MERAH","nmsls":"RT 003"}},{"type":"Feature","geometry":{"type":"MultiPolygon","coordinates":[[[[117.53999,3.65987],[117.53938,3.66033],[117.53868,3.66095],[117.53773,3.6617],[117.53713,3.66215],[117.5368,3.66241],[117.53672,3.66247],[117.53629,3.66278],[117.53653,3.66303],[117.53678,3.66338],[117.53682,3.66371],[117.53693,3.66426],[117.53693,3.66428],[117.53699,3.66455],[117.53751,3.66536],[117.53756,3.66558],[117.53757,3.66565],[117.53761,3.66605],[117.53761,3.66631],[117.53761,3.66648],[117.53761,3.66656],[117.53759,3.66665],[117.53753,3.66693],[117.53757,3.66701],[117.53761,3.66709],[117.53765,3.66717],[117.53781,3.6675],[117.53803,3.66798],[117.53939,3.66794],[117.54001,3.66777],[117.54089,3.6677],[117.54135,3.66761],[117.54144,3.66759],[117.54133,3.66706],[117.54131,3.66698],[117.54138,3.66539],[117.54151,3.66425],[117.54174,3.66377],[117.54188,3.66351],[117.5419,3.6633],[117.54192,3.66314],[117.5412,3.66222],[117.54087,3.66169],[117.54069,3.6612],[117.54036,3.66046],[117.54021,3.66028],[117.53999,3.65987]]]]},"properties":{"kdprov":"65","kdkab":"03","kdkec":"050","kddesa":"002","kdsls":"0002","idsls":"65030500020002","nmprov":"KALIMANTAN UTARA","nmkab":"TANA TIDUNG","nmkec":"TANA LIA","nmdesa":"SAMBUNGAN","nmsls":"RT 002"}},{"type":"Feature","geometry":{"type":"MultiPolygon","coordinates":[[[[117.54144,3.66759],[117.54135,3.66761],[117.54089,3.6677],[117.54001,3.66777],[117.53939,3.66794],[117.53803,3.66798],[117.53803,3.66801],[117.538,3.66813],[117.538,3.66817],[117.53793,3.66849],[117.53752,3.66941],[117.53739,3.67004],[117.53739,3.67006],[117.53742,3.67018],[117.53742,3.67046],[117.53748,3.67111],[117.53775,3.67177],[117.53803,3.67278],[117.53809,3.67293],[117.53813,3.67307],[117.53819,3.67321],[117.53834,3.6736],[117.53869,3.67423],[117.53874,3.67432],[117.5392,3.67517],[117.53922,3.67522],[117.53932,3.6754],[117.53946,3.67568],[117.53965,3.67617],[117.5397,3.67657],[117.53989,3.67738],[117.54021,3.67809],[117.54044,3.67872],[117.54045,3.6799],[117.54072,3.68074],[117.54116,3.68119],[117.54126,3.68129],[117.54132,3.68135],[117.54151,3.68149],[117.54196,3.68182],[117.54202,3.68186],[117.54251,3.68123],[117.5443,3.67891],[117.54448,3.67868],[117.54618,3.67675],[117.54595,3.67631],[117.54559,3.67564],[117.5453,3.6751],[117.54466,3.67389],[117.54432,3.67324],[117.54403,3.6727],[117.54396,3.67257],[117.54363,3.67165],[117.54362,3.67161],[117.54319,3.67041],[117.54319,3.67039],[117.54319,3.67039],[117.54314,3.67028],[117.54298,3.66994],[117.54291,3.6698],[117.54276,3.66969],[117.54248,3.6695],[117.54219,3.66916],[117.542,3.66895],[117.54156,3.66796],[117.54151,3.66782],[117.54145,3.66761],[117.54144,3.66759]]]]},"properties":{"kdprov":"65","kdkab":"03","kdkec":"050","kddesa":"002","kdsls":"0003","idsls":"65030500020003","nmprov":"KALIMANTAN UTARA","nmkab":"TANA TIDUNG","nmkec":"TANA LIA","nmdesa":"SAMBUNGAN","nmsls":"RT 003"}},{"type":"Feature","geometry":{"type":"MultiPolygon","coordinates":[[[[117.54319,3.67039],[117.54319,3.67039],[117.54319,3.67041],[117.54362,3.67161],[117.54363,3.67165],[117.54396,3.67257],[117.54403,3.6727],[117.54432,3.67324],[117.54466,3.67389],[117.54674,3.67309],[117.54741,3.67432],[117.54762,3.67472],[117.5488,3.67413],[117.5469,3.67039],[117.54617,3.66893],[117.54612,3.66884],[117.54319,3.67039]]]]},"properties":{"kdprov":"65","kdkab":"03","kdkec":"050","kddesa":"005","kdsls":"0001","idsls":"65030500050001","nmprov":"KALIMANTAN UTARA","nmkab":"TANA TIDUNG","nmkec":"TANA LIA","nmdesa":"SAMBUNGAN SELATAN","nmsls":"RT 001"}},{"type":"Feature","geometry":{"type":"MultiPolygon","coordinates":[[[[117.53753,3.66693],[117.53759,3.66665],[117.53761,3.66656],[117.53761,3.66648],[117.53761,3.66631],[117.53761,3.66605],[117.53757,3.66565],[117.53756,3.66558],[117.53751,3.66536],[117.53699,3.66455],[117.53693,3.66428],[117.53693,3.66426],[117.53682,3.66371],[117.53678,3.66338],[117.53653,3.66303],[117.53629,3.66278],[117.5362,3.66285],[117.5357,3.66321],[117.53507,3.66368],[117.53392,3.66436],[117.53306,3.66526],[117.53099,3.66655],[117.53092,3.6666],[117.53081,3.66666],[117.53105,3.66718],[117.53112,3.66734],[117.53138,3.66788],[117.53146,3.66792],[117.53149,3.66794],[117.53168,3.66804],[117.53189,3.66813],[117.53211,3.66817],[117.53223,3.66817],[117.53231,3.66818],[117.53266,3.66822],[117.53277,3.66828],[117.53283,3.66833],[117.53311,3.66858],[117.53311,3.66858],[117.53323,3.66887],[117.53325,3.66891],[117.53331,3.66899],[117.53333,3.669],[117.53342,3.66909],[117.53357,3.66915],[117.53364,3.66915],[117.53388,3.66913],[117.53445,3.66898],[117.53474,3.66883],[117.53518,3.66856],[117.53572,3.6682],[117.53601,3.66801],[117.53647,3.66767],[117.53702,3.66727],[117.5374,3.66699],[117.53753,3.66693]]]]},"properties":{"kdprov":"65","kdkab":"03","kdkec":"050","kddesa":"001","kdsls":"0002","idsls":"65030500010002","nmprov":"KALIMANTAN UTARA","nmkab":"TANA TIDUNG","nmkec":"TANA LIA","nmdesa":"TANAH MERAH","nmsls":"RT 002"}},{"type":"Feature","geometry":{"type":"MultiPolygon","coordinates":[[[[117.54604,3.70336],[117.54576,3.70401],[117.54534,3.70418],[117.54494,3.70426],[117.54448,3.70453],[117.54425,3.70466],[117.54381,3.70517],[117.5436,3.70541],[117.54324,3.70572],[117.54287,3.70604],[117.54271,3.70618],[117.54231,3.70654],[117.54202,3.70681],[117.54177,3.70686],[117.54137,3.70694],[117.54082,3.70706],[117.54036,3.70742],[117.54015,3.7073],[117.5399,3.70754],[117.53996,3.70758],[117.54028,3.70817],[117.54093,3.70892],[117.54101,3.70897],[117.54105,3.70939],[117.54091,3.70965],[117.54079,3.70983],[117.54075,3.70991],[117.54066,3.71012],[117.54061,3.71045],[117.54056,3.7107],[117.54054,3.71089],[117.54049,3.71114],[117.54044,3.71149],[117.54036,3.71192],[117.54032,3.71214],[117.54025,3.71248],[117.54024,3.71262],[117.54028,3.71287],[117.54036,3.71311],[117.54041,3.7132],[117.54045,3.71326],[117.54057,3.71349],[117.54065,3.7137],[117.54076,3.71391],[117.54089,3.71414],[117.54099,3.71428],[117.54112,3.71445],[117.54125,3.71457],[117.54156,3.71479],[117.5418,3.71493],[117.54209,3.7151],[117.54241,3.71526],[117.54275,3.71543],[117.54301,3.71562],[117.54314,3.71576],[117.54327,3.7159],[117.54343,3.71607],[117.5436,3.71624],[117.54369,3.71635],[117.54378,3.71643],[117.54489,3.71706],[117.54493,3.71717],[117.54499,3.71733],[117.54504,3.7173],[117.54511,3.71725],[117.54631,3.71649],[117.54769,3.71611],[117.54942,3.71683],[117.55299,3.71638],[117.55511,3.71611],[117.6125,3.70885],[117.5871,3.69912],[117.56924,3.69229],[117.56372,3.69018],[117.56372,3.69018],[117.54593,3.68338],[117.54585,3.68335],[117.546,3.68346],[117.54618,3.68367],[117.5463,3.68395],[117.54649,3.6844],[117.54668,3.68471],[117.54697,3.68497],[117.54715,3.68521],[117.54724,3.68543],[117.54734,3.68608],[117.54744,3.68644],[117.54749,3.68681],[117.54749,3.68715],[117.54743,3.68772],[117.54741,3.68814],[117.54755,3.68876],[117.54775,3.68911],[117.54791,3.68946],[117.54798,3.68991],[117.54805,3.69033],[117.54817,3.69044],[117.54855,3.69087],[117.54867,3.69115],[117.54859,3.69139],[117.54832,3.69164],[117.54803,3.69193],[117.54782,3.69239],[117.5476,3.69259],[117.54717,3.69282],[117.54663,3.6931],[117.54614,3.69343],[117.54597,3.69364],[117.54591,3.69396],[117.54603,3.69435],[117.54612,3.6948],[117.54613,3.69525],[117.5461,3.69574],[117.54609,3.69616],[117.5462,3.69652],[117.5464,3.6968],[117.54671,3.69726],[117.54685,3.69756],[117.54698,3.69782],[117.5471,3.69798],[117.54758,3.69835],[117.54782,3.69866],[117.54787,3.69881],[117.54788,3.69899],[117.54797,3.69929],[117.54806,3.69969],[117.54803,3.69982],[117.54797,3.70006],[117.54793,3.70047],[117.548,3.70132],[117.54805,3.70146],[117.54764,3.70178],[117.54665,3.70242],[117.54631,3.7029],[117.54604,3.70336]]]]},"properties":{"kdprov":"65","kdkab":"03","kdkec":"050","kddesa":"001","kdsls":"0007","idsls":"65030500010007","nmprov":"KALIMANTAN UTARA","nmkab":"TANA TIDUNG","nmkec":"TANA LIA","nmdesa":"TANAH MERAH","nmsls":"RT 007"}},{"type":"Feature","geometry":{"type":"MultiPolygon","coordinates":[[[[117.53325,3.66891],[117.53323,3.66887],[117.53311,3.66858],[117.53311,3.66858],[117.53283,3.66833],[117.53277,3.66828],[117.53271,3.66834],[117.53262,3.66845],[117.53231,3.66882],[117.53215,3.66902],[117.53197,3.66914],[117.53192,3.66917],[117.53172,3.66929],[117.5315,3.66943],[117.53145,3.66947],[117.53139,3.66951],[117.53136,3.66953],[117.53135,3.66953],[117.53138,3.6696],[117.53143,3.66974],[117.53156,3.67018],[117.53163,3.67045],[117.53168,3.67056],[117.53224,3.67163],[117.53235,3.6717],[117.53252,3.67179],[117.53252,3.67179],[117.53263,3.67062],[117.53266,3.67027],[117.53273,3.66947],[117.53274,3.66946],[117.53275,3.66938],[117.53278,3.66915],[117.53325,3.66891],[117.53325,3.66891]]]]},"properties":{"kdprov":"65","kdkab":"03","kdkec":"050","kddesa":"001","kdsls":"0004","idsls":"65030500010004","nmprov":"KALIMANTAN UTARA","nmkab":"TANA TIDUNG","nmkec":"TANA LIA","nmdesa":"TANAH MERAH","nmsls":"RT 004"}},{"type":"Feature","geometry":{"type":"MultiPolygon","coordinates":[[[[117.53803,3.66798],[117.53781,3.6675],[117.53765,3.66717],[117.53761,3.66709],[117.53757,3.66701],[117.53753,3.66693],[117.5374,3.66699],[117.53702,3.66727],[117.53647,3.66767],[117.53601,3.66801],[117.53572,3.6682],[117.53518,3.66856],[117.53474,3.66883],[117.53445,3.66898],[117.53388,3.66913],[117.53364,3.66915],[117.53357,3.66915],[117.53342,3.66909],[117.53333,3.669],[117.53331,3.66899],[117.53325,3.66891],[117.53325,3.66891],[117.53278,3.66915],[117.53275,3.66938],[117.53274,3.66946],[117.53273,3.66947],[117.53266,3.67027],[117.53263,3.67062],[117.53252,3.67179],[117.53258,3.67183],[117.53756,3.68162],[117.53809,3.68266],[117.53868,3.68387],[117.53892,3.68435],[117.53996,3.68381],[117.53999,3.6838],[117.54031,3.68352],[117.54122,3.68276],[117.54203,3.68188],[117.54202,3.68186],[117.54196,3.68182],[117.54151,3.68149],[117.54132,3.68135],[117.54126,3.68129],[117.54116,3.68119],[117.54072,3.68074],[117.54045,3.6799],[117.54044,3.67872],[117.54021,3.67809],[117.53989,3.67738],[117.5397,3.67657],[117.53965,3.67617],[117.53946,3.67568],[117.53932,3.6754],[117.53922,3.67522],[117.5392,3.67517],[117.53874,3.67432],[117.53869,3.67423],[117.53834,3.6736],[117.53819,3.67321],[117.53813,3.67307],[117.53809,3.67293],[117.53803,3.67278],[117.53775,3.67177],[117.53748,3.67111],[117.53742,3.67046],[117.53742,3.67018],[117.53739,3.67006],[117.53739,3.67004],[117.53752,3.66941],[117.53793,3.66849],[117.538,3.66817],[117.538,3.66813],[117.53803,3.66801],[117.53803,3.66798]]]]},"properties":{"kdprov":"65","kdkab":"03","kdkec":"050","kddesa":"001","kdsls":"0001","idsls":"65030500010001","nmprov":"KALIMANTAN UTARA","nmkab":"TANA TIDUNG","nmkec":"TANA LIA","nmdesa":"TANAH MERAH","nmsls":"RT 001"}},{"type":"Feature","geometry":{"type":"MultiPolygon","coordinates":[[[[117.64023,3.76951],[117.64106,3.77005],[117.64201,3.76958],[117.64259,3.76924],[117.64334,3.76899],[117.64468,3.76848],[117.64684,3.76789],[117.64842,3.76773],[117.64959,3.76765],[117.65051,3.76773],[117.65134,3.76798],[117.65192,3.76822],[117.65301,3.76881],[117.65379,3.76924],[117.65452,3.76965],[117.65543,3.77057],[117.65618,3.7714],[117.65652,3.77233],[117.65685,3.77306],[117.65702,3.77342],[117.65744,3.77443],[117.65777,3.77559],[117.65819,3.77651],[117.65852,3.77744],[117.65892,3.77809],[117.65919,3.77852],[117.65981,3.7804],[117.65994,3.78078],[117.66061,3.78162],[117.66111,3.78246],[117.66187,3.7833],[117.66244,3.78372],[117.66328,3.78396],[117.6642,3.78396],[117.66495,3.78405],[117.66516,3.78398],[117.6657,3.7838],[117.67353,3.78028],[117.67357,3.78025],[117.67737,3.77742],[117.67939,3.77604],[117.68568,3.77279],[117.6884,3.77123],[117.69466,3.76912],[117.69847,3.76804],[117.70345,3.76677],[117.70796,3.76562],[117.71291,3.76485],[117.72022,3.76343],[117.72556,3.76237],[117.72911,3.76077],[117.72952,3.76048],[117.73335,3.75784],[117.7373,3.75473],[117.74386,3.75068],[117.74504,3.75],[117.74723,3.74875],[117.74916,3.74764],[117.75,3.74716],[117.77434,3.73888],[117.77799,3.73764],[117.78309,3.7359],[117.78696,3.73458],[117.79476,3.73128],[117.79809,3.72987],[117.80397,3.7275],[117.80689,3.72632],[117.80849,3.72607],[117.80914,3.72602],[117.80983,3.72602],[117.8101,3.72602],[117.81021,3.72507],[117.81033,3.72449],[117.81047,3.72403],[117.8113,3.72273],[117.81216,3.72184],[117.8123,3.72173],[117.81249,3.72151],[117.81262,3.72138],[117.81267,3.72133],[117.81309,3.72142],[117.81341,3.72138],[117.81473,3.72106],[117.8151,3.72077],[117.81538,3.72044],[117.81542,3.72038],[117.8156,3.72013],[117.81613,3.71912],[117.81638,3.71843],[117.81668,3.7178],[117.81703,3.71722],[117.81757,3.7166],[117.81787,3.7163],[117.81818,3.71566],[117.81856,3.71505],[117.81897,3.71459],[117.81944,3.71402],[117.81986,3.7136],[117.82014,3.71351],[117.82042,3.71349],[117.82069,3.71352],[117.82086,3.71354],[117.82091,3.71355],[117.82107,3.71357],[117.82169,3.71389],[117.82231,3.71391],[117.82255,3.71382],[117.82283,3.71364],[117.82319,3.71329],[117.82365,3.71278],[117.82418,3.71213],[117.82437,3.71187],[117.82447,3.71159],[117.82446,3.71133],[117.82446,3.71057],[117.82446,3.71052],[117.82446,3.71046],[117.82446,3.71014],[117.82454,3.70986],[117.82464,3.70939],[117.82474,3.70922],[117.82488,3.70909],[117.82493,3.70903],[117.82496,3.70899],[117.82498,3.70892],[117.82498,3.70884],[117.82498,3.7088],[117.82498,3.7088],[117.82497,3.70867],[117.82501,3.70832],[117.82504,3.70817],[117.82509,3.70808],[117.82517,3.70801],[117.82518,3.70801],[117.82525,3.708],[117.82531,3.70797],[117.82533,3.70789],[117.82533,3.70767],[117.82536,3.70748],[117.82544,3.70739],[117.82554,3.70729],[117.8257,3.70717],[117.82586,3.70713],[117.82598,3.70718],[117.82606,3.70726],[117.82616,3.7073],[117.82624,3.70729],[117.82633,3.70724],[117.82641,3.70706],[117.82644,3.70681],[117.82652,3.70657],[117.82657,3.70634],[117.82656,3.70608],[117.82657,3.70572],[117.82649,3.7053],[117.82635,3.70494],[117.82629,3.70482],[117.82623,3.7047],[117.82607,3.70438],[117.82595,3.7042],[117.82581,3.70406],[117.82561,3.70389],[117.82521,3.70362],[117.8249,3.70344],[117.82464,3.70336],[117.82444,3.70336],[117.82426,3.70334],[117.82398,3.70321],[117.82367,3.70308],[117.82358,3.70304],[117.82319,3.70303],[117.82296,3.70301],[117.82275,3.70304],[117.8226,3.70309],[117.82246,3.70312],[117.82232,3.70314],[117.8221,3.70317],[117.82165,3.70323],[117.82143,3.70323],[117.82123,3.70322],[117.82092,3.70315],[117.82089,3.70314],[117.82077,3.70313],[117.82075,3.70313],[117.82054,3.70316],[117.82035,3.70323],[117.82023,3.70327],[117.82016,3.70331],[117.82003,3.70339],[117.81981,3.70354],[117.81958,3.70368],[117.81938,3.70382],[117.81914,3.70392],[117.81903,3.70396],[117.81896,3.70399],[117.81893,3.704],[117.81867,3.70412],[117.81867,3.70412],[117.81852,3.70422],[117.81841,3.70436],[117.81828,3.70447],[117.81811,3.70454],[117.818,3.70456],[117.81741,3.70482],[117.81709,3.70502],[117.81664,3.70503],[117.81631,3.70499],[117.81579,3.70488],[117.81537,3.70472],[117.81476,3.70448],[117.81341,3.70384],[117.81192,3.703],[117.81109,3.70252],[117.81067,3.70225],[117.8104,3.70198],[117.81012,3.70161],[117.80965,3.70105],[117.80938,3.7009],[117.80918,3.70078],[117.80895,3.7006],[117.80884,3.70052],[117.80858,3.70034],[117.80791,3.69992],[117.80764,3.69977],[117.80744,3.69961],[117.8072,3.69947],[117.80664,3.69909],[117.8062,3.69879],[117.80593,3.69863],[117.8048,3.69798],[117.80376,3.69726],[117.80313,3.69686],[117.80243,3.69638],[117.80188,3.69595],[117.80105,3.69539],[117.80029,3.69478],[117.79954,3.69422],[117.79874,3.69367],[117.7979,3.69314],[117.79673,3.69238],[117.79586,3.69177],[117.7953,3.69137],[117.79383,3.69041],[117.79344,3.69021],[117.79275,3.68982],[117.79241,3.68965],[117.79217,3.68943],[117.79209,3.6892],[117.79195,3.68901],[117.79163,3.68894],[117.79132,3.68885],[117.79076,3.68872],[117.79025,3.68868],[117.78991,3.68873],[117.7896,3.68867],[117.78931,3.68851],[117.7889,3.68816],[117.78869,3.68809],[117.78845,3.6881],[117.78828,3.68819],[117.78813,3.68839],[117.78795,3.68851],[117.78763,3.68854],[117.78735,3.68863],[117.78706,3.68879],[117.78684,3.6889],[117.78644,3.68889],[117.78593,3.68879],[117.78518,3.6886],[117.78461,3.68833],[117.78416,3.68816],[117.78312,3.68765],[117.7823,3.68722],[117.78125,3.68661],[117.78072,3.6863],[117.78039,3.68613],[117.78014,3.68598],[117.77991,3.68585],[117.77968,3.68575],[117.77941,3.68566],[117.77924,3.68564],[117.77886,3.68566],[117.77873,3.68571],[117.77863,3.68578],[117.77859,3.68584],[117.77859,3.68592],[117.77858,3.686],[117.77851,3.68609],[117.77835,3.68617],[117.77819,3.68623],[117.77789,3.68626],[117.77763,3.68623],[117.77734,3.68627],[117.77712,3.68634],[117.77705,3.68633],[117.7767,3.68653],[117.77603,3.68703],[117.77561,3.68746],[117.77544,3.68804],[117.77637,3.68846],[117.77595,3.68854],[117.7752,3.68854],[117.77461,3.68888],[117.77403,3.68963],[117.77345,3.69022],[117.77313,3.69035],[117.77261,3.69055],[117.77195,3.69089],[117.77119,3.69156],[117.77095,3.69181],[117.77053,3.69223],[117.76936,3.69266],[117.76862,3.69299],[117.76745,3.69341],[117.76732,3.69343],[117.76636,3.69358],[117.76569,3.69374],[117.76503,3.69383],[117.76444,3.69425],[117.76411,3.69492],[117.76405,3.69539],[117.76403,3.69559],[117.76428,3.69593],[117.76478,3.69601],[117.7657,3.69609],[117.76636,3.69609],[117.76703,3.69618],[117.76736,3.69642],[117.76736,3.69693],[117.76712,3.6976],[117.7672,3.69836],[117.7677,3.69852],[117.76854,3.69885],[117.76929,3.69919],[117.77062,3.69977],[117.77137,3.70027],[117.77187,3.70061],[117.77238,3.70111],[117.77262,3.70153],[117.77262,3.70211],[117.77246,3.70278],[117.77238,3.70345],[117.7728,3.70396],[117.77321,3.70404],[117.77388,3.70404],[117.77554,3.70362],[117.77605,3.7037],[117.77671,3.70388],[117.77713,3.70404],[117.77747,3.70437],[117.77747,3.70488],[117.77763,3.70538],[117.77821,3.70555],[117.77888,3.70563],[117.7793,3.70613],[117.77938,3.70697],[117.77955,3.70755],[117.77988,3.70831],[117.78005,3.70915],[117.78005,3.70965],[117.78014,3.71015],[117.78047,3.7104],[117.78079,3.71036],[117.78105,3.71032],[117.78156,3.70999],[117.78189,3.7099],[117.78222,3.70981],[117.78272,3.70989],[117.78322,3.70998],[117.78347,3.71023],[117.78364,3.71065],[117.78364,3.71115],[117.78364,3.71174],[117.78395,3.71205],[117.78406,3.71216],[117.78431,3.71215],[117.78464,3.71182],[117.78472,3.71124],[117.78506,3.71091],[117.78548,3.71073],[117.78572,3.71065],[117.78606,3.71065],[117.78722,3.7109],[117.78773,3.7114],[117.78722,3.71132],[117.78648,3.71124],[117.7858,3.71124],[117.78548,3.71148],[117.78542,3.71214],[117.78506,3.71249],[117.78456,3.71258],[117.78406,3.7125],[117.78355,3.71233],[117.78331,3.71191],[117.78331,3.71158],[117.7833,3.71107],[117.78297,3.71065],[117.78255,3.71048],[117.78205,3.71048],[117.78172,3.71066],[117.78154,3.71075],[117.78139,3.71082],[117.78064,3.71091],[117.7798,3.71066],[117.77939,3.70999],[117.7793,3.70923],[117.77914,3.70822],[117.7788,3.70756],[117.77863,3.70663],[117.77813,3.70614],[117.77738,3.70596],[117.77713,3.7058],[117.77688,3.70547],[117.77663,3.70496],[117.77621,3.70455],[117.77563,3.70437],[117.7748,3.70455],[117.77427,3.70459],[117.77388,3.70463],[117.77304,3.70463],[117.77213,3.70421],[117.77171,3.70345],[117.77171,3.70262],[117.77171,3.70186],[117.77137,3.70086],[117.77045,3.70036],[117.76962,3.70011],[117.76895,3.6996],[117.7682,3.69927],[117.76753,3.69919],[117.76687,3.69894],[117.76645,3.69819],[117.76645,3.69734],[117.76611,3.69685],[117.76553,3.69677],[117.7642,3.69677],[117.76337,3.69677],[117.7622,3.6966],[117.76154,3.69666],[117.76128,3.69668],[117.76019,3.69677],[117.7597,3.69685],[117.75803,3.69719],[117.75711,3.69727],[117.7562,3.69719],[117.7554,3.69697],[117.75494,3.69686],[117.75419,3.6966],[117.75327,3.6966],[117.75278,3.6966],[117.75244,3.69686],[117.75286,3.69727],[117.75349,3.69775],[117.7542,3.6982],[117.75478,3.69886],[117.75536,3.69953],[117.75562,3.70028],[117.75553,3.70121],[117.75533,3.7019],[117.75528,3.70205],[117.7552,3.70289],[117.75562,3.70389],[117.75636,3.70464],[117.75646,3.70473],[117.75704,3.70532],[117.75754,3.70598],[117.75803,3.70632],[117.75874,3.70632],[117.75887,3.70632],[117.7597,3.70606],[117.76037,3.70598],[117.76128,3.70598],[117.76254,3.70606],[117.76329,3.70648],[117.76394,3.7073],[117.76441,3.70769],[117.76463,3.70828],[117.76505,3.70891],[117.76537,3.70949],[117.76579,3.71016],[117.76646,3.71042],[117.76704,3.70957],[117.76738,3.70933],[117.76788,3.70916],[117.76838,3.70899],[117.76896,3.70899],[117.76955,3.70899],[117.77071,3.70933],[117.77138,3.70941],[117.77205,3.70974],[117.77263,3.7099],[117.77338,3.71016],[117.77388,3.71033],[117.77448,3.71082],[117.77455,3.71175],[117.7746,3.7125],[117.77464,3.71295],[117.77467,3.71309],[117.77477,3.71425],[117.77485,3.71518],[117.77486,3.71539],[117.77505,3.71602],[117.77531,3.7166],[117.77564,3.71703],[117.77581,3.71845],[117.77589,3.71929],[117.77547,3.71963],[117.77556,3.71887],[117.77547,3.71811],[117.77522,3.71736],[117.77497,3.71694],[117.77468,3.71614],[117.77464,3.71602],[117.77447,3.71544],[117.77422,3.71434],[117.77406,3.71351],[117.77396,3.71242],[117.77372,3.71175],[117.77338,3.711],[117.7728,3.71058],[117.77213,3.71033],[117.77088,3.71],[117.77029,3.70982],[117.76938,3.70957],[117.76871,3.70949],[117.76796,3.70966],[117.7673,3.71024],[117.76696,3.71117],[117.76704,3.71217],[117.76738,3.71293],[117.76738,3.71343],[117.7673,3.71435],[117.76746,3.71519],[117.76805,3.71578],[117.76855,3.71619],[117.76922,3.71661],[117.76955,3.71694],[117.7703,3.7177],[117.77064,3.71804],[117.77089,3.71863],[117.77064,3.7192],[117.77013,3.71946],[117.76964,3.71979],[117.76897,3.72021],[117.76847,3.72038],[117.76824,3.72061],[117.76797,3.72089],[117.76781,3.7218],[117.76781,3.72239],[117.76756,3.72206],[117.76747,3.72113],[117.76753,3.72096],[117.76772,3.72046],[117.76814,3.72005],[117.76881,3.71971],[117.76939,3.71946],[117.76989,3.71904],[117.76989,3.71837],[117.7695,3.71776],[117.76888,3.7172],[117.7683,3.7167],[117.76772,3.71619],[117.76721,3.71561],[117.76697,3.71486],[117.76697,3.71435],[117.76683,3.71349],[117.76696,3.71309],[117.76666,3.71266],[117.76646,3.7126],[117.76604,3.71309],[117.76572,3.7136],[117.76559,3.71381],[117.76538,3.71419],[117.76505,3.71511],[117.76496,3.7162],[117.76447,3.71687],[117.7638,3.71754],[117.76338,3.71804],[117.76305,3.71888],[117.7628,3.71938],[117.7623,3.71964],[117.76196,3.71947],[117.76213,3.71888],[117.76263,3.71854],[117.76305,3.71813],[117.76355,3.7172],[117.76405,3.71679],[117.76438,3.71628],[117.76447,3.71545],[117.76455,3.71478],[117.76462,3.71461],[117.76479,3.71419],[117.76521,3.7136],[117.76563,3.71318],[117.76596,3.7126],[117.76588,3.71193],[117.76538,3.7115],[117.76488,3.71092],[117.76437,3.71025],[117.76396,3.70933],[117.76354,3.70832],[117.76312,3.70765],[117.7627,3.70732],[117.76179,3.70724],[117.7607,3.70724],[117.75987,3.70741],[117.75896,3.70741],[117.75787,3.70699],[117.7567,3.70615],[117.75587,3.7054],[117.7552,3.70498],[117.75453,3.70431],[117.75428,3.70347],[117.75428,3.70264],[117.75445,3.70205],[117.75456,3.70119],[117.75465,3.70035],[117.75459,3.7],[117.7544,3.69956],[117.7537,3.69904],[117.75319,3.69887],[117.75253,3.6987],[117.75211,3.69858],[117.75194,3.69853],[117.75111,3.69853],[117.75069,3.69861],[117.75069,3.69912],[117.75107,3.69925],[117.75119,3.69928],[117.75186,3.69971],[117.75227,3.70029],[117.75228,3.70105],[117.75186,3.70164],[117.75136,3.7018],[117.75103,3.70205],[117.75078,3.70255],[117.75078,3.70331],[117.75078,3.70406],[117.75044,3.70457],[117.75011,3.70507],[117.75011,3.70565],[117.75045,3.70582],[117.75095,3.70632],[117.7512,3.70683],[117.7512,3.70758],[117.75137,3.70842],[117.75162,3.70909],[117.75195,3.70925],[117.75228,3.70917],[117.7527,3.70867],[117.75312,3.70858],[117.75345,3.70875],[117.75378,3.70925],[117.75412,3.70976],[117.75462,3.71025],[117.75478,3.7106],[117.75479,3.7111],[117.7542,3.71051],[117.75387,3.71001],[117.75345,3.7095],[117.7532,3.70925],[117.75278,3.7095],[117.75253,3.70984],[117.75204,3.70992],[117.75137,3.70951],[117.75103,3.70867],[117.7507,3.70783],[117.75028,3.70725],[117.74995,3.70666],[117.74978,3.70607],[117.74978,3.7054],[117.74986,3.70473],[117.7502,3.70423],[117.75036,3.70381],[117.75044,3.70331],[117.75036,3.7028],[117.75036,3.70231],[117.75061,3.70188],[117.75095,3.70164],[117.75136,3.70146],[117.75161,3.70113],[117.75169,3.70046],[117.75119,3.69995],[117.75061,3.69971],[117.75015,3.69985],[117.74977,3.69995],[117.74911,3.70113],[117.74878,3.70231],[117.74844,3.7039],[117.74811,3.70524],[117.74804,3.70561],[117.74786,3.70658],[117.7477,3.70766],[117.7472,3.70876],[117.74714,3.70888],[117.74699,3.70919],[117.74683,3.70955],[117.7467,3.70984],[117.74637,3.71043],[117.7457,3.71094],[117.74503,3.71144],[117.74436,3.71203],[117.74436,3.71219],[117.74412,3.71295],[117.7432,3.71421],[117.74278,3.71496],[117.743,3.71531],[117.7432,3.71563],[117.74378,3.7163],[117.7442,3.71714],[117.74479,3.71781],[117.74554,3.71881],[117.74586,3.71954],[117.74621,3.72057],[117.7467,3.72158],[117.74746,3.72225],[117.74804,3.72292],[117.74863,3.72358],[117.74921,3.72392],[117.7496,3.72392],[117.74971,3.72392],[117.74996,3.72358],[117.75105,3.72317],[117.75163,3.72317],[117.75188,3.72317],[117.75238,3.72316],[117.75313,3.72307],[117.75372,3.72291],[117.75404,3.72274],[117.75413,3.72307],[117.75372,3.7235],[117.75304,3.7235],[117.75238,3.7235],[117.75171,3.72358],[117.75096,3.72366],[117.75047,3.72384],[117.75005,3.72417],[117.74986,3.72423],[117.74946,3.72433],[117.74921,3.72467],[117.74954,3.72476],[117.75013,3.72476],[117.75031,3.72476],[117.75063,3.72476],[117.75079,3.72531],[117.75055,3.72626],[117.75038,3.72718],[117.75021,3.72785],[117.7503,3.72869],[117.75071,3.72886],[117.75146,3.72911],[117.75222,3.72995],[117.75247,3.73103],[117.75222,3.73154],[117.75188,3.73137],[117.75172,3.7307],[117.75147,3.73003],[117.75105,3.72962],[117.75066,3.72929],[117.75055,3.72919],[117.74997,3.72869],[117.7498,3.72811],[117.74979,3.72736],[117.74996,3.72677],[117.75021,3.7261],[117.74996,3.72551],[117.74938,3.72526],[117.74871,3.72484],[117.74846,3.72434],[117.74788,3.7235],[117.74687,3.72258],[117.74629,3.72208],[117.74587,3.72141],[117.74537,3.72015],[117.74487,3.71932],[117.74437,3.71873],[117.74387,3.71781],[117.7432,3.71706],[117.74212,3.71697],[117.74088,3.71697],[117.73995,3.71714],[117.7387,3.71756],[117.73728,3.71831],[117.7363,3.71889],[117.73586,3.71915],[117.73503,3.72024],[117.73445,3.72175],[117.73322,3.72444],[117.73303,3.72485],[117.73245,3.72636],[117.7317,3.72787],[117.73122,3.72876],[117.73112,3.72896],[117.73045,3.72971],[117.72987,3.73038],[117.73045,3.73097],[117.73096,3.73147],[117.73162,3.73172],[117.73287,3.73197],[117.73363,3.73189],[117.73446,3.73189],[117.73512,3.73205],[117.73588,3.73222],[117.73637,3.73247],[117.73688,3.73247],[117.73734,3.73223],[117.73754,3.73213],[117.73821,3.73155],[117.73854,3.73088],[117.73862,3.73046],[117.73871,3.73004],[117.73896,3.72971],[117.7393,3.72963],[117.73962,3.72979],[117.73996,3.72996],[117.74046,3.72987],[117.74088,3.72979],[117.74113,3.72987],[117.74107,3.73019],[117.74104,3.73029],[117.74046,3.73029],[117.74004,3.73029],[117.73962,3.7302],[117.73896,3.7303],[117.73862,3.73113],[117.73846,3.73172],[117.73796,3.73222],[117.73746,3.73272],[117.73744,3.73274],[117.73696,3.73315],[117.73637,3.73315],[117.73588,3.73264],[117.73512,3.73239],[117.73412,3.73239],[117.73321,3.73247],[117.73179,3.73247],[117.73112,3.73231],[117.73054,3.73172],[117.73012,3.73123],[117.72937,3.73114],[117.72854,3.73156],[117.72829,3.73239],[117.72887,3.73332],[117.72955,3.73443],[117.72987,3.7355],[117.73021,3.73642],[117.73038,3.7375],[117.73038,3.7386],[117.73038,3.73943],[117.73029,3.74043],[117.73038,3.74102],[117.7308,3.74177],[117.73122,3.74211],[117.73171,3.74236],[117.7323,3.74244],[117.73271,3.74211],[117.73305,3.74161],[117.73338,3.74102],[117.73369,3.74092],[117.73388,3.74086],[117.7343,3.74094],[117.73463,3.74094],[117.73489,3.7411],[117.73438,3.74127],[117.73372,3.74153],[117.73344,3.74181],[117.73322,3.74202],[117.7328,3.74269],[117.7323,3.74287],[117.7313,3.74244],[117.73071,3.7422],[117.73013,3.74186],[117.72938,3.74195],[117.7288,3.74228],[117.72855,3.74253],[117.72829,3.7432],[117.72838,3.74387],[117.72846,3.74462],[117.72821,3.7448],[117.72797,3.74437],[117.72797,3.74387],[117.72788,3.74329],[117.72721,3.74321],[117.7263,3.7437],[117.72496,3.74421],[117.72379,3.74429],[117.72329,3.74424],[117.72171,3.74404],[117.71979,3.74404],[117.7187,3.74404],[117.71729,3.74388],[117.71587,3.74347],[117.71462,3.74304],[117.71346,3.74288],[117.71229,3.74288],[117.71162,3.74347],[117.71095,3.74439],[117.71053,3.74515],[117.71021,3.74623],[117.70937,3.74766],[117.70837,3.74841],[117.70687,3.74875],[117.70528,3.74917],[117.70337,3.74959],[117.70112,3.75051],[117.6977,3.75236],[117.69469,3.75412],[117.6867,3.75856],[117.68111,3.76192],[117.67911,3.76285],[117.67861,3.76368],[117.67844,3.76486],[117.6777,3.76561],[117.67653,3.76578],[117.67561,3.76578],[117.67445,3.7662],[117.67369,3.76671],[117.67319,3.76737],[117.67261,3.76796],[117.67144,3.76821],[117.67061,3.76838],[117.66953,3.76864],[117.66853,3.76931],[117.66785,3.76998],[117.66702,3.77047],[117.66611,3.77073],[117.66494,3.77115],[117.66441,3.77192],[117.6646,3.77257],[117.66577,3.77299],[117.66703,3.77341],[117.66811,3.77358],[117.66911,3.77375],[117.66978,3.77416],[117.67028,3.77466],[117.67078,3.77475],[117.67103,3.77466],[117.67203,3.77416],[117.67307,3.77422],[117.6737,3.77449],[117.67405,3.77523],[117.67402,3.77533],[117.67378,3.77558],[117.67364,3.7753],[117.67336,3.775],[117.67295,3.77491],[117.67236,3.775],[117.67178,3.77534],[117.67111,3.77567],[117.67036,3.77558],[117.66978,3.77517],[117.66928,3.77466],[117.66861,3.77442],[117.66786,3.77442],[117.66703,3.77442],[117.66611,3.77399],[117.66469,3.7735],[117.66394,3.77291],[117.6636,3.77232],[117.66352,3.77149],[117.66394,3.77098],[117.66452,3.77081],[117.66544,3.77039],[117.66627,3.77023],[117.66686,3.76998],[117.66744,3.76947],[117.66785,3.76913],[117.66836,3.76864],[117.66894,3.76805],[117.66953,3.76797],[117.67052,3.76787],[117.67127,3.76771],[117.67194,3.76754],[117.67252,3.7672],[117.67294,3.76662],[117.67361,3.76595],[117.67411,3.7657],[117.67477,3.76553],[117.67561,3.76527],[117.67644,3.76511],[117.67728,3.76494],[117.6777,3.76452],[117.67811,3.76393],[117.67802,3.76326],[117.67844,3.76251],[117.67911,3.76201],[117.69662,3.75244],[117.69936,3.75076],[117.70004,3.75043],[117.70078,3.75001],[117.70153,3.74968],[117.7022,3.74942],[117.70312,3.74909],[117.7037,3.749],[117.70503,3.74867],[117.70645,3.7485],[117.70728,3.74816],[117.70787,3.748],[117.7087,3.74766],[117.70904,3.74724],[117.70921,3.7464],[117.70937,3.74582],[117.70962,3.74515],[117.70995,3.74448],[117.7102,3.74405],[117.71053,3.74338],[117.71104,3.74263],[117.71178,3.74221],[117.71262,3.74204],[117.71362,3.74204],[117.71454,3.74212],[117.71537,3.74237],[117.71645,3.74263],[117.71745,3.7428],[117.7187,3.74288],[117.71987,3.74296],[117.72079,3.74313],[117.72171,3.74321],[117.72329,3.74321],[117.72438,3.74321],[117.72521,3.74295],[117.72596,3.7427],[117.72713,3.7422],[117.72796,3.74161],[117.72871,3.7412],[117.729,3.74086],[117.72926,3.7405],[117.72932,3.74041],[117.72946,3.73977],[117.72946,3.73876],[117.72955,3.73801],[117.72929,3.73701],[117.72896,3.73591],[117.72837,3.73508],[117.72779,3.73391],[117.72737,3.73315],[117.72695,3.73248],[117.72639,3.73222],[117.72604,3.73206],[117.72528,3.73165],[117.7242,3.73139],[117.7232,3.73098],[117.72237,3.73073],[117.7212,3.73039],[117.72012,3.73022],[117.71903,3.73014],[117.7179,3.73006],[117.71619,3.72955],[117.71461,3.72898],[117.71327,3.72839],[117.7121,3.72763],[117.70994,3.7273],[117.70894,3.7273],[117.70752,3.7273],[117.70644,3.72722],[117.70544,3.72722],[117.70444,3.72747],[117.70368,3.72773],[117.7026,3.72856],[117.70202,3.72966],[117.70235,3.73041],[117.70293,3.73141],[117.70361,3.73233],[117.70435,3.73342],[117.70461,3.73459],[117.70494,3.73568],[117.70502,3.73711],[117.70477,3.73853],[117.70444,3.7397],[117.70386,3.74071],[117.70336,3.74146],[117.70261,3.74205],[117.70194,3.7423],[117.70111,3.74239],[117.70003,3.74239],[117.69903,3.74197],[117.6981,3.74122],[117.69753,3.74054],[117.69685,3.73954],[117.69585,3.73845],[117.6951,3.73804],[117.69352,3.73761],[117.69227,3.73771],[117.69068,3.73829],[117.68993,3.73879],[117.68893,3.73988],[117.68826,3.74089],[117.68777,3.74223],[117.68744,3.74399],[117.68719,3.74483],[117.68719,3.74609],[117.68677,3.74759],[117.6861,3.74826],[117.68552,3.74885],[117.68494,3.74894],[117.68436,3.74894],[117.68343,3.7486],[117.68285,3.74818],[117.68185,3.74751],[117.68118,3.74718],[117.68044,3.74718],[117.67944,3.74743],[117.67868,3.74826],[117.67793,3.74894],[117.67719,3.74928],[117.6766,3.74944],[117.67585,3.74919],[117.67526,3.74886],[117.6746,3.74811],[117.67409,3.74726],[117.67393,3.74626],[117.67384,3.74526],[117.67351,3.74459],[117.67259,3.74392],[117.67192,3.74367],[117.67134,3.74375],[117.67009,3.74434],[117.66901,3.74501],[117.66834,3.7461],[117.66792,3.74719],[117.66751,3.74786],[117.66701,3.74803],[117.6655,3.74778],[117.66425,3.74703],[117.66325,3.74652],[117.66258,3.74619],[117.66167,3.74602],[117.66092,3.74627],[117.6605,3.74719],[117.66042,3.74812],[117.66058,3.74904],[117.66092,3.74996],[117.66126,3.75105],[117.66159,3.75222],[117.66159,3.75331],[117.66134,3.75398],[117.66042,3.75457],[117.65984,3.7549],[117.659,3.7549],[117.65834,3.75482],[117.65784,3.75423],[117.65734,3.75348],[117.65684,3.75272],[117.65633,3.75256],[117.65567,3.75247],[117.655,3.7529],[117.65459,3.7539],[117.6545,3.75474],[117.65434,3.75566],[117.65392,3.7565],[117.65342,3.75725],[117.65301,3.75776],[117.65242,3.75801],[117.65176,3.75825],[117.65125,3.75893],[117.65134,3.75977],[117.65142,3.76061],[117.65092,3.76136],[117.65051,3.76169],[117.65017,3.76177],[117.649,3.76195],[117.64825,3.76178],[117.64758,3.76128],[117.64717,3.76069],[117.64658,3.76044],[117.64584,3.76036],[117.64508,3.76036],[117.64458,3.76077],[117.64467,3.76136],[117.645,3.76187],[117.64567,3.76245],[117.646,3.76295],[117.64617,3.7638],[117.64592,3.76463],[117.64551,3.76547],[117.64492,3.7663],[117.64367,3.76622],[117.64317,3.76581],[117.64292,3.7653],[117.64284,3.76463],[117.64275,3.76396],[117.64191,3.76278],[117.64142,3.76245],[117.64066,3.76229],[117.64008,3.76229],[117.63933,3.76254],[117.63866,3.76296],[117.63808,3.76447],[117.638,3.76522],[117.63825,3.76597],[117.63866,3.7664],[117.63925,3.76673],[117.63983,3.76689],[117.64067,3.76723],[117.64117,3.76765],[117.64125,3.7684],[117.64101,3.76899],[117.64042,3.76941],[117.64023,3.76951]]]]},"properties":{"kdprov":"65","kdkab":"03","kdkec":"050","kddesa":"003","kdsls":"2003","idsls":"65030500032003","nmprov":"KALIMANTAN UTARA","nmkab":"TANA TIDUNG","nmkec":"TANA LIA","nmdesa":"TENGKU DACING","nmsls":"HUTAN"}},{"type":"Feature","geometry":{"type":"MultiPolygon","coordinates":[[[[117.65154,3.73598],[117.65155,3.73618],[117.65157,3.73651],[117.6516,3.7369],[117.65166,3.73774],[117.65169,3.73811],[117.65172,3.73853],[117.65174,3.73885],[117.65177,3.73929],[117.65181,3.73964],[117.65184,3.73989],[117.65338,3.73971],[117.65346,3.73966],[117.6544,3.73915],[117.65455,3.73913],[117.6546,3.7391],[117.65492,3.73894],[117.65706,3.73783],[117.65741,3.73668],[117.65763,3.73594],[117.65766,3.73582],[117.65803,3.73407],[117.65799,3.73392],[117.65772,3.73302],[117.65768,3.73288],[117.65764,3.73276],[117.65757,3.73251],[117.65733,3.7316],[117.65732,3.73156],[117.6573,3.73144],[117.65141,3.7343],[117.65154,3.73598],[117.65154,3.73598]]]]},"properties":{"kdprov":"65","kdkab":"03","kdkec":"050","kddesa":"003","kdsls":"0001","idsls":"65030500030001","nmprov":"KALIMANTAN UTARA","nmkab":"TANA TIDUNG","nmkec":"TANA LIA","nmdesa":"TENGKU DACING","nmsls":"RT 001"}},{"type":"Feature","geometry":{"type":"MultiPolygon","coordinates":[[[[117.6573,3.73144],[117.65723,3.73118],[117.65697,3.73011],[117.65667,3.72878],[117.65667,3.72878],[117.65697,3.728],[117.65698,3.72683],[117.65698,3.72683],[117.65695,3.72653],[117.65682,3.72519],[117.65685,3.72518],[117.65032,3.72669],[117.65009,3.72675],[117.64844,3.72716],[117.64706,3.72724],[117.64173,3.72756],[117.64259,3.73328],[117.64288,3.73518],[117.6431,3.73666],[117.64319,3.7373],[117.64705,3.73661],[117.64845,3.73635],[117.64948,3.73609],[117.65011,3.73593],[117.65012,3.73608],[117.65012,3.73631],[117.65013,3.73646],[117.65015,3.73659],[117.65018,3.73666],[117.65068,3.7364],[117.65114,3.73616],[117.65119,3.73613],[117.65154,3.73598],[117.65154,3.73598],[117.65141,3.7343],[117.6573,3.73144]]]]},"properties":{"kdprov":"65","kdkab":"03","kdkec":"050","kddesa":"003","kdsls":"0003","idsls":"65030500030003","nmprov":"KALIMANTAN UTARA","nmkab":"TANA TIDUNG","nmkec":"TANA LIA","nmdesa":"TENGKU DACING","nmsls":"RT 003"}},{"type":"Feature","geometry":{"type":"MultiPolygon","coordinates":[[[[117.64106,3.77005],[117.64023,3.76951],[117.63967,3.76982],[117.63892,3.77016],[117.638,3.7705],[117.63734,3.77067],[117.63652,3.77062],[117.63652,3.77063],[117.63602,3.77017],[117.63587,3.76991],[117.63566,3.76915],[117.6356,3.7686],[117.63595,3.76903],[117.63615,3.7696],[117.63631,3.76995],[117.63683,3.77014],[117.63763,3.76996],[117.6382,3.76961],[117.63902,3.76939],[117.64033,3.76869],[117.64052,3.76831],[117.64024,3.76781],[117.63976,3.7677],[117.63915,3.76734],[117.63807,3.7666],[117.63773,3.7661],[117.63757,3.76546],[117.63758,3.76432],[117.63742,3.76375],[117.6379,3.76326],[117.63828,3.7626],[117.63904,3.76198],[117.64065,3.7618],[117.64214,3.76222],[117.64219,3.76254],[117.64277,3.76315],[117.64319,3.76381],[117.64326,3.76503],[117.64392,3.76552],[117.64451,3.76544],[117.64499,3.76466],[117.64513,3.76364],[117.64471,3.76232],[117.6443,3.76161],[117.6441,3.76117],[117.64432,3.76027],[117.64484,3.7598],[117.64625,3.7599],[117.64723,3.76049],[117.64821,3.7611],[117.64926,3.76117],[117.65031,3.76102],[117.65077,3.76012],[117.65057,3.75922],[117.65074,3.75892],[117.6507,3.75851],[117.65121,3.75792],[117.65194,3.75765],[117.65277,3.75714],[117.65328,3.75643],[117.65382,3.75492],[117.65389,3.75401],[117.65441,3.75272],[117.65531,3.75194],[117.65641,3.75201],[117.65712,3.75243],[117.65775,3.75314],[117.65836,3.75375],[117.65917,3.75397],[117.6601,3.75392],[117.66066,3.75355],[117.6609,3.75265],[117.66068,3.75228],[117.66078,3.75204],[117.66049,3.75104],[117.65976,3.74903],[117.65965,3.74806],[117.65949,3.7474],[117.65953,3.74652],[117.65858,3.74668],[117.65953,3.74652],[117.65953,3.7465],[117.65862,3.74667],[117.65846,3.74655],[117.65865,3.746],[117.65855,3.74445],[117.6575,3.7436],[117.65746,3.74296],[117.65803,3.74153],[117.65739,3.74113],[117.65686,3.74025],[117.65577,3.74017],[117.65525,3.73979],[117.65504,3.73963],[117.65491,3.73953],[117.6547,3.73912],[117.65455,3.73913],[117.6544,3.73915],[117.65346,3.73966],[117.65338,3.73971],[117.65184,3.73989],[117.6436,3.74026],[117.64354,3.7398],[117.64344,3.73909],[117.64337,3.73863],[117.64319,3.7373],[117.6431,3.73666],[117.64288,3.73518],[117.64259,3.73328],[117.64173,3.72756],[117.64094,3.72334],[117.63745,3.70486],[117.63698,3.70493],[117.62673,3.70657],[117.6125,3.70885],[117.61234,3.70917],[117.6123,3.70925],[117.61203,3.70978],[117.61093,3.71196],[117.61041,3.71298],[117.60932,3.71514],[117.59367,3.74612],[117.59301,3.74744],[117.59189,3.74965],[117.59296,3.75097],[117.59351,3.75165],[117.59478,3.75322],[117.59562,3.75425],[117.59718,3.75617],[117.59711,3.75648],[117.59695,3.75672],[117.59684,3.7569],[117.59699,3.75713],[117.59714,3.7574],[117.59695,3.75759],[117.59674,3.75787],[117.59657,3.75805],[117.59617,3.75845],[117.59615,3.75868],[117.59592,3.75893],[117.59583,3.75918],[117.59602,3.75937],[117.59648,3.75962],[117.59639,3.75981],[117.59625,3.76012],[117.59607,3.76027],[117.59603,3.7604],[117.59596,3.76046],[117.59594,3.76046],[117.59581,3.76042],[117.59576,3.76047],[117.59579,3.76072],[117.59589,3.76082],[117.596,3.76082],[117.59603,3.76082],[117.59612,3.76082],[117.59625,3.76085],[117.59644,3.76096],[117.59649,3.76112],[117.59648,3.76119],[117.59641,3.76127],[117.59638,3.7613],[117.59638,3.76151],[117.59635,3.76173],[117.5963,3.76174],[117.59628,3.76172],[117.59621,3.76164],[117.5961,3.76156],[117.59598,3.76159],[117.59594,3.76169],[117.59596,3.76179],[117.5961,3.76187],[117.59627,3.76197],[117.59629,3.762],[117.59629,3.76211],[117.5963,3.76214],[117.59627,3.76221],[117.59627,3.76229],[117.59626,3.76239],[117.59626,3.76242],[117.59618,3.76251],[117.59607,3.76255],[117.59602,3.76254],[117.59593,3.76253],[117.59588,3.76248],[117.59584,3.76243],[117.59579,3.76237],[117.59572,3.76238],[117.59562,3.76248],[117.59556,3.76254],[117.59547,3.76259],[117.59537,3.76262],[117.59524,3.76265],[117.59512,3.76268],[117.59499,3.76268],[117.5949,3.76271],[117.59483,3.76275],[117.59476,3.76279],[117.59467,3.76282],[117.59462,3.76285],[117.59461,3.76289],[117.5946,3.76302],[117.59468,3.76306],[117.59477,3.76305],[117.59491,3.76305],[117.59506,3.76309],[117.59517,3.76311],[117.5953,3.76319],[117.59543,3.76327],[117.59552,3.76327],[117.59582,3.76319],[117.59611,3.76312],[117.59619,3.76313],[117.59633,3.76322],[117.59636,3.76327],[117.59636,3.76343],[117.5963,3.76349],[117.59617,3.76356],[117.59602,3.76359],[117.59592,3.7636],[117.59581,3.76363],[117.59574,3.76371],[117.59581,3.76393],[117.59589,3.76414],[117.59589,3.76426],[117.59589,3.76434],[117.59592,3.76447],[117.59603,3.76457],[117.59618,3.76465],[117.59629,3.76469],[117.59634,3.76475],[117.59634,3.76481],[117.59635,3.76489],[117.59634,3.76496],[117.59627,3.76497],[117.59618,3.76496],[117.59602,3.76491],[117.59594,3.76489],[117.59582,3.76487],[117.59577,3.76494],[117.5958,3.76513],[117.59586,3.76523],[117.59595,3.76536],[117.59605,3.76544],[117.59614,3.76547],[117.59622,3.76557],[117.59628,3.7657],[117.59629,3.76589],[117.59627,3.76608],[117.59629,3.76617],[117.59631,3.7663],[117.59634,3.7665],[117.5964,3.76663],[117.59651,3.76674],[117.59666,3.76694],[117.59668,3.76706],[117.59674,3.76719],[117.59673,3.76727],[117.59663,3.76735],[117.5965,3.76733],[117.5964,3.76729],[117.59637,3.76726],[117.5962,3.76725],[117.59614,3.76723],[117.59606,3.76721],[117.59603,3.76735],[117.5961,3.7675],[117.59629,3.76763],[117.59643,3.76777],[117.59662,3.76796],[117.59662,3.76803],[117.59667,3.76816],[117.59665,3.76832],[117.59648,3.76836],[117.5964,3.7684],[117.59632,3.76844],[117.59634,3.76859],[117.59647,3.76865],[117.59659,3.76865],[117.59667,3.76863],[117.59686,3.76867],[117.59698,3.76881],[117.59696,3.76892],[117.59685,3.76912],[117.59686,3.76928],[117.59703,3.76945],[117.59717,3.76954],[117.59742,3.76967],[117.59747,3.76974],[117.59763,3.76995],[117.59774,3.77008],[117.59785,3.77027],[117.59793,3.77038],[117.59802,3.77055],[117.59809,3.77072],[117.59817,3.7709],[117.59822,3.77114],[117.59822,3.77129],[117.59831,3.77143],[117.59835,3.77165],[117.5983,3.77183],[117.59813,3.77184],[117.59791,3.77181],[117.59772,3.7718],[117.59747,3.77185],[117.59725,3.77194],[117.59724,3.77211],[117.59725,3.77226],[117.59748,3.77241],[117.59775,3.77259],[117.59788,3.77279],[117.59791,3.77301],[117.59796,3.77306],[117.59815,3.77318],[117.59788,3.77416],[117.59879,3.77336],[117.59998,3.77288],[117.60074,3.77266],[117.60074,3.77266],[117.60207,3.7723],[117.60536,3.77142],[117.6088,3.77145],[117.61317,3.77225],[117.61718,3.77445],[117.62367,3.77633],[117.63102,3.77609],[117.63311,3.77496],[117.63312,3.77495],[117.63313,3.77495],[117.63567,3.77357],[117.63725,3.77234],[117.63992,3.77058],[117.64084,3.77016],[117.64106,3.77005]]]]},"properties":{"kdprov":"65","kdkab":"03","kdkec":"050","kddesa":"003","kdsls":"2001","idsls":"65030500032001","nmprov":"KALIMANTAN UTARA","nmkab":"TANA TIDUNG","nmkec":"TANA LIA","nmdesa":"TENGKU DACING","nmsls":"HUTAN"}},{"type":"Feature","geometry":{"type":"MultiPolygon","coordinates":[[[[117.54612,3.66884],[117.5469,3.66843],[117.5474,3.66817],[117.54756,3.66808],[117.54847,3.6676],[117.54938,3.66716],[117.54972,3.66696],[117.55004,3.66678],[117.55018,3.6667],[117.55043,3.66655],[117.55083,3.66632],[117.55092,3.66628],[117.55647,3.66344],[117.55945,3.66192],[117.55958,3.66185],[117.55924,3.66096],[117.5589,3.66006],[117.55793,3.65755],[117.55793,3.65755],[117.55813,3.65747],[117.55991,3.65674],[117.56305,3.65544],[117.57083,3.65224],[117.57051,3.65218],[117.56466,3.64056],[117.56367,3.64108],[117.56269,3.64176],[117.56184,3.64218],[117.56015,3.64321],[117.55781,3.64471],[117.556,3.64591],[117.5462,3.65437],[117.5456,3.65486],[117.54529,3.65526],[117.54487,3.65568],[117.544,3.65643],[117.54323,3.65711],[117.5425,3.65773],[117.54185,3.65824],[117.54082,3.65912],[117.54015,3.65975],[117.54006,3.65982],[117.53999,3.65987],[117.54021,3.66028],[117.54036,3.66046],[117.54069,3.6612],[117.54087,3.66169],[117.5412,3.66222],[117.54192,3.66314],[117.5419,3.6633],[117.54188,3.66351],[117.54174,3.66377],[117.54151,3.66425],[117.54138,3.66539],[117.54131,3.66698],[117.54133,3.66706],[117.54144,3.66759],[117.54145,3.66761],[117.54151,3.66782],[117.54156,3.66796],[117.542,3.66895],[117.54219,3.66916],[117.54248,3.6695],[117.54276,3.66969],[117.54291,3.6698],[117.54298,3.66994],[117.54314,3.67028],[117.54319,3.67039],[117.54612,3.66884]]]]},"properties":{"kdprov":"65","kdkab":"03","kdkec":"050","kddesa":"002","kdsls":"0001","idsls":"65030500020001","nmprov":"KALIMANTAN UTARA","nmkab":"TANA TIDUNG","nmkec":"TANA LIA","nmdesa":"SAMBUNGAN","nmsls":"RT 001"}},{"type":"Feature","geometry":{"type":"MultiPolygon","coordinates":[[[[117.53252,3.67179],[117.53252,3.67179],[117.53235,3.6717],[117.53224,3.67163],[117.53168,3.67056],[117.53163,3.67045],[117.53156,3.67018],[117.53143,3.66974],[117.53138,3.6696],[117.53135,3.66953],[117.53129,3.66941],[117.53125,3.66932],[117.53121,3.66922],[117.53117,3.66904],[117.53116,3.6689],[117.53058,3.66934],[117.53021,3.66962],[117.53014,3.66967],[117.52955,3.67011],[117.52974,3.67042],[117.52992,3.67075],[117.53061,3.67204],[117.53248,3.6755],[117.53318,3.6768],[117.53352,3.67745],[117.53572,3.68148],[117.53651,3.68293],[117.53748,3.68469],[117.5378,3.68468],[117.53795,3.68467],[117.53824,3.68461],[117.53843,3.68455],[117.53886,3.68433],[117.53888,3.68432],[117.53892,3.68435],[117.53868,3.68387],[117.53809,3.68266],[117.53756,3.68162],[117.53258,3.67183],[117.53252,3.67179]]]]},"properties":{"kdprov":"65","kdkab":"03","kdkec":"050","kddesa":"001","kdsls":"0005","idsls":"65030500010005","nmprov":"KALIMANTAN UTARA","nmkab":"TANA TIDUNG","nmkec":"TANA LIA","nmdesa":"TANAH MERAH","nmsls":"RT 005"}},{"type":"Feature","geometry":{"type":"MultiPolygon","coordinates":[[[[117.51879,3.59099],[117.51736,3.59126],[117.51517,3.59171],[117.51386,3.59195],[117.51249,3.59227],[117.51058,3.59275],[117.5094,3.5931],[117.50875,3.59331],[117.50835,3.59347],[117.50748,3.59378],[117.50701,3.59408],[117.50697,3.5942],[117.50692,3.59439],[117.50691,3.59466],[117.50697,3.59501],[117.50715,3.59535],[117.50735,3.59573],[117.50757,3.5961],[117.50799,3.59709],[117.50818,3.5976],[117.50832,3.59792],[117.5086,3.59851],[117.50868,3.59869],[117.50886,3.59906],[117.50907,3.59942],[117.50945,3.59995],[117.50982,3.60061],[117.50998,3.60088],[117.51016,3.60118],[117.51037,3.60168],[117.51071,3.60243],[117.51085,3.60286],[117.51099,3.60319],[117.51129,3.60409],[117.5114,3.60449],[117.51152,3.60501],[117.51173,3.60599],[117.51173,3.60635],[117.51198,3.60761],[117.5122,3.60842],[117.51234,3.60892],[117.51252,3.6095],[117.5127,3.60993],[117.51271,3.60998],[117.51288,3.61041],[117.51306,3.61077],[117.51326,3.61104],[117.51352,3.61133],[117.51389,3.61175],[117.51427,3.61211],[117.51428,3.61212],[117.51492,3.61272],[117.51505,3.61283],[117.5156,3.61331],[117.51583,3.61353],[117.51632,3.61399],[117.51665,3.61425],[117.51725,3.61455],[117.51849,3.61504],[117.51892,3.61517],[117.51952,3.61525],[117.52,3.61531],[117.52014,3.61532],[117.52047,3.61535],[117.52074,3.61537],[117.52106,3.61538],[117.52161,3.6154],[117.52275,3.6153],[117.52481,3.6149],[117.52591,3.61463],[117.52681,3.61437],[117.52898,3.61331],[117.53083,3.61259],[117.53109,3.61252],[117.53126,3.61247],[117.5328,3.61203],[117.53428,3.61155],[117.53556,3.61113],[117.53693,3.61065],[117.53854,3.6099],[117.53973,3.60936],[117.54124,3.60844],[117.54143,3.60835],[117.54164,3.60828],[117.54173,3.60824],[117.54181,3.6082],[117.54189,3.60812],[117.54202,3.60793],[117.54216,3.60781],[117.54231,3.60771],[117.54253,3.60758],[117.54275,3.60748],[117.54319,3.60736],[117.54338,3.60726],[117.54354,3.60709],[117.54369,3.60683],[117.54381,3.60656],[117.54383,3.6065],[117.54396,3.60622],[117.54408,3.606],[117.54411,3.60593],[117.54424,3.6057],[117.54462,3.60513],[117.54464,3.60511],[117.54479,3.60486],[117.5449,3.60467],[117.54505,3.60441],[117.5452,3.60404],[117.54555,3.60383],[117.54594,3.60365],[117.54627,3.60344],[117.54628,3.60344],[117.54655,3.60322],[117.54667,3.603],[117.54682,3.60244],[117.54683,3.60242],[117.54697,3.60213],[117.54714,3.60186],[117.5473,3.60169],[117.5477,3.60144],[117.5478,3.60138],[117.54818,3.60116],[117.54846,3.60096],[117.54864,3.60084],[117.54873,3.60076],[117.54879,3.60064],[117.54877,3.60051],[117.54871,3.60046],[117.54858,3.60039],[117.54847,3.60031],[117.54842,3.60022],[117.54852,3.59996],[117.54861,3.59974],[117.54878,3.59958],[117.54895,3.59939],[117.54903,3.5993],[117.54927,3.59896],[117.54937,3.5987],[117.54941,3.59828],[117.54937,3.59767],[117.54918,3.59603],[117.54915,3.59527],[117.54912,3.59467],[117.54914,3.59366],[117.5492,3.59178],[117.54907,3.59002],[117.54887,3.58863],[117.54883,3.58843],[117.5488,3.58817],[117.54905,3.58758],[117.54923,3.5872],[117.54942,3.58685],[117.54959,3.58658],[117.54973,3.58627],[117.54974,3.58576],[117.54965,3.58481],[117.54924,3.58342],[117.54891,3.58232],[117.54874,3.58202],[117.54852,3.58171],[117.5483,3.58155],[117.54777,3.58127],[117.54744,3.58109],[117.54694,3.58094],[117.54655,3.58082],[117.54598,3.58065],[117.54544,3.58055],[117.54472,3.58045],[117.54406,3.58047],[117.54278,3.58073],[117.54124,3.58121],[117.53996,3.58182],[117.53894,3.58227],[117.53758,3.58297],[117.53742,3.58306],[117.53643,3.5836],[117.53479,3.58455],[117.53327,3.58537],[117.53166,3.58613],[117.53045,3.58679],[117.52992,3.58698],[117.52958,3.58714],[117.52856,3.58763],[117.52731,3.58824],[117.52609,3.58873],[117.52488,3.58922],[117.52471,3.58927],[117.52303,3.58983],[117.52183,3.59021],[117.52033,3.59063],[117.51879,3.59099]]]]},"properties":{"kdprov":"65","kdkab":"03","kdkec":"050","kddesa":"002","kdsls":"1001","idsls":"65030500021001","nmprov":"KALIMANTAN UTARA","nmkab":"TANA TIDUNG","nmkec":"TANA LIA","nmdesa":"SAMBUNGAN","nmsls":"KAMP PERUSAHAAN PULAU TEMBAGAN"}},{"type":"Feature","geometry":{"type":"MultiPolygon","coordinates":[[[[117.78427,3.75152],[117.78544,3.75151],[117.78698,3.75157],[117.78875,3.7518],[117.79047,3.75206],[117.79236,3.75254],[117.7946,3.75291],[117.79704,3.75331],[117.79964,3.7535],[117.80245,3.75369],[117.80517,3.75363],[117.80749,3.75342],[117.80821,3.7533],[117.80849,3.75333],[117.80874,3.75336],[117.80911,3.75335],[117.80949,3.75306],[117.80989,3.7525],[117.81024,3.75193],[117.81039,3.75169],[117.81045,3.75159],[117.81091,3.75096],[117.81118,3.75062],[117.81148,3.75024],[117.8113,3.75],[117.81135,3.74991],[117.8114,3.74984],[117.81156,3.7497],[117.81167,3.74962],[117.8117,3.74959],[117.81188,3.74942],[117.81189,3.74941],[117.81198,3.74929],[117.81209,3.74906],[117.81211,3.74886],[117.81211,3.74869],[117.81218,3.74848],[117.81239,3.74832],[117.81261,3.74804],[117.8128,3.74777],[117.81295,3.74747],[117.81302,3.74724],[117.81313,3.74699],[117.81324,3.7468],[117.81343,3.74651],[117.81364,3.74631],[117.81389,3.74604],[117.81407,3.74578],[117.81425,3.74551],[117.81429,3.74544],[117.81448,3.74505],[117.81449,3.74506],[117.81449,3.74505],[117.81457,3.74482],[117.81476,3.74441],[117.81483,3.74422],[117.81484,3.74396],[117.81486,3.7437],[117.81498,3.74344],[117.8151,3.74331],[117.81516,3.74317],[117.81517,3.74305],[117.81519,3.74278],[117.81521,3.74249],[117.81525,3.74223],[117.81525,3.74193],[117.81524,3.74167],[117.81526,3.74134],[117.8153,3.74103],[117.81538,3.74073],[117.81544,3.74042],[117.81548,3.74016],[117.81548,3.73997],[117.81542,3.73981],[117.81534,3.73967],[117.81522,3.73946],[117.81514,3.73919],[117.8151,3.73887],[117.81506,3.73857],[117.815,3.73829],[117.81486,3.73793],[117.81472,3.73765],[117.81442,3.73704],[117.81426,3.73666],[117.81424,3.73644],[117.81426,3.73627],[117.81431,3.73599],[117.81434,3.73573],[117.81429,3.73556],[117.81422,3.73538],[117.81415,3.73511],[117.81414,3.73506],[117.81412,3.73486],[117.81407,3.73464],[117.81396,3.73439],[117.8138,3.73411],[117.81358,3.73377],[117.81358,3.73376],[117.81351,3.73365],[117.81339,3.73344],[117.81339,3.73343],[117.8132,3.73309],[117.81315,3.73299],[117.81272,3.73232],[117.81256,3.73205],[117.81244,3.73187],[117.81219,3.7317],[117.81184,3.7316],[117.81138,3.73141],[117.81114,3.73123],[117.81086,3.73099],[117.81072,3.73077],[117.81061,3.7306],[117.81051,3.73051],[117.81034,3.7304],[117.81017,3.73034],[117.80991,3.73029],[117.80958,3.73035],[117.8091,3.73056],[117.80879,3.7306],[117.8086,3.73058],[117.80848,3.73057],[117.80847,3.73057],[117.80825,3.73049],[117.8081,3.73041],[117.8079,3.73031],[117.80751,3.73026],[117.80646,3.7303],[117.80585,3.73038],[117.80521,3.73053],[117.80463,3.73074],[117.80063,3.73211],[117.79949,3.73266],[117.79791,3.7345],[117.79704,3.73563],[117.79592,3.73713],[117.79443,3.739],[117.79232,3.74089],[117.78896,3.74227],[117.78696,3.74251],[117.78597,3.74264],[117.78274,3.74264],[117.78175,3.74264],[117.78004,3.74229],[117.7787,3.74202],[117.77812,3.74247],[117.77674,3.74391],[117.77671,3.74394],[117.77587,3.74482],[117.77509,3.74569],[117.77417,3.74644],[117.77319,3.7471],[117.77196,3.7477],[117.77103,3.74809],[117.76975,3.74857],[117.7681,3.74919],[117.76633,3.74977],[117.76574,3.75],[117.76523,3.75015],[117.76494,3.75029],[117.7646,3.75041],[117.76439,3.75049],[117.76346,3.75085],[117.76291,3.751],[117.76225,3.75126],[117.76165,3.75145],[117.7605,3.75176],[117.75967,3.75197],[117.75915,3.75209],[117.7589,3.75218],[117.75864,3.75227],[117.75861,3.75228],[117.75836,3.75237],[117.75826,3.75241],[117.758,3.75249],[117.75733,3.75247],[117.75708,3.75255],[117.75692,3.7526],[117.75666,3.75268],[117.7564,3.75275],[117.75628,3.75279],[117.75602,3.75288],[117.75577,3.75297],[117.75565,3.75301],[117.75539,3.75308],[117.75513,3.75315],[117.75486,3.75317],[117.75475,3.75318],[117.75448,3.75322],[117.75442,3.75323],[117.75415,3.75328],[117.75408,3.75329],[117.75382,3.75336],[117.75356,3.75343],[117.75349,3.75344],[117.75323,3.75348],[117.75296,3.75351],[117.75269,3.75354],[117.75266,3.75354],[117.75239,3.75358],[117.75212,3.75361],[117.75196,3.75363],[117.7517,3.75368],[117.75156,3.75371],[117.7513,3.75379],[117.75103,3.75386],[117.75077,3.75393],[117.75051,3.754],[117.75026,3.75409],[117.75,3.75412],[117.74902,3.75438],[117.74737,3.7553],[117.74732,3.75533],[117.74676,3.75587],[117.74641,3.75607],[117.7452,3.75681],[117.74513,3.75713],[117.74442,3.7575],[117.74329,3.75822],[117.74275,3.7587],[117.74254,3.75902],[117.74252,3.7592],[117.74248,3.75962],[117.74254,3.75984],[117.74271,3.76003],[117.74292,3.76023],[117.74329,3.76047],[117.74354,3.76066],[117.74412,3.76111],[117.74436,3.76129],[117.74563,3.76199],[117.74682,3.76207],[117.74759,3.76207],[117.74864,3.76191],[117.75,3.76165],[117.75,3.76165],[117.7508,3.76145],[117.75155,3.76121],[117.75302,3.7608],[117.75328,3.76074],[117.75442,3.76047],[117.75451,3.76044],[117.75476,3.76033],[117.75501,3.76023],[117.75518,3.76015],[117.75543,3.76006],[117.75562,3.75998],[117.75587,3.75988],[117.75606,3.7598],[117.75631,3.75969],[117.75656,3.75958],[117.75669,3.75952],[117.75693,3.75941],[117.75718,3.7593],[117.75732,3.75924],[117.75757,3.75914],[117.75955,3.7584],[117.76134,3.75763],[117.76322,3.75686],[117.76506,3.75608],[117.76681,3.75529],[117.76894,3.7545],[117.7708,3.75384],[117.7721,3.75337],[117.77355,3.75298],[117.77436,3.75279],[117.77494,3.75265],[117.77665,3.75237],[117.77784,3.75217],[117.77812,3.75213],[117.77822,3.75211],[117.7782,3.75212],[117.77944,3.75196],[117.78073,3.75185],[117.78216,3.75171],[117.7828,3.75165],[117.78427,3.75152]]],[[[117.75803,3.75068],[117.75829,3.75062],[117.75855,3.75055],[117.75881,3.75049],[117.75969,3.75037],[117.75995,3.7503],[117.75998,3.75029],[117.76024,3.7502],[117.76043,3.75013],[117.76049,3.7501],[117.76115,3.75007],[117.76189,3.75004],[117.76244,3.75001],[117.76269,3.75],[117.76448,3.74945],[117.76695,3.74854],[117.76938,3.74763],[117.772,3.74662],[117.77281,3.74614],[117.77294,3.74589],[117.77305,3.74566],[117.77326,3.7449],[117.77333,3.7442],[117.77345,3.74394],[117.77357,3.74368],[117.7736,3.74334],[117.77321,3.7431],[117.7705,3.74363],[117.76709,3.74445],[117.76376,3.74543],[117.75887,3.74687],[117.75606,3.74776],[117.7538,3.74858],[117.75156,3.74956],[117.75101,3.7499],[117.75086,3.75],[117.75068,3.75012],[117.75036,3.75033],[117.7501,3.75051],[117.75,3.75058],[117.7495,3.75092],[117.74916,3.75135],[117.74909,3.75159],[117.74959,3.75183],[117.75,3.75188],[117.75035,3.75165],[117.75036,3.75164],[117.75046,3.75164],[117.75065,3.75167],[117.75065,3.75167],[117.75063,3.75164],[117.7509,3.75164],[117.75117,3.75164],[117.75144,3.75164],[117.75171,3.75163],[117.75198,3.75163],[117.75225,3.75163],[117.75252,3.75163],[117.75276,3.7516],[117.75303,3.75156],[117.7533,3.75152],[117.75353,3.75149],[117.75356,3.75149],[117.75365,3.75147],[117.75383,3.75145],[117.7541,3.75141],[117.75437,3.75138],[117.7545,3.75135],[117.75476,3.75131],[117.75503,3.75126],[117.7553,3.75121],[117.75556,3.75116],[117.75583,3.75111],[117.75609,3.75106],[117.75636,3.75102],[117.75663,3.75097],[117.75689,3.75092],[117.75716,3.75087],[117.75742,3.75082],[117.7575,3.7508],[117.75776,3.75074],[117.75803,3.75068]]],[[[117.7851,3.73914],[117.78398,3.73952],[117.78286,3.74002],[117.78199,3.74039],[117.78143,3.74084],[117.78137,3.74152],[117.78423,3.74152],[117.78709,3.74126],[117.78936,3.74104],[117.7897,3.74101],[117.79108,3.74026],[117.79232,3.73951],[117.79319,3.73863],[117.79331,3.73841],[117.79382,3.73746],[117.79393,3.73726],[117.79381,3.73676],[117.79306,3.73676],[117.79095,3.73726],[117.78958,3.73789],[117.7851,3.73914]]]]},"properties":{"kdprov":"65","kdkab":"03","kdkec":"050","kddesa":"003","kdsls":"1004","idsls":"65030500031004","nmprov":"KALIMANTAN UTARA","nmkab":"TANA TIDUNG","nmkec":"TANA LIA","nmdesa":"TENGKU DACING","nmsls":"TAMBAK"}},{"type":"Feature","geometry":{"type":"MultiPolygon","coordinates":[[[[117.48968,3.71958],[117.49033,3.72031],[117.49104,3.72164],[117.49112,3.72288],[117.49123,3.72386],[117.49107,3.7246],[117.49033,3.72564],[117.48907,3.72672],[117.48602,3.72719],[117.48382,3.72728],[117.48336,3.72772],[117.48341,3.7287],[117.48509,3.73625],[117.48548,3.73893],[117.48641,3.74208],[117.486,3.74452],[117.48514,3.74692],[117.48131,3.74903],[117.47996,3.74946],[117.47835,3.75063],[117.47833,3.75383],[117.47821,3.75586],[117.47862,3.75739],[117.4793,3.75805],[117.4837,3.76504],[117.48748,3.76816],[117.49569,3.77334],[117.49725,3.77393],[117.49877,3.77402],[117.49847,3.77231],[117.49779,3.7707],[117.49828,3.76772],[117.49974,3.76606],[117.50092,3.76528],[117.50248,3.76509],[117.50477,3.76504],[117.51288,3.76977],[117.51503,3.77148],[117.5162,3.77261],[117.51918,3.77412],[117.52094,3.77432],[117.5228,3.77427],[117.52421,3.77368],[117.52753,3.76826],[117.52885,3.76684],[117.53061,3.76631],[117.53144,3.76611],[117.53349,3.76665],[117.53418,3.76704],[117.54697,3.77603],[117.54968,3.77773],[117.55235,3.77941],[117.5541,3.78052],[117.55733,3.78213],[117.55857,3.78251],[117.55837,3.78219],[117.5546,3.77635],[117.54274,3.75793],[117.54235,3.75733],[117.54259,3.75684],[117.54279,3.75641],[117.54273,3.7558],[117.54248,3.75534],[117.54204,3.75456],[117.54195,3.75446],[117.54147,3.75409],[117.54056,3.75374],[117.54003,3.75374],[117.53973,3.75366],[117.53924,3.75343],[117.53905,3.75304],[117.53863,3.75212],[117.53843,3.75167],[117.53837,3.75112],[117.53842,3.75065],[117.53846,3.75027],[117.53836,3.74973],[117.53807,3.7493],[117.5378,3.74909],[117.53756,3.74856],[117.53772,3.74826],[117.53799,3.7478],[117.53872,3.7475],[117.53904,3.7473],[117.53947,3.74683],[117.54011,3.74649],[117.5404,3.74643],[117.54111,3.74615],[117.54133,3.7459],[117.54143,3.74573],[117.54152,3.7452],[117.54158,3.74484],[117.54162,3.74439],[117.54161,3.74411],[117.54101,3.74334],[117.54039,3.74284],[117.53956,3.74242],[117.53931,3.74211],[117.5391,3.74176],[117.53903,3.74138],[117.53904,3.74128],[117.5392,3.74059],[117.5392,3.74052],[117.53923,3.74028],[117.53926,3.73996],[117.53943,3.73966],[117.53948,3.73962],[117.53952,3.7396],[117.53977,3.73942],[117.53982,3.73933],[117.53718,3.73829],[117.48968,3.71958]]]]},"properties":{"kdprov":"65","kdkab":"03","kdkec":"050","kddesa":"004","kdsls":"0006","idsls":"65030500040006","nmprov":"KALIMANTAN UTARA","nmkab":"TANA TIDUNG","nmkec":"TANA LIA","nmdesa":"TANAH MERAH BARAT","nmsls":"RT 006"}},{"type":"Feature","geometry":{"type":"MultiPolygon","coordinates":[[[[117.5246,3.67093],[117.52418,3.67121],[117.5219,3.67282],[117.52083,3.67372],[117.52093,3.67394],[117.52127,3.67399],[117.52134,3.67416],[117.52081,3.67397],[117.52042,3.67404],[117.5201,3.67453],[117.51934,3.67499],[117.51856,3.67582],[117.5164,3.67801],[117.51619,3.67822],[117.51272,3.68154],[117.51155,3.68339],[117.51013,3.6853],[117.50911,3.68779],[117.50823,3.68979],[117.50696,3.69258],[117.50598,3.69487],[117.50491,3.69707],[117.50315,3.70015],[117.50242,3.70205],[117.5009,3.70361],[117.49983,3.70503],[117.4988,3.7062],[117.49778,3.70718],[117.49421,3.71084],[117.49358,3.71128],[117.49216,3.71285],[117.49162,3.71299],[117.49001,3.71412],[117.48945,3.7146],[117.48899,3.71509],[117.48801,3.71562],[117.48706,3.71592],[117.4864,3.71629],[117.48598,3.71678],[117.48602,3.7172],[117.48739,3.71785],[117.48927,3.71912],[117.48968,3.71958],[117.53718,3.73829],[117.53982,3.73933],[117.53994,3.7391],[117.53998,3.73851],[117.53999,3.73845],[117.54028,3.73792],[117.54039,3.73787],[117.54073,3.73769],[117.54087,3.73758],[117.54124,3.73717],[117.54185,3.73701],[117.54238,3.73716],[117.54272,3.73714],[117.54304,3.73704],[117.54382,3.73644],[117.54409,3.73615],[117.54455,3.73593],[117.5451,3.73616],[117.54542,3.73612],[117.5459,3.73619],[117.54632,3.73617],[117.54713,3.73573],[117.54745,3.73512],[117.54698,3.7349],[117.54636,3.73475],[117.54535,3.73452],[117.5427,3.73393],[117.54218,3.73324],[117.54146,3.73225],[117.54133,3.73177],[117.54143,3.73082],[117.54136,3.7302],[117.54122,3.72939],[117.54095,3.72835],[117.54084,3.72777],[117.54082,3.72705],[117.54114,3.72669],[117.54158,3.72663],[117.54192,3.72645],[117.54211,3.72619],[117.54226,3.72587],[117.54222,3.72522],[117.54214,3.7248],[117.54221,3.72441],[117.54238,3.72385],[117.54246,3.72341],[117.54242,3.7228],[117.54249,3.7226],[117.5429,3.72155],[117.5429,3.72142],[117.54283,3.72066],[117.54287,3.72034],[117.54291,3.72008],[117.54314,3.71979],[117.54353,3.71954],[117.54387,3.71933],[117.54439,3.7189],[117.54476,3.71844],[117.54494,3.71795],[117.54493,3.71782],[117.5449,3.71751],[117.54479,3.71727],[117.54493,3.71717],[117.54489,3.71706],[117.54378,3.71643],[117.54369,3.71635],[117.5436,3.71624],[117.54343,3.71607],[117.54327,3.7159],[117.54314,3.71576],[117.54301,3.71562],[117.54275,3.71543],[117.54241,3.71526],[117.54209,3.7151],[117.5418,3.71493],[117.54156,3.71479],[117.54125,3.71457],[117.54112,3.71445],[117.54099,3.71428],[117.54089,3.71414],[117.54076,3.71391],[117.54065,3.7137],[117.54057,3.71349],[117.54045,3.71326],[117.54041,3.7132],[117.54036,3.71311],[117.54028,3.71287],[117.54024,3.71262],[117.54025,3.71248],[117.54032,3.71214],[117.54036,3.71192],[117.54044,3.71149],[117.54049,3.71114],[117.54054,3.71089],[117.54056,3.7107],[117.54061,3.71045],[117.54066,3.71012],[117.54075,3.70991],[117.54079,3.70983],[117.54091,3.70965],[117.54105,3.70939],[117.54101,3.70897],[117.54093,3.70892],[117.54028,3.70817],[117.53996,3.70758],[117.5399,3.70754],[117.54015,3.7073],[117.54036,3.70742],[117.54082,3.70706],[117.54137,3.70694],[117.54177,3.70686],[117.54202,3.70681],[117.54231,3.70654],[117.54271,3.70618],[117.54287,3.70604],[117.54324,3.70572],[117.5436,3.70541],[117.54381,3.70517],[117.53393,3.68614],[117.53294,3.68445],[117.52798,3.67606],[117.5277,3.67516],[117.5246,3.67093]]]]},"properties":{"kdprov":"65","kdkab":"03","kdkec":"050","kddesa":"004","kdsls":"0005","idsls":"65030500040005","nmprov":"KALIMANTAN UTARA","nmkab":"TANA TIDUNG","nmkec":"TANA LIA","nmdesa":"TANAH MERAH BARAT","nmsls":"RT 005"}},{"type":"Feature","geometry":{"type":"MultiPolygon","coordinates":[[[[117.6125,3.70885],[117.55511,3.71611],[117.55299,3.71638],[117.54942,3.71683],[117.54769,3.71611],[117.54631,3.71649],[117.54511,3.71725],[117.54504,3.7173],[117.54499,3.71733],[117.54493,3.71717],[117.54479,3.71727],[117.5449,3.71751],[117.54493,3.71782],[117.54494,3.71795],[117.54476,3.71844],[117.54439,3.7189],[117.54387,3.71933],[117.54353,3.71954],[117.54314,3.71979],[117.54291,3.72008],[117.54287,3.72034],[117.54283,3.72066],[117.5429,3.72142],[117.5429,3.72155],[117.54249,3.7226],[117.54242,3.7228],[117.54246,3.72341],[117.54238,3.72385],[117.54221,3.72441],[117.54214,3.7248],[117.54222,3.72522],[117.54226,3.72587],[117.54211,3.72619],[117.54192,3.72645],[117.54158,3.72663],[117.54114,3.72669],[117.54082,3.72705],[117.54084,3.72777],[117.54095,3.72835],[117.54122,3.72939],[117.54136,3.7302],[117.54143,3.73082],[117.54133,3.73177],[117.54146,3.73225],[117.54218,3.73324],[117.5427,3.73393],[117.54535,3.73452],[117.54636,3.73475],[117.54698,3.7349],[117.54745,3.73512],[117.54713,3.73573],[117.54632,3.73617],[117.5459,3.73619],[117.54542,3.73612],[117.5451,3.73616],[117.54455,3.73593],[117.54409,3.73615],[117.54382,3.73644],[117.54304,3.73704],[117.54272,3.73714],[117.54238,3.73716],[117.54185,3.73701],[117.54124,3.73717],[117.54087,3.73758],[117.54073,3.73769],[117.54039,3.73787],[117.54028,3.73792],[117.53999,3.73845],[117.53998,3.73851],[117.53994,3.7391],[117.53982,3.73933],[117.53977,3.73942],[117.53952,3.7396],[117.53948,3.73962],[117.53943,3.73966],[117.53926,3.73996],[117.53923,3.74028],[117.5392,3.74052],[117.5392,3.74059],[117.53904,3.74128],[117.53903,3.74138],[117.5391,3.74176],[117.53931,3.74211],[117.53956,3.74242],[117.54039,3.74284],[117.54101,3.74334],[117.54161,3.74411],[117.54162,3.74439],[117.54158,3.74484],[117.54152,3.7452],[117.54143,3.74573],[117.54133,3.7459],[117.54111,3.74615],[117.5404,3.74643],[117.54011,3.74649],[117.53947,3.74683],[117.53904,3.7473],[117.53872,3.7475],[117.53799,3.7478],[117.53772,3.74826],[117.53756,3.74856],[117.5378,3.74909],[117.53807,3.7493],[117.53836,3.74973],[117.53846,3.75027],[117.53842,3.75065],[117.53837,3.75112],[117.53843,3.75167],[117.53863,3.75212],[117.53905,3.75304],[117.53924,3.75343],[117.53973,3.75366],[117.54003,3.75374],[117.54056,3.75374],[117.54147,3.75409],[117.54195,3.75446],[117.54204,3.75456],[117.54248,3.75534],[117.54273,3.7558],[117.54279,3.75641],[117.54259,3.75684],[117.54235,3.75733],[117.54274,3.75793],[117.5546,3.77635],[117.55837,3.78219],[117.55857,3.78251],[117.55957,3.78281],[117.56156,3.78295],[117.56163,3.78304],[117.56312,3.7826],[117.56536,3.78183],[117.56699,3.78128],[117.57104,3.77924],[117.57413,3.77888],[117.57452,3.77891],[117.57795,3.77912],[117.58069,3.78079],[117.58582,3.78617],[117.58951,3.78988],[117.59225,3.79299],[117.59428,3.79407],[117.5947,3.79425],[117.59618,3.79491],[117.59726,3.79454],[117.59833,3.79335],[117.59881,3.79191],[117.59821,3.78939],[117.59785,3.78724],[117.59713,3.78569],[117.59666,3.7833],[117.59534,3.77983],[117.59534,3.77755],[117.59593,3.776],[117.59639,3.77554],[117.59701,3.77492],[117.59788,3.77416],[117.59815,3.77318],[117.59796,3.77306],[117.59791,3.77301],[117.59788,3.77279],[117.59775,3.77259],[117.59748,3.77241],[117.59725,3.77226],[117.59724,3.77211],[117.59725,3.77194],[117.59747,3.77185],[117.59772,3.7718],[117.59791,3.77181],[117.59813,3.77184],[117.5983,3.77183],[117.59835,3.77165],[117.59831,3.77143],[117.59822,3.77129],[117.59822,3.77114],[117.59817,3.7709],[117.59809,3.77072],[117.59802,3.77055],[117.59793,3.77038],[117.59785,3.77027],[117.59774,3.77008],[117.59763,3.76995],[117.59747,3.76974],[117.59742,3.76967],[117.59717,3.76954],[117.59703,3.76945],[117.59686,3.76928],[117.59685,3.76912],[117.59696,3.76892],[117.59698,3.76881],[117.59686,3.76867],[117.59667,3.76863],[117.59659,3.76865],[117.59647,3.76865],[117.59634,3.76859],[117.59632,3.76844],[117.5964,3.7684],[117.59648,3.76836],[117.59665,3.76832],[117.59667,3.76816],[117.59662,3.76803],[117.59662,3.76796],[117.59643,3.76777],[117.59629,3.76763],[117.5961,3.7675],[117.59603,3.76735],[117.59606,3.76721],[117.59614,3.76723],[117.5962,3.76725],[117.59637,3.76726],[117.5964,3.76729],[117.5965,3.76733],[117.59663,3.76735],[117.59673,3.76727],[117.59674,3.76719],[117.59668,3.76706],[117.59666,3.76694],[117.59651,3.76674],[117.5964,3.76663],[117.59634,3.7665],[117.59631,3.7663],[117.59629,3.76617],[117.59627,3.76608],[117.59629,3.76589],[117.59628,3.7657],[117.59622,3.76557],[117.59614,3.76547],[117.59605,3.76544],[117.59595,3.76536],[117.59586,3.76523],[117.5958,3.76513],[117.59577,3.76494],[117.59582,3.76487],[117.59594,3.76489],[117.59602,3.76491],[117.59618,3.76496],[117.59627,3.76497],[117.59634,3.76496],[117.59635,3.76489],[117.59634,3.76481],[117.59634,3.76475],[117.59629,3.76469],[117.59618,3.76465],[117.59603,3.76457],[117.59592,3.76447],[117.59589,3.76434],[117.59589,3.76426],[117.59589,3.76414],[117.59581,3.76393],[117.59574,3.76371],[117.59581,3.76363],[117.59592,3.7636],[117.59602,3.76359],[117.59617,3.76356],[117.5963,3.76349],[117.59636,3.76343],[117.59636,3.76327],[117.59633,3.76322],[117.59619,3.76313],[117.59611,3.76312],[117.59582,3.76319],[117.59552,3.76327],[117.59543,3.76327],[117.5953,3.76319],[117.59517,3.76311],[117.59506,3.76309],[117.59491,3.76305],[117.59477,3.76305],[117.59468,3.76306],[117.5946,3.76302],[117.59461,3.76289],[117.59462,3.76285],[117.59467,3.76282],[117.59476,3.76279],[117.59483,3.76275],[117.5949,3.76271],[117.59499,3.76268],[117.59512,3.76268],[117.59524,3.76265],[117.59537,3.76262],[117.59547,3.76259],[117.59556,3.76254],[117.59562,3.76248],[117.59572,3.76238],[117.59579,3.76237],[117.59584,3.76243],[117.59588,3.76248],[117.59593,3.76253],[117.59602,3.76254],[117.59607,3.76255],[117.59618,3.76251],[117.59626,3.76242],[117.59626,3.76239],[117.59627,3.76229],[117.59627,3.76221],[117.5963,3.76214],[117.59629,3.76211],[117.59629,3.762],[117.59627,3.76197],[117.5961,3.76187],[117.59596,3.76179],[117.59594,3.76169],[117.59598,3.76159],[117.5961,3.76156],[117.59621,3.76164],[117.59628,3.76172],[117.5963,3.76174],[117.59635,3.76173],[117.59638,3.76151],[117.59638,3.7613],[117.59641,3.76127],[117.59648,3.76119],[117.59649,3.76112],[117.59644,3.76096],[117.59625,3.76085],[117.59612,3.76082],[117.59603,3.76082],[117.596,3.76082],[117.59589,3.76082],[117.59579,3.76072],[117.59576,3.76047],[117.59581,3.76042],[117.59594,3.76046],[117.59596,3.76046],[117.59603,3.7604],[117.59607,3.76027],[117.59625,3.76012],[117.59639,3.75981],[117.59648,3.75962],[117.59602,3.75937],[117.59583,3.75918],[117.59592,3.75893],[117.59615,3.75868],[117.59617,3.75845],[117.59657,3.75805],[117.59674,3.75787],[117.59695,3.75759],[117.59714,3.7574],[117.59699,3.75713],[117.59684,3.7569],[117.59695,3.75672],[117.59711,3.75648],[117.59718,3.75617],[117.59562,3.75425],[117.59478,3.75322],[117.59351,3.75165],[117.59296,3.75097],[117.59189,3.74965],[117.59301,3.74744],[117.59367,3.74612],[117.60932,3.71514],[117.61041,3.71298],[117.61093,3.71196],[117.61203,3.70978],[117.6123,3.70925],[117.61234,3.70917],[117.6125,3.70885]]]]},"properties":{"kdprov":"65","kdkab":"03","kdkec":"050","kddesa":"001","kdsls":"0008","idsls":"65030500010008","nmprov":"KALIMANTAN UTARA","nmkab":"TANA TIDUNG","nmkec":"TANA LIA","nmdesa":"TANAH MERAH","nmsls":"RT 008"}},{"type":"Feature","geometry":{"type":"MultiPolygon","coordinates":[[[[117.64173,3.72756],[117.64706,3.72724],[117.64844,3.72716],[117.65009,3.72675],[117.65032,3.72669],[117.65685,3.72518],[117.65642,3.72288],[117.65655,3.72114],[117.65676,3.71836],[117.65747,3.71722],[117.65699,3.71612],[117.65733,3.7146],[117.65647,3.71337],[117.6559,3.7089],[117.65547,3.70672],[117.65457,3.70213],[117.65245,3.70247],[117.63745,3.70486],[117.64094,3.72334],[117.64173,3.72756]]]]},"properties":{"kdprov":"65","kdkab":"03","kdkec":"050","kddesa":"003","kdsls":"0004","idsls":"65030500030004","nmprov":"KALIMANTAN UTARA","nmkab":"TANA TIDUNG","nmkec":"TANA LIA","nmdesa":"TENGKU DACING","nmsls":"RT 004"}},{"type":"Feature","geometry":{"type":"MultiPolygon","coordinates":[[[[117.75305,3.68646],[117.75285,3.68579],[117.75301,3.68504],[117.7531,3.68437],[117.7531,3.68387],[117.75301,3.6832],[117.75268,3.6827],[117.75226,3.68228],[117.75201,3.68103],[117.75209,3.67985],[117.75217,3.67859],[117.75217,3.67767],[117.75209,3.6765],[117.75201,3.67558],[117.75192,3.67466],[117.75142,3.67357],[117.75076,3.6724],[117.74992,3.67197],[117.74958,3.67164],[117.74908,3.67148],[117.74841,3.67073],[117.74792,3.67014],[117.74741,3.66972],[117.74675,3.66947],[117.74625,3.66938],[117.74574,3.66938],[117.745,3.66938],[117.74408,3.66938],[117.74316,3.66938],[117.74266,3.66947],[117.74183,3.66956],[117.74124,3.66972],[117.74066,3.66989],[117.73999,3.67015],[117.73941,3.6709],[117.73891,3.67115],[117.73833,3.67141],[117.73758,3.67174],[117.73708,3.67199],[117.73624,3.67216],[117.73557,3.67216],[117.73508,3.67199],[117.73474,3.67149],[117.73457,3.67107],[117.73466,3.6704],[117.73483,3.6699],[117.73508,3.66956],[117.73524,3.66906],[117.73507,3.66889],[117.73507,3.66839],[117.73582,3.66856],[117.73608,3.66889],[117.73574,3.66923],[117.73532,3.6699],[117.73508,3.67031],[117.73508,3.67074],[117.73533,3.67124],[117.73549,3.67149],[117.73599,3.67165],[117.73666,3.67157],[117.73724,3.67132],[117.73766,3.67098],[117.73833,3.67056],[117.73933,3.67023],[117.74016,3.66981],[117.74066,3.66914],[117.74149,3.66897],[117.74224,3.66922],[117.74316,3.66922],[117.74366,3.66905],[117.74416,3.66871],[117.74491,3.66863],[117.74558,3.66888],[117.74616,3.66897],[117.74708,3.66914],[117.74809,3.66947],[117.74917,3.6703],[117.74992,3.67106],[117.751,3.67189],[117.75159,3.67256],[117.75209,3.67366],[117.75292,3.67482],[117.75301,3.67558],[117.75309,3.6765],[117.75292,3.67751],[117.75293,3.6791],[117.75259,3.68027],[117.75259,3.68111],[117.75276,3.68186],[117.7531,3.68253],[117.75359,3.68312],[117.75376,3.68387],[117.75376,3.68454],[117.7536,3.68504],[117.75327,3.68563],[117.75343,3.68622],[117.75352,3.68638],[117.75979,3.68538],[117.76721,3.6842],[117.76785,3.68336],[117.76832,3.68248],[117.76852,3.6821],[117.76857,3.68175],[117.76851,3.68169],[117.76842,3.68158],[117.76832,3.68145],[117.76828,3.68132],[117.76824,3.6811],[117.7682,3.68087],[117.76818,3.68062],[117.76818,3.68021],[117.76817,3.67997],[117.76817,3.67965],[117.76818,3.6795],[117.76818,3.67939],[117.76821,3.6792],[117.76827,3.67898],[117.76835,3.67879],[117.76845,3.67853],[117.76848,3.67841],[117.76845,3.67824],[117.76834,3.67813],[117.76829,3.67802],[117.76835,3.67787],[117.76848,3.67775],[117.76858,3.67764],[117.76862,3.67754],[117.76862,3.67742],[117.76857,3.67729],[117.76855,3.67715],[117.76858,3.67699],[117.76855,3.67689],[117.76849,3.67685],[117.7683,3.67671],[117.76822,3.67663],[117.76821,3.67656],[117.76822,3.67645],[117.76823,3.6762],[117.76822,3.6761],[117.76815,3.67596],[117.76804,3.67583],[117.76778,3.67545],[117.76757,3.67515],[117.76727,3.67494],[117.76719,3.67486],[117.76712,3.67476],[117.76695,3.67454],[117.7669,3.67445],[117.76685,3.67432],[117.76684,3.67419],[117.7669,3.67406],[117.76693,3.67397],[117.76693,3.67388],[117.76689,3.67383],[117.76681,3.67377],[117.76669,3.67374],[117.76659,3.67369],[117.76651,3.67359],[117.76648,3.67353],[117.76649,3.67343],[117.76654,3.67341],[117.76667,3.6734],[117.76668,3.6734],[117.76686,3.67337],[117.76692,3.67324],[117.76688,3.67309],[117.76678,3.67299],[117.76668,3.67285],[117.76664,3.67272],[117.76659,3.6726],[117.76653,3.67252],[117.76651,3.67249],[117.76641,3.67232],[117.76636,3.67217],[117.76621,3.67186],[117.76614,3.67168],[117.76612,3.67153],[117.76606,3.67142],[117.76596,3.67135],[117.7658,3.67133],[117.76561,3.67132],[117.76545,3.67129],[117.76531,3.67125],[117.76528,3.67123],[117.76523,3.67115],[117.76524,3.67107],[117.76531,3.67097],[117.76541,3.67086],[117.76558,3.67075],[117.76572,3.67062],[117.76576,3.67051],[117.76579,3.6704],[117.76579,3.67032],[117.7658,3.67027],[117.76575,3.67013],[117.76564,3.67002],[117.76552,3.66994],[117.76539,3.66991],[117.76538,3.66991],[117.76518,3.66989],[117.76497,3.66985],[117.76486,3.66981],[117.7647,3.66974],[117.76449,3.6697],[117.7642,3.66968],[117.76403,3.66969],[117.76392,3.66972],[117.76374,3.66973],[117.76343,3.66977],[117.76328,3.6698],[117.76312,3.66981],[117.76302,3.66986],[117.76293,3.66993],[117.76281,3.67],[117.76266,3.67003],[117.76253,3.66994],[117.76243,3.66978],[117.76241,3.66966],[117.76234,3.66953],[117.76223,3.66947],[117.76223,3.66947],[117.76214,3.66938],[117.76201,3.66938],[117.76191,3.66949],[117.76182,3.6696],[117.76172,3.66964],[117.76154,3.66968],[117.76143,3.66973],[117.76135,3.66982],[117.76129,3.66988],[117.76128,3.66989],[117.76121,3.67006],[117.7611,3.67026],[117.76101,3.67033],[117.76087,3.67032],[117.76077,3.67026],[117.76069,3.67016],[117.76054,3.66998],[117.76042,3.66979],[117.76043,3.66966],[117.76053,3.66958],[117.76078,3.6695],[117.76087,3.66947],[117.76096,3.6694],[117.76119,3.66923],[117.76122,3.66919],[117.76128,3.669],[117.76129,3.66884],[117.76127,3.66857],[117.76118,3.66839],[117.76104,3.66817],[117.76095,3.66805],[117.76091,3.6679],[117.76095,3.66774],[117.761,3.66754],[117.76098,3.66737],[117.76086,3.66718],[117.76081,3.66708],[117.76078,3.66689],[117.76073,3.66681],[117.76067,3.66661],[117.76053,3.66639],[117.76052,3.66637],[117.76037,3.66618],[117.76025,3.66598],[117.76012,3.66578],[117.75983,3.66545],[117.75973,3.66538],[117.75963,3.66526],[117.75956,3.66515],[117.75948,3.66496],[117.75944,3.66482],[117.75944,3.66473],[117.75947,3.66469],[117.75962,3.66463],[117.75976,3.66463],[117.75988,3.66462],[117.75989,3.66462],[117.76001,3.66459],[117.76014,3.66458],[117.76033,3.66458],[117.76046,3.66461],[117.76062,3.66461],[117.76081,3.66459],[117.76099,3.66455],[117.76113,3.66447],[117.76133,3.66435],[117.76151,3.66427],[117.76154,3.66425],[117.76169,3.6642],[117.76186,3.66417],[117.76216,3.66413],[117.7624,3.66408],[117.7627,3.66404],[117.76294,3.66402],[117.76306,3.664],[117.76323,3.66394],[117.76337,3.66383],[117.76344,3.6637],[117.76347,3.66365],[117.76359,3.66343],[117.76368,3.6633],[117.76381,3.66291],[117.76382,3.66287],[117.76389,3.66261],[117.76397,3.66234],[117.76391,3.66199],[117.76369,3.66156],[117.76323,3.66086],[117.76318,3.6608],[117.76299,3.66046],[117.76288,3.66036],[117.7628,3.66026],[117.76271,3.66019],[117.76256,3.66008],[117.76235,3.65995],[117.76223,3.65998],[117.76212,3.66004],[117.76201,3.66009],[117.76171,3.66022],[117.76162,3.66033],[117.76153,3.66048],[117.76147,3.6605],[117.76138,3.66047],[117.76134,3.66034],[117.76133,3.66023],[117.76129,3.6601],[117.76121,3.65996],[117.76113,3.65984],[117.76104,3.65979],[117.76096,3.6598],[117.76085,3.65979],[117.76077,3.65975],[117.76071,3.65969],[117.76074,3.65957],[117.76081,3.65946],[117.76085,3.65934],[117.76083,3.65926],[117.76074,3.65918],[117.76068,3.65913],[117.76064,3.65904],[117.76063,3.65894],[117.76068,3.65888],[117.76079,3.65885],[117.76088,3.65884],[117.76094,3.65884],[117.76117,3.65881],[117.76131,3.65871],[117.76138,3.65859],[117.76144,3.65844],[117.76148,3.65824],[117.76149,3.65809],[117.76149,3.65791],[117.76148,3.65785],[117.76146,3.65776],[117.76143,3.65765],[117.76142,3.65761],[117.76137,3.65743],[117.7613,3.65734],[117.76111,3.65711],[117.76102,3.65704],[117.7608,3.65689],[117.76074,3.6568],[117.76056,3.65661],[117.7605,3.65657],[117.76041,3.65653],[117.76034,3.6565],[117.76022,3.65645],[117.76011,3.65639],[117.75999,3.6563],[117.75991,3.65618],[117.75989,3.65605],[117.75985,3.65595],[117.75973,3.65589],[117.75958,3.65587],[117.75946,3.65592],[117.75931,3.65594],[117.75919,3.65594],[117.75907,3.65591],[117.75904,3.65587],[117.75901,3.65567],[117.75896,3.6556],[117.75884,3.65555],[117.75878,3.65556],[117.75869,3.65561],[117.75864,3.6557],[117.7586,3.65582],[117.75856,3.65594],[117.75849,3.656],[117.75838,3.65602],[117.75821,3.65599],[117.75803,3.65589],[117.75786,3.6557],[117.75775,3.65556],[117.75756,3.65541],[117.75728,3.65529],[117.75718,3.65525],[117.75699,3.65517],[117.75683,3.65512],[117.7564,3.65507],[117.75598,3.65507],[117.75573,3.6551],[117.75545,3.65511],[117.7551,3.65502],[117.75494,3.65493],[117.75476,3.65472],[117.7546,3.65445],[117.7545,3.65421],[117.7544,3.654],[117.75433,3.65381],[117.75423,3.65363],[117.75409,3.65328],[117.75397,3.65308],[117.75384,3.65269],[117.75366,3.65245],[117.75354,3.65235],[117.75315,3.65215],[117.7529,3.65183],[117.75261,3.65131],[117.75241,3.65107],[117.75223,3.65086],[117.752,3.65075],[117.75188,3.65079],[117.75185,3.6509],[117.75179,3.651],[117.75169,3.65103],[117.7516,3.65101],[117.75148,3.65085],[117.75145,3.6507],[117.75145,3.65055],[117.75143,3.65043],[117.75135,3.65031],[117.75124,3.65022],[117.75111,3.65013],[117.75092,3.64986],[117.75068,3.64954],[117.75052,3.64939],[117.75035,3.64914],[117.75028,3.64894],[117.75027,3.64854],[117.75022,3.64832],[117.75022,3.64816],[117.75013,3.64799],[117.75003,3.64787],[117.75,3.64784],[117.74983,3.64765],[117.74971,3.64743],[117.74959,3.64729],[117.74944,3.6471],[117.74936,3.64674],[117.74929,3.64609],[117.7493,3.64574],[117.7494,3.645],[117.74935,3.64471],[117.74931,3.6444],[117.74931,3.6441],[117.74925,3.6439],[117.74912,3.64378],[117.74891,3.64373],[117.74874,3.64357],[117.74874,3.64337],[117.74873,3.64311],[117.74846,3.64268],[117.74841,3.64262],[117.74816,3.64233],[117.74781,3.642],[117.74738,3.64169],[117.70946,3.66085],[117.7093,3.66093],[117.7093,3.66095],[117.70939,3.66188],[117.70959,3.66223],[117.70972,3.66246],[117.71005,3.66272],[117.71042,3.66277],[117.71105,3.66305],[117.71147,3.66339],[117.71164,3.66396],[117.71164,3.66413],[117.71164,3.66481],[117.71089,3.66531],[117.70956,3.66531],[117.7088,3.6654],[117.70839,3.66589],[117.70839,3.66665],[117.70859,3.66763],[117.70884,3.66806],[117.70884,3.66855],[117.70906,3.66866],[117.7093,3.66891],[117.70956,3.66908],[117.70989,3.66941],[117.70997,3.66979],[117.70997,3.67053],[117.71031,3.67134],[117.71081,3.67176],[117.71131,3.67176],[117.71181,3.67201],[117.71231,3.67251],[117.71281,3.67302],[117.71373,3.67369],[117.71411,3.67393],[117.71465,3.67427],[117.71506,3.67469],[117.71548,3.67544],[117.71565,3.67619],[117.71539,3.67661],[117.71548,3.67754],[117.71582,3.6777],[117.71632,3.6777],[117.7166,3.6777],[117.71682,3.6777],[117.71757,3.6777],[117.71824,3.67787],[117.71882,3.67803],[117.71918,3.67851],[117.71931,3.67906],[117.71966,3.67937],[117.71976,3.67929],[117.72015,3.67896],[117.72049,3.67862],[117.72132,3.67854],[117.72208,3.67895],[117.7224,3.67923],[117.72274,3.67954],[117.72341,3.68038],[117.72411,3.6812],[117.72491,3.68172],[117.72516,3.68264],[117.72549,3.68322],[117.72569,3.68379],[117.726,3.68406],[117.72642,3.68457],[117.7266,3.68475],[117.7267,3.68486],[117.72683,3.68498],[117.72762,3.68521],[117.72825,3.68548],[117.72875,3.68624],[117.729,3.68699],[117.72933,3.68758],[117.72948,3.68816],[117.72942,3.68951],[117.72926,3.68992],[117.7293,3.69028],[117.75305,3.68646]]],[[[117.62673,3.70657],[117.63698,3.70493],[117.63745,3.70486],[117.65245,3.70247],[117.65457,3.70213],[117.67114,3.6995],[117.7006,3.6948],[117.72862,3.69034],[117.72865,3.69034],[117.72847,3.68968],[117.72864,3.68902],[117.72885,3.68865],[117.72884,3.68811],[117.72799,3.68644],[117.72774,3.68589],[117.72696,3.68559],[117.72642,3.68551],[117.72538,3.68453],[117.72488,3.68352],[117.72458,3.68227],[117.72376,3.68123],[117.72322,3.68081],[117.72243,3.67984],[117.72127,3.67933],[117.72073,3.67927],[117.72028,3.67972],[117.71988,3.68023],[117.71941,3.68031],[117.71893,3.68022],[117.71856,3.6797],[117.71834,3.67901],[117.71806,3.67844],[117.7178,3.67838],[117.71714,3.67826],[117.71604,3.67837],[117.71535,3.67842],[117.71473,3.67805],[117.71449,3.67772],[117.71452,3.67733],[117.71497,3.676],[117.71487,3.67526],[117.71425,3.67468],[117.71319,3.67408],[117.71155,3.67238],[117.71029,3.6722],[117.7095,3.67024],[117.70947,3.66982],[117.70927,3.66941],[117.70862,3.66904],[117.70808,3.6685],[117.708,3.66829],[117.70808,3.66769],[117.70762,3.66675],[117.70768,3.66588],[117.70812,3.66524],[117.70866,3.66489],[117.70933,3.66481],[117.7107,3.66482],[117.7112,3.66434],[117.71111,3.66374],[117.71065,3.66346],[117.70991,3.66331],[117.70913,3.66254],[117.70879,3.66197],[117.70849,3.66136],[117.66274,3.68398],[117.6125,3.70885],[117.62673,3.70657]]]]},"properties":{"kdprov":"65","kdkab":"03","kdkec":"050","kddesa":"001","kdsls":"2001","idsls":"65030500012001","nmprov":"KALIMANTAN UTARA","nmkab":"TANA TIDUNG","nmkec":"TANA LIA","nmdesa":"TANAH MERAH","nmsls":"HUTAN/TAMBAK"}},{"type":"Feature","geometry":{"type":"MultiPolygon","coordinates":[[[[117.57653,3.66288],[117.57701,3.66375],[117.5797,3.66872],[117.5799,3.66909],[117.58104,3.6712],[117.58146,3.67198],[117.58144,3.67199],[117.58153,3.67215],[117.57432,3.67566],[117.57134,3.6771],[117.56753,3.67895],[117.56728,3.67907],[117.5668,3.67928],[117.56453,3.68032],[117.56439,3.68038],[117.56369,3.67878],[117.56146,3.6737],[117.55954,3.6746],[117.54802,3.68014],[117.54647,3.67725],[117.54624,3.67686],[117.54618,3.67675],[117.54448,3.67868],[117.5443,3.67891],[117.54251,3.68123],[117.54202,3.68186],[117.54203,3.68188],[117.54269,3.68212],[117.54515,3.68305],[117.5458,3.6833],[117.54582,3.68334],[117.54585,3.68335],[117.54593,3.68338],[117.56372,3.69018],[117.56372,3.69018],[117.56924,3.69229],[117.5871,3.69912],[117.6125,3.70885],[117.66274,3.68398],[117.70849,3.66136],[117.70852,3.6612],[117.70872,3.66046],[117.70895,3.65973],[117.70905,3.65944],[117.70946,3.65861],[117.7098,3.65785],[117.70988,3.6571],[117.70996,3.65635],[117.7098,3.65559],[117.70963,3.65476],[117.70955,3.654],[117.70996,3.6535],[117.71055,3.65324],[117.7113,3.65308],[117.7118,3.65283],[117.71172,3.65216],[117.71121,3.65165],[117.71062,3.6509],[117.71021,3.65023],[117.70996,3.64923],[117.70996,3.64839],[117.71104,3.64705],[117.71212,3.64453],[117.71279,3.64327],[117.71326,3.64192],[117.71349,3.64127],[117.71371,3.64114],[117.71454,3.64018],[117.71503,3.63917],[117.71545,3.63841],[117.71578,3.63792],[117.71596,3.63757],[117.71684,3.63589],[117.71721,3.63507],[117.71754,3.63437],[117.71771,3.63366],[117.71776,3.63297],[117.71769,3.63222],[117.71758,3.63132],[117.71758,3.63073],[117.71763,3.62992],[117.71758,3.62923],[117.71726,3.62879],[117.71677,3.62829],[117.71583,3.62797],[117.71492,3.62787],[117.71432,3.6279],[117.71414,3.6279],[117.71337,3.62812],[117.71328,3.62815],[117.71241,3.62845],[117.71159,3.62881],[117.71139,3.62911],[117.71114,3.62943],[117.71084,3.62973],[117.71053,3.62986],[117.71016,3.62986],[117.70992,3.62978],[117.70969,3.6297],[117.70956,3.62928],[117.7097,3.62891],[117.70997,3.62859],[117.71014,3.62812],[117.71008,3.62775],[117.70974,3.62766],[117.70938,3.62756],[117.70908,3.62733],[117.70904,3.62697],[117.70904,3.6265],[117.70902,3.62567],[117.7089,3.62535],[117.70881,3.62529],[117.70862,3.62544],[117.70837,3.6258],[117.70818,3.6262],[117.70803,3.62679],[117.70798,3.62716],[117.70788,3.62753],[117.70771,3.62781],[117.70737,3.62796],[117.70677,3.62799],[117.70598,3.62778],[117.70497,3.62762],[117.70414,3.62747],[117.70402,3.62745],[117.70287,3.62728],[117.70185,3.62725],[117.70105,3.62735],[117.70055,3.62737],[117.70028,3.62731],[117.69992,3.62724],[117.69962,3.62699],[117.69916,3.62655],[117.69885,3.62626],[117.69855,3.62616],[117.69836,3.62633],[117.69803,3.62658],[117.69785,3.62685],[117.69765,3.6271],[117.69732,3.62724],[117.69705,3.62711],[117.69666,3.62691],[117.69416,3.62589],[117.69209,3.62538],[117.69005,3.62478],[117.68891,3.62445],[117.68771,3.62419],[117.68744,3.62413],[117.68626,3.62381],[117.68472,3.62367],[117.68312,3.62317],[117.68276,3.62291],[117.68308,3.62248],[117.68365,3.62209],[117.68383,3.62137],[117.68372,3.62054],[117.68315,3.61983],[117.68204,3.6194],[117.68083,3.61947],[117.67961,3.61972],[117.67886,3.61997],[117.6779,3.62044],[117.67711,3.62048],[117.67676,3.6204],[117.67647,3.62033],[117.67561,3.61972],[117.67516,3.61947],[117.67432,3.61901],[117.67214,3.61775],[117.67035,3.61693],[117.66914,3.61609],[117.66853,3.61567],[117.66653,3.61503],[117.66604,3.6151],[117.665,3.61525],[117.66459,3.61531],[117.664,3.61531],[117.66321,3.61531],[117.66311,3.61531],[117.66247,3.61529],[117.66123,3.61529],[117.65921,3.61582],[117.65713,3.61648],[117.65711,3.61649],[117.65603,3.61683],[117.65579,3.61691],[117.65434,3.61726],[117.65291,3.61769],[117.65096,3.61835],[117.64997,3.61873],[117.64747,3.6197],[117.64708,3.61984],[117.64663,3.62],[117.64625,3.62013],[117.64593,3.62023],[117.64507,3.62037],[117.6446,3.62045],[117.64428,3.6205],[117.64343,3.62064],[117.64314,3.62069],[117.642,3.62087],[117.64075,3.62107],[117.63924,3.62128],[117.63734,3.62158],[117.6363,3.62166],[117.63586,3.62173],[117.63536,3.6218],[117.63534,3.62181],[117.63443,3.62192],[117.6339,3.62196],[117.63363,3.62199],[117.63356,3.622],[117.63261,3.62213],[117.63218,3.6222],[117.6318,3.62225],[117.63073,3.62233],[117.62963,3.62249],[117.62778,3.62264],[117.62761,3.62265],[117.62688,3.62271],[117.62586,3.62287],[117.6258,3.62287],[117.62572,3.62289],[117.62542,3.62293],[117.62512,3.62297],[117.62451,3.623],[117.62374,3.62301],[117.62278,3.62316],[117.62039,3.62354],[117.61901,3.62367],[117.61733,3.62397],[117.61593,3.62402],[117.61474,3.62409],[117.6132,3.62419],[117.60961,3.62468],[117.60776,3.62505],[117.60556,3.62538],[117.60531,3.62543],[117.60443,3.62554],[117.60365,3.6256],[117.60315,3.62568],[117.60244,3.62586],[117.60193,3.62587],[117.60162,3.62581],[117.60134,3.62573],[117.60095,3.62574],[117.5997,3.62605],[117.59835,3.62634],[117.59723,3.62651],[117.5957,3.62681],[117.5943,3.62712],[117.5926,3.62749],[117.59115,3.62788],[117.59048,3.62822],[117.5899,3.62842],[117.58924,3.62863],[117.58847,3.62895],[117.58822,3.6291],[117.58706,3.62947],[117.58604,3.62985],[117.58512,3.63018],[117.58407,3.6307],[117.58287,3.6312],[117.58182,3.63159],[117.58115,3.63196],[117.58049,3.63226],[117.57983,3.63253],[117.57826,3.63319],[117.57801,3.63329],[117.57734,3.63358],[117.5766,3.6339],[117.57561,3.63458],[117.5752,3.63485],[117.57452,3.63519],[117.57399,3.63544],[117.57357,3.63571],[117.57243,3.63618],[117.5708,3.63705],[117.56865,3.63826],[117.56696,3.63937],[117.56523,3.64026],[117.56466,3.64056],[117.57051,3.65218],[117.57083,3.65224],[117.57084,3.65224],[117.57401,3.65821],[117.5745,3.65911],[117.57653,3.66288]]],[[[117.70946,3.66085],[117.74738,3.64169],[117.7456,3.64024],[117.74536,3.63965],[117.7445,3.63875],[117.74311,3.63736],[117.74128,3.63642],[117.7404,3.63615],[117.73964,3.63644],[117.73929,3.63706],[117.73923,3.63699],[117.7393,3.63642],[117.73884,3.63607],[117.73862,3.63583],[117.738,3.63543],[117.73768,3.63494],[117.73658,3.63391],[117.73588,3.63351],[117.73563,3.63311],[117.73536,3.63302],[117.73537,3.63289],[117.73655,3.63336],[117.73712,3.63355],[117.73757,3.63369],[117.73789,3.63358],[117.73793,3.63325],[117.73769,3.63285],[117.73721,3.63256],[117.73675,3.63202],[117.73604,3.63179],[117.73459,3.63147],[117.73362,3.63152],[117.73067,3.63179],[117.72835,3.63242],[117.72682,3.63349],[117.72542,3.63472],[117.72503,3.63561],[117.72504,3.63598],[117.72475,3.63637],[117.72406,3.63665],[117.72358,3.63653],[117.72338,3.63593],[117.72337,3.63528],[117.72321,3.63512],[117.72299,3.6355],[117.72282,3.63566],[117.72251,3.63549],[117.72205,3.63521],[117.72134,3.63518],[117.72097,3.63554],[117.72003,3.6366],[117.71933,3.63753],[117.71845,3.63763],[117.71781,3.63846],[117.71703,3.63958],[117.71586,3.6408],[117.71371,3.64349],[117.71144,3.64744],[117.71083,3.64949],[117.71107,3.65042],[117.71224,3.65169],[117.71246,3.6524],[117.71234,3.65316],[117.71188,3.65367],[117.71133,3.65382],[117.71079,3.65391],[117.71036,3.6541],[117.71021,3.65449],[117.71044,3.65598],[117.71072,3.65665],[117.71062,3.65728],[117.71061,3.65792],[117.71038,3.65838],[117.71,3.65901],[117.70974,3.65964],[117.70929,3.66046],[117.7093,3.66093],[117.7093,3.66093],[117.70946,3.66085]]]]},"properties":{"kdprov":"65","kdkab":"03","kdkec":"050","kddesa":"002","kdsls":"1002","idsls":"65030500021002","nmprov":"KALIMANTAN UTARA","nmkab":"TANA TIDUNG","nmkec":"TANA LIA","nmdesa":"SAMBUNGAN","nmsls":"KEBUN SAWIT"}},{"type":"Feature","geometry":{"type":"MultiPolygon","coordinates":[[[[117.72936,3.69063],[117.72985,3.69119],[117.73019,3.69187],[117.73016,3.69231],[117.73002,3.69307],[117.7298,3.6937],[117.72902,3.69461],[117.72833,3.69566],[117.72785,3.69666],[117.72779,3.69726],[117.72775,3.69768],[117.72789,3.69852],[117.72843,3.69876],[117.72885,3.69908],[117.72897,3.69981],[117.72933,3.69981],[117.72982,3.70049],[117.73031,3.70135],[117.73036,3.70279],[117.73082,3.70355],[117.73114,3.70508],[117.73134,3.70604],[117.73124,3.70848],[117.73112,3.7097],[117.73104,3.71051],[117.73134,3.71178],[117.73168,3.71217],[117.73146,3.71334],[117.7306,3.71419],[117.72938,3.71444],[117.7288,3.71497],[117.7289,3.7158],[117.72958,3.71639],[117.73068,3.71685],[117.73153,3.71722],[117.73231,3.71754],[117.7328,3.71786],[117.73314,3.71776],[117.73459,3.7159],[117.7371,3.71439],[117.73937,3.71295],[117.74035,3.71234],[117.74198,3.71011],[117.74384,3.70738],[117.74448,3.70572],[117.74467,3.70289],[117.74452,3.70108],[117.74449,3.70004],[117.74448,3.69942],[117.74301,3.69927],[117.74189,3.69886],[117.74137,3.6979],[117.74147,3.69725],[117.74228,3.69629],[117.74206,3.69583],[117.74118,3.69598],[117.74074,3.69576],[117.7404,3.69436],[117.7403,3.69373],[117.73984,3.69351],[117.73778,3.69326],[117.73564,3.69339],[117.73434,3.69348],[117.73402,3.69329],[117.73529,3.69285],[117.737,3.69287],[117.73969,3.69287],[117.74054,3.69312],[117.74096,3.69358],[117.74123,3.69451],[117.7413,3.69512],[117.74137,3.69529],[117.74211,3.69475],[117.74269,3.69441],[117.74303,3.69485],[117.74308,3.69593],[117.74343,3.69666],[117.74316,3.69727],[117.74247,3.69742],[117.7423,3.6981],[117.74294,3.69861],[117.74477,3.69856],[117.74589,3.698],[117.74672,3.69673],[117.74714,3.696],[117.7488,3.69458],[117.75129,3.69231],[117.75253,3.69158],[117.75461,3.69087],[117.75617,3.69033],[117.75788,3.68989],[117.75883,3.6896],[117.75898,3.68889],[117.75881,3.68836],[117.75793,3.68799],[117.75754,3.68794],[117.75605,3.68831],[117.75522,3.68833],[117.75476,3.68809],[117.75416,3.6879],[117.75334,3.687],[117.75306,3.68656],[117.75305,3.68646],[117.7293,3.69028],[117.72936,3.69063]]],[[[117.65695,3.72653],[117.65698,3.72683],[117.65698,3.72683],[117.65697,3.728],[117.65667,3.72878],[117.65667,3.72878],[117.65697,3.73011],[117.65723,3.73118],[117.6573,3.73144],[117.65732,3.73156],[117.65733,3.7316],[117.65757,3.73251],[117.65764,3.73276],[117.65768,3.73288],[117.65772,3.73302],[117.65799,3.73392],[117.65803,3.73407],[117.65766,3.73582],[117.65763,3.73594],[117.65741,3.73668],[117.65706,3.73783],[117.65492,3.73894],[117.6546,3.7391],[117.65455,3.73913],[117.6547,3.73912],[117.65491,3.73953],[117.65504,3.73963],[117.65525,3.73979],[117.65577,3.74017],[117.65686,3.74025],[117.65739,3.74113],[117.65803,3.74153],[117.65746,3.74296],[117.6575,3.7436],[117.65855,3.74445],[117.65865,3.746],[117.65846,3.74655],[117.65862,3.74667],[117.65953,3.7465],[117.65958,3.74619],[117.65987,3.74549],[117.66033,3.74544],[117.66092,3.74535],[117.66167,3.74535],[117.6625,3.74535],[117.66325,3.7456],[117.66375,3.74601],[117.66434,3.74635],[117.66484,3.74652],[117.66534,3.74677],[117.66559,3.74694],[117.66618,3.74694],[117.6665,3.74694],[117.66701,3.7466],[117.66726,3.74601],[117.66767,3.74543],[117.66818,3.74493],[117.66842,3.74459],[117.66901,3.74375],[117.6695,3.74341],[117.67026,3.74308],[117.67084,3.74308],[117.672,3.74274],[117.67287,3.74289],[117.67368,3.74325],[117.67401,3.74366],[117.67434,3.74433],[117.67451,3.74526],[117.67476,3.7461],[117.67501,3.74677],[117.67521,3.7475],[117.67551,3.74802],[117.67626,3.74819],[117.67693,3.74802],[117.67768,3.74743],[117.67834,3.74668],[117.67918,3.746],[117.67976,3.74592],[117.6811,3.746],[117.68176,3.74651],[117.68262,3.74678],[117.6828,3.7469],[117.6835,3.74716],[117.68402,3.74759],[117.6846,3.74759],[117.68502,3.74759],[117.68544,3.74709],[117.68547,3.74657],[117.68543,3.74609],[117.68502,3.74575],[117.68435,3.74558],[117.6836,3.74525],[117.6831,3.74483],[117.68285,3.74425],[117.68268,3.74374],[117.68276,3.74291],[117.68285,3.74181],[117.68301,3.74114],[117.6831,3.74039],[117.68334,3.73964],[117.68376,3.73897],[117.6841,3.73854],[117.68385,3.73779],[117.68326,3.73704],[117.68251,3.73637],[117.68201,3.73587],[117.68159,3.73528],[117.68134,3.73461],[117.68118,3.73402],[117.68101,3.73377],[117.6805,3.73353],[117.68034,3.73394],[117.68009,3.73444],[117.67992,3.73478],[117.67967,3.7352],[117.67942,3.73536],[117.67892,3.73528],[117.67859,3.73487],[117.67825,3.73461],[117.67784,3.73453],[117.67759,3.7347],[117.67751,3.7352],[117.67725,3.73613],[117.67684,3.73637],[117.67625,3.73637],[117.67592,3.73613],[117.67575,3.73562],[117.67525,3.73512],[117.67442,3.73512],[117.67358,3.73537],[117.67317,3.73588],[117.673,3.73655],[117.6725,3.73672],[117.672,3.73646],[117.6715,3.73546],[117.67125,3.7358],[117.67108,3.73621],[117.67075,3.73638],[117.6705,3.73629],[117.67025,3.73596],[117.67033,3.73546],[117.67067,3.73537],[117.67108,3.73487],[117.67136,3.73476],[117.67175,3.73521],[117.67208,3.73562],[117.67233,3.73579],[117.67284,3.73546],[117.67325,3.73495],[117.67384,3.7347],[117.6745,3.7347],[117.67509,3.73454],[117.67562,3.73468],[117.67609,3.73503],[117.67625,3.73529],[117.67676,3.73528],[117.677,3.73503],[117.67709,3.73444],[117.67717,3.73403],[117.67776,3.73377],[117.67817,3.73386],[117.67851,3.73403],[117.67892,3.73428],[117.67934,3.7342],[117.67967,3.73386],[117.67984,3.73327],[117.68034,3.73277],[117.6807,3.73291],[117.68126,3.73344],[117.68159,3.73386],[117.68166,3.73446],[117.68188,3.73467],[117.68227,3.73502],[117.68262,3.73534],[117.68268,3.73579],[117.68321,3.73609],[117.6841,3.73687],[117.68443,3.73721],[117.68468,3.73813],[117.68451,3.7388],[117.6841,3.73955],[117.68393,3.74039],[117.68368,3.74131],[117.68368,3.74215],[117.68369,3.74291],[117.68372,3.74388],[117.68418,3.7445],[117.68497,3.74498],[117.68543,3.74517],[117.68577,3.74499],[117.68594,3.74424],[117.68594,3.74324],[117.68594,3.7424],[117.68643,3.7409],[117.68718,3.73947],[117.68763,3.73919],[117.68797,3.73868],[117.68935,3.73762],[117.6906,3.73695],[117.69185,3.73645],[117.6931,3.73628],[117.69389,3.73619],[117.69477,3.73678],[117.69522,3.73675],[117.69577,3.73703],[117.69685,3.73761],[117.69769,3.73845],[117.69878,3.73963],[117.69952,3.74038],[117.70011,3.74069],[117.70078,3.74097],[117.70131,3.7406],[117.70177,3.7402],[117.70303,3.73932],[117.70322,3.73901],[117.70347,3.73859],[117.70361,3.73744],[117.70369,3.73677],[117.70361,3.73611],[117.70335,3.73526],[117.70294,3.73434],[117.70193,3.73326],[117.70102,3.73183],[117.70035,3.73074],[117.70026,3.7299],[117.70043,3.72882],[117.70068,3.72789],[117.70151,3.72706],[117.70197,3.72687],[117.70284,3.72618],[117.7038,3.72577],[117.70408,3.7257],[117.7048,3.72552],[117.70551,3.72552],[117.7058,3.72552],[117.70693,3.72537],[117.7083,3.72561],[117.7093,3.72561],[117.71086,3.72584],[117.71147,3.72594],[117.71261,3.72629],[117.71378,3.7268],[117.71519,3.72721],[117.71636,3.72746],[117.71736,3.72763],[117.7197,3.72829],[117.72153,3.72846],[117.72261,3.72863],[117.72428,3.7288],[117.72587,3.72897],[117.72688,3.72889],[117.72701,3.72886],[117.72757,3.72865],[117.72787,3.72854],[117.7287,3.72771],[117.7292,3.72678],[117.72953,3.72611],[117.7297,3.72527],[117.72995,3.72427],[117.72999,3.72413],[117.73012,3.72368],[117.73036,3.72285],[117.73048,3.72264],[117.7307,3.72226],[117.73103,3.7215],[117.73136,3.72067],[117.73153,3.72],[117.73153,3.71924],[117.73119,3.71866],[117.73061,3.71832],[117.72986,3.7179],[117.72936,3.71749],[117.72861,3.71698],[117.7281,3.71631],[117.72778,3.71572],[117.72778,3.71522],[117.72802,3.71438],[117.72844,3.71397],[117.7291,3.71363],[117.72969,3.71346],[117.73035,3.71304],[117.73086,3.71271],[117.73103,3.7122],[117.73077,3.71145],[117.73052,3.71095],[117.73019,3.71027],[117.73019,3.70961],[117.73044,3.70903],[117.73061,3.7081],[117.7306,3.70726],[117.7306,3.70618],[117.73068,3.70517],[117.73035,3.70391],[117.72985,3.70325],[117.7296,3.70266],[117.7296,3.70215],[117.7296,3.70148],[117.72943,3.70081],[117.72893,3.7004],[117.72826,3.70014],[117.72742,3.69973],[117.72693,3.69873],[117.72676,3.6978],[117.72692,3.69713],[117.72709,3.69645],[117.72726,3.69596],[117.72768,3.69554],[117.728,3.69462],[117.72834,3.69411],[117.72884,3.69378],[117.72909,3.69336],[117.72926,3.69285],[117.72942,3.69252],[117.72951,3.6921],[117.72926,3.69143],[117.72892,3.69068],[117.72865,3.69034],[117.72862,3.69034],[117.7006,3.6948],[117.67114,3.6995],[117.65457,3.70213],[117.65547,3.70672],[117.6559,3.7089],[117.65647,3.71337],[117.65733,3.7146],[117.65699,3.71612],[117.65747,3.71722],[117.65676,3.71836],[117.65655,3.72114],[117.65642,3.72288],[117.65685,3.72518],[117.65682,3.72519],[117.65695,3.72653]]],[[[117.75979,3.68538],[117.75352,3.68638],[117.75384,3.68696],[117.75435,3.68749],[117.75494,3.68768],[117.756,3.68771],[117.75732,3.68762],[117.75795,3.68761],[117.75863,3.68772],[117.75924,3.68771],[117.75955,3.68784],[117.7597,3.68832],[117.7598,3.6891],[117.75971,3.68961],[117.76047,3.68937],[117.76125,3.68884],[117.76135,3.6888],[117.76211,3.68843],[117.7633,3.68784],[117.76446,3.68712],[117.7656,3.68612],[117.76721,3.6842],[117.75979,3.68538]]]]},"properties":{"kdprov":"65","kdkab":"03","kdkec":"050","kddesa":"003","kdsls":"2002","idsls":"65030500032002","nmprov":"KALIMANTAN UTARA","nmkab":"TANA TIDUNG","nmkec":"TANA LIA","nmdesa":"TENGKU DACING","nmsls":"HUTAN"}}]}