{"type":"FeatureCollection","features":[{"type":"Feature","geometry":{"type":"MultiPolygon","coordinates":[[[[115.68133,3.8888],[115.68153,3.88841],[115.68179,3.88806],[115.68137,3.88788],[115.68101,3.88765],[115.68023,3.88722],[115.67966,3.88919],[115.68085,3.88964],[115.68088,3.88956],[115.68097,3.8894],[115.68114,3.88915],[115.68133,3.8888]]]]},"properties":{"kdprov":"65","kdkab":"04","kdkec":"022","kddesa":"018","kdsls":"0002","idsls":"65040220180002","nmprov":"KALIMANTAN UTARA","nmkab":"NUNUKAN","nmkec":"KRAYAN BARAT","nmdesa":"PA MERING","nmsls":"RT 002"}},{"type":"Feature","geometry":{"type":"MultiPolygon","coordinates":[[[[115.68236,3.89207],[115.68242,3.89204],[115.6825,3.89177],[115.68272,3.8916],[115.68289,3.89134],[115.68322,3.89081],[115.68257,3.8905],[115.68154,3.89004],[115.68097,3.89083],[115.68057,3.89156],[115.68082,3.89172],[115.68118,3.89194],[115.68153,3.89209],[115.68236,3.89207]]]]},"properties":{"kdprov":"65","kdkab":"04","kdkec":"022","kddesa":"019","kdsls":"0001","idsls":"65040220190001","nmprov":"KALIMANTAN UTARA","nmkab":"NUNUKAN","nmkec":"KRAYAN BARAT","nmdesa":"LEPATAR","nmsls":"RT 001"}},{"type":"Feature","geometry":{"type":"MultiPolygon","coordinates":[[[[115.65138,3.81666],[115.65149,3.81557],[115.65173,3.81451],[115.65218,3.81305],[115.65152,3.81034],[115.65111,3.80979],[115.65025,3.80993],[115.64977,3.81017],[115.64999,3.81094],[115.65009,3.81132],[115.65039,3.81248],[115.65072,3.8137],[115.65033,3.815],[115.64915,3.815],[115.64898,3.81501],[115.64898,3.81571],[115.64885,3.81624],[115.64927,3.81644],[115.64972,3.81671],[115.64997,3.81661],[115.65068,3.81662],[115.65138,3.81666]]]]},"properties":{"kdprov":"65","kdkab":"04","kdkec":"022","kddesa":"011","kdsls":"0001","idsls":"65040220110001","nmprov":"KALIMANTAN UTARA","nmkab":"NUNUKAN","nmkec":"KRAYAN BARAT","nmdesa":"LEMBUDUD","nmsls":"RT 001"}},{"type":"Feature","geometry":{"type":"MultiPolygon","coordinates":[[[[115.70473,3.79314],[115.70475,3.79356],[115.70527,3.79353],[115.70539,3.79353],[115.70542,3.79341],[115.70545,3.79329],[115.7055,3.79314],[115.70558,3.79306],[115.7055,3.79303],[115.70534,3.79306],[115.70487,3.79312],[115.70473,3.79314]]]]},"properties":{"kdprov":"65","kdkab":"04","kdkec":"022","kddesa":"001","kdsls":"0001","idsls":"65040220010001","nmprov":"KALIMANTAN UTARA","nmkab":"NUNUKAN","nmkec":"KRAYAN BARAT","nmdesa":"PA INAN","nmsls":"RT 001"}},{"type":"Feature","geometry":{"type":"MultiPolygon","coordinates":[[[[115.71528,3.79138],[115.71529,3.79204],[115.71549,3.7921],[115.71624,3.79217],[115.71625,3.79176],[115.71627,3.79152],[115.71631,3.79141],[115.71528,3.79138]]]]},"properties":{"kdprov":"65","kdkab":"04","kdkec":"022","kddesa":"003","kdsls":"0001","idsls":"65040220030001","nmprov":"KALIMANTAN UTARA","nmkab":"NUNUKAN","nmkec":"KRAYAN BARAT","nmdesa":"LONG MANGAN","nmsls":"RT 001"}},{"type":"Feature","geometry":{"type":"MultiPolygon","coordinates":[[[[115.68023,3.88722],[115.67949,3.88737],[115.67876,3.88736],[115.67835,3.88786],[115.67815,3.88841],[115.67794,3.88899],[115.67758,3.88934],[115.67745,3.88972],[115.67759,3.89024],[115.67747,3.89089],[115.67735,3.89118],[115.67716,3.89131],[115.67669,3.89136],[115.67664,3.89159],[115.67664,3.89187],[115.67671,3.89195],[115.6771,3.89279],[115.67739,3.89214],[115.67756,3.89171],[115.6778,3.89138],[115.67801,3.89107],[115.67817,3.89088],[115.67838,3.89063],[115.67851,3.89045],[115.6787,3.89035],[115.67889,3.89037],[115.67923,3.89032],[115.67931,3.89018],[115.67938,3.89001],[115.67966,3.88919],[115.68023,3.88722]]]]},"properties":{"kdprov":"65","kdkab":"04","kdkec":"022","kddesa":"018","kdsls":"0001","idsls":"65040220180001","nmprov":"KALIMANTAN UTARA","nmkab":"NUNUKAN","nmkec":"KRAYAN BARAT","nmdesa":"PA MERING","nmsls":"RT 001"}},{"type":"Feature","geometry":{"type":"MultiPolygon","coordinates":[[[[115.68215,3.89221],[115.68236,3.89207],[115.68153,3.89209],[115.68118,3.89194],[115.68082,3.89172],[115.68057,3.89156],[115.68097,3.89083],[115.6798,3.89022],[115.67938,3.89001],[115.67931,3.89018],[115.67923,3.89032],[115.67945,3.89073],[115.67948,3.89112],[115.67931,3.89165],[115.67978,3.89201],[115.67992,3.89233],[115.6799,3.89254],[115.68013,3.89278],[115.68024,3.89271],[115.68051,3.89263],[115.6809,3.89274],[115.6814,3.89263],[115.68193,3.89235],[115.68215,3.89221]]]]},"properties":{"kdprov":"65","kdkab":"04","kdkec":"022","kddesa":"019","kdsls":"0002","idsls":"65040220190002","nmprov":"KALIMANTAN UTARA","nmkab":"NUNUKAN","nmkec":"KRAYAN BARAT","nmdesa":"LEPATAR","nmsls":"RT 002"}},{"type":"Feature","geometry":{"type":"MultiPolygon","coordinates":[[[[115.68847,3.89761],[115.69033,3.89736],[115.69089,3.89651],[115.69012,3.89611],[115.6897,3.89557],[115.6888,3.89436],[115.68796,3.89337],[115.68771,3.89299],[115.68741,3.89291],[115.68711,3.8929],[115.687,3.89294],[115.68668,3.89326],[115.68658,3.89336],[115.68534,3.8947],[115.68457,3.89593],[115.68337,3.89785],[115.686,3.89795],[115.68723,3.89778],[115.68847,3.89761]]]]},"properties":{"kdprov":"65","kdkab":"04","kdkec":"022","kddesa":"023","kdsls":"0001","idsls":"65040220230001","nmprov":"KALIMANTAN UTARA","nmkab":"NUNUKAN","nmkec":"KRAYAN BARAT","nmdesa":"PA LUTUT","nmsls":"RT 001"}},{"type":"Feature","geometry":{"type":"MultiPolygon","coordinates":[[[[115.67618,3.89761],[115.67641,3.89759],[115.67927,3.8977],[115.67949,3.89712],[115.67946,3.89677],[115.67944,3.89633],[115.67949,3.89617],[115.67957,3.89593],[115.67948,3.89578],[115.67923,3.89597],[115.67888,3.896],[115.67833,3.89589],[115.67794,3.89585],[115.67812,3.8952],[115.67854,3.89485],[115.679,3.89462],[115.67908,3.89453],[115.6795,3.89427],[115.6796,3.89405],[115.67957,3.89361],[115.67967,3.8932],[115.67977,3.89298],[115.67924,3.89302],[115.6787,3.89315],[115.67816,3.89305],[115.67796,3.89332],[115.6777,3.89318],[115.67739,3.89358],[115.6767,3.89386],[115.67603,3.89413],[115.67524,3.89427],[115.67441,3.89441],[115.674,3.89465],[115.67367,3.89503],[115.6735,3.89544],[115.67341,3.89618],[115.67343,3.89747],[115.67342,3.89785],[115.67618,3.89761]]]]},"properties":{"kdprov":"65","kdkab":"04","kdkec":"022","kddesa":"019","kdsls":"2002","idsls":"65040220192002","nmprov":"KALIMANTAN UTARA","nmkab":"NUNUKAN","nmkec":"KRAYAN BARAT","nmdesa":"LEPATAR","nmsls":"HUTAN"}},{"type":"Feature","geometry":{"type":"MultiPolygon","coordinates":[[[[115.63628,3.86947],[115.63646,3.87062],[115.63706,3.87048],[115.63706,3.87025],[115.63719,3.87021],[115.63753,3.87009],[115.6378,3.87003],[115.63833,3.86998],[115.63879,3.87012],[115.63921,3.8702],[115.63965,3.87021],[115.64019,3.87013],[115.64038,3.87008],[115.64079,3.87017],[115.6412,3.8704],[115.64127,3.87048],[115.64148,3.87069],[115.64145,3.87009],[115.64146,3.86963],[115.64061,3.86959],[115.63986,3.86968],[115.63931,3.86959],[115.63861,3.86973],[115.63802,3.86971],[115.63753,3.86959],[115.63718,3.86943],[115.63703,3.86935],[115.63696,3.86931],[115.6368,3.86922],[115.63672,3.86926],[115.63628,3.86947]]]]},"properties":{"kdprov":"65","kdkab":"04","kdkec":"022","kddesa":"013","kdsls":"0002","idsls":"65040220130002","nmprov":"KALIMANTAN UTARA","nmkab":"NUNUKAN","nmkec":"KRAYAN BARAT","nmdesa":"PA KIDANG","nmsls":"RT 002"}},{"type":"Feature","geometry":{"type":"MultiPolygon","coordinates":[[[[115.64239,3.88136],[115.6428,3.88095],[115.64344,3.8811],[115.64437,3.88143],[115.64478,3.88124],[115.64516,3.88062],[115.64535,3.88029],[115.64555,3.88],[115.64583,3.8793],[115.6461,3.8787],[115.64641,3.87823],[115.64664,3.87797],[115.64585,3.87736],[115.64525,3.87689],[115.64506,3.87677],[115.64468,3.87665],[115.64423,3.8765],[115.64408,3.87643],[115.64401,3.87636],[115.64388,3.87591],[115.64369,3.87476],[115.64351,3.87404],[115.64336,3.87375],[115.64302,3.87326],[115.6428,3.87309],[115.6425,3.87288],[115.64203,3.87247],[115.64171,3.87217],[115.6416,3.87129],[115.64148,3.87069],[115.64127,3.87048],[115.64091,3.87067],[115.6407,3.87049],[115.64035,3.87051],[115.63966,3.87069],[115.63907,3.87055],[115.63853,3.87042],[115.63807,3.87055],[115.63775,3.87058],[115.63753,3.87073],[115.63725,3.87093],[115.63718,3.87098],[115.63682,3.87112],[115.63649,3.87108],[115.63613,3.87105],[115.63605,3.87107],[115.63593,3.87108],[115.63561,3.87118],[115.63547,3.87132],[115.63544,3.87166],[115.63502,3.87195],[115.63485,3.87184],[115.63474,3.87146],[115.63464,3.87121],[115.63437,3.87112],[115.63431,3.87063],[115.6338,3.87052],[115.63334,3.8704],[115.63257,3.87053],[115.63175,3.87083],[115.63102,3.87125],[115.63248,3.8722],[115.6328,3.87242],[115.63302,3.87235],[115.63364,3.87246],[115.63378,3.87264],[115.63437,3.87271],[115.6347,3.87275],[115.63515,3.87257],[115.63552,3.87236],[115.63582,3.87204],[115.63595,3.87183],[115.63595,3.87167],[115.63624,3.87188],[115.63649,3.87205],[115.63693,3.87257],[115.6369,3.87277],[115.63669,3.87299],[115.63626,3.8733],[115.63592,3.87358],[115.63571,3.87384],[115.63559,3.87399],[115.63562,3.87417],[115.63583,3.87416],[115.63617,3.87392],[115.63671,3.87354],[115.63725,3.87325],[115.63731,3.87322],[115.63773,3.87306],[115.63838,3.87306],[115.63874,3.87312],[115.6394,3.87319],[115.63991,3.87346],[115.63998,3.87368],[115.63997,3.87381],[115.64021,3.87381],[115.64049,3.87387],[115.64147,3.87389],[115.64175,3.87416],[115.64219,3.87423],[115.64236,3.87451],[115.64231,3.87489],[115.64216,3.87517],[115.642,3.87533],[115.64164,3.87534],[115.64088,3.87537],[115.64042,3.87528],[115.64005,3.87538],[115.6396,3.87552],[115.63928,3.87576],[115.63918,3.87593],[115.63935,3.87602],[115.64004,3.87621],[115.6408,3.87663],[115.64043,3.87742],[115.63973,3.87762],[115.63931,3.87728],[115.63894,3.87683],[115.63846,3.8768],[115.63826,3.87674],[115.6381,3.87669],[115.63769,3.87675],[115.63897,3.87894],[115.63881,3.88079],[115.63939,3.88095],[115.63965,3.88099],[115.64094,3.88121],[115.64137,3.88164],[115.64211,3.88224],[115.64239,3.88136]]]]},"properties":{"kdprov":"65","kdkab":"04","kdkec":"022","kddesa":"014","kdsls":"1001","idsls":"65040220141001","nmprov":"KALIMANTAN UTARA","nmkab":"NUNUKAN","nmkec":"KRAYAN BARAT","nmdesa":"LEMBADA","nmsls":"SAWAH"}},{"type":"Feature","geometry":{"type":"MultiPolygon","coordinates":[[[[115.63646,3.87062],[115.63628,3.86947],[115.63618,3.86952],[115.63573,3.86957],[115.63541,3.86984],[115.63493,3.86984],[115.63458,3.86996],[115.63424,3.8702],[115.63431,3.87063],[115.63454,3.87066],[115.63477,3.87065],[115.63497,3.87063],[115.63508,3.87061],[115.63512,3.87049],[115.63513,3.87037],[115.63522,3.87033],[115.63547,3.87025],[115.63566,3.87019],[115.63589,3.87013],[115.63595,3.87053],[115.63607,3.87051],[115.63621,3.87068],[115.63646,3.87062]]]]},"properties":{"kdprov":"65","kdkab":"04","kdkec":"022","kddesa":"013","kdsls":"0001","idsls":"65040220130001","nmprov":"KALIMANTAN UTARA","nmkab":"NUNUKAN","nmkec":"KRAYAN BARAT","nmdesa":"PA KIDANG","nmsls":"RT 001"}},{"type":"Feature","geometry":{"type":"MultiPolygon","coordinates":[[[[115.63605,3.87107],[115.63595,3.87053],[115.63589,3.87013],[115.63566,3.87019],[115.63547,3.87025],[115.63522,3.87033],[115.63513,3.87037],[115.63512,3.87049],[115.63508,3.87061],[115.63497,3.87063],[115.63477,3.87065],[115.63454,3.87066],[115.63431,3.87063],[115.63437,3.87112],[115.63464,3.87121],[115.63474,3.87146],[115.63485,3.87184],[115.63502,3.87195],[115.63544,3.87166],[115.63547,3.87132],[115.63561,3.87118],[115.63593,3.87108],[115.63605,3.87107]]]]},"properties":{"kdprov":"65","kdkab":"04","kdkec":"022","kddesa":"014","kdsls":"0001","idsls":"65040220140001","nmprov":"KALIMANTAN UTARA","nmkab":"NUNUKAN","nmkec":"KRAYAN BARAT","nmdesa":"LEMBADA","nmsls":"RT 001"}},{"type":"Feature","geometry":{"type":"MultiPolygon","coordinates":[[[[115.64127,3.87048],[115.6412,3.8704],[115.64079,3.87017],[115.64038,3.87008],[115.64019,3.87013],[115.63965,3.87021],[115.63921,3.8702],[115.63879,3.87012],[115.63833,3.86998],[115.6378,3.87003],[115.63753,3.87009],[115.63719,3.87021],[115.63706,3.87025],[115.63706,3.87048],[115.63646,3.87062],[115.63621,3.87068],[115.63607,3.87051],[115.63595,3.87053],[115.63605,3.87107],[115.63613,3.87105],[115.63649,3.87108],[115.63682,3.87112],[115.63718,3.87098],[115.63725,3.87093],[115.63753,3.87073],[115.63775,3.87058],[115.63807,3.87055],[115.63853,3.87042],[115.63907,3.87055],[115.63966,3.87069],[115.64035,3.87051],[115.6407,3.87049],[115.64091,3.87067],[115.64127,3.87048]]]]},"properties":{"kdprov":"65","kdkab":"04","kdkec":"022","kddesa":"014","kdsls":"0002","idsls":"65040220140002","nmprov":"KALIMANTAN UTARA","nmkab":"NUNUKAN","nmkec":"KRAYAN BARAT","nmdesa":"LEMBADA","nmsls":"RT 002"}},{"type":"Feature","geometry":{"type":"MultiPolygon","coordinates":[[[[115.64825,3.88367],[115.64793,3.88304],[115.6477,3.88254],[115.6477,3.88253],[115.64755,3.88206],[115.64807,3.88186],[115.64845,3.88172],[115.64864,3.88153],[115.64795,3.88008],[115.64785,3.88012],[115.64666,3.88041],[115.6463,3.88041],[115.64535,3.88029],[115.64516,3.88062],[115.64478,3.88124],[115.64437,3.88143],[115.64344,3.8811],[115.6428,3.88095],[115.64239,3.88136],[115.64211,3.88224],[115.64137,3.88164],[115.64094,3.88121],[115.63965,3.88099],[115.63939,3.88095],[115.63881,3.88079],[115.63867,3.88246],[115.6396,3.88317],[115.63992,3.88341],[115.64053,3.88495],[115.64097,3.88635],[115.64234,3.886],[115.64391,3.8856],[115.64603,3.885],[115.64731,3.88419],[115.64787,3.88387],[115.64825,3.88367]]]]},"properties":{"kdprov":"65","kdkab":"04","kdkec":"022","kddesa":"021","kdsls":"1001","idsls":"65040220211001","nmprov":"KALIMANTAN UTARA","nmkab":"NUNUKAN","nmkec":"KRAYAN BARAT","nmdesa":"PA PIRIT","nmsls":"SAWAH"}},{"type":"Feature","geometry":{"type":"MultiPolygon","coordinates":[[[[115.64636,3.88937],[115.64659,3.88926],[115.64704,3.88926],[115.64753,3.88938],[115.64836,3.88958],[115.64843,3.88966],[115.64854,3.88951],[115.6493,3.88908],[115.64987,3.88904],[115.65068,3.88856],[115.65083,3.88789],[115.65199,3.88683],[115.65143,3.88643],[115.65123,3.88611],[115.65108,3.88577],[115.65084,3.88523],[115.65071,3.88484],[115.65063,3.88459],[115.65062,3.88458],[115.64968,3.88494],[115.64916,3.88417],[115.64895,3.88386],[115.64869,3.88346],[115.64829,3.88371],[115.64825,3.88367],[115.64787,3.88387],[115.64731,3.88419],[115.64603,3.885],[115.64391,3.8856],[115.64234,3.886],[115.64097,3.88635],[115.64117,3.88695],[115.64134,3.8875],[115.6418,3.8886],[115.64238,3.88998],[115.64309,3.89081],[115.64329,3.89091],[115.64355,3.89106],[115.6438,3.89098],[115.64414,3.89063],[115.64473,3.89025],[115.6454,3.88996],[115.64555,3.8899],[115.64602,3.88962],[115.64636,3.88937]]]]},"properties":{"kdprov":"65","kdkab":"04","kdkec":"022","kddesa":"015","kdsls":"1001","idsls":"65040220151001","nmprov":"KALIMANTAN UTARA","nmkab":"NUNUKAN","nmkec":"KRAYAN BARAT","nmdesa":"LIANG TURAN","nmsls":"SAWAH"}},{"type":"Feature","geometry":{"type":"MultiPolygon","coordinates":[[[[115.64382,3.86287],[115.64365,3.86264],[115.64355,3.86291],[115.64336,3.86333],[115.64334,3.86387],[115.64352,3.86398],[115.64399,3.86416],[115.6442,3.86395],[115.64401,3.86356],[115.6438,3.86326],[115.64382,3.86287]]]]},"properties":{"kdprov":"65","kdkab":"04","kdkec":"022","kddesa":"012","kdsls":"2001","idsls":"65040220122001","nmprov":"KALIMANTAN UTARA","nmkab":"NUNUKAN","nmkec":"KRAYAN BARAT","nmdesa":"PA DELUNG","nmsls":"HUTAN"}},{"type":"Feature","geometry":{"type":"MultiPolygon","coordinates":[[[[115.64843,3.88966],[115.64836,3.88958],[115.64753,3.88938],[115.64704,3.88926],[115.64659,3.88926],[115.64636,3.88937],[115.64602,3.88962],[115.64555,3.8899],[115.6454,3.88996],[115.64473,3.89025],[115.64414,3.89063],[115.6438,3.89098],[115.64355,3.89106],[115.64582,3.89229],[115.64587,3.89232],[115.64634,3.89152],[115.64651,3.89139],[115.64758,3.89061],[115.64811,3.89013],[115.64843,3.88966]]]]},"properties":{"kdprov":"65","kdkab":"04","kdkec":"022","kddesa":"015","kdsls":"2002","idsls":"65040220152002","nmprov":"KALIMANTAN UTARA","nmkab":"NUNUKAN","nmkec":"KRAYAN BARAT","nmdesa":"LIANG TURAN","nmsls":"HUTAN"}},{"type":"Feature","geometry":{"type":"MultiPolygon","coordinates":[[[[115.65212,3.87998],[115.65183,3.87942],[115.65152,3.87895],[115.65159,3.87864],[115.65191,3.8785],[115.65219,3.87835],[115.6525,3.8781],[115.65285,3.87769],[115.65305,3.87749],[115.6529,3.87748],[115.65249,3.87758],[115.65215,3.87756],[115.65222,3.87732],[115.65255,3.87696],[115.65266,3.87684],[115.65264,3.87669],[115.65228,3.87675],[115.65197,3.8768],[115.65224,3.87651],[115.65262,3.87638],[115.65277,3.87618],[115.65283,3.87604],[115.65201,3.8761],[115.6497,3.87661],[115.649,3.87677],[115.64738,3.87724],[115.64664,3.87797],[115.64641,3.87823],[115.6461,3.8787],[115.64583,3.8793],[115.64555,3.88],[115.64535,3.88029],[115.6463,3.88041],[115.64666,3.88041],[115.64785,3.88012],[115.64795,3.88008],[115.64781,3.8797],[115.64826,3.87949],[115.64792,3.87921],[115.64761,3.8788],[115.64695,3.87843],[115.64719,3.87794],[115.64781,3.87803],[115.64851,3.8786],[115.64864,3.87895],[115.64916,3.87943],[115.64954,3.87981],[115.65,3.87963],[115.65021,3.87963],[115.65025,3.87991],[115.65023,3.8805],[115.65026,3.88067],[115.65032,3.88102],[115.65062,3.88131],[115.65083,3.88147],[115.65097,3.88182],[115.65128,3.88206],[115.65131,3.882],[115.65155,3.88165],[115.6519,3.88107],[115.65233,3.88032],[115.65244,3.88007],[115.65212,3.87998]]],[[[115.66657,3.88763],[115.66707,3.88756],[115.6674,3.8876],[115.66755,3.88727],[115.66743,3.88701],[115.66729,3.88669],[115.66719,3.88629],[115.66724,3.88593],[115.66736,3.88569],[115.66784,3.88545],[115.66834,3.88543],[115.66884,3.8854],[115.66907,3.88541],[115.66953,3.88557],[115.66979,3.88553],[115.67034,3.88505],[115.67065,3.88435],[115.67194,3.88189],[115.6729,3.88037],[115.67366,3.87917],[115.66853,3.87649],[115.66764,3.8763],[115.66763,3.87654],[115.66711,3.87713],[115.66624,3.87752],[115.66596,3.87805],[115.66635,3.87836],[115.66686,3.87842],[115.66725,3.87864],[115.66782,3.87926],[115.66824,3.88022],[115.66829,3.88123],[115.66784,3.88221],[115.6678,3.8828],[115.66745,3.88345],[115.66721,3.88363],[115.66658,3.88349],[115.66603,3.88366],[115.66567,3.88383],[115.66524,3.8841],[115.66433,3.88435],[115.66409,3.88435],[115.66378,3.88417],[115.66342,3.88403],[115.66319,3.88366],[115.66271,3.88365],[115.66228,3.8838],[115.6618,3.88387],[115.66152,3.8838],[115.66145,3.88354],[115.66113,3.88334],[115.66101,3.88334],[115.66107,3.88386],[115.661,3.8842],[115.66054,3.88411],[115.6599,3.88398],[115.65968,3.88369],[115.65971,3.88328],[115.65948,3.88282],[115.65937,3.88282],[115.65916,3.88285],[115.65895,3.88258],[115.65876,3.88227],[115.65868,3.88195],[115.65823,3.88179],[115.65794,3.88176],[115.65786,3.88133],[115.65798,3.88109],[115.65824,3.88086],[115.65835,3.88064],[115.65827,3.88037],[115.65793,3.8802],[115.658,3.87994],[115.6582,3.8795],[115.65825,3.87922],[115.65825,3.87871],[115.65794,3.87884],[115.65768,3.87876],[115.65749,3.87829],[115.65741,3.87758],[115.65734,3.87728],[115.65709,3.87651],[115.657,3.87686],[115.65641,3.87711],[115.65638,3.87725],[115.65649,3.87783],[115.65609,3.87819],[115.65595,3.87838],[115.65588,3.87835],[115.65565,3.87821],[115.65551,3.87839],[115.65545,3.87877],[115.65575,3.87956],[115.65592,3.88041],[115.65585,3.88095],[115.6561,3.8814],[115.65649,3.88192],[115.65661,3.88228],[115.65641,3.88261],[115.65592,3.88268],[115.65548,3.8824],[115.65496,3.88241],[115.65444,3.88226],[115.65366,3.88209],[115.65367,3.88232],[115.65364,3.88244],[115.65377,3.88238],[115.65391,3.88232],[115.65442,3.88261],[115.65456,3.88281],[115.65455,3.88302],[115.65454,3.88315],[115.65467,3.8834],[115.65486,3.88359],[115.655,3.88359],[115.65503,3.88387],[115.65505,3.88437],[115.65518,3.88477],[115.65582,3.88465],[115.65622,3.88452],[115.65663,3.88448],[115.65699,3.88451],[115.65737,3.88469],[115.65755,3.88471],[115.65783,3.88471],[115.65823,3.88489],[115.65834,3.88493],[115.65849,3.88477],[115.65889,3.88486],[115.6592,3.88486],[115.65992,3.8849],[115.66066,3.88515],[115.66167,3.88524],[115.66216,3.88536],[115.66365,3.88612],[115.66534,3.88743],[115.66624,3.88813],[115.66633,3.88772],[115.66657,3.88763]]]]},"properties":{"kdprov":"65","kdkab":"04","kdkec":"022","kddesa":"024","kdsls":"1001","idsls":"65040220241001","nmprov":"KALIMANTAN UTARA","nmkab":"NUNUKAN","nmkec":"KRAYAN BARAT","nmdesa":"SEMBUDUD","nmsls":"SAWAH"}},{"type":"Feature","geometry":{"type":"MultiPolygon","coordinates":[[[[115.65364,3.88244],[115.65367,3.88232],[115.65366,3.88209],[115.65365,3.88187],[115.6534,3.88145],[115.65313,3.88125],[115.653,3.88106],[115.65295,3.88058],[115.65314,3.8803],[115.6535,3.87964],[115.65397,3.87934],[115.65414,3.87841],[115.65381,3.87835],[115.65353,3.87861],[115.65285,3.87906],[115.65244,3.88007],[115.65233,3.88032],[115.6519,3.88107],[115.65155,3.88165],[115.65131,3.882],[115.65146,3.88223],[115.65184,3.88248],[115.65226,3.88268],[115.65245,3.8827],[115.65268,3.88272],[115.6532,3.88261],[115.65364,3.88244]]]]},"properties":{"kdprov":"65","kdkab":"04","kdkec":"022","kddesa":"017","kdsls":"1001","idsls":"65040220171001","nmprov":"KALIMANTAN UTARA","nmkab":"NUNUKAN","nmkec":"KRAYAN BARAT","nmdesa":"PA PAYAK","nmsls":"SAWAH"}},{"type":"Feature","geometry":{"type":"MultiPolygon","coordinates":[[[[115.65186,3.88432],[115.65265,3.88393],[115.65356,3.88345],[115.65373,3.88313],[115.65347,3.88283],[115.65334,3.88292],[115.65306,3.88304],[115.65281,3.88315],[115.6515,3.88375],[115.65186,3.88432]]]]},"properties":{"kdprov":"65","kdkab":"04","kdkec":"022","kddesa":"020","kdsls":"0001","idsls":"65040220200001","nmprov":"KALIMANTAN UTARA","nmkab":"NUNUKAN","nmkec":"KRAYAN BARAT","nmdesa":"LIANG BUA","nmsls":"RT 001"}},{"type":"Feature","geometry":{"type":"MultiPolygon","coordinates":[[[[115.65249,3.89001],[115.65291,3.88954],[115.65302,3.88959],[115.65347,3.88999],[115.65361,3.89018],[115.65381,3.8903],[115.65437,3.89063],[115.65468,3.89063],[115.65443,3.8901],[115.65406,3.88923],[115.65426,3.88892],[115.65493,3.88872],[115.6551,3.88824],[115.6551,3.88793],[115.65533,3.88746],[115.65561,3.88698],[115.65609,3.88689],[115.65634,3.8872],[115.65654,3.8876],[115.65704,3.88799],[115.65696,3.88734],[115.65746,3.88689],[115.65763,3.88709],[115.65763,3.88754],[115.65761,3.88805],[115.65727,3.88838],[115.65727,3.88889],[115.65732,3.88914],[115.65783,3.88824],[115.65825,3.88774],[115.65887,3.88813],[115.65895,3.88855],[115.65887,3.88895],[115.6585,3.889],[115.65831,3.8892],[115.65806,3.88954],[115.65803,3.88962],[115.65853,3.88937],[115.65895,3.8892],[115.65954,3.88954],[115.65929,3.88979],[115.65912,3.89035],[115.65898,3.89066],[115.65845,3.89094],[115.65811,3.89105],[115.65803,3.89136],[115.65822,3.89148],[115.65859,3.89142],[115.65862,3.8917],[115.65853,3.89179],[115.65865,3.89198],[115.65918,3.89201],[115.65924,3.89209],[115.65935,3.8924],[115.65901,3.89243],[115.65876,3.89257],[115.6587,3.89322],[115.65859,3.89389],[115.65867,3.89412],[115.65895,3.89412],[115.65924,3.89387],[115.65935,3.89336],[115.65977,3.89336],[115.65988,3.89333],[115.66064,3.89271],[115.6607,3.89229],[115.66053,3.89176],[115.66064,3.89111],[115.66089,3.89083],[115.66109,3.89041],[115.66165,3.89032],[115.66174,3.89018],[115.66168,3.88985],[115.66123,3.88945],[115.66092,3.88917],[115.66092,3.88855],[115.66098,3.8883],[115.66064,3.88785],[115.66075,3.88712],[115.66092,3.88675],[115.66157,3.88656],[115.66168,3.88616],[115.66199,3.88577],[115.66224,3.88597],[115.66219,3.88653],[115.66188,3.88687],[115.66171,3.88746],[115.66182,3.88782],[115.66188,3.88822],[115.66188,3.88836],[115.66204,3.88862],[115.66229,3.88863],[115.66259,3.88863],[115.6625,3.88832],[115.66253,3.88773],[115.66294,3.88784],[115.663,3.88756],[115.66304,3.88715],[115.66305,3.88689],[115.66328,3.88679],[115.6636,3.88686],[115.6637,3.88697],[115.66373,3.88725],[115.66363,3.88753],[115.66377,3.88789],[115.66402,3.88794],[115.66418,3.88791],[115.66426,3.88786],[115.66425,3.88762],[115.66423,3.88738],[115.66423,3.88725],[115.6645,3.88727],[115.66467,3.88734],[115.66495,3.88749],[115.66508,3.88755],[115.66534,3.88743],[115.66365,3.88612],[115.66216,3.88536],[115.66167,3.88524],[115.66066,3.88515],[115.65992,3.8849],[115.6592,3.88486],[115.65889,3.88486],[115.65849,3.88477],[115.65834,3.88493],[115.65823,3.88489],[115.65783,3.88471],[115.65755,3.88471],[115.65737,3.88469],[115.65699,3.88451],[115.65663,3.88448],[115.65622,3.88452],[115.65582,3.88465],[115.65518,3.88477],[115.65505,3.88437],[115.65503,3.88387],[115.655,3.88359],[115.65486,3.88359],[115.65467,3.8834],[115.65454,3.88315],[115.65455,3.88302],[115.65456,3.88281],[115.65442,3.88261],[115.65391,3.88232],[115.65377,3.88238],[115.65375,3.88249],[115.65365,3.88265],[115.65352,3.88279],[115.65347,3.88283],[115.65373,3.88313],[115.65356,3.88345],[115.65265,3.88393],[115.65186,3.88432],[115.65164,3.88446],[115.6516,3.88448],[115.65214,3.88536],[115.65205,3.88543],[115.6517,3.88567],[115.65146,3.88539],[115.65098,3.88469],[115.65071,3.88484],[115.65084,3.88523],[115.65108,3.88577],[115.65123,3.88611],[115.65143,3.88643],[115.65199,3.88683],[115.65083,3.88789],[115.65068,3.88856],[115.64987,3.88904],[115.6493,3.88908],[115.64854,3.88951],[115.64843,3.88966],[115.64811,3.89013],[115.64758,3.89061],[115.64651,3.89139],[115.64634,3.89152],[115.64587,3.89232],[115.64931,3.89408],[115.65257,3.89557],[115.6557,3.89699],[115.65575,3.8967],[115.65541,3.89586],[115.6551,3.89488],[115.65482,3.89417],[115.6546,3.89384],[115.65392,3.89294],[115.65367,3.89238],[115.65345,3.89195],[115.65288,3.89148],[115.65257,3.89089],[115.65249,3.89001]]]]},"properties":{"kdprov":"65","kdkab":"04","kdkec":"022","kddesa":"020","kdsls":"1001","idsls":"65040220201001","nmprov":"KALIMANTAN UTARA","nmkab":"NUNUKAN","nmkec":"KRAYAN BARAT","nmdesa":"LIANG BUA","nmsls":"SAWAH"}},{"type":"Feature","geometry":{"type":"MultiPolygon","coordinates":[[[[115.64996,3.88287],[115.65014,3.88278],[115.65027,3.8827],[115.65052,3.88254],[115.64997,3.8816],[115.64974,3.88169],[115.64943,3.88106],[115.65026,3.88067],[115.65023,3.8805],[115.65025,3.87991],[115.65021,3.87963],[115.65,3.87963],[115.64954,3.87981],[115.64916,3.87943],[115.64864,3.87895],[115.64851,3.8786],[115.64781,3.87803],[115.64719,3.87794],[115.64695,3.87843],[115.64761,3.8788],[115.64792,3.87921],[115.64826,3.87949],[115.64781,3.8797],[115.64795,3.88008],[115.64864,3.88153],[115.64875,3.88176],[115.64913,3.88204],[115.64919,3.88214],[115.64967,3.88292],[115.64977,3.88284],[115.64993,3.88288],[115.64996,3.88287]]]]},"properties":{"kdprov":"65","kdkab":"04","kdkec":"022","kddesa":"024","kdsls":"0001","idsls":"65040220240001","nmprov":"KALIMANTAN UTARA","nmkab":"NUNUKAN","nmkec":"KRAYAN BARAT","nmdesa":"SEMBUDUD","nmsls":"RT 001"}},{"type":"Feature","geometry":{"type":"MultiPolygon","coordinates":[[[[115.64919,3.88214],[115.64913,3.88204],[115.64875,3.88176],[115.64864,3.88153],[115.64845,3.88172],[115.64807,3.88186],[115.64755,3.88206],[115.6477,3.88253],[115.64919,3.88214]]]]},"properties":{"kdprov":"65","kdkab":"04","kdkec":"022","kddesa":"021","kdsls":"0002","idsls":"65040220210002","nmprov":"KALIMANTAN UTARA","nmkab":"NUNUKAN","nmkec":"KRAYAN BARAT","nmdesa":"PA PIRIT","nmsls":"RT 002"}},{"type":"Feature","geometry":{"type":"MultiPolygon","coordinates":[[[[115.64869,3.88346],[115.64895,3.88386],[115.64916,3.88417],[115.6495,3.88389],[115.65009,3.88364],[115.64967,3.88292],[115.64926,3.88314],[115.64896,3.88329],[115.64869,3.88346]]]]},"properties":{"kdprov":"65","kdkab":"04","kdkec":"022","kddesa":"015","kdsls":"0001","idsls":"65040220150001","nmprov":"KALIMANTAN UTARA","nmkab":"NUNUKAN","nmkec":"KRAYAN BARAT","nmdesa":"LIANG TURAN","nmsls":"RT 001"}},{"type":"Feature","geometry":{"type":"MultiPolygon","coordinates":[[[[115.64916,3.88417],[115.64968,3.88494],[115.65062,3.88458],[115.65043,3.88421],[115.65009,3.88364],[115.6495,3.88389],[115.64916,3.88417]]]]},"properties":{"kdprov":"65","kdkab":"04","kdkec":"022","kddesa":"015","kdsls":"0002","idsls":"65040220150002","nmprov":"KALIMANTAN UTARA","nmkab":"NUNUKAN","nmkec":"KRAYAN BARAT","nmdesa":"LIANG TURAN","nmsls":"RT 002"}},{"type":"Feature","geometry":{"type":"MultiPolygon","coordinates":[[[[115.65135,3.88349],[115.65195,3.88315],[115.65192,3.88307],[115.65196,3.88304],[115.65204,3.883],[115.65201,3.8829],[115.65201,3.88289],[115.65185,3.88279],[115.65166,3.88272],[115.65147,3.88262],[115.65139,3.88255],[115.65131,3.88257],[115.65117,3.88268],[115.65114,3.88279],[115.6512,3.883],[115.65114,3.88308],[115.65109,3.88311],[115.6509,3.88317],[115.65052,3.88254],[115.65027,3.8827],[115.65066,3.88324],[115.65075,3.88336],[115.65118,3.88393],[115.65151,3.88434],[115.65159,3.88445],[115.6516,3.88448],[115.65164,3.88446],[115.65186,3.88432],[115.6515,3.88375],[115.65135,3.88349]]],[[[115.65033,3.88351],[115.64996,3.88287],[115.64993,3.88288],[115.64977,3.88284],[115.64967,3.88292],[115.65009,3.88364],[115.65043,3.88421],[115.65062,3.88458],[115.65063,3.88459],[115.65071,3.88484],[115.65098,3.88469],[115.65089,3.88456],[115.65083,3.88436],[115.65071,3.88417],[115.65056,3.88391],[115.65033,3.88351]]]]},"properties":{"kdprov":"65","kdkab":"04","kdkec":"022","kddesa":"020","kdsls":"0002","idsls":"65040220200002","nmprov":"KALIMANTAN UTARA","nmkab":"NUNUKAN","nmkec":"KRAYAN BARAT","nmdesa":"LIANG BUA","nmsls":"RT 002"}},{"type":"Feature","geometry":{"type":"MultiPolygon","coordinates":[[[[115.65056,3.88391],[115.65075,3.88336],[115.65066,3.88324],[115.65027,3.8827],[115.65014,3.88278],[115.64996,3.88287],[115.65033,3.88351],[115.65056,3.88391]]]]},"properties":{"kdprov":"65","kdkab":"04","kdkec":"022","kddesa":"016","kdsls":"0002","idsls":"65040220160002","nmprov":"KALIMANTAN UTARA","nmkab":"NUNUKAN","nmkec":"KRAYAN BARAT","nmdesa":"LIANG ALIG","nmsls":"RT 002"}},{"type":"Feature","geometry":{"type":"MultiPolygon","coordinates":[[[[115.65201,3.8829],[115.65245,3.8827],[115.65226,3.88268],[115.65184,3.88248],[115.65146,3.88223],[115.65131,3.882],[115.65128,3.88206],[115.65122,3.88215],[115.6508,3.88242],[115.65052,3.88254],[115.6509,3.88317],[115.65109,3.88311],[115.65114,3.88308],[115.6512,3.883],[115.65114,3.88279],[115.65117,3.88268],[115.65131,3.88257],[115.65139,3.88255],[115.65147,3.88262],[115.65166,3.88272],[115.65185,3.88279],[115.65201,3.88289],[115.65201,3.8829]]]]},"properties":{"kdprov":"65","kdkab":"04","kdkec":"022","kddesa":"017","kdsls":"0001","idsls":"65040220170001","nmprov":"KALIMANTAN UTARA","nmkab":"NUNUKAN","nmkec":"KRAYAN BARAT","nmdesa":"PA PAYAK","nmsls":"RT 001"}},{"type":"Feature","geometry":{"type":"MultiPolygon","coordinates":[[[[115.65075,3.88336],[115.65056,3.88391],[115.65071,3.88417],[115.65083,3.88436],[115.65089,3.88456],[115.65122,3.88453],[115.65159,3.88445],[115.65151,3.88434],[115.65118,3.88393],[115.65075,3.88336]]]]},"properties":{"kdprov":"65","kdkab":"04","kdkec":"022","kddesa":"016","kdsls":"0001","idsls":"65040220160001","nmprov":"KALIMANTAN UTARA","nmkab":"NUNUKAN","nmkec":"KRAYAN BARAT","nmdesa":"LIANG ALIG","nmsls":"RT 001"}},{"type":"Feature","geometry":{"type":"MultiPolygon","coordinates":[[[[115.6516,3.88448],[115.65159,3.88445],[115.65122,3.88453],[115.65089,3.88456],[115.65098,3.88469],[115.65146,3.88539],[115.6517,3.88567],[115.65205,3.88543],[115.65214,3.88536],[115.6516,3.88448]]]]},"properties":{"kdprov":"65","kdkab":"04","kdkec":"022","kddesa":"016","kdsls":"1001","idsls":"65040220161001","nmprov":"KALIMANTAN UTARA","nmkab":"NUNUKAN","nmkec":"KRAYAN BARAT","nmdesa":"LIANG ALIG","nmsls":"SAWAH"}},{"type":"Feature","geometry":{"type":"MultiPolygon","coordinates":[[[[115.65366,3.88209],[115.65444,3.88226],[115.65496,3.88241],[115.65548,3.8824],[115.65592,3.88268],[115.65641,3.88261],[115.65661,3.88228],[115.65649,3.88192],[115.6561,3.8814],[115.65585,3.88095],[115.65592,3.88041],[115.65575,3.87956],[115.65545,3.87877],[115.65551,3.87839],[115.65565,3.87821],[115.65588,3.87835],[115.65595,3.87838],[115.65609,3.87819],[115.65649,3.87783],[115.65638,3.87725],[115.65641,3.87711],[115.657,3.87686],[115.65709,3.87651],[115.65734,3.87728],[115.65741,3.87758],[115.65749,3.87829],[115.65768,3.87876],[115.65794,3.87884],[115.65825,3.87871],[115.65825,3.87922],[115.6582,3.8795],[115.658,3.87994],[115.65793,3.8802],[115.65827,3.88037],[115.65835,3.88064],[115.65824,3.88086],[115.65798,3.88109],[115.65786,3.88133],[115.65794,3.88176],[115.65823,3.88179],[115.65868,3.88195],[115.65876,3.88227],[115.65895,3.88258],[115.65916,3.88285],[115.65937,3.88282],[115.65948,3.88282],[115.65971,3.88328],[115.65968,3.88369],[115.6599,3.88398],[115.66054,3.88411],[115.661,3.8842],[115.66107,3.88386],[115.66101,3.88334],[115.66113,3.88334],[115.66145,3.88354],[115.66152,3.8838],[115.6618,3.88387],[115.66228,3.8838],[115.66271,3.88365],[115.66319,3.88366],[115.66342,3.88403],[115.66378,3.88417],[115.66409,3.88435],[115.66433,3.88435],[115.66524,3.8841],[115.66567,3.88383],[115.66603,3.88366],[115.66658,3.88349],[115.66721,3.88363],[115.66745,3.88345],[115.6678,3.8828],[115.66784,3.88221],[115.66829,3.88123],[115.66824,3.88022],[115.66782,3.87926],[115.66725,3.87864],[115.66686,3.87842],[115.66635,3.87836],[115.66596,3.87805],[115.66624,3.87752],[115.66711,3.87713],[115.66763,3.87654],[115.66764,3.8763],[115.6631,3.8753],[115.65283,3.87604],[115.65277,3.87618],[115.65262,3.87638],[115.65224,3.87651],[115.65197,3.8768],[115.65228,3.87675],[115.65264,3.87669],[115.65266,3.87684],[115.65255,3.87696],[115.65222,3.87732],[115.65215,3.87756],[115.65249,3.87758],[115.6529,3.87748],[115.65305,3.87749],[115.65285,3.87769],[115.6525,3.8781],[115.65219,3.87835],[115.65191,3.8785],[115.65159,3.87864],[115.65152,3.87895],[115.65183,3.87942],[115.65212,3.87998],[115.65244,3.88007],[115.65285,3.87906],[115.65353,3.87861],[115.65381,3.87835],[115.65414,3.87841],[115.65397,3.87934],[115.6535,3.87964],[115.65314,3.8803],[115.65295,3.88058],[115.653,3.88106],[115.65313,3.88125],[115.6534,3.88145],[115.65365,3.88187],[115.65366,3.88209]]]]},"properties":{"kdprov":"65","kdkab":"04","kdkec":"022","kddesa":"024","kdsls":"2002","idsls":"65040220242002","nmprov":"KALIMANTAN UTARA","nmkab":"NUNUKAN","nmkec":"KRAYAN BARAT","nmdesa":"SEMBUDUD","nmsls":"HUTAN"}},{"type":"Feature","geometry":{"type":"MultiPolygon","coordinates":[[[[115.66323,3.89874],[115.66626,3.89848],[115.66646,3.89427],[115.66668,3.89311],[115.66699,3.89076],[115.66683,3.88978],[115.66669,3.88904],[115.66645,3.88861],[115.66628,3.88834],[115.66624,3.88813],[115.66534,3.88743],[115.66508,3.88755],[115.66495,3.88749],[115.66467,3.88734],[115.6645,3.88727],[115.66423,3.88725],[115.66423,3.88738],[115.66425,3.88762],[115.66426,3.88786],[115.66418,3.88791],[115.66402,3.88794],[115.66377,3.88789],[115.66363,3.88753],[115.66373,3.88725],[115.6637,3.88697],[115.6636,3.88686],[115.66328,3.88679],[115.66305,3.88689],[115.66304,3.88715],[115.663,3.88756],[115.66294,3.88784],[115.66253,3.88773],[115.6625,3.88832],[115.66259,3.88863],[115.66229,3.88863],[115.66204,3.88862],[115.66188,3.88836],[115.66188,3.88822],[115.66182,3.88782],[115.66171,3.88746],[115.66188,3.88687],[115.66219,3.88653],[115.66224,3.88597],[115.66199,3.88577],[115.66168,3.88616],[115.66157,3.88656],[115.66092,3.88675],[115.66075,3.88712],[115.66064,3.88785],[115.66098,3.8883],[115.66092,3.88855],[115.66092,3.88917],[115.66123,3.88945],[115.66168,3.88985],[115.66174,3.89018],[115.66165,3.89032],[115.66109,3.89041],[115.66089,3.89083],[115.66064,3.89111],[115.66053,3.89176],[115.6607,3.89229],[115.66064,3.89271],[115.65988,3.89333],[115.65977,3.89336],[115.65935,3.89336],[115.65924,3.89387],[115.65895,3.89412],[115.65867,3.89412],[115.65859,3.89389],[115.6587,3.89322],[115.65876,3.89257],[115.65901,3.89243],[115.65935,3.8924],[115.65924,3.89209],[115.65918,3.89201],[115.65865,3.89198],[115.65853,3.89179],[115.65862,3.8917],[115.65859,3.89142],[115.65822,3.89148],[115.65803,3.89136],[115.65811,3.89105],[115.65845,3.89094],[115.65898,3.89066],[115.65912,3.89035],[115.65929,3.88979],[115.65954,3.88954],[115.65895,3.8892],[115.65853,3.88937],[115.65803,3.88962],[115.65806,3.88954],[115.65831,3.8892],[115.6585,3.889],[115.65887,3.88895],[115.65895,3.88855],[115.65887,3.88813],[115.65825,3.88774],[115.65783,3.88824],[115.65732,3.88914],[115.65727,3.88889],[115.65727,3.88838],[115.65761,3.88805],[115.65763,3.88754],[115.65763,3.88709],[115.65746,3.88689],[115.65696,3.88734],[115.65704,3.88799],[115.65654,3.8876],[115.65634,3.8872],[115.65609,3.88689],[115.65561,3.88698],[115.65533,3.88746],[115.6551,3.88793],[115.6551,3.88824],[115.65493,3.88872],[115.65426,3.88892],[115.65406,3.88923],[115.65443,3.8901],[115.65468,3.89063],[115.65437,3.89063],[115.65381,3.8903],[115.65361,3.89018],[115.65347,3.88999],[115.65302,3.88959],[115.65291,3.88954],[115.65249,3.89001],[115.65257,3.89089],[115.65288,3.89148],[115.65345,3.89195],[115.65367,3.89238],[115.65392,3.89294],[115.6546,3.89384],[115.65482,3.89417],[115.6551,3.89488],[115.65541,3.89586],[115.65575,3.8967],[115.6557,3.89699],[115.65707,3.89761],[115.66196,3.89886],[115.66323,3.89874]]]]},"properties":{"kdprov":"65","kdkab":"04","kdkec":"022","kddesa":"020","kdsls":"2002","idsls":"65040220202002","nmprov":"KALIMANTAN UTARA","nmkab":"NUNUKAN","nmkec":"KRAYAN BARAT","nmdesa":"LIANG BUA","nmsls":"HUTAN"}},{"type":"Feature","geometry":{"type":"MultiPolygon","coordinates":[[[[115.65347,3.88283],[115.65352,3.88279],[115.65365,3.88265],[115.65375,3.88249],[115.65377,3.88238],[115.65364,3.88244],[115.6532,3.88261],[115.65268,3.88272],[115.65245,3.8827],[115.65201,3.8829],[115.65204,3.883],[115.65196,3.88304],[115.65192,3.88307],[115.65195,3.88315],[115.65135,3.88349],[115.6515,3.88375],[115.65281,3.88315],[115.65306,3.88304],[115.65334,3.88292],[115.65347,3.88283]]]]},"properties":{"kdprov":"65","kdkab":"04","kdkec":"022","kddesa":"017","kdsls":"0002","idsls":"65040220170002","nmprov":"KALIMANTAN UTARA","nmkab":"NUNUKAN","nmkec":"KRAYAN BARAT","nmdesa":"PA PAYAK","nmsls":"RT 002"}},{"type":"Feature","geometry":{"type":"MultiPolygon","coordinates":[[[[115.64869,3.88346],[115.64896,3.88329],[115.64926,3.88314],[115.64967,3.88292],[115.64919,3.88214],[115.6477,3.88253],[115.6477,3.88254],[115.64793,3.88304],[115.64825,3.88367],[115.64829,3.88371],[115.64869,3.88346]]]]},"properties":{"kdprov":"65","kdkab":"04","kdkec":"022","kddesa":"021","kdsls":"0001","idsls":"65040220210001","nmprov":"KALIMANTAN UTARA","nmkab":"NUNUKAN","nmkec":"KRAYAN BARAT","nmdesa":"PA PIRIT","nmsls":"RT 001"}},{"type":"Feature","geometry":{"type":"MultiPolygon","coordinates":[[[[115.65128,3.88206],[115.65097,3.88182],[115.65083,3.88147],[115.65062,3.88131],[115.65032,3.88102],[115.65026,3.88067],[115.64943,3.88106],[115.64974,3.88169],[115.64997,3.8816],[115.65052,3.88254],[115.6508,3.88242],[115.65122,3.88215],[115.65128,3.88206]]]]},"properties":{"kdprov":"65","kdkab":"04","kdkec":"022","kddesa":"024","kdsls":"0002","idsls":"65040220240002","nmprov":"KALIMANTAN UTARA","nmkab":"NUNUKAN","nmkec":"KRAYAN BARAT","nmdesa":"SEMBUDUD","nmsls":"RT 002"}},{"type":"Feature","geometry":{"type":"MultiPolygon","coordinates":[[[[115.64888,3.81501],[115.64898,3.81435],[115.64898,3.81334],[115.64845,3.81268],[115.64807,3.81139],[115.64731,3.80961],[115.64599,3.80778],[115.64422,3.80621],[115.64245,3.8043],[115.64222,3.80337],[115.64324,3.80286],[115.64412,3.80254],[115.64402,3.80143],[115.64394,3.80042],[115.64311,3.79998],[115.64273,3.79931],[115.64189,3.79942],[115.64127,3.79985],[115.64078,3.79947],[115.64042,3.79887],[115.64019,3.79825],[115.63912,3.79776],[115.63813,3.79835],[115.63805,3.79874],[115.63785,3.79891],[115.63704,3.79843],[115.63465,3.7977],[115.63393,3.79752],[115.63358,3.7973],[115.63303,3.79664],[115.63267,3.7964],[115.63139,3.79596],[115.63054,3.79543],[115.63004,3.79506],[115.62992,3.79478],[115.6302,3.79399],[115.63017,3.79318],[115.62967,3.79259],[115.62896,3.79174],[115.62806,3.79146],[115.62742,3.79118],[115.62736,3.79059],[115.62789,3.79],[115.62826,3.78972],[115.62853,3.78899],[115.62836,3.78833],[115.62794,3.78792],[115.62759,3.78743],[115.62781,3.78643],[115.62844,3.7859],[115.6287,3.78584],[115.62895,3.78713],[115.62912,3.78753],[115.62951,3.78744],[115.63004,3.78715],[115.63017,3.78684],[115.63047,3.78678],[115.63062,3.78713],[115.63037,3.78733],[115.63051,3.78761],[115.63094,3.7876],[115.6312,3.78778],[115.63104,3.78808],[115.63083,3.78827],[115.63047,3.78827],[115.63027,3.78876],[115.63042,3.789],[115.63041,3.78952],[115.63031,3.7898],[115.63049,3.78985],[115.63083,3.78962],[115.63102,3.78979],[115.63136,3.78964],[115.63205,3.7895],[115.63217,3.78989],[115.63195,3.79061],[115.63202,3.79129],[115.6321,3.79196],[115.63243,3.79226],[115.63264,3.79183],[115.63286,3.79179],[115.63314,3.79196],[115.63328,3.79226],[115.63348,3.79269],[115.6337,3.79291],[115.63415,3.79311],[115.6349,3.79332],[115.63522,3.79339],[115.63528,3.79374],[115.6357,3.79353],[115.63562,3.79325],[115.63574,3.79312],[115.63643,3.79295],[115.63673,3.79295],[115.63705,3.79277],[115.63718,3.79211],[115.63727,3.79149],[115.63823,3.79148],[115.63864,3.79186],[115.63899,3.79231],[115.63921,3.79269],[115.64,3.79332],[115.6409,3.79363],[115.64132,3.79329],[115.64146,3.79277],[115.64153,3.79381],[115.64153,3.79426],[115.64224,3.79474],[115.64311,3.79468],[115.64316,3.79328],[115.64347,3.79263],[115.64463,3.79142],[115.64522,3.78928],[115.64597,3.78836],[115.64623,3.78822],[115.64656,3.78791],[115.64772,3.78664],[115.6473,3.78549],[115.6485,3.78507],[115.64907,3.78529],[115.64976,3.78508],[115.64962,3.78308],[115.6499,3.78108],[115.65078,3.77893],[115.65128,3.77771],[115.65343,3.77585],[115.65357,3.77448],[115.65393,3.77377],[115.65429,3.77197],[115.65401,3.77032],[115.65422,3.76781],[115.65444,3.7658],[115.65394,3.76357],[115.6533,3.76142],[115.65366,3.76034],[115.65359,3.75912],[115.65317,3.7579],[115.65296,3.75539],[115.65267,3.7541],[115.65267,3.75273],[115.65232,3.75158],[115.65175,3.75072],[115.65139,3.7495],[115.65197,3.74828],[115.65168,3.7472],[115.65183,3.74476],[115.65276,3.74268],[115.65134,3.74045],[115.65041,3.74002],[115.65005,3.73851],[115.64898,3.73722],[115.64863,3.73585],[115.64927,3.73463],[115.64913,3.73306],[115.64892,3.73162],[115.64964,3.73004],[115.6505,3.72832],[115.6505,3.7271],[115.64986,3.72566],[115.64965,3.72408],[115.65001,3.72207],[115.65065,3.72071],[115.6513,3.71999],[115.65194,3.71949],[115.65194,3.71849],[115.65194,3.71683],[115.65166,3.71518],[115.6518,3.71389],[115.65274,3.71081],[115.65396,3.70952],[115.65524,3.70815],[115.65496,3.70528],[115.65575,3.70377],[115.6564,3.70191],[115.65811,3.70048],[115.6579,3.69926],[115.65747,3.69818],[115.65776,3.69739],[115.65776,3.69653],[115.65741,3.69581],[115.65784,3.69502],[115.65884,3.69473],[115.65969,3.69466],[115.65998,3.69402],[115.66048,3.69352],[115.6612,3.69373],[115.66177,3.69459],[115.66255,3.69414],[115.65982,3.69019],[115.65955,3.6898],[115.65944,3.68872],[115.65887,3.68309],[115.65619,3.6804],[115.65149,3.67839],[115.65111,3.6786],[115.64411,3.68242],[115.6438,3.68312],[115.64126,3.68891],[115.63941,3.69316],[115.63874,3.70222],[115.63814,3.70291],[115.63697,3.70426],[115.63655,3.70475],[115.63546,3.706],[115.63471,3.70692],[115.62867,3.70692],[115.6233,3.70356],[115.61927,3.69886],[115.61801,3.69634],[115.61686,3.69404],[115.61524,3.69081],[115.61501,3.68872],[115.61457,3.68477],[115.61428,3.68304],[115.61376,3.6799],[115.61323,3.67671],[115.61176,3.67487],[115.61054,3.67336],[115.60795,3.67025],[115.60719,3.66933],[115.60545,3.66894],[115.60308,3.66842],[115.60178,3.66813],[115.60174,3.66808],[115.60164,3.6681],[115.60114,3.66798],[115.5996,3.66844],[115.59948,3.66848],[115.59915,3.66853],[115.59739,3.6691],[115.59098,3.66953],[115.5828,3.67043],[115.57563,3.6706],[115.57563,3.67064],[115.57563,3.67064],[115.57539,3.67085],[115.575,3.6711],[115.575,3.6711],[115.57467,3.67153],[115.57447,3.67204],[115.57447,3.67204],[115.57424,3.67224],[115.57424,3.67224],[115.57437,3.67256],[115.57433,3.6728],[115.5744,3.67299],[115.57448,3.67322],[115.57429,3.67357],[115.57424,3.67401],[115.57395,3.67455],[115.57378,3.67488],[115.57345,3.6753],[115.57345,3.67566],[115.57344,3.676],[115.57328,3.67637],[115.57337,3.67664],[115.57342,3.67699],[115.57337,3.67733],[115.57321,3.67761],[115.57314,3.67799],[115.57311,3.67826],[115.57301,3.67855],[115.57303,3.67879],[115.57282,3.6791],[115.5727,3.67945],[115.57261,3.6798],[115.57241,3.68],[115.57242,3.68053],[115.57237,3.68085],[115.5727,3.68112],[115.57306,3.68134],[115.57324,3.68165],[115.57341,3.68194],[115.57334,3.68215],[115.57313,3.68246],[115.57299,3.68264],[115.57292,3.6831],[115.57333,3.68312],[115.57365,3.68322],[115.57404,3.68367],[115.57442,3.68392],[115.57418,3.68449],[115.57427,3.68478],[115.57439,3.68511],[115.57452,3.68558],[115.57452,3.68575],[115.57495,3.68603],[115.57525,3.68619],[115.57568,3.68649],[115.57584,3.68691],[115.57603,3.68728],[115.57647,3.68751],[115.57692,3.68781],[115.57715,3.68819],[115.57755,3.68859],[115.57752,3.68879],[115.57774,3.68899],[115.57797,3.68924],[115.57838,3.68948],[115.57859,3.68958],[115.57891,3.68989],[115.57894,3.69017],[115.57885,3.69045],[115.57888,3.6908],[115.57919,3.6913],[115.5793,3.69145],[115.5795,3.69173],[115.57979,3.69203],[115.57991,3.69212],[115.58014,3.69227],[115.58042,3.69266],[115.5807,3.69301],[115.58116,3.6932],[115.5815,3.69354],[115.58207,3.6937],[115.58253,3.69386],[115.58237,3.69405],[115.5824,3.69446],[115.58291,3.69546],[115.58309,3.69579],[115.5831,3.69618],[115.58302,3.69673],[115.58302,3.69714],[115.58317,3.69734],[115.58376,3.69742],[115.58401,3.69766],[115.58391,3.69803],[115.58367,3.69823],[115.58345,3.69894],[115.58338,3.69979],[115.58288,3.7003],[115.58259,3.7007],[115.58311,3.70124],[115.58336,3.70168],[115.58318,3.70176],[115.58285,3.7026],[115.58264,3.70302],[115.58268,3.70371],[115.58273,3.70426],[115.5829,3.70458],[115.58308,3.70479],[115.58337,3.70513],[115.58365,3.70541],[115.58382,3.70582],[115.58395,3.70625],[115.58327,3.70651],[115.58269,3.70659],[115.58223,3.70683],[115.58229,3.70723],[115.58235,3.7075],[115.58235,3.70783],[115.5821,3.70826],[115.58197,3.70881],[115.582,3.70915],[115.58165,3.70949],[115.58105,3.70966],[115.58079,3.70975],[115.58054,3.71027],[115.58033,3.71094],[115.58022,3.71136],[115.58016,3.71165],[115.57994,3.71198],[115.57968,3.71257],[115.57945,3.71286],[115.5793,3.71335],[115.57898,3.71379],[115.57914,3.71419],[115.57896,3.71482],[115.57881,3.7153],[115.57863,3.71558],[115.57819,3.71602],[115.578,3.71605],[115.57771,3.7161],[115.57731,3.71628],[115.5769,3.71656],[115.5768,3.717],[115.57637,3.71751],[115.57619,3.71797],[115.5757,3.71818],[115.57537,3.71823],[115.57501,3.71839],[115.57501,3.71865],[115.57504,3.71902],[115.57493,3.71917],[115.57502,3.71948],[115.57513,3.7201],[115.57514,3.7206],[115.57503,3.72104],[115.57504,3.72146],[115.57528,3.72136],[115.5755,3.72144],[115.57555,3.72167],[115.57594,3.72195],[115.57594,3.72224],[115.5761,3.72224],[115.57633,3.72245],[115.57648,3.72258],[115.57674,3.72292],[115.57684,3.72314],[115.57702,3.72334],[115.57716,3.72357],[115.5773,3.72365],[115.57745,3.72405],[115.57711,3.72413],[115.57742,3.72431],[115.57763,3.72462],[115.5779,3.72508],[115.57819,3.7253],[115.57847,3.72559],[115.57885,3.7258],[115.57906,3.72596],[115.57959,3.7264],[115.57998,3.72695],[115.58014,3.7272],[115.58044,3.7273],[115.58076,3.72759],[115.581,3.72786],[115.58152,3.72769],[115.58183,3.7282],[115.58153,3.72861],[115.58128,3.72936],[115.58133,3.73006],[115.58094,3.73059],[115.58082,3.73128],[115.58076,3.73167],[115.58095,3.73237],[115.5807,3.73305],[115.58041,3.73352],[115.58015,3.73373],[115.58013,3.734],[115.58045,3.73473],[115.58064,3.73525],[115.58064,3.73557],[115.58033,3.73607],[115.58008,3.73635],[115.57961,3.73661],[115.5798,3.73718],[115.57951,3.73782],[115.5793,3.73831],[115.57902,3.73871],[115.57872,3.73907],[115.57871,3.73949],[115.57898,3.73987],[115.57872,3.74054],[115.57848,3.7412],[115.57811,3.74166],[115.57816,3.74199],[115.57801,3.74245],[115.57824,3.74266],[115.57844,3.74325],[115.57841,3.74366],[115.57835,3.74426],[115.57814,3.74487],[115.57852,3.74538],[115.57876,3.74603],[115.57861,3.74652],[115.5784,3.74681],[115.57867,3.74724],[115.57874,3.74781],[115.57923,3.74842],[115.57963,3.74893],[115.57985,3.74926],[115.58031,3.74972],[115.58071,3.75],[115.58071,3.75],[115.58092,3.75029],[115.58155,3.75057],[115.5821,3.75059],[115.58242,3.75091],[115.58277,3.75123],[115.58292,3.75175],[115.58332,3.75201],[115.58312,3.75277],[115.58316,3.75297],[115.58365,3.75322],[115.58385,3.75371],[115.58459,3.75414],[115.58505,3.75427],[115.58545,3.7545],[115.58599,3.75468],[115.58617,3.75535],[115.58677,3.75555],[115.58714,3.75598],[115.58725,3.75652],[115.58721,3.75681],[115.58754,3.75717],[115.58766,3.7576],[115.58743,3.75812],[115.58733,3.75868],[115.58695,3.75896],[115.58664,3.75941],[115.58608,3.75988],[115.58619,3.7605],[115.58613,3.76138],[115.58653,3.76167],[115.58712,3.762],[115.58758,3.76218],[115.58772,3.76265],[115.58771,3.76273],[115.58768,3.76316],[115.58779,3.76384],[115.5882,3.76405],[115.58857,3.76441],[115.58904,3.7645],[115.58919,3.76461],[115.58923,3.76508],[115.58954,3.76506],[115.58982,3.76524],[115.59001,3.76551],[115.59053,3.766],[115.59057,3.7666],[115.59101,3.76669],[115.59145,3.76689],[115.59213,3.76727],[115.59207,3.76749],[115.59208,3.76794],[115.59214,3.76824],[115.59254,3.76838],[115.59292,3.76872],[115.59325,3.769],[115.59317,3.7692],[115.593,3.76942],[115.59296,3.76978],[115.59304,3.77007],[115.59323,3.77032],[115.59298,3.77081],[115.59282,3.77138],[115.59277,3.77198],[115.59264,3.77224],[115.59251,3.77245],[115.59236,3.7727],[115.59201,3.77287],[115.59161,3.7732],[115.59134,3.77365],[115.59093,3.77396],[115.59049,3.77412],[115.58995,3.77448],[115.58968,3.77469],[115.58944,3.77541],[115.58935,3.77584],[115.58913,3.77627],[115.58904,3.7767],[115.58875,3.77717],[115.58915,3.77755],[115.58937,3.77801],[115.58952,3.778],[115.58977,3.77827],[115.58993,3.77851],[115.59025,3.77891],[115.59043,3.7793],[115.59048,3.77957],[115.59036,3.78023],[115.59023,3.78077],[115.59013,3.78109],[115.59038,3.78135],[115.59073,3.78131],[115.59102,3.78145],[115.59136,3.78151],[115.59188,3.78173],[115.59208,3.78214],[115.5923,3.78238],[115.59233,3.78276],[115.5927,3.78295],[115.59282,3.78327],[115.59275,3.78372],[115.59295,3.78383],[115.5932,3.78397],[115.59321,3.78438],[115.59351,3.78478],[115.59376,3.78498],[115.594,3.78528],[115.59436,3.78576],[115.59452,3.78605],[115.59461,3.78627],[115.59464,3.78661],[115.59455,3.78702],[115.59454,3.78739],[115.59487,3.78773],[115.59517,3.78817],[115.59536,3.78854],[115.59531,3.78893],[115.5952,3.78935],[115.59511,3.78975],[115.59516,3.79012],[115.59518,3.79044],[115.59522,3.79069],[115.5956,3.79107],[115.59582,3.79136],[115.59611,3.79166],[115.59627,3.79192],[115.59679,3.79215],[115.5973,3.79235],[115.59772,3.79274],[115.59794,3.79294],[115.59811,3.79315],[115.59829,3.79344],[115.59835,3.79381],[115.59841,3.7941],[115.59859,3.79433],[115.59889,3.79466],[115.59921,3.79473],[115.5994,3.79468],[115.59963,3.79489],[115.59978,3.79531],[115.60015,3.79565],[115.60041,3.79605],[115.60067,3.79613],[115.60091,3.79629],[115.60119,3.79655],[115.60148,3.79676],[115.60155,3.79717],[115.60164,3.79761],[115.60181,3.7978],[115.60197,3.7981],[115.6023,3.79855],[115.60268,3.79846],[115.60298,3.79849],[115.60328,3.79862],[115.60333,3.79909],[115.60348,3.79969],[115.60345,3.80013],[115.60355,3.80039],[115.60355,3.80072],[115.60352,3.80106],[115.60357,3.80136],[115.60376,3.80176],[115.60394,3.80189],[115.60423,3.80203],[115.60451,3.80223],[115.60455,3.80251],[115.60465,3.80305],[115.60474,3.80331],[115.60482,3.80353],[115.60491,3.80375],[115.60477,3.80389],[115.6046,3.8042],[115.60472,3.8044],[115.60504,3.80481],[115.60518,3.80521],[115.60527,3.80551],[115.60519,3.80605],[115.60525,3.80646],[115.60531,3.80703],[115.60558,3.80721],[115.60617,3.80743],[115.6064,3.80805],[115.60653,3.80853],[115.60656,3.80895],[115.60663,3.80938],[115.60691,3.8098],[115.60714,3.81004],[115.60714,3.81033],[115.60709,3.81094],[115.60694,3.81135],[115.6071,3.81194],[115.60738,3.81229],[115.6075,3.81261],[115.60766,3.81311],[115.60743,3.81349],[115.60743,3.81388],[115.60743,3.81409],[115.60747,3.81461],[115.6078,3.81514],[115.60799,3.81552],[115.60835,3.81613],[115.6088,3.81651],[115.60903,3.81706],[115.60925,3.81737],[115.6096,3.81776],[115.61012,3.81797],[115.61048,3.81806],[115.61092,3.81836],[115.61649,3.81711],[115.61935,3.8174],[115.62402,3.81588],[115.62726,3.81493],[115.63079,3.81532],[115.63197,3.81529],[115.63217,3.81523],[115.63268,3.81502],[115.63336,3.81544],[115.6339,3.81595],[115.63432,3.81616],[115.63491,3.81622],[115.6356,3.81595],[115.63658,3.81592],[115.6373,3.81568],[115.63789,3.81548],[115.63887,3.81557],[115.64218,3.81653],[115.64283,3.8165],[115.64399,3.81674],[115.64444,3.8162],[115.64492,3.81537],[115.64617,3.81555],[115.64715,3.81537],[115.64745,3.8154],[115.64805,3.81513],[115.64827,3.81501],[115.64888,3.81501]]]]},"properties":{"kdprov":"65","kdkab":"04","kdkec":"022","kddesa":"009","kdsls":"2002","idsls":"65040220092002","nmprov":"KALIMANTAN UTARA","nmkab":"NUNUKAN","nmkec":"KRAYAN BARAT","nmdesa":"LONG TUGUL","nmsls":"HUTAN"}},{"type":"Feature","geometry":{"type":"MultiPolygon","coordinates":[[[[115.62816,3.86142],[115.62993,3.86114],[115.63217,3.86133],[115.6346,3.86196],[115.63598,3.86215],[115.6366,3.86249],[115.63713,3.86282],[115.63739,3.8634],[115.63791,3.86401],[115.63819,3.86428],[115.63867,3.86453],[115.63907,3.86472],[115.63951,3.86453],[115.64023,3.86424],[115.6411,3.86248],[115.64197,3.86091],[115.64273,3.85928],[115.64329,3.85804],[115.6435,3.85685],[115.643,3.8565],[115.64211,3.85583],[115.64175,3.85566],[115.64096,3.85452],[115.6407,3.85418],[115.64044,3.85395],[115.63925,3.85398],[115.638,3.85431],[115.63666,3.85449],[115.636,3.85502],[115.63564,3.85544],[115.63433,3.85526],[115.63353,3.85511],[115.63278,3.85484],[115.63183,3.8546],[115.63088,3.85418],[115.63034,3.85373],[115.63008,3.85331],[115.62984,3.85274],[115.62981,3.85247],[115.6296,3.85208],[115.62818,3.85101],[115.62599,3.85024],[115.62189,3.84842],[115.61675,3.8464],[115.61553,3.84625],[115.61557,3.8467],[115.61566,3.84704],[115.61592,3.84754],[115.616,3.84787],[115.61587,3.84836],[115.61594,3.84896],[115.61623,3.84956],[115.6162,3.84995],[115.6161,3.85035],[115.61595,3.85088],[115.61656,3.85095],[115.617,3.85107],[115.61697,3.85141],[115.61706,3.85173],[115.61694,3.85259],[115.61735,3.85286],[115.61744,3.85316],[115.61737,3.85364],[115.61724,3.85384],[115.61706,3.85429],[115.61711,3.85474],[115.61724,3.85509],[115.61777,3.85556],[115.61804,3.85567],[115.61828,3.85595],[115.61852,3.85625],[115.61885,3.85646],[115.61883,3.85672],[115.61864,3.85695],[115.61874,3.85744],[115.61856,3.85773],[115.61854,3.85812],[115.61844,3.85852],[115.61829,3.85912],[115.61837,3.85981],[115.61831,3.86017],[115.61829,3.86066],[115.61842,3.86107],[115.61872,3.8615],[115.61885,3.86204],[115.61887,3.86253],[115.61888,3.86326],[115.61901,3.86377],[115.61895,3.8643],[115.61904,3.86462],[115.62143,3.86532],[115.62228,3.86557],[115.62312,3.86582],[115.6242,3.86395],[115.62559,3.86252],[115.62816,3.86142]]]]},"properties":{"kdprov":"65","kdkab":"04","kdkec":"022","kddesa":"005","kdsls":"2001","idsls":"65040220052001","nmprov":"KALIMANTAN UTARA","nmkab":"NUNUKAN","nmkec":"KRAYAN BARAT","nmdesa":"PA BUTAL","nmsls":"HUTAN"}},{"type":"Feature","geometry":{"type":"MultiPolygon","coordinates":[[[[115.6497,3.87661],[115.64944,3.8762],[115.64932,3.87578],[115.6491,3.8751],[115.6492,3.87465],[115.64943,3.87453],[115.64962,3.87423],[115.64958,3.87374],[115.64939,3.87337],[115.64906,3.87307],[115.64881,3.87259],[115.64857,3.87157],[115.64817,3.86968],[115.64803,3.86935],[115.64798,3.86896],[115.64804,3.86846],[115.6481,3.86782],[115.64774,3.86688],[115.6468,3.8657],[115.6461,3.86437],[115.64483,3.86304],[115.64422,3.86281],[115.64382,3.86287],[115.6438,3.86326],[115.64401,3.86356],[115.6442,3.86395],[115.64399,3.86416],[115.64352,3.86398],[115.64334,3.86387],[115.64311,3.86404],[115.64281,3.86402],[115.6426,3.86392],[115.6421,3.86402],[115.64203,3.86409],[115.64181,3.8645],[115.64153,3.86459],[115.64132,3.86448],[115.64121,3.86428],[115.64113,3.86419],[115.64082,3.86417],[115.64023,3.86424],[115.63951,3.86453],[115.63907,3.86472],[115.63867,3.86453],[115.63819,3.86428],[115.63791,3.86401],[115.63739,3.8634],[115.63713,3.86282],[115.6366,3.86249],[115.63598,3.86215],[115.6346,3.86196],[115.63217,3.86133],[115.62993,3.86114],[115.62816,3.86142],[115.62559,3.86252],[115.6242,3.86395],[115.62312,3.86582],[115.62294,3.86614],[115.62374,3.86658],[115.62454,3.86702],[115.62611,3.86805],[115.62769,3.86909],[115.63102,3.87125],[115.63175,3.87083],[115.63257,3.87053],[115.63334,3.8704],[115.6338,3.87052],[115.63431,3.87063],[115.63424,3.8702],[115.63458,3.86996],[115.63493,3.86984],[115.63541,3.86984],[115.63573,3.86957],[115.63618,3.86952],[115.63628,3.86947],[115.63672,3.86926],[115.6368,3.86922],[115.63696,3.86931],[115.63703,3.86935],[115.63718,3.86943],[115.63753,3.86959],[115.63802,3.86971],[115.63861,3.86973],[115.63931,3.86959],[115.63986,3.86968],[115.64061,3.86959],[115.64146,3.86963],[115.64145,3.87009],[115.64148,3.87069],[115.6416,3.87129],[115.64171,3.87217],[115.64203,3.87247],[115.6425,3.87288],[115.6428,3.87309],[115.64302,3.87326],[115.64336,3.87375],[115.64351,3.87404],[115.64369,3.87476],[115.64388,3.87591],[115.64401,3.87636],[115.64408,3.87643],[115.64423,3.8765],[115.64468,3.87665],[115.64506,3.87677],[115.64525,3.87689],[115.64585,3.87736],[115.64664,3.87797],[115.64738,3.87724],[115.649,3.87677],[115.6497,3.87661]]]]},"properties":{"kdprov":"65","kdkab":"04","kdkec":"022","kddesa":"013","kdsls":"1001","idsls":"65040220131001","nmprov":"KALIMANTAN UTARA","nmkab":"NUNUKAN","nmkec":"KRAYAN BARAT","nmdesa":"PA KIDANG","nmsls":"SAWAH"}},{"type":"Feature","geometry":{"type":"MultiPolygon","coordinates":[[[[115.64581,3.79439],[115.64566,3.79324],[115.64635,3.79112],[115.64767,3.78934],[115.64927,3.78716],[115.64979,3.78549],[115.64976,3.78508],[115.64907,3.78529],[115.6485,3.78507],[115.6473,3.78549],[115.64772,3.78664],[115.64656,3.78791],[115.64623,3.78822],[115.64597,3.78836],[115.64522,3.78928],[115.64463,3.79142],[115.64347,3.79263],[115.64316,3.79328],[115.64311,3.79468],[115.64224,3.79474],[115.64153,3.79426],[115.64153,3.79381],[115.64146,3.79277],[115.64132,3.79329],[115.6409,3.79363],[115.64,3.79332],[115.63921,3.79269],[115.63899,3.79231],[115.63864,3.79186],[115.63823,3.79148],[115.63727,3.79149],[115.63718,3.79211],[115.63705,3.79277],[115.63673,3.79295],[115.63643,3.79295],[115.63574,3.79312],[115.63562,3.79325],[115.6357,3.79353],[115.63528,3.79374],[115.63522,3.79339],[115.6349,3.79332],[115.63415,3.79311],[115.6337,3.79291],[115.63348,3.79269],[115.63328,3.79226],[115.63314,3.79196],[115.63286,3.79179],[115.63264,3.79183],[115.63243,3.79226],[115.6321,3.79196],[115.63202,3.79129],[115.63195,3.79061],[115.63217,3.78989],[115.63205,3.7895],[115.63136,3.78964],[115.63102,3.78979],[115.63083,3.78962],[115.63049,3.78985],[115.63031,3.7898],[115.63041,3.78952],[115.63042,3.789],[115.63027,3.78876],[115.63047,3.78827],[115.63083,3.78827],[115.63104,3.78808],[115.6312,3.78778],[115.63094,3.7876],[115.63051,3.78761],[115.63037,3.78733],[115.63062,3.78713],[115.63047,3.78678],[115.63017,3.78684],[115.63004,3.78715],[115.62951,3.78744],[115.62912,3.78753],[115.62895,3.78713],[115.6287,3.78584],[115.62844,3.7859],[115.62781,3.78643],[115.62759,3.78743],[115.62794,3.78792],[115.62836,3.78833],[115.62853,3.78899],[115.62826,3.78972],[115.62789,3.79],[115.62736,3.79059],[115.62742,3.79118],[115.62806,3.79146],[115.62896,3.79174],[115.62967,3.79259],[115.63017,3.79318],[115.6302,3.79399],[115.62992,3.79478],[115.63004,3.79506],[115.63054,3.79543],[115.63139,3.79596],[115.63267,3.7964],[115.63303,3.79664],[115.63358,3.7973],[115.63393,3.79752],[115.63465,3.7977],[115.63704,3.79843],[115.63785,3.79891],[115.63805,3.79874],[115.63813,3.79835],[115.63912,3.79776],[115.64019,3.79825],[115.64042,3.79887],[115.64078,3.79947],[115.64127,3.79985],[115.64189,3.79942],[115.64273,3.79931],[115.64311,3.79998],[115.64394,3.80042],[115.64428,3.79956],[115.64468,3.79927],[115.64525,3.79835],[115.64583,3.79738],[115.64589,3.79502],[115.64581,3.79439]]]]},"properties":{"kdprov":"65","kdkab":"04","kdkec":"022","kddesa":"009","kdsls":"1001","idsls":"65040220091001","nmprov":"KALIMANTAN UTARA","nmkab":"NUNUKAN","nmkec":"KRAYAN BARAT","nmdesa":"LONG TUGUL","nmsls":"SAWAH"}},{"type":"Feature","geometry":{"type":"MultiPolygon","coordinates":[[[[115.64043,3.87742],[115.6408,3.87663],[115.64004,3.87621],[115.63935,3.87602],[115.63918,3.87593],[115.63928,3.87576],[115.6396,3.87552],[115.64005,3.87538],[115.64042,3.87528],[115.64088,3.87537],[115.64164,3.87534],[115.642,3.87533],[115.64216,3.87517],[115.64231,3.87489],[115.64236,3.87451],[115.64219,3.87423],[115.64175,3.87416],[115.64147,3.87389],[115.64049,3.87387],[115.64021,3.87381],[115.63997,3.87381],[115.63998,3.87368],[115.63991,3.87346],[115.6394,3.87319],[115.63874,3.87312],[115.63838,3.87306],[115.63773,3.87306],[115.63731,3.87322],[115.63725,3.87325],[115.63671,3.87354],[115.63617,3.87392],[115.63583,3.87416],[115.63562,3.87417],[115.63559,3.87399],[115.63571,3.87384],[115.63592,3.87358],[115.63626,3.8733],[115.63669,3.87299],[115.6369,3.87277],[115.63693,3.87257],[115.63649,3.87205],[115.63624,3.87188],[115.63595,3.87167],[115.63595,3.87183],[115.63582,3.87204],[115.63552,3.87236],[115.63515,3.87257],[115.6347,3.87275],[115.63437,3.87271],[115.63378,3.87264],[115.63364,3.87246],[115.63302,3.87235],[115.6328,3.87242],[115.63481,3.87383],[115.63682,3.87525],[115.63769,3.87675],[115.6381,3.87669],[115.63826,3.87674],[115.63846,3.8768],[115.63894,3.87683],[115.63931,3.87728],[115.63973,3.87762],[115.64043,3.87742]]]]},"properties":{"kdprov":"65","kdkab":"04","kdkec":"022","kddesa":"014","kdsls":"2002","idsls":"65040220142002","nmprov":"KALIMANTAN UTARA","nmkab":"NUNUKAN","nmkec":"KRAYAN BARAT","nmdesa":"LEMBADA","nmsls":"HUTAN"}},{"type":"Feature","geometry":{"type":"MultiPolygon","coordinates":[[[[115.64334,3.86387],[115.64336,3.86333],[115.64355,3.86291],[115.64365,3.86264],[115.64381,3.86209],[115.64399,3.86134],[115.6443,3.86008],[115.64443,3.85955],[115.64428,3.85948],[115.64465,3.85836],[115.64473,3.85825],[115.6446,3.85812],[115.6443,3.85798],[115.6435,3.85685],[115.64329,3.85804],[115.64273,3.85928],[115.64197,3.86091],[115.6411,3.86248],[115.64023,3.86424],[115.64082,3.86417],[115.64113,3.86419],[115.64121,3.86428],[115.64132,3.86448],[115.64153,3.86459],[115.64181,3.8645],[115.64203,3.86409],[115.6421,3.86402],[115.6426,3.86392],[115.64281,3.86402],[115.64311,3.86404],[115.64334,3.86387]]]]},"properties":{"kdprov":"65","kdkab":"04","kdkec":"022","kddesa":"005","kdsls":"0002","idsls":"65040220050002","nmprov":"KALIMANTAN UTARA","nmkab":"NUNUKAN","nmkec":"KRAYAN BARAT","nmdesa":"PA BUTAL","nmsls":"RT 002"}},{"type":"Feature","geometry":{"type":"MultiPolygon","coordinates":[[[[115.64807,3.81139],[115.64999,3.81094],[115.64977,3.81017],[115.64945,3.809],[115.64793,3.80731],[115.64513,3.80415],[115.64416,3.803],[115.64412,3.80254],[115.64324,3.80286],[115.64222,3.80337],[115.64245,3.8043],[115.64422,3.80621],[115.64599,3.80778],[115.64731,3.80961],[115.64807,3.81139]]]]},"properties":{"kdprov":"65","kdkab":"04","kdkec":"022","kddesa":"009","kdsls":"0001","idsls":"65040220090001","nmprov":"KALIMANTAN UTARA","nmkab":"NUNUKAN","nmkec":"KRAYAN BARAT","nmdesa":"LONG TUGUL","nmsls":"RT 001"}},{"type":"Feature","geometry":{"type":"MultiPolygon","coordinates":[[[[115.64581,3.79439],[115.64589,3.79502],[115.64583,3.79738],[115.64525,3.79835],[115.64468,3.79927],[115.64428,3.79956],[115.64394,3.80042],[115.64402,3.80143],[115.64512,3.80238],[115.64602,3.80334],[115.64712,3.8048],[115.64857,3.80615],[115.64909,3.80653],[115.65004,3.80697],[115.65052,3.80736],[115.65121,3.80758],[115.65092,3.80802],[115.65114,3.80858],[115.65177,3.8094],[115.65111,3.80979],[115.65152,3.81034],[115.65218,3.81305],[115.65173,3.81451],[115.65149,3.81557],[115.65138,3.81666],[115.65251,3.81874],[115.6529,3.82049],[115.65392,3.82111],[115.65661,3.82116],[115.65774,3.82274],[115.65836,3.82504],[115.65763,3.82667],[115.65706,3.82847],[115.65712,3.82959],[115.65774,3.83072],[115.65858,3.83117],[115.65906,3.83061],[115.65971,3.8303],[115.66021,3.8303],[115.66094,3.83052],[115.66167,3.83083],[115.66271,3.83052],[115.66336,3.83016],[115.66387,3.82959],[115.66288,3.82929],[115.66288,3.82774],[115.66339,3.82639],[115.66373,3.82588],[115.66249,3.82543],[115.66232,3.82423],[115.66176,3.82397],[115.6619,3.8229],[115.66229,3.82234],[115.66252,3.82158],[115.66224,3.82094],[115.66207,3.82105],[115.66142,3.82156],[115.66106,3.82158],[115.66083,3.82147],[115.66035,3.82094],[115.65959,3.81942],[115.659,3.81835],[115.65827,3.81756],[115.65746,3.81742],[115.65777,3.81855],[115.65757,3.81905],[115.6567,3.819],[115.65616,3.81821],[115.6558,3.81695],[115.6558,3.8163],[115.65656,3.81444],[115.65622,3.81298],[115.65684,3.81214],[115.65701,3.81146],[115.6556,3.81146],[115.65583,3.81],[115.65549,3.80815],[115.65611,3.8059],[115.65493,3.80387],[115.65437,3.80368],[115.6542,3.80286],[115.65411,3.80207],[115.65366,3.80143],[115.65302,3.80066],[115.65251,3.80015],[115.65313,3.79933],[115.65361,3.79841],[115.65361,3.79807],[115.65318,3.7981],[115.65265,3.79835],[115.65164,3.79956],[115.65155,3.80021],[115.65074,3.8006],[115.64981,3.80122],[115.64919,3.80113],[115.6486,3.80077],[115.64824,3.79976],[115.64835,3.79883],[115.64869,3.79824],[115.64964,3.79827],[115.65001,3.79846],[115.65066,3.79843],[115.65094,3.79798],[115.65077,3.79776],[115.65066,3.79709],[115.65088,3.79655],[115.65099,3.79596],[115.65054,3.79562],[115.65049,3.79495],[115.65021,3.79456],[115.64917,3.79531],[115.64838,3.79537],[115.64815,3.79534],[115.64756,3.79509],[115.64678,3.79467],[115.64581,3.79439]]]]},"properties":{"kdprov":"65","kdkab":"04","kdkec":"022","kddesa":"011","kdsls":"1001","idsls":"65040220111001","nmprov":"KALIMANTAN UTARA","nmkab":"NUNUKAN","nmkec":"KRAYAN BARAT","nmdesa":"LEMBUDUD","nmsls":"SAWAH"}},{"type":"Feature","geometry":{"type":"MultiPolygon","coordinates":[[[[115.64565,3.85778],[115.64557,3.85798],[115.64544,3.8579],[115.64513,3.85785],[115.64501,3.85788],[115.64488,3.85807],[115.64473,3.85825],[115.64465,3.85836],[115.64535,3.8586],[115.64524,3.85892],[115.64578,3.8591],[115.64588,3.8587],[115.64592,3.85814],[115.64565,3.85778]]]]},"properties":{"kdprov":"65","kdkab":"04","kdkec":"022","kddesa":"006","kdsls":"0001","idsls":"65040220060001","nmprov":"KALIMANTAN UTARA","nmkab":"NUNUKAN","nmkec":"KRAYAN BARAT","nmdesa":"PA URUD","nmsls":"RT 001"}},{"type":"Feature","geometry":{"type":"MultiPolygon","coordinates":[[[[115.67481,3.87735],[115.67815,3.87412],[115.68209,3.86803],[115.68972,3.86409],[115.69472,3.86266],[115.69984,3.86243],[115.70648,3.86151],[115.70648,3.86151],[115.71132,3.84231],[115.70395,3.84249],[115.68773,3.84354],[115.67915,3.84396],[115.67307,3.84553],[115.66441,3.84849],[115.6634,3.84872],[115.66318,3.84875],[115.66273,3.8488],[115.66244,3.84908],[115.66195,3.84956],[115.66273,3.8524],[115.66414,3.85448],[115.66509,3.85695],[115.66616,3.86162],[115.66655,3.86409],[115.66667,3.86634],[115.66667,3.86792],[115.66475,3.86808],[115.66324,3.86741],[115.66245,3.86539],[115.66245,3.86291],[115.66222,3.85943],[115.6611,3.85678],[115.65981,3.85459],[115.65913,3.85262],[115.65835,3.85082],[115.65766,3.85105],[115.65703,3.85113],[115.65606,3.85105],[115.65505,3.8509],[115.65459,3.85094],[115.65458,3.85113],[115.65434,3.85125],[115.65398,3.85155],[115.65364,3.85177],[115.65351,3.85201],[115.65346,3.85242],[115.65303,3.85287],[115.65268,3.85314],[115.6521,3.8534],[115.65166,3.85355],[115.6511,3.85389],[115.65056,3.85428],[115.65034,3.85456],[115.64998,3.85479],[115.64954,3.85507],[115.64893,3.85523],[115.64866,3.85525],[115.64822,3.85555],[115.64777,3.85658],[115.64755,3.8568],[115.64746,3.85714],[115.64682,3.85768],[115.64682,3.85785],[115.64683,3.85821],[115.64656,3.85872],[115.64615,3.86039],[115.64565,3.86018],[115.64557,3.86063],[115.64502,3.86154],[115.64485,3.86227],[115.64483,3.86304],[115.6461,3.86437],[115.6468,3.8657],[115.64774,3.86688],[115.6481,3.86782],[115.64804,3.86846],[115.64798,3.86896],[115.64803,3.86935],[115.64817,3.86968],[115.64857,3.87157],[115.64881,3.87259],[115.64906,3.87307],[115.64939,3.87337],[115.64958,3.87374],[115.64962,3.87423],[115.64943,3.87453],[115.6492,3.87465],[115.6491,3.8751],[115.64932,3.87578],[115.64944,3.8762],[115.6497,3.87661],[115.65201,3.8761],[115.65283,3.87604],[115.6631,3.8753],[115.66764,3.8763],[115.66853,3.87649],[115.67366,3.87917],[115.67481,3.87735]]]]},"properties":{"kdprov":"65","kdkab":"04","kdkec":"022","kddesa":"007","kdsls":"2001","idsls":"65040220072001","nmprov":"KALIMANTAN UTARA","nmkab":"NUNUKAN","nmkec":"KRAYAN BARAT","nmdesa":"PA KEMUT","nmsls":"HUTAN"}},{"type":"Feature","geometry":{"type":"MultiPolygon","coordinates":[[[[115.65459,3.85094],[115.6539,3.8512],[115.65289,3.85172],[115.65097,3.8528],[115.64957,3.85367],[115.64894,3.85405],[115.64785,3.85466],[115.64697,3.85526],[115.64643,3.85566],[115.64587,3.85715],[115.64565,3.85778],[115.64592,3.85814],[115.64588,3.8587],[115.64578,3.8591],[115.64571,3.85935],[115.64545,3.86009],[115.64565,3.86018],[115.64615,3.86039],[115.64656,3.85872],[115.64683,3.85821],[115.64682,3.85785],[115.64682,3.85768],[115.64746,3.85714],[115.64755,3.8568],[115.64777,3.85658],[115.64822,3.85555],[115.64866,3.85525],[115.64893,3.85523],[115.64954,3.85507],[115.64998,3.85479],[115.65034,3.85456],[115.65056,3.85428],[115.6511,3.85389],[115.65166,3.85355],[115.6521,3.8534],[115.65268,3.85314],[115.65303,3.85287],[115.65346,3.85242],[115.65351,3.85201],[115.65364,3.85177],[115.65398,3.85155],[115.65434,3.85125],[115.65458,3.85113],[115.65459,3.85094]]]]},"properties":{"kdprov":"65","kdkab":"04","kdkec":"022","kddesa":"006","kdsls":"1001","idsls":"65040220061001","nmprov":"KALIMANTAN UTARA","nmkab":"NUNUKAN","nmkec":"KRAYAN BARAT","nmdesa":"PA URUD","nmsls":"SAWAH"}},{"type":"Feature","geometry":{"type":"MultiPolygon","coordinates":[[[[115.64999,3.81094],[115.64807,3.81139],[115.64845,3.81268],[115.64898,3.81334],[115.64898,3.81435],[115.64888,3.81501],[115.64898,3.81501],[115.64915,3.815],[115.65033,3.815],[115.65072,3.8137],[115.65039,3.81248],[115.65009,3.81132],[115.64999,3.81094]]]]},"properties":{"kdprov":"65","kdkab":"04","kdkec":"022","kddesa":"009","kdsls":"0002","idsls":"65040220090002","nmprov":"KALIMANTAN UTARA","nmkab":"NUNUKAN","nmkec":"KRAYAN BARAT","nmdesa":"LONG TUGUL","nmsls":"RT 002"}},{"type":"Feature","geometry":{"type":"MultiPolygon","coordinates":[[[[115.69641,3.79587],[115.69676,3.79574],[115.69696,3.7959],[115.69707,3.79623],[115.69731,3.79637],[115.69756,3.79627],[115.6978,3.79602],[115.69809,3.7959],[115.69824,3.79572],[115.69842,3.79543],[115.69859,3.79523],[115.69885,3.79518],[115.69919,3.79513],[115.69946,3.79504],[115.6996,3.79477],[115.69998,3.79438],[115.70031,3.79397],[115.70058,3.79377],[115.70097,3.79371],[115.70093,3.79359],[115.70095,3.79344],[115.70096,3.79338],[115.70095,3.79323],[115.7011,3.79309],[115.70123,3.79304],[115.70137,3.79297],[115.70159,3.79278],[115.70179,3.79265],[115.70197,3.79263],[115.70366,3.79238],[115.70394,3.79233],[115.70436,3.79255],[115.70468,3.79257],[115.70485,3.79256],[115.70546,3.79249],[115.70619,3.79231],[115.7061,3.79213],[115.70593,3.79189],[115.70593,3.79176],[115.70598,3.79164],[115.70599,3.79144],[115.70593,3.79122],[115.70588,3.79107],[115.70582,3.79083],[115.70581,3.79064],[115.70591,3.79047],[115.70599,3.79028],[115.706,3.79025],[115.706,3.7901],[115.70595,3.78989],[115.70577,3.78963],[115.70564,3.78943],[115.70558,3.78929],[115.70541,3.78922],[115.70532,3.78903],[115.7053,3.78877],[115.70527,3.78852],[115.70523,3.78825],[115.70522,3.78783],[115.70515,3.78733],[115.70498,3.78706],[115.70438,3.7846],[115.70277,3.78192],[115.69801,3.77703],[115.69363,3.77453],[115.68525,3.7706],[115.67735,3.7679],[115.66992,3.76521],[115.6663,3.76406],[115.66182,3.76271],[115.65458,3.76079],[115.65366,3.76034],[115.6533,3.76142],[115.65394,3.76357],[115.65444,3.7658],[115.65422,3.76781],[115.65401,3.77032],[115.65429,3.77197],[115.65393,3.77377],[115.65357,3.77448],[115.65343,3.77585],[115.65128,3.77771],[115.65078,3.77893],[115.6499,3.78108],[115.65419,3.78195],[115.66919,3.78915],[115.68609,3.80042],[115.69174,3.80349],[115.69174,3.80349],[115.6921,3.8029],[115.69249,3.80227],[115.69289,3.80139],[115.69296,3.80111],[115.69335,3.80065],[115.69366,3.7998],[115.69462,3.7989],[115.69527,3.79814],[115.69553,3.79753],[115.69593,3.79725],[115.6961,3.79687],[115.69626,3.7962],[115.69641,3.79587]]]]},"properties":{"kdprov":"65","kdkab":"04","kdkec":"022","kddesa":"004","kdsls":"2001","idsls":"65040220042001","nmprov":"KALIMANTAN UTARA","nmkab":"NUNUKAN","nmkec":"KRAYAN BARAT","nmdesa":"LONG KABID","nmsls":"HUTAN"}},{"type":"Feature","geometry":{"type":"MultiPolygon","coordinates":[[[[115.65835,3.85082],[115.65913,3.85262],[115.65981,3.85459],[115.6611,3.85678],[115.66222,3.85943],[115.66245,3.86291],[115.66245,3.86539],[115.66324,3.86741],[115.66475,3.86808],[115.66667,3.86792],[115.66667,3.86634],[115.66655,3.86409],[115.66616,3.86162],[115.66509,3.85695],[115.66414,3.85448],[115.66273,3.8524],[115.66195,3.84956],[115.66124,3.84983],[115.66019,3.8499],[115.65964,3.84999],[115.65919,3.85038],[115.65879,3.85068],[115.65835,3.85082]]]]},"properties":{"kdprov":"65","kdkab":"04","kdkec":"022","kddesa":"007","kdsls":"0002","idsls":"65040220070002","nmprov":"KALIMANTAN UTARA","nmkab":"NUNUKAN","nmkec":"KRAYAN BARAT","nmdesa":"PA KEMUT","nmsls":"RT 002"}},{"type":"Feature","geometry":{"type":"MultiPolygon","coordinates":[[[[115.72486,3.81329],[115.72245,3.81138],[115.71971,3.80977],[115.71834,3.8081],[115.71549,3.80304],[115.71475,3.80149],[115.71463,3.80045],[115.71503,3.79988],[115.71504,3.79879],[115.71452,3.7981],[115.71292,3.79747],[115.71183,3.79744],[115.71178,3.79744],[115.71128,3.7972],[115.71102,3.79679],[115.71077,3.79679],[115.71068,3.79679],[115.70999,3.79705],[115.70985,3.79689],[115.71005,3.79757],[115.71005,3.79824],[115.71019,3.79886],[115.71047,3.79951],[115.71083,3.79976],[115.71103,3.80035],[115.71036,3.80032],[115.70985,3.79971],[115.70923,3.79895],[115.70884,3.79802],[115.70853,3.79754],[115.70794,3.79729],[115.70769,3.79723],[115.70816,3.79695],[115.70783,3.79664],[115.70729,3.79642],[115.70645,3.79664],[115.70651,3.79726],[115.70662,3.7983],[115.70681,3.79943],[115.70673,3.80007],[115.70631,3.80044],[115.70622,3.79954],[115.70608,3.79875],[115.70587,3.79848],[115.70573,3.79848],[115.70541,3.7985],[115.70531,3.79822],[115.70558,3.79775],[115.70507,3.7975],[115.70486,3.79726],[115.70509,3.79698],[115.70525,3.7965],[115.70523,3.79597],[115.70494,3.79577],[115.70462,3.79583],[115.70472,3.79609],[115.70471,3.79629],[115.70421,3.79664],[115.70399,3.79708],[115.70368,3.79743],[115.70362,3.7973],[115.70329,3.79723],[115.70286,3.79761],[115.70233,3.79829],[115.70191,3.79833],[115.70154,3.79844],[115.70177,3.79809],[115.70205,3.79789],[115.70246,3.79739],[115.70295,3.79684],[115.70324,3.79625],[115.70365,3.79542],[115.70375,3.79497],[115.70357,3.79467],[115.7033,3.79475],[115.70305,3.7946],[115.70244,3.79444],[115.70218,3.79439],[115.70181,3.79453],[115.70145,3.7943],[115.70143,3.79405],[115.70146,3.79378],[115.70108,3.79369],[115.70097,3.79371],[115.70058,3.79377],[115.70031,3.79397],[115.69998,3.79438],[115.6996,3.79477],[115.69946,3.79504],[115.69919,3.79513],[115.69885,3.79518],[115.69859,3.79523],[115.69842,3.79543],[115.69824,3.79572],[115.69809,3.7959],[115.6978,3.79602],[115.69756,3.79627],[115.69731,3.79637],[115.69707,3.79623],[115.69696,3.7959],[115.69676,3.79574],[115.69641,3.79587],[115.69626,3.7962],[115.6961,3.79687],[115.69593,3.79725],[115.69553,3.79753],[115.69527,3.79814],[115.69462,3.7989],[115.69366,3.7998],[115.69335,3.80065],[115.69296,3.80111],[115.69289,3.80139],[115.69249,3.80227],[115.6921,3.8029],[115.69174,3.80349],[115.69174,3.80349],[115.70204,3.80906],[115.70632,3.81266],[115.71725,3.8198],[115.72009,3.81696],[115.72193,3.81512],[115.72339,3.81421],[115.72486,3.81329]]]]},"properties":{"kdprov":"65","kdkab":"04","kdkec":"022","kddesa":"008","kdsls":"2002","idsls":"65040220082002","nmprov":"KALIMANTAN UTARA","nmkab":"NUNUKAN","nmkec":"KRAYAN BARAT","nmdesa":"BUDUK KUBUL","nmsls":"HUTAN"}},{"type":"Feature","geometry":{"type":"MultiPolygon","coordinates":[[[[115.70555,3.79394],[115.70538,3.79395],[115.70491,3.794],[115.70405,3.79409],[115.70311,3.79416],[115.70272,3.79421],[115.70244,3.79424],[115.7024,3.7942],[115.70206,3.79416],[115.70172,3.794],[115.70146,3.79378],[115.70143,3.79405],[115.70145,3.7943],[115.70181,3.79453],[115.70218,3.79439],[115.70244,3.79444],[115.70305,3.7946],[115.7033,3.79475],[115.70357,3.79467],[115.70371,3.79463],[115.70442,3.79454],[115.70492,3.79447],[115.70542,3.7942],[115.70555,3.79394]]]]},"properties":{"kdprov":"65","kdkab":"04","kdkec":"022","kddesa":"008","kdsls":"0002","idsls":"65040220080002","nmprov":"KALIMANTAN UTARA","nmkab":"NUNUKAN","nmkec":"KRAYAN BARAT","nmdesa":"BUDUK KUBUL","nmsls":"RT 002"}},{"type":"Feature","geometry":{"type":"MultiPolygon","coordinates":[[[[115.63925,3.85398],[115.64044,3.85395],[115.6407,3.85418],[115.64162,3.85358],[115.6421,3.85324],[115.6428,3.8529],[115.6432,3.85286],[115.64398,3.85282],[115.64425,3.85296],[115.64452,3.85305],[115.64482,3.85288],[115.64543,3.85254],[115.64608,3.85258],[115.64631,3.85273],[115.64705,3.8529],[115.64776,3.85269],[115.64789,3.85285],[115.648,3.85294],[115.6482,3.85298],[115.6484,3.85311],[115.64883,3.85365],[115.64894,3.85405],[115.64957,3.85367],[115.65097,3.8528],[115.65289,3.85172],[115.6539,3.8512],[115.65459,3.85094],[115.65505,3.8509],[115.65606,3.85105],[115.65703,3.85113],[115.65766,3.85105],[115.65835,3.85082],[115.65879,3.85068],[115.65919,3.85038],[115.65964,3.84999],[115.66019,3.8499],[115.66124,3.84983],[115.66195,3.84956],[115.66244,3.84908],[115.66273,3.8488],[115.66318,3.84875],[115.6634,3.84872],[115.66441,3.84849],[115.67307,3.84553],[115.67915,3.84396],[115.68773,3.84354],[115.70395,3.84249],[115.71132,3.84231],[115.71157,3.84129],[115.71495,3.82833],[115.71725,3.8198],[115.70632,3.81266],[115.70204,3.80906],[115.69174,3.80349],[115.68609,3.80042],[115.66919,3.78915],[115.65419,3.78195],[115.6499,3.78108],[115.64962,3.78308],[115.64976,3.78508],[115.64979,3.78549],[115.64927,3.78716],[115.64767,3.78934],[115.64635,3.79112],[115.64566,3.79324],[115.64581,3.79439],[115.64678,3.79467],[115.64756,3.79509],[115.64815,3.79534],[115.64838,3.79537],[115.64917,3.79531],[115.65021,3.79456],[115.65049,3.79495],[115.65054,3.79562],[115.65099,3.79596],[115.65088,3.79655],[115.65066,3.79709],[115.65077,3.79776],[115.65094,3.79798],[115.65066,3.79843],[115.65001,3.79846],[115.64964,3.79827],[115.64869,3.79824],[115.64835,3.79883],[115.64824,3.79976],[115.6486,3.80077],[115.64919,3.80113],[115.64981,3.80122],[115.65074,3.8006],[115.65155,3.80021],[115.65164,3.79956],[115.65265,3.79835],[115.65318,3.7981],[115.65361,3.79807],[115.65361,3.79841],[115.65313,3.79933],[115.65251,3.80015],[115.65302,3.80066],[115.65366,3.80143],[115.65411,3.80207],[115.6542,3.80286],[115.65437,3.80368],[115.65493,3.80387],[115.65611,3.8059],[115.65549,3.80815],[115.65583,3.81],[115.6556,3.81146],[115.65701,3.81146],[115.65684,3.81214],[115.65622,3.81298],[115.65656,3.81444],[115.6558,3.8163],[115.6558,3.81695],[115.65616,3.81821],[115.6567,3.819],[115.65757,3.81905],[115.65777,3.81855],[115.65746,3.81742],[115.65827,3.81756],[115.659,3.81835],[115.65959,3.81942],[115.66035,3.82094],[115.66083,3.82147],[115.66106,3.82158],[115.66142,3.82156],[115.66207,3.82105],[115.66224,3.82094],[115.66252,3.82158],[115.66229,3.82234],[115.6619,3.8229],[115.66176,3.82397],[115.66232,3.82423],[115.66249,3.82543],[115.66373,3.82588],[115.66339,3.82639],[115.66288,3.82774],[115.66288,3.82929],[115.66387,3.82959],[115.66336,3.83016],[115.66271,3.83052],[115.66167,3.83083],[115.66094,3.83052],[115.66021,3.8303],[115.65971,3.8303],[115.65906,3.83061],[115.65858,3.83117],[115.65774,3.83072],[115.65712,3.82959],[115.65706,3.82847],[115.65763,3.82667],[115.65836,3.82504],[115.65774,3.82274],[115.65661,3.82116],[115.65392,3.82111],[115.6529,3.82049],[115.65251,3.81874],[115.65138,3.81666],[115.65068,3.81662],[115.64997,3.81661],[115.64972,3.81671],[115.64927,3.81644],[115.64885,3.81624],[115.64898,3.81571],[115.64898,3.81501],[115.64888,3.81501],[115.64827,3.81501],[115.64805,3.81513],[115.64745,3.8154],[115.64715,3.81537],[115.64617,3.81555],[115.64492,3.81537],[115.64444,3.8162],[115.64399,3.81674],[115.64283,3.8165],[115.64218,3.81653],[115.63887,3.81557],[115.63789,3.81548],[115.6373,3.81568],[115.63658,3.81592],[115.6356,3.81595],[115.63491,3.81622],[115.63432,3.81616],[115.6339,3.81595],[115.63336,3.81544],[115.63268,3.81502],[115.63217,3.81523],[115.63197,3.81529],[115.63079,3.81532],[115.62726,3.81493],[115.62402,3.81588],[115.61935,3.8174],[115.61649,3.81711],[115.61092,3.81836],[115.61107,3.81856],[115.61138,3.81906],[115.61135,3.81954],[115.61144,3.82015],[115.61152,3.82064],[115.61151,3.82121],[115.61197,3.82209],[115.61238,3.82263],[115.61307,3.8229],[115.61336,3.82321],[115.6137,3.82345],[115.61396,3.82402],[115.61387,3.82487],[115.61371,3.82551],[115.61364,3.82585],[115.61374,3.82649],[115.61383,3.82677],[115.614,3.82733],[115.61418,3.82771],[115.61437,3.82817],[115.6148,3.82868],[115.61501,3.82917],[115.61496,3.82976],[115.6148,3.83009],[115.61471,3.83027],[115.6146,3.83111],[115.61475,3.83177],[115.61502,3.83238],[115.61514,3.83303],[115.61522,3.83356],[115.61536,3.83386],[115.61583,3.83439],[115.61629,3.83497],[115.61678,3.8354],[115.61696,3.83586],[115.6171,3.83622],[115.6174,3.8365],[115.61746,3.83691],[115.61729,3.83734],[115.61736,3.83796],[115.61745,3.83842],[115.61748,3.83875],[115.61771,3.83906],[115.61787,3.83958],[115.61779,3.84002],[115.61785,3.84075],[115.61798,3.84111],[115.61788,3.84166],[115.61796,3.84194],[115.61785,3.8422],[115.61775,3.8425],[115.61742,3.84295],[115.61728,3.84331],[115.6171,3.84376],[115.6169,3.84406],[115.61675,3.8444],[115.61627,3.84485],[115.61596,3.84527],[115.61579,3.84561],[115.61553,3.84625],[115.61675,3.8464],[115.62189,3.84842],[115.62599,3.85024],[115.62818,3.85101],[115.6296,3.85208],[115.62981,3.85247],[115.62984,3.85274],[115.63008,3.85331],[115.63034,3.85373],[115.63088,3.85418],[115.63183,3.8546],[115.63278,3.85484],[115.63353,3.85511],[115.63433,3.85526],[115.63564,3.85544],[115.636,3.85502],[115.63666,3.85449],[115.638,3.85431],[115.63925,3.85398]]]]},"properties":{"kdprov":"65","kdkab":"04","kdkec":"022","kddesa":"011","kdsls":"2002","idsls":"65040220112002","nmprov":"KALIMANTAN UTARA","nmkab":"NUNUKAN","nmkec":"KRAYAN BARAT","nmdesa":"LEMBUDUD","nmsls":"HUTAN"}},{"type":"Feature","geometry":{"type":"MultiPolygon","coordinates":[[[[115.71621,3.78992],[115.71561,3.79008],[115.71543,3.79033],[115.7163,3.79076],[115.71629,3.79026],[115.71621,3.78992]]]]},"properties":{"kdprov":"65","kdkab":"04","kdkec":"022","kddesa":"002","kdsls":"0002","idsls":"65040220020002","nmprov":"KALIMANTAN UTARA","nmkab":"NUNUKAN","nmkec":"KRAYAN BARAT","nmdesa":"PA MULAK","nmsls":"RT 002"}},{"type":"Feature","geometry":{"type":"MultiPolygon","coordinates":[[[[115.71077,3.79679],[115.71083,3.79638],[115.71083,3.79617],[115.71064,3.79595],[115.71077,3.79578],[115.71095,3.79557],[115.71098,3.79496],[115.71094,3.7944],[115.7106,3.79381],[115.71021,3.79314],[115.70991,3.79269],[115.70972,3.79273],[115.70951,3.79282],[115.70932,3.79328],[115.70927,3.79383],[115.7094,3.7943],[115.70964,3.79459],[115.70961,3.79495],[115.7093,3.79547],[115.70928,3.79581],[115.70954,3.79634],[115.70985,3.79689],[115.70999,3.79705],[115.71068,3.79679],[115.71077,3.79679]]]]},"properties":{"kdprov":"65","kdkab":"04","kdkec":"022","kddesa":"003","kdsls":"2002","idsls":"65040220032002","nmprov":"KALIMANTAN UTARA","nmkab":"NUNUKAN","nmkec":"KRAYAN BARAT","nmdesa":"LONG MANGAN","nmsls":"HUTAN"}},{"type":"Feature","geometry":{"type":"MultiPolygon","coordinates":[[[[115.71861,3.7881],[115.71927,3.7876],[115.72002,3.78711],[115.72057,3.78676],[115.72098,3.78724],[115.72124,3.78744],[115.72139,3.78725],[115.72148,3.78708],[115.72149,3.78688],[115.72153,3.78661],[115.72159,3.78624],[115.72163,3.78605],[115.72187,3.78515],[115.72255,3.78524],[115.72529,3.78513],[115.72601,3.78417],[115.72777,3.7828],[115.72834,3.78205],[115.73102,3.78151],[115.7334,3.78107],[115.73691,3.78033],[115.74162,3.78114],[115.74195,3.78124],[115.74379,3.77634],[115.74442,3.77252],[115.74483,3.77007],[115.7459,3.76365],[115.74661,3.75378],[115.74777,3.74799],[115.74777,3.74799],[115.74777,3.74798],[115.74779,3.74799],[115.74781,3.74795],[115.74578,3.74676],[115.7448,3.74619],[115.74455,3.74588],[115.73884,3.73891],[115.73876,3.73881],[115.73873,3.73877],[115.73272,3.72941],[115.72465,3.7201],[115.72426,3.71965],[115.72399,3.71934],[115.71701,3.71585],[115.71351,3.7141],[115.71325,3.71397],[115.70318,3.71128],[115.69509,3.7089],[115.69352,3.70844],[115.69177,3.70793],[115.68036,3.70457],[115.67831,3.70423],[115.67683,3.70398],[115.67278,3.70331],[115.6723,3.70323],[115.6722,3.70315],[115.67216,3.70313],[115.66634,3.69906],[115.66559,3.69853],[115.66524,3.69803],[115.66255,3.69414],[115.66177,3.69459],[115.6612,3.69373],[115.66048,3.69352],[115.65998,3.69402],[115.65969,3.69466],[115.65884,3.69473],[115.65784,3.69502],[115.65741,3.69581],[115.65776,3.69653],[115.65776,3.69739],[115.65747,3.69818],[115.6579,3.69926],[115.65811,3.70048],[115.6564,3.70191],[115.65575,3.70377],[115.65496,3.70528],[115.65524,3.70815],[115.65396,3.70952],[115.65274,3.71081],[115.6518,3.71389],[115.65166,3.71518],[115.65194,3.71683],[115.65194,3.71849],[115.65194,3.71949],[115.6513,3.71999],[115.65065,3.72071],[115.65001,3.72207],[115.64965,3.72408],[115.64986,3.72566],[115.6505,3.7271],[115.6505,3.72832],[115.64964,3.73004],[115.64892,3.73162],[115.64913,3.73306],[115.64927,3.73463],[115.64863,3.73585],[115.64898,3.73722],[115.65005,3.73851],[115.65041,3.74002],[115.65134,3.74045],[115.65276,3.74268],[115.65183,3.74476],[115.65168,3.7472],[115.65197,3.74828],[115.65139,3.7495],[115.65175,3.75072],[115.65232,3.75158],[115.65267,3.75273],[115.65267,3.7541],[115.65296,3.75539],[115.65317,3.7579],[115.65359,3.75912],[115.65366,3.76034],[115.65458,3.76079],[115.66182,3.76271],[115.6663,3.76406],[115.66992,3.76521],[115.67735,3.7679],[115.68525,3.7706],[115.69363,3.77453],[115.69801,3.77703],[115.70277,3.78192],[115.70438,3.7846],[115.70498,3.78706],[115.70515,3.78733],[115.70522,3.78783],[115.70523,3.78825],[115.70527,3.78852],[115.7053,3.78877],[115.70532,3.78903],[115.70541,3.78922],[115.70558,3.78929],[115.70564,3.78943],[115.70577,3.78963],[115.70595,3.78989],[115.706,3.7901],[115.706,3.79025],[115.70599,3.79028],[115.70622,3.79017],[115.70656,3.79018],[115.7068,3.79028],[115.70714,3.79032],[115.70745,3.79023],[115.70777,3.79002],[115.70812,3.79024],[115.70863,3.78982],[115.70961,3.78912],[115.71022,3.78909],[115.71096,3.78916],[115.71123,3.78928],[115.71162,3.78921],[115.71199,3.78892],[115.71199,3.78867],[115.71173,3.78815],[115.71156,3.78779],[115.71126,3.78746],[115.71113,3.78711],[115.71119,3.78681],[115.71138,3.78652],[115.71192,3.78652],[115.71235,3.7866],[115.71262,3.78665],[115.71293,3.78653],[115.713,3.78672],[115.71311,3.78707],[115.71342,3.78715],[115.7137,3.78728],[115.71385,3.78753],[115.71404,3.78804],[115.71445,3.78811],[115.71483,3.78825],[115.71514,3.78836],[115.71525,3.78816],[115.71525,3.78802],[115.71515,3.7877],[115.71504,3.78745],[115.7149,3.78701],[115.71472,3.78691],[115.71487,3.7867],[115.71504,3.78638],[115.71507,3.78589],[115.71531,3.78587],[115.71574,3.78615],[115.71593,3.78652],[115.71629,3.78711],[115.7164,3.78695],[115.71647,3.78676],[115.71661,3.78683],[115.71673,3.7871],[115.71683,3.78717],[115.71709,3.78697],[115.71737,3.78708],[115.71746,3.78755],[115.71805,3.78766],[115.71861,3.7881]]]]},"properties":{"kdprov":"65","kdkab":"04","kdkec":"022","kddesa":"002","kdsls":"2002","idsls":"65040220022002","nmprov":"KALIMANTAN UTARA","nmkab":"NUNUKAN","nmkec":"KRAYAN BARAT","nmdesa":"PA MULAK","nmsls":"HUTAN"}},{"type":"Feature","geometry":{"type":"MultiPolygon","coordinates":[[[[115.64565,3.85778],[115.64587,3.85715],[115.64643,3.85566],[115.64697,3.85526],[115.64785,3.85466],[115.64894,3.85405],[115.64883,3.85365],[115.6484,3.85311],[115.6482,3.85298],[115.648,3.85294],[115.64789,3.85285],[115.64776,3.85269],[115.64705,3.8529],[115.64631,3.85273],[115.64608,3.85258],[115.64543,3.85254],[115.64482,3.85288],[115.64452,3.85305],[115.64425,3.85296],[115.64398,3.85282],[115.6432,3.85286],[115.6428,3.8529],[115.6421,3.85324],[115.64162,3.85358],[115.6407,3.85418],[115.64096,3.85452],[115.64175,3.85566],[115.64211,3.85583],[115.643,3.8565],[115.6435,3.85685],[115.6443,3.85798],[115.6446,3.85812],[115.64473,3.85825],[115.64488,3.85807],[115.64501,3.85788],[115.64513,3.85785],[115.64544,3.8579],[115.64557,3.85798],[115.64565,3.85778]]]]},"properties":{"kdprov":"65","kdkab":"04","kdkec":"022","kddesa":"005","kdsls":"0001","idsls":"65040220050001","nmprov":"KALIMANTAN UTARA","nmkab":"NUNUKAN","nmkec":"KRAYAN BARAT","nmdesa":"PA BUTAL","nmsls":"RT 001"}},{"type":"Feature","geometry":{"type":"MultiPolygon","coordinates":[[[[115.70475,3.79356],[115.70473,3.79314],[115.70458,3.79315],[115.7044,3.79317],[115.70392,3.7932],[115.70396,3.79362],[115.70416,3.79364],[115.70447,3.79361],[115.70474,3.79356],[115.70475,3.79356]]]]},"properties":{"kdprov":"65","kdkab":"04","kdkec":"022","kddesa":"001","kdsls":"0002","idsls":"65040220010002","nmprov":"KALIMANTAN UTARA","nmkab":"NUNUKAN","nmkec":"KRAYAN BARAT","nmdesa":"PA INAN","nmsls":"RT 002"}},{"type":"Feature","geometry":{"type":"MultiPolygon","coordinates":[[[[115.73615,3.80708],[115.73313,3.80527],[115.73127,3.80257],[115.72922,3.80012],[115.72897,3.7986],[115.7284,3.79621],[115.72744,3.7946],[115.72648,3.79354],[115.7262,3.79302],[115.7261,3.79249],[115.72623,3.79196],[115.72644,3.79143],[115.72685,3.79106],[115.72724,3.79018],[115.72738,3.78976],[115.72719,3.78961],[115.7261,3.78972],[115.72554,3.78997],[115.72453,3.79025],[115.72416,3.79062],[115.72281,3.79096],[115.72222,3.79141],[115.72161,3.79158],[115.72093,3.79166],[115.72102,3.79205],[115.72135,3.79225],[115.72121,3.79304],[115.7209,3.79374],[115.72071,3.79464],[115.72031,3.7954],[115.71995,3.79537],[115.71938,3.7952],[115.71902,3.79509],[115.71919,3.79416],[115.71919,3.79385],[115.71902,3.79329],[115.71902,3.79301],[115.71922,3.79231],[115.71886,3.79163],[115.71826,3.79191],[115.71711,3.79207],[115.71624,3.79237],[115.71622,3.79337],[115.71625,3.79409],[115.71592,3.79495],[115.71607,3.79852],[115.71503,3.79988],[115.71463,3.80045],[115.71475,3.80149],[115.71549,3.80304],[115.71834,3.8081],[115.71971,3.80977],[115.72245,3.81138],[115.72486,3.81329],[115.72609,3.81252],[115.73533,3.80807],[115.73615,3.80708]]]]},"properties":{"kdprov":"65","kdkab":"04","kdkec":"022","kddesa":"010","kdsls":"2002","idsls":"65040220102002","nmprov":"KALIMANTAN UTARA","nmkab":"NUNUKAN","nmkec":"KRAYAN BARAT","nmdesa":"LONG PUAK","nmsls":"HUTAN"}},{"type":"Feature","geometry":{"type":"MultiPolygon","coordinates":[[[[115.64565,3.86018],[115.64545,3.86009],[115.64535,3.86005],[115.64521,3.86004],[115.64496,3.85995],[115.64492,3.85996],[115.64489,3.85998],[115.64484,3.85997],[115.64461,3.86062],[115.6445,3.86094],[115.64396,3.86245],[115.64382,3.86287],[115.64422,3.86281],[115.64483,3.86304],[115.64485,3.86227],[115.64502,3.86154],[115.64557,3.86063],[115.64565,3.86018]]]]},"properties":{"kdprov":"65","kdkab":"04","kdkec":"022","kddesa":"007","kdsls":"0001","idsls":"65040220070001","nmprov":"KALIMANTAN UTARA","nmkab":"NUNUKAN","nmkec":"KRAYAN BARAT","nmdesa":"PA KEMUT","nmsls":"RT 001"}},{"type":"Feature","geometry":{"type":"MultiPolygon","coordinates":[[[[115.64578,3.8591],[115.64524,3.85892],[115.64535,3.8586],[115.64465,3.85836],[115.64428,3.85948],[115.64443,3.85955],[115.64494,3.85967],[115.64484,3.85997],[115.64489,3.85998],[115.64492,3.85996],[115.64496,3.85995],[115.64521,3.86004],[115.64535,3.86005],[115.64545,3.86009],[115.64571,3.85935],[115.64578,3.8591]]]]},"properties":{"kdprov":"65","kdkab":"04","kdkec":"022","kddesa":"006","kdsls":"0002","idsls":"65040220060002","nmprov":"KALIMANTAN UTARA","nmkab":"NUNUKAN","nmkec":"KRAYAN BARAT","nmdesa":"PA URUD","nmsls":"RT 002"}},{"type":"Feature","geometry":{"type":"MultiPolygon","coordinates":[[[[115.64399,3.86134],[115.6445,3.86094],[115.64461,3.86062],[115.64484,3.85997],[115.64494,3.85967],[115.64443,3.85955],[115.6443,3.86008],[115.64399,3.86134]]]]},"properties":{"kdprov":"65","kdkab":"04","kdkec":"022","kddesa":"012","kdsls":"0002","idsls":"65040220120002","nmprov":"KALIMANTAN UTARA","nmkab":"NUNUKAN","nmkec":"KRAYAN BARAT","nmdesa":"PA DELUNG","nmsls":"RT 002"}},{"type":"Feature","geometry":{"type":"MultiPolygon","coordinates":[[[[115.65111,3.80979],[115.65177,3.8094],[115.65114,3.80858],[115.65092,3.80802],[115.65121,3.80758],[115.65052,3.80736],[115.65004,3.80697],[115.64909,3.80653],[115.64857,3.80615],[115.64712,3.8048],[115.64602,3.80334],[115.64512,3.80238],[115.64402,3.80143],[115.64412,3.80254],[115.64416,3.803],[115.64513,3.80415],[115.64793,3.80731],[115.64945,3.809],[115.64977,3.81017],[115.65025,3.80993],[115.65111,3.80979]]]]},"properties":{"kdprov":"65","kdkab":"04","kdkec":"022","kddesa":"011","kdsls":"0002","idsls":"65040220110002","nmprov":"KALIMANTAN UTARA","nmkab":"NUNUKAN","nmkec":"KRAYAN BARAT","nmdesa":"LEMBUDUD","nmsls":"RT 002"}},{"type":"Feature","geometry":{"type":"MultiPolygon","coordinates":[[[[115.6445,3.86094],[115.64399,3.86134],[115.64381,3.86209],[115.64365,3.86264],[115.64382,3.86287],[115.64396,3.86245],[115.6445,3.86094]]]]},"properties":{"kdprov":"65","kdkab":"04","kdkec":"022","kddesa":"012","kdsls":"0001","idsls":"65040220120001","nmprov":"KALIMANTAN UTARA","nmkab":"NUNUKAN","nmkec":"KRAYAN BARAT","nmdesa":"PA DELUNG","nmsls":"RT 001"}},{"type":"Feature","geometry":{"type":"MultiPolygon","coordinates":[[[[115.74167,3.78198],[115.74195,3.78124],[115.74162,3.78114],[115.73691,3.78033],[115.7334,3.78107],[115.73102,3.78151],[115.72834,3.78205],[115.72777,3.7828],[115.72601,3.78417],[115.72529,3.78513],[115.72255,3.78524],[115.72187,3.78515],[115.72163,3.78605],[115.72159,3.78624],[115.72205,3.78713],[115.7225,3.78781],[115.72315,3.7884],[115.72402,3.78865],[115.72461,3.78829],[115.7254,3.7875],[115.72641,3.78793],[115.72644,3.78843],[115.72663,3.78888],[115.72798,3.7888],[115.7284,3.78835],[115.729,3.78815],[115.729,3.78745],[115.72921,3.78672],[115.73053,3.78638],[115.73145,3.78616],[115.73208,3.78668],[115.7322,3.78726],[115.73192,3.78782],[115.73136,3.78803],[115.73033,3.78822],[115.72949,3.78867],[115.72946,3.78948],[115.72901,3.78962],[115.72814,3.78979],[115.72766,3.79052],[115.72738,3.79173],[115.72716,3.79246],[115.72738,3.79314],[115.72792,3.79375],[115.72828,3.79434],[115.7278,3.79465],[115.72744,3.7946],[115.7284,3.79621],[115.72897,3.7986],[115.72922,3.80012],[115.73127,3.80257],[115.73313,3.80527],[115.73615,3.80708],[115.73885,3.80384],[115.73998,3.80159],[115.74167,3.7982],[115.74238,3.79185],[115.74219,3.78916],[115.74188,3.78482],[115.74167,3.78198]]]]},"properties":{"kdprov":"65","kdkab":"04","kdkec":"022","kddesa":"010","kdsls":"2003","idsls":"65040220102003","nmprov":"KALIMANTAN UTARA","nmkab":"NUNUKAN","nmkec":"KRAYAN BARAT","nmdesa":"LONG PUAK","nmsls":"HUTAN"}},{"type":"Feature","geometry":{"type":"MultiPolygon","coordinates":[[[[115.70233,3.79353],[115.70206,3.79346],[115.7013,3.79338],[115.70095,3.79344],[115.70093,3.79359],[115.70097,3.79371],[115.70108,3.79369],[115.70146,3.79378],[115.70172,3.794],[115.70206,3.79416],[115.7024,3.7942],[115.70233,3.79353]]]]},"properties":{"kdprov":"65","kdkab":"04","kdkec":"022","kddesa":"001","kdsls":"1002","idsls":"65040220011002","nmprov":"KALIMANTAN UTARA","nmkab":"NUNUKAN","nmkec":"KRAYAN BARAT","nmdesa":"PA INAN","nmsls":"SAWAH"}},{"type":"Feature","geometry":{"type":"MultiPolygon","coordinates":[[[[115.70095,3.79344],[115.7013,3.79338],[115.70206,3.79346],[115.70233,3.79353],[115.70232,3.79339],[115.70226,3.79301],[115.70222,3.79284],[115.70213,3.79275],[115.70197,3.79263],[115.70179,3.79265],[115.70159,3.79278],[115.70137,3.79297],[115.70123,3.79304],[115.7011,3.79309],[115.70095,3.79323],[115.70096,3.79338],[115.70095,3.79344]]]]},"properties":{"kdprov":"65","kdkab":"04","kdkec":"022","kddesa":"001","kdsls":"1001","idsls":"65040220011001","nmprov":"KALIMANTAN UTARA","nmkab":"NUNUKAN","nmkec":"KRAYAN BARAT","nmdesa":"PA INAN","nmsls":"SAWAH"}},{"type":"Feature","geometry":{"type":"MultiPolygon","coordinates":[[[[115.70985,3.79689],[115.70954,3.79634],[115.70928,3.79581],[115.7093,3.79547],[115.70961,3.79495],[115.70964,3.79459],[115.7094,3.7943],[115.70927,3.79383],[115.70893,3.794],[115.70846,3.79406],[115.70823,3.79402],[115.70785,3.79384],[115.70747,3.79386],[115.70724,3.79398],[115.707,3.79407],[115.70673,3.79384],[115.70634,3.79348],[115.70622,3.79335],[115.70616,3.79325],[115.70609,3.79312],[115.70599,3.79308],[115.7059,3.79305],[115.70572,3.79306],[115.70569,3.79364],[115.70555,3.79394],[115.70542,3.7942],[115.70492,3.79447],[115.70442,3.79454],[115.70371,3.79463],[115.70357,3.79467],[115.70375,3.79497],[115.70365,3.79542],[115.70324,3.79625],[115.70295,3.79684],[115.70246,3.79739],[115.70205,3.79789],[115.70177,3.79809],[115.70154,3.79844],[115.70191,3.79833],[115.70233,3.79829],[115.70286,3.79761],[115.70329,3.79723],[115.70362,3.7973],[115.70368,3.79743],[115.70399,3.79708],[115.70421,3.79664],[115.70471,3.79629],[115.70472,3.79609],[115.70462,3.79583],[115.70494,3.79577],[115.70523,3.79597],[115.70525,3.7965],[115.70509,3.79698],[115.70486,3.79726],[115.70507,3.7975],[115.70558,3.79775],[115.70531,3.79822],[115.70541,3.7985],[115.70573,3.79848],[115.70587,3.79848],[115.70608,3.79875],[115.70622,3.79954],[115.70631,3.80044],[115.70673,3.80007],[115.70681,3.79943],[115.70662,3.7983],[115.70651,3.79726],[115.70645,3.79664],[115.70729,3.79642],[115.70783,3.79664],[115.70816,3.79695],[115.70769,3.79723],[115.70794,3.79729],[115.70853,3.79754],[115.70884,3.79802],[115.70923,3.79895],[115.70985,3.79971],[115.71036,3.80032],[115.71103,3.80035],[115.71083,3.79976],[115.71047,3.79951],[115.71019,3.79886],[115.71005,3.79824],[115.71005,3.79757],[115.70985,3.79689]]]]},"properties":{"kdprov":"65","kdkab":"04","kdkec":"022","kddesa":"008","kdsls":"1001","idsls":"65040220081001","nmprov":"KALIMANTAN UTARA","nmkab":"NUNUKAN","nmkec":"KRAYAN BARAT","nmdesa":"BUDUK KUBUL","nmsls":"SAWAH"}},{"type":"Feature","geometry":{"type":"MultiPolygon","coordinates":[[[[115.70458,3.79315],[115.70485,3.79256],[115.70468,3.79257],[115.70436,3.79255],[115.70394,3.79233],[115.70366,3.79238],[115.70197,3.79263],[115.70213,3.79275],[115.70222,3.79284],[115.70226,3.79301],[115.70232,3.79339],[115.70392,3.7932],[115.7044,3.79317],[115.70458,3.79315]]]]},"properties":{"kdprov":"65","kdkab":"04","kdkec":"022","kddesa":"004","kdsls":"0001","idsls":"65040220040001","nmprov":"KALIMANTAN UTARA","nmkab":"NUNUKAN","nmkec":"KRAYAN BARAT","nmdesa":"LONG KABID","nmsls":"RT 001"}},{"type":"Feature","geometry":{"type":"MultiPolygon","coordinates":[[[[115.70555,3.79394],[115.70569,3.79364],[115.70572,3.79306],[115.70558,3.79306],[115.7055,3.79314],[115.70545,3.79329],[115.70542,3.79341],[115.70539,3.79353],[115.70527,3.79353],[115.70475,3.79356],[115.70474,3.79356],[115.70447,3.79361],[115.70416,3.79364],[115.70396,3.79362],[115.70392,3.7932],[115.70232,3.79339],[115.70233,3.79353],[115.7024,3.7942],[115.70244,3.79424],[115.70272,3.79421],[115.70311,3.79416],[115.70405,3.79409],[115.70491,3.794],[115.70538,3.79395],[115.70555,3.79394]]]]},"properties":{"kdprov":"65","kdkab":"04","kdkec":"022","kddesa":"008","kdsls":"0001","idsls":"65040220080001","nmprov":"KALIMANTAN UTARA","nmkab":"NUNUKAN","nmkec":"KRAYAN BARAT","nmdesa":"BUDUK KUBUL","nmsls":"RT 001"}},{"type":"Feature","geometry":{"type":"MultiPolygon","coordinates":[[[[115.70473,3.79314],[115.70487,3.79312],[115.70534,3.79306],[115.7055,3.79303],[115.70558,3.79306],[115.70572,3.79306],[115.7059,3.79305],[115.70599,3.79308],[115.70608,3.79264],[115.70613,3.79252],[115.70619,3.79231],[115.70546,3.79249],[115.70485,3.79256],[115.70458,3.79315],[115.70473,3.79314]]]]},"properties":{"kdprov":"65","kdkab":"04","kdkec":"022","kddesa":"004","kdsls":"0002","idsls":"65040220040002","nmprov":"KALIMANTAN UTARA","nmkab":"NUNUKAN","nmkec":"KRAYAN BARAT","nmdesa":"LONG KABID","nmsls":"RT 002"}},{"type":"Feature","geometry":{"type":"MultiPolygon","coordinates":[[[[115.70927,3.79383],[115.70932,3.79328],[115.70951,3.79282],[115.70972,3.79273],[115.70991,3.79269],[115.71023,3.79215],[115.71046,3.79175],[115.71075,3.79141],[115.71128,3.7912],[115.71123,3.79068],[115.71159,3.79045],[115.71201,3.79032],[115.71249,3.79024],[115.71277,3.79019],[115.71321,3.7904],[115.71371,3.79076],[115.7139,3.79078],[115.71413,3.79077],[115.71416,3.79077],[115.71415,3.7905],[115.71513,3.79039],[115.71543,3.79033],[115.71561,3.79008],[115.71621,3.78992],[115.71671,3.78986],[115.71678,3.78953],[115.71745,3.78946],[115.71828,3.7894],[115.71809,3.78869],[115.71811,3.78835],[115.71861,3.7881],[115.71805,3.78766],[115.71746,3.78755],[115.71737,3.78708],[115.71709,3.78697],[115.71683,3.78717],[115.71673,3.7871],[115.71661,3.78683],[115.71647,3.78676],[115.7164,3.78695],[115.71629,3.78711],[115.71593,3.78652],[115.71574,3.78615],[115.71531,3.78587],[115.71507,3.78589],[115.71504,3.78638],[115.71487,3.7867],[115.71472,3.78691],[115.7149,3.78701],[115.71504,3.78745],[115.71515,3.7877],[115.71525,3.78802],[115.71525,3.78816],[115.71514,3.78836],[115.71483,3.78825],[115.71445,3.78811],[115.71404,3.78804],[115.71385,3.78753],[115.7137,3.78728],[115.71342,3.78715],[115.71311,3.78707],[115.713,3.78672],[115.71293,3.78653],[115.71262,3.78665],[115.71235,3.7866],[115.71192,3.78652],[115.71138,3.78652],[115.71119,3.78681],[115.71113,3.78711],[115.71126,3.78746],[115.71156,3.78779],[115.71173,3.78815],[115.71199,3.78867],[115.71199,3.78892],[115.71162,3.78921],[115.71123,3.78928],[115.71096,3.78916],[115.71022,3.78909],[115.70961,3.78912],[115.70863,3.78982],[115.70812,3.79024],[115.70777,3.79002],[115.70745,3.79023],[115.70714,3.79032],[115.7068,3.79028],[115.70656,3.79018],[115.70622,3.79017],[115.70599,3.79028],[115.70591,3.79047],[115.70581,3.79064],[115.70582,3.79083],[115.70588,3.79107],[115.70593,3.79122],[115.70599,3.79144],[115.70598,3.79164],[115.70593,3.79176],[115.70593,3.79189],[115.7061,3.79213],[115.70619,3.79231],[115.70613,3.79252],[115.70608,3.79264],[115.70599,3.79308],[115.70609,3.79312],[115.70616,3.79325],[115.70622,3.79335],[115.70634,3.79348],[115.70673,3.79384],[115.707,3.79407],[115.70724,3.79398],[115.70747,3.79386],[115.70785,3.79384],[115.70823,3.79402],[115.70846,3.79406],[115.70893,3.794],[115.70927,3.79383]]]]},"properties":{"kdprov":"65","kdkab":"04","kdkec":"022","kddesa":"002","kdsls":"1001","idsls":"65040220021001","nmprov":"KALIMANTAN UTARA","nmkab":"NUNUKAN","nmkec":"KRAYAN BARAT","nmdesa":"PA MULAK","nmsls":"SAWAH"}},{"type":"Feature","geometry":{"type":"MultiPolygon","coordinates":[[[[115.71432,3.79147],[115.71411,3.79089],[115.71413,3.79077],[115.7139,3.79078],[115.71371,3.79076],[115.71321,3.7904],[115.71277,3.79019],[115.71249,3.79024],[115.71201,3.79032],[115.71159,3.79045],[115.71123,3.79068],[115.71128,3.7912],[115.71075,3.79141],[115.71046,3.79175],[115.71023,3.79215],[115.70991,3.79269],[115.71021,3.79314],[115.7106,3.79381],[115.71094,3.7944],[115.71098,3.79496],[115.71095,3.79557],[115.71077,3.79578],[115.71064,3.79595],[115.71083,3.79617],[115.71083,3.79638],[115.71077,3.79679],[115.71102,3.79679],[115.71128,3.7972],[115.71178,3.79744],[115.71183,3.79744],[115.71186,3.79686],[115.71168,3.79652],[115.71173,3.79621],[115.7119,3.79599],[115.71182,3.79553],[115.71214,3.79474],[115.71231,3.79423],[115.71234,3.79375],[115.71235,3.79332],[115.71269,3.79309],[115.71322,3.79285],[115.71376,3.79256],[115.71425,3.7919],[115.71432,3.79147]]]]},"properties":{"kdprov":"65","kdkab":"04","kdkec":"022","kddesa":"003","kdsls":"1001","idsls":"65040220031001","nmprov":"KALIMANTAN UTARA","nmkab":"NUNUKAN","nmkec":"KRAYAN BARAT","nmdesa":"LONG MANGAN","nmsls":"SAWAH"}},{"type":"Feature","geometry":{"type":"MultiPolygon","coordinates":[[[[115.71624,3.79237],[115.71624,3.79217],[115.71549,3.7921],[115.71529,3.79204],[115.71473,3.79187],[115.71432,3.79147],[115.71425,3.7919],[115.71376,3.79256],[115.71322,3.79285],[115.71269,3.79309],[115.71235,3.79332],[115.71234,3.79375],[115.71231,3.79423],[115.71214,3.79474],[115.71182,3.79553],[115.7119,3.79599],[115.71173,3.79621],[115.71168,3.79652],[115.71186,3.79686],[115.71183,3.79744],[115.71292,3.79747],[115.71452,3.7981],[115.71504,3.79879],[115.71503,3.79988],[115.71607,3.79852],[115.71592,3.79495],[115.71625,3.79409],[115.71622,3.79337],[115.71624,3.79237]]]]},"properties":{"kdprov":"65","kdkab":"04","kdkec":"022","kddesa":"003","kdsls":"2003","idsls":"65040220032003","nmprov":"KALIMANTAN UTARA","nmkab":"NUNUKAN","nmkec":"KRAYAN BARAT","nmdesa":"LONG MANGAN","nmsls":"HUTAN"}},{"type":"Feature","geometry":{"type":"MultiPolygon","coordinates":[[[[115.71529,3.79204],[115.71528,3.79138],[115.71522,3.79074],[115.71508,3.79076],[115.7147,3.79074],[115.71416,3.79077],[115.71413,3.79077],[115.71411,3.79089],[115.71432,3.79147],[115.71473,3.79187],[115.71529,3.79204]]]]},"properties":{"kdprov":"65","kdkab":"04","kdkec":"022","kddesa":"003","kdsls":"0002","idsls":"65040220030002","nmprov":"KALIMANTAN UTARA","nmkab":"NUNUKAN","nmkec":"KRAYAN BARAT","nmdesa":"LONG MANGAN","nmsls":"RT 002"}},{"type":"Feature","geometry":{"type":"MultiPolygon","coordinates":[[[[115.7163,3.79083],[115.7163,3.79076],[115.71543,3.79033],[115.71513,3.79039],[115.71415,3.7905],[115.71416,3.79077],[115.7147,3.79074],[115.71508,3.79076],[115.71522,3.79074],[115.71528,3.79138],[115.71631,3.79141],[115.7163,3.79083]]]]},"properties":{"kdprov":"65","kdkab":"04","kdkec":"022","kddesa":"002","kdsls":"0001","idsls":"65040220020001","nmprov":"KALIMANTAN UTARA","nmkab":"NUNUKAN","nmkec":"KRAYAN BARAT","nmdesa":"PA MULAK","nmsls":"RT 001"}},{"type":"Feature","geometry":{"type":"MultiPolygon","coordinates":[[[[115.71828,3.7894],[115.71745,3.78946],[115.71678,3.78953],[115.71671,3.78986],[115.71621,3.78992],[115.71629,3.79026],[115.7163,3.79076],[115.7163,3.79083],[115.71874,3.79149],[115.71854,3.79125],[115.71858,3.79086],[115.71853,3.79055],[115.71819,3.79041],[115.71813,3.79009],[115.71833,3.78961],[115.71828,3.7894]]]]},"properties":{"kdprov":"65","kdkab":"04","kdkec":"022","kddesa":"010","kdsls":"0001","idsls":"65040220100001","nmprov":"KALIMANTAN UTARA","nmkab":"NUNUKAN","nmkec":"KRAYAN BARAT","nmdesa":"LONG PUAK","nmsls":"RT 001"}},{"type":"Feature","geometry":{"type":"MultiPolygon","coordinates":[[[[115.71886,3.79163],[115.71874,3.79149],[115.7163,3.79083],[115.71631,3.79141],[115.71627,3.79152],[115.71625,3.79176],[115.71624,3.79217],[115.71624,3.79237],[115.71711,3.79207],[115.71826,3.79191],[115.71886,3.79163]]]]},"properties":{"kdprov":"65","kdkab":"04","kdkec":"022","kddesa":"010","kdsls":"0002","idsls":"65040220100002","nmprov":"KALIMANTAN UTARA","nmkab":"NUNUKAN","nmkec":"KRAYAN BARAT","nmdesa":"LONG PUAK","nmsls":"RT 002"}},{"type":"Feature","geometry":{"type":"MultiPolygon","coordinates":[[[[115.72744,3.7946],[115.7278,3.79465],[115.72828,3.79434],[115.72792,3.79375],[115.72738,3.79314],[115.72716,3.79246],[115.72738,3.79173],[115.72766,3.79052],[115.72814,3.78979],[115.72901,3.78962],[115.72946,3.78948],[115.72949,3.78867],[115.73033,3.78822],[115.73136,3.78803],[115.73192,3.78782],[115.7322,3.78726],[115.73208,3.78668],[115.73145,3.78616],[115.73053,3.78638],[115.72921,3.78672],[115.729,3.78745],[115.729,3.78815],[115.7284,3.78835],[115.72798,3.7888],[115.72663,3.78888],[115.72644,3.78843],[115.72641,3.78793],[115.7254,3.7875],[115.72461,3.78829],[115.72402,3.78865],[115.72315,3.7884],[115.7225,3.78781],[115.72205,3.78713],[115.72159,3.78624],[115.72153,3.78661],[115.72149,3.78688],[115.72148,3.78708],[115.72139,3.78725],[115.72124,3.78744],[115.72098,3.78724],[115.72057,3.78676],[115.72002,3.78711],[115.71927,3.7876],[115.71861,3.7881],[115.71811,3.78835],[115.71809,3.78869],[115.71828,3.7894],[115.71833,3.78961],[115.71813,3.79009],[115.71819,3.79041],[115.71853,3.79055],[115.71858,3.79086],[115.71854,3.79125],[115.71874,3.79149],[115.71886,3.79163],[115.71922,3.79231],[115.71902,3.79301],[115.71902,3.79329],[115.71919,3.79385],[115.71919,3.79416],[115.71902,3.79509],[115.71938,3.7952],[115.71995,3.79537],[115.72031,3.7954],[115.72071,3.79464],[115.7209,3.79374],[115.72121,3.79304],[115.72135,3.79225],[115.72102,3.79205],[115.72093,3.79166],[115.72161,3.79158],[115.72222,3.79141],[115.72281,3.79096],[115.72416,3.79062],[115.72453,3.79025],[115.72554,3.78997],[115.7261,3.78972],[115.72719,3.78961],[115.72738,3.78976],[115.72724,3.79018],[115.72685,3.79106],[115.72644,3.79143],[115.72623,3.79196],[115.7261,3.79249],[115.7262,3.79302],[115.72648,3.79354],[115.72744,3.7946]]]]},"properties":{"kdprov":"65","kdkab":"04","kdkec":"022","kddesa":"010","kdsls":"1001","idsls":"65040220101001","nmprov":"KALIMANTAN UTARA","nmkab":"NUNUKAN","nmkec":"KRAYAN BARAT","nmdesa":"LONG PUAK","nmsls":"SAWAH"}},{"type":"Feature","geometry":{"type":"MultiPolygon","coordinates":[[[[115.67683,3.88553],[115.67709,3.88522],[115.67759,3.88536],[115.67821,3.88556],[115.67891,3.885],[115.6786,3.88415],[115.6788,3.88382],[115.67959,3.88376],[115.68004,3.88348],[115.68018,3.88303],[115.67978,3.88213],[115.67922,3.88165],[115.67886,3.88126],[115.67894,3.8805],[115.67849,3.87966],[115.67844,3.87887],[115.67835,3.87839],[115.67846,3.87828],[115.679,3.87963],[115.67922,3.87901],[115.67953,3.87814],[115.67967,3.87805],[115.6799,3.87817],[115.67987,3.87893],[115.68035,3.87907],[115.68054,3.87929],[115.68068,3.87991],[115.68125,3.88022],[115.68172,3.87968],[115.68178,3.8794],[115.68223,3.87943],[115.68245,3.88005],[115.68237,3.88041],[115.6822,3.88086],[115.68209,3.88131],[115.68229,3.88151],[115.68262,3.88129],[115.68285,3.88078],[115.68285,3.88011],[115.68299,3.87946],[115.68386,3.87912],[115.68394,3.87921],[115.68397,3.87963],[115.68355,3.87999],[115.68417,3.87985],[115.68479,3.87929],[115.6849,3.87932],[115.68437,3.8805],[115.684,3.88106],[115.68465,3.88143],[115.68521,3.88165],[115.6851,3.88247],[115.6847,3.88328],[115.68394,3.88396],[115.6838,3.88463],[115.68383,3.88519],[115.6842,3.88536],[115.68486,3.88552],[115.68558,3.88508],[115.68596,3.88403],[115.68599,3.88394],[115.68685,3.88146],[115.69015,3.87684],[115.69634,3.86945],[115.69995,3.86774],[115.70451,3.86768],[115.70571,3.86456],[115.70648,3.86151],[115.70648,3.86151],[115.69984,3.86243],[115.69472,3.86266],[115.68972,3.86409],[115.68209,3.86803],[115.67815,3.87412],[115.67481,3.87735],[115.67366,3.87917],[115.6729,3.88037],[115.67309,3.88081],[115.67309,3.88179],[115.67374,3.88216],[115.67402,3.88185],[115.67433,3.88176],[115.67472,3.88188],[115.6754,3.88216],[115.67568,3.88238],[115.6763,3.8821],[115.67658,3.88213],[115.6768,3.88258],[115.67574,3.88283],[115.67534,3.88342],[115.67565,3.88379],[115.67616,3.88393],[115.67672,3.88387],[115.67652,3.88418],[115.67619,3.88415],[115.67593,3.88438],[115.67529,3.88466],[115.67526,3.88522],[115.67588,3.88595],[115.67638,3.88607],[115.67683,3.88553]]],[[[115.6771,3.89279],[115.67671,3.89195],[115.67664,3.89187],[115.67593,3.89229],[115.67537,3.89181],[115.67605,3.89105],[115.67641,3.8908],[115.6765,3.89024],[115.6768,3.89004],[115.6768,3.88968],[115.67619,3.88951],[115.67579,3.88973],[115.6756,3.88942],[115.67647,3.8892],[115.67672,3.88909],[115.677,3.88867],[115.67695,3.88844],[115.6763,3.88816],[115.67579,3.8876],[115.67531,3.88763],[115.6747,3.88782],[115.67394,3.88805],[115.67352,3.88824],[115.67293,3.88805],[115.67248,3.88838],[115.67219,3.88889],[115.67205,3.88914],[115.67186,3.88872],[115.67231,3.88799],[115.67267,3.88751],[115.67284,3.88703],[115.67304,3.88647],[115.67219,3.88644],[115.67183,3.88647],[115.67155,3.88698],[115.67132,3.88712],[115.67073,3.88692],[115.67045,3.88706],[115.67017,3.88656],[115.66972,3.88619],[115.66953,3.88557],[115.66907,3.88541],[115.66884,3.8854],[115.66834,3.88543],[115.66784,3.88545],[115.66736,3.88569],[115.66724,3.88593],[115.66719,3.88629],[115.66729,3.88669],[115.66743,3.88701],[115.66755,3.88727],[115.6674,3.8876],[115.66707,3.88756],[115.66657,3.88763],[115.66633,3.88772],[115.66624,3.88813],[115.66628,3.88834],[115.66645,3.88861],[115.66669,3.88904],[115.66683,3.88978],[115.66699,3.89076],[115.66668,3.89311],[115.66646,3.89427],[115.66626,3.89848],[115.67342,3.89785],[115.67343,3.89747],[115.67341,3.89618],[115.6735,3.89544],[115.67367,3.89503],[115.674,3.89465],[115.67441,3.89441],[115.67524,3.89427],[115.67603,3.89413],[115.6767,3.89386],[115.6771,3.89327],[115.6771,3.89279]]]]},"properties":{"kdprov":"65","kdkab":"04","kdkec":"022","kddesa":"018","kdsls":"2002","idsls":"65040220182002","nmprov":"KALIMANTAN UTARA","nmkab":"NUNUKAN","nmkec":"KRAYAN BARAT","nmdesa":"PA MERING","nmsls":"HUTAN"}},{"type":"Feature","geometry":{"type":"MultiPolygon","coordinates":[[[[115.68949,3.88926],[115.68997,3.88866],[115.69048,3.88773],[115.69098,3.88654],[115.69136,3.88541],[115.69183,3.88432],[115.69269,3.88346],[115.69552,3.88081],[115.69895,3.87615],[115.70085,3.87303],[115.70167,3.87271],[115.70255,3.87278],[115.70451,3.86768],[115.69995,3.86774],[115.69634,3.86945],[115.69015,3.87684],[115.68685,3.88146],[115.68599,3.88394],[115.68596,3.88403],[115.68628,3.88457],[115.68592,3.88538],[115.68527,3.88603],[115.68519,3.88679],[115.68558,3.88738],[115.68584,3.8876],[115.68612,3.888],[115.68645,3.88839],[115.68685,3.88873],[115.68659,3.88966],[115.68716,3.88999],[115.68803,3.89025],[115.68839,3.88971],[115.68862,3.88918],[115.68901,3.88909],[115.68949,3.88926]]]]},"properties":{"kdprov":"65","kdkab":"04","kdkec":"022","kddesa":"022","kdsls":"2002","idsls":"65040220222002","nmprov":"KALIMANTAN UTARA","nmkab":"NUNUKAN","nmkec":"KRAYAN BARAT","nmdesa":"MA LIBU","nmsls":"HUTAN"}},{"type":"Feature","geometry":{"type":"MultiPolygon","coordinates":[[[[115.6936,3.89242],[115.69647,3.88818],[115.69888,3.88313],[115.69897,3.88292],[115.69985,3.88108],[115.70216,3.87379],[115.70255,3.87278],[115.70167,3.87271],[115.70085,3.87303],[115.69895,3.87615],[115.69552,3.88081],[115.69269,3.88346],[115.69183,3.88432],[115.69136,3.88541],[115.69098,3.88654],[115.69048,3.88773],[115.68997,3.88866],[115.68949,3.88926],[115.6893,3.8895],[115.68949,3.88965],[115.68971,3.88972],[115.68994,3.88987],[115.68988,3.89018],[115.68985,3.89068],[115.68985,3.89121],[115.68976,3.89167],[115.69007,3.89188],[115.69046,3.89181],[115.69104,3.89115],[115.69113,3.89087],[115.69125,3.89073],[115.6914,3.8906],[115.69174,3.89021],[115.69196,3.88996],[115.69222,3.88961],[115.69254,3.88933],[115.69285,3.88897],[115.69309,3.88907],[115.69278,3.88941],[115.69254,3.88992],[115.6921,3.89016],[115.69212,3.89069],[115.69241,3.89089],[115.6923,3.89094],[115.69206,3.89114],[115.69203,3.8915],[115.69241,3.89167],[115.69269,3.89146],[115.69288,3.89129],[115.6929,3.89159],[115.69317,3.89188],[115.69335,3.89246],[115.69349,3.89258],[115.6936,3.89242]]]]},"properties":{"kdprov":"65","kdkab":"04","kdkec":"022","kddesa":"023","kdsls":"2002","idsls":"65040220232002","nmprov":"KALIMANTAN UTARA","nmkab":"NUNUKAN","nmkec":"KRAYAN BARAT","nmdesa":"PA LUTUT","nmsls":"HUTAN"}},{"type":"Feature","geometry":{"type":"MultiPolygon","coordinates":[[[[115.67664,3.89187],[115.67664,3.89159],[115.67669,3.89136],[115.67716,3.89131],[115.67735,3.89118],[115.67747,3.89089],[115.67759,3.89024],[115.67745,3.88972],[115.67758,3.88934],[115.67794,3.88899],[115.67815,3.88841],[115.67835,3.88786],[115.67876,3.88736],[115.67949,3.88737],[115.68023,3.88722],[115.68101,3.88765],[115.68137,3.88788],[115.68179,3.88806],[115.68231,3.88787],[115.68286,3.88771],[115.68302,3.88745],[115.68315,3.88722],[115.68349,3.88702],[115.68383,3.88645],[115.68395,3.8861],[115.68438,3.88576],[115.68486,3.88552],[115.6842,3.88536],[115.68383,3.88519],[115.6838,3.88463],[115.68394,3.88396],[115.6847,3.88328],[115.6851,3.88247],[115.68521,3.88165],[115.68465,3.88143],[115.684,3.88106],[115.68437,3.8805],[115.6849,3.87932],[115.68479,3.87929],[115.68417,3.87985],[115.68355,3.87999],[115.68397,3.87963],[115.68394,3.87921],[115.68386,3.87912],[115.68299,3.87946],[115.68285,3.88011],[115.68285,3.88078],[115.68262,3.88129],[115.68229,3.88151],[115.68209,3.88131],[115.6822,3.88086],[115.68237,3.88041],[115.68245,3.88005],[115.68223,3.87943],[115.68178,3.8794],[115.68172,3.87968],[115.68125,3.88022],[115.68068,3.87991],[115.68054,3.87929],[115.68035,3.87907],[115.67987,3.87893],[115.6799,3.87817],[115.67967,3.87805],[115.67953,3.87814],[115.67922,3.87901],[115.679,3.87963],[115.67846,3.87828],[115.67835,3.87839],[115.67844,3.87887],[115.67849,3.87966],[115.67894,3.8805],[115.67886,3.88126],[115.67922,3.88165],[115.67978,3.88213],[115.68018,3.88303],[115.68004,3.88348],[115.67959,3.88376],[115.6788,3.88382],[115.6786,3.88415],[115.67891,3.885],[115.67821,3.88556],[115.67759,3.88536],[115.67709,3.88522],[115.67683,3.88553],[115.67638,3.88607],[115.67588,3.88595],[115.67526,3.88522],[115.67529,3.88466],[115.67593,3.88438],[115.67619,3.88415],[115.67652,3.88418],[115.67672,3.88387],[115.67616,3.88393],[115.67565,3.88379],[115.67534,3.88342],[115.67574,3.88283],[115.6768,3.88258],[115.67658,3.88213],[115.6763,3.8821],[115.67568,3.88238],[115.6754,3.88216],[115.67472,3.88188],[115.67433,3.88176],[115.67402,3.88185],[115.67374,3.88216],[115.67309,3.88179],[115.67309,3.88081],[115.6729,3.88037],[115.67194,3.88189],[115.67065,3.88435],[115.67034,3.88505],[115.66979,3.88553],[115.66953,3.88557],[115.66972,3.88619],[115.67017,3.88656],[115.67045,3.88706],[115.67073,3.88692],[115.67132,3.88712],[115.67155,3.88698],[115.67183,3.88647],[115.67219,3.88644],[115.67304,3.88647],[115.67284,3.88703],[115.67267,3.88751],[115.67231,3.88799],[115.67186,3.88872],[115.67205,3.88914],[115.67219,3.88889],[115.67248,3.88838],[115.67293,3.88805],[115.67352,3.88824],[115.67394,3.88805],[115.6747,3.88782],[115.67531,3.88763],[115.67579,3.8876],[115.6763,3.88816],[115.67695,3.88844],[115.677,3.88867],[115.67672,3.88909],[115.67647,3.8892],[115.6756,3.88942],[115.67579,3.88973],[115.67619,3.88951],[115.6768,3.88968],[115.6768,3.89004],[115.6765,3.89024],[115.67641,3.8908],[115.67605,3.89105],[115.67537,3.89181],[115.67593,3.89229],[115.67664,3.89187]]]]},"properties":{"kdprov":"65","kdkab":"04","kdkec":"022","kddesa":"018","kdsls":"1001","idsls":"65040220181001","nmprov":"KALIMANTAN UTARA","nmkab":"NUNUKAN","nmkec":"KRAYAN BARAT","nmdesa":"PA MERING","nmsls":"SAWAH"}},{"type":"Feature","geometry":{"type":"MultiPolygon","coordinates":[[[[115.6893,3.8895],[115.68949,3.88926],[115.68901,3.88909],[115.68862,3.88918],[115.68839,3.88971],[115.68803,3.89025],[115.68716,3.88999],[115.68659,3.88966],[115.68685,3.88873],[115.68645,3.88839],[115.68612,3.888],[115.68584,3.8876],[115.68558,3.88738],[115.68519,3.88679],[115.68527,3.88603],[115.68592,3.88538],[115.68628,3.88457],[115.68596,3.88403],[115.68558,3.88508],[115.68486,3.88552],[115.68438,3.88576],[115.68395,3.8861],[115.68383,3.88645],[115.68349,3.88702],[115.68315,3.88722],[115.68302,3.88745],[115.68286,3.88771],[115.68231,3.88787],[115.68179,3.88806],[115.68153,3.88841],[115.68133,3.8888],[115.6818,3.88919],[115.68235,3.88959],[115.683,3.88999],[115.68377,3.89019],[115.68453,3.89016],[115.68508,3.8905],[115.68561,3.89086],[115.68623,3.89138],[115.68671,3.89165],[115.68745,3.89182],[115.68811,3.89187],[115.688,3.89174],[115.68802,3.8916],[115.68812,3.89145],[115.68829,3.89126],[115.68828,3.89111],[115.68822,3.89095],[115.68838,3.89083],[115.68848,3.89071],[115.68884,3.89029],[115.6893,3.88951],[115.6893,3.8895]]]]},"properties":{"kdprov":"65","kdkab":"04","kdkec":"022","kddesa":"022","kdsls":"1001","idsls":"65040220221001","nmprov":"KALIMANTAN UTARA","nmkab":"NUNUKAN","nmkec":"KRAYAN BARAT","nmdesa":"MA LIBU","nmsls":"SAWAH"}},{"type":"Feature","geometry":{"type":"MultiPolygon","coordinates":[[[[115.68453,3.89016],[115.68377,3.89019],[115.683,3.88999],[115.68235,3.88959],[115.6818,3.88919],[115.68133,3.8888],[115.68114,3.88915],[115.68097,3.8894],[115.68088,3.88956],[115.68085,3.88964],[115.68083,3.88972],[115.68154,3.89004],[115.68257,3.8905],[115.68322,3.89081],[115.68386,3.89111],[115.68453,3.89016]]]]},"properties":{"kdprov":"65","kdkab":"04","kdkec":"022","kddesa":"022","kdsls":"0001","idsls":"65040220220001","nmprov":"KALIMANTAN UTARA","nmkab":"NUNUKAN","nmkec":"KRAYAN BARAT","nmdesa":"MA LIBU","nmsls":"RT 001"}},{"type":"Feature","geometry":{"type":"MultiPolygon","coordinates":[[[[115.69349,3.89258],[115.69335,3.89246],[115.69317,3.89188],[115.6929,3.89159],[115.69288,3.89129],[115.69269,3.89146],[115.69241,3.89167],[115.69203,3.8915],[115.69206,3.89114],[115.6923,3.89094],[115.69241,3.89089],[115.69212,3.89069],[115.6921,3.89016],[115.69254,3.88992],[115.69278,3.88941],[115.69309,3.88907],[115.69285,3.88897],[115.69254,3.88933],[115.69222,3.88961],[115.69196,3.88996],[115.69174,3.89021],[115.6914,3.8906],[115.69125,3.89073],[115.69113,3.89087],[115.69104,3.89115],[115.69046,3.89181],[115.69007,3.89188],[115.68976,3.89167],[115.68985,3.89121],[115.68985,3.89068],[115.68988,3.89018],[115.68994,3.88987],[115.68971,3.88972],[115.68949,3.88965],[115.6893,3.8895],[115.6893,3.88951],[115.68884,3.89029],[115.68848,3.89071],[115.68838,3.89083],[115.68822,3.89095],[115.68828,3.89111],[115.68829,3.89126],[115.68812,3.89145],[115.68802,3.8916],[115.688,3.89174],[115.68811,3.89187],[115.68815,3.89192],[115.68805,3.89204],[115.68807,3.89215],[115.68823,3.89248],[115.68828,3.8927],[115.68829,3.89283],[115.6882,3.89295],[115.68808,3.89301],[115.68773,3.89299],[115.68771,3.89299],[115.68796,3.89337],[115.6888,3.89436],[115.6897,3.89557],[115.69012,3.89611],[115.69089,3.89651],[115.6931,3.89315],[115.69349,3.89258]]]]},"properties":{"kdprov":"65","kdkab":"04","kdkec":"022","kddesa":"023","kdsls":"1001","idsls":"65040220231001","nmprov":"KALIMANTAN UTARA","nmkab":"NUNUKAN","nmkec":"KRAYAN BARAT","nmdesa":"PA LUTUT","nmsls":"SAWAH"}},{"type":"Feature","geometry":{"type":"MultiPolygon","coordinates":[[[[115.68085,3.88964],[115.67966,3.88919],[115.67938,3.89001],[115.6798,3.89022],[115.68097,3.89083],[115.68154,3.89004],[115.68083,3.88972],[115.68085,3.88964]]]]},"properties":{"kdprov":"65","kdkab":"04","kdkec":"022","kddesa":"023","kdsls":"0002","idsls":"65040220230002","nmprov":"KALIMANTAN UTARA","nmkab":"NUNUKAN","nmkec":"KRAYAN BARAT","nmdesa":"PA LUTUT","nmsls":"RT 002"}},{"type":"Feature","geometry":{"type":"MultiPolygon","coordinates":[[[[115.68771,3.89299],[115.68773,3.89299],[115.68808,3.89301],[115.6882,3.89295],[115.68829,3.89283],[115.68828,3.8927],[115.68823,3.89248],[115.68807,3.89215],[115.68805,3.89204],[115.68815,3.89192],[115.68811,3.89187],[115.68745,3.89182],[115.68671,3.89165],[115.68623,3.89138],[115.68561,3.89086],[115.68508,3.8905],[115.68453,3.89016],[115.68386,3.89111],[115.68444,3.89138],[115.68515,3.89173],[115.6856,3.89198],[115.68582,3.89211],[115.68607,3.8924],[115.68631,3.89274],[115.68668,3.89326],[115.687,3.89294],[115.68711,3.8929],[115.68741,3.89291],[115.68771,3.89299]]]]},"properties":{"kdprov":"65","kdkab":"04","kdkec":"022","kddesa":"022","kdsls":"0002","idsls":"65040220220002","nmprov":"KALIMANTAN UTARA","nmkab":"NUNUKAN","nmkec":"KRAYAN BARAT","nmdesa":"MA LIBU","nmsls":"RT 002"}},{"type":"Feature","geometry":{"type":"MultiPolygon","coordinates":[[[[115.67739,3.89358],[115.6777,3.89318],[115.67796,3.89332],[115.67816,3.89305],[115.6787,3.89315],[115.67924,3.89302],[115.67977,3.89298],[115.68013,3.89278],[115.6799,3.89254],[115.67992,3.89233],[115.67978,3.89201],[115.67931,3.89165],[115.67948,3.89112],[115.67945,3.89073],[115.67923,3.89032],[115.67889,3.89037],[115.6787,3.89035],[115.67851,3.89045],[115.67838,3.89063],[115.67817,3.89088],[115.67801,3.89107],[115.6778,3.89138],[115.67756,3.89171],[115.67739,3.89214],[115.6771,3.89279],[115.6771,3.89327],[115.6767,3.89386],[115.67739,3.89358]]],[[[115.67905,3.89488],[115.679,3.89462],[115.67854,3.89485],[115.67812,3.8952],[115.67794,3.89585],[115.67833,3.89589],[115.67888,3.896],[115.67923,3.89597],[115.67948,3.89578],[115.67935,3.89558],[115.67905,3.89488]]]]},"properties":{"kdprov":"65","kdkab":"04","kdkec":"022","kddesa":"019","kdsls":"1001","idsls":"65040220191001","nmprov":"KALIMANTAN UTARA","nmkab":"NUNUKAN","nmkec":"KRAYAN BARAT","nmdesa":"LEPATAR","nmsls":"SAWAH"}},{"type":"Feature","geometry":{"type":"MultiPolygon","coordinates":[[[[115.6856,3.89198],[115.68515,3.89173],[115.68444,3.89138],[115.68386,3.89111],[115.68322,3.89081],[115.68289,3.89134],[115.68347,3.89156],[115.6842,3.8918],[115.68484,3.89221],[115.68523,3.89246],[115.6856,3.89198]]]]},"properties":{"kdprov":"65","kdkab":"04","kdkec":"022","kddesa":"025","kdsls":"0001","idsls":"65040220250001","nmprov":"KALIMANTAN UTARA","nmkab":"NUNUKAN","nmkec":"KRAYAN BARAT","nmdesa":"PA PANI","nmsls":"RT 001"}},{"type":"Feature","geometry":{"type":"MultiPolygon","coordinates":[[[[115.68523,3.89246],[115.68484,3.89221],[115.6842,3.8918],[115.68347,3.89156],[115.68289,3.89134],[115.68272,3.8916],[115.6825,3.89177],[115.68242,3.89204],[115.68236,3.89207],[115.68215,3.89221],[115.68252,3.89238],[115.68359,3.89264],[115.68422,3.89281],[115.68461,3.89269],[115.68491,3.8929],[115.68523,3.89246]]]]},"properties":{"kdprov":"65","kdkab":"04","kdkec":"022","kddesa":"025","kdsls":"0002","idsls":"65040220250002","nmprov":"KALIMANTAN UTARA","nmkab":"NUNUKAN","nmkec":"KRAYAN BARAT","nmdesa":"PA PANI","nmsls":"RT 002"}},{"type":"Feature","geometry":{"type":"MultiPolygon","coordinates":[[[[115.68457,3.89593],[115.68534,3.8947],[115.68658,3.89336],[115.68668,3.89326],[115.68631,3.89274],[115.68607,3.8924],[115.68582,3.89211],[115.6856,3.89198],[115.68523,3.89246],[115.68491,3.8929],[115.68461,3.89269],[115.68422,3.89281],[115.68359,3.89264],[115.68252,3.89238],[115.68215,3.89221],[115.68193,3.89235],[115.6814,3.89263],[115.6809,3.89274],[115.68051,3.89263],[115.68024,3.89271],[115.68013,3.89278],[115.67977,3.89298],[115.67967,3.8932],[115.67957,3.89361],[115.6796,3.89405],[115.6795,3.89427],[115.67908,3.89453],[115.679,3.89462],[115.67905,3.89488],[115.67935,3.89558],[115.67948,3.89578],[115.67957,3.89593],[115.67949,3.89617],[115.67988,3.89606],[115.6801,3.89596],[115.6801,3.89572],[115.68034,3.89547],[115.68044,3.89512],[115.68034,3.89484],[115.68021,3.89447],[115.67997,3.89409],[115.68003,3.89392],[115.68035,3.89365],[115.6808,3.89389],[115.68082,3.89417],[115.68117,3.89457],[115.68152,3.8945],[115.68172,3.8941],[115.68205,3.89389],[115.68212,3.89371],[115.68196,3.89346],[115.68162,3.89328],[115.68151,3.89298],[115.68179,3.89285],[115.68215,3.89283],[115.68255,3.89297],[115.68277,3.89326],[115.68298,3.8934],[115.68322,3.89315],[115.68338,3.89315],[115.68353,3.89347],[115.68326,3.89396],[115.68373,3.89356],[115.68373,3.89388],[115.68381,3.89446],[115.68416,3.89453],[115.68439,3.89441],[115.6846,3.89479],[115.68457,3.89554],[115.68457,3.89593]]]]},"properties":{"kdprov":"65","kdkab":"04","kdkec":"022","kddesa":"025","kdsls":"1001","idsls":"65040220251001","nmprov":"KALIMANTAN UTARA","nmkab":"NUNUKAN","nmkec":"KRAYAN BARAT","nmdesa":"PA PANI","nmsls":"SAWAH"}},{"type":"Feature","geometry":{"type":"MultiPolygon","coordinates":[[[[115.68457,3.89593],[115.68457,3.89554],[115.6846,3.89479],[115.68439,3.89441],[115.68416,3.89453],[115.68381,3.89446],[115.68373,3.89388],[115.68373,3.89356],[115.68326,3.89396],[115.68353,3.89347],[115.68338,3.89315],[115.68322,3.89315],[115.68298,3.8934],[115.68277,3.89326],[115.68255,3.89297],[115.68215,3.89283],[115.68179,3.89285],[115.68151,3.89298],[115.68162,3.89328],[115.68196,3.89346],[115.68212,3.89371],[115.68205,3.89389],[115.68172,3.8941],[115.68152,3.8945],[115.68117,3.89457],[115.68082,3.89417],[115.6808,3.89389],[115.68035,3.89365],[115.68003,3.89392],[115.67997,3.89409],[115.68021,3.89447],[115.68034,3.89484],[115.68044,3.89512],[115.68034,3.89547],[115.6801,3.89572],[115.6801,3.89596],[115.67988,3.89606],[115.67949,3.89617],[115.67944,3.89633],[115.67946,3.89677],[115.67949,3.89712],[115.67927,3.8977],[115.68337,3.89785],[115.68457,3.89593]]]]},"properties":{"kdprov":"65","kdkab":"04","kdkec":"022","kddesa":"025","kdsls":"2002","idsls":"65040220252002","nmprov":"KALIMANTAN UTARA","nmkab":"NUNUKAN","nmkec":"KRAYAN BARAT","nmdesa":"PA PANI","nmsls":"HUTAN"}}]}