{"type":"FeatureCollection","features":[{"type":"Feature","geometry":{"type":"MultiPolygon","coordinates":[[[[117.47703,3.75783],[117.47534,3.75969],[117.46831,3.76619],[117.46491,3.76981],[117.46197,3.77276],[117.46186,3.7739],[117.46172,3.77533],[117.46289,3.77766],[117.46393,3.77907],[117.46724,3.78189],[117.4689,3.7852],[117.46834,3.78686],[117.46675,3.78778],[117.46356,3.78793],[117.46056,3.78634],[117.46301,3.79006],[117.46503,3.7923],[117.46598,3.79509],[117.46788,3.7956],[117.46995,3.79561],[117.4708,3.79793],[117.47639,3.80558],[117.48449,3.82103],[117.49176,3.8364],[117.50352,3.83396],[117.51847,3.83169],[117.54866,3.82822],[117.55414,3.82791],[117.56321,3.8274],[117.57315,3.82784],[117.58141,3.82788],[117.58329,3.82803],[117.58357,3.82805],[117.58372,3.82807],[117.58601,3.82825],[117.59319,3.82883],[117.59973,3.82947],[117.60878,3.83035],[117.61446,3.8309],[117.61536,3.8311],[117.61772,3.83163],[117.6265,3.83359],[117.63145,3.83578],[117.63376,3.8368],[117.63514,3.83724],[117.63801,3.83816],[117.64162,3.83931],[117.64812,3.84237],[117.64812,3.84237],[117.65501,3.84467],[117.65501,3.84467],[117.65501,3.84467],[117.66496,3.85041],[117.66667,3.85142],[117.66775,3.85205],[117.66788,3.85213],[117.68078,3.85975],[117.6808,3.85976],[117.68242,3.86072],[117.68358,3.86184],[117.68561,3.8638],[117.68578,3.86396],[117.68602,3.86421],[117.68621,3.86441],[117.68926,3.86752],[117.69011,3.86839],[117.69037,3.86866],[117.69037,3.86866],[117.69145,3.8685],[117.69459,3.86657],[117.69758,3.86426],[117.69758,3.86337],[117.69758,3.86303],[117.69779,3.86316],[117.69794,3.86325],[117.69858,3.86364],[117.6995,3.86307],[117.70114,3.86204],[117.70224,3.86123],[117.70268,3.86091],[117.70373,3.86014],[117.70362,3.86028],[117.70999,3.86126],[117.7104,3.86212],[117.71079,3.86268],[117.71099,3.86296],[117.71142,3.86369],[117.71149,3.86381],[117.71176,3.86481],[117.71212,3.86535],[117.71228,3.86595],[117.71285,3.86627],[117.71312,3.86681],[117.71367,3.86745],[117.71448,3.86827],[117.71521,3.869],[117.71556,3.86953],[117.71625,3.86983],[117.71655,3.8699],[117.7168,3.86996],[117.71752,3.87013],[117.71775,3.87018],[117.7178,3.87039],[117.71784,3.87059],[117.71785,3.8706],[117.71793,3.871],[117.71803,3.87164],[117.71866,3.87273],[117.7193,3.87372],[117.71948,3.87401],[117.7203,3.87419],[117.72046,3.87419],[117.7212,3.87419],[117.72153,3.87451],[117.72193,3.87492],[117.72356,3.87537],[117.72463,3.87543],[117.72511,3.87546],[117.72647,3.87573],[117.72728,3.87591],[117.7281,3.87619],[117.72837,3.87619],[117.72946,3.87646],[117.72973,3.87609],[117.73001,3.87599],[117.73041,3.87584],[117.73046,3.87582],[117.73128,3.87573],[117.73191,3.87564],[117.73192,3.87563],[117.73236,3.87554],[117.73318,3.875],[117.73372,3.87472],[117.73454,3.87399],[117.73563,3.87427],[117.73636,3.87426],[117.73744,3.87417],[117.73808,3.87408],[117.73881,3.87399],[117.73953,3.87353],[117.74017,3.87308],[117.74071,3.87235],[117.74207,3.87216],[117.74301,3.87233],[117.74361,3.87244],[117.7443,3.87251],[117.74443,3.87253],[117.74478,3.87226],[117.74527,3.87189],[117.74552,3.8717],[117.7459,3.87155],[117.74661,3.87125],[117.74815,3.87079],[117.74896,3.87061],[117.74913,3.87061],[117.74974,3.87061],[117.75,3.87061],[117.75005,3.87061],[117.75087,3.87024],[117.75223,3.86969],[117.75305,3.86933],[117.75306,3.86928],[117.7533,3.86846],[117.75335,3.86843],[117.75433,3.86884],[117.75486,3.86905],[117.75541,3.86851],[117.75545,3.86845],[117.75595,3.86787],[117.75658,3.86739],[117.75667,3.86732],[117.75722,3.86696],[117.75803,3.86668],[117.75858,3.86613],[117.75912,3.86568],[117.75931,3.86549],[117.75976,3.86504],[117.7603,3.86413],[117.76075,3.86331],[117.7613,3.86249],[117.76175,3.86185],[117.76211,3.86121],[117.76213,3.86119],[117.76266,3.8603],[117.7632,3.85966],[117.76348,3.8592],[117.76365,3.85893],[117.76375,3.85874],[117.76393,3.85838],[117.76426,3.8577],[117.76429,3.85765],[117.76456,3.85683],[117.7651,3.85565],[117.76528,3.85492],[117.76601,3.85392],[117.7663,3.85353],[117.76664,3.85309],[117.76722,3.85237],[117.76737,3.85218],[117.76791,3.85154],[117.76855,3.85091],[117.76909,3.85008],[117.76938,3.84969],[117.76981,3.84908],[117.77072,3.84808],[117.77136,3.84762],[117.77199,3.84717],[117.77231,3.84674],[117.77544,3.84625],[117.77707,3.8447],[117.77816,3.8437],[117.77861,3.84297],[117.77979,3.84269],[117.78065,3.84096],[117.78156,3.84078],[117.78228,3.8405],[117.78283,3.84014],[117.78328,3.83904],[117.78346,3.83832],[117.78836,3.83749],[117.78863,3.83694],[117.7886,3.83688],[117.788,3.83546],[117.78793,3.83538],[117.78791,3.83527],[117.78781,3.83503],[117.78788,3.83499],[117.78863,3.83448],[117.78963,3.83384],[117.78993,3.83384],[117.79069,3.83384],[117.79075,3.83386],[117.79096,3.8339],[117.79099,3.83386],[117.79111,3.83372],[117.79105,3.83342],[117.79103,3.83337],[117.79108,3.8332],[117.79162,3.83238],[117.79244,3.83138],[117.7938,3.83074],[117.79419,3.83081],[117.79434,3.83083],[117.79441,3.83046],[117.79452,3.82992],[117.79525,3.82965],[117.7954,3.82972],[117.79597,3.83001],[117.79692,3.82935],[117.79715,3.82919],[117.79754,3.82891],[117.79781,3.82871],[117.79842,3.82828],[117.79933,3.828],[117.80023,3.82745],[117.80078,3.82682],[117.80109,3.82624],[117.80123,3.826],[117.80127,3.82598],[117.80158,3.8259],[117.80165,3.82588],[117.80259,3.82563],[117.80292,3.8247],[117.80304,3.82435],[117.80314,3.82438],[117.80377,3.82454],[117.80459,3.82353],[117.80501,3.82322],[117.8052,3.82307],[117.80534,3.82297],[117.80613,3.82253],[117.80635,3.8223],[117.80677,3.82189],[117.80685,3.8218],[117.80749,3.82089],[117.80782,3.82091],[117.80858,3.82098],[117.80906,3.82171],[117.80922,3.82195],[117.8093,3.82207],[117.81021,3.82161],[117.8106,3.82132],[117.8113,3.82079],[117.81229,3.82024],[117.81293,3.81979],[117.81329,3.81924],[117.81411,3.81878],[117.8145,3.81839],[117.81465,3.81824],[117.81565,3.8176],[117.8171,3.8165],[117.81828,3.81568],[117.81955,3.81477],[117.82027,3.81404],[117.82123,3.81332],[117.82195,3.81286],[117.8224,3.81204],[117.82313,3.81177],[117.82327,3.81072],[117.82331,3.8104],[117.8234,3.80949],[117.82342,3.80943],[117.82365,3.80889],[117.82385,3.8084],[117.82448,3.80657],[117.8253,3.80539],[117.82593,3.80438],[117.82639,3.80311],[117.82718,3.80196],[117.8272,3.80192],[117.82802,3.8011],[117.82847,3.80019],[117.82974,3.7991],[117.83019,3.79864],[117.83042,3.79841],[117.83128,3.79754],[117.83237,3.797],[117.83318,3.79572],[117.83346,3.79463],[117.83345,3.79335],[117.8333,3.79261],[117.83321,3.79218],[117.83309,3.79162],[117.833,3.79043],[117.83318,3.78943],[117.83327,3.78834],[117.83263,3.78743],[117.83109,3.78652],[117.82918,3.78652],[117.82837,3.78588],[117.82701,3.78588],[117.82583,3.78552],[117.82456,3.78561],[117.82401,3.78525],[117.82311,3.78484],[117.82301,3.78479],[117.82165,3.7848],[117.81351,3.77958],[117.81358,3.77948],[117.81417,3.77868],[117.81475,3.77789],[117.81565,3.77613],[117.81581,3.77455],[117.81654,3.77286],[117.81656,3.77132],[117.81656,3.7695],[117.81619,3.76804],[117.81601,3.76686],[117.8161,3.76504],[117.81592,3.7634],[117.81592,3.76221],[117.81619,3.76093],[117.81616,3.76071],[117.816,3.75948],[117.81609,3.75913],[117.81614,3.75889],[117.81599,3.75804],[117.81572,3.7578],[117.8157,3.75778],[117.81569,3.75778],[117.81555,3.75765],[117.81532,3.75766],[117.81416,3.75775],[117.8135,3.75788],[117.81193,3.7582],[117.81045,3.75885],[117.80851,3.75899],[117.80836,3.759],[117.80594,3.75915],[117.80546,3.75967],[117.8053,3.75985],[117.8052,3.75965],[117.80495,3.7591],[117.80476,3.75909],[117.80405,3.75905],[117.80267,3.7587],[117.80163,3.75861],[117.80068,3.75831],[117.79935,3.75806],[117.79929,3.75806],[117.79912,3.75807],[117.79829,3.7581],[117.79803,3.75817],[117.79754,3.75836],[117.79712,3.75856],[117.79676,3.75869],[117.79634,3.75882],[117.79615,3.75891],[117.79579,3.75913],[117.79566,3.75926],[117.79543,3.75941],[117.79537,3.75956],[117.79523,3.75986],[117.79226,3.75891],[117.79127,3.75847],[117.78978,3.7577],[117.78963,3.75762],[117.78941,3.75743],[117.78881,3.75692],[117.78824,3.75643],[117.78721,3.7556],[117.78684,3.75514],[117.78682,3.75512],[117.78651,3.75464],[117.78595,3.75471],[117.78488,3.75486],[117.78468,3.75489],[117.78269,3.75534],[117.77966,3.75635],[117.77898,3.75659],[117.7765,3.75743],[117.77377,3.75851],[117.77123,3.75943],[117.76887,3.76016],[117.76866,3.76023],[117.76633,3.76098],[117.76334,3.76189],[117.76126,3.76272],[117.75908,3.76354],[117.75672,3.76427],[117.75625,3.76445],[117.75504,3.76493],[117.75418,3.76527],[117.75219,3.76582],[117.75,3.76631],[117.74974,3.76637],[117.74958,3.76623],[117.74909,3.76642],[117.74657,3.76651],[117.74494,3.76658],[117.74494,3.76658],[117.74485,3.76659],[117.74217,3.76696],[117.73941,3.76734],[117.73936,3.76735],[117.73231,3.76838],[117.72638,3.76941],[117.72117,3.77034],[117.72116,3.77035],[117.71787,3.77094],[117.71068,3.77213],[117.70748,3.77263],[117.70523,3.77326],[117.70448,3.77352],[117.70345,3.77387],[117.70313,3.77396],[117.70292,3.77401],[117.7021,3.77383],[117.69942,3.77389],[117.69442,3.7749],[117.6916,3.77603],[117.68862,3.77706],[117.68704,3.77761],[117.68704,3.77761],[117.68685,3.77769],[117.68678,3.77772],[117.68456,3.7787],[117.68372,3.77907],[117.68368,3.77909],[117.68199,3.77987],[117.68062,3.7805],[117.67886,3.78132],[117.67843,3.78157],[117.6778,3.78194],[117.67408,3.78414],[117.67393,3.78423],[117.67388,3.78426],[117.67288,3.78487],[117.67115,3.78591],[117.6702,3.78649],[117.67018,3.7865],[117.66982,3.78679],[117.66897,3.78747],[117.66874,3.78754],[117.66842,3.78764],[117.66821,3.78775],[117.66801,3.78788],[117.66782,3.78802],[117.6675,3.78817],[117.6671,3.78832],[117.66672,3.78843],[117.66655,3.78848],[117.66619,3.78857],[117.6661,3.7886],[117.66536,3.78877],[117.66474,3.78887],[117.66441,3.78887],[117.66389,3.78884],[117.6636,3.78884],[117.66341,3.78882],[117.6633,3.78879],[117.6632,3.78876],[117.6629,3.78863],[117.66254,3.78847],[117.66203,3.78819],[117.66163,3.78796],[117.66125,3.78768],[117.66093,3.7874],[117.66065,3.78713],[117.66027,3.78675],[117.66024,3.78672],[117.65997,3.78649],[117.6597,3.78622],[117.65935,3.78589],[117.659,3.78559],[117.65868,3.78533],[117.65841,3.78513],[117.65811,3.78488],[117.65796,3.78474],[117.65783,3.7846],[117.6577,3.78446],[117.65757,3.78434],[117.65731,3.78425],[117.65721,3.78424],[117.65716,3.78423],[117.6571,3.78419],[117.65709,3.78419],[117.65709,3.78414],[117.65709,3.7841],[117.65704,3.78397],[117.65697,3.78387],[117.65682,3.78375],[117.65666,3.78365],[117.65658,3.78355],[117.65647,3.7834],[117.65642,3.78326],[117.65635,3.78304],[117.65626,3.78291],[117.6561,3.78261],[117.65578,3.78206],[117.65542,3.78141],[117.65514,3.78081],[117.65496,3.78034],[117.65485,3.78011],[117.65469,3.77982],[117.65451,3.77939],[117.65443,3.77917],[117.65433,3.77899],[117.65424,3.77887],[117.65422,3.77883],[117.65417,3.77874],[117.65417,3.77873],[117.65418,3.7787],[117.65419,3.77868],[117.65423,3.7786],[117.65426,3.77853],[117.65426,3.77842],[117.65425,3.77832],[117.65421,3.7782],[117.65416,3.77808],[117.65408,3.77788],[117.65401,3.77768],[117.65398,3.7775],[117.65394,3.77726],[117.65387,3.77702],[117.65376,3.77671],[117.65365,3.77652],[117.65358,3.77637],[117.65358,3.77624],[117.65358,3.7762],[117.65357,3.77606],[117.6535,3.77559],[117.65343,3.77534],[117.65333,3.7751],[117.6532,3.77484],[117.65305,3.77462],[117.65295,3.7744],[117.65272,3.77377],[117.65264,3.77345],[117.65257,3.77319],[117.65252,3.77296],[117.65245,3.77281],[117.65231,3.77262],[117.65217,3.77245],[117.65215,3.77235],[117.65215,3.77235],[117.65218,3.77226],[117.65217,3.77216],[117.65213,3.77204],[117.65205,3.77194],[117.65188,3.7718],[117.65174,3.77163],[117.65152,3.77153],[117.65135,3.77149],[117.65124,3.77147],[117.65111,3.77146],[117.65059,3.77145],[117.65031,3.77147],[117.64994,3.77161],[117.64984,3.77165],[117.6497,3.77171],[117.64928,3.7719],[117.64871,3.77221],[117.64777,3.77267],[117.64716,3.773],[117.64665,3.77328],[117.6463,3.77345],[117.64587,3.77368],[117.64551,3.77397],[117.64467,3.77454],[117.64373,3.77511],[117.64335,3.77535],[117.64313,3.77555],[117.64295,3.77573],[117.64288,3.77586],[117.64287,3.77598],[117.64287,3.776],[117.64278,3.776],[117.64269,3.776],[117.6426,3.77605],[117.64252,3.77613],[117.64239,3.77629],[117.64222,3.77647],[117.64206,3.77658],[117.64184,3.77671],[117.64164,3.77678],[117.64135,3.77687],[117.64106,3.77701],[117.64098,3.77706],[117.64067,3.77731],[117.63941,3.77818],[117.63925,3.77825],[117.63905,3.77847],[117.63889,3.77874],[117.63885,3.77883],[117.63727,3.7789],[117.63702,3.7789],[117.63697,3.77891],[117.6368,3.77896],[117.63657,3.77903],[117.63587,3.7793],[117.63512,3.77958],[117.63476,3.77965],[117.63436,3.77969],[117.6341,3.77969],[117.63366,3.77971],[117.63361,3.77972],[117.63307,3.77971],[117.63256,3.77974],[117.6324,3.77975],[117.63184,3.77982],[117.63123,3.77996],[117.63085,3.78012],[117.63066,3.78018],[117.63047,3.7802],[117.63024,3.78027],[117.63001,3.78036],[117.62976,3.7804],[117.62951,3.7804],[117.62928,3.78042],[117.62909,3.78046],[117.62894,3.78055],[117.62885,3.7806],[117.62884,3.7806],[117.62874,3.78057],[117.62863,3.78051],[117.62848,3.78048],[117.62824,3.78048],[117.62787,3.7805],[117.62755,3.7805],[117.62728,3.78048],[117.62708,3.78048],[117.6268,3.78046],[117.62662,3.78042],[117.62634,3.78036],[117.62603,3.78035],[117.62581,3.78035],[117.62556,3.78037],[117.62548,3.78042],[117.62548,3.78042],[117.62543,3.78036],[117.62534,3.78029],[117.62518,3.78021],[117.62498,3.78018],[117.62461,3.78018],[117.62427,3.78024],[117.62395,3.78023],[117.62375,3.78017],[117.62344,3.78004],[117.62326,3.78001],[117.62314,3.78001],[117.62302,3.78004],[117.62294,3.78007],[117.62291,3.78009],[117.62282,3.78005],[117.6227,3.78],[117.62259,3.77997],[117.62206,3.77995],[117.62158,3.77992],[117.62131,3.77988],[117.62105,3.77981],[117.62095,3.77979],[117.62091,3.77978],[117.62066,3.77978],[117.6204,3.77979],[117.6202,3.77981],[117.61993,3.77986],[117.61779,3.77814],[117.61777,3.77803],[117.61774,3.77793],[117.61764,3.77783],[117.61754,3.77773],[117.6173,3.77765],[117.61706,3.77755],[117.6167,3.77741],[117.6163,3.77718],[117.61565,3.77677],[117.6155,3.77667],[117.61528,3.77649],[117.61508,3.77634],[117.61472,3.77619],[117.6142,3.7757],[117.614,3.77552],[117.61379,3.77542],[117.61363,3.7754],[117.61325,3.77537],[117.61276,3.7753],[117.61237,3.77522],[117.61205,3.77516],[117.61158,3.77501],[117.61091,3.77477],[117.60992,3.77449],[117.60973,3.77446],[117.60913,3.77433],[117.60887,3.7743],[117.60833,3.77427],[117.60812,3.77427],[117.60773,3.77426],[117.607,3.77426],[117.60643,3.77426],[117.60585,3.77426],[117.60561,3.77427],[117.60524,3.77428],[117.60476,3.77433],[117.60429,3.7744],[117.60428,3.7744],[117.60378,3.77454],[117.60303,3.77462],[117.60241,3.77465],[117.602,3.77467],[117.60152,3.77474],[117.60064,3.77498],[117.60013,3.77518],[117.59978,3.77542],[117.59965,3.77555],[117.59951,3.77569],[117.59944,3.77571],[117.59926,3.77598],[117.5992,3.77605],[117.59905,3.77629],[117.59905,3.7763],[117.59885,3.77661],[117.59855,3.77781],[117.59855,3.78011],[117.59935,3.78341],[117.60075,3.7872],[117.60087,3.78801],[117.60086,3.78864],[117.60084,3.7896],[117.6008,3.79011],[117.6008,3.79012],[117.60076,3.79051],[117.60066,3.79107],[117.60052,3.79171],[117.6004,3.79218],[117.60033,3.79255],[117.60023,3.7929],[117.60007,3.79334],[117.59987,3.79376],[117.59956,3.79432],[117.59924,3.79487],[117.59911,3.79509],[117.59911,3.7951],[117.59886,3.79541],[117.59852,3.79577],[117.59819,3.79615],[117.59783,3.79645],[117.5974,3.79671],[117.59706,3.79685],[117.59699,3.79688],[117.59689,3.79692],[117.59672,3.79695],[117.59658,3.79698],[117.59624,3.79699],[117.59566,3.79697],[117.59531,3.79697],[117.59509,3.79697],[117.59484,3.79696],[117.59458,3.79691],[117.59417,3.79677],[117.5937,3.79663],[117.59338,3.79647],[117.5926,3.79601],[117.59168,3.79551],[117.59096,3.79499],[117.59043,3.79455],[117.58997,3.79417],[117.58932,3.79363],[117.58868,3.79311],[117.58843,3.79291],[117.5883,3.79281],[117.58807,3.79261],[117.58769,3.79229],[117.58741,3.79204],[117.58719,3.79184],[117.58666,3.79138],[117.58603,3.79078],[117.58535,3.79002],[117.58516,3.78975],[117.58511,3.78969],[117.58485,3.78927],[117.58462,3.78877],[117.58445,3.78839],[117.58459,3.78857],[117.58414,3.78778],[117.58412,3.78774],[117.58399,3.7875],[117.58378,3.78711],[117.58341,3.78651],[117.58317,3.78621],[117.58259,3.7855],[117.58212,3.78498],[117.58157,3.78444],[117.58106,3.78401],[117.5802,3.78325],[117.57997,3.78302],[117.57964,3.78262],[117.57936,3.78244],[117.57908,3.78219],[117.57862,3.78185],[117.57816,3.78158],[117.57769,3.7814],[117.57745,3.78134],[117.57698,3.78129],[117.57681,3.7813],[117.57663,3.7813],[117.57644,3.7813],[117.57596,3.78126],[117.57545,3.78121],[117.57511,3.7812],[117.57471,3.78123],[117.57448,3.7813],[117.5743,3.78133],[117.57423,3.78133],[117.57397,3.78134],[117.57374,3.78137],[117.57341,3.78142],[117.57248,3.78164],[117.57169,3.78181],[117.57075,3.78204],[117.56985,3.78231],[117.56891,3.78261],[117.56791,3.78294],[117.56724,3.7832],[117.56652,3.78353],[117.56565,3.78392],[117.56468,3.78442],[117.5641,3.78469],[117.56357,3.78486],[117.56292,3.78502],[117.56276,3.78505],[117.56259,3.78508],[117.56163,3.78518],[117.56094,3.78521],[117.56038,3.78521],[117.5598,3.78521],[117.55927,3.78517],[117.55851,3.78504],[117.55803,3.78491],[117.55774,3.78481],[117.55736,3.78469],[117.5569,3.78458],[117.55612,3.78425],[117.55528,3.78386],[117.55446,3.78343],[117.5538,3.78312],[117.55321,3.7828],[117.55278,3.78263],[117.55236,3.78235],[117.55199,3.78203],[117.55194,3.78198],[117.55137,3.78162],[117.55104,3.78142],[117.55053,3.78113],[117.55002,3.78093],[117.54976,3.78082],[117.54972,3.7808],[117.5493,3.78053],[117.54854,3.78],[117.54788,3.77949],[117.54739,3.77913],[117.54696,3.77881],[117.54656,3.77856],[117.54623,3.77839],[117.54584,3.77819],[117.5454,3.77788],[117.54521,3.7777],[117.54501,3.77751],[117.54468,3.7773],[117.54418,3.77699],[117.54355,3.77665],[117.5433,3.7765],[117.54301,3.77633],[117.54226,3.77593],[117.54196,3.77574],[117.54173,3.77557],[117.54142,3.77529],[117.54124,3.77509],[117.54089,3.77472],[117.54042,3.77432],[117.53956,3.77366],[117.5389,3.7731],[117.53838,3.77267],[117.53796,3.77233],[117.53741,3.7719],[117.53676,3.77137],[117.53619,3.77095],[117.53574,3.77051],[117.53531,3.77008],[117.53491,3.76959],[117.5345,3.76918],[117.53406,3.76879],[117.53382,3.76861],[117.53351,3.76837],[117.53287,3.76797],[117.53287,3.76797],[117.53258,3.76778],[117.53227,3.76767],[117.53198,3.76762],[117.53179,3.76762],[117.53162,3.76763],[117.5316,3.76764],[117.53139,3.76767],[117.53115,3.76778],[117.53085,3.76805],[117.53065,3.76828],[117.53064,3.76828],[117.53037,3.76861],[117.53006,3.769],[117.52975,3.76941],[117.5293,3.76999],[117.52896,3.77041],[117.52877,3.77064],[117.52854,3.77096],[117.52833,3.77123],[117.5283,3.77128],[117.5279,3.77174],[117.52759,3.77213],[117.52736,3.77241],[117.52711,3.77276],[117.52704,3.77287],[117.52691,3.77306],[117.52684,3.7732],[117.52674,3.77335],[117.52655,3.77358],[117.52619,3.77399],[117.52574,3.77452],[117.52555,3.77472],[117.52547,3.7748],[117.52512,3.77508],[117.52476,3.77535],[117.52436,3.77565],[117.5239,3.7759],[117.5233,3.77621],[117.52321,3.77625],[117.52309,3.77626],[117.52225,3.77654],[117.52222,3.77655],[117.5219,3.77659],[117.52175,3.77661],[117.52147,3.77661],[117.5212,3.77659],[117.52095,3.77653],[117.52062,3.77644],[117.5203,3.77639],[117.51988,3.77629],[117.51944,3.77616],[117.51911,3.776],[117.51864,3.7757],[117.51825,3.77546],[117.51777,3.7752],[117.51715,3.77487],[117.51658,3.77457],[117.51538,3.77385],[117.5148,3.77348],[117.51397,3.77299],[117.5134,3.77269],[117.5129,3.77251],[117.51249,3.7724],[117.51209,3.77231],[117.51146,3.77217],[117.51069,3.77065],[117.51062,3.77055],[117.51046,3.77036],[117.51011,3.77012],[117.50978,3.76996],[117.50962,3.76987],[117.50954,3.76983],[117.50935,3.76969],[117.50917,3.76952],[117.50905,3.7694],[117.50895,3.76931],[117.50878,3.76915],[117.50817,3.7685],[117.50764,3.76801],[117.50728,3.76775],[117.50697,3.7676],[117.50678,3.76753],[117.50649,3.76741],[117.50612,3.76726],[117.50612,3.76726],[117.5061,3.76725],[117.50557,3.76715],[117.5051,3.76709],[117.50469,3.767],[117.50449,3.76696],[117.50413,3.76688],[117.50373,3.76676],[117.50341,3.76665],[117.50284,3.76651],[117.50211,3.76631],[117.50206,3.7663],[117.5017,3.7662],[117.50147,3.76618],[117.50119,3.7662],[117.50092,3.76623],[117.50072,3.76627],[117.50059,3.76634],[117.50049,3.76643],[117.50012,3.76715],[117.49996,3.76736],[117.49989,3.76747],[117.49981,3.76773],[117.49971,3.76807],[117.49963,3.76838],[117.49959,3.76852],[117.49957,3.76874],[117.49957,3.76901],[117.49959,3.76943],[117.49969,3.77006],[117.49976,3.77054],[117.49982,3.77098],[117.49985,3.77134],[117.49981,3.77187],[117.49979,3.77206],[117.49978,3.77254],[117.49978,3.77288],[117.49976,3.77311],[117.49973,3.7735],[117.49956,3.77406],[117.49941,3.7745],[117.49933,3.77465],[117.49921,3.77489],[117.49895,3.7753],[117.49877,3.77551],[117.49851,3.77561],[117.49822,3.77569],[117.49772,3.77573],[117.49732,3.77571],[117.49706,3.77568],[117.49668,3.77557],[117.49654,3.77551],[117.49634,3.77543],[117.49557,3.77514],[117.49489,3.77493],[117.49411,3.77461],[117.49356,3.77436],[117.49308,3.77408],[117.49252,3.7738],[117.492,3.77344],[117.49166,3.77314],[117.49114,3.77275],[117.49069,3.77245],[117.49065,3.77242],[117.49029,3.77221],[117.49011,3.77209],[117.48958,3.77173],[117.4889,3.77119],[117.48787,3.77027],[117.48709,3.76962],[117.48653,3.76919],[117.48594,3.76872],[117.48524,3.7681],[117.48387,3.76672],[117.48356,3.7664],[117.48303,3.76594],[117.48239,3.76544],[117.48179,3.76492],[117.48115,3.76447],[117.48071,3.76413],[117.48041,3.76382],[117.48019,3.76347],[117.4799,3.76304],[117.47937,3.76179],[117.47904,3.76112],[117.47868,3.76055],[117.47867,3.76053],[117.47836,3.76002],[117.478,3.75957],[117.4778,3.75936],[117.47703,3.75783]]]]},"properties":{"kdprov":"65","kdkab":"04","kdkec":"060","kddesa":"010","kdsls":"1003","idsls":"65040600101003","nmprov":"KALIMANTAN UTARA","nmkab":"NUNUKAN","nmkec":"SEMBAKUNG","nmdesa":"TEPIAN","nmsls":"KEBUN SAWIT (004P)"}},{"type":"Feature","geometry":{"type":"MultiPolygon","coordinates":[[[[117.04663,3.85715],[117.04662,3.85713],[117.04627,3.85669],[117.04597,3.85614],[117.04589,3.85576],[117.0458,3.85539],[117.04566,3.85497],[117.04558,3.85471],[117.04527,3.85392],[117.04507,3.85326],[117.04483,3.85227],[117.0448,3.85217],[117.04468,3.8522],[117.04454,3.85224],[117.04443,3.8523],[117.04424,3.8524],[117.04408,3.85246],[117.04363,3.85266],[117.0434,3.85278],[117.04434,3.8555],[117.0446,3.8561],[117.04504,3.85652],[117.04513,3.85669],[117.04531,3.85705],[117.04571,3.85772],[117.04591,3.85759],[117.04632,3.85734],[117.04663,3.85715]]]]},"properties":{"kdprov":"65","kdkab":"04","kdkec":"060","kddesa":"006","kdsls":"0002","idsls":"65040600060002","nmprov":"KALIMANTAN UTARA","nmkab":"NUNUKAN","nmkec":"SEMBAKUNG","nmdesa":"ATAP","nmsls":"RT 002"}},{"type":"Feature","geometry":{"type":"MultiPolygon","coordinates":[[[[117.11203,3.86861],[117.1116,3.86832],[117.11103,3.86914],[117.11142,3.86939],[117.11151,3.86945],[117.1115,3.86945],[117.11236,3.87005],[117.11356,3.87078],[117.11408,3.86992],[117.11203,3.86861]]]]},"properties":{"kdprov":"65","kdkab":"04","kdkec":"060","kddesa":"007","kdsls":"0002","idsls":"65040600070002","nmprov":"KALIMANTAN UTARA","nmkab":"NUNUKAN","nmkec":"SEMBAKUNG","nmdesa":"LUBAKAN","nmsls":"RT 002"}},{"type":"Feature","geometry":{"type":"MultiPolygon","coordinates":[[[[117.13576,3.81283],[117.13538,3.81224],[117.13521,3.81197],[117.13495,3.81155],[117.13482,3.81109],[117.13476,3.81086],[117.13455,3.81011],[117.13447,3.80984],[117.13278,3.81012],[117.13296,3.81074],[117.1329,3.81076],[117.13237,3.81095],[117.13216,3.81047],[117.13211,3.81049],[117.13164,3.8107],[117.13133,3.81081],[117.13127,3.81084],[117.1314,3.81114],[117.13058,3.81132],[117.13101,3.81268],[117.13106,3.81283],[117.13137,3.81356],[117.13313,3.81306],[117.13439,3.81288],[117.13576,3.81283]]]]},"properties":{"kdprov":"65","kdkab":"04","kdkec":"060","kddesa":"008","kdsls":"0004","idsls":"65040600080004","nmprov":"KALIMANTAN UTARA","nmkab":"NUNUKAN","nmkec":"SEMBAKUNG","nmdesa":"TAGUL","nmsls":"RT 004"}},{"type":"Feature","geometry":{"type":"MultiPolygon","coordinates":[[[[117.13127,3.81084],[117.13133,3.81081],[117.13164,3.8107],[117.13211,3.81049],[117.13216,3.81047],[117.13237,3.81095],[117.1329,3.81076],[117.13296,3.81074],[117.13278,3.81012],[117.13447,3.80984],[117.13438,3.80975],[117.13417,3.80908],[117.1334,3.8093],[117.13242,3.80943],[117.13209,3.80954],[117.13209,3.80954],[117.13204,3.80935],[117.13186,3.80941],[117.13192,3.80958],[117.13145,3.80971],[117.13132,3.80979],[117.13121,3.80987],[117.13088,3.80995],[117.13055,3.81004],[117.13037,3.81006],[117.13034,3.81028],[117.13032,3.8106],[117.13048,3.81102],[117.13058,3.81132],[117.1314,3.81114],[117.13127,3.81084]]]]},"properties":{"kdprov":"65","kdkab":"04","kdkec":"060","kddesa":"008","kdsls":"0003","idsls":"65040600080003","nmprov":"KALIMANTAN UTARA","nmkab":"NUNUKAN","nmkec":"SEMBAKUNG","nmdesa":"TAGUL","nmsls":"RT 003"}},{"type":"Feature","geometry":{"type":"MultiPolygon","coordinates":[[[[116.89902,3.79548],[116.89788,3.79553],[116.89789,3.79555],[116.89787,3.79603],[116.89821,3.79608],[116.89839,3.79596],[116.89862,3.7961],[116.89885,3.79615],[116.89888,3.79607],[116.89899,3.7959],[116.89905,3.79579],[116.89913,3.79567],[116.89918,3.79556],[116.89917,3.79553],[116.89915,3.79551],[116.89909,3.7955],[116.89902,3.79548]]]]},"properties":{"kdprov":"65","kdkab":"04","kdkec":"060","kddesa":"001","kdsls":"0004","idsls":"65040600010004","nmprov":"KALIMANTAN UTARA","nmkab":"NUNUKAN","nmkec":"SEMBAKUNG","nmdesa":"BUTAS BAGU","nmsls":"RT 004"}},{"type":"Feature","geometry":{"type":"MultiPolygon","coordinates":[[[[117.04118,3.85725],[117.04337,3.85668],[117.04384,3.85648],[117.0446,3.8561],[117.04434,3.8555],[117.0434,3.85278],[117.04255,3.85317],[117.04092,3.85422],[117.03958,3.85504],[117.03791,3.85652],[117.03702,3.85761],[117.0364,3.85845],[117.03608,3.85887],[117.03557,3.85888],[117.03481,3.85874],[117.03444,3.85861],[117.03364,3.85805],[117.0331,3.85744],[117.0325,3.85645],[117.03229,3.85572],[117.0303,3.85632],[117.02874,3.85718],[117.02857,3.85742],[117.02881,3.85758],[117.02907,3.85774],[117.02936,3.85792],[117.02979,3.8582],[117.02997,3.85832],[117.03044,3.85856],[117.03046,3.85857],[117.03063,3.85862],[117.03089,3.8587],[117.031,3.85873],[117.03137,3.85882],[117.0316,3.85891],[117.03175,3.85897],[117.03203,3.8593],[117.03214,3.85944],[117.03236,3.8596],[117.03282,3.85977],[117.03314,3.85984],[117.03348,3.86001],[117.03351,3.86003],[117.03397,3.86029],[117.03457,3.86068],[117.035,3.86088],[117.03554,3.86098],[117.03593,3.86089],[117.0365,3.86057],[117.03689,3.86034],[117.03757,3.85994],[117.03784,3.85964],[117.03847,3.85874],[117.03873,3.85836],[117.03906,3.85806],[117.04118,3.85725]]]]},"properties":{"kdprov":"65","kdkab":"04","kdkec":"060","kddesa":"006","kdsls":"0001","idsls":"65040600060001","nmprov":"KALIMANTAN UTARA","nmkab":"NUNUKAN","nmkec":"SEMBAKUNG","nmdesa":"ATAP","nmsls":"RT 001"}},{"type":"Feature","geometry":{"type":"MultiPolygon","coordinates":[[[[117.03972,3.86675],[117.03889,3.86628],[117.03974,3.8654],[117.04018,3.8646],[117.04073,3.86379],[117.04085,3.86291],[117.04114,3.86227],[117.04088,3.86152],[117.0406,3.86092],[117.04026,3.86051],[117.03902,3.86077],[117.0384,3.86134],[117.03734,3.86219],[117.03532,3.86286],[117.0342,3.86281],[117.03415,3.86281],[117.03352,3.86261],[117.03317,3.8625],[117.03298,3.86243],[117.03167,3.86196],[117.03058,3.86097],[117.02989,3.86059],[117.02924,3.86022],[117.0281,3.85953],[117.02741,3.8591],[117.02521,3.85835],[117.0229,3.85861],[117.02133,3.85773],[117.02021,3.85636],[117.01884,3.85496],[117.01655,3.85383],[117.01495,3.85326],[117.01309,3.85324],[117.01096,3.85319],[117.00781,3.85282],[117.00541,3.85241],[117.00508,3.85363],[117.00337,3.86002],[116.99684,3.89508],[116.99696,3.90248],[116.99958,3.90291],[116.99981,3.90294],[116.99994,3.90305],[117.00136,3.90413],[117.00267,3.90675],[117.00508,3.90842],[117.00612,3.90913],[117.00968,3.91139],[117.01504,3.91425],[117.02372,3.91532],[117.02754,3.91578],[117.02757,3.91544],[117.02778,3.91257],[117.02738,3.91028],[117.02771,3.90802],[117.02771,3.90658],[117.02808,3.90525],[117.02775,3.90008],[117.02775,3.89886],[117.028,3.89767],[117.028,3.89675],[117.02752,3.89608],[117.02745,3.89479],[117.028,3.89364],[117.02849,3.89302],[117.02878,3.89169],[117.02885,3.88829],[117.02945,3.88599],[117.02989,3.88385],[117.02974,3.88163],[117.03004,3.87956],[117.03129,3.87727],[117.031,3.87535],[117.03048,3.8738],[117.03063,3.8718],[117.03144,3.87113],[117.03307,3.8704],[117.03525,3.86888],[117.03625,3.86877],[117.03747,3.86881],[117.03843,3.86855],[117.03928,3.86751],[117.03972,3.86675]]]]},"properties":{"kdprov":"65","kdkab":"04","kdkec":"060","kddesa":"006","kdsls":"2001","idsls":"65040600062001","nmprov":"KALIMANTAN UTARA","nmkab":"NUNUKAN","nmkec":"SEMBAKUNG","nmdesa":"ATAP","nmsls":"HUTAN (001P)"}},{"type":"Feature","geometry":{"type":"MultiPolygon","coordinates":[[[[117.13132,3.80979],[117.13145,3.80971],[117.13192,3.80958],[117.13186,3.80941],[117.13204,3.80935],[117.13209,3.80954],[117.13209,3.80954],[117.13242,3.80943],[117.1334,3.8093],[117.13417,3.80908],[117.13415,3.809],[117.13413,3.80855],[117.13164,3.80835],[117.13009,3.80816],[117.13021,3.80905],[117.13034,3.80988],[117.13035,3.80995],[117.13037,3.81006],[117.13055,3.81004],[117.13088,3.80995],[117.13121,3.80987],[117.13132,3.80979]]]]},"properties":{"kdprov":"65","kdkab":"04","kdkec":"060","kddesa":"008","kdsls":"0002","idsls":"65040600080002","nmprov":"KALIMANTAN UTARA","nmkab":"NUNUKAN","nmkec":"SEMBAKUNG","nmdesa":"TAGUL","nmsls":"RT 002"}},{"type":"Feature","geometry":{"type":"MultiPolygon","coordinates":[[[[117.10744,3.8848],[117.10868,3.88432],[117.10921,3.8841],[117.10967,3.88392],[117.10995,3.8838],[117.11061,3.88359],[117.11061,3.88359],[117.11063,3.88358],[117.11096,3.88346],[117.11142,3.88339],[117.11221,3.88331],[117.11309,3.88318],[117.11374,3.8831],[117.11573,3.88322],[117.11614,3.88321],[117.11684,3.88317],[117.11856,3.88312],[117.12056,3.88315],[117.1209,3.88315],[117.12135,3.88308],[117.12283,3.88284],[117.12294,3.88276],[117.12366,3.88224],[117.12409,3.88224],[117.12545,3.88224],[117.12771,3.88177],[117.12961,3.88177],[117.13199,3.882],[117.13292,3.88262],[117.13401,3.88177],[117.13544,3.88165],[117.1402,3.88141],[117.14436,3.88248],[117.1454,3.88211],[117.14006,3.87011],[117.13768,3.85679],[117.13721,3.84013],[117.13388,3.82871],[117.12817,3.81491],[117.12807,3.81481],[117.12428,3.81614],[117.11776,3.8179],[117.11254,3.81857],[117.10953,3.81836],[117.1099,3.81738],[117.11057,3.81531],[117.11034,3.81399],[117.11003,3.81298],[117.10928,3.81213],[117.10832,3.81153],[117.10661,3.81091],[117.11023,3.80931],[117.11292,3.8092],[117.11603,3.80925],[117.11862,3.80812],[117.12021,3.80735],[117.1195,3.80668],[117.11865,3.80587],[117.10723,3.79159],[117.09152,3.76113],[117.08534,3.72496],[117.08509,3.72254],[117.0849,3.72061],[117.08441,3.71574],[117.08056,3.71623],[117.07919,3.71639],[117.07504,3.71687],[117.07359,3.71704],[117.07218,3.7172],[117.07034,3.71742],[117.06957,3.71758],[117.06012,3.71955],[117.05163,3.72112],[117.05108,3.72121],[117.04039,3.72302],[117.04093,3.7273],[117.04608,3.76829],[117.05013,3.7909],[117.05774,3.80494],[117.06469,3.81151],[117.0734,3.81974],[117.08292,3.83744],[117.08729,3.854],[117.0892,3.87342],[117.09018,3.88222],[117.09047,3.88236],[117.09213,3.88343],[117.09451,3.88427],[117.09856,3.8845],[117.09878,3.88449],[117.10068,3.88434],[117.10137,3.88468],[117.10169,3.88484],[117.10253,3.88511],[117.103,3.88521],[117.10305,3.88522],[117.10305,3.88522],[117.10403,3.88535],[117.1055,3.88519],[117.10575,3.88515],[117.10639,3.88504],[117.10744,3.8848]],[[117.1147,3.87337],[117.11248,3.87219],[117.11055,3.87099],[117.10695,3.86875],[117.10673,3.86862],[117.10311,3.86551],[117.10407,3.86403],[117.10524,3.86454],[117.10656,3.86366],[117.10742,3.86296],[117.10759,3.86246],[117.10767,3.86179],[117.10955,3.86316],[117.11037,3.86394],[117.11082,3.86437],[117.11258,3.86572],[117.11356,3.86613],[117.11555,3.86696],[117.11579,3.86706],[117.11595,3.86715],[117.11821,3.86831],[117.11889,3.86867],[117.12169,3.87146],[117.12076,3.87353],[117.11895,3.8757],[117.11713,3.87467],[117.1147,3.87337]],[[117.09829,3.83863],[117.09907,3.83796],[117.1,3.83817],[117.10098,3.83817],[117.1015,3.83734],[117.10507,3.83579],[117.1074,3.83558],[117.10812,3.83584],[117.1088,3.83625],[117.10968,3.83734],[117.1104,3.83832],[117.11061,3.83925],[117.11071,3.84003],[117.11019,3.84127],[117.10962,3.84256],[117.10911,3.84365],[117.10849,3.8444],[117.10812,3.84484],[117.10792,3.84546],[117.10756,3.84559],[117.10766,3.84593],[117.10606,3.84529],[117.1051,3.84525],[117.10409,3.8451],[117.10254,3.84536],[117.10093,3.84595],[117.1001,3.84606],[117.09933,3.84512],[117.09881,3.8443],[117.09845,3.84324],[117.09845,3.84264],[117.09783,3.84186],[117.09788,3.84044],[117.09829,3.83863]]]]},"properties":{"kdprov":"65","kdkab":"04","kdkec":"060","kddesa":"007","kdsls":"2002","idsls":"65040600072002","nmprov":"KALIMANTAN UTARA","nmkab":"NUNUKAN","nmkec":"SEMBAKUNG","nmdesa":"LUBAKAN","nmsls":"HUTAN"}},{"type":"Feature","geometry":{"type":"MultiPolygon","coordinates":[[[[117.05396,3.85471],[117.05414,3.85467],[117.05478,3.85461],[117.05611,3.85408],[117.05553,3.85335],[117.05517,3.85294],[117.05477,3.8525],[117.05454,3.85225],[117.05431,3.85187],[117.05398,3.85133],[117.05378,3.85104],[117.0534,3.85118],[117.0527,3.85143],[117.0517,3.85177],[117.05192,3.85297],[117.05197,3.85324],[117.05198,3.85326],[117.052,3.85329],[117.05232,3.85385],[117.05237,3.85403],[117.05249,3.85439],[117.05255,3.85451],[117.05268,3.85478],[117.05269,3.85478],[117.05344,3.8548],[117.05346,3.8548],[117.05396,3.85471]]]]},"properties":{"kdprov":"65","kdkab":"04","kdkec":"060","kddesa":"006","kdsls":"0010","idsls":"65040600060010","nmprov":"KALIMANTAN UTARA","nmkab":"NUNUKAN","nmkec":"SEMBAKUNG","nmdesa":"ATAP","nmsls":"RT 010"}},{"type":"Feature","geometry":{"type":"MultiPolygon","coordinates":[[[[117.09018,3.88222],[117.0892,3.87342],[117.08729,3.854],[117.08292,3.83744],[117.0734,3.81974],[117.06469,3.81151],[117.05055,3.81517],[117.03843,3.82996],[117.03231,3.83816],[117.03291,3.83901],[117.03332,3.84039],[117.03323,3.84086],[117.03295,3.84237],[117.03274,3.84283],[117.03243,3.84369],[117.03236,3.84593],[117.03213,3.84826],[117.03176,3.84986],[117.03151,3.85157],[117.03152,3.85288],[117.03145,3.85374],[117.03184,3.85475],[117.03229,3.85572],[117.0325,3.85645],[117.0331,3.85744],[117.03364,3.85805],[117.03444,3.85861],[117.03481,3.85874],[117.03557,3.85888],[117.03608,3.85887],[117.0364,3.85845],[117.03702,3.85761],[117.03791,3.85652],[117.03958,3.85504],[117.04092,3.85422],[117.04255,3.85317],[117.0434,3.85278],[117.04363,3.85266],[117.04408,3.85246],[117.04424,3.8524],[117.04443,3.8523],[117.04454,3.85224],[117.04468,3.8522],[117.0448,3.85217],[117.04514,3.85207],[117.04531,3.85201],[117.04565,3.85191],[117.04592,3.85184],[117.04617,3.85181],[117.0465,3.8518],[117.04666,3.85182],[117.04679,3.85177],[117.04686,3.85176],[117.04725,3.85175],[117.04755,3.8518],[117.04774,3.85183],[117.04831,3.85201],[117.04859,3.85203],[117.04887,3.85205],[117.04941,3.85205],[117.04998,3.85208],[117.05068,3.85205],[117.05121,3.85204],[117.05149,3.85187],[117.0517,3.85177],[117.0527,3.85143],[117.0534,3.85118],[117.05378,3.85104],[117.05433,3.85062],[117.05535,3.84972],[117.05627,3.84876],[117.05753,3.8473],[117.05908,3.84616],[117.05998,3.84549],[117.0634,3.84337],[117.06661,3.84181],[117.06997,3.84161],[117.07302,3.84228],[117.07411,3.84404],[117.07411,3.84611],[117.07266,3.84813],[117.07142,3.84895],[117.07018,3.85066],[117.06966,3.85211],[117.06971,3.85309],[117.0709,3.85366],[117.07297,3.85433],[117.0752,3.85418],[117.07758,3.85273],[117.07758,3.85537],[117.076,3.8593],[117.07447,3.86145],[117.07194,3.86016],[117.06764,3.85824],[117.06451,3.85661],[117.06034,3.85643],[117.05957,3.85469],[117.05973,3.85366],[117.05895,3.8538],[117.0576,3.85411],[117.05611,3.85408],[117.05478,3.85461],[117.05414,3.85467],[117.05396,3.85471],[117.05417,3.85523],[117.05434,3.8555],[117.05454,3.85584],[117.0548,3.85695],[117.05488,3.85814],[117.05488,3.85904],[117.05392,3.85948],[117.05391,3.85948],[117.0531,3.85907],[117.05317,3.85941],[117.05319,3.85946],[117.05324,3.8597],[117.05272,3.85981],[117.0528,3.86013],[117.05272,3.86067],[117.05238,3.86092],[117.05187,3.86041],[117.0516,3.86043],[117.05141,3.86069],[117.05162,3.86128],[117.05198,3.86213],[117.05214,3.86304],[117.0522,3.86328],[117.05222,3.86334],[117.05218,3.86378],[117.05158,3.86378],[117.05125,3.86413],[117.05068,3.86448],[117.05022,3.86418],[117.04971,3.86387],[117.04932,3.86388],[117.04903,3.86419],[117.04892,3.86484],[117.04915,3.86545],[117.04919,3.8659],[117.049,3.86631],[117.04866,3.86599],[117.04775,3.8656],[117.04735,3.86585],[117.04716,3.86637],[117.04713,3.86644],[117.04713,3.86645],[117.04712,3.8669],[117.04655,3.8673],[117.04616,3.86726],[117.04567,3.8666],[117.04535,3.86644],[117.04504,3.86629],[117.04443,3.86607],[117.04355,3.86635],[117.04305,3.86688],[117.04267,3.86732],[117.04137,3.86731],[117.04087,3.86715],[117.03985,3.86682],[117.03972,3.86675],[117.03928,3.86751],[117.03843,3.86855],[117.03747,3.86881],[117.03625,3.86877],[117.03525,3.86888],[117.03307,3.8704],[117.03144,3.87113],[117.03063,3.8718],[117.03048,3.8738],[117.031,3.87535],[117.03129,3.87727],[117.03004,3.87956],[117.02974,3.88163],[117.02989,3.88385],[117.02945,3.88599],[117.02885,3.88829],[117.02878,3.89169],[117.02849,3.89302],[117.028,3.89364],[117.02745,3.89479],[117.02752,3.89608],[117.028,3.89675],[117.028,3.89767],[117.02775,3.89886],[117.02775,3.90008],[117.02808,3.90525],[117.02771,3.90658],[117.02771,3.90802],[117.02738,3.91028],[117.02778,3.91257],[117.02757,3.91544],[117.02754,3.91578],[117.02765,3.91579],[117.03324,3.91556],[117.03829,3.91499],[117.04169,3.9146],[117.04305,3.91417],[117.04657,3.91306],[117.05037,3.9102],[117.05037,3.9102],[117.05323,3.90497],[117.05585,3.90056],[117.05704,3.89759],[117.05689,3.89592],[117.0568,3.89485],[117.05775,3.89259],[117.0593,3.88986],[117.0598,3.88958],[117.0606,3.88914],[117.0612,3.88879],[117.06251,3.88807],[117.06417,3.88724],[117.06483,3.88691],[117.06584,3.88641],[117.06754,3.88567],[117.06858,3.88522],[117.06973,3.88472],[117.07298,3.88331],[117.0769,3.8826],[117.08,3.88212],[117.08108,3.88206],[117.08214,3.882],[117.0844,3.88157],[117.08464,3.88153],[117.08469,3.88153],[117.08856,3.88141],[117.09018,3.88222]]]]},"properties":{"kdprov":"65","kdkab":"04","kdkec":"060","kddesa":"006","kdsls":"2004","idsls":"65040600062004","nmprov":"KALIMANTAN UTARA","nmkab":"NUNUKAN","nmkec":"SEMBAKUNG","nmdesa":"ATAP","nmsls":"HUTAN (009P)"}},{"type":"Feature","geometry":{"type":"MultiPolygon","coordinates":[[[[117.03231,3.83816],[117.03843,3.82996],[117.05055,3.81517],[117.06469,3.81151],[117.05774,3.80494],[117.05013,3.7909],[117.04608,3.76829],[117.04093,3.7273],[117.04039,3.72302],[117.0376,3.72349],[117.03706,3.72358],[117.02411,3.72545],[117.01866,3.72624],[117.01448,3.72712],[117.00966,3.72851],[117.00446,3.72953],[117.00344,3.72972],[117.00412,3.73252],[117.00631,3.74164],[117.01345,3.7702],[117.01024,3.81588],[117.00887,3.82801],[117.00936,3.82818],[117.0096,3.82874],[117.00985,3.83105],[117.00993,3.83318],[117.01032,3.83695],[117.0113,3.83858],[117.01262,3.83959],[117.01327,3.84024],[117.01493,3.84037],[117.01568,3.84011],[117.01661,3.83957],[117.01834,3.83879],[117.01974,3.83835],[117.02108,3.83812],[117.02326,3.83791],[117.02489,3.8377],[117.02665,3.83739],[117.02778,3.83724],[117.02988,3.83724],[117.0313,3.83752],[117.03231,3.83816]]]]},"properties":{"kdprov":"65","kdkab":"04","kdkec":"060","kddesa":"006","kdsls":"2002","idsls":"65040600062002","nmprov":"KALIMANTAN UTARA","nmkab":"NUNUKAN","nmkec":"SEMBAKUNG","nmdesa":"ATAP","nmsls":"HUTAN (003P)"}},{"type":"Feature","geometry":{"type":"MultiPolygon","coordinates":[[[[117.10695,3.86875],[117.11037,3.86394],[117.10955,3.86316],[117.10767,3.86179],[117.10759,3.86246],[117.10742,3.86296],[117.10656,3.86366],[117.10524,3.86454],[117.10407,3.86403],[117.10311,3.86551],[117.10673,3.86862],[117.10695,3.86875]]]]},"properties":{"kdprov":"65","kdkab":"04","kdkec":"060","kddesa":"007","kdsls":"0004","idsls":"65040600070004","nmprov":"KALIMANTAN UTARA","nmkab":"NUNUKAN","nmkec":"SEMBAKUNG","nmdesa":"LUBAKAN","nmsls":"RT 004"}},{"type":"Feature","geometry":{"type":"MultiPolygon","coordinates":[[[[117.00874,3.82916],[117.00887,3.82801],[117.01024,3.81588],[117.01345,3.7702],[117.00631,3.74164],[117.00412,3.73252],[117.00344,3.72972],[116.99305,3.73171],[116.98876,3.73176],[116.98933,3.73459],[116.9906,3.74084],[116.99205,3.75926],[116.99267,3.77271],[116.99329,3.78451],[116.98781,3.80769],[116.98672,3.81183],[116.98659,3.81444],[116.98663,3.8155],[116.98694,3.81618],[116.98713,3.81735],[116.98713,3.81782],[116.98702,3.81836],[116.98674,3.81918],[116.98657,3.81976],[116.98642,3.82038],[116.98599,3.82116],[116.98574,3.82158],[116.98523,3.82216],[116.98469,3.82239],[116.98371,3.82239],[116.98287,3.82235],[116.98184,3.8221],[116.98142,3.822],[116.98095,3.82168],[116.98052,3.82145],[116.98024,3.82122],[116.98,3.82109],[116.97991,3.82081],[116.97996,3.8205],[116.98003,3.82021],[116.98002,3.82007],[116.97987,3.81999],[116.97959,3.81986],[116.9792,3.81979],[116.97886,3.81973],[116.97866,3.81964],[116.97836,3.81951],[116.97802,3.81937],[116.97784,3.81934],[116.9776,3.8196],[116.97749,3.82005],[116.97751,3.8205],[116.97766,3.82113],[116.97787,3.8217],[116.97812,3.82258],[116.97818,3.82284],[116.97839,3.82337],[116.97868,3.82363],[116.97893,3.82375],[116.97927,3.82375],[116.97967,3.82388],[116.97996,3.82425],[116.9808,3.82479],[116.98232,3.82472],[116.98418,3.82536],[116.98501,3.82668],[116.98563,3.82808],[116.98622,3.82994],[116.98697,3.83056],[116.98752,3.83108],[116.98917,3.83106],[116.99036,3.83056],[116.99205,3.8293],[116.99375,3.82848],[116.99534,3.8283],[116.99679,3.82861],[116.99863,3.82918],[117.0004,3.83005],[117.00145,3.8306],[117.00311,3.83072],[117.00461,3.83043],[117.00688,3.82963],[117.00809,3.82915],[117.00874,3.82916]]]]},"properties":{"kdprov":"65","kdkab":"04","kdkec":"060","kddesa":"005","kdsls":"2001","idsls":"65040600052001","nmprov":"KALIMANTAN UTARA","nmkab":"NUNUKAN","nmkec":"SEMBAKUNG","nmdesa":"MANUK BUNGKUL","nmsls":"HUTAN (001P)"}},{"type":"Feature","geometry":{"type":"MultiPolygon","coordinates":[[[[117.03243,3.84369],[117.03274,3.84283],[117.03295,3.84237],[117.03323,3.84086],[117.03332,3.84039],[117.03291,3.83901],[117.03231,3.83816],[117.0313,3.83752],[117.02988,3.83724],[117.02778,3.83724],[117.02665,3.83739],[117.02489,3.8377],[117.02326,3.83791],[117.02108,3.83812],[117.01974,3.83835],[117.01834,3.83879],[117.01661,3.83957],[117.01568,3.84011],[117.01493,3.84037],[117.01327,3.84024],[117.01262,3.83959],[117.0113,3.83858],[117.01032,3.83695],[117.00993,3.83318],[117.00985,3.83105],[117.0096,3.82874],[117.00936,3.82818],[117.00887,3.82801],[117.00874,3.82916],[117.00664,3.84782],[117.00585,3.85077],[117.00541,3.85241],[117.00781,3.85282],[117.01096,3.85319],[117.01309,3.85324],[117.01495,3.85326],[117.01505,3.85292],[117.01564,3.85033],[117.01671,3.84844],[117.01916,3.84686],[117.02136,3.84518],[117.02367,3.84448],[117.02579,3.84435],[117.02721,3.84453],[117.0278,3.84449],[117.02952,3.84421],[117.03243,3.84369]]]]},"properties":{"kdprov":"65","kdkab":"04","kdkec":"060","kddesa":"006","kdsls":"0007","idsls":"65040600060007","nmprov":"KALIMANTAN UTARA","nmkab":"NUNUKAN","nmkec":"SEMBAKUNG","nmdesa":"ATAP","nmsls":"RT 007"}},{"type":"Feature","geometry":{"type":"MultiPolygon","coordinates":[[[[117.12807,3.81481],[117.12021,3.80735],[117.11862,3.80812],[117.11603,3.80925],[117.11292,3.8092],[117.11023,3.80931],[117.10661,3.81091],[117.10832,3.81153],[117.10928,3.81213],[117.11003,3.81298],[117.11034,3.81399],[117.11057,3.81531],[117.1099,3.81738],[117.10953,3.81836],[117.11254,3.81857],[117.11776,3.8179],[117.12428,3.81614],[117.12807,3.81481]]]]},"properties":{"kdprov":"65","kdkab":"04","kdkec":"060","kddesa":"007","kdsls":"4004","idsls":"65040600074004","nmprov":"KALIMANTAN UTARA","nmkab":"NUNUKAN","nmkec":"SEMBAKUNG","nmdesa":"LUBAKAN","nmsls":"PEMUKIMAN (003B)"}},{"type":"Feature","geometry":{"type":"MultiPolygon","coordinates":[[[[117.04331,3.86418],[117.0437,3.86289],[117.04386,3.86162],[117.04343,3.86078],[117.04329,3.8605],[117.04319,3.86026],[117.04305,3.85994],[117.04288,3.85963],[117.04278,3.85944],[117.04276,3.85942],[117.04274,3.85938],[117.04309,3.85915],[117.04314,3.85912],[117.04357,3.85996],[117.04594,3.85873],[117.04547,3.85783],[117.04552,3.8578],[117.04557,3.85776],[117.04563,3.8577],[117.04568,3.85771],[117.04571,3.85772],[117.04531,3.85705],[117.04513,3.85669],[117.04504,3.85652],[117.0446,3.8561],[117.04384,3.85648],[117.04337,3.85668],[117.04118,3.85725],[117.03906,3.85806],[117.03873,3.85836],[117.03847,3.85874],[117.03784,3.85964],[117.03757,3.85994],[117.03689,3.86034],[117.0365,3.86057],[117.03593,3.86089],[117.03554,3.86098],[117.035,3.86088],[117.03457,3.86068],[117.03397,3.86029],[117.03351,3.86003],[117.03348,3.86001],[117.03314,3.85984],[117.03282,3.85977],[117.03236,3.8596],[117.03214,3.85944],[117.03203,3.8593],[117.03175,3.85897],[117.0316,3.85891],[117.03137,3.85882],[117.031,3.85873],[117.03089,3.8587],[117.03063,3.85862],[117.03046,3.85857],[117.03044,3.85856],[117.02997,3.85832],[117.02979,3.8582],[117.02936,3.85792],[117.02907,3.85774],[117.02881,3.85758],[117.02857,3.85742],[117.02741,3.8591],[117.0281,3.85953],[117.02924,3.86022],[117.02989,3.86059],[117.03058,3.86097],[117.03167,3.86196],[117.03298,3.86243],[117.03317,3.8625],[117.03352,3.86261],[117.03415,3.86281],[117.0342,3.86281],[117.03532,3.86286],[117.03734,3.86219],[117.0384,3.86134],[117.03902,3.86077],[117.04026,3.86051],[117.0406,3.86092],[117.04088,3.86152],[117.04114,3.86227],[117.04085,3.86291],[117.04073,3.86379],[117.04018,3.8646],[117.03974,3.8654],[117.03889,3.86628],[117.03972,3.86675],[117.03985,3.86682],[117.04087,3.86715],[117.04137,3.86731],[117.04243,3.86571],[117.04262,3.86538],[117.04331,3.86418]]]]},"properties":{"kdprov":"65","kdkab":"04","kdkec":"060","kddesa":"006","kdsls":"0008","idsls":"65040600060008","nmprov":"KALIMANTAN UTARA","nmkab":"NUNUKAN","nmkec":"SEMBAKUNG","nmdesa":"ATAP","nmsls":"RT 008"}},{"type":"Feature","geometry":{"type":"MultiPolygon","coordinates":[[[[117.06451,3.85661],[117.06764,3.85824],[117.07194,3.86016],[117.07447,3.86145],[117.076,3.8593],[117.07758,3.85537],[117.07758,3.85273],[117.0752,3.85418],[117.07297,3.85433],[117.0709,3.85366],[117.06971,3.85309],[117.06966,3.85211],[117.07018,3.85066],[117.07142,3.84895],[117.07266,3.84813],[117.07411,3.84611],[117.07411,3.84404],[117.07302,3.84228],[117.06997,3.84161],[117.06661,3.84181],[117.0634,3.84337],[117.05998,3.84549],[117.06073,3.84644],[117.06213,3.84877],[117.06317,3.85136],[117.06446,3.85444],[117.06451,3.85661]]]]},"properties":{"kdprov":"65","kdkab":"04","kdkec":"060","kddesa":"006","kdsls":"0005","idsls":"65040600060005","nmprov":"KALIMANTAN UTARA","nmkab":"NUNUKAN","nmkec":"SEMBAKUNG","nmdesa":"ATAP","nmsls":"RT 005"}},{"type":"Feature","geometry":{"type":"MultiPolygon","coordinates":[[[[117.02857,3.85742],[117.02874,3.85718],[117.0303,3.85632],[117.03229,3.85572],[117.03184,3.85475],[117.03145,3.85374],[117.03152,3.85288],[117.03151,3.85157],[117.03176,3.84986],[117.03213,3.84826],[117.03236,3.84593],[117.03243,3.84369],[117.02952,3.84421],[117.0278,3.84449],[117.02721,3.84453],[117.02579,3.84435],[117.02367,3.84448],[117.02136,3.84518],[117.01916,3.84686],[117.01671,3.84844],[117.01564,3.85033],[117.01505,3.85292],[117.01495,3.85326],[117.01655,3.85383],[117.01884,3.85496],[117.02021,3.85636],[117.02133,3.85773],[117.0229,3.85861],[117.02521,3.85835],[117.02741,3.8591],[117.02857,3.85742]]]]},"properties":{"kdprov":"65","kdkab":"04","kdkec":"060","kddesa":"006","kdsls":"0006","idsls":"65040600060006","nmprov":"KALIMANTAN UTARA","nmkab":"NUNUKAN","nmkec":"SEMBAKUNG","nmdesa":"ATAP","nmsls":"RT 006"}},{"type":"Feature","geometry":{"type":"MultiPolygon","coordinates":[[[[117.04679,3.85701],[117.0472,3.85671],[117.04755,3.85642],[117.04796,3.85616],[117.04809,3.85606],[117.04813,3.85603],[117.0483,3.85589],[117.04821,3.85572],[117.04805,3.85535],[117.04791,3.85506],[117.04784,3.85491],[117.04778,3.85475],[117.04763,3.85445],[117.04747,3.85416],[117.04741,3.85402],[117.04726,3.85363],[117.04725,3.85353],[117.04725,3.85352],[117.04703,3.8527],[117.04702,3.85262],[117.04686,3.85176],[117.04679,3.85177],[117.04666,3.85182],[117.0465,3.8518],[117.04617,3.85181],[117.04592,3.85184],[117.04565,3.85191],[117.04531,3.85201],[117.04514,3.85207],[117.0448,3.85217],[117.04483,3.85227],[117.04507,3.85326],[117.04527,3.85392],[117.04558,3.85471],[117.04566,3.85497],[117.0458,3.85539],[117.04589,3.85576],[117.04597,3.85614],[117.04627,3.85669],[117.04662,3.85713],[117.04663,3.85715],[117.04679,3.85701]]]]},"properties":{"kdprov":"65","kdkab":"04","kdkec":"060","kddesa":"006","kdsls":"0009","idsls":"65040600060009","nmprov":"KALIMANTAN UTARA","nmkab":"NUNUKAN","nmkec":"SEMBAKUNG","nmdesa":"ATAP","nmsls":"RT 009"}},{"type":"Feature","geometry":{"type":"MultiPolygon","coordinates":[[[[117.04504,3.86629],[117.04535,3.86644],[117.04567,3.8666],[117.04616,3.86726],[117.04655,3.8673],[117.04712,3.8669],[117.04713,3.86645],[117.04713,3.86644],[117.04716,3.86637],[117.04735,3.86585],[117.04775,3.8656],[117.04866,3.86599],[117.049,3.86631],[117.04919,3.8659],[117.04915,3.86545],[117.04892,3.86484],[117.04903,3.86419],[117.04932,3.86388],[117.04971,3.86387],[117.05022,3.86418],[117.05068,3.86448],[117.05125,3.86413],[117.05158,3.86378],[117.05218,3.86378],[117.05222,3.86334],[117.0522,3.86328],[117.05214,3.86304],[117.05198,3.86213],[117.05162,3.86128],[117.05141,3.86069],[117.0516,3.86043],[117.05187,3.86041],[117.05238,3.86092],[117.05272,3.86067],[117.0528,3.86013],[117.05272,3.85981],[117.05324,3.8597],[117.05319,3.85946],[117.05317,3.85941],[117.0531,3.85907],[117.05391,3.85948],[117.05392,3.85948],[117.05488,3.85904],[117.05488,3.85814],[117.0548,3.85695],[117.05454,3.85584],[117.05434,3.8555],[117.05417,3.85523],[117.05396,3.85471],[117.05346,3.8548],[117.05344,3.8548],[117.05269,3.85478],[117.05318,3.85572],[117.04922,3.85711],[117.04853,3.85578],[117.0483,3.85589],[117.04813,3.85603],[117.04809,3.85606],[117.04796,3.85616],[117.04755,3.85642],[117.0472,3.85671],[117.04679,3.85701],[117.04663,3.85715],[117.04632,3.85734],[117.04591,3.85759],[117.04571,3.85772],[117.04568,3.85771],[117.04563,3.8577],[117.04557,3.85776],[117.04552,3.8578],[117.04547,3.85783],[117.04594,3.85873],[117.04357,3.85996],[117.04314,3.85912],[117.04309,3.85915],[117.04274,3.85938],[117.04276,3.85942],[117.04278,3.85944],[117.04288,3.85963],[117.04305,3.85994],[117.04319,3.86026],[117.04329,3.8605],[117.04343,3.86078],[117.04386,3.86162],[117.0437,3.86289],[117.04331,3.86418],[117.04262,3.86538],[117.04243,3.86571],[117.04137,3.86731],[117.04267,3.86732],[117.04305,3.86688],[117.04355,3.86635],[117.04443,3.86607],[117.04504,3.86629]]]]},"properties":{"kdprov":"65","kdkab":"04","kdkec":"060","kddesa":"006","kdsls":"1003","idsls":"65040600061003","nmprov":"KALIMANTAN UTARA","nmkab":"NUNUKAN","nmkec":"SEMBAKUNG","nmdesa":"ATAP","nmsls":"PERSAWAHAN (008P)"}},{"type":"Feature","geometry":{"type":"MultiPolygon","coordinates":[[[[117.10606,3.84529],[117.10766,3.84593],[117.10756,3.84559],[117.10792,3.84546],[117.10812,3.84484],[117.10849,3.8444],[117.10911,3.84365],[117.10962,3.84256],[117.11019,3.84127],[117.11071,3.84003],[117.11061,3.83925],[117.1104,3.83832],[117.10968,3.83734],[117.1088,3.83625],[117.10812,3.83584],[117.1074,3.83558],[117.10507,3.83579],[117.1015,3.83734],[117.10098,3.83817],[117.1,3.83817],[117.09907,3.83796],[117.09829,3.83863],[117.09788,3.84044],[117.09783,3.84186],[117.09845,3.84264],[117.09845,3.84324],[117.09881,3.8443],[117.09933,3.84512],[117.1001,3.84606],[117.10093,3.84595],[117.10254,3.84536],[117.10409,3.8451],[117.1051,3.84525],[117.10606,3.84529]]]]},"properties":{"kdprov":"65","kdkab":"04","kdkec":"060","kddesa":"007","kdsls":"5003","idsls":"65040600075003","nmprov":"KALIMANTAN UTARA","nmkab":"NUNUKAN","nmkec":"SEMBAKUNG","nmdesa":"LUBAKAN","nmsls":"BEKAS PEMUKIMAN (002B)"}},{"type":"Feature","geometry":{"type":"MultiPolygon","coordinates":[[[[117.11821,3.86831],[117.11595,3.86715],[117.11579,3.86706],[117.11555,3.86696],[117.11356,3.86613],[117.11258,3.86572],[117.11082,3.86437],[117.11037,3.86394],[117.10695,3.86875],[117.11055,3.87099],[117.11248,3.87219],[117.1147,3.87337],[117.11821,3.86831]],[[117.11203,3.86861],[117.11408,3.86992],[117.11356,3.87078],[117.11236,3.87005],[117.1115,3.86945],[117.11151,3.86945],[117.11142,3.86939],[117.11103,3.86914],[117.1116,3.86832],[117.11203,3.86861]]]]},"properties":{"kdprov":"65","kdkab":"04","kdkec":"060","kddesa":"007","kdsls":"0003","idsls":"65040600070003","nmprov":"KALIMANTAN UTARA","nmkab":"NUNUKAN","nmkec":"SEMBAKUNG","nmdesa":"LUBAKAN","nmsls":"RT 003"}},{"type":"Feature","geometry":{"type":"MultiPolygon","coordinates":[[[[117.06451,3.85661],[117.06446,3.85444],[117.06317,3.85136],[117.06213,3.84877],[117.06073,3.84644],[117.05998,3.84549],[117.05908,3.84616],[117.05753,3.8473],[117.05627,3.84876],[117.05705,3.8499],[117.05778,3.85102],[117.0581,3.8516],[117.05823,3.8521],[117.05918,3.85287],[117.05973,3.85366],[117.05957,3.85469],[117.06034,3.85643],[117.06451,3.85661]]]]},"properties":{"kdprov":"65","kdkab":"04","kdkec":"060","kddesa":"006","kdsls":"0011","idsls":"65040600060011","nmprov":"KALIMANTAN UTARA","nmkab":"NUNUKAN","nmkec":"SEMBAKUNG","nmdesa":"ATAP","nmsls":"RT 011"}},{"type":"Feature","geometry":{"type":"MultiPolygon","coordinates":[[[[117.05269,3.85478],[117.05268,3.85478],[117.05255,3.85451],[117.05249,3.85439],[117.05237,3.85403],[117.05232,3.85385],[117.052,3.85329],[117.05198,3.85326],[117.05197,3.85324],[117.05192,3.85297],[117.0517,3.85177],[117.05149,3.85187],[117.05121,3.85204],[117.05068,3.85205],[117.04998,3.85208],[117.04941,3.85205],[117.04887,3.85205],[117.04859,3.85203],[117.04831,3.85201],[117.04774,3.85183],[117.04755,3.8518],[117.04725,3.85175],[117.04686,3.85176],[117.04702,3.85262],[117.04703,3.8527],[117.04725,3.85352],[117.04725,3.85353],[117.04726,3.85363],[117.04741,3.85402],[117.04747,3.85416],[117.04763,3.85445],[117.04778,3.85475],[117.04784,3.85491],[117.04791,3.85506],[117.04805,3.85535],[117.04821,3.85572],[117.0483,3.85589],[117.04853,3.85578],[117.04922,3.85711],[117.05318,3.85572],[117.05269,3.85478]]]]},"properties":{"kdprov":"65","kdkab":"04","kdkec":"060","kddesa":"006","kdsls":"0003","idsls":"65040600060003","nmprov":"KALIMANTAN UTARA","nmkab":"NUNUKAN","nmkec":"SEMBAKUNG","nmdesa":"ATAP","nmsls":"RT 003"}},{"type":"Feature","geometry":{"type":"MultiPolygon","coordinates":[[[[117.05611,3.85408],[117.0576,3.85411],[117.05895,3.8538],[117.05973,3.85366],[117.05918,3.85287],[117.05823,3.8521],[117.0581,3.8516],[117.05778,3.85102],[117.05705,3.8499],[117.05627,3.84876],[117.05535,3.84972],[117.05433,3.85062],[117.05378,3.85104],[117.05398,3.85133],[117.05431,3.85187],[117.05454,3.85225],[117.05477,3.8525],[117.05517,3.85294],[117.05553,3.85335],[117.05611,3.85408]]]]},"properties":{"kdprov":"65","kdkab":"04","kdkec":"060","kddesa":"006","kdsls":"0004","idsls":"65040600060004","nmprov":"KALIMANTAN UTARA","nmkab":"NUNUKAN","nmkec":"SEMBAKUNG","nmdesa":"ATAP","nmsls":"RT 004"}},{"type":"Feature","geometry":{"type":"MultiPolygon","coordinates":[[[[117.40487,3.69617],[117.40275,3.69668],[117.39941,3.69692],[117.3961,3.69723],[117.39495,3.69595],[117.39174,3.69233],[117.38964,3.68833],[117.38897,3.68704],[117.38857,3.68261],[117.38819,3.68153],[117.38706,3.67834],[117.38397,3.67684],[117.38083,3.67699],[117.3774,3.67826],[117.37336,3.67684],[117.37043,3.67454],[117.36536,3.66933],[117.36235,3.66893],[117.35973,3.66727],[117.35783,3.66434],[117.35513,3.6629],[117.35299,3.66385],[117.35026,3.66595],[117.34748,3.66763],[117.34441,3.66901],[117.34025,3.66941],[117.33748,3.6697],[117.31777,3.67305],[117.3153,3.67347],[117.31413,3.67367],[117.3134,3.67379],[117.31049,3.67428],[117.31108,3.67534],[117.31222,3.67736],[117.30842,3.67791],[117.30462,3.68307],[117.30027,3.68823],[117.30136,3.69692],[117.30217,3.70399],[117.30353,3.71322],[117.31032,3.71838],[117.31855,3.7199],[117.33002,3.7139],[117.33708,3.71146],[117.34523,3.71173],[117.34985,3.71336],[117.35772,3.71417],[117.36696,3.71336],[117.37674,3.70928],[117.38462,3.70874],[117.39195,3.7101],[117.3963,3.70874],[117.39712,3.70412],[117.40119,3.6976],[117.40388,3.69656],[117.40487,3.69617]]]]},"properties":{"kdprov":"65","kdkab":"04","kdkec":"060","kddesa":"010","kdsls":"6001","idsls":"65040600106001","nmprov":"KALIMANTAN UTARA","nmkab":"NUNUKAN","nmkec":"SEMBAKUNG","nmdesa":"TEPIAN","nmsls":"TAMBAK (001P)"}},{"type":"Feature","geometry":{"type":"MultiPolygon","coordinates":[[[[117.49159,3.68114],[117.49115,3.67879],[117.49012,3.67768],[117.4882,3.67768],[117.48474,3.67915],[117.47936,3.6796],[117.4759,3.67886],[117.47163,3.67643],[117.46891,3.67312],[117.46736,3.67172],[117.46611,3.67238],[117.46272,3.67562],[117.45977,3.6782],[117.4555,3.67967],[117.45064,3.67783],[117.44659,3.6754],[117.44166,3.67466],[117.4337,3.67496],[117.42884,3.67584],[117.42789,3.67775],[117.42995,3.68114],[117.43466,3.68416],[117.43544,3.68444],[117.43761,3.68534],[117.44011,3.6863],[117.44195,3.68792],[117.44438,3.69138],[117.446,3.6958],[117.45005,3.69896],[117.45734,3.70081],[117.46964,3.7039],[117.4773,3.70655],[117.48106,3.70817],[117.48459,3.70795],[117.48769,3.70574],[117.49078,3.70176],[117.49247,3.69793],[117.49159,3.69366],[117.49019,3.6888],[117.49078,3.6849],[117.49159,3.68114]]],[[[117.48483,3.72396],[117.48565,3.7239],[117.48643,3.72391],[117.48744,3.72384],[117.48795,3.72373],[117.48802,3.72369],[117.48834,3.7235],[117.48849,3.72322],[117.48862,3.72268],[117.48858,3.72227],[117.48846,3.72193],[117.48811,3.72145],[117.48826,3.71878],[117.48828,3.71845],[117.48739,3.71785],[117.48602,3.7172],[117.48598,3.71678],[117.4864,3.71629],[117.48706,3.71592],[117.48801,3.71562],[117.48845,3.71538],[117.48847,3.71511],[117.48873,3.71051],[117.48405,3.71336],[117.4759,3.7101],[117.4634,3.70521],[117.45634,3.70358],[117.44819,3.70086],[117.44438,3.69461],[117.43786,3.68809],[117.43134,3.68728],[117.43083,3.68789],[117.43048,3.6902],[117.42684,3.69304],[117.42097,3.69502],[117.41426,3.69461],[117.41353,3.69456],[117.41194,3.69447],[117.40814,3.69538],[117.40766,3.6955],[117.40487,3.69617],[117.40388,3.69656],[117.40119,3.6976],[117.39712,3.70412],[117.3963,3.70874],[117.39195,3.7101],[117.38462,3.70874],[117.37674,3.70928],[117.36696,3.71336],[117.35772,3.71417],[117.34985,3.71336],[117.34523,3.71173],[117.33708,3.71146],[117.33002,3.7139],[117.31855,3.7199],[117.32064,3.72029],[117.32689,3.71866],[117.33097,3.72029],[117.33395,3.72219],[117.35596,3.73197],[117.37416,3.7355],[117.40866,3.7412],[117.44235,3.7537],[117.45647,3.7662],[117.46186,3.7739],[117.46197,3.77276],[117.46491,3.76981],[117.46831,3.76619],[117.47534,3.75969],[117.47703,3.75783],[117.47566,3.7551],[117.4758,3.75426],[117.47597,3.75329],[117.47603,3.75104],[117.47633,3.74967],[117.47652,3.7492],[117.47685,3.74867],[117.47699,3.74849],[117.47713,3.74831],[117.47742,3.74802],[117.47799,3.74762],[117.47841,3.74733],[117.47903,3.747],[117.47937,3.74686],[117.48001,3.7467],[117.4806,3.74648],[117.48144,3.7461],[117.48204,3.74579],[117.48251,3.74545],[117.48306,3.74489],[117.48335,3.74449],[117.48363,3.74367],[117.48363,3.74365],[117.48363,3.74228],[117.48343,3.74142],[117.48309,3.74003],[117.48291,3.73954],[117.48267,3.73904],[117.48261,3.73892],[117.48241,3.73864],[117.48221,3.73842],[117.48223,3.73707],[117.48235,3.73678],[117.48241,3.73653],[117.48243,3.73618],[117.48251,3.73499],[117.48251,3.73398],[117.48223,3.73341],[117.48189,3.73274],[117.48126,3.73149],[117.48077,3.73048],[117.48076,3.73044],[117.48059,3.73031],[117.48037,3.73005],[117.48019,3.72981],[117.48017,3.72959],[117.48016,3.72945],[117.48015,3.72934],[117.48025,3.72835],[117.48041,3.7277],[117.48056,3.72704],[117.48089,3.72622],[117.48132,3.72558],[117.48172,3.72506],[117.48205,3.7248],[117.48279,3.72437],[117.48332,3.72417],[117.48385,3.72404],[117.48483,3.72396]]]]},"properties":{"kdprov":"65","kdkab":"04","kdkec":"060","kddesa":"010","kdsls":"6002","idsls":"65040600106002","nmprov":"KALIMANTAN UTARA","nmkab":"NUNUKAN","nmkec":"SEMBAKUNG","nmdesa":"TEPIAN","nmsls":"TAMBAK (002P)"}},{"type":"Feature","geometry":{"type":"MultiPolygon","coordinates":[[[[117.39837,3.81345],[117.40076,3.81233],[117.40205,3.80325],[117.40285,3.80162],[117.40555,3.79739],[117.40766,3.79638],[117.4137,3.79325],[117.41953,3.79215],[117.42223,3.7919],[117.4256,3.79108],[117.42807,3.78838],[117.43046,3.78688],[117.43221,3.78635],[117.43705,3.78758],[117.43892,3.79019],[117.44119,3.79209],[117.44297,3.79138],[117.44521,3.78872],[117.44701,3.78673],[117.44402,3.78649],[117.44245,3.78635],[117.44263,3.78361],[117.44362,3.78062],[117.44542,3.77878],[117.44693,3.77835],[117.4497,3.77832],[117.45091,3.77851],[117.45324,3.77884],[117.45413,3.77909],[117.45512,3.77937],[117.45689,3.78008],[117.45852,3.78119],[117.45714,3.78446],[117.458,3.78505],[117.46056,3.78634],[117.46356,3.78793],[117.46675,3.78778],[117.46834,3.78686],[117.4689,3.7852],[117.46724,3.78189],[117.46393,3.77907],[117.46289,3.77766],[117.46172,3.77533],[117.46186,3.7739],[117.45647,3.7662],[117.44235,3.7537],[117.40866,3.7412],[117.37416,3.7355],[117.35596,3.73197],[117.33395,3.72219],[117.33097,3.72029],[117.32689,3.71866],[117.32064,3.72029],[117.31855,3.7199],[117.31032,3.71838],[117.30353,3.71322],[117.30217,3.70399],[117.30136,3.69692],[117.30027,3.68823],[117.30462,3.68307],[117.30842,3.67791],[117.31222,3.67736],[117.31108,3.67534],[117.31049,3.67428],[117.30887,3.67456],[117.26808,3.68866],[117.23572,3.69414],[117.23718,3.7001],[117.2385,3.70552],[117.24231,3.71194],[117.24778,3.71623],[117.25801,3.71956],[117.2692,3.72289],[117.28728,3.72812],[117.30381,3.73349],[117.3056,3.73407],[117.31893,3.74002],[117.34629,3.76715],[117.36652,3.78904],[117.3758,3.79951],[117.38056,3.80474],[117.38175,3.8096],[117.38054,3.81072],[117.37992,3.81131],[117.37912,3.81245],[117.37895,3.81354],[117.37954,3.81311],[117.38371,3.81124],[117.38553,3.81042],[117.38746,3.81012],[117.38924,3.81061],[117.38985,3.81113],[117.39035,3.81186],[117.39117,3.81288],[117.39111,3.81456],[117.39071,3.81634],[117.38985,3.81883],[117.39218,3.8174],[117.39837,3.81345]]]]},"properties":{"kdprov":"65","kdkab":"04","kdkec":"060","kddesa":"010","kdsls":"4005","idsls":"65040600104005","nmprov":"KALIMANTAN UTARA","nmkab":"NUNUKAN","nmkec":"SEMBAKUNG","nmdesa":"TEPIAN","nmsls":"PERUSAHAAN TAMBANG (OO8K)"}},{"type":"Feature","geometry":{"type":"MultiPolygon","coordinates":[[[[117.23729,3.75797],[117.23705,3.75692],[117.23621,3.75555],[117.23484,3.75331],[117.23344,3.74854],[117.23949,3.74051],[117.24462,3.73457],[117.24892,3.73026],[117.25905,3.73445],[117.25942,3.7348],[117.26452,3.73958],[117.26948,3.74129],[117.27663,3.74377],[117.28199,3.74889],[117.28373,3.74994],[117.28886,3.75104],[117.29002,3.74854],[117.29439,3.7497],[117.29765,3.75116],[117.30085,3.7486],[117.30213,3.74033],[117.30381,3.73349],[117.28728,3.72812],[117.2692,3.72289],[117.25801,3.71956],[117.24778,3.71623],[117.24231,3.71194],[117.2385,3.70552],[117.23718,3.7001],[117.23572,3.69414],[117.22771,3.69549],[117.22583,3.69578],[117.22316,3.6962],[117.20249,3.6994],[117.18803,3.70151],[117.15673,3.70608],[117.15908,3.70759],[117.16353,3.71046],[117.18637,3.72426],[117.2016,3.75043],[117.20552,3.76058],[117.20783,3.76076],[117.20855,3.76129],[117.21004,3.76239],[117.21123,3.76404],[117.21342,3.76705],[117.21644,3.76938],[117.22622,3.76775],[117.23495,3.76472],[117.23821,3.76204],[117.23729,3.75797]]]]},"properties":{"kdprov":"65","kdkab":"04","kdkec":"060","kddesa":"009","kdsls":"2001","idsls":"65040600092001","nmprov":"KALIMANTAN UTARA","nmkab":"NUNUKAN","nmkec":"SEMBAKUNG","nmdesa":"PLAJU","nmsls":"HUTAN (001P)"}},{"type":"Feature","geometry":{"type":"MultiPolygon","coordinates":[[[[117.11821,3.86831],[117.1147,3.87337],[117.11713,3.87467],[117.11895,3.8757],[117.12076,3.87353],[117.12169,3.87146],[117.11889,3.86867],[117.11821,3.86831]]]]},"properties":{"kdprov":"65","kdkab":"04","kdkec":"060","kddesa":"007","kdsls":"0001","idsls":"65040600070001","nmprov":"KALIMANTAN UTARA","nmkab":"NUNUKAN","nmkec":"SEMBAKUNG","nmdesa":"LUBAKAN","nmsls":"RT 001"}},{"type":"Feature","geometry":{"type":"MultiPolygon","coordinates":[[[[117.12634,3.80556],[117.12733,3.80494],[117.12833,3.80432],[117.1291,3.80486],[117.12918,3.80523],[117.12934,3.80566],[117.12968,3.80619],[117.13004,3.80746],[117.13009,3.80816],[117.13164,3.80835],[117.13413,3.80855],[117.13416,3.80772],[117.13398,3.80669],[117.13347,3.80513],[117.13269,3.80394],[117.13176,3.80314],[117.13077,3.8025],[117.12946,3.80229],[117.12785,3.80247],[117.12583,3.80314],[117.12423,3.80361],[117.12296,3.80413],[117.12379,3.80493],[117.12477,3.80622],[117.12542,3.80574],[117.12634,3.80556]]]]},"properties":{"kdprov":"65","kdkab":"04","kdkec":"060","kddesa":"008","kdsls":"0001","idsls":"65040600080001","nmprov":"KALIMANTAN UTARA","nmkab":"NUNUKAN","nmkec":"SEMBAKUNG","nmdesa":"TAGUL","nmsls":"RT 001"}},{"type":"Feature","geometry":{"type":"MultiPolygon","coordinates":[[[[117.20915,3.83454],[117.20913,3.8342],[117.20875,3.82676],[117.20874,3.82657],[117.20922,3.80897],[117.2116,3.79279],[117.21207,3.77756],[117.21143,3.77591],[117.20552,3.76058],[117.2016,3.75043],[117.18637,3.72426],[117.16353,3.71046],[117.15908,3.70759],[117.15673,3.70608],[117.13829,3.70877],[117.1072,3.7133],[117.1048,3.71315],[117.09586,3.71429],[117.09196,3.71478],[117.08441,3.71574],[117.0849,3.72061],[117.08509,3.72254],[117.08534,3.72496],[117.09152,3.76113],[117.10723,3.79159],[117.11865,3.80587],[117.1195,3.80668],[117.12232,3.80545],[117.12379,3.80493],[117.12296,3.80413],[117.12423,3.80361],[117.12583,3.80314],[117.12785,3.80247],[117.12946,3.80229],[117.13077,3.8025],[117.13176,3.80314],[117.13269,3.80394],[117.13347,3.80513],[117.13398,3.80669],[117.13416,3.80772],[117.13413,3.80855],[117.13415,3.809],[117.13417,3.80908],[117.13438,3.80975],[117.13447,3.80984],[117.13455,3.81011],[117.13476,3.81086],[117.13482,3.81109],[117.13495,3.81155],[117.13521,3.81197],[117.13538,3.81224],[117.13576,3.81283],[117.13663,3.81529],[117.13795,3.81696],[117.13923,3.81789],[117.14129,3.81956],[117.14276,3.82111],[117.14463,3.82352],[117.14626,3.82391],[117.1475,3.82336],[117.14823,3.82204],[117.14874,3.82026],[117.14952,3.81902],[117.15095,3.81905],[117.1525,3.81929],[117.15297,3.82014],[117.15378,3.82239],[117.15398,3.82418],[117.15417,3.82654],[117.15541,3.82899],[117.15716,3.83015],[117.15848,3.83039],[117.15961,3.83008],[117.16034,3.82907],[117.16015,3.82616],[117.16046,3.82402],[117.1612,3.8229],[117.16205,3.82216],[117.16345,3.82195],[117.16442,3.8229],[117.16486,3.82416],[117.16498,3.82563],[117.16484,3.82949],[117.16564,3.83141],[117.16673,3.83248],[117.16836,3.83302],[117.17262,3.83302],[117.17441,3.83256],[117.17608,3.8312],[117.1762,3.83011],[117.17418,3.82802],[117.17301,3.82647],[117.17247,3.82464],[117.17208,3.8227],[117.1722,3.82099],[117.17173,3.81525],[117.17231,3.81308],[117.17325,3.81242],[117.1748,3.81273],[117.17522,3.81451],[117.17612,3.81711],[117.1772,3.81828],[117.17973,3.81793],[117.18097,3.81711],[117.18318,3.81416],[117.18349,3.8116],[117.18372,3.80834],[117.18446,3.80706],[117.18687,3.8071],[117.18842,3.80788],[117.19226,3.8083],[117.19486,3.80982],[117.19901,3.8123],[117.20002,3.8144],[117.1994,3.81611],[117.19758,3.81649],[117.19486,3.81579],[117.19269,3.81494],[117.19079,3.81382],[117.18815,3.81358],[117.18737,3.81428],[117.18753,3.81587],[117.18803,3.81801],[117.1892,3.82049],[117.1902,3.82177],[117.19319,3.82313],[117.19529,3.82243],[117.19785,3.822],[117.20068,3.82146],[117.2034,3.82251],[117.20542,3.82387],[117.20592,3.82488],[117.20724,3.82763],[117.20654,3.82953],[117.20615,3.83108],[117.20623,3.83279],[117.20681,3.83446],[117.20813,3.83477],[117.20915,3.83454]]]]},"properties":{"kdprov":"65","kdkab":"04","kdkec":"060","kddesa":"008","kdsls":"2001","idsls":"65040600082001","nmprov":"KALIMANTAN UTARA","nmkab":"NUNUKAN","nmkec":"SEMBAKUNG","nmdesa":"TAGUL","nmsls":"WILAYAH HUTAN (001P)"}},{"type":"Feature","geometry":{"type":"MultiPolygon","coordinates":[[[[117.30223,3.83141],[117.30426,3.83194],[117.30598,3.83133],[117.30688,3.83002],[117.30758,3.82932],[117.30591,3.82813],[117.30397,3.82701],[117.30408,3.82581],[117.30463,3.82325],[117.30511,3.8216],[117.30643,3.81919],[117.30864,3.81601],[117.31051,3.81469],[117.31233,3.81341],[117.31365,3.81252],[117.31472,3.81335],[117.31658,3.81527],[117.31933,3.81356],[117.3211,3.81239],[117.32282,3.81068],[117.32372,3.80745],[117.32512,3.80349],[117.32704,3.79912],[117.33094,3.79697],[117.33577,3.80023],[117.33902,3.80253],[117.34037,3.80349],[117.33752,3.80722],[117.33438,3.81275],[117.33211,3.82142],[117.3324,3.82398],[117.3349,3.82613],[117.3365,3.8267],[117.33967,3.82782],[117.34415,3.82853],[117.34485,3.82864],[117.34876,3.8284],[117.35231,3.82683],[117.35766,3.82416],[117.36916,3.81612],[117.3721,3.81449],[117.37774,3.81149],[117.38054,3.81072],[117.38175,3.8096],[117.38056,3.80474],[117.3758,3.79951],[117.36652,3.78904],[117.34629,3.76715],[117.31893,3.74002],[117.3056,3.73407],[117.30381,3.73349],[117.30213,3.74033],[117.30085,3.7486],[117.29765,3.75116],[117.29439,3.7497],[117.29002,3.74854],[117.28886,3.75104],[117.28373,3.74994],[117.28199,3.74889],[117.27663,3.74377],[117.26948,3.74129],[117.26452,3.73958],[117.25942,3.7348],[117.25905,3.73445],[117.24892,3.73026],[117.24462,3.73457],[117.23949,3.74051],[117.23344,3.74854],[117.23484,3.75331],[117.23621,3.75555],[117.23705,3.75692],[117.23729,3.75797],[117.23821,3.76204],[117.23495,3.76472],[117.22622,3.76775],[117.21644,3.76938],[117.21342,3.76705],[117.21123,3.76404],[117.21004,3.76239],[117.20855,3.76129],[117.20783,3.76076],[117.20552,3.76058],[117.21143,3.77591],[117.21207,3.77756],[117.2116,3.79279],[117.20922,3.80897],[117.20874,3.82657],[117.20875,3.82676],[117.20913,3.8342],[117.2105,3.83389],[117.21096,3.83378],[117.21215,3.83212],[117.21378,3.82944],[117.21547,3.8245],[117.2158,3.82083],[117.21582,3.82065],[117.21576,3.8169],[117.2159,3.81663],[117.21647,3.81546],[117.21749,3.81501],[117.21971,3.81568],[117.2211,3.81668],[117.22215,3.81706],[117.22438,3.81774],[117.22636,3.81835],[117.22898,3.81832],[117.23046,3.81731],[117.23145,3.8155],[117.23144,3.81383],[117.23156,3.81293],[117.23173,3.81278],[117.23191,3.81263],[117.2324,3.81272],[117.23261,3.81315],[117.23266,3.81325],[117.23344,3.8156],[117.23411,3.81708],[117.2342,3.81733],[117.23475,3.81874],[117.23658,3.82136],[117.23833,3.82334],[117.23952,3.82412],[117.24011,3.82432],[117.24129,3.82471],[117.24374,3.8245],[117.24455,3.82363],[117.24544,3.82164],[117.24626,3.82034],[117.24461,3.81968],[117.24322,3.81893],[117.24291,3.81734],[117.24291,3.81509],[117.24361,3.81257],[117.24419,3.81094],[117.24722,3.80896],[117.24936,3.80846],[117.25535,3.81032],[117.25636,3.81098],[117.25756,3.81195],[117.25838,3.81354],[117.25881,3.81641],[117.25873,3.81685],[117.26097,3.8178],[117.26112,3.81741],[117.26137,3.81688],[117.26376,3.81767],[117.26505,3.81846],[117.26542,3.81898],[117.26581,3.81974],[117.26383,3.82091],[117.26448,3.82166],[117.26788,3.82482],[117.26845,3.82529],[117.26942,3.82565],[117.27072,3.82604],[117.27092,3.82565],[117.27175,3.82405],[117.27207,3.8227],[117.27286,3.82107],[117.27382,3.8198],[117.27511,3.81925],[117.27572,3.81941],[117.27683,3.81971],[117.27697,3.81988],[117.27743,3.82044],[117.27768,3.82147],[117.27771,3.82158],[117.27811,3.82289],[117.27788,3.82418],[117.27674,3.82701],[117.2757,3.82884],[117.27542,3.82984],[117.27527,3.8322],[117.27554,3.83268],[117.27597,3.83348],[117.27845,3.83447],[117.28098,3.83502],[117.2838,3.83467],[117.28843,3.83235],[117.29117,3.8288],[117.29332,3.82542],[117.29448,3.82402],[117.29739,3.8242],[117.29932,3.82618],[117.30036,3.82885],[117.30223,3.83141]]]]},"properties":{"kdprov":"65","kdkab":"04","kdkec":"060","kddesa":"009","kdsls":"2004","idsls":"65040600092004","nmprov":"KALIMANTAN UTARA","nmkab":"NUNUKAN","nmkec":"SEMBAKUNG","nmdesa":"PLAJU","nmsls":"HUTAN (007P)"}},{"type":"Feature","geometry":{"type":"MultiPolygon","coordinates":[[[[117.44963,3.78316],[117.45024,3.78134],[117.45026,3.7813],[117.45091,3.77851],[117.4497,3.77832],[117.44693,3.77835],[117.44542,3.77878],[117.44362,3.78062],[117.44263,3.78361],[117.44245,3.78635],[117.44402,3.78649],[117.44701,3.78673],[117.44704,3.78559],[117.44704,3.78473],[117.44718,3.78402],[117.4475,3.78364],[117.44843,3.78358],[117.44915,3.78405],[117.4496,3.78454],[117.44963,3.78316]]]]},"properties":{"kdprov":"65","kdkab":"04","kdkec":"060","kddesa":"010","kdsls":"0001","idsls":"65040600100001","nmprov":"KALIMANTAN UTARA","nmkab":"NUNUKAN","nmkec":"SEMBAKUNG","nmdesa":"TEPIAN","nmsls":"RT 001"}},{"type":"Feature","geometry":{"type":"MultiPolygon","coordinates":[[[[117.4516,3.78371],[117.45176,3.7825],[117.45288,3.7829],[117.45313,3.78249],[117.45189,3.78201],[117.45277,3.77986],[117.45324,3.77884],[117.45091,3.77851],[117.45026,3.7813],[117.45024,3.78134],[117.44963,3.78316],[117.4496,3.78454],[117.45131,3.78515],[117.4516,3.78371]]]]},"properties":{"kdprov":"65","kdkab":"04","kdkec":"060","kddesa":"010","kdsls":"0002","idsls":"65040600100002","nmprov":"KALIMANTAN UTARA","nmkab":"NUNUKAN","nmkec":"SEMBAKUNG","nmdesa":"TEPIAN","nmsls":"RT 002"}},{"type":"Feature","geometry":{"type":"MultiPolygon","coordinates":[[[[117.45189,3.78201],[117.45313,3.78249],[117.45288,3.7829],[117.45176,3.7825],[117.4516,3.78371],[117.45131,3.78515],[117.4534,3.78588],[117.45579,3.78687],[117.45622,3.78708],[117.45672,3.78569],[117.45714,3.78446],[117.45852,3.78119],[117.45689,3.78008],[117.45512,3.77937],[117.45413,3.77909],[117.45324,3.77884],[117.45277,3.77986],[117.45189,3.78201]]]]},"properties":{"kdprov":"65","kdkab":"04","kdkec":"060","kddesa":"010","kdsls":"0003","idsls":"65040600100003","nmprov":"KALIMANTAN UTARA","nmkab":"NUNUKAN","nmkec":"SEMBAKUNG","nmdesa":"TEPIAN","nmsls":"RT 003"}},{"type":"Feature","geometry":{"type":"MultiPolygon","coordinates":[[[[117.39145,3.86056],[117.39145,3.86056],[117.39591,3.85988],[117.39786,3.85958],[117.40143,3.85875],[117.40143,3.85875],[117.4046,3.85809],[117.41226,3.85649],[117.41226,3.85649],[117.41226,3.85649],[117.41226,3.85649],[117.41761,3.8547],[117.41939,3.85411],[117.42071,3.8538],[117.42594,3.85256],[117.42705,3.85223],[117.42718,3.85219],[117.42999,3.85135],[117.43629,3.84947],[117.43746,3.84906],[117.4401,3.84816],[117.4539,3.84518],[117.45699,3.84452],[117.47043,3.84162],[117.49125,3.8365],[117.49176,3.8364],[117.48449,3.82103],[117.47639,3.80558],[117.4708,3.79793],[117.46995,3.79561],[117.46788,3.7956],[117.46598,3.79509],[117.46503,3.7923],[117.46301,3.79006],[117.46056,3.78634],[117.458,3.78505],[117.45714,3.78446],[117.45672,3.78569],[117.45622,3.78708],[117.45579,3.78687],[117.4534,3.78588],[117.45131,3.78515],[117.4496,3.78454],[117.44915,3.78405],[117.44843,3.78358],[117.4475,3.78364],[117.44718,3.78402],[117.44704,3.78473],[117.44704,3.78559],[117.44701,3.78673],[117.44521,3.78872],[117.44297,3.79138],[117.44119,3.79209],[117.43892,3.79019],[117.43705,3.78758],[117.43221,3.78635],[117.43046,3.78688],[117.42807,3.78838],[117.4256,3.79108],[117.42223,3.7919],[117.41953,3.79215],[117.4137,3.79325],[117.40766,3.79638],[117.40555,3.79739],[117.40285,3.80162],[117.40205,3.80325],[117.40076,3.81233],[117.40047,3.81486],[117.40015,3.81748],[117.40008,3.81777],[117.39945,3.82027],[117.39881,3.82155],[117.39689,3.82445],[117.39481,3.8264],[117.39322,3.82727],[117.39175,3.82758],[117.39047,3.82735],[117.38954,3.82646],[117.389,3.82529],[117.38874,3.8234],[117.38879,3.82253],[117.38886,3.82133],[117.38985,3.81883],[117.39071,3.81634],[117.39111,3.81456],[117.39117,3.81288],[117.39035,3.81186],[117.38985,3.81113],[117.38924,3.81061],[117.38746,3.81012],[117.38553,3.81042],[117.38371,3.81124],[117.37954,3.81311],[117.37895,3.81354],[117.37838,3.81451],[117.37798,3.81559],[117.37701,3.81651],[117.37598,3.81725],[117.37449,3.81782],[117.37404,3.81765],[117.37335,3.81725],[117.37244,3.81702],[117.37124,3.81731],[117.37067,3.81771],[117.3705,3.81845],[117.37073,3.81942],[117.3728,3.82414],[117.37642,3.83366],[117.37832,3.84109],[117.37928,3.84556],[117.37955,3.85223],[117.37947,3.86232],[117.38108,3.86196],[117.38353,3.86178],[117.3843,3.86172],[117.38727,3.86148],[117.38729,3.86148],[117.39145,3.86056]]]]},"properties":{"kdprov":"65","kdkab":"04","kdkec":"060","kddesa":"010","kdsls":"1004","idsls":"65040600101004","nmprov":"KALIMANTAN UTARA","nmkab":"NUNUKAN","nmkec":"SEMBAKUNG","nmdesa":"TEPIAN","nmsls":"KEBUN SAWIT (007P)"}},{"type":"Feature","geometry":{"type":"MultiPolygon","coordinates":[[[[117.37947,3.86232],[117.37955,3.85223],[117.37928,3.84556],[117.37832,3.84109],[117.37642,3.83366],[117.3728,3.82414],[117.37073,3.81942],[117.3705,3.81845],[117.37067,3.81771],[117.37124,3.81731],[117.37244,3.81702],[117.37335,3.81725],[117.37404,3.81765],[117.37449,3.81782],[117.37598,3.81725],[117.37701,3.81651],[117.37798,3.81559],[117.37838,3.81451],[117.37895,3.81354],[117.37912,3.81245],[117.37992,3.81131],[117.38054,3.81072],[117.37774,3.81149],[117.3721,3.81449],[117.36916,3.81612],[117.35766,3.82416],[117.35231,3.82683],[117.34876,3.8284],[117.34485,3.82864],[117.34415,3.82853],[117.33967,3.82782],[117.3365,3.8267],[117.3349,3.82613],[117.3324,3.82398],[117.33211,3.82142],[117.33438,3.81275],[117.33752,3.80722],[117.34037,3.80349],[117.33902,3.80253],[117.33577,3.80023],[117.33094,3.79697],[117.32704,3.79912],[117.32512,3.80349],[117.32372,3.80745],[117.32367,3.8241],[117.3239,3.84179],[117.32402,3.84843],[117.32471,3.87008],[117.32648,3.87472],[117.3266,3.87469],[117.3285,3.87421],[117.33088,3.87386],[117.33302,3.87338],[117.33394,3.87309],[117.33564,3.87255],[117.33766,3.87183],[117.33885,3.87088],[117.3404,3.87112],[117.3415,3.87065],[117.34206,3.87041],[117.34364,3.87014],[117.3442,3.87005],[117.34568,3.86962],[117.34623,3.86946],[117.34872,3.8691],[117.349,3.86905],[117.35063,3.86874],[117.35265,3.86838],[117.35491,3.86779],[117.35705,3.86708],[117.35802,3.86682],[117.35931,3.86648],[117.36042,3.86618],[117.36193,3.86577],[117.36353,3.86537],[117.36431,3.86517],[117.36697,3.86468],[117.36883,3.86434],[117.37216,3.86374],[117.3768,3.86291],[117.37851,3.86253],[117.37947,3.86232]]]]},"properties":{"kdprov":"65","kdkab":"04","kdkec":"060","kddesa":"009","kdsls":"1002","idsls":"65040600091002","nmprov":"KALIMANTAN UTARA","nmkab":"NUNUKAN","nmkec":"SEMBAKUNG","nmdesa":"PLAJU","nmsls":"KEBUN (002P)"}},{"type":"Feature","geometry":{"type":"MultiPolygon","coordinates":[[[[117.22622,3.8797],[117.21731,3.86607],[117.20969,3.84513],[117.20915,3.83454],[117.20813,3.83477],[117.20681,3.83446],[117.20623,3.83279],[117.20615,3.83108],[117.20654,3.82953],[117.20724,3.82763],[117.20592,3.82488],[117.20542,3.82387],[117.2034,3.82251],[117.20068,3.82146],[117.19785,3.822],[117.19529,3.82243],[117.19319,3.82313],[117.1902,3.82177],[117.1892,3.82049],[117.18803,3.81801],[117.18753,3.81587],[117.18737,3.81428],[117.18815,3.81358],[117.19079,3.81382],[117.19269,3.81494],[117.19486,3.81579],[117.19758,3.81649],[117.1994,3.81611],[117.20002,3.8144],[117.19901,3.8123],[117.19486,3.80982],[117.19226,3.8083],[117.18842,3.80788],[117.18687,3.8071],[117.18446,3.80706],[117.18372,3.80834],[117.18349,3.8116],[117.18318,3.81416],[117.18097,3.81711],[117.17973,3.81793],[117.1772,3.81828],[117.17612,3.81711],[117.17522,3.81451],[117.1748,3.81273],[117.17325,3.81242],[117.17231,3.81308],[117.17173,3.81525],[117.1722,3.82099],[117.17208,3.8227],[117.17247,3.82464],[117.17301,3.82647],[117.17418,3.82802],[117.1762,3.83011],[117.17608,3.8312],[117.17441,3.83256],[117.17262,3.83302],[117.16836,3.83302],[117.16673,3.83248],[117.16564,3.83141],[117.16484,3.82949],[117.16498,3.82563],[117.16486,3.82416],[117.16442,3.8229],[117.16345,3.82195],[117.16205,3.82216],[117.1612,3.8229],[117.16046,3.82402],[117.16015,3.82616],[117.16034,3.82907],[117.15961,3.83008],[117.15848,3.83039],[117.15716,3.83015],[117.15541,3.82899],[117.15417,3.82654],[117.15398,3.82418],[117.15378,3.82239],[117.15297,3.82014],[117.1525,3.81929],[117.15095,3.81905],[117.14952,3.81902],[117.14874,3.82026],[117.14823,3.82204],[117.1475,3.82336],[117.14626,3.82391],[117.14463,3.82352],[117.14276,3.82111],[117.14129,3.81956],[117.13923,3.81789],[117.13795,3.81696],[117.13663,3.81529],[117.13576,3.81283],[117.13439,3.81288],[117.13313,3.81306],[117.13137,3.81356],[117.13106,3.81283],[117.13101,3.81268],[117.13058,3.81132],[117.13048,3.81102],[117.13032,3.8106],[117.13034,3.81028],[117.13037,3.81006],[117.13035,3.80995],[117.13034,3.80988],[117.13021,3.80905],[117.13009,3.80816],[117.13004,3.80746],[117.12968,3.80619],[117.12934,3.80566],[117.12918,3.80523],[117.1291,3.80486],[117.12833,3.80432],[117.12733,3.80494],[117.12634,3.80556],[117.12542,3.80574],[117.12477,3.80622],[117.12379,3.80493],[117.12232,3.80545],[117.1195,3.80668],[117.12021,3.80735],[117.12807,3.81481],[117.12817,3.81491],[117.13388,3.82871],[117.13721,3.84013],[117.13768,3.85679],[117.14006,3.87011],[117.1454,3.88211],[117.14589,3.88194],[117.14805,3.88117],[117.15364,3.88331],[117.15721,3.88486],[117.1582,3.88509],[117.16023,3.88555],[117.16138,3.88581],[117.16435,3.88581],[117.16893,3.88494],[117.17184,3.88438],[117.17637,3.88308],[117.18101,3.88153],[117.18327,3.88082],[117.18552,3.87981],[117.18672,3.87927],[117.19207,3.87832],[117.19612,3.8776],[117.20718,3.87808],[117.20898,3.87821],[117.21194,3.87844],[117.21313,3.87855],[117.21421,3.87855],[117.21479,3.87855],[117.21646,3.87879],[117.21728,3.87885],[117.21813,3.87891],[117.22062,3.87927],[117.22371,3.87939],[117.22372,3.87939],[117.22622,3.8797]]]]},"properties":{"kdprov":"65","kdkab":"04","kdkec":"060","kddesa":"008","kdsls":"2002","idsls":"65040600082002","nmprov":"KALIMANTAN UTARA","nmkab":"NUNUKAN","nmkec":"SEMBAKUNG","nmdesa":"TAGUL","nmsls":"WILAYAH HUTAN (002P)"}},{"type":"Feature","geometry":{"type":"MultiPolygon","coordinates":[[[[117.32648,3.87472],[117.32471,3.87008],[117.32402,3.84843],[117.3239,3.84179],[117.32367,3.8241],[117.32372,3.80745],[117.32282,3.81068],[117.3211,3.81239],[117.31933,3.81356],[117.31658,3.81527],[117.31573,3.81605],[117.31293,3.81892],[117.31192,3.82035],[117.31087,3.82216],[117.31033,3.82361],[117.3089,3.82674],[117.30758,3.82932],[117.30688,3.83002],[117.30598,3.83133],[117.30426,3.83194],[117.30223,3.83141],[117.30036,3.82885],[117.29932,3.82618],[117.29739,3.8242],[117.29448,3.82402],[117.29332,3.82542],[117.29117,3.8288],[117.28843,3.83235],[117.2838,3.83467],[117.28098,3.83502],[117.27845,3.83447],[117.27597,3.83348],[117.27554,3.83268],[117.27527,3.8322],[117.27542,3.82984],[117.2757,3.82884],[117.27674,3.82701],[117.27788,3.82418],[117.27811,3.82289],[117.27771,3.82158],[117.27768,3.82147],[117.27743,3.82044],[117.27697,3.81988],[117.27683,3.81971],[117.27572,3.81941],[117.27511,3.81925],[117.27382,3.8198],[117.27286,3.82107],[117.27207,3.8227],[117.27175,3.82405],[117.27092,3.82565],[117.27072,3.82604],[117.26971,3.82755],[117.26773,3.83035],[117.26686,3.8311],[117.26643,3.83162],[117.26572,3.83256],[117.26446,3.83364],[117.26322,3.83461],[117.26124,3.83522],[117.26023,3.83516],[117.25928,3.83485],[117.2579,3.83442],[117.25619,3.83434],[117.25383,3.83423],[117.25235,3.8338],[117.25084,3.83281],[117.24995,3.83172],[117.24986,3.83097],[117.25008,3.8294],[117.25078,3.82847],[117.25144,3.8273],[117.25196,3.82681],[117.25224,3.82654],[117.25253,3.82602],[117.2531,3.82497],[117.25358,3.82396],[117.25384,3.82193],[117.25394,3.82046],[117.25394,3.82045],[117.25373,3.8194],[117.25272,3.81741],[117.25185,3.8158],[117.24921,3.81321],[117.24808,3.81273],[117.24682,3.81523],[117.24655,3.81653],[117.24628,3.81791],[117.2462,3.81917],[117.24626,3.82034],[117.24544,3.82164],[117.24455,3.82363],[117.24374,3.8245],[117.24129,3.82471],[117.24011,3.82432],[117.23952,3.82412],[117.23833,3.82334],[117.23658,3.82136],[117.23475,3.81874],[117.2342,3.81733],[117.23411,3.81708],[117.23344,3.8156],[117.23266,3.81325],[117.23261,3.81315],[117.2324,3.81272],[117.23191,3.81263],[117.23173,3.81278],[117.23156,3.81293],[117.23144,3.81383],[117.23145,3.8155],[117.23046,3.81731],[117.22898,3.81832],[117.22636,3.81835],[117.22438,3.81774],[117.22215,3.81706],[117.2211,3.81668],[117.21971,3.81568],[117.21749,3.81501],[117.21647,3.81546],[117.2159,3.81663],[117.21576,3.8169],[117.21582,3.82065],[117.2158,3.82083],[117.21547,3.8245],[117.21378,3.82944],[117.21215,3.83212],[117.21096,3.83378],[117.2105,3.83389],[117.20913,3.8342],[117.20915,3.83454],[117.20969,3.84513],[117.21731,3.86607],[117.22622,3.8797],[117.22657,3.87974],[117.22913,3.88009],[117.22919,3.8801],[117.22947,3.88013],[117.23252,3.88046],[117.23258,3.88046],[117.23407,3.88046],[117.2355,3.88046],[117.23614,3.88052],[117.23811,3.8807],[117.23925,3.88074],[117.23975,3.88076],[117.2407,3.88076],[117.24172,3.88089],[117.24248,3.881],[117.2442,3.88121],[117.24438,3.88123],[117.24466,3.88123],[117.24593,3.88123],[117.24795,3.88147],[117.24895,3.88157],[117.25045,3.88171],[117.2517,3.88199],[117.25259,3.88219],[117.25462,3.88207],[117.25644,3.88207],[117.25771,3.88207],[117.25918,3.88224],[117.26068,3.88242],[117.26497,3.88275],[117.26532,3.88278],[117.26532,3.88278],[117.26688,3.88262],[117.26758,3.88254],[117.26828,3.88264],[117.2702,3.8829],[117.27282,3.88349],[117.27603,3.8829],[117.27754,3.88303],[117.27877,3.88314],[117.2796,3.88317],[117.28174,3.88326],[117.28472,3.88302],[117.2871,3.8829],[117.28868,3.88276],[117.28983,3.88266],[117.29245,3.88207],[117.29268,3.88202],[117.29483,3.88159],[117.29685,3.88123],[117.29911,3.88076],[117.29911,3.88076],[117.30002,3.88059],[117.30173,3.88028],[117.30399,3.87981],[117.30649,3.87921],[117.30911,3.87874],[117.31375,3.87743],[117.31755,3.87659],[117.31947,3.8762],[117.3216,3.87576],[117.32348,3.87543],[117.32433,3.87528],[117.32648,3.87472]]]]},"properties":{"kdprov":"65","kdkab":"04","kdkec":"060","kddesa":"009","kdsls":"2003","idsls":"65040600092003","nmprov":"KALIMANTAN UTARA","nmkab":"NUNUKAN","nmkec":"SEMBAKUNG","nmdesa":"PLAJU","nmsls":"HUTAN (006P)"}},{"type":"Feature","geometry":{"type":"MultiPolygon","coordinates":[[[[117.25814,3.8182],[117.25857,3.81773],[117.2586,3.81769],[117.25873,3.81685],[117.25881,3.81641],[117.25838,3.81354],[117.25756,3.81195],[117.25636,3.81098],[117.25535,3.81032],[117.24936,3.80846],[117.24722,3.80896],[117.24419,3.81094],[117.24361,3.81257],[117.24291,3.81509],[117.24291,3.81734],[117.24322,3.81893],[117.24461,3.81968],[117.24626,3.82034],[117.2462,3.81917],[117.24628,3.81791],[117.24655,3.81653],[117.24682,3.81523],[117.24808,3.81273],[117.24921,3.81321],[117.25185,3.8158],[117.25272,3.81741],[117.25373,3.8194],[117.25394,3.82045],[117.25567,3.82025],[117.25682,3.81968],[117.25723,3.8192],[117.25814,3.8182]]]]},"properties":{"kdprov":"65","kdkab":"04","kdkec":"060","kddesa":"009","kdsls":"0003","idsls":"65040600090003","nmprov":"KALIMANTAN UTARA","nmkab":"NUNUKAN","nmkec":"SEMBAKUNG","nmdesa":"PLAJU","nmsls":"RT 003"}},{"type":"Feature","geometry":{"type":"MultiPolygon","coordinates":[[[[117.40008,3.81777],[117.40015,3.81748],[117.40047,3.81486],[117.40076,3.81233],[117.39837,3.81345],[117.39218,3.8174],[117.38985,3.81883],[117.38886,3.82133],[117.38879,3.82253],[117.40008,3.81777]]]]},"properties":{"kdprov":"65","kdkab":"04","kdkec":"060","kddesa":"010","kdsls":"0004","idsls":"65040600100004","nmprov":"KALIMANTAN UTARA","nmkab":"NUNUKAN","nmkec":"SEMBAKUNG","nmdesa":"TEPIAN","nmsls":"RT 004"}},{"type":"Feature","geometry":{"type":"MultiPolygon","coordinates":[[[[117.30591,3.82813],[117.30758,3.82932],[117.3089,3.82674],[117.31033,3.82361],[117.31087,3.82216],[117.31192,3.82035],[117.31293,3.81892],[117.31573,3.81605],[117.31658,3.81527],[117.31472,3.81335],[117.31365,3.81252],[117.31233,3.81341],[117.31051,3.81469],[117.30864,3.81601],[117.30643,3.81919],[117.30511,3.8216],[117.30463,3.82325],[117.30408,3.82581],[117.30397,3.82701],[117.30591,3.82813]]]]},"properties":{"kdprov":"65","kdkab":"04","kdkec":"060","kddesa":"009","kdsls":"0006","idsls":"65040600090006","nmprov":"KALIMANTAN UTARA","nmkab":"NUNUKAN","nmkec":"SEMBAKUNG","nmdesa":"PLAJU","nmsls":"RT 006"}},{"type":"Feature","geometry":{"type":"MultiPolygon","coordinates":[[[[117.26321,3.82482],[117.26561,3.82466],[117.26788,3.82482],[117.26448,3.82166],[117.26383,3.82091],[117.26581,3.81974],[117.26542,3.81898],[117.26505,3.81846],[117.26376,3.81767],[117.26137,3.81688],[117.26112,3.81741],[117.26097,3.8178],[117.25873,3.81685],[117.2586,3.81769],[117.25857,3.81773],[117.25814,3.8182],[117.25903,3.81861],[117.25911,3.81877],[117.25892,3.82065],[117.25898,3.82255],[117.25889,3.82334],[117.25826,3.82449],[117.25706,3.82714],[117.25721,3.82744],[117.25736,3.82775],[117.2574,3.82863],[117.25784,3.82957],[117.25858,3.83029],[117.25883,3.83054],[117.25975,3.83105],[117.2602,3.83122],[117.26057,3.83136],[117.26146,3.82633],[117.26321,3.82482]]]]},"properties":{"kdprov":"65","kdkab":"04","kdkec":"060","kddesa":"009","kdsls":"0002","idsls":"65040600090002","nmprov":"KALIMANTAN UTARA","nmkab":"NUNUKAN","nmkec":"SEMBAKUNG","nmdesa":"PLAJU","nmsls":"RT 002"}},{"type":"Feature","geometry":{"type":"MultiPolygon","coordinates":[[[[117.40008,3.81777],[117.38879,3.82253],[117.38874,3.8234],[117.389,3.82529],[117.38954,3.82646],[117.39047,3.82735],[117.39175,3.82758],[117.39322,3.82727],[117.39481,3.8264],[117.39689,3.82445],[117.39881,3.82155],[117.39945,3.82027],[117.40008,3.81777]]]]},"properties":{"kdprov":"65","kdkab":"04","kdkec":"060","kddesa":"010","kdsls":"0005","idsls":"65040600100005","nmprov":"KALIMANTAN UTARA","nmkab":"NUNUKAN","nmkec":"SEMBAKUNG","nmdesa":"TEPIAN","nmsls":"RT 005"}},{"type":"Feature","geometry":{"type":"MultiPolygon","coordinates":[[[[117.25361,3.82728],[117.25706,3.82714],[117.25826,3.82449],[117.25889,3.82334],[117.25898,3.82255],[117.25892,3.82065],[117.25911,3.81877],[117.25903,3.81861],[117.25814,3.8182],[117.25723,3.8192],[117.25682,3.81968],[117.25567,3.82025],[117.25394,3.82045],[117.25394,3.82046],[117.25384,3.82193],[117.25358,3.82396],[117.2531,3.82497],[117.25253,3.82602],[117.25224,3.82654],[117.25196,3.82681],[117.25144,3.8273],[117.25361,3.82728]]]]},"properties":{"kdprov":"65","kdkab":"04","kdkec":"060","kddesa":"009","kdsls":"0001","idsls":"65040600090001","nmprov":"KALIMANTAN UTARA","nmkab":"NUNUKAN","nmkec":"SEMBAKUNG","nmdesa":"PLAJU","nmsls":"RT 001"}},{"type":"Feature","geometry":{"type":"MultiPolygon","coordinates":[[[[117.26124,3.83522],[117.26322,3.83461],[117.26446,3.83364],[117.26572,3.83256],[117.26643,3.83162],[117.26686,3.8311],[117.26773,3.83035],[117.26971,3.82755],[117.27072,3.82604],[117.26942,3.82565],[117.26845,3.82529],[117.26788,3.82482],[117.26561,3.82466],[117.26321,3.82482],[117.26146,3.82633],[117.26057,3.83136],[117.26074,3.8322],[117.26099,3.83361],[117.26124,3.83522]]]]},"properties":{"kdprov":"65","kdkab":"04","kdkec":"060","kddesa":"009","kdsls":"0005","idsls":"65040600090005","nmprov":"KALIMANTAN UTARA","nmkab":"NUNUKAN","nmkec":"SEMBAKUNG","nmdesa":"PLAJU","nmsls":"RT 005"}},{"type":"Feature","geometry":{"type":"MultiPolygon","coordinates":[[[[117.26074,3.8322],[117.26057,3.83136],[117.2602,3.83122],[117.25975,3.83105],[117.25883,3.83054],[117.25858,3.83029],[117.25784,3.82957],[117.2574,3.82863],[117.25736,3.82775],[117.25721,3.82744],[117.25706,3.82714],[117.25361,3.82728],[117.25144,3.8273],[117.25078,3.82847],[117.25008,3.8294],[117.24986,3.83097],[117.24995,3.83172],[117.25084,3.83281],[117.25235,3.8338],[117.25383,3.83423],[117.25619,3.83434],[117.2579,3.83442],[117.25928,3.83485],[117.26023,3.83516],[117.26124,3.83522],[117.26099,3.83361],[117.26074,3.8322]]]]},"properties":{"kdprov":"65","kdkab":"04","kdkec":"060","kddesa":"009","kdsls":"0004","idsls":"65040600090004","nmprov":"KALIMANTAN UTARA","nmkab":"NUNUKAN","nmkec":"SEMBAKUNG","nmdesa":"PLAJU","nmsls":"RT 004"}},{"type":"Feature","geometry":{"type":"MultiPolygon","coordinates":[[[[116.9247,3.80075],[116.92375,3.80018],[116.92318,3.79884],[116.92252,3.79856],[116.92006,3.79882],[116.92008,3.79974],[116.92001,3.80069],[116.92029,3.80145],[116.92041,3.80196],[116.92236,3.80126],[116.92338,3.80092],[116.9238,3.80091],[116.92407,3.80092],[116.92426,3.80092],[116.92443,3.80086],[116.9247,3.80075]]]]},"properties":{"kdprov":"65","kdkab":"04","kdkec":"060","kddesa":"003","kdsls":"0001","idsls":"65040600030001","nmprov":"KALIMANTAN UTARA","nmkab":"NUNUKAN","nmkec":"SEMBAKUNG","nmdesa":"PAGAR","nmsls":"RT 001"}},{"type":"Feature","geometry":{"type":"MultiPolygon","coordinates":[[[[116.89981,3.79551],[116.89985,3.79496],[116.89951,3.79501],[116.89907,3.79529],[116.899,3.79533],[116.89898,3.79537],[116.89899,3.79543],[116.89901,3.79548],[116.89902,3.79548],[116.89909,3.7955],[116.89915,3.79551],[116.89917,3.79553],[116.89918,3.79556],[116.89913,3.79567],[116.89905,3.79579],[116.89899,3.7959],[116.89888,3.79607],[116.89885,3.79615],[116.89866,3.79657],[116.89926,3.79661],[116.89959,3.79676],[116.89974,3.79634],[116.89986,3.79595],[116.89981,3.79595],[116.89981,3.79551]]]]},"properties":{"kdprov":"65","kdkab":"04","kdkec":"060","kddesa":"002","kdsls":"0002","idsls":"65040600020002","nmprov":"KALIMANTAN UTARA","nmkab":"NUNUKAN","nmkec":"SEMBAKUNG","nmdesa":"LABUK","nmsls":"RT 002"}},{"type":"Feature","geometry":{"type":"MultiPolygon","coordinates":[[[[116.87935,3.85227],[116.88616,3.81923],[116.89329,3.80882],[116.89866,3.79657],[116.89885,3.79615],[116.89862,3.7961],[116.89839,3.79596],[116.89821,3.79608],[116.89787,3.79603],[116.89734,3.7961],[116.89705,3.79633],[116.89648,3.79646],[116.89635,3.79632],[116.89497,3.79489],[116.89337,3.79535],[116.89129,3.79587],[116.88978,3.79611],[116.8881,3.79648],[116.8866,3.79667],[116.88522,3.79642],[116.8846,3.79572],[116.88494,3.79476],[116.88638,3.79351],[116.88782,3.79219],[116.88847,3.79047],[116.88853,3.7886],[116.88816,3.78716],[116.88653,3.7858],[116.88589,3.78545],[116.886,3.78583],[116.88649,3.78741],[116.88383,3.78824],[116.87732,3.79197],[116.86846,3.79705],[116.85133,3.80883],[116.85236,3.81783],[116.85809,3.86793],[116.86974,3.86405],[116.8788,3.85493],[116.87935,3.85227]]]]},"properties":{"kdprov":"65","kdkab":"04","kdkec":"060","kddesa":"001","kdsls":"4002","idsls":"65040600014002","nmprov":"KALIMANTAN UTARA","nmkab":"NUNUKAN","nmkec":"SEMBAKUNG","nmdesa":"BUTAS BAGU","nmsls":"PEMUKIMAN BARU (003P)"}},{"type":"Feature","geometry":{"type":"MultiPolygon","coordinates":[[[[116.88594,3.86417],[116.88573,3.86392],[116.88559,3.86362],[116.88545,3.8628],[116.88544,3.86238],[116.88533,3.86177],[116.88508,3.86108],[116.8846,3.86024],[116.88436,3.8597],[116.88398,3.85857],[116.8837,3.85828],[116.88346,3.85818],[116.88319,3.85817],[116.88282,3.85828],[116.88224,3.8589],[116.88189,3.85915],[116.88168,3.85921],[116.88107,3.85899],[116.88029,3.85829],[116.8797,3.85758],[116.87933,3.85692],[116.87933,3.85588],[116.87959,3.85496],[116.87951,3.85453],[116.8793,3.85422],[116.87917,3.854],[116.87918,3.8535],[116.8792,3.85333],[116.8793,3.85304],[116.87941,3.85288],[116.87954,3.85263],[116.8795,3.85242],[116.87935,3.85227],[116.8788,3.85493],[116.86974,3.86405],[116.85809,3.86793],[116.85871,3.87333],[116.85905,3.87632],[116.85943,3.88149],[116.8596,3.88389],[116.8597,3.88526],[116.86792,3.87918],[116.87476,3.8765],[116.8813,3.871],[116.88594,3.86417]]]]},"properties":{"kdprov":"65","kdkab":"04","kdkec":"060","kddesa":"002","kdsls":"1002","idsls":"65040600021002","nmprov":"KALIMANTAN UTARA","nmkab":"NUNUKAN","nmkec":"SEMBAKUNG","nmdesa":"LABUK","nmsls":"KEBUN (003P)"}},{"type":"Feature","geometry":{"type":"MultiPolygon","coordinates":[[[[116.87072,3.90821],[116.87521,3.90784],[116.87812,3.9062],[116.88081,3.90539],[116.88154,3.90517],[116.88125,3.89783],[116.88268,3.88879],[116.88911,3.87713],[116.89767,3.87284],[116.90862,3.86689],[116.92004,3.85238],[116.92438,3.84602],[116.91033,3.84558],[116.89902,3.84613],[116.89079,3.84341],[116.88933,3.85301],[116.88695,3.86267],[116.88594,3.86417],[116.8813,3.871],[116.87476,3.8765],[116.86792,3.87918],[116.8597,3.88526],[116.86,3.88929],[116.85995,3.88928],[116.85995,3.90886],[116.86321,3.90883],[116.87072,3.90821]]]]},"properties":{"kdprov":"65","kdkab":"04","kdkec":"060","kddesa":"003","kdsls":"4002","idsls":"65040600034002","nmprov":"KALIMANTAN UTARA","nmkab":"NUNUKAN","nmkec":"SEMBAKUNG","nmdesa":"PAGAR","nmsls":"PEMUKIMAN BARU (003P)"}},{"type":"Feature","geometry":{"type":"MultiPolygon","coordinates":[[[[116.89079,3.84341],[116.89082,3.84319],[116.89558,3.82772],[116.90123,3.82118],[116.90539,3.81687],[116.9103,3.81166],[116.91328,3.80735],[116.91461,3.80334],[116.91521,3.79813],[116.91699,3.78594],[116.91693,3.73716],[116.91704,3.72842],[116.91706,3.72703],[116.91713,3.72096],[116.90951,3.71904],[116.90444,3.71698],[116.90434,3.71696],[116.90451,3.72294],[116.90459,3.72561],[116.90586,3.76875],[116.90781,3.79723],[116.90776,3.79739],[116.90761,3.79751],[116.90743,3.79756],[116.90733,3.79757],[116.90701,3.79744],[116.90687,3.79739],[116.90671,3.7973],[116.90657,3.79723],[116.90365,3.79636],[116.9023,3.79551],[116.90166,3.79511],[116.90132,3.79504],[116.90056,3.79693],[116.90048,3.79713],[116.90002,3.79691],[116.89959,3.79676],[116.89926,3.79661],[116.89866,3.79657],[116.89329,3.80882],[116.88616,3.81923],[116.87935,3.85227],[116.8795,3.85242],[116.87954,3.85263],[116.87941,3.85288],[116.8793,3.85304],[116.8792,3.85333],[116.87918,3.8535],[116.87917,3.854],[116.8793,3.85422],[116.87951,3.85453],[116.87959,3.85496],[116.87933,3.85588],[116.87933,3.85692],[116.8797,3.85758],[116.88029,3.85829],[116.88107,3.85899],[116.88168,3.85921],[116.88189,3.85915],[116.88224,3.8589],[116.88282,3.85828],[116.88319,3.85817],[116.88346,3.85818],[116.8837,3.85828],[116.88398,3.85857],[116.88436,3.8597],[116.8846,3.86024],[116.88508,3.86108],[116.88533,3.86177],[116.88544,3.86238],[116.88545,3.8628],[116.88559,3.86362],[116.88573,3.86392],[116.88594,3.86417],[116.88695,3.86267],[116.88933,3.85301],[116.89079,3.84341]]]]},"properties":{"kdprov":"65","kdkab":"04","kdkec":"060","kddesa":"002","kdsls":"2001","idsls":"65040600022001","nmprov":"KALIMANTAN UTARA","nmkab":"NUNUKAN","nmkec":"SEMBAKUNG","nmdesa":"LABUK","nmsls":"HUTAN (001P)"}},{"type":"Feature","geometry":{"type":"MultiPolygon","coordinates":[[[[116.89323,3.90167],[116.90617,3.89901],[116.91474,3.89596],[116.9254,3.88897],[116.92893,3.88959],[116.93072,3.89008],[116.93731,3.89169],[116.93784,3.89181],[116.93847,3.89192],[116.94064,3.8923],[116.94173,3.89249],[116.9451,3.89235],[116.94619,3.89231],[116.94644,3.89242],[116.94663,3.89251],[116.94782,3.88395],[116.95448,3.85996],[116.95981,3.83845],[116.9612,3.8324],[116.96216,3.83073],[116.96377,3.82897],[116.96538,3.82847],[116.96571,3.82836],[116.96412,3.82705],[116.96327,3.82556],[116.96318,3.82372],[116.96341,3.82176],[116.96429,3.82015],[116.96203,3.82046],[116.96111,3.82049],[116.96089,3.81907],[116.96025,3.81766],[116.95992,3.81679],[116.96125,3.81646],[116.96319,3.81664],[116.96568,3.81772],[116.96687,3.81633],[116.96786,3.81502],[116.96844,3.81355],[116.96851,3.81155],[116.96793,3.80996],[116.96687,3.80882],[116.96547,3.80787],[116.96354,3.80686],[116.96059,3.80626],[116.95802,3.80654],[116.95659,3.80787],[116.95535,3.80939],[116.95434,3.80976],[116.95287,3.80925],[116.95241,3.80695],[116.95153,3.80428],[116.95029,3.80274],[116.9487,3.80224],[116.94675,3.8018],[116.9453,3.80113],[116.94332,3.79959],[116.94227,3.7981],[116.94112,3.79752],[116.94008,3.79711],[116.93979,3.80459],[116.93075,3.83668],[116.92438,3.84602],[116.92004,3.85238],[116.90862,3.86689],[116.89767,3.87284],[116.88911,3.87713],[116.88268,3.88879],[116.88125,3.89783],[116.88154,3.90517],[116.89323,3.90167]]]]},"properties":{"kdprov":"65","kdkab":"04","kdkec":"060","kddesa":"004","kdsls":"4002","idsls":"65040600044002","nmprov":"KALIMANTAN UTARA","nmkab":"NUNUKAN","nmkec":"SEMBAKUNG","nmdesa":"TUJUNG","nmsls":"PEMUKIMAN"}},{"type":"Feature","geometry":{"type":"MultiPolygon","coordinates":[[[[116.90434,3.71696],[116.89707,3.71517],[116.88479,3.71108],[116.88479,3.71606],[116.88479,3.72038],[116.88471,3.72036],[116.88486,3.77814],[116.88487,3.78212],[116.88589,3.78545],[116.88653,3.7858],[116.88816,3.78716],[116.88853,3.7886],[116.88847,3.79047],[116.88782,3.79219],[116.88638,3.79351],[116.88494,3.79476],[116.8846,3.79572],[116.88522,3.79642],[116.8866,3.79667],[116.8881,3.79648],[116.88978,3.79611],[116.89129,3.79587],[116.89337,3.79535],[116.89497,3.79489],[116.89448,3.79437],[116.89527,3.79421],[116.89609,3.79407],[116.89655,3.79383],[116.89846,3.79348],[116.90004,3.79346],[116.90026,3.7949],[116.90087,3.79494],[116.90132,3.79504],[116.90166,3.79511],[116.9023,3.79551],[116.90365,3.79636],[116.90657,3.79723],[116.90671,3.7973],[116.90687,3.79739],[116.90701,3.79744],[116.90733,3.79757],[116.90743,3.79756],[116.90761,3.79751],[116.90776,3.79739],[116.90781,3.79723],[116.90586,3.76875],[116.90459,3.72561],[116.90451,3.72294],[116.90434,3.71696]]]]},"properties":{"kdprov":"65","kdkab":"04","kdkec":"060","kddesa":"001","kdsls":"2001","idsls":"65040600012001","nmprov":"KALIMANTAN UTARA","nmkab":"NUNUKAN","nmkec":"SEMBAKUNG","nmdesa":"BUTAS BAGU","nmsls":"HUTAN (001P)"}},{"type":"Feature","geometry":{"type":"MultiPolygon","coordinates":[[[[116.94058,3.7267],[116.92742,3.72355],[116.91713,3.72096],[116.91706,3.72703],[116.91704,3.72842],[116.91693,3.73716],[116.91699,3.78594],[116.91521,3.79813],[116.91461,3.80334],[116.91328,3.80735],[116.9103,3.81166],[116.90539,3.81687],[116.90123,3.82118],[116.89558,3.82772],[116.89082,3.84319],[116.89079,3.84341],[116.89902,3.84613],[116.91033,3.84558],[116.92438,3.84602],[116.93075,3.83668],[116.93979,3.80459],[116.94008,3.79711],[116.9405,3.78603],[116.94015,3.75748],[116.94049,3.73333],[116.94058,3.7267]],[[116.9239,3.80281],[116.92216,3.8045],[116.92177,3.80426],[116.92101,3.80288],[116.92041,3.80196],[116.92029,3.80145],[116.92001,3.80069],[116.92008,3.79974],[116.92006,3.79882],[116.92252,3.79856],[116.92318,3.79884],[116.92375,3.80018],[116.9247,3.80075],[116.92485,3.80082],[116.92507,3.80127],[116.92511,3.80147],[116.92475,3.80163],[116.92473,3.80174],[116.92433,3.80188],[116.92417,3.8019],[116.92413,3.80209],[116.92419,3.80234],[116.92429,3.80264],[116.92419,3.80272],[116.9239,3.80281]]]]},"properties":{"kdprov":"65","kdkab":"04","kdkec":"060","kddesa":"003","kdsls":"2001","idsls":"65040600032001","nmprov":"KALIMANTAN UTARA","nmkab":"NUNUKAN","nmkec":"SEMBAKUNG","nmdesa":"PAGAR","nmsls":"HUTAN (001P)"}},{"type":"Feature","geometry":{"type":"MultiPolygon","coordinates":[[[[116.89788,3.79553],[116.89655,3.79383],[116.89609,3.79407],[116.89527,3.79421],[116.89448,3.79437],[116.89497,3.79489],[116.89635,3.79632],[116.89678,3.79558],[116.89788,3.79553]]]]},"properties":{"kdprov":"65","kdkab":"04","kdkec":"060","kddesa":"001","kdsls":"0001","idsls":"65040600010001","nmprov":"KALIMANTAN UTARA","nmkab":"NUNUKAN","nmkec":"SEMBAKUNG","nmdesa":"BUTAS BAGU","nmsls":"RT 001"}},{"type":"Feature","geometry":{"type":"MultiPolygon","coordinates":[[[[116.89787,3.79603],[116.89789,3.79555],[116.89788,3.79553],[116.89678,3.79558],[116.89635,3.79632],[116.89648,3.79646],[116.89705,3.79633],[116.89734,3.7961],[116.89787,3.79603]]]]},"properties":{"kdprov":"65","kdkab":"04","kdkec":"060","kddesa":"001","kdsls":"0003","idsls":"65040600010003","nmprov":"KALIMANTAN UTARA","nmkab":"NUNUKAN","nmkec":"SEMBAKUNG","nmdesa":"BUTAS BAGU","nmsls":"RT 003"}},{"type":"Feature","geometry":{"type":"MultiPolygon","coordinates":[[[[116.89788,3.79553],[116.89902,3.79548],[116.89901,3.79548],[116.89899,3.79543],[116.89898,3.79537],[116.899,3.79533],[116.89907,3.79529],[116.89951,3.79501],[116.89985,3.79496],[116.90023,3.7949],[116.90026,3.7949],[116.90004,3.79346],[116.89846,3.79348],[116.89655,3.79383],[116.89788,3.79553]]]]},"properties":{"kdprov":"65","kdkab":"04","kdkec":"060","kddesa":"001","kdsls":"0002","idsls":"65040600010002","nmprov":"KALIMANTAN UTARA","nmkab":"NUNUKAN","nmkec":"SEMBAKUNG","nmdesa":"BUTAS BAGU","nmsls":"RT 002"}},{"type":"Feature","geometry":{"type":"MultiPolygon","coordinates":[[[[116.90132,3.79504],[116.90087,3.79494],[116.90026,3.7949],[116.90023,3.7949],[116.89985,3.79496],[116.89981,3.79551],[116.89981,3.79595],[116.89986,3.79595],[116.89974,3.79634],[116.89959,3.79676],[116.90002,3.79691],[116.90048,3.79713],[116.90056,3.79693],[116.90132,3.79504]]]]},"properties":{"kdprov":"65","kdkab":"04","kdkec":"060","kddesa":"002","kdsls":"0001","idsls":"65040600020001","nmprov":"KALIMANTAN UTARA","nmkab":"NUNUKAN","nmkec":"SEMBAKUNG","nmdesa":"LABUK","nmsls":"RT 001"}},{"type":"Feature","geometry":{"type":"MultiPolygon","coordinates":[[[[116.92338,3.80092],[116.92236,3.80126],[116.92041,3.80196],[116.92101,3.80288],[116.92177,3.80426],[116.92216,3.8045],[116.9239,3.80281],[116.92419,3.80272],[116.92429,3.80264],[116.92419,3.80234],[116.92413,3.80209],[116.92417,3.8019],[116.92433,3.80188],[116.92473,3.80174],[116.92475,3.80163],[116.92511,3.80147],[116.92507,3.80127],[116.92485,3.80082],[116.9247,3.80075],[116.92443,3.80086],[116.92426,3.80092],[116.92407,3.80092],[116.9238,3.80091],[116.92338,3.80092]]]]},"properties":{"kdprov":"65","kdkab":"04","kdkec":"060","kddesa":"003","kdsls":"0002","idsls":"65040600030002","nmprov":"KALIMANTAN UTARA","nmkab":"NUNUKAN","nmkec":"SEMBAKUNG","nmdesa":"PAGAR","nmsls":"RT 002"}},{"type":"Feature","geometry":{"type":"MultiPolygon","coordinates":[[[[116.97275,3.73117],[116.96568,3.73085],[116.96207,3.73041],[116.95079,3.72948],[116.94096,3.72679],[116.94058,3.7267],[116.94049,3.73333],[116.94015,3.75748],[116.9405,3.78603],[116.94008,3.79711],[116.94112,3.79752],[116.94227,3.7981],[116.94332,3.79959],[116.9453,3.80113],[116.94675,3.8018],[116.9487,3.80224],[116.95029,3.80274],[116.95153,3.80428],[116.95241,3.80695],[116.95287,3.80925],[116.95434,3.80976],[116.95535,3.80939],[116.95659,3.80787],[116.95802,3.80654],[116.96059,3.80626],[116.96354,3.80686],[116.96547,3.80787],[116.96687,3.80882],[116.96793,3.80996],[116.96851,3.81155],[116.96844,3.81355],[116.96786,3.81502],[116.96687,3.81633],[116.96568,3.81772],[116.96541,3.81807],[116.96515,3.81842],[116.96498,3.81873],[116.96475,3.81918],[116.96458,3.81961],[116.96429,3.82015],[116.96341,3.82176],[116.96318,3.82372],[116.96327,3.82556],[116.96412,3.82705],[116.96571,3.82836],[116.9662,3.82821],[116.96872,3.82631],[116.97044,3.82331],[116.975,3.81132],[116.97681,3.80028],[116.97672,3.79047],[116.97304,3.7355],[116.97275,3.73117]]]]},"properties":{"kdprov":"65","kdkab":"04","kdkec":"060","kddesa":"004","kdsls":"1001","idsls":"65040600041001","nmprov":"KALIMANTAN UTARA","nmkab":"NUNUKAN","nmkec":"SEMBAKUNG","nmdesa":"TUJUNG","nmsls":"KEBUN"}},{"type":"Feature","geometry":{"type":"MultiPolygon","coordinates":[[[[117.00508,3.85363],[117.00252,3.85266],[117.00169,3.85204],[117.00076,3.8508],[117.00019,3.84916],[116.99893,3.84608],[116.99808,3.84375],[116.9969,3.83937],[116.9964,3.83807],[116.99445,3.8363],[116.99331,3.83563],[116.99144,3.83497],[116.99006,3.83509],[116.98905,3.83567],[116.98883,3.83518],[116.9883,3.83387],[116.98774,3.83281],[116.98877,3.83227],[116.99047,3.8319],[116.99205,3.83247],[116.99394,3.83304],[116.99635,3.83387],[116.99808,3.83576],[116.99981,3.83902],[117.00038,3.84122],[117.001,3.84437],[117.00159,3.84622],[117.00213,3.84807],[117.00287,3.84916],[117.00346,3.85],[117.00399,3.85062],[117.00585,3.85077],[117.00664,3.84782],[117.00874,3.82916],[117.00809,3.82915],[117.00688,3.82963],[117.00461,3.83043],[117.00311,3.83072],[117.00145,3.8306],[117.0004,3.83005],[116.99863,3.82918],[116.99679,3.82861],[116.99534,3.8283],[116.99375,3.82848],[116.99205,3.8293],[116.99036,3.83056],[116.98917,3.83106],[116.98752,3.83108],[116.98697,3.83056],[116.98622,3.82994],[116.98563,3.82808],[116.98501,3.82668],[116.98418,3.82536],[116.98232,3.82472],[116.9808,3.82479],[116.98071,3.8248],[116.97906,3.82505],[116.97725,3.82539],[116.97445,3.82609],[116.97168,3.82694],[116.96987,3.82805],[116.9676,3.82886],[116.96592,3.82886],[116.96538,3.82847],[116.96377,3.82897],[116.96216,3.83073],[116.9612,3.8324],[116.95981,3.83845],[116.95448,3.85996],[116.94782,3.88395],[116.94663,3.89251],[116.95194,3.89497],[116.95502,3.89558],[116.95733,3.8961],[116.96079,3.89689],[116.96628,3.89553],[116.97145,3.8972],[116.97496,3.89886],[116.97675,3.89904],[116.98032,3.89941],[116.98475,3.90015],[116.98992,3.90107],[116.99169,3.90145],[116.99509,3.90218],[116.99696,3.90248],[116.99684,3.89508],[117.00337,3.86002],[117.00508,3.85363]]]]},"properties":{"kdprov":"65","kdkab":"04","kdkec":"060","kddesa":"005","kdsls":"5003","idsls":"65040600055003","nmprov":"KALIMANTAN UTARA","nmkab":"NUNUKAN","nmkec":"SEMBAKUNG","nmdesa":"MANUK BUNGKUL","nmsls":"BEKAS PEMUKIMAN (004B)"}},{"type":"Feature","geometry":{"type":"MultiPolygon","coordinates":[[[[116.96498,3.81873],[116.96515,3.81842],[116.96541,3.81807],[116.96568,3.81772],[116.96319,3.81664],[116.96125,3.81646],[116.95992,3.81679],[116.96025,3.81766],[116.96089,3.81907],[116.9617,3.81884],[116.96313,3.81849],[116.96498,3.81873]]]]},"properties":{"kdprov":"65","kdkab":"04","kdkec":"060","kddesa":"004","kdsls":"0001","idsls":"65040600040001","nmprov":"KALIMANTAN UTARA","nmkab":"NUNUKAN","nmkec":"SEMBAKUNG","nmdesa":"TUJUNG","nmsls":"RT 001"}},{"type":"Feature","geometry":{"type":"MultiPolygon","coordinates":[[[[116.96458,3.81961],[116.96475,3.81918],[116.96498,3.81873],[116.96313,3.81849],[116.9617,3.81884],[116.96089,3.81907],[116.96111,3.82049],[116.96203,3.82046],[116.96429,3.82015],[116.96458,3.81961]]]]},"properties":{"kdprov":"65","kdkab":"04","kdkec":"060","kddesa":"004","kdsls":"0002","idsls":"65040600040002","nmprov":"KALIMANTAN UTARA","nmkab":"NUNUKAN","nmkec":"SEMBAKUNG","nmdesa":"TUJUNG","nmsls":"RT 002"}},{"type":"Feature","geometry":{"type":"MultiPolygon","coordinates":[[[[116.9808,3.82479],[116.97996,3.82425],[116.97967,3.82388],[116.97927,3.82375],[116.97893,3.82375],[116.97868,3.82363],[116.97839,3.82337],[116.97818,3.82284],[116.97812,3.82258],[116.97787,3.8217],[116.97766,3.82113],[116.97751,3.8205],[116.97749,3.82005],[116.9776,3.8196],[116.97784,3.81934],[116.97802,3.81937],[116.97836,3.81951],[116.97866,3.81964],[116.97886,3.81973],[116.9792,3.81979],[116.97959,3.81986],[116.97987,3.81999],[116.98002,3.82007],[116.98003,3.82021],[116.97996,3.8205],[116.97991,3.82081],[116.98,3.82109],[116.98024,3.82122],[116.98052,3.82145],[116.98095,3.82168],[116.98142,3.822],[116.98184,3.8221],[116.98287,3.82235],[116.98371,3.82239],[116.98469,3.82239],[116.98523,3.82216],[116.98574,3.82158],[116.98599,3.82116],[116.98642,3.82038],[116.98657,3.81976],[116.98674,3.81918],[116.98702,3.81836],[116.98713,3.81782],[116.98713,3.81735],[116.98694,3.81618],[116.98663,3.8155],[116.98659,3.81444],[116.98672,3.81183],[116.98781,3.80769],[116.99329,3.78451],[116.99267,3.77271],[116.99205,3.75926],[116.9906,3.74084],[116.98933,3.73459],[116.98876,3.73176],[116.98664,3.73179],[116.97275,3.73117],[116.97304,3.7355],[116.97672,3.79047],[116.97681,3.80028],[116.975,3.81132],[116.97044,3.82331],[116.96872,3.82631],[116.9662,3.82821],[116.96571,3.82836],[116.96538,3.82847],[116.96592,3.82886],[116.9676,3.82886],[116.96987,3.82805],[116.97168,3.82694],[116.97445,3.82609],[116.97725,3.82539],[116.97906,3.82505],[116.98071,3.8248],[116.9808,3.82479]]]]},"properties":{"kdprov":"65","kdkab":"04","kdkec":"060","kddesa":"005","kdsls":"5002","idsls":"65040600055002","nmprov":"KALIMANTAN UTARA","nmkab":"NUNUKAN","nmkec":"SEMBAKUNG","nmdesa":"MANUK BUNGKUL","nmsls":"BEKAS PEMUKIMAN"}},{"type":"Feature","geometry":{"type":"MultiPolygon","coordinates":[[[[117.00213,3.84807],[117.00159,3.84622],[117.001,3.84437],[117.00038,3.84122],[116.99981,3.83902],[116.99808,3.83576],[116.99635,3.83387],[116.99394,3.83304],[116.99205,3.83247],[116.99047,3.8319],[116.98877,3.83227],[116.98774,3.83281],[116.9883,3.83387],[116.98883,3.83518],[116.98905,3.83567],[116.99006,3.83509],[116.99144,3.83497],[116.99331,3.83563],[116.99445,3.8363],[116.9964,3.83807],[116.9969,3.83937],[116.99808,3.84375],[116.99893,3.84608],[117.00019,3.84916],[117.00101,3.84859],[117.00128,3.84847],[117.00213,3.84807]]]]},"properties":{"kdprov":"65","kdkab":"04","kdkec":"060","kddesa":"005","kdsls":"0002","idsls":"65040600050002","nmprov":"KALIMANTAN UTARA","nmkab":"NUNUKAN","nmkec":"SEMBAKUNG","nmdesa":"MANUK BUNGKUL","nmsls":"RT 002"}},{"type":"Feature","geometry":{"type":"MultiPolygon","coordinates":[[[[117.00541,3.85241],[117.00585,3.85077],[117.00399,3.85062],[117.00346,3.85],[117.00287,3.84916],[117.00213,3.84807],[117.00128,3.84847],[117.00101,3.84859],[117.00019,3.84916],[117.00076,3.8508],[117.00169,3.85204],[117.00252,3.85266],[117.00508,3.85363],[117.00541,3.85241]]]]},"properties":{"kdprov":"65","kdkab":"04","kdkec":"060","kddesa":"005","kdsls":"0001","idsls":"65040600050001","nmprov":"KALIMANTAN UTARA","nmkab":"NUNUKAN","nmkec":"SEMBAKUNG","nmdesa":"MANUK BUNGKUL","nmsls":"RT 001"}}]}