{"type":"FeatureCollection","features":[{"type":"Feature","geometry":{"type":"MultiPolygon","coordinates":[[[[117.13793,4.34504],[117.13877,4.34486],[117.1393,4.34431],[117.14424,4.33143],[117.15352,4.31525],[117.16946,4.28765],[117.1788,4.27699],[117.19616,4.2698],[117.19582,4.26983],[117.19605,4.26955],[117.19495,4.26828],[117.19381,4.26758],[117.19342,4.26722],[117.19312,4.2668],[117.19249,4.26541],[117.19241,4.26507],[117.19274,4.26498],[117.19249,4.26451],[117.19158,4.26487],[117.19136,4.26458],[117.19112,4.2643],[117.19103,4.26399],[117.19104,4.26361],[117.19104,4.26312],[117.19089,4.26287],[117.19067,4.26271],[117.19023,4.26264],[117.18984,4.26256],[117.18957,4.26256],[117.18925,4.26266],[117.18899,4.2627],[117.18849,4.26267],[117.1881,4.26265],[117.18777,4.2626],[117.1876,4.26248],[117.18719,4.26187],[117.18705,4.2613],[117.18694,4.26074],[117.18691,4.26018],[117.18689,4.25981],[117.18682,4.25941],[117.18673,4.25898],[117.18661,4.25859],[117.18646,4.25811],[117.18645,4.25785],[117.18653,4.25758],[117.1868,4.25724],[117.18718,4.2568],[117.18741,4.25649],[117.18755,4.25616],[117.18757,4.25572],[117.1876,4.25518],[117.18774,4.25473],[117.18799,4.25449],[117.19059,4.25447],[117.19183,4.25371],[117.19202,4.25319],[117.19102,4.25198],[117.19073,4.25129],[117.19057,4.25081],[117.1895,4.25119],[117.1884,4.25174],[117.18809,4.252],[117.18827,4.25244],[117.18826,4.25244],[117.18774,4.25238],[117.18745,4.2523],[117.1871,4.25219],[117.18655,4.25192],[117.18617,4.25181],[117.18598,4.25178],[117.18579,4.25184],[117.1855,4.25203],[117.18518,4.25226],[117.18497,4.25244],[117.18466,4.25257],[117.18439,4.25264],[117.18411,4.25267],[117.18374,4.25261],[117.18316,4.25258],[117.18268,4.25254],[117.18229,4.25252],[117.18196,4.25253],[117.18145,4.25247],[117.18078,4.25251],[117.1803,4.25258],[117.17951,4.25242],[117.17905,4.2524],[117.17906,4.25201],[117.17693,4.25196],[117.17691,4.25244],[117.17664,4.25252],[117.17631,4.25261],[117.17612,4.25261],[117.17587,4.25253],[117.17545,4.25231],[117.1752,4.25219],[117.17508,4.25215],[117.17517,4.25177],[117.17464,4.25172],[117.17392,4.25176],[117.17348,4.25165],[117.17284,4.25129],[117.17196,4.25057],[117.17145,4.25031],[117.17074,4.2503],[117.16986,4.25037],[117.16901,4.2503],[117.169,4.25064],[117.16873,4.25056],[117.16845,4.2506],[117.16809,4.25084],[117.16767,4.25119],[117.16737,4.25132],[117.16701,4.25125],[117.16669,4.25104],[117.16631,4.25085],[117.1658,4.25068],[117.16505,4.25057],[117.16434,4.25077],[117.16376,4.25097],[117.16318,4.25121],[117.16228,4.25157],[117.16207,4.25161],[117.16167,4.2515],[117.16141,4.25128],[117.16124,4.25092],[117.16121,4.25067],[117.16125,4.25024],[117.16128,4.25002],[117.16128,4.2498],[117.16127,4.24935],[117.16129,4.24904],[117.1613,4.24867],[117.16135,4.24842],[117.16137,4.2482],[117.16142,4.24797],[117.16147,4.24768],[117.16152,4.24749],[117.16156,4.24734],[117.16157,4.24713],[117.16158,4.24699],[117.16163,4.24682],[117.16173,4.24663],[117.16182,4.24649],[117.16182,4.24632],[117.16173,4.2462],[117.16153,4.24613],[117.16139,4.2461],[117.16126,4.24613],[117.1611,4.24613],[117.161,4.24612],[117.16093,4.24604],[117.16094,4.24588],[117.16089,4.24584],[117.16057,4.24601],[117.16035,4.24629],[117.16018,4.24649],[117.15986,4.24662],[117.15951,4.2467],[117.1593,4.2468],[117.15901,4.2472],[117.15863,4.2475],[117.15844,4.24768],[117.15814,4.24769],[117.15785,4.24764],[117.1576,4.24758],[117.15734,4.2476],[117.15704,4.24776],[117.15681,4.24792],[117.15647,4.24791],[117.15601,4.24787],[117.15578,4.24789],[117.15543,4.24814],[117.15515,4.24836],[117.15477,4.24872],[117.15448,4.24896],[117.15438,4.24902],[117.1541,4.24924],[117.15396,4.24947],[117.15391,4.24966],[117.15395,4.2499],[117.15408,4.25008],[117.15417,4.25032],[117.15481,4.25087],[117.15519,4.25127],[117.15576,4.25193],[117.15655,4.25289],[117.15703,4.25355],[117.15732,4.25386],[117.15761,4.25391],[117.15785,4.25396],[117.15801,4.25407],[117.15809,4.25423],[117.15743,4.25436],[117.15705,4.25459],[117.15687,4.25475],[117.15681,4.255],[117.15689,4.25532],[117.15698,4.25573],[117.15685,4.25634],[117.1568,4.2569],[117.15665,4.2571],[117.15617,4.25715],[117.1556,4.25706],[117.15512,4.25692],[117.15473,4.25672],[117.15433,4.25668],[117.15388,4.25684],[117.15344,4.25712],[117.15315,4.25728],[117.15276,4.25732],[117.15239,4.25715],[117.15208,4.25714],[117.15197,4.25712],[117.15171,4.2573],[117.15154,4.25753],[117.15151,4.25838],[117.15153,4.25889],[117.15151,4.25918],[117.15138,4.25932],[117.151,4.25938],[117.15062,4.25926],[117.15024,4.25913],[117.14982,4.25895],[117.14959,4.25885],[117.14941,4.25859],[117.14923,4.25833],[117.14878,4.25777],[117.14842,4.2575],[117.14812,4.25731],[117.14778,4.2572],[117.14754,4.25711],[117.14731,4.25704],[117.14712,4.25688],[117.14687,4.25665],[117.14667,4.25644],[117.14643,4.25615],[117.14609,4.25578],[117.14572,4.25552],[117.14546,4.25551],[117.14507,4.25562],[117.14473,4.25566],[117.14444,4.25564],[117.14429,4.25559],[117.14407,4.25544],[117.14376,4.25522],[117.14339,4.25497],[117.14281,4.25458],[117.14241,4.25433],[117.14199,4.25414],[117.14172,4.25403],[117.14128,4.254],[117.14091,4.25402],[117.13965,4.25299],[117.13854,4.25196],[117.13804,4.25137],[117.13784,4.25155],[117.13763,4.25175],[117.13749,4.25198],[117.13732,4.25228],[117.13717,4.25283],[117.13705,4.25353],[117.13681,4.2542],[117.13659,4.25452],[117.13626,4.25471],[117.13592,4.25479],[117.13578,4.2548],[117.13564,4.25482],[117.13534,4.25485],[117.13518,4.25485],[117.13487,4.25485],[117.13459,4.255],[117.13428,4.25526],[117.13416,4.25553],[117.13389,4.25593],[117.1337,4.25625],[117.13342,4.25656],[117.13316,4.2567],[117.1327,4.25678],[117.13263,4.25678],[117.13233,4.25688],[117.13207,4.25708],[117.13175,4.25728],[117.1314,4.25764],[117.13125,4.25788],[117.13111,4.25816],[117.13088,4.25843],[117.13057,4.25863],[117.13005,4.25879],[117.12989,4.25881],[117.12969,4.25882],[117.12943,4.25888],[117.12932,4.2589],[117.12856,4.25879],[117.12806,4.2588],[117.12764,4.2588],[117.12734,4.2588],[117.12705,4.25868],[117.12676,4.25853],[117.12655,4.25839],[117.12643,4.25832],[117.12617,4.25815],[117.12603,4.25807],[117.12544,4.25774],[117.12503,4.25757],[117.12464,4.25748],[117.12444,4.25734],[117.1242,4.25726],[117.12393,4.25726],[117.12353,4.25732],[117.12311,4.25747],[117.12267,4.2575],[117.12253,4.25753],[117.12217,4.25753],[117.12168,4.25752],[117.1215,4.25746],[117.12124,4.25735],[117.12106,4.25721],[117.12047,4.25689],[117.12027,4.25675],[117.11976,4.2568],[117.11961,4.25695],[117.11941,4.25713],[117.11918,4.25736],[117.11895,4.25759],[117.11858,4.25804],[117.11848,4.25827],[117.11831,4.25856],[117.11825,4.25867],[117.11811,4.25897],[117.11801,4.25929],[117.11796,4.25952],[117.11793,4.25965],[117.11785,4.25984],[117.11761,4.26003],[117.1174,4.26023],[117.11714,4.26049],[117.11682,4.26069],[117.11616,4.26111],[117.11578,4.26132],[117.11555,4.26149],[117.11481,4.26175],[117.11442,4.26184],[117.11424,4.2619],[117.11384,4.26206],[117.11365,4.26222],[117.11328,4.26231],[117.11292,4.26238],[117.11249,4.26255],[117.11207,4.26285],[117.11175,4.26326],[117.11148,4.2635],[117.11125,4.26375],[117.1111,4.26385],[117.11049,4.26397],[117.10992,4.26393],[117.10948,4.264],[117.10914,4.26415],[117.10873,4.26438],[117.10846,4.26455],[117.10794,4.26485],[117.10765,4.26497],[117.10735,4.26502],[117.10721,4.26502],[117.10685,4.26485],[117.10606,4.26471],[117.10545,4.26477],[117.10512,4.26489],[117.10469,4.26506],[117.1045,4.26507],[117.10413,4.26506],[117.10394,4.26498],[117.10368,4.26465],[117.10363,4.26448],[117.10356,4.26427],[117.10354,4.26402],[117.10345,4.26373],[117.10325,4.26332],[117.10289,4.26273],[117.10282,4.26261],[117.10263,4.26252],[117.1025,4.26252],[117.10232,4.26256],[117.10203,4.26271],[117.10192,4.26287],[117.10186,4.26309],[117.10181,4.26344],[117.10166,4.26375],[117.10153,4.26407],[117.10146,4.26432],[117.10141,4.26458],[117.10124,4.2648],[117.10085,4.26507],[117.10064,4.26533],[117.1004,4.26561],[117.10012,4.26584],[117.09977,4.26595],[117.09939,4.26586],[117.09917,4.26573],[117.09883,4.26548],[117.09864,4.26516],[117.09847,4.26464],[117.09849,4.26433],[117.09856,4.26376],[117.09861,4.26315],[117.09864,4.26285],[117.09864,4.26268],[117.09855,4.26254],[117.09846,4.26242],[117.09781,4.26207],[117.09747,4.26199],[117.09734,4.26199],[117.09723,4.26202],[117.09703,4.26217],[117.09684,4.26236],[117.09668,4.26258],[117.09647,4.26305],[117.09643,4.2634],[117.09632,4.26388],[117.09614,4.26419],[117.09606,4.26441],[117.0958,4.26454],[117.09553,4.2646],[117.09533,4.26469],[117.09503,4.26495],[117.09485,4.26515],[117.09478,4.26523],[117.09469,4.26561],[117.09473,4.26578],[117.09482,4.26587],[117.09491,4.26604],[117.09514,4.2661],[117.09546,4.26622],[117.09555,4.26633],[117.09567,4.26648],[117.09567,4.26675],[117.09555,4.26717],[117.09549,4.26749],[117.09544,4.26782],[117.09544,4.26805],[117.09546,4.26845],[117.09549,4.2688],[117.09552,4.26918],[117.09569,4.26955],[117.09595,4.26967],[117.09633,4.2699],[117.09664,4.27065],[117.09671,4.27106],[117.09671,4.27135],[117.09671,4.27182],[117.09665,4.27211],[117.09664,4.27245],[117.09664,4.27292],[117.09665,4.27336],[117.09681,4.27391],[117.09689,4.27422],[117.09692,4.27471],[117.0969,4.27478],[117.09679,4.27492],[117.09655,4.27498],[117.09631,4.27506],[117.09597,4.2751],[117.09561,4.27512],[117.09515,4.27522],[117.0946,4.27533],[117.09421,4.27542],[117.09382,4.27563],[117.09364,4.27592],[117.0936,4.27605],[117.09352,4.27621],[117.09334,4.2764],[117.09325,4.27653],[117.09312,4.27672],[117.09294,4.27688],[117.09279,4.27705],[117.09267,4.27759],[117.0927,4.278],[117.09263,4.27824],[117.09244,4.27843],[117.09232,4.27847],[117.09203,4.27858],[117.09188,4.27867],[117.09162,4.27879],[117.0913,4.27894],[117.0912,4.27908],[117.09077,4.27925],[117.09057,4.27931],[117.09027,4.27944],[117.0899,4.27978],[117.08969,4.2803],[117.08957,4.28079],[117.08935,4.28115],[117.08922,4.28141],[117.08896,4.28155],[117.08868,4.28164],[117.08838,4.28172],[117.08811,4.28191],[117.0879,4.28225],[117.08785,4.28333],[117.08786,4.28335],[117.08791,4.28361],[117.08791,4.2839],[117.08791,4.28439],[117.08806,4.28491],[117.0881,4.28512],[117.08819,4.28532],[117.08834,4.28555],[117.0885,4.28575],[117.08862,4.28602],[117.08871,4.28627],[117.08871,4.28645],[117.08866,4.28681],[117.08854,4.28695],[117.08839,4.28706],[117.0881,4.2871],[117.08783,4.2871],[117.08757,4.28719],[117.08743,4.2873],[117.08729,4.28744],[117.08708,4.28764],[117.08702,4.28794],[117.08696,4.28826],[117.08662,4.28855],[117.0865,4.28873],[117.08623,4.28901],[117.08569,4.28915],[117.0853,4.28921],[117.08503,4.28919],[117.08462,4.28905],[117.08395,4.28862],[117.08359,4.28852],[117.08319,4.28858],[117.08273,4.28876],[117.08257,4.28893],[117.08237,4.28911],[117.0822,4.2894],[117.08215,4.28966],[117.08215,4.28987],[117.08215,4.28998],[117.08208,4.28999],[117.08193,4.28998],[117.08176,4.28998],[117.08145,4.28998],[117.08107,4.29008],[117.08066,4.29028],[117.08037,4.29051],[117.07992,4.29071],[117.07973,4.29081],[117.07949,4.29101],[117.07908,4.29133],[117.07808,4.2918],[117.07781,4.292],[117.07729,4.29237],[117.07709,4.29253],[117.07676,4.29282],[117.07631,4.29314],[117.07612,4.29336],[117.0759,4.29363],[117.07551,4.29392],[117.07502,4.29438],[117.07457,4.29474],[117.07436,4.29511],[117.0741,4.29545],[117.07401,4.29569],[117.07358,4.29615],[117.0733,4.29659],[117.07298,4.29692],[117.07276,4.29717],[117.0725,4.29747],[117.07215,4.29778],[117.07172,4.2982],[117.07089,4.29887],[117.07062,4.29915],[117.0703,4.29961],[117.07001,4.30005],[117.06953,4.30075],[117.06927,4.30105],[117.06895,4.30119],[117.06885,4.30133],[117.0685,4.30153],[117.0681,4.30182],[117.06778,4.30214],[117.06763,4.3023],[117.06754,4.30252],[117.06736,4.30282],[117.06736,4.30334],[117.06707,4.30374],[117.06687,4.30406],[117.06652,4.30439],[117.06628,4.30474],[117.06617,4.30503],[117.06608,4.30525],[117.06581,4.30557],[117.06541,4.30584],[117.06511,4.30607],[117.06499,4.30616],[117.06492,4.30624],[117.0648,4.30639],[117.06457,4.30679],[117.06452,4.30735],[117.06431,4.30755],[117.06409,4.30772],[117.06382,4.30781],[117.06364,4.30793],[117.06345,4.30807],[117.06313,4.3084],[117.06285,4.30874],[117.06281,4.30897],[117.06277,4.30919],[117.06272,4.30948],[117.06274,4.30974],[117.06274,4.31008],[117.06278,4.311],[117.06278,4.31152],[117.06271,4.31176],[117.06258,4.31205],[117.06251,4.31245],[117.06245,4.31286],[117.06222,4.31324],[117.06203,4.3135],[117.06189,4.31356],[117.06159,4.31357],[117.06139,4.31357],[117.06117,4.31356],[117.06075,4.3135],[117.0604,4.31343],[117.0602,4.31336],[117.05988,4.3133],[117.05945,4.31326],[117.05929,4.31319],[117.05901,4.3131],[117.05865,4.31297],[117.05837,4.3129],[117.05796,4.3129],[117.05773,4.31296],[117.05772,4.31317],[117.05773,4.31337],[117.05789,4.31364],[117.05796,4.31383],[117.0581,4.31413],[117.05811,4.31447],[117.05811,4.31465],[117.05804,4.31497],[117.05801,4.31519],[117.05795,4.31535],[117.05782,4.31566],[117.05774,4.31615],[117.05763,4.31648],[117.05743,4.31676],[117.05718,4.31721],[117.05711,4.31743],[117.05695,4.31747],[117.05638,4.31755],[117.056,4.31764],[117.05565,4.31772],[117.05514,4.31793],[117.05471,4.31816],[117.05453,4.31839],[117.0541,4.3189],[117.0539,4.31954],[117.05376,4.31993],[117.05374,4.32023],[117.05374,4.32048],[117.05373,4.32066],[117.05363,4.32075],[117.05345,4.3209],[117.05312,4.32102],[117.05302,4.32124],[117.0529,4.32144],[117.05269,4.32171],[117.05258,4.32197],[117.05246,4.32212],[117.05194,4.32266],[117.05178,4.32279],[117.05149,4.3229],[117.05122,4.32294],[117.05093,4.32291],[117.05075,4.32285],[117.0505,4.32274],[117.05008,4.32244],[117.04964,4.32215],[117.04952,4.32212],[117.04941,4.32212],[117.04923,4.32212],[117.049,4.32212],[117.04885,4.3221],[117.04868,4.32204],[117.04845,4.32187],[117.04834,4.32184],[117.04827,4.32184],[117.04813,4.32184],[117.04786,4.32184],[117.0476,4.32187],[117.04742,4.3219],[117.04717,4.32198],[117.04685,4.32222],[117.04673,4.32236],[117.04652,4.32271],[117.04649,4.32292],[117.04652,4.32301],[117.04652,4.32321],[117.04649,4.32344],[117.04641,4.32375],[117.04627,4.32407],[117.04615,4.32446],[117.04607,4.32472],[117.04581,4.325],[117.0456,4.32524],[117.04562,4.32539],[117.04566,4.32556],[117.04575,4.3258],[117.04582,4.3259],[117.04593,4.32606],[117.04609,4.32628],[117.04623,4.3264],[117.04635,4.32655],[117.04652,4.32672],[117.04666,4.32692],[117.0467,4.32707],[117.04676,4.32735],[117.04698,4.32799],[117.0471,4.3283],[117.0472,4.32852],[117.04731,4.32865],[117.04758,4.32901],[117.04771,4.32933],[117.04767,4.32964],[117.04765,4.32985],[117.04759,4.33025],[117.04753,4.33074],[117.04745,4.33138],[117.04732,4.33181],[117.04721,4.33242],[117.04721,4.33281],[117.04732,4.33313],[117.0474,4.3333],[117.04752,4.33353],[117.04769,4.33375],[117.04793,4.33401],[117.04829,4.33437],[117.04857,4.33466],[117.04868,4.3348],[117.04877,4.33504],[117.04884,4.33526],[117.04889,4.33556],[117.04896,4.33585],[117.04919,4.33623],[117.04936,4.33651],[117.04957,4.33671],[117.04976,4.33702],[117.04983,4.33728],[117.0499,4.33752],[117.05002,4.33797],[117.05012,4.33857],[117.05031,4.33914],[117.05047,4.33971],[117.0506,4.34047],[117.05129,4.34462],[117.05171,4.34416],[117.05177,4.34401],[117.05177,4.34401],[117.05211,4.34302],[117.06364,4.34095],[117.0639,4.34061],[117.06492,4.33928],[117.0658,4.33847],[117.06676,4.33829],[117.06792,4.33823],[117.06854,4.33819],[117.0686,4.33819],[117.06985,4.33816],[117.07012,4.3378],[117.07014,4.33777],[117.0707,4.33702],[117.07166,4.33649],[117.07312,4.33603],[117.07415,4.336],[117.0765,4.33566],[117.07659,4.33565],[117.07686,4.33566],[117.07704,4.33604],[117.07766,4.33595],[117.07826,4.33604],[117.07876,4.3363],[117.07925,4.33585],[117.07981,4.33623],[117.08016,4.33596],[117.08102,4.33554],[117.08194,4.33586],[117.08215,4.33558],[117.08287,4.33605],[117.08313,4.33566],[117.08407,4.33525],[117.08481,4.33507],[117.08507,4.33464],[117.08536,4.33378],[117.0862,4.33376],[117.08717,4.33416],[117.08751,4.33419],[117.08787,4.33429],[117.08808,4.33429],[117.08843,4.33442],[117.08889,4.33434],[117.08949,4.33477],[117.08981,4.33446],[117.08986,4.33445],[117.09014,4.33472],[117.0918,4.33523],[117.09446,4.33573],[117.0963,4.33556],[117.09765,4.33519],[117.09783,4.33514],[117.09921,4.33464],[117.10024,4.33429],[117.10103,4.33407],[117.1015,4.33354],[117.10252,4.33344],[117.10309,4.33346],[117.10326,4.33341],[117.10439,4.3332],[117.10553,4.33309],[117.10581,4.33309],[117.10633,4.33307],[117.10659,4.3329],[117.10764,4.33281],[117.10883,4.33233],[117.10991,4.33302],[117.11073,4.33375],[117.11107,4.3346],[117.11208,4.33464],[117.11256,4.33473],[117.11309,4.33484],[117.11396,4.335],[117.11431,4.33504],[117.11548,4.33515],[117.11647,4.33587],[117.1176,4.33697],[117.11817,4.33779],[117.11887,4.33904],[117.11968,4.33997],[117.12078,4.34047],[117.12506,4.34219],[117.12647,4.34231],[117.12706,4.34256],[117.12741,4.34264],[117.12852,4.34245],[117.12902,4.34237],[117.12914,4.34235],[117.13001,4.34231],[117.13056,4.34227],[117.13067,4.34236],[117.1308,4.34249],[117.13165,4.34293],[117.13247,4.34376],[117.13298,4.34416],[117.13363,4.34428],[117.13401,4.34443],[117.13442,4.34482],[117.13453,4.34493],[117.13507,4.34497],[117.13599,4.34502],[117.13631,4.34489],[117.13698,4.34525],[117.13793,4.34504]]]]},"properties":{"kdprov":"65","kdkab":"04","kdkec":"090","kddesa":"001","kdsls":"0015","idsls":"65040900010015","nmprov":"KALIMANTAN UTARA","nmkab":"NUNUKAN","nmkec":"SEI MENGGARIS","nmdesa":"TABUR LESTARI","nmsls":"RT 015"}},{"type":"Feature","geometry":{"type":"MultiPolygon","coordinates":[[[[117.41802,4.18527],[117.42812,4.18902],[117.42908,4.18968],[117.42962,4.18983],[117.42985,4.18989],[117.43056,4.19037],[117.43096,4.19045],[117.43197,4.19113],[117.43458,4.19321],[117.44114,4.19756],[117.44146,4.19704],[117.44151,4.19553],[117.44123,4.19536],[117.44157,4.19464],[117.44157,4.1944],[117.4422,4.19332],[117.44306,4.19158],[117.44388,4.19195],[117.44495,4.19084],[117.44501,4.19065],[117.44509,4.19059],[117.44508,4.19054],[117.44509,4.19039],[117.44501,4.19027],[117.44496,4.19016],[117.44487,4.19002],[117.4448,4.18991],[117.44473,4.18979],[117.44466,4.18968],[117.44463,4.18955],[117.4446,4.18945],[117.44458,4.18929],[117.44454,4.18907],[117.44448,4.18882],[117.44441,4.18861],[117.44435,4.18845],[117.44424,4.18829],[117.44414,4.1882],[117.44403,4.18812],[117.44389,4.18803],[117.44387,4.18795],[117.44387,4.18775],[117.44388,4.18758],[117.44391,4.18738],[117.44387,4.18723],[117.44387,4.18699],[117.44387,4.18685],[117.44382,4.18671],[117.44372,4.18657],[117.44355,4.18639],[117.44346,4.18631],[117.44344,4.18622],[117.4435,4.18603],[117.44351,4.18569],[117.44341,4.18459],[117.44336,4.18384],[117.44333,4.18316],[117.44328,4.18254],[117.44327,4.1821],[117.44335,4.1818],[117.44351,4.18129],[117.44367,4.18106],[117.44384,4.1808],[117.4441,4.18059],[117.44436,4.18044],[117.44458,4.18038],[117.44461,4.18032],[117.44455,4.18024],[117.44452,4.18018],[117.44451,4.18011],[117.44455,4.18005],[117.44458,4.18001],[117.44457,4.17994],[117.44455,4.17989],[117.44451,4.17984],[117.44444,4.17983],[117.4444,4.17981],[117.44442,4.17973],[117.44447,4.17969],[117.44454,4.1796],[117.44458,4.17949],[117.44458,4.17942],[117.44459,4.17936],[117.44462,4.17928],[117.44467,4.1792],[117.44469,4.17915],[117.44467,4.17908],[117.44463,4.17903],[117.44461,4.17898],[117.44464,4.17892],[117.44465,4.17886],[117.44463,4.1788],[117.44464,4.17872],[117.44467,4.17864],[117.44467,4.17857],[117.44463,4.17853],[117.44458,4.17849],[117.44454,4.17846],[117.44453,4.17841],[117.44452,4.17834],[117.4445,4.17831],[117.44447,4.17827],[117.44449,4.1782],[117.44452,4.17817],[117.4445,4.17809],[117.44447,4.17807],[117.44446,4.17802],[117.44449,4.17795],[117.44455,4.1779],[117.44459,4.17785],[117.44463,4.1778],[117.44464,4.17773],[117.4446,4.17769],[117.44455,4.17772],[117.44449,4.17773],[117.44446,4.17767],[117.44445,4.17762],[117.44441,4.17754],[117.44436,4.17751],[117.44432,4.17751],[117.44425,4.17753],[117.44417,4.17753],[117.44414,4.17751],[117.44411,4.17744],[117.44409,4.17737],[117.44404,4.1773],[117.44395,4.17729],[117.4439,4.17728],[117.44384,4.17723],[117.44379,4.17717],[117.44376,4.17712],[117.44376,4.17704],[117.44377,4.17695],[117.44374,4.1769],[117.44368,4.17683],[117.44365,4.17677],[117.44358,4.17667],[117.44352,4.17655],[117.4435,4.17644],[117.44346,4.17638],[117.4434,4.1763],[117.44342,4.17621],[117.44348,4.17618],[117.44359,4.17615],[117.44365,4.17612],[117.4437,4.17607],[117.44368,4.17601],[117.44364,4.17593],[117.44368,4.17584],[117.44372,4.17581],[117.4438,4.17578],[117.44384,4.17571],[117.44385,4.17557],[117.44376,4.17544],[117.44383,4.17527],[117.44344,4.175],[117.44298,4.17456],[117.4421,4.1743],[117.44131,4.17367],[117.44084,4.17293],[117.44,4.17151],[117.44014,4.1711],[117.44064,4.17047],[117.44139,4.17041],[117.44147,4.16969],[117.44059,4.16888],[117.44026,4.16824],[117.43968,4.16685],[117.4397,4.16669],[117.43979,4.16659],[117.43988,4.16641],[117.4398,4.16613],[117.4398,4.16582],[117.43995,4.1657],[117.44007,4.16567],[117.44019,4.1656],[117.44037,4.16555],[117.44055,4.16549],[117.44062,4.16538],[117.44061,4.16522],[117.4404,4.16514],[117.44025,4.16494],[117.44022,4.16475],[117.44026,4.16448],[117.44027,4.16418],[117.44021,4.16376],[117.44009,4.16343],[117.4399,4.16293],[117.43963,4.16253],[117.43936,4.16199],[117.43926,4.16136],[117.43949,4.1611],[117.43999,4.16096],[117.44031,4.161],[117.44071,4.16098],[117.44122,4.1608],[117.44156,4.16055],[117.44203,4.16011],[117.44288,4.15997],[117.44363,4.15976],[117.44421,4.15938],[117.44464,4.15864],[117.44519,4.15767],[117.44528,4.15619],[117.44471,4.1543],[117.444,4.15228],[117.44383,4.1511],[117.44278,4.15073],[117.44136,4.14945],[117.44079,4.14809],[117.43968,4.14543],[117.43872,4.14396],[117.43656,4.14387],[117.43466,4.14424],[117.4323,4.14399],[117.42532,4.13062],[117.41553,4.13618],[117.41224,4.14313],[117.41358,4.14427],[117.41608,4.14554],[117.41898,4.14616],[117.42145,4.14747],[117.42352,4.1495],[117.42434,4.1522],[117.42346,4.1544],[117.42216,4.15523],[117.41935,4.15625],[117.41662,4.15599],[117.41386,4.15571],[117.41244,4.15684],[117.41233,4.15956],[117.41324,4.161],[117.41494,4.16242],[117.41727,4.165],[117.41906,4.16755],[117.4196,4.17012],[117.41886,4.17242],[117.41807,4.17412],[117.4167,4.17497],[117.41622,4.17562],[117.41599,4.1764],[117.41575,4.17676],[117.41531,4.1769],[117.41474,4.17688],[117.41422,4.17674],[117.41389,4.17676],[117.41356,4.17689],[117.4133,4.17723],[117.41335,4.17774],[117.41347,4.17801],[117.41375,4.17812],[117.41421,4.17829],[117.41452,4.17843],[117.4147,4.17871],[117.41448,4.17897],[117.41422,4.17915],[117.41415,4.17948],[117.41432,4.17986],[117.41448,4.17996],[117.41499,4.18047],[117.41505,4.18102],[117.41523,4.18143],[117.41497,4.18187],[117.4145,4.18211],[117.4145,4.18292],[117.41477,4.18341],[117.41528,4.18374],[117.41565,4.18409],[117.4158,4.18459],[117.41637,4.18469],[117.41682,4.18443],[117.41724,4.18453],[117.41776,4.1848],[117.41802,4.18527]]]]},"properties":{"kdprov":"65","kdkab":"04","kdkec":"090","kddesa":"004","kdsls":"0003","idsls":"65040900040003","nmprov":"KALIMANTAN UTARA","nmkab":"NUNUKAN","nmkec":"SEI MENGGARIS","nmdesa":"SEKADUYAN TAKA","nmsls":"RT 003"}},{"type":"Feature","geometry":{"type":"MultiPolygon","coordinates":[[[[117.47212,4.15596],[117.47657,4.15529],[117.47797,4.15624],[117.47794,4.15646],[117.47878,4.15712],[117.49499,4.1568],[117.49506,4.15442],[117.49387,4.15306],[117.49359,4.15074],[117.49472,4.14904],[117.49484,4.14802],[117.49437,4.14776],[117.49401,4.14745],[117.49372,4.14695],[117.49366,4.14656],[117.49354,4.14615],[117.49356,4.14574],[117.49369,4.1455],[117.49398,4.14503],[117.49411,4.14471],[117.49424,4.1443],[117.49447,4.14358],[117.49447,4.14334],[117.49454,4.14315],[117.49465,4.14293],[117.49467,4.14245],[117.49469,4.14195],[117.49469,4.14142],[117.49454,4.14097],[117.49427,4.14074],[117.49396,4.14054],[117.49381,4.14014],[117.49377,4.13946],[117.49587,4.13819],[117.49743,4.13686],[117.49806,4.1349],[117.49701,4.13281],[117.49522,4.13074],[117.49278,4.12737],[117.49227,4.12496],[117.49204,4.12105],[117.49221,4.11865],[117.49181,4.11516],[117.49144,4.11261],[117.49516,4.09806],[117.49495,4.09186],[117.45925,4.10822],[117.44706,4.11893],[117.42862,4.12875],[117.42532,4.13062],[117.4323,4.14399],[117.43466,4.14424],[117.43656,4.14387],[117.43872,4.14396],[117.43968,4.14543],[117.44079,4.14809],[117.44136,4.14945],[117.44278,4.15073],[117.44383,4.1511],[117.44904,4.1482],[117.45989,4.15039],[117.46312,4.14868],[117.46336,4.15011],[117.46393,4.15101],[117.46484,4.15163],[117.46569,4.15215],[117.47212,4.15596]]]]},"properties":{"kdprov":"65","kdkab":"04","kdkec":"090","kddesa":"004","kdsls":"0002","idsls":"65040900040002","nmprov":"KALIMANTAN UTARA","nmkab":"NUNUKAN","nmkec":"SEI MENGGARIS","nmdesa":"SEKADUYAN TAKA","nmsls":"RT 002"}},{"type":"Feature","geometry":{"type":"MultiPolygon","coordinates":[[[[117.4758,4.17198],[117.47212,4.15596],[117.46569,4.15215],[117.46484,4.15163],[117.46393,4.15101],[117.46336,4.15011],[117.46312,4.14868],[117.45989,4.15039],[117.44904,4.1482],[117.44383,4.1511],[117.444,4.15228],[117.44471,4.1543],[117.44528,4.15619],[117.44519,4.15767],[117.44464,4.15864],[117.44421,4.15938],[117.44363,4.15976],[117.44288,4.15997],[117.44203,4.16011],[117.44156,4.16055],[117.44122,4.1608],[117.44071,4.16098],[117.44031,4.161],[117.43999,4.16096],[117.43949,4.1611],[117.43926,4.16136],[117.43936,4.16199],[117.43963,4.16253],[117.4399,4.16293],[117.44009,4.16343],[117.44021,4.16376],[117.44027,4.16418],[117.44026,4.16448],[117.44022,4.16475],[117.44025,4.16494],[117.4404,4.16514],[117.44061,4.16522],[117.44062,4.16538],[117.44055,4.16549],[117.44037,4.16555],[117.44019,4.1656],[117.44007,4.16567],[117.43995,4.1657],[117.4398,4.16582],[117.4398,4.16613],[117.43988,4.16641],[117.43979,4.16659],[117.4397,4.16669],[117.43968,4.16685],[117.44026,4.16824],[117.44059,4.16888],[117.44147,4.16969],[117.44139,4.17041],[117.44064,4.17047],[117.44014,4.1711],[117.44,4.17151],[117.44084,4.17293],[117.44131,4.17367],[117.4421,4.1743],[117.44298,4.17456],[117.44344,4.175],[117.44383,4.17527],[117.44376,4.17544],[117.44385,4.17557],[117.44384,4.17571],[117.4438,4.17578],[117.44372,4.17581],[117.44368,4.17584],[117.44364,4.17593],[117.44368,4.17601],[117.4437,4.17607],[117.44365,4.17612],[117.44359,4.17615],[117.44348,4.17618],[117.44342,4.17621],[117.4434,4.1763],[117.44346,4.17638],[117.4435,4.17644],[117.44352,4.17655],[117.44358,4.17667],[117.44365,4.17677],[117.44368,4.17683],[117.44374,4.1769],[117.44377,4.17695],[117.44376,4.17704],[117.44376,4.17712],[117.44379,4.17717],[117.44384,4.17723],[117.4439,4.17728],[117.44395,4.17729],[117.44404,4.1773],[117.44409,4.17737],[117.44411,4.17744],[117.44414,4.17751],[117.44417,4.17753],[117.44425,4.17753],[117.44432,4.17751],[117.44436,4.17751],[117.44441,4.17754],[117.44445,4.17762],[117.44446,4.17767],[117.44449,4.17773],[117.44455,4.17772],[117.4446,4.17769],[117.44464,4.17773],[117.44463,4.1778],[117.44459,4.17785],[117.44455,4.1779],[117.44449,4.17795],[117.44446,4.17802],[117.44447,4.17807],[117.4445,4.17809],[117.44452,4.17817],[117.44449,4.1782],[117.44447,4.17827],[117.4445,4.17831],[117.44452,4.17834],[117.44453,4.17841],[117.44454,4.17846],[117.44458,4.17849],[117.44463,4.17853],[117.44467,4.17857],[117.44467,4.17864],[117.44464,4.17872],[117.44463,4.1788],[117.44465,4.17886],[117.44464,4.17892],[117.44461,4.17898],[117.44463,4.17903],[117.44467,4.17908],[117.44469,4.17915],[117.44467,4.1792],[117.44462,4.17928],[117.44459,4.17936],[117.44458,4.17942],[117.44458,4.17949],[117.44454,4.1796],[117.44447,4.17969],[117.44442,4.17973],[117.4444,4.17981],[117.44444,4.17983],[117.44451,4.17984],[117.44455,4.17989],[117.44457,4.17994],[117.44458,4.18001],[117.44455,4.18005],[117.44451,4.18011],[117.44452,4.18018],[117.44455,4.18024],[117.44461,4.18032],[117.44458,4.18038],[117.44436,4.18044],[117.4441,4.18059],[117.44384,4.1808],[117.44367,4.18106],[117.44351,4.18129],[117.44335,4.1818],[117.44327,4.1821],[117.44328,4.18254],[117.44333,4.18316],[117.44336,4.18384],[117.44341,4.18459],[117.44351,4.18569],[117.4435,4.18603],[117.44344,4.18622],[117.44346,4.18631],[117.44355,4.18639],[117.44372,4.18657],[117.44382,4.18671],[117.44387,4.18685],[117.44387,4.18699],[117.44387,4.18723],[117.44391,4.18738],[117.44388,4.18758],[117.44387,4.18775],[117.44387,4.18795],[117.44389,4.18803],[117.44403,4.18812],[117.44414,4.1882],[117.44424,4.18829],[117.44435,4.18845],[117.44441,4.18861],[117.44448,4.18882],[117.44454,4.18907],[117.44458,4.18929],[117.4446,4.18945],[117.44463,4.18955],[117.44466,4.18968],[117.44473,4.18979],[117.4448,4.18991],[117.44487,4.19002],[117.44496,4.19016],[117.44501,4.19027],[117.44509,4.19039],[117.44508,4.19054],[117.44509,4.19059],[117.44542,4.19036],[117.44575,4.19012],[117.44671,4.18943],[117.44764,4.18942],[117.448,4.18975],[117.44864,4.1903],[117.44955,4.19066],[117.44964,4.19011],[117.45002,4.18896],[117.45059,4.18805],[117.45336,4.18634],[117.45404,4.18621],[117.45399,4.18605],[117.4537,4.18501],[117.45443,4.18461],[117.45499,4.18456],[117.45506,4.18453],[117.45645,4.18403],[117.45679,4.18306],[117.45666,4.18266],[117.45685,4.18256],[117.45784,4.18183],[117.4582,4.18064],[117.45849,4.17965],[117.45861,4.17925],[117.45909,4.17822],[117.45917,4.17809],[117.4598,4.1781],[117.46017,4.17837],[117.46078,4.179],[117.46151,4.17871],[117.46169,4.17826],[117.46174,4.17818],[117.46244,4.17711],[117.4632,4.17696],[117.46376,4.17629],[117.46604,4.17416],[117.46854,4.17324],[117.46903,4.17324],[117.47056,4.1729],[117.47129,4.17286],[117.47234,4.17262],[117.4725,4.17253],[117.47335,4.17207],[117.47357,4.17201],[117.47416,4.17195],[117.47486,4.17177],[117.4758,4.17198]]]]},"properties":{"kdprov":"65","kdkab":"04","kdkec":"090","kddesa":"004","kdsls":"0011","idsls":"65040900040011","nmprov":"KALIMANTAN UTARA","nmkab":"NUNUKAN","nmkec":"SEI MENGGARIS","nmdesa":"SEKADUYAN TAKA","nmsls":"RT 011"}},{"type":"Feature","geometry":{"type":"MultiPolygon","coordinates":[[[[117.49499,4.1568],[117.47878,4.15712],[117.47794,4.15646],[117.47797,4.15624],[117.47657,4.15529],[117.47212,4.15596],[117.4758,4.17198],[117.47636,4.1709],[117.47644,4.17054],[117.47656,4.16991],[117.47696,4.16962],[117.47718,4.16928],[117.47751,4.16951],[117.47836,4.1688],[117.47914,4.1685],[117.47947,4.16871],[117.4799,4.16937],[117.48059,4.16991],[117.48133,4.16968],[117.48171,4.16933],[117.48176,4.16934],[117.48253,4.1695],[117.48308,4.16919],[117.48342,4.16898],[117.48396,4.16926],[117.48416,4.16925],[117.48467,4.16973],[117.48493,4.16988],[117.48556,4.17022],[117.48552,4.17049],[117.48573,4.17068],[117.48603,4.17122],[117.48615,4.17207],[117.4863,4.17244],[117.48673,4.1731],[117.48718,4.17343],[117.48788,4.17349],[117.48869,4.17349],[117.48972,4.17412],[117.49008,4.17442],[117.49059,4.17442],[117.49085,4.17426],[117.49109,4.17388],[117.49119,4.17373],[117.49201,4.17315],[117.49216,4.17279],[117.49282,4.17216],[117.493,4.1721],[117.49321,4.17153],[117.49337,4.17138],[117.49407,4.17131],[117.49504,4.1713],[117.49526,4.17158],[117.49577,4.172],[117.4962,4.17233],[117.4971,4.17236],[117.49717,4.17236],[117.49749,4.17236],[117.49794,4.17215],[117.49821,4.17188],[117.49833,4.1715],[117.49878,4.17053],[117.4995,4.16971],[117.49998,4.16883],[117.49982,4.16876],[117.50133,4.16905],[117.50143,4.16907],[117.50325,4.17038],[117.50647,4.17038],[117.50675,4.17033],[117.50929,4.16987],[117.5113,4.16896],[117.51472,4.16764],[117.51533,4.16633],[117.51673,4.16562],[117.5175,4.16532],[117.51643,4.16463],[117.51561,4.16401],[117.51473,4.16376],[117.51305,4.1641],[117.51058,4.16424],[117.50905,4.16404],[117.50715,4.16327],[117.50536,4.16262],[117.50439,4.16189],[117.5036,4.16044],[117.50274,4.15954],[117.50134,4.15924],[117.49996,4.15881],[117.49883,4.1586],[117.4978,4.15843],[117.49714,4.15853],[117.49651,4.15859],[117.4961,4.15864],[117.49549,4.15848],[117.49494,4.15833],[117.49499,4.1568]]]]},"properties":{"kdprov":"65","kdkab":"04","kdkec":"090","kddesa":"004","kdsls":"0010","idsls":"65040900040010","nmprov":"KALIMANTAN UTARA","nmkab":"NUNUKAN","nmkec":"SEI MENGGARIS","nmdesa":"SEKADUYAN TAKA","nmsls":"RT 010"}},{"type":"Feature","geometry":{"type":"MultiPolygon","coordinates":[[[[117.35916,4.24194],[117.35947,4.24182],[117.35958,4.24169],[117.35964,4.24162],[117.35973,4.24158],[117.35982,4.24155],[117.36022,4.24125],[117.36141,4.24081],[117.36191,4.2403],[117.36268,4.23915],[117.36302,4.23878],[117.3634,4.23799],[117.36419,4.2368],[117.3643,4.23521],[117.38292,4.18479],[117.37894,4.17989],[117.37676,4.17763],[117.37708,4.17734],[117.37737,4.17695],[117.37755,4.1766],[117.37741,4.17627],[117.37707,4.17574],[117.37673,4.1751],[117.37634,4.17448],[117.37612,4.17402],[117.37595,4.17341],[117.37588,4.17282],[117.37583,4.17218],[117.37579,4.17171],[117.37605,4.17103],[117.37616,4.17034],[117.37602,4.16968],[117.3761,4.16902],[117.37609,4.16838],[117.376,4.16773],[117.37583,4.16712],[117.3754,4.16645],[117.37501,4.16587],[117.37457,4.16547],[117.37411,4.16519],[117.37358,4.16481],[117.3732,4.16444],[117.37266,4.164],[117.3721,4.16361],[117.37181,4.1632],[117.37135,4.16288],[117.37092,4.1626],[117.36996,4.1642],[117.366,4.17496],[117.36372,4.18115],[117.35961,4.19537],[117.35031,4.21625],[117.34861,4.22006],[117.3475,4.22155],[117.34229,4.22853],[117.34248,4.22862],[117.34308,4.22884],[117.34316,4.22887],[117.34346,4.22898],[117.34365,4.22904],[117.34403,4.22914],[117.3447,4.22948],[117.34483,4.22955],[117.34497,4.22962],[117.34509,4.22979],[117.34518,4.23018],[117.34519,4.23022],[117.34521,4.23034],[117.34531,4.23092],[117.34539,4.23169],[117.3454,4.23177],[117.34542,4.2324],[117.3455,4.23294],[117.34568,4.23331],[117.34593,4.23361],[117.34617,4.23381],[117.34664,4.23401],[117.34681,4.23409],[117.34695,4.23415],[117.34707,4.23421],[117.34718,4.23427],[117.34736,4.23437],[117.3476,4.23437],[117.34781,4.23432],[117.34807,4.23432],[117.3483,4.23434],[117.34855,4.2344],[117.34882,4.23446],[117.34897,4.23451],[117.34913,4.23456],[117.34946,4.23474],[117.34971,4.23486],[117.35015,4.23506],[117.35058,4.2353],[117.35063,4.23535],[117.35087,4.23593],[117.35111,4.23628],[117.35124,4.23655],[117.35125,4.23658],[117.35129,4.23672],[117.3512,4.237],[117.35113,4.23725],[117.35098,4.23754],[117.35084,4.23775],[117.35064,4.2379],[117.35043,4.23802],[117.35016,4.23814],[117.34996,4.23822],[117.34972,4.23837],[117.34944,4.23851],[117.34919,4.23863],[117.34896,4.23865],[117.34829,4.23864],[117.34775,4.23873],[117.34732,4.23895],[117.347,4.2392],[117.34666,4.23954],[117.34643,4.2397],[117.34645,4.23973],[117.34647,4.23975],[117.34658,4.23996],[117.3468,4.24019],[117.34704,4.24041],[117.34738,4.24071],[117.34746,4.24077],[117.34765,4.24089],[117.34777,4.24094],[117.34795,4.241],[117.34815,4.24104],[117.34836,4.24102],[117.34871,4.24099],[117.34925,4.24089],[117.34976,4.24085],[117.35017,4.24077],[117.35067,4.24075],[117.35106,4.24084],[117.35122,4.2409],[117.35152,4.24099],[117.35191,4.24111],[117.35236,4.24123],[117.3525,4.24126],[117.3528,4.24132],[117.35306,4.24129],[117.35333,4.24117],[117.35349,4.2411],[117.35368,4.24097],[117.35402,4.24091],[117.35435,4.2409],[117.35437,4.2409],[117.35465,4.24092],[117.35506,4.24098],[117.35514,4.24099],[117.35541,4.24103],[117.35558,4.24103],[117.35576,4.24098],[117.35585,4.24096],[117.35612,4.2409],[117.3565,4.24095],[117.35684,4.24104],[117.35698,4.2411],[117.35704,4.24113],[117.3572,4.24134],[117.35733,4.24159],[117.35747,4.24177],[117.35769,4.24188],[117.35769,4.24188],[117.35794,4.24196],[117.35824,4.242],[117.35862,4.242],[117.35916,4.24194]]]]},"properties":{"kdprov":"65","kdkab":"04","kdkec":"090","kddesa":"004","kdsls":"0014","idsls":"65040900040014","nmprov":"KALIMANTAN UTARA","nmkab":"NUNUKAN","nmkec":"SEI MENGGARIS","nmdesa":"SEKADUYAN TAKA","nmsls":"RT 014"}},{"type":"Feature","geometry":{"type":"MultiPolygon","coordinates":[[[[117.29414,4.18024],[117.29412,4.18017],[117.29406,4.17997],[117.29396,4.17968],[117.29395,4.17942],[117.29395,4.17913],[117.29399,4.17877],[117.29399,4.17855],[117.29301,4.1774],[117.29296,4.17726],[117.29302,4.17706],[117.29288,4.17696],[117.29282,4.17682],[117.29306,4.1765],[117.29316,4.17628],[117.29314,4.17584],[117.29288,4.17557],[117.29246,4.17524],[117.29088,4.17452],[117.28976,4.17336],[117.28893,4.17231],[117.28762,4.17132],[117.28658,4.17056],[117.28583,4.16986],[117.28508,4.16914],[117.28444,4.16859],[117.28428,4.16827],[117.28414,4.16778],[117.28414,4.16742],[117.28402,4.16735],[117.28382,4.1673],[117.28359,4.16729],[117.28302,4.16725],[117.28237,4.16715],[117.28161,4.16713],[117.28087,4.16739],[117.28036,4.16723],[117.27974,4.16706],[117.27901,4.16684],[117.27831,4.16661],[117.27812,4.16656],[117.2778,4.16639],[117.2775,4.16622],[117.2772,4.16609],[117.2769,4.16598],[117.27668,4.16589],[117.27643,4.16575],[117.27618,4.1656],[117.27599,4.16556],[117.2758,4.16552],[117.2757,4.16548],[117.27562,4.16544],[117.27549,4.16535],[117.27532,4.16534],[117.27494,4.16534],[117.27481,4.16529],[117.27446,4.16538],[117.274,4.16541],[117.27351,4.16541],[117.2732,4.16543],[117.27299,4.16548],[117.27287,4.1656],[117.27267,4.16577],[117.27233,4.16596],[117.27197,4.16611],[117.27172,4.16618],[117.2716,4.16592],[117.27142,4.16572],[117.27109,4.1657],[117.27078,4.1657],[117.2705,4.1658],[117.27029,4.16594],[117.27012,4.16615],[117.26995,4.1664],[117.26982,4.16658],[117.26965,4.16664],[117.2695,4.16665],[117.26942,4.16663],[117.26941,4.16665],[117.26856,4.16837],[117.26684,4.17051],[117.26357,4.17122],[117.26172,4.17086],[117.25928,4.17116],[117.25702,4.17265],[117.25738,4.17521],[117.25747,4.17538],[117.25952,4.17919],[117.26714,4.18419],[117.27529,4.188],[117.28237,4.19091],[117.28502,4.19167],[117.28736,4.1854],[117.29414,4.18024]]]]},"properties":{"kdprov":"65","kdkab":"04","kdkec":"090","kddesa":"003","kdsls":"0012","idsls":"65040900030012","nmprov":"KALIMANTAN UTARA","nmkab":"NUNUKAN","nmkec":"SEI MENGGARIS","nmdesa":"SRI NANTI","nmsls":"RT 012"}},{"type":"Feature","geometry":{"type":"MultiPolygon","coordinates":[[[[117.2196,4.17303],[117.22038,4.17493],[117.22014,4.17568],[117.21926,4.17652],[117.21926,4.1781],[117.2199,4.17842],[117.21986,4.1799],[117.21887,4.18081],[117.21754,4.18158],[117.21648,4.18197],[117.21518,4.18267],[117.21501,4.18341],[117.21532,4.18401],[117.21585,4.18464],[117.21743,4.18752],[117.21715,4.18917],[117.21771,4.19121],[117.21799,4.19289],[117.21705,4.19367],[117.19557,4.21206],[117.20658,4.21649],[117.2072,4.21714],[117.20711,4.2174],[117.20709,4.21793],[117.20705,4.21834],[117.20706,4.21862],[117.2071,4.21898],[117.20714,4.2192],[117.20717,4.21933],[117.20723,4.21947],[117.2073,4.21959],[117.20747,4.21973],[117.20761,4.21979],[117.20786,4.21982],[117.20799,4.21986],[117.20837,4.21996],[117.20862,4.22001],[117.20882,4.22007],[117.20904,4.22017],[117.20916,4.2202],[117.20938,4.22026],[117.20956,4.22043],[117.20966,4.22039],[117.20979,4.22031],[117.20994,4.22022],[117.21008,4.22013],[117.21028,4.22004],[117.21049,4.22001],[117.21065,4.22001],[117.21079,4.22003],[117.21092,4.22006],[117.21106,4.22004],[117.21126,4.22005],[117.21142,4.22008],[117.21157,4.22014],[117.21166,4.2202],[117.21173,4.2203],[117.21177,4.22043],[117.21182,4.2206],[117.21186,4.22077],[117.2119,4.22089],[117.21192,4.22106],[117.21194,4.22117],[117.212,4.22135],[117.21206,4.2215],[117.21215,4.22166],[117.21227,4.22192],[117.21236,4.22222],[117.21246,4.22253],[117.21252,4.22283],[117.2126,4.22317],[117.21263,4.2234],[117.21269,4.22347],[117.21467,4.22199],[117.21573,4.22189],[117.21639,4.22132],[117.21686,4.22093],[117.21735,4.2208],[117.21785,4.22083],[117.2182,4.22089],[117.21865,4.22083],[117.21917,4.22084],[117.2196,4.22091],[117.21993,4.22086],[117.2203,4.22079],[117.22062,4.22074],[117.22093,4.22065],[117.22131,4.22046],[117.22155,4.22034],[117.2218,4.22004],[117.22213,4.21976],[117.22242,4.21962],[117.22267,4.21961],[117.22302,4.21963],[117.22331,4.21973],[117.22353,4.21978],[117.2239,4.21979],[117.2241,4.21976],[117.22436,4.21969],[117.22459,4.21962],[117.22481,4.21955],[117.22497,4.21945],[117.22514,4.21934],[117.22563,4.21884],[117.22611,4.21836],[117.22646,4.21815],[117.22661,4.21804],[117.22677,4.21795],[117.22686,4.21797],[117.22704,4.21806],[117.22729,4.21808],[117.22777,4.21795],[117.22831,4.218],[117.22873,4.21793],[117.2288,4.21772],[117.2284,4.2176],[117.22868,4.21711],[117.22903,4.21667],[117.22959,4.21636],[117.2297,4.21676],[117.22998,4.21684],[117.23017,4.21689],[117.23039,4.21695],[117.23074,4.21708],[117.23106,4.2172],[117.23145,4.21741],[117.23178,4.2176],[117.23193,4.21765],[117.23208,4.21771],[117.23213,4.21771],[117.23239,4.21768],[117.23256,4.21768],[117.23268,4.21768],[117.23271,4.2176],[117.23273,4.21751],[117.23285,4.21743],[117.23307,4.21722],[117.23319,4.21672],[117.23351,4.21641],[117.23431,4.21627],[117.23536,4.21583],[117.23687,4.21494],[117.2373,4.21466],[117.23704,4.21445],[117.23631,4.21382],[117.23318,4.20903],[117.23291,4.20751],[117.23321,4.20745],[117.23354,4.20735],[117.23379,4.20726],[117.23407,4.20718],[117.23423,4.2071],[117.23439,4.20692],[117.23478,4.2064],[117.23513,4.20604],[117.23545,4.2057],[117.23562,4.20556],[117.23596,4.20533],[117.23629,4.20506],[117.23653,4.20489],[117.23668,4.20489],[117.23667,4.20489],[117.23657,4.20471],[117.23649,4.20463],[117.23644,4.20458],[117.23624,4.20442],[117.23606,4.20422],[117.23583,4.20417],[117.23543,4.20409],[117.23522,4.20405],[117.23515,4.20392],[117.23529,4.20363],[117.23544,4.20323],[117.23565,4.20266],[117.23577,4.2024],[117.23586,4.20216],[117.23582,4.20204],[117.23581,4.20202],[117.23565,4.20186],[117.23527,4.20169],[117.23484,4.20156],[117.23475,4.20155],[117.23463,4.20156],[117.23459,4.20157],[117.23444,4.20155],[117.23435,4.20154],[117.23405,4.20152],[117.23388,4.20149],[117.23374,4.20146],[117.23367,4.20145],[117.23346,4.20142],[117.23321,4.20145],[117.23304,4.20149],[117.23286,4.20156],[117.23269,4.20162],[117.23253,4.20163],[117.23237,4.20159],[117.23233,4.20158],[117.23228,4.20157],[117.23225,4.20149],[117.23224,4.20146],[117.23226,4.20121],[117.23228,4.20089],[117.2322,4.20067],[117.23216,4.20037],[117.23212,4.20018],[117.2321,4.19999],[117.23205,4.1998],[117.23199,4.19961],[117.23182,4.19932],[117.23171,4.19918],[117.23164,4.19909],[117.23162,4.19905],[117.23153,4.19891],[117.23145,4.19858],[117.23131,4.19828],[117.23116,4.19785],[117.23109,4.1975],[117.23104,4.19688],[117.23105,4.1967],[117.23107,4.19635],[117.23101,4.19619],[117.23077,4.19579],[117.23056,4.19553],[117.2304,4.19534],[117.23038,4.19523],[117.2304,4.19509],[117.2305,4.19496],[117.23062,4.19489],[117.23063,4.19477],[117.2306,4.19469],[117.23055,4.19456],[117.2305,4.19434],[117.23048,4.19427],[117.23047,4.19422],[117.2304,4.19402],[117.23035,4.19386],[117.23023,4.19355],[117.23018,4.19337],[117.23015,4.19316],[117.23015,4.19315],[117.23021,4.19296],[117.23033,4.19263],[117.23047,4.19236],[117.23059,4.19225],[117.23078,4.19205],[117.23097,4.19181],[117.23106,4.19156],[117.23108,4.19129],[117.23109,4.19107],[117.23113,4.19088],[117.23118,4.19069],[117.23118,4.19068],[117.2312,4.19054],[117.23122,4.19039],[117.23122,4.19021],[117.23122,4.19006],[117.23128,4.18984],[117.23129,4.18964],[117.23144,4.1895],[117.23161,4.1894],[117.23187,4.1893],[117.23214,4.18912],[117.23231,4.18897],[117.23246,4.18874],[117.23257,4.18865],[117.23273,4.1885],[117.23295,4.18841],[117.23317,4.18836],[117.2334,4.1884],[117.23352,4.1884],[117.23358,4.18839],[117.23385,4.18844],[117.23404,4.18834],[117.23415,4.18817],[117.23413,4.18791],[117.234,4.18765],[117.23362,4.18698],[117.23355,4.18684],[117.23347,4.18663],[117.23337,4.18635],[117.23336,4.18632],[117.23336,4.18631],[117.2333,4.18602],[117.23334,4.1859],[117.23336,4.18571],[117.2338,4.18563],[117.23411,4.18557],[117.23405,4.18553],[117.23399,4.18549],[117.23393,4.1854],[117.23384,4.18526],[117.23374,4.18513],[117.23362,4.18505],[117.23353,4.18498],[117.23354,4.18491],[117.2336,4.18465],[117.2336,4.18464],[117.23357,4.18452],[117.23352,4.18429],[117.23351,4.18404],[117.23355,4.18371],[117.23355,4.1837],[117.23353,4.18349],[117.23337,4.18328],[117.23329,4.18318],[117.2332,4.18309],[117.23314,4.18303],[117.23301,4.18291],[117.23292,4.1828],[117.23286,4.18266],[117.23281,4.18249],[117.23281,4.18246],[117.23278,4.18222],[117.23273,4.18205],[117.23268,4.18193],[117.23261,4.18179],[117.23254,4.1816],[117.23248,4.18145],[117.23245,4.18129],[117.23241,4.1811],[117.2324,4.18109],[117.23239,4.18085],[117.23238,4.18064],[117.23241,4.1803],[117.23245,4.18018],[117.23252,4.18002],[117.23261,4.17992],[117.23272,4.17985],[117.23284,4.17979],[117.23313,4.17965],[117.23361,4.17941],[117.2338,4.17924],[117.23397,4.17907],[117.23422,4.17887],[117.23438,4.17865],[117.23458,4.17842],[117.23478,4.17807],[117.23475,4.17803],[117.23466,4.17792],[117.23457,4.17754],[117.23443,4.17729],[117.23417,4.17718],[117.23388,4.17721],[117.23353,4.17716],[117.23333,4.17703],[117.2333,4.177],[117.23316,4.17686],[117.23308,4.17682],[117.23298,4.17678],[117.23286,4.17673],[117.23261,4.17685],[117.23237,4.17682],[117.23214,4.17672],[117.23185,4.17669],[117.23156,4.17668],[117.23144,4.17668],[117.23132,4.17667],[117.23084,4.17651],[117.23055,4.1763],[117.23045,4.17623],[117.23008,4.17591],[117.22997,4.17575],[117.22986,4.1756],[117.22963,4.17529],[117.22945,4.17513],[117.22938,4.17501],[117.22926,4.17482],[117.22918,4.17453],[117.22916,4.17445],[117.22896,4.17412],[117.22869,4.17383],[117.22863,4.17356],[117.22862,4.17354],[117.22859,4.17319],[117.2286,4.17283],[117.22852,4.17253],[117.22847,4.1724],[117.22844,4.17234],[117.22836,4.17211],[117.22794,4.17204],[117.22727,4.17199],[117.22678,4.17183],[117.22626,4.17162],[117.2259,4.17144],[117.22549,4.17144],[117.2245,4.17152],[117.22378,4.17152],[117.22316,4.17162],[117.22241,4.17165],[117.22189,4.1716],[117.2214,4.1716],[117.22106,4.17171],[117.22085,4.17195],[117.22053,4.17208],[117.21999,4.17246],[117.2196,4.17303]]]]},"properties":{"kdprov":"65","kdkab":"04","kdkec":"090","kddesa":"001","kdsls":"0009","idsls":"65040900010009","nmprov":"KALIMANTAN UTARA","nmkab":"NUNUKAN","nmkec":"SEI MENGGARIS","nmdesa":"TABUR LESTARI","nmsls":"RT 009"}},{"type":"Feature","geometry":{"type":"MultiPolygon","coordinates":[[[[117.32306,4.25064],[117.32333,4.2504],[117.32817,4.24543],[117.33463,4.2388],[117.34229,4.22853],[117.3475,4.22155],[117.34861,4.22006],[117.35031,4.21625],[117.35961,4.19537],[117.36372,4.18115],[117.366,4.17496],[117.34893,4.17082],[117.34876,4.17082],[117.33982,4.17065],[117.3303,4.17048],[117.32499,4.17038],[117.32061,4.17116],[117.32035,4.17332],[117.32159,4.17994],[117.32211,4.18738],[117.32046,4.191],[117.31738,4.19383],[117.31658,4.19443],[117.3168,4.1949],[117.31715,4.19538],[117.3173,4.19577],[117.31743,4.19599],[117.3174,4.19619],[117.31741,4.19648],[117.31742,4.19679],[117.31741,4.19707],[117.31741,4.1975],[117.31741,4.19767],[117.31739,4.1979],[117.3174,4.19807],[117.31742,4.19826],[117.31743,4.19848],[117.31743,4.19851],[117.31744,4.19854],[117.31745,4.19879],[117.31746,4.19904],[117.31744,4.19926],[117.31746,4.19954],[117.31744,4.19974],[117.31742,4.19987],[117.3174,4.20018],[117.3174,4.20032],[117.3174,4.20049],[117.31739,4.20066],[117.31737,4.20077],[117.31735,4.20094],[117.31732,4.20106],[117.31729,4.20116],[117.31727,4.20125],[117.31723,4.2014],[117.31717,4.20156],[117.31711,4.20166],[117.31704,4.20175],[117.31695,4.20185],[117.31684,4.202],[117.31673,4.20218],[117.31661,4.20237],[117.31644,4.20253],[117.31634,4.20266],[117.316,4.20297],[117.31564,4.20334],[117.31536,4.2036],[117.31521,4.20376],[117.31514,4.2038],[117.31507,4.20396],[117.31496,4.20412],[117.31456,4.20452],[117.31436,4.20473],[117.31416,4.20495],[117.31396,4.20516],[117.31384,4.20527],[117.31363,4.20543],[117.31345,4.20557],[117.3133,4.20572],[117.31317,4.20587],[117.31297,4.20608],[117.31283,4.20625],[117.31275,4.20635],[117.31252,4.20655],[117.31236,4.20667],[117.31224,4.2068],[117.31213,4.20693],[117.31199,4.20705],[117.31186,4.20721],[117.31172,4.2074],[117.3115,4.20773],[117.31133,4.20799],[117.31123,4.2082],[117.31113,4.20836],[117.31096,4.2086],[117.31079,4.20898],[117.31059,4.20937],[117.3104,4.2097],[117.31029,4.21001],[117.3101,4.21044],[117.30995,4.21074],[117.30976,4.21105],[117.3094,4.21171],[117.30925,4.21203],[117.30905,4.21237],[117.30891,4.21264],[117.30875,4.21293],[117.30864,4.21306],[117.30776,4.21263],[117.30732,4.21332],[117.30771,4.2136],[117.30743,4.21603],[117.307,4.21596],[117.30686,4.21592],[117.30679,4.21634],[117.30812,4.21655],[117.30869,4.21666],[117.30891,4.21706],[117.30912,4.21821],[117.30942,4.21877],[117.30928,4.21916],[117.30877,4.2195],[117.3083,4.2203],[117.30797,4.22147],[117.30841,4.22224],[117.3082,4.22285],[117.30758,4.22398],[117.30734,4.22535],[117.30767,4.22601],[117.3083,4.22723],[117.30864,4.22801],[117.30911,4.22886],[117.30982,4.22833],[117.31041,4.22935],[117.31054,4.22979],[117.31059,4.23072],[117.31052,4.23147],[117.31072,4.2324],[117.31116,4.23317],[117.31201,4.23386],[117.31227,4.23344],[117.31298,4.23358],[117.31351,4.23359],[117.31419,4.23357],[117.31451,4.23328],[117.31478,4.23296],[117.31515,4.23275],[117.31546,4.23255],[117.31593,4.23247],[117.31625,4.23249],[117.31641,4.23249],[117.31642,4.23249],[117.31697,4.23251],[117.31714,4.23245],[117.31754,4.23233],[117.31787,4.23225],[117.31806,4.23243],[117.31799,4.23278],[117.31795,4.23302],[117.31785,4.23369],[117.31777,4.23408],[117.31772,4.2343],[117.31762,4.23474],[117.3176,4.23516],[117.31761,4.23543],[117.31752,4.23583],[117.31743,4.23621],[117.31743,4.23631],[117.31745,4.23665],[117.31745,4.23667],[117.31762,4.23705],[117.31771,4.23733],[117.3178,4.23757],[117.31791,4.23761],[117.31808,4.23768],[117.31833,4.23781],[117.3186,4.23799],[117.31876,4.23816],[117.31892,4.23854],[117.31903,4.23852],[117.31921,4.23839],[117.31937,4.23827],[117.31955,4.23813],[117.31963,4.23806],[117.31974,4.23804],[117.31988,4.23809],[117.32015,4.23823],[117.32042,4.23842],[117.32059,4.23851],[117.32069,4.23851],[117.3209,4.23857],[117.32109,4.23881],[117.32124,4.239],[117.32159,4.23945],[117.32168,4.23977],[117.32161,4.23997],[117.32145,4.24013],[117.32131,4.24025],[117.32117,4.24042],[117.321,4.24064],[117.32086,4.24079],[117.3207,4.24086],[117.32052,4.24095],[117.32037,4.24105],[117.32026,4.24118],[117.32011,4.24139],[117.32,4.24154],[117.31984,4.24177],[117.31965,4.24203],[117.3196,4.24228],[117.31959,4.24263],[117.31959,4.24316],[117.31963,4.24348],[117.31977,4.24381],[117.31999,4.24411],[117.32018,4.24444],[117.32022,4.2446],[117.32036,4.24515],[117.32042,4.24552],[117.32043,4.24558],[117.32058,4.24577],[117.32072,4.24591],[117.32078,4.24597],[117.32083,4.24603],[117.32093,4.24615],[117.32108,4.24656],[117.32109,4.2466],[117.32117,4.24688],[117.32127,4.2471],[117.3214,4.2472],[117.32158,4.24738],[117.32177,4.2475],[117.3219,4.2476],[117.32196,4.24765],[117.32204,4.24789],[117.32206,4.24811],[117.32198,4.24834],[117.32191,4.24865],[117.32189,4.249],[117.32194,4.24935],[117.32208,4.24959],[117.32213,4.24974],[117.32216,4.24981],[117.32229,4.25015],[117.32239,4.25037],[117.32246,4.25061],[117.32258,4.2508],[117.32271,4.25096],[117.32271,4.25096],[117.32306,4.25064]]]]},"properties":{"kdprov":"65","kdkab":"04","kdkec":"090","kddesa":"002","kdsls":"0001","idsls":"65040900020001","nmprov":"KALIMANTAN UTARA","nmkab":"NUNUKAN","nmkec":"SEI MENGGARIS","nmdesa":"SAMAENRE SEMAJA","nmsls":"RT 001"}},{"type":"Feature","geometry":{"type":"MultiPolygon","coordinates":[[[[117.2761,4.24852],[117.27505,4.24847],[117.27517,4.24637],[117.27521,4.2453],[117.2755,4.24549],[117.27562,4.24557],[117.27582,4.2456],[117.27608,4.24563],[117.27619,4.2456],[117.2765,4.2455],[117.27672,4.24539],[117.27664,4.24522],[117.27655,4.24505],[117.27657,4.2445],[117.27648,4.24397],[117.27641,4.24386],[117.2763,4.24367],[117.27608,4.24343],[117.2758,4.24336],[117.27582,4.24289],[117.27595,4.24258],[117.27638,4.2423],[117.27678,4.2423],[117.27745,4.24235],[117.27768,4.24238],[117.27787,4.24263],[117.27791,4.24268],[117.27809,4.24289],[117.2784,4.24319],[117.27846,4.24309],[117.27882,4.24295],[117.27953,4.24293],[117.27989,4.24311],[117.28001,4.24362],[117.28017,4.24386],[117.28042,4.24411],[117.28042,4.24412],[117.2807,4.24429],[117.28078,4.24434],[117.28116,4.24441],[117.28134,4.24425],[117.28147,4.24407],[117.28158,4.24377],[117.2817,4.24351],[117.28248,4.24246],[117.28355,4.24234],[117.28432,4.24201],[117.28497,4.24232],[117.28509,4.24237],[117.28613,4.24213],[117.28646,4.24151],[117.28658,4.24103],[117.28744,4.24103],[117.28804,4.24056],[117.28801,4.24045],[117.28783,4.23972],[117.28732,4.23898],[117.28714,4.23844],[117.28759,4.23803],[117.28783,4.23717],[117.28783,4.23675],[117.28881,4.23654],[117.28935,4.23627],[117.2903,4.23651],[117.29071,4.23676],[117.29074,4.23678],[117.29101,4.23592],[117.29122,4.23544],[117.29178,4.23505],[117.29164,4.23428],[117.29161,4.23376],[117.29161,4.23375],[117.29215,4.23341],[117.29225,4.23343],[117.29236,4.23344],[117.29243,4.23346],[117.29247,4.23347],[117.29264,4.23348],[117.29276,4.23345],[117.29284,4.23341],[117.29292,4.23334],[117.29302,4.23322],[117.29311,4.2331],[117.29316,4.23297],[117.29323,4.23285],[117.2933,4.23278],[117.29338,4.23271],[117.29354,4.23263],[117.29379,4.23251],[117.29398,4.23243],[117.29413,4.23237],[117.29427,4.23231],[117.29441,4.23226],[117.29452,4.23222],[117.29466,4.23214],[117.29486,4.23209],[117.29509,4.23212],[117.29543,4.23212],[117.29612,4.2322],[117.29657,4.23225],[117.29685,4.23229],[117.29706,4.23243],[117.29718,4.23251],[117.29727,4.23256],[117.29729,4.23258],[117.29748,4.23276],[117.29756,4.23287],[117.29773,4.23301],[117.29796,4.23298],[117.29825,4.23282],[117.29838,4.23273],[117.29842,4.23266],[117.29831,4.23244],[117.29826,4.23216],[117.29825,4.23193],[117.29825,4.23192],[117.29827,4.23172],[117.29844,4.23149],[117.29861,4.23141],[117.29873,4.23127],[117.29886,4.23111],[117.29887,4.23099],[117.29886,4.23088],[117.29885,4.23074],[117.29884,4.23066],[117.29883,4.23055],[117.29883,4.23045],[117.29883,4.23045],[117.29884,4.23034],[117.29887,4.23024],[117.29891,4.23017],[117.29896,4.23007],[117.29902,4.22999],[117.29913,4.22993],[117.29924,4.2299],[117.29947,4.22984],[117.29975,4.22967],[117.29992,4.22954],[117.30009,4.22934],[117.30028,4.22913],[117.30044,4.22887],[117.30054,4.22854],[117.30055,4.22823],[117.30048,4.22812],[117.30034,4.22788],[117.30016,4.22764],[117.30004,4.22737],[117.30004,4.22724],[117.29954,4.22704],[117.29998,4.22627],[117.30055,4.2266],[117.30063,4.22655],[117.30081,4.2264],[117.30106,4.22614],[117.30121,4.22598],[117.30132,4.22581],[117.30138,4.22566],[117.3015,4.2255],[117.3017,4.22528],[117.30172,4.22498],[117.30172,4.22497],[117.30169,4.22472],[117.30166,4.22457],[117.30166,4.22456],[117.30165,4.22453],[117.30159,4.22423],[117.3016,4.224],[117.30161,4.22382],[117.30161,4.22361],[117.30153,4.22324],[117.30144,4.22306],[117.30145,4.22295],[117.30148,4.22274],[117.30161,4.22238],[117.30182,4.22192],[117.30206,4.2217],[117.30231,4.22152],[117.30257,4.22136],[117.30279,4.2211],[117.30292,4.22092],[117.30302,4.22057],[117.30308,4.2203],[117.30317,4.22009],[117.30337,4.21975],[117.30358,4.21952],[117.30385,4.21918],[117.30403,4.21896],[117.30422,4.2186],[117.3044,4.21827],[117.30451,4.21796],[117.30455,4.21768],[117.30465,4.21728],[117.30469,4.21701],[117.30475,4.2168],[117.30494,4.21644],[117.30507,4.21613],[117.30529,4.21587],[117.30552,4.21578],[117.30576,4.21573],[117.3062,4.2158],[117.30667,4.21588],[117.30686,4.21592],[117.307,4.21596],[117.30743,4.21603],[117.30771,4.2136],[117.30732,4.21332],[117.30776,4.21263],[117.30864,4.21306],[117.30875,4.21293],[117.30891,4.21264],[117.30905,4.21237],[117.30925,4.21203],[117.3094,4.21171],[117.30976,4.21105],[117.30995,4.21074],[117.3101,4.21044],[117.31029,4.21001],[117.3104,4.2097],[117.31059,4.20937],[117.31079,4.20898],[117.31096,4.2086],[117.31113,4.20836],[117.31123,4.2082],[117.31133,4.20799],[117.3115,4.20773],[117.31172,4.2074],[117.31186,4.20721],[117.31199,4.20705],[117.31213,4.20693],[117.31224,4.2068],[117.31236,4.20667],[117.31252,4.20655],[117.31275,4.20635],[117.31283,4.20625],[117.31297,4.20608],[117.31317,4.20587],[117.3133,4.20572],[117.31345,4.20557],[117.31363,4.20543],[117.31384,4.20527],[117.31396,4.20516],[117.31416,4.20495],[117.31436,4.20473],[117.31456,4.20452],[117.31496,4.20412],[117.31507,4.20396],[117.31514,4.2038],[117.31521,4.20376],[117.31536,4.2036],[117.31564,4.20334],[117.316,4.20297],[117.31634,4.20266],[117.31644,4.20253],[117.31661,4.20237],[117.31673,4.20218],[117.31684,4.202],[117.31695,4.20185],[117.31704,4.20175],[117.31711,4.20166],[117.31717,4.20156],[117.31723,4.2014],[117.31727,4.20125],[117.31729,4.20116],[117.31732,4.20106],[117.31735,4.20094],[117.31737,4.20077],[117.31739,4.20066],[117.3174,4.20049],[117.3174,4.20032],[117.3174,4.20018],[117.31742,4.19987],[117.31744,4.19974],[117.31746,4.19954],[117.31744,4.19926],[117.31746,4.19904],[117.31745,4.19879],[117.31744,4.19854],[117.31743,4.19851],[117.31743,4.19848],[117.31742,4.19826],[117.3174,4.19807],[117.31739,4.1979],[117.31741,4.19767],[117.31741,4.1975],[117.31741,4.19707],[117.31742,4.19679],[117.31741,4.19648],[117.3174,4.19619],[117.31743,4.19599],[117.3173,4.19577],[117.31715,4.19538],[117.3168,4.1949],[117.31658,4.19443],[117.31738,4.19383],[117.32046,4.191],[117.32211,4.18738],[117.32159,4.17994],[117.32035,4.17332],[117.32061,4.17116],[117.30718,4.17355],[117.30164,4.17454],[117.29414,4.18024],[117.28736,4.1854],[117.28502,4.19167],[117.28231,4.19893],[117.27959,4.21206],[117.27897,4.21227],[117.27757,4.21289],[117.27615,4.21388],[117.2739,4.21501],[117.27113,4.2154],[117.26984,4.21463],[117.26878,4.21284],[117.26718,4.21083],[117.26583,4.2107],[117.2642,4.21116],[117.26152,4.2131],[117.2623,4.21485],[117.2627,4.21573],[117.26359,4.21585],[117.26513,4.21532],[117.26644,4.21597],[117.26763,4.21722],[117.26835,4.21787],[117.26835,4.21889],[117.26609,4.21948],[117.26549,4.22019],[117.26562,4.22042],[117.26579,4.22073],[117.26668,4.22067],[117.26775,4.22123],[117.26781,4.22127],[117.26817,4.22257],[117.26787,4.22412],[117.26603,4.22394],[117.26519,4.22353],[117.26496,4.22412],[117.26573,4.22519],[117.26617,4.22786],[117.24409,4.2312],[117.24108,4.23327],[117.24103,4.2333],[117.24102,4.23347],[117.24129,4.23383],[117.24142,4.23436],[117.24144,4.23447],[117.24175,4.2352],[117.24187,4.23533],[117.24193,4.2354],[117.24197,4.23568],[117.24186,4.23601],[117.24157,4.23615],[117.24134,4.23624],[117.24071,4.23652],[117.24036,4.23686],[117.23997,4.23727],[117.23996,4.23787],[117.24023,4.23838],[117.24051,4.23851],[117.24091,4.23844],[117.2413,4.23806],[117.24157,4.23779],[117.24202,4.23747],[117.24245,4.23723],[117.24266,4.23713],[117.24339,4.23725],[117.24375,4.23735],[117.24413,4.23738],[117.24441,4.23737],[117.24458,4.23742],[117.2447,4.23747],[117.24498,4.23759],[117.24511,4.23765],[117.24523,4.23772],[117.24536,4.2378],[117.24538,4.2378],[117.24574,4.23799],[117.24618,4.23812],[117.24646,4.23807],[117.2471,4.23789],[117.24745,4.23772],[117.24794,4.23756],[117.24823,4.23732],[117.24865,4.23698],[117.24906,4.23675],[117.24945,4.23653],[117.24958,4.23653],[117.24989,4.23667],[117.25028,4.23683],[117.25075,4.23685],[117.25115,4.23674],[117.25145,4.23663],[117.2517,4.23647],[117.25203,4.23635],[117.25236,4.23626],[117.25263,4.23624],[117.25294,4.23622],[117.2531,4.23608],[117.2534,4.23583],[117.25373,4.23562],[117.25406,4.23558],[117.25431,4.23574],[117.25454,4.23594],[117.25472,4.23617],[117.25496,4.23644],[117.25518,4.23654],[117.25544,4.23654],[117.25571,4.23643],[117.2559,4.23628],[117.256,4.23605],[117.25606,4.23569],[117.25615,4.23533],[117.25628,4.23494],[117.25663,4.23489],[117.25726,4.23481],[117.25768,4.23485],[117.258,4.23499],[117.25825,4.23537],[117.25827,4.23546],[117.25834,4.23579],[117.25825,4.23612],[117.25818,4.23624],[117.25814,4.23643],[117.25819,4.23666],[117.2583,4.23681],[117.2585,4.2369],[117.25876,4.23703],[117.25892,4.23721],[117.25907,4.23739],[117.25928,4.23766],[117.25932,4.23769],[117.25947,4.23782],[117.25954,4.23795],[117.2596,4.2381],[117.2596,4.23842],[117.25942,4.23878],[117.25933,4.23922],[117.25927,4.23972],[117.25934,4.24008],[117.25936,4.24009],[117.25952,4.24023],[117.25965,4.24032],[117.25994,4.2405],[117.2601,4.24058],[117.26017,4.24062],[117.26024,4.2409],[117.26018,4.2412],[117.26005,4.24154],[117.26002,4.24184],[117.26008,4.24202],[117.26015,4.24225],[117.26017,4.24251],[117.26003,4.24299],[117.25984,4.24343],[117.25969,4.24362],[117.2594,4.24381],[117.25916,4.24395],[117.25898,4.24411],[117.25887,4.2443],[117.25886,4.24462],[117.25887,4.24485],[117.25868,4.24522],[117.25855,4.24548],[117.26239,4.24503],[117.26398,4.24527],[117.26429,4.24531],[117.26434,4.24567],[117.26434,4.2457],[117.26436,4.24574],[117.26441,4.24586],[117.26448,4.24589],[117.26462,4.24594],[117.26481,4.24594],[117.26493,4.24601],[117.26508,4.24596],[117.26526,4.2459],[117.2654,4.24566],[117.26556,4.24549],[117.26589,4.24541],[117.26607,4.24542],[117.26632,4.24569],[117.26653,4.24581],[117.2667,4.24591],[117.26698,4.24604],[117.26722,4.24612],[117.26761,4.24622],[117.26796,4.24631],[117.26828,4.24632],[117.26828,4.24632],[117.26829,4.24632],[117.26843,4.24632],[117.26887,4.24633],[117.26932,4.24638],[117.26959,4.24642],[117.26988,4.24655],[117.27036,4.24659],[117.27123,4.24658],[117.27142,4.24666],[117.27193,4.24669],[117.27278,4.2468],[117.27309,4.24698],[117.27338,4.24753],[117.27383,4.2484],[117.27446,4.24892],[117.27523,4.2491],[117.27593,4.24896],[117.27608,4.24876],[117.2761,4.24852]]]]},"properties":{"kdprov":"65","kdkab":"04","kdkec":"090","kddesa":"002","kdsls":"0002","idsls":"65040900020002","nmprov":"KALIMANTAN UTARA","nmkab":"NUNUKAN","nmkec":"SEI MENGGARIS","nmdesa":"SAMAENRE SEMAJA","nmsls":"RT 002"}},{"type":"Feature","geometry":{"type":"MultiPolygon","coordinates":[[[[117.44114,4.19756],[117.43458,4.19321],[117.43197,4.19113],[117.43096,4.19045],[117.43056,4.19037],[117.42985,4.18989],[117.42962,4.18983],[117.42908,4.18968],[117.42812,4.18902],[117.41802,4.18527],[117.41758,4.18552],[117.41714,4.18548],[117.41685,4.18572],[117.41617,4.18573],[117.41566,4.18563],[117.41553,4.18572],[117.41509,4.18616],[117.41373,4.18663],[117.41407,4.18712],[117.41451,4.18743],[117.41478,4.18777],[117.41485,4.18823],[117.41464,4.18852],[117.4141,4.18834],[117.41399,4.18794],[117.41366,4.188],[117.4134,4.18861],[117.4133,4.18927],[117.41259,4.19053],[117.4121,4.19141],[117.41247,4.19188],[117.4118,4.19209],[117.41139,4.19243],[117.41099,4.19322],[117.41086,4.19372],[117.41088,4.19482],[117.41106,4.19504],[117.41142,4.19457],[117.41149,4.19546],[117.41156,4.19628],[117.41123,4.19713],[117.41109,4.19798],[117.41151,4.19855],[117.41166,4.19889],[117.41163,4.19938],[117.4115,4.19972],[117.41135,4.19995],[117.41135,4.20025],[117.41137,4.20049],[117.41132,4.20064],[117.41132,4.20072],[117.4113,4.20082],[117.41136,4.20101],[117.41152,4.20118],[117.41176,4.2012],[117.41183,4.20133],[117.4119,4.20143],[117.41208,4.20138],[117.41237,4.20133],[117.41263,4.20133],[117.41285,4.20135],[117.41312,4.20139],[117.4134,4.20147],[117.41369,4.20156],[117.41385,4.20161],[117.41408,4.20167],[117.41435,4.20173],[117.41449,4.20178],[117.4148,4.20185],[117.41507,4.20192],[117.41547,4.20205],[117.41586,4.20217],[117.41618,4.20231],[117.4165,4.20247],[117.41675,4.20259],[117.41702,4.20267],[117.4173,4.20269],[117.41756,4.20267],[117.41785,4.20267],[117.41815,4.20266],[117.41853,4.20264],[117.41916,4.20261],[117.41965,4.2026],[117.42018,4.20259],[117.42054,4.2026],[117.42076,4.20261],[117.42119,4.2026],[117.42161,4.20259],[117.422,4.20258],[117.42224,4.2026],[117.42273,4.20259],[117.42283,4.20283],[117.42297,4.20297],[117.42316,4.20311],[117.42338,4.20334],[117.42349,4.20346],[117.42359,4.20359],[117.42361,4.20366],[117.4237,4.20384],[117.42378,4.20402],[117.42384,4.20416],[117.42387,4.20429],[117.42386,4.20439],[117.42385,4.20445],[117.42387,4.20458],[117.42389,4.20467],[117.42386,4.20476],[117.42386,4.2049],[117.42388,4.20502],[117.42387,4.20511],[117.42388,4.2052],[117.42387,4.20525],[117.4239,4.20536],[117.42394,4.20547],[117.42397,4.20553],[117.42395,4.20558],[117.42397,4.20565],[117.42397,4.20574],[117.42401,4.20585],[117.42404,4.20595],[117.42406,4.20603],[117.42412,4.20621],[117.42414,4.20631],[117.42412,4.20641],[117.42415,4.20647],[117.42414,4.20652],[117.42416,4.20657],[117.42417,4.20666],[117.42419,4.20673],[117.42422,4.2068],[117.42426,4.20692],[117.42429,4.20707],[117.42431,4.20729],[117.4243,4.20739],[117.42426,4.20747],[117.42422,4.20753],[117.42419,4.20767],[117.42419,4.20779],[117.42423,4.20791],[117.42428,4.20809],[117.42431,4.20826],[117.42433,4.20834],[117.42437,4.20845],[117.4244,4.20853],[117.42443,4.20862],[117.42448,4.20875],[117.42456,4.20887],[117.42463,4.20897],[117.42474,4.20914],[117.42482,4.20928],[117.42494,4.20943],[117.425,4.2095],[117.42506,4.2096],[117.42512,4.20966],[117.42517,4.2097],[117.42519,4.20979],[117.42523,4.20987],[117.42532,4.20995],[117.42549,4.21007],[117.42556,4.21013],[117.42564,4.21017],[117.4258,4.21026],[117.42592,4.21036],[117.42603,4.21045],[117.42613,4.21053],[117.42632,4.21072],[117.42649,4.2109],[117.42667,4.21113],[117.42679,4.21131],[117.42686,4.21146],[117.42693,4.2116],[117.42701,4.21169],[117.4271,4.21177],[117.42719,4.21178],[117.42727,4.21186],[117.42736,4.21201],[117.42744,4.21207],[117.42751,4.21215],[117.4276,4.21223],[117.42769,4.21233],[117.42775,4.21242],[117.42782,4.21257],[117.42788,4.21274],[117.428,4.21297],[117.42816,4.21311],[117.42837,4.21311],[117.42849,4.21316],[117.42858,4.21281],[117.42875,4.21226],[117.43008,4.21105],[117.43021,4.21094],[117.43091,4.21039],[117.43221,4.21005],[117.43337,4.20978],[117.4344,4.20805],[117.43506,4.20827],[117.43588,4.20887],[117.4363,4.2085],[117.43713,4.20789],[117.4382,4.20784],[117.43892,4.20787],[117.43916,4.20661],[117.43903,4.20522],[117.43929,4.20476],[117.44004,4.20468],[117.44077,4.20306],[117.44139,4.20248],[117.44136,4.20235],[117.44163,4.20209],[117.44217,4.20145],[117.44222,4.20122],[117.44248,4.2002],[117.44233,4.19972],[117.44219,4.19951],[117.44184,4.1989],[117.44173,4.19872],[117.44114,4.19756]]]]},"properties":{"kdprov":"65","kdkab":"04","kdkec":"090","kddesa":"004","kdsls":"0012","idsls":"65040900040012","nmprov":"KALIMANTAN UTARA","nmkab":"NUNUKAN","nmkec":"SEI MENGGARIS","nmdesa":"SEKADUYAN TAKA","nmsls":"RT 012"}},{"type":"Feature","geometry":{"type":"MultiPolygon","coordinates":[[[[117.25961,4.21648],[117.25951,4.21531],[117.2593,4.21442],[117.25946,4.2135],[117.2599,4.21292],[117.26063,4.21269],[117.26144,4.21306],[117.26152,4.2131],[117.2642,4.21116],[117.26583,4.2107],[117.26718,4.21083],[117.26878,4.21284],[117.26984,4.21463],[117.27113,4.2154],[117.2739,4.21501],[117.27615,4.21388],[117.27757,4.21289],[117.27897,4.21227],[117.27959,4.21206],[117.28231,4.19893],[117.28502,4.19167],[117.28237,4.19091],[117.27529,4.188],[117.26714,4.18419],[117.25952,4.17919],[117.25747,4.17538],[117.2572,4.17542],[117.2561,4.17547],[117.25501,4.17554],[117.25413,4.17552],[117.25335,4.17563],[117.25271,4.17571],[117.25229,4.17576],[117.2519,4.1758],[117.25145,4.17577],[117.25091,4.17571],[117.25045,4.17564],[117.25001,4.17554],[117.24972,4.17551],[117.24965,4.1755],[117.2496,4.1755],[117.24942,4.17545],[117.249,4.17567],[117.2488,4.17574],[117.24858,4.17595],[117.2484,4.17611],[117.24822,4.17625],[117.24806,4.17639],[117.24792,4.17647],[117.24776,4.1765],[117.24761,4.17649],[117.24727,4.17642],[117.24706,4.17632],[117.24686,4.17635],[117.24671,4.17636],[117.24655,4.17624],[117.2464,4.17611],[117.24636,4.17604],[117.24618,4.17603],[117.24601,4.17604],[117.24585,4.17597],[117.24569,4.17584],[117.24542,4.17571],[117.24524,4.17567],[117.24498,4.17578],[117.2447,4.1759],[117.24442,4.17581],[117.24425,4.17554],[117.2441,4.17515],[117.24394,4.17476],[117.24381,4.17455],[117.24369,4.1745],[117.24336,4.17457],[117.24299,4.17472],[117.24249,4.17516],[117.24233,4.17533],[117.24208,4.17543],[117.2419,4.17562],[117.24158,4.17591],[117.24136,4.17613],[117.24115,4.17628],[117.24095,4.17632],[117.24069,4.17625],[117.24052,4.17622],[117.24042,4.17623],[117.24025,4.17619],[117.24008,4.17616],[117.23991,4.17615],[117.23979,4.17614],[117.2396,4.1761],[117.23942,4.17605],[117.23927,4.17605],[117.23913,4.17608],[117.23891,4.17619],[117.23877,4.17626],[117.23862,4.17632],[117.23851,4.17635],[117.23825,4.1764],[117.23801,4.17645],[117.23772,4.17649],[117.23744,4.17657],[117.23722,4.17652],[117.23695,4.17642],[117.2367,4.17636],[117.23657,4.17638],[117.23639,4.17644],[117.23622,4.17658],[117.2361,4.17674],[117.23588,4.17689],[117.23574,4.17697],[117.23557,4.17709],[117.23536,4.17719],[117.2352,4.1773],[117.23513,4.1774],[117.23502,4.17755],[117.23492,4.17776],[117.23485,4.17795],[117.23478,4.17807],[117.23458,4.17842],[117.23438,4.17865],[117.23422,4.17887],[117.23397,4.17907],[117.2338,4.17924],[117.23361,4.17941],[117.23313,4.17965],[117.23284,4.17979],[117.23272,4.17985],[117.23261,4.17992],[117.23252,4.18002],[117.23245,4.18018],[117.23241,4.1803],[117.23238,4.18064],[117.23239,4.18085],[117.2324,4.18109],[117.23241,4.1811],[117.23245,4.18129],[117.23248,4.18145],[117.23254,4.1816],[117.23261,4.18179],[117.23268,4.18193],[117.23273,4.18205],[117.23278,4.18222],[117.23281,4.18246],[117.23281,4.18249],[117.23286,4.18266],[117.23292,4.1828],[117.23301,4.18291],[117.23314,4.18303],[117.2332,4.18309],[117.23329,4.18318],[117.23337,4.18328],[117.23353,4.18349],[117.23355,4.1837],[117.23355,4.18371],[117.23351,4.18404],[117.23352,4.18429],[117.23357,4.18452],[117.2336,4.18464],[117.2336,4.18465],[117.23354,4.18491],[117.23353,4.18498],[117.23362,4.18505],[117.23374,4.18513],[117.23384,4.18526],[117.23393,4.1854],[117.23399,4.18549],[117.23405,4.18553],[117.23411,4.18557],[117.2338,4.18563],[117.23336,4.18571],[117.23334,4.1859],[117.2333,4.18602],[117.23336,4.18631],[117.23336,4.18632],[117.23337,4.18635],[117.23347,4.18663],[117.23355,4.18684],[117.23362,4.18698],[117.234,4.18765],[117.23413,4.18791],[117.23415,4.18817],[117.23404,4.18834],[117.23385,4.18844],[117.23358,4.18839],[117.23352,4.1884],[117.2334,4.1884],[117.23317,4.18836],[117.23295,4.18841],[117.23273,4.1885],[117.23257,4.18865],[117.23246,4.18874],[117.23231,4.18897],[117.23214,4.18912],[117.23187,4.1893],[117.23161,4.1894],[117.23144,4.1895],[117.23129,4.18964],[117.23128,4.18984],[117.23122,4.19006],[117.23122,4.19021],[117.23122,4.19039],[117.2312,4.19054],[117.23118,4.19068],[117.23118,4.19069],[117.23113,4.19088],[117.23109,4.19107],[117.23108,4.19129],[117.23106,4.19156],[117.23097,4.19181],[117.23078,4.19205],[117.23059,4.19225],[117.23047,4.19236],[117.23033,4.19263],[117.23021,4.19296],[117.23015,4.19315],[117.23015,4.19316],[117.23018,4.19337],[117.23023,4.19355],[117.23035,4.19386],[117.2304,4.19402],[117.23047,4.19422],[117.23048,4.19427],[117.2305,4.19434],[117.23055,4.19456],[117.2306,4.19469],[117.23063,4.19477],[117.23062,4.19489],[117.2305,4.19496],[117.2304,4.19509],[117.23038,4.19523],[117.2304,4.19534],[117.23056,4.19553],[117.23077,4.19579],[117.23101,4.19619],[117.23107,4.19635],[117.23105,4.1967],[117.23104,4.19688],[117.23109,4.1975],[117.23116,4.19785],[117.23131,4.19828],[117.23145,4.19858],[117.23153,4.19891],[117.23162,4.19905],[117.23164,4.19909],[117.23171,4.19918],[117.23182,4.19932],[117.23199,4.19961],[117.23205,4.1998],[117.2321,4.19999],[117.23212,4.20018],[117.23216,4.20037],[117.2322,4.20067],[117.23228,4.20089],[117.23226,4.20121],[117.23224,4.20146],[117.23225,4.20149],[117.23228,4.20157],[117.23233,4.20158],[117.23237,4.20159],[117.23253,4.20163],[117.23269,4.20162],[117.23286,4.20156],[117.23304,4.20149],[117.23321,4.20145],[117.23346,4.20142],[117.23367,4.20145],[117.23374,4.20146],[117.23388,4.20149],[117.23405,4.20152],[117.23435,4.20154],[117.23444,4.20155],[117.23459,4.20157],[117.23463,4.20156],[117.23475,4.20155],[117.23484,4.20156],[117.23527,4.20169],[117.23565,4.20186],[117.23581,4.20202],[117.23582,4.20204],[117.23586,4.20216],[117.23577,4.2024],[117.23565,4.20266],[117.23544,4.20323],[117.23529,4.20363],[117.23515,4.20392],[117.23522,4.20405],[117.23543,4.20409],[117.23583,4.20417],[117.23606,4.20422],[117.23624,4.20442],[117.23644,4.20458],[117.23649,4.20463],[117.23657,4.20471],[117.23667,4.20489],[117.23668,4.20489],[117.23689,4.20488],[117.23697,4.20444],[117.23719,4.20442],[117.23738,4.20429],[117.23748,4.20417],[117.23763,4.20411],[117.23774,4.20411],[117.23798,4.20411],[117.23811,4.2041],[117.23841,4.20416],[117.23865,4.20426],[117.23886,4.20413],[117.23906,4.20402],[117.23935,4.20401],[117.23955,4.20404],[117.23969,4.20403],[117.23988,4.20402],[117.24004,4.20408],[117.24022,4.20417],[117.24045,4.20417],[117.24075,4.20411],[117.24088,4.20405],[117.24115,4.20401],[117.24134,4.20399],[117.24148,4.20407],[117.24169,4.20429],[117.2418,4.20436],[117.24194,4.2044],[117.24208,4.20442],[117.24223,4.20445],[117.24234,4.20445],[117.24244,4.20445],[117.24249,4.20447],[117.24258,4.20449],[117.24269,4.20454],[117.24282,4.2046],[117.24299,4.20466],[117.24317,4.20468],[117.2433,4.20468],[117.24347,4.20467],[117.2436,4.20466],[117.24372,4.20466],[117.24386,4.20468],[117.24403,4.2047],[117.24415,4.20473],[117.24425,4.20476],[117.24436,4.2048],[117.2445,4.2048],[117.24459,4.2048],[117.24475,4.20481],[117.24489,4.20484],[117.24504,4.20487],[117.2452,4.20489],[117.24532,4.20486],[117.24544,4.20484],[117.24563,4.20482],[117.24573,4.20483],[117.24584,4.20482],[117.24592,4.20483],[117.24599,4.20485],[117.2461,4.20484],[117.24624,4.20483],[117.2464,4.20483],[117.24661,4.20483],[117.24679,4.20477],[117.24695,4.20478],[117.24711,4.20483],[117.24734,4.20498],[117.24749,4.20511],[117.24764,4.20519],[117.24777,4.20524],[117.24794,4.20529],[117.24809,4.2053],[117.24823,4.20531],[117.24837,4.20529],[117.24844,4.2053],[117.24843,4.20542],[117.24839,4.20568],[117.24838,4.20586],[117.24835,4.20613],[117.24833,4.20637],[117.24833,4.2066],[117.24837,4.20677],[117.24841,4.20682],[117.24842,4.20686],[117.24836,4.2072],[117.24834,4.20749],[117.24834,4.20783],[117.24833,4.20818],[117.24832,4.20865],[117.24832,4.20896],[117.2483,4.20906],[117.24829,4.20954],[117.24829,4.20995],[117.24828,4.21022],[117.24827,4.2103],[117.24827,4.21046],[117.24826,4.21072],[117.24823,4.21097],[117.24821,4.21121],[117.24821,4.21129],[117.24821,4.21145],[117.24857,4.21149],[117.2495,4.21172],[117.25056,4.21227],[117.25145,4.21269],[117.25253,4.2131],[117.25304,4.21345],[117.25322,4.21357],[117.25406,4.21464],[117.25503,4.21584],[117.25553,4.21673],[117.25617,4.21694],[117.2575,4.21698],[117.25879,4.21693],[117.25927,4.21695],[117.25961,4.21648]]]]},"properties":{"kdprov":"65","kdkab":"04","kdkec":"090","kddesa":"001","kdsls":"0011","idsls":"65040900010011","nmprov":"KALIMANTAN UTARA","nmkab":"NUNUKAN","nmkec":"SEI MENGGARIS","nmdesa":"TABUR LESTARI","nmsls":"RT 011"}},{"type":"Feature","geometry":{"type":"MultiPolygon","coordinates":[[[[117.39516,4.20539],[117.39497,4.20533],[117.39479,4.20518],[117.39456,4.20495],[117.3943,4.20475],[117.3941,4.20448],[117.39399,4.2043],[117.39384,4.20409],[117.39354,4.20353],[117.39337,4.20318],[117.39315,4.20283],[117.39298,4.2026],[117.39274,4.20241],[117.39237,4.20218],[117.39212,4.20209],[117.39172,4.20198],[117.39133,4.20191],[117.39107,4.20186],[117.39073,4.20181],[117.39054,4.20175],[117.39044,4.20177],[117.39026,4.20165],[117.38998,4.20141],[117.38983,4.20121],[117.38969,4.20102],[117.38956,4.20076],[117.38951,4.20061],[117.38947,4.20045],[117.38947,4.20031],[117.38948,4.20014],[117.38949,4.2],[117.38951,4.1998],[117.38952,4.19963],[117.38956,4.19949],[117.3896,4.19936],[117.38964,4.19922],[117.38967,4.19908],[117.38968,4.19897],[117.38968,4.19882],[117.38966,4.19865],[117.38962,4.19849],[117.38956,4.19823],[117.38952,4.19807],[117.38948,4.19783],[117.38943,4.19764],[117.38943,4.19741],[117.38943,4.1973],[117.38945,4.19711],[117.38948,4.19688],[117.38951,4.19675],[117.38955,4.19657],[117.38959,4.19634],[117.38963,4.1962],[117.38969,4.19596],[117.38976,4.19574],[117.38983,4.19551],[117.38991,4.1953],[117.38999,4.19512],[117.39008,4.19491],[117.39019,4.19471],[117.39033,4.19449],[117.39045,4.19434],[117.39061,4.19418],[117.39079,4.19396],[117.39097,4.19375],[117.3911,4.19357],[117.39121,4.19345],[117.3913,4.19329],[117.39135,4.19317],[117.39143,4.19298],[117.39148,4.19281],[117.39153,4.19265],[117.3916,4.19246],[117.39167,4.19229],[117.39172,4.19218],[117.39177,4.19204],[117.39183,4.19184],[117.39191,4.19169],[117.39202,4.19153],[117.39211,4.19132],[117.39222,4.1911],[117.39229,4.19099],[117.3924,4.19074],[117.39247,4.19056],[117.39248,4.19046],[117.39256,4.1903],[117.3922,4.19024],[117.39193,4.19024],[117.39134,4.19003],[117.38695,4.18745],[117.38292,4.18479],[117.3643,4.23521],[117.36419,4.2368],[117.3634,4.23799],[117.36302,4.23878],[117.36268,4.23915],[117.36191,4.2403],[117.36141,4.24081],[117.36022,4.24125],[117.35982,4.24155],[117.35994,4.24162],[117.36008,4.24171],[117.36037,4.24187],[117.36081,4.24204],[117.36119,4.24212],[117.36145,4.24218],[117.36161,4.24207],[117.36168,4.24206],[117.36185,4.24204],[117.36216,4.24203],[117.36241,4.24204],[117.36249,4.24203],[117.3627,4.24199],[117.36294,4.24197],[117.36315,4.24192],[117.36349,4.24192],[117.36379,4.24187],[117.36395,4.2419],[117.36428,4.2419],[117.36434,4.24208],[117.36439,4.24224],[117.36448,4.24245],[117.36456,4.24255],[117.36473,4.24259],[117.36491,4.24256],[117.36494,4.24259],[117.36498,4.24263],[117.36522,4.24274],[117.36533,4.24282],[117.36703,4.24356],[117.36945,4.24481],[117.371,4.24512],[117.37198,4.24532],[117.37401,4.2461],[117.37447,4.24628],[117.37719,4.24784],[117.37734,4.24806],[117.37775,4.24822],[117.37821,4.24829],[117.37846,4.24851],[117.37855,4.24859],[117.37869,4.24873],[117.37871,4.24881],[117.37883,4.2492],[117.37886,4.24898],[117.37893,4.24879],[117.37907,4.24858],[117.3792,4.24842],[117.37935,4.24833],[117.37969,4.24826],[117.38004,4.24819],[117.38032,4.24816],[117.38058,4.24814],[117.38071,4.24808],[117.38092,4.24785],[117.38114,4.24767],[117.38133,4.24752],[117.38159,4.24735],[117.38179,4.24722],[117.38195,4.24698],[117.38206,4.24678],[117.38219,4.24653],[117.38234,4.24627],[117.38244,4.24607],[117.38245,4.24585],[117.38239,4.24561],[117.38225,4.24546],[117.38203,4.24523],[117.3819,4.24507],[117.38174,4.24484],[117.38158,4.24444],[117.38148,4.24416],[117.38143,4.24391],[117.38146,4.24367],[117.38162,4.24344],[117.38179,4.24326],[117.38201,4.24307],[117.38234,4.24289],[117.38256,4.24283],[117.38281,4.24272],[117.38299,4.24264],[117.38311,4.24245],[117.38322,4.24222],[117.38332,4.24197],[117.38349,4.24155],[117.38363,4.24122],[117.38387,4.24094],[117.38405,4.24072],[117.3844,4.24038],[117.38471,4.24009],[117.38506,4.23982],[117.38517,4.23976],[117.38525,4.23942],[117.38528,4.23896],[117.38526,4.2383],[117.38522,4.2379],[117.38525,4.23747],[117.38532,4.23716],[117.38541,4.23683],[117.38553,4.23645],[117.38557,4.23604],[117.38556,4.23572],[117.38551,4.23531],[117.38544,4.23482],[117.3854,4.23444],[117.3854,4.2343],[117.38543,4.23414],[117.38549,4.23401],[117.38557,4.23392],[117.38567,4.23381],[117.38579,4.23365],[117.38584,4.23349],[117.38587,4.23323],[117.38589,4.23292],[117.38591,4.23247],[117.38594,4.23217],[117.386,4.23197],[117.38607,4.23179],[117.38619,4.23168],[117.3864,4.23147],[117.38662,4.23124],[117.38676,4.23106],[117.3869,4.23081],[117.38703,4.23051],[117.38717,4.23023],[117.38727,4.22999],[117.38739,4.22977],[117.38754,4.22958],[117.38774,4.22936],[117.38792,4.22917],[117.38808,4.22898],[117.38823,4.22883],[117.3884,4.22867],[117.38859,4.22856],[117.38881,4.2285],[117.38912,4.22848],[117.38936,4.22852],[117.38958,4.22853],[117.38976,4.22849],[117.38994,4.22837],[117.39007,4.22819],[117.39014,4.22803],[117.39018,4.22784],[117.39017,4.22759],[117.39013,4.22737],[117.39007,4.22722],[117.38994,4.22707],[117.38986,4.22695],[117.38971,4.22679],[117.3896,4.22664],[117.38949,4.2265],[117.3894,4.22635],[117.38933,4.22618],[117.38932,4.22606],[117.38937,4.22592],[117.38947,4.22583],[117.38967,4.22568],[117.38986,4.22555],[117.39009,4.22538],[117.39028,4.22524],[117.3904,4.22512],[117.39042,4.22497],[117.39038,4.22473],[117.3903,4.2245],[117.39022,4.22423],[117.39009,4.22379],[117.38999,4.22347],[117.38995,4.22332],[117.38993,4.22316],[117.38997,4.22297],[117.39004,4.22286],[117.3903,4.22258],[117.39069,4.22229],[117.39093,4.22205],[117.39126,4.22175],[117.39152,4.22134],[117.39172,4.22094],[117.3918,4.22066],[117.39176,4.22029],[117.39164,4.21995],[117.39156,4.21962],[117.39159,4.2193],[117.39177,4.21893],[117.39202,4.21845],[117.39215,4.21811],[117.39211,4.2176],[117.39206,4.21725],[117.39202,4.21691],[117.39208,4.21663],[117.39222,4.21644],[117.39245,4.21615],[117.39259,4.21594],[117.39263,4.21571],[117.39261,4.21554],[117.3925,4.21536],[117.39234,4.21512],[117.39228,4.21491],[117.39231,4.2147],[117.39243,4.21443],[117.39252,4.21418],[117.39254,4.21391],[117.39249,4.21376],[117.39237,4.21361],[117.39218,4.21348],[117.39202,4.21339],[117.3918,4.2133],[117.39155,4.21324],[117.39129,4.21317],[117.39106,4.21312],[117.39078,4.21304],[117.39044,4.21286],[117.39028,4.21272],[117.39025,4.21265],[117.39007,4.21225],[117.38998,4.21206],[117.38979,4.2117],[117.38972,4.21132],[117.38972,4.21099],[117.38979,4.21066],[117.39003,4.21033],[117.39021,4.21009],[117.39044,4.20978],[117.39066,4.20951],[117.39092,4.20929],[117.39109,4.20916],[117.39127,4.20901],[117.39149,4.20881],[117.39177,4.20866],[117.39201,4.2086],[117.3923,4.20856],[117.39263,4.20855],[117.39288,4.20848],[117.39305,4.20835],[117.39315,4.20814],[117.39313,4.20791],[117.39303,4.20763],[117.3929,4.20737],[117.39285,4.20723],[117.39281,4.20702],[117.3929,4.20686],[117.39296,4.20671],[117.39321,4.20654],[117.3935,4.20638],[117.39381,4.20625],[117.3941,4.20614],[117.39441,4.20603],[117.39465,4.20592],[117.39488,4.20576],[117.39506,4.20558],[117.39516,4.20539]]]]},"properties":{"kdprov":"65","kdkab":"04","kdkec":"090","kddesa":"004","kdsls":"0006","idsls":"65040900040006","nmprov":"KALIMANTAN UTARA","nmkab":"NUNUKAN","nmkec":"SEI MENGGARIS","nmdesa":"SEKADUYAN TAKA","nmsls":"RT 006"}},{"type":"Feature","geometry":{"type":"MultiPolygon","coordinates":[[[[117.40534,4.20399],[117.40684,4.20894],[117.40408,4.22007],[117.40593,4.22254],[117.4085,4.22292],[117.40955,4.22435],[117.41126,4.23724],[117.41201,4.23735],[117.41205,4.23736],[117.41282,4.23761],[117.41341,4.23767],[117.41422,4.23824],[117.4157,4.23701],[117.41636,4.237],[117.41658,4.237],[117.41683,4.23627],[117.41712,4.23607],[117.41764,4.23596],[117.41879,4.23567],[117.41948,4.23477],[117.42019,4.23432],[117.42041,4.23423],[117.42174,4.23448],[117.4219,4.23451],[117.42219,4.23489],[117.4225,4.2352],[117.4228,4.2356],[117.42288,4.2355],[117.4231,4.23503],[117.42334,4.23432],[117.42357,4.23333],[117.42381,4.23304],[117.42414,4.23279],[117.42457,4.23285],[117.4247,4.2328],[117.42599,4.23234],[117.42605,4.23176],[117.4274,4.23079],[117.42867,4.23024],[117.42871,4.23022],[117.42972,4.22975],[117.43026,4.22823],[117.4301,4.22672],[117.42976,4.22533],[117.4299,4.22519],[117.42978,4.2245],[117.42963,4.22424],[117.42953,4.22405],[117.42952,4.22399],[117.4294,4.22347],[117.42813,4.22348],[117.42614,4.22337],[117.42557,4.22276],[117.42454,4.22192],[117.42525,4.22039],[117.4254,4.22007],[117.42637,4.21897],[117.42681,4.21855],[117.42674,4.21702],[117.42648,4.21569],[117.42715,4.215],[117.42799,4.21496],[117.42808,4.2149],[117.42849,4.21316],[117.42837,4.21311],[117.42816,4.21311],[117.428,4.21297],[117.42788,4.21274],[117.42782,4.21257],[117.42775,4.21242],[117.42769,4.21233],[117.4276,4.21223],[117.42751,4.21215],[117.42744,4.21207],[117.42736,4.21201],[117.42727,4.21186],[117.42719,4.21178],[117.4271,4.21177],[117.42701,4.21169],[117.42693,4.2116],[117.42686,4.21146],[117.42679,4.21131],[117.42667,4.21113],[117.42649,4.2109],[117.42632,4.21072],[117.42613,4.21053],[117.42603,4.21045],[117.42592,4.21036],[117.4258,4.21026],[117.42564,4.21017],[117.42556,4.21013],[117.42549,4.21007],[117.42532,4.20995],[117.42523,4.20987],[117.42519,4.20979],[117.42517,4.2097],[117.42512,4.20966],[117.42506,4.2096],[117.425,4.2095],[117.42494,4.20943],[117.42482,4.20928],[117.42474,4.20914],[117.42463,4.20897],[117.42456,4.20887],[117.42448,4.20875],[117.42443,4.20862],[117.4244,4.20853],[117.42437,4.20845],[117.42433,4.20834],[117.42431,4.20826],[117.42428,4.20809],[117.42423,4.20791],[117.42419,4.20779],[117.42419,4.20767],[117.42422,4.20753],[117.42426,4.20747],[117.4243,4.20739],[117.42431,4.20729],[117.42429,4.20707],[117.42426,4.20692],[117.42422,4.2068],[117.42419,4.20673],[117.42417,4.20666],[117.42416,4.20657],[117.42414,4.20652],[117.42415,4.20647],[117.42412,4.20641],[117.42414,4.20631],[117.42412,4.20621],[117.42406,4.20603],[117.42404,4.20595],[117.42401,4.20585],[117.42397,4.20574],[117.42397,4.20565],[117.42395,4.20558],[117.42397,4.20553],[117.42394,4.20547],[117.4239,4.20536],[117.42387,4.20525],[117.42388,4.2052],[117.42387,4.20511],[117.42388,4.20502],[117.42386,4.2049],[117.42386,4.20476],[117.42389,4.20467],[117.42387,4.20458],[117.42385,4.20445],[117.42386,4.20439],[117.42387,4.20429],[117.42384,4.20416],[117.42378,4.20402],[117.4237,4.20384],[117.42361,4.20366],[117.42359,4.20359],[117.42349,4.20346],[117.42338,4.20334],[117.42316,4.20311],[117.42297,4.20297],[117.42283,4.20283],[117.42273,4.20259],[117.42224,4.2026],[117.422,4.20258],[117.42161,4.20259],[117.42119,4.2026],[117.42076,4.20261],[117.42054,4.2026],[117.42018,4.20259],[117.41965,4.2026],[117.41916,4.20261],[117.41853,4.20264],[117.41815,4.20266],[117.41785,4.20267],[117.41756,4.20267],[117.4173,4.20269],[117.41702,4.20267],[117.41675,4.20259],[117.4165,4.20247],[117.41618,4.20231],[117.41586,4.20217],[117.41547,4.20205],[117.41507,4.20192],[117.4148,4.20185],[117.41449,4.20178],[117.41435,4.20173],[117.41408,4.20167],[117.41385,4.20161],[117.41369,4.20156],[117.4134,4.20147],[117.41312,4.20139],[117.41285,4.20135],[117.41263,4.20133],[117.41237,4.20133],[117.41208,4.20138],[117.4119,4.20143],[117.41182,4.20145],[117.41157,4.20153],[117.41136,4.20161],[117.41109,4.2017],[117.41064,4.20187],[117.41034,4.202],[117.40994,4.20223],[117.40952,4.20246],[117.40914,4.20264],[117.40878,4.20279],[117.40846,4.20291],[117.40816,4.20303],[117.40789,4.20312],[117.4077,4.20318],[117.40738,4.20327],[117.40708,4.20336],[117.40687,4.20345],[117.40663,4.20354],[117.40637,4.20364],[117.40602,4.20379],[117.40562,4.20391],[117.40534,4.20399]]]]},"properties":{"kdprov":"65","kdkab":"04","kdkec":"090","kddesa":"004","kdsls":"0013","idsls":"65040900040013","nmprov":"KALIMANTAN UTARA","nmkab":"NUNUKAN","nmkec":"SEI MENGGARIS","nmdesa":"SEKADUYAN TAKA","nmsls":"RT 013"}},{"type":"Feature","geometry":{"type":"MultiPolygon","coordinates":[[[[117.24821,4.21145],[117.24821,4.21129],[117.24821,4.21121],[117.24823,4.21097],[117.24826,4.21072],[117.24827,4.21046],[117.24827,4.2103],[117.24828,4.21022],[117.24829,4.20995],[117.24829,4.20954],[117.2483,4.20906],[117.24832,4.20896],[117.24832,4.20865],[117.24833,4.20818],[117.24834,4.20783],[117.24834,4.20749],[117.24836,4.2072],[117.24842,4.20686],[117.24841,4.20682],[117.24837,4.20677],[117.24833,4.2066],[117.24833,4.20637],[117.24835,4.20613],[117.24838,4.20586],[117.24839,4.20568],[117.24843,4.20542],[117.24844,4.2053],[117.24837,4.20529],[117.24823,4.20531],[117.24809,4.2053],[117.24794,4.20529],[117.24777,4.20524],[117.24764,4.20519],[117.24749,4.20511],[117.24734,4.20498],[117.24711,4.20483],[117.24695,4.20478],[117.24679,4.20477],[117.24661,4.20483],[117.2464,4.20483],[117.24624,4.20483],[117.2461,4.20484],[117.24599,4.20485],[117.24592,4.20483],[117.24584,4.20482],[117.24573,4.20483],[117.24563,4.20482],[117.24544,4.20484],[117.24532,4.20486],[117.2452,4.20489],[117.24504,4.20487],[117.24489,4.20484],[117.24475,4.20481],[117.24459,4.2048],[117.2445,4.2048],[117.24436,4.2048],[117.24425,4.20476],[117.24415,4.20473],[117.24403,4.2047],[117.24386,4.20468],[117.24372,4.20466],[117.2436,4.20466],[117.24347,4.20467],[117.2433,4.20468],[117.24317,4.20468],[117.24299,4.20466],[117.24282,4.2046],[117.24269,4.20454],[117.24258,4.20449],[117.24249,4.20447],[117.24244,4.20445],[117.24234,4.20445],[117.24223,4.20445],[117.24208,4.20442],[117.24194,4.2044],[117.2418,4.20436],[117.24169,4.20429],[117.24148,4.20407],[117.24134,4.20399],[117.24115,4.20401],[117.24088,4.20405],[117.24075,4.20411],[117.24045,4.20417],[117.24022,4.20417],[117.24004,4.20408],[117.23988,4.20402],[117.23969,4.20403],[117.23955,4.20404],[117.23935,4.20401],[117.23906,4.20402],[117.23886,4.20413],[117.23865,4.20426],[117.23841,4.20416],[117.23811,4.2041],[117.23798,4.20411],[117.23774,4.20411],[117.23763,4.20411],[117.23748,4.20417],[117.23738,4.20429],[117.23719,4.20442],[117.23697,4.20444],[117.23689,4.20488],[117.23668,4.20489],[117.23653,4.20489],[117.23629,4.20506],[117.23596,4.20533],[117.23562,4.20556],[117.23545,4.2057],[117.23513,4.20604],[117.23478,4.2064],[117.23439,4.20692],[117.23423,4.2071],[117.23407,4.20718],[117.23379,4.20726],[117.23354,4.20735],[117.23321,4.20745],[117.23291,4.20751],[117.23318,4.20903],[117.23631,4.21382],[117.23704,4.21445],[117.2373,4.21466],[117.23743,4.21457],[117.23787,4.21436],[117.23854,4.21377],[117.23906,4.21339],[117.2391,4.21333],[117.23922,4.21325],[117.23948,4.21315],[117.23965,4.21301],[117.23976,4.21286],[117.23984,4.21276],[117.23993,4.21267],[117.24002,4.21252],[117.24021,4.21227],[117.24042,4.21189],[117.24061,4.21153],[117.24075,4.2113],[117.24086,4.21109],[117.2413,4.21041],[117.24154,4.20995],[117.24171,4.20964],[117.24208,4.20979],[117.24261,4.20994],[117.24319,4.20999],[117.24361,4.20999],[117.24392,4.20991],[117.24416,4.20976],[117.2445,4.20955],[117.24476,4.20945],[117.24493,4.20938],[117.24522,4.2096],[117.24559,4.20998],[117.24595,4.21034],[117.24625,4.21063],[117.24641,4.21081],[117.2469,4.21157],[117.24786,4.21141],[117.24821,4.21145]]]]},"properties":{"kdprov":"65","kdkab":"04","kdkec":"090","kddesa":"001","kdsls":"0012","idsls":"65040900010012","nmprov":"KALIMANTAN UTARA","nmkab":"NUNUKAN","nmkec":"SEI MENGGARIS","nmdesa":"TABUR LESTARI","nmsls":"RT 012"}},{"type":"Feature","geometry":{"type":"MultiPolygon","coordinates":[[[[117.19158,4.26487],[117.19249,4.26451],[117.19274,4.26498],[117.19241,4.26507],[117.19249,4.26541],[117.19312,4.2668],[117.19342,4.26722],[117.19381,4.26758],[117.19495,4.26828],[117.19605,4.26955],[117.19582,4.26983],[117.19616,4.2698],[117.19633,4.26924],[117.19649,4.26897],[117.19691,4.26864],[117.19726,4.26811],[117.19775,4.26757],[117.19791,4.26676],[117.19814,4.26616],[117.19827,4.26579],[117.19826,4.2655],[117.19814,4.26519],[117.19816,4.26492],[117.19831,4.26473],[117.19867,4.26468],[117.19915,4.26481],[117.19954,4.26473],[117.2,4.26448],[117.20064,4.26424],[117.20115,4.26402],[117.20157,4.26389],[117.20198,4.26381],[117.20229,4.26356],[117.20258,4.26311],[117.20291,4.26256],[117.20322,4.26203],[117.20346,4.26151],[117.2035,4.26143],[117.20515,4.26076],[117.21634,4.25203],[117.21213,4.24916],[117.21156,4.24871],[117.21103,4.2484],[117.21074,4.2481],[117.2106,4.24787],[117.2104,4.24761],[117.21014,4.2474],[117.21,4.24707],[117.20995,4.2469],[117.20992,4.24637],[117.20996,4.24616],[117.20987,4.24593],[117.2098,4.24581],[117.20974,4.24549],[117.20976,4.24533],[117.20979,4.24511],[117.20978,4.24499],[117.20972,4.24496],[117.20963,4.24496],[117.20937,4.24498],[117.20922,4.24496],[117.2091,4.24493],[117.20901,4.24487],[117.20901,4.24473],[117.20914,4.2445],[117.20921,4.24426],[117.20923,4.24404],[117.20921,4.24384],[117.20912,4.24365],[117.20901,4.24349],[117.20893,4.24332],[117.20878,4.24316],[117.20856,4.2429],[117.20838,4.24271],[117.20826,4.2426],[117.20809,4.24249],[117.20797,4.2424],[117.20789,4.24228],[117.20781,4.24209],[117.20775,4.24192],[117.20765,4.24165],[117.20754,4.24137],[117.20745,4.24118],[117.2074,4.24107],[117.20733,4.24096],[117.2072,4.24088],[117.20699,4.24084],[117.20683,4.24076],[117.20671,4.24069],[117.20658,4.2406],[117.20653,4.2405],[117.20676,4.24017],[117.20697,4.2399],[117.2071,4.23971],[117.20717,4.23963],[117.20722,4.23956],[117.2074,4.23942],[117.20756,4.23922],[117.20767,4.23904],[117.20772,4.23892],[117.20786,4.23872],[117.208,4.23851],[117.20812,4.23829],[117.20819,4.23811],[117.20828,4.23775],[117.2083,4.23749],[117.20831,4.23729],[117.20836,4.23705],[117.20838,4.23668],[117.20841,4.23649],[117.20849,4.23626],[117.20856,4.23612],[117.20875,4.23586],[117.2089,4.23564],[117.20913,4.23538],[117.20969,4.2347],[117.20998,4.23443],[117.21021,4.23411],[117.21041,4.23369],[117.21054,4.23338],[117.21065,4.23315],[117.21073,4.23299],[117.21082,4.23284],[117.21096,4.2327],[117.2113,4.23242],[117.21149,4.23227],[117.21158,4.23219],[117.21166,4.23211],[117.2119,4.23192],[117.2123,4.23153],[117.21256,4.23103],[117.21276,4.2308],[117.21292,4.23049],[117.21316,4.23024],[117.21349,4.23003],[117.21394,4.22981],[117.21415,4.22969],[117.21426,4.22954],[117.21435,4.22935],[117.2144,4.22907],[117.21448,4.22873],[117.21457,4.22844],[117.21475,4.2281],[117.21504,4.22785],[117.21514,4.22771],[117.21519,4.2276],[117.21514,4.22759],[117.21491,4.22744],[117.21477,4.22732],[117.21467,4.22721],[117.21461,4.22716],[117.21446,4.22712],[117.2143,4.22704],[117.21423,4.22695],[117.21417,4.22676],[117.21413,4.22655],[117.21412,4.22637],[117.21412,4.22617],[117.21409,4.22595],[117.21405,4.22574],[117.21401,4.22548],[117.21398,4.22524],[117.21394,4.22508],[117.21388,4.22483],[117.21386,4.22459],[117.2139,4.22428],[117.21387,4.22403],[117.21377,4.22385],[117.21358,4.22366],[117.21338,4.22355],[117.21321,4.22344],[117.21295,4.2234],[117.21278,4.22345],[117.21269,4.22347],[117.21263,4.2234],[117.2126,4.22317],[117.21252,4.22283],[117.21246,4.22253],[117.21236,4.22222],[117.21227,4.22192],[117.21215,4.22166],[117.21206,4.2215],[117.212,4.22135],[117.21194,4.22117],[117.21192,4.22106],[117.2119,4.22089],[117.21186,4.22077],[117.21182,4.2206],[117.21177,4.22043],[117.21173,4.2203],[117.21166,4.2202],[117.21157,4.22014],[117.21142,4.22008],[117.21126,4.22005],[117.21106,4.22004],[117.21092,4.22006],[117.21079,4.22003],[117.21065,4.22001],[117.21049,4.22001],[117.21028,4.22004],[117.21008,4.22013],[117.20994,4.22022],[117.20979,4.22031],[117.20966,4.22039],[117.20956,4.22043],[117.20938,4.22026],[117.20916,4.2202],[117.20904,4.22017],[117.20882,4.22007],[117.20862,4.22001],[117.20837,4.21996],[117.20799,4.21986],[117.20786,4.21982],[117.20761,4.21979],[117.20747,4.21973],[117.2073,4.21959],[117.20723,4.21947],[117.20717,4.21933],[117.20714,4.2192],[117.2071,4.21898],[117.20706,4.21862],[117.20705,4.21834],[117.20709,4.21793],[117.20711,4.2174],[117.2072,4.21714],[117.20658,4.21649],[117.19557,4.21206],[117.18864,4.21092],[117.18675,4.21092],[117.18577,4.21004],[117.18432,4.2097],[117.18397,4.20939],[117.18393,4.20909],[117.18431,4.20787],[117.18389,4.20678],[117.18315,4.20639],[117.18237,4.20735],[117.18105,4.20789],[117.18064,4.20841],[117.17947,4.20836],[117.17888,4.20805],[117.1785,4.20805],[117.17819,4.20837],[117.17755,4.20863],[117.17646,4.20827],[117.17569,4.20808],[117.17424,4.20828],[117.17284,4.20919],[117.1722,4.20978],[117.17093,4.2097],[117.16912,4.21012],[117.16809,4.21001],[117.16739,4.20976],[117.16738,4.20975],[117.16634,4.21061],[117.165,4.21249],[117.16419,4.21329],[117.16366,4.21396],[117.16312,4.21463],[117.16259,4.21544],[117.16205,4.21624],[117.16031,4.21758],[117.1595,4.21825],[117.15803,4.21927],[117.15751,4.21985],[117.15693,4.22071],[117.15618,4.22177],[117.15553,4.22302],[117.15457,4.22483],[117.15437,4.2253],[117.15399,4.22578],[117.15365,4.2262],[117.15307,4.2267],[117.15241,4.22722],[117.15183,4.2277],[117.15145,4.2284],[117.15117,4.22932],[117.15105,4.22987],[117.15103,4.22996],[117.15094,4.23045],[117.15094,4.23113],[117.15098,4.23177],[117.15107,4.23235],[117.15107,4.23321],[117.15119,4.23423],[117.15079,4.23574],[117.15018,4.23685],[117.1498,4.23775],[117.14907,4.23904],[117.1486,4.24029],[117.14817,4.24196],[117.14767,4.24284],[117.14707,4.24365],[117.14635,4.24469],[117.14522,4.24569],[117.14434,4.24621],[117.14394,4.2463],[117.14336,4.24643],[117.14286,4.24653],[117.14241,4.24666],[117.14198,4.2468],[117.14169,4.24709],[117.14155,4.2474],[117.14135,4.24784],[117.14106,4.24838],[117.14043,4.24903],[117.13979,4.25],[117.13951,4.25036],[117.13926,4.25058],[117.1392,4.25077],[117.13911,4.25095],[117.13885,4.2511],[117.13859,4.25122],[117.13826,4.25131],[117.13804,4.25137],[117.13854,4.25196],[117.13965,4.25299],[117.14091,4.25402],[117.14128,4.254],[117.14172,4.25403],[117.14199,4.25414],[117.14241,4.25433],[117.14281,4.25458],[117.14339,4.25497],[117.14376,4.25522],[117.14407,4.25544],[117.14429,4.25559],[117.14444,4.25564],[117.14473,4.25566],[117.14507,4.25562],[117.14546,4.25551],[117.14572,4.25552],[117.14609,4.25578],[117.14643,4.25615],[117.14667,4.25644],[117.14687,4.25665],[117.14712,4.25688],[117.14731,4.25704],[117.14754,4.25711],[117.14778,4.2572],[117.14812,4.25731],[117.14842,4.2575],[117.14878,4.25777],[117.14923,4.25833],[117.14941,4.25859],[117.14959,4.25885],[117.14982,4.25895],[117.15024,4.25913],[117.15062,4.25926],[117.151,4.25938],[117.15138,4.25932],[117.15151,4.25918],[117.15153,4.25889],[117.15151,4.25838],[117.15154,4.25753],[117.15171,4.2573],[117.15197,4.25712],[117.15208,4.25714],[117.15239,4.25715],[117.15276,4.25732],[117.15315,4.25728],[117.15344,4.25712],[117.15388,4.25684],[117.15433,4.25668],[117.15473,4.25672],[117.15512,4.25692],[117.1556,4.25706],[117.15617,4.25715],[117.15665,4.2571],[117.1568,4.2569],[117.15685,4.25634],[117.15698,4.25573],[117.15689,4.25532],[117.15681,4.255],[117.15687,4.25475],[117.15705,4.25459],[117.15743,4.25436],[117.15809,4.25423],[117.15801,4.25407],[117.15785,4.25396],[117.15761,4.25391],[117.15732,4.25386],[117.15703,4.25355],[117.15655,4.25289],[117.15576,4.25193],[117.15519,4.25127],[117.15481,4.25087],[117.15417,4.25032],[117.15408,4.25008],[117.15395,4.2499],[117.15391,4.24966],[117.15396,4.24947],[117.1541,4.24924],[117.15438,4.24902],[117.15448,4.24896],[117.15477,4.24872],[117.15515,4.24836],[117.15543,4.24814],[117.15578,4.24789],[117.15601,4.24787],[117.15647,4.24791],[117.15681,4.24792],[117.15704,4.24776],[117.15734,4.2476],[117.1576,4.24758],[117.15785,4.24764],[117.15814,4.24769],[117.15844,4.24768],[117.15863,4.2475],[117.15901,4.2472],[117.1593,4.2468],[117.15951,4.2467],[117.15986,4.24662],[117.16018,4.24649],[117.16035,4.24629],[117.16057,4.24601],[117.16089,4.24584],[117.16094,4.24588],[117.16093,4.24604],[117.161,4.24612],[117.1611,4.24613],[117.16126,4.24613],[117.16139,4.2461],[117.16153,4.24613],[117.16173,4.2462],[117.16182,4.24632],[117.16182,4.24649],[117.16173,4.24663],[117.16163,4.24682],[117.16158,4.24699],[117.16157,4.24713],[117.16156,4.24734],[117.16152,4.24749],[117.16147,4.24768],[117.16142,4.24797],[117.16137,4.2482],[117.16135,4.24842],[117.1613,4.24867],[117.16129,4.24904],[117.16127,4.24935],[117.16128,4.2498],[117.16128,4.25002],[117.16125,4.25024],[117.16121,4.25067],[117.16124,4.25092],[117.16141,4.25128],[117.16167,4.2515],[117.16207,4.25161],[117.16228,4.25157],[117.16318,4.25121],[117.16376,4.25097],[117.16434,4.25077],[117.16505,4.25057],[117.1658,4.25068],[117.16631,4.25085],[117.16669,4.25104],[117.16701,4.25125],[117.16737,4.25132],[117.16767,4.25119],[117.16809,4.25084],[117.16845,4.2506],[117.16873,4.25056],[117.169,4.25064],[117.16901,4.2503],[117.16986,4.25037],[117.17074,4.2503],[117.17145,4.25031],[117.17196,4.25057],[117.17284,4.25129],[117.17348,4.25165],[117.17392,4.25176],[117.17464,4.25172],[117.17517,4.25177],[117.17508,4.25215],[117.1752,4.25219],[117.17545,4.25231],[117.17587,4.25253],[117.17612,4.25261],[117.17631,4.25261],[117.17664,4.25252],[117.17691,4.25244],[117.17693,4.25196],[117.17906,4.25201],[117.17905,4.2524],[117.17951,4.25242],[117.1803,4.25258],[117.18078,4.25251],[117.18145,4.25247],[117.18196,4.25253],[117.18229,4.25252],[117.18268,4.25254],[117.18316,4.25258],[117.18374,4.25261],[117.18411,4.25267],[117.18439,4.25264],[117.18466,4.25257],[117.18497,4.25244],[117.18518,4.25226],[117.1855,4.25203],[117.18579,4.25184],[117.18598,4.25178],[117.18617,4.25181],[117.18655,4.25192],[117.1871,4.25219],[117.18745,4.2523],[117.18774,4.25238],[117.18826,4.25244],[117.18827,4.25244],[117.18809,4.252],[117.1884,4.25174],[117.1895,4.25119],[117.19057,4.25081],[117.19073,4.25129],[117.19102,4.25198],[117.19202,4.25319],[117.19183,4.25371],[117.19059,4.25447],[117.18799,4.25449],[117.18774,4.25473],[117.1876,4.25518],[117.18757,4.25572],[117.18755,4.25616],[117.18741,4.25649],[117.18718,4.2568],[117.1868,4.25724],[117.18653,4.25758],[117.18645,4.25785],[117.18646,4.25811],[117.18661,4.25859],[117.18673,4.25898],[117.18682,4.25941],[117.18689,4.25981],[117.18691,4.26018],[117.18694,4.26074],[117.18705,4.2613],[117.18719,4.26187],[117.1876,4.26248],[117.18777,4.2626],[117.1881,4.26265],[117.18849,4.26267],[117.18899,4.2627],[117.18925,4.26266],[117.18957,4.26256],[117.18984,4.26256],[117.19023,4.26264],[117.19067,4.26271],[117.19089,4.26287],[117.19104,4.26312],[117.19104,4.26361],[117.19103,4.26399],[117.19112,4.2643],[117.19136,4.26458],[117.19158,4.26487]]]]},"properties":{"kdprov":"65","kdkab":"04","kdkec":"090","kddesa":"001","kdsls":"0014","idsls":"65040900010014","nmprov":"KALIMANTAN UTARA","nmkab":"NUNUKAN","nmkec":"SEI MENGGARIS","nmdesa":"TABUR LESTARI","nmsls":"RT 014"}},{"type":"Feature","geometry":{"type":"MultiPolygon","coordinates":[[[[117.41126,4.23724],[117.40955,4.22435],[117.4085,4.22292],[117.40593,4.22254],[117.40408,4.22007],[117.40684,4.20894],[117.40534,4.20399],[117.4051,4.20402],[117.40481,4.20398],[117.40448,4.20384],[117.40418,4.20368],[117.40368,4.20341],[117.40321,4.20316],[117.40285,4.20296],[117.40245,4.20277],[117.40201,4.20258],[117.40169,4.20246],[117.40139,4.20234],[117.40102,4.20215],[117.40081,4.20203],[117.40059,4.20196],[117.40046,4.20194],[117.40033,4.20196],[117.40017,4.20204],[117.40003,4.20221],[117.39986,4.20252],[117.39969,4.20278],[117.39952,4.20297],[117.39935,4.20311],[117.39906,4.20327],[117.39877,4.20342],[117.39854,4.20356],[117.39829,4.20368],[117.39796,4.20377],[117.39771,4.2038],[117.39739,4.20382],[117.39712,4.20378],[117.39674,4.20375],[117.39646,4.20377],[117.39618,4.20386],[117.39591,4.204],[117.39574,4.20417],[117.39562,4.20436],[117.39544,4.20474],[117.39531,4.20496],[117.39516,4.20539],[117.39506,4.20558],[117.39488,4.20576],[117.39465,4.20592],[117.39441,4.20603],[117.3941,4.20614],[117.39381,4.20625],[117.3935,4.20638],[117.39321,4.20654],[117.39296,4.20671],[117.3929,4.20686],[117.39281,4.20702],[117.39285,4.20723],[117.3929,4.20737],[117.39303,4.20763],[117.39313,4.20791],[117.39315,4.20814],[117.39305,4.20835],[117.39288,4.20848],[117.39263,4.20855],[117.3923,4.20856],[117.39201,4.2086],[117.39177,4.20866],[117.39149,4.20881],[117.39127,4.20901],[117.39109,4.20916],[117.39092,4.20929],[117.39066,4.20951],[117.39044,4.20978],[117.39021,4.21009],[117.39003,4.21033],[117.38979,4.21066],[117.38972,4.21099],[117.38972,4.21132],[117.38979,4.2117],[117.38998,4.21206],[117.39007,4.21225],[117.39025,4.21265],[117.39028,4.21272],[117.39044,4.21286],[117.39078,4.21304],[117.39106,4.21312],[117.39129,4.21317],[117.39155,4.21324],[117.3918,4.2133],[117.39202,4.21339],[117.39218,4.21348],[117.39237,4.21361],[117.39249,4.21376],[117.39254,4.21391],[117.39252,4.21418],[117.39243,4.21443],[117.39231,4.2147],[117.39228,4.21491],[117.39234,4.21512],[117.3925,4.21536],[117.39261,4.21554],[117.39263,4.21571],[117.39259,4.21594],[117.39245,4.21615],[117.39222,4.21644],[117.39208,4.21663],[117.39202,4.21691],[117.39206,4.21725],[117.39211,4.2176],[117.39215,4.21811],[117.39202,4.21845],[117.39177,4.21893],[117.39159,4.2193],[117.39156,4.21962],[117.39164,4.21995],[117.39176,4.22029],[117.3918,4.22066],[117.39172,4.22094],[117.39152,4.22134],[117.39126,4.22175],[117.39093,4.22205],[117.39069,4.22229],[117.3903,4.22258],[117.39004,4.22286],[117.38997,4.22297],[117.38993,4.22316],[117.38995,4.22332],[117.38999,4.22347],[117.39009,4.22379],[117.39022,4.22423],[117.3903,4.2245],[117.39038,4.22473],[117.39042,4.22497],[117.3904,4.22512],[117.39028,4.22524],[117.39009,4.22538],[117.38986,4.22555],[117.38967,4.22568],[117.38947,4.22583],[117.38937,4.22592],[117.38932,4.22606],[117.38933,4.22618],[117.3894,4.22635],[117.38949,4.2265],[117.3896,4.22664],[117.38971,4.22679],[117.38986,4.22695],[117.38994,4.22707],[117.39007,4.22722],[117.39013,4.22737],[117.39017,4.22759],[117.39018,4.22784],[117.39014,4.22803],[117.39007,4.22819],[117.38994,4.22837],[117.38976,4.22849],[117.38958,4.22853],[117.38936,4.22852],[117.38912,4.22848],[117.38881,4.2285],[117.38859,4.22856],[117.3884,4.22867],[117.38823,4.22883],[117.38808,4.22898],[117.38792,4.22917],[117.38774,4.22936],[117.38754,4.22958],[117.38739,4.22977],[117.38727,4.22999],[117.38717,4.23023],[117.38703,4.23051],[117.3869,4.23081],[117.38676,4.23106],[117.38662,4.23124],[117.3864,4.23147],[117.38619,4.23168],[117.38607,4.23179],[117.386,4.23197],[117.38594,4.23217],[117.38591,4.23247],[117.38589,4.23292],[117.38587,4.23323],[117.38584,4.23349],[117.38579,4.23365],[117.38567,4.23381],[117.38557,4.23392],[117.38549,4.23401],[117.38543,4.23414],[117.3854,4.2343],[117.3854,4.23444],[117.38544,4.23482],[117.38551,4.23531],[117.38556,4.23572],[117.38557,4.23604],[117.38553,4.23645],[117.38541,4.23683],[117.38532,4.23716],[117.38525,4.23747],[117.38522,4.2379],[117.38526,4.2383],[117.38528,4.23896],[117.38525,4.23942],[117.38517,4.23976],[117.38506,4.23982],[117.38471,4.24009],[117.3844,4.24038],[117.38405,4.24072],[117.38387,4.24094],[117.38363,4.24122],[117.38349,4.24155],[117.38332,4.24197],[117.38322,4.24222],[117.38311,4.24245],[117.38299,4.24264],[117.38281,4.24272],[117.38256,4.24283],[117.38234,4.24289],[117.38201,4.24307],[117.38179,4.24326],[117.38162,4.24344],[117.38146,4.24367],[117.38143,4.24391],[117.38148,4.24416],[117.38158,4.24444],[117.38174,4.24484],[117.3819,4.24507],[117.38203,4.24523],[117.38225,4.24546],[117.38239,4.24561],[117.38245,4.24585],[117.38244,4.24607],[117.38234,4.24627],[117.38219,4.24653],[117.38206,4.24678],[117.38195,4.24698],[117.38179,4.24722],[117.38159,4.24735],[117.38133,4.24752],[117.38114,4.24767],[117.38092,4.24785],[117.38071,4.24808],[117.38058,4.24814],[117.38032,4.24816],[117.38004,4.24819],[117.37969,4.24826],[117.37935,4.24833],[117.3792,4.24842],[117.37907,4.24858],[117.37893,4.24879],[117.37886,4.24898],[117.37883,4.2492],[117.37888,4.24922],[117.379,4.24924],[117.37906,4.2493],[117.37912,4.24934],[117.37921,4.24934],[117.37938,4.2493],[117.3795,4.24927],[117.37962,4.24924],[117.37969,4.24926],[117.37983,4.24932],[117.37999,4.24939],[117.38016,4.2494],[117.38027,4.24953],[117.3802,4.24977],[117.38023,4.24987],[117.38025,4.24993],[117.38027,4.25001],[117.38033,4.2503],[117.38053,4.2504],[117.38054,4.25041],[117.38108,4.25063],[117.38186,4.25105],[117.38184,4.25121],[117.38178,4.25147],[117.38184,4.25164],[117.38201,4.2518],[117.38209,4.25183],[117.38223,4.25188],[117.38241,4.25187],[117.38249,4.25187],[117.38256,4.25186],[117.38261,4.2519],[117.38266,4.25193],[117.38273,4.25202],[117.38289,4.25216],[117.38294,4.25232],[117.38302,4.25248],[117.38307,4.25258],[117.38309,4.25261],[117.38323,4.25268],[117.38336,4.25273],[117.38346,4.25276],[117.38354,4.25282],[117.38358,4.25294],[117.38364,4.25308],[117.3837,4.25336],[117.38373,4.25342],[117.3838,4.25357],[117.38386,4.25372],[117.38387,4.25376],[117.38399,4.25408],[117.384,4.25409],[117.38403,4.25429],[117.38411,4.25465],[117.38427,4.25501],[117.38442,4.25531],[117.38463,4.25565],[117.38474,4.25596],[117.38481,4.25624],[117.38493,4.25652],[117.3851,4.25677],[117.38538,4.25696],[117.3857,4.25708],[117.38583,4.25715],[117.38626,4.25725],[117.3866,4.25732],[117.38695,4.2574],[117.38739,4.25746],[117.3875,4.25744],[117.38765,4.25742],[117.38821,4.25771],[117.38916,4.25749],[117.38992,4.25776],[117.39048,4.25782],[117.39091,4.25786],[117.39159,4.25787],[117.39192,4.25802],[117.39203,4.25808],[117.3932,4.25827],[117.39418,4.25827],[117.3959,4.25849],[117.39616,4.25831],[117.39685,4.25767],[117.39848,4.25693],[117.39938,4.25637],[117.40059,4.25568],[117.40226,4.25503],[117.40257,4.25496],[117.40282,4.2549],[117.40324,4.25488],[117.40445,4.25481],[117.40587,4.25477],[117.40634,4.25469],[117.40661,4.25458],[117.40737,4.2543],[117.40762,4.25392],[117.40826,4.25373],[117.4091,4.25325],[117.40929,4.25206],[117.41079,4.25153],[117.4108,4.2507],[117.41231,4.24996],[117.41257,4.24928],[117.41266,4.24861],[117.41265,4.24845],[117.41291,4.24776],[117.41305,4.24741],[117.41261,4.24701],[117.41258,4.24694],[117.41256,4.24591],[117.41239,4.24546],[117.41236,4.24539],[117.41177,4.24383],[117.41131,4.24346],[117.41071,4.24253],[117.40998,4.24183],[117.40998,4.24138],[117.40998,4.24065],[117.41143,4.23816],[117.41126,4.23724]]]]},"properties":{"kdprov":"65","kdkab":"04","kdkec":"090","kddesa":"004","kdsls":"0005","idsls":"65040900040005","nmprov":"KALIMANTAN UTARA","nmkab":"NUNUKAN","nmkec":"SEI MENGGARIS","nmdesa":"SEKADUYAN TAKA","nmsls":"RT 005"}},{"type":"Feature","geometry":{"type":"MultiPolygon","coordinates":[[[[117.24103,4.2333],[117.24108,4.23327],[117.24409,4.2312],[117.26617,4.22786],[117.26573,4.22519],[117.26496,4.22412],[117.26519,4.22353],[117.26603,4.22394],[117.26787,4.22412],[117.26817,4.22257],[117.26781,4.22127],[117.26775,4.22123],[117.26668,4.22067],[117.26579,4.22073],[117.26562,4.22042],[117.26549,4.22019],[117.26609,4.21948],[117.26835,4.21889],[117.26835,4.21787],[117.26763,4.21722],[117.26644,4.21597],[117.26513,4.21532],[117.26359,4.21585],[117.2627,4.21573],[117.2623,4.21485],[117.26152,4.2131],[117.26144,4.21306],[117.26063,4.21269],[117.2599,4.21292],[117.25946,4.2135],[117.2593,4.21442],[117.25951,4.21531],[117.25961,4.21648],[117.25927,4.21695],[117.25879,4.21693],[117.2575,4.21698],[117.25617,4.21694],[117.25553,4.21673],[117.25503,4.21584],[117.25406,4.21464],[117.25322,4.21357],[117.25304,4.21345],[117.25253,4.2131],[117.25145,4.21269],[117.25056,4.21227],[117.2495,4.21172],[117.24857,4.21149],[117.24821,4.21145],[117.24786,4.21141],[117.2469,4.21157],[117.24641,4.21081],[117.24625,4.21063],[117.24595,4.21034],[117.24559,4.20998],[117.24522,4.2096],[117.24493,4.20938],[117.24476,4.20945],[117.2445,4.20955],[117.24416,4.20976],[117.24392,4.20991],[117.24361,4.20999],[117.24319,4.20999],[117.24261,4.20994],[117.24208,4.20979],[117.24171,4.20964],[117.24154,4.20995],[117.2413,4.21041],[117.24086,4.21109],[117.24075,4.2113],[117.24061,4.21153],[117.24042,4.21189],[117.24021,4.21227],[117.24002,4.21252],[117.23993,4.21267],[117.23984,4.21276],[117.23976,4.21286],[117.23965,4.21301],[117.23948,4.21315],[117.23922,4.21325],[117.2391,4.21333],[117.23906,4.21339],[117.23854,4.21377],[117.23787,4.21436],[117.23743,4.21457],[117.2373,4.21466],[117.23687,4.21494],[117.23536,4.21583],[117.23431,4.21627],[117.23351,4.21641],[117.23319,4.21672],[117.23307,4.21722],[117.23285,4.21743],[117.23273,4.21751],[117.23271,4.2176],[117.23268,4.21768],[117.23256,4.21768],[117.23239,4.21768],[117.23213,4.21771],[117.23208,4.21771],[117.23193,4.21765],[117.23178,4.2176],[117.23145,4.21741],[117.23106,4.2172],[117.23074,4.21708],[117.23039,4.21695],[117.23017,4.21689],[117.22998,4.21684],[117.2297,4.21676],[117.22959,4.21636],[117.22903,4.21667],[117.22868,4.21711],[117.2284,4.2176],[117.2288,4.21772],[117.22873,4.21793],[117.22831,4.218],[117.22777,4.21795],[117.22729,4.21808],[117.22704,4.21806],[117.22686,4.21797],[117.22677,4.21795],[117.22661,4.21804],[117.22646,4.21815],[117.22611,4.21836],[117.22563,4.21884],[117.22514,4.21934],[117.22497,4.21945],[117.22481,4.21955],[117.22459,4.21962],[117.22436,4.21969],[117.2241,4.21976],[117.2239,4.21979],[117.22353,4.21978],[117.22331,4.21973],[117.22302,4.21963],[117.22267,4.21961],[117.22242,4.21962],[117.22213,4.21976],[117.2218,4.22004],[117.22155,4.22034],[117.22131,4.22046],[117.22093,4.22065],[117.22062,4.22074],[117.2203,4.22079],[117.21993,4.22086],[117.2196,4.22091],[117.21917,4.22084],[117.21865,4.22083],[117.2182,4.22089],[117.21785,4.22083],[117.21735,4.2208],[117.21686,4.22093],[117.21639,4.22132],[117.21573,4.22189],[117.21467,4.22199],[117.21269,4.22347],[117.21278,4.22345],[117.21295,4.2234],[117.21321,4.22344],[117.21338,4.22355],[117.21358,4.22366],[117.21377,4.22385],[117.21387,4.22403],[117.2139,4.22428],[117.21386,4.22459],[117.21388,4.22483],[117.21394,4.22508],[117.21398,4.22524],[117.21401,4.22548],[117.21405,4.22574],[117.21409,4.22595],[117.21412,4.22617],[117.21412,4.22637],[117.21413,4.22655],[117.21417,4.22676],[117.21423,4.22695],[117.2143,4.22704],[117.21446,4.22712],[117.21461,4.22716],[117.21467,4.22721],[117.21477,4.22732],[117.21491,4.22744],[117.21514,4.22759],[117.21519,4.2276],[117.21514,4.22771],[117.21504,4.22785],[117.21475,4.2281],[117.21457,4.22844],[117.21448,4.22873],[117.2144,4.22907],[117.21435,4.22935],[117.21426,4.22954],[117.21415,4.22969],[117.21394,4.22981],[117.21349,4.23003],[117.21316,4.23024],[117.21292,4.23049],[117.21276,4.2308],[117.21256,4.23103],[117.2123,4.23153],[117.2119,4.23192],[117.21166,4.23211],[117.21158,4.23219],[117.21149,4.23227],[117.2113,4.23242],[117.21096,4.2327],[117.21082,4.23284],[117.21073,4.23299],[117.21065,4.23315],[117.21054,4.23338],[117.21041,4.23369],[117.21021,4.23411],[117.20998,4.23443],[117.20969,4.2347],[117.20913,4.23538],[117.2089,4.23564],[117.20875,4.23586],[117.20856,4.23612],[117.20849,4.23626],[117.20841,4.23649],[117.20838,4.23668],[117.20836,4.23705],[117.20831,4.23729],[117.2083,4.23749],[117.20828,4.23775],[117.20819,4.23811],[117.20812,4.23829],[117.208,4.23851],[117.20786,4.23872],[117.20772,4.23892],[117.20767,4.23904],[117.20756,4.23922],[117.2074,4.23942],[117.20722,4.23956],[117.20717,4.23963],[117.2071,4.23971],[117.20697,4.2399],[117.20676,4.24017],[117.20653,4.2405],[117.20658,4.2406],[117.20671,4.24069],[117.20683,4.24076],[117.20699,4.24084],[117.2072,4.24088],[117.20733,4.24096],[117.2074,4.24107],[117.20745,4.24118],[117.20754,4.24137],[117.20765,4.24165],[117.20775,4.24192],[117.20781,4.24209],[117.20789,4.24228],[117.20797,4.2424],[117.20809,4.24249],[117.20826,4.2426],[117.20838,4.24271],[117.20856,4.2429],[117.20878,4.24316],[117.20893,4.24332],[117.20901,4.24349],[117.20912,4.24365],[117.20921,4.24384],[117.20923,4.24404],[117.20921,4.24426],[117.20914,4.2445],[117.20901,4.24473],[117.20901,4.24487],[117.2091,4.24493],[117.20922,4.24496],[117.20937,4.24498],[117.20963,4.24496],[117.20972,4.24496],[117.20978,4.24499],[117.20979,4.24511],[117.20976,4.24533],[117.20974,4.24549],[117.2098,4.24581],[117.20987,4.24593],[117.20996,4.24616],[117.20992,4.24637],[117.20995,4.2469],[117.21,4.24707],[117.21014,4.2474],[117.2104,4.24761],[117.2106,4.24787],[117.21074,4.2481],[117.21103,4.2484],[117.21156,4.24871],[117.21213,4.24916],[117.21634,4.25203],[117.22416,4.24592],[117.23174,4.23968],[117.24103,4.2333]]]]},"properties":{"kdprov":"65","kdkab":"04","kdkec":"090","kddesa":"001","kdsls":"0013","idsls":"65040900010013","nmprov":"KALIMANTAN UTARA","nmkab":"NUNUKAN","nmkec":"SEI MENGGARIS","nmdesa":"TABUR LESTARI","nmsls":"RT 013"}},{"type":"Feature","geometry":{"type":"MultiPolygon","coordinates":[[[[117.25907,4.24723],[117.25888,4.24719],[117.25864,4.2471],[117.25851,4.24703],[117.25839,4.24697],[117.2583,4.24689],[117.25825,4.24684],[117.25816,4.24675],[117.258,4.2465],[117.25797,4.24625],[117.25809,4.24606],[117.25822,4.24588],[117.25855,4.24548],[117.25868,4.24522],[117.25887,4.24485],[117.25886,4.24462],[117.25887,4.2443],[117.25898,4.24411],[117.25916,4.24395],[117.2594,4.24381],[117.25969,4.24362],[117.25984,4.24343],[117.26003,4.24299],[117.26017,4.24251],[117.26015,4.24225],[117.26008,4.24202],[117.26002,4.24184],[117.26005,4.24154],[117.26018,4.2412],[117.26024,4.2409],[117.26017,4.24062],[117.2601,4.24058],[117.25994,4.2405],[117.25965,4.24032],[117.25952,4.24023],[117.25936,4.24009],[117.25934,4.24008],[117.25927,4.23972],[117.25933,4.23922],[117.25942,4.23878],[117.2596,4.23842],[117.2596,4.2381],[117.25954,4.23795],[117.25947,4.23782],[117.25932,4.23769],[117.25928,4.23766],[117.25907,4.23739],[117.25892,4.23721],[117.25876,4.23703],[117.2585,4.2369],[117.2583,4.23681],[117.25819,4.23666],[117.25814,4.23643],[117.25818,4.23624],[117.25825,4.23612],[117.25834,4.23579],[117.25827,4.23546],[117.25825,4.23537],[117.258,4.23499],[117.25768,4.23485],[117.25726,4.23481],[117.25663,4.23489],[117.25628,4.23494],[117.25615,4.23533],[117.25606,4.23569],[117.256,4.23605],[117.2559,4.23628],[117.25571,4.23643],[117.25544,4.23654],[117.25518,4.23654],[117.25496,4.23644],[117.25472,4.23617],[117.25454,4.23594],[117.25431,4.23574],[117.25406,4.23558],[117.25373,4.23562],[117.2534,4.23583],[117.2531,4.23608],[117.25294,4.23622],[117.25263,4.23624],[117.25236,4.23626],[117.25203,4.23635],[117.2517,4.23647],[117.25145,4.23663],[117.25115,4.23674],[117.25075,4.23685],[117.25028,4.23683],[117.24989,4.23667],[117.24958,4.23653],[117.24945,4.23653],[117.24906,4.23675],[117.24865,4.23698],[117.24823,4.23732],[117.24794,4.23756],[117.24745,4.23772],[117.2471,4.23789],[117.24646,4.23807],[117.24618,4.23812],[117.24574,4.23799],[117.24538,4.2378],[117.24536,4.2378],[117.24523,4.23772],[117.24511,4.23765],[117.24498,4.23759],[117.2447,4.23747],[117.24458,4.23742],[117.24441,4.23737],[117.24413,4.23738],[117.24404,4.2378],[117.24385,4.23802],[117.24372,4.23855],[117.24361,4.23907],[117.2431,4.23982],[117.24279,4.24041],[117.2424,4.24114],[117.24217,4.24153],[117.24188,4.24178],[117.24165,4.24235],[117.24155,4.24339],[117.24155,4.24388],[117.24126,4.24442],[117.24113,4.24509],[117.24103,4.24564],[117.24059,4.24628],[117.24028,4.24683],[117.24002,4.24739],[117.23994,4.24786],[117.24005,4.2484],[117.24012,4.24878],[117.24005,4.24936],[117.23989,4.24975],[117.23988,4.25008],[117.24003,4.25048],[117.24024,4.2507],[117.24041,4.25097],[117.24055,4.25109],[117.24071,4.2517],[117.24079,4.25204],[117.24092,4.25243],[117.24118,4.25289],[117.24137,4.25339],[117.24159,4.25393],[117.2416,4.25449],[117.24195,4.2545],[117.24222,4.25446],[117.24251,4.25426],[117.24297,4.25432],[117.24417,4.25448],[117.24476,4.25445],[117.24535,4.25414],[117.24601,4.25419],[117.24634,4.25429],[117.24692,4.25414],[117.24705,4.25403],[117.24749,4.2539],[117.24834,4.25282],[117.24876,4.25202],[117.24928,4.25165],[117.24956,4.25101],[117.24984,4.2509],[117.25088,4.25129],[117.2522,4.2516],[117.25344,4.2515],[117.25455,4.25108],[117.25522,4.2507],[117.2562,4.25002],[117.25628,4.2493],[117.25631,4.24891],[117.25675,4.24871],[117.25739,4.2486],[117.25807,4.24834],[117.25887,4.24762],[117.25907,4.24723]]]]},"properties":{"kdprov":"65","kdkab":"04","kdkec":"090","kddesa":"002","kdsls":"0006","idsls":"65040900020006","nmprov":"KALIMANTAN UTARA","nmkab":"NUNUKAN","nmkec":"SEI MENGGARIS","nmdesa":"SAMAENRE SEMAJA","nmsls":"RT 006"}},{"type":"Feature","geometry":{"type":"MultiPolygon","coordinates":[[[[117.32745,4.29591],[117.32757,4.29585],[117.32761,4.29584],[117.32766,4.29582],[117.32769,4.29581],[117.32772,4.2958],[117.32775,4.29583],[117.32783,4.29592],[117.32786,4.29596],[117.32793,4.29604],[117.32798,4.29609],[117.328,4.29611],[117.32802,4.2961],[117.32808,4.29609],[117.32825,4.29603],[117.32833,4.296],[117.32841,4.29597],[117.32849,4.29591],[117.32856,4.29587],[117.32862,4.29584],[117.32871,4.29578],[117.32877,4.29585],[117.32877,4.29589],[117.32877,4.29594],[117.32885,4.29598],[117.32894,4.296],[117.32903,4.29602],[117.32909,4.29603],[117.32919,4.29605],[117.32933,4.29603],[117.32939,4.29602],[117.32941,4.29601],[117.32946,4.29595],[117.32952,4.29589],[117.32955,4.29586],[117.32955,4.29571],[117.32952,4.29549],[117.32949,4.29542],[117.32946,4.29533],[117.32947,4.29515],[117.3295,4.29508],[117.32953,4.295],[117.32954,4.295],[117.32966,4.29486],[117.32992,4.29473],[117.32992,4.29473],[117.33007,4.29468],[117.33021,4.29464],[117.33056,4.29464],[117.33071,4.2947],[117.33091,4.29479],[117.33104,4.29492],[117.33104,4.29492],[117.33108,4.295],[117.33123,4.29528],[117.33136,4.29551],[117.33147,4.2957],[117.3317,4.29592],[117.33196,4.29614],[117.33205,4.29618],[117.33222,4.29626],[117.33243,4.29632],[117.33261,4.29634],[117.3327,4.29637],[117.33294,4.29606],[117.33377,4.29644],[117.33441,4.29642],[117.3346,4.29629],[117.335,4.29581],[117.33569,4.29543],[117.33618,4.2954],[117.3375,4.29511],[117.33834,4.29495],[117.33885,4.29517],[117.33919,4.29483],[117.33995,4.29408],[117.34082,4.2936],[117.34107,4.29298],[117.34137,4.29248],[117.34194,4.29162],[117.34218,4.29094],[117.34233,4.29072],[117.34268,4.29021],[117.343,4.2902],[117.34349,4.28981],[117.34361,4.28972],[117.34415,4.29017],[117.34437,4.29008],[117.34522,4.29003],[117.34544,4.29056],[117.3456,4.29074],[117.346,4.29077],[117.34629,4.29038],[117.34733,4.2905],[117.34735,4.2905],[117.348,4.29002],[117.34849,4.28987],[117.34884,4.28919],[117.34917,4.28931],[117.3499,4.28921],[117.35034,4.28878],[117.35061,4.28884],[117.35087,4.28911],[117.35172,4.28941],[117.35198,4.28931],[117.353,4.28939],[117.35372,4.28886],[117.35426,4.28878],[117.3551,4.28879],[117.35575,4.28929],[117.35628,4.28884],[117.35702,4.28895],[117.3573,4.28822],[117.35773,4.28787],[117.35815,4.2877],[117.35895,4.28761],[117.35993,4.288],[117.3609,4.2878],[117.36148,4.28733],[117.36186,4.28742],[117.36256,4.28711],[117.36287,4.2867],[117.36299,4.2866],[117.36356,4.28653],[117.36373,4.28638],[117.36438,4.28638],[117.36523,4.28625],[117.36622,4.28561],[117.36657,4.2853],[117.36819,4.28582],[117.36896,4.28608],[117.36938,4.2861],[117.36956,4.28611],[117.36987,4.28612],[117.37086,4.28604],[117.37107,4.28582],[117.37195,4.28574],[117.37288,4.286],[117.37366,4.28516],[117.37366,4.28499],[117.37384,4.28441],[117.3743,4.28346],[117.3745,4.28313],[117.37466,4.28291],[117.3746,4.28257],[117.37417,4.2824],[117.37388,4.28219],[117.37361,4.2819],[117.37325,4.28121],[117.37336,4.2809],[117.37364,4.28063],[117.37403,4.27965],[117.37398,4.27933],[117.37394,4.27922],[117.37384,4.27898],[117.37366,4.27839],[117.3734,4.27767],[117.37363,4.27725],[117.37353,4.27705],[117.37351,4.27673],[117.37401,4.27628],[117.37436,4.27568],[117.37459,4.27546],[117.37498,4.27518],[117.37511,4.27495],[117.37526,4.27475],[117.37512,4.27464],[117.37465,4.27428],[117.37455,4.27409],[117.37464,4.27361],[117.37456,4.27338],[117.37452,4.27302],[117.37471,4.2729],[117.37482,4.27268],[117.37502,4.27262],[117.37548,4.27217],[117.37607,4.27189],[117.37633,4.27169],[117.3762,4.27133],[117.37619,4.27094],[117.37624,4.27053],[117.37655,4.2703],[117.37673,4.2701],[117.3769,4.26983],[117.37703,4.26947],[117.37754,4.26886],[117.37755,4.26866],[117.37763,4.26848],[117.37792,4.26838],[117.37843,4.26839],[117.37867,4.26812],[117.37923,4.26788],[117.37952,4.26771],[117.3796,4.26752],[117.37964,4.2672],[117.38042,4.2667],[117.38083,4.26661],[117.38152,4.26628],[117.38193,4.26616],[117.3823,4.26575],[117.38235,4.2655],[117.38237,4.26457],[117.38227,4.26427],[117.38231,4.26393],[117.38243,4.26381],[117.38269,4.26367],[117.38297,4.26358],[117.38334,4.26321],[117.38353,4.26279],[117.38376,4.26249],[117.38392,4.26213],[117.3841,4.26133],[117.38432,4.26109],[117.38483,4.26089],[117.38504,4.26096],[117.3856,4.26078],[117.38584,4.26084],[117.38639,4.26017],[117.38702,4.25969],[117.38729,4.25952],[117.38745,4.25942],[117.38765,4.25927],[117.38774,4.25855],[117.3878,4.25837],[117.3878,4.25805],[117.3878,4.2579],[117.38786,4.2578],[117.38821,4.25771],[117.38765,4.25742],[117.3875,4.25744],[117.38739,4.25746],[117.38695,4.2574],[117.3866,4.25732],[117.38626,4.25725],[117.38583,4.25715],[117.3857,4.25708],[117.38538,4.25696],[117.3851,4.25677],[117.38493,4.25652],[117.38481,4.25624],[117.38474,4.25596],[117.38463,4.25565],[117.38442,4.25531],[117.38427,4.25501],[117.38411,4.25465],[117.38403,4.25429],[117.384,4.25409],[117.38399,4.25408],[117.38387,4.25376],[117.38386,4.25372],[117.3838,4.25357],[117.38373,4.25342],[117.3837,4.25336],[117.38364,4.25308],[117.38358,4.25294],[117.38354,4.25282],[117.38346,4.25276],[117.38336,4.25273],[117.38323,4.25268],[117.38309,4.25261],[117.38307,4.25258],[117.38302,4.25248],[117.38294,4.25232],[117.38289,4.25216],[117.38273,4.25202],[117.38266,4.25193],[117.38261,4.2519],[117.38256,4.25186],[117.38249,4.25187],[117.38241,4.25187],[117.38223,4.25188],[117.38209,4.25183],[117.38201,4.2518],[117.38184,4.25164],[117.38178,4.25147],[117.38184,4.25121],[117.38186,4.25105],[117.38108,4.25063],[117.38054,4.25041],[117.38053,4.2504],[117.38033,4.2503],[117.38027,4.25001],[117.38025,4.24993],[117.38023,4.24987],[117.3802,4.24977],[117.38027,4.24953],[117.38016,4.2494],[117.37999,4.24939],[117.37983,4.24932],[117.37969,4.24926],[117.37962,4.24924],[117.3795,4.24927],[117.37938,4.2493],[117.37921,4.24934],[117.37912,4.24934],[117.37906,4.2493],[117.379,4.24924],[117.37888,4.24922],[117.37883,4.2492],[117.37871,4.24881],[117.37869,4.24873],[117.37855,4.24859],[117.37846,4.24851],[117.37821,4.24829],[117.37775,4.24822],[117.37734,4.24806],[117.37719,4.24784],[117.37447,4.24628],[117.37401,4.2461],[117.37198,4.24532],[117.371,4.24512],[117.36945,4.24481],[117.36703,4.24356],[117.36533,4.24282],[117.36522,4.24274],[117.36498,4.24263],[117.36494,4.24259],[117.36491,4.24256],[117.36473,4.24259],[117.36456,4.24255],[117.36448,4.24245],[117.36439,4.24224],[117.36434,4.24208],[117.36428,4.2419],[117.36395,4.2419],[117.36379,4.24187],[117.36349,4.24192],[117.36315,4.24192],[117.36294,4.24197],[117.3627,4.24199],[117.36249,4.24203],[117.36241,4.24204],[117.36216,4.24203],[117.36185,4.24204],[117.36168,4.24206],[117.36161,4.24207],[117.36145,4.24218],[117.36119,4.24212],[117.36081,4.24204],[117.36037,4.24187],[117.36008,4.24171],[117.35994,4.24162],[117.35982,4.24155],[117.35973,4.24158],[117.35964,4.24162],[117.35958,4.24169],[117.35947,4.24182],[117.35916,4.24194],[117.35862,4.242],[117.35824,4.242],[117.35794,4.24196],[117.35769,4.24188],[117.35769,4.24188],[117.35747,4.24177],[117.35733,4.24159],[117.3572,4.24134],[117.35704,4.24113],[117.35698,4.2411],[117.35684,4.24104],[117.3565,4.24095],[117.35612,4.2409],[117.35585,4.24096],[117.35576,4.24098],[117.35558,4.24103],[117.35541,4.24103],[117.35514,4.24099],[117.35506,4.24098],[117.35465,4.24092],[117.35437,4.2409],[117.35435,4.2409],[117.35402,4.24091],[117.35368,4.24097],[117.35349,4.2411],[117.35333,4.24117],[117.35306,4.24129],[117.3528,4.24132],[117.3525,4.24126],[117.35236,4.24123],[117.35191,4.24111],[117.35152,4.24099],[117.35122,4.2409],[117.35106,4.24084],[117.35067,4.24075],[117.35017,4.24077],[117.34976,4.24085],[117.34925,4.24089],[117.34871,4.24099],[117.34836,4.24102],[117.34815,4.24104],[117.34795,4.241],[117.34777,4.24094],[117.34765,4.24089],[117.34746,4.24077],[117.34738,4.24071],[117.34704,4.24041],[117.3468,4.24019],[117.34658,4.23996],[117.34647,4.23975],[117.34645,4.23973],[117.34643,4.2397],[117.3464,4.23972],[117.34639,4.23972],[117.34638,4.23973],[117.34623,4.23979],[117.34598,4.24],[117.34589,4.24008],[117.34557,4.24035],[117.34548,4.24045],[117.34543,4.24051],[117.34535,4.24075],[117.34535,4.241],[117.34541,4.24142],[117.34545,4.24178],[117.34546,4.24182],[117.34554,4.24231],[117.34562,4.24285],[117.34573,4.24324],[117.34579,4.2436],[117.34579,4.24363],[117.34584,4.24416],[117.34585,4.24446],[117.34586,4.24478],[117.34585,4.24502],[117.34584,4.24527],[117.34579,4.24546],[117.34585,4.24574],[117.34594,4.24586],[117.34613,4.24612],[117.34639,4.24642],[117.34666,4.24656],[117.34666,4.24656],[117.34699,4.24666],[117.34736,4.24664],[117.3478,4.24659],[117.34821,4.24652],[117.34862,4.2464],[117.34904,4.24628],[117.34932,4.24622],[117.34939,4.24625],[117.34948,4.24628],[117.34967,4.24634],[117.34987,4.24641],[117.35004,4.24657],[117.35005,4.24658],[117.35006,4.24659],[117.35017,4.24674],[117.3503,4.24695],[117.35034,4.24701],[117.35038,4.24711],[117.35046,4.2473],[117.35056,4.24754],[117.35057,4.24768],[117.35057,4.24782],[117.35055,4.24801],[117.35052,4.24822],[117.3505,4.24848],[117.35047,4.2487],[117.35047,4.24892],[117.35046,4.24915],[117.35049,4.24932],[117.35054,4.24955],[117.35058,4.24979],[117.35061,4.24997],[117.35064,4.25013],[117.35067,4.25028],[117.35071,4.25058],[117.35074,4.25073],[117.35077,4.2509],[117.35083,4.25119],[117.35083,4.25121],[117.35099,4.25148],[117.35113,4.25166],[117.35119,4.25173],[117.35125,4.25183],[117.3513,4.25191],[117.35136,4.25216],[117.35127,4.25246],[117.35125,4.25249],[117.35115,4.25265],[117.35094,4.2528],[117.35068,4.25291],[117.35042,4.25301],[117.35039,4.25302],[117.35015,4.25309],[117.35006,4.25311],[117.35001,4.25313],[117.3498,4.25327],[117.34963,4.25341],[117.3495,4.25351],[117.34946,4.25354],[117.34946,4.25354],[117.34931,4.25362],[117.3491,4.25376],[117.34908,4.25378],[117.34891,4.25391],[117.34887,4.25395],[117.34875,4.25407],[117.34863,4.25419],[117.34859,4.25422],[117.34857,4.25424],[117.34844,4.25435],[117.34833,4.25443],[117.34831,4.25444],[117.34826,4.2545],[117.34819,4.25456],[117.34811,4.25462],[117.34807,4.25466],[117.3479,4.25475],[117.34771,4.25487],[117.34756,4.25496],[117.34746,4.25502],[117.34738,4.25505],[117.34727,4.25511],[117.34712,4.25517],[117.34711,4.25518],[117.34698,4.25524],[117.34693,4.25527],[117.34683,4.25533],[117.34665,4.25543],[117.34665,4.25543],[117.3466,4.25547],[117.34653,4.25553],[117.34637,4.25562],[117.34625,4.25574],[117.34625,4.25574],[117.34615,4.25585],[117.34606,4.25591],[117.34596,4.25596],[117.34565,4.25601],[117.34546,4.25602],[117.34538,4.25602],[117.3451,4.25609],[117.34492,4.25614],[117.34478,4.25618],[117.34455,4.25627],[117.3444,4.25627],[117.34426,4.25627],[117.34399,4.25625],[117.34377,4.25627],[117.34373,4.25628],[117.34364,4.25631],[117.34351,4.25631],[117.3434,4.25632],[117.34335,4.25632],[117.34322,4.2563],[117.34305,4.25628],[117.34294,4.25628],[117.34283,4.25631],[117.34272,4.25633],[117.3425,4.25644],[117.34245,4.25645],[117.34241,4.25647],[117.34227,4.25653],[117.34212,4.25659],[117.34178,4.25673],[117.34152,4.25682],[117.34121,4.25697],[117.34113,4.25698],[117.34108,4.25698],[117.34103,4.25699],[117.34092,4.257],[117.3408,4.25704],[117.34071,4.25707],[117.34062,4.25709],[117.3405,4.25713],[117.34013,4.25723],[117.33983,4.2573],[117.3396,4.25735],[117.33952,4.25736],[117.33937,4.25737],[117.33928,4.25738],[117.3392,4.25739],[117.3391,4.25736],[117.33903,4.25735],[117.33896,4.25734],[117.33885,4.25729],[117.33871,4.25725],[117.33853,4.25722],[117.33844,4.25716],[117.33832,4.2571],[117.33821,4.25708],[117.33811,4.25706],[117.33795,4.25709],[117.33786,4.25713],[117.33772,4.25716],[117.33756,4.25719],[117.33739,4.25723],[117.33722,4.25727],[117.33712,4.25727],[117.3371,4.25727],[117.33708,4.25726],[117.33711,4.25732],[117.33713,4.25739],[117.33713,4.25746],[117.33714,4.25761],[117.33705,4.25786],[117.33694,4.25804],[117.3369,4.25807],[117.33686,4.25811],[117.33679,4.25813],[117.33673,4.25814],[117.33659,4.25819],[117.33652,4.25821],[117.33648,4.25823],[117.3364,4.25826],[117.33629,4.25835],[117.33619,4.25843],[117.33612,4.25849],[117.33609,4.25851],[117.33604,4.25857],[117.33601,4.2586],[117.33599,4.2587],[117.33597,4.25882],[117.33597,4.25908],[117.33595,4.25926],[117.33593,4.25933],[117.33592,4.25936],[117.33588,4.25939],[117.33584,4.25942],[117.33581,4.25943],[117.33575,4.25946],[117.33564,4.2595],[117.33553,4.25951],[117.33542,4.25949],[117.33529,4.25945],[117.33516,4.25941],[117.33498,4.25934],[117.33487,4.25934],[117.3348,4.25937],[117.33472,4.2594],[117.33459,4.25951],[117.33452,4.25965],[117.33448,4.25974],[117.33443,4.25991],[117.33442,4.25995],[117.33441,4.26016],[117.33438,4.26043],[117.33435,4.26051],[117.33432,4.2606],[117.33427,4.26078],[117.33425,4.26088],[117.33424,4.26097],[117.33423,4.26105],[117.33426,4.26117],[117.3343,4.26127],[117.33441,4.26145],[117.33456,4.26166],[117.33462,4.26175],[117.33476,4.26184],[117.33481,4.26184],[117.33489,4.26185],[117.33501,4.26183],[117.33511,4.26182],[117.3353,4.26175],[117.33535,4.26173],[117.33543,4.2617],[117.33555,4.26169],[117.33568,4.26167],[117.33592,4.26161],[117.33611,4.26156],[117.33633,4.26152],[117.33648,4.26148],[117.3368,4.26145],[117.3371,4.26143],[117.33733,4.26144],[117.33773,4.26139],[117.33793,4.26132],[117.33806,4.26128],[117.3383,4.26114],[117.3384,4.26104],[117.33855,4.26092],[117.33876,4.26072],[117.33881,4.26066],[117.33884,4.26063],[117.33902,4.26057],[117.33914,4.26055],[117.33916,4.26055],[117.33924,4.26057],[117.33938,4.26067],[117.3394,4.26068],[117.33943,4.26071],[117.3396,4.2609],[117.33973,4.26108],[117.33979,4.26119],[117.33984,4.26129],[117.33988,4.26134],[117.33998,4.26148],[117.33999,4.26152],[117.34,4.26155],[117.33366,4.26377],[117.332,4.26389],[117.32943,4.26503],[117.32709,4.26514],[117.32492,4.26474],[117.32484,4.26471],[117.32315,4.26395],[117.32153,4.26359],[117.31978,4.2632],[117.31738,4.26297],[117.31413,4.26366],[117.31322,4.26806],[117.31407,4.26931],[117.31384,4.27257],[117.31341,4.27665],[117.31339,4.27685],[117.31337,4.27697],[117.3131,4.27914],[117.3147,4.2797],[117.31681,4.28045],[117.3175,4.28037],[117.31944,4.28016],[117.32087,4.27942],[117.32481,4.28015],[117.3245,4.28107],[117.32437,4.28127],[117.32412,4.28165],[117.32394,4.28202],[117.32382,4.28226],[117.32367,4.28238],[117.32348,4.28253],[117.32334,4.28256],[117.32307,4.28263],[117.3226,4.28287],[117.32246,4.28291],[117.32227,4.28296],[117.32222,4.28299],[117.32196,4.28317],[117.32162,4.28376],[117.32137,4.28397],[117.32112,4.28417],[117.32065,4.28436],[117.32028,4.28475],[117.32001,4.28515],[117.31967,4.28541],[117.31912,4.28558],[117.31857,4.28548],[117.3181,4.28524],[117.3181,4.28524],[117.31777,4.28501],[117.31719,4.28507],[117.31709,4.28509],[117.31668,4.28516],[117.3165,4.28523],[117.31634,4.28528],[117.31614,4.28556],[117.316,4.28576],[117.31593,4.28601],[117.31584,4.28635],[117.31557,4.28692],[117.31533,4.28718],[117.31532,4.2872],[117.31515,4.28725],[117.31492,4.2873],[117.31468,4.28739],[117.31452,4.28744],[117.31429,4.28752],[117.31429,4.28752],[117.31419,4.28757],[117.3139,4.28793],[117.3138,4.28813],[117.31388,4.28822],[117.31399,4.28824],[117.3142,4.28825],[117.31449,4.28822],[117.31459,4.28823],[117.31467,4.28824],[117.31484,4.28818],[117.31494,4.28819],[117.31497,4.28821],[117.31508,4.28827],[117.31525,4.28834],[117.31546,4.28832],[117.31554,4.28829],[117.31562,4.28825],[117.31569,4.28823],[117.31578,4.28819],[117.31593,4.28808],[117.31599,4.28799],[117.31606,4.28787],[117.31616,4.28783],[117.3162,4.28782],[117.31628,4.28782],[117.31635,4.28783],[117.31641,4.28783],[117.31655,4.28779],[117.31665,4.28777],[117.31666,4.28778],[117.31686,4.28788],[117.31705,4.28795],[117.31718,4.28794],[117.31728,4.28787],[117.31732,4.28785],[117.31735,4.28782],[117.31747,4.28768],[117.31761,4.28756],[117.3177,4.28749],[117.31775,4.28748],[117.3178,4.28747],[117.31794,4.28752],[117.31801,4.2876],[117.31805,4.28764],[117.31805,4.28766],[117.31808,4.28787],[117.31809,4.28799],[117.31811,4.28813],[117.31816,4.28832],[117.31828,4.2885],[117.31845,4.28872],[117.31853,4.28891],[117.31858,4.28902],[117.31859,4.28903],[117.31864,4.2891],[117.31866,4.28911],[117.31873,4.28916],[117.31886,4.2892],[117.3189,4.2892],[117.31894,4.28921],[117.31899,4.28923],[117.31912,4.2893],[117.31918,4.28933],[117.31934,4.28932],[117.31949,4.28932],[117.31956,4.28932],[117.3197,4.28933],[117.31984,4.28934],[117.3199,4.28934],[117.32008,4.28936],[117.32012,4.28937],[117.32022,4.28938],[117.32039,4.28948],[117.3204,4.28949],[117.3205,4.28955],[117.32061,4.2897],[117.32064,4.28975],[117.32069,4.28984],[117.32077,4.29],[117.32077,4.2901],[117.32074,4.29019],[117.32069,4.29027],[117.3206,4.29032],[117.32058,4.29034],[117.32048,4.29043],[117.32039,4.29051],[117.32031,4.29059],[117.32022,4.29069],[117.3202,4.29072],[117.32014,4.2908],[117.32008,4.29088],[117.32001,4.29105],[117.32001,4.29115],[117.32,4.29126],[117.32001,4.29134],[117.32003,4.29153],[117.32008,4.29173],[117.32009,4.29178],[117.3201,4.29182],[117.32008,4.29193],[117.32007,4.29206],[117.31989,4.29229],[117.31978,4.2924],[117.31974,4.29244],[117.3196,4.29258],[117.31951,4.29269],[117.31944,4.29276],[117.31944,4.29286],[117.31944,4.29295],[117.31956,4.29315],[117.3197,4.2933],[117.31991,4.29343],[117.32,4.2935],[117.32012,4.29359],[117.32034,4.29367],[117.32036,4.29368],[117.32064,4.29378],[117.32109,4.29385],[117.32139,4.29392],[117.32171,4.294],[117.32192,4.29406],[117.32201,4.29408],[117.32214,4.29406],[117.3224,4.29406],[117.32261,4.29403],[117.32269,4.294],[117.32277,4.29397],[117.32285,4.29395],[117.32296,4.29392],[117.32321,4.29374],[117.32343,4.29367],[117.32362,4.2936],[117.32381,4.29356],[117.32393,4.2935],[117.32395,4.2935],[117.32406,4.29346],[117.3242,4.29341],[117.32442,4.29334],[117.32445,4.29333],[117.32446,4.29333],[117.32462,4.29324],[117.32474,4.29316],[117.32483,4.29311],[117.32491,4.29306],[117.3251,4.29297],[117.3251,4.29297],[117.32525,4.2929],[117.3253,4.29289],[117.32543,4.29288],[117.32552,4.29304],[117.32555,4.29322],[117.32557,4.29336],[117.32555,4.29345],[117.32554,4.29354],[117.32549,4.29378],[117.32538,4.294],[117.32538,4.294],[117.32523,4.29414],[117.32505,4.29434],[117.32504,4.29435],[117.32504,4.29435],[117.32494,4.29444],[117.32488,4.29452],[117.32484,4.29459],[117.32477,4.29469],[117.32474,4.29474],[117.3247,4.29496],[117.32471,4.29506],[117.32474,4.29528],[117.32479,4.29541],[117.32481,4.29546],[117.32484,4.29548],[117.32496,4.29557],[117.3251,4.29564],[117.32518,4.29567],[117.32523,4.29571],[117.32541,4.29583],[117.32555,4.296],[117.32557,4.29603],[117.3256,4.29606],[117.32576,4.2962],[117.32595,4.29629],[117.32611,4.29635],[117.32623,4.29639],[117.32637,4.29642],[117.3265,4.29644],[117.32669,4.29646],[117.32684,4.29643],[117.32692,4.29623],[117.32695,4.29616],[117.32697,4.29612],[117.32713,4.29605],[117.32723,4.296],[117.32729,4.29597],[117.32745,4.29591]]]]},"properties":{"kdprov":"65","kdkab":"04","kdkec":"090","kddesa":"004","kdsls":"0007","idsls":"65040900040007","nmprov":"KALIMANTAN UTARA","nmkab":"NUNUKAN","nmkec":"SEI MENGGARIS","nmdesa":"SEKADUYAN TAKA","nmsls":"RT 007"}},{"type":"Feature","geometry":{"type":"MultiPolygon","coordinates":[[[[117.32271,4.25096],[117.32271,4.25096],[117.32258,4.2508],[117.32246,4.25061],[117.32239,4.25037],[117.32229,4.25015],[117.32216,4.24981],[117.32213,4.24974],[117.32208,4.24959],[117.32194,4.24935],[117.32189,4.249],[117.32191,4.24865],[117.32198,4.24834],[117.32206,4.24811],[117.32204,4.24789],[117.32196,4.24765],[117.3219,4.2476],[117.32177,4.2475],[117.32158,4.24738],[117.3214,4.2472],[117.32127,4.2471],[117.32117,4.24688],[117.32109,4.2466],[117.32108,4.24656],[117.32093,4.24615],[117.32083,4.24603],[117.32078,4.24597],[117.32072,4.24591],[117.32058,4.24577],[117.32043,4.24558],[117.32042,4.24552],[117.32036,4.24515],[117.32022,4.2446],[117.32018,4.24444],[117.31999,4.24411],[117.31977,4.24381],[117.31963,4.24348],[117.31959,4.24316],[117.31959,4.24263],[117.3196,4.24228],[117.31965,4.24203],[117.31984,4.24177],[117.32,4.24154],[117.32011,4.24139],[117.32026,4.24118],[117.32037,4.24105],[117.32052,4.24095],[117.3207,4.24086],[117.32086,4.24079],[117.321,4.24064],[117.32117,4.24042],[117.32131,4.24025],[117.32145,4.24013],[117.32161,4.23997],[117.32168,4.23977],[117.32159,4.23945],[117.32124,4.239],[117.32109,4.23881],[117.3209,4.23857],[117.32069,4.23851],[117.32059,4.23851],[117.32042,4.23842],[117.32015,4.23823],[117.31988,4.23809],[117.31974,4.23804],[117.31963,4.23806],[117.31955,4.23813],[117.31937,4.23827],[117.31921,4.23839],[117.31903,4.23852],[117.31892,4.23854],[117.31876,4.23816],[117.3186,4.23799],[117.31833,4.23781],[117.31808,4.23768],[117.31791,4.23761],[117.3178,4.23757],[117.31771,4.23733],[117.31762,4.23705],[117.31745,4.23667],[117.31745,4.23665],[117.31743,4.23631],[117.31743,4.23621],[117.31752,4.23583],[117.31761,4.23543],[117.3176,4.23516],[117.31762,4.23474],[117.31772,4.2343],[117.31777,4.23408],[117.31785,4.23369],[117.31795,4.23302],[117.31799,4.23278],[117.31806,4.23243],[117.31787,4.23225],[117.31754,4.23233],[117.31714,4.23245],[117.31697,4.23251],[117.31642,4.23249],[117.31641,4.23249],[117.31625,4.23249],[117.31593,4.23247],[117.31546,4.23255],[117.31515,4.23275],[117.31478,4.23296],[117.31451,4.23328],[117.31419,4.23357],[117.31351,4.23359],[117.31298,4.23358],[117.31227,4.23344],[117.31201,4.23386],[117.31116,4.23317],[117.31072,4.2324],[117.31052,4.23147],[117.31059,4.23072],[117.31054,4.22979],[117.31041,4.22935],[117.30982,4.22833],[117.30911,4.22886],[117.30864,4.22801],[117.3083,4.22723],[117.30767,4.22601],[117.30734,4.22535],[117.30758,4.22398],[117.3082,4.22285],[117.30841,4.22224],[117.30797,4.22147],[117.3083,4.2203],[117.30877,4.2195],[117.30928,4.21916],[117.30942,4.21877],[117.30912,4.21821],[117.30891,4.21706],[117.30869,4.21666],[117.30812,4.21655],[117.30679,4.21634],[117.30686,4.21592],[117.30667,4.21588],[117.3062,4.2158],[117.30576,4.21573],[117.30552,4.21578],[117.30529,4.21587],[117.30507,4.21613],[117.30494,4.21644],[117.30475,4.2168],[117.30469,4.21701],[117.30465,4.21728],[117.30455,4.21768],[117.30451,4.21796],[117.3044,4.21827],[117.30422,4.2186],[117.30403,4.21896],[117.30385,4.21918],[117.30358,4.21952],[117.30337,4.21975],[117.30317,4.22009],[117.30308,4.2203],[117.30302,4.22057],[117.30292,4.22092],[117.30279,4.2211],[117.30257,4.22136],[117.30231,4.22152],[117.30206,4.2217],[117.30182,4.22192],[117.30161,4.22238],[117.30148,4.22274],[117.30145,4.22295],[117.30144,4.22306],[117.30153,4.22324],[117.30161,4.22361],[117.30161,4.22382],[117.3016,4.224],[117.30159,4.22423],[117.30165,4.22453],[117.30166,4.22456],[117.30166,4.22457],[117.30169,4.22472],[117.30172,4.22497],[117.30172,4.22498],[117.3017,4.22528],[117.3015,4.2255],[117.30138,4.22566],[117.30132,4.22581],[117.30121,4.22598],[117.30106,4.22614],[117.30081,4.2264],[117.30063,4.22655],[117.30055,4.2266],[117.29998,4.22627],[117.29954,4.22704],[117.30004,4.22724],[117.30004,4.22737],[117.30016,4.22764],[117.30034,4.22788],[117.30048,4.22812],[117.30055,4.22823],[117.30054,4.22854],[117.30044,4.22887],[117.30028,4.22913],[117.30009,4.22934],[117.29992,4.22954],[117.29975,4.22967],[117.29947,4.22984],[117.29924,4.2299],[117.29913,4.22993],[117.29902,4.22999],[117.29896,4.23007],[117.29891,4.23017],[117.29887,4.23024],[117.29884,4.23034],[117.29883,4.23045],[117.29883,4.23045],[117.29883,4.23055],[117.29884,4.23066],[117.29885,4.23074],[117.29886,4.23088],[117.29887,4.23099],[117.29886,4.23111],[117.29873,4.23127],[117.29861,4.23141],[117.29844,4.23149],[117.29827,4.23172],[117.29825,4.23192],[117.29825,4.23193],[117.29826,4.23216],[117.29831,4.23244],[117.29842,4.23266],[117.29854,4.23267],[117.29872,4.23269],[117.29898,4.23265],[117.29915,4.23271],[117.29926,4.23302],[117.29927,4.2332],[117.29924,4.23346],[117.2992,4.23362],[117.29916,4.23388],[117.29919,4.2341],[117.29922,4.23421],[117.29926,4.23454],[117.29926,4.23485],[117.29923,4.23502],[117.29915,4.23527],[117.29909,4.23548],[117.29901,4.23563],[117.29891,4.23578],[117.29882,4.23592],[117.29877,4.23603],[117.29873,4.23611],[117.29862,4.2362],[117.29847,4.23632],[117.29824,4.2365],[117.29807,4.23668],[117.29802,4.23679],[117.29795,4.2369],[117.29785,4.23702],[117.29773,4.2371],[117.29767,4.23717],[117.2976,4.23732],[117.2975,4.2375],[117.29741,4.23766],[117.2973,4.23782],[117.29716,4.23795],[117.29702,4.2381],[117.29697,4.23827],[117.29701,4.23849],[117.2971,4.23879],[117.29718,4.23897],[117.2973,4.23911],[117.29745,4.23922],[117.29459,4.2405],[117.29304,4.24133],[117.29216,4.24305],[117.29227,4.24384],[117.29239,4.24456],[117.29275,4.24509],[117.29326,4.24578],[117.29338,4.24614],[117.29326,4.2464],[117.29302,4.24668],[117.29282,4.2469],[117.29263,4.24715],[117.29249,4.24746],[117.29222,4.24774],[117.29219,4.24788],[117.29224,4.24866],[117.29224,4.24871],[117.29225,4.24878],[117.29231,4.24933],[117.29231,4.25002],[117.29237,4.25093],[117.29259,4.25164],[117.29424,4.25072],[117.2945,4.25082],[117.29474,4.25142],[117.2949,4.25189],[117.29499,4.25215],[117.29517,4.25235],[117.29539,4.25242],[117.29555,4.25237],[117.2957,4.25245],[117.29601,4.25268],[117.29611,4.25275],[117.29617,4.2528],[117.2963,4.2529],[117.29643,4.25299],[117.2966,4.25303],[117.2967,4.25305],[117.2968,4.25305],[117.29697,4.25306],[117.29726,4.25284],[117.29755,4.25276],[117.29763,4.25273],[117.29782,4.25282],[117.29793,4.25286],[117.2985,4.25339],[117.2988,4.25355],[117.29919,4.25356],[117.29975,4.25356],[117.30037,4.25379],[117.30078,4.25403],[117.30118,4.25442],[117.30149,4.25491],[117.30186,4.25528],[117.3022,4.25549],[117.30266,4.25571],[117.30299,4.25598],[117.30316,4.2562],[117.3033,4.25638],[117.3035,4.25653],[117.30369,4.25668],[117.3038,4.25677],[117.30388,4.2567],[117.30398,4.25637],[117.3041,4.25609],[117.30428,4.25585],[117.30443,4.25575],[117.30469,4.25572],[117.30509,4.25586],[117.30545,4.2561],[117.30556,4.25629],[117.30572,4.25656],[117.30584,4.25707],[117.30597,4.25746],[117.30609,4.25761],[117.30655,4.25765],[117.30692,4.25768],[117.30718,4.25771],[117.30723,4.25769],[117.30755,4.25757],[117.30774,4.25721],[117.30786,4.25688],[117.30805,4.2566],[117.30831,4.25637],[117.30856,4.25602],[117.30882,4.25588],[117.30935,4.2554],[117.30964,4.25537],[117.30998,4.25548],[117.31013,4.25562],[117.31047,4.25593],[117.31068,4.25662],[117.31078,4.25708],[117.31126,4.25772],[117.31149,4.25821],[117.31193,4.25867],[117.31224,4.25892],[117.31255,4.25937],[117.31278,4.2597],[117.31289,4.25988],[117.32271,4.25096]]]]},"properties":{"kdprov":"65","kdkab":"04","kdkec":"090","kddesa":"002","kdsls":"0003","idsls":"65040900020003","nmprov":"KALIMANTAN UTARA","nmkab":"NUNUKAN","nmkec":"SEI MENGGARIS","nmdesa":"SAMAENRE SEMAJA","nmsls":"RT 003"}},{"type":"Feature","geometry":{"type":"MultiPolygon","coordinates":[[[[117.3327,4.29637],[117.33261,4.29634],[117.33243,4.29632],[117.33222,4.29626],[117.33205,4.29618],[117.33196,4.29614],[117.3317,4.29592],[117.33147,4.2957],[117.33136,4.29551],[117.33123,4.29528],[117.33108,4.295],[117.33104,4.29492],[117.33104,4.29492],[117.33091,4.29479],[117.33071,4.2947],[117.33056,4.29464],[117.33021,4.29464],[117.33007,4.29468],[117.32992,4.29473],[117.32992,4.29473],[117.32966,4.29486],[117.32954,4.295],[117.32953,4.295],[117.3295,4.29508],[117.32947,4.29515],[117.32946,4.29533],[117.32949,4.29542],[117.32952,4.29549],[117.32955,4.29571],[117.32955,4.29586],[117.32952,4.29589],[117.32946,4.29595],[117.32941,4.29601],[117.32939,4.29602],[117.32933,4.29603],[117.32919,4.29605],[117.32909,4.29603],[117.32903,4.29602],[117.32894,4.296],[117.32885,4.29598],[117.32877,4.29594],[117.32877,4.29589],[117.32877,4.29585],[117.32871,4.29578],[117.32862,4.29584],[117.32856,4.29587],[117.32849,4.29591],[117.32841,4.29597],[117.32833,4.296],[117.32825,4.29603],[117.32808,4.29609],[117.32802,4.2961],[117.328,4.29611],[117.32798,4.29609],[117.32793,4.29604],[117.32786,4.29596],[117.32783,4.29592],[117.32775,4.29583],[117.32772,4.2958],[117.32769,4.29581],[117.32766,4.29582],[117.32761,4.29584],[117.32757,4.29585],[117.32745,4.29591],[117.32729,4.29597],[117.32723,4.296],[117.32713,4.29605],[117.32697,4.29612],[117.32695,4.29616],[117.32692,4.29623],[117.32684,4.29643],[117.32669,4.29646],[117.3265,4.29644],[117.32637,4.29642],[117.32623,4.29639],[117.32611,4.29635],[117.32595,4.29629],[117.32576,4.2962],[117.3256,4.29606],[117.32557,4.29603],[117.32555,4.296],[117.32541,4.29583],[117.32523,4.29571],[117.32518,4.29567],[117.3251,4.29564],[117.32496,4.29557],[117.32484,4.29548],[117.32481,4.29546],[117.32479,4.29541],[117.32474,4.29528],[117.32471,4.29506],[117.3247,4.29496],[117.32474,4.29474],[117.32477,4.29469],[117.32484,4.29459],[117.32488,4.29452],[117.32494,4.29444],[117.32504,4.29435],[117.32504,4.29435],[117.32505,4.29434],[117.32523,4.29414],[117.32538,4.294],[117.32538,4.294],[117.32549,4.29378],[117.32554,4.29354],[117.32555,4.29345],[117.32557,4.29336],[117.32555,4.29322],[117.32552,4.29304],[117.32543,4.29288],[117.3253,4.29289],[117.32525,4.2929],[117.3251,4.29297],[117.3251,4.29297],[117.32491,4.29306],[117.32483,4.29311],[117.32474,4.29316],[117.32462,4.29324],[117.32446,4.29333],[117.32445,4.29333],[117.32442,4.29334],[117.3242,4.29341],[117.32406,4.29346],[117.32395,4.2935],[117.32393,4.2935],[117.32381,4.29356],[117.32362,4.2936],[117.32343,4.29367],[117.32321,4.29374],[117.32296,4.29392],[117.32285,4.29395],[117.32277,4.29397],[117.32269,4.294],[117.32261,4.29403],[117.3224,4.29406],[117.32214,4.29406],[117.32201,4.29408],[117.32192,4.29406],[117.32171,4.294],[117.32139,4.29392],[117.32109,4.29385],[117.32064,4.29378],[117.32036,4.29368],[117.32034,4.29367],[117.32012,4.29359],[117.32,4.2935],[117.31991,4.29343],[117.3197,4.2933],[117.31956,4.29315],[117.31944,4.29295],[117.31944,4.29286],[117.31944,4.29276],[117.31951,4.29269],[117.3196,4.29258],[117.31974,4.29244],[117.31978,4.2924],[117.31989,4.29229],[117.32007,4.29206],[117.32008,4.29193],[117.3201,4.29182],[117.32009,4.29178],[117.32008,4.29173],[117.32003,4.29153],[117.32001,4.29134],[117.32,4.29126],[117.32001,4.29115],[117.32001,4.29105],[117.32008,4.29088],[117.32014,4.2908],[117.3202,4.29072],[117.32022,4.29069],[117.32031,4.29059],[117.32039,4.29051],[117.32048,4.29043],[117.32058,4.29034],[117.3206,4.29032],[117.32069,4.29027],[117.32074,4.29019],[117.32077,4.2901],[117.32077,4.29],[117.32069,4.28984],[117.32064,4.28975],[117.32061,4.2897],[117.3205,4.28955],[117.3204,4.28949],[117.32039,4.28948],[117.32022,4.28938],[117.32012,4.28937],[117.32008,4.28936],[117.3199,4.28934],[117.31984,4.28934],[117.3197,4.28933],[117.31956,4.28932],[117.31949,4.28932],[117.31934,4.28932],[117.31918,4.28933],[117.31912,4.2893],[117.31899,4.28923],[117.31894,4.28921],[117.3189,4.2892],[117.31886,4.2892],[117.31873,4.28916],[117.31866,4.28911],[117.31864,4.2891],[117.31859,4.28903],[117.31858,4.28902],[117.31853,4.28891],[117.31845,4.28872],[117.31828,4.2885],[117.31816,4.28832],[117.31811,4.28813],[117.31809,4.28799],[117.31808,4.28787],[117.31805,4.28766],[117.31805,4.28764],[117.31801,4.2876],[117.31794,4.28752],[117.3178,4.28747],[117.31775,4.28748],[117.3177,4.28749],[117.31761,4.28756],[117.31747,4.28768],[117.31735,4.28782],[117.31732,4.28785],[117.31728,4.28787],[117.31718,4.28794],[117.31705,4.28795],[117.31686,4.28788],[117.31666,4.28778],[117.31665,4.28777],[117.31655,4.28779],[117.31641,4.28783],[117.31635,4.28783],[117.31628,4.28782],[117.3162,4.28782],[117.31616,4.28783],[117.31606,4.28787],[117.31599,4.28799],[117.31593,4.28808],[117.31578,4.28819],[117.31569,4.28823],[117.31562,4.28825],[117.31554,4.28829],[117.31546,4.28832],[117.31525,4.28834],[117.31508,4.28827],[117.31497,4.28821],[117.31494,4.28819],[117.31484,4.28818],[117.31467,4.28824],[117.31459,4.28823],[117.31449,4.28822],[117.3142,4.28825],[117.31399,4.28824],[117.31388,4.28822],[117.3138,4.28813],[117.3139,4.28793],[117.31419,4.28757],[117.31429,4.28752],[117.31429,4.28752],[117.31452,4.28744],[117.31468,4.28739],[117.31492,4.2873],[117.31515,4.28725],[117.31532,4.2872],[117.31533,4.28718],[117.31557,4.28692],[117.31584,4.28635],[117.31593,4.28601],[117.316,4.28576],[117.31614,4.28556],[117.31634,4.28528],[117.3165,4.28523],[117.31668,4.28516],[117.31709,4.28509],[117.31719,4.28507],[117.31777,4.28501],[117.3181,4.28524],[117.3181,4.28524],[117.31857,4.28548],[117.31912,4.28558],[117.31967,4.28541],[117.32001,4.28515],[117.32028,4.28475],[117.32065,4.28436],[117.32112,4.28417],[117.32137,4.28397],[117.32162,4.28376],[117.32196,4.28317],[117.32222,4.28299],[117.32227,4.28296],[117.32246,4.28291],[117.3226,4.28287],[117.32307,4.28263],[117.32334,4.28256],[117.32348,4.28253],[117.32367,4.28238],[117.32382,4.28226],[117.32394,4.28202],[117.32412,4.28165],[117.32437,4.28127],[117.3245,4.28107],[117.32481,4.28015],[117.32087,4.27942],[117.31944,4.28016],[117.3175,4.28037],[117.31681,4.28045],[117.3147,4.2797],[117.3131,4.27914],[117.31337,4.27697],[117.31339,4.27685],[117.31341,4.27665],[117.31384,4.27257],[117.31407,4.26931],[117.31322,4.26806],[117.31413,4.26366],[117.31738,4.26297],[117.31978,4.2632],[117.32153,4.26359],[117.32315,4.26395],[117.32484,4.26471],[117.32492,4.26474],[117.32709,4.26514],[117.32943,4.26503],[117.332,4.26389],[117.33366,4.26377],[117.34,4.26155],[117.33999,4.26152],[117.33998,4.26148],[117.33988,4.26134],[117.33984,4.26129],[117.33979,4.26119],[117.33973,4.26108],[117.3396,4.2609],[117.33943,4.26071],[117.3394,4.26068],[117.33938,4.26067],[117.33924,4.26057],[117.33916,4.26055],[117.33914,4.26055],[117.33902,4.26057],[117.33884,4.26063],[117.33881,4.26066],[117.33876,4.26072],[117.33855,4.26092],[117.3384,4.26104],[117.3383,4.26114],[117.33806,4.26128],[117.33793,4.26132],[117.33773,4.26139],[117.33733,4.26144],[117.3371,4.26143],[117.3368,4.26145],[117.33648,4.26148],[117.33633,4.26152],[117.33611,4.26156],[117.33592,4.26161],[117.33568,4.26167],[117.33555,4.26169],[117.33543,4.2617],[117.33535,4.26173],[117.3353,4.26175],[117.33511,4.26182],[117.33501,4.26183],[117.33489,4.26185],[117.33481,4.26184],[117.33476,4.26184],[117.33462,4.26175],[117.33456,4.26166],[117.33441,4.26145],[117.3343,4.26127],[117.33426,4.26117],[117.33423,4.26105],[117.33424,4.26097],[117.33425,4.26088],[117.33427,4.26078],[117.33432,4.2606],[117.33435,4.26051],[117.33438,4.26043],[117.33441,4.26016],[117.33442,4.25995],[117.33443,4.25991],[117.33448,4.25974],[117.33452,4.25965],[117.33459,4.25951],[117.33472,4.2594],[117.3348,4.25937],[117.33487,4.25934],[117.33498,4.25934],[117.33516,4.25941],[117.33529,4.25945],[117.33542,4.25949],[117.33553,4.25951],[117.33564,4.2595],[117.33575,4.25946],[117.33581,4.25943],[117.33584,4.25942],[117.33588,4.25939],[117.33592,4.25936],[117.33593,4.25933],[117.33595,4.25926],[117.33597,4.25908],[117.33597,4.25882],[117.33599,4.2587],[117.33601,4.2586],[117.33604,4.25857],[117.33609,4.25851],[117.33612,4.25849],[117.33619,4.25843],[117.33629,4.25835],[117.3364,4.25826],[117.33648,4.25823],[117.33652,4.25821],[117.33659,4.25819],[117.33673,4.25814],[117.33679,4.25813],[117.33686,4.25811],[117.3369,4.25807],[117.33694,4.25804],[117.33705,4.25786],[117.33714,4.25761],[117.33713,4.25746],[117.33713,4.25739],[117.33711,4.25732],[117.33708,4.25726],[117.3371,4.25727],[117.33712,4.25727],[117.33722,4.25727],[117.33739,4.25723],[117.33756,4.25719],[117.33772,4.25716],[117.33786,4.25713],[117.33795,4.25709],[117.33811,4.25706],[117.33821,4.25708],[117.33832,4.2571],[117.33844,4.25716],[117.33853,4.25722],[117.33871,4.25725],[117.33885,4.25729],[117.33896,4.25734],[117.33903,4.25735],[117.3391,4.25736],[117.3392,4.25739],[117.33928,4.25738],[117.33937,4.25737],[117.33952,4.25736],[117.3396,4.25735],[117.33983,4.2573],[117.34013,4.25723],[117.3405,4.25713],[117.34062,4.25709],[117.34071,4.25707],[117.3408,4.25704],[117.34092,4.257],[117.34103,4.25699],[117.34108,4.25698],[117.34113,4.25698],[117.34121,4.25697],[117.34152,4.25682],[117.34178,4.25673],[117.34212,4.25659],[117.34227,4.25653],[117.34241,4.25647],[117.34245,4.25645],[117.3425,4.25644],[117.34272,4.25633],[117.34283,4.25631],[117.34294,4.25628],[117.34305,4.25628],[117.34322,4.2563],[117.34335,4.25632],[117.3434,4.25632],[117.34351,4.25631],[117.34364,4.25631],[117.34373,4.25628],[117.34377,4.25627],[117.34399,4.25625],[117.34426,4.25627],[117.3444,4.25627],[117.34455,4.25627],[117.34478,4.25618],[117.34492,4.25614],[117.3451,4.25609],[117.34538,4.25602],[117.34546,4.25602],[117.34565,4.25601],[117.34596,4.25596],[117.34606,4.25591],[117.34615,4.25585],[117.34625,4.25574],[117.34625,4.25574],[117.34637,4.25562],[117.34653,4.25553],[117.3466,4.25547],[117.34665,4.25543],[117.34665,4.25543],[117.34683,4.25533],[117.34693,4.25527],[117.34698,4.25524],[117.34711,4.25518],[117.34712,4.25517],[117.34727,4.25511],[117.34738,4.25505],[117.34746,4.25502],[117.34756,4.25496],[117.34771,4.25487],[117.3479,4.25475],[117.34807,4.25466],[117.34811,4.25462],[117.34819,4.25456],[117.34826,4.2545],[117.34831,4.25444],[117.34833,4.25443],[117.34844,4.25435],[117.34857,4.25424],[117.34859,4.25422],[117.34863,4.25419],[117.34875,4.25407],[117.34887,4.25395],[117.34891,4.25391],[117.34908,4.25378],[117.3491,4.25376],[117.34931,4.25362],[117.34946,4.25354],[117.34946,4.25354],[117.3495,4.25351],[117.34963,4.25341],[117.3498,4.25327],[117.35001,4.25313],[117.35006,4.25311],[117.35015,4.25309],[117.35039,4.25302],[117.35042,4.25301],[117.35068,4.25291],[117.35094,4.2528],[117.35115,4.25265],[117.35125,4.25249],[117.35127,4.25246],[117.35136,4.25216],[117.3513,4.25191],[117.35125,4.25183],[117.35119,4.25173],[117.35113,4.25166],[117.35099,4.25148],[117.35083,4.25121],[117.35083,4.25119],[117.35077,4.2509],[117.35074,4.25073],[117.35071,4.25058],[117.35067,4.25028],[117.35064,4.25013],[117.35061,4.24997],[117.35058,4.24979],[117.35054,4.24955],[117.35049,4.24932],[117.35046,4.24915],[117.35047,4.24892],[117.35047,4.2487],[117.3505,4.24848],[117.35052,4.24822],[117.35055,4.24801],[117.35057,4.24782],[117.35057,4.24768],[117.35056,4.24754],[117.35046,4.2473],[117.35038,4.24711],[117.35034,4.24701],[117.3503,4.24695],[117.35017,4.24674],[117.35006,4.24659],[117.35005,4.24658],[117.35004,4.24657],[117.34987,4.24641],[117.34967,4.24634],[117.34948,4.24628],[117.34939,4.24625],[117.34932,4.24622],[117.34904,4.24628],[117.34862,4.2464],[117.34821,4.24652],[117.3478,4.24659],[117.34736,4.24664],[117.34699,4.24666],[117.34666,4.24656],[117.34666,4.24656],[117.34639,4.24642],[117.34613,4.24612],[117.34594,4.24586],[117.34585,4.24574],[117.34579,4.24546],[117.34584,4.24527],[117.34585,4.24502],[117.34586,4.24478],[117.34585,4.24446],[117.34584,4.24416],[117.34579,4.24363],[117.34579,4.2436],[117.34573,4.24324],[117.34562,4.24285],[117.34554,4.24231],[117.34546,4.24182],[117.34545,4.24178],[117.34541,4.24142],[117.34535,4.241],[117.34535,4.24075],[117.34543,4.24051],[117.34548,4.24045],[117.34557,4.24035],[117.34589,4.24008],[117.34598,4.24],[117.34623,4.23979],[117.34638,4.23973],[117.34639,4.23972],[117.3464,4.23972],[117.34643,4.2397],[117.34666,4.23954],[117.347,4.2392],[117.34732,4.23895],[117.34775,4.23873],[117.34829,4.23864],[117.34896,4.23865],[117.34919,4.23863],[117.34944,4.23851],[117.34972,4.23837],[117.34996,4.23822],[117.35016,4.23814],[117.35043,4.23802],[117.35064,4.2379],[117.35084,4.23775],[117.35098,4.23754],[117.35113,4.23725],[117.3512,4.237],[117.35129,4.23672],[117.35125,4.23658],[117.35124,4.23655],[117.35111,4.23628],[117.35087,4.23593],[117.35063,4.23535],[117.35058,4.2353],[117.35015,4.23506],[117.34971,4.23486],[117.34946,4.23474],[117.34913,4.23456],[117.34897,4.23451],[117.34882,4.23446],[117.34855,4.2344],[117.3483,4.23434],[117.34807,4.23432],[117.34781,4.23432],[117.3476,4.23437],[117.34736,4.23437],[117.34718,4.23427],[117.34707,4.23421],[117.34695,4.23415],[117.34681,4.23409],[117.34664,4.23401],[117.34617,4.23381],[117.34593,4.23361],[117.34568,4.23331],[117.3455,4.23294],[117.34542,4.2324],[117.3454,4.23177],[117.34539,4.23169],[117.34531,4.23092],[117.34521,4.23034],[117.34519,4.23022],[117.34518,4.23018],[117.34509,4.22979],[117.34497,4.22962],[117.34483,4.22955],[117.3447,4.22948],[117.34403,4.22914],[117.34365,4.22904],[117.34346,4.22898],[117.34316,4.22887],[117.34308,4.22884],[117.34248,4.22862],[117.34229,4.22853],[117.33463,4.2388],[117.32817,4.24543],[117.32333,4.2504],[117.32306,4.25064],[117.32271,4.25096],[117.31289,4.25988],[117.31024,4.26229],[117.29567,4.26973],[117.28772,4.27288],[117.27842,4.27657],[117.26163,4.28496],[117.26169,4.28498],[117.2621,4.28487],[117.26218,4.28505],[117.26226,4.28523],[117.26203,4.28596],[117.26218,4.28609],[117.26225,4.28634],[117.26227,4.28669],[117.26227,4.2867],[117.26227,4.28672],[117.26228,4.28704],[117.26236,4.28726],[117.26238,4.28732],[117.26261,4.28766],[117.26272,4.28784],[117.26279,4.288],[117.26284,4.28819],[117.26283,4.28843],[117.2628,4.28866],[117.26277,4.28883],[117.26276,4.28899],[117.26279,4.28914],[117.26284,4.28929],[117.26294,4.28941],[117.26304,4.28949],[117.26311,4.28954],[117.26324,4.28957],[117.26334,4.28959],[117.26342,4.2896],[117.26362,4.28962],[117.2639,4.28959],[117.26416,4.28956],[117.2643,4.28956],[117.26446,4.28962],[117.26459,4.28964],[117.26465,4.28965],[117.26467,4.28965],[117.2648,4.28966],[117.26485,4.28974],[117.26494,4.28991],[117.26503,4.29016],[117.26497,4.29036],[117.26491,4.29071],[117.26485,4.29091],[117.2648,4.2911],[117.26478,4.29114],[117.26469,4.29139],[117.2645,4.29171],[117.26432,4.29202],[117.26413,4.29237],[117.26411,4.29242],[117.26408,4.2925],[117.26392,4.29289],[117.26375,4.29324],[117.26359,4.2936],[117.26346,4.29387],[117.26357,4.29413],[117.26367,4.29428],[117.26372,4.29435],[117.26386,4.29447],[117.26393,4.29449],[117.26398,4.29451],[117.26411,4.29452],[117.26423,4.29459],[117.26429,4.29464],[117.26434,4.29468],[117.2644,4.29475],[117.26443,4.29478],[117.26453,4.29491],[117.26468,4.29504],[117.2648,4.2951],[117.26503,4.29517],[117.26524,4.29522],[117.26543,4.29523],[117.26549,4.29519],[117.26559,4.29505],[117.26577,4.29485],[117.26593,4.29461],[117.2661,4.29433],[117.26615,4.29435],[117.26617,4.29437],[117.26621,4.29441],[117.26632,4.29454],[117.26641,4.29464],[117.26654,4.29472],[117.26672,4.29484],[117.26683,4.2949],[117.26686,4.29488],[117.26693,4.29485],[117.26714,4.2947],[117.2673,4.2946],[117.26741,4.29453],[117.2675,4.29439],[117.2676,4.29416],[117.26765,4.29396],[117.26772,4.29371],[117.2678,4.29357],[117.26791,4.29343],[117.26807,4.29333],[117.26823,4.29326],[117.26834,4.29318],[117.26835,4.29303],[117.26831,4.29283],[117.26829,4.29279],[117.26822,4.29255],[117.26824,4.29245],[117.26839,4.29241],[117.26855,4.29246],[117.26867,4.29254],[117.26874,4.29259],[117.26879,4.29262],[117.26896,4.29273],[117.26916,4.29292],[117.26925,4.293],[117.26933,4.29318],[117.26938,4.29321],[117.26943,4.29324],[117.26946,4.29325],[117.2695,4.29327],[117.26967,4.29329],[117.26993,4.2933],[117.27022,4.29327],[117.27047,4.29325],[117.27078,4.29323],[117.27109,4.29319],[117.27143,4.29313],[117.27172,4.29309],[117.27205,4.29304],[117.27226,4.29303],[117.27247,4.29303],[117.27268,4.29296],[117.27291,4.29287],[117.27295,4.29285],[117.2731,4.2928],[117.27317,4.29279],[117.2733,4.2928],[117.27348,4.29281],[117.27365,4.2928],[117.27392,4.29279],[117.27414,4.29278],[117.27428,4.29274],[117.2745,4.29266],[117.27474,4.29256],[117.27496,4.29245],[117.2752,4.29236],[117.27544,4.29229],[117.27563,4.29226],[117.27581,4.29226],[117.27606,4.29227],[117.27635,4.29228],[117.2765,4.29225],[117.27661,4.29219],[117.27677,4.29204],[117.27689,4.29192],[117.27707,4.29177],[117.27719,4.2917],[117.27737,4.29164],[117.27755,4.29157],[117.27768,4.29145],[117.27779,4.29129],[117.27794,4.29113],[117.27807,4.291],[117.27832,4.29088],[117.27853,4.29087],[117.2786,4.29088],[117.27876,4.29092],[117.27889,4.29096],[117.27905,4.29097],[117.27926,4.29087],[117.27949,4.29072],[117.27965,4.29067],[117.27971,4.29068],[117.27988,4.2907],[117.28002,4.29072],[117.28018,4.29081],[117.28041,4.29095],[117.28053,4.29106],[117.28068,4.29118],[117.28085,4.2913],[117.28104,4.29144],[117.28122,4.29162],[117.2814,4.29179],[117.28145,4.29184],[117.2815,4.2919],[117.2817,4.2921],[117.28194,4.29235],[117.28216,4.29256],[117.28221,4.29261],[117.28231,4.2927],[117.28236,4.29276],[117.28246,4.29284],[117.28265,4.29298],[117.28277,4.29307],[117.28279,4.29309],[117.28293,4.29317],[117.28309,4.29326],[117.2832,4.2933],[117.28324,4.29332],[117.28341,4.29337],[117.28366,4.29344],[117.28379,4.2935],[117.2839,4.29355],[117.284,4.29361],[117.28407,4.29365],[117.28424,4.29377],[117.28441,4.29389],[117.2845,4.29398],[117.28458,4.29405],[117.28467,4.29412],[117.28475,4.29418],[117.28483,4.29427],[117.28492,4.29435],[117.28503,4.29448],[117.28516,4.29466],[117.28525,4.2948],[117.28539,4.29499],[117.28545,4.29507],[117.2855,4.29514],[117.28554,4.29519],[117.28562,4.2953],[117.28571,4.29541],[117.28575,4.29547],[117.28579,4.29551],[117.2859,4.29561],[117.28611,4.29574],[117.28616,4.29577],[117.28631,4.29586],[117.28635,4.29587],[117.28659,4.29597],[117.28684,4.29609],[117.28695,4.29614],[117.2871,4.29618],[117.28723,4.29618],[117.2873,4.29618],[117.28736,4.29617],[117.28753,4.29613],[117.28765,4.29612],[117.2878,4.29616],[117.28783,4.29616],[117.28785,4.29616],[117.28801,4.29618],[117.28825,4.29621],[117.28838,4.29626],[117.2885,4.29633],[117.28863,4.29644],[117.28868,4.29648],[117.28883,4.2966],[117.28887,4.29663],[117.28898,4.2967],[117.28906,4.29674],[117.2891,4.29676],[117.28927,4.29685],[117.28941,4.29688],[117.28953,4.2969],[117.28958,4.29691],[117.28965,4.29691],[117.28985,4.29687],[117.29011,4.29678],[117.29034,4.29674],[117.29057,4.29673],[117.2907,4.29679],[117.29084,4.29686],[117.29106,4.29703],[117.29129,4.29722],[117.29163,4.29753],[117.29176,4.29768],[117.29181,4.29775],[117.29184,4.2978],[117.29195,4.29795],[117.29201,4.29809],[117.29208,4.29829],[117.29215,4.29839],[117.29222,4.29846],[117.2924,4.29861],[117.29243,4.29862],[117.29257,4.29871],[117.29267,4.29884],[117.2929,4.29914],[117.29315,4.29967],[117.29322,4.2998],[117.29335,4.30004],[117.29354,4.30041],[117.29373,4.30079],[117.29394,4.301],[117.29425,4.30111],[117.2946,4.30117],[117.29477,4.3012],[117.29496,4.30127],[117.29503,4.30132],[117.29509,4.30143],[117.29516,4.3016],[117.29521,4.30175],[117.29522,4.30179],[117.29526,4.30196],[117.29533,4.30218],[117.29537,4.30226],[117.29543,4.30238],[117.29556,4.30253],[117.2956,4.30256],[117.29574,4.30265],[117.29596,4.30273],[117.29615,4.30275],[117.29636,4.30272],[117.29655,4.30266],[117.29675,4.30258],[117.29706,4.30248],[117.29729,4.30248],[117.29746,4.3025],[117.29749,4.30252],[117.29761,4.30257],[117.29774,4.30264],[117.29785,4.3027],[117.29803,4.30283],[117.29824,4.30296],[117.29844,4.30311],[117.2987,4.30329],[117.29883,4.30338],[117.29896,4.30347],[117.29917,4.30362],[117.29926,4.30367],[117.29933,4.30371],[117.2994,4.30372],[117.29952,4.30374],[117.29953,4.30374],[117.2997,4.3037],[117.29983,4.30364],[117.2999,4.30361],[117.30001,4.30353],[117.30014,4.30345],[117.30036,4.30332],[117.30057,4.30317],[117.30084,4.30298],[117.30111,4.30278],[117.30134,4.30261],[117.30165,4.30237],[117.30191,4.3022],[117.30206,4.3021],[117.30221,4.30202],[117.30233,4.30202],[117.30243,4.30208],[117.30261,4.30223],[117.30279,4.30246],[117.30296,4.30273],[117.30308,4.30312],[117.30316,4.30327],[117.30333,4.30349],[117.30336,4.30351],[117.30358,4.30366],[117.30378,4.30379],[117.30408,4.30396],[117.30428,4.30415],[117.30441,4.30434],[117.30446,4.30441],[117.30453,4.30453],[117.30455,4.30458],[117.30461,4.30477],[117.30465,4.30508],[117.3047,4.30543],[117.30474,4.30554],[117.30484,4.30591],[117.30507,4.30645],[117.30517,4.30664],[117.30533,4.30686],[117.30549,4.307],[117.30566,4.3071],[117.30574,4.30712],[117.30585,4.30716],[117.30604,4.30722],[117.30616,4.30727],[117.30631,4.30739],[117.30641,4.30754],[117.30649,4.30767],[117.30652,4.30773],[117.30656,4.30782],[117.30663,4.30798],[117.30669,4.30815],[117.30674,4.3083],[117.30678,4.30845],[117.30682,4.30862],[117.30683,4.30866],[117.30684,4.3087],[117.30687,4.30884],[117.30691,4.30898],[117.30699,4.30919],[117.30708,4.30943],[117.30719,4.3096],[117.30722,4.30962],[117.30727,4.30958],[117.30813,4.30915],[117.3092,4.30738],[117.3092,4.30552],[117.30916,4.30392],[117.30933,4.30293],[117.31028,4.30142],[117.31148,4.30047],[117.31201,4.30021],[117.31315,4.29965],[117.31391,4.29958],[117.31599,4.29939],[117.31694,4.29973],[117.31732,4.29991],[117.31751,4.30003],[117.31758,4.30008],[117.31818,4.30146],[117.31883,4.30284],[117.31934,4.30358],[117.3196,4.30375],[117.32115,4.30375],[117.32154,4.30354],[117.32355,4.3025],[117.32441,4.3018],[117.32583,4.30038],[117.32746,4.2996],[117.32888,4.29878],[117.33047,4.29766],[117.33112,4.29732],[117.33249,4.29662],[117.3327,4.29637]]]]},"properties":{"kdprov":"65","kdkab":"04","kdkec":"090","kddesa":"004","kdsls":"0008","idsls":"65040900040008","nmprov":"KALIMANTAN UTARA","nmkab":"NUNUKAN","nmkec":"SEI MENGGARIS","nmdesa":"SEKADUYAN TAKA","nmsls":"RT 008"}},{"type":"Feature","geometry":{"type":"MultiPolygon","coordinates":[[[[117.26163,4.28496],[117.27842,4.27657],[117.28772,4.27288],[117.28772,4.27249],[117.28804,4.27223],[117.28839,4.27185],[117.2885,4.27142],[117.28838,4.27065],[117.28815,4.27012],[117.28795,4.26898],[117.28771,4.26864],[117.28738,4.26836],[117.28725,4.26826],[117.28652,4.26824],[117.28606,4.26797],[117.28572,4.26777],[117.28511,4.26708],[117.28506,4.26696],[117.28486,4.26648],[117.28488,4.26568],[117.28487,4.26564],[117.2848,4.26538],[117.28427,4.26494],[117.28383,4.26465],[117.28305,4.26437],[117.28287,4.2642],[117.2827,4.26405],[117.28263,4.26359],[117.28264,4.26303],[117.28258,4.26292],[117.28242,4.26262],[117.2823,4.26237],[117.28207,4.26216],[117.28203,4.26213],[117.28192,4.26206],[117.28175,4.26196],[117.28141,4.26181],[117.28137,4.26179],[117.28133,4.26177],[117.28099,4.26162],[117.28042,4.26149],[117.28024,4.26145],[117.28018,4.26144],[117.28006,4.26138],[117.27969,4.26123],[117.27899,4.2609],[117.27859,4.26059],[117.27827,4.26036],[117.27812,4.26024],[117.278,4.26014],[117.27775,4.25995],[117.27741,4.25969],[117.27709,4.25939],[117.27685,4.25921],[117.27671,4.25909],[117.27657,4.25896],[117.27642,4.25884],[117.27629,4.25873],[117.27615,4.25868],[117.2759,4.25859],[117.27577,4.25847],[117.27557,4.25827],[117.27527,4.25811],[117.27505,4.25804],[117.27485,4.25798],[117.27453,4.25787],[117.27421,4.25788],[117.27415,4.25787],[117.27382,4.25783],[117.27374,4.25782],[117.2736,4.25783],[117.27344,4.25783],[117.2733,4.25783],[117.27312,4.25776],[117.27298,4.25767],[117.27292,4.25758],[117.27289,4.25754],[117.2728,4.2574],[117.27276,4.25729],[117.2727,4.25725],[117.27266,4.25721],[117.27238,4.25685],[117.27229,4.25676],[117.27217,4.25663],[117.27215,4.25661],[117.27208,4.25656],[117.27192,4.2564],[117.27191,4.25639],[117.27183,4.25635],[117.27167,4.25626],[117.27166,4.25625],[117.2716,4.25621],[117.27149,4.25613],[117.27132,4.25602],[117.27098,4.2557],[117.27081,4.25556],[117.27075,4.25551],[117.27055,4.25531],[117.27037,4.25523],[117.27019,4.25514],[117.26982,4.25507],[117.26916,4.25503],[117.26896,4.25485],[117.26867,4.25463],[117.26841,4.25442],[117.26812,4.25407],[117.26802,4.25393],[117.26794,4.25379],[117.26769,4.25352],[117.26739,4.25332],[117.26704,4.25304],[117.26657,4.25275],[117.26648,4.25267],[117.26635,4.25255],[117.2661,4.25244],[117.26596,4.25238],[117.26556,4.2523],[117.2652,4.25222],[117.26504,4.25212],[117.2647,4.25192],[117.26427,4.25149],[117.26406,4.25128],[117.26366,4.25075],[117.26315,4.25016],[117.26262,4.24985],[117.26206,4.24936],[117.26172,4.24908],[117.2617,4.24905],[117.26163,4.24893],[117.26152,4.24883],[117.26145,4.24877],[117.26132,4.24862],[117.26114,4.24836],[117.26098,4.24808],[117.26093,4.248],[117.26087,4.24791],[117.26082,4.24782],[117.26072,4.24763],[117.26062,4.24763],[117.26057,4.24763],[117.26051,4.24763],[117.26038,4.24763],[117.26022,4.24754],[117.25979,4.24741],[117.25966,4.24736],[117.25955,4.24734],[117.25907,4.24723],[117.25887,4.24762],[117.25807,4.24834],[117.25739,4.2486],[117.25675,4.24871],[117.25631,4.24891],[117.25628,4.2493],[117.2562,4.25002],[117.25522,4.2507],[117.25455,4.25108],[117.25344,4.2515],[117.2522,4.2516],[117.25088,4.25129],[117.24984,4.2509],[117.24956,4.25101],[117.24928,4.25165],[117.24876,4.25202],[117.24834,4.25282],[117.24749,4.2539],[117.24705,4.25403],[117.24692,4.25414],[117.24634,4.25429],[117.24601,4.25419],[117.24535,4.25414],[117.24476,4.25445],[117.24417,4.25448],[117.24297,4.25432],[117.24251,4.25426],[117.24222,4.25446],[117.24195,4.2545],[117.2416,4.25449],[117.24159,4.25393],[117.24137,4.25339],[117.24118,4.25289],[117.24092,4.25243],[117.24079,4.25204],[117.24071,4.2517],[117.24055,4.25109],[117.24041,4.25097],[117.24024,4.2507],[117.24003,4.25048],[117.23988,4.25008],[117.23989,4.24975],[117.24005,4.24936],[117.24012,4.24878],[117.24005,4.2484],[117.23994,4.24786],[117.24002,4.24739],[117.24028,4.24683],[117.24059,4.24628],[117.24103,4.24564],[117.24113,4.24509],[117.24126,4.24442],[117.24155,4.24388],[117.24155,4.24339],[117.24165,4.24235],[117.24188,4.24178],[117.24217,4.24153],[117.2424,4.24114],[117.24279,4.24041],[117.2431,4.23982],[117.24361,4.23907],[117.24372,4.23855],[117.24385,4.23802],[117.24404,4.2378],[117.24413,4.23738],[117.24375,4.23735],[117.24339,4.23725],[117.24266,4.23713],[117.24245,4.23723],[117.24202,4.23747],[117.24157,4.23779],[117.2413,4.23806],[117.24091,4.23844],[117.24051,4.23851],[117.24023,4.23838],[117.23996,4.23787],[117.23997,4.23727],[117.24036,4.23686],[117.24071,4.23652],[117.24134,4.23624],[117.24157,4.23615],[117.24186,4.23601],[117.24197,4.23568],[117.24193,4.2354],[117.24187,4.23533],[117.24175,4.2352],[117.24144,4.23447],[117.24142,4.23436],[117.24129,4.23383],[117.24102,4.23347],[117.24103,4.2333],[117.23174,4.23968],[117.22416,4.24592],[117.21634,4.25203],[117.20515,4.26076],[117.2035,4.26143],[117.20346,4.26151],[117.20322,4.26203],[117.20291,4.26256],[117.20258,4.26311],[117.20229,4.26356],[117.20198,4.26381],[117.20157,4.26389],[117.20115,4.26402],[117.20064,4.26424],[117.2,4.26448],[117.19954,4.26473],[117.19915,4.26481],[117.19867,4.26468],[117.19831,4.26473],[117.19816,4.26492],[117.19814,4.26519],[117.19826,4.2655],[117.19827,4.26579],[117.19814,4.26616],[117.19791,4.26676],[117.19775,4.26757],[117.19726,4.26811],[117.19691,4.26864],[117.19649,4.26897],[117.19633,4.26924],[117.19616,4.2698],[117.19635,4.26975],[117.19662,4.26965],[117.19694,4.26955],[117.19756,4.26949],[117.19797,4.26954],[117.19853,4.26967],[117.19879,4.26978],[117.19917,4.26999],[117.1996,4.27029],[117.19996,4.27082],[117.20015,4.27106],[117.20051,4.27138],[117.20085,4.2717],[117.20115,4.27213],[117.20138,4.27276],[117.20174,4.27327],[117.20191,4.27358],[117.20206,4.27415],[117.20232,4.27437],[117.20293,4.27448],[117.20368,4.27464],[117.20399,4.27506],[117.20414,4.27531],[117.20448,4.27532],[117.20567,4.27508],[117.20625,4.27515],[117.20681,4.27532],[117.20769,4.2754],[117.20842,4.275],[117.20925,4.27443],[117.20991,4.27387],[117.21054,4.27375],[117.21151,4.27381],[117.21182,4.27382],[117.2123,4.27384],[117.21275,4.27392],[117.21311,4.27409],[117.21371,4.27448],[117.21396,4.2746],[117.21453,4.27483],[117.21503,4.27499],[117.21522,4.27509],[117.21542,4.2752],[117.21575,4.27529],[117.21604,4.27528],[117.2164,4.27525],[117.21681,4.27512],[117.21706,4.2751],[117.21726,4.27522],[117.21751,4.2754],[117.21769,4.27556],[117.21781,4.27571],[117.21806,4.27603],[117.21823,4.27615],[117.21841,4.27629],[117.21865,4.27634],[117.21882,4.27634],[117.21914,4.27625],[117.21933,4.27615],[117.21949,4.27602],[117.21964,4.27582],[117.21977,4.27565],[117.21993,4.27543],[117.22018,4.27517],[117.22036,4.27493],[117.22046,4.27469],[117.22055,4.2745],[117.22069,4.2743],[117.22097,4.27398],[117.22109,4.27388],[117.22124,4.27383],[117.22141,4.27387],[117.22158,4.27396],[117.22174,4.27405],[117.22185,4.27415],[117.22199,4.27423],[117.22216,4.27429],[117.22235,4.27428],[117.22273,4.27421],[117.22311,4.27416],[117.22334,4.27404],[117.22357,4.27405],[117.22383,4.27419],[117.2241,4.2743],[117.22441,4.27441],[117.2246,4.27447],[117.22487,4.27444],[117.22502,4.27434],[117.22517,4.27416],[117.22534,4.27393],[117.22545,4.27368],[117.22563,4.27343],[117.22589,4.27326],[117.22617,4.27318],[117.2264,4.2732],[117.22677,4.27319],[117.22704,4.27313],[117.22744,4.27305],[117.22784,4.2728],[117.22819,4.27242],[117.22838,4.27206],[117.22848,4.27152],[117.22837,4.27116],[117.22827,4.27078],[117.2283,4.27041],[117.22842,4.26993],[117.22861,4.26971],[117.22882,4.26962],[117.22905,4.26955],[117.22919,4.2695],[117.22929,4.26951],[117.22956,4.26957],[117.22992,4.26964],[117.23039,4.26974],[117.23102,4.26983],[117.23143,4.2699],[117.23183,4.27006],[117.23229,4.27028],[117.23259,4.27045],[117.23282,4.27046],[117.23301,4.2704],[117.23323,4.27025],[117.23341,4.27004],[117.23351,4.26981],[117.23356,4.26947],[117.23351,4.26922],[117.23339,4.26901],[117.23317,4.26885],[117.23294,4.26873],[117.23281,4.26864],[117.23271,4.26852],[117.23259,4.26826],[117.23258,4.2681],[117.23273,4.26781],[117.23296,4.26753],[117.23322,4.26703],[117.2333,4.26683],[117.23345,4.26645],[117.23355,4.26613],[117.23361,4.26596],[117.23369,4.26584],[117.23381,4.26576],[117.23392,4.26569],[117.23413,4.26555],[117.23433,4.26552],[117.23446,4.26556],[117.23463,4.26568],[117.23488,4.26591],[117.235,4.26608],[117.23531,4.26623],[117.2356,4.26629],[117.23586,4.26632],[117.23632,4.26646],[117.23658,4.26658],[117.23685,4.26677],[117.2371,4.26703],[117.2374,4.26738],[117.23759,4.26756],[117.23786,4.26775],[117.23825,4.26808],[117.23852,4.26836],[117.23871,4.26845],[117.23896,4.26846],[117.23923,4.26839],[117.23957,4.26835],[117.23997,4.26831],[117.24037,4.2683],[117.24099,4.26828],[117.24144,4.26822],[117.24207,4.26827],[117.24279,4.26845],[117.24364,4.26868],[117.24479,4.26906],[117.24493,4.26917],[117.24505,4.26934],[117.24495,4.26965],[117.24481,4.27007],[117.24468,4.27037],[117.24441,4.27069],[117.24415,4.27099],[117.24395,4.27122],[117.24388,4.27138],[117.24388,4.27149],[117.24397,4.27168],[117.24409,4.27181],[117.24429,4.27199],[117.24443,4.27212],[117.2445,4.27231],[117.24457,4.27257],[117.24457,4.27286],[117.24452,4.27307],[117.24439,4.27335],[117.24421,4.27356],[117.24399,4.2738],[117.24389,4.274],[117.24392,4.27425],[117.24409,4.27487],[117.24423,4.27555],[117.24424,4.27602],[117.24423,4.27628],[117.24436,4.27651],[117.24454,4.27665],[117.24477,4.2769],[117.24529,4.27703],[117.24559,4.27682],[117.24596,4.2766],[117.2463,4.27651],[117.24661,4.27657],[117.24696,4.27652],[117.24706,4.27641],[117.24722,4.2761],[117.24746,4.27576],[117.24777,4.27557],[117.24811,4.27557],[117.24852,4.27561],[117.24891,4.27545],[117.24927,4.27528],[117.24966,4.27522],[117.25036,4.27539],[117.25059,4.27554],[117.25075,4.27575],[117.25093,4.27597],[117.25117,4.27621],[117.25144,4.27646],[117.25179,4.27652],[117.25218,4.27625],[117.25243,4.2762],[117.25267,4.27628],[117.25288,4.27648],[117.25302,4.27674],[117.25328,4.27701],[117.25369,4.2772],[117.25404,4.27741],[117.25434,4.27775],[117.25465,4.27818],[117.25495,4.27853],[117.25518,4.27872],[117.25549,4.27888],[117.2558,4.27879],[117.25616,4.27846],[117.25698,4.2778],[117.25729,4.27805],[117.25751,4.27832],[117.25784,4.27862],[117.25835,4.27889],[117.2587,4.27931],[117.25885,4.27952],[117.25895,4.27978],[117.25852,4.28074],[117.25841,4.2811],[117.25842,4.2814],[117.25848,4.28176],[117.25861,4.28195],[117.25895,4.282],[117.25937,4.28207],[117.25968,4.28217],[117.25978,4.2825],[117.25961,4.28281],[117.25948,4.28315],[117.25956,4.28336],[117.25972,4.28361],[117.25961,4.28398],[117.2596,4.28424],[117.25972,4.28458],[117.25989,4.2849],[117.26023,4.28516],[117.26075,4.28521],[117.26092,4.28532],[117.26163,4.28496]]]]},"properties":{"kdprov":"65","kdkab":"04","kdkec":"090","kddesa":"002","kdsls":"0007","idsls":"65040900020007","nmprov":"KALIMANTAN UTARA","nmkab":"NUNUKAN","nmkec":"SEI MENGGARIS","nmdesa":"SAMAENRE SEMAJA","nmsls":"RT 007"}},{"type":"Feature","geometry":{"type":"MultiPolygon","coordinates":[[[[117.31289,4.25988],[117.31278,4.2597],[117.31255,4.25937],[117.31224,4.25892],[117.31193,4.25867],[117.31149,4.25821],[117.31126,4.25772],[117.31078,4.25708],[117.31068,4.25662],[117.31047,4.25593],[117.31013,4.25562],[117.30998,4.25548],[117.30964,4.25537],[117.30935,4.2554],[117.30882,4.25588],[117.30856,4.25602],[117.30831,4.25637],[117.30805,4.2566],[117.30786,4.25688],[117.30774,4.25721],[117.30755,4.25757],[117.30723,4.25769],[117.30718,4.25771],[117.30692,4.25768],[117.30655,4.25765],[117.30609,4.25761],[117.30597,4.25746],[117.30584,4.25707],[117.30572,4.25656],[117.30556,4.25629],[117.30545,4.2561],[117.30509,4.25586],[117.30469,4.25572],[117.30443,4.25575],[117.30428,4.25585],[117.3041,4.25609],[117.30398,4.25637],[117.30388,4.2567],[117.3038,4.25677],[117.30369,4.25668],[117.3035,4.25653],[117.3033,4.25638],[117.30316,4.2562],[117.30299,4.25598],[117.30266,4.25571],[117.3022,4.25549],[117.30186,4.25528],[117.30149,4.25491],[117.30118,4.25442],[117.30078,4.25403],[117.30037,4.25379],[117.29975,4.25356],[117.29919,4.25356],[117.2988,4.25355],[117.2985,4.25339],[117.29793,4.25286],[117.29782,4.25282],[117.29763,4.25273],[117.29755,4.25276],[117.29726,4.25284],[117.29697,4.25306],[117.2968,4.25305],[117.2967,4.25305],[117.2966,4.25303],[117.29643,4.25299],[117.2963,4.2529],[117.29617,4.2528],[117.29611,4.25275],[117.29601,4.25268],[117.2957,4.25245],[117.29555,4.25237],[117.29539,4.25242],[117.29517,4.25235],[117.29499,4.25215],[117.2949,4.25189],[117.29474,4.25142],[117.2945,4.25082],[117.29424,4.25072],[117.29259,4.25164],[117.29237,4.25093],[117.29231,4.25002],[117.29231,4.24933],[117.29225,4.24878],[117.29224,4.24871],[117.29224,4.24866],[117.29219,4.24788],[117.29222,4.24774],[117.29249,4.24746],[117.29263,4.24715],[117.29282,4.2469],[117.29259,4.24693],[117.29237,4.24694],[117.29215,4.24693],[117.29191,4.24692],[117.29182,4.24686],[117.29175,4.2468],[117.29173,4.24675],[117.2917,4.24669],[117.29162,4.24659],[117.29155,4.24653],[117.29153,4.24645],[117.2915,4.2464],[117.29148,4.24635],[117.29138,4.24624],[117.29137,4.24622],[117.29121,4.24615],[117.29096,4.24612],[117.29086,4.24617],[117.29074,4.24623],[117.29065,4.24631],[117.29052,4.24634],[117.29037,4.24639],[117.29026,4.24645],[117.29008,4.24641],[117.28998,4.24626],[117.28997,4.24612],[117.28994,4.24599],[117.28993,4.24595],[117.28971,4.24591],[117.2895,4.24593],[117.28938,4.24588],[117.28928,4.2459],[117.28915,4.24596],[117.28914,4.24596],[117.28904,4.24602],[117.28896,4.24605],[117.28886,4.24609],[117.28872,4.24611],[117.28855,4.2461],[117.28815,4.24602],[117.28806,4.24601],[117.28793,4.24599],[117.28786,4.24596],[117.28777,4.24594],[117.28771,4.24594],[117.28761,4.24595],[117.28752,4.24593],[117.28742,4.24588],[117.28735,4.24582],[117.28733,4.24581],[117.28728,4.24579],[117.28723,4.24578],[117.28717,4.24578],[117.28707,4.24578],[117.28698,4.24575],[117.28693,4.24567],[117.28682,4.24564],[117.28672,4.2456],[117.28663,4.24553],[117.28653,4.24546],[117.28649,4.24544],[117.28638,4.2454],[117.28631,4.24542],[117.28622,4.24548],[117.28619,4.2455],[117.28614,4.24552],[117.28612,4.24551],[117.28609,4.24551],[117.28601,4.24545],[117.28595,4.24532],[117.28588,4.24516],[117.28583,4.24499],[117.28579,4.24489],[117.28574,4.24474],[117.28567,4.24455],[117.2855,4.24462],[117.28521,4.24473],[117.28496,4.24476],[117.28473,4.2447],[117.2847,4.24468],[117.28456,4.2448],[117.28412,4.24466],[117.28366,4.24487],[117.28366,4.24489],[117.28368,4.24506],[117.28315,4.24562],[117.28292,4.24597],[117.28238,4.24629],[117.2817,4.24618],[117.28118,4.2461],[117.28022,4.24682],[117.27977,4.24667],[117.27922,4.2465],[117.27883,4.24642],[117.27771,4.24618],[117.27731,4.24657],[117.27677,4.2468],[117.27629,4.24716],[117.27602,4.24754],[117.27593,4.2479],[117.27612,4.24823],[117.2761,4.24852],[117.27608,4.24876],[117.27593,4.24896],[117.27523,4.2491],[117.27446,4.24892],[117.27383,4.2484],[117.27338,4.24753],[117.27309,4.24698],[117.27278,4.2468],[117.27193,4.24669],[117.27142,4.24666],[117.27123,4.24658],[117.27036,4.24659],[117.26988,4.24655],[117.26959,4.24642],[117.26932,4.24638],[117.26887,4.24633],[117.26843,4.24632],[117.26829,4.24632],[117.26828,4.24632],[117.26828,4.24632],[117.26796,4.24631],[117.26761,4.24622],[117.26722,4.24612],[117.26698,4.24604],[117.2667,4.24591],[117.26653,4.24581],[117.26632,4.24569],[117.26607,4.24542],[117.26589,4.24541],[117.26556,4.24549],[117.2654,4.24566],[117.26526,4.2459],[117.26508,4.24596],[117.26493,4.24601],[117.26481,4.24594],[117.26462,4.24594],[117.26448,4.24589],[117.26441,4.24586],[117.26436,4.24574],[117.26434,4.2457],[117.26434,4.24567],[117.26429,4.24531],[117.26398,4.24527],[117.26239,4.24503],[117.25855,4.24548],[117.25822,4.24588],[117.25809,4.24606],[117.25797,4.24625],[117.258,4.2465],[117.25816,4.24675],[117.25825,4.24684],[117.2583,4.24689],[117.25839,4.24697],[117.25851,4.24703],[117.25864,4.2471],[117.25888,4.24719],[117.25907,4.24723],[117.25955,4.24734],[117.25966,4.24736],[117.25979,4.24741],[117.26022,4.24754],[117.26038,4.24763],[117.26051,4.24763],[117.26057,4.24763],[117.26062,4.24763],[117.26072,4.24763],[117.26082,4.24782],[117.26087,4.24791],[117.26093,4.248],[117.26098,4.24808],[117.26114,4.24836],[117.26132,4.24862],[117.26145,4.24877],[117.26152,4.24883],[117.26163,4.24893],[117.2617,4.24905],[117.26172,4.24908],[117.26206,4.24936],[117.26262,4.24985],[117.26315,4.25016],[117.26366,4.25075],[117.26406,4.25128],[117.26427,4.25149],[117.2647,4.25192],[117.26504,4.25212],[117.2652,4.25222],[117.26556,4.2523],[117.26596,4.25238],[117.2661,4.25244],[117.26635,4.25255],[117.26648,4.25267],[117.26657,4.25275],[117.26704,4.25304],[117.26739,4.25332],[117.26769,4.25352],[117.26794,4.25379],[117.26802,4.25393],[117.26812,4.25407],[117.26841,4.25442],[117.26867,4.25463],[117.26896,4.25485],[117.26916,4.25503],[117.26982,4.25507],[117.27019,4.25514],[117.27037,4.25523],[117.27055,4.25531],[117.27075,4.25551],[117.27081,4.25556],[117.27098,4.2557],[117.27132,4.25602],[117.27149,4.25613],[117.2716,4.25621],[117.27166,4.25625],[117.27167,4.25626],[117.27183,4.25635],[117.27191,4.25639],[117.27192,4.2564],[117.27208,4.25656],[117.27215,4.25661],[117.27217,4.25663],[117.27229,4.25676],[117.27238,4.25685],[117.27266,4.25721],[117.2727,4.25725],[117.27276,4.25729],[117.2728,4.2574],[117.27289,4.25754],[117.27292,4.25758],[117.27298,4.25767],[117.27312,4.25776],[117.2733,4.25783],[117.27344,4.25783],[117.2736,4.25783],[117.27374,4.25782],[117.27382,4.25783],[117.27415,4.25787],[117.27421,4.25788],[117.27453,4.25787],[117.27485,4.25798],[117.27505,4.25804],[117.27527,4.25811],[117.27557,4.25827],[117.27577,4.25847],[117.2759,4.25859],[117.27615,4.25868],[117.27629,4.25873],[117.27642,4.25884],[117.27657,4.25896],[117.27671,4.25909],[117.27685,4.25921],[117.27709,4.25939],[117.27741,4.25969],[117.27775,4.25995],[117.278,4.26014],[117.27812,4.26024],[117.27827,4.26036],[117.27859,4.26059],[117.27899,4.2609],[117.27969,4.26123],[117.28006,4.26138],[117.28018,4.26144],[117.28024,4.26145],[117.28042,4.26149],[117.28099,4.26162],[117.28133,4.26177],[117.28137,4.26179],[117.28141,4.26181],[117.28175,4.26196],[117.28192,4.26206],[117.28203,4.26213],[117.28207,4.26216],[117.2823,4.26237],[117.28242,4.26262],[117.28258,4.26292],[117.28264,4.26303],[117.28263,4.26359],[117.2827,4.26405],[117.28287,4.2642],[117.28305,4.26437],[117.28383,4.26465],[117.28427,4.26494],[117.2848,4.26538],[117.28487,4.26564],[117.28488,4.26568],[117.28486,4.26648],[117.28506,4.26696],[117.28511,4.26708],[117.28572,4.26777],[117.28606,4.26797],[117.28652,4.26824],[117.28725,4.26826],[117.28738,4.26836],[117.28771,4.26864],[117.28795,4.26898],[117.28815,4.27012],[117.28838,4.27065],[117.2885,4.27142],[117.28839,4.27185],[117.28804,4.27223],[117.28772,4.27249],[117.28772,4.27288],[117.29567,4.26973],[117.31024,4.26229],[117.31289,4.25988]]]]},"properties":{"kdprov":"65","kdkab":"04","kdkec":"090","kddesa":"002","kdsls":"0005","idsls":"65040900020005","nmprov":"KALIMANTAN UTARA","nmkab":"NUNUKAN","nmkec":"SEI MENGGARIS","nmdesa":"SAMAENRE SEMAJA","nmsls":"RT 005"}},{"type":"Feature","geometry":{"type":"MultiPolygon","coordinates":[[[[117.26092,4.28532],[117.26075,4.28521],[117.26023,4.28516],[117.25989,4.2849],[117.25972,4.28458],[117.2596,4.28424],[117.25961,4.28398],[117.25972,4.28361],[117.25956,4.28336],[117.25948,4.28315],[117.25961,4.28281],[117.25978,4.2825],[117.25968,4.28217],[117.25937,4.28207],[117.25895,4.282],[117.25861,4.28195],[117.25848,4.28176],[117.25842,4.2814],[117.25841,4.2811],[117.25852,4.28074],[117.25895,4.27978],[117.25885,4.27952],[117.2587,4.27931],[117.25835,4.27889],[117.25784,4.27862],[117.25751,4.27832],[117.25729,4.27805],[117.25698,4.2778],[117.25616,4.27846],[117.2558,4.27879],[117.25549,4.27888],[117.25518,4.27872],[117.25495,4.27853],[117.25465,4.27818],[117.25434,4.27775],[117.25404,4.27741],[117.25369,4.2772],[117.25328,4.27701],[117.25302,4.27674],[117.25288,4.27648],[117.25267,4.27628],[117.25243,4.2762],[117.25218,4.27625],[117.25179,4.27652],[117.25144,4.27646],[117.25117,4.27621],[117.25093,4.27597],[117.25075,4.27575],[117.25059,4.27554],[117.25036,4.27539],[117.24966,4.27522],[117.24927,4.27528],[117.24891,4.27545],[117.24852,4.27561],[117.24811,4.27557],[117.24777,4.27557],[117.24746,4.27576],[117.24722,4.2761],[117.24706,4.27641],[117.24696,4.27652],[117.24661,4.27657],[117.2463,4.27651],[117.24596,4.2766],[117.24559,4.27682],[117.24529,4.27703],[117.24477,4.2769],[117.24454,4.27665],[117.24436,4.27651],[117.24423,4.27628],[117.24424,4.27602],[117.24423,4.27555],[117.24409,4.27487],[117.24392,4.27425],[117.24389,4.274],[117.24399,4.2738],[117.24421,4.27356],[117.24439,4.27335],[117.24452,4.27307],[117.24457,4.27286],[117.24457,4.27257],[117.2445,4.27231],[117.24443,4.27212],[117.24429,4.27199],[117.24409,4.27181],[117.24397,4.27168],[117.24388,4.27149],[117.24388,4.27138],[117.24395,4.27122],[117.24415,4.27099],[117.24441,4.27069],[117.24468,4.27037],[117.24481,4.27007],[117.24495,4.26965],[117.24505,4.26934],[117.24493,4.26917],[117.24479,4.26906],[117.24364,4.26868],[117.24279,4.26845],[117.24207,4.26827],[117.24144,4.26822],[117.24099,4.26828],[117.24037,4.2683],[117.23997,4.26831],[117.23957,4.26835],[117.23923,4.26839],[117.23896,4.26846],[117.23871,4.26845],[117.23852,4.26836],[117.23825,4.26808],[117.23786,4.26775],[117.23759,4.26756],[117.2374,4.26738],[117.2371,4.26703],[117.23685,4.26677],[117.23658,4.26658],[117.23632,4.26646],[117.23586,4.26632],[117.2356,4.26629],[117.23531,4.26623],[117.235,4.26608],[117.23488,4.26591],[117.23463,4.26568],[117.23446,4.26556],[117.23433,4.26552],[117.23413,4.26555],[117.23392,4.26569],[117.23381,4.26576],[117.23369,4.26584],[117.23361,4.26596],[117.23355,4.26613],[117.23345,4.26645],[117.2333,4.26683],[117.23322,4.26703],[117.23296,4.26753],[117.23273,4.26781],[117.23258,4.2681],[117.23259,4.26826],[117.23271,4.26852],[117.23281,4.26864],[117.23294,4.26873],[117.23317,4.26885],[117.23339,4.26901],[117.23351,4.26922],[117.23356,4.26947],[117.23351,4.26981],[117.23341,4.27004],[117.23323,4.27025],[117.23301,4.2704],[117.23282,4.27046],[117.23259,4.27045],[117.23229,4.27028],[117.23183,4.27006],[117.23143,4.2699],[117.23102,4.26983],[117.23039,4.26974],[117.22992,4.26964],[117.22956,4.26957],[117.22929,4.26951],[117.22919,4.2695],[117.22905,4.26955],[117.22882,4.26962],[117.22861,4.26971],[117.22842,4.26993],[117.2283,4.27041],[117.22827,4.27078],[117.22837,4.27116],[117.22848,4.27152],[117.22838,4.27206],[117.22819,4.27242],[117.22784,4.2728],[117.22744,4.27305],[117.22704,4.27313],[117.22677,4.27319],[117.2264,4.2732],[117.22617,4.27318],[117.22589,4.27326],[117.22563,4.27343],[117.22545,4.27368],[117.22534,4.27393],[117.22517,4.27416],[117.22502,4.27434],[117.22487,4.27444],[117.2246,4.27447],[117.22441,4.27441],[117.2241,4.2743],[117.22383,4.27419],[117.22357,4.27405],[117.22334,4.27404],[117.22311,4.27416],[117.22273,4.27421],[117.22235,4.27428],[117.22216,4.27429],[117.22199,4.27423],[117.22185,4.27415],[117.22174,4.27405],[117.22158,4.27396],[117.22141,4.27387],[117.22124,4.27383],[117.22109,4.27388],[117.22097,4.27398],[117.22069,4.2743],[117.22055,4.2745],[117.22046,4.27469],[117.22036,4.27493],[117.22018,4.27517],[117.21993,4.27543],[117.21977,4.27565],[117.21964,4.27582],[117.21949,4.27602],[117.21933,4.27615],[117.21914,4.27625],[117.21882,4.27634],[117.21865,4.27634],[117.21841,4.27629],[117.21823,4.27615],[117.21806,4.27603],[117.21781,4.27571],[117.21769,4.27556],[117.21751,4.2754],[117.21726,4.27522],[117.21706,4.2751],[117.21681,4.27512],[117.2164,4.27525],[117.21604,4.27528],[117.21575,4.27529],[117.21542,4.2752],[117.21522,4.27509],[117.21503,4.27499],[117.21453,4.27483],[117.21396,4.2746],[117.21371,4.27448],[117.21311,4.27409],[117.21275,4.27392],[117.2123,4.27384],[117.21182,4.27382],[117.21151,4.27381],[117.21054,4.27375],[117.20991,4.27387],[117.20925,4.27443],[117.20842,4.275],[117.20769,4.2754],[117.20681,4.27532],[117.20625,4.27515],[117.20567,4.27508],[117.20448,4.27532],[117.20414,4.27531],[117.20399,4.27506],[117.20368,4.27464],[117.20293,4.27448],[117.20232,4.27437],[117.20206,4.27415],[117.20191,4.27358],[117.20174,4.27327],[117.20138,4.27276],[117.20115,4.27213],[117.20085,4.2717],[117.20051,4.27138],[117.20015,4.27106],[117.19996,4.27082],[117.1996,4.27029],[117.19917,4.26999],[117.19879,4.26978],[117.19853,4.26967],[117.19797,4.26954],[117.19756,4.26949],[117.19694,4.26955],[117.19662,4.26965],[117.19635,4.26975],[117.19616,4.2698],[117.1788,4.27699],[117.16946,4.28765],[117.15352,4.31525],[117.14424,4.33143],[117.1393,4.34431],[117.13958,4.34401],[117.14066,4.3436],[117.14136,4.34327],[117.14183,4.34326],[117.1425,4.34352],[117.14307,4.34412],[117.14335,4.34441],[117.14391,4.34527],[117.14433,4.34605],[117.14433,4.34787],[117.14358,4.34854],[117.14361,4.34961],[117.14345,4.35038],[117.14333,4.35097],[117.14338,4.35097],[117.14332,4.35109],[117.14399,4.35115],[117.14445,4.35097],[117.14462,4.35097],[117.14535,4.35097],[117.14698,4.35105],[117.14741,4.35123],[117.14818,4.35155],[117.14906,4.35208],[117.14947,4.35241],[117.1497,4.35259],[117.15066,4.35355],[117.1521,4.35347],[117.15216,4.35346],[117.15314,4.35341],[117.15327,4.35349],[117.15354,4.35355],[117.1543,4.35345],[117.15502,4.35358],[117.15563,4.35323],[117.15675,4.35317],[117.15763,4.35299],[117.15828,4.35286],[117.15867,4.35222],[117.15868,4.35115],[117.15861,4.35015],[117.16021,4.34909],[117.16138,4.34835],[117.16117,4.3472],[117.16106,4.34663],[117.16124,4.34617],[117.16192,4.3461],[117.16256,4.346],[117.16281,4.34596],[117.16404,4.34647],[117.16514,4.34643],[117.1657,4.34603],[117.16578,4.34597],[117.16663,4.34579],[117.1666,4.34555],[117.16618,4.34521],[117.16554,4.34469],[117.16465,4.34408],[117.16459,4.34326],[117.16523,4.34209],[117.16566,4.34106],[117.16591,4.34031],[117.16648,4.3396],[117.16776,4.33811],[117.17039,4.33658],[117.17136,4.33664],[117.17241,4.33669],[117.1732,4.33672],[117.17453,4.33677],[117.17454,4.33677],[117.17534,4.3369],[117.17582,4.33698],[117.17611,4.33647],[117.17656,4.33615],[117.17728,4.33627],[117.17824,4.33577],[117.17869,4.33582],[117.17947,4.3361],[117.17989,4.33625],[117.18144,4.33653],[117.1829,4.33679],[117.18474,4.33709],[117.18634,4.33777],[117.18652,4.3378],[117.1874,4.33799],[117.18803,4.33812],[117.18843,4.3382],[117.1891,4.33827],[117.19013,4.33827],[117.19051,4.33819],[117.19211,4.33782],[117.19261,4.33756],[117.19266,4.3371],[117.19373,4.33667],[117.19436,4.33674],[117.19488,4.33654],[117.19612,4.33605],[117.19648,4.33591],[117.19752,4.33564],[117.19815,4.33548],[117.19931,4.33555],[117.20013,4.3356],[117.20091,4.33595],[117.20201,4.33699],[117.2031,4.3377],[117.20409,4.33878],[117.20476,4.34031],[117.20533,4.34077],[117.20759,4.34235],[117.20773,4.34356],[117.20942,4.34631],[117.21027,4.34706],[117.21051,4.34741],[117.21174,4.35073],[117.21185,4.35097],[117.21301,4.35361],[117.21333,4.35433],[117.21574,4.35476],[117.21598,4.35522],[117.21718,4.35825],[117.21965,4.36097],[117.22231,4.36151],[117.22506,4.3638],[117.22605,4.36519],[117.22665,4.36658],[117.22675,4.3675],[117.22678,4.369],[117.22699,4.36939],[117.22955,4.3694],[117.23002,4.36946],[117.23135,4.36962],[117.23284,4.36934],[117.23416,4.3687],[117.23499,4.36872],[117.23499,4.36223],[117.24183,4.32773],[117.25016,4.2968],[117.25997,4.28579],[117.26092,4.28532]]]]},"properties":{"kdprov":"65","kdkab":"04","kdkec":"090","kddesa":"002","kdsls":"0008","idsls":"65040900020008","nmprov":"KALIMANTAN UTARA","nmkab":"NUNUKAN","nmkec":"SEI MENGGARIS","nmdesa":"SAMAENRE SEMAJA","nmsls":"RT 008"}},{"type":"Feature","geometry":{"type":"MultiPolygon","coordinates":[[[[117.30722,4.30962],[117.30719,4.3096],[117.30708,4.30943],[117.30699,4.30919],[117.30691,4.30898],[117.30687,4.30884],[117.30684,4.3087],[117.30683,4.30866],[117.30682,4.30862],[117.30678,4.30845],[117.30674,4.3083],[117.30669,4.30815],[117.30663,4.30798],[117.30656,4.30782],[117.30652,4.30773],[117.30649,4.30767],[117.30641,4.30754],[117.30631,4.30739],[117.30616,4.30727],[117.30604,4.30722],[117.30585,4.30716],[117.30574,4.30712],[117.30566,4.3071],[117.30549,4.307],[117.30533,4.30686],[117.30517,4.30664],[117.30507,4.30645],[117.30484,4.30591],[117.30474,4.30554],[117.3047,4.30543],[117.30465,4.30508],[117.30461,4.30477],[117.30455,4.30458],[117.30453,4.30453],[117.30446,4.30441],[117.30441,4.30434],[117.30428,4.30415],[117.30408,4.30396],[117.30378,4.30379],[117.30358,4.30366],[117.30336,4.30351],[117.30333,4.30349],[117.30316,4.30327],[117.30308,4.30312],[117.30296,4.30273],[117.30279,4.30246],[117.30261,4.30223],[117.30243,4.30208],[117.30233,4.30202],[117.30221,4.30202],[117.30206,4.3021],[117.30191,4.3022],[117.30165,4.30237],[117.30134,4.30261],[117.30111,4.30278],[117.30084,4.30298],[117.30057,4.30317],[117.30036,4.30332],[117.30014,4.30345],[117.30001,4.30353],[117.2999,4.30361],[117.29983,4.30364],[117.2997,4.3037],[117.29953,4.30374],[117.29952,4.30374],[117.2994,4.30372],[117.29933,4.30371],[117.29926,4.30367],[117.29917,4.30362],[117.29896,4.30347],[117.29883,4.30338],[117.2987,4.30329],[117.29844,4.30311],[117.29824,4.30296],[117.29803,4.30283],[117.29785,4.3027],[117.29774,4.30264],[117.29761,4.30257],[117.29749,4.30252],[117.29746,4.3025],[117.29729,4.30248],[117.29706,4.30248],[117.29675,4.30258],[117.29655,4.30266],[117.29636,4.30272],[117.29615,4.30275],[117.29596,4.30273],[117.29574,4.30265],[117.2956,4.30256],[117.29556,4.30253],[117.29543,4.30238],[117.29537,4.30226],[117.29533,4.30218],[117.29526,4.30196],[117.29522,4.30179],[117.29521,4.30175],[117.29516,4.3016],[117.29509,4.30143],[117.29503,4.30132],[117.29496,4.30127],[117.29477,4.3012],[117.2946,4.30117],[117.29425,4.30111],[117.29394,4.301],[117.29373,4.30079],[117.29354,4.30041],[117.29335,4.30004],[117.29322,4.2998],[117.29315,4.29967],[117.2929,4.29914],[117.29267,4.29884],[117.29257,4.29871],[117.29243,4.29862],[117.2924,4.29861],[117.29222,4.29846],[117.29215,4.29839],[117.29208,4.29829],[117.29201,4.29809],[117.29195,4.29795],[117.29184,4.2978],[117.29181,4.29775],[117.29176,4.29768],[117.29163,4.29753],[117.29129,4.29722],[117.29106,4.29703],[117.29084,4.29686],[117.2907,4.29679],[117.29057,4.29673],[117.29034,4.29674],[117.29011,4.29678],[117.28985,4.29687],[117.28965,4.29691],[117.28958,4.29691],[117.28953,4.2969],[117.28941,4.29688],[117.28927,4.29685],[117.2891,4.29676],[117.28906,4.29674],[117.28898,4.2967],[117.28887,4.29663],[117.28883,4.2966],[117.28868,4.29648],[117.28863,4.29644],[117.2885,4.29633],[117.28838,4.29626],[117.28825,4.29621],[117.28801,4.29618],[117.28785,4.29616],[117.28783,4.29616],[117.2878,4.29616],[117.28765,4.29612],[117.28753,4.29613],[117.28736,4.29617],[117.2873,4.29618],[117.28723,4.29618],[117.2871,4.29618],[117.28695,4.29614],[117.28684,4.29609],[117.28659,4.29597],[117.28635,4.29587],[117.28631,4.29586],[117.28616,4.29577],[117.28611,4.29574],[117.2859,4.29561],[117.28579,4.29551],[117.28575,4.29547],[117.28571,4.29541],[117.28562,4.2953],[117.28554,4.29519],[117.2855,4.29514],[117.28545,4.29507],[117.28539,4.29499],[117.28525,4.2948],[117.28516,4.29466],[117.28503,4.29448],[117.28492,4.29435],[117.28483,4.29427],[117.28475,4.29418],[117.28467,4.29412],[117.28458,4.29405],[117.2845,4.29398],[117.28441,4.29389],[117.28424,4.29377],[117.28407,4.29365],[117.284,4.29361],[117.2839,4.29355],[117.28379,4.2935],[117.28366,4.29344],[117.28341,4.29337],[117.28324,4.29332],[117.2832,4.2933],[117.28309,4.29326],[117.28293,4.29317],[117.28279,4.29309],[117.28277,4.29307],[117.28265,4.29298],[117.28246,4.29284],[117.28236,4.29276],[117.28231,4.2927],[117.28221,4.29261],[117.28216,4.29256],[117.28194,4.29235],[117.2817,4.2921],[117.2815,4.2919],[117.28145,4.29184],[117.2814,4.29179],[117.28122,4.29162],[117.28104,4.29144],[117.28085,4.2913],[117.28068,4.29118],[117.28053,4.29106],[117.28041,4.29095],[117.28018,4.29081],[117.28002,4.29072],[117.27988,4.2907],[117.27971,4.29068],[117.27965,4.29067],[117.27949,4.29072],[117.27926,4.29087],[117.27905,4.29097],[117.27889,4.29096],[117.27876,4.29092],[117.2786,4.29088],[117.27853,4.29087],[117.27832,4.29088],[117.27807,4.291],[117.27794,4.29113],[117.27779,4.29129],[117.27768,4.29145],[117.27755,4.29157],[117.27737,4.29164],[117.27719,4.2917],[117.27707,4.29177],[117.27689,4.29192],[117.27677,4.29204],[117.27661,4.29219],[117.2765,4.29225],[117.27635,4.29228],[117.27606,4.29227],[117.27581,4.29226],[117.27563,4.29226],[117.27544,4.29229],[117.2752,4.29236],[117.27496,4.29245],[117.27474,4.29256],[117.2745,4.29266],[117.27428,4.29274],[117.27414,4.29278],[117.27392,4.29279],[117.27365,4.2928],[117.27348,4.29281],[117.2733,4.2928],[117.27317,4.29279],[117.2731,4.2928],[117.27295,4.29285],[117.27291,4.29287],[117.27268,4.29296],[117.27247,4.29303],[117.27226,4.29303],[117.27205,4.29304],[117.27172,4.29309],[117.27143,4.29313],[117.27109,4.29319],[117.27078,4.29323],[117.27047,4.29325],[117.27022,4.29327],[117.26993,4.2933],[117.26967,4.29329],[117.2695,4.29327],[117.26946,4.29325],[117.26943,4.29324],[117.26938,4.29321],[117.26933,4.29318],[117.26925,4.293],[117.26916,4.29292],[117.26896,4.29273],[117.26879,4.29262],[117.26874,4.29259],[117.26867,4.29254],[117.26855,4.29246],[117.26839,4.29241],[117.26824,4.29245],[117.26822,4.29255],[117.26829,4.29279],[117.26831,4.29283],[117.26835,4.29303],[117.26834,4.29318],[117.26823,4.29326],[117.26807,4.29333],[117.26791,4.29343],[117.2678,4.29357],[117.26772,4.29371],[117.26765,4.29396],[117.2676,4.29416],[117.2675,4.29439],[117.26741,4.29453],[117.2673,4.2946],[117.26714,4.2947],[117.26693,4.29485],[117.26686,4.29488],[117.26683,4.2949],[117.26672,4.29484],[117.26654,4.29472],[117.26641,4.29464],[117.26632,4.29454],[117.26621,4.29441],[117.26617,4.29437],[117.26615,4.29435],[117.2661,4.29433],[117.26593,4.29461],[117.26577,4.29485],[117.26559,4.29505],[117.26549,4.29519],[117.26543,4.29523],[117.26524,4.29522],[117.26503,4.29517],[117.2648,4.2951],[117.26468,4.29504],[117.26453,4.29491],[117.26443,4.29478],[117.2644,4.29475],[117.26434,4.29468],[117.26429,4.29464],[117.26423,4.29459],[117.26411,4.29452],[117.26398,4.29451],[117.26393,4.29449],[117.26386,4.29447],[117.26372,4.29435],[117.26367,4.29428],[117.26357,4.29413],[117.26346,4.29387],[117.26359,4.2936],[117.26375,4.29324],[117.26392,4.29289],[117.26408,4.2925],[117.26411,4.29242],[117.26413,4.29237],[117.26432,4.29202],[117.2645,4.29171],[117.26469,4.29139],[117.26478,4.29114],[117.2648,4.2911],[117.26485,4.29091],[117.26491,4.29071],[117.26497,4.29036],[117.26503,4.29016],[117.26494,4.28991],[117.26485,4.28974],[117.2648,4.28966],[117.26467,4.28965],[117.26465,4.28965],[117.26459,4.28964],[117.26446,4.28962],[117.2643,4.28956],[117.26416,4.28956],[117.2639,4.28959],[117.26362,4.28962],[117.26342,4.2896],[117.26334,4.28959],[117.26324,4.28957],[117.26311,4.28954],[117.26304,4.28949],[117.26294,4.28941],[117.26284,4.28929],[117.26279,4.28914],[117.26276,4.28899],[117.26277,4.28883],[117.2628,4.28866],[117.26283,4.28843],[117.26284,4.28819],[117.26279,4.288],[117.26272,4.28784],[117.26261,4.28766],[117.26238,4.28732],[117.26236,4.28726],[117.26228,4.28704],[117.26227,4.28672],[117.26227,4.2867],[117.26227,4.28669],[117.26225,4.28634],[117.26218,4.28609],[117.26203,4.28596],[117.26226,4.28523],[117.26218,4.28505],[117.2621,4.28487],[117.26169,4.28498],[117.26163,4.28496],[117.26092,4.28532],[117.25997,4.28579],[117.25016,4.2968],[117.24183,4.32773],[117.23499,4.36223],[117.23499,4.36872],[117.23596,4.36874],[117.23635,4.36899],[117.2371,4.36884],[117.23761,4.36905],[117.2383,4.36998],[117.23833,4.37013],[117.23887,4.37042],[117.23947,4.37067],[117.24034,4.37102],[117.24067,4.37151],[117.24139,4.37146],[117.24141,4.37144],[117.24265,4.37193],[117.2434,4.37278],[117.24389,4.37336],[117.24489,4.37336],[117.24662,4.37336],[117.24694,4.37336],[117.24695,4.37336],[117.24747,4.37322],[117.24829,4.37269],[117.24921,4.37195],[117.24989,4.37113],[117.24989,4.37006],[117.24975,4.36878],[117.24923,4.36789],[117.24923,4.36696],[117.2493,4.3665],[117.24934,4.36575],[117.24938,4.36518],[117.24945,4.36468],[117.24995,4.36411],[117.24991,4.36407],[117.25249,4.36299],[117.25301,4.36273],[117.25361,4.36157],[117.25554,4.36006],[117.25722,4.35924],[117.25911,4.35911],[117.25999,4.35931],[117.26028,4.35906],[117.26103,4.35899],[117.26145,4.35899],[117.26246,4.35833],[117.26538,4.35557],[117.2665,4.3541],[117.2678,4.35269],[117.268,4.35248],[117.2689,4.35151],[117.26968,4.35021],[117.27019,4.34745],[117.27135,4.34624],[117.27358,4.34525],[117.27414,4.34145],[117.27518,4.34058],[117.27612,4.34011],[117.27814,4.33873],[117.27917,4.33743],[117.27917,4.33722],[117.27947,4.3367],[117.27985,4.33633],[117.28102,4.33519],[117.28278,4.33445],[117.28445,4.33363],[117.28544,4.3326],[117.28557,4.33178],[117.28596,4.3291],[117.28574,4.32802],[117.28544,4.32539],[117.28553,4.32409],[117.28596,4.32206],[117.28686,4.32064],[117.28815,4.31848],[117.2894,4.3174],[117.28978,4.3155],[117.29111,4.31338],[117.29378,4.31183],[117.29429,4.31144],[117.29541,4.31053],[117.29588,4.30954],[117.29926,4.30914],[117.30039,4.30868],[117.30122,4.30958],[117.30143,4.30983],[117.3015,4.30986],[117.30197,4.30996],[117.30269,4.3102],[117.30279,4.3103],[117.3031,4.3104],[117.30392,4.31044],[117.30628,4.31027],[117.30722,4.30962]]]]},"properties":{"kdprov":"65","kdkab":"04","kdkec":"090","kddesa":"004","kdsls":"0009","idsls":"65040900040009","nmprov":"KALIMANTAN UTARA","nmkab":"NUNUKAN","nmkec":"SEI MENGGARIS","nmdesa":"SEKADUYAN TAKA","nmsls":"RT 009"}},{"type":"Feature","geometry":{"type":"MultiPolygon","coordinates":[[[[117.27731,4.24657],[117.27771,4.24618],[117.27883,4.24642],[117.27922,4.2465],[117.27977,4.24667],[117.28022,4.24682],[117.28118,4.2461],[117.2817,4.24618],[117.28238,4.24629],[117.28292,4.24597],[117.28315,4.24562],[117.28368,4.24506],[117.28366,4.24489],[117.28366,4.24487],[117.28412,4.24466],[117.28456,4.2448],[117.2847,4.24468],[117.28473,4.2447],[117.28496,4.24476],[117.28521,4.24473],[117.2855,4.24462],[117.28567,4.24455],[117.28574,4.24474],[117.28579,4.24489],[117.28583,4.24499],[117.28588,4.24516],[117.28595,4.24532],[117.28601,4.24545],[117.28609,4.24551],[117.28612,4.24551],[117.28614,4.24552],[117.28619,4.2455],[117.28622,4.24548],[117.28631,4.24542],[117.28638,4.2454],[117.28649,4.24544],[117.28653,4.24546],[117.28663,4.24553],[117.28672,4.2456],[117.28682,4.24564],[117.28693,4.24567],[117.28698,4.24575],[117.28707,4.24578],[117.28717,4.24578],[117.28723,4.24578],[117.28728,4.24579],[117.28733,4.24581],[117.28735,4.24582],[117.28742,4.24588],[117.28752,4.24593],[117.28761,4.24595],[117.28771,4.24594],[117.28777,4.24594],[117.28786,4.24596],[117.28793,4.24599],[117.28806,4.24601],[117.28815,4.24602],[117.28855,4.2461],[117.28872,4.24611],[117.28886,4.24609],[117.28896,4.24605],[117.28904,4.24602],[117.28914,4.24596],[117.28915,4.24596],[117.28928,4.2459],[117.28938,4.24588],[117.2895,4.24593],[117.28971,4.24591],[117.28993,4.24595],[117.28994,4.24599],[117.28997,4.24612],[117.28998,4.24626],[117.29008,4.24641],[117.29026,4.24645],[117.29037,4.24639],[117.29052,4.24634],[117.29065,4.24631],[117.29074,4.24623],[117.29086,4.24617],[117.29096,4.24612],[117.29121,4.24615],[117.29137,4.24622],[117.29138,4.24624],[117.29148,4.24635],[117.2915,4.2464],[117.29153,4.24645],[117.29155,4.24653],[117.29162,4.24659],[117.2917,4.24669],[117.29173,4.24675],[117.29175,4.2468],[117.29182,4.24686],[117.29191,4.24692],[117.29215,4.24693],[117.29237,4.24694],[117.29259,4.24693],[117.29282,4.2469],[117.29302,4.24668],[117.29326,4.2464],[117.29338,4.24614],[117.29326,4.24578],[117.29275,4.24509],[117.29239,4.24456],[117.29227,4.24384],[117.29216,4.24305],[117.29304,4.24133],[117.29459,4.2405],[117.29745,4.23922],[117.2973,4.23911],[117.29718,4.23897],[117.2971,4.23879],[117.29701,4.23849],[117.29697,4.23827],[117.29702,4.2381],[117.29716,4.23795],[117.2973,4.23782],[117.29741,4.23766],[117.2975,4.2375],[117.2976,4.23732],[117.29767,4.23717],[117.29773,4.2371],[117.29785,4.23702],[117.29795,4.2369],[117.29802,4.23679],[117.29807,4.23668],[117.29824,4.2365],[117.29847,4.23632],[117.29862,4.2362],[117.29873,4.23611],[117.29877,4.23603],[117.29882,4.23592],[117.29891,4.23578],[117.29901,4.23563],[117.29909,4.23548],[117.29915,4.23527],[117.29923,4.23502],[117.29926,4.23485],[117.29926,4.23454],[117.29922,4.23421],[117.29919,4.2341],[117.29916,4.23388],[117.2992,4.23362],[117.29924,4.23346],[117.29927,4.2332],[117.29926,4.23302],[117.29915,4.23271],[117.29898,4.23265],[117.29872,4.23269],[117.29854,4.23267],[117.29842,4.23266],[117.29838,4.23273],[117.29825,4.23282],[117.29796,4.23298],[117.29773,4.23301],[117.29756,4.23287],[117.29748,4.23276],[117.29729,4.23258],[117.29727,4.23256],[117.29718,4.23251],[117.29706,4.23243],[117.29685,4.23229],[117.29657,4.23225],[117.29612,4.2322],[117.29543,4.23212],[117.29509,4.23212],[117.29486,4.23209],[117.29466,4.23214],[117.29452,4.23222],[117.29441,4.23226],[117.29427,4.23231],[117.29413,4.23237],[117.29398,4.23243],[117.29379,4.23251],[117.29354,4.23263],[117.29338,4.23271],[117.2933,4.23278],[117.29323,4.23285],[117.29316,4.23297],[117.29311,4.2331],[117.29302,4.23322],[117.29292,4.23334],[117.29284,4.23341],[117.29276,4.23345],[117.29264,4.23348],[117.29247,4.23347],[117.29243,4.23346],[117.29236,4.23344],[117.29225,4.23343],[117.29215,4.23341],[117.29161,4.23375],[117.29161,4.23376],[117.29164,4.23428],[117.29178,4.23505],[117.29122,4.23544],[117.29101,4.23592],[117.29074,4.23678],[117.29071,4.23676],[117.2903,4.23651],[117.28935,4.23627],[117.28881,4.23654],[117.28783,4.23675],[117.28783,4.23717],[117.28759,4.23803],[117.28714,4.23844],[117.28732,4.23898],[117.28783,4.23972],[117.28801,4.24045],[117.28804,4.24056],[117.28744,4.24103],[117.28658,4.24103],[117.28646,4.24151],[117.28613,4.24213],[117.28509,4.24237],[117.28497,4.24232],[117.28432,4.24201],[117.28355,4.24234],[117.28248,4.24246],[117.2817,4.24351],[117.28158,4.24377],[117.28147,4.24407],[117.28134,4.24425],[117.28116,4.24441],[117.28078,4.24434],[117.2807,4.24429],[117.28042,4.24412],[117.28042,4.24411],[117.28017,4.24386],[117.28001,4.24362],[117.27989,4.24311],[117.27953,4.24293],[117.27882,4.24295],[117.27846,4.24309],[117.2784,4.24319],[117.27809,4.24289],[117.27791,4.24268],[117.27787,4.24263],[117.27768,4.24238],[117.27745,4.24235],[117.27678,4.2423],[117.27638,4.2423],[117.27595,4.24258],[117.27582,4.24289],[117.2758,4.24336],[117.27608,4.24343],[117.2763,4.24367],[117.27641,4.24386],[117.27648,4.24397],[117.27657,4.2445],[117.27655,4.24505],[117.27664,4.24522],[117.27672,4.24539],[117.2765,4.2455],[117.27619,4.2456],[117.27608,4.24563],[117.27582,4.2456],[117.27562,4.24557],[117.2755,4.24549],[117.27521,4.2453],[117.27517,4.24637],[117.27505,4.24847],[117.2761,4.24852],[117.27612,4.24823],[117.27593,4.2479],[117.27602,4.24754],[117.27629,4.24716],[117.27677,4.2468],[117.27731,4.24657]]]]},"properties":{"kdprov":"65","kdkab":"04","kdkec":"090","kddesa":"002","kdsls":"0004","idsls":"65040900020004","nmprov":"KALIMANTAN UTARA","nmkab":"NUNUKAN","nmkec":"SEI MENGGARIS","nmdesa":"SAMAENRE SEMAJA","nmsls":"RT 004"}},{"type":"Feature","geometry":{"type":"MultiPolygon","coordinates":[[[[117.27562,4.15184],[117.27752,4.1518],[117.27754,4.15028],[117.27754,4.14985],[117.27752,4.14865],[117.27656,4.14867],[117.27653,4.13292],[117.27622,4.12842],[117.2763,4.1247],[117.2763,4.124],[117.27612,4.12364],[117.27601,4.12305],[117.2755,4.12253],[117.2749,4.12214],[117.27425,4.12199],[117.27369,4.1216],[117.27343,4.121],[117.27338,4.12025],[117.27376,4.11325],[117.2734,4.11128],[117.27299,4.10947],[117.27247,4.10828],[117.27226,4.10746],[117.2717,4.1026],[117.27144,4.09831],[117.27138,4.09675],[117.27133,4.09619],[117.27084,4.09621],[117.2706,4.09593],[117.27045,4.09551],[117.26979,4.09447],[117.26932,4.09405],[117.26898,4.09353],[117.26867,4.09293],[117.26857,4.09226],[117.26847,4.09147],[117.26806,4.09156],[117.26794,4.09159],[117.26737,4.0914],[117.26726,4.09141],[117.26687,4.09112],[117.26619,4.09058],[117.26551,4.09011],[117.26491,4.08974],[117.26439,4.08929],[117.26433,4.08883],[117.26427,4.08839],[117.26428,4.0874],[117.26407,4.08713],[117.26409,4.08604],[117.26375,4.08528],[117.2638,4.0852],[117.26368,4.08509],[117.26375,4.08451],[117.26356,4.08354],[117.26336,4.08289],[117.26291,4.08218],[117.2627,4.08202],[117.26271,4.08197],[117.26271,4.08188],[117.26269,4.08181],[117.26263,4.08172],[117.26245,4.08178],[117.26244,4.08182],[117.2624,4.08179],[117.26137,4.08153],[117.26115,4.08155],[117.26115,4.08155],[117.26086,4.08157],[117.26046,4.0816],[117.26,4.08163],[117.25986,4.08164],[117.25963,4.08166],[117.25941,4.08179],[117.25905,4.08199],[117.25847,4.08237],[117.2581,4.08274],[117.25802,4.08283],[117.25786,4.08295],[117.25786,4.08295],[117.2575,4.08321],[117.25734,4.0834],[117.25729,4.08346],[117.25705,4.08373],[117.25676,4.08456],[117.25673,4.08464],[117.25665,4.08473],[117.25622,4.08528],[117.2557,4.08561],[117.25512,4.08606],[117.25461,4.08632],[117.25459,4.08632],[117.25351,4.08645],[117.25335,4.08643],[117.25293,4.08638],[117.2529,4.08628],[117.25278,4.08578],[117.25288,4.0853],[117.25274,4.08444],[117.2528,4.08386],[117.25285,4.08342],[117.25245,4.08339],[117.25181,4.08294],[117.25099,4.08227],[117.25065,4.08197],[117.25065,4.08197],[117.25045,4.08184],[117.25,4.08165],[117.24965,4.08156],[117.24944,4.08152],[117.24937,4.0815],[117.24918,4.08147],[117.24888,4.0815],[117.24858,4.08168],[117.2484,4.08187],[117.24824,4.08201],[117.24803,4.08217],[117.24784,4.08223],[117.24766,4.08228],[117.24758,4.08228],[117.24728,4.08227],[117.24716,4.08212],[117.24706,4.08202],[117.24693,4.08194],[117.24678,4.08187],[117.2466,4.08176],[117.24645,4.08164],[117.24635,4.08156],[117.24632,4.08145],[117.24637,4.08138],[117.24638,4.08119],[117.24608,4.08127],[117.24591,4.08135],[117.24579,4.08153],[117.24571,4.08167],[117.24558,4.08189],[117.24548,4.08201],[117.24543,4.08216],[117.24546,4.08234],[117.24559,4.08239],[117.2458,4.08238],[117.24593,4.08231],[117.2461,4.08223],[117.24628,4.08215],[117.24645,4.08213],[117.24658,4.08217],[117.24677,4.08237],[117.24678,4.08249],[117.24677,4.08267],[117.24674,4.08285],[117.24671,4.08304],[117.24663,4.08323],[117.24651,4.08347],[117.24643,4.08375],[117.24628,4.08403],[117.24611,4.08432],[117.24593,4.08461],[117.24582,4.08477],[117.24572,4.08507],[117.24565,4.08527],[117.24548,4.0855],[117.24526,4.08576],[117.24503,4.08604],[117.2448,4.0862],[117.24455,4.08632],[117.24409,4.08649],[117.24379,4.08648],[117.24354,4.08638],[117.24343,4.08628],[117.24332,4.08606],[117.24328,4.08584],[117.24316,4.08532],[117.24315,4.08505],[117.24307,4.08475],[117.2429,4.08443],[117.24281,4.08413],[117.24249,4.08355],[117.242,4.08264],[117.24189,4.08238],[117.24187,4.0822],[117.24169,4.0815],[117.24158,4.08128],[117.24144,4.08115],[117.24135,4.08109],[117.24114,4.08105],[117.24099,4.08104],[117.24076,4.08106],[117.24047,4.08108],[117.24027,4.08102],[117.23905,4.08146],[117.23889,4.08151],[117.23872,4.08151],[117.23857,4.08151],[117.23828,4.08151],[117.23804,4.08151],[117.2377,4.08152],[117.23734,4.0816],[117.23718,4.08174],[117.23703,4.08179],[117.23686,4.08182],[117.23601,4.08221],[117.23583,4.08259],[117.23567,4.08281],[117.23553,4.08299],[117.23538,4.08324],[117.23527,4.08344],[117.23512,4.0837],[117.23511,4.08374],[117.23287,4.08457],[117.22507,4.08781],[117.22153,4.09029],[117.22491,4.10533],[117.22801,4.11568],[117.23693,4.12543],[117.25418,4.13614],[117.26656,4.14364],[117.27041,4.14763],[117.27138,4.14978],[117.27193,4.15101],[117.27211,4.15184],[117.27304,4.15184],[117.27362,4.1518],[117.27562,4.15184]]]]},"properties":{"kdprov":"65","kdkab":"04","kdkec":"090","kddesa":"003","kdsls":"0007","idsls":"65040900030007","nmprov":"KALIMANTAN UTARA","nmkab":"NUNUKAN","nmkec":"SEI MENGGARIS","nmdesa":"SRI NANTI","nmsls":"RT 007"}},{"type":"Feature","geometry":{"type":"MultiPolygon","coordinates":[[[[117.37092,4.1626],[117.37637,4.15342],[117.37632,4.15332],[117.37615,4.15312],[117.37619,4.15285],[117.37614,4.15268],[117.37606,4.1524],[117.3759,4.15222],[117.37564,4.15214],[117.37544,4.15211],[117.37537,4.15193],[117.37535,4.15173],[117.37504,4.15136],[117.37319,4.15007],[117.3676,4.15152],[117.3644,4.14901],[117.36376,4.148],[117.36282,4.14637],[117.36195,4.14474],[117.36154,4.14405],[117.36114,4.14334],[117.36084,4.14277],[117.36056,4.14218],[117.35985,4.14156],[117.35892,4.14098],[117.35805,4.14067],[117.35664,4.14024],[117.35559,4.14014],[117.35469,4.14019],[117.3538,4.14033],[117.35275,4.14074],[117.35194,4.14099],[117.35139,4.14127],[117.3508,4.14166],[117.34971,4.14211],[117.34905,4.1424],[117.3483,4.14268],[117.34768,4.14294],[117.34713,4.14328],[117.34683,4.1435],[117.34636,4.14375],[117.34592,4.14391],[117.34552,4.14409],[117.34515,4.1442],[117.34499,4.14419],[117.34457,4.14436],[117.34406,4.14469],[117.34293,4.14547],[117.34156,4.14695],[117.3404,4.14822],[117.33975,4.14912],[117.33929,4.14979],[117.33869,4.15106],[117.33815,4.1523],[117.33763,4.15349],[117.33709,4.15468],[117.33647,4.1554],[117.3358,4.15602],[117.33497,4.15614],[117.334,4.15579],[117.33277,4.15508],[117.33212,4.15401],[117.33171,4.15292],[117.33148,4.15138],[117.33156,4.15039],[117.33216,4.14935],[117.33298,4.148],[117.33365,4.14696],[117.33449,4.14557],[117.33509,4.1442],[117.33509,4.14294],[117.3345,4.14205],[117.33388,4.14134],[117.33287,4.14109],[117.33196,4.14125],[117.33068,4.14158],[117.32977,4.14202],[117.32876,4.14255],[117.32773,4.14302],[117.32659,4.14334],[117.32564,4.14324],[117.3248,4.14306],[117.32427,4.14277],[117.32343,4.14241],[117.32265,4.1422],[117.32168,4.142],[117.32071,4.14211],[117.31981,4.14236],[117.31842,4.1428],[117.31716,4.14306],[117.31607,4.14334],[117.31545,4.14342],[117.31506,4.14369],[117.31461,4.14418],[117.31401,4.14493],[117.31378,4.14563],[117.31342,4.14624],[117.31307,4.14682],[117.31259,4.14728],[117.31191,4.14765],[117.31094,4.14796],[117.31043,4.14798],[117.30972,4.14812],[117.30897,4.14825],[117.30795,4.14846],[117.30741,4.14882],[117.30623,4.14939],[117.30511,4.14969],[117.30407,4.14952],[117.30266,4.1492],[117.30185,4.1495],[117.30123,4.15058],[117.30071,4.15248],[117.30069,4.15412],[117.3003,4.15394],[117.29906,4.15319],[117.29836,4.15291],[117.29726,4.15279],[117.28612,4.1534],[117.2852,4.15338],[117.28405,4.15337],[117.28293,4.15336],[117.28281,4.15369],[117.28237,4.15368],[117.28134,4.15368],[117.28059,4.15368],[117.28035,4.15366],[117.28035,4.15555],[117.28035,4.15629],[117.28035,4.15698],[117.28035,4.15824],[117.28034,4.15924],[117.28057,4.15924],[117.28092,4.15924],[117.28143,4.15927],[117.28181,4.15929],[117.2822,4.1593],[117.28258,4.15932],[117.28299,4.15933],[117.28336,4.15934],[117.28455,4.15935],[117.28495,4.15935],[117.28538,4.15936],[117.2857,4.15936],[117.28591,4.15935],[117.28604,4.15931],[117.2864,4.15933],[117.28701,4.15936],[117.28741,4.15936],[117.28773,4.15939],[117.28795,4.15939],[117.28834,4.15939],[117.28885,4.15939],[117.28921,4.1594],[117.28942,4.1594],[117.28967,4.15942],[117.28989,4.15946],[117.29004,4.15952],[117.29019,4.15959],[117.29031,4.15976],[117.29046,4.1599],[117.29066,4.15996],[117.29103,4.16042],[117.29131,4.16063],[117.29145,4.16069],[117.29168,4.16061],[117.29218,4.16032],[117.29239,4.16032],[117.29264,4.16046],[117.29313,4.16066],[117.29363,4.16077],[117.29427,4.16085],[117.29457,4.16086],[117.29654,4.16055],[117.29881,4.16046],[117.30107,4.16064],[117.30306,4.16206],[117.30343,4.16386],[117.30464,4.16714],[117.30518,4.16909],[117.30676,4.17219],[117.30718,4.17355],[117.32061,4.17116],[117.32499,4.17038],[117.3303,4.17048],[117.33982,4.17065],[117.34876,4.17082],[117.34893,4.17082],[117.366,4.17496],[117.36996,4.1642],[117.37092,4.1626]]]]},"properties":{"kdprov":"65","kdkab":"04","kdkec":"090","kddesa":"003","kdsls":"0008","idsls":"65040900030008","nmprov":"KALIMANTAN UTARA","nmkab":"NUNUKAN","nmkec":"SEI MENGGARIS","nmdesa":"SRI NANTI","nmsls":"RT 008"}},{"type":"Feature","geometry":{"type":"MultiPolygon","coordinates":[[[[117.28036,4.1518],[117.28036,4.15029],[117.28034,4.14532],[117.2809,4.1448],[117.28108,4.14458],[117.28128,4.14443],[117.28167,4.14421],[117.28176,4.14405],[117.28173,4.1437],[117.28176,4.14347],[117.28232,4.14342],[117.28229,4.14235],[117.28229,4.14171],[117.28249,4.1414],[117.28343,4.14131],[117.28339,4.1412],[117.28334,4.14108],[117.2835,4.14103],[117.28368,4.14109],[117.28378,4.141],[117.28394,4.14087],[117.28398,4.14075],[117.28393,4.14063],[117.2839,4.14045],[117.28394,4.14028],[117.28395,4.14011],[117.28395,4.13994],[117.28386,4.13981],[117.2839,4.13974],[117.28404,4.13964],[117.28412,4.13952],[117.28418,4.1394],[117.2842,4.13931],[117.2842,4.13912],[117.28416,4.13901],[117.28414,4.13893],[117.28412,4.13882],[117.28414,4.13876],[117.28422,4.13866],[117.28432,4.13856],[117.28443,4.13852],[117.28454,4.13852],[117.28465,4.13849],[117.28478,4.13844],[117.28494,4.13849],[117.2851,4.13859],[117.28522,4.13872],[117.28534,4.13874],[117.28551,4.13869],[117.28566,4.13868],[117.28577,4.13863],[117.28589,4.13858],[117.28604,4.13858],[117.28628,4.13842],[117.28653,4.1383],[117.28694,4.1383],[117.28748,4.13816],[117.28775,4.13799],[117.2879,4.13775],[117.28794,4.13749],[117.28756,4.13676],[117.28745,4.13628],[117.28741,4.13572],[117.28738,4.13495],[117.28752,4.13452],[117.28773,4.13427],[117.28815,4.13432],[117.28847,4.13443],[117.2889,4.13485],[117.28935,4.13521],[117.28989,4.13564],[117.29043,4.13593],[117.29101,4.13599],[117.2916,4.13578],[117.29178,4.13558],[117.29205,4.13515],[117.29268,4.13474],[117.29327,4.13429],[117.29352,4.13375],[117.29341,4.13323],[117.29306,4.13277],[117.29271,4.13259],[117.29194,4.13241],[117.29137,4.13218],[117.29085,4.13185],[117.29052,4.1315],[117.29028,4.13107],[117.2904,4.12989],[117.29074,4.12872],[117.29142,4.12812],[117.2931,4.12642],[117.2948,4.12528],[117.29732,4.12283],[117.29876,4.12182],[117.30011,4.12128],[117.30081,4.12112],[117.30253,4.11739],[117.30486,4.11346],[117.30501,4.11297],[117.30506,4.11232],[117.30506,4.11188],[117.3069,4.10951],[117.30824,4.10759],[117.30969,4.1063],[117.31129,4.10625],[117.31352,4.10806],[117.3176,4.10976],[117.32107,4.11095],[117.32391,4.11188],[117.32582,4.11059],[117.32815,4.10801],[117.32957,4.10689],[117.33027,4.10604],[117.33089,4.10583],[117.33159,4.1054],[117.33291,4.10397],[117.33399,4.10175],[117.33472,4.09896],[117.33435,4.09622],[117.33296,4.09472],[117.3311,4.09234],[117.33037,4.09074],[117.33016,4.08903],[117.32864,4.08838],[117.32827,4.08794],[117.32764,4.08758],[117.32656,4.0874],[117.32612,4.08709],[117.32593,4.08695],[117.32554,4.08684],[117.3253,4.08677],[117.32519,4.08674],[117.3249,4.08673],[117.32471,4.08677],[117.32467,4.08679],[117.32449,4.08688],[117.32448,4.08684],[117.32447,4.08677],[117.32449,4.08658],[117.32449,4.08657],[117.32449,4.08656],[117.32424,4.08645],[117.32368,4.08623],[117.32328,4.08608],[117.32295,4.08596],[117.32222,4.08562],[117.32196,4.0855],[117.32088,4.08505],[117.32031,4.08481],[117.3198,4.0846],[117.31895,4.08426],[117.3189,4.08424],[117.31877,4.08419],[117.31719,4.08352],[117.31611,4.08277],[117.31602,4.0827],[117.31414,4.08232],[117.31361,4.08214],[117.31361,4.08214],[117.31313,4.08198],[117.31298,4.08199],[117.31269,4.082],[117.3125,4.08202],[117.31246,4.08202],[117.31235,4.08203],[117.31205,4.08218],[117.31193,4.08217],[117.3112,4.0821],[117.31053,4.08216],[117.31052,4.08216],[117.30967,4.08249],[117.30935,4.08261],[117.30927,4.08266],[117.30908,4.08277],[117.30867,4.08301],[117.30751,4.08336],[117.30728,4.08343],[117.30679,4.0831],[117.3057,4.08235],[117.30522,4.08202],[117.30478,4.08172],[117.30466,4.08207],[117.30457,4.08253],[117.30403,4.08307],[117.3039,4.08314],[117.3039,4.08314],[117.30313,4.08352],[117.30232,4.08379],[117.30114,4.08464],[117.30042,4.0847],[117.30034,4.08471],[117.30021,4.08477],[117.3002,4.08477],[117.29929,4.0852],[117.2982,4.08533],[117.29743,4.08566],[117.29659,4.08559],[117.29621,4.08559],[117.29517,4.08559],[117.29453,4.08553],[117.29382,4.08534],[117.29318,4.08508],[117.2925,4.08479],[117.29228,4.08466],[117.29205,4.08452],[117.29133,4.08443],[117.2907,4.08434],[117.29036,4.08427],[117.28929,4.08436],[117.28856,4.08441],[117.28851,4.08444],[117.28812,4.08454],[117.28782,4.08461],[117.28719,4.08479],[117.28654,4.08489],[117.28572,4.08492],[117.28529,4.08479],[117.28502,4.08466],[117.28377,4.08482],[117.28335,4.08476],[117.28268,4.08434],[117.28196,4.08425],[117.28133,4.08407],[117.28089,4.08412],[117.27978,4.08424],[117.27955,4.08414],[117.27917,4.08398],[117.2789,4.084],[117.27887,4.08401],[117.27809,4.08407],[117.27719,4.08389],[117.27619,4.0838],[117.27538,4.0838],[117.27434,4.08402],[117.27434,4.08402],[117.2743,4.08403],[117.27352,4.08415],[117.2734,4.08417],[117.27303,4.08442],[117.27259,4.08471],[117.27232,4.08489],[117.27211,4.08512],[117.27167,4.08561],[117.27099,4.08625],[117.27088,4.08647],[117.27077,4.08673],[117.27072,4.08683],[117.27049,4.08731],[117.27032,4.08752],[117.26989,4.08806],[117.2698,4.08823],[117.26971,4.08842],[117.26954,4.08895],[117.2696,4.08926],[117.26967,4.08963],[117.26962,4.09026],[117.26935,4.09076],[117.26938,4.09095],[117.26942,4.09127],[117.26942,4.09128],[117.26942,4.09133],[117.26931,4.09134],[117.26929,4.09135],[117.26881,4.0914],[117.26847,4.09147],[117.26847,4.09147],[117.26857,4.09226],[117.26867,4.09293],[117.26898,4.09353],[117.26932,4.09405],[117.26979,4.09447],[117.27045,4.09551],[117.2706,4.09593],[117.27084,4.09621],[117.27133,4.09619],[117.27138,4.09675],[117.27144,4.09831],[117.2717,4.1026],[117.27226,4.10746],[117.27247,4.10828],[117.27299,4.10947],[117.2734,4.11128],[117.27376,4.11325],[117.27338,4.12025],[117.27343,4.121],[117.27369,4.1216],[117.27425,4.12199],[117.2749,4.12214],[117.2755,4.12253],[117.27601,4.12305],[117.27612,4.12364],[117.2763,4.124],[117.2763,4.1247],[117.27622,4.12842],[117.27653,4.13292],[117.27656,4.14867],[117.27752,4.14865],[117.27754,4.14985],[117.27754,4.15028],[117.27752,4.1518],[117.2777,4.15181],[117.27823,4.15181],[117.27894,4.15181],[117.28036,4.1518]]]]},"properties":{"kdprov":"65","kdkab":"04","kdkec":"090","kddesa":"003","kdsls":"0011","idsls":"65040900030011","nmprov":"KALIMANTAN UTARA","nmkab":"NUNUKAN","nmkec":"SEI MENGGARIS","nmdesa":"SRI NANTI","nmsls":"RT 011"}},{"type":"Feature","geometry":{"type":"MultiPolygon","coordinates":[[[[117.26417,4.15296],[117.26418,4.15255],[117.26416,4.15223],[117.26417,4.152],[117.26417,4.15192],[117.26414,4.15161],[117.26412,4.15125],[117.2641,4.15071],[117.2641,4.15035],[117.26407,4.14988],[117.26405,4.14957],[117.26406,4.14934],[117.26403,4.14921],[117.26404,4.14905],[117.26401,4.14866],[117.264,4.14828],[117.26401,4.14801],[117.26402,4.14776],[117.26401,4.1475],[117.264,4.14737],[117.26359,4.14735],[117.26334,4.14732],[117.26308,4.14734],[117.26285,4.14734],[117.26271,4.14732],[117.26222,4.14733],[117.26184,4.14733],[117.26104,4.14731],[117.26007,4.14731],[117.25944,4.14728],[117.2589,4.14727],[117.25838,4.1473],[117.25811,4.14728],[117.25765,4.14735],[117.25743,4.14736],[117.25729,4.1474],[117.25701,4.14743],[117.25673,4.14749],[117.25652,4.1475],[117.25626,4.14751],[117.25605,4.14754],[117.25587,4.14758],[117.25568,4.14761],[117.25552,4.14763],[117.25535,4.14763],[117.25526,4.14761],[117.25524,4.14781],[117.25515,4.14811],[117.25506,4.14836],[117.25499,4.14848],[117.25502,4.14866],[117.25505,4.14881],[117.25512,4.14895],[117.25518,4.14905],[117.25519,4.14925],[117.25518,4.14945],[117.25517,4.14956],[117.25516,4.14981],[117.25518,4.15015],[117.25519,4.15053],[117.25518,4.15075],[117.25555,4.15072],[117.25582,4.15072],[117.25614,4.15076],[117.2565,4.15083],[117.25684,4.15089],[117.25705,4.15099],[117.25705,4.15114],[117.25706,4.15129],[117.25707,4.15139],[117.25706,4.15149],[117.25708,4.15162],[117.25708,4.1517],[117.25708,4.15177],[117.2571,4.15188],[117.25709,4.15196],[117.25709,4.15204],[117.25709,4.15256],[117.25708,4.15289],[117.2571,4.15305],[117.2595,4.15304],[117.26213,4.15299],[117.26406,4.15295],[117.26417,4.15296]]]]},"properties":{"kdprov":"65","kdkab":"04","kdkec":"090","kddesa":"001","kdsls":"0001","idsls":"65040900010001","nmprov":"KALIMANTAN UTARA","nmkab":"NUNUKAN","nmkec":"SEI MENGGARIS","nmdesa":"TABUR LESTARI","nmsls":"RT 001"}},{"type":"Feature","geometry":{"type":"MultiPolygon","coordinates":[[[[117.27661,4.15556],[117.27765,4.15557],[117.27765,4.15532],[117.27764,4.15462],[117.27752,4.1518],[117.27562,4.15184],[117.27562,4.15299],[117.27565,4.15383],[117.27567,4.15449],[117.27565,4.15506],[117.27567,4.15543],[117.27571,4.15557],[117.27646,4.15556],[117.27661,4.15556]]]]},"properties":{"kdprov":"65","kdkab":"04","kdkec":"090","kddesa":"003","kdsls":"0003","idsls":"65040900030003","nmprov":"KALIMANTAN UTARA","nmkab":"NUNUKAN","nmkec":"SEI MENGGARIS","nmdesa":"SRI NANTI","nmsls":"RT 003"}},{"type":"Feature","geometry":{"type":"MultiPolygon","coordinates":[[[[117.28035,4.15629],[117.28035,4.15555],[117.28035,4.15366],[117.28035,4.15302],[117.28035,4.15243],[117.28035,4.15197],[117.28036,4.1518],[117.27894,4.15181],[117.27823,4.15181],[117.2777,4.15181],[117.27752,4.1518],[117.27764,4.15462],[117.27765,4.15532],[117.27765,4.15557],[117.27661,4.15556],[117.2766,4.15599],[117.27662,4.15632],[117.27853,4.1563],[117.28035,4.15629]]]]},"properties":{"kdprov":"65","kdkab":"04","kdkec":"090","kddesa":"003","kdsls":"0004","idsls":"65040900030004","nmprov":"KALIMANTAN UTARA","nmkab":"NUNUKAN","nmkec":"SEI MENGGARIS","nmdesa":"SRI NANTI","nmsls":"RT 004"}},{"type":"Feature","geometry":{"type":"MultiPolygon","coordinates":[[[[117.31772,4.12549],[117.31826,4.12557],[117.32167,4.12639],[117.32384,4.12707],[117.32539,4.12712],[117.32746,4.12608],[117.3286,4.12417],[117.33015,4.12143],[117.3317,4.11998],[117.33305,4.1191],[117.33522,4.11848],[117.33791,4.12014],[117.34111,4.12303],[117.34546,4.125],[117.3498,4.12469],[117.353,4.12231],[117.35487,4.119],[117.3559,4.11538],[117.35569,4.10778],[117.3559,4.10421],[117.35598,4.10388],[117.35598,4.10388],[117.35276,4.10302],[117.35263,4.10303],[117.3525,4.10304],[117.35249,4.10304],[117.35244,4.10304],[117.35225,4.10307],[117.35175,4.10313],[117.35111,4.10308],[117.35107,4.10308],[117.35093,4.10308],[117.35071,4.10241],[117.35059,4.10227],[117.35056,4.10224],[117.35003,4.10166],[117.3499,4.10151],[117.349,4.10087],[117.34843,4.10056],[117.34783,4.10024],[117.34665,4.0997],[117.34587,4.0994],[117.34521,4.09916],[117.34516,4.09913],[117.34395,4.09843],[117.34361,4.09825],[117.34361,4.09825],[117.34333,4.0981],[117.3426,4.09771],[117.3421,4.09746],[117.34195,4.09738],[117.34167,4.09722],[117.34116,4.09691],[117.34029,4.09629],[117.33997,4.09609],[117.33944,4.09575],[117.33943,4.09574],[117.33942,4.09573],[117.33927,4.09563],[117.33835,4.09494],[117.33823,4.09485],[117.33818,4.09482],[117.33818,4.09481],[117.33814,4.09456],[117.33814,4.09456],[117.33809,4.09454],[117.33788,4.09439],[117.33778,4.09432],[117.33719,4.09391],[117.33629,4.0931],[117.33621,4.09301],[117.33618,4.09297],[117.33566,4.09237],[117.33493,4.09171],[117.33493,4.09171],[117.33476,4.09156],[117.33459,4.09141],[117.33395,4.09084],[117.33381,4.09073],[117.33373,4.09067],[117.33373,4.09067],[117.33323,4.0903],[117.33287,4.09002],[117.33206,4.0893],[117.33146,4.08906],[117.33115,4.08894],[117.33113,4.08894],[117.33107,4.08893],[117.33054,4.08886],[117.33043,4.08885],[117.33037,4.08889],[117.33026,4.08896],[117.33022,4.08899],[117.33021,4.089],[117.33016,4.08903],[117.33037,4.09074],[117.3311,4.09234],[117.33296,4.09472],[117.33435,4.09622],[117.33472,4.09896],[117.33399,4.10175],[117.33291,4.10397],[117.33159,4.1054],[117.33089,4.10583],[117.33027,4.10604],[117.32957,4.10689],[117.32815,4.10801],[117.32582,4.11059],[117.32391,4.11188],[117.32107,4.11095],[117.3176,4.10976],[117.31352,4.10806],[117.31129,4.10625],[117.30969,4.1063],[117.30824,4.10759],[117.3069,4.10951],[117.30506,4.11188],[117.30506,4.11232],[117.30501,4.11297],[117.30486,4.11346],[117.30253,4.11739],[117.30081,4.12112],[117.30011,4.12128],[117.29876,4.12182],[117.29732,4.12283],[117.2948,4.12528],[117.2931,4.12642],[117.29142,4.12812],[117.29074,4.12872],[117.2904,4.12989],[117.29028,4.13107],[117.29052,4.1315],[117.29085,4.13185],[117.29137,4.13218],[117.29194,4.13241],[117.29271,4.13259],[117.29306,4.13277],[117.29341,4.13323],[117.29352,4.13375],[117.29327,4.13429],[117.29268,4.13474],[117.29205,4.13515],[117.29178,4.13558],[117.2916,4.13578],[117.29101,4.13599],[117.29043,4.13593],[117.28989,4.13564],[117.28935,4.13521],[117.2889,4.13485],[117.28847,4.13443],[117.28815,4.13432],[117.28773,4.13427],[117.28752,4.13452],[117.28738,4.13495],[117.28741,4.13572],[117.28745,4.13628],[117.28756,4.13676],[117.28794,4.13749],[117.2879,4.13775],[117.28775,4.13799],[117.28748,4.13816],[117.28694,4.1383],[117.28653,4.1383],[117.28628,4.13842],[117.28604,4.13858],[117.28589,4.13858],[117.28577,4.13863],[117.28566,4.13868],[117.28551,4.13869],[117.28534,4.13874],[117.28522,4.13872],[117.2851,4.13859],[117.28494,4.13849],[117.28478,4.13844],[117.28465,4.13849],[117.28454,4.13852],[117.28443,4.13852],[117.28432,4.13856],[117.28422,4.13866],[117.28414,4.13876],[117.28412,4.13882],[117.28414,4.13893],[117.28416,4.13901],[117.2842,4.13912],[117.2842,4.13931],[117.28418,4.1394],[117.28412,4.13952],[117.28404,4.13964],[117.2839,4.13974],[117.28386,4.13981],[117.28395,4.13994],[117.28395,4.14011],[117.28394,4.14028],[117.2839,4.14045],[117.28393,4.14063],[117.28398,4.14075],[117.28394,4.14087],[117.28378,4.141],[117.28368,4.14109],[117.2835,4.14103],[117.28334,4.14108],[117.28339,4.1412],[117.28343,4.14131],[117.28249,4.1414],[117.28229,4.14171],[117.28229,4.14235],[117.28232,4.14342],[117.28176,4.14347],[117.28173,4.1437],[117.28176,4.14405],[117.28167,4.14421],[117.28128,4.14443],[117.28108,4.14458],[117.2809,4.1448],[117.28034,4.14532],[117.28036,4.15029],[117.28036,4.1518],[117.28042,4.15179],[117.28072,4.15179],[117.28125,4.1518],[117.28236,4.15179],[117.2829,4.1518],[117.28316,4.15181],[117.28331,4.15181],[117.28339,4.15173],[117.28355,4.15166],[117.28378,4.15153],[117.28391,4.15145],[117.28403,4.15121],[117.28409,4.15088],[117.2841,4.15073],[117.28417,4.15062],[117.28429,4.15054],[117.28439,4.1504],[117.28453,4.1503],[117.28467,4.15023],[117.28483,4.15016],[117.28496,4.15008],[117.28511,4.14996],[117.28515,4.14977],[117.2852,4.14959],[117.28531,4.14948],[117.28546,4.14928],[117.28563,4.1492],[117.28575,4.14912],[117.28598,4.14916],[117.28611,4.1493],[117.28623,4.14939],[117.28642,4.14937],[117.28665,4.14927],[117.28682,4.14917],[117.28688,4.14904],[117.28683,4.14716],[117.28682,4.1453],[117.28857,4.14527],[117.28944,4.14523],[117.29031,4.14522],[117.29124,4.14523],[117.29848,4.14507],[117.29883,4.14446],[117.29947,4.14393],[117.2999,4.14362],[117.29994,4.14321],[117.29987,4.14269],[117.29994,4.14224],[117.30028,4.14195],[117.30049,4.14159],[117.30031,4.14102],[117.30007,4.14061],[117.2998,4.14044],[117.29937,4.14026],[117.29882,4.14],[117.29839,4.13974],[117.29848,4.13946],[117.29873,4.13922],[117.29866,4.13894],[117.29834,4.13869],[117.29826,4.13828],[117.29838,4.138],[117.29873,4.1378],[117.29939,4.1377],[117.29959,4.13743],[117.30025,4.13735],[117.30006,4.13633],[117.30016,4.13584],[117.30084,4.13576],[117.30086,4.13493],[117.30102,4.13426],[117.3021,4.13483],[117.30298,4.13612],[117.3035,4.13669],[117.30422,4.13648],[117.30438,4.13592],[117.3042,4.13524],[117.30445,4.13452],[117.3051,4.13361],[117.30647,4.13359],[117.30769,4.13305],[117.3088,4.13201],[117.30924,4.13134],[117.31443,4.13051],[117.31583,4.13005],[117.31663,4.12914],[117.31668,4.12839],[117.31666,4.12751],[117.31689,4.12627],[117.31741,4.12576],[117.31772,4.12549]]]]},"properties":{"kdprov":"65","kdkab":"04","kdkec":"090","kddesa":"003","kdsls":"0010","idsls":"65040900030010","nmprov":"KALIMANTAN UTARA","nmkab":"NUNUKAN","nmkec":"SEI MENGGARIS","nmdesa":"SRI NANTI","nmsls":"RT 010"}},{"type":"Feature","geometry":{"type":"MultiPolygon","coordinates":[[[[117.24965,4.1755],[117.24965,4.17544],[117.24965,4.17531],[117.24963,4.17519],[117.24967,4.175],[117.24966,4.17469],[117.24969,4.17437],[117.24971,4.174],[117.24968,4.17363],[117.24965,4.17329],[117.24963,4.17295],[117.24964,4.17256],[117.24962,4.17221],[117.24965,4.17171],[117.24964,4.17153],[117.24965,4.17141],[117.24964,4.17119],[117.24958,4.17089],[117.24961,4.17076],[117.2496,4.17044],[117.24958,4.17015],[117.24955,4.16986],[117.24957,4.16948],[117.24958,4.16909],[117.24958,4.16864],[117.24962,4.16828],[117.24962,4.16773],[117.24959,4.16724],[117.24961,4.16678],[117.24964,4.16638],[117.24964,4.16609],[117.24965,4.16581],[117.2497,4.16546],[117.24973,4.16474],[117.24971,4.16382],[117.24973,4.16289],[117.24973,4.16197],[117.24971,4.16113],[117.2497,4.1608],[117.24975,4.15983],[117.25024,4.15978],[117.2511,4.15983],[117.25245,4.15976],[117.2528,4.15976],[117.25316,4.15978],[117.2539,4.15976],[117.25446,4.15979],[117.25472,4.15985],[117.25565,4.15987],[117.25637,4.15993],[117.25726,4.15994],[117.25722,4.15896],[117.25715,4.15702],[117.25715,4.15661],[117.25715,4.15608],[117.25714,4.15599],[117.25714,4.15599],[117.25707,4.15598],[117.25694,4.15599],[117.25672,4.15599],[117.25653,4.15599],[117.25637,4.15599],[117.25619,4.156],[117.2562,4.15592],[117.2562,4.15415],[117.25621,4.15257],[117.25619,4.15204],[117.25709,4.15204],[117.25709,4.15196],[117.2571,4.15188],[117.25708,4.15177],[117.25708,4.1517],[117.25708,4.15162],[117.25706,4.15149],[117.25707,4.15139],[117.25706,4.15129],[117.25705,4.15114],[117.25705,4.15099],[117.25684,4.15089],[117.2565,4.15083],[117.25614,4.15076],[117.25582,4.15072],[117.25555,4.15072],[117.25518,4.15075],[117.25519,4.15053],[117.25518,4.15015],[117.25516,4.14981],[117.25517,4.14956],[117.25518,4.14945],[117.25519,4.14925],[117.25518,4.14905],[117.25512,4.14895],[117.25505,4.14881],[117.25502,4.14866],[117.25499,4.14848],[117.25506,4.14836],[117.25515,4.14811],[117.25524,4.14781],[117.25526,4.14761],[117.25535,4.14763],[117.25552,4.14763],[117.25568,4.14761],[117.25587,4.14758],[117.25605,4.14754],[117.25626,4.14751],[117.25652,4.1475],[117.25673,4.14749],[117.25701,4.14743],[117.25729,4.1474],[117.25743,4.14736],[117.25765,4.14735],[117.25811,4.14728],[117.25838,4.1473],[117.2589,4.14727],[117.25944,4.14728],[117.26007,4.14731],[117.26104,4.14731],[117.26184,4.14733],[117.26222,4.14733],[117.26271,4.14732],[117.26285,4.14734],[117.26308,4.14734],[117.26334,4.14732],[117.26359,4.14735],[117.264,4.14737],[117.26401,4.1475],[117.26402,4.14776],[117.26401,4.14801],[117.264,4.14828],[117.26401,4.14866],[117.26404,4.14905],[117.26403,4.14921],[117.26406,4.14934],[117.26405,4.14957],[117.26407,4.14988],[117.2641,4.15035],[117.2641,4.15071],[117.26412,4.15125],[117.26414,4.15161],[117.26417,4.15192],[117.26417,4.152],[117.26424,4.152],[117.26562,4.15199],[117.26678,4.15192],[117.26739,4.15189],[117.26803,4.15191],[117.26842,4.15195],[117.26915,4.15191],[117.27023,4.15193],[117.27119,4.1519],[117.2717,4.15186],[117.27198,4.15185],[117.27211,4.15186],[117.27211,4.15184],[117.27193,4.15101],[117.27138,4.14978],[117.27041,4.14763],[117.26656,4.14364],[117.25418,4.13614],[117.23693,4.12543],[117.22801,4.11568],[117.22491,4.10533],[117.22153,4.09029],[117.21041,4.09809],[117.19499,4.11255],[117.19176,4.11715],[117.18509,4.12664],[117.183,4.14396],[117.183,4.14736],[117.18314,4.14748],[117.18345,4.14748],[117.18412,4.1475],[117.18471,4.14758],[117.18544,4.1475],[117.18632,4.14737],[117.18663,4.14714],[117.18694,4.1468],[117.1872,4.14616],[117.18743,4.14525],[117.18779,4.14419],[117.1881,4.14362],[117.18883,4.14318],[117.18945,4.143],[117.19001,4.14311],[117.19043,4.14329],[117.19089,4.14355],[117.19128,4.14383],[117.19149,4.14419],[117.19146,4.14471],[117.19154,4.14541],[117.19159,4.14605],[117.19185,4.14649],[117.1926,4.14649],[117.1933,4.14626],[117.19363,4.14592],[117.19407,4.14541],[117.19433,4.14463],[117.19459,4.14417],[117.19506,4.14388],[117.19542,4.1438],[117.1964,4.14378],[117.19759,4.14383],[117.19795,4.14365],[117.19842,4.14321],[117.19914,4.14267],[117.19976,4.14251],[117.20064,4.14262],[117.20155,4.14295],[117.20258,4.14313],[117.20338,4.14331],[117.2039,4.14342],[117.20434,4.14378],[117.20467,4.14427],[117.20516,4.14427],[117.20566,4.14409],[117.20615,4.14411],[117.20703,4.14443],[117.20744,4.14419],[117.20803,4.14391],[117.20893,4.14372],[117.20876,4.14426],[117.20891,4.14454],[117.20925,4.14475],[117.20939,4.14481],[117.21012,4.14486],[117.21032,4.14543],[117.21071,4.14589],[117.21118,4.14607],[117.21229,4.14615],[117.2126,4.14628],[117.21278,4.14667],[117.21278,4.14726],[117.21286,4.14788],[117.21332,4.14832],[117.21368,4.14879],[117.21368,4.14959],[117.21384,4.15],[117.21449,4.15042],[117.21511,4.15066],[117.21557,4.15064],[117.21615,4.15055],[117.2162,4.15064],[117.21628,4.15091],[117.21637,4.15115],[117.21646,4.15152],[117.21631,4.15205],[117.21668,4.15305],[117.21707,4.153],[117.21729,4.15303],[117.21728,4.15318],[117.21714,4.15335],[117.2172,4.15351],[117.21735,4.15365],[117.21755,4.15367],[117.21767,4.15378],[117.21777,4.154],[117.21792,4.15402],[117.21814,4.15389],[117.21838,4.15369],[117.21848,4.15325],[117.21854,4.15278],[117.21867,4.1527],[117.21894,4.15263],[117.21901,4.15265],[117.2192,4.15281],[117.2194,4.15273],[117.21958,4.15261],[117.21989,4.15263],[117.22015,4.15273],[117.22043,4.15274],[117.22061,4.15258],[117.221,4.15232],[117.2213,4.15212],[117.22145,4.15211],[117.22162,4.15221],[117.22181,4.15238],[117.22207,4.15256],[117.22236,4.15263],[117.22268,4.15256],[117.22294,4.15269],[117.22313,4.15299],[117.22352,4.15352],[117.2239,4.15393],[117.22422,4.15422],[117.22452,4.15448],[117.22471,4.15468],[117.22497,4.15489],[117.22516,4.15492],[117.22543,4.15488],[117.22567,4.15488],[117.226,4.15493],[117.22622,4.15494],[117.22627,4.15503],[117.22642,4.15523],[117.22666,4.15526],[117.22711,4.15519],[117.22728,4.15523],[117.22748,4.15545],[117.22763,4.15566],[117.22776,4.15585],[117.22788,4.1561],[117.228,4.15629],[117.22822,4.15649],[117.22841,4.15652],[117.22862,4.15647],[117.22876,4.15647],[117.22881,4.15663],[117.2289,4.157],[117.22894,4.15733],[117.22907,4.1576],[117.22913,4.15775],[117.22929,4.15779],[117.22952,4.15782],[117.22967,4.15791],[117.22969,4.15811],[117.22971,4.15832],[117.22958,4.15852],[117.2295,4.15871],[117.22947,4.159],[117.22938,4.15921],[117.22922,4.1594],[117.22903,4.15955],[117.2287,4.1596],[117.22847,4.15967],[117.22819,4.15984],[117.22797,4.16],[117.22792,4.16034],[117.22808,4.16067],[117.22814,4.16094],[117.22827,4.1612],[117.22844,4.1614],[117.22852,4.16169],[117.22852,4.16196],[117.2285,4.16221],[117.22845,4.1624],[117.22849,4.16262],[117.22875,4.16279],[117.22905,4.16302],[117.22932,4.16314],[117.22959,4.16307],[117.22989,4.16302],[117.2302,4.16316],[117.2306,4.16328],[117.23083,4.16347],[117.23115,4.16378],[117.2313,4.16405],[117.23124,4.16434],[117.23099,4.16465],[117.2307,4.16496],[117.23064,4.1653],[117.23074,4.16553],[117.23098,4.16566],[117.23124,4.16566],[117.23159,4.16565],[117.23174,4.16566],[117.23197,4.1657],[117.23221,4.16594],[117.23232,4.1662],[117.23232,4.16659],[117.23217,4.16681],[117.23204,4.1671],[117.23172,4.16754],[117.23148,4.16796],[117.23145,4.16824],[117.23149,4.16855],[117.23139,4.16876],[117.23115,4.16906],[117.23102,4.16916],[117.2307,4.16913],[117.23051,4.16919],[117.23038,4.16932],[117.23026,4.16952],[117.23016,4.16979],[117.22998,4.17007],[117.22978,4.17016],[117.2295,4.17024],[117.22917,4.17022],[117.22896,4.17033],[117.22859,4.1705],[117.22842,4.17041],[117.22801,4.17007],[117.2275,4.16999],[117.22715,4.17003],[117.22709,4.17021],[117.22711,4.17067],[117.22721,4.1711],[117.22753,4.17149],[117.22788,4.17178],[117.22836,4.17211],[117.22844,4.17234],[117.22847,4.1724],[117.22852,4.17253],[117.2286,4.17283],[117.22859,4.17319],[117.22862,4.17354],[117.22863,4.17356],[117.22869,4.17383],[117.22896,4.17412],[117.22916,4.17445],[117.22918,4.17453],[117.22926,4.17482],[117.22938,4.17501],[117.22945,4.17513],[117.22963,4.17529],[117.22986,4.1756],[117.22997,4.17575],[117.23008,4.17591],[117.23045,4.17623],[117.23055,4.1763],[117.23084,4.17651],[117.23132,4.17667],[117.23144,4.17668],[117.23156,4.17668],[117.23185,4.17669],[117.23214,4.17672],[117.23237,4.17682],[117.23261,4.17685],[117.23286,4.17673],[117.23298,4.17678],[117.23308,4.17682],[117.23316,4.17686],[117.2333,4.177],[117.23333,4.17703],[117.23353,4.17716],[117.23388,4.17721],[117.23417,4.17718],[117.23443,4.17729],[117.23457,4.17754],[117.23466,4.17792],[117.23475,4.17803],[117.23478,4.17807],[117.23485,4.17795],[117.23492,4.17776],[117.23502,4.17755],[117.23513,4.1774],[117.2352,4.1773],[117.23536,4.17719],[117.23557,4.17709],[117.23574,4.17697],[117.23588,4.17689],[117.2361,4.17674],[117.23622,4.17658],[117.23639,4.17644],[117.23657,4.17638],[117.2367,4.17636],[117.23695,4.17642],[117.23722,4.17652],[117.23744,4.17657],[117.23772,4.17649],[117.23801,4.17645],[117.23825,4.1764],[117.23851,4.17635],[117.23862,4.17632],[117.23877,4.17626],[117.23891,4.17619],[117.23913,4.17608],[117.23927,4.17605],[117.23942,4.17605],[117.2396,4.1761],[117.23979,4.17614],[117.23991,4.17615],[117.24008,4.17616],[117.24025,4.17619],[117.24042,4.17623],[117.24052,4.17622],[117.24069,4.17625],[117.24095,4.17632],[117.24115,4.17628],[117.24136,4.17613],[117.24158,4.17591],[117.2419,4.17562],[117.24208,4.17543],[117.24233,4.17533],[117.24249,4.17516],[117.24299,4.17472],[117.24336,4.17457],[117.24369,4.1745],[117.24381,4.17455],[117.24394,4.17476],[117.2441,4.17515],[117.24425,4.17554],[117.24442,4.17581],[117.2447,4.1759],[117.24498,4.17578],[117.24524,4.17567],[117.24542,4.17571],[117.24569,4.17584],[117.24585,4.17597],[117.24601,4.17604],[117.24618,4.17603],[117.24636,4.17604],[117.2464,4.17611],[117.24655,4.17624],[117.24671,4.17636],[117.24686,4.17635],[117.24706,4.17632],[117.24727,4.17642],[117.24761,4.17649],[117.24776,4.1765],[117.24792,4.17647],[117.24806,4.17639],[117.24822,4.17625],[117.2484,4.17611],[117.24858,4.17595],[117.2488,4.17574],[117.249,4.17567],[117.24942,4.17545],[117.2496,4.1755],[117.24965,4.1755]]]]},"properties":{"kdprov":"65","kdkab":"04","kdkec":"090","kddesa":"001","kdsls":"0010","idsls":"65040900010010","nmprov":"KALIMANTAN UTARA","nmkab":"NUNUKAN","nmkec":"SEI MENGGARIS","nmdesa":"TABUR LESTARI","nmsls":"RT 010"}},{"type":"Feature","geometry":{"type":"MultiPolygon","coordinates":[[[[117.27571,4.15557],[117.27567,4.15543],[117.27565,4.15506],[117.27567,4.15449],[117.27565,4.15383],[117.27562,4.15299],[117.27562,4.15184],[117.27362,4.1518],[117.27304,4.15184],[117.27211,4.15184],[117.27211,4.15186],[117.27273,4.1548],[117.27259,4.15565],[117.27248,4.15634],[117.27256,4.15641],[117.27282,4.15644],[117.27301,4.15633],[117.27317,4.15616],[117.27326,4.1559],[117.27336,4.15573],[117.27359,4.15556],[117.27404,4.15556],[117.2745,4.15557],[117.27571,4.15557]]]]},"properties":{"kdprov":"65","kdkab":"04","kdkec":"090","kddesa":"003","kdsls":"0001","idsls":"65040900030001","nmprov":"KALIMANTAN UTARA","nmkab":"NUNUKAN","nmkec":"SEI MENGGARIS","nmdesa":"SRI NANTI","nmsls":"RT 001"}},{"type":"Feature","geometry":{"type":"MultiPolygon","coordinates":[[[[117.27259,4.15565],[117.27273,4.1548],[117.27211,4.15186],[117.27198,4.15185],[117.2717,4.15186],[117.27119,4.1519],[117.27023,4.15193],[117.26915,4.15191],[117.26842,4.15195],[117.26803,4.15191],[117.26739,4.15189],[117.26678,4.15192],[117.26562,4.15199],[117.26424,4.152],[117.26417,4.152],[117.26416,4.15223],[117.26418,4.15255],[117.26417,4.15296],[117.26416,4.15392],[117.26421,4.15473],[117.26421,4.15489],[117.26422,4.15489],[117.26793,4.15479],[117.26795,4.15577],[117.26828,4.15576],[117.26844,4.15572],[117.26971,4.1557],[117.27055,4.15562],[117.27259,4.15565]]]]},"properties":{"kdprov":"65","kdkab":"04","kdkec":"090","kddesa":"001","kdsls":"0003","idsls":"65040900010003","nmprov":"KALIMANTAN UTARA","nmkab":"NUNUKAN","nmkec":"SEI MENGGARIS","nmdesa":"TABUR LESTARI","nmsls":"RT 003"}},{"type":"Feature","geometry":{"type":"MultiPolygon","coordinates":[[[[117.25709,4.15256],[117.25709,4.15204],[117.25619,4.15204],[117.25621,4.15257],[117.2562,4.15415],[117.2562,4.15592],[117.25619,4.156],[117.25637,4.15599],[117.25653,4.15599],[117.25672,4.15599],[117.25694,4.15599],[117.25707,4.15598],[117.25714,4.15599],[117.25714,4.15599],[117.25714,4.15574],[117.25714,4.15515],[117.25715,4.15487],[117.26219,4.15489],[117.26216,4.15445],[117.26217,4.15414],[117.26216,4.154],[117.26297,4.15396],[117.26317,4.15395],[117.26341,4.15393],[117.2636,4.15393],[117.26384,4.15393],[117.26416,4.15392],[117.26417,4.15296],[117.26406,4.15295],[117.26213,4.15299],[117.2595,4.15304],[117.2571,4.15305],[117.25708,4.15289],[117.25709,4.15256]]]]},"properties":{"kdprov":"65","kdkab":"04","kdkec":"090","kddesa":"001","kdsls":"0002","idsls":"65040900010002","nmprov":"KALIMANTAN UTARA","nmkab":"NUNUKAN","nmkec":"SEI MENGGARIS","nmdesa":"TABUR LESTARI","nmsls":"RT 002"}},{"type":"Feature","geometry":{"type":"MultiPolygon","coordinates":[[[[117.26421,4.15688],[117.26421,4.15674],[117.26421,4.15645],[117.26422,4.1561],[117.26421,4.15581],[117.26421,4.1552],[117.26421,4.15489],[117.26421,4.15473],[117.26416,4.15392],[117.26384,4.15393],[117.2636,4.15393],[117.26341,4.15393],[117.26317,4.15395],[117.26297,4.15396],[117.26216,4.154],[117.26217,4.15414],[117.26216,4.15445],[117.26219,4.15489],[117.25715,4.15487],[117.25714,4.15515],[117.25714,4.15574],[117.25714,4.15599],[117.25715,4.15608],[117.25715,4.15661],[117.25715,4.15702],[117.26421,4.15688]]]]},"properties":{"kdprov":"65","kdkab":"04","kdkec":"090","kddesa":"001","kdsls":"0004","idsls":"65040900010004","nmprov":"KALIMANTAN UTARA","nmkab":"NUNUKAN","nmkec":"SEI MENGGARIS","nmdesa":"TABUR LESTARI","nmsls":"RT 004"}},{"type":"Feature","geometry":{"type":"MultiPolygon","coordinates":[[[[117.37637,4.15342],[117.37651,4.1532],[117.38662,4.13922],[117.39126,4.13581],[117.39235,4.13532],[117.3955,4.13423],[117.39721,4.1336],[117.39733,4.13355],[117.39911,4.13278],[117.40058,4.13191],[117.40064,4.13188],[117.40139,4.13162],[117.40268,4.13117],[117.4034,4.13062],[117.40495,4.12961],[117.40688,4.12828],[117.40724,4.12803],[117.40891,4.12664],[117.41258,4.12348],[117.41292,4.12307],[117.41412,4.12143],[117.4145,4.12091],[117.41586,4.11767],[117.41845,4.11432],[117.41868,4.11401],[117.41931,4.11291],[117.41942,4.11189],[117.41883,4.11019],[117.41858,4.10979],[117.41802,4.10938],[117.41727,4.10898],[117.41726,4.10897],[117.41611,4.10852],[117.41432,4.10826],[117.41252,4.10763],[117.4109,4.10709],[117.4095,4.10632],[117.40909,4.10609],[117.40729,4.10537],[117.40604,4.1046],[117.40567,4.10437],[117.40405,4.10392],[117.40197,4.10284],[117.40128,4.10249],[117.40107,4.10239],[117.40013,4.10221],[117.39977,4.10218],[117.39949,4.10216],[117.39945,4.10212],[117.39937,4.10203],[117.39828,4.10166],[117.3979,4.10146],[117.39711,4.10103],[117.3953,4.1006],[117.39522,4.10058],[117.39287,4.10022],[117.39142,4.09987],[117.39026,4.09959],[117.3895,4.09948],[117.38828,4.09932],[117.38576,4.09887],[117.38544,4.09873],[117.38473,4.09843],[117.38331,4.09837],[117.38267,4.09835],[117.38257,4.0983],[117.38246,4.09825],[117.38053,4.09805],[117.37858,4.09775],[117.37795,4.09774],[117.37699,4.09778],[117.37647,4.0978],[117.37551,4.09791],[117.37501,4.09799],[117.37442,4.09809],[117.37296,4.09824],[117.37279,4.09828],[117.37275,4.09829],[117.37238,4.09837],[117.37237,4.09837],[117.37237,4.09837],[117.37229,4.0984],[117.37167,4.09855],[117.37095,4.09878],[117.36918,4.09923],[117.36802,4.09955],[117.36783,4.0996],[117.36782,4.0996],[117.36749,4.0997],[117.36729,4.09976],[117.36667,4.09994],[117.36666,4.09994],[117.36512,4.10014],[117.36332,4.10078],[117.36331,4.10078],[117.36328,4.10079],[117.3628,4.10091],[117.36188,4.10114],[117.36165,4.10122],[117.36135,4.10132],[117.36014,4.10175],[117.3601,4.10177],[117.36008,4.10177],[117.36007,4.10178],[117.36007,4.10178],[117.35955,4.10206],[117.35945,4.10211],[117.35873,4.1025],[117.35873,4.1025],[117.35819,4.10367],[117.35765,4.10432],[117.35598,4.10388],[117.3559,4.10421],[117.35569,4.10778],[117.3559,4.11538],[117.35487,4.119],[117.353,4.12231],[117.3498,4.12469],[117.34546,4.125],[117.34111,4.12303],[117.33791,4.12014],[117.33522,4.11848],[117.33305,4.1191],[117.3317,4.11998],[117.33015,4.12143],[117.3286,4.12417],[117.32746,4.12608],[117.32539,4.12712],[117.32384,4.12707],[117.32167,4.12639],[117.31826,4.12557],[117.31772,4.12549],[117.31741,4.12576],[117.31689,4.12627],[117.31666,4.12751],[117.31668,4.12839],[117.31663,4.12914],[117.31583,4.13005],[117.31443,4.13051],[117.30924,4.13134],[117.3088,4.13201],[117.30769,4.13305],[117.30647,4.13359],[117.3051,4.13361],[117.30445,4.13452],[117.3042,4.13524],[117.30438,4.13592],[117.30422,4.13648],[117.3035,4.13669],[117.30298,4.13612],[117.3021,4.13483],[117.30102,4.13426],[117.30086,4.13493],[117.30084,4.13576],[117.30016,4.13584],[117.30006,4.13633],[117.30025,4.13735],[117.29959,4.13743],[117.29939,4.1377],[117.29873,4.1378],[117.29838,4.138],[117.29826,4.13828],[117.29834,4.13869],[117.29866,4.13894],[117.29873,4.13922],[117.29848,4.13946],[117.29839,4.13974],[117.29882,4.14],[117.29937,4.14026],[117.2998,4.14044],[117.30007,4.14061],[117.30031,4.14102],[117.30049,4.14159],[117.30028,4.14195],[117.29994,4.14224],[117.29987,4.14269],[117.29994,4.14321],[117.2999,4.14362],[117.29947,4.14393],[117.29883,4.14446],[117.29848,4.14507],[117.29124,4.14523],[117.29031,4.14522],[117.28944,4.14523],[117.28857,4.14527],[117.28682,4.1453],[117.28683,4.14716],[117.28688,4.14904],[117.28682,4.14917],[117.28665,4.14927],[117.28642,4.14937],[117.28623,4.14939],[117.28611,4.1493],[117.28598,4.14916],[117.28575,4.14912],[117.28563,4.1492],[117.28546,4.14928],[117.28531,4.14948],[117.2852,4.14959],[117.28515,4.14977],[117.28511,4.14996],[117.28496,4.15008],[117.28483,4.15016],[117.28467,4.15023],[117.28453,4.1503],[117.28439,4.1504],[117.28429,4.15054],[117.28417,4.15062],[117.2841,4.15073],[117.28409,4.15088],[117.28403,4.15121],[117.28391,4.15145],[117.28378,4.15153],[117.28355,4.15166],[117.28339,4.15173],[117.28331,4.15181],[117.28316,4.15181],[117.2829,4.1518],[117.28236,4.15179],[117.28125,4.1518],[117.28072,4.15179],[117.28042,4.15179],[117.28036,4.1518],[117.28035,4.15197],[117.28035,4.15243],[117.28035,4.15302],[117.28035,4.15366],[117.28059,4.15368],[117.28134,4.15368],[117.28237,4.15368],[117.28281,4.15369],[117.28293,4.15336],[117.28405,4.15337],[117.2852,4.15338],[117.28612,4.1534],[117.29726,4.15279],[117.29836,4.15291],[117.29906,4.15319],[117.3003,4.15394],[117.30069,4.15412],[117.30071,4.15248],[117.30123,4.15058],[117.30185,4.1495],[117.30266,4.1492],[117.30407,4.14952],[117.30511,4.14969],[117.30623,4.14939],[117.30741,4.14882],[117.30795,4.14846],[117.30897,4.14825],[117.30972,4.14812],[117.31043,4.14798],[117.31094,4.14796],[117.31191,4.14765],[117.31259,4.14728],[117.31307,4.14682],[117.31342,4.14624],[117.31378,4.14563],[117.31401,4.14493],[117.31461,4.14418],[117.31506,4.14369],[117.31545,4.14342],[117.31607,4.14334],[117.31716,4.14306],[117.31842,4.1428],[117.31981,4.14236],[117.32071,4.14211],[117.32168,4.142],[117.32265,4.1422],[117.32343,4.14241],[117.32427,4.14277],[117.3248,4.14306],[117.32564,4.14324],[117.32659,4.14334],[117.32773,4.14302],[117.32876,4.14255],[117.32977,4.14202],[117.33068,4.14158],[117.33196,4.14125],[117.33287,4.14109],[117.33388,4.14134],[117.3345,4.14205],[117.33509,4.14294],[117.33509,4.1442],[117.33449,4.14557],[117.33365,4.14696],[117.33298,4.148],[117.33216,4.14935],[117.33156,4.15039],[117.33148,4.15138],[117.33171,4.15292],[117.33212,4.15401],[117.33277,4.15508],[117.334,4.15579],[117.33497,4.15614],[117.3358,4.15602],[117.33647,4.1554],[117.33709,4.15468],[117.33763,4.15349],[117.33815,4.1523],[117.33869,4.15106],[117.33929,4.14979],[117.33975,4.14912],[117.3404,4.14822],[117.34156,4.14695],[117.34293,4.14547],[117.34406,4.14469],[117.34457,4.14436],[117.34499,4.14419],[117.34515,4.1442],[117.34552,4.14409],[117.34592,4.14391],[117.34636,4.14375],[117.34683,4.1435],[117.34713,4.14328],[117.34768,4.14294],[117.3483,4.14268],[117.34905,4.1424],[117.34971,4.14211],[117.3508,4.14166],[117.35139,4.14127],[117.35194,4.14099],[117.35275,4.14074],[117.3538,4.14033],[117.35469,4.14019],[117.35559,4.14014],[117.35664,4.14024],[117.35805,4.14067],[117.35892,4.14098],[117.35985,4.14156],[117.36056,4.14218],[117.36084,4.14277],[117.36114,4.14334],[117.36154,4.14405],[117.36195,4.14474],[117.36282,4.14637],[117.36376,4.148],[117.3644,4.14901],[117.3676,4.15152],[117.37319,4.15007],[117.37504,4.15136],[117.37535,4.15173],[117.37537,4.15193],[117.37544,4.15211],[117.37564,4.15214],[117.3759,4.15222],[117.37606,4.1524],[117.37614,4.15268],[117.37619,4.15285],[117.37615,4.15312],[117.37632,4.15332],[117.37637,4.15342]]]]},"properties":{"kdprov":"65","kdkab":"04","kdkec":"090","kddesa":"003","kdsls":"0009","idsls":"65040900030009","nmprov":"KALIMANTAN UTARA","nmkab":"NUNUKAN","nmkec":"SEI MENGGARIS","nmdesa":"SRI NANTI","nmsls":"RT 009"}},{"type":"Feature","geometry":{"type":"MultiPolygon","coordinates":[[[[117.26795,4.15577],[117.26793,4.15479],[117.26422,4.15489],[117.26421,4.15489],[117.26421,4.1552],[117.26421,4.15581],[117.26422,4.1561],[117.26421,4.15645],[117.26421,4.15674],[117.26421,4.15688],[117.26677,4.15693],[117.26796,4.15692],[117.26796,4.15665],[117.26795,4.1564],[117.26795,4.1562],[117.26795,4.15592],[117.26795,4.15577]]]]},"properties":{"kdprov":"65","kdkab":"04","kdkec":"090","kddesa":"001","kdsls":"0005","idsls":"65040900010005","nmprov":"KALIMANTAN UTARA","nmkab":"NUNUKAN","nmkec":"SEI MENGGARIS","nmdesa":"TABUR LESTARI","nmsls":"RT 005"}},{"type":"Feature","geometry":{"type":"MultiPolygon","coordinates":[[[[117.28034,4.15924],[117.28035,4.15824],[117.28035,4.15698],[117.28035,4.15629],[117.27853,4.1563],[117.27662,4.15632],[117.2766,4.15599],[117.27661,4.15556],[117.27646,4.15556],[117.27571,4.15557],[117.27573,4.1564],[117.27577,4.15744],[117.27575,4.15897],[117.27575,4.15949],[117.27785,4.15948],[117.27869,4.15946],[117.2793,4.15945],[117.27992,4.15946],[117.28034,4.15944],[117.28034,4.15924]]]]},"properties":{"kdprov":"65","kdkab":"04","kdkec":"090","kddesa":"003","kdsls":"0006","idsls":"65040900030006","nmprov":"KALIMANTAN UTARA","nmkab":"NUNUKAN","nmkec":"SEI MENGGARIS","nmdesa":"SRI NANTI","nmsls":"RT 006"}},{"type":"Feature","geometry":{"type":"MultiPolygon","coordinates":[[[[117.2757,4.16548],[117.27572,4.16492],[117.27571,4.16296],[117.27575,4.16057],[117.27575,4.15985],[117.27575,4.15949],[117.27575,4.15897],[117.27577,4.15744],[117.27573,4.1564],[117.27571,4.15557],[117.2745,4.15557],[117.27404,4.15556],[117.27359,4.15556],[117.27336,4.15573],[117.27326,4.1559],[117.27317,4.15616],[117.27301,4.15633],[117.27282,4.15644],[117.27256,4.15641],[117.27248,4.15634],[117.27231,4.15736],[117.27188,4.16018],[117.27172,4.16123],[117.27017,4.16509],[117.26942,4.16663],[117.2695,4.16665],[117.26965,4.16664],[117.26982,4.16658],[117.26995,4.1664],[117.27012,4.16615],[117.27029,4.16594],[117.2705,4.1658],[117.27078,4.1657],[117.27109,4.1657],[117.27142,4.16572],[117.2716,4.16592],[117.27172,4.16618],[117.27197,4.16611],[117.27233,4.16596],[117.27267,4.16577],[117.27287,4.1656],[117.27299,4.16548],[117.2732,4.16543],[117.27351,4.16541],[117.274,4.16541],[117.27446,4.16538],[117.27481,4.16529],[117.27494,4.16534],[117.27532,4.16534],[117.27549,4.16535],[117.27562,4.16544],[117.2757,4.16548]]]]},"properties":{"kdprov":"65","kdkab":"04","kdkec":"090","kddesa":"003","kdsls":"0002","idsls":"65040900030002","nmprov":"KALIMANTAN UTARA","nmkab":"NUNUKAN","nmkec":"SEI MENGGARIS","nmdesa":"SRI NANTI","nmsls":"RT 002"}},{"type":"Feature","geometry":{"type":"MultiPolygon","coordinates":[[[[117.4119,4.20143],[117.41183,4.20133],[117.41176,4.2012],[117.41152,4.20118],[117.41136,4.20101],[117.4113,4.20082],[117.41132,4.20072],[117.41132,4.20064],[117.41137,4.20049],[117.41135,4.20025],[117.41135,4.19995],[117.4115,4.19972],[117.41163,4.19938],[117.41166,4.19889],[117.41151,4.19855],[117.41109,4.19798],[117.41123,4.19713],[117.41156,4.19628],[117.41149,4.19546],[117.41142,4.19457],[117.41106,4.19504],[117.41088,4.19482],[117.41086,4.19372],[117.41099,4.19322],[117.41139,4.19243],[117.4118,4.19209],[117.41247,4.19188],[117.4121,4.19141],[117.41259,4.19053],[117.4133,4.18927],[117.4134,4.18861],[117.41366,4.188],[117.41399,4.18794],[117.4141,4.18834],[117.41464,4.18852],[117.41485,4.18823],[117.41478,4.18777],[117.41451,4.18743],[117.41407,4.18712],[117.41373,4.18663],[117.41509,4.18616],[117.41553,4.18572],[117.41566,4.18563],[117.41617,4.18573],[117.41685,4.18572],[117.41714,4.18548],[117.41758,4.18552],[117.41802,4.18527],[117.41776,4.1848],[117.41724,4.18453],[117.41682,4.18443],[117.41637,4.18469],[117.4158,4.18459],[117.41565,4.18409],[117.41528,4.18374],[117.41477,4.18341],[117.4145,4.18292],[117.4145,4.18211],[117.41497,4.18187],[117.41523,4.18143],[117.41505,4.18102],[117.41499,4.18047],[117.41448,4.17996],[117.41432,4.17986],[117.41415,4.17948],[117.41422,4.17915],[117.41448,4.17897],[117.4147,4.17871],[117.41452,4.17843],[117.41421,4.17829],[117.41375,4.17812],[117.41347,4.17801],[117.41335,4.17774],[117.4133,4.17723],[117.41356,4.17689],[117.41389,4.17676],[117.41422,4.17674],[117.41474,4.17688],[117.41531,4.1769],[117.41575,4.17676],[117.41599,4.1764],[117.41622,4.17562],[117.4167,4.17497],[117.41807,4.17412],[117.41886,4.17242],[117.4196,4.17012],[117.41906,4.16755],[117.41727,4.165],[117.41494,4.16242],[117.41324,4.161],[117.41233,4.15956],[117.41244,4.15684],[117.41386,4.15571],[117.41662,4.15599],[117.41935,4.15625],[117.42216,4.15523],[117.42346,4.1544],[117.42434,4.1522],[117.42352,4.1495],[117.42145,4.14747],[117.41898,4.14616],[117.41608,4.14554],[117.41358,4.14427],[117.41224,4.14313],[117.41122,4.14528],[117.41104,4.1451],[117.41035,4.14545],[117.40944,4.14584],[117.40853,4.14624],[117.40779,4.14632],[117.40727,4.14645],[117.4064,4.14663],[117.40577,4.14667],[117.40567,4.14667],[117.40467,4.14676],[117.40367,4.1468],[117.40203,4.14637],[117.40038,4.1462],[117.39925,4.14594],[117.39834,4.14581],[117.39713,4.14581],[117.39617,4.14585],[117.39534,4.14592],[117.3948,4.14537],[117.39126,4.13581],[117.38662,4.13922],[117.37651,4.1532],[117.37637,4.15342],[117.37092,4.1626],[117.37135,4.16288],[117.37181,4.1632],[117.3721,4.16361],[117.37266,4.164],[117.3732,4.16444],[117.37358,4.16481],[117.37411,4.16519],[117.37457,4.16547],[117.37501,4.16587],[117.3754,4.16645],[117.37583,4.16712],[117.376,4.16773],[117.37609,4.16838],[117.3761,4.16902],[117.37602,4.16968],[117.37616,4.17034],[117.37605,4.17103],[117.37579,4.17171],[117.37583,4.17218],[117.37588,4.17282],[117.37595,4.17341],[117.37612,4.17402],[117.37634,4.17448],[117.37673,4.1751],[117.37707,4.17574],[117.37741,4.17627],[117.37755,4.1766],[117.37737,4.17695],[117.37708,4.17734],[117.37676,4.17763],[117.37894,4.17989],[117.38292,4.18479],[117.38695,4.18745],[117.39134,4.19003],[117.39193,4.19024],[117.3922,4.19024],[117.39256,4.1903],[117.39248,4.19046],[117.39247,4.19056],[117.3924,4.19074],[117.39229,4.19099],[117.39222,4.1911],[117.39211,4.19132],[117.39202,4.19153],[117.39191,4.19169],[117.39183,4.19184],[117.39177,4.19204],[117.39172,4.19218],[117.39167,4.19229],[117.3916,4.19246],[117.39153,4.19265],[117.39148,4.19281],[117.39143,4.19298],[117.39135,4.19317],[117.3913,4.19329],[117.39121,4.19345],[117.3911,4.19357],[117.39097,4.19375],[117.39079,4.19396],[117.39061,4.19418],[117.39045,4.19434],[117.39033,4.19449],[117.39019,4.19471],[117.39008,4.19491],[117.38999,4.19512],[117.38991,4.1953],[117.38983,4.19551],[117.38976,4.19574],[117.38969,4.19596],[117.38963,4.1962],[117.38959,4.19634],[117.38955,4.19657],[117.38951,4.19675],[117.38948,4.19688],[117.38945,4.19711],[117.38943,4.1973],[117.38943,4.19741],[117.38943,4.19764],[117.38948,4.19783],[117.38952,4.19807],[117.38956,4.19823],[117.38962,4.19849],[117.38966,4.19865],[117.38968,4.19882],[117.38968,4.19897],[117.38967,4.19908],[117.38964,4.19922],[117.3896,4.19936],[117.38956,4.19949],[117.38952,4.19963],[117.38951,4.1998],[117.38949,4.2],[117.38948,4.20014],[117.38947,4.20031],[117.38947,4.20045],[117.38951,4.20061],[117.38956,4.20076],[117.38969,4.20102],[117.38983,4.20121],[117.38998,4.20141],[117.39026,4.20165],[117.39044,4.20177],[117.39054,4.20175],[117.39073,4.20181],[117.39107,4.20186],[117.39133,4.20191],[117.39172,4.20198],[117.39212,4.20209],[117.39237,4.20218],[117.39274,4.20241],[117.39298,4.2026],[117.39315,4.20283],[117.39337,4.20318],[117.39354,4.20353],[117.39384,4.20409],[117.39399,4.2043],[117.3941,4.20448],[117.3943,4.20475],[117.39456,4.20495],[117.39479,4.20518],[117.39497,4.20533],[117.39516,4.20539],[117.39531,4.20496],[117.39544,4.20474],[117.39562,4.20436],[117.39574,4.20417],[117.39591,4.204],[117.39618,4.20386],[117.39646,4.20377],[117.39674,4.20375],[117.39712,4.20378],[117.39739,4.20382],[117.39771,4.2038],[117.39796,4.20377],[117.39829,4.20368],[117.39854,4.20356],[117.39877,4.20342],[117.39906,4.20327],[117.39935,4.20311],[117.39952,4.20297],[117.39969,4.20278],[117.39986,4.20252],[117.40003,4.20221],[117.40017,4.20204],[117.40033,4.20196],[117.40046,4.20194],[117.40059,4.20196],[117.40081,4.20203],[117.40102,4.20215],[117.40139,4.20234],[117.40169,4.20246],[117.40201,4.20258],[117.40245,4.20277],[117.40285,4.20296],[117.40321,4.20316],[117.40368,4.20341],[117.40418,4.20368],[117.40448,4.20384],[117.40481,4.20398],[117.4051,4.20402],[117.40534,4.20399],[117.40562,4.20391],[117.40602,4.20379],[117.40637,4.20364],[117.40663,4.20354],[117.40687,4.20345],[117.40708,4.20336],[117.40738,4.20327],[117.4077,4.20318],[117.40789,4.20312],[117.40816,4.20303],[117.40846,4.20291],[117.40878,4.20279],[117.40914,4.20264],[117.40952,4.20246],[117.40994,4.20223],[117.41034,4.202],[117.41064,4.20187],[117.41109,4.2017],[117.41136,4.20161],[117.41157,4.20153],[117.41182,4.20145],[117.4119,4.20143]]]]},"properties":{"kdprov":"65","kdkab":"04","kdkec":"090","kddesa":"004","kdsls":"0004","idsls":"65040900040004","nmprov":"KALIMANTAN UTARA","nmkab":"NUNUKAN","nmkec":"SEI MENGGARIS","nmdesa":"SEKADUYAN TAKA","nmsls":"RT 004"}},{"type":"Feature","geometry":{"type":"MultiPolygon","coordinates":[[[[117.26942,4.16663],[117.27017,4.16509],[117.27172,4.16123],[117.27188,4.16018],[117.27231,4.15736],[117.27248,4.15634],[117.27259,4.15565],[117.27055,4.15562],[117.26971,4.1557],[117.26844,4.15572],[117.26828,4.15576],[117.26795,4.15577],[117.26795,4.15592],[117.26795,4.1562],[117.26795,4.1564],[117.26796,4.15665],[117.26796,4.15692],[117.26677,4.15693],[117.26421,4.15688],[117.26417,4.15799],[117.26422,4.15876],[117.26434,4.16084],[117.26427,4.16173],[117.2643,4.16205],[117.26443,4.16233],[117.26474,4.16246],[117.265,4.16269],[117.26536,4.16308],[117.26575,4.16339],[117.26621,4.16366],[117.26646,4.16393],[117.26666,4.16418],[117.26672,4.16441],[117.26688,4.16462],[117.26712,4.16497],[117.26736,4.16519],[117.26765,4.16547],[117.26792,4.16564],[117.26811,4.1659],[117.26838,4.16613],[117.26862,4.16632],[117.26885,4.16649],[117.26915,4.16662],[117.2694,4.16665],[117.26941,4.16665],[117.26942,4.16663]]]]},"properties":{"kdprov":"65","kdkab":"04","kdkec":"090","kddesa":"001","kdsls":"0007","idsls":"65040900010007","nmprov":"KALIMANTAN UTARA","nmkab":"NUNUKAN","nmkec":"SEI MENGGARIS","nmdesa":"TABUR LESTARI","nmsls":"RT 007"}},{"type":"Feature","geometry":{"type":"MultiPolygon","coordinates":[[[[117.26417,4.15799],[117.26421,4.15688],[117.25715,4.15702],[117.25722,4.15896],[117.26228,4.15894],[117.26228,4.1579],[117.2632,4.1579],[117.26408,4.15791],[117.26417,4.15799]]]]},"properties":{"kdprov":"65","kdkab":"04","kdkec":"090","kddesa":"001","kdsls":"0006","idsls":"65040900010006","nmprov":"KALIMANTAN UTARA","nmkab":"NUNUKAN","nmkec":"SEI MENGGARIS","nmdesa":"TABUR LESTARI","nmsls":"RT 006"}},{"type":"Feature","geometry":{"type":"MultiPolygon","coordinates":[[[[117.22836,4.17211],[117.22788,4.17178],[117.22753,4.17149],[117.22721,4.1711],[117.22711,4.17067],[117.22709,4.17021],[117.22715,4.17003],[117.2275,4.16999],[117.22801,4.17007],[117.22842,4.17041],[117.22859,4.1705],[117.22896,4.17033],[117.22917,4.17022],[117.2295,4.17024],[117.22978,4.17016],[117.22998,4.17007],[117.23016,4.16979],[117.23026,4.16952],[117.23038,4.16932],[117.23051,4.16919],[117.2307,4.16913],[117.23102,4.16916],[117.23115,4.16906],[117.23139,4.16876],[117.23149,4.16855],[117.23145,4.16824],[117.23148,4.16796],[117.23172,4.16754],[117.23204,4.1671],[117.23217,4.16681],[117.23232,4.16659],[117.23232,4.1662],[117.23221,4.16594],[117.23197,4.1657],[117.23174,4.16566],[117.23159,4.16565],[117.23124,4.16566],[117.23098,4.16566],[117.23074,4.16553],[117.23064,4.1653],[117.2307,4.16496],[117.23099,4.16465],[117.23124,4.16434],[117.2313,4.16405],[117.23115,4.16378],[117.23083,4.16347],[117.2306,4.16328],[117.2302,4.16316],[117.22989,4.16302],[117.22959,4.16307],[117.22932,4.16314],[117.22905,4.16302],[117.22875,4.16279],[117.22849,4.16262],[117.22845,4.1624],[117.2285,4.16221],[117.22852,4.16196],[117.22852,4.16169],[117.22844,4.1614],[117.22827,4.1612],[117.22814,4.16094],[117.22808,4.16067],[117.22792,4.16034],[117.22797,4.16],[117.22819,4.15984],[117.22847,4.15967],[117.2287,4.1596],[117.22903,4.15955],[117.22922,4.1594],[117.22938,4.15921],[117.22947,4.159],[117.2295,4.15871],[117.22958,4.15852],[117.22971,4.15832],[117.22969,4.15811],[117.22967,4.15791],[117.22952,4.15782],[117.22929,4.15779],[117.22913,4.15775],[117.22907,4.1576],[117.22894,4.15733],[117.2289,4.157],[117.22881,4.15663],[117.22876,4.15647],[117.22862,4.15647],[117.22841,4.15652],[117.22822,4.15649],[117.228,4.15629],[117.22788,4.1561],[117.22776,4.15585],[117.22763,4.15566],[117.22748,4.15545],[117.22728,4.15523],[117.22711,4.15519],[117.22666,4.15526],[117.22642,4.15523],[117.22627,4.15503],[117.22622,4.15494],[117.226,4.15493],[117.22567,4.15488],[117.22543,4.15488],[117.22516,4.15492],[117.22497,4.15489],[117.22471,4.15468],[117.22452,4.15448],[117.22422,4.15422],[117.2239,4.15393],[117.22352,4.15352],[117.22313,4.15299],[117.22294,4.15269],[117.22268,4.15256],[117.22236,4.15263],[117.22207,4.15256],[117.22181,4.15238],[117.22162,4.15221],[117.22145,4.15211],[117.2213,4.15212],[117.221,4.15232],[117.22061,4.15258],[117.22043,4.15274],[117.22015,4.15273],[117.21989,4.15263],[117.21958,4.15261],[117.2194,4.15273],[117.2192,4.15281],[117.21901,4.15265],[117.21894,4.15263],[117.21867,4.1527],[117.21854,4.15278],[117.21848,4.15325],[117.21838,4.15369],[117.21814,4.15389],[117.21792,4.15402],[117.21777,4.154],[117.21767,4.15378],[117.21755,4.15367],[117.21735,4.15365],[117.2172,4.15351],[117.21714,4.15335],[117.21728,4.15318],[117.21729,4.15303],[117.21707,4.153],[117.21668,4.15305],[117.21631,4.15205],[117.21646,4.15152],[117.21637,4.15115],[117.21628,4.15091],[117.2162,4.15064],[117.21615,4.15055],[117.21557,4.15064],[117.21511,4.15066],[117.21449,4.15042],[117.21384,4.15],[117.21368,4.14959],[117.21368,4.14879],[117.21332,4.14832],[117.21286,4.14788],[117.21278,4.14726],[117.21278,4.14667],[117.2126,4.14628],[117.21229,4.14615],[117.21118,4.14607],[117.21071,4.14589],[117.21032,4.14543],[117.21012,4.14486],[117.20939,4.14481],[117.20925,4.14475],[117.20891,4.14454],[117.20876,4.14426],[117.20893,4.14372],[117.20803,4.14391],[117.20744,4.14419],[117.20703,4.14443],[117.20615,4.14411],[117.20566,4.14409],[117.20516,4.14427],[117.20467,4.14427],[117.20434,4.14378],[117.2039,4.14342],[117.20338,4.14331],[117.20258,4.14313],[117.20155,4.14295],[117.20064,4.14262],[117.19976,4.14251],[117.19914,4.14267],[117.19842,4.14321],[117.19795,4.14365],[117.19759,4.14383],[117.1964,4.14378],[117.19542,4.1438],[117.19506,4.14388],[117.19459,4.14417],[117.19433,4.14463],[117.19407,4.14541],[117.19363,4.14592],[117.1933,4.14626],[117.1926,4.14649],[117.19185,4.14649],[117.19159,4.14605],[117.19154,4.14541],[117.19146,4.14471],[117.19149,4.14419],[117.19128,4.14383],[117.19089,4.14355],[117.19043,4.14329],[117.19001,4.14311],[117.18945,4.143],[117.18883,4.14318],[117.1881,4.14362],[117.18779,4.14419],[117.18743,4.14525],[117.1872,4.14616],[117.18694,4.1468],[117.18663,4.14714],[117.18632,4.14737],[117.18544,4.1475],[117.18471,4.14758],[117.18412,4.1475],[117.18345,4.14748],[117.18314,4.14748],[117.183,4.14736],[117.183,4.15142],[117.18257,4.15175],[117.18216,4.15225],[117.18173,4.15279],[117.18117,4.15345],[117.18086,4.15417],[117.18063,4.15481],[117.18051,4.15526],[117.18051,4.15573],[117.18046,4.1563],[117.18039,4.15684],[117.18015,4.15731],[117.17958,4.15772],[117.1785,4.1582],[117.17819,4.15856],[117.17805,4.15915],[117.17812,4.15964],[117.17812,4.16016],[117.17754,4.16142],[117.17746,4.16168],[117.1774,4.16187],[117.17704,4.1621],[117.17677,4.1625],[117.17641,4.16296],[117.17609,4.16336],[117.17469,4.16476],[117.17401,4.16571],[117.17422,4.16603],[117.17468,4.16616],[117.17528,4.16626],[117.17567,4.16652],[117.17595,4.16703],[117.17634,4.16742],[117.17686,4.1675],[117.17753,4.1675],[117.17802,4.16768],[117.17859,4.16802],[117.17921,4.16856],[117.1796,4.16918],[117.18011,4.17003],[117.18045,4.17078],[117.18063,4.1713],[117.18112,4.17169],[117.1819,4.17195],[117.18249,4.17231],[117.18301,4.17246],[117.18342,4.17275],[117.18394,4.17293],[117.18433,4.17316],[117.18464,4.17352],[117.18508,4.17409],[117.18536,4.17456],[117.18559,4.17489],[117.18596,4.17515],[117.18632,4.17554],[117.1865,4.17608],[117.18658,4.17642],[117.18658,4.17694],[117.1864,4.17748],[117.18637,4.17784],[117.18652,4.17805],[117.18671,4.17851],[117.18671,4.17895],[117.1865,4.17931],[117.18637,4.17996],[117.18645,4.18043],[117.18647,4.18105],[117.18637,4.18156],[117.18668,4.1819],[117.18699,4.18198],[117.18738,4.182],[117.18769,4.18185],[117.18795,4.18167],[117.18833,4.18133],[117.18867,4.18131],[117.18885,4.18146],[117.18926,4.18174],[117.18983,4.18203],[117.19032,4.18229],[117.19058,4.18234],[117.19087,4.18247],[117.19133,4.18273],[117.19154,4.18296],[117.19167,4.18348],[117.19167,4.1842],[117.19151,4.18454],[117.19149,4.1848],[117.19159,4.185],[117.1919,4.18524],[117.19224,4.18557],[117.19265,4.18567],[117.19309,4.18555],[117.19366,4.18539],[117.19405,4.18544],[117.19436,4.18555],[117.19444,4.18544],[117.19462,4.18503],[117.19488,4.18467],[117.19513,4.18436],[117.1955,4.18415],[117.19586,4.18379],[117.19606,4.18324],[117.19614,4.18275],[117.19637,4.18257],[117.19665,4.18262],[117.1969,4.1826],[117.19711,4.18248],[117.19729,4.18234],[117.19755,4.18213],[117.19768,4.1819],[117.19785,4.18171],[117.19812,4.18155],[117.19822,4.18133],[117.19821,4.18089],[117.19813,4.1804],[117.19818,4.18004],[117.19837,4.17983],[117.19865,4.17977],[117.19893,4.17987],[117.19917,4.18005],[117.19953,4.18018],[117.19986,4.18015],[117.19986,4.17984],[117.20005,4.17948],[117.2003,4.17935],[117.20061,4.17938],[117.20081,4.17921],[117.20105,4.17899],[117.20129,4.17873],[117.20157,4.17858],[117.20196,4.17851],[117.20226,4.17837],[117.20294,4.17829],[117.20338,4.17815],[117.20372,4.17798],[117.20404,4.17757],[117.20422,4.17704],[117.20381,4.17681],[117.2035,4.17648],[117.20363,4.17628],[117.20382,4.17611],[117.20407,4.17593],[117.20429,4.17581],[117.2044,4.17589],[117.20448,4.17604],[117.20445,4.1763],[117.20461,4.17641],[117.20489,4.17634],[117.20515,4.17626],[117.20511,4.17608],[117.20492,4.17598],[117.20482,4.17562],[117.20452,4.17528],[117.20447,4.17509],[117.20438,4.17479],[117.20442,4.17445],[117.20461,4.17416],[117.20478,4.17396],[117.20498,4.17386],[117.20538,4.17395],[117.20522,4.17369],[117.20511,4.17339],[117.20518,4.17314],[117.205,4.17273],[117.20514,4.17253],[117.2054,4.17257],[117.20572,4.1727],[117.20621,4.17292],[117.20669,4.17292],[117.20723,4.17289],[117.20749,4.17294],[117.20788,4.17316],[117.20815,4.1733],[117.20847,4.17326],[117.20893,4.17332],[117.20933,4.17341],[117.20939,4.17316],[117.20952,4.1731],[117.21061,4.17315],[117.21121,4.17315],[117.21208,4.17321],[117.21262,4.17323],[117.21284,4.17334],[117.21315,4.17355],[117.21358,4.17369],[117.21398,4.17378],[117.21424,4.17382],[117.21474,4.17398],[117.21531,4.17409],[117.21576,4.17412],[117.2161,4.17405],[117.21631,4.17411],[117.2167,4.17427],[117.21701,4.17443],[117.21739,4.17438],[117.2177,4.17425],[117.2181,4.17416],[117.21839,4.17404],[117.21911,4.17355],[117.2196,4.17303],[117.21999,4.17246],[117.22053,4.17208],[117.22085,4.17195],[117.22106,4.17171],[117.2214,4.1716],[117.22189,4.1716],[117.22241,4.17165],[117.22316,4.17162],[117.22378,4.17152],[117.2245,4.17152],[117.22549,4.17144],[117.2259,4.17144],[117.22626,4.17162],[117.22678,4.17183],[117.22727,4.17199],[117.22794,4.17204],[117.22836,4.17211]]]]},"properties":{"kdprov":"65","kdkab":"04","kdkec":"090","kddesa":"001","kdsls":"0016","idsls":"65040900010016","nmprov":"KALIMANTAN UTARA","nmkab":"NUNUKAN","nmkec":"SEI MENGGARIS","nmdesa":"TABUR LESTARI","nmsls":"RT 016"}},{"type":"Feature","geometry":{"type":"MultiPolygon","coordinates":[[[[117.26941,4.16665],[117.2694,4.16665],[117.26915,4.16662],[117.26885,4.16649],[117.26862,4.16632],[117.26838,4.16613],[117.26811,4.1659],[117.26792,4.16564],[117.26765,4.16547],[117.26736,4.16519],[117.26712,4.16497],[117.26688,4.16462],[117.26672,4.16441],[117.26666,4.16418],[117.26646,4.16393],[117.26621,4.16366],[117.26575,4.16339],[117.26536,4.16308],[117.265,4.16269],[117.26474,4.16246],[117.26443,4.16233],[117.2643,4.16205],[117.26427,4.16173],[117.26434,4.16084],[117.26422,4.15876],[117.26417,4.15799],[117.26408,4.15791],[117.2632,4.1579],[117.26228,4.1579],[117.26228,4.15894],[117.25722,4.15896],[117.25726,4.15994],[117.25637,4.15993],[117.25565,4.15987],[117.25472,4.15985],[117.25446,4.15979],[117.2539,4.15976],[117.25316,4.15978],[117.2528,4.15976],[117.25245,4.15976],[117.2511,4.15983],[117.25024,4.15978],[117.24975,4.15983],[117.2497,4.1608],[117.24971,4.16113],[117.24973,4.16197],[117.24973,4.16289],[117.24971,4.16382],[117.24973,4.16474],[117.2497,4.16546],[117.24965,4.16581],[117.24964,4.16609],[117.24964,4.16638],[117.24961,4.16678],[117.24959,4.16724],[117.24962,4.16773],[117.24962,4.16828],[117.24958,4.16864],[117.24958,4.16909],[117.24957,4.16948],[117.24955,4.16986],[117.24958,4.17015],[117.2496,4.17044],[117.24961,4.17076],[117.24958,4.17089],[117.24964,4.17119],[117.24965,4.17141],[117.24964,4.17153],[117.24965,4.17171],[117.24962,4.17221],[117.24964,4.17256],[117.24963,4.17295],[117.24965,4.17329],[117.24968,4.17363],[117.24971,4.174],[117.24969,4.17437],[117.24966,4.17469],[117.24967,4.175],[117.24963,4.17519],[117.24965,4.17531],[117.24965,4.17544],[117.24965,4.1755],[117.24972,4.17551],[117.25001,4.17554],[117.25045,4.17564],[117.25091,4.17571],[117.25145,4.17577],[117.2519,4.1758],[117.25229,4.17576],[117.25271,4.17571],[117.25335,4.17563],[117.25413,4.17552],[117.25501,4.17554],[117.2561,4.17547],[117.2572,4.17542],[117.25747,4.17538],[117.25738,4.17521],[117.25702,4.17265],[117.25928,4.17116],[117.26172,4.17086],[117.26357,4.17122],[117.26684,4.17051],[117.26856,4.16837],[117.26941,4.16665]]]]},"properties":{"kdprov":"65","kdkab":"04","kdkec":"090","kddesa":"001","kdsls":"0008","idsls":"65040900010008","nmprov":"KALIMANTAN UTARA","nmkab":"NUNUKAN","nmkec":"SEI MENGGARIS","nmdesa":"TABUR LESTARI","nmsls":"RT 008"}},{"type":"Feature","geometry":{"type":"MultiPolygon","coordinates":[[[[117.30718,4.17355],[117.30676,4.17219],[117.30518,4.16909],[117.30464,4.16714],[117.30343,4.16386],[117.30306,4.16206],[117.30107,4.16064],[117.29881,4.16046],[117.29654,4.16055],[117.29457,4.16086],[117.29427,4.16085],[117.29363,4.16077],[117.29313,4.16066],[117.29264,4.16046],[117.29239,4.16032],[117.29218,4.16032],[117.29168,4.16061],[117.29145,4.16069],[117.29131,4.16063],[117.29103,4.16042],[117.29066,4.15996],[117.29046,4.1599],[117.29031,4.15976],[117.29019,4.15959],[117.29004,4.15952],[117.28989,4.15946],[117.28967,4.15942],[117.28942,4.1594],[117.28921,4.1594],[117.28885,4.15939],[117.28834,4.15939],[117.28795,4.15939],[117.28773,4.15939],[117.28741,4.15936],[117.28701,4.15936],[117.2864,4.15933],[117.28604,4.15931],[117.28591,4.15935],[117.2857,4.15936],[117.28538,4.15936],[117.28495,4.15935],[117.28455,4.15935],[117.28336,4.15934],[117.28299,4.15933],[117.28258,4.15932],[117.2822,4.1593],[117.28181,4.15929],[117.28143,4.15927],[117.28092,4.15924],[117.28057,4.15924],[117.28034,4.15924],[117.28034,4.15944],[117.27992,4.15946],[117.2793,4.15945],[117.27869,4.15946],[117.27785,4.15948],[117.27575,4.15949],[117.27575,4.15985],[117.27575,4.16057],[117.27571,4.16296],[117.27572,4.16492],[117.2757,4.16548],[117.2758,4.16552],[117.27599,4.16556],[117.27618,4.1656],[117.27643,4.16575],[117.27668,4.16589],[117.2769,4.16598],[117.2772,4.16609],[117.2775,4.16622],[117.2778,4.16639],[117.27812,4.16656],[117.27831,4.16661],[117.27901,4.16684],[117.27974,4.16706],[117.28036,4.16723],[117.28087,4.16739],[117.28161,4.16713],[117.28237,4.16715],[117.28302,4.16725],[117.28359,4.16729],[117.28382,4.1673],[117.28402,4.16735],[117.28414,4.16742],[117.28414,4.16778],[117.28428,4.16827],[117.28444,4.16859],[117.28508,4.16914],[117.28583,4.16986],[117.28658,4.17056],[117.28762,4.17132],[117.28893,4.17231],[117.28976,4.17336],[117.29088,4.17452],[117.29246,4.17524],[117.29288,4.17557],[117.29314,4.17584],[117.29316,4.17628],[117.29306,4.1765],[117.29282,4.17682],[117.29288,4.17696],[117.29302,4.17706],[117.29296,4.17726],[117.29301,4.1774],[117.29399,4.17855],[117.29399,4.17877],[117.29395,4.17913],[117.29395,4.17942],[117.29396,4.17968],[117.29406,4.17997],[117.29412,4.18017],[117.29414,4.18024],[117.30164,4.17454],[117.30718,4.17355]]]]},"properties":{"kdprov":"65","kdkab":"04","kdkec":"090","kddesa":"003","kdsls":"0005","idsls":"65040900030005","nmprov":"KALIMANTAN UTARA","nmkab":"NUNUKAN","nmkec":"SEI MENGGARIS","nmdesa":"SRI NANTI","nmsls":"RT 005"}},{"type":"Feature","geometry":{"type":"MultiPolygon","coordinates":[[[[117.49743,4.13686],[117.49587,4.13819],[117.49377,4.13946],[117.49381,4.14014],[117.49396,4.14054],[117.49427,4.14074],[117.49454,4.14097],[117.49469,4.14142],[117.49469,4.14195],[117.49467,4.14245],[117.49465,4.14293],[117.49454,4.14315],[117.49447,4.14334],[117.49447,4.14358],[117.49424,4.1443],[117.49411,4.14471],[117.49398,4.14503],[117.49369,4.1455],[117.49356,4.14574],[117.49354,4.14615],[117.49366,4.14656],[117.49372,4.14695],[117.49401,4.14745],[117.49437,4.14776],[117.49484,4.14802],[117.49472,4.14904],[117.49359,4.15074],[117.49387,4.15306],[117.49506,4.15442],[117.49499,4.1568],[117.49494,4.15833],[117.49549,4.15848],[117.4961,4.15864],[117.49651,4.15859],[117.49714,4.15853],[117.4978,4.15843],[117.49883,4.1586],[117.49996,4.15881],[117.50134,4.15924],[117.50274,4.15954],[117.5036,4.16044],[117.50439,4.16189],[117.50536,4.16262],[117.50715,4.16327],[117.50905,4.16404],[117.51058,4.16424],[117.51305,4.1641],[117.51473,4.16376],[117.51561,4.16401],[117.51643,4.16463],[117.5175,4.16532],[117.5175,4.16532],[117.51823,4.16549],[117.51945,4.16513],[117.52033,4.16503],[117.52088,4.16469],[117.52168,4.16481],[117.52232,4.16421],[117.52278,4.16405],[117.52426,4.16336],[117.52438,4.16306],[117.52497,4.16281],[117.52537,4.16281],[117.52569,4.16266],[117.52612,4.16258],[117.52717,4.16282],[117.5273,4.16271],[117.5277,4.16242],[117.52816,4.16185],[117.52874,4.16125],[117.52945,4.16102],[117.53035,4.16085],[117.53035,4.16088],[117.53035,4.16112],[117.53034,4.16124],[117.53029,4.16143],[117.53024,4.16165],[117.53018,4.16185],[117.53015,4.16206],[117.53016,4.16228],[117.53022,4.16254],[117.53027,4.16281],[117.5304,4.16313],[117.53048,4.16325],[117.5306,4.16338],[117.53075,4.16346],[117.53088,4.16355],[117.53098,4.16356],[117.53128,4.16381],[117.53169,4.16403],[117.53227,4.1642],[117.53295,4.16425],[117.53367,4.16433],[117.5344,4.16447],[117.53484,4.16459],[117.53531,4.16494],[117.53544,4.16507],[117.53548,4.16534],[117.53561,4.16571],[117.53572,4.16598],[117.53581,4.16632],[117.5359,4.16682],[117.53606,4.16735],[117.53614,4.16759],[117.53617,4.16777],[117.53616,4.16794],[117.5361,4.16811],[117.536,4.16827],[117.53577,4.16852],[117.53566,4.16866],[117.53563,4.16881],[117.53564,4.16902],[117.53568,4.16924],[117.5358,4.16949],[117.53589,4.16965],[117.53603,4.16986],[117.53621,4.17004],[117.53641,4.17025],[117.53659,4.1704],[117.53676,4.17051],[117.53695,4.17064],[117.5371,4.17078],[117.53718,4.17088],[117.53747,4.17122],[117.53786,4.17162],[117.53788,4.17164],[117.53802,4.17184],[117.53847,4.17217],[117.53867,4.17231],[117.53899,4.17241],[117.53947,4.17238],[117.53987,4.17223],[117.54032,4.17196],[117.54089,4.17163],[117.54195,4.17072],[117.54339,4.16937],[117.54491,4.16836],[117.54604,4.16806],[117.54799,4.16797],[117.5496,4.16845],[117.55116,4.16949],[117.55304,4.1708],[117.55465,4.17242],[117.55643,4.17372],[117.55882,4.17538],[117.56121,4.17677],[117.56427,4.17838],[117.56663,4.17942],[117.56997,4.18026],[117.57261,4.18067],[117.57657,4.18053],[117.58026,4.17976],[117.58373,4.17878],[117.58706,4.1769],[117.58998,4.17543],[117.59236,4.17382],[117.59382,4.17263],[117.5952,4.17089],[117.59556,4.17028],[117.59522,4.16413],[117.59393,4.15713],[117.59179,4.14828],[117.58867,4.14199],[117.58872,4.14196],[117.58857,4.14128],[117.58857,4.14127],[117.58836,4.14102],[117.58816,4.14078],[117.5878,4.13997],[117.58762,4.13915],[117.58741,4.13861],[117.58735,4.13843],[117.58728,4.1383],[117.5869,4.13762],[117.5869,4.13761],[117.58692,4.13748],[117.58693,4.13746],[117.58697,4.13717],[117.58699,4.13716],[117.58699,4.13716],[117.58646,4.13648],[117.58586,4.13569],[117.58557,4.13517],[117.58556,4.13514],[117.58519,4.13448],[117.58443,4.13268],[117.58353,4.13117],[117.58325,4.13048],[117.58323,4.13041],[117.58225,4.12891],[117.58188,4.12869],[117.58158,4.12852],[117.58135,4.12776],[117.58128,4.12755],[117.58112,4.12702],[117.58022,4.12529],[117.57758,4.12212],[117.57716,4.12155],[117.57646,4.12061],[117.57563,4.11955],[117.57465,4.11804],[117.57382,4.11706],[117.573,4.11639],[117.57258,4.11581],[117.57224,4.11533],[117.57119,4.11412],[117.57031,4.11324],[117.56999,4.11292],[117.5695,4.11242],[117.56891,4.11167],[117.56878,4.11151],[117.56796,4.11071],[117.56692,4.10944],[117.56638,4.10877],[117.56629,4.10828],[117.5651,4.10719],[117.56392,4.1062],[117.56282,4.10528],[117.56256,4.10503],[117.56093,4.10347],[117.5607,4.1033],[117.55938,4.10233],[117.55922,4.10221],[117.55919,4.10217],[117.55888,4.10183],[117.55865,4.10158],[117.55828,4.10119],[117.55823,4.10112],[117.55615,4.09959],[117.55604,4.09952],[117.55404,4.09836],[117.54581,4.09365],[117.53272,4.08949],[117.51517,4.0877],[117.49495,4.09186],[117.49516,4.09806],[117.49144,4.11261],[117.49181,4.11516],[117.49221,4.11865],[117.49204,4.12105],[117.49227,4.12496],[117.49278,4.12737],[117.49522,4.13074],[117.49701,4.13281],[117.49806,4.1349],[117.49743,4.13686]]]]},"properties":{"kdprov":"65","kdkab":"04","kdkec":"090","kddesa":"004","kdsls":"0001","idsls":"65040900040001","nmprov":"KALIMANTAN UTARA","nmkab":"NUNUKAN","nmkec":"SEI MENGGARIS","nmdesa":"SEKADUYAN TAKA","nmsls":"RT 001"}},{"type":"Feature","geometry":{"type":"MultiPolygon","coordinates":[[[[117.19557,4.21206],[117.21705,4.19367],[117.21799,4.19289],[117.21771,4.19121],[117.21715,4.18917],[117.21743,4.18752],[117.21585,4.18464],[117.21532,4.18401],[117.21501,4.18341],[117.21518,4.18267],[117.21648,4.18197],[117.21754,4.18158],[117.21887,4.18081],[117.21986,4.1799],[117.2199,4.17842],[117.21926,4.1781],[117.21926,4.17652],[117.22014,4.17568],[117.22038,4.17493],[117.2196,4.17303],[117.21911,4.17355],[117.21839,4.17404],[117.2181,4.17416],[117.2177,4.17425],[117.21739,4.17438],[117.21701,4.17443],[117.2167,4.17427],[117.21631,4.17411],[117.2161,4.17405],[117.21576,4.17412],[117.21531,4.17409],[117.21474,4.17398],[117.21424,4.17382],[117.21398,4.17378],[117.21358,4.17369],[117.21315,4.17355],[117.21284,4.17334],[117.21262,4.17323],[117.21208,4.17321],[117.21121,4.17315],[117.21061,4.17315],[117.20952,4.1731],[117.20939,4.17316],[117.20933,4.17341],[117.20893,4.17332],[117.20847,4.17326],[117.20815,4.1733],[117.20788,4.17316],[117.20749,4.17294],[117.20723,4.17289],[117.20669,4.17292],[117.20621,4.17292],[117.20572,4.1727],[117.2054,4.17257],[117.20514,4.17253],[117.205,4.17273],[117.20518,4.17314],[117.20511,4.17339],[117.20522,4.17369],[117.20538,4.17395],[117.20498,4.17386],[117.20478,4.17396],[117.20461,4.17416],[117.20442,4.17445],[117.20438,4.17479],[117.20447,4.17509],[117.20452,4.17528],[117.20482,4.17562],[117.20492,4.17598],[117.20511,4.17608],[117.20515,4.17626],[117.20489,4.17634],[117.20461,4.17641],[117.20445,4.1763],[117.20448,4.17604],[117.2044,4.17589],[117.20429,4.17581],[117.20407,4.17593],[117.20382,4.17611],[117.20363,4.17628],[117.2035,4.17648],[117.20381,4.17681],[117.20422,4.17704],[117.20404,4.17757],[117.20372,4.17798],[117.20338,4.17815],[117.20294,4.17829],[117.20226,4.17837],[117.20196,4.17851],[117.20157,4.17858],[117.20129,4.17873],[117.20105,4.17899],[117.20081,4.17921],[117.20061,4.17938],[117.2003,4.17935],[117.20005,4.17948],[117.19986,4.17984],[117.19986,4.18015],[117.19953,4.18018],[117.19917,4.18005],[117.19893,4.17987],[117.19865,4.17977],[117.19837,4.17983],[117.19818,4.18004],[117.19813,4.1804],[117.19821,4.18089],[117.19822,4.18133],[117.19812,4.18155],[117.19785,4.18171],[117.19768,4.1819],[117.19755,4.18213],[117.19729,4.18234],[117.19711,4.18248],[117.1969,4.1826],[117.19665,4.18262],[117.19637,4.18257],[117.19614,4.18275],[117.19606,4.18324],[117.19586,4.18379],[117.1955,4.18415],[117.19513,4.18436],[117.19488,4.18467],[117.19462,4.18503],[117.19444,4.18544],[117.19436,4.18555],[117.19405,4.18544],[117.19366,4.18539],[117.19309,4.18555],[117.19265,4.18567],[117.19224,4.18557],[117.1919,4.18524],[117.19159,4.185],[117.19149,4.1848],[117.19151,4.18454],[117.19167,4.1842],[117.19167,4.18348],[117.19154,4.18296],[117.19133,4.18273],[117.19087,4.18247],[117.19058,4.18234],[117.19032,4.18229],[117.18983,4.18203],[117.18926,4.18174],[117.18885,4.18146],[117.18867,4.18131],[117.18833,4.18133],[117.18795,4.18167],[117.18769,4.18185],[117.18738,4.182],[117.18699,4.18198],[117.18668,4.1819],[117.18637,4.18156],[117.18647,4.18105],[117.18645,4.18043],[117.18637,4.17996],[117.1865,4.17931],[117.18671,4.17895],[117.18671,4.17851],[117.18652,4.17805],[117.18637,4.17784],[117.1864,4.17748],[117.18658,4.17694],[117.18658,4.17642],[117.1865,4.17608],[117.18632,4.17554],[117.18596,4.17515],[117.18559,4.17489],[117.18536,4.17456],[117.18508,4.17409],[117.18464,4.17352],[117.18433,4.17316],[117.18394,4.17293],[117.18342,4.17275],[117.18301,4.17246],[117.18249,4.17231],[117.1819,4.17195],[117.18112,4.17169],[117.18063,4.1713],[117.18045,4.17078],[117.18011,4.17003],[117.1796,4.16918],[117.17921,4.16856],[117.17859,4.16802],[117.17802,4.16768],[117.17753,4.1675],[117.17686,4.1675],[117.17634,4.16742],[117.17595,4.16703],[117.17567,4.16652],[117.17528,4.16626],[117.17468,4.16616],[117.17422,4.16603],[117.17401,4.16571],[117.17379,4.16635],[117.1732,4.16684],[117.17248,4.16739],[117.17198,4.16779],[117.16963,4.1692],[117.16886,4.16956],[117.16737,4.17024],[117.16666,4.17039],[117.16646,4.17044],[117.16594,4.17055],[117.16554,4.17065],[117.16419,4.17065],[117.16272,4.17065],[117.15909,4.1715],[117.15561,4.17266],[117.15494,4.17319],[117.15467,4.174],[117.15414,4.17467],[117.15374,4.17534],[117.15306,4.17641],[117.15225,4.17712],[117.15244,4.17746],[117.15259,4.17771],[117.15274,4.17874],[117.15276,4.17887],[117.1528,4.17916],[117.15305,4.18006],[117.15401,4.18246],[117.15452,4.18343],[117.15492,4.18404],[117.15564,4.18467],[117.15601,4.18491],[117.15634,4.18519],[117.15686,4.18544],[117.1572,4.18573],[117.15769,4.18607],[117.15818,4.18625],[117.15868,4.1865],[117.15935,4.18679],[117.16001,4.18708],[117.16061,4.18749],[117.16102,4.18783],[117.16138,4.18817],[117.16213,4.1883],[117.16357,4.1886],[117.16436,4.18891],[117.16553,4.18977],[117.16697,4.19077],[117.16828,4.19176],[117.16914,4.19257],[117.17046,4.19381],[117.17224,4.19549],[117.17338,4.19657],[117.17392,4.19732],[117.17464,4.19826],[117.17504,4.19892],[117.17524,4.19955],[117.17544,4.20007],[117.17551,4.20073],[117.17523,4.20154],[117.17474,4.2022],[117.17339,4.20321],[117.17358,4.2035],[117.17318,4.20484],[117.17237,4.20565],[117.17157,4.20618],[117.17103,4.20699],[117.16969,4.20793],[117.16875,4.20833],[117.16782,4.2094],[117.16738,4.20975],[117.16739,4.20976],[117.16809,4.21001],[117.16912,4.21012],[117.17093,4.2097],[117.1722,4.20978],[117.17284,4.20919],[117.17424,4.20828],[117.17569,4.20808],[117.17646,4.20827],[117.17755,4.20863],[117.17819,4.20837],[117.1785,4.20805],[117.17888,4.20805],[117.17947,4.20836],[117.18064,4.20841],[117.18105,4.20789],[117.18237,4.20735],[117.18315,4.20639],[117.18389,4.20678],[117.18431,4.20787],[117.18393,4.20909],[117.18397,4.20939],[117.18432,4.2097],[117.18577,4.21004],[117.18675,4.21092],[117.18864,4.21092],[117.19557,4.21206]]]]},"properties":{"kdprov":"65","kdkab":"04","kdkec":"090","kddesa":"001","kdsls":"0009","idsls":"65040900010009","nmprov":"KALIMANTAN UTARA","nmkab":"NUNUKAN","nmkec":"SEI MENGGARIS","nmdesa":"TABUR LESTARI","nmsls":"RT 009"}}]}