{"type":"FeatureCollection","features":[{"type":"Feature","geometry":{"type":"MultiPolygon","coordinates":[[[[117.60191,3.87929],[117.58832,3.8861],[117.57863,3.89929],[117.56301,3.91545],[117.54416,3.92515],[117.53096,3.9273],[117.51803,3.92528],[117.50726,3.91667],[117.49608,3.91411],[117.48706,3.91774],[117.47952,3.92299],[117.46713,3.92663],[117.45688,3.93104],[117.45946,3.93198],[117.45853,3.9335],[117.45787,3.93582],[117.45786,3.93587],[117.45785,3.93633],[117.4579,3.93687],[117.45796,3.93754],[117.45799,3.93773],[117.45816,3.93881],[117.45825,3.93905],[117.45868,3.94064],[117.45896,3.94133],[117.45898,3.94137],[117.45962,3.94295],[117.45964,3.94298],[117.46085,3.94513],[117.46138,3.94607],[117.46301,3.94877],[117.46364,3.94982],[117.46501,3.95267],[117.46504,3.95274],[117.46507,3.9528],[117.46554,3.95424],[117.46567,3.95464],[117.46579,3.95503],[117.46594,3.95546],[117.46614,3.95663],[117.46622,3.95856],[117.46625,3.95916],[117.46617,3.95953],[117.46609,3.96019],[117.46592,3.96098],[117.46566,3.96203],[117.46525,3.9632],[117.4649,3.9643],[117.46435,3.96548],[117.46388,3.96659],[117.46319,3.96778],[117.4627,3.9683],[117.46265,3.9684],[117.4626,3.96853],[117.46248,3.96867],[117.46237,3.96881],[117.46226,3.96895],[117.4622,3.96902],[117.46206,3.96913],[117.46192,3.96924],[117.4619,3.96926],[117.46178,3.9694],[117.46166,3.96953],[117.46154,3.96967],[117.46151,3.96971],[117.46138,3.96984],[117.46125,3.96997],[117.46112,3.97009],[117.46105,3.97017],[117.46093,3.97031],[117.46081,3.97044],[117.46069,3.97058],[117.46063,3.97064],[117.46051,3.97077],[117.46039,3.97091],[117.46027,3.97104],[117.46015,3.97117],[117.46002,3.9713],[117.4599,3.97143],[117.4598,3.97153],[117.45966,3.97165],[117.4596,3.97171],[117.45947,3.97183],[117.45933,3.97194],[117.45928,3.97199],[117.45913,3.97209],[117.45899,3.9722],[117.45898,3.97225],[117.45874,3.97327],[117.45824,3.97495],[117.45791,3.9756],[117.45665,3.97752],[117.45657,3.97768],[117.45653,3.97776],[117.45647,3.97793],[117.45641,3.97811],[117.45635,3.97828],[117.45631,3.97839],[117.45603,3.9798],[117.45591,3.98102],[117.456,3.98195],[117.45624,3.98281],[117.45654,3.9836],[117.45662,3.98431],[117.4566,3.98515],[117.45638,3.98614],[117.45595,3.98748],[117.45528,3.9885],[117.45427,3.98939],[117.45414,3.9895],[117.45399,3.9896],[117.45384,3.9897],[117.45383,3.98971],[117.45368,3.98981],[117.45353,3.98991],[117.45339,3.99003],[117.45325,3.99014],[117.45313,3.99024],[117.45298,3.99035],[117.45284,3.99045],[117.45269,3.99055],[117.45254,3.99065],[117.4524,3.99076],[117.45226,3.99088],[117.45213,3.99099],[117.45204,3.99106],[117.45191,3.99119],[117.45178,3.99132],[117.45165,3.99144],[117.45152,3.99157],[117.45147,3.99161],[117.45137,3.99175],[117.45126,3.9919],[117.45115,3.99204],[117.45106,3.99215],[117.45098,3.99231],[117.45089,3.99247],[117.4508,3.99263],[117.45072,3.99277],[117.45065,3.99294],[117.45058,3.99311],[117.45051,3.99328],[117.45045,3.99344],[117.4504,3.99357],[117.45032,3.99374],[117.45029,3.99382],[117.45023,3.99399],[117.45017,3.99416],[117.45011,3.99433],[117.45005,3.9945],[117.45001,3.99461],[117.44992,3.99477],[117.44984,3.99493],[117.44976,3.9951],[117.44968,3.99526],[117.4496,3.99542],[117.44958,3.99545],[117.4495,3.99562],[117.44943,3.99578],[117.44935,3.99594],[117.44927,3.99611],[117.4492,3.99627],[117.44918,3.9963],[117.4491,3.99646],[117.44901,3.99662],[117.44893,3.99678],[117.44884,3.99694],[117.44882,3.99698],[117.44872,3.99713],[117.44862,3.99728],[117.44852,3.99743],[117.44849,3.99749],[117.4484,3.99765],[117.44832,3.99781],[117.44826,3.99791],[117.44815,3.99804],[117.44803,3.99818],[117.44793,3.99833],[117.44783,3.99847],[117.44773,3.99862],[117.44762,3.99877],[117.44755,3.99888],[117.44744,3.99902],[117.44733,3.99917],[117.44722,3.99931],[117.44719,3.99935],[117.44707,3.99949],[117.44696,3.99963],[117.44685,3.99976],[117.44672,3.99989],[117.44661,4.0],[117.4459,4.00066],[117.44461,4.00212],[117.4435,4.0035],[117.44311,4.0042],[117.44296,4.00492],[117.44311,4.00532],[117.44321,4.00559],[117.4432,4.00584],[117.44319,4.00618],[117.44436,4.00717],[117.44642,4.00958],[117.44869,4.01179],[117.44996,4.01301],[117.45034,4.01345],[117.45034,4.01345],[117.45264,4.01609],[117.45441,4.01832],[117.45615,4.0207],[117.4563,4.02089],[117.4594,4.02477],[117.46174,4.0277],[117.46359,4.02938],[117.46508,4.03101],[117.4673,4.03263],[117.47089,4.03426],[117.47268,4.03479],[117.47413,4.03521],[117.4777,4.03685],[117.48003,4.0384],[117.48221,4.04014],[117.48253,4.04039],[117.48522,4.04263],[117.48606,4.04294],[117.48621,4.043],[117.48644,4.04309],[117.48657,4.04328],[117.48723,4.04426],[117.48882,4.04563],[117.49019,4.04693],[117.49036,4.04709],[117.49083,4.04759],[117.49184,4.04864],[117.49306,4.0504],[117.49447,4.05153],[117.49509,4.05203],[117.49552,4.0524],[117.49617,4.05298],[117.49779,4.05352],[117.49793,4.05359],[117.49806,4.05352],[117.49941,4.05317],[117.50064,4.05194],[117.50134,4.05087],[117.50136,4.05085],[117.50201,4.05018],[117.50309,4.04916],[117.50416,4.04831],[117.50468,4.04741],[117.50563,4.04619],[117.50671,4.0451],[117.50792,4.04407],[117.50914,4.04265],[117.50917,4.04263],[117.51049,4.04157],[117.51197,4.04035],[117.51346,4.03885],[117.51481,4.03749],[117.51519,4.03725],[117.5163,4.03654],[117.51711,4.03586],[117.51832,4.03478],[117.51967,4.03423],[117.52032,4.03397],[117.5217,4.03342],[117.52245,4.03277],[117.52256,4.03267],[117.53021,4.03151],[117.53116,4.03124],[117.53127,4.03117],[117.53224,4.03056],[117.53227,4.03053],[117.53284,4.03025],[117.53329,4.02985],[117.53376,4.02938],[117.53444,4.02889],[117.53514,4.02847],[117.53588,4.0279],[117.53634,4.02766],[117.53678,4.02733],[117.53735,4.02692],[117.53791,4.0263],[117.53847,4.02565],[117.53902,4.02516],[117.53965,4.02458],[117.54011,4.02416],[117.54046,4.02371],[117.54058,4.02336],[117.54076,4.02296],[117.54103,4.02277],[117.54145,4.0226],[117.54196,4.02211],[117.54237,4.02169],[117.5426,4.02123],[117.5428,4.02074],[117.54322,4.02022],[117.54345,4.01977],[117.54384,4.01912],[117.54418,4.01864],[117.54459,4.01827],[117.54486,4.01804],[117.54504,4.01747],[117.54507,4.01712],[117.54507,4.0167],[117.54507,4.01623],[117.54528,4.01569],[117.5454,4.01558],[117.54548,4.0155],[117.54568,4.01538],[117.54591,4.01536],[117.54599,4.01536],[117.5461,4.01541],[117.54633,4.01546],[117.5466,4.01549],[117.54687,4.01551],[117.54694,4.01548],[117.54763,4.01401],[117.54766,4.01326],[117.5477,4.01257],[117.54775,4.01243],[117.54783,4.01222],[117.54788,4.01208],[117.54791,4.01186],[117.54794,4.01163],[117.54797,4.01141],[117.548,4.01119],[117.54802,4.01109],[117.54806,4.01087],[117.5481,4.01065],[117.54814,4.01043],[117.54816,4.01032],[117.54819,4.01009],[117.54823,4.00987],[117.54826,4.00965],[117.5483,4.00942],[117.54834,4.0092],[117.54837,4.00898],[117.54841,4.00875],[117.54844,4.00853],[117.54848,4.00831],[117.54851,4.00808],[117.54855,4.00786],[117.54859,4.00764],[117.54862,4.00741],[117.54866,4.00719],[117.54869,4.00697],[117.54873,4.00674],[117.54876,4.00652],[117.5488,4.0063],[117.54884,4.00607],[117.54886,4.00594],[117.54888,4.00571],[117.54891,4.00549],[117.54894,4.00526],[117.54896,4.00504],[117.54899,4.00481],[117.54902,4.00459],[117.54904,4.00436],[117.54907,4.00414],[117.5491,4.00392],[117.54912,4.00369],[117.54915,4.00347],[117.54918,4.00324],[117.5492,4.00302],[117.54921,4.00297],[117.54921,4.00274],[117.54921,4.00252],[117.54922,4.00229],[117.54922,4.00207],[117.54922,4.00184],[117.54923,4.00161],[117.54923,4.00156],[117.5494,4.0],[117.55037,3.99762],[117.55091,3.9953],[117.55167,3.99283],[117.55176,3.99254],[117.55261,3.98998],[117.55396,3.98726],[117.55504,3.98563],[117.55653,3.98414],[117.55801,3.98305],[117.5588,3.98241],[117.55886,3.98238],[117.55942,3.98198],[117.55956,3.98178],[117.56071,3.98088],[117.56179,3.97966],[117.56287,3.97816],[117.5633,3.97732],[117.56342,3.97732],[117.56354,3.9774],[117.56368,3.97749],[117.56403,3.97757],[117.56421,3.97749],[117.56433,3.97742],[117.56436,3.97737],[117.56441,3.97722],[117.56446,3.97705],[117.56455,3.9769],[117.56473,3.97673],[117.56516,3.9764],[117.56633,3.97563],[117.5667,3.97545],[117.56681,3.97536],[117.56726,3.97491],[117.56731,3.97485],[117.56805,3.97414],[117.56844,3.97374],[117.56898,3.97322],[117.56926,3.97298],[117.56929,3.97295],[117.56971,3.97256],[117.56995,3.97236],[117.57007,3.97228],[117.57014,3.97228],[117.57038,3.97224],[117.57057,3.97218],[117.57075,3.9721],[117.57083,3.97208],[117.57122,3.97189],[117.57133,3.97173],[117.57615,3.9696],[117.57632,3.96969],[117.57652,3.96978],[117.57664,3.96982],[117.57699,3.96985],[117.57719,3.96988],[117.57731,3.96989],[117.57739,3.96986],[117.57741,3.96986],[117.57752,3.96979],[117.57761,3.9697],[117.57764,3.96957],[117.57775,3.96936],[117.57841,3.96893],[117.57895,3.96798],[117.57973,3.96655],[117.58016,3.96567],[117.58067,3.96444],[117.58133,3.96285],[117.58218,3.96105],[117.58299,3.95956],[117.58353,3.95861],[117.58386,3.95828],[117.58426,3.95787],[117.58434,3.95779],[117.58475,3.95671],[117.58529,3.95535],[117.5857,3.95415],[117.58637,3.95359],[117.58718,3.95236],[117.58772,3.95087],[117.58839,3.94911],[117.58961,3.94707],[117.59096,3.94449],[117.59176,3.94273],[117.59271,3.94123],[117.59312,3.94064],[117.59313,3.94063],[117.59365,3.93988],[117.59369,3.93981],[117.59369,3.93981],[117.59438,3.93862],[117.5946,3.93825],[117.59541,3.93716],[117.59642,3.93604],[117.59719,3.93535],[117.59772,3.93442],[117.59826,3.9338],[117.59903,3.93373],[117.60002,3.9328],[117.60189,3.93268],[117.60214,3.93248],[117.60242,3.93225],[117.60324,3.93159],[117.60405,3.93159],[117.605,3.93091],[117.60593,3.93087],[117.60723,3.93041],[117.60878,3.92928],[117.60986,3.92833],[117.6108,3.92779],[117.6113,3.92728],[117.61148,3.92711],[117.61206,3.92687],[117.61215,3.92684],[117.61224,3.92684],[117.61313,3.92686],[117.61418,3.92602],[117.6147,3.9256],[117.61548,3.9253],[117.6158,3.9252],[117.61614,3.9252],[117.61688,3.9252],[117.61796,3.92493],[117.61931,3.92493],[117.62039,3.92452],[117.62148,3.92466],[117.62242,3.92452],[117.6235,3.92384],[117.62472,3.9233],[117.62553,3.92248],[117.62634,3.92167],[117.62663,3.92058],[117.62674,3.92018],[117.62755,3.91882],[117.62796,3.91787],[117.6289,3.91705],[117.62934,3.91623],[117.62927,3.91614],[117.62921,3.91605],[117.62909,3.91583],[117.62903,3.91558],[117.62891,3.91526],[117.62882,3.91509],[117.62824,3.91441],[117.62782,3.91401],[117.62753,3.91374],[117.62736,3.91356],[117.62723,3.91341],[117.62708,3.91329],[117.62687,3.91311],[117.62669,3.913],[117.62648,3.91292],[117.62616,3.91277],[117.62564,3.91263],[117.62526,3.9125],[117.62485,3.91236],[117.62456,3.91226],[117.62422,3.9121],[117.624,3.91196],[117.62379,3.9118],[117.62355,3.91166],[117.62339,3.91154],[117.62324,3.91149],[117.62315,3.91148],[117.623,3.91148],[117.6228,3.91149],[117.62277,3.91149],[117.6227,3.91149],[117.62249,3.91143],[117.62215,3.91129],[117.62195,3.91121],[117.62176,3.91118],[117.62161,3.91112],[117.62146,3.91105],[117.62129,3.91093],[117.62101,3.91064],[117.62084,3.91053],[117.62074,3.91049],[117.6206,3.91044],[117.62049,3.91042],[117.62042,3.9104],[117.62026,3.91034],[117.62014,3.91028],[117.61982,3.91009],[117.61953,3.90991],[117.61935,3.90985],[117.61924,3.90985],[117.61909,3.90985],[117.61794,3.90925],[117.61774,3.90899],[117.61736,3.90854],[117.61725,3.90839],[117.61707,3.90819],[117.61699,3.90807],[117.61679,3.90771],[117.61659,3.90727],[117.61646,3.907],[117.61637,3.90677],[117.61628,3.90652],[117.61616,3.90625],[117.61606,3.90618],[117.61551,3.90496],[117.61546,3.90456],[117.61533,3.90417],[117.61513,3.90385],[117.61494,3.90353],[117.61487,3.90326],[117.61478,3.90305],[117.61462,3.90267],[117.61454,3.90245],[117.6145,3.90223],[117.6145,3.90212],[117.61446,3.90201],[117.61437,3.90191],[117.61436,3.90188],[117.61434,3.90184],[117.61429,3.90169],[117.61416,3.90145],[117.61408,3.90125],[117.61387,3.90062],[117.61368,3.90013],[117.61356,3.89974],[117.6135,3.89952],[117.61329,3.89912],[117.61322,3.89898],[117.61317,3.89887],[117.61265,3.89738],[117.61249,3.89716],[117.61224,3.8969],[117.61183,3.89629],[117.61164,3.89609],[117.61146,3.8959],[117.61138,3.89576],[117.61138,3.89576],[117.61154,3.89554],[117.61164,3.89534],[117.61166,3.89517],[117.61166,3.89501],[117.61147,3.89455],[117.61136,3.89411],[117.6113,3.8938],[117.61126,3.89348],[117.61119,3.89333],[117.61083,3.89243],[117.61047,3.89152],[117.61029,3.8908],[117.61002,3.89007],[117.60993,3.88944],[117.60993,3.88871],[117.60975,3.88781],[117.60965,3.88726],[117.60947,3.88627],[117.60929,3.88491],[117.60884,3.88382],[117.60866,3.88283],[117.60864,3.88276],[117.60785,3.88013],[117.60607,3.88013],[117.60191,3.87929]]]]},"properties":{"kdprov":"65","kdkab":"04","kdkec":"100","kddesa":"001","kdsls":"2001","idsls":"65041000012001","nmprov":"KALIMANTAN UTARA","nmkab":"NUNUKAN","nmkec":"NUNUKAN","nmdesa":"NUNUKAN BARAT","nmsls":"HUTAN"}},{"type":"Feature","geometry":{"type":"MultiPolygon","coordinates":[[[[117.61194,4.07406],[117.61144,4.07376],[117.61115,4.07272],[117.6122,4.07235],[117.61176,4.07125],[117.61087,4.07024],[117.60985,4.06802],[117.60917,4.06761],[117.60841,4.06715],[117.60618,4.06715],[117.60268,4.06735],[117.60138,4.0675],[117.60078,4.06768],[117.59937,4.06867],[117.59845,4.06936],[117.59697,4.06991],[117.5946,4.07034],[117.59203,4.07104],[117.59116,4.07144],[117.59115,4.0715],[117.59113,4.07161],[117.59112,4.07171],[117.5911,4.07182],[117.59108,4.07193],[117.59107,4.07204],[117.59105,4.07214],[117.59104,4.07225],[117.59102,4.07236],[117.591,4.07247],[117.59099,4.07257],[117.59097,4.07268],[117.59096,4.07279],[117.59094,4.0729],[117.59093,4.073],[117.59091,4.07311],[117.5909,4.07322],[117.59089,4.07333],[117.59087,4.07343],[117.59086,4.07354],[117.59084,4.07365],[117.59083,4.07376],[117.59083,4.07386],[117.59083,4.07397],[117.59083,4.07408],[117.59084,4.07419],[117.59084,4.0743],[117.59084,4.07441],[117.59084,4.07452],[117.59085,4.07462],[117.59085,4.07473],[117.59085,4.07479],[117.59082,4.07517],[117.59078,4.0758],[117.59069,4.07655],[117.59056,4.07754],[117.59013,4.07848],[117.58941,4.07936],[117.58929,4.08008],[117.58913,4.08096],[117.58927,4.08219],[117.58999,4.0841],[117.59007,4.08429],[117.59072,4.08602],[117.59129,4.08711],[117.59216,4.08783],[117.59375,4.08913],[117.59483,4.09022],[117.59562,4.09116],[117.59663,4.09195],[117.59757,4.09275],[117.59843,4.09383],[117.59951,4.09478],[117.59953,4.0948],[117.59983,4.09466],[117.60016,4.09474],[117.60107,4.09486],[117.60149,4.09483],[117.60176,4.09471],[117.60189,4.09448],[117.60187,4.09419],[117.6018,4.09384],[117.60182,4.09355],[117.60205,4.09338],[117.60227,4.09338],[117.60255,4.0935],[117.6031,4.09365],[117.60328,4.09362],[117.60336,4.09346],[117.60349,4.09317],[117.60365,4.09309],[117.60406,4.09312],[117.60433,4.09294],[117.6045,4.0928],[117.60486,4.09299],[117.60498,4.09297],[117.60541,4.09261],[117.6059,4.09244],[117.6061,4.0921],[117.60634,4.09196],[117.60712,4.09168],[117.60762,4.09133],[117.60817,4.09039],[117.60878,4.09004],[117.60971,4.08973],[117.61027,4.08894],[117.61041,4.08872],[117.61034,4.08846],[117.61044,4.08829],[117.61096,4.08822],[117.61138,4.08772],[117.60881,4.08565],[117.6093,4.08211],[117.61077,4.0813],[117.61124,4.07915],[117.61139,4.07669],[117.61194,4.07406]]]]},"properties":{"kdprov":"65","kdkab":"04","kdkec":"100","kddesa":"002","kdsls":"0005","idsls":"65041000020005","nmprov":"KALIMANTAN UTARA","nmkab":"NUNUKAN","nmkec":"NUNUKAN","nmdesa":"BINUSAN","nmsls":"RT 005"}},{"type":"Feature","geometry":{"type":"MultiPolygon","coordinates":[[[[117.61754,4.09658],[117.61772,4.09652],[117.61879,4.09576],[117.61913,4.09623],[117.62035,4.096],[117.62144,4.09526],[117.621,4.09448],[117.62054,4.09305],[117.62001,4.09173],[117.61957,4.09054],[117.61953,4.09009],[117.61974,4.08964],[117.6198,4.08954],[117.62074,4.08925],[117.62248,4.08873],[117.62369,4.08792],[117.62477,4.08705],[117.62565,4.0862],[117.62617,4.08576],[117.62618,4.08574],[117.6261,4.08545],[117.62603,4.08526],[117.62561,4.08413],[117.62533,4.08348],[117.62488,4.08237],[117.62483,4.08206],[117.62406,4.08093],[117.62414,4.07852],[117.62448,4.07365],[117.61077,4.0813],[117.6093,4.08211],[117.60881,4.08565],[117.61138,4.08772],[117.61096,4.08822],[117.61044,4.08829],[117.61034,4.08846],[117.61041,4.08872],[117.61027,4.08894],[117.60971,4.08973],[117.60878,4.09004],[117.60817,4.09039],[117.60762,4.09133],[117.60712,4.09168],[117.60634,4.09196],[117.6061,4.0921],[117.6059,4.09244],[117.60541,4.09261],[117.60498,4.09297],[117.60486,4.09299],[117.6045,4.0928],[117.60433,4.09294],[117.60406,4.09312],[117.60365,4.09309],[117.60349,4.09317],[117.60336,4.09346],[117.60328,4.09362],[117.6031,4.09365],[117.60255,4.0935],[117.60227,4.09338],[117.60205,4.09338],[117.60182,4.09355],[117.6018,4.09384],[117.60187,4.09419],[117.60189,4.09448],[117.60176,4.09471],[117.60149,4.09483],[117.60107,4.09486],[117.60016,4.09474],[117.59983,4.09466],[117.59953,4.0948],[117.59966,4.09492],[117.6,4.09543],[117.60053,4.09622],[117.60175,4.09767],[117.60291,4.09911],[117.60294,4.09923],[117.60392,4.09893],[117.60531,4.09842],[117.60638,4.09835],[117.60699,4.09891],[117.60728,4.09993],[117.60704,4.10076],[117.60764,4.10168],[117.60901,4.10197],[117.61127,4.10156],[117.61299,4.1001],[117.61416,4.09869],[117.61463,4.09815],[117.6151,4.09804],[117.61536,4.09787],[117.61546,4.0973],[117.61577,4.09689],[117.61658,4.09662],[117.61721,4.09668],[117.61729,4.09666],[117.61754,4.09658]]]]},"properties":{"kdprov":"65","kdkab":"04","kdkec":"100","kddesa":"002","kdsls":"0015","idsls":"65041000020015","nmprov":"KALIMANTAN UTARA","nmkab":"NUNUKAN","nmkec":"NUNUKAN","nmdesa":"BINUSAN","nmsls":"RT 001"}},{"type":"Feature","geometry":{"type":"MultiPolygon","coordinates":[[[[117.62014,4.02495],[117.61907,4.02563],[117.6185,4.02607],[117.61824,4.02682],[117.61716,4.02772],[117.6171,4.02779],[117.61676,4.02664],[117.61649,4.02583],[117.61609,4.02581],[117.61583,4.02553],[117.61516,4.02485],[117.6137,4.02366],[117.61295,4.02339],[117.61247,4.02336],[117.61186,4.02299],[117.61068,4.0227],[117.61097,4.02167],[117.6112,4.02138],[117.60954,4.02103],[117.60863,4.02037],[117.60649,4.019],[117.60427,4.01728],[117.60202,4.01623],[117.60201,4.01629],[117.60201,4.0164],[117.602,4.01651],[117.60199,4.01662],[117.60198,4.01672],[117.60198,4.01683],[117.60197,4.01694],[117.60196,4.01705],[117.60196,4.01716],[117.60195,4.01727],[117.60194,4.01737],[117.60193,4.01748],[117.60192,4.01759],[117.60191,4.0177],[117.6019,4.01781],[117.60189,4.01791],[117.60188,4.01802],[117.60187,4.01813],[117.60186,4.01824],[117.60185,4.01835],[117.60184,4.01845],[117.60183,4.01856],[117.60182,4.01867],[117.60181,4.01878],[117.6018,4.01889],[117.60179,4.019],[117.60178,4.0191],[117.60177,4.01921],[117.60176,4.01932],[117.60175,4.01943],[117.60174,4.01954],[117.60173,4.01964],[117.60172,4.01975],[117.60171,4.01986],[117.6017,4.01997],[117.60169,4.02008],[117.60169,4.02018],[117.60168,4.02029],[117.60168,4.0204],[117.60168,4.02051],[117.60167,4.02062],[117.60167,4.02073],[117.60167,4.02084],[117.60166,4.02094],[117.60166,4.02105],[117.60166,4.02116],[117.60165,4.02127],[117.60165,4.02138],[117.60165,4.02149],[117.60164,4.0216],[117.60164,4.0217],[117.60164,4.02181],[117.60163,4.02192],[117.60163,4.02203],[117.60163,4.02214],[117.60162,4.02225],[117.60162,4.02235],[117.60162,4.02246],[117.60161,4.02257],[117.60161,4.02268],[117.6016,4.02279],[117.60159,4.0229],[117.60157,4.023],[117.60156,4.02311],[117.60155,4.02322],[117.60154,4.02333],[117.60153,4.02344],[117.60152,4.02354],[117.60151,4.02365],[117.6015,4.02376],[117.60149,4.02387],[117.60148,4.02398],[117.60147,4.02408],[117.60146,4.02419],[117.60145,4.0243],[117.60143,4.02441],[117.60142,4.02452],[117.60141,4.02462],[117.60141,4.02473],[117.6014,4.02484],[117.6014,4.02495],[117.60139,4.02506],[117.60139,4.02517],[117.60138,4.02527],[117.60138,4.02538],[117.60137,4.02549],[117.60137,4.0256],[117.60136,4.02571],[117.60136,4.02582],[117.60135,4.02593],[117.60135,4.02603],[117.60134,4.02614],[117.60134,4.02625],[117.60133,4.02636],[117.60133,4.02647],[117.60132,4.02658],[117.60131,4.02668],[117.6013,4.02679],[117.60129,4.0269],[117.60128,4.02701],[117.60128,4.02712],[117.60127,4.02723],[117.60126,4.02733],[117.60125,4.02744],[117.60124,4.02755],[117.60123,4.02766],[117.60122,4.02777],[117.60121,4.02787],[117.60119,4.02798],[117.60117,4.02809],[117.60115,4.02819],[117.60113,4.0283],[117.60111,4.02841],[117.60109,4.02851],[117.60107,4.02862],[117.60105,4.02873],[117.60102,4.02883],[117.601,4.02894],[117.60098,4.02905],[117.60096,4.02915],[117.60094,4.02926],[117.60092,4.02937],[117.6009,4.02947],[117.60088,4.02958],[117.60086,4.02969],[117.60084,4.02979],[117.60082,4.0299],[117.60079,4.03],[117.60077,4.03011],[117.60075,4.03022],[117.60073,4.03032],[117.60071,4.03043],[117.60069,4.03054],[117.60066,4.03064],[117.60064,4.03075],[117.60062,4.03086],[117.6006,4.03096],[117.60058,4.03107],[117.60055,4.03117],[117.60053,4.03128],[117.60051,4.03139],[117.60049,4.03149],[117.60047,4.0316],[117.60044,4.03171],[117.60042,4.03181],[117.6004,4.03192],[117.60038,4.03202],[117.60036,4.03213],[117.60033,4.03224],[117.60031,4.03234],[117.60029,4.03245],[117.60027,4.03256],[117.60025,4.03266],[117.60022,4.03277],[117.60019,4.03287],[117.60016,4.03298],[117.60013,4.03308],[117.6001,4.03318],[117.60007,4.03329],[117.60004,4.03339],[117.60003,4.03343],[117.5999,4.0342],[117.5994,4.03622],[117.59928,4.03664],[117.59883,4.03818],[117.59811,4.04057],[117.59746,4.04281],[117.59696,4.04438],[117.59693,4.04442],[117.59689,4.04452],[117.59684,4.04462],[117.59679,4.04471],[117.59674,4.04481],[117.59669,4.04491],[117.59666,4.04501],[117.59662,4.04511],[117.59659,4.04522],[117.59656,4.04532],[117.59652,4.04542],[117.59649,4.04553],[117.59645,4.04563],[117.59642,4.04573],[117.59639,4.04584],[117.59635,4.04594],[117.59632,4.04604],[117.5963,4.04615],[117.59627,4.04625],[117.59624,4.04636],[117.59621,4.04646],[117.59619,4.04657],[117.59616,4.04667],[117.59613,4.04678],[117.5961,4.04688],[117.59607,4.04699],[117.59605,4.04709],[117.59602,4.0472],[117.59599,4.0473],[117.59599,4.04741],[117.59599,4.04752],[117.59599,4.04763],[117.59599,4.04764],[117.59566,4.04889],[117.59588,4.05092],[117.59608,4.05137],[117.59618,4.0516],[117.59615,4.05164],[117.5961,4.05174],[117.59606,4.05184],[117.59603,4.05194],[117.59599,4.05204],[117.59596,4.05215],[117.59593,4.05225],[117.59589,4.05235],[117.59586,4.05246],[117.59583,4.05256],[117.59579,4.05266],[117.59576,4.05277],[117.59572,4.05287],[117.59569,4.05297],[117.59566,4.05308],[117.59564,4.05318],[117.59561,4.05329],[117.59559,4.05339],[117.59556,4.0535],[117.59554,4.05361],[117.59551,4.05371],[117.59549,4.05382],[117.59547,4.05392],[117.59546,4.05403],[117.59545,4.05414],[117.59544,4.05425],[117.59543,4.05436],[117.59542,4.05446],[117.5954,4.05457],[117.59539,4.05468],[117.59538,4.05479],[117.59537,4.0549],[117.59536,4.055],[117.59535,4.05511],[117.59534,4.05522],[117.59532,4.05533],[117.59531,4.05543],[117.5953,4.05554],[117.59529,4.05565],[117.59528,4.05576],[117.59527,4.05587],[117.59527,4.05598],[117.59526,4.05608],[117.59525,4.05619],[117.59525,4.0563],[117.59524,4.05641],[117.59523,4.05652],[117.59523,4.05663],[117.59522,4.05673],[117.59521,4.05684],[117.59519,4.05695],[117.59517,4.05706],[117.59515,4.05716],[117.59513,4.05727],[117.59511,4.05737],[117.59508,4.05748],[117.59506,4.05759],[117.59504,4.05769],[117.59502,4.0578],[117.595,4.05791],[117.59498,4.05801],[117.59495,4.05812],[117.59493,4.05822],[117.59491,4.05833],[117.59489,4.05844],[117.59487,4.05854],[117.59485,4.05865],[117.59483,4.05876],[117.59481,4.05886],[117.59479,4.05897],[117.59477,4.05908],[117.59475,4.05918],[117.59473,4.05929],[117.59471,4.0594],[117.59469,4.05951],[117.59468,4.05961],[117.59466,4.05972],[117.59464,4.05983],[117.59462,4.05993],[117.5946,4.06004],[117.59458,4.06015],[117.59456,4.06025],[117.59454,4.06036],[117.59454,4.06047],[117.59453,4.06058],[117.59452,4.06069],[117.59451,4.06079],[117.5945,4.0609],[117.5945,4.06101],[117.59449,4.06112],[117.59448,4.06122],[117.5943,4.06272],[117.59409,4.06416],[117.59437,4.06547],[117.59434,4.0655],[117.59427,4.06558],[117.5942,4.06567],[117.59414,4.06575],[117.59408,4.06584],[117.59402,4.06593],[117.59396,4.06602],[117.59389,4.06611],[117.59383,4.0662],[117.59377,4.06629],[117.59371,4.06638],[117.59365,4.06647],[117.59358,4.06655],[117.59352,4.06664],[117.59346,4.06673],[117.5934,4.06682],[117.59334,4.06691],[117.59329,4.06701],[117.59324,4.0671],[117.59318,4.0672],[117.59313,4.06729],[117.59307,4.06738],[117.59302,4.06748],[117.59296,4.06757],[117.59291,4.06767],[117.59286,4.06776],[117.5928,4.06785],[117.59275,4.06795],[117.59269,4.06804],[117.59264,4.06814],[117.59259,4.06823],[117.59255,4.06833],[117.5925,4.06843],[117.59246,4.06853],[117.59241,4.06863],[117.59237,4.06873],[117.59233,4.06883],[117.59228,4.06893],[117.59224,4.06903],[117.59219,4.06912],[117.59215,4.06922],[117.5921,4.06932],[117.59206,4.06942],[117.59201,4.06952],[117.59197,4.06962],[117.59192,4.06972],[117.59187,4.06981],[117.59182,4.06991],[117.59177,4.07],[117.59172,4.0701],[117.59167,4.07019],[117.59162,4.07029],[117.59156,4.07039],[117.59151,4.07048],[117.59146,4.07058],[117.59141,4.07067],[117.59137,4.07077],[117.59134,4.07088],[117.59131,4.07098],[117.59127,4.07108],[117.59124,4.07119],[117.59121,4.07129],[117.59118,4.07139],[117.59116,4.07144],[117.59203,4.07104],[117.5946,4.07034],[117.59697,4.06991],[117.59845,4.06936],[117.59937,4.06867],[117.60078,4.06768],[117.60138,4.0675],[117.60268,4.06735],[117.60618,4.06715],[117.60841,4.06715],[117.60917,4.06761],[117.60917,4.0676],[117.60924,4.06717],[117.60954,4.06668],[117.60979,4.06632],[117.61475,4.05398],[117.61667,4.05281],[117.61711,4.05252],[117.61734,4.05246],[117.61828,4.05211],[117.62031,4.05105],[117.62189,4.04946],[117.62293,4.04787],[117.62411,4.04634],[117.62501,4.04601],[117.62515,4.04606],[117.62558,4.04492],[117.62576,4.04236],[117.62548,4.04121],[117.62453,4.03948],[117.62311,4.03804],[117.62205,4.03681],[117.62162,4.03587],[117.62087,4.03443],[117.62106,4.03277],[117.62014,4.02495]]]]},"properties":{"kdprov":"65","kdkab":"04","kdkec":"100","kddesa":"007","kdsls":"0008","idsls":"65041000070008","nmprov":"KALIMANTAN UTARA","nmkab":"NUNUKAN","nmkec":"NUNUKAN","nmdesa":"DESA PERSIAPAN BINUSAN DALAM","nmsls":"RT 007"}},{"type":"Feature","geometry":{"type":"MultiPolygon","coordinates":[[[[117.60202,4.01623],[117.60427,4.01728],[117.60649,4.019],[117.60863,4.02037],[117.60954,4.02103],[117.6112,4.02138],[117.61097,4.02167],[117.61068,4.0227],[117.61186,4.02299],[117.61247,4.02336],[117.61295,4.02339],[117.6137,4.02366],[117.61516,4.02485],[117.61583,4.02553],[117.61609,4.02581],[117.61649,4.02583],[117.61676,4.02664],[117.6171,4.02779],[117.61716,4.02772],[117.61824,4.02682],[117.6185,4.02607],[117.61907,4.02563],[117.62014,4.02495],[117.62039,4.02508],[117.62074,4.02516],[117.62096,4.02521],[117.62143,4.02524],[117.62195,4.02507],[117.62251,4.02464],[117.62393,4.0233],[117.62538,4.0227],[117.62646,4.02231],[117.62769,4.02149],[117.62999,4.01768],[117.63023,4.01697],[117.63135,4.01713],[117.63194,4.01713],[117.63235,4.01723],[117.64344,4.01456],[117.64357,4.01442],[117.64358,4.01442],[117.64465,4.01415],[117.64566,4.01393],[117.64659,4.01377],[117.64779,4.01303],[117.64861,4.01273],[117.64816,4.01055],[117.64712,4.00656],[117.64677,4.00387],[117.64834,4.00289],[117.64932,4.00176],[117.65033,4.00157],[117.6517,4.00124],[117.65345,4.00144],[117.65548,4.00119],[117.65555,4.00119],[117.65575,3.99624],[117.65558,3.99487],[117.6553,3.99391],[117.6548,3.99374],[117.64129,3.97997],[117.6407,3.9803],[117.64056,3.98037],[117.64035,3.98045],[117.64014,3.98053],[117.63995,3.98061],[117.63983,3.98066],[117.63946,3.98077],[117.63925,3.98085],[117.63894,3.98094],[117.63862,3.98109],[117.63821,3.98135],[117.6381,3.9814],[117.63787,3.98155],[117.63766,3.98169],[117.63732,3.98203],[117.6373,3.98207],[117.63721,3.98219],[117.63711,3.98227],[117.63695,3.98235],[117.6369,3.98239],[117.63624,3.98268],[117.63608,3.9828],[117.63581,3.983],[117.6356,3.98316],[117.63555,3.98319],[117.63528,3.98339],[117.63483,3.98369],[117.63459,3.98387],[117.63435,3.98403],[117.63391,3.98435],[117.63367,3.98449],[117.63317,3.98482],[117.63292,3.98499],[117.63282,3.98507],[117.6325,3.98525],[117.6321,3.98546],[117.632,3.98553],[117.63186,3.98566],[117.63176,3.98578],[117.63162,3.98605],[117.6316,3.98619],[117.63159,3.98622],[117.6315,3.98626],[117.63149,3.98644],[117.63151,3.98646],[117.63146,3.98653],[117.63136,3.98665],[117.63135,3.98666],[117.63126,3.98673],[117.63112,3.98682],[117.63111,3.98683],[117.63069,3.98704],[117.63056,3.9871],[117.63004,3.98723],[117.62952,3.9874],[117.62929,3.98749],[117.62885,3.9877],[117.62864,3.98786],[117.62842,3.988],[117.62822,3.98816],[117.62811,3.98822],[117.62785,3.98835],[117.62751,3.98848],[117.62729,3.98854],[117.62708,3.98858],[117.62689,3.98862],[117.62655,3.98878],[117.6263,3.98892],[117.62612,3.98905],[117.62567,3.98934],[117.62545,3.98949],[117.62522,3.98964],[117.62492,3.98984],[117.62478,3.98994],[117.62457,3.99008],[117.62455,3.99009],[117.62439,3.99021],[117.62412,3.99039],[117.6239,3.99062],[117.62382,3.99072],[117.62371,3.99081],[117.62326,3.99108],[117.62311,3.99123],[117.62276,3.99151],[117.62239,3.99177],[117.6222,3.99196],[117.622,3.99218],[117.62159,3.99251],[117.62139,3.99273],[117.6211,3.99304],[117.62097,3.99316],[117.62076,3.99328],[117.62064,3.99337],[117.62063,3.99339],[117.62047,3.99356],[117.62034,3.99367],[117.62017,3.99378],[117.62003,3.99387],[117.61988,3.99402],[117.61967,3.9943],[117.61961,3.99442],[117.61954,3.99453],[117.61948,3.9946],[117.61945,3.99462],[117.61853,3.99562],[117.61708,3.997],[117.61579,3.99851],[117.61578,3.99852],[117.61458,3.99952],[117.61379,4.00017],[117.61303,4.00088],[117.61278,4.00111],[117.61194,4.00217],[117.61188,4.00223],[117.6118,4.00231],[117.61173,4.00239],[117.61165,4.00246],[117.61157,4.00254],[117.6115,4.00262],[117.61142,4.00269],[117.61135,4.00277],[117.61127,4.00285],[117.6112,4.00293],[117.61112,4.00301],[117.61105,4.00308],[117.61097,4.00316],[117.61089,4.00324],[117.61082,4.00332],[117.61074,4.0034],[117.61067,4.00348],[117.61059,4.00355],[117.61052,4.00363],[117.61044,4.00371],[117.61037,4.00379],[117.61029,4.00387],[117.61022,4.00394],[117.61014,4.00402],[117.61007,4.0041],[117.60999,4.00418],[117.60992,4.00426],[117.60984,4.00433],[117.60977,4.00441],[117.60969,4.00449],[117.60962,4.00457],[117.60954,4.00465],[117.60947,4.00473],[117.60939,4.0048],[117.60932,4.00488],[117.60924,4.00496],[117.60917,4.00504],[117.60909,4.00512],[117.60902,4.00519],[117.60894,4.00527],[117.60887,4.00535],[117.60879,4.00543],[117.60872,4.0055],[117.60864,4.00558],[117.60857,4.00566],[117.60849,4.00574],[117.60842,4.00582],[117.60837,4.00587],[117.60774,4.00647],[117.60647,4.00768],[117.6063,4.00785],[117.60551,4.00901],[117.6045,4.00966],[117.60298,4.01089],[117.60296,4.01091],[117.60289,4.011],[117.60283,4.01109],[117.60276,4.01117],[117.6027,4.01126],[117.60263,4.01135],[117.60257,4.01143],[117.60251,4.01152],[117.60246,4.01162],[117.60241,4.01172],[117.60236,4.01181],[117.60231,4.01191],[117.60226,4.01201],[117.60221,4.0121],[117.60216,4.0122],[117.60212,4.0123],[117.60208,4.0124],[117.60205,4.0125],[117.60201,4.01261],[117.602,4.01271],[117.602,4.01282],[117.60199,4.01293],[117.60198,4.01304],[117.60198,4.01315],[117.60197,4.01326],[117.60197,4.01336],[117.60196,4.01347],[117.60195,4.01358],[117.60195,4.01369],[117.60196,4.0138],[117.60196,4.01391],[117.60197,4.01401],[117.60197,4.01412],[117.60198,4.01423],[117.60198,4.01434],[117.60199,4.01445],[117.60199,4.01456],[117.602,4.01467],[117.602,4.01477],[117.60201,4.01488],[117.60201,4.01499],[117.60202,4.0151],[117.60202,4.01521],[117.60203,4.01532],[117.60203,4.01542],[117.60204,4.01553],[117.60204,4.01564],[117.60205,4.01575],[117.60204,4.01586],[117.60204,4.01597],[117.60203,4.01607],[117.60202,4.01618],[117.60202,4.01623]]]]},"properties":{"kdprov":"65","kdkab":"04","kdkec":"100","kddesa":"007","kdsls":"0003","idsls":"65041000070003","nmprov":"KALIMANTAN UTARA","nmkab":"NUNUKAN","nmkec":"NUNUKAN","nmdesa":"DESA PERSIAPAN BINUSAN DALAM","nmsls":"RT 008"}},{"type":"Feature","geometry":{"type":"MultiPolygon","coordinates":[[[[117.62487,4.07349],[117.62572,4.07326],[117.62646,4.07288],[117.62715,4.07249],[117.62795,4.07247],[117.62918,4.07213],[117.62976,4.07195],[117.63043,4.07174],[117.63069,4.0717],[117.63073,4.07175],[117.63079,4.07172],[117.63107,4.07148],[117.63112,4.07143],[117.63169,4.07088],[117.63239,4.07029],[117.63269,4.06973],[117.63282,4.06895],[117.6332,4.06813],[117.63385,4.06745],[117.63447,4.0671],[117.63558,4.06685],[117.63644,4.06679],[117.63743,4.06697],[117.63793,4.06701],[117.63796,4.06682],[117.6377,4.0664],[117.63712,4.0658],[117.63613,4.06453],[117.63507,4.06319],[117.63438,4.06245],[117.63441,4.06212],[117.63453,4.06134],[117.63475,4.0607],[117.63487,4.06023],[117.6349,4.05966],[117.63474,4.05876],[117.63466,4.05843],[117.63466,4.05786],[117.63487,4.05743],[117.63512,4.05721],[117.63523,4.05683],[117.63543,4.05603],[117.63579,4.05542],[117.63614,4.05485],[117.63622,4.05448],[117.6362,4.05423],[117.63613,4.05355],[117.63581,4.05295],[117.6264,4.04806],[117.6258,4.04626],[117.62515,4.04606],[117.62501,4.04601],[117.62411,4.04634],[117.62293,4.04787],[117.62189,4.04946],[117.62031,4.05105],[117.61828,4.05211],[117.61734,4.05246],[117.61711,4.05252],[117.61667,4.05281],[117.61475,4.05398],[117.60979,4.06632],[117.60954,4.06668],[117.60924,4.06717],[117.60917,4.0676],[117.60917,4.06761],[117.60985,4.06802],[117.61087,4.07024],[117.61176,4.07125],[117.6122,4.07235],[117.61115,4.07272],[117.61144,4.07376],[117.61194,4.07406],[117.61139,4.07669],[117.61124,4.07915],[117.61077,4.0813],[117.62448,4.07365],[117.62487,4.07349]]]]},"properties":{"kdprov":"65","kdkab":"04","kdkec":"100","kddesa":"007","kdsls":"0006","idsls":"65041000070006","nmprov":"KALIMANTAN UTARA","nmkab":"NUNUKAN","nmkec":"NUNUKAN","nmdesa":"DESA PERSIAPAN BINUSAN DALAM","nmsls":"RT 011"}},{"type":"Feature","geometry":{"type":"MultiPolygon","coordinates":[[[[117.64232,4.05148],[117.64248,4.05137],[117.64259,4.0514],[117.64278,4.05144],[117.64306,4.05154],[117.64323,4.05156],[117.64346,4.05159],[117.64397,4.05178],[117.64423,4.0519],[117.64442,4.05199],[117.64457,4.05208],[117.64462,4.05207],[117.64483,4.05204],[117.64493,4.05203],[117.64518,4.05194],[117.64535,4.05185],[117.64555,4.05182],[117.64569,4.05181],[117.64582,4.05179],[117.64601,4.05175],[117.64605,4.05171],[117.64609,4.05167],[117.64614,4.05163],[117.64619,4.0516],[117.64624,4.05158],[117.64629,4.05156],[117.64635,4.05155],[117.64641,4.05154],[117.64642,4.05149],[117.64643,4.05144],[117.64645,4.05139],[117.64648,4.05134],[117.64651,4.0513],[117.64655,4.05126],[117.64659,4.05123],[117.64664,4.0512],[117.64674,4.05117],[117.64684,4.05115],[117.64695,4.05113],[117.64705,4.05111],[117.6471,4.05108],[117.64715,4.05105],[117.64719,4.05101],[117.64723,4.05097],[117.64726,4.05092],[117.64729,4.05087],[117.64731,4.05082],[117.64735,4.05063],[117.64741,4.05047],[117.64764,4.05011],[117.64786,4.04981],[117.64808,4.04954],[117.6482,4.04942],[117.64822,4.04939],[117.64822,4.04937],[117.64823,4.04934],[117.64823,4.04932],[117.64822,4.04929],[117.64821,4.04927],[117.6481,4.04911],[117.64802,4.04891],[117.64797,4.04875],[117.64787,4.04858],[117.6478,4.04846],[117.64775,4.04835],[117.64772,4.04828],[117.64762,4.0482],[117.64753,4.04813],[117.64746,4.04806],[117.64745,4.04801],[117.64743,4.04794],[117.64738,4.04792],[117.64727,4.04791],[117.64689,4.04787],[117.64622,4.04768],[117.64614,4.04765],[117.64606,4.04761],[117.64598,4.04757],[117.64591,4.04752],[117.64584,4.04746],[117.64578,4.04741],[117.64571,4.04734],[117.64566,4.04728],[117.64564,4.04724],[117.64564,4.04721],[117.64564,4.04719],[117.64564,4.04715],[117.64565,4.04711],[117.64566,4.04707],[117.64568,4.04703],[117.64571,4.047],[117.64579,4.04681],[117.64595,4.0464],[117.64617,4.04592],[117.64618,4.04585],[117.64619,4.04579],[117.64619,4.04572],[117.64619,4.04566],[117.64618,4.04559],[117.64612,4.04522],[117.64608,4.04513],[117.64607,4.04502],[117.6461,4.04496],[117.64614,4.04486],[117.6462,4.04481],[117.64625,4.04477],[117.64629,4.04474],[117.64635,4.04466],[117.6464,4.04456],[117.64647,4.04445],[117.64653,4.0444],[117.64662,4.04439],[117.64686,4.04436],[117.64728,4.04457],[117.64751,4.04484],[117.64907,4.04643],[117.64993,4.0474],[117.65014,4.04765],[117.6509,4.04848],[117.6535,4.04643],[117.65481,4.04522],[117.65612,4.04473],[117.65618,4.04475],[117.65611,4.04269],[117.65637,4.04168],[117.65631,4.04055],[117.65585,4.0404],[117.65579,4.03934],[117.65533,4.03922],[117.65419,4.03907],[117.65355,4.03849],[117.6528,4.0369],[117.65222,4.03492],[117.65148,4.03381],[117.65141,4.03288],[117.65076,4.03223],[117.65043,4.03178],[117.65076,4.031],[117.6515,4.03081],[117.65163,4.02957],[117.65134,4.02854],[117.65147,4.02769],[117.6518,4.02701],[117.6519,4.01992],[117.65176,4.01905],[117.65192,4.01713],[117.6516,4.01478],[117.65132,4.01311],[117.65121,4.01319],[117.65023,4.01325],[117.64873,4.01268],[117.64861,4.01273],[117.64779,4.01303],[117.64659,4.01377],[117.64566,4.01393],[117.64465,4.01415],[117.64358,4.01442],[117.64357,4.01442],[117.64344,4.01456],[117.63235,4.01723],[117.63194,4.01713],[117.63135,4.01713],[117.63023,4.01697],[117.62999,4.01768],[117.62769,4.02149],[117.62646,4.02231],[117.62538,4.0227],[117.62393,4.0233],[117.62251,4.02464],[117.62195,4.02507],[117.62143,4.02524],[117.62096,4.02521],[117.62074,4.02516],[117.62039,4.02508],[117.62014,4.02495],[117.62106,4.03277],[117.62087,4.03443],[117.62162,4.03587],[117.62205,4.03681],[117.62311,4.03804],[117.62453,4.03948],[117.62548,4.04121],[117.62576,4.04236],[117.62558,4.04492],[117.62515,4.04606],[117.6258,4.04626],[117.6264,4.04806],[117.63581,4.05295],[117.63636,4.05307],[117.63773,4.053],[117.64003,4.0529],[117.64021,4.05284],[117.6404,4.0527],[117.64056,4.05255],[117.64068,4.05238],[117.64073,4.05222],[117.6409,4.05206],[117.64108,4.05199],[117.64138,4.05194],[117.64153,4.05191],[117.64175,4.05181],[117.64186,4.05172],[117.64196,4.05162],[117.6422,4.05155],[117.64232,4.05148]]]]},"properties":{"kdprov":"65","kdkab":"04","kdkec":"100","kddesa":"007","kdsls":"0005","idsls":"65041000070005","nmprov":"KALIMANTAN UTARA","nmkab":"NUNUKAN","nmkec":"NUNUKAN","nmdesa":"DESA PERSIAPAN BINUSAN DALAM","nmsls":"RT 010"}},{"type":"Feature","geometry":{"type":"MultiPolygon","coordinates":[[[[117.63249,4.08545],[117.6328,4.08527],[117.63327,4.08537],[117.63379,4.0853],[117.63451,4.08509],[117.63479,4.08485],[117.63536,4.08501],[117.63572,4.08507],[117.63581,4.08165],[117.63648,4.08066],[117.63692,4.07944],[117.63651,4.07882],[117.63495,4.07836],[117.63401,4.07731],[117.63471,4.07685],[117.63544,4.07611],[117.63573,4.07572],[117.63613,4.0755],[117.63644,4.07514],[117.63618,4.07465],[117.63616,4.07439],[117.63594,4.0738],[117.6355,4.07362],[117.63536,4.07311],[117.63447,4.07291],[117.6336,4.07251],[117.63294,4.07233],[117.63247,4.0726],[117.63218,4.07237],[117.63176,4.07191],[117.63133,4.07162],[117.63107,4.07148],[117.63079,4.07172],[117.63073,4.07175],[117.63069,4.0717],[117.63043,4.07174],[117.62976,4.07195],[117.62918,4.07213],[117.62795,4.07247],[117.62715,4.07249],[117.62646,4.07288],[117.62572,4.07326],[117.62487,4.07349],[117.62448,4.07365],[117.62414,4.07852],[117.62406,4.08093],[117.62483,4.08206],[117.62488,4.08237],[117.62533,4.08348],[117.62561,4.08413],[117.62603,4.08526],[117.6261,4.08545],[117.62618,4.08574],[117.62637,4.08561],[117.62685,4.08531],[117.62744,4.08487],[117.62819,4.08452],[117.62893,4.08436],[117.62955,4.08448],[117.63023,4.08461],[117.63115,4.08468],[117.63184,4.08503],[117.63249,4.08545]]]]},"properties":{"kdprov":"65","kdkab":"04","kdkec":"100","kddesa":"002","kdsls":"0014","idsls":"65041000020014","nmprov":"KALIMANTAN UTARA","nmkab":"NUNUKAN","nmkec":"NUNUKAN","nmdesa":"BINUSAN","nmsls":"RT 014"}},{"type":"Feature","geometry":{"type":"MultiPolygon","coordinates":[[[[117.65333,4.0821],[117.65351,4.08198],[117.65356,4.08195],[117.65396,4.08184],[117.65437,4.08167],[117.65442,4.08165],[117.65477,4.08143],[117.65522,4.08113],[117.65552,4.08086],[117.65573,4.08059],[117.656,4.08027],[117.65646,4.07983],[117.65689,4.07956],[117.65737,4.07942],[117.65823,4.07944],[117.65882,4.07939],[117.65928,4.07922],[117.65999,4.0788],[117.66053,4.07813],[117.66091,4.07729],[117.66097,4.07714],[117.66132,4.07632],[117.66174,4.07535],[117.66215,4.07455],[117.66261,4.07392],[117.66305,4.07352],[117.66315,4.07342],[117.6637,4.07287],[117.66407,4.07232],[117.66424,4.0719],[117.66445,4.0714],[117.66482,4.07081],[117.66499,4.07022],[117.66515,4.06934],[117.66515,4.06871],[117.66515,4.06799],[117.66502,4.06741],[117.66472,4.06678],[117.66447,4.06606],[117.66447,4.06514],[117.66451,4.06443],[117.66463,4.0635],[117.66471,4.06262],[117.66475,4.06195],[117.66475,4.06128],[117.6647,4.06023],[117.66459,4.05978],[117.66453,4.05955],[117.66407,4.0583],[117.66344,4.05704],[117.66268,4.05637],[117.66251,4.05625],[117.66241,4.05613],[117.66229,4.05603],[117.66213,4.05591],[117.66201,4.05584],[117.66176,4.05576],[117.66156,4.05568],[117.66136,4.05555],[117.66117,4.0554],[117.66096,4.05517],[117.66078,4.05495],[117.66063,4.05473],[117.66047,4.05454],[117.66038,4.05432],[117.66035,4.05408],[117.66035,4.05381],[117.66034,4.05357],[117.6603,4.05332],[117.66023,4.05309],[117.66017,4.0529],[117.66014,4.0527],[117.6602,4.0525],[117.66028,4.05229],[117.66029,4.05212],[117.66028,4.05193],[117.66026,4.05171],[117.66028,4.05142],[117.6603,4.0512],[117.66045,4.05073],[117.66077,4.05011],[117.66099,4.04958],[117.66117,4.04906],[117.66121,4.04885],[117.66121,4.04852],[117.66117,4.04812],[117.66111,4.04775],[117.66111,4.04739],[117.6611,4.04717],[117.66111,4.04685],[117.66012,4.047],[117.65954,4.0464],[117.65777,4.04531],[117.65618,4.04475],[117.65612,4.04473],[117.65481,4.04522],[117.6535,4.04643],[117.6509,4.04848],[117.65014,4.04765],[117.64993,4.0474],[117.64907,4.04643],[117.64751,4.04484],[117.64728,4.04457],[117.64686,4.04436],[117.64662,4.04439],[117.64653,4.0444],[117.64647,4.04445],[117.6464,4.04456],[117.64635,4.04466],[117.64629,4.04474],[117.64625,4.04477],[117.6462,4.04481],[117.64614,4.04486],[117.6461,4.04496],[117.64607,4.04502],[117.64608,4.04513],[117.64612,4.04522],[117.64618,4.04559],[117.64619,4.04566],[117.64619,4.04572],[117.64619,4.04579],[117.64618,4.04585],[117.64617,4.04592],[117.64595,4.0464],[117.64579,4.04681],[117.64571,4.047],[117.64568,4.04703],[117.64566,4.04707],[117.64565,4.04711],[117.64564,4.04715],[117.64564,4.04719],[117.64564,4.04721],[117.64564,4.04724],[117.64566,4.04728],[117.64571,4.04734],[117.64578,4.04741],[117.64584,4.04746],[117.64591,4.04752],[117.64598,4.04757],[117.64606,4.04761],[117.64614,4.04765],[117.64622,4.04768],[117.64689,4.04787],[117.64727,4.04791],[117.64738,4.04792],[117.64743,4.04794],[117.64745,4.04801],[117.64746,4.04806],[117.64753,4.04813],[117.64762,4.0482],[117.64772,4.04828],[117.64775,4.04835],[117.6478,4.04846],[117.64787,4.04858],[117.64797,4.04875],[117.64802,4.04891],[117.6481,4.04911],[117.64821,4.04927],[117.64822,4.04929],[117.64823,4.04932],[117.64823,4.04934],[117.64822,4.04937],[117.64822,4.04939],[117.6482,4.04942],[117.64808,4.04954],[117.64786,4.04981],[117.64764,4.05011],[117.64741,4.05047],[117.64735,4.05063],[117.64731,4.05082],[117.64729,4.05087],[117.64726,4.05092],[117.64723,4.05097],[117.64719,4.05101],[117.64715,4.05105],[117.6471,4.05108],[117.64705,4.05111],[117.64695,4.05113],[117.64684,4.05115],[117.64674,4.05117],[117.64664,4.0512],[117.64659,4.05123],[117.64655,4.05126],[117.64651,4.0513],[117.64648,4.05134],[117.64645,4.05139],[117.64643,4.05144],[117.64642,4.05149],[117.64641,4.05154],[117.64635,4.05155],[117.64629,4.05156],[117.64624,4.05158],[117.64619,4.0516],[117.64614,4.05163],[117.64609,4.05167],[117.64605,4.05171],[117.64601,4.05175],[117.64582,4.05179],[117.64569,4.05181],[117.64555,4.05182],[117.64535,4.05185],[117.64518,4.05194],[117.64493,4.05203],[117.64483,4.05204],[117.64462,4.05207],[117.64457,4.05208],[117.64442,4.05199],[117.64423,4.0519],[117.64397,4.05178],[117.64346,4.05159],[117.64323,4.05156],[117.64306,4.05154],[117.64278,4.05144],[117.64259,4.0514],[117.64248,4.05137],[117.64232,4.05148],[117.6422,4.05155],[117.64196,4.05162],[117.64186,4.05172],[117.64175,4.05181],[117.64153,4.05191],[117.64138,4.05194],[117.64108,4.05199],[117.6409,4.05206],[117.64073,4.05222],[117.64068,4.05238],[117.64056,4.05255],[117.6404,4.0527],[117.64021,4.05284],[117.64003,4.0529],[117.63773,4.053],[117.63636,4.05307],[117.63581,4.05295],[117.63613,4.05355],[117.6362,4.05423],[117.63622,4.05448],[117.63614,4.05485],[117.63579,4.05542],[117.63543,4.05603],[117.63523,4.05683],[117.63512,4.05721],[117.63487,4.05743],[117.63466,4.05786],[117.63466,4.05843],[117.63474,4.05876],[117.6349,4.05966],[117.63487,4.06023],[117.63475,4.0607],[117.63453,4.06134],[117.63441,4.06212],[117.63438,4.06245],[117.63507,4.06319],[117.63613,4.06453],[117.63712,4.0658],[117.6377,4.0664],[117.63796,4.06682],[117.63793,4.06701],[117.63743,4.06697],[117.63644,4.06679],[117.63558,4.06685],[117.63447,4.0671],[117.63385,4.06745],[117.6332,4.06813],[117.63282,4.06895],[117.63269,4.06973],[117.63239,4.07029],[117.63169,4.07088],[117.63112,4.07143],[117.63107,4.07148],[117.63133,4.07162],[117.63176,4.07191],[117.63218,4.07237],[117.63247,4.0726],[117.63294,4.07233],[117.6336,4.07251],[117.63447,4.07291],[117.63536,4.07311],[117.6355,4.07362],[117.63594,4.0738],[117.63616,4.07439],[117.63618,4.07465],[117.63644,4.07514],[117.63613,4.0755],[117.63573,4.07572],[117.63544,4.07611],[117.63471,4.07685],[117.63401,4.07731],[117.63495,4.07836],[117.63651,4.07882],[117.63692,4.07944],[117.63648,4.08066],[117.63581,4.08165],[117.63572,4.08507],[117.63616,4.08453],[117.63705,4.08467],[117.63767,4.08505],[117.63777,4.08509],[117.6384,4.08573],[117.6389,4.08618],[117.63934,4.08633],[117.63992,4.08604],[117.64025,4.08568],[117.64061,4.08543],[117.64098,4.08545],[117.6414,4.08582],[117.64191,4.08596],[117.64226,4.08595],[117.64273,4.08549],[117.64312,4.08485],[117.64331,4.08462],[117.64382,4.08431],[117.64457,4.08394],[117.64514,4.0832],[117.64606,4.08262],[117.64641,4.08216],[117.64654,4.08149],[117.6471,4.08112],[117.64833,4.08087],[117.64892,4.08045],[117.64927,4.07977],[117.65019,4.07915],[117.65069,4.07892],[117.65082,4.07888],[117.65158,4.07927],[117.65195,4.0797],[117.6522,4.08034],[117.65257,4.08097],[117.65292,4.08156],[117.65312,4.08194],[117.65333,4.0821]]]]},"properties":{"kdprov":"65","kdkab":"04","kdkec":"100","kddesa":"007","kdsls":"0001","idsls":"65041000070001","nmprov":"KALIMANTAN UTARA","nmkab":"NUNUKAN","nmkec":"NUNUKAN","nmdesa":"DESA PERSIAPAN BINUSAN DALAM","nmsls":"RT 006"}},{"type":"Feature","geometry":{"type":"MultiPolygon","coordinates":[[[[117.67031,3.98359],[117.66995,3.98327],[117.66982,3.98286],[117.66959,3.98178],[117.66934,3.98105],[117.66898,3.97986],[117.66919,3.97808],[117.66934,3.97798],[117.66961,3.97797],[117.66942,3.97741],[117.66903,3.97667],[117.66886,3.97611],[117.6688,3.97561],[117.66852,3.9751],[117.66802,3.97482],[117.66741,3.97476],[117.66729,3.97459],[117.66746,3.97442],[117.66785,3.97431],[117.66813,3.97381],[117.66797,3.97324],[117.66769,3.97296],[117.6669,3.97291],[117.66651,3.97308],[117.66623,3.97302],[117.66618,3.97257],[117.66629,3.97218],[117.66634,3.97144],[117.66629,3.97088],[117.66601,3.96998],[117.66601,3.96936],[117.66599,3.96926],[117.66593,3.9694],[117.66585,3.96969],[117.66575,3.97],[117.66572,3.96994],[117.66567,3.96973],[117.66562,3.96948],[117.66569,3.96884],[117.66571,3.96859],[117.66557,3.96827],[117.66541,3.96811],[117.66502,3.96801],[117.66487,3.96798],[117.66466,3.96795],[117.66439,3.96791],[117.66375,3.96788],[117.66298,3.96811],[117.66044,3.96992],[117.65747,3.97216],[117.65318,3.97463],[117.64619,3.9776],[117.64157,3.97984],[117.64129,3.97997],[117.6548,3.99374],[117.6553,3.99391],[117.65558,3.99487],[117.65575,3.99624],[117.65555,4.00119],[117.65714,4.00119],[117.6598,4.00193],[117.66209,4.00316],[117.66461,4.00346],[117.66673,4.00304],[117.66674,4.00266],[117.66677,4.0024],[117.66694,4.00212],[117.66711,4.0018],[117.66719,4.00168],[117.66735,4.00135],[117.66756,4.00096],[117.66768,4.00053],[117.66818,4.00012],[117.6683,4.0],[117.66834,3.99995],[117.66874,3.99922],[117.6693,3.99888],[117.67008,3.99872],[117.67081,3.99849],[117.67148,3.99815],[117.6721,3.99782],[117.67271,3.99737],[117.67299,3.99686],[117.6731,3.99641],[117.67327,3.99607],[117.67361,3.99557],[117.67378,3.99484],[117.67378,3.99399],[117.67383,3.99158],[117.67361,3.98994],[117.67333,3.98904],[117.6726,3.98753],[117.67137,3.98539],[117.67087,3.98432],[117.67031,3.98359]]]]},"properties":{"kdprov":"65","kdkab":"04","kdkec":"100","kddesa":"007","kdsls":"0004","idsls":"65041000070004","nmprov":"KALIMANTAN UTARA","nmkab":"NUNUKAN","nmkec":"NUNUKAN","nmdesa":"DESA PERSIAPAN BINUSAN DALAM","nmsls":"RT 009"}},{"type":"Feature","geometry":{"type":"MultiPolygon","coordinates":[[[[117.66111,4.04685],[117.66116,4.04653],[117.66133,4.04619],[117.66153,4.04587],[117.66186,4.04542],[117.66215,4.04512],[117.66258,4.0447],[117.66292,4.0445],[117.66331,4.04436],[117.66353,4.0443],[117.6638,4.04419],[117.664,4.04411],[117.66417,4.04398],[117.66428,4.04383],[117.66439,4.04361],[117.66447,4.0433],[117.66449,4.0431],[117.66449,4.04289],[117.66442,4.04267],[117.66425,4.04238],[117.66411,4.04223],[117.66393,4.04208],[117.66386,4.04193],[117.66386,4.04169],[117.66386,4.04144],[117.66386,4.041],[117.66385,4.04073],[117.6638,4.0404],[117.66363,4.04009],[117.66353,4.0399],[117.66347,4.03973],[117.6633,4.0395],[117.66321,4.03941],[117.66313,4.03933],[117.66298,4.03922],[117.66279,4.03913],[117.66258,4.03896],[117.66238,4.03866],[117.66228,4.03841],[117.66214,4.03815],[117.66197,4.03794],[117.66178,4.03775],[117.66155,4.0375],[117.66139,4.03727],[117.66128,4.03706],[117.66117,4.0368],[117.66103,4.03643],[117.661,4.0362],[117.661,4.03593],[117.66105,4.03567],[117.66124,4.03512],[117.66138,4.0347],[117.66154,4.03432],[117.66165,4.03401],[117.66179,4.03365],[117.66188,4.03334],[117.66198,4.03307],[117.66203,4.03274],[117.66201,4.03231],[117.66199,4.03214],[117.66197,4.03201],[117.66191,4.03176],[117.66176,4.03145],[117.66168,4.03105],[117.66168,4.03081],[117.66173,4.03063],[117.66183,4.03042],[117.66198,4.03022],[117.66216,4.03],[117.66228,4.02979],[117.66235,4.02957],[117.66237,4.02931],[117.66236,4.02902],[117.66232,4.0287],[117.66226,4.02839],[117.66205,4.02779],[117.66194,4.02756],[117.66184,4.02733],[117.66168,4.02691],[117.66168,4.0266],[117.66171,4.02622],[117.66176,4.02594],[117.66185,4.02564],[117.66196,4.02543],[117.66208,4.02519],[117.66219,4.02495],[117.66235,4.02475],[117.66257,4.02456],[117.66286,4.02438],[117.66319,4.0242],[117.66333,4.02406],[117.66344,4.02388],[117.6635,4.02371],[117.66354,4.02353],[117.66354,4.02337],[117.66347,4.023],[117.66337,4.02279],[117.66322,4.02262],[117.66307,4.02242],[117.66297,4.02218],[117.66289,4.02192],[117.66279,4.0216],[117.66268,4.02129],[117.66243,4.02083],[117.66224,4.02042],[117.66207,4.01995],[117.66203,4.01972],[117.66203,4.01943],[117.66205,4.01909],[117.66217,4.01868],[117.6623,4.01829],[117.66248,4.0178],[117.66258,4.01744],[117.66269,4.01709],[117.66273,4.01679],[117.66278,4.01643],[117.66282,4.01611],[117.66293,4.01577],[117.6631,4.01535],[117.66332,4.01505],[117.66352,4.01473],[117.66369,4.01455],[117.66387,4.01433],[117.66406,4.01411],[117.66414,4.01394],[117.66421,4.01372],[117.66421,4.0135],[117.66415,4.0132],[117.66409,4.01287],[117.66407,4.01275],[117.66401,4.0123],[117.66396,4.01191],[117.66382,4.01165],[117.66352,4.01129],[117.66327,4.011],[117.66309,4.01081],[117.66295,4.01062],[117.66286,4.01041],[117.66275,4.01016],[117.66264,4.00992],[117.66262,4.0097],[117.66263,4.00938],[117.6626,4.00899],[117.66245,4.00856],[117.6623,4.00818],[117.66219,4.00793],[117.66213,4.00763],[117.66215,4.00743],[117.66272,4.0071],[117.66324,4.00685],[117.6635,4.00671],[117.66381,4.00649],[117.66406,4.00634],[117.66443,4.00616],[117.66461,4.00609],[117.66482,4.00602],[117.66515,4.00584],[117.66542,4.00566],[117.66563,4.00548],[117.66581,4.00519],[117.66598,4.00484],[117.66615,4.00458],[117.66628,4.00433],[117.66641,4.00408],[117.66656,4.00375],[117.66667,4.00346],[117.66672,4.00325],[117.66673,4.00311],[117.66673,4.00304],[117.66461,4.00346],[117.66209,4.00316],[117.6598,4.00193],[117.65714,4.00119],[117.65555,4.00119],[117.65548,4.00119],[117.65345,4.00144],[117.6517,4.00124],[117.65033,4.00157],[117.64932,4.00176],[117.64834,4.00289],[117.64677,4.00387],[117.64712,4.00656],[117.64816,4.01055],[117.64861,4.01273],[117.64873,4.01268],[117.65023,4.01325],[117.65121,4.01319],[117.65132,4.01311],[117.6516,4.01478],[117.65192,4.01713],[117.65176,4.01905],[117.6519,4.01992],[117.6518,4.02701],[117.65147,4.02769],[117.65134,4.02854],[117.65163,4.02957],[117.6515,4.03081],[117.65076,4.031],[117.65043,4.03178],[117.65076,4.03223],[117.65141,4.03288],[117.65148,4.03381],[117.65222,4.03492],[117.6528,4.0369],[117.65355,4.03849],[117.65419,4.03907],[117.65533,4.03922],[117.65579,4.03934],[117.65585,4.0404],[117.65631,4.04055],[117.65637,4.04168],[117.65611,4.04269],[117.65618,4.04475],[117.65777,4.04531],[117.65954,4.0464],[117.66012,4.047],[117.66111,4.04685]]]]},"properties":{"kdprov":"65","kdkab":"04","kdkec":"100","kddesa":"007","kdsls":"0007","idsls":"65041000070007","nmprov":"KALIMANTAN UTARA","nmkab":"NUNUKAN","nmkec":"NUNUKAN","nmdesa":"DESA PERSIAPAN BINUSAN DALAM","nmsls":"RT 015"}},{"type":"Feature","geometry":{"type":"MultiPolygon","coordinates":[[[[117.45334,3.932],[117.45394,3.93182],[117.45543,3.93141],[117.45688,3.93104],[117.46713,3.92663],[117.47952,3.92299],[117.48706,3.91774],[117.49608,3.91411],[117.50726,3.91667],[117.51803,3.92528],[117.53096,3.9273],[117.54416,3.92515],[117.56301,3.91545],[117.57863,3.89929],[117.58832,3.8861],[117.60191,3.87929],[117.59774,3.87894],[117.59573,3.87741],[117.59567,3.8773],[117.58969,3.86427],[117.58683,3.85656],[117.58667,3.8531],[117.5863,3.84507],[117.58615,3.84186],[117.586,3.83865],[117.58601,3.82825],[117.58372,3.82807],[117.58357,3.82805],[117.58329,3.82803],[117.58141,3.82788],[117.57315,3.82784],[117.56321,3.8274],[117.55414,3.82791],[117.54866,3.82822],[117.51847,3.83169],[117.50352,3.83396],[117.49176,3.8364],[117.49125,3.8365],[117.47043,3.84162],[117.45699,3.84452],[117.4539,3.84518],[117.4401,3.84816],[117.43746,3.84906],[117.43629,3.84947],[117.42999,3.85135],[117.42718,3.85219],[117.42705,3.85223],[117.42594,3.85256],[117.42071,3.8538],[117.41939,3.85411],[117.41761,3.8547],[117.41226,3.85649],[117.41226,3.85649],[117.41226,3.85649],[117.41226,3.85649],[117.4046,3.85809],[117.40143,3.85875],[117.40143,3.85875],[117.39786,3.85958],[117.39591,3.85988],[117.39145,3.86056],[117.39145,3.86056],[117.39228,3.86202],[117.39298,3.86327],[117.39387,3.86487],[117.39477,3.86648],[117.3956,3.86827],[117.39667,3.87088],[117.39841,3.87453],[117.39987,3.87646],[117.39988,3.87647],[117.40003,3.877],[117.4006,3.87897],[117.4008,3.88087],[117.40198,3.88137],[117.40443,3.88242],[117.40618,3.88316],[117.40631,3.88315],[117.40648,3.88313],[117.40657,3.88315],[117.40679,3.88319],[117.40707,3.88336],[117.40711,3.88338],[117.40737,3.88342],[117.40743,3.88342],[117.40765,3.88343],[117.40788,3.88345],[117.40874,3.88352],[117.40931,3.88363],[117.40988,3.8838],[117.41074,3.88409],[117.41081,3.88413],[117.41148,3.88443],[117.41213,3.88473],[117.41245,3.88492],[117.4133,3.88542],[117.41477,3.88619],[117.41527,3.88657],[117.41533,3.88662],[117.41548,3.88677],[117.41574,3.88704],[117.41574,3.88704],[117.41601,3.88739],[117.4163,3.88777],[117.41689,3.88852],[117.41694,3.88859],[117.41744,3.88913],[117.41748,3.88916],[117.41783,3.88945],[117.41825,3.88977],[117.41864,3.89016],[117.41869,3.89021],[117.41902,3.89061],[117.41922,3.89085],[117.41994,3.89168],[117.42028,3.89216],[117.42061,3.89263],[117.42079,3.89294],[117.42092,3.89317],[117.42105,3.89352],[117.42113,3.89374],[117.42117,3.89387],[117.42133,3.89433],[117.42139,3.89472],[117.42144,3.89503],[117.42144,3.89535],[117.42144,3.89557],[117.4215,3.89583],[117.42156,3.89609],[117.42158,3.89617],[117.4217,3.89673],[117.42175,3.89694],[117.42176,3.89698],[117.42176,3.89703],[117.42179,3.8972],[117.42178,3.89738],[117.42178,3.89747],[117.42177,3.89759],[117.42179,3.89775],[117.42181,3.89779],[117.42185,3.89788],[117.42201,3.89886],[117.42203,3.89896],[117.42205,3.89909],[117.42219,3.89991],[117.42223,3.90025],[117.4223,3.90072],[117.42242,3.90114],[117.42246,3.90129],[117.42253,3.90155],[117.42274,3.90208],[117.42291,3.90249],[117.42304,3.90279],[117.42308,3.90289],[117.4231,3.90308],[117.42312,3.90373],[117.42313,3.9038],[117.4232,3.90435],[117.42324,3.90469],[117.42329,3.90478],[117.4234,3.90496],[117.4235,3.90516],[117.42361,3.90537],[117.42367,3.90549],[117.42373,3.90562],[117.42388,3.90595],[117.42393,3.90605],[117.42396,3.90611],[117.42408,3.9062],[117.4242,3.90629],[117.42442,3.90641],[117.42461,3.90652],[117.42496,3.90685],[117.42527,3.90721],[117.42529,3.90723],[117.42568,3.90767],[117.42592,3.90796],[117.42616,3.90814],[117.42618,3.90815],[117.42624,3.90818],[117.42658,3.90832],[117.42739,3.90871],[117.42748,3.90875],[117.42826,3.90916],[117.42832,3.9092],[117.4288,3.90947],[117.42917,3.9097],[117.42924,3.90974],[117.4293,3.90976],[117.42963,3.9099],[117.43016,3.91004],[117.43026,3.91007],[117.43085,3.91024],[117.43111,3.91037],[117.43133,3.91048],[117.43166,3.91072],[117.4317,3.9108],[117.43184,3.91104],[117.43182,3.91133],[117.43179,3.91144],[117.43175,3.91159],[117.43151,3.91188],[117.4313,3.91206],[117.43121,3.91214],[117.43112,3.91232],[117.43109,3.91245],[117.43107,3.91261],[117.43108,3.91282],[117.43109,3.91303],[117.43115,3.91344],[117.43143,3.9142],[117.43163,3.91463],[117.43178,3.91494],[117.43211,3.91538],[117.43249,3.91572],[117.4325,3.91573],[117.43275,3.91583],[117.43287,3.91588],[117.43339,3.91601],[117.43389,3.91615],[117.43414,3.91626],[117.4344,3.91643],[117.43479,3.91669],[117.43515,3.91702],[117.43532,3.91721],[117.43536,3.91727],[117.43546,3.9174],[117.43548,3.91757],[117.43547,3.91764],[117.43546,3.91785],[117.43541,3.91819],[117.4353,3.91857],[117.43521,3.91908],[117.43516,3.91937],[117.43516,3.91941],[117.43518,3.91956],[117.4352,3.91964],[117.43522,3.91971],[117.43533,3.91984],[117.43546,3.91999],[117.43569,3.9203],[117.4358,3.92045],[117.43596,3.92074],[117.43603,3.92105],[117.43609,3.92125],[117.43616,3.92147],[117.43633,3.92182],[117.4364,3.92198],[117.4365,3.92214],[117.43672,3.92254],[117.4369,3.92298],[117.43695,3.92309],[117.43698,3.92316],[117.43697,3.92317],[117.43695,3.92325],[117.43692,3.9233],[117.43688,3.92334],[117.43673,3.92341],[117.4366,3.92342],[117.43653,3.92343],[117.43647,3.92343],[117.43633,3.92344],[117.43623,3.92345],[117.43624,3.92348],[117.43626,3.92356],[117.43626,3.92356],[117.43631,3.92372],[117.43631,3.92373],[117.43631,3.92378],[117.43629,3.924],[117.43628,3.92456],[117.43636,3.92482],[117.43637,3.92488],[117.43646,3.92528],[117.43662,3.92577],[117.43664,3.92584],[117.43665,3.92591],[117.43666,3.92611],[117.43665,3.92634],[117.4366,3.92644],[117.43655,3.92655],[117.43642,3.92663],[117.43637,3.92666],[117.43608,3.92667],[117.43604,3.92667],[117.43602,3.92667],[117.43586,3.92668],[117.43584,3.92673],[117.43584,3.92674],[117.43594,3.92695],[117.43595,3.92697],[117.43595,3.92699],[117.43604,3.92723],[117.43607,3.92738],[117.4361,3.92753],[117.43623,3.92798],[117.43628,3.92817],[117.43646,3.92848],[117.4365,3.92854],[117.43682,3.92886],[117.43712,3.92906],[117.43717,3.92909],[117.43735,3.92912],[117.43761,3.92917],[117.43794,3.92917],[117.43818,3.92918],[117.4383,3.92918],[117.4384,3.92918],[117.43881,3.92933],[117.43894,3.92942],[117.43935,3.92985],[117.43937,3.92988],[117.43944,3.92995],[117.43965,3.93022],[117.43976,3.93035],[117.43976,3.93035],[117.44017,3.93086],[117.44034,3.93107],[117.44149,3.93222],[117.44152,3.93225],[117.44156,3.93228],[117.44165,3.93237],[117.44198,3.93263],[117.44298,3.93342],[117.44411,3.9335],[117.44445,3.93352],[117.44582,3.93384],[117.44698,3.93378],[117.44814,3.93373],[117.44938,3.93338],[117.45057,3.93304],[117.4511,3.93283],[117.45126,3.93277],[117.45259,3.93223],[117.45334,3.932]]]]},"properties":{"kdprov":"65","kdkab":"04","kdkec":"100","kddesa":"001","kdsls":"2002","idsls":"65041000012002","nmprov":"KALIMANTAN UTARA","nmkab":"NUNUKAN","nmkec":"NUNUKAN","nmdesa":"NUNUKAN BARAT","nmsls":"HUTAN"}},{"type":"Feature","geometry":{"type":"MultiPolygon","coordinates":[[[[117.63249,4.08545],[117.63184,4.08503],[117.63115,4.08468],[117.63023,4.08461],[117.62955,4.08448],[117.62893,4.08436],[117.62819,4.08452],[117.62744,4.08487],[117.62685,4.08531],[117.62637,4.08561],[117.62618,4.08574],[117.62617,4.08576],[117.62565,4.0862],[117.62477,4.08705],[117.62369,4.08792],[117.62248,4.08873],[117.62074,4.08925],[117.6198,4.08954],[117.61974,4.08964],[117.61953,4.09009],[117.61957,4.09054],[117.62001,4.09173],[117.62054,4.09305],[117.621,4.09448],[117.62144,4.09526],[117.62162,4.09495],[117.62185,4.09474],[117.62195,4.09463],[117.62208,4.09462],[117.62241,4.09464],[117.62264,4.09466],[117.6228,4.09472],[117.62303,4.09484],[117.62341,4.09494],[117.62382,4.09493],[117.62422,4.09481],[117.6244,4.09465],[117.62463,4.09431],[117.62471,4.09418],[117.62651,4.09438],[117.63555,4.08735],[117.63411,4.08655],[117.63338,4.08603],[117.63249,4.08545]]]]},"properties":{"kdprov":"65","kdkab":"04","kdkec":"100","kddesa":"002","kdsls":"0002","idsls":"65041000020002","nmprov":"KALIMANTAN UTARA","nmkab":"NUNUKAN","nmkec":"NUNUKAN","nmdesa":"BINUSAN","nmsls":"RT 002"}},{"type":"Feature","geometry":{"type":"MultiPolygon","coordinates":[[[[117.63554,4.12564],[117.62976,4.12413],[117.62684,4.12493],[117.6228,4.12694],[117.62333,4.12776],[117.62412,4.1287],[117.62498,4.12971],[117.62578,4.13072],[117.6259,4.13088],[117.62664,4.13188],[117.62682,4.1321],[117.62751,4.13296],[117.62751,4.13409],[117.6332,4.13827],[117.6356,4.14009],[117.63711,4.14079],[117.63802,4.13919],[117.63819,4.13925],[117.63828,4.13905],[117.63836,4.13905],[117.63851,4.13875],[117.63877,4.13789],[117.63866,4.13785],[117.63827,4.13761],[117.63788,4.13732],[117.63749,4.137],[117.63732,4.13673],[117.63714,4.13635],[117.63702,4.13574],[117.63694,4.13517],[117.63686,4.13488],[117.63669,4.13456],[117.63636,4.1344],[117.63582,4.13417],[117.63512,4.13386],[117.6346,4.13362],[117.63465,4.13352],[117.63468,4.13346],[117.63458,4.13334],[117.6345,4.13322],[117.63448,4.13304],[117.63445,4.13285],[117.63443,4.13269],[117.63442,4.13257],[117.63447,4.13247],[117.63453,4.1324],[117.63465,4.13232],[117.63476,4.13229],[117.6348,4.13201],[117.63484,4.13173],[117.63479,4.13171],[117.63458,4.13161],[117.63462,4.13152],[117.6347,4.13144],[117.63481,4.13133],[117.63489,4.13115],[117.63493,4.13101],[117.63494,4.13088],[117.635,4.13077],[117.6351,4.13054],[117.63521,4.13038],[117.63544,4.13005],[117.63547,4.12993],[117.63548,4.12979],[117.63561,4.12956],[117.63575,4.12939],[117.63582,4.12907],[117.63591,4.12857],[117.63601,4.12841],[117.63608,4.12838],[117.63631,4.12839],[117.63659,4.12848],[117.63672,4.12849],[117.63679,4.12839],[117.63684,4.12825],[117.63684,4.12813],[117.63644,4.12795],[117.63607,4.12769],[117.63568,4.12734],[117.6355,4.1271],[117.63542,4.12696],[117.63543,4.12637],[117.63552,4.12573],[117.63554,4.12564]]]]},"properties":{"kdprov":"65","kdkab":"04","kdkec":"100","kddesa":"001","kdsls":"0017","idsls":"65041000010017","nmprov":"KALIMANTAN UTARA","nmkab":"NUNUKAN","nmkec":"NUNUKAN","nmdesa":"NUNUKAN BARAT","nmsls":"RT 018"}},{"type":"Feature","geometry":{"type":"MultiPolygon","coordinates":[[[[117.64173,4.1346],[117.6414,4.13452],[117.64089,4.13437],[117.64027,4.1342],[117.63956,4.13403],[117.63878,4.13382],[117.6382,4.1336],[117.63796,4.13353],[117.63779,4.13337],[117.63745,4.13295],[117.63633,4.1331],[117.63522,4.13338],[117.635,4.13342],[117.63512,4.13386],[117.63582,4.13417],[117.63636,4.1344],[117.63669,4.13456],[117.63686,4.13488],[117.63694,4.13517],[117.63702,4.13574],[117.63714,4.13635],[117.63732,4.13673],[117.63749,4.137],[117.63788,4.13732],[117.63827,4.13761],[117.63866,4.13785],[117.63877,4.13789],[117.63961,4.13815],[117.6403,4.13836],[117.64058,4.1368],[117.64173,4.1346]]]]},"properties":{"kdprov":"65","kdkab":"04","kdkec":"100","kddesa":"001","kdsls":"0012","idsls":"65041000010012","nmprov":"KALIMANTAN UTARA","nmkab":"NUNUKAN","nmkec":"NUNUKAN","nmdesa":"NUNUKAN BARAT","nmsls":"RT 013"}},{"type":"Feature","geometry":{"type":"MultiPolygon","coordinates":[[[[117.63928,4.14179],[117.6398,4.14016],[117.64053,4.14042],[117.64101,4.14059],[117.64131,4.1407],[117.64165,4.1408],[117.64185,4.14086],[117.64206,4.14086],[117.64228,4.14086],[117.64225,4.14071],[117.64226,4.14065],[117.6422,4.14064],[117.64191,4.14058],[117.64154,4.14047],[117.64124,4.14034],[117.64082,4.14016],[117.64038,4.13997],[117.6402,4.13988],[117.64026,4.13962],[117.64001,4.13952],[117.63999,4.13948],[117.64018,4.1389],[117.6403,4.13836],[117.63961,4.13815],[117.63877,4.13789],[117.63851,4.13875],[117.63836,4.13905],[117.63828,4.13905],[117.63819,4.13925],[117.63802,4.13919],[117.63711,4.14079],[117.63928,4.14179]]]]},"properties":{"kdprov":"65","kdkab":"04","kdkec":"100","kddesa":"001","kdsls":"0011","idsls":"65041000010011","nmprov":"KALIMANTAN UTARA","nmkab":"NUNUKAN","nmkec":"NUNUKAN","nmdesa":"NUNUKAN BARAT","nmsls":"RT 012"}},{"type":"Feature","geometry":{"type":"MultiPolygon","coordinates":[[[[117.64807,4.14211],[117.6484,4.14157],[117.6487,4.14147],[117.64874,4.14147],[117.64871,4.14084],[117.64785,4.14094],[117.64777,4.14132],[117.64772,4.14156],[117.64751,4.14187],[117.64742,4.14185],[117.64716,4.14217],[117.64682,4.14253],[117.64657,4.14286],[117.64649,4.143],[117.64669,4.14309],[117.64703,4.1433],[117.64707,4.14317],[117.64713,4.14301],[117.64739,4.1428],[117.64758,4.14261],[117.64782,4.14238],[117.64807,4.14211]]]]},"properties":{"kdprov":"65","kdkab":"04","kdkec":"100","kddesa":"001","kdsls":"0018","idsls":"65041000010018","nmprov":"KALIMANTAN UTARA","nmkab":"NUNUKAN","nmkec":"NUNUKAN","nmdesa":"NUNUKAN BARAT","nmsls":"RT 019"}},{"type":"Feature","geometry":{"type":"MultiPolygon","coordinates":[[[[117.6511,4.09168],[117.65052,4.09132],[117.65089,4.09099],[117.65124,4.09071],[117.65159,4.09042],[117.6518,4.09017],[117.65191,4.08998],[117.65196,4.08971],[117.65196,4.08944],[117.65199,4.08882],[117.65199,4.08828],[117.65193,4.08766],[117.65182,4.08682],[117.65179,4.08639],[117.65179,4.08609],[117.65182,4.08585],[117.65195,4.08555],[117.65208,4.0852],[117.65232,4.08474],[117.65248,4.08395],[117.65246,4.0836],[117.65245,4.08309],[117.65251,4.08279],[117.65267,4.08247],[117.65302,4.08233],[117.65331,4.08211],[117.65333,4.0821],[117.65312,4.08194],[117.65292,4.08156],[117.65257,4.08097],[117.6522,4.08034],[117.65195,4.0797],[117.65158,4.07927],[117.65082,4.07888],[117.65069,4.07892],[117.65019,4.07915],[117.64927,4.07977],[117.64892,4.08045],[117.64833,4.08087],[117.6471,4.08112],[117.64654,4.08149],[117.64641,4.08216],[117.64606,4.08262],[117.64514,4.0832],[117.64457,4.08394],[117.64382,4.08431],[117.64331,4.08462],[117.64312,4.08485],[117.64273,4.08549],[117.64226,4.08595],[117.64191,4.08596],[117.6414,4.08582],[117.64098,4.08545],[117.64061,4.08543],[117.64025,4.08568],[117.63992,4.08604],[117.63934,4.08633],[117.6389,4.08618],[117.6384,4.08573],[117.63777,4.08509],[117.63767,4.08505],[117.63705,4.08467],[117.63616,4.08453],[117.63572,4.08507],[117.63536,4.08501],[117.63479,4.08485],[117.63451,4.08509],[117.63379,4.0853],[117.63327,4.08537],[117.6328,4.08527],[117.63249,4.08545],[117.63338,4.08603],[117.63411,4.08655],[117.63555,4.08735],[117.62651,4.09438],[117.62471,4.09418],[117.62463,4.09431],[117.6244,4.09465],[117.62422,4.09481],[117.62382,4.09493],[117.62341,4.09494],[117.62303,4.09484],[117.6228,4.09472],[117.62264,4.09466],[117.62241,4.09464],[117.62208,4.09462],[117.62195,4.09463],[117.62185,4.09474],[117.62162,4.09495],[117.62144,4.09526],[117.62035,4.096],[117.61913,4.09623],[117.61879,4.09576],[117.61772,4.09652],[117.61754,4.09658],[117.61937,4.09839],[117.62252,4.10055],[117.62411,4.10146],[117.62671,4.10123],[117.62799,4.10077],[117.6281,4.10055],[117.62852,4.09974],[117.62902,4.09894],[117.62978,4.0988],[117.62978,4.09881],[117.63084,4.10036],[117.63084,4.10036],[117.63091,4.10037],[117.63388,4.10255],[117.63773,4.10047],[117.64215,4.09975],[117.64372,4.09883],[117.64493,4.09815],[117.6461,4.09776],[117.64599,4.09653],[117.64673,4.0956],[117.64739,4.095],[117.64785,4.09413],[117.64881,4.09292],[117.6511,4.09168]]]]},"properties":{"kdprov":"65","kdkab":"04","kdkec":"100","kddesa":"006","kdsls":"0004","idsls":"65041000060004","nmprov":"KALIMANTAN UTARA","nmkab":"NUNUKAN","nmkec":"NUNUKAN","nmdesa":"DESA PERSIAPAN UJANG FATIMAH","nmsls":"RT 013"}},{"type":"Feature","geometry":{"type":"MultiPolygon","coordinates":[[[[117.64415,4.13285],[117.64424,4.13191],[117.64479,4.13187],[117.64469,4.13237],[117.64485,4.13278],[117.6451,4.1327],[117.64535,4.13272],[117.64546,4.13288],[117.64545,4.1331],[117.64579,4.13324],[117.64619,4.13326],[117.64625,4.1332],[117.64673,4.13341],[117.6468,4.13347],[117.64681,4.13406],[117.64705,4.13391],[117.64721,4.13397],[117.64778,4.13449],[117.64835,4.13464],[117.64841,4.13465],[117.64848,4.13401],[117.64852,4.13374],[117.6486,4.1333],[117.64862,4.13316],[117.64862,4.13315],[117.64846,4.13248],[117.64813,4.13187],[117.64788,4.13131],[117.64781,4.13116],[117.64773,4.13099],[117.64724,4.13016],[117.64714,4.12974],[117.64692,4.12928],[117.64619,4.12978],[117.64567,4.12951],[117.64466,4.1295],[117.64207,4.12976],[117.64001,4.12976],[117.63995,4.1299],[117.6398,4.13019],[117.63969,4.13042],[117.63968,4.13052],[117.63976,4.13062],[117.63981,4.13076],[117.6401,4.13065],[117.64023,4.13096],[117.64063,4.13109],[117.6408,4.13121],[117.64092,4.13132],[117.64071,4.13154],[117.6409,4.13173],[117.64077,4.132],[117.64096,4.13202],[117.64115,4.13207],[117.64147,4.13217],[117.64172,4.13225],[117.642,4.13234],[117.64239,4.13242],[117.64282,4.13243],[117.64358,4.13256],[117.64415,4.13285]]]]},"properties":{"kdprov":"65","kdkab":"04","kdkec":"100","kddesa":"001","kdsls":"0009","idsls":"65041000010009","nmprov":"KALIMANTAN UTARA","nmkab":"NUNUKAN","nmkec":"NUNUKAN","nmdesa":"NUNUKAN BARAT","nmsls":"RT 010"}},{"type":"Feature","geometry":{"type":"MultiPolygon","coordinates":[[[[117.64466,4.1295],[117.64567,4.12951],[117.64619,4.12978],[117.64692,4.12928],[117.64689,4.12924],[117.64671,4.129],[117.64634,4.12852],[117.64611,4.12825],[117.6457,4.12802],[117.64526,4.12785],[117.64466,4.12775],[117.64371,4.12799],[117.64346,4.12751],[117.64306,4.12725],[117.64214,4.12685],[117.64152,4.12641],[117.64132,4.12435],[117.64014,4.12775],[117.64001,4.12976],[117.64207,4.12976],[117.64466,4.1295]]]]},"properties":{"kdprov":"65","kdkab":"04","kdkec":"100","kddesa":"001","kdsls":"0030","idsls":"65041000010030","nmprov":"KALIMANTAN UTARA","nmkab":"NUNUKAN","nmkec":"NUNUKAN","nmdesa":"NUNUKAN BARAT","nmsls":"RT 031"}},{"type":"Feature","geometry":{"type":"MultiPolygon","coordinates":[[[[117.64268,4.13778],[117.64325,4.1375],[117.64332,4.13727],[117.64354,4.13695],[117.64392,4.13664],[117.64458,4.1364],[117.64506,4.13625],[117.64528,4.13617],[117.64537,4.13614],[117.64565,4.13602],[117.64581,4.13592],[117.64561,4.13573],[117.6453,4.13558],[117.64486,4.1354],[117.6443,4.13528],[117.64386,4.13525],[117.6436,4.13523],[117.6436,4.13519],[117.64349,4.13517],[117.64333,4.13515],[117.64277,4.13498],[117.64211,4.13476],[117.64178,4.13461],[117.64173,4.1346],[117.64058,4.1368],[117.6403,4.13836],[117.64084,4.13846],[117.64164,4.13863],[117.64224,4.13872],[117.6423,4.13837],[117.64237,4.13805],[117.64251,4.13786],[117.64268,4.13778]]]]},"properties":{"kdprov":"65","kdkab":"04","kdkec":"100","kddesa":"001","kdsls":"0024","idsls":"65041000010024","nmprov":"KALIMANTAN UTARA","nmkab":"NUNUKAN","nmkec":"NUNUKAN","nmdesa":"NUNUKAN BARAT","nmsls":"RT 025"}},{"type":"Feature","geometry":{"type":"MultiPolygon","coordinates":[[[[117.64349,4.13517],[117.64349,4.13497],[117.64344,4.13471],[117.64342,4.13463],[117.64355,4.13442],[117.64364,4.13426],[117.64367,4.13412],[117.64371,4.1339],[117.64374,4.13378],[117.64373,4.13365],[117.64375,4.13353],[117.6438,4.13342],[117.64404,4.13309],[117.64415,4.13285],[117.64358,4.13256],[117.64282,4.13243],[117.64239,4.13242],[117.642,4.13234],[117.64187,4.13289],[117.64183,4.13349],[117.64176,4.13426],[117.64175,4.1344],[117.64173,4.1346],[117.64178,4.13461],[117.64211,4.13476],[117.64277,4.13498],[117.64333,4.13515],[117.64349,4.13517]]]]},"properties":{"kdprov":"65","kdkab":"04","kdkec":"100","kddesa":"001","kdsls":"0029","idsls":"65041000010029","nmprov":"KALIMANTAN UTARA","nmkab":"NUNUKAN","nmkec":"NUNUKAN","nmdesa":"NUNUKAN BARAT","nmsls":"RT 030"}},{"type":"Feature","geometry":{"type":"MultiPolygon","coordinates":[[[[117.64703,4.1433],[117.64669,4.14309],[117.64649,4.143],[117.64643,4.14298],[117.64609,4.14285],[117.64577,4.14276],[117.64549,4.14265],[117.64531,4.14261],[117.64524,4.14259],[117.64522,4.14263],[117.6451,4.1428],[117.64491,4.14335],[117.6444,4.14445],[117.6452,4.14489],[117.64629,4.14527],[117.64656,4.1446],[117.64703,4.1433]]]]},"properties":{"kdprov":"65","kdkab":"04","kdkec":"100","kddesa":"001","kdsls":"0004","idsls":"65041000010004","nmprov":"KALIMANTAN UTARA","nmkab":"NUNUKAN","nmkec":"NUNUKAN","nmdesa":"NUNUKAN BARAT","nmsls":"RT 005"}},{"type":"Feature","geometry":{"type":"MultiPolygon","coordinates":[[[[117.64641,4.1392],[117.64644,4.13904],[117.64658,4.13892],[117.64705,4.13856],[117.64722,4.13844],[117.64736,4.13832],[117.64746,4.13815],[117.64781,4.13744],[117.64807,4.13741],[117.64838,4.13728],[117.6486,4.13715],[117.6487,4.1371],[117.64868,4.13705],[117.64861,4.13682],[117.64858,4.13668],[117.64857,4.13646],[117.64855,4.13628],[117.6485,4.13598],[117.6485,4.13597],[117.64849,4.13595],[117.64848,4.13592],[117.64842,4.13547],[117.64838,4.135],[117.64841,4.13472],[117.64841,4.13465],[117.64835,4.13464],[117.64778,4.13449],[117.64766,4.13491],[117.64751,4.13537],[117.64747,4.13545],[117.64744,4.13553],[117.64736,4.13562],[117.64716,4.13583],[117.64692,4.13611],[117.64774,4.13671],[117.64769,4.137],[117.64769,4.13707],[117.64766,4.13729],[117.64765,4.13735],[117.64769,4.13744],[117.6477,4.13753],[117.64756,4.13787],[117.64747,4.13805],[117.64735,4.138],[117.64719,4.13798],[117.647,4.13794],[117.64656,4.13789],[117.64654,4.13795],[117.6464,4.13791],[117.64596,4.13792],[117.64598,4.13823],[117.64583,4.13857],[117.64575,4.13867],[117.64518,4.13879],[117.6449,4.13895],[117.64519,4.13944],[117.64523,4.13948],[117.64537,4.13954],[117.64554,4.13963],[117.64553,4.13998],[117.64563,4.14],[117.646,4.14005],[117.64626,4.14007],[117.6464,4.13922],[117.64641,4.1392]]]]},"properties":{"kdprov":"65","kdkab":"04","kdkec":"100","kddesa":"001","kdsls":"0007","idsls":"65041000010007","nmprov":"KALIMANTAN UTARA","nmkab":"NUNUKAN","nmkec":"NUNUKAN","nmdesa":"NUNUKAN BARAT","nmsls":"RT 008"}},{"type":"Feature","geometry":{"type":"MultiPolygon","coordinates":[[[[117.64769,4.13744],[117.64765,4.13735],[117.64766,4.13729],[117.64769,4.13707],[117.64769,4.137],[117.64774,4.13671],[117.64692,4.13611],[117.64664,4.13591],[117.64632,4.13563],[117.64606,4.13556],[117.6458,4.13563],[117.64561,4.13573],[117.64581,4.13592],[117.64565,4.13602],[117.64537,4.13614],[117.64528,4.13617],[117.64564,4.13703],[117.64575,4.13699],[117.64594,4.13699],[117.64632,4.13724],[117.64646,4.13729],[117.64643,4.13739],[117.64674,4.13746],[117.64683,4.13715],[117.64701,4.13725],[117.64739,4.13736],[117.64769,4.13744]]]]},"properties":{"kdprov":"65","kdkab":"04","kdkec":"100","kddesa":"001","kdsls":"0008","idsls":"65041000010008","nmprov":"KALIMANTAN UTARA","nmkab":"NUNUKAN","nmkec":"NUNUKAN","nmdesa":"NUNUKAN BARAT","nmsls":"RT 009"}},{"type":"Feature","geometry":{"type":"MultiPolygon","coordinates":[[[[117.64649,4.143],[117.64657,4.14286],[117.64682,4.14253],[117.64716,4.14217],[117.64742,4.14185],[117.64751,4.14187],[117.64772,4.14156],[117.64777,4.14132],[117.64785,4.14094],[117.64647,4.14093],[117.6459,4.14094],[117.6458,4.14128],[117.64568,4.14165],[117.64547,4.14221],[117.64542,4.14237],[117.64531,4.14261],[117.64549,4.14265],[117.64577,4.14276],[117.64609,4.14285],[117.64643,4.14298],[117.64649,4.143]]]]},"properties":{"kdprov":"65","kdkab":"04","kdkec":"100","kddesa":"001","kdsls":"0003","idsls":"65041000010003","nmprov":"KALIMANTAN UTARA","nmkab":"NUNUKAN","nmkec":"NUNUKAN","nmdesa":"NUNUKAN BARAT","nmsls":"RT 003"}},{"type":"Feature","geometry":{"type":"MultiPolygon","coordinates":[[[[117.6471,4.1391],[117.64693,4.13922],[117.64692,4.13933],[117.64668,4.13933],[117.64665,4.13929],[117.6466,4.13927],[117.64641,4.1392],[117.6464,4.13922],[117.64626,4.14007],[117.64639,4.14006],[117.64673,4.14009],[117.64723,4.14013],[117.64721,4.14039],[117.6473,4.1404],[117.6473,4.14044],[117.64742,4.14045],[117.64753,4.14042],[117.64763,4.14042],[117.64781,4.14043],[117.64817,4.14044],[117.64817,4.14046],[117.64824,4.14047],[117.64825,4.14053],[117.64845,4.14054],[117.64845,4.14043],[117.64869,4.14043],[117.64869,4.14049],[117.64881,4.14049],[117.6489,4.14048],[117.6489,4.14051],[117.64908,4.1405],[117.6491,4.1403],[117.6491,4.14028],[117.64915,4.13999],[117.64876,4.13998],[117.64812,4.13999],[117.64802,4.13992],[117.6474,4.13982],[117.6474,4.13964],[117.6474,4.13955],[117.64741,4.13944],[117.64746,4.13927],[117.64748,4.13918],[117.64749,4.1391],[117.6471,4.1391]]]]},"properties":{"kdprov":"65","kdkab":"04","kdkec":"100","kddesa":"001","kdsls":"0005","idsls":"65041000010005","nmprov":"KALIMANTAN UTARA","nmkab":"NUNUKAN","nmkec":"NUNUKAN","nmdesa":"NUNUKAN BARAT","nmsls":"RT 006"}},{"type":"Feature","geometry":{"type":"MultiPolygon","coordinates":[[[[117.64944,4.14153],[117.64954,4.14093],[117.64905,4.14084],[117.64871,4.14084],[117.64874,4.14147],[117.6487,4.14147],[117.6484,4.14157],[117.64807,4.14211],[117.64782,4.14238],[117.64758,4.14261],[117.64739,4.1428],[117.64713,4.14301],[117.64707,4.14317],[117.64703,4.1433],[117.64656,4.1446],[117.64629,4.14527],[117.64683,4.14546],[117.64758,4.14572],[117.64805,4.14589],[117.64856,4.14446],[117.64891,4.14369],[117.64898,4.14342],[117.649,4.1432],[117.64906,4.14269],[117.6492,4.14244],[117.64909,4.14237],[117.64916,4.14149],[117.64944,4.14153]]]]},"properties":{"kdprov":"65","kdkab":"04","kdkec":"100","kddesa":"005","kdsls":"0001","idsls":"65041000050001","nmprov":"KALIMANTAN UTARA","nmkab":"NUNUKAN","nmkec":"NUNUKAN","nmdesa":"NUNUKAN UTARA","nmsls":"RT 001"}},{"type":"Feature","geometry":{"type":"MultiPolygon","coordinates":[[[[117.64958,4.13883],[117.64975,4.13779],[117.64982,4.1378],[117.64992,4.13704],[117.64993,4.1369],[117.64991,4.1369],[117.64982,4.13691],[117.64947,4.13687],[117.649,4.1369],[117.64884,4.13695],[117.64868,4.13705],[117.64871,4.13711],[117.64876,4.13731],[117.64878,4.13749],[117.64866,4.13769],[117.64862,4.13781],[117.64858,4.13801],[117.64857,4.13816],[117.64857,4.13817],[117.64857,4.1383],[117.64855,4.13853],[117.64859,4.13883],[117.64914,4.13884],[117.64924,4.13884],[117.64953,4.13883],[117.64955,4.13883],[117.64958,4.13883]]]]},"properties":{"kdprov":"65","kdkab":"04","kdkec":"100","kddesa":"003","kdsls":"0004","idsls":"65041000030004","nmprov":"KALIMANTAN UTARA","nmkab":"NUNUKAN","nmkec":"NUNUKAN","nmdesa":"NUNUKAN TENGAH","nmsls":"RT 004"}},{"type":"Feature","geometry":{"type":"MultiPolygon","coordinates":[[[[117.65117,4.13803],[117.64982,4.1378],[117.64975,4.13779],[117.64958,4.13883],[117.64977,4.13882],[117.65009,4.13882],[117.65011,4.13911],[117.65011,4.13912],[117.651,4.13918],[117.65117,4.13803]]]]},"properties":{"kdprov":"65","kdkab":"04","kdkec":"100","kddesa":"003","kdsls":"0002","idsls":"65041000030002","nmprov":"KALIMANTAN UTARA","nmkab":"NUNUKAN","nmkec":"NUNUKAN","nmdesa":"NUNUKAN TENGAH","nmsls":"RT 002"}},{"type":"Feature","geometry":{"type":"MultiPolygon","coordinates":[[[[117.65129,4.13734],[117.6504,4.13717],[117.64992,4.13704],[117.64982,4.1378],[117.65117,4.13803],[117.65138,4.13735],[117.65129,4.13734]]]]},"properties":{"kdprov":"65","kdkab":"04","kdkec":"100","kddesa":"003","kdsls":"0003","idsls":"65041000030003","nmprov":"KALIMANTAN UTARA","nmkab":"NUNUKAN","nmkec":"NUNUKAN","nmdesa":"NUNUKAN TENGAH","nmsls":"RT 003"}},{"type":"Feature","geometry":{"type":"MultiPolygon","coordinates":[[[[117.65146,4.13598],[117.65125,4.13598],[117.65112,4.13594],[117.65095,4.13592],[117.65065,4.1359],[117.65045,4.13587],[117.65044,4.1358],[117.65027,4.13577],[117.65027,4.13563],[117.65008,4.13561],[117.65006,4.13584],[117.65001,4.13639],[117.64996,4.13664],[117.64991,4.1369],[117.64993,4.1369],[117.64992,4.13704],[117.6504,4.13717],[117.65129,4.13734],[117.65148,4.13627],[117.65147,4.13599],[117.65146,4.13598]]]]},"properties":{"kdprov":"65","kdkab":"04","kdkec":"100","kddesa":"003","kdsls":"0011","idsls":"65041000030011","nmprov":"KALIMANTAN UTARA","nmkab":"NUNUKAN","nmkec":"NUNUKAN","nmdesa":"NUNUKAN TENGAH","nmsls":"RT 011"}},{"type":"Feature","geometry":{"type":"MultiPolygon","coordinates":[[[[117.64915,4.13999],[117.64916,4.13993],[117.6492,4.1391],[117.65011,4.13911],[117.65009,4.13882],[117.64977,4.13882],[117.64958,4.13883],[117.64955,4.13883],[117.64953,4.13883],[117.64924,4.13884],[117.64914,4.13884],[117.64859,4.13883],[117.64855,4.13853],[117.64857,4.1383],[117.64857,4.13817],[117.64857,4.13816],[117.64811,4.1382],[117.64814,4.13845],[117.64844,4.13888],[117.64813,4.139],[117.64792,4.139],[117.64751,4.13898],[117.64749,4.1391],[117.64748,4.13918],[117.64746,4.13927],[117.64741,4.13944],[117.6474,4.13955],[117.6474,4.13964],[117.6474,4.13982],[117.64802,4.13992],[117.64812,4.13999],[117.64876,4.13998],[117.64915,4.13999]]]]},"properties":{"kdprov":"65","kdkab":"04","kdkec":"100","kddesa":"001","kdsls":"0006","idsls":"65041000010006","nmprov":"KALIMANTAN UTARA","nmkab":"NUNUKAN","nmkec":"NUNUKAN","nmdesa":"NUNUKAN BARAT","nmsls":"RT 007"}},{"type":"Feature","geometry":{"type":"MultiPolygon","coordinates":[[[[117.64398,4.13925],[117.64384,4.13905],[117.64357,4.13892],[117.64294,4.13883],[117.6424,4.13876],[117.64224,4.13872],[117.64224,4.13891],[117.64237,4.1392],[117.6424,4.13951],[117.64245,4.13973],[117.64253,4.14024],[117.64254,4.1407],[117.64279,4.1407],[117.64296,4.14074],[117.64326,4.14083],[117.64335,4.14083],[117.64336,4.14052],[117.643,4.14044],[117.64299,4.14042],[117.64301,4.14016],[117.64323,4.14015],[117.64345,4.13996],[117.64358,4.14007],[117.64369,4.14005],[117.64391,4.14012],[117.64411,4.14026],[117.64419,4.14041],[117.64425,4.14043],[117.64443,4.14008],[117.6442,4.13966],[117.64398,4.13925]]]]},"properties":{"kdprov":"65","kdkab":"04","kdkec":"100","kddesa":"001","kdsls":"0010","idsls":"65041000010010","nmprov":"KALIMANTAN UTARA","nmkab":"NUNUKAN","nmkec":"NUNUKAN","nmdesa":"NUNUKAN BARAT","nmsls":"RT 011"}},{"type":"Feature","geometry":{"type":"MultiPolygon","coordinates":[[[[117.63745,4.13295],[117.63727,4.13275],[117.63707,4.13253],[117.63683,4.1323],[117.63664,4.13212],[117.63661,4.13196],[117.63662,4.13189],[117.63667,4.13183],[117.63698,4.13172],[117.63724,4.13162],[117.63741,4.13157],[117.63768,4.13157],[117.63793,4.13154],[117.63813,4.13144],[117.63828,4.13125],[117.63833,4.13116],[117.63835,4.13087],[117.63834,4.13049],[117.63831,4.13034],[117.63835,4.13025],[117.63847,4.1301],[117.63849,4.12989],[117.63846,4.12981],[117.6384,4.12974],[117.63819,4.12969],[117.63773,4.1297],[117.63741,4.1297],[117.63702,4.12967],[117.6369,4.12957],[117.63688,4.1295],[117.63695,4.12928],[117.63707,4.12886],[117.63714,4.12857],[117.6371,4.12836],[117.63695,4.12821],[117.63684,4.12813],[117.63684,4.12825],[117.63679,4.12839],[117.63672,4.12849],[117.63659,4.12848],[117.63631,4.12839],[117.63608,4.12838],[117.63601,4.12841],[117.63591,4.12857],[117.63582,4.12907],[117.63575,4.12939],[117.63561,4.12956],[117.63548,4.12979],[117.63547,4.12993],[117.63544,4.13005],[117.63521,4.13038],[117.6351,4.13054],[117.635,4.13077],[117.63494,4.13088],[117.63493,4.13101],[117.63489,4.13115],[117.63481,4.13133],[117.6347,4.13144],[117.63462,4.13152],[117.63458,4.13161],[117.63479,4.13171],[117.63484,4.13173],[117.6348,4.13201],[117.63476,4.13229],[117.63465,4.13232],[117.63453,4.1324],[117.63447,4.13247],[117.63442,4.13257],[117.63443,4.13269],[117.63445,4.13285],[117.63448,4.13304],[117.6345,4.13322],[117.63458,4.13334],[117.63468,4.13346],[117.63465,4.13352],[117.6346,4.13362],[117.63512,4.13386],[117.635,4.13342],[117.63522,4.13338],[117.63633,4.1331],[117.63745,4.13295]]]]},"properties":{"kdprov":"65","kdkab":"04","kdkec":"100","kddesa":"001","kdsls":"0015","idsls":"65041000010015","nmprov":"KALIMANTAN UTARA","nmkab":"NUNUKAN","nmkec":"NUNUKAN","nmdesa":"NUNUKAN BARAT","nmsls":"RT 016"}},{"type":"Feature","geometry":{"type":"MultiPolygon","coordinates":[[[[117.6513,4.1432],[117.65217,4.14255],[117.65211,4.14241],[117.65208,4.14221],[117.65208,4.14206],[117.65202,4.14194],[117.65194,4.14181],[117.65203,4.14164],[117.65212,4.14148],[117.6523,4.14126],[117.65232,4.14123],[117.65229,4.1412],[117.65187,4.14095],[117.65141,4.14061],[117.65134,4.14057],[117.65132,4.1406],[117.65115,4.14089],[117.6512,4.14091],[117.65115,4.141],[117.65064,4.14172],[117.65053,4.14187],[117.65047,4.14241],[117.65084,4.14259],[117.65099,4.1428],[117.65117,4.14307],[117.6513,4.1432]]]]},"properties":{"kdprov":"65","kdkab":"04","kdkec":"100","kddesa":"005","kdsls":"0004","idsls":"65041000050004","nmprov":"KALIMANTAN UTARA","nmkab":"NUNUKAN","nmkec":"NUNUKAN","nmdesa":"NUNUKAN UTARA","nmsls":"RT 004"}},{"type":"Feature","geometry":{"type":"MultiPolygon","coordinates":[[[[117.64908,4.1405],[117.6489,4.14051],[117.6489,4.14048],[117.64881,4.14049],[117.64869,4.14049],[117.64869,4.14043],[117.64845,4.14043],[117.64845,4.14054],[117.64825,4.14053],[117.64824,4.14047],[117.64817,4.14046],[117.64817,4.14044],[117.64781,4.14043],[117.64763,4.14042],[117.64753,4.14042],[117.64742,4.14045],[117.6473,4.14044],[117.6473,4.1404],[117.64721,4.14039],[117.64723,4.14013],[117.64673,4.14009],[117.64639,4.14006],[117.64626,4.14007],[117.646,4.14005],[117.64563,4.14],[117.64553,4.13998],[117.64554,4.13963],[117.64537,4.13954],[117.64523,4.13948],[117.64519,4.13944],[117.6449,4.13895],[117.64466,4.13907],[117.64454,4.13915],[117.64427,4.13917],[117.64406,4.1392],[117.64398,4.13925],[117.6442,4.13966],[117.64443,4.14008],[117.64425,4.14043],[117.64419,4.14041],[117.64411,4.14026],[117.64391,4.14012],[117.64369,4.14005],[117.64358,4.14007],[117.64345,4.13996],[117.64323,4.14015],[117.64301,4.14016],[117.64299,4.14042],[117.643,4.14044],[117.64336,4.14052],[117.64335,4.14083],[117.64428,4.14087],[117.64452,4.14088],[117.64517,4.14091],[117.64571,4.14091],[117.6459,4.14094],[117.64647,4.14093],[117.64785,4.14094],[117.64871,4.14084],[117.64905,4.14084],[117.64908,4.14054],[117.64908,4.1405]]]]},"properties":{"kdprov":"65","kdkab":"04","kdkec":"100","kddesa":"001","kdsls":"0002","idsls":"65041000010002","nmprov":"KALIMANTAN UTARA","nmkab":"NUNUKAN","nmkec":"NUNUKAN","nmdesa":"NUNUKAN BARAT","nmsls":"RT 002"}},{"type":"Feature","geometry":{"type":"MultiPolygon","coordinates":[[[[117.64828,4.12245],[117.64788,4.1222],[117.64694,4.12222],[117.64565,4.12191],[117.64514,4.12186],[117.64493,4.1217],[117.64455,4.12161],[117.64438,4.12122],[117.64383,4.12113],[117.64372,4.12058],[117.64339,4.12065],[117.64304,4.11988],[117.64302,4.11933],[117.64296,4.11901],[117.64342,4.11824],[117.64456,4.11773],[117.64544,4.11813],[117.64616,4.11804],[117.64666,4.11811],[117.64699,4.11781],[117.64745,4.11743],[117.6478,4.11776],[117.64774,4.11598],[117.64782,4.11516],[117.64603,4.11536],[117.64177,4.11697],[117.64161,4.11914],[117.64153,4.12061],[117.64132,4.12435],[117.64152,4.12641],[117.64214,4.12685],[117.64306,4.12725],[117.64346,4.12751],[117.64371,4.12799],[117.64466,4.12775],[117.64516,4.1276],[117.64614,4.12735],[117.64661,4.12688],[117.64681,4.12661],[117.64698,4.12638],[117.64725,4.12587],[117.64731,4.1254],[117.64757,4.12504],[117.64795,4.12476],[117.64784,4.12444],[117.64782,4.12399],[117.64784,4.12343],[117.64797,4.123],[117.64815,4.12262],[117.64828,4.12245]]]]},"properties":{"kdprov":"65","kdkab":"04","kdkec":"100","kddesa":"001","kdsls":"0013","idsls":"65041000010013","nmprov":"KALIMANTAN UTARA","nmkab":"NUNUKAN","nmkec":"NUNUKAN","nmdesa":"NUNUKAN BARAT","nmsls":"RT 014"}},{"type":"Feature","geometry":{"type":"MultiPolygon","coordinates":[[[[117.64023,4.13096],[117.6401,4.13065],[117.63981,4.13076],[117.63976,4.13062],[117.63968,4.13052],[117.63969,4.13042],[117.6398,4.13019],[117.63995,4.1299],[117.64001,4.12976],[117.64014,4.12775],[117.63894,4.1279],[117.63865,4.1279],[117.63848,4.12784],[117.63841,4.12762],[117.63828,4.12714],[117.63813,4.12695],[117.63802,4.1269],[117.63782,4.12698],[117.63767,4.12712],[117.63748,4.12742],[117.63728,4.12767],[117.63716,4.12795],[117.63705,4.12813],[117.63684,4.12813],[117.63695,4.12821],[117.6371,4.12836],[117.63714,4.12857],[117.63707,4.12886],[117.63695,4.12928],[117.63688,4.1295],[117.6369,4.12957],[117.63702,4.12967],[117.63741,4.1297],[117.63773,4.1297],[117.63819,4.12969],[117.6384,4.12974],[117.63846,4.12981],[117.63849,4.12989],[117.63847,4.1301],[117.63835,4.13025],[117.63831,4.13034],[117.63834,4.13049],[117.63835,4.13087],[117.63833,4.13116],[117.63828,4.13125],[117.63813,4.13144],[117.63793,4.13154],[117.63768,4.13157],[117.63741,4.13157],[117.63724,4.13162],[117.63698,4.13172],[117.63667,4.13183],[117.63662,4.13189],[117.63661,4.13196],[117.63664,4.13212],[117.63683,4.1323],[117.63707,4.13253],[117.63727,4.13275],[117.63745,4.13295],[117.63779,4.13337],[117.63796,4.13353],[117.6382,4.1336],[117.63878,4.13382],[117.63956,4.13403],[117.64027,4.1342],[117.64089,4.13437],[117.6414,4.13452],[117.64173,4.1346],[117.64175,4.1344],[117.64176,4.13426],[117.64183,4.13349],[117.64187,4.13289],[117.642,4.13234],[117.64172,4.13225],[117.64147,4.13217],[117.64115,4.13207],[117.64096,4.13202],[117.64077,4.132],[117.6409,4.13173],[117.64071,4.13154],[117.64092,4.13132],[117.6408,4.13121],[117.64063,4.13109],[117.64023,4.13096]]]]},"properties":{"kdprov":"65","kdkab":"04","kdkec":"100","kddesa":"001","kdsls":"0014","idsls":"65041000010014","nmprov":"KALIMANTAN UTARA","nmkab":"NUNUKAN","nmkec":"NUNUKAN","nmdesa":"NUNUKAN BARAT","nmsls":"RT 015"}},{"type":"Feature","geometry":{"type":"MultiPolygon","coordinates":[[[[117.64296,4.14074],[117.64298,4.14123],[117.64332,4.1417],[117.64353,4.14176],[117.64361,4.14187],[117.64374,4.14197],[117.64437,4.14228],[117.64459,4.14235],[117.64483,4.14246],[117.64505,4.14253],[117.64524,4.14259],[117.64531,4.14261],[117.64542,4.14237],[117.64547,4.14221],[117.64568,4.14165],[117.6458,4.14128],[117.6459,4.14094],[117.64571,4.14091],[117.64517,4.14091],[117.64452,4.14088],[117.64428,4.14087],[117.64335,4.14083],[117.64326,4.14083],[117.64296,4.14074]]]]},"properties":{"kdprov":"65","kdkab":"04","kdkec":"100","kddesa":"001","kdsls":"0001","idsls":"65041000010001","nmprov":"KALIMANTAN UTARA","nmkab":"NUNUKAN","nmkec":"NUNUKAN","nmdesa":"NUNUKAN BARAT","nmsls":"RT 001"}},{"type":"Feature","geometry":{"type":"MultiPolygon","coordinates":[[[[117.64892,4.14364],[117.64941,4.14387],[117.65018,4.14432],[117.65045,4.14186],[117.65031,4.14174],[117.65014,4.14161],[117.64995,4.14154],[117.64984,4.14153],[117.64944,4.14153],[117.64916,4.14149],[117.64909,4.14237],[117.6492,4.14244],[117.64906,4.14269],[117.649,4.1432],[117.64898,4.14342],[117.64892,4.14364]]]]},"properties":{"kdprov":"65","kdkab":"04","kdkec":"100","kddesa":"005","kdsls":"0002","idsls":"65041000050002","nmprov":"KALIMANTAN UTARA","nmkab":"NUNUKAN","nmkec":"NUNUKAN","nmdesa":"NUNUKAN UTARA","nmsls":"RT 002"}},{"type":"Feature","geometry":{"type":"MultiPolygon","coordinates":[[[[117.64254,4.1407],[117.64253,4.14024],[117.64245,4.13973],[117.6424,4.13951],[117.64237,4.1392],[117.64224,4.13891],[117.64224,4.13872],[117.64164,4.13863],[117.64084,4.13846],[117.6403,4.13836],[117.64018,4.1389],[117.63999,4.13948],[117.64001,4.13952],[117.64026,4.13962],[117.6402,4.13988],[117.64038,4.13997],[117.64082,4.14016],[117.64124,4.14034],[117.64154,4.14047],[117.64191,4.14058],[117.6422,4.14064],[117.64252,4.1407],[117.64254,4.1407]]]]},"properties":{"kdprov":"65","kdkab":"04","kdkec":"100","kddesa":"001","kdsls":"0023","idsls":"65041000010023","nmprov":"KALIMANTAN UTARA","nmkab":"NUNUKAN","nmkec":"NUNUKAN","nmdesa":"NUNUKAN BARAT","nmsls":"RT 024"}},{"type":"Feature","geometry":{"type":"MultiPolygon","coordinates":[[[[117.64458,4.1364],[117.6448,4.13703],[117.64513,4.13706],[117.64503,4.13748],[117.64518,4.13756],[117.6451,4.1378],[117.6449,4.13781],[117.64487,4.13799],[117.64496,4.13868],[117.64506,4.13886],[117.64518,4.13879],[117.64575,4.13867],[117.64583,4.13857],[117.64598,4.13823],[117.64596,4.13792],[117.6464,4.13791],[117.64654,4.13795],[117.64656,4.13789],[117.647,4.13794],[117.64719,4.13798],[117.64735,4.138],[117.64747,4.13805],[117.64756,4.13787],[117.6477,4.13753],[117.64769,4.13744],[117.64739,4.13736],[117.64701,4.13725],[117.64683,4.13715],[117.64674,4.13746],[117.64643,4.13739],[117.64646,4.13729],[117.64632,4.13724],[117.64594,4.13699],[117.64575,4.13699],[117.64564,4.13703],[117.64528,4.13617],[117.64506,4.13625],[117.64458,4.1364]]]]},"properties":{"kdprov":"65","kdkab":"04","kdkec":"100","kddesa":"001","kdsls":"0016","idsls":"65041000010016","nmprov":"KALIMANTAN UTARA","nmkab":"NUNUKAN","nmkec":"NUNUKAN","nmdesa":"NUNUKAN BARAT","nmsls":"RT 017"}},{"type":"Feature","geometry":{"type":"MultiPolygon","coordinates":[[[[117.65115,4.14089],[117.65132,4.1406],[117.65134,4.14057],[117.65155,4.14019],[117.65158,4.14014],[117.65145,4.13985],[117.65125,4.13961],[117.65094,4.14017],[117.65079,4.14046],[117.65069,4.14066],[117.65068,4.14065],[117.65048,4.14055],[117.65037,4.1405],[117.65024,4.14042],[117.65015,4.14036],[117.65032,4.13973],[117.65034,4.13964],[117.65035,4.13958],[117.65011,4.13954],[117.65012,4.13948],[117.65001,4.13946],[117.65003,4.13935],[117.65004,4.13928],[117.65005,4.13919],[117.65005,4.13912],[117.65011,4.13913],[117.65011,4.13912],[117.65011,4.13911],[117.6492,4.1391],[117.64916,4.13993],[117.64915,4.13999],[117.6491,4.14028],[117.6491,4.1403],[117.64908,4.1405],[117.64908,4.14054],[117.64905,4.14084],[117.64954,4.14093],[117.64944,4.14153],[117.64984,4.14153],[117.64995,4.14154],[117.65014,4.14161],[117.65031,4.14174],[117.65043,4.14156],[117.65047,4.14157],[117.65075,4.14108],[117.6507,4.14104],[117.65088,4.14076],[117.65088,4.14076],[117.65115,4.14089]]]]},"properties":{"kdprov":"65","kdkab":"04","kdkec":"100","kddesa":"005","kdsls":"0003","idsls":"65041000050003","nmprov":"KALIMANTAN UTARA","nmkab":"NUNUKAN","nmkec":"NUNUKAN","nmdesa":"NUNUKAN UTARA","nmsls":"RT 003"}},{"type":"Feature","geometry":{"type":"MultiPolygon","coordinates":[[[[117.64969,4.14521],[117.65069,4.14553],[117.65087,4.14491],[117.6511,4.14491],[117.65121,4.14496],[117.65128,4.14496],[117.65131,4.14482],[117.65132,4.14476],[117.65138,4.14473],[117.65137,4.14465],[117.65143,4.14463],[117.65156,4.14428],[117.65175,4.14393],[117.65152,4.14386],[117.65129,4.14403],[117.65112,4.14426],[117.65087,4.14441],[117.65073,4.14449],[117.65041,4.1445],[117.65017,4.14444],[117.6501,4.14439],[117.64983,4.145],[117.64969,4.14521]]]]},"properties":{"kdprov":"65","kdkab":"04","kdkec":"100","kddesa":"005","kdsls":"0010","idsls":"65041000050010","nmprov":"KALIMANTAN UTARA","nmkab":"NUNUKAN","nmkec":"NUNUKAN","nmdesa":"NUNUKAN UTARA","nmsls":"RT 010"}},{"type":"Feature","geometry":{"type":"MultiPolygon","coordinates":[[[[117.651,4.13918],[117.65011,4.13912],[117.65011,4.13913],[117.65005,4.13912],[117.65005,4.13919],[117.65004,4.13928],[117.65003,4.13935],[117.65001,4.13946],[117.65012,4.13948],[117.65011,4.13954],[117.65035,4.13958],[117.65034,4.13964],[117.65032,4.13973],[117.65015,4.14036],[117.65024,4.14042],[117.65037,4.1405],[117.65048,4.14055],[117.65068,4.14065],[117.65069,4.14066],[117.65079,4.14046],[117.65094,4.14017],[117.65125,4.13961],[117.65128,4.13954],[117.65108,4.13919],[117.651,4.13918]]]]},"properties":{"kdprov":"65","kdkab":"04","kdkec":"100","kddesa":"003","kdsls":"0001","idsls":"65041000030001","nmprov":"KALIMANTAN UTARA","nmkab":"NUNUKAN","nmkec":"NUNUKAN","nmdesa":"NUNUKAN TENGAH","nmsls":"RT 001"}},{"type":"Feature","geometry":{"type":"MultiPolygon","coordinates":[[[[117.64839,4.13488],[117.6487,4.13484],[117.64871,4.13483],[117.64896,4.1349],[117.649,4.13485],[117.64925,4.13493],[117.64928,4.13484],[117.64944,4.13486],[117.64948,4.13474],[117.64953,4.13477],[117.64981,4.13478],[117.65001,4.13474],[117.6501,4.13472],[117.65013,4.13472],[117.65013,4.13454],[117.65007,4.13446],[117.65006,4.13431],[117.6501,4.13411],[117.65012,4.13393],[117.65016,4.13379],[117.65017,4.13371],[117.64993,4.13362],[117.64974,4.13352],[117.64953,4.13339],[117.6493,4.13323],[117.64911,4.13317],[117.64898,4.13323],[117.64896,4.13324],[117.64884,4.13317],[117.6487,4.13314],[117.64862,4.13315],[117.64862,4.13316],[117.6486,4.1333],[117.64852,4.13374],[117.64848,4.13401],[117.64841,4.13465],[117.64841,4.13472],[117.64839,4.13488]]]]},"properties":{"kdprov":"65","kdkab":"04","kdkec":"100","kddesa":"003","kdsls":"0006","idsls":"65041000030006","nmprov":"KALIMANTAN UTARA","nmkab":"NUNUKAN","nmkec":"NUNUKAN","nmdesa":"NUNUKAN TENGAH","nmsls":"RT 006"}},{"type":"Feature","geometry":{"type":"MultiPolygon","coordinates":[[[[117.65132,4.13399],[117.65084,4.13409],[117.65076,4.13416],[117.65041,4.13423],[117.65037,4.13433],[117.65007,4.13439],[117.65007,4.13446],[117.65013,4.13454],[117.65013,4.13474],[117.65011,4.13521],[117.65009,4.13545],[117.65008,4.13561],[117.65027,4.13563],[117.65027,4.13577],[117.65044,4.1358],[117.65045,4.13587],[117.65065,4.1359],[117.65095,4.13592],[117.65112,4.13594],[117.65125,4.13598],[117.65146,4.13598],[117.65138,4.13556],[117.65136,4.13544],[117.6514,4.13533],[117.65161,4.13522],[117.65161,4.13519],[117.65161,4.13516],[117.65155,4.13487],[117.65142,4.13437],[117.65135,4.13414],[117.65132,4.13399]]]]},"properties":{"kdprov":"65","kdkab":"04","kdkec":"100","kddesa":"003","kdsls":"0005","idsls":"65041000030005","nmprov":"KALIMANTAN UTARA","nmkab":"NUNUKAN","nmkec":"NUNUKAN","nmdesa":"NUNUKAN TENGAH","nmsls":"RT 005"}},{"type":"Feature","geometry":{"type":"MultiPolygon","coordinates":[[[[117.62333,4.11472],[117.62305,4.11377],[117.62298,4.11323],[117.62289,4.11269],[117.62288,4.1122],[117.6228,4.11158],[117.62279,4.11118],[117.62279,4.1108],[117.62279,4.11066],[117.62512,4.11047],[117.62499,4.10923],[117.625,4.10869],[117.6249,4.10863],[117.62428,4.10847],[117.62425,4.10846],[117.62418,4.10847],[117.62355,4.10886],[117.62295,4.10928],[117.62192,4.10982],[117.62166,4.10991],[117.62145,4.11002],[117.62137,4.11009],[117.62118,4.11031],[117.62013,4.11211],[117.61982,4.11253],[117.61959,4.11256],[117.6185,4.11217],[117.61804,4.11196],[117.61716,4.11386],[117.6166,4.11528],[117.61615,4.11552],[117.61437,4.11651],[117.61445,4.11662],[117.61458,4.11683],[117.62071,4.11466],[117.62217,4.1145],[117.62249,4.11457],[117.6229,4.11461],[117.62333,4.11472]]]]},"properties":{"kdprov":"65","kdkab":"04","kdkec":"100","kddesa":"006","kdsls":"0002","idsls":"65041000060002","nmprov":"KALIMANTAN UTARA","nmkab":"NUNUKAN","nmkec":"NUNUKAN","nmdesa":"DESA PERSIAPAN UJANG FATIMAH","nmsls":"RT 004"}},{"type":"Feature","geometry":{"type":"MultiPolygon","coordinates":[[[[117.63957,4.10954],[117.63954,4.10968],[117.63949,4.10974],[117.63944,4.10969],[117.6394,4.10958],[117.6392,4.10985],[117.63906,4.11004],[117.63885,4.11018],[117.63863,4.11026],[117.63876,4.11082],[117.63898,4.11146],[117.63918,4.11181],[117.63939,4.11246],[117.64004,4.11355],[117.64046,4.1142],[117.64117,4.11634],[117.64177,4.11697],[117.64603,4.11536],[117.64865,4.11507],[117.65056,4.11488],[117.65037,4.1119],[117.65018,4.11128],[117.6497,4.11076],[117.64863,4.11021],[117.64854,4.11012],[117.64847,4.11002],[117.64843,4.10979],[117.64838,4.10929],[117.64836,4.10892],[117.64825,4.10861],[117.64804,4.10829],[117.64778,4.10792],[117.64762,4.10768],[117.64743,4.10738],[117.64726,4.10681],[117.64731,4.10655],[117.64745,4.10611],[117.64768,4.10577],[117.648,4.10526],[117.64824,4.10492],[117.64833,4.10444],[117.64819,4.10397],[117.6478,4.10349],[117.64736,4.10315],[117.647,4.10263],[117.64656,4.10216],[117.64635,4.10198],[117.64619,4.10178],[117.64614,4.10158],[117.64611,4.10118],[117.64549,4.10101],[117.64456,4.10132],[117.64363,4.10187],[117.64269,4.10251],[117.64288,4.10277],[117.6431,4.1031],[117.6433,4.10341],[117.64337,4.10371],[117.6433,4.10408],[117.64316,4.10439],[117.64296,4.1046],[117.6428,4.10487],[117.6426,4.10545],[117.64233,4.10597],[117.64201,4.10619],[117.64159,4.10635],[117.64121,4.10631],[117.64081,4.10643],[117.64042,4.1068],[117.64027,4.10747],[117.64006,4.10824],[117.63987,4.10881],[117.63979,4.10904],[117.63958,4.10944],[117.63957,4.10954]]]]},"properties":{"kdprov":"65","kdkab":"04","kdkec":"100","kddesa":"001","kdsls":"0028","idsls":"65041000010028","nmprov":"KALIMANTAN UTARA","nmkab":"NUNUKAN","nmkec":"NUNUKAN","nmdesa":"NUNUKAN BARAT","nmsls":"RT 029"}},{"type":"Feature","geometry":{"type":"MultiPolygon","coordinates":[[[[117.64006,4.10824],[117.64027,4.10747],[117.64042,4.1068],[117.64081,4.10643],[117.64121,4.10631],[117.64159,4.10635],[117.64201,4.10619],[117.64233,4.10597],[117.6426,4.10545],[117.6428,4.10487],[117.64296,4.1046],[117.64316,4.10439],[117.6433,4.10408],[117.64337,4.10371],[117.6433,4.10341],[117.6431,4.1031],[117.64288,4.10277],[117.64269,4.10251],[117.64363,4.10187],[117.64456,4.10132],[117.64549,4.10101],[117.64611,4.10118],[117.64614,4.10158],[117.64619,4.10178],[117.64635,4.10198],[117.64656,4.10216],[117.647,4.10263],[117.64736,4.10315],[117.6478,4.10349],[117.64819,4.10397],[117.64833,4.10444],[117.64824,4.10492],[117.648,4.10526],[117.64768,4.10577],[117.64745,4.10611],[117.64731,4.10655],[117.64726,4.10681],[117.64743,4.10738],[117.64762,4.10768],[117.64778,4.10792],[117.64804,4.10829],[117.64825,4.10861],[117.64836,4.10892],[117.64838,4.10929],[117.64843,4.10979],[117.64847,4.11002],[117.64854,4.11012],[117.64863,4.11021],[117.65181,4.10915],[117.65208,4.10906],[117.65218,4.10903],[117.6537,4.10827],[117.65449,4.10788],[117.65504,4.1076],[117.65793,4.10616],[117.65777,4.10574],[117.65754,4.10512],[117.6559,4.10225],[117.65485,4.10042],[117.65375,4.09849],[117.65399,4.09728],[117.65461,4.09419],[117.65446,4.09396],[117.6523,4.09241],[117.6511,4.09168],[117.64881,4.09292],[117.64785,4.09413],[117.64739,4.095],[117.64673,4.0956],[117.64599,4.09653],[117.6461,4.09776],[117.64493,4.09815],[117.64372,4.09883],[117.64215,4.09975],[117.63773,4.10047],[117.63388,4.10255],[117.6317,4.10373],[117.63165,4.10376],[117.63255,4.10709],[117.63302,4.1077],[117.63368,4.10793],[117.63394,4.10808],[117.6342,4.10827],[117.63417,4.10855],[117.63399,4.10911],[117.63382,4.10971],[117.63402,4.10977],[117.63427,4.10989],[117.6345,4.11013],[117.63459,4.11035],[117.63474,4.11078],[117.63488,4.11096],[117.63497,4.11104],[117.6352,4.11108],[117.63543,4.11108],[117.63566,4.11118],[117.63579,4.11124],[117.63592,4.11155],[117.63597,4.11142],[117.63607,4.11128],[117.63612,4.11119],[117.63607,4.11115],[117.63601,4.11114],[117.63596,4.11103],[117.63615,4.11081],[117.63664,4.11057],[117.63717,4.11038],[117.63773,4.11039],[117.63807,4.11041],[117.63845,4.11033],[117.63863,4.11026],[117.63885,4.11018],[117.63906,4.11004],[117.6392,4.10985],[117.6394,4.10958],[117.63944,4.10969],[117.63949,4.10974],[117.63954,4.10968],[117.63957,4.10954],[117.63958,4.10944],[117.63979,4.10904],[117.63987,4.10881],[117.64006,4.10824]]]]},"properties":{"kdprov":"65","kdkab":"04","kdkec":"100","kddesa":"006","kdsls":"0003","idsls":"65041000060003","nmprov":"KALIMANTAN UTARA","nmkab":"NUNUKAN","nmkec":"NUNUKAN","nmdesa":"DESA PERSIAPAN UJANG FATIMAH","nmsls":"RT 012"}},{"type":"Feature","geometry":{"type":"MultiPolygon","coordinates":[[[[117.6247,4.11793],[117.624,4.11661],[117.62354,4.11537],[117.62344,4.11503],[117.62345,4.11499],[117.62337,4.11473],[117.62337,4.11471],[117.62333,4.11472],[117.6229,4.11461],[117.62249,4.11457],[117.62217,4.1145],[117.62071,4.11466],[117.61458,4.11683],[117.61517,4.11777],[117.61532,4.11864],[117.61597,4.11958],[117.61643,4.12033],[117.61669,4.12074],[117.61777,4.12219],[117.61956,4.12383],[117.61957,4.12385],[117.62051,4.12457],[117.62076,4.12482],[117.62152,4.12559],[117.62268,4.12674],[117.6228,4.12694],[117.62684,4.12493],[117.62976,4.12413],[117.63554,4.12564],[117.63552,4.12573],[117.63543,4.12637],[117.63542,4.12696],[117.6355,4.1271],[117.63568,4.12734],[117.63607,4.12769],[117.63644,4.12795],[117.63684,4.12813],[117.63705,4.12813],[117.63716,4.12795],[117.63728,4.12767],[117.63748,4.12742],[117.63767,4.12712],[117.63782,4.12698],[117.63802,4.1269],[117.63813,4.12695],[117.63828,4.12714],[117.63841,4.12762],[117.63848,4.12784],[117.63865,4.1279],[117.63894,4.1279],[117.64014,4.12775],[117.64132,4.12435],[117.64153,4.12061],[117.63672,4.12033],[117.63474,4.12067],[117.62678,4.11981],[117.6257,4.11965],[117.6247,4.11793]]]]},"properties":{"kdprov":"65","kdkab":"04","kdkec":"100","kddesa":"001","kdsls":"0019","idsls":"65041000010019","nmprov":"KALIMANTAN UTARA","nmkab":"NUNUKAN","nmkec":"NUNUKAN","nmdesa":"NUNUKAN BARAT","nmsls":"RT 020"}},{"type":"Feature","geometry":{"type":"MultiPolygon","coordinates":[[[[117.62118,4.11031],[117.62104,4.10485],[117.62434,4.10517],[117.62875,4.10906],[117.62884,4.10956],[117.62886,4.10956],[117.62938,4.10959],[117.62963,4.1095],[117.62998,4.10925],[117.63054,4.10886],[117.63068,4.10881],[117.63094,4.10883],[117.63234,4.10973],[117.63269,4.10982],[117.63333,4.1098],[117.63382,4.10971],[117.63399,4.10911],[117.63417,4.10855],[117.6342,4.10827],[117.63394,4.10808],[117.63368,4.10793],[117.63302,4.1077],[117.63255,4.10709],[117.63165,4.10376],[117.6317,4.10373],[117.63388,4.10255],[117.63091,4.10037],[117.63084,4.10036],[117.63084,4.10036],[117.62978,4.09881],[117.62978,4.0988],[117.62902,4.09894],[117.62852,4.09974],[117.6281,4.10055],[117.62799,4.10077],[117.62671,4.10123],[117.62411,4.10146],[117.62252,4.10055],[117.61937,4.09839],[117.61754,4.09658],[117.61729,4.09666],[117.61721,4.09668],[117.61658,4.09662],[117.61577,4.09689],[117.61546,4.0973],[117.61536,4.09787],[117.6151,4.09804],[117.61463,4.09815],[117.61416,4.09869],[117.61299,4.1001],[117.61127,4.10156],[117.60901,4.10197],[117.60764,4.10168],[117.60704,4.10076],[117.60728,4.09993],[117.60699,4.09891],[117.60638,4.09835],[117.60531,4.09842],[117.60392,4.09893],[117.60294,4.09923],[117.60305,4.09963],[117.60327,4.10041],[117.60529,4.10295],[117.60568,4.10414],[117.60651,4.10497],[117.60803,4.10692],[117.60904,4.10808],[117.60954,4.10909],[117.60998,4.11003],[117.6107,4.11097],[117.61128,4.11184],[117.61171,4.11264],[117.61236,4.11322],[117.61286,4.11387],[117.61322,4.11474],[117.61373,4.11568],[117.61437,4.11651],[117.61615,4.11552],[117.6166,4.11528],[117.61716,4.11386],[117.61804,4.11196],[117.6185,4.11217],[117.61959,4.11256],[117.61982,4.11253],[117.62013,4.11211],[117.62118,4.11031]]]]},"properties":{"kdprov":"65","kdkab":"04","kdkec":"100","kddesa":"006","kdsls":"0001","idsls":"65041000060001","nmprov":"KALIMANTAN UTARA","nmkab":"NUNUKAN","nmkec":"NUNUKAN","nmdesa":"DESA PERSIAPAN UJANG FATIMAH","nmsls":"RT 003"}},{"type":"Feature","geometry":{"type":"MultiPolygon","coordinates":[[[[117.63592,4.11155],[117.63634,4.11257],[117.63528,4.11357],[117.63519,4.11419],[117.63043,4.11365],[117.63026,4.11361],[117.62956,4.1136],[117.62918,4.11351],[117.62883,4.11331],[117.62848,4.11307],[117.62829,4.11288],[117.62813,4.11267],[117.62796,4.11237],[117.62776,4.11214],[117.62767,4.1122],[117.62751,4.11236],[117.62728,4.11244],[117.6263,4.11289],[117.62472,4.11369],[117.62387,4.1141],[117.62337,4.11471],[117.62337,4.11473],[117.62345,4.11499],[117.62344,4.11503],[117.62354,4.11537],[117.624,4.11661],[117.6247,4.11793],[117.6257,4.11965],[117.62678,4.11981],[117.63474,4.12067],[117.63672,4.12033],[117.64153,4.12061],[117.64161,4.11914],[117.64177,4.11697],[117.64117,4.11634],[117.64046,4.1142],[117.64004,4.11355],[117.63939,4.11246],[117.63918,4.11181],[117.63898,4.11146],[117.63876,4.11082],[117.63863,4.11026],[117.63845,4.11033],[117.63807,4.11041],[117.63773,4.11039],[117.63717,4.11038],[117.63664,4.11057],[117.63615,4.11081],[117.63596,4.11103],[117.63601,4.11114],[117.63607,4.11115],[117.63612,4.11119],[117.63607,4.11128],[117.63597,4.11142],[117.63592,4.11155]]]]},"properties":{"kdprov":"65","kdkab":"04","kdkec":"100","kddesa":"001","kdsls":"0020","idsls":"65041000010020","nmprov":"KALIMANTAN UTARA","nmkab":"NUNUKAN","nmkec":"NUNUKAN","nmdesa":"NUNUKAN BARAT","nmsls":"RT 021"}},{"type":"Feature","geometry":{"type":"MultiPolygon","coordinates":[[[[117.30047,4.06018],[117.30058,4.06098],[117.30088,4.06187],[117.30161,4.06237],[117.30164,4.06275],[117.30171,4.06305],[117.30173,4.06316],[117.30181,4.06382],[117.3017,4.06415],[117.30161,4.06442],[117.30153,4.06453],[117.47191,4.0683],[117.47162,4.06794],[117.47131,4.06751],[117.471,4.06701],[117.47081,4.06668],[117.47052,4.06628],[117.47017,4.06585],[117.46933,4.06426],[117.46857,4.06278],[117.46798,4.06106],[117.46792,4.06089],[117.45326,4.059],[117.43077,4.05321],[117.42875,4.05294],[117.42592,4.05133],[117.4235,4.05139],[117.41771,4.05328],[117.41475,4.05523],[117.41205,4.05537],[117.40646,4.05476],[117.40317,4.05456],[117.3994,4.05436],[117.39643,4.0551],[117.36506,4.05011],[117.35496,4.04998],[117.32803,4.05294],[117.31981,4.05213],[117.31496,4.05725],[117.30049,4.0585],[117.30046,4.0585],[117.30047,4.05862],[117.30052,4.05895],[117.30047,4.06018]]],[[[117.49719,4.06309],[117.49739,4.06288],[117.49764,4.06213],[117.49755,4.06195],[117.49712,4.06152],[117.49661,4.0613],[117.49618,4.06112],[117.49535,4.0601],[117.49347,4.06139],[117.49293,4.06098],[117.49214,4.06014],[117.49143,4.05979],[117.48982,4.05936],[117.48851,4.05856],[117.48774,4.058],[117.48617,4.05678],[117.48536,4.05529],[117.48414,4.05353],[117.48347,4.05176],[117.48293,4.05054],[117.48184,4.04905],[117.48077,4.04833],[117.47959,4.0481],[117.47901,4.04825],[117.47885,4.0501],[117.4787,4.05118],[117.47806,4.0519],[117.47806,4.05251],[117.47806,4.05299],[117.47906,4.05485],[117.47915,4.05502],[117.47996,4.05611],[117.4805,4.05719],[117.48082,4.05774],[117.48086,4.05785],[117.48108,4.05849],[117.48128,4.05943],[117.48139,4.05994],[117.48143,4.06019],[117.48157,4.06108],[117.4817,4.06134],[117.48174,4.06153],[117.48187,4.06212],[117.48204,4.06284],[117.48239,4.06289],[117.48304,4.06298],[117.48411,4.06314],[117.48429,4.06316],[117.48591,4.06302],[117.48747,4.06292],[117.48807,4.06289],[117.4884,4.06295],[117.48942,4.06316],[117.4905,4.06316],[117.49212,4.06343],[117.49254,4.06343],[117.49288,4.06352],[117.49319,4.06352],[117.4934,4.06357],[117.49397,4.06343],[117.49402,4.06343],[117.49497,4.06318],[117.49559,4.06365],[117.49589,4.06388],[117.49672,4.06356],[117.49719,4.06309]]]]},"properties":{"kdprov":"65","kdkab":"04","kdkec":"100","kddesa":"001","kdsls":"0022","idsls":"65041000010022","nmprov":"KALIMANTAN UTARA","nmkab":"NUNUKAN","nmkec":"NUNUKAN","nmdesa":"NUNUKAN BARAT","nmsls":"RT 023"}},{"type":"Feature","geometry":{"type":"MultiPolygon","coordinates":[[[[117.45756,4.04347],[117.45595,4.04702],[117.45178,4.05018],[117.44747,4.05173],[117.44498,4.05025],[117.44397,4.04601],[117.44067,4.0423],[117.43555,4.04008],[117.43043,4.04015],[117.37859,4.03975],[117.34422,4.03816],[117.32801,4.03814],[117.32797,4.04092],[117.32759,4.04157],[117.32602,4.04212],[117.3246,4.04253],[117.32257,4.04313],[117.31981,4.04387],[117.31851,4.04387],[117.31699,4.04388],[117.31675,4.04401],[117.31658,4.0441],[117.31618,4.0442],[117.3158,4.0443],[117.31549,4.04429],[117.31539,4.04428],[117.3152,4.04427],[117.31494,4.04411],[117.31452,4.04384],[117.3132,4.04303],[117.3131,4.04299],[117.31267,4.04281],[117.31234,4.04276],[117.31199,4.04282],[117.31199,4.04282],[117.31144,4.04302],[117.31138,4.04302],[117.31105,4.04302],[117.31087,4.043],[117.31071,4.04299],[117.31025,4.04274],[117.30963,4.04228],[117.30929,4.0421],[117.30868,4.04177],[117.30836,4.04165],[117.30791,4.04149],[117.30719,4.0414],[117.3069,4.04146],[117.30651,4.04155],[117.30638,4.04162],[117.30571,4.042],[117.30519,4.04248],[117.3049,4.04302],[117.30481,4.04319],[117.30459,4.04383],[117.30438,4.04427],[117.30415,4.04508],[117.30398,4.0457],[117.30355,4.04756],[117.3033,4.04845],[117.30293,4.04906],[117.30278,4.04924],[117.3026,4.04947],[117.30231,4.04979],[117.3022,4.04991],[117.30185,4.05041],[117.30179,4.05064],[117.30177,4.05073],[117.3017,4.05119],[117.30166,4.05178],[117.30165,4.05218],[117.30162,4.05282],[117.30159,4.05344],[117.30141,4.05411],[117.30119,4.05454],[117.30103,4.05489],[117.30058,4.05572],[117.30014,4.05634],[117.30046,4.0585],[117.30049,4.0585],[117.31496,4.05725],[117.31981,4.05213],[117.32803,4.05294],[117.35496,4.04998],[117.36506,4.05011],[117.39643,4.0551],[117.3994,4.05436],[117.40317,4.05456],[117.40646,4.05476],[117.41205,4.05537],[117.41475,4.05523],[117.41771,4.05328],[117.4235,4.05139],[117.42592,4.05133],[117.42875,4.05294],[117.43077,4.05321],[117.45326,4.059],[117.46792,4.06089],[117.46788,4.06076],[117.46775,4.05803],[117.46787,4.05622],[117.46787,4.05615],[117.46771,4.05458],[117.46749,4.0537],[117.46725,4.05275],[117.46689,4.0517],[117.46644,4.05118],[117.46599,4.0501],[117.46527,4.0491],[117.46437,4.04811],[117.46311,4.04702],[117.46256,4.04648],[117.46175,4.04567],[117.46112,4.04531],[117.45756,4.04347]]]]},"properties":{"kdprov":"65","kdkab":"04","kdkec":"100","kddesa":"001","kdsls":"0027","idsls":"65041000010027","nmprov":"KALIMANTAN UTARA","nmkab":"NUNUKAN","nmkec":"NUNUKAN","nmdesa":"NUNUKAN BARAT","nmsls":"RT 028"}},{"type":"Feature","geometry":{"type":"MultiPolygon","coordinates":[[[[117.45756,4.04347],[117.45601,4.04267],[117.456,4.04266],[117.45577,4.04247],[117.45526,4.04205],[117.45355,4.04015],[117.45343,4.04002],[117.45318,4.03975],[117.45148,4.03789],[117.45144,4.03784],[117.44952,4.03517],[117.44941,4.035],[117.44941,4.035],[117.4476,4.03238],[117.44616,4.02976],[117.44481,4.02749],[117.44354,4.02451],[117.44291,4.02207],[117.44279,4.0217],[117.44219,4.0199],[117.44129,4.01773],[117.43967,4.01565],[117.43857,4.01433],[117.43831,4.01402],[117.43713,4.01343],[117.43709,4.01341],[117.43687,4.0133],[117.43571,4.01341],[117.43569,4.01343],[117.43436,4.01413],[117.434,4.01432],[117.434,4.01432],[117.43228,4.0152],[117.43074,4.01668],[117.42939,4.01805],[117.4265,4.02086],[117.42487,4.0225],[117.42297,4.02413],[117.42044,4.02622],[117.41787,4.02823],[117.41785,4.02824],[117.41672,4.02884],[117.41461,4.02994],[117.41457,4.02996],[117.41455,4.03004],[117.41304,4.03042],[117.41271,4.03059],[117.41227,4.03081],[117.41152,4.03094],[117.40996,4.03122],[117.40824,4.03149],[117.40625,4.03213],[117.40625,4.03213],[117.40573,4.03227],[117.40357,4.03285],[117.40355,4.03285],[117.40031,4.03349],[117.39964,4.03359],[117.39688,4.03403],[117.39688,4.03403],[117.39674,4.03407],[117.39332,4.03484],[117.39328,4.03485],[117.3904,4.03566],[117.3877,4.03648],[117.38508,4.03702],[117.38184,4.0373],[117.37776,4.03721],[117.37516,4.0366],[117.37247,4.0356],[117.37031,4.03405],[117.36833,4.03233],[117.3683,4.03229],[117.36696,4.03036],[117.36688,4.03025],[117.36688,4.03025],[117.36634,4.02871],[117.36553,4.02708],[117.36553,4.02708],[117.36543,4.02666],[117.36505,4.02509],[117.36499,4.02482],[117.36499,4.02482],[117.36495,4.02455],[117.36487,4.02392],[117.36485,4.02394],[117.3648,4.02399],[117.36462,4.02417],[117.36378,4.025],[117.36355,4.02542],[117.36342,4.02567],[117.36318,4.0259],[117.36296,4.02612],[117.36276,4.02636],[117.36247,4.02658],[117.36233,4.02668],[117.36205,4.02673],[117.36164,4.0268],[117.36137,4.02676],[117.36109,4.02671],[117.36041,4.02654],[117.36037,4.02653],[117.35985,4.02635],[117.3595,4.02616],[117.35941,4.02612],[117.35881,4.02595],[117.35865,4.02588],[117.35841,4.02578],[117.35774,4.02566],[117.35772,4.02566],[117.35748,4.02567],[117.35745,4.02567],[117.35702,4.02585],[117.35661,4.02608],[117.35601,4.02637],[117.35571,4.02647],[117.35554,4.02652],[117.35517,4.02681],[117.35487,4.02714],[117.35469,4.0274],[117.35452,4.02765],[117.35438,4.0278],[117.35415,4.02806],[117.3538,4.02832],[117.35343,4.02842],[117.35327,4.02845],[117.35297,4.02851],[117.35252,4.02866],[117.35195,4.02895],[117.35143,4.02933],[117.35111,4.02957],[117.35095,4.02963],[117.35067,4.02974],[117.34999,4.0298],[117.3497,4.02974],[117.34952,4.02971],[117.34923,4.02962],[117.34878,4.02946],[117.34846,4.02928],[117.34808,4.02907],[117.34763,4.02857],[117.34705,4.02802],[117.34646,4.02762],[117.34626,4.02754],[117.34587,4.02739],[117.34557,4.02734],[117.34537,4.0273],[117.34498,4.02718],[117.34452,4.02704],[117.34396,4.02678],[117.34346,4.02628],[117.34288,4.02564],[117.34234,4.02523],[117.34233,4.02521],[117.34187,4.02501],[117.3413,4.02489],[117.34077,4.02483],[117.34054,4.02483],[117.33992,4.02483],[117.33957,4.02479],[117.3393,4.02477],[117.33856,4.02462],[117.33839,4.02458],[117.33792,4.02441],[117.33763,4.02418],[117.33726,4.0239],[117.33632,4.0233],[117.33566,4.02295],[117.33539,4.02289],[117.33524,4.02285],[117.33515,4.02285],[117.33481,4.02287],[117.33439,4.023],[117.33434,4.02301],[117.33363,4.02363],[117.3332,4.02396],[117.33308,4.02404],[117.33296,4.02416],[117.33264,4.02445],[117.33262,4.02446],[117.33189,4.02544],[117.33188,4.02545],[117.33187,4.02546],[117.33185,4.02548],[117.33177,4.02555],[117.33176,4.02556],[117.33175,4.02556],[117.33108,4.02761],[117.32938,4.02908],[117.32837,4.03101],[117.32792,4.0331],[117.32801,4.03814],[117.34422,4.03816],[117.37859,4.03975],[117.43043,4.04015],[117.43555,4.04008],[117.44067,4.0423],[117.44397,4.04601],[117.44498,4.05025],[117.44747,4.05173],[117.45178,4.05018],[117.45595,4.04702],[117.45756,4.04347]]]]},"properties":{"kdprov":"65","kdkab":"04","kdkec":"100","kddesa":"001","kdsls":"0026","idsls":"65041000010026","nmprov":"KALIMANTAN UTARA","nmkab":"NUNUKAN","nmkec":"NUNUKAN","nmdesa":"NUNUKAN BARAT","nmsls":"RT 027"}},{"type":"Feature","geometry":{"type":"MultiPolygon","coordinates":[[[[117.29944,4.06842],[117.30011,4.06926],[117.30051,4.06987],[117.30073,4.07008],[117.30128,4.07024],[117.30209,4.07046],[117.30241,4.07113],[117.30259,4.07152],[117.30264,4.07155],[117.30265,4.07155],[117.30302,4.07185],[117.30322,4.07204],[117.30345,4.07226],[117.30392,4.07258],[117.30437,4.07277],[117.3045,4.07284],[117.30471,4.07296],[117.30495,4.07318],[117.30497,4.07319],[117.30499,4.07322],[117.30525,4.07345],[117.30534,4.07356],[117.30542,4.07364],[117.30545,4.07374],[117.3055,4.07389],[117.30556,4.07409],[117.30556,4.07427],[117.30552,4.07443],[117.30547,4.0746],[117.30536,4.07501],[117.30513,4.07547],[117.3048,4.07597],[117.3044,4.07636],[117.3043,4.07655],[117.30422,4.07662],[117.30415,4.07669],[117.30392,4.07679],[117.30361,4.07688],[117.30344,4.07692],[117.30302,4.07703],[117.30272,4.0771],[117.30255,4.07714],[117.30194,4.07728],[117.30155,4.07737],[117.30152,4.07738],[117.30146,4.07739],[117.30138,4.0774],[117.30136,4.0774],[117.30117,4.07741],[117.30084,4.07749],[117.30078,4.07753],[117.30065,4.07761],[117.30056,4.07767],[117.30043,4.07775],[117.30037,4.07779],[117.3003,4.07785],[117.30027,4.07788],[117.3002,4.07793],[117.3,4.07808],[117.30001,4.07808],[117.30021,4.07809],[117.30039,4.07808],[117.30061,4.07808],[117.30064,4.07809],[117.30084,4.07812],[117.30103,4.07821],[117.30121,4.07852],[117.30122,4.07864],[117.30122,4.07872],[117.30119,4.07893],[117.30122,4.07953],[117.30128,4.07973],[117.30131,4.07985],[117.30148,4.08014],[117.30177,4.0804],[117.30196,4.08047],[117.30223,4.08058],[117.3026,4.0807],[117.30294,4.08081],[117.30396,4.0812],[117.30471,4.08166],[117.30478,4.08172],[117.30522,4.08202],[117.3057,4.08235],[117.30679,4.0831],[117.30728,4.08343],[117.30751,4.08336],[117.30867,4.08301],[117.30908,4.08277],[117.30927,4.08266],[117.30935,4.08261],[117.30967,4.08249],[117.31052,4.08216],[117.31053,4.08216],[117.3112,4.0821],[117.31193,4.08217],[117.31205,4.08218],[117.31235,4.08203],[117.31246,4.08202],[117.3125,4.08202],[117.31269,4.082],[117.31298,4.08199],[117.31313,4.08198],[117.31361,4.08214],[117.31361,4.08214],[117.31414,4.08232],[117.31602,4.0827],[117.31611,4.08277],[117.31719,4.08352],[117.31877,4.08419],[117.3189,4.08424],[117.31895,4.08426],[117.3198,4.0846],[117.32031,4.08481],[117.32088,4.08505],[117.32196,4.0855],[117.32222,4.08562],[117.32295,4.08596],[117.32328,4.08608],[117.32368,4.08623],[117.32424,4.08645],[117.32449,4.08656],[117.32449,4.08657],[117.32449,4.08658],[117.32447,4.08677],[117.32448,4.08684],[117.32449,4.08688],[117.32467,4.08679],[117.32471,4.08677],[117.3249,4.08673],[117.32519,4.08674],[117.3253,4.08677],[117.32554,4.08684],[117.32593,4.08695],[117.32612,4.08709],[117.32656,4.0874],[117.32764,4.08758],[117.32827,4.08794],[117.32864,4.08838],[117.33016,4.08903],[117.33021,4.089],[117.33022,4.08899],[117.33026,4.08896],[117.33037,4.08889],[117.33043,4.08885],[117.33054,4.08886],[117.33107,4.08893],[117.33113,4.08894],[117.33115,4.08894],[117.33146,4.08906],[117.33206,4.0893],[117.33287,4.09002],[117.33323,4.0903],[117.33373,4.09067],[117.33373,4.09067],[117.33381,4.09073],[117.33395,4.09084],[117.33459,4.09141],[117.33476,4.09156],[117.33493,4.09171],[117.33493,4.09171],[117.33566,4.09237],[117.33618,4.09297],[117.33621,4.09301],[117.33629,4.0931],[117.33719,4.09391],[117.33778,4.09432],[117.33788,4.09439],[117.33809,4.09454],[117.33814,4.09456],[117.33814,4.09456],[117.33818,4.09481],[117.33818,4.09482],[117.33823,4.09485],[117.33835,4.09494],[117.33927,4.09563],[117.33942,4.09573],[117.33943,4.09574],[117.33944,4.09575],[117.33997,4.09609],[117.34029,4.09629],[117.34116,4.09691],[117.34167,4.09722],[117.34195,4.09738],[117.3421,4.09746],[117.3426,4.09771],[117.34333,4.0981],[117.34361,4.09825],[117.34361,4.09825],[117.34395,4.09843],[117.34516,4.09913],[117.34521,4.09916],[117.34587,4.0994],[117.34665,4.0997],[117.34783,4.10024],[117.34843,4.10056],[117.349,4.10087],[117.3499,4.10151],[117.35003,4.10166],[117.35056,4.10224],[117.35059,4.10227],[117.35071,4.10241],[117.35093,4.10308],[117.35107,4.10308],[117.35111,4.10308],[117.35175,4.10313],[117.35225,4.10307],[117.35244,4.10304],[117.35249,4.10304],[117.3525,4.10304],[117.35263,4.10303],[117.35276,4.10302],[117.35598,4.10388],[117.35598,4.10388],[117.35765,4.10432],[117.35819,4.10367],[117.35873,4.1025],[117.35873,4.1025],[117.35945,4.10211],[117.35955,4.10206],[117.36007,4.10178],[117.36007,4.10178],[117.36008,4.10177],[117.3601,4.10177],[117.36014,4.10175],[117.36135,4.10132],[117.36165,4.10122],[117.36188,4.10114],[117.3628,4.10091],[117.36328,4.10079],[117.36331,4.10078],[117.36332,4.10078],[117.36512,4.10014],[117.36666,4.09994],[117.36667,4.09994],[117.36729,4.09976],[117.36749,4.0997],[117.36782,4.0996],[117.36783,4.0996],[117.36802,4.09955],[117.36918,4.09923],[117.37095,4.09878],[117.37167,4.09855],[117.37229,4.0984],[117.37237,4.09837],[117.37237,4.09837],[117.37238,4.09837],[117.37275,4.09829],[117.37279,4.09828],[117.37296,4.09824],[117.37442,4.09809],[117.37501,4.09799],[117.37551,4.09791],[117.37647,4.0978],[117.37699,4.09778],[117.37795,4.09774],[117.37858,4.09775],[117.38053,4.09805],[117.38246,4.09825],[117.38257,4.0983],[117.38267,4.09835],[117.38331,4.09837],[117.38473,4.09843],[117.38544,4.09873],[117.38576,4.09887],[117.38828,4.09932],[117.3895,4.09948],[117.39026,4.09959],[117.39142,4.09987],[117.39287,4.10022],[117.39522,4.10058],[117.3953,4.1006],[117.39711,4.10103],[117.3979,4.10146],[117.39828,4.10166],[117.39937,4.10203],[117.39945,4.10212],[117.39949,4.10216],[117.39977,4.10218],[117.40013,4.10221],[117.40107,4.10239],[117.40128,4.10249],[117.40197,4.10284],[117.40405,4.10392],[117.40567,4.10437],[117.40604,4.1046],[117.40729,4.10537],[117.40909,4.10609],[117.4095,4.10632],[117.4109,4.10709],[117.41252,4.10763],[117.41432,4.10826],[117.41611,4.10852],[117.41442,4.10798],[117.41424,4.10792],[117.41308,4.10737],[117.41308,4.10737],[117.41626,4.09959],[117.41648,4.09904],[117.41831,4.09455],[117.42044,4.09478],[117.42259,4.09478],[117.42323,4.09478],[117.42494,4.09461],[117.42557,4.0946],[117.42634,4.09447],[117.42693,4.09441],[117.42774,4.09424],[117.42903,4.09403],[117.43026,4.09396],[117.43188,4.0935],[117.4335,4.09323],[117.43476,4.0926],[117.43625,4.09207],[117.43633,4.09205],[117.4381,4.09169],[117.43982,4.09083],[117.44009,4.09075],[117.441,4.09051],[117.44203,4.09023],[117.44552,4.08914],[117.44841,4.08831],[117.4509,4.08759],[117.45532,4.08625],[117.45779,4.08551],[117.45936,4.08512],[117.46357,4.08406],[117.46536,4.08362],[117.46647,4.08326],[117.46809,4.08272],[117.46897,4.08228],[117.46902,4.08219],[117.47067,4.08131],[117.4714,4.08061],[117.47199,4.08004],[117.4721,4.07966],[117.47229,4.07901],[117.47223,4.07892],[117.47187,4.07846],[117.47171,4.07788],[117.47169,4.07783],[117.47142,4.0772],[117.47169,4.07638],[117.4716,4.07566],[117.4716,4.07512],[117.47205,4.07421],[117.47223,4.07394],[117.47268,4.07313],[117.4727,4.07308],[117.47295,4.07249],[117.47313,4.0715],[117.47338,4.07109],[117.47373,4.07156],[117.47382,4.07067],[117.47327,4.06951],[117.47191,4.0683],[117.30153,4.06453],[117.30145,4.06465],[117.30133,4.06483],[117.30124,4.06494],[117.30121,4.06494],[117.30099,4.06495],[117.30082,4.06524],[117.30067,4.06554],[117.30059,4.06575],[117.30044,4.0658],[117.29991,4.06571],[117.29956,4.06602],[117.29914,4.0666],[117.29895,4.0672],[117.29944,4.06842]]]]},"properties":{"kdprov":"65","kdkab":"04","kdkec":"100","kddesa":"001","kdsls":"0021","idsls":"65041000010021","nmprov":"KALIMANTAN UTARA","nmkab":"NUNUKAN","nmkec":"NUNUKAN","nmdesa":"NUNUKAN BARAT","nmsls":"RT 022"}},{"type":"Feature","geometry":{"type":"MultiPolygon","coordinates":[[[[117.64506,4.13886],[117.64496,4.13868],[117.64487,4.13799],[117.6449,4.13781],[117.6451,4.1378],[117.64518,4.13756],[117.64503,4.13748],[117.64513,4.13706],[117.6448,4.13703],[117.64458,4.1364],[117.64392,4.13664],[117.64354,4.13695],[117.64332,4.13727],[117.64325,4.1375],[117.64268,4.13778],[117.64251,4.13786],[117.64237,4.13805],[117.6423,4.13837],[117.64224,4.13872],[117.6424,4.13876],[117.64294,4.13883],[117.64357,4.13892],[117.64384,4.13905],[117.64398,4.13925],[117.64406,4.1392],[117.64427,4.13917],[117.64454,4.13915],[117.64466,4.13907],[117.6449,4.13895],[117.64506,4.13886]]]]},"properties":{"kdprov":"65","kdkab":"04","kdkec":"100","kddesa":"001","kdsls":"0016","idsls":"65041000010016","nmprov":"KALIMANTAN UTARA","nmkab":"NUNUKAN","nmkec":"NUNUKAN","nmdesa":"NUNUKAN BARAT","nmsls":"RT 017"}},{"type":"Feature","geometry":{"type":"MultiPolygon","coordinates":[[[[117.66149,4.12189],[117.6615,4.12175],[117.66152,4.12161],[117.66154,4.12148],[117.66156,4.12132],[117.66159,4.12119],[117.66166,4.12106],[117.66183,4.12092],[117.66206,4.12084],[117.66243,4.1208],[117.66268,4.12073],[117.66287,4.12065],[117.66314,4.12054],[117.66325,4.12047],[117.6633,4.12043],[117.66419,4.11964],[117.66434,4.11946],[117.66442,4.11936],[117.6646,4.11924],[117.66475,4.11912],[117.6648,4.11896],[117.66489,4.11877],[117.66503,4.1185],[117.66511,4.11833],[117.66518,4.118],[117.66509,4.11754],[117.66496,4.11728],[117.66491,4.11718],[117.66489,4.11704],[117.66469,4.11657],[117.66467,4.11638],[117.66469,4.11616],[117.66473,4.11598],[117.66479,4.11581],[117.66488,4.11567],[117.66501,4.11553],[117.66517,4.11532],[117.66529,4.11511],[117.66538,4.11496],[117.66558,4.11473],[117.66572,4.11455],[117.66574,4.11435],[117.66569,4.11422],[117.66549,4.11398],[117.66531,4.11386],[117.66506,4.11367],[117.66491,4.11352],[117.66478,4.11324],[117.6647,4.11298],[117.66462,4.11285],[117.66445,4.11266],[117.66427,4.11244],[117.66412,4.11228],[117.6639,4.11213],[117.66365,4.1119],[117.66346,4.11168],[117.66329,4.11148],[117.6632,4.11137],[117.6631,4.11123],[117.66327,4.11088],[117.66333,4.11025],[117.66324,4.10957],[117.6633,4.10901],[117.66266,4.10624],[117.65918,4.10721],[117.65842,4.10748],[117.6583,4.10716],[117.65815,4.10676],[117.65793,4.10616],[117.65504,4.1076],[117.65449,4.10788],[117.65444,4.108],[117.65426,4.10815],[117.6541,4.10829],[117.65381,4.10836],[117.65365,4.10847],[117.65353,4.10869],[117.65334,4.10888],[117.6531,4.10901],[117.653,4.10912],[117.6531,4.10918],[117.65315,4.10926],[117.65312,4.10944],[117.653,4.10977],[117.65313,4.1098],[117.65328,4.10959],[117.65339,4.10962],[117.65339,4.10975],[117.65334,4.10987],[117.65326,4.11005],[117.65324,4.11018],[117.65329,4.11023],[117.6534,4.11022],[117.65353,4.11012],[117.65368,4.11017],[117.65375,4.11035],[117.65361,4.11055],[117.65389,4.11069],[117.65395,4.11078],[117.6539,4.11102],[117.65403,4.11126],[117.65418,4.11147],[117.65454,4.11148],[117.65488,4.11145],[117.65518,4.11122],[117.65558,4.11106],[117.656,4.11088],[117.65616,4.11082],[117.65608,4.11148],[117.65689,4.11156],[117.65821,4.11271],[117.65795,4.11295],[117.65766,4.11354],[117.65746,4.11394],[117.65726,4.11442],[117.65708,4.11482],[117.65753,4.11563],[117.65769,4.1157],[117.65783,4.11547],[117.65822,4.11522],[117.6587,4.11502],[117.65878,4.11527],[117.65856,4.11539],[117.65824,4.11561],[117.65808,4.11574],[117.65802,4.1158],[117.65798,4.11586],[117.65793,4.11592],[117.65789,4.11599],[117.65786,4.11606],[117.65783,4.11613],[117.65781,4.1162],[117.65777,4.11644],[117.65769,4.11691],[117.65766,4.117],[117.65762,4.11709],[117.65759,4.11717],[117.65754,4.11725],[117.65728,4.11788],[117.65703,4.11856],[117.65701,4.11865],[117.657,4.11873],[117.65699,4.11881],[117.657,4.1189],[117.657,4.11898],[117.65702,4.11915],[117.65704,4.1193],[117.65708,4.11969],[117.6571,4.12006],[117.65707,4.12033],[117.65694,4.12088],[117.65679,4.12127],[117.65659,4.12179],[117.65636,4.1224],[117.6564,4.12241],[117.65648,4.12242],[117.65672,4.1225],[117.65672,4.12249],[117.65699,4.12219],[117.65743,4.12192],[117.65834,4.12168],[117.65954,4.12177],[117.65944,4.12215],[117.65984,4.12183],[117.66174,4.1226],[117.66164,4.12244],[117.66156,4.12232],[117.66151,4.12216],[117.66149,4.12202],[117.66149,4.12189]]]]},"properties":{"kdprov":"65","kdkab":"04","kdkec":"100","kddesa":"003","kdsls":"0017","idsls":"65041000030017","nmprov":"KALIMANTAN UTARA","nmkab":"NUNUKAN","nmkec":"NUNUKAN","nmdesa":"NUNUKAN TENGAH","nmsls":"RT 017"}},{"type":"Feature","geometry":{"type":"MultiPolygon","coordinates":[[[[117.66013,4.13593],[117.66026,4.13593],[117.66049,4.13599],[117.66071,4.13621],[117.66115,4.13634],[117.66141,4.13646],[117.66174,4.13664],[117.66197,4.13634],[117.66203,4.13623],[117.66188,4.13594],[117.66144,4.13522],[117.66171,4.13507],[117.66147,4.13462],[117.66146,4.13462],[117.66136,4.13441],[117.6617,4.13352],[117.66215,4.13249],[117.66202,4.13237],[117.66134,4.13187],[117.66132,4.13185],[117.66135,4.13168],[117.66162,4.13138],[117.662,4.1311],[117.6619,4.13078],[117.66158,4.13076],[117.66122,4.13107],[117.66085,4.13239],[117.66074,4.13266],[117.66066,4.13284],[117.66053,4.13319],[117.66053,4.13319],[117.6605,4.13327],[117.66028,4.13407],[117.66026,4.13441],[117.66023,4.13515],[117.66015,4.13572],[117.66013,4.13593]]]]},"properties":{"kdprov":"65","kdkab":"04","kdkec":"100","kddesa":"004","kdsls":"0008","idsls":"65041000040008","nmprov":"KALIMANTAN UTARA","nmkab":"NUNUKAN","nmkec":"NUNUKAN","nmdesa":"NUNUKAN TIMUR","nmsls":"RT 008"}},{"type":"Feature","geometry":{"type":"MultiPolygon","coordinates":[[[[117.65608,4.11148],[117.65616,4.11082],[117.656,4.11088],[117.65558,4.11106],[117.65518,4.11122],[117.65488,4.11145],[117.65454,4.11148],[117.65418,4.11147],[117.65403,4.11126],[117.6539,4.11102],[117.65395,4.11078],[117.65389,4.11069],[117.65361,4.11055],[117.65375,4.11035],[117.65368,4.11017],[117.65353,4.11012],[117.6534,4.11022],[117.65329,4.11023],[117.65324,4.11018],[117.65326,4.11005],[117.65334,4.10987],[117.65339,4.10975],[117.65339,4.10962],[117.65328,4.10959],[117.65313,4.1098],[117.653,4.10977],[117.65312,4.10944],[117.65315,4.10926],[117.6531,4.10918],[117.653,4.10912],[117.6531,4.10901],[117.65334,4.10888],[117.65353,4.10869],[117.65365,4.10847],[117.65381,4.10836],[117.6541,4.10829],[117.65426,4.10815],[117.65444,4.108],[117.65449,4.10788],[117.6537,4.10827],[117.65218,4.10903],[117.65208,4.10906],[117.65209,4.10917],[117.65195,4.10931],[117.65202,4.10945],[117.65219,4.10933],[117.65225,4.10922],[117.65243,4.10932],[117.65252,4.10946],[117.65266,4.10942],[117.65252,4.10962],[117.6522,4.10985],[117.65229,4.11015],[117.65217,4.11031],[117.65229,4.11043],[117.65265,4.11066],[117.65273,4.11082],[117.65293,4.11084],[117.653,4.11108],[117.65312,4.11127],[117.65316,4.11155],[117.65286,4.11162],[117.65292,4.11174],[117.65314,4.11186],[117.65313,4.11213],[117.65302,4.11222],[117.65308,4.11263],[117.65453,4.11255],[117.65473,4.11257],[117.65478,4.11269],[117.6548,4.11294],[117.65482,4.11304],[117.65532,4.11306],[117.65541,4.11315],[117.65541,4.11315],[117.65549,4.11302],[117.65559,4.11267],[117.65563,4.11229],[117.65577,4.11206],[117.65606,4.11171],[117.65608,4.11148]]]]},"properties":{"kdprov":"65","kdkab":"04","kdkec":"100","kddesa":"003","kdsls":"2001","idsls":"65041000032001","nmprov":"KALIMANTAN UTARA","nmkab":"NUNUKAN","nmkec":"NUNUKAN","nmdesa":"NUNUKAN TENGAH","nmsls":"SEMAK BELUKAR, RAWA"}},{"type":"Feature","geometry":{"type":"MultiPolygon","coordinates":[[[[117.66178,4.13334],[117.6637,4.1331],[117.66364,4.13354],[117.66335,4.13407],[117.66334,4.1342],[117.66354,4.13423],[117.66378,4.13413],[117.66387,4.13404],[117.66392,4.13394],[117.66485,4.13365],[117.66513,4.13354],[117.66529,4.13342],[117.6654,4.13328],[117.66568,4.13374],[117.66615,4.13429],[117.66687,4.13497],[117.66728,4.13543],[117.66826,4.13467],[117.6679,4.13362],[117.66762,4.13314],[117.66761,4.13306],[117.66753,4.13263],[117.66752,4.13263],[117.66677,4.13284],[117.66659,4.13288],[117.66594,4.13296],[117.66561,4.13276],[117.66501,4.13191],[117.6643,4.13137],[117.66327,4.13121],[117.66267,4.13143],[117.6621,4.13157],[117.66183,4.13163],[117.66132,4.13185],[117.66134,4.13187],[117.66202,4.13237],[117.66215,4.13249],[117.66178,4.13334]]]]},"properties":{"kdprov":"65","kdkab":"04","kdkec":"100","kddesa":"004","kdsls":"0010","idsls":"65041000040010","nmprov":"KALIMANTAN UTARA","nmkab":"NUNUKAN","nmkec":"NUNUKAN","nmdesa":"NUNUKAN TIMUR","nmsls":"RT 010"}},{"type":"Feature","geometry":{"type":"MultiPolygon","coordinates":[[[[117.66085,4.13239],[117.66122,4.13107],[117.66158,4.13076],[117.6619,4.13078],[117.662,4.1311],[117.66162,4.13138],[117.66135,4.13168],[117.66132,4.13185],[117.66183,4.13163],[117.6621,4.13157],[117.66267,4.13143],[117.66327,4.13121],[117.6643,4.13137],[117.66501,4.13191],[117.66561,4.13276],[117.66594,4.13296],[117.66659,4.13288],[117.66677,4.13284],[117.66752,4.13263],[117.66753,4.13263],[117.66752,4.13257],[117.66742,4.13216],[117.66741,4.13207],[117.66726,4.13141],[117.66714,4.13086],[117.66708,4.13062],[117.66707,4.13055],[117.66657,4.13],[117.66648,4.1299],[117.66545,4.12877],[117.66514,4.12844],[117.66486,4.12813],[117.66488,4.12802],[117.66489,4.1279],[117.6649,4.12779],[117.6649,4.12767],[117.66489,4.12756],[117.66488,4.12745],[117.66486,4.12733],[117.66484,4.12722],[117.6648,4.12711],[117.66476,4.12701],[117.66472,4.1269],[117.66467,4.1268],[117.66461,4.1267],[117.66455,4.12661],[117.66448,4.12651],[117.6644,4.12643],[117.66432,4.12635],[117.66424,4.12627],[117.66415,4.1262],[117.66406,4.12613],[117.66396,4.12607],[117.66386,4.12602],[117.66376,4.12597],[117.66365,4.12593],[117.66354,4.12589],[117.66343,4.12586],[117.66332,4.12584],[117.66321,4.12582],[117.6631,4.12581],[117.66298,4.12581],[117.66287,4.12581],[117.66276,4.12583],[117.66266,4.12572],[117.66253,4.12558],[117.66252,4.12561],[117.66055,4.12591],[117.66038,4.12625],[117.6602,4.12664],[117.65999,4.12706],[117.65978,4.12765],[117.65958,4.12824],[117.65925,4.12821],[117.65922,4.12841],[117.65922,4.12873],[117.65926,4.12887],[117.65936,4.12914],[117.65938,4.12919],[117.65941,4.12909],[117.65977,4.12928],[117.66017,4.12936],[117.6603,4.12947],[117.66034,4.12961],[117.66043,4.13006],[117.66048,4.13097],[117.66049,4.13169],[117.66049,4.13186],[117.66049,4.13213],[117.66048,4.1324],[117.66057,4.13267],[117.66066,4.13284],[117.66074,4.13266],[117.66085,4.13239]]]]},"properties":{"kdprov":"65","kdkab":"04","kdkec":"100","kddesa":"003","kdsls":"0021","idsls":"65041000030021","nmprov":"KALIMANTAN UTARA","nmkab":"NUNUKAN","nmkec":"NUNUKAN","nmdesa":"NUNUKAN TENGAH","nmsls":"RT 021"}},{"type":"Feature","geometry":{"type":"MultiPolygon","coordinates":[[[[117.65734,4.13424],[117.65758,4.1341],[117.65762,4.13389],[117.65766,4.13383],[117.65751,4.13369],[117.65729,4.13353],[117.65704,4.13337],[117.65669,4.13317],[117.65621,4.13291],[117.65682,4.13231],[117.65756,4.13155],[117.65815,4.13097],[117.65832,4.13077],[117.65837,4.13067],[117.65856,4.13071],[117.65881,4.1311],[117.65912,4.13166],[117.65921,4.13182],[117.65935,4.13207],[117.65945,4.13236],[117.65977,4.13227],[117.65995,4.1321],[117.66011,4.13189],[117.66049,4.13186],[117.66049,4.13169],[117.66048,4.13097],[117.66043,4.13006],[117.66034,4.12961],[117.6603,4.12947],[117.66017,4.12936],[117.65977,4.12928],[117.65941,4.12909],[117.65938,4.12919],[117.65931,4.12938],[117.65925,4.12968],[117.6591,4.12976],[117.65882,4.12979],[117.65859,4.13007],[117.65843,4.13051],[117.65793,4.13059],[117.65682,4.13076],[117.65601,4.1309],[117.65538,4.13089],[117.65527,4.13089],[117.65526,4.13106],[117.65527,4.13149],[117.65529,4.13199],[117.65521,4.13228],[117.65496,4.13271],[117.65468,4.13325],[117.65451,4.13359],[117.6543,4.13371],[117.65414,4.134],[117.65403,4.13429],[117.65395,4.13432],[117.65378,4.13428],[117.65353,4.13419],[117.65345,4.13421],[117.6533,4.13426],[117.65323,4.13441],[117.65323,4.13449],[117.65327,4.13462],[117.65335,4.13473],[117.65338,4.13473],[117.65339,4.13472],[117.65342,4.13469],[117.65354,4.13467],[117.65388,4.13468],[117.65426,4.13476],[117.65454,4.13474],[117.65477,4.13463],[117.65498,4.13445],[117.65522,4.1342],[117.65536,4.13425],[117.65566,4.13454],[117.65599,4.13492],[117.65601,4.13494],[117.65625,4.13481],[117.65663,4.1346],[117.657,4.13442],[117.65734,4.13424]]]]},"properties":{"kdprov":"65","kdkab":"04","kdkec":"100","kddesa":"003","kdsls":"0013","idsls":"65041000030013","nmprov":"KALIMANTAN UTARA","nmkab":"NUNUKAN","nmkec":"NUNUKAN","nmdesa":"NUNUKAN TENGAH","nmsls":"RT 013"}},{"type":"Feature","geometry":{"type":"MultiPolygon","coordinates":[[[[117.65961,4.13379],[117.65938,4.13375],[117.65907,4.13345],[117.65918,4.13288],[117.65907,4.13285],[117.65899,4.13257],[117.65904,4.1324],[117.65903,4.13213],[117.65921,4.13182],[117.65912,4.13166],[117.65881,4.1311],[117.65856,4.13071],[117.65837,4.13067],[117.65832,4.13077],[117.65815,4.13097],[117.65756,4.13155],[117.65682,4.13231],[117.65621,4.13291],[117.65669,4.13317],[117.65704,4.13337],[117.65729,4.13353],[117.65751,4.13369],[117.65766,4.13383],[117.65762,4.13389],[117.65758,4.1341],[117.65734,4.13424],[117.657,4.13442],[117.65663,4.1346],[117.65625,4.13481],[117.65601,4.13494],[117.65618,4.13518],[117.65622,4.13546],[117.65626,4.13576],[117.65627,4.13586],[117.65628,4.13586],[117.65641,4.13581],[117.65667,4.13577],[117.65682,4.1358],[117.65847,4.13607],[117.65897,4.13564],[117.65933,4.13565],[117.65945,4.13563],[117.65946,4.13551],[117.65942,4.13486],[117.65943,4.13465],[117.65955,4.13415],[117.65961,4.13379]]]]},"properties":{"kdprov":"65","kdkab":"04","kdkec":"100","kddesa":"003","kdsls":"0022","idsls":"65041000030022","nmprov":"KALIMANTAN UTARA","nmkab":"NUNUKAN","nmkec":"NUNUKAN","nmdesa":"NUNUKAN TENGAH","nmsls":"RT 022"}},{"type":"Feature","geometry":{"type":"MultiPolygon","coordinates":[[[[117.65832,4.13728],[117.65841,4.13708],[117.65853,4.13705],[117.6589,4.13694],[117.6593,4.13665],[117.65961,4.13648],[117.6601,4.13617],[117.66015,4.13572],[117.66023,4.13515],[117.66026,4.13441],[117.66028,4.13407],[117.6605,4.13327],[117.66053,4.13319],[117.66053,4.13319],[117.66066,4.13284],[117.66057,4.13267],[117.66048,4.1324],[117.66049,4.13213],[117.66049,4.13186],[117.66011,4.13189],[117.65995,4.1321],[117.65977,4.13227],[117.65945,4.13236],[117.65935,4.13207],[117.65921,4.13182],[117.65903,4.13213],[117.65904,4.1324],[117.65899,4.13257],[117.65907,4.13285],[117.65918,4.13288],[117.65907,4.13345],[117.65938,4.13375],[117.65961,4.13379],[117.65955,4.13415],[117.65943,4.13465],[117.65942,4.13486],[117.65946,4.13551],[117.65945,4.13563],[117.65933,4.13565],[117.65897,4.13564],[117.65847,4.13607],[117.65682,4.1358],[117.65667,4.13577],[117.65641,4.13581],[117.65628,4.13586],[117.65627,4.13586],[117.6563,4.13605],[117.65643,4.13649],[117.65658,4.13697],[117.65667,4.13715],[117.65669,4.13719],[117.65699,4.13718],[117.65762,4.13737],[117.65812,4.13762],[117.65826,4.13767],[117.65832,4.13728]]]]},"properties":{"kdprov":"65","kdkab":"04","kdkec":"100","kddesa":"003","kdsls":"0014","idsls":"65041000030014","nmprov":"KALIMANTAN UTARA","nmkab":"NUNUKAN","nmkec":"NUNUKAN","nmdesa":"NUNUKAN TENGAH","nmsls":"RT 014"}},{"type":"Feature","geometry":{"type":"MultiPolygon","coordinates":[[[[117.65645,4.13779],[117.65659,4.13775],[117.65671,4.13776],[117.65672,4.13769],[117.65671,4.13754],[117.65671,4.13744],[117.65669,4.13719],[117.65667,4.13715],[117.65658,4.13697],[117.65643,4.13649],[117.6563,4.13605],[117.65627,4.13586],[117.65626,4.13576],[117.65622,4.13546],[117.65618,4.13518],[117.65601,4.13494],[117.65599,4.13492],[117.65566,4.13454],[117.65536,4.13425],[117.65522,4.1342],[117.65498,4.13445],[117.65477,4.13463],[117.65454,4.13474],[117.65426,4.13476],[117.65388,4.13468],[117.65354,4.13467],[117.65342,4.13469],[117.65339,4.13472],[117.65338,4.13473],[117.65343,4.13473],[117.65355,4.1349],[117.65371,4.13529],[117.65359,4.13575],[117.65365,4.13645],[117.65399,4.13666],[117.65419,4.13683],[117.65416,4.13685],[117.65411,4.13713],[117.6548,4.13729],[117.65481,4.1374],[117.65517,4.13752],[117.65535,4.13766],[117.6563,4.13778],[117.65629,4.13789],[117.65644,4.1379],[117.65645,4.13779]]]]},"properties":{"kdprov":"65","kdkab":"04","kdkec":"100","kddesa":"003","kdsls":"0012","idsls":"65041000030012","nmprov":"KALIMANTAN UTARA","nmkab":"NUNUKAN","nmkec":"NUNUKAN","nmdesa":"NUNUKAN TENGAH","nmsls":"RT 012"}},{"type":"Feature","geometry":{"type":"MultiPolygon","coordinates":[[[[117.65284,4.13941],[117.65298,4.13918],[117.65314,4.13876],[117.65335,4.13851],[117.65367,4.13832],[117.65396,4.13815],[117.65408,4.13796],[117.65411,4.13766],[117.65409,4.13725],[117.6541,4.13721],[117.65411,4.13713],[117.65416,4.13685],[117.65419,4.13683],[117.65399,4.13666],[117.65365,4.13645],[117.65359,4.13575],[117.65371,4.13529],[117.65355,4.1349],[117.65343,4.13473],[117.65338,4.13473],[117.65335,4.13473],[117.65322,4.13474],[117.65295,4.13482],[117.6526,4.13488],[117.6526,4.13504],[117.6526,4.13571],[117.65272,4.13627],[117.6529,4.13669],[117.65305,4.13703],[117.653,4.13731],[117.65295,4.13769],[117.65281,4.13819],[117.65258,4.13889],[117.65241,4.1394],[117.65259,4.13943],[117.65284,4.13941]]]]},"properties":{"kdprov":"65","kdkab":"04","kdkec":"100","kddesa":"003","kdsls":"0009","idsls":"65041000030009","nmprov":"KALIMANTAN UTARA","nmkab":"NUNUKAN","nmkec":"NUNUKAN","nmdesa":"NUNUKAN TENGAH","nmsls":"RT 009"}},{"type":"Feature","geometry":{"type":"MultiPolygon","coordinates":[[[[117.65284,4.13941],[117.65259,4.13943],[117.65241,4.1394],[117.65258,4.13889],[117.65281,4.13819],[117.65295,4.13769],[117.653,4.13731],[117.65305,4.13703],[117.6529,4.13669],[117.65272,4.13627],[117.6526,4.13571],[117.6526,4.13504],[117.6526,4.13488],[117.65242,4.13489],[117.65228,4.13493],[117.65227,4.13493],[117.65211,4.13498],[117.65195,4.13509],[117.65179,4.13516],[117.65167,4.13521],[117.65171,4.13548],[117.6518,4.13585],[117.65194,4.13636],[117.65201,4.13654],[117.65208,4.13713],[117.65215,4.13792],[117.65213,4.13833],[117.65206,4.13856],[117.65197,4.13874],[117.65187,4.13896],[117.6518,4.13915],[117.65177,4.13927],[117.65193,4.1396],[117.65164,4.1401],[117.65162,4.14015],[117.65187,4.14026],[117.65194,4.14029],[117.65226,4.14027],[117.65251,4.14039],[117.65265,4.14021],[117.65276,4.13993],[117.65284,4.13941]]]]},"properties":{"kdprov":"65","kdkab":"04","kdkec":"100","kddesa":"003","kdsls":"0008","idsls":"65041000030008","nmprov":"KALIMANTAN UTARA","nmkab":"NUNUKAN","nmkec":"NUNUKAN","nmdesa":"NUNUKAN TENGAH","nmsls":"RT 008"}},{"type":"Feature","geometry":{"type":"MultiPolygon","coordinates":[[[[117.65167,4.13521],[117.65161,4.13519],[117.65161,4.13522],[117.6514,4.13533],[117.65136,4.13544],[117.65138,4.13556],[117.65146,4.13598],[117.65147,4.13599],[117.65148,4.13627],[117.65129,4.13734],[117.65138,4.13735],[117.65117,4.13803],[117.651,4.13918],[117.65108,4.13919],[117.65128,4.13954],[117.65125,4.13961],[117.65145,4.13985],[117.65158,4.14014],[117.65162,4.14015],[117.65164,4.1401],[117.65193,4.1396],[117.65177,4.13927],[117.6518,4.13915],[117.65187,4.13896],[117.65197,4.13874],[117.65206,4.13856],[117.65213,4.13833],[117.65215,4.13792],[117.65208,4.13713],[117.65201,4.13654],[117.65194,4.13636],[117.6518,4.13585],[117.65171,4.13548],[117.65167,4.13521]]]]},"properties":{"kdprov":"65","kdkab":"04","kdkec":"100","kddesa":"003","kdsls":"0007","idsls":"65041000030007","nmprov":"KALIMANTAN UTARA","nmkab":"NUNUKAN","nmkec":"NUNUKAN","nmdesa":"NUNUKAN TENGAH","nmsls":"RT 007"}},{"type":"Feature","geometry":{"type":"MultiPolygon","coordinates":[[[[117.66864,4.13949],[117.66872,4.13913],[117.66872,4.13872],[117.66877,4.13842],[117.66847,4.13803],[117.66817,4.13773],[117.66795,4.13722],[117.66792,4.13691],[117.66844,4.1367],[117.66848,4.13646],[117.66804,4.13594],[117.66769,4.13636],[117.66717,4.13685],[117.66667,4.13734],[117.66609,4.13785],[117.66556,4.13824],[117.66596,4.13864],[117.66633,4.13901],[117.66669,4.13948],[117.6668,4.13999],[117.6668,4.13999],[117.66689,4.13997],[117.66695,4.14],[117.66707,4.14001],[117.66728,4.14],[117.66748,4.13998],[117.6677,4.13996],[117.66794,4.13987],[117.66825,4.13978],[117.66823,4.1396],[117.66836,4.1396],[117.66843,4.13957],[117.66853,4.13946],[117.66864,4.13949]]]]},"properties":{"kdprov":"65","kdkab":"04","kdkec":"100","kddesa":"004","kdsls":"0019","idsls":"65041000040019","nmprov":"KALIMANTAN UTARA","nmkab":"NUNUKAN","nmkec":"NUNUKAN","nmdesa":"NUNUKAN TIMUR","nmsls":"RT 019"}},{"type":"Feature","geometry":{"type":"MultiPolygon","coordinates":[[[[117.66085,4.13795],[117.66156,4.1386],[117.66231,4.13765],[117.66248,4.13777],[117.66262,4.13763],[117.66282,4.13783],[117.66327,4.13732],[117.663,4.13704],[117.66271,4.13679],[117.66197,4.13634],[117.66174,4.13664],[117.66085,4.13795]]]]},"properties":{"kdprov":"65","kdkab":"04","kdkec":"100","kddesa":"004","kdsls":"0009","idsls":"65041000040009","nmprov":"KALIMANTAN UTARA","nmkab":"NUNUKAN","nmkec":"NUNUKAN","nmdesa":"NUNUKAN TIMUR","nmsls":"RT 009"}},{"type":"Feature","geometry":{"type":"MultiPolygon","coordinates":[[[[117.65408,4.13796],[117.65419,4.13802],[117.65429,4.13804],[117.65429,4.13799],[117.65436,4.13799],[117.65435,4.13815],[117.65445,4.13816],[117.65441,4.13822],[117.65454,4.13828],[117.65462,4.13828],[117.65469,4.13828],[117.65471,4.13862],[117.6547,4.13874],[117.65464,4.13901],[117.65469,4.13899],[117.65477,4.13897],[117.65547,4.1388],[117.65597,4.1387],[117.65624,4.1387],[117.65646,4.13841],[117.65667,4.13806],[117.65671,4.13776],[117.65659,4.13775],[117.65645,4.13779],[117.65644,4.1379],[117.65629,4.13789],[117.6563,4.13778],[117.65535,4.13766],[117.65517,4.13752],[117.65481,4.1374],[117.6548,4.13729],[117.65411,4.13713],[117.6541,4.13721],[117.65409,4.13725],[117.65411,4.13766],[117.65408,4.13796]]]]},"properties":{"kdprov":"65","kdkab":"04","kdkec":"100","kddesa":"003","kdsls":"0018","idsls":"65041000030018","nmprov":"KALIMANTAN UTARA","nmkab":"NUNUKAN","nmkec":"NUNUKAN","nmdesa":"NUNUKAN TENGAH","nmsls":"RT 018"}},{"type":"Feature","geometry":{"type":"MultiPolygon","coordinates":[[[[117.65776,4.13818],[117.65717,4.138],[117.65718,4.1378],[117.65681,4.13776],[117.65671,4.13776],[117.65667,4.13806],[117.65646,4.13841],[117.65624,4.1387],[117.65597,4.1387],[117.65547,4.1388],[117.65477,4.13897],[117.65469,4.13899],[117.65447,4.13905],[117.65431,4.13909],[117.65416,4.13935],[117.65403,4.13961],[117.65446,4.13955],[117.65501,4.13947],[117.65517,4.13951],[117.65574,4.13953],[117.65592,4.13957],[117.6565,4.13999],[117.65678,4.14017],[117.65688,4.13994],[117.657,4.13969],[117.65721,4.13926],[117.65749,4.13866],[117.65776,4.13818]]]]},"properties":{"kdprov":"65","kdkab":"04","kdkec":"100","kddesa":"004","kdsls":"0006","idsls":"65041000040006","nmprov":"KALIMANTAN UTARA","nmkab":"NUNUKAN","nmkec":"NUNUKAN","nmdesa":"NUNUKAN TIMUR","nmsls":"RT 006"}},{"type":"Feature","geometry":{"type":"MultiPolygon","coordinates":[[[[117.65983,4.14135],[117.65979,4.14128],[117.65931,4.14075],[117.65897,4.14033],[117.6587,4.13964],[117.65855,4.13904],[117.65844,4.13875],[117.65864,4.1384],[117.65781,4.13798],[117.65778,4.13816],[117.65776,4.13818],[117.65749,4.13866],[117.65721,4.13926],[117.657,4.13969],[117.65688,4.13994],[117.65678,4.14017],[117.65723,4.14046],[117.65797,4.14094],[117.65825,4.1412],[117.6587,4.14155],[117.65908,4.14175],[117.65932,4.14175],[117.65967,4.14155],[117.65983,4.14135]]]]},"properties":{"kdprov":"65","kdkab":"04","kdkec":"100","kddesa":"004","kdsls":"0007","idsls":"65041000040007","nmprov":"KALIMANTAN UTARA","nmkab":"NUNUKAN","nmkec":"NUNUKAN","nmdesa":"NUNUKAN TIMUR","nmsls":"RT 007"}},{"type":"Feature","geometry":{"type":"MultiPolygon","coordinates":[[[[117.66573,4.14041],[117.66579,4.14039],[117.66604,4.14027],[117.66606,4.14031],[117.66613,4.14027],[117.66611,4.14021],[117.66622,4.14014],[117.66637,4.14005],[117.66643,4.14013],[117.6666,4.14004],[117.66668,4.14],[117.66679,4.13999],[117.6668,4.13999],[117.66669,4.13948],[117.66633,4.13901],[117.66596,4.13864],[117.66556,4.13824],[117.66533,4.13842],[117.665,4.13875],[117.66487,4.13908],[117.66466,4.13968],[117.66501,4.13986],[117.66523,4.13998],[117.66539,4.14002],[117.66554,4.14002],[117.66563,4.14013],[117.66566,4.14024],[117.66571,4.14035],[117.66573,4.14041]]]]},"properties":{"kdprov":"65","kdkab":"04","kdkec":"100","kddesa":"004","kdsls":"0016","idsls":"65041000040016","nmprov":"KALIMANTAN UTARA","nmkab":"NUNUKAN","nmkec":"NUNUKAN","nmdesa":"NUNUKAN TIMUR","nmsls":"RT 016"}},{"type":"Feature","geometry":{"type":"MultiPolygon","coordinates":[[[[117.66417,4.14079],[117.66436,4.14043],[117.66462,4.1398],[117.66487,4.13908],[117.665,4.13875],[117.66533,4.13842],[117.665,4.13851],[117.66477,4.13872],[117.66451,4.13901],[117.66405,4.13947],[117.66358,4.13991],[117.66348,4.14007],[117.66324,4.14033],[117.66343,4.14043],[117.66395,4.14063],[117.66417,4.14079]]]]},"properties":{"kdprov":"65","kdkab":"04","kdkec":"100","kddesa":"004","kdsls":"0015","idsls":"65041000040015","nmprov":"KALIMANTAN UTARA","nmkab":"NUNUKAN","nmkec":"NUNUKAN","nmdesa":"NUNUKAN TIMUR","nmsls":"RT 015"}},{"type":"Feature","geometry":{"type":"MultiPolygon","coordinates":[[[[117.66324,4.14033],[117.66348,4.14007],[117.66358,4.13991],[117.66328,4.13971],[117.66305,4.13946],[117.66308,4.1394],[117.66325,4.13916],[117.66353,4.13883],[117.66342,4.13874],[117.66329,4.13869],[117.66314,4.13861],[117.66302,4.1385],[117.66298,4.13847],[117.66282,4.13858],[117.66259,4.13883],[117.66225,4.13922],[117.66194,4.1396],[117.66182,4.13971],[117.66273,4.14008],[117.66324,4.14033]]]]},"properties":{"kdprov":"65","kdkab":"04","kdkec":"100","kddesa":"004","kdsls":"0014","idsls":"65041000040014","nmprov":"KALIMANTAN UTARA","nmkab":"NUNUKAN","nmkec":"NUNUKAN","nmdesa":"NUNUKAN TIMUR","nmsls":"RT 014"}},{"type":"Feature","geometry":{"type":"MultiPolygon","coordinates":[[[[117.65501,4.13947],[117.65446,4.13955],[117.65403,4.13961],[117.65381,4.13966],[117.65357,4.13967],[117.65331,4.1396],[117.65317,4.13945],[117.65284,4.13941],[117.65276,4.13993],[117.65265,4.14021],[117.65251,4.14039],[117.65244,4.14048],[117.65239,4.14063],[117.65265,4.14083],[117.65271,4.14088],[117.65282,4.14097],[117.65309,4.14101],[117.65316,4.1409],[117.65319,4.14087],[117.6533,4.14072],[117.65351,4.14053],[117.6537,4.14049],[117.65371,4.14049],[117.65372,4.14049],[117.65385,4.14046],[117.65411,4.14044],[117.65419,4.14058],[117.65407,4.14083],[117.65398,4.14109],[117.654,4.14122],[117.65404,4.14148],[117.65427,4.14188],[117.65458,4.14221],[117.65463,4.14213],[117.65463,4.14194],[117.65463,4.14172],[117.65465,4.14162],[117.65454,4.1414],[117.6545,4.14104],[117.65448,4.14058],[117.6544,4.14012],[117.65448,4.14002],[117.65482,4.14],[117.65497,4.13992],[117.65501,4.13947]]]]},"properties":{"kdprov":"65","kdkab":"04","kdkec":"100","kddesa":"004","kdsls":"0001","idsls":"65041000040001","nmprov":"KALIMANTAN UTARA","nmkab":"NUNUKAN","nmkec":"NUNUKAN","nmdesa":"NUNUKAN TIMUR","nmsls":"RT 001"}},{"type":"Feature","geometry":{"type":"MultiPolygon","coordinates":[[[[117.66801,4.14218],[117.6682,4.14207],[117.66845,4.14187],[117.66839,4.1417],[117.66856,4.14153],[117.66863,4.14149],[117.66893,4.14135],[117.66892,4.14132],[117.66874,4.14104],[117.66888,4.14078],[117.66898,4.14041],[117.66865,4.13996],[117.66864,4.13949],[117.66853,4.13946],[117.66843,4.13957],[117.66836,4.1396],[117.66823,4.1396],[117.66825,4.13978],[117.66794,4.13987],[117.6677,4.13996],[117.66748,4.13998],[117.66728,4.14],[117.66707,4.14001],[117.66695,4.14],[117.66689,4.13997],[117.6668,4.13999],[117.66695,4.14042],[117.66718,4.14078],[117.66742,4.1411],[117.6676,4.1414],[117.66781,4.14177],[117.66801,4.14218]]]]},"properties":{"kdprov":"65","kdkab":"04","kdkec":"100","kddesa":"004","kdsls":"0021","idsls":"65041000040021","nmprov":"KALIMANTAN UTARA","nmkab":"NUNUKAN","nmkec":"NUNUKAN","nmdesa":"NUNUKAN TIMUR","nmsls":"RT 021"}},{"type":"Feature","geometry":{"type":"MultiPolygon","coordinates":[[[[117.65545,4.12349],[117.6564,4.12307],[117.65697,4.12415],[117.65724,4.12464],[117.65771,4.12519],[117.65776,4.12539],[117.65766,4.12562],[117.65736,4.12597],[117.65708,4.12636],[117.65703,4.12648],[117.65715,4.12797],[117.65722,4.12798],[117.65828,4.12809],[117.65895,4.12817],[117.65925,4.12821],[117.65958,4.12824],[117.65978,4.12765],[117.65999,4.12706],[117.6602,4.12664],[117.66038,4.12625],[117.66055,4.12591],[117.66252,4.12561],[117.66253,4.12558],[117.66285,4.12504],[117.66174,4.1226],[117.65984,4.12183],[117.65944,4.12215],[117.65954,4.12177],[117.65834,4.12168],[117.65743,4.12192],[117.65699,4.12219],[117.65672,4.12249],[117.65672,4.1225],[117.65648,4.12242],[117.6564,4.12241],[117.65636,4.1224],[117.65627,4.12239],[117.65593,4.12212],[117.65588,4.12214],[117.65573,4.12216],[117.65538,4.12274],[117.65545,4.12346],[117.65545,4.12349]]]]},"properties":{"kdprov":"65","kdkab":"04","kdkec":"100","kddesa":"003","kdsls":"0016","idsls":"65041000030016","nmprov":"KALIMANTAN UTARA","nmkab":"NUNUKAN","nmkec":"NUNUKAN","nmdesa":"NUNUKAN TENGAH","nmsls":"RT 016"}},{"type":"Feature","geometry":{"type":"MultiPolygon","coordinates":[[[[117.65421,4.13133],[117.65455,4.13057],[117.65499,4.12986],[117.65516,4.12957],[117.65539,4.12875],[117.65563,4.12861],[117.65667,4.12828],[117.65704,4.12803],[117.65711,4.12796],[117.65657,4.12786],[117.65591,4.12803],[117.65568,4.12791],[117.65517,4.12794],[117.65401,4.12702],[117.65385,4.12656],[117.65339,4.12726],[117.6534,4.12816],[117.65293,4.12915],[117.65283,4.12967],[117.65283,4.12967],[117.65283,4.12969],[117.65289,4.13025],[117.65266,4.1308],[117.65236,4.1316],[117.65223,4.13206],[117.6518,4.13308],[117.65181,4.13332],[117.65305,4.1336],[117.65375,4.1322],[117.65421,4.13133]]]]},"properties":{"kdprov":"65","kdkab":"04","kdkec":"100","kddesa":"003","kdsls":"0010","idsls":"65041000030010","nmprov":"KALIMANTAN UTARA","nmkab":"NUNUKAN","nmkec":"NUNUKAN","nmdesa":"NUNUKAN TENGAH","nmsls":"RT 010"}},{"type":"Feature","geometry":{"type":"MultiPolygon","coordinates":[[[[117.65483,4.14311],[117.65466,4.14304],[117.65465,4.14305],[117.65448,4.14318],[117.65427,4.14333],[117.65396,4.14356],[117.65379,4.14379],[117.65374,4.14389],[117.65367,4.14408],[117.65366,4.14429],[117.65365,4.14442],[117.65363,4.14453],[117.65351,4.1445],[117.65346,4.1446],[117.65345,4.14471],[117.65345,4.14483],[117.65347,4.14493],[117.65344,4.14496],[117.65344,4.14498],[117.65381,4.14509],[117.65417,4.14516],[117.6546,4.14522],[117.65469,4.14523],[117.6547,4.14521],[117.65474,4.14496],[117.65475,4.14488],[117.65466,4.14448],[117.6545,4.14419],[117.65417,4.14403],[117.65402,4.14379],[117.65419,4.14362],[117.65449,4.1436],[117.65456,4.14359],[117.65469,4.14336],[117.65483,4.14311]]]]},"properties":{"kdprov":"65","kdkab":"04","kdkec":"100","kddesa":"005","kdsls":"0009","idsls":"65041000050009","nmprov":"KALIMANTAN UTARA","nmkab":"NUNUKAN","nmkec":"NUNUKAN","nmdesa":"NUNUKAN UTARA","nmsls":"RT 009"}},{"type":"Feature","geometry":{"type":"MultiPolygon","coordinates":[[[[117.65608,4.11148],[117.65606,4.11171],[117.65577,4.11206],[117.65563,4.11229],[117.65559,4.11267],[117.65549,4.11302],[117.65541,4.11315],[117.65541,4.11315],[117.65542,4.11325],[117.65487,4.11329],[117.65447,4.11369],[117.65423,4.1141],[117.65421,4.1148],[117.65418,4.11531],[117.65463,4.11584],[117.65496,4.11656],[117.65509,4.11786],[117.65508,4.11899],[117.65508,4.12008],[117.65558,4.12141],[117.65584,4.12176],[117.65582,4.12178],[117.6558,4.12195],[117.65588,4.12214],[117.65593,4.12212],[117.65627,4.12239],[117.65636,4.1224],[117.65659,4.12179],[117.65679,4.12127],[117.65694,4.12088],[117.65707,4.12033],[117.6571,4.12006],[117.65708,4.11969],[117.65704,4.1193],[117.65702,4.11915],[117.657,4.11898],[117.657,4.1189],[117.65699,4.11881],[117.657,4.11873],[117.65701,4.11865],[117.65703,4.11856],[117.65728,4.11788],[117.65754,4.11725],[117.65759,4.11717],[117.65762,4.11709],[117.65766,4.117],[117.65769,4.11691],[117.65777,4.11644],[117.65781,4.1162],[117.65783,4.11613],[117.65786,4.11606],[117.65789,4.11599],[117.65793,4.11592],[117.65798,4.11586],[117.65802,4.1158],[117.65808,4.11574],[117.65824,4.11561],[117.65856,4.11539],[117.65878,4.11527],[117.6587,4.11502],[117.65822,4.11522],[117.65783,4.11547],[117.65769,4.1157],[117.65753,4.11563],[117.65708,4.11482],[117.65726,4.11442],[117.65746,4.11394],[117.65766,4.11354],[117.65795,4.11295],[117.65821,4.11271],[117.65689,4.11156],[117.65608,4.11148]]]]},"properties":{"kdprov":"65","kdkab":"04","kdkec":"100","kddesa":"003","kdsls":"0019","idsls":"65041000030019","nmprov":"KALIMANTAN UTARA","nmkab":"NUNUKAN","nmkec":"NUNUKAN","nmdesa":"NUNUKAN TENGAH","nmsls":"RT 019"}},{"type":"Feature","geometry":{"type":"MultiPolygon","coordinates":[[[[117.64875,4.12194],[117.64922,4.12244],[117.65001,4.12297],[117.65046,4.12306],[117.65066,4.12309],[117.65141,4.12431],[117.65315,4.12342],[117.65338,4.12304],[117.65366,4.12238],[117.65378,4.12232],[117.6538,4.12166],[117.65379,4.12167],[117.65375,4.12153],[117.65338,4.1211],[117.65298,4.12062],[117.65247,4.12054],[117.65243,4.12064],[117.65211,4.12062],[117.65206,4.12037],[117.65171,4.12027],[117.65065,4.11986],[117.65046,4.12016],[117.6503,4.12041],[117.64985,4.12093],[117.64923,4.12152],[117.64894,4.12177],[117.64875,4.12194]]]]},"properties":{"kdprov":"65","kdkab":"04","kdkec":"100","kddesa":"003","kdsls":"0015","idsls":"65041000030015","nmprov":"KALIMANTAN UTARA","nmkab":"NUNUKAN","nmkec":"NUNUKAN","nmdesa":"NUNUKAN TENGAH","nmsls":"RT 015"}},{"type":"Feature","geometry":{"type":"MultiPolygon","coordinates":[[[[117.65165,4.12872],[117.65127,4.12865],[117.65093,4.12867],[117.65091,4.12844],[117.65045,4.1285],[117.65048,4.12876],[117.65017,4.12886],[117.65009,4.12898],[117.6501,4.12909],[117.65011,4.1291],[117.6503,4.12936],[117.65049,4.12959],[117.65078,4.12983],[117.65097,4.1299],[117.65129,4.13023],[117.65142,4.13048],[117.65161,4.13084],[117.65178,4.13118],[117.65173,4.13157],[117.6516,4.13208],[117.65146,4.13261],[117.65128,4.13327],[117.6513,4.13384],[117.65135,4.13414],[117.65142,4.13437],[117.65155,4.13487],[117.65161,4.13516],[117.65161,4.13519],[117.65167,4.13521],[117.65179,4.13516],[117.65195,4.13509],[117.65211,4.13498],[117.65227,4.13493],[117.65228,4.13493],[117.65221,4.13475],[117.65211,4.13451],[117.65209,4.1342],[117.65201,4.13355],[117.65181,4.13332],[117.6518,4.13308],[117.65223,4.13206],[117.65236,4.1316],[117.65266,4.1308],[117.65289,4.13025],[117.65283,4.12969],[117.65283,4.12967],[117.65283,4.12967],[117.65282,4.12965],[117.65272,4.1295],[117.65254,4.12917],[117.65215,4.12887],[117.65165,4.12872]]]]},"properties":{"kdprov":"65","kdkab":"04","kdkec":"100","kddesa":"003","kdsls":"0020","idsls":"65041000030020","nmprov":"KALIMANTAN UTARA","nmkab":"NUNUKAN","nmkec":"NUNUKAN","nmdesa":"NUNUKAN TENGAH","nmsls":"RT 020"}},{"type":"Feature","geometry":{"type":"MultiPolygon","coordinates":[[[[117.65722,4.14216],[117.65727,4.14196],[117.65731,4.14181],[117.65744,4.14183],[117.6576,4.14145],[117.65797,4.14094],[117.65723,4.14046],[117.65678,4.14017],[117.6565,4.13999],[117.65592,4.13957],[117.65574,4.13953],[117.65517,4.13951],[117.65501,4.13947],[117.65497,4.13992],[117.65482,4.14],[117.65448,4.14002],[117.6544,4.14012],[117.65448,4.14058],[117.6545,4.14104],[117.65454,4.1414],[117.65465,4.14162],[117.65463,4.14172],[117.65463,4.14194],[117.65463,4.14213],[117.65458,4.14221],[117.65501,4.14219],[117.65547,4.14234],[117.65548,4.14231],[117.65563,4.14163],[117.6558,4.14157],[117.65654,4.14124],[117.65722,4.14216]]]]},"properties":{"kdprov":"65","kdkab":"04","kdkec":"100","kddesa":"004","kdsls":"0002","idsls":"65041000040002","nmprov":"KALIMANTAN UTARA","nmkab":"NUNUKAN","nmkec":"NUNUKAN","nmdesa":"NUNUKAN TIMUR","nmsls":"RT 002"}},{"type":"Feature","geometry":{"type":"MultiPolygon","coordinates":[[[[117.66488,4.14134],[117.66459,4.14109],[117.66418,4.14079],[117.66417,4.14079],[117.66395,4.14063],[117.66343,4.14043],[117.66324,4.14033],[117.66273,4.14008],[117.66182,4.13971],[117.66162,4.1399],[117.66138,4.14008],[117.66143,4.14016],[117.66164,4.14041],[117.66187,4.14069],[117.66206,4.14098],[117.66217,4.14132],[117.6623,4.14185],[117.66232,4.14197],[117.6623,4.14242],[117.66241,4.14295],[117.66253,4.1431],[117.66267,4.14313],[117.66274,4.14313],[117.6628,4.14315],[117.66289,4.14307],[117.66331,4.14272],[117.6638,4.14239],[117.66435,4.14206],[117.66446,4.14183],[117.66455,4.14166],[117.66479,4.14143],[117.66488,4.14134]]]]},"properties":{"kdprov":"65","kdkab":"04","kdkec":"100","kddesa":"004","kdsls":"0013","idsls":"65041000040013","nmprov":"KALIMANTAN UTARA","nmkab":"NUNUKAN","nmkec":"NUNUKAN","nmdesa":"NUNUKAN TIMUR","nmsls":"RT 013"}},{"type":"Feature","geometry":{"type":"MultiPolygon","coordinates":[[[[117.66637,4.14005],[117.66622,4.14014],[117.66611,4.14021],[117.66613,4.14027],[117.66606,4.14031],[117.66604,4.14027],[117.66579,4.14039],[117.66573,4.14041],[117.66579,4.14058],[117.66582,4.14069],[117.6659,4.14084],[117.666,4.14094],[117.66604,4.14099],[117.66618,4.14085],[117.66629,4.14094],[117.66639,4.14103],[117.66664,4.14114],[117.66678,4.14121],[117.66691,4.14126],[117.66708,4.14151],[117.66718,4.14172],[117.66733,4.14192],[117.66739,4.14189],[117.66747,4.14196],[117.66763,4.14213],[117.66757,4.14216],[117.66764,4.14224],[117.66775,4.14234],[117.66786,4.14237],[117.66799,4.14227],[117.66803,4.14221],[117.66801,4.14218],[117.66781,4.14177],[117.6676,4.1414],[117.66742,4.1411],[117.66718,4.14078],[117.66695,4.14042],[117.6668,4.13999],[117.6668,4.13999],[117.66679,4.13999],[117.66668,4.14],[117.6666,4.14004],[117.66643,4.14013],[117.66637,4.14005]]]]},"properties":{"kdprov":"65","kdkab":"04","kdkec":"100","kddesa":"004","kdsls":"0018","idsls":"65041000040018","nmprov":"KALIMANTAN UTARA","nmkab":"NUNUKAN","nmkec":"NUNUKAN","nmdesa":"NUNUKAN TIMUR","nmsls":"RT 018"}},{"type":"Feature","geometry":{"type":"MultiPolygon","coordinates":[[[[117.66052,4.14579],[117.66008,4.14605],[117.65986,4.14617],[117.65999,4.14645],[117.65946,4.14666],[117.65959,4.14746],[117.65969,4.14771],[117.66024,4.14755],[117.66219,4.14747],[117.66308,4.14718],[117.66232,4.14548],[117.66256,4.14532],[117.66257,4.14451],[117.66158,4.14337],[117.66144,4.14348],[117.66144,4.1435],[117.66144,4.14352],[117.66145,4.14353],[117.66145,4.14355],[117.66151,4.14363],[117.66169,4.14389],[117.66183,4.14407],[117.66183,4.14408],[117.66182,4.14409],[117.66182,4.14409],[117.66182,4.1441],[117.66181,4.14411],[117.6618,4.14411],[117.6618,4.14412],[117.66168,4.14412],[117.66166,4.14413],[117.66165,4.14414],[117.66164,4.14415],[117.66163,4.14416],[117.66162,4.14418],[117.66161,4.14419],[117.66161,4.14421],[117.66161,4.14423],[117.66161,4.14424],[117.66164,4.14431],[117.66177,4.14456],[117.66178,4.14461],[117.66193,4.14481],[117.66194,4.14485],[117.66194,4.14489],[117.66194,4.14494],[117.66194,4.14498],[117.66192,4.14505],[117.66189,4.14535],[117.66189,4.14537],[117.66188,4.14538],[117.66187,4.14539],[117.66186,4.1454],[117.66185,4.14541],[117.66184,4.14542],[117.66183,4.14542],[117.66181,4.14542],[117.6618,4.14542],[117.66155,4.14542],[117.66132,4.14541],[117.66126,4.14543],[117.66097,4.14554],[117.66077,4.14567],[117.66058,4.14576],[117.66052,4.14579]]]]},"properties":{"kdprov":"65","kdkab":"04","kdkec":"100","kddesa":"004","kdsls":"0011","idsls":"65041000040011","nmprov":"KALIMANTAN UTARA","nmkab":"NUNUKAN","nmkec":"NUNUKAN","nmdesa":"NUNUKAN TIMUR","nmsls":"RT 011"}},{"type":"Feature","geometry":{"type":"MultiPolygon","coordinates":[[[[117.656,4.14416],[117.65589,4.14415],[117.65588,4.14418],[117.65581,4.14412],[117.65564,4.14402],[117.65532,4.1438],[117.65534,4.14375],[117.65561,4.14327],[117.65547,4.14311],[117.65512,4.14306],[117.65484,4.14308],[117.65483,4.14311],[117.65469,4.14336],[117.65456,4.14359],[117.65449,4.1436],[117.65419,4.14362],[117.65402,4.14379],[117.65417,4.14403],[117.6545,4.14419],[117.65466,4.14448],[117.65475,4.14488],[117.65474,4.14496],[117.6547,4.14521],[117.65469,4.14523],[117.65467,4.1454],[117.65461,4.14587],[117.65482,4.14627],[117.65486,4.14634],[117.65517,4.1461],[117.65541,4.14561],[117.65549,4.14534],[117.65594,4.14549],[117.65626,4.14546],[117.65642,4.14507],[117.656,4.14416]]]]},"properties":{"kdprov":"65","kdkab":"04","kdkec":"100","kddesa":"004","kdsls":"0004","idsls":"65041000040004","nmprov":"KALIMANTAN UTARA","nmkab":"NUNUKAN","nmkec":"NUNUKAN","nmdesa":"NUNUKAN TIMUR","nmsls":"RT 004"}},{"type":"Feature","geometry":{"type":"MultiPolygon","coordinates":[[[[117.65394,4.14256],[117.65396,4.1426],[117.65411,4.1427],[117.65431,4.14285],[117.65452,4.14297],[117.65465,4.14305],[117.65466,4.14304],[117.6548,4.14293],[117.65488,4.14285],[117.6549,4.14281],[117.65476,4.14273],[117.6546,4.14261],[117.65448,4.14254],[117.6541,4.14228],[117.65405,4.14227],[117.6538,4.14218],[117.65385,4.14191],[117.65382,4.14172],[117.65375,4.14153],[117.65369,4.1413],[117.65371,4.14102],[117.65374,4.14069],[117.65371,4.14049],[117.6537,4.14049],[117.65351,4.14053],[117.6533,4.14072],[117.65319,4.14087],[117.65316,4.1409],[117.65309,4.14101],[117.65282,4.14097],[117.65271,4.14088],[117.65265,4.14083],[117.65239,4.14063],[117.65244,4.14048],[117.65251,4.14039],[117.65226,4.14027],[117.65194,4.14029],[117.65187,4.14026],[117.65162,4.14015],[117.65158,4.14014],[117.65155,4.14019],[117.65134,4.14057],[117.65141,4.14061],[117.65187,4.14095],[117.65229,4.1412],[117.65232,4.14123],[117.65259,4.14143],[117.65309,4.1419],[117.65337,4.14211],[117.65345,4.14214],[117.65353,4.14242],[117.65363,4.14242],[117.65383,4.14246],[117.6539,4.1425],[117.65394,4.14257],[117.65394,4.14256]]]]},"properties":{"kdprov":"65","kdkab":"04","kdkec":"100","kddesa":"005","kdsls":"0005","idsls":"65041000050005","nmprov":"KALIMANTAN UTARA","nmkab":"NUNUKAN","nmkec":"NUNUKAN","nmdesa":"NUNUKAN UTARA","nmsls":"RT 005"}},{"type":"Feature","geometry":{"type":"MultiPolygon","coordinates":[[[[117.65547,4.14234],[117.65501,4.14219],[117.65458,4.14221],[117.65427,4.14188],[117.65404,4.14148],[117.654,4.14122],[117.65398,4.14109],[117.65407,4.14083],[117.65419,4.14058],[117.65411,4.14044],[117.65385,4.14046],[117.65372,4.14049],[117.65371,4.14049],[117.65374,4.14069],[117.65371,4.14102],[117.65369,4.1413],[117.65375,4.14153],[117.65382,4.14172],[117.65385,4.14191],[117.6538,4.14218],[117.65405,4.14227],[117.6541,4.14228],[117.65448,4.14254],[117.6546,4.14261],[117.65476,4.14273],[117.6549,4.14281],[117.65488,4.14285],[117.6548,4.14293],[117.65466,4.14304],[117.65483,4.14311],[117.65484,4.14308],[117.65512,4.14306],[117.65547,4.14311],[117.65561,4.14327],[117.65567,4.14316],[117.65571,4.14309],[117.6558,4.14285],[117.65573,4.14264],[117.65574,4.14242],[117.6555,4.14235],[117.65547,4.14234]]]]},"properties":{"kdprov":"65","kdkab":"04","kdkec":"100","kddesa":"005","kdsls":"0007","idsls":"65041000050007","nmprov":"KALIMANTAN UTARA","nmkab":"NUNUKAN","nmkec":"NUNUKAN","nmdesa":"NUNUKAN UTARA","nmsls":"RT 007"}},{"type":"Feature","geometry":{"type":"MultiPolygon","coordinates":[[[[117.65949,4.14432],[117.65977,4.14412],[117.6595,4.14368],[117.65944,4.14369],[117.65913,4.14332],[117.65917,4.14244],[117.6593,4.14175],[117.65908,4.14175],[117.6587,4.14155],[117.65825,4.1412],[117.65797,4.14094],[117.6576,4.14145],[117.65744,4.14183],[117.65731,4.14181],[117.65727,4.14196],[117.65722,4.14216],[117.65722,4.14216],[117.65722,4.14216],[117.65721,4.14219],[117.65729,4.14233],[117.65772,4.14266],[117.65761,4.14283],[117.65764,4.14287],[117.65823,4.1433],[117.65849,4.14351],[117.65862,4.14365],[117.6589,4.14403],[117.6589,4.14406],[117.65939,4.14431],[117.65949,4.14432]]]]},"properties":{"kdprov":"65","kdkab":"04","kdkec":"100","kddesa":"004","kdsls":"0020","idsls":"65041000040020","nmprov":"KALIMANTAN UTARA","nmkab":"NUNUKAN","nmkec":"NUNUKAN","nmdesa":"NUNUKAN TIMUR","nmsls":"RT 020"}},{"type":"Feature","geometry":{"type":"MultiPolygon","coordinates":[[[[117.65156,4.14383],[117.65156,4.14383],[117.65175,4.14366],[117.65183,4.14371],[117.65192,4.14378],[117.65212,4.1439],[117.65225,4.14398],[117.65238,4.14406],[117.65259,4.14417],[117.65279,4.14426],[117.65291,4.14414],[117.65306,4.14387],[117.65324,4.14358],[117.65336,4.14333],[117.65343,4.14319],[117.65355,4.14287],[117.65356,4.14277],[117.65355,4.14259],[117.65354,4.14248],[117.65353,4.14242],[117.65345,4.14214],[117.65337,4.14211],[117.65309,4.1419],[117.65259,4.14143],[117.65232,4.14123],[117.6523,4.14126],[117.65212,4.14148],[117.65203,4.14164],[117.65194,4.14181],[117.65202,4.14194],[117.65208,4.14206],[117.65208,4.14221],[117.65211,4.14241],[117.65217,4.14255],[117.6513,4.1432],[117.65134,4.14323],[117.65142,4.14333],[117.65134,4.14346],[117.65104,4.1437],[117.65107,4.14379],[117.65129,4.14403],[117.65155,4.14383],[117.65156,4.14383]]]]},"properties":{"kdprov":"65","kdkab":"04","kdkec":"100","kddesa":"005","kdsls":"0006","idsls":"65041000050006","nmprov":"KALIMANTAN UTARA","nmkab":"NUNUKAN","nmkec":"NUNUKAN","nmdesa":"NUNUKAN UTARA","nmsls":"RT 006"}},{"type":"Feature","geometry":{"type":"MultiPolygon","coordinates":[[[[117.656,4.14416],[117.65661,4.14391],[117.65663,4.14384],[117.65638,4.14366],[117.65652,4.14289],[117.65669,4.1427],[117.65667,4.14252],[117.65664,4.14229],[117.65662,4.14214],[117.65657,4.14202],[117.65722,4.14216],[117.65722,4.14216],[117.65654,4.14124],[117.6558,4.14157],[117.65563,4.14163],[117.65548,4.14231],[117.65547,4.14234],[117.6555,4.14235],[117.65574,4.14242],[117.65573,4.14264],[117.6558,4.14285],[117.65571,4.14309],[117.65567,4.14316],[117.65561,4.14327],[117.65534,4.14375],[117.65532,4.1438],[117.65564,4.14402],[117.65581,4.14412],[117.65588,4.14418],[117.65589,4.14415],[117.656,4.14416]]]]},"properties":{"kdprov":"65","kdkab":"04","kdkec":"100","kddesa":"004","kdsls":"0003","idsls":"65041000040003","nmprov":"KALIMANTAN UTARA","nmkab":"NUNUKAN","nmkec":"NUNUKAN","nmdesa":"NUNUKAN TIMUR","nmsls":"RT 003"}},{"type":"Feature","geometry":{"type":"MultiPolygon","coordinates":[[[[117.66552,4.1463],[117.66492,4.14457],[117.66489,4.14452],[117.66465,4.14455],[117.66438,4.14458],[117.66428,4.14459],[117.66407,4.14457],[117.66405,4.14456],[117.66406,4.14423],[117.66387,4.14424],[117.66371,4.1443],[117.66387,4.14443],[117.66386,4.14476],[117.6637,4.14516],[117.6637,4.14554],[117.66375,4.14613],[117.66405,4.14686],[117.66409,4.14685],[117.66543,4.14634],[117.66552,4.1463]]]]},"properties":{"kdprov":"65","kdkab":"04","kdkec":"100","kddesa":"004","kdsls":"0012","idsls":"65041000040012","nmprov":"KALIMANTAN UTARA","nmkab":"NUNUKAN","nmkec":"NUNUKAN","nmdesa":"NUNUKAN TIMUR","nmsls":"RT 012"}},{"type":"Feature","geometry":{"type":"MultiPolygon","coordinates":[[[[117.66621,4.1439],[117.66861,4.1428],[117.66929,4.14242],[117.66927,4.14239],[117.66922,4.14232],[117.66905,4.14181],[117.66893,4.14135],[117.66863,4.14149],[117.66856,4.14153],[117.66839,4.1417],[117.66845,4.14187],[117.6682,4.14207],[117.66801,4.14218],[117.66803,4.14221],[117.66799,4.14227],[117.66786,4.14237],[117.66775,4.14234],[117.66764,4.14224],[117.66757,4.14216],[117.66763,4.14213],[117.66747,4.14196],[117.66734,4.14209],[117.66745,4.14222],[117.66694,4.14246],[117.66665,4.14248],[117.66657,4.1422],[117.6664,4.14208],[117.66631,4.14204],[117.66628,4.14199],[117.66583,4.14224],[117.66591,4.14243],[117.66599,4.14288],[117.66604,4.14342],[117.66621,4.1439]]]]},"properties":{"kdprov":"65","kdkab":"04","kdkec":"100","kddesa":"004","kdsls":"0017","idsls":"65041000040017","nmprov":"KALIMANTAN UTARA","nmkab":"NUNUKAN","nmkec":"NUNUKAN","nmdesa":"NUNUKAN TIMUR","nmsls":"RT 017"}},{"type":"Feature","geometry":{"type":"MultiPolygon","coordinates":[[[[117.66049,4.14561],[117.66017,4.14525],[117.66004,4.14518],[117.65981,4.14484],[117.65952,4.14445],[117.65949,4.14432],[117.65939,4.14431],[117.6589,4.14406],[117.6589,4.14403],[117.65862,4.14365],[117.65849,4.14351],[117.65823,4.1433],[117.65764,4.14287],[117.65761,4.14283],[117.65772,4.14266],[117.65729,4.14233],[117.65721,4.14219],[117.65722,4.14216],[117.65722,4.14216],[117.65657,4.14202],[117.65662,4.14214],[117.65664,4.14229],[117.65667,4.14252],[117.65669,4.1427],[117.65652,4.14289],[117.65638,4.14366],[117.65663,4.14384],[117.65661,4.14391],[117.656,4.14416],[117.65642,4.14507],[117.65626,4.14546],[117.65594,4.14549],[117.65549,4.14534],[117.65541,4.14561],[117.65517,4.1461],[117.65486,4.14634],[117.65516,4.14694],[117.65537,4.14756],[117.65539,4.14813],[117.6557,4.14799],[117.65657,4.14806],[117.65758,4.14814],[117.65844,4.14799],[117.65945,4.14777],[117.65969,4.14771],[117.65959,4.14746],[117.65946,4.14666],[117.65999,4.14645],[117.65986,4.14617],[117.66008,4.14605],[117.66052,4.14579],[117.66058,4.14576],[117.66049,4.14561]]]]},"properties":{"kdprov":"65","kdkab":"04","kdkec":"100","kddesa":"004","kdsls":"0005","idsls":"65041000040005","nmprov":"KALIMANTAN UTARA","nmkab":"NUNUKAN","nmkec":"NUNUKAN","nmdesa":"NUNUKAN TIMUR","nmsls":"RT 005"}},{"type":"Feature","geometry":{"type":"MultiPolygon","coordinates":[[[[117.65465,4.14305],[117.65452,4.14297],[117.65431,4.14285],[117.65411,4.1427],[117.65396,4.1426],[117.65394,4.14256],[117.65394,4.14257],[117.6539,4.1425],[117.65383,4.14246],[117.65363,4.14242],[117.65353,4.14242],[117.65354,4.14248],[117.65355,4.14259],[117.65356,4.14277],[117.65355,4.14287],[117.65343,4.14319],[117.65336,4.14333],[117.65324,4.14358],[117.65326,4.14363],[117.65327,4.14368],[117.65325,4.14399],[117.65322,4.14421],[117.65316,4.14453],[117.65313,4.14464],[117.65322,4.14468],[117.65333,4.14473],[117.65342,4.14478],[117.65345,4.14483],[117.65345,4.14471],[117.65346,4.1446],[117.65351,4.1445],[117.65363,4.14453],[117.65365,4.14442],[117.65366,4.14429],[117.65367,4.14408],[117.65374,4.14389],[117.65379,4.14379],[117.65396,4.14356],[117.65427,4.14333],[117.65448,4.14318],[117.65465,4.14305]]]]},"properties":{"kdprov":"65","kdkab":"04","kdkec":"100","kddesa":"005","kdsls":"0012","idsls":"65041000050012","nmprov":"KALIMANTAN UTARA","nmkab":"NUNUKAN","nmkec":"NUNUKAN","nmdesa":"NUNUKAN UTARA","nmsls":"RT 012"}},{"type":"Feature","geometry":{"type":"MultiPolygon","coordinates":[[[[117.65326,4.14363],[117.65324,4.14358],[117.65306,4.14387],[117.65291,4.14414],[117.65279,4.14426],[117.6527,4.14436],[117.65247,4.1446],[117.65235,4.14471],[117.65214,4.14488],[117.65193,4.1455],[117.65145,4.14656],[117.65126,4.14696],[117.6528,4.14748],[117.65282,4.14749],[117.65282,4.14749],[117.65315,4.14757],[117.65326,4.1465],[117.65326,4.14642],[117.65327,4.1462],[117.65326,4.14594],[117.65328,4.14561],[117.65333,4.14535],[117.6534,4.1451],[117.65344,4.14498],[117.65344,4.14496],[117.65347,4.14493],[117.65345,4.14483],[117.65342,4.14478],[117.65333,4.14473],[117.65322,4.14468],[117.65313,4.14464],[117.65316,4.14453],[117.65322,4.14421],[117.65325,4.14399],[117.65327,4.14368],[117.65326,4.14363]]]]},"properties":{"kdprov":"65","kdkab":"04","kdkec":"100","kddesa":"005","kdsls":"0008","idsls":"65041000050008","nmprov":"KALIMANTAN UTARA","nmkab":"NUNUKAN","nmkec":"NUNUKAN","nmdesa":"NUNUKAN UTARA","nmsls":"RT 008"}},{"type":"Feature","geometry":{"type":"MultiPolygon","coordinates":[[[[117.65344,4.14498],[117.6534,4.1451],[117.65333,4.14535],[117.65328,4.14561],[117.65326,4.14594],[117.65327,4.1462],[117.65326,4.14642],[117.65326,4.1465],[117.65315,4.14757],[117.65376,4.1477],[117.65455,4.14799],[117.6552,4.14821],[117.65539,4.14813],[117.65537,4.14756],[117.65516,4.14694],[117.65486,4.14634],[117.65482,4.14627],[117.65461,4.14587],[117.65467,4.1454],[117.65469,4.14523],[117.6546,4.14522],[117.65417,4.14516],[117.65381,4.14509],[117.65344,4.14498]]]]},"properties":{"kdprov":"65","kdkab":"04","kdkec":"100","kddesa":"005","kdsls":"0011","idsls":"65041000050011","nmprov":"KALIMANTAN UTARA","nmkab":"NUNUKAN","nmkec":"NUNUKAN","nmdesa":"NUNUKAN UTARA","nmsls":"RT 011"}},{"type":"Feature","geometry":{"type":"MultiPolygon","coordinates":[[[[117.65152,4.14386],[117.65175,4.14393],[117.65156,4.14428],[117.65143,4.14463],[117.65137,4.14465],[117.65138,4.14473],[117.65132,4.14476],[117.65131,4.14482],[117.65128,4.14496],[117.65121,4.14496],[117.6511,4.14491],[117.65087,4.14491],[117.65069,4.14553],[117.64969,4.14521],[117.64965,4.14527],[117.64922,4.14628],[117.65004,4.14656],[117.65092,4.14685],[117.65159,4.14503],[117.65166,4.14482],[117.65197,4.144],[117.65205,4.14402],[117.65212,4.1439],[117.65192,4.14378],[117.65183,4.14371],[117.65175,4.14366],[117.65156,4.14383],[117.65156,4.14383],[117.65155,4.14383],[117.65152,4.14386]]]]},"properties":{"kdprov":"65","kdkab":"04","kdkec":"100","kddesa":"005","kdsls":"0010","idsls":"65041000050010","nmprov":"KALIMANTAN UTARA","nmkab":"NUNUKAN","nmkec":"NUNUKAN","nmdesa":"NUNUKAN UTARA","nmsls":"RT 010"}},{"type":"Feature","geometry":{"type":"MultiPolygon","coordinates":[[[[117.65159,4.14503],[117.65092,4.14685],[117.65126,4.14696],[117.65145,4.14656],[117.65193,4.1455],[117.65203,4.14521],[117.65159,4.14503]]]]},"properties":{"kdprov":"65","kdkab":"04","kdkec":"100","kddesa":"005","kdsls":"0013","idsls":"65041000050013","nmprov":"KALIMANTAN UTARA","nmkab":"NUNUKAN","nmkec":"NUNUKAN","nmdesa":"NUNUKAN UTARA","nmsls":"RT 013"}},{"type":"Feature","geometry":{"type":"MultiPolygon","coordinates":[[[[117.65379,4.12167],[117.6538,4.12166],[117.65378,4.12232],[117.65366,4.12238],[117.65338,4.12304],[117.65315,4.12342],[117.65337,4.12378],[117.65373,4.12417],[117.65402,4.12435],[117.65434,4.12428],[117.6546,4.12417],[117.65482,4.12377],[117.65545,4.12351],[117.65545,4.12346],[117.65538,4.12274],[117.65573,4.12216],[117.65588,4.12214],[117.6558,4.12195],[117.65582,4.12178],[117.65584,4.12176],[117.65558,4.12141],[117.65508,4.12008],[117.65508,4.11899],[117.65509,4.11786],[117.65496,4.11656],[117.65463,4.11584],[117.65418,4.11531],[117.65421,4.1148],[117.65423,4.1141],[117.65447,4.11369],[117.65487,4.11329],[117.65542,4.11325],[117.65541,4.11315],[117.65532,4.11306],[117.65482,4.11304],[117.6548,4.11294],[117.65478,4.11269],[117.65473,4.11257],[117.65453,4.11255],[117.65308,4.11263],[117.65302,4.11222],[117.65313,4.11213],[117.65314,4.11186],[117.65292,4.11174],[117.65286,4.11162],[117.65316,4.11155],[117.65312,4.11127],[117.653,4.11108],[117.65293,4.11084],[117.65273,4.11082],[117.65265,4.11066],[117.65229,4.11043],[117.65217,4.11031],[117.65229,4.11015],[117.6522,4.10985],[117.65252,4.10962],[117.65266,4.10942],[117.65252,4.10946],[117.65243,4.10932],[117.65225,4.10922],[117.65219,4.10933],[117.65202,4.10945],[117.65195,4.10931],[117.65209,4.10917],[117.65208,4.10906],[117.65181,4.10915],[117.64863,4.11021],[117.6497,4.11076],[117.65018,4.11128],[117.65037,4.1119],[117.65056,4.11488],[117.65071,4.11726],[117.6507,4.11853],[117.6507,4.11857],[117.6507,4.11872],[117.6507,4.1191],[117.6507,4.11914],[117.65065,4.11986],[117.65065,4.11986],[117.65171,4.12027],[117.65206,4.12037],[117.65211,4.12062],[117.65243,4.12064],[117.65247,4.12054],[117.65298,4.12062],[117.65338,4.1211],[117.65375,4.12153],[117.65378,4.12166],[117.65379,4.12167]]]]},"properties":{"kdprov":"65","kdkab":"04","kdkec":"100","kddesa":"003","kdsls":"0023","idsls":"65041000030023","nmprov":"KALIMANTAN UTARA","nmkab":"NUNUKAN","nmkec":"NUNUKAN","nmdesa":"NUNUKAN TENGAH","nmsls":"RT 023"}},{"type":"Feature","geometry":{"type":"MultiPolygon","coordinates":[[[[117.66257,4.14455],[117.66307,4.14459],[117.66312,4.14473],[117.66334,4.14465],[117.66348,4.145],[117.66362,4.14495],[117.66379,4.14493],[117.66386,4.14476],[117.66387,4.14443],[117.66362,4.14421],[117.66322,4.14373],[117.66286,4.14317],[117.6628,4.14315],[117.66274,4.14313],[117.66267,4.14313],[117.66253,4.1431],[117.66241,4.14295],[117.6623,4.14242],[117.66232,4.14197],[117.6623,4.14185],[117.66217,4.14132],[117.66206,4.14098],[117.66187,4.14069],[117.66164,4.14041],[117.66143,4.14016],[117.66138,4.14008],[117.66122,4.14021],[117.66104,4.14036],[117.66044,4.14086],[117.66002,4.14119],[117.6603,4.1415],[117.66059,4.14196],[117.66142,4.14322],[117.66158,4.14337],[117.66257,4.14451],[117.66257,4.14455]]]]},"properties":{"kdprov":"65","kdkab":"04","kdkec":"100","kddesa":"004","kdsls":"0011","idsls":"65041000040011","nmprov":"KALIMANTAN UTARA","nmkab":"NUNUKAN","nmkec":"NUNUKAN","nmdesa":"NUNUKAN TIMUR","nmsls":"RT 011"}},{"type":"Feature","geometry":{"type":"MultiPolygon","coordinates":[[[[117.66604,4.14099],[117.666,4.14094],[117.6659,4.14084],[117.66582,4.14069],[117.66579,4.14058],[117.66571,4.14035],[117.66566,4.14024],[117.66563,4.14013],[117.66554,4.14002],[117.66539,4.14002],[117.66523,4.13998],[117.66501,4.13986],[117.66466,4.13968],[117.66462,4.1398],[117.66436,4.14043],[117.66417,4.14079],[117.66418,4.14079],[117.66459,4.14109],[117.66488,4.14134],[117.66545,4.14177],[117.66564,4.14151],[117.66595,4.14116],[117.66608,4.14103],[117.66604,4.14099]]]]},"properties":{"kdprov":"65","kdkab":"04","kdkec":"100","kddesa":"004","kdsls":"0016","idsls":"65041000040016","nmprov":"KALIMANTAN UTARA","nmkab":"NUNUKAN","nmkec":"NUNUKAN","nmdesa":"NUNUKAN TIMUR","nmsls":"RT 016"}},{"type":"Feature","geometry":{"type":"MultiPolygon","coordinates":[[[[117.65183,4.14436],[117.65206,4.14443],[117.65205,4.14446],[117.65228,4.14454],[117.65238,4.14458],[117.65243,4.14464],[117.65247,4.1446],[117.6527,4.14436],[117.65279,4.14426],[117.65259,4.14417],[117.65238,4.14406],[117.65225,4.14398],[117.65212,4.1439],[117.65205,4.14402],[117.65197,4.144],[117.65183,4.14436]]]]},"properties":{"kdprov":"65","kdkab":"04","kdkec":"100","kddesa":"005","kdsls":"0013","idsls":"65041000050013","nmprov":"KALIMANTAN UTARA","nmkab":"NUNUKAN","nmkec":"NUNUKAN","nmdesa":"NUNUKAN UTARA","nmsls":"RT 013"}},{"type":"Feature","geometry":{"type":"MultiPolygon","coordinates":[[[[117.64782,4.11516],[117.64774,4.11598],[117.6478,4.11776],[117.64745,4.11743],[117.64699,4.11781],[117.64666,4.11811],[117.64616,4.11804],[117.64544,4.11813],[117.64456,4.11773],[117.64342,4.11824],[117.64296,4.11901],[117.64302,4.11933],[117.64304,4.11988],[117.64339,4.12065],[117.64372,4.12058],[117.64383,4.12113],[117.64438,4.12122],[117.64455,4.12161],[117.64493,4.1217],[117.64514,4.12186],[117.64565,4.12191],[117.64694,4.12222],[117.64788,4.1222],[117.64828,4.12245],[117.64851,4.12216],[117.64894,4.12177],[117.64923,4.12152],[117.64985,4.12093],[117.6503,4.12041],[117.65046,4.12016],[117.65065,4.11986],[117.6507,4.11914],[117.6507,4.1191],[117.6507,4.11872],[117.6507,4.11857],[117.6507,4.11853],[117.65071,4.11726],[117.65056,4.11488],[117.64865,4.11507],[117.64782,4.11516]]]]},"properties":{"kdprov":"65","kdkab":"04","kdkec":"100","kddesa":"001","kdsls":"0013","idsls":"65041000010013","nmprov":"KALIMANTAN UTARA","nmkab":"NUNUKAN","nmkec":"NUNUKAN","nmdesa":"NUNUKAN BARAT","nmsls":"RT 014"}},{"type":"Feature","geometry":{"type":"MultiPolygon","coordinates":[[[[117.64524,4.14259],[117.64505,4.14253],[117.64483,4.14246],[117.64459,4.14235],[117.64437,4.14228],[117.64374,4.14197],[117.64361,4.14187],[117.64353,4.14176],[117.64332,4.1417],[117.64298,4.14123],[117.64296,4.14074],[117.64279,4.1407],[117.64254,4.1407],[117.64254,4.1412],[117.64252,4.14178],[117.64249,4.14217],[117.64189,4.14306],[117.64266,4.14349],[117.64273,4.14353],[117.6444,4.14445],[117.64491,4.14335],[117.6451,4.1428],[117.64522,4.14263],[117.64524,4.14259]]]]},"properties":{"kdprov":"65","kdkab":"04","kdkec":"100","kddesa":"001","kdsls":"0001","idsls":"65041000010001","nmprov":"KALIMANTAN UTARA","nmkab":"NUNUKAN","nmkec":"NUNUKAN","nmdesa":"NUNUKAN BARAT","nmsls":"RT 001"}},{"type":"Feature","geometry":{"type":"MultiPolygon","coordinates":[[[[117.6487,4.1371],[117.6486,4.13715],[117.64838,4.13728],[117.64807,4.13741],[117.64781,4.13744],[117.64746,4.13815],[117.64736,4.13832],[117.64722,4.13844],[117.64705,4.13856],[117.64658,4.13892],[117.64644,4.13904],[117.64641,4.1392],[117.6466,4.13927],[117.64665,4.13929],[117.64668,4.13933],[117.64692,4.13933],[117.64693,4.13922],[117.6471,4.1391],[117.64749,4.1391],[117.64751,4.13898],[117.64792,4.139],[117.64813,4.139],[117.64844,4.13888],[117.64814,4.13845],[117.64811,4.1382],[117.64857,4.13816],[117.64858,4.13801],[117.64862,4.13781],[117.64866,4.13769],[117.64878,4.13749],[117.64876,4.13731],[117.64871,4.13711],[117.6487,4.1371]]]]},"properties":{"kdprov":"65","kdkab":"04","kdkec":"100","kddesa":"001","kdsls":"0007","idsls":"65041000010007","nmprov":"KALIMANTAN UTARA","nmkab":"NUNUKAN","nmkec":"NUNUKAN","nmdesa":"NUNUKAN BARAT","nmsls":"RT 008"}},{"type":"Feature","geometry":{"type":"MultiPolygon","coordinates":[[[[117.64778,4.13449],[117.64721,4.13397],[117.64705,4.13391],[117.64681,4.13406],[117.6468,4.13347],[117.64673,4.13341],[117.64625,4.1332],[117.64619,4.13326],[117.64579,4.13324],[117.64545,4.1331],[117.64546,4.13288],[117.64535,4.13272],[117.6451,4.1327],[117.64485,4.13278],[117.64469,4.13237],[117.64479,4.13187],[117.64424,4.13191],[117.64415,4.13285],[117.64404,4.13309],[117.6438,4.13342],[117.64375,4.13353],[117.64373,4.13365],[117.64374,4.13378],[117.64371,4.1339],[117.64367,4.13412],[117.64364,4.13426],[117.64355,4.13442],[117.64342,4.13463],[117.64344,4.13471],[117.64349,4.13497],[117.64349,4.13517],[117.6436,4.13519],[117.6436,4.13523],[117.64386,4.13525],[117.6443,4.13528],[117.64486,4.1354],[117.6453,4.13558],[117.64561,4.13573],[117.6458,4.13563],[117.64606,4.13556],[117.64632,4.13563],[117.64664,4.13591],[117.64692,4.13611],[117.64716,4.13583],[117.64736,4.13562],[117.64744,4.13553],[117.64747,4.13545],[117.64751,4.13537],[117.64766,4.13491],[117.64778,4.13449]]]]},"properties":{"kdprov":"65","kdkab":"04","kdkec":"100","kddesa":"001","kdsls":"0009","idsls":"65041000010009","nmprov":"KALIMANTAN UTARA","nmkab":"NUNUKAN","nmkec":"NUNUKAN","nmdesa":"NUNUKAN BARAT","nmsls":"RT 010"}},{"type":"Feature","geometry":{"type":"MultiPolygon","coordinates":[[[[117.64226,4.14065],[117.64225,4.14071],[117.64228,4.14086],[117.64206,4.14086],[117.64185,4.14086],[117.64165,4.1408],[117.64131,4.1407],[117.64101,4.14059],[117.64053,4.14042],[117.6398,4.14016],[117.63928,4.14179],[117.64112,4.14264],[117.64189,4.14306],[117.64249,4.14217],[117.64252,4.14178],[117.64254,4.1412],[117.64254,4.1407],[117.64252,4.1407],[117.64226,4.14065]]]]},"properties":{"kdprov":"65","kdkab":"04","kdkec":"100","kddesa":"001","kdsls":"0011","idsls":"65041000010011","nmprov":"KALIMANTAN UTARA","nmkab":"NUNUKAN","nmkec":"NUNUKAN","nmdesa":"NUNUKAN BARAT","nmsls":"RT 012"}},{"type":"Feature","geometry":{"type":"MultiPolygon","coordinates":[[[[117.625,4.10869],[117.62499,4.10923],[117.62512,4.11047],[117.62279,4.11066],[117.62279,4.1108],[117.62279,4.11118],[117.6228,4.11158],[117.62288,4.1122],[117.62289,4.11269],[117.62298,4.11323],[117.62305,4.11377],[117.62333,4.11472],[117.62337,4.11471],[117.62387,4.1141],[117.62472,4.11369],[117.6263,4.11289],[117.62728,4.11244],[117.62751,4.11236],[117.62767,4.1122],[117.62776,4.11214],[117.62796,4.11237],[117.62813,4.11267],[117.62829,4.11288],[117.62848,4.11307],[117.62883,4.11331],[117.62918,4.11351],[117.62956,4.1136],[117.63026,4.11361],[117.63043,4.11365],[117.63519,4.11419],[117.63528,4.11357],[117.63634,4.11257],[117.63592,4.11155],[117.63579,4.11124],[117.63566,4.11118],[117.63543,4.11108],[117.6352,4.11108],[117.63497,4.11104],[117.63488,4.11096],[117.63474,4.11078],[117.63459,4.11035],[117.6345,4.11013],[117.63427,4.10989],[117.63402,4.10977],[117.63382,4.10971],[117.63333,4.1098],[117.63269,4.10982],[117.63234,4.10973],[117.63094,4.10883],[117.63068,4.10881],[117.63054,4.10886],[117.62998,4.10925],[117.62963,4.1095],[117.62938,4.10959],[117.62886,4.10956],[117.6279,4.10939],[117.62707,4.10935],[117.62655,4.10932],[117.62593,4.10919],[117.62535,4.10889],[117.625,4.10869]]]]},"properties":{"kdprov":"65","kdkab":"04","kdkec":"100","kddesa":"006","kdsls":"0002","idsls":"65041000060002","nmprov":"KALIMANTAN UTARA","nmkab":"NUNUKAN","nmkec":"NUNUKAN","nmdesa":"DESA PERSIAPAN UJANG FATIMAH","nmsls":"RT 004"}},{"type":"Feature","geometry":{"type":"MultiPolygon","coordinates":[[[[117.62884,4.10956],[117.62875,4.10906],[117.62434,4.10517],[117.62104,4.10485],[117.62118,4.11031],[117.62137,4.11009],[117.62145,4.11002],[117.62166,4.10991],[117.62192,4.10982],[117.62295,4.10928],[117.62355,4.10886],[117.62418,4.10847],[117.62425,4.10846],[117.62428,4.10847],[117.6249,4.10863],[117.62535,4.10889],[117.62593,4.10919],[117.62655,4.10932],[117.62707,4.10935],[117.6279,4.10939],[117.62884,4.10956]]]]},"properties":{"kdprov":"65","kdkab":"04","kdkec":"100","kddesa":"006","kdsls":"0001","idsls":"65041000060001","nmprov":"KALIMANTAN UTARA","nmkab":"NUNUKAN","nmkec":"NUNUKAN","nmdesa":"DESA PERSIAPAN UJANG FATIMAH","nmsls":"RT 003"}},{"type":"Feature","geometry":{"type":"MultiPolygon","coordinates":[[[[117.6482,4.13199],[117.64894,4.13202],[117.64995,4.13232],[117.6501,4.13109],[117.6508,4.13107],[117.65085,4.13107],[117.65086,4.13057],[117.65097,4.1299],[117.65078,4.12983],[117.65049,4.12959],[117.6503,4.12936],[117.65011,4.1291],[117.6501,4.12909],[117.65009,4.12907],[117.6497,4.12871],[117.64925,4.12832],[117.64904,4.12807],[117.6489,4.1279],[117.64874,4.12755],[117.64863,4.12716],[117.64849,4.12647],[117.64823,4.12554],[117.64804,4.12496],[117.64795,4.12476],[117.64757,4.12504],[117.64731,4.1254],[117.64725,4.12587],[117.64698,4.12638],[117.64681,4.12661],[117.64661,4.12688],[117.64614,4.12735],[117.64516,4.1276],[117.64466,4.12775],[117.64526,4.12785],[117.6457,4.12802],[117.64611,4.12825],[117.64634,4.12852],[117.64671,4.129],[117.64689,4.12924],[117.64692,4.12928],[117.64714,4.12974],[117.64724,4.13016],[117.64773,4.13099],[117.64781,4.13116],[117.64788,4.13131],[117.64813,4.13187],[117.6482,4.13199]]]]},"properties":{"kdprov":"65","kdkab":"04","kdkec":"100","kddesa":"003","kdsls":"0005","idsls":"65041000030005","nmprov":"KALIMANTAN UTARA","nmkab":"NUNUKAN","nmkec":"NUNUKAN","nmdesa":"NUNUKAN TENGAH","nmsls":"RT 005"}},{"type":"Feature","geometry":{"type":"MultiPolygon","coordinates":[[[[117.65097,4.1299],[117.65086,4.13057],[117.65085,4.13107],[117.6508,4.13107],[117.6501,4.13109],[117.64995,4.13232],[117.64894,4.13202],[117.6482,4.13199],[117.64846,4.13248],[117.64862,4.13315],[117.6487,4.13314],[117.64884,4.13317],[117.64896,4.13324],[117.64898,4.13323],[117.64911,4.13317],[117.6493,4.13323],[117.64953,4.13339],[117.64974,4.13352],[117.64993,4.13362],[117.65017,4.13371],[117.65016,4.13379],[117.65012,4.13393],[117.6501,4.13411],[117.65006,4.13431],[117.65007,4.13439],[117.65037,4.13433],[117.65041,4.13423],[117.65076,4.13416],[117.65084,4.13409],[117.65132,4.13399],[117.6513,4.13384],[117.65128,4.13327],[117.65146,4.13261],[117.6516,4.13208],[117.65173,4.13157],[117.65178,4.13118],[117.65161,4.13084],[117.65142,4.13048],[117.65129,4.13023],[117.65097,4.1299]]]]},"properties":{"kdprov":"65","kdkab":"04","kdkec":"100","kddesa":"003","kdsls":"0005","idsls":"65041000030005","nmprov":"KALIMANTAN UTARA","nmkab":"NUNUKAN","nmkec":"NUNUKAN","nmdesa":"NUNUKAN TENGAH","nmsls":"RT 005"}},{"type":"Feature","geometry":{"type":"MultiPolygon","coordinates":[[[[117.65013,4.13472],[117.6501,4.13472],[117.65001,4.13474],[117.64981,4.13478],[117.64953,4.13477],[117.64948,4.13474],[117.64944,4.13486],[117.64928,4.13484],[117.64925,4.13493],[117.649,4.13485],[117.64896,4.1349],[117.64871,4.13483],[117.6487,4.13484],[117.64839,4.13488],[117.64838,4.135],[117.64842,4.13547],[117.64848,4.13592],[117.64849,4.13595],[117.6485,4.13597],[117.6485,4.13598],[117.64855,4.13628],[117.64857,4.13646],[117.64858,4.13668],[117.64861,4.13682],[117.64868,4.13705],[117.64884,4.13695],[117.649,4.1369],[117.64947,4.13687],[117.64982,4.13691],[117.64991,4.1369],[117.64996,4.13664],[117.65001,4.13639],[117.65006,4.13584],[117.65008,4.13561],[117.65009,4.13545],[117.65011,4.13521],[117.65013,4.13474],[117.65013,4.13472]]]]},"properties":{"kdprov":"65","kdkab":"04","kdkec":"100","kddesa":"003","kdsls":"0006","idsls":"65041000030006","nmprov":"KALIMANTAN UTARA","nmkab":"NUNUKAN","nmkec":"NUNUKAN","nmdesa":"NUNUKAN TENGAH","nmsls":"RT 006"}},{"type":"Feature","geometry":{"type":"MultiPolygon","coordinates":[[[[117.65528,4.1318],[117.65421,4.13133],[117.65375,4.1322],[117.65305,4.1336],[117.65181,4.13332],[117.65201,4.13355],[117.65209,4.1342],[117.65211,4.13451],[117.65221,4.13475],[117.65228,4.13493],[117.65242,4.13489],[117.6526,4.13488],[117.65295,4.13482],[117.65322,4.13474],[117.65335,4.13473],[117.65327,4.13462],[117.65323,4.13449],[117.65323,4.13441],[117.6533,4.13426],[117.65345,4.13421],[117.65353,4.13419],[117.65378,4.13428],[117.65395,4.13432],[117.65403,4.13429],[117.65414,4.134],[117.6543,4.13371],[117.65451,4.13359],[117.65468,4.13325],[117.65496,4.13271],[117.65521,4.13228],[117.65529,4.13199],[117.65528,4.1318]]]]},"properties":{"kdprov":"65","kdkab":"04","kdkec":"100","kddesa":"003","kdsls":"0010","idsls":"65041000030010","nmprov":"KALIMANTAN UTARA","nmkab":"NUNUKAN","nmkec":"NUNUKAN","nmdesa":"NUNUKAN TENGAH","nmsls":"RT 010"}},{"type":"Feature","geometry":{"type":"MultiPolygon","coordinates":[[[[117.65711,4.12796],[117.65704,4.12803],[117.65667,4.12828],[117.65563,4.12861],[117.65539,4.12875],[117.65516,4.12957],[117.65499,4.12986],[117.65455,4.13057],[117.65421,4.13133],[117.65528,4.1318],[117.65527,4.13149],[117.65526,4.13106],[117.65527,4.13089],[117.65538,4.13089],[117.65601,4.1309],[117.65682,4.13076],[117.65793,4.13059],[117.65843,4.13051],[117.65859,4.13007],[117.65882,4.12979],[117.6591,4.12976],[117.65925,4.12968],[117.65931,4.12938],[117.65938,4.12919],[117.65936,4.12914],[117.65926,4.12887],[117.65922,4.12873],[117.65922,4.12841],[117.65925,4.12821],[117.65895,4.12817],[117.65828,4.12809],[117.65722,4.12798],[117.65711,4.12796]]]]},"properties":{"kdprov":"65","kdkab":"04","kdkec":"100","kddesa":"003","kdsls":"0010","idsls":"65041000030010","nmprov":"KALIMANTAN UTARA","nmkab":"NUNUKAN","nmkec":"NUNUKAN","nmdesa":"NUNUKAN TENGAH","nmsls":"RT 010"}},{"type":"Feature","geometry":{"type":"MultiPolygon","coordinates":[[[[117.65715,4.12797],[117.65703,4.12648],[117.65708,4.12636],[117.65736,4.12597],[117.65766,4.12562],[117.65776,4.12539],[117.65771,4.12519],[117.65724,4.12464],[117.65697,4.12415],[117.6564,4.12307],[117.65545,4.12349],[117.65545,4.12354],[117.65532,4.12625],[117.65514,4.12621],[117.65445,4.12638],[117.65396,4.1264],[117.65385,4.12656],[117.65401,4.12702],[117.65517,4.12794],[117.65568,4.12791],[117.65591,4.12803],[117.65657,4.12786],[117.65711,4.12796],[117.65715,4.12797]]]]},"properties":{"kdprov":"65","kdkab":"04","kdkec":"100","kddesa":"003","kdsls":"0016","idsls":"65041000030016","nmprov":"KALIMANTAN UTARA","nmkab":"NUNUKAN","nmkec":"NUNUKAN","nmdesa":"NUNUKAN TENGAH","nmsls":"RT 016"}},{"type":"Feature","geometry":{"type":"MultiPolygon","coordinates":[[[[117.65464,4.13901],[117.6547,4.13874],[117.65471,4.13862],[117.65469,4.13828],[117.65462,4.13828],[117.65454,4.13828],[117.65441,4.13822],[117.65445,4.13816],[117.65435,4.13815],[117.65436,4.13799],[117.65429,4.13799],[117.65429,4.13804],[117.65419,4.13802],[117.65408,4.13796],[117.65396,4.13815],[117.65367,4.13832],[117.65335,4.13851],[117.65314,4.13876],[117.65298,4.13918],[117.65284,4.13941],[117.65317,4.13945],[117.65331,4.1396],[117.65357,4.13967],[117.65381,4.13966],[117.65403,4.13961],[117.65416,4.13935],[117.65431,4.13909],[117.65447,4.13905],[117.65464,4.13901]]]]},"properties":{"kdprov":"65","kdkab":"04","kdkec":"100","kddesa":"003","kdsls":"0018","idsls":"65041000030018","nmprov":"KALIMANTAN UTARA","nmkab":"NUNUKAN","nmkec":"NUNUKAN","nmdesa":"NUNUKAN TENGAH","nmsls":"RT 018"}},{"type":"Feature","geometry":{"type":"MultiPolygon","coordinates":[[[[117.6607,4.13954],[117.66015,4.13863],[117.65994,4.13876],[117.65963,4.1389],[117.6592,4.13909],[117.65884,4.13925],[117.65862,4.1393],[117.6587,4.13964],[117.65897,4.14033],[117.65931,4.14075],[117.65979,4.14128],[117.65983,4.14135],[117.66002,4.14119],[117.66044,4.14086],[117.66104,4.14036],[117.66122,4.14021],[117.66114,4.1401],[117.6607,4.13954]]]]},"properties":{"kdprov":"65","kdkab":"04","kdkec":"100","kddesa":"004","kdsls":"0008","idsls":"65041000040008","nmprov":"KALIMANTAN UTARA","nmkab":"NUNUKAN","nmkec":"NUNUKAN","nmdesa":"NUNUKAN TIMUR","nmsls":"RT 008"}},{"type":"Feature","geometry":{"type":"MultiPolygon","coordinates":[[[[117.66174,4.13664],[117.66141,4.13646],[117.66115,4.13634],[117.66071,4.13621],[117.66049,4.13599],[117.66026,4.13593],[117.66013,4.13593],[117.6601,4.13617],[117.65961,4.13648],[117.6593,4.13665],[117.6589,4.13694],[117.65853,4.13705],[117.65841,4.13708],[117.65832,4.13728],[117.65826,4.13767],[117.65812,4.13762],[117.65762,4.13737],[117.65699,4.13718],[117.65669,4.13719],[117.65671,4.13744],[117.65671,4.13754],[117.65672,4.13769],[117.65671,4.13776],[117.65681,4.13776],[117.65718,4.1378],[117.65717,4.138],[117.65776,4.13818],[117.65778,4.13816],[117.65781,4.13798],[117.65864,4.1384],[117.65844,4.13875],[117.65855,4.13904],[117.65862,4.1393],[117.65884,4.13925],[117.6592,4.13909],[117.65963,4.1389],[117.65994,4.13876],[117.66015,4.13863],[117.6607,4.13954],[117.66074,4.13947],[117.66085,4.13795],[117.66174,4.13664]]]]},"properties":{"kdprov":"65","kdkab":"04","kdkec":"100","kddesa":"004","kdsls":"0008","idsls":"65041000040008","nmprov":"KALIMANTAN UTARA","nmkab":"NUNUKAN","nmkec":"NUNUKAN","nmdesa":"NUNUKAN TIMUR","nmsls":"RT 008"}},{"type":"Feature","geometry":{"type":"MultiPolygon","coordinates":[[[[117.66327,4.13732],[117.66282,4.13783],[117.66262,4.13763],[117.66248,4.13777],[117.66231,4.13765],[117.66156,4.1386],[117.66085,4.13795],[117.66074,4.13947],[117.6607,4.13954],[117.66114,4.1401],[117.66122,4.14021],[117.66138,4.14008],[117.66162,4.1399],[117.66182,4.13971],[117.66194,4.1396],[117.66225,4.13922],[117.66259,4.13883],[117.66282,4.13858],[117.66298,4.13847],[117.66321,4.13832],[117.66372,4.13784],[117.66379,4.13776],[117.66336,4.13741],[117.66327,4.13732]]]]},"properties":{"kdprov":"65","kdkab":"04","kdkec":"100","kddesa":"004","kdsls":"0009","idsls":"65041000040009","nmprov":"KALIMANTAN UTARA","nmkab":"NUNUKAN","nmkec":"NUNUKAN","nmdesa":"NUNUKAN TIMUR","nmsls":"RT 009"}},{"type":"Feature","geometry":{"type":"MultiPolygon","coordinates":[[[[117.66379,4.13776],[117.66444,4.13719],[117.66364,4.13625],[117.66349,4.13595],[117.66335,4.13563],[117.66333,4.13535],[117.66334,4.1342],[117.66335,4.13407],[117.66364,4.13354],[117.6637,4.1331],[117.66178,4.13334],[117.6617,4.13352],[117.66136,4.13441],[117.66146,4.13462],[117.66147,4.13462],[117.66171,4.13507],[117.66144,4.13522],[117.66188,4.13594],[117.66203,4.13623],[117.66197,4.13634],[117.66271,4.13679],[117.663,4.13704],[117.66336,4.13741],[117.66379,4.13776]]]]},"properties":{"kdprov":"65","kdkab":"04","kdkec":"100","kddesa":"004","kdsls":"0010","idsls":"65041000040010","nmprov":"KALIMANTAN UTARA","nmkab":"NUNUKAN","nmkec":"NUNUKAN","nmdesa":"NUNUKAN TIMUR","nmsls":"RT 010"}},{"type":"Feature","geometry":{"type":"MultiPolygon","coordinates":[[[[117.66334,4.1342],[117.66333,4.13535],[117.66335,4.13563],[117.66349,4.13595],[117.66364,4.13625],[117.66444,4.13719],[117.66379,4.13776],[117.66372,4.13784],[117.66321,4.13832],[117.66298,4.13847],[117.66302,4.1385],[117.66314,4.13861],[117.66329,4.13869],[117.66342,4.13874],[117.66353,4.13883],[117.66325,4.13916],[117.66308,4.1394],[117.66305,4.13946],[117.66328,4.13971],[117.66358,4.13991],[117.66405,4.13947],[117.66451,4.13901],[117.66477,4.13872],[117.665,4.13851],[117.66533,4.13842],[117.66556,4.13824],[117.66609,4.13785],[117.66667,4.13734],[117.66717,4.13685],[117.66769,4.13636],[117.66804,4.13594],[117.66854,4.13549],[117.66852,4.13544],[117.66852,4.13544],[117.66826,4.13467],[117.66728,4.13543],[117.66687,4.13497],[117.66615,4.13429],[117.66568,4.13374],[117.6654,4.13328],[117.66529,4.13342],[117.66513,4.13354],[117.66485,4.13365],[117.66392,4.13394],[117.66387,4.13404],[117.66378,4.13413],[117.66354,4.13423],[117.66334,4.1342]]]]},"properties":{"kdprov":"65","kdkab":"04","kdkec":"100","kddesa":"004","kdsls":"0010","idsls":"65041000040010","nmprov":"KALIMANTAN UTARA","nmkab":"NUNUKAN","nmkec":"NUNUKAN","nmdesa":"NUNUKAN TIMUR","nmsls":"RT 010"}},{"type":"Feature","geometry":{"type":"MultiPolygon","coordinates":[[[[117.66489,4.14452],[117.66477,4.14311],[117.66475,4.14243],[117.66459,4.14221],[117.66418,4.14216],[117.6638,4.14239],[117.66331,4.14272],[117.66289,4.14307],[117.6628,4.14315],[117.66286,4.14317],[117.66322,4.14373],[117.66362,4.14421],[117.66371,4.1443],[117.66387,4.14424],[117.66406,4.14423],[117.66405,4.14456],[117.66407,4.14457],[117.66428,4.14459],[117.66438,4.14458],[117.66465,4.14455],[117.66489,4.14452]]]]},"properties":{"kdprov":"65","kdkab":"04","kdkec":"100","kddesa":"004","kdsls":"0012","idsls":"65041000040012","nmprov":"KALIMANTAN UTARA","nmkab":"NUNUKAN","nmkec":"NUNUKAN","nmdesa":"NUNUKAN TIMUR","nmsls":"RT 012"}},{"type":"Feature","geometry":{"type":"MultiPolygon","coordinates":[[[[117.66418,4.14216],[117.66459,4.14221],[117.66475,4.14243],[117.66477,4.14311],[117.66489,4.14452],[117.66492,4.14457],[117.66552,4.1463],[117.66711,4.14552],[117.66689,4.1451],[117.66652,4.14438],[117.66621,4.14391],[117.66604,4.14342],[117.66599,4.14288],[117.66591,4.14243],[117.66583,4.14224],[117.66574,4.14205],[117.66545,4.14177],[117.66545,4.14177],[117.66488,4.14134],[117.66479,4.14143],[117.66455,4.14166],[117.66446,4.14183],[117.66435,4.14206],[117.66418,4.14216]]]]},"properties":{"kdprov":"65","kdkab":"04","kdkec":"100","kddesa":"004","kdsls":"0012","idsls":"65041000040012","nmprov":"KALIMANTAN UTARA","nmkab":"NUNUKAN","nmkec":"NUNUKAN","nmdesa":"NUNUKAN TIMUR","nmsls":"RT 012"}},{"type":"Feature","geometry":{"type":"MultiPolygon","coordinates":[[[[117.66929,4.14242],[117.66861,4.1428],[117.66621,4.1439],[117.66621,4.14391],[117.66652,4.14438],[117.66689,4.1451],[117.66711,4.14552],[117.66768,4.14524],[117.6691,4.14447],[117.67018,4.14333],[117.66968,4.14297],[117.6694,4.14257],[117.6694,4.14257],[117.66929,4.14242]]]]},"properties":{"kdprov":"65","kdkab":"04","kdkec":"100","kddesa":"004","kdsls":"0017","idsls":"65041000040017","nmprov":"KALIMANTAN UTARA","nmkab":"NUNUKAN","nmkec":"NUNUKAN","nmdesa":"NUNUKAN TIMUR","nmsls":"RT 017"}},{"type":"Feature","geometry":{"type":"MultiPolygon","coordinates":[[[[117.66747,4.14196],[117.66739,4.14189],[117.66733,4.14192],[117.66718,4.14172],[117.66708,4.14151],[117.66691,4.14126],[117.66678,4.14121],[117.66664,4.14114],[117.66639,4.14103],[117.66629,4.14094],[117.66618,4.14085],[117.66604,4.14099],[117.66608,4.14103],[117.66595,4.14116],[117.66564,4.14151],[117.66545,4.14177],[117.66545,4.14177],[117.66574,4.14205],[117.66583,4.14224],[117.66628,4.14199],[117.66631,4.14204],[117.6664,4.14208],[117.66657,4.1422],[117.66665,4.14248],[117.66694,4.14246],[117.66745,4.14222],[117.66734,4.14209],[117.66747,4.14196]]]]},"properties":{"kdprov":"65","kdkab":"04","kdkec":"100","kddesa":"004","kdsls":"0018","idsls":"65041000040018","nmprov":"KALIMANTAN UTARA","nmkab":"NUNUKAN","nmkec":"NUNUKAN","nmdesa":"NUNUKAN TIMUR","nmsls":"RT 018"}},{"type":"Feature","geometry":{"type":"MultiPolygon","coordinates":[[[[117.66058,4.14576],[117.66077,4.14567],[117.66097,4.14554],[117.66126,4.14543],[117.66132,4.14541],[117.66155,4.14542],[117.6618,4.14542],[117.66181,4.14542],[117.66183,4.14542],[117.66184,4.14542],[117.66185,4.14541],[117.66186,4.1454],[117.66187,4.14539],[117.66188,4.14538],[117.66189,4.14537],[117.66189,4.14535],[117.66192,4.14505],[117.66194,4.14498],[117.66194,4.14494],[117.66194,4.14489],[117.66194,4.14485],[117.66193,4.14481],[117.66178,4.14461],[117.66177,4.14456],[117.66164,4.14431],[117.66161,4.14424],[117.66161,4.14423],[117.66161,4.14421],[117.66161,4.14419],[117.66162,4.14418],[117.66163,4.14416],[117.66164,4.14415],[117.66165,4.14414],[117.66166,4.14413],[117.66168,4.14412],[117.6618,4.14412],[117.6618,4.14411],[117.66181,4.14411],[117.66182,4.1441],[117.66182,4.14409],[117.66182,4.14409],[117.66183,4.14408],[117.66183,4.14407],[117.66169,4.14389],[117.66151,4.14363],[117.66145,4.14355],[117.66145,4.14353],[117.66144,4.14352],[117.66144,4.1435],[117.66144,4.14348],[117.66158,4.14337],[117.66142,4.14322],[117.66059,4.14196],[117.6603,4.1415],[117.66002,4.14119],[117.65983,4.14135],[117.65967,4.14155],[117.65932,4.14175],[117.6593,4.14175],[117.65917,4.14244],[117.65913,4.14332],[117.65944,4.14369],[117.6595,4.14368],[117.65977,4.14412],[117.65949,4.14432],[117.65952,4.14445],[117.65981,4.14484],[117.66004,4.14518],[117.66017,4.14525],[117.66049,4.14561],[117.66058,4.14576]]]]},"properties":{"kdprov":"65","kdkab":"04","kdkec":"100","kddesa":"004","kdsls":"0020","idsls":"65041000040020","nmprov":"KALIMANTAN UTARA","nmkab":"NUNUKAN","nmkec":"NUNUKAN","nmdesa":"NUNUKAN TIMUR","nmsls":"RT 020"}},{"type":"Feature","geometry":{"type":"MultiPolygon","coordinates":[[[[117.65031,4.14174],[117.65045,4.14186],[117.65018,4.14432],[117.64941,4.14387],[117.64892,4.14364],[117.64891,4.14369],[117.64856,4.14446],[117.64805,4.14589],[117.64822,4.14595],[117.64866,4.14609],[117.64922,4.14628],[117.64965,4.14527],[117.64983,4.145],[117.6501,4.14439],[117.65017,4.14444],[117.65041,4.1445],[117.65073,4.14449],[117.65112,4.14426],[117.65129,4.14403],[117.65107,4.14379],[117.65104,4.1437],[117.65134,4.14346],[117.65142,4.14333],[117.65134,4.14323],[117.6513,4.1432],[117.65117,4.14307],[117.65099,4.1428],[117.65084,4.14259],[117.65047,4.14241],[117.65053,4.14187],[117.65064,4.14172],[117.65115,4.141],[117.6512,4.14091],[117.65115,4.14089],[117.65088,4.14076],[117.65088,4.14076],[117.6507,4.14104],[117.65075,4.14108],[117.65047,4.14157],[117.65043,4.14156],[117.65031,4.14174]]]]},"properties":{"kdprov":"65","kdkab":"04","kdkec":"100","kddesa":"005","kdsls":"0002","idsls":"65041000050002","nmprov":"KALIMANTAN UTARA","nmkab":"NUNUKAN","nmkec":"NUNUKAN","nmdesa":"NUNUKAN UTARA","nmsls":"RT 002"}},{"type":"Feature","geometry":{"type":"MultiPolygon","coordinates":[[[[117.65315,4.12342],[117.65141,4.12431],[117.65066,4.12309],[117.65046,4.12306],[117.65001,4.12297],[117.64922,4.12244],[117.64875,4.12194],[117.64873,4.12196],[117.64851,4.12216],[117.64815,4.12262],[117.64797,4.123],[117.64784,4.12343],[117.64782,4.12399],[117.64784,4.12444],[117.64795,4.12476],[117.64804,4.12496],[117.64823,4.12554],[117.64849,4.12647],[117.64863,4.12716],[117.64874,4.12755],[117.6489,4.1279],[117.64904,4.12807],[117.64925,4.12832],[117.6497,4.12871],[117.65009,4.12907],[117.6501,4.12909],[117.65009,4.12898],[117.65017,4.12886],[117.65048,4.12876],[117.65045,4.1285],[117.65091,4.12844],[117.65093,4.12867],[117.65127,4.12865],[117.65165,4.12872],[117.65215,4.12887],[117.65254,4.12917],[117.65272,4.1295],[117.65282,4.12965],[117.65283,4.12967],[117.65293,4.12915],[117.6534,4.12816],[117.65339,4.12726],[117.65385,4.12656],[117.65396,4.1264],[117.65445,4.12638],[117.65514,4.12621],[117.65532,4.12625],[117.65545,4.12354],[117.65545,4.12351],[117.65482,4.12377],[117.6546,4.12417],[117.65434,4.12428],[117.65402,4.12435],[117.65373,4.12417],[117.65337,4.12378],[117.65315,4.12342]]]]},"properties":{"kdprov":"65","kdkab":"04","kdkec":"100","kddesa":"003","kdsls":"0015","idsls":"65041000030015","nmprov":"KALIMANTAN UTARA","nmkab":"NUNUKAN","nmkec":"NUNUKAN","nmdesa":"NUNUKAN TENGAH","nmsls":"RT 015"}},{"type":"Feature","geometry":{"type":"MultiPolygon","coordinates":[[[[117.66379,4.14493],[117.66362,4.14495],[117.66348,4.145],[117.66334,4.14465],[117.66312,4.14473],[117.66307,4.14459],[117.66257,4.14455],[117.66256,4.14532],[117.66232,4.14548],[117.66308,4.14718],[117.66405,4.14686],[117.66375,4.14613],[117.6637,4.14554],[117.6637,4.14516],[117.66379,4.14493]]]]},"properties":{"kdprov":"65","kdkab":"04","kdkec":"100","kddesa":"004","kdsls":"0011","idsls":"65041000040011","nmprov":"KALIMANTAN UTARA","nmkab":"NUNUKAN","nmkec":"NUNUKAN","nmdesa":"NUNUKAN TIMUR","nmsls":"RT 011"}},{"type":"Feature","geometry":{"type":"MultiPolygon","coordinates":[[[[117.65243,4.14464],[117.65238,4.14458],[117.65228,4.14454],[117.65205,4.14446],[117.65206,4.14443],[117.65183,4.14436],[117.65166,4.14482],[117.65159,4.14503],[117.65203,4.14521],[117.65214,4.14488],[117.65235,4.14471],[117.65243,4.14464]]]]},"properties":{"kdprov":"65","kdkab":"04","kdkec":"100","kddesa":"005","kdsls":"0013","idsls":"65041000050013","nmprov":"KALIMANTAN UTARA","nmkab":"NUNUKAN","nmkec":"NUNUKAN","nmdesa":"NUNUKAN UTARA","nmsls":"RT 013"}}]}