{"type":"FeatureCollection","features":[{"type":"Feature","geometry":{"type":"MultiPolygon","coordinates":[[[[117.67572,3.87628],[117.67661,3.87586],[117.67822,3.87496],[117.67861,3.87474],[117.67965,3.87415],[117.67988,3.87403],[117.68109,3.87335],[117.68126,3.87329],[117.6817,3.87304],[117.68221,3.87293],[117.68232,3.87289],[117.68279,3.87271],[117.68466,3.87196],[117.68846,3.87035],[117.68938,3.86958],[117.68961,3.86916],[117.68984,3.86873],[117.69037,3.86866],[117.69011,3.86839],[117.68926,3.86752],[117.68621,3.86441],[117.68602,3.86421],[117.68578,3.86396],[117.68561,3.8638],[117.68358,3.86184],[117.68242,3.86072],[117.6808,3.85976],[117.68078,3.85975],[117.66788,3.85213],[117.66775,3.85205],[117.66667,3.85142],[117.66496,3.85041],[117.65501,3.84467],[117.65501,3.84467],[117.65501,3.84467],[117.64812,3.84237],[117.64812,3.84237],[117.64162,3.83931],[117.63801,3.83816],[117.63514,3.83724],[117.63376,3.8368],[117.63145,3.83578],[117.6265,3.83359],[117.61772,3.83163],[117.61536,3.8311],[117.61446,3.8309],[117.60878,3.83035],[117.59973,3.82947],[117.59319,3.82883],[117.58601,3.82825],[117.586,3.83865],[117.58615,3.84186],[117.5863,3.84507],[117.58667,3.8531],[117.58683,3.85656],[117.58969,3.86427],[117.59567,3.8773],[117.59573,3.87741],[117.59574,3.8774],[117.60199,3.87569],[117.60772,3.87444],[117.612,3.87413],[117.6132,3.87405],[117.61914,3.87377],[117.62549,3.8739],[117.62961,3.87448],[117.63036,3.87458],[117.63542,3.87514],[117.64238,3.87552],[117.64344,3.87563],[117.64547,3.87584],[117.6463,3.87592],[117.64645,3.87624],[117.64657,3.87606],[117.64968,3.8766],[117.65384,3.87731],[117.65441,3.87741],[117.65832,3.87836],[117.66253,3.87891],[117.66526,3.87918],[117.66643,3.8793],[117.66981,3.87903],[117.67272,3.87783],[117.67272,3.87783],[117.67345,3.87753],[117.67572,3.87628]]],[[[117.63297,3.91612],[117.63317,3.91581],[117.63459,3.91545],[117.63511,3.91501],[117.63592,3.9146],[117.63701,3.91433],[117.63768,3.91352],[117.63876,3.91311],[117.63973,3.91298],[117.64042,3.91313],[117.64188,3.91252],[117.64249,3.91267],[117.64318,3.91251],[117.64356,3.91221],[117.6441,3.91197],[117.64538,3.91202],[117.64553,3.91197],[117.64574,3.9119],[117.64613,3.91177],[117.64619,3.91175],[117.64674,3.91202],[117.64723,3.91212],[117.64778,3.91205],[117.64862,3.91228],[117.64966,3.91227],[117.65036,3.91203],[117.65078,3.91188],[117.65219,3.91166],[117.65335,3.91147],[117.6547,3.91147],[117.65592,3.9116],[117.65754,3.91187],[117.65903,3.9116],[117.65979,3.9121],[117.66092,3.91203],[117.66168,3.91191],[117.66286,3.91157],[117.66344,3.9114],[117.66429,3.91105],[117.66605,3.91051],[117.66713,3.91105],[117.66799,3.91121],[117.66862,3.91132],[117.66963,3.91134],[117.67071,3.91157],[117.67153,3.91152],[117.67267,3.91146],[117.67325,3.91158],[117.67389,3.91173],[117.67524,3.912],[117.67645,3.91227],[117.6769,3.9126],[117.67697,3.91265],[117.6774,3.91256],[117.67821,3.9124],[117.67889,3.91281],[117.6797,3.91335],[117.68024,3.91403],[117.68078,3.91429],[117.681,3.91513],[117.68106,3.91518],[117.68165,3.91566],[117.68202,3.91567],[117.68283,3.9157],[117.68335,3.91538],[117.68381,3.91368],[117.68434,3.91204],[117.68434,3.91116],[117.68517,3.90998],[117.68529,3.90914],[117.68577,3.9086],[117.68684,3.90712],[117.6865,3.90501],[117.68695,3.9029],[117.68658,3.90181],[117.68637,3.90015],[117.68577,3.89977],[117.68572,3.89841],[117.68544,3.89817],[117.68544,3.89814],[117.68526,3.89786],[117.6849,3.89754],[117.68463,3.89738],[117.68449,3.89733],[117.68468,3.89624],[117.68443,3.89588],[117.68441,3.89577],[117.68433,3.89573],[117.6841,3.89541],[117.68363,3.89502],[117.68343,3.89468],[117.68348,3.89403],[117.68306,3.89245],[117.68305,3.89243],[117.68321,3.89224],[117.68309,3.89197],[117.68288,3.8918],[117.68265,3.89096],[117.68265,3.88987],[117.68225,3.88892],[117.68197,3.88811],[117.68197,3.88753],[117.68197,3.88743],[117.68191,3.88744],[117.68103,3.88757],[117.67927,3.88811],[117.67885,3.88823],[117.6759,3.88906],[117.67527,3.8892],[117.67211,3.88988],[117.67209,3.88988],[117.66909,3.89021],[117.66752,3.89037],[117.66751,3.89038],[117.66545,3.89051],[117.66285,3.89068],[117.66152,3.89061],[117.65804,3.89043],[117.65803,3.89044],[117.65732,3.89073],[117.65701,3.89086],[117.657,3.89086],[117.65657,3.89076],[117.6546,3.89031],[117.65282,3.89004],[117.65121,3.88979],[117.65118,3.88978],[117.65104,3.88976],[117.64861,3.88929],[117.64819,3.8892],[117.64614,3.88875],[117.64402,3.88835],[117.64217,3.888],[117.64171,3.88791],[117.63957,3.88728],[117.63788,3.88693],[117.63566,3.88648],[117.635,3.88638],[117.63238,3.88597],[117.62869,3.88533],[117.62577,3.88476],[117.62104,3.88399],[117.62081,3.88397],[117.61745,3.88369],[117.61739,3.88368],[117.61353,3.88321],[117.61293,3.88314],[117.61018,3.88289],[117.60996,3.88287],[117.60881,3.88277],[117.60864,3.88276],[117.60866,3.88283],[117.60884,3.88382],[117.60929,3.88491],[117.60947,3.88627],[117.60965,3.88726],[117.60975,3.88781],[117.60993,3.88871],[117.60993,3.88944],[117.61002,3.89007],[117.61029,3.8908],[117.61047,3.89152],[117.61083,3.89243],[117.61119,3.89333],[117.61126,3.89348],[117.6113,3.8938],[117.61136,3.89411],[117.61147,3.89455],[117.61166,3.89501],[117.61166,3.89517],[117.61164,3.89534],[117.61154,3.89554],[117.61138,3.89576],[117.61138,3.89576],[117.61146,3.8959],[117.61164,3.89609],[117.61183,3.89629],[117.61224,3.8969],[117.61249,3.89716],[117.61265,3.89738],[117.61317,3.89887],[117.61322,3.89898],[117.61329,3.89912],[117.6135,3.89952],[117.61356,3.89974],[117.61368,3.90013],[117.61387,3.90062],[117.61408,3.90125],[117.61416,3.90145],[117.61429,3.90169],[117.61434,3.90184],[117.61436,3.90188],[117.61437,3.90191],[117.61446,3.90201],[117.6145,3.90212],[117.6145,3.90223],[117.61454,3.90245],[117.61462,3.90267],[117.61478,3.90305],[117.61487,3.90326],[117.61494,3.90353],[117.61513,3.90385],[117.61533,3.90417],[117.61546,3.90456],[117.61551,3.90496],[117.61606,3.90618],[117.61616,3.90625],[117.61628,3.90652],[117.61637,3.90677],[117.61646,3.907],[117.61659,3.90727],[117.61679,3.90771],[117.61699,3.90807],[117.61707,3.90819],[117.61725,3.90839],[117.61736,3.90854],[117.61774,3.90899],[117.61794,3.90925],[117.61909,3.90985],[117.61924,3.90985],[117.61935,3.90985],[117.61953,3.90991],[117.61982,3.91009],[117.62014,3.91028],[117.62026,3.91034],[117.62042,3.9104],[117.62049,3.91042],[117.6206,3.91044],[117.62074,3.91049],[117.62084,3.91053],[117.62101,3.91064],[117.62129,3.91093],[117.62146,3.91105],[117.62161,3.91112],[117.62176,3.91118],[117.62195,3.91121],[117.62215,3.91129],[117.62249,3.91143],[117.6227,3.91149],[117.62277,3.91149],[117.6228,3.91149],[117.623,3.91148],[117.62315,3.91148],[117.62324,3.91149],[117.62339,3.91154],[117.62355,3.91166],[117.62379,3.9118],[117.624,3.91196],[117.62422,3.9121],[117.62456,3.91226],[117.62485,3.91236],[117.62526,3.9125],[117.62564,3.91263],[117.62616,3.91277],[117.62648,3.91292],[117.62669,3.913],[117.62687,3.91311],[117.62708,3.91329],[117.62723,3.91341],[117.62736,3.91356],[117.62753,3.91374],[117.62782,3.91401],[117.62824,3.91441],[117.62882,3.91509],[117.62891,3.91526],[117.62903,3.91558],[117.62909,3.91583],[117.62921,3.91605],[117.62927,3.91614],[117.62948,3.91606],[117.62948,3.91606],[117.62954,3.91604],[117.62967,3.91602],[117.62973,3.91606],[117.63021,3.91636],[117.63044,3.91651],[117.63046,3.91652],[117.63061,3.91664],[117.63094,3.91693],[117.63136,3.91724],[117.6315,3.91735],[117.63164,3.91737],[117.63171,3.91735],[117.6318,3.91723],[117.6319,3.91706],[117.63219,3.91685],[117.63237,3.91674],[117.63255,3.91662],[117.63272,3.91645],[117.63289,3.91626],[117.63297,3.91612]]],[[[117.68284,3.97945],[117.68303,3.97626],[117.68553,3.97626],[117.68557,3.9757],[117.68557,3.97156],[117.68317,3.97028],[117.67929,3.96802],[117.67665,3.96682],[117.67262,3.9662],[117.67003,3.96634],[117.66952,3.96635],[117.66906,3.9663],[117.66764,3.96643],[117.66675,3.96655],[117.66564,3.96685],[117.66423,3.96733],[117.66327,3.96782],[117.66298,3.96811],[117.66375,3.96788],[117.66439,3.96791],[117.66466,3.96795],[117.66487,3.96798],[117.66502,3.96801],[117.66541,3.96811],[117.66557,3.96827],[117.66571,3.96859],[117.66569,3.96884],[117.66562,3.96948],[117.66567,3.96973],[117.66572,3.96994],[117.66575,3.97],[117.66585,3.96969],[117.66593,3.9694],[117.66599,3.96926],[117.66601,3.96936],[117.66601,3.96998],[117.66629,3.97088],[117.66634,3.97144],[117.66629,3.97218],[117.66618,3.97257],[117.66623,3.97302],[117.66651,3.97308],[117.6669,3.97291],[117.66769,3.97296],[117.66797,3.97324],[117.66813,3.97381],[117.66785,3.97431],[117.66746,3.97442],[117.66729,3.97459],[117.66741,3.97476],[117.66802,3.97482],[117.66852,3.9751],[117.6688,3.97561],[117.66886,3.97611],[117.66903,3.97667],[117.66942,3.97741],[117.66961,3.97797],[117.66934,3.97798],[117.66919,3.97808],[117.66898,3.97986],[117.66934,3.98105],[117.66959,3.98178],[117.66982,3.98286],[117.66995,3.98327],[117.67031,3.98359],[117.67087,3.98432],[117.67137,3.98539],[117.6726,3.98753],[117.67333,3.98904],[117.67361,3.98994],[117.67383,3.99158],[117.67378,3.99399],[117.67378,3.99484],[117.67361,3.99557],[117.67327,3.99607],[117.6731,3.99641],[117.67299,3.99686],[117.67271,3.99737],[117.6721,3.99782],[117.67148,3.99815],[117.67081,3.99849],[117.67008,3.99872],[117.6693,3.99888],[117.66874,3.99922],[117.66834,3.99995],[117.6683,4.0],[117.66818,4.00012],[117.66768,4.00053],[117.66756,4.00096],[117.66735,4.00135],[117.66719,4.00168],[117.66711,4.0018],[117.66694,4.00212],[117.66677,4.0024],[117.66674,4.00266],[117.66673,4.00304],[117.66673,4.00311],[117.66731,4.003],[117.66815,4.00277],[117.66925,4.00259],[117.67068,4.00225],[117.67196,4.00209],[117.67284,4.00206],[117.67375,4.00204],[117.67468,4.00184],[117.67607,4.00114],[117.67758,4.00086],[117.67833,4.00069],[117.67873,4.00057],[117.67988,3.99984],[117.6803,3.99945],[117.6812,3.99862],[117.6821,3.99773],[117.68316,3.99674],[117.68445,3.99528],[117.68462,3.99474],[117.68436,3.99188],[117.68438,3.98968],[117.68475,3.98683],[117.68491,3.98458],[117.68414,3.98348],[117.68295,3.98051],[117.68284,3.97945]]]]},"properties":{"kdprov":"65","kdkab":"04","kdkec":"110","kddesa":"001","kdsls":"0007","idsls":"65041100010007","nmprov":"KALIMANTAN UTARA","nmkab":"NUNUKAN","nmkec":"NUNUKAN SELATAN","nmdesa":"TANJUNG HARAPAN","nmsls":"RT 007 RW 002"}},{"type":"Feature","geometry":{"type":"MultiPolygon","coordinates":[[[[117.72207,4.08432],[117.72205,4.08428],[117.72171,4.08386],[117.72181,4.08373],[117.72195,4.08355],[117.72201,4.08342],[117.72221,4.08348],[117.72236,4.08333],[117.72241,4.08329],[117.72248,4.08317],[117.7226,4.08326],[117.72273,4.08338],[117.72251,4.08365],[117.72256,4.08371],[117.72412,4.08175],[117.72493,4.08227],[117.72533,4.08184],[117.72568,4.08217],[117.72535,4.08254],[117.72595,4.08323],[117.726,4.08319],[117.72608,4.08312],[117.72616,4.08305],[117.72624,4.08298],[117.72632,4.08291],[117.72641,4.08284],[117.72649,4.08277],[117.72657,4.0827],[117.72665,4.08263],[117.72674,4.08256],[117.72682,4.08249],[117.7269,4.08242],[117.72698,4.08235],[117.72707,4.08228],[117.72715,4.08221],[117.72723,4.08214],[117.72731,4.08207],[117.7274,4.082],[117.72748,4.08193],[117.72756,4.08186],[117.72764,4.08179],[117.72772,4.08171],[117.72779,4.08163],[117.72786,4.08155],[117.72793,4.08147],[117.72801,4.08139],[117.72808,4.0813],[117.72815,4.08122],[117.72822,4.08114],[117.7283,4.08106],[117.72837,4.08098],[117.72844,4.0809],[117.72851,4.08082],[117.72859,4.08074],[117.72866,4.08066],[117.72873,4.08058],[117.7288,4.0805],[117.72912,4.08031],[117.72964,4.07974],[117.73009,4.0793],[117.73115,4.07834],[117.73149,4.07819],[117.72954,4.07741],[117.72971,4.07678],[117.72969,4.07678],[117.72069,4.07648],[117.71121,4.07115],[117.69987,4.06957],[117.70028,4.06989],[117.70023,4.07021],[117.69994,4.07051],[117.69956,4.07085],[117.69931,4.0713],[117.69939,4.07178],[117.6995,4.07194],[117.69985,4.07206],[117.69994,4.07239],[117.69982,4.07268],[117.69981,4.0727],[117.69982,4.07297],[117.70011,4.07322],[117.7009,4.0732],[117.70161,4.07309],[117.70204,4.07322],[117.70237,4.07342],[117.7024,4.07471],[117.7028,4.07486],[117.7029,4.07502],[117.70295,4.07529],[117.70255,4.07568],[117.70237,4.07607],[117.7026,4.07655],[117.70373,4.07655],[117.70461,4.07614],[117.70486,4.07631],[117.70511,4.07677],[117.70535,4.07733],[117.70559,4.07735],[117.71104,4.07864],[117.71303,4.07974],[117.71486,4.08075],[117.71515,4.08087],[117.71784,4.08197],[117.71814,4.08159],[117.71854,4.08181],[117.71829,4.08218],[117.722,4.08441],[117.72207,4.08432]]]]},"properties":{"kdprov":"65","kdkab":"04","kdkec":"110","kddesa":"002","kdsls":"0001","idsls":"65041100020001","nmprov":"KALIMANTAN UTARA","nmkab":"NUNUKAN","nmkec":"NUNUKAN SELATAN","nmdesa":"MANSAPA","nmsls":"RT 001 RW 001"}},{"type":"Feature","geometry":{"type":"MultiPolygon","coordinates":[[[[117.71657,4.08964],[117.71804,4.08872],[117.71796,4.08838],[117.71801,4.08821],[117.71814,4.08805],[117.71855,4.08791],[117.71879,4.08791],[117.71981,4.08676],[117.72028,4.08615],[117.72038,4.08607],[117.72041,4.08604],[117.72018,4.08539],[117.72004,4.08539],[117.71956,4.08538],[117.71932,4.08527],[117.7191,4.08559],[117.71907,4.08566],[117.71891,4.08554],[117.71853,4.08572],[117.71842,4.0858],[117.71824,4.08569],[117.71811,4.08594],[117.71781,4.0861],[117.71753,4.08624],[117.71686,4.08668],[117.71654,4.08696],[117.71633,4.08716],[117.71564,4.08706],[117.71562,4.08706],[117.71583,4.08749],[117.71593,4.08788],[117.71609,4.08796],[117.71633,4.0885],[117.71631,4.08868],[117.71618,4.08894],[117.71627,4.0893],[117.71653,4.08956],[117.71657,4.08964]]]]},"properties":{"kdprov":"65","kdkab":"04","kdkec":"110","kddesa":"003","kdsls":"0001","idsls":"65041100030001","nmprov":"KALIMANTAN UTARA","nmkab":"NUNUKAN","nmkec":"NUNUKAN SELATAN","nmdesa":"NUNUKAN SELATAN","nmsls":"RT 001 RW 001"}},{"type":"Feature","geometry":{"type":"MultiPolygon","coordinates":[[[[117.71124,4.08488],[117.71033,4.08138],[117.71054,4.08007],[117.70807,4.0803],[117.70835,4.08096],[117.70802,4.08124],[117.70603,4.08107],[117.70582,4.08065],[117.70503,4.08037],[117.70456,4.08095],[117.70455,4.08138],[117.70437,4.08112],[117.70348,4.08122],[117.70268,4.08119],[117.70002,4.07983],[117.69935,4.08069],[117.6997,4.08103],[117.69963,4.08135],[117.69958,4.08146],[117.69939,4.08185],[117.69929,4.08224],[117.69924,4.08253],[117.69933,4.08264],[117.69958,4.08274],[117.69989,4.08282],[117.7003,4.0829],[117.70051,4.08294],[117.70058,4.08296],[117.70059,4.08298],[117.70061,4.083],[117.70064,4.08315],[117.70069,4.08336],[117.70068,4.08354],[117.70063,4.08385],[117.70268,4.08444],[117.70268,4.0849],[117.7047,4.08561],[117.70511,4.08522],[117.70568,4.08439],[117.70537,4.08304],[117.70633,4.08255],[117.70666,4.08241],[117.70676,4.08268],[117.70684,4.08282],[117.707,4.08289],[117.7071,4.08285],[117.70718,4.08294],[117.7073,4.08309],[117.70747,4.08328],[117.70764,4.08346],[117.70775,4.08353],[117.70794,4.08357],[117.70822,4.08363],[117.7086,4.08369],[117.70894,4.08376],[117.70968,4.0839],[117.70983,4.08396],[117.71099,4.08471],[117.71124,4.08488]]]]},"properties":{"kdprov":"65","kdkab":"04","kdkec":"110","kddesa":"003","kdsls":"0003","idsls":"65041100030003","nmprov":"KALIMANTAN UTARA","nmkab":"NUNUKAN","nmkec":"NUNUKAN SELATAN","nmdesa":"NUNUKAN SELATAN","nmsls":"RT 003 RW 001"}},{"type":"Feature","geometry":{"type":"MultiPolygon","coordinates":[[[[117.73805,4.03369],[117.73875,4.03307],[117.73927,4.03274],[117.73941,4.03255],[117.74009,4.03197],[117.74225,4.03031],[117.74148,4.02944],[117.73759,4.0258],[117.73558,4.02383],[117.7337,4.01956],[117.73097,4.01322],[117.72969,4.01013],[117.72656,4.01162],[117.72563,4.01218],[117.72433,4.0129],[117.72351,4.01329],[117.72298,4.01353],[117.72195,4.0143],[117.72247,4.01473],[117.72265,4.01524],[117.72276,4.01577],[117.72276,4.01595],[117.72204,4.01608],[117.72159,4.01625],[117.72112,4.01656],[117.7208,4.01709],[117.72072,4.01763],[117.72017,4.0182],[117.71942,4.01894],[117.71895,4.01961],[117.71877,4.02008],[117.71862,4.02031],[117.71835,4.02067],[117.7181,4.0211],[117.71779,4.02152],[117.71752,4.02164],[117.71729,4.02169],[117.71712,4.02157],[117.71686,4.0214],[117.71668,4.02126],[117.71651,4.02125],[117.71601,4.02149],[117.71562,4.0218],[117.71547,4.02199],[117.71537,4.02228],[117.71537,4.02248],[117.71526,4.02291],[117.71518,4.02315],[117.71499,4.02336],[117.71433,4.02391],[117.71401,4.02429],[117.71363,4.02456],[117.71322,4.0247],[117.71256,4.02503],[117.71203,4.02524],[117.70684,4.0293],[117.70737,4.0294],[117.71112,4.03007],[117.72011,4.02776],[117.72041,4.0277],[117.72097,4.02758],[117.72165,4.02736],[117.72221,4.02713],[117.72269,4.02701],[117.72298,4.02683],[117.72326,4.02651],[117.72373,4.02625],[117.7247,4.02605],[117.72514,4.02627],[117.72567,4.02661],[117.72607,4.02688],[117.72656,4.02685],[117.72734,4.02657],[117.72799,4.02635],[117.72858,4.026],[117.72939,4.02566],[117.72981,4.02537],[117.73031,4.02611],[117.73064,4.02662],[117.73124,4.02758],[117.73157,4.02819],[117.73195,4.02905],[117.73228,4.02951],[117.73294,4.03058],[117.73355,4.03126],[117.73373,4.03143],[117.73386,4.03158],[117.73413,4.03193],[117.73453,4.0317],[117.73473,4.03151],[117.73511,4.03117],[117.73587,4.03187],[117.73677,4.03253],[117.73717,4.03284],[117.73761,4.03323],[117.7379,4.03354],[117.73805,4.03369],[117.73805,4.03369]]]]},"properties":{"kdprov":"65","kdkab":"04","kdkec":"110","kddesa":"001","kdsls":"0002","idsls":"65041100010002","nmprov":"KALIMANTAN UTARA","nmkab":"NUNUKAN","nmkec":"NUNUKAN SELATAN","nmdesa":"TANJUNG HARAPAN","nmsls":"RT 002 RW 001"}},{"type":"Feature","geometry":{"type":"MultiPolygon","coordinates":[[[[117.72398,4.04813],[117.72405,4.04781],[117.72452,4.04699],[117.725,4.04588],[117.72508,4.04589],[117.72926,4.04559],[117.72926,4.04603],[117.72928,4.04647],[117.72938,4.04681],[117.72972,4.0475],[117.73036,4.04739],[117.73017,4.04694],[117.72998,4.04655],[117.72996,4.04618],[117.72995,4.04594],[117.73001,4.0458],[117.73009,4.04553],[117.73141,4.04544],[117.73147,4.04544],[117.73235,4.04554],[117.73155,4.04479],[117.73085,4.04411],[117.73046,4.04365],[117.73026,4.04335],[117.73004,4.04305],[117.7297,4.04243],[117.72958,4.0421],[117.72894,4.04136],[117.7287,4.04084],[117.72783,4.0401],[117.72749,4.03989],[117.72656,4.0394],[117.72686,4.03934],[117.72704,4.03921],[117.72724,4.03885],[117.72759,4.0383],[117.72774,4.03798],[117.72779,4.03773],[117.72727,4.0366],[117.72727,4.03659],[117.72684,4.03687],[117.72646,4.03698],[117.72595,4.03732],[117.72565,4.03748],[117.72564,4.03707],[117.72568,4.03672],[117.72551,4.03659],[117.72524,4.03659],[117.72469,4.03674],[117.72447,4.03691],[117.72433,4.03697],[117.72414,4.03694],[117.72409,4.03675],[117.72421,4.03636],[117.72445,4.03591],[117.72432,4.03582],[117.72371,4.03577],[117.7233,4.03569],[117.72305,4.03555],[117.72288,4.03544],[117.72241,4.03539],[117.72206,4.03535],[117.72191,4.03538],[117.72174,4.03548],[117.72147,4.03574],[117.72103,4.03585],[117.721,4.03548],[117.72086,4.03535],[117.72062,4.03542],[117.72026,4.03561],[117.72012,4.03587],[117.72048,4.03595],[117.72054,4.03627],[117.72051,4.03644],[117.72031,4.03659],[117.72006,4.03679],[117.71993,4.03685],[117.71986,4.03678],[117.71963,4.03644],[117.71939,4.03632],[117.71914,4.03639],[117.71899,4.03638],[117.71876,4.03624],[117.71831,4.03597],[117.71793,4.03574],[117.71755,4.03567],[117.7172,4.03578],[117.71699,4.03589],[117.71685,4.03591],[117.7166,4.03563],[117.71635,4.03556],[117.71609,4.03558],[117.7159,4.03539],[117.71553,4.03517],[117.7152,4.03512],[117.71503,4.03492],[117.71477,4.03474],[117.71438,4.03451],[117.71427,4.03438],[117.71425,4.03404],[117.71417,4.03389],[117.71388,4.03362],[117.71248,4.03364],[117.71223,4.033],[117.71233,4.03297],[117.71227,4.03281],[117.71218,4.03284],[117.71204,4.03289],[117.71201,4.03293],[117.71198,4.033],[117.71195,4.0331],[117.71193,4.03317],[117.71192,4.03326],[117.71192,4.03329],[117.71198,4.03337],[117.712,4.03345],[117.71203,4.03349],[117.71211,4.03355],[117.71219,4.03358],[117.71225,4.03362],[117.71233,4.03369],[117.71237,4.03376],[117.7124,4.03385],[117.71243,4.03389],[117.71249,4.03391],[117.71214,4.03482],[117.71092,4.03968],[117.71087,4.04379],[117.71156,4.04436],[117.71233,4.04549],[117.71262,4.04591],[117.713,4.04684],[117.71312,4.04716],[117.71614,4.04718],[117.71666,4.04708],[117.71686,4.04686],[117.71768,4.0467],[117.71769,4.0467],[117.71847,4.04669],[117.71894,4.04677],[117.71917,4.04694],[117.72002,4.04688],[117.72058,4.04693],[117.72109,4.04729],[117.72192,4.04798],[117.72242,4.04796],[117.72244,4.04796],[117.72279,4.04795],[117.72323,4.04795],[117.72351,4.04803],[117.72375,4.04821],[117.72398,4.04813],[117.72398,4.04813]]]]},"properties":{"kdprov":"65","kdkab":"04","kdkec":"110","kddesa":"001","kdsls":"0009","idsls":"65041100010009","nmprov":"KALIMANTAN UTARA","nmkab":"NUNUKAN","nmkec":"NUNUKAN SELATAN","nmdesa":"TANJUNG HARAPAN","nmsls":"RT 009 RW 001"}},{"type":"Feature","geometry":{"type":"MultiPolygon","coordinates":[[[[117.70771,3.99368],[117.70398,3.99588],[117.68515,4.01214],[117.66199,4.03214],[117.66201,4.03231],[117.66203,4.03274],[117.66198,4.03307],[117.66188,4.03334],[117.66179,4.03365],[117.66165,4.03401],[117.66154,4.03432],[117.66138,4.0347],[117.66124,4.03512],[117.66105,4.03567],[117.661,4.03593],[117.661,4.0362],[117.66103,4.03643],[117.66117,4.0368],[117.66128,4.03706],[117.66139,4.03727],[117.66155,4.0375],[117.66178,4.03775],[117.66197,4.03794],[117.66214,4.03815],[117.66228,4.03841],[117.66238,4.03866],[117.66258,4.03896],[117.66279,4.03913],[117.66298,4.03922],[117.66313,4.03933],[117.66321,4.03941],[117.70884,4.00136],[117.71116,3.99979],[117.71202,3.99926],[117.71422,3.9979],[117.71446,3.99756],[117.71466,3.99705],[117.71465,3.9965],[117.71478,3.99608],[117.715,3.99576],[117.71564,3.99547],[117.716,3.99522],[117.71623,3.99483],[117.7164,3.99466],[117.71652,3.99466],[117.71658,3.99476],[117.71677,3.99481],[117.7169,3.99475],[117.71715,3.99476],[117.71727,3.99495],[117.71744,3.99501],[117.71753,3.99489],[117.71771,3.99461],[117.71808,3.9943],[117.71848,3.99392],[117.71869,3.99337],[117.71941,3.99307],[117.71981,3.99274],[117.72039,3.99253],[117.72097,3.99235],[117.7214,3.99223],[117.72178,3.9923],[117.72216,3.99252],[117.72269,3.99257],[117.72324,3.99248],[117.7238,3.99265],[117.72456,3.99304],[117.72548,3.99349],[117.72609,3.99396],[117.72612,3.99113],[117.72598,3.987],[117.72502,3.98522],[117.72128,3.98412],[117.71796,3.98334],[117.71034,3.99104],[117.70771,3.99368]]]]},"properties":{"kdprov":"65","kdkab":"04","kdkec":"110","kddesa":"001","kdsls":"0005","idsls":"65041100010005","nmprov":"KALIMANTAN UTARA","nmkab":"NUNUKAN","nmkec":"NUNUKAN SELATAN","nmdesa":"TANJUNG HARAPAN","nmsls":"RT 005 RW 002"}},{"type":"Feature","geometry":{"type":"MultiPolygon","coordinates":[[[[117.68852,4.00313],[117.6888,4.00298],[117.68918,4.00304],[117.69008,4.003],[117.69037,4.00278],[117.69071,4.00236],[117.6911,4.0019],[117.6914,4.00149],[117.69172,4.00097],[117.69165,4.00007],[117.692,3.99926],[117.69748,3.98942],[117.70013,3.98697],[117.70099,3.98532],[117.70244,3.98267],[117.70416,3.97977],[117.7023,3.97942],[117.69702,3.97759],[117.69496,3.97644],[117.6873,3.97248],[117.68557,3.97156],[117.68557,3.9757],[117.68553,3.97626],[117.68303,3.97626],[117.68284,3.97945],[117.68295,3.98051],[117.68414,3.98348],[117.68491,3.98458],[117.68475,3.98683],[117.68438,3.98968],[117.68436,3.99188],[117.68462,3.99474],[117.68445,3.99528],[117.68316,3.99674],[117.6821,3.99773],[117.6812,3.99862],[117.6803,3.99945],[117.67988,3.99984],[117.67873,4.00057],[117.67833,4.00069],[117.67758,4.00086],[117.67607,4.00114],[117.67468,4.00184],[117.67375,4.00204],[117.67284,4.00206],[117.67196,4.00209],[117.67068,4.00225],[117.66925,4.00259],[117.66815,4.00277],[117.66731,4.003],[117.66673,4.00311],[117.66672,4.00325],[117.66667,4.00346],[117.66656,4.00375],[117.66641,4.00408],[117.66628,4.00433],[117.66615,4.00458],[117.66598,4.00484],[117.66581,4.00519],[117.66563,4.00548],[117.66542,4.00566],[117.66515,4.00584],[117.66482,4.00602],[117.66461,4.00609],[117.66443,4.00616],[117.66406,4.00634],[117.66381,4.00649],[117.6635,4.00671],[117.66324,4.00685],[117.66272,4.0071],[117.66215,4.00743],[117.66213,4.00763],[117.66219,4.00793],[117.6623,4.00818],[117.66245,4.00856],[117.6626,4.00899],[117.66263,4.00938],[117.66262,4.0097],[117.66264,4.00992],[117.66275,4.01016],[117.66286,4.01041],[117.66295,4.01062],[117.66309,4.01081],[117.66327,4.011],[117.66352,4.01129],[117.66382,4.01165],[117.66396,4.01191],[117.66401,4.0123],[117.66407,4.01275],[117.66409,4.01287],[117.66415,4.0132],[117.66421,4.0135],[117.66421,4.01372],[117.66414,4.01394],[117.66406,4.01411],[117.66387,4.01433],[117.66369,4.01455],[117.66352,4.01473],[117.66332,4.01505],[117.6631,4.01535],[117.66293,4.01577],[117.66282,4.01611],[117.66278,4.01643],[117.66273,4.01679],[117.66269,4.01709],[117.66258,4.01744],[117.66248,4.0178],[117.6623,4.01829],[117.66217,4.01868],[117.66205,4.01909],[117.66203,4.01943],[117.66203,4.01972],[117.66207,4.01995],[117.66224,4.02042],[117.66243,4.02083],[117.66268,4.02129],[117.66279,4.0216],[117.66289,4.02192],[117.66297,4.02218],[117.66307,4.02242],[117.66322,4.02262],[117.66337,4.02279],[117.66347,4.023],[117.66354,4.02337],[117.66354,4.02353],[117.6635,4.02371],[117.66344,4.02388],[117.66333,4.02406],[117.66319,4.0242],[117.66286,4.02438],[117.66257,4.02456],[117.66235,4.02475],[117.66219,4.02495],[117.66208,4.02519],[117.66196,4.02543],[117.66185,4.02564],[117.66176,4.02594],[117.66171,4.02622],[117.66168,4.0266],[117.66168,4.02691],[117.66184,4.02733],[117.66194,4.02756],[117.66205,4.02779],[117.66226,4.02839],[117.66232,4.0287],[117.66236,4.02902],[117.66237,4.02931],[117.66235,4.02957],[117.66228,4.02979],[117.66216,4.03],[117.66198,4.03022],[117.66183,4.03042],[117.66173,4.03063],[117.66168,4.03081],[117.66168,4.03105],[117.66176,4.03145],[117.66191,4.03176],[117.66197,4.03201],[117.66199,4.03214],[117.68515,4.01214],[117.68566,4.01029],[117.6863,4.0085],[117.68661,4.00649],[117.68699,4.0061],[117.68738,4.00596],[117.68784,4.00564],[117.68838,4.0053],[117.68867,4.00495],[117.68868,4.00467],[117.68847,4.00419],[117.68833,4.00374],[117.68852,4.00313]]]]},"properties":{"kdprov":"65","kdkab":"04","kdkec":"110","kddesa":"001","kdsls":"0006","idsls":"65041100010006","nmprov":"KALIMANTAN UTARA","nmkab":"NUNUKAN","nmkec":"NUNUKAN SELATAN","nmdesa":"TANJUNG HARAPAN","nmsls":"RT 006 RW 002"}},{"type":"Feature","geometry":{"type":"MultiPolygon","coordinates":[[[[117.72828,4.06188],[117.72816,4.06167],[117.7279,4.06131],[117.7277,4.06107],[117.72752,4.06076],[117.72752,4.06076],[117.7275,4.06072],[117.72749,4.06059],[117.72752,4.06047],[117.72763,4.06022],[117.72783,4.05997],[117.72796,4.05982],[117.72797,4.05981],[117.72678,4.05629],[117.72676,4.05621],[117.72678,4.05598],[117.72674,4.05558],[117.72701,4.05479],[117.72688,4.05427],[117.72679,4.0537],[117.72645,4.05311],[117.7263,4.0526],[117.7261,4.05183],[117.72592,4.0512],[117.72563,4.05049],[117.72486,4.04916],[117.72443,4.04875],[117.72406,4.0483],[117.72398,4.04813],[117.72375,4.04821],[117.72351,4.04803],[117.72323,4.04795],[117.72279,4.04795],[117.72244,4.04796],[117.72242,4.04796],[117.72192,4.04798],[117.72109,4.04729],[117.72058,4.04693],[117.72002,4.04688],[117.71917,4.04694],[117.71894,4.04677],[117.71847,4.04669],[117.71769,4.0467],[117.71768,4.0467],[117.71686,4.04686],[117.71666,4.04708],[117.71614,4.04718],[117.71312,4.04716],[117.71319,4.04737],[117.71328,4.04844],[117.7131,4.04934],[117.71288,4.05055],[117.71291,4.05076],[117.71299,4.05143],[117.7131,4.05168],[117.71363,4.0522],[117.71404,4.05232],[117.71444,4.05255],[117.71461,4.0526],[117.71474,4.05263],[117.71463,4.05283],[117.71444,4.05314],[117.71407,4.05371],[117.71392,4.05391],[117.7138,4.05411],[117.71371,4.05422],[117.71363,4.05428],[117.71341,4.05434],[117.71323,4.05426],[117.71307,4.0541],[117.71285,4.05397],[117.71256,4.05389],[117.71218,4.05384],[117.71183,4.05375],[117.71165,4.05363],[117.71135,4.05359],[117.71111,4.05356],[117.71092,4.05359],[117.71045,4.05374],[117.71014,4.05386],[117.70986,4.0539],[117.70934,4.05379],[117.70898,4.05361],[117.70872,4.05328],[117.70824,4.0529],[117.70793,4.05273],[117.70769,4.05257],[117.70735,4.05245],[117.70707,4.05232],[117.70672,4.05215],[117.70589,4.05172],[117.70551,4.05155],[117.70519,4.0515],[117.70419,4.0514],[117.70372,4.05155],[117.70323,4.05196],[117.70288,4.05219],[117.70256,4.05229],[117.7022,4.05234],[117.70191,4.0522],[117.70155,4.0519],[117.70112,4.05175],[117.70065,4.05157],[117.70036,4.05138],[117.70017,4.05121],[117.70002,4.05105],[117.6995,4.05033],[117.69923,4.05004],[117.69876,4.04945],[117.69845,4.0492],[117.69813,4.04905],[117.69782,4.04898],[117.69692,4.04899],[117.69621,4.0492],[117.69581,4.0493],[117.69541,4.04941],[117.69507,4.0496],[117.69448,4.05008],[117.69418,4.05044],[117.69299,4.05132],[117.69193,4.05231],[117.69089,4.05262],[117.69025,4.05287],[117.68991,4.05285],[117.6888,4.05221],[117.68866,4.05216],[117.68851,4.05215],[117.68777,4.0522],[117.68758,4.05227],[117.68739,4.05239],[117.68659,4.05337],[117.6861,4.05419],[117.68597,4.05475],[117.68557,4.05508],[117.68417,4.05612],[117.6835,4.05684],[117.68319,4.0571],[117.6824,4.05694],[117.68134,4.05635],[117.68096,4.05595],[117.68056,4.05524],[117.68015,4.0545],[117.67947,4.05435],[117.67902,4.05424],[117.67801,4.05728],[117.67662,4.0564],[117.67231,4.05568],[117.67063,4.05688],[117.66967,4.05832],[117.66631,4.06024],[117.66459,4.05978],[117.6647,4.06023],[117.66475,4.06128],[117.66475,4.06195],[117.66471,4.06262],[117.66463,4.0635],[117.66451,4.06443],[117.66447,4.06514],[117.66447,4.06606],[117.66472,4.06678],[117.66502,4.06741],[117.66515,4.06799],[117.66515,4.06871],[117.66842,4.06905],[117.67824,4.06905],[117.68004,4.06947],[117.68184,4.06989],[117.68194,4.06974],[117.6824,4.06957],[117.6827,4.06928],[117.68291,4.06889],[117.68292,4.06889],[117.68318,4.06887],[117.68319,4.06887],[117.68346,4.06878],[117.68365,4.06843],[117.68399,4.0681],[117.68436,4.06792],[117.68452,4.06787],[117.68454,4.06812],[117.6847,4.06827],[117.68503,4.0683],[117.68578,4.06786],[117.68613,4.06771],[117.68637,4.06753],[117.68652,4.06726],[117.6867,4.06691],[117.687,4.06662],[117.68722,4.06699],[117.68762,4.06686],[117.68788,4.06682],[117.68808,4.06693],[117.68808,4.06715],[117.68802,4.06745],[117.68825,4.06773],[117.68854,4.06802],[117.68869,4.06822],[117.68872,4.06848],[117.6887,4.069],[117.68884,4.06923],[117.68904,4.06931],[117.68985,4.0692],[117.69008,4.06898],[117.69072,4.06885],[117.69099,4.06858],[117.69133,4.06886],[117.69203,4.06841],[117.69264,4.06853],[117.69324,4.06885],[117.69366,4.06899],[117.69433,4.06901],[117.69526,4.06905],[117.6953,4.06901],[117.69542,4.06894],[117.69845,4.06937],[117.69897,4.06944],[117.69987,4.06957],[117.71121,4.07115],[117.71582,4.06353],[117.71671,4.06165],[117.7169,4.06146],[117.71714,4.06134],[117.71745,4.06138],[117.71795,4.0615],[117.71834,4.06154],[117.71882,4.06157],[117.71908,4.06143],[117.71937,4.06118],[117.71961,4.06095],[117.71997,4.06082],[117.72046,4.06074],[117.72052,4.06079],[117.7206,4.06093],[117.72066,4.06108],[117.72079,4.06125],[117.72098,4.06161],[117.72141,4.06222],[117.72178,4.06243],[117.72252,4.06282],[117.72328,4.06344],[117.72376,4.06395],[117.72405,4.06447],[117.7244,4.06484],[117.72511,4.06424],[117.726,4.06357],[117.72745,4.06248],[117.72828,4.06188]]]]},"properties":{"kdprov":"65","kdkab":"04","kdkec":"110","kddesa":"002","kdsls":"0003","idsls":"65041100020003","nmprov":"KALIMANTAN UTARA","nmkab":"NUNUKAN","nmkec":"NUNUKAN SELATAN","nmdesa":"MANSAPA","nmsls":"RT 003 RW 001"}},{"type":"Feature","geometry":{"type":"MultiPolygon","coordinates":[[[[117.71249,4.03391],[117.71243,4.03389],[117.7124,4.03385],[117.71237,4.03376],[117.71233,4.03369],[117.71225,4.03362],[117.71219,4.03358],[117.71211,4.03355],[117.71203,4.03349],[117.712,4.03345],[117.71198,4.03337],[117.71192,4.03329],[117.71192,4.03326],[117.71193,4.03317],[117.71195,4.0331],[117.71198,4.033],[117.71201,4.03293],[117.71204,4.03289],[117.71218,4.03284],[117.71112,4.03007],[117.70737,4.0294],[117.70684,4.0293],[117.70324,4.0317],[117.69629,4.03554],[117.69317,4.0377],[117.69101,4.03842],[117.69005,4.03842],[117.6855,4.03506],[117.68046,4.0353],[117.67471,4.03794],[117.67375,4.04009],[117.67423,4.04369],[117.67782,4.05041],[117.67902,4.05424],[117.67947,4.05435],[117.68015,4.0545],[117.68056,4.05524],[117.68096,4.05595],[117.68134,4.05635],[117.6824,4.05694],[117.68319,4.0571],[117.6835,4.05684],[117.68417,4.05612],[117.68557,4.05508],[117.68597,4.05475],[117.6861,4.05419],[117.68659,4.05337],[117.68739,4.05239],[117.68758,4.05227],[117.68777,4.0522],[117.68851,4.05215],[117.68866,4.05216],[117.6888,4.05221],[117.68991,4.05285],[117.69025,4.05287],[117.69089,4.05262],[117.69193,4.05231],[117.69299,4.05132],[117.69418,4.05044],[117.69448,4.05008],[117.69507,4.0496],[117.69541,4.04941],[117.69581,4.0493],[117.69621,4.0492],[117.69692,4.04899],[117.69782,4.04898],[117.69813,4.04905],[117.69845,4.0492],[117.69876,4.04945],[117.69923,4.05004],[117.6995,4.05033],[117.70002,4.05105],[117.70017,4.05121],[117.70036,4.05138],[117.70065,4.05157],[117.70112,4.05175],[117.70155,4.0519],[117.70191,4.0522],[117.7022,4.05234],[117.70256,4.05229],[117.70288,4.05219],[117.70323,4.05196],[117.70372,4.05155],[117.70419,4.0514],[117.70519,4.0515],[117.70551,4.05155],[117.70589,4.05172],[117.70672,4.05215],[117.70707,4.05232],[117.70735,4.05245],[117.70769,4.05257],[117.70793,4.05273],[117.70824,4.0529],[117.70872,4.05328],[117.70898,4.05361],[117.70934,4.05379],[117.70986,4.0539],[117.71014,4.05386],[117.71045,4.05374],[117.71092,4.05359],[117.71111,4.05356],[117.71135,4.05359],[117.71165,4.05363],[117.71183,4.05375],[117.71218,4.05384],[117.71256,4.05389],[117.71285,4.05397],[117.71307,4.0541],[117.71323,4.05426],[117.71341,4.05434],[117.71363,4.05428],[117.71371,4.05422],[117.7138,4.05411],[117.71392,4.05391],[117.71407,4.05371],[117.71444,4.05314],[117.71463,4.05283],[117.71474,4.05263],[117.71461,4.0526],[117.71444,4.05255],[117.71404,4.05232],[117.71363,4.0522],[117.7131,4.05168],[117.71299,4.05143],[117.71291,4.05076],[117.71288,4.05055],[117.7131,4.04934],[117.71328,4.04844],[117.71319,4.04737],[117.71312,4.04716],[117.713,4.04684],[117.71262,4.04591],[117.71233,4.04549],[117.71156,4.04436],[117.71087,4.04379],[117.71092,4.03968],[117.71214,4.03482],[117.71249,4.03391]]]]},"properties":{"kdprov":"65","kdkab":"04","kdkec":"110","kddesa":"002","kdsls":"0004","idsls":"65041100020004","nmprov":"KALIMANTAN UTARA","nmkab":"NUNUKAN","nmkec":"NUNUKAN SELATAN","nmdesa":"MANSAPA","nmsls":"RT 004 RW 001"}},{"type":"Feature","geometry":{"type":"MultiPolygon","coordinates":[[[[117.74403,4.03233],[117.74372,4.03198],[117.74269,4.03285],[117.74239,4.03328],[117.74205,4.03373],[117.74175,4.03414],[117.7416,4.03427],[117.74142,4.03443],[117.74129,4.03452],[117.7411,4.03455],[117.74091,4.03455],[117.74058,4.03455],[117.7402,4.03455],[117.73999,4.03464],[117.7398,4.03471],[117.73973,4.03473],[117.73981,4.03481],[117.73993,4.03481],[117.74005,4.03487],[117.74015,4.0349],[117.74037,4.03484],[117.74054,4.03485],[117.74066,4.03496],[117.74067,4.035],[117.74092,4.03496],[117.74099,4.03496],[117.74105,4.03496],[117.74112,4.03497],[117.74119,4.03498],[117.74164,4.03514],[117.74169,4.03513],[117.74175,4.0351],[117.74174,4.03498],[117.74172,4.03495],[117.74203,4.03476],[117.74185,4.03457],[117.74202,4.03448],[117.74205,4.03446],[117.74208,4.03443],[117.7421,4.0344],[117.74212,4.03437],[117.74213,4.03433],[117.74216,4.03421],[117.74217,4.03417],[117.74219,4.03413],[117.74221,4.03409],[117.74224,4.03406],[117.74227,4.03404],[117.74242,4.03386],[117.74277,4.03351],[117.74403,4.03233]]]]},"properties":{"kdprov":"65","kdkab":"04","kdkec":"110","kddesa":"001","kdsls":"0012","idsls":"65041100010012","nmprov":"KALIMANTAN UTARA","nmkab":"NUNUKAN","nmkec":"NUNUKAN SELATAN","nmdesa":"TANJUNG HARAPAN","nmsls":"RT 012 RW 001"}},{"type":"Feature","geometry":{"type":"MultiPolygon","coordinates":[[[[117.68904,4.09412],[117.68993,4.09457],[117.69011,4.09437],[117.69042,4.09426],[117.691,4.09423],[117.69512,4.09356],[117.69592,4.09317],[117.69654,4.09285],[117.69737,4.09248],[117.69801,4.09236],[117.69827,4.09234],[117.69835,4.09237],[117.69843,4.09245],[117.69865,4.09254],[117.6989,4.09256],[117.699,4.09256],[117.69914,4.09252],[117.69922,4.09245],[117.69929,4.09236],[117.6995,4.09202],[117.69964,4.09179],[117.69987,4.09194],[117.69995,4.09197],[117.70003,4.09197],[117.7001,4.0919],[117.70041,4.09141],[117.70046,4.09135],[117.70049,4.09135],[117.70064,4.09095],[117.70071,4.09065],[117.70081,4.0902],[117.70098,4.08965],[117.70106,4.0894],[117.7012,4.08895],[117.70121,4.08887],[117.70134,4.08901],[117.70153,4.08926],[117.70166,4.0894],[117.70175,4.08952],[117.70188,4.08963],[117.70193,4.08987],[117.70241,4.08978],[117.7026,4.08977],[117.70257,4.08933],[117.70226,4.08906],[117.70214,4.08894],[117.70198,4.08884],[117.70189,4.08869],[117.70173,4.08854],[117.70126,4.08841],[117.70124,4.08793],[117.70116,4.08701],[117.70114,4.0866],[117.70114,4.08648],[117.70122,4.0863],[117.70159,4.08582],[117.70151,4.08576],[117.70138,4.08568],[117.70131,4.08566],[117.70121,4.08561],[117.7011,4.08555],[117.70103,4.08552],[117.70096,4.08552],[117.70082,4.08548],[117.70074,4.08546],[117.70062,4.08542],[117.70055,4.08537],[117.70049,4.08533],[117.70036,4.08522],[117.70023,4.0851],[117.7003,4.08489],[117.70034,4.08468],[117.70036,4.08451],[117.70044,4.08429],[117.70051,4.0841],[117.7006,4.08394],[117.70062,4.08386],[117.70063,4.08385],[117.70068,4.08354],[117.70069,4.08336],[117.70064,4.08315],[117.70061,4.083],[117.70059,4.08298],[117.70058,4.08296],[117.70051,4.08294],[117.7003,4.0829],[117.69989,4.08282],[117.69958,4.08274],[117.69933,4.08264],[117.69924,4.08253],[117.69929,4.08224],[117.69939,4.08185],[117.69958,4.08146],[117.69963,4.08135],[117.6997,4.08103],[117.69935,4.08069],[117.70002,4.07983],[117.6996,4.07961],[117.6989,4.08035],[117.69842,4.08024],[117.69804,4.08013],[117.69704,4.0798],[117.69664,4.07971],[117.69607,4.07959],[117.69578,4.07954],[117.69572,4.08026],[117.6952,4.08028],[117.69512,4.08016],[117.69508,4.07998],[117.69504,4.07986],[117.69494,4.07975],[117.69483,4.07977],[117.69473,4.07991],[117.69464,4.08007],[117.69417,4.08],[117.69412,4.07974],[117.69333,4.07982],[117.69334,4.08033],[117.69299,4.0804],[117.69268,4.08041],[117.69248,4.08025],[117.69237,4.07991],[117.69223,4.07934],[117.69195,4.07896],[117.69168,4.07891],[117.69144,4.07887],[117.69142,4.0787],[117.69072,4.07785],[117.69041,4.07777],[117.69032,4.07745],[117.69031,4.07744],[117.68986,4.07682],[117.68937,4.07598],[117.68907,4.07546],[117.6891,4.07444],[117.68888,4.07387],[117.68887,4.07305],[117.68853,4.07163],[117.68879,4.07097],[117.68899,4.06932],[117.68904,4.06931],[117.68884,4.06923],[117.6887,4.069],[117.68872,4.06848],[117.68869,4.06822],[117.68854,4.06802],[117.68825,4.06773],[117.68802,4.06745],[117.68808,4.06715],[117.68808,4.06693],[117.68788,4.06682],[117.68762,4.06686],[117.68722,4.06699],[117.687,4.06662],[117.6867,4.06691],[117.68652,4.06726],[117.68637,4.06753],[117.68613,4.06771],[117.68578,4.06786],[117.68503,4.0683],[117.6847,4.06827],[117.68454,4.06812],[117.68452,4.06787],[117.68436,4.06792],[117.68399,4.0681],[117.68365,4.06843],[117.68346,4.06878],[117.68319,4.06887],[117.68318,4.06887],[117.68292,4.06889],[117.68291,4.06889],[117.6827,4.06928],[117.6824,4.06957],[117.68194,4.06974],[117.68184,4.06989],[117.68184,4.06989],[117.68183,4.06995],[117.68132,4.07293],[117.68058,4.07904],[117.68191,4.08308],[117.68413,4.08291],[117.68598,4.08278],[117.68738,4.08368],[117.68748,4.08374],[117.68745,4.08376],[117.68751,4.08381],[117.68754,4.08379],[117.68767,4.08387],[117.68794,4.08404],[117.68788,4.08449],[117.68789,4.08451],[117.68859,4.08565],[117.68909,4.08842],[117.68901,4.08925],[117.68943,4.09088],[117.68937,4.09207],[117.68865,4.09329],[117.68823,4.09334],[117.68783,4.09362],[117.68688,4.0942],[117.68708,4.09452],[117.68715,4.09457],[117.68726,4.09478],[117.68751,4.09511],[117.68904,4.09412]]]]},"properties":{"kdprov":"65","kdkab":"04","kdkec":"110","kddesa":"003","kdsls":"0005","idsls":"65041100030005","nmprov":"KALIMANTAN UTARA","nmkab":"NUNUKAN","nmkec":"NUNUKAN SELATAN","nmdesa":"NUNUKAN SELATAN","nmsls":"RT 005 RW 002"}},{"type":"Feature","geometry":{"type":"MultiPolygon","coordinates":[[[[117.69124,4.09419],[117.6918,4.09455],[117.6923,4.09535],[117.69253,4.09593],[117.69245,4.09665],[117.69303,4.09684],[117.69315,4.0972],[117.69304,4.09835],[117.6932,4.09866],[117.69353,4.09839],[117.69377,4.09825],[117.69387,4.09823],[117.69376,4.09869],[117.6938,4.09892],[117.69477,4.09896],[117.69491,4.09927],[117.69541,4.09946],[117.69541,4.09982],[117.69621,4.10009],[117.69616,4.10028],[117.69651,4.10121],[117.69719,4.10076],[117.6993,4.10241],[117.69958,4.102],[117.69973,4.10169],[117.6998,4.10148],[117.69991,4.10045],[117.7001,4.10007],[117.70059,4.09965],[117.70118,4.099],[117.70199,4.09787],[117.70253,4.09715],[117.70277,4.0968],[117.703,4.09652],[117.70352,4.09607],[117.70427,4.09577],[117.70462,4.09567],[117.70484,4.0956],[117.70483,4.09552],[117.70472,4.09442],[117.70466,4.09428],[117.70454,4.09418],[117.7037,4.09369],[117.70326,4.09344],[117.70233,4.09292],[117.70211,4.09277],[117.70164,4.09239],[117.70144,4.09219],[117.70087,4.09168],[117.70057,4.09143],[117.70049,4.09135],[117.70046,4.09135],[117.70041,4.09141],[117.7001,4.0919],[117.70003,4.09197],[117.69995,4.09197],[117.69987,4.09194],[117.69964,4.09179],[117.6995,4.09202],[117.69929,4.09236],[117.69922,4.09245],[117.69914,4.09252],[117.699,4.09256],[117.6989,4.09256],[117.69865,4.09254],[117.69843,4.09245],[117.69835,4.09237],[117.69827,4.09234],[117.69801,4.09236],[117.69737,4.09248],[117.69654,4.09285],[117.69592,4.09317],[117.69512,4.09356],[117.69124,4.09419]]]]},"properties":{"kdprov":"65","kdkab":"04","kdkec":"110","kddesa":"003","kdsls":"0008","idsls":"65041100030008","nmprov":"KALIMANTAN UTARA","nmkab":"NUNUKAN","nmkec":"NUNUKAN SELATAN","nmdesa":"NUNUKAN SELATAN","nmsls":"RT 008 RW 002"}},{"type":"Feature","geometry":{"type":"MultiPolygon","coordinates":[[[[117.70268,4.0849],[117.70268,4.08444],[117.70063,4.08385],[117.70062,4.08386],[117.7006,4.08394],[117.70051,4.0841],[117.70044,4.08429],[117.70036,4.08451],[117.70034,4.08468],[117.7003,4.08489],[117.70023,4.0851],[117.70036,4.08522],[117.70049,4.08533],[117.70055,4.08537],[117.70062,4.08542],[117.70074,4.08546],[117.70082,4.08548],[117.70096,4.08552],[117.70103,4.08552],[117.7011,4.08555],[117.70121,4.08561],[117.70131,4.08566],[117.70138,4.08568],[117.70151,4.08576],[117.70159,4.08582],[117.70179,4.08554],[117.70202,4.08529],[117.70231,4.08522],[117.70253,4.08521],[117.70292,4.08527],[117.70317,4.08532],[117.70464,4.08566],[117.70493,4.08658],[117.70534,4.08846],[117.7072,4.08906],[117.70722,4.08908],[117.70725,4.08907],[117.70833,4.08942],[117.70958,4.08908],[117.70996,4.0886],[117.71026,4.08871],[117.7104,4.08829],[117.71046,4.08804],[117.71046,4.08801],[117.71048,4.08781],[117.71041,4.08728],[117.71066,4.08656],[117.71081,4.08618],[117.71107,4.08554],[117.71125,4.08508],[117.71133,4.08496],[117.71124,4.08488],[117.71099,4.08471],[117.70983,4.08396],[117.70968,4.0839],[117.70894,4.08376],[117.7086,4.08369],[117.70822,4.08363],[117.70794,4.08357],[117.70775,4.08353],[117.70764,4.08346],[117.70747,4.08328],[117.7073,4.08309],[117.70718,4.08294],[117.7071,4.08285],[117.707,4.08289],[117.70684,4.08282],[117.70676,4.08268],[117.70666,4.08241],[117.70633,4.08255],[117.70537,4.08304],[117.70568,4.08439],[117.70511,4.08522],[117.7047,4.08561],[117.70268,4.0849]]]]},"properties":{"kdprov":"65","kdkab":"04","kdkec":"110","kddesa":"003","kdsls":"0004","idsls":"65041100030004","nmprov":"KALIMANTAN UTARA","nmkab":"NUNUKAN","nmkec":"NUNUKAN SELATAN","nmdesa":"NUNUKAN SELATAN","nmsls":"RT 004 RW 001"}},{"type":"Feature","geometry":{"type":"MultiPolygon","coordinates":[[[[117.70483,4.09552],[117.70671,4.09561],[117.70746,4.09564],[117.70794,4.09525],[117.70805,4.09453],[117.70847,4.09278],[117.70896,4.09173],[117.70979,4.09004],[117.70987,4.08985],[117.70986,4.08985],[117.70988,4.08982],[117.71003,4.08939],[117.71026,4.08871],[117.70996,4.0886],[117.70958,4.08908],[117.70833,4.08942],[117.70725,4.08907],[117.70722,4.08908],[117.7072,4.08906],[117.70534,4.08846],[117.70493,4.08658],[117.70464,4.08566],[117.70317,4.08532],[117.70292,4.08527],[117.70253,4.08521],[117.70231,4.08522],[117.70202,4.08529],[117.70179,4.08554],[117.70159,4.08582],[117.70122,4.0863],[117.70114,4.08648],[117.70114,4.0866],[117.70116,4.08701],[117.70124,4.08793],[117.70126,4.08841],[117.70173,4.08854],[117.70189,4.08869],[117.70198,4.08884],[117.70214,4.08894],[117.70226,4.08906],[117.70257,4.08933],[117.7026,4.08977],[117.70241,4.08978],[117.70193,4.08987],[117.70188,4.08963],[117.70175,4.08952],[117.70166,4.0894],[117.70153,4.08926],[117.70134,4.08901],[117.70121,4.08887],[117.7012,4.08895],[117.70106,4.0894],[117.70098,4.08965],[117.70081,4.0902],[117.70071,4.09065],[117.70064,4.09095],[117.70049,4.09135],[117.70057,4.09143],[117.70087,4.09168],[117.70144,4.09219],[117.70164,4.09239],[117.70211,4.09277],[117.70233,4.09292],[117.70326,4.09344],[117.7037,4.09369],[117.70454,4.09418],[117.70466,4.09428],[117.70472,4.09442],[117.70483,4.09552]]]]},"properties":{"kdprov":"65","kdkab":"04","kdkec":"110","kddesa":"003","kdsls":"0006","idsls":"65041100030006","nmprov":"KALIMANTAN UTARA","nmkab":"NUNUKAN","nmkec":"NUNUKAN SELATAN","nmdesa":"NUNUKAN SELATAN","nmsls":"RT 006 RW 002"}},{"type":"Feature","geometry":{"type":"MultiPolygon","coordinates":[[[[117.73732,4.03693],[117.73757,4.03686],[117.73796,4.0367],[117.7383,4.03658],[117.73846,4.03641],[117.73863,4.03624],[117.73875,4.0362],[117.73891,4.03623],[117.73907,4.03631],[117.73924,4.03622],[117.73945,4.03609],[117.73946,4.03602],[117.73942,4.03587],[117.7393,4.03562],[117.73951,4.0355],[117.73965,4.03546],[117.73977,4.0354],[117.73985,4.03539],[117.73994,4.03542],[117.73998,4.0355],[117.74001,4.03558],[117.74003,4.03568],[117.74003,4.03578],[117.74004,4.03585],[117.74012,4.0359],[117.7402,4.03589],[117.74031,4.03584],[117.74038,4.03576],[117.7404,4.0356],[117.7404,4.03557],[117.74042,4.03545],[117.74042,4.03535],[117.74043,4.03522],[117.74069,4.03515],[117.74067,4.035],[117.74066,4.03496],[117.74054,4.03485],[117.74037,4.03484],[117.74015,4.0349],[117.74005,4.03487],[117.73993,4.03481],[117.73981,4.03481],[117.73973,4.03473],[117.73968,4.03474],[117.73958,4.03477],[117.73927,4.03478],[117.73911,4.03477],[117.73899,4.03477],[117.73894,4.03477],[117.73889,4.03477],[117.73887,4.03476],[117.73883,4.03466],[117.73874,4.03452],[117.73866,4.0344],[117.73844,4.0342],[117.73831,4.03401],[117.73808,4.03374],[117.73805,4.03369],[117.73805,4.03369],[117.7379,4.03354],[117.73761,4.03323],[117.73717,4.03284],[117.73677,4.03253],[117.73587,4.03187],[117.73511,4.03117],[117.73473,4.03151],[117.73453,4.0317],[117.73413,4.03193],[117.73386,4.03158],[117.73373,4.03143],[117.73355,4.03126],[117.73294,4.03058],[117.73228,4.02951],[117.73195,4.02905],[117.73157,4.02819],[117.73124,4.02758],[117.73064,4.02662],[117.73031,4.02611],[117.72981,4.02537],[117.72939,4.02566],[117.72858,4.026],[117.72799,4.02635],[117.72734,4.02657],[117.72656,4.02685],[117.72607,4.02688],[117.72567,4.02661],[117.72514,4.02627],[117.7247,4.02605],[117.72373,4.02625],[117.72326,4.02651],[117.72298,4.02683],[117.72269,4.02701],[117.72221,4.02713],[117.72165,4.02736],[117.72097,4.02758],[117.72041,4.0277],[117.72011,4.02776],[117.71112,4.03007],[117.71218,4.03284],[117.71227,4.03281],[117.71233,4.03297],[117.71223,4.033],[117.71248,4.03364],[117.71388,4.03362],[117.71417,4.03389],[117.71425,4.03404],[117.71427,4.03438],[117.71438,4.03451],[117.71477,4.03474],[117.71503,4.03492],[117.7152,4.03512],[117.71553,4.03517],[117.7159,4.03539],[117.71609,4.03558],[117.71635,4.03556],[117.7166,4.03563],[117.71685,4.03591],[117.71699,4.03589],[117.7172,4.03578],[117.71755,4.03567],[117.71793,4.03574],[117.71831,4.03597],[117.71876,4.03624],[117.71899,4.03638],[117.71914,4.03639],[117.71939,4.03632],[117.71963,4.03644],[117.71986,4.03678],[117.71993,4.03685],[117.72006,4.03679],[117.72031,4.03659],[117.72051,4.03644],[117.72054,4.03627],[117.72048,4.03595],[117.72012,4.03587],[117.72026,4.03561],[117.72062,4.03542],[117.72086,4.03535],[117.721,4.03548],[117.72103,4.03585],[117.72147,4.03574],[117.72174,4.03548],[117.72191,4.03538],[117.72206,4.03535],[117.72241,4.03539],[117.72288,4.03544],[117.72305,4.03555],[117.7233,4.03569],[117.72371,4.03577],[117.72432,4.03582],[117.72445,4.03591],[117.72421,4.03636],[117.72409,4.03675],[117.72414,4.03694],[117.72433,4.03697],[117.72447,4.03691],[117.72469,4.03674],[117.72524,4.03659],[117.72551,4.03659],[117.72568,4.03672],[117.72564,4.03707],[117.72565,4.03748],[117.72595,4.03732],[117.72646,4.03698],[117.72684,4.03687],[117.72727,4.03659],[117.72727,4.0366],[117.72745,4.03666],[117.7276,4.03667],[117.72788,4.03667],[117.72827,4.03646],[117.72858,4.03619],[117.72911,4.03615],[117.72954,4.03628],[117.72979,4.03659],[117.72986,4.03678],[117.73017,4.03696],[117.73051,4.03703],[117.73075,4.03684],[117.73088,4.03662],[117.73102,4.03618],[117.73103,4.03579],[117.73091,4.03535],[117.73082,4.03515],[117.73087,4.03476],[117.73105,4.03459],[117.73108,4.03455],[117.73113,4.0347],[117.73123,4.03512],[117.73137,4.03547],[117.73152,4.03578],[117.73184,4.03624],[117.73193,4.03634],[117.73206,4.03647],[117.73217,4.03658],[117.73221,4.03664],[117.73246,4.03662],[117.73256,4.03655],[117.73267,4.03647],[117.73267,4.03634],[117.73267,4.0362],[117.73272,4.03614],[117.73279,4.03611],[117.73283,4.03624],[117.73293,4.03637],[117.73302,4.03643],[117.73306,4.03647],[117.73317,4.03656],[117.73331,4.03657],[117.73354,4.03657],[117.73378,4.03656],[117.73394,4.03658],[117.73399,4.03666],[117.7341,4.03682],[117.73415,4.03693],[117.73414,4.03701],[117.73404,4.03702],[117.73381,4.03708],[117.73362,4.03718],[117.73346,4.03732],[117.73323,4.03759],[117.73324,4.03769],[117.73329,4.03779],[117.73341,4.03782],[117.73363,4.03788],[117.73378,4.03792],[117.73384,4.03802],[117.73378,4.03814],[117.73367,4.03826],[117.73361,4.03845],[117.73366,4.03856],[117.73378,4.03863],[117.73394,4.0386],[117.73415,4.03846],[117.73436,4.0384],[117.73463,4.03844],[117.73488,4.03852],[117.73511,4.03866],[117.73529,4.03876],[117.73545,4.03874],[117.73548,4.03857],[117.73556,4.03832],[117.73568,4.03802],[117.73582,4.03771],[117.73593,4.0375],[117.73591,4.03697],[117.73591,4.0368],[117.73609,4.03674],[117.73638,4.03676],[117.7365,4.03693],[117.73666,4.03706],[117.73689,4.0371],[117.73714,4.03703],[117.73732,4.03693]]]]},"properties":{"kdprov":"65","kdkab":"04","kdkec":"110","kddesa":"001","kdsls":"0003","idsls":"65041100010003","nmprov":"KALIMANTAN UTARA","nmkab":"NUNUKAN","nmkec":"NUNUKAN SELATAN","nmdesa":"TANJUNG HARAPAN","nmsls":"RT 003 RW 001"}},{"type":"Feature","geometry":{"type":"MultiPolygon","coordinates":[[[[117.72981,4.06317],[117.72911,4.06321],[117.72908,4.06277],[117.72974,4.06274],[117.72962,4.06215],[117.72969,4.06173],[117.72976,4.06129],[117.72966,4.06095],[117.72906,4.06133],[117.729,4.06137],[117.72829,4.06187],[117.72828,4.06188],[117.72745,4.06248],[117.726,4.06357],[117.72511,4.06424],[117.7244,4.06484],[117.72405,4.06447],[117.72376,4.06395],[117.72328,4.06344],[117.72252,4.06282],[117.72178,4.06243],[117.72141,4.06222],[117.72098,4.06161],[117.72079,4.06125],[117.72066,4.06108],[117.7206,4.06093],[117.72052,4.06079],[117.72046,4.06074],[117.71997,4.06082],[117.71961,4.06095],[117.71937,4.06118],[117.71908,4.06143],[117.71882,4.06157],[117.71834,4.06154],[117.71795,4.0615],[117.71745,4.06138],[117.71714,4.06134],[117.7169,4.06146],[117.71671,4.06165],[117.71582,4.06353],[117.71121,4.07115],[117.72069,4.07648],[117.72969,4.07678],[117.72971,4.07678],[117.72954,4.07741],[117.73149,4.07819],[117.7316,4.07815],[117.73182,4.07792],[117.73209,4.07774],[117.73213,4.07771],[117.73249,4.07729],[117.73269,4.07698],[117.73297,4.0766],[117.73305,4.07653],[117.73313,4.07645],[117.73321,4.07638],[117.73329,4.07631],[117.73338,4.07625],[117.73346,4.07618],[117.73355,4.07612],[117.73364,4.07605],[117.73372,4.07598],[117.73381,4.07592],[117.7339,4.07586],[117.73399,4.0758],[117.73408,4.07575],[117.73418,4.07569],[117.73427,4.07564],[117.73436,4.07558],[117.73446,4.07553],[117.73455,4.07547],[117.73464,4.07542],[117.73474,4.07536],[117.73483,4.07531],[117.73492,4.07525],[117.73501,4.07519],[117.73511,4.07514],[117.7352,4.07508],[117.73529,4.07503],[117.73538,4.07497],[117.73548,4.07491],[117.73557,4.07486],[117.73565,4.07481],[117.73499,4.07398],[117.73456,4.07352],[117.73412,4.07296],[117.73321,4.07204],[117.73285,4.07181],[117.73211,4.07159],[117.7314,4.07123],[117.73066,4.07074],[117.73004,4.07014],[117.72964,4.06943],[117.72941,4.06875],[117.7295,4.06829],[117.72971,4.06738],[117.72984,4.06627],[117.72984,4.06467],[117.72981,4.06317]]]]},"properties":{"kdprov":"65","kdkab":"04","kdkec":"110","kddesa":"002","kdsls":"0002","idsls":"65041100020002","nmprov":"KALIMANTAN UTARA","nmkab":"NUNUKAN","nmkec":"NUNUKAN SELATAN","nmdesa":"MANSAPA","nmsls":"RT 002 RW 001"}},{"type":"Feature","geometry":{"type":"MultiPolygon","coordinates":[[[[117.722,4.08441],[117.72191,4.08455],[117.72189,4.08472],[117.72198,4.08486],[117.72203,4.08495],[117.72211,4.08507],[117.72228,4.08525],[117.72235,4.08532],[117.72245,4.08552],[117.72272,4.08587],[117.72285,4.08605],[117.72294,4.08617],[117.72341,4.08571],[117.72464,4.08444],[117.72472,4.08437],[117.7248,4.0843],[117.72488,4.08422],[117.72496,4.08415],[117.72504,4.08408],[117.72512,4.084],[117.7252,4.08393],[117.72528,4.08385],[117.72536,4.08378],[117.72544,4.08371],[117.72552,4.08363],[117.7256,4.08356],[117.72568,4.08349],[117.72576,4.08341],[117.72584,4.08334],[117.72592,4.08327],[117.72595,4.08323],[117.72535,4.08254],[117.72568,4.08217],[117.72533,4.08184],[117.72493,4.08227],[117.72412,4.08175],[117.722,4.08441]]]]},"properties":{"kdprov":"65","kdkab":"04","kdkec":"110","kddesa":"003","kdsls":"0002","idsls":"65041100030002","nmprov":"KALIMANTAN UTARA","nmkab":"NUNUKAN","nmkec":"NUNUKAN SELATAN","nmdesa":"NUNUKAN SELATAN","nmsls":"RT 002 RW 001"}},{"type":"Feature","geometry":{"type":"MultiPolygon","coordinates":[[[[117.73009,4.04553],[117.73001,4.0458],[117.72995,4.04594],[117.72996,4.04618],[117.72998,4.04655],[117.73017,4.04694],[117.73036,4.04739],[117.72972,4.0475],[117.72938,4.04681],[117.72928,4.04647],[117.72926,4.04603],[117.72926,4.04559],[117.72508,4.04589],[117.725,4.04588],[117.72452,4.04699],[117.72405,4.04781],[117.72398,4.04813],[117.72398,4.04813],[117.72406,4.0483],[117.72443,4.04875],[117.72486,4.04916],[117.72563,4.05049],[117.72592,4.0512],[117.7261,4.05183],[117.7263,4.0526],[117.72645,4.05311],[117.72679,4.0537],[117.72688,4.05427],[117.72701,4.05479],[117.72674,4.05558],[117.72678,4.05598],[117.72676,4.05621],[117.72678,4.05629],[117.72762,4.05636],[117.72842,4.05665],[117.7297,4.05646],[117.73058,4.05672],[117.73134,4.0566],[117.73152,4.05597],[117.73198,4.05641],[117.73196,4.0573],[117.73256,4.05739],[117.7327,4.05791],[117.73323,4.05817],[117.73294,4.05864],[117.73352,4.05914],[117.73375,4.05859],[117.73359,4.05836],[117.7337,4.05794],[117.7339,4.05817],[117.73395,4.05854],[117.7344,4.05887],[117.73588,4.0568],[117.7359,4.05678],[117.73518,4.05656],[117.73383,4.05665],[117.73268,4.05586],[117.73427,4.05512],[117.73483,4.05486],[117.73582,4.05449],[117.73689,4.05387],[117.73808,4.05333],[117.73862,4.05337],[117.73868,4.0533],[117.74515,4.05437],[117.75085,4.06215],[117.75203,4.0635],[117.75206,4.06348],[117.75214,4.06341],[117.75222,4.06334],[117.7523,4.06326],[117.75237,4.06319],[117.75245,4.06311],[117.75253,4.06303],[117.7526,4.06295],[117.75267,4.06287],[117.75274,4.06279],[117.75281,4.06271],[117.75288,4.06262],[117.75294,4.06254],[117.75301,4.06245],[117.75308,4.06236],[117.75314,4.06227],[117.7532,4.06218],[117.75326,4.06209],[117.75332,4.06201],[117.75338,4.06192],[117.75344,4.06183],[117.75351,4.06174],[117.75354,4.06164],[117.75356,4.06153],[117.75359,4.06142],[117.75361,4.06132],[117.75363,4.06121],[117.75363,4.0611],[117.75363,4.06099],[117.75363,4.06089],[117.75363,4.06078],[117.75363,4.06067],[117.75364,4.06056],[117.75365,4.06045],[117.75365,4.06034],[117.75366,4.06024],[117.75366,4.06013],[117.75365,4.06002],[117.75365,4.05991],[117.75364,4.0598],[117.75364,4.05969],[117.75363,4.05959],[117.75361,4.05948],[117.75359,4.05937],[117.75357,4.05927],[117.75355,4.05916],[117.75353,4.05905],[117.7535,4.05895],[117.75347,4.05884],[117.75343,4.05874],[117.75339,4.05864],[117.75335,4.05854],[117.75331,4.05844],[117.75327,4.05834],[117.75323,4.05824],[117.75319,4.05814],[117.75314,4.05804],[117.75308,4.05795],[117.75302,4.05786],[117.75297,4.05777],[117.75291,4.05767],[117.75285,4.05758],[117.75279,4.05749],[117.75274,4.0574],[117.75268,4.05731],[117.75262,4.05722],[117.75256,4.05713],[117.7525,4.05704],[117.75244,4.05695],[117.75238,4.05686],[117.75232,4.05677],[117.75226,4.05668],[117.7522,4.05659],[117.75213,4.0565],[117.75207,4.05641],[117.75201,4.05632],[117.75195,4.05623],[117.75189,4.05614],[117.75183,4.05605],[117.75177,4.05596],[117.75171,4.05587],[117.75165,4.05578],[117.75159,4.05569],[117.75153,4.0556],[117.75147,4.05551],[117.7514,4.05542],[117.75134,4.05533],[117.75128,4.05524],[117.75122,4.05515],[117.75116,4.05506],[117.75111,4.05497],[117.75105,4.05487],[117.75099,4.05478],[117.75094,4.05469],[117.75088,4.0546],[117.75082,4.05451],[117.75077,4.05441],[117.75071,4.05432],[117.75065,4.05423],[117.75061,4.05413],[117.75058,4.05403],[117.75054,4.05392],[117.75051,4.05382],[117.75048,4.05372],[117.75044,4.05361],[117.75039,4.05352],[117.75033,4.05343],[117.75026,4.05335],[117.7502,4.05326],[117.75013,4.05318],[117.75006,4.05309],[117.75,4.05301],[117.75,4.05197],[117.74942,4.05266],[117.74942,4.05261],[117.74919,4.05191],[117.74831,4.04965],[117.74774,4.04943],[117.74462,4.04885],[117.74346,4.0488],[117.73988,4.04845],[117.7375,4.04732],[117.73664,4.04691],[117.73343,4.04567],[117.73235,4.04554],[117.73147,4.04544],[117.73141,4.04544],[117.73009,4.04553]]]]},"properties":{"kdprov":"65","kdkab":"04","kdkec":"110","kddesa":"002","kdsls":"0007","idsls":"65041100020007","nmprov":"KALIMANTAN UTARA","nmkab":"NUNUKAN","nmkec":"NUNUKAN SELATAN","nmdesa":"MANSAPA","nmsls":"RT 007 RW 002"}},{"type":"Feature","geometry":{"type":"MultiPolygon","coordinates":[[[[117.72796,4.05982],[117.72783,4.05997],[117.72763,4.06022],[117.72752,4.06047],[117.72749,4.06059],[117.7275,4.06072],[117.72752,4.06076],[117.72752,4.06076],[117.7277,4.06107],[117.7279,4.06131],[117.72816,4.06167],[117.72828,4.06188],[117.72829,4.06187],[117.729,4.06137],[117.72906,4.06133],[117.72797,4.05982],[117.72797,4.05981],[117.72796,4.05982]]]]},"properties":{"kdprov":"65","kdkab":"04","kdkec":"110","kddesa":"002","kdsls":"0005","idsls":"65041100020005","nmprov":"KALIMANTAN UTARA","nmkab":"NUNUKAN","nmkec":"NUNUKAN SELATAN","nmdesa":"MANSAPA","nmsls":"RT 005 RW 002"}},{"type":"Feature","geometry":{"type":"MultiPolygon","coordinates":[[[[117.74552,4.03666],[117.74441,4.037],[117.74415,4.03711],[117.74325,4.03739],[117.7422,4.03773],[117.74207,4.03743],[117.74203,4.03732],[117.74201,4.0372],[117.74199,4.03706],[117.74188,4.03679],[117.74179,4.03661],[117.74172,4.03649],[117.74153,4.03629],[117.74145,4.0362],[117.74134,4.03611],[117.74121,4.03601],[117.74111,4.03593],[117.74105,4.03585],[117.741,4.03579],[117.74095,4.03571],[117.74092,4.03568],[117.7409,4.03565],[117.74087,4.0356],[117.74085,4.03558],[117.74082,4.03556],[117.74078,4.03555],[117.74074,4.03558],[117.74071,4.0356],[117.74068,4.03563],[117.74063,4.03567],[117.74061,4.03565],[117.74057,4.03562],[117.7404,4.03557],[117.7404,4.0356],[117.74038,4.03576],[117.74031,4.03584],[117.7402,4.03589],[117.74012,4.0359],[117.74004,4.03585],[117.74003,4.03578],[117.74003,4.03568],[117.74001,4.03558],[117.73998,4.0355],[117.73994,4.03542],[117.73985,4.03539],[117.73977,4.0354],[117.73965,4.03546],[117.73951,4.0355],[117.7393,4.03562],[117.73942,4.03587],[117.73946,4.03602],[117.73945,4.03609],[117.73924,4.03622],[117.73907,4.03631],[117.73891,4.03623],[117.73875,4.0362],[117.73863,4.03624],[117.73846,4.03641],[117.7383,4.03658],[117.73796,4.0367],[117.73757,4.03686],[117.73732,4.03693],[117.73741,4.03719],[117.73749,4.03747],[117.73758,4.03779],[117.73768,4.03814],[117.73774,4.03836],[117.7378,4.03861],[117.73781,4.03867],[117.73781,4.03872],[117.7378,4.03878],[117.73778,4.03883],[117.73776,4.03888],[117.73774,4.03893],[117.73771,4.03898],[117.73767,4.03902],[117.73763,4.03906],[117.73745,4.03916],[117.73734,4.03921],[117.7372,4.03928],[117.73702,4.03935],[117.73691,4.0394],[117.73682,4.03944],[117.73676,4.03947],[117.7367,4.03951],[117.73664,4.03955],[117.73659,4.03959],[117.73655,4.03964],[117.73651,4.0397],[117.73647,4.03976],[117.73642,4.03984],[117.73635,4.04005],[117.73628,4.04024],[117.73606,4.04083],[117.73576,4.04156],[117.73554,4.04201],[117.73551,4.04208],[117.73547,4.04216],[117.73543,4.04223],[117.73538,4.04229],[117.73532,4.04235],[117.73526,4.04241],[117.7352,4.04246],[117.73513,4.04251],[117.73505,4.04254],[117.73526,4.04256],[117.73539,4.04259],[117.73544,4.04262],[117.73546,4.04271],[117.73548,4.0428],[117.73546,4.0429],[117.73543,4.04299],[117.73539,4.04306],[117.7354,4.04314],[117.73543,4.04323],[117.73551,4.04337],[117.73561,4.04353],[117.7357,4.04363],[117.73578,4.04369],[117.736,4.04378],[117.73616,4.04388],[117.73635,4.04401],[117.7365,4.04415],[117.73666,4.04434],[117.73678,4.04449],[117.7369,4.04459],[117.737,4.04467],[117.73707,4.04472],[117.73713,4.04475],[117.73719,4.04476],[117.73723,4.04481],[117.73727,4.04489],[117.73731,4.04505],[117.73733,4.04519],[117.73735,4.04526],[117.73734,4.04539],[117.73736,4.04576],[117.73739,4.04614],[117.7375,4.04732],[117.73988,4.04845],[117.74346,4.0488],[117.74462,4.04885],[117.74774,4.04943],[117.74831,4.04965],[117.74811,4.04913],[117.7475,4.04667],[117.74556,4.03679],[117.74552,4.03666]]]]},"properties":{"kdprov":"65","kdkab":"04","kdkec":"110","kddesa":"001","kdsls":"0001","idsls":"65041100010001","nmprov":"KALIMANTAN UTARA","nmkab":"NUNUKAN","nmkec":"NUNUKAN SELATAN","nmdesa":"TANJUNG HARAPAN","nmsls":"RT 001 RW 001"}},{"type":"Feature","geometry":{"type":"MultiPolygon","coordinates":[[[[117.73973,4.03473],[117.7398,4.03471],[117.73999,4.03464],[117.7402,4.03455],[117.74058,4.03455],[117.74091,4.03455],[117.7411,4.03455],[117.74129,4.03452],[117.74142,4.03443],[117.7416,4.03427],[117.74175,4.03414],[117.74205,4.03373],[117.74239,4.03328],[117.74269,4.03285],[117.74372,4.03198],[117.74225,4.03031],[117.74009,4.03197],[117.73941,4.03255],[117.73927,4.03274],[117.73875,4.03307],[117.73805,4.03369],[117.73808,4.03374],[117.73831,4.03401],[117.73844,4.0342],[117.73866,4.0344],[117.73874,4.03452],[117.73883,4.03466],[117.73887,4.03476],[117.73889,4.03477],[117.73894,4.03477],[117.73899,4.03477],[117.73911,4.03477],[117.73927,4.03478],[117.73958,4.03477],[117.73968,4.03474],[117.73973,4.03473]]]]},"properties":{"kdprov":"65","kdkab":"04","kdkec":"110","kddesa":"001","kdsls":"0010","idsls":"65041100010010","nmprov":"KALIMANTAN UTARA","nmkab":"NUNUKAN","nmkec":"NUNUKAN SELATAN","nmdesa":"TANJUNG HARAPAN","nmsls":"RT 010 RW 001"}},{"type":"Feature","geometry":{"type":"MultiPolygon","coordinates":[[[[117.74551,4.06427],[117.74547,4.06436],[117.74539,4.06433],[117.74543,4.06423],[117.7437,4.06318],[117.74509,4.0608],[117.74724,4.06324],[117.74723,4.06325],[117.74851,4.06478],[117.74855,4.06476],[117.74865,4.06471],[117.74875,4.06468],[117.74885,4.06464],[117.74896,4.06461],[117.74906,4.06458],[117.74916,4.06455],[117.74927,4.06451],[117.74937,4.06448],[117.74947,4.06444],[117.74957,4.06441],[117.74968,4.06437],[117.74978,4.06434],[117.74988,4.06431],[117.74999,4.06429],[117.75,4.06429],[117.75009,4.06427],[117.7502,4.06425],[117.75031,4.06423],[117.75041,4.06421],[117.75052,4.06419],[117.75062,4.06416],[117.75073,4.06414],[117.75084,4.06412],[117.75094,4.0641],[117.75105,4.06408],[117.75115,4.06406],[117.75126,4.06403],[117.75135,4.06399],[117.75144,4.06392],[117.75153,4.06386],[117.75162,4.0638],[117.75171,4.06374],[117.7518,4.06368],[117.75189,4.06361],[117.75197,4.06355],[117.75203,4.0635],[117.75085,4.06215],[117.74515,4.05437],[117.73868,4.0533],[117.73862,4.05337],[117.73808,4.05333],[117.73689,4.05387],[117.73582,4.05449],[117.73483,4.05486],[117.73427,4.05512],[117.73268,4.05586],[117.73383,4.05665],[117.73518,4.05656],[117.7359,4.05678],[117.73588,4.0568],[117.7344,4.05887],[117.73395,4.05854],[117.7339,4.05817],[117.7337,4.05794],[117.73359,4.05836],[117.73375,4.05859],[117.73352,4.05914],[117.73294,4.05864],[117.73323,4.05817],[117.7327,4.05791],[117.73256,4.05739],[117.73196,4.0573],[117.73198,4.05641],[117.73152,4.05597],[117.73134,4.0566],[117.73058,4.05672],[117.7297,4.05646],[117.72842,4.05665],[117.72762,4.05636],[117.72678,4.05629],[117.72797,4.05981],[117.72797,4.05982],[117.72906,4.06133],[117.72966,4.06095],[117.72976,4.06129],[117.72969,4.06173],[117.72962,4.06215],[117.72974,4.06274],[117.72908,4.06277],[117.72911,4.06321],[117.72981,4.06317],[117.72984,4.06467],[117.72984,4.06627],[117.72971,4.06738],[117.7295,4.06829],[117.72941,4.06875],[117.72964,4.06943],[117.73004,4.07014],[117.73066,4.07074],[117.7314,4.07123],[117.73211,4.07159],[117.73285,4.07181],[117.73321,4.07204],[117.73412,4.07296],[117.73456,4.07352],[117.73499,4.07398],[117.73565,4.07481],[117.73566,4.0748],[117.73575,4.07475],[117.73585,4.07469],[117.73594,4.07463],[117.73603,4.07458],[117.73612,4.07452],[117.73622,4.07446],[117.73631,4.07441],[117.7364,4.07435],[117.73649,4.07429],[117.73658,4.07423],[117.73667,4.07416],[117.73676,4.0741],[117.73685,4.07404],[117.73694,4.07398],[117.73702,4.07392],[117.73711,4.07386],[117.7372,4.0738],[117.73729,4.07374],[117.73738,4.07368],[117.73747,4.07362],[117.73756,4.07356],[117.73765,4.0735],[117.73774,4.07344],[117.73783,4.07337],[117.73792,4.07331],[117.73801,4.07325],[117.7381,4.07319],[117.73819,4.07313],[117.73828,4.07307],[117.73837,4.07301],[117.73846,4.07295],[117.73855,4.07289],[117.73864,4.07283],[117.73873,4.07277],[117.73882,4.07271],[117.73891,4.07265],[117.739,4.07259],[117.7391,4.07254],[117.73919,4.07249],[117.73929,4.07244],[117.73938,4.07239],[117.73948,4.07234],[117.73957,4.07229],[117.73967,4.07224],[117.73977,4.07219],[117.73986,4.07214],[117.73996,4.07209],[117.74005,4.07204],[117.74015,4.07199],[117.74025,4.07194],[117.74034,4.07189],[117.74044,4.07184],[117.74053,4.07179],[117.74062,4.07172],[117.74071,4.07166],[117.7408,4.0716],[117.74089,4.07154],[117.74097,4.07147],[117.74106,4.07141],[117.74115,4.07135],[117.74124,4.07129],[117.74133,4.07122],[117.74142,4.07116],[117.7415,4.0711],[117.74159,4.07104],[117.74168,4.07097],[117.74177,4.07091],[117.74186,4.07085],[117.74195,4.07079],[117.74203,4.07072],[117.74212,4.07066],[117.74221,4.07059],[117.74229,4.07053],[117.74238,4.07046],[117.74246,4.07039],[117.74254,4.07031],[117.74262,4.07024],[117.74269,4.07016],[117.74277,4.07009],[117.74285,4.07001],[117.74293,4.06994],[117.743,4.06986],[117.74308,4.06979],[117.74316,4.06971],[117.74324,4.06964],[117.74332,4.06956],[117.74339,4.06949],[117.74347,4.06941],[117.74355,4.06933],[117.74363,4.06926],[117.7437,4.06918],[117.74378,4.06911],[117.74385,4.06903],[117.74393,4.06895],[117.74401,4.06887],[117.74408,4.0688],[117.74416,4.06872],[117.74423,4.06864],[117.74431,4.06856],[117.74439,4.06849],[117.74446,4.06841],[117.74454,4.06833],[117.74461,4.06825],[117.74468,4.06817],[117.74475,4.06808],[117.74482,4.068],[117.74489,4.06792],[117.74496,4.06784],[117.74503,4.06775],[117.7451,4.06767],[117.74517,4.06759],[117.74524,4.0675],[117.74531,4.06742],[117.74538,4.06734],[117.74545,4.06726],[117.74552,4.06718],[117.7456,4.0671],[117.74568,4.06703],[117.74575,4.06695],[117.74583,4.06687],[117.7459,4.06679],[117.74598,4.06672],[117.74606,4.06664],[117.74613,4.06656],[117.74621,4.06649],[117.74629,4.06641],[117.74636,4.06633],[117.74644,4.06626],[117.74652,4.06618],[117.7466,4.06611],[117.74668,4.06604],[117.74712,4.06569],[117.7457,4.06439],[117.7457,4.06439],[117.74551,4.06427]]]]},"properties":{"kdprov":"65","kdkab":"04","kdkec":"110","kddesa":"002","kdsls":"0006","idsls":"65041100020006","nmprov":"KALIMANTAN UTARA","nmkab":"NUNUKAN","nmkec":"NUNUKAN SELATAN","nmdesa":"MANSAPA","nmsls":"RT 006 RW 002"}},{"type":"Feature","geometry":{"type":"MultiPolygon","coordinates":[[[[117.73732,4.03693],[117.73714,4.03703],[117.73689,4.0371],[117.73666,4.03706],[117.7365,4.03693],[117.73638,4.03676],[117.73609,4.03674],[117.73591,4.0368],[117.73591,4.03697],[117.73593,4.0375],[117.73582,4.03771],[117.73568,4.03802],[117.73556,4.03832],[117.73548,4.03857],[117.73545,4.03874],[117.73529,4.03876],[117.73511,4.03866],[117.73488,4.03852],[117.73463,4.03844],[117.73436,4.0384],[117.73415,4.03846],[117.73394,4.0386],[117.73378,4.03863],[117.73366,4.03856],[117.73361,4.03845],[117.73367,4.03826],[117.73378,4.03814],[117.73384,4.03802],[117.73378,4.03792],[117.73363,4.03788],[117.73341,4.03782],[117.73329,4.03779],[117.73324,4.03769],[117.73323,4.03759],[117.73346,4.03732],[117.73362,4.03718],[117.73381,4.03708],[117.73404,4.03702],[117.73414,4.03701],[117.73415,4.03693],[117.7341,4.03682],[117.73399,4.03666],[117.73394,4.03658],[117.73378,4.03656],[117.73354,4.03657],[117.73331,4.03657],[117.73317,4.03656],[117.73306,4.03647],[117.73302,4.03643],[117.73293,4.03637],[117.73283,4.03624],[117.73279,4.03611],[117.73272,4.03614],[117.73267,4.0362],[117.73267,4.03634],[117.73267,4.03647],[117.73256,4.03655],[117.73246,4.03662],[117.73221,4.03664],[117.73217,4.03658],[117.73206,4.03647],[117.73193,4.03634],[117.73184,4.03624],[117.73152,4.03578],[117.73137,4.03547],[117.73123,4.03512],[117.73113,4.0347],[117.73108,4.03455],[117.73105,4.03459],[117.73087,4.03476],[117.73082,4.03515],[117.73091,4.03535],[117.73103,4.03579],[117.73102,4.03618],[117.73088,4.03662],[117.73075,4.03684],[117.73051,4.03703],[117.73017,4.03696],[117.72986,4.03678],[117.72979,4.03659],[117.72954,4.03628],[117.72911,4.03615],[117.72858,4.03619],[117.72827,4.03646],[117.72788,4.03667],[117.7276,4.03667],[117.72745,4.03666],[117.72727,4.0366],[117.72779,4.03773],[117.72774,4.03798],[117.72759,4.0383],[117.72724,4.03885],[117.72704,4.03921],[117.72686,4.03934],[117.72656,4.0394],[117.72749,4.03989],[117.72783,4.0401],[117.7287,4.04084],[117.72894,4.04136],[117.72958,4.0421],[117.7297,4.04243],[117.73004,4.04305],[117.73026,4.04335],[117.73046,4.04365],[117.73085,4.04411],[117.73155,4.04479],[117.73235,4.04554],[117.73343,4.04567],[117.73664,4.04691],[117.7375,4.04732],[117.73739,4.04614],[117.73736,4.04576],[117.73734,4.04539],[117.73735,4.04526],[117.73733,4.04519],[117.73731,4.04505],[117.73727,4.04489],[117.73723,4.04481],[117.73719,4.04476],[117.73713,4.04475],[117.73707,4.04472],[117.737,4.04467],[117.7369,4.04459],[117.73678,4.04449],[117.73666,4.04434],[117.7365,4.04415],[117.73635,4.04401],[117.73616,4.04388],[117.736,4.04378],[117.73578,4.04369],[117.7357,4.04363],[117.73561,4.04353],[117.73551,4.04337],[117.73543,4.04323],[117.7354,4.04314],[117.73539,4.04306],[117.73543,4.04299],[117.73546,4.0429],[117.73548,4.0428],[117.73546,4.04271],[117.73544,4.04262],[117.73539,4.04259],[117.73526,4.04256],[117.73505,4.04254],[117.73513,4.04251],[117.7352,4.04246],[117.73526,4.04241],[117.73532,4.04235],[117.73538,4.04229],[117.73543,4.04223],[117.73547,4.04216],[117.73551,4.04208],[117.73554,4.04201],[117.73576,4.04156],[117.73606,4.04083],[117.73628,4.04024],[117.73635,4.04005],[117.73642,4.03984],[117.73647,4.03976],[117.73651,4.0397],[117.73655,4.03964],[117.73659,4.03959],[117.73664,4.03955],[117.7367,4.03951],[117.73676,4.03947],[117.73682,4.03944],[117.73691,4.0394],[117.73702,4.03935],[117.7372,4.03928],[117.73734,4.03921],[117.73745,4.03916],[117.73763,4.03906],[117.73767,4.03902],[117.73771,4.03898],[117.73774,4.03893],[117.73776,4.03888],[117.73778,4.03883],[117.7378,4.03878],[117.73781,4.03872],[117.73781,4.03867],[117.7378,4.03861],[117.73774,4.03836],[117.73768,4.03814],[117.73758,4.03779],[117.73749,4.03747],[117.73741,4.03719],[117.73732,4.03693]]]]},"properties":{"kdprov":"65","kdkab":"04","kdkec":"110","kddesa":"001","kdsls":"0013","idsls":"65041100010013","nmprov":"KALIMANTAN UTARA","nmkab":"NUNUKAN","nmkec":"NUNUKAN SELATAN","nmdesa":"TANJUNG HARAPAN","nmsls":"RT 013 RW 001"}},{"type":"Feature","geometry":{"type":"MultiPolygon","coordinates":[[[[117.70002,4.07983],[117.70268,4.08119],[117.70348,4.08122],[117.70437,4.08112],[117.70455,4.08138],[117.70456,4.08095],[117.70503,4.08037],[117.70582,4.08065],[117.70603,4.08107],[117.70802,4.08124],[117.70835,4.08096],[117.70807,4.0803],[117.71054,4.08007],[117.71033,4.08138],[117.71107,4.08141],[117.71253,4.08148],[117.71286,4.08131],[117.71315,4.08129],[117.71333,4.0811],[117.71253,4.0805],[117.71303,4.07974],[117.71104,4.07864],[117.70559,4.07735],[117.70535,4.07733],[117.70511,4.07677],[117.70486,4.07631],[117.70461,4.07614],[117.70373,4.07655],[117.7026,4.07655],[117.70237,4.07607],[117.70255,4.07568],[117.70295,4.07529],[117.7029,4.07502],[117.7028,4.07486],[117.7024,4.07471],[117.70237,4.07342],[117.70204,4.07322],[117.70161,4.07309],[117.7009,4.0732],[117.70011,4.07322],[117.69982,4.07297],[117.69981,4.0727],[117.69982,4.07268],[117.69994,4.07239],[117.69985,4.07206],[117.6995,4.07194],[117.69939,4.07178],[117.69931,4.0713],[117.69956,4.07085],[117.69994,4.07051],[117.70023,4.07021],[117.70028,4.06989],[117.69987,4.06957],[117.69897,4.06944],[117.69845,4.06937],[117.69542,4.06894],[117.6953,4.06901],[117.69526,4.06905],[117.69433,4.06901],[117.69366,4.06899],[117.69324,4.06885],[117.69264,4.06853],[117.69203,4.06841],[117.69133,4.06886],[117.69099,4.06858],[117.69072,4.06885],[117.69008,4.06898],[117.68985,4.0692],[117.68904,4.06931],[117.68899,4.06932],[117.68879,4.07097],[117.68853,4.07163],[117.68887,4.07305],[117.68888,4.07387],[117.6891,4.07444],[117.68907,4.07546],[117.68937,4.07598],[117.68986,4.07682],[117.69031,4.07744],[117.69032,4.07745],[117.69041,4.07777],[117.69072,4.07785],[117.69142,4.0787],[117.69144,4.07887],[117.69168,4.07891],[117.69195,4.07896],[117.69223,4.07934],[117.69237,4.07991],[117.69248,4.08025],[117.69268,4.08041],[117.69299,4.0804],[117.69334,4.08033],[117.69333,4.07982],[117.69412,4.07974],[117.69417,4.08],[117.69464,4.08007],[117.69473,4.07991],[117.69483,4.07977],[117.69494,4.07975],[117.69504,4.07986],[117.69508,4.07998],[117.69512,4.08016],[117.6952,4.08028],[117.69572,4.08026],[117.69578,4.07954],[117.69607,4.07959],[117.69664,4.07971],[117.69704,4.0798],[117.69804,4.08013],[117.69842,4.08024],[117.6989,4.08035],[117.6996,4.07961],[117.70002,4.07983]]]]},"properties":{"kdprov":"65","kdkab":"04","kdkec":"110","kddesa":"003","kdsls":"0009","idsls":"65041100030009","nmprov":"KALIMANTAN UTARA","nmkab":"NUNUKAN","nmkec":"NUNUKAN SELATAN","nmdesa":"NUNUKAN SELATAN","nmsls":"RT 009 RW 002"}},{"type":"Feature","geometry":{"type":"MultiPolygon","coordinates":[[[[117.6978,4.11392],[117.69654,4.1131],[117.69261,4.10958],[117.69255,4.10952],[117.69175,4.11056],[117.69093,4.11098],[117.69014,4.11184],[117.68933,4.11284],[117.68875,4.11354],[117.68852,4.11377],[117.688,4.11429],[117.68736,4.11498],[117.6872,4.11519],[117.68677,4.11571],[117.68625,4.11609],[117.68628,4.11613],[117.6865,4.11646],[117.68678,4.11696],[117.68717,4.11708],[117.6876,4.1172],[117.6882,4.11742],[117.68903,4.1178],[117.68904,4.11779],[117.68956,4.118],[117.69005,4.11853],[117.69049,4.11901],[117.69203,4.12043],[117.69208,4.12037],[117.69214,4.12028],[117.69221,4.12019],[117.69227,4.12011],[117.69234,4.12002],[117.69241,4.11994],[117.69247,4.11985],[117.69253,4.11976],[117.69259,4.11967],[117.69265,4.11958],[117.69271,4.11948],[117.69277,4.11939],[117.69283,4.1193],[117.69289,4.11921],[117.69501,4.11682],[117.69686,4.11502],[117.69773,4.11404],[117.6978,4.11392]]]]},"properties":{"kdprov":"65","kdkab":"04","kdkec":"110","kddesa":"004","kdsls":"0015","idsls":"65041100040015","nmprov":"KALIMANTAN UTARA","nmkab":"NUNUKAN","nmkec":"NUNUKAN SELATAN","nmdesa":"SELISUN","nmsls":"RT 015 RW 003"}},{"type":"Feature","geometry":{"type":"MultiPolygon","coordinates":[[[[117.69736,4.10531],[117.69752,4.10539],[117.69913,4.1049],[117.69957,4.10445],[117.70052,4.10416],[117.70084,4.10568],[117.7009,4.10586],[117.70138,4.10588],[117.70128,4.10641],[117.70157,4.10676],[117.70143,4.10697],[117.70124,4.10729],[117.70115,4.10743],[117.70191,4.10817],[117.70199,4.1081],[117.70207,4.10802],[117.70215,4.10794],[117.70222,4.10787],[117.70229,4.10779],[117.70237,4.10771],[117.70244,4.10763],[117.70251,4.10755],[117.70259,4.10747],[117.70266,4.10739],[117.70274,4.10731],[117.70281,4.10723],[117.70288,4.10715],[117.70296,4.10707],[117.70303,4.10699],[117.70311,4.10691],[117.70318,4.10683],[117.70325,4.10676],[117.70333,4.10668],[117.7034,4.1066],[117.70348,4.10652],[117.70355,4.10644],[117.70362,4.10636],[117.70369,4.10628],[117.70376,4.10619],[117.70383,4.10611],[117.7039,4.10602],[117.70396,4.10594],[117.70403,4.10585],[117.7041,4.10577],[117.70417,4.10569],[117.70424,4.1056],[117.7043,4.10552],[117.70437,4.10543],[117.70444,4.10535],[117.70451,4.10526],[117.70458,4.10518],[117.70465,4.1051],[117.70472,4.10502],[117.70479,4.10494],[117.70486,4.10485],[117.70493,4.10477],[117.705,4.10469],[117.70507,4.10461],[117.70514,4.10452],[117.70522,4.10444],[117.70529,4.10436],[117.70536,4.10428],[117.70543,4.1042],[117.7055,4.10411],[117.70557,4.10403],[117.70564,4.10395],[117.70571,4.10387],[117.70578,4.10378],[117.70585,4.1037],[117.70591,4.10361],[117.70597,4.10352],[117.70604,4.10344],[117.7061,4.10335],[117.70616,4.10326],[117.70623,4.10317],[117.70629,4.10308],[117.70635,4.103],[117.70642,4.10291],[117.70648,4.10282],[117.70653,4.10273],[117.70659,4.10263],[117.70664,4.10253],[117.70669,4.10244],[117.70674,4.10234],[117.70679,4.10225],[117.70684,4.10215],[117.7069,4.10206],[117.70695,4.10196],[117.707,4.10187],[117.70705,4.10177],[117.70712,4.10169],[117.70718,4.1016],[117.70725,4.10152],[117.70732,4.10143],[117.70738,4.10135],[117.70745,4.10126],[117.70752,4.10118],[117.70759,4.10109],[117.70765,4.10101],[117.70767,4.10099],[117.707,4.1005],[117.70199,4.09787],[117.70118,4.099],[117.70059,4.09965],[117.7001,4.10007],[117.69991,4.10045],[117.6998,4.10148],[117.69973,4.10169],[117.69958,4.102],[117.6993,4.10241],[117.69914,4.10257],[117.69901,4.10275],[117.69891,4.10288],[117.69879,4.10305],[117.69854,4.10341],[117.69844,4.10364],[117.69835,4.10388],[117.6982,4.10416],[117.69782,4.10478],[117.69767,4.10501],[117.69736,4.10531]]]]},"properties":{"kdprov":"65","kdkab":"04","kdkec":"110","kddesa":"003","kdsls":"0007","idsls":"65041100030007","nmprov":"KALIMANTAN UTARA","nmkab":"NUNUKAN","nmkec":"NUNUKAN SELATAN","nmdesa":"NUNUKAN SELATAN","nmsls":"RT 007 RW 002"}},{"type":"Feature","geometry":{"type":"MultiPolygon","coordinates":[[[[117.68904,4.09412],[117.68751,4.09511],[117.68726,4.09478],[117.68715,4.09457],[117.68708,4.09452],[117.68688,4.0942],[117.68783,4.09362],[117.68823,4.09334],[117.68865,4.09329],[117.68937,4.09207],[117.68943,4.09088],[117.68901,4.08925],[117.68909,4.08842],[117.68859,4.08565],[117.68789,4.08451],[117.68788,4.08449],[117.68794,4.08404],[117.68767,4.08387],[117.68754,4.08379],[117.68751,4.08381],[117.68745,4.08376],[117.68748,4.08374],[117.68738,4.08368],[117.68598,4.08278],[117.68413,4.08291],[117.68191,4.08308],[117.68058,4.07904],[117.68132,4.07293],[117.68183,4.06995],[117.68184,4.06989],[117.68184,4.06989],[117.68004,4.06947],[117.67824,4.06905],[117.66842,4.06905],[117.66515,4.06871],[117.66515,4.06934],[117.66499,4.07022],[117.66482,4.07081],[117.66445,4.0714],[117.66424,4.0719],[117.66407,4.07232],[117.6637,4.07287],[117.66315,4.07342],[117.66305,4.07352],[117.66261,4.07392],[117.66215,4.07455],[117.66174,4.07535],[117.66132,4.07632],[117.66097,4.07714],[117.66476,4.07899],[117.67273,4.09688],[117.67293,4.09731],[117.67325,4.09746],[117.67368,4.09761],[117.6742,4.09773],[117.67458,4.09781],[117.67497,4.09795],[117.67521,4.09833],[117.67532,4.09879],[117.67534,4.09883],[117.67561,4.09911],[117.67602,4.09913],[117.67674,4.09911],[117.67704,4.09912],[117.67729,4.09924],[117.6776,4.09935],[117.6781,4.09917],[117.67853,4.09917],[117.67905,4.09928],[117.67935,4.09944],[117.68008,4.09961],[117.68062,4.0998],[117.68133,4.09992],[117.68141,4.09991],[117.6814,4.09971],[117.68174,4.09968],[117.68176,4.09989],[117.68186,4.09988],[117.68238,4.09983],[117.68263,4.1],[117.68308,4.10053],[117.68347,4.10094],[117.6838,4.10094],[117.68414,4.10106],[117.68451,4.10131],[117.68474,4.10178],[117.68494,4.10239],[117.68489,4.10302],[117.68492,4.10342],[117.68531,4.10361],[117.68595,4.10426],[117.68649,4.10484],[117.68686,4.10561],[117.68712,4.10654],[117.68712,4.10655],[117.68707,4.10723],[117.68692,4.10762],[117.6866,4.10793],[117.68641,4.1084],[117.68648,4.10878],[117.6868,4.10892],[117.68715,4.10925],[117.68717,4.10926],[117.68761,4.10976],[117.68789,4.11035],[117.68816,4.11138],[117.68843,4.11199],[117.6887,4.11272],[117.68872,4.11295],[117.68863,4.11323],[117.68846,4.11359],[117.68852,4.11377],[117.68875,4.11354],[117.68933,4.11284],[117.69014,4.11184],[117.69093,4.11098],[117.69175,4.11056],[117.69255,4.10952],[117.69254,4.10951],[117.69131,4.10792],[117.69106,4.1071],[117.69128,4.10653],[117.69137,4.10629],[117.69038,4.10364],[117.69003,4.10317],[117.68992,4.10257],[117.68989,4.1021],[117.68978,4.10124],[117.68946,4.10021],[117.6893,4.09932],[117.68921,4.09878],[117.6896,4.09775],[117.68956,4.09707],[117.68934,4.0963],[117.68985,4.09546],[117.68993,4.09457],[117.68993,4.09457],[117.68904,4.09412]]]]},"properties":{"kdprov":"65","kdkab":"04","kdkec":"110","kddesa":"004","kdsls":"0011","idsls":"65041100040011","nmprov":"KALIMANTAN UTARA","nmkab":"NUNUKAN","nmkec":"NUNUKAN SELATAN","nmdesa":"SELISUN","nmsls":"RT 011 RW 003"}},{"type":"Feature","geometry":{"type":"MultiPolygon","coordinates":[[[[117.65918,4.10721],[117.66266,4.10624],[117.6633,4.10901],[117.66363,4.10877],[117.66443,4.10862],[117.66533,4.10847],[117.66623,4.10836],[117.6665,4.10851],[117.66676,4.10876],[117.66715,4.10891],[117.66773,4.10781],[117.66868,4.10727],[117.66933,4.10784],[117.67006,4.10819],[117.67034,4.10869],[117.67071,4.10916],[117.67133,4.10938],[117.67219,4.10985],[117.67364,4.11063],[117.67457,4.11071],[117.67539,4.11107],[117.67604,4.11152],[117.67666,4.11188],[117.67742,4.11188],[117.67861,4.11232],[117.67876,4.11225],[117.68202,4.11351],[117.68399,4.11458],[117.68399,4.11461],[117.68533,4.11483],[117.68693,4.11454],[117.6872,4.11519],[117.68736,4.11498],[117.688,4.11429],[117.68852,4.11377],[117.68846,4.11359],[117.68863,4.11323],[117.68872,4.11295],[117.6887,4.11272],[117.68843,4.11199],[117.68816,4.11138],[117.68789,4.11035],[117.68761,4.10976],[117.68717,4.10926],[117.68715,4.10925],[117.6868,4.10892],[117.68648,4.10878],[117.68641,4.1084],[117.6866,4.10793],[117.68692,4.10762],[117.68707,4.10723],[117.68712,4.10655],[117.68712,4.10654],[117.68686,4.10561],[117.68649,4.10484],[117.68595,4.10426],[117.68531,4.10361],[117.68492,4.10342],[117.68489,4.10302],[117.68494,4.10239],[117.68474,4.10178],[117.68451,4.10131],[117.68414,4.10106],[117.6838,4.10094],[117.68347,4.10094],[117.68308,4.10053],[117.68263,4.1],[117.68238,4.09983],[117.68186,4.09988],[117.68176,4.09989],[117.68174,4.09968],[117.6814,4.09971],[117.68141,4.09991],[117.68133,4.09992],[117.68062,4.0998],[117.68008,4.09961],[117.67935,4.09944],[117.67905,4.09928],[117.67853,4.09917],[117.6781,4.09917],[117.6776,4.09935],[117.67729,4.09924],[117.67704,4.09912],[117.67674,4.09911],[117.67602,4.09913],[117.67561,4.09911],[117.67534,4.09883],[117.67532,4.09879],[117.67521,4.09833],[117.67497,4.09795],[117.67458,4.09781],[117.6742,4.09773],[117.67368,4.09761],[117.67325,4.09746],[117.67293,4.09731],[117.67273,4.09688],[117.66476,4.07899],[117.66097,4.07714],[117.66091,4.07729],[117.66053,4.07813],[117.65999,4.0788],[117.65928,4.07922],[117.65882,4.07939],[117.65823,4.07944],[117.65737,4.07942],[117.65689,4.07956],[117.65646,4.07983],[117.656,4.08027],[117.65573,4.08059],[117.65552,4.08086],[117.65522,4.08113],[117.65477,4.08143],[117.65442,4.08165],[117.65437,4.08167],[117.65396,4.08184],[117.65356,4.08195],[117.65351,4.08198],[117.65333,4.0821],[117.65331,4.08211],[117.65302,4.08233],[117.65267,4.08247],[117.65251,4.08279],[117.65245,4.08309],[117.65246,4.0836],[117.65248,4.08395],[117.65232,4.08474],[117.65208,4.0852],[117.65195,4.08555],[117.65182,4.08585],[117.65179,4.08609],[117.65179,4.08639],[117.65182,4.08682],[117.65193,4.08766],[117.65199,4.08828],[117.65199,4.08882],[117.65196,4.08944],[117.65196,4.08971],[117.65191,4.08998],[117.6518,4.09017],[117.65159,4.09042],[117.65124,4.09071],[117.65089,4.09099],[117.65052,4.09132],[117.6511,4.09168],[117.6523,4.09241],[117.65446,4.09396],[117.65461,4.09419],[117.65399,4.09728],[117.65375,4.09849],[117.65485,4.10042],[117.6559,4.10225],[117.65754,4.10512],[117.65777,4.10574],[117.65793,4.10616],[117.65815,4.10676],[117.6583,4.10716],[117.65842,4.10748],[117.65918,4.10721]]]]},"properties":{"kdprov":"65","kdkab":"04","kdkec":"110","kddesa":"004","kdsls":"0012","idsls":"65041100040012","nmprov":"KALIMANTAN UTARA","nmkab":"NUNUKAN","nmkec":"NUNUKAN SELATAN","nmdesa":"SELISUN","nmsls":"RT 012 RW 003"}},{"type":"Feature","geometry":{"type":"MultiPolygon","coordinates":[[[[117.67177,4.12167],[117.67498,4.11992],[117.67763,4.12243],[117.67799,4.12222],[117.67884,4.12157],[117.67948,4.12102],[117.68031,4.11975],[117.68095,4.11886],[117.68127,4.11856],[117.68204,4.11775],[117.68263,4.11706],[117.68342,4.11615],[117.68396,4.11568],[117.68413,4.11581],[117.68453,4.11614],[117.68509,4.11632],[117.68537,4.11631],[117.68569,4.11629],[117.68625,4.11609],[117.68677,4.11571],[117.6872,4.11519],[117.68693,4.11454],[117.68533,4.11483],[117.68399,4.11461],[117.68399,4.11458],[117.68202,4.11351],[117.67876,4.11225],[117.67861,4.11232],[117.67742,4.11188],[117.67666,4.11188],[117.67604,4.11152],[117.67539,4.11107],[117.67457,4.11071],[117.67364,4.11063],[117.67219,4.10985],[117.67133,4.10938],[117.67071,4.10916],[117.67034,4.10869],[117.67006,4.10819],[117.66933,4.10784],[117.66868,4.10727],[117.66876,4.109],[117.66874,4.10983],[117.66861,4.11023],[117.6675,4.11806],[117.67018,4.12367],[117.67097,4.12336],[117.67077,4.12189],[117.67177,4.12167]]]]},"properties":{"kdprov":"65","kdkab":"04","kdkec":"110","kddesa":"004","kdsls":"0010","idsls":"65041100040010","nmprov":"KALIMANTAN UTARA","nmkab":"NUNUKAN","nmkec":"NUNUKAN SELATAN","nmdesa":"SELISUN","nmsls":"RT 010 RW 003"}},{"type":"Feature","geometry":{"type":"MultiPolygon","coordinates":[[[[117.6631,4.11123],[117.6632,4.11137],[117.66329,4.11148],[117.66346,4.11168],[117.66365,4.1119],[117.6639,4.11213],[117.66412,4.11228],[117.66427,4.11244],[117.66445,4.11266],[117.66462,4.11285],[117.6647,4.11298],[117.66478,4.11324],[117.66491,4.11352],[117.66506,4.11367],[117.66531,4.11386],[117.66549,4.11398],[117.66569,4.11422],[117.66574,4.11435],[117.66572,4.11455],[117.66558,4.11473],[117.66538,4.11496],[117.66529,4.11511],[117.66517,4.11532],[117.66501,4.11553],[117.66488,4.11567],[117.66479,4.11581],[117.66473,4.11598],[117.66469,4.11616],[117.66467,4.11638],[117.66469,4.11657],[117.66489,4.11704],[117.66491,4.11718],[117.66496,4.11728],[117.66509,4.11754],[117.66518,4.118],[117.66511,4.11833],[117.66503,4.1185],[117.66489,4.11877],[117.6648,4.11896],[117.66475,4.11912],[117.6646,4.11924],[117.66442,4.11936],[117.66434,4.11946],[117.66419,4.11964],[117.6633,4.12043],[117.66325,4.12047],[117.66314,4.12054],[117.66287,4.12065],[117.66268,4.12073],[117.66243,4.1208],[117.66206,4.12084],[117.66183,4.12092],[117.66166,4.12106],[117.66159,4.12119],[117.66156,4.12132],[117.66154,4.12148],[117.66152,4.12161],[117.6615,4.12175],[117.66149,4.12189],[117.66149,4.12202],[117.66151,4.12216],[117.66156,4.12232],[117.66164,4.12244],[117.66174,4.1226],[117.66285,4.12504],[117.66253,4.12558],[117.66266,4.12572],[117.66276,4.12583],[117.66287,4.12581],[117.66298,4.12581],[117.6631,4.12581],[117.66321,4.12582],[117.66332,4.12584],[117.66343,4.12586],[117.66354,4.12589],[117.66365,4.12593],[117.66376,4.12597],[117.66386,4.12602],[117.66396,4.12607],[117.66406,4.12613],[117.66415,4.1262],[117.66424,4.12627],[117.66432,4.12635],[117.6644,4.12643],[117.66448,4.12651],[117.66455,4.12661],[117.66461,4.1267],[117.66467,4.1268],[117.66472,4.1269],[117.66476,4.12701],[117.6648,4.12711],[117.66484,4.12722],[117.66486,4.12733],[117.66488,4.12745],[117.66489,4.12756],[117.6649,4.12767],[117.6649,4.12779],[117.66489,4.1279],[117.66488,4.12802],[117.66486,4.12813],[117.66514,4.12844],[117.66545,4.12877],[117.66648,4.1299],[117.66657,4.13],[117.66658,4.12978],[117.66665,4.12968],[117.66674,4.12952],[117.66688,4.12939],[117.66699,4.12943],[117.66707,4.12955],[117.6672,4.12954],[117.66721,4.12936],[117.66721,4.12932],[117.66728,4.12912],[117.6673,4.12899],[117.66731,4.12886],[117.66716,4.12877],[117.66718,4.12869],[117.66753,4.12858],[117.66768,4.12849],[117.66794,4.12844],[117.66815,4.12859],[117.66847,4.12895],[117.6686,4.12915],[117.6686,4.12938],[117.66861,4.12967],[117.66882,4.1301],[117.6692,4.13083],[117.66964,4.13163],[117.66946,4.13192],[117.66913,4.13235],[117.66891,4.13241],[117.66905,4.13277],[117.66911,4.13312],[117.66899,4.13309],[117.66874,4.13301],[117.66839,4.13301],[117.66799,4.133],[117.66764,4.13304],[117.66761,4.13306],[117.66762,4.13314],[117.6679,4.13362],[117.66852,4.13544],[117.66852,4.13544],[117.66854,4.13549],[117.66891,4.1352],[117.66945,4.13477],[117.67168,4.13264],[117.67168,4.13261],[117.67167,4.13206],[117.67129,4.13155],[117.67183,4.13081],[117.67229,4.13043],[117.67266,4.12981],[117.67269,4.12977],[117.67241,4.12962],[117.67211,4.1294],[117.67195,4.12924],[117.67174,4.12908],[117.67164,4.12899],[117.67157,4.12886],[117.67151,4.12873],[117.67145,4.12854],[117.67136,4.12844],[117.67116,4.12837],[117.67128,4.12798],[117.6716,4.12718],[117.67164,4.12656],[117.67164,4.12655],[117.67126,4.12464],[117.6711,4.12385],[117.67097,4.12336],[117.67018,4.12367],[117.6675,4.11806],[117.66861,4.11023],[117.66874,4.10983],[117.66876,4.109],[117.66868,4.10727],[117.66773,4.10781],[117.66715,4.10891],[117.66676,4.10876],[117.6665,4.10851],[117.66623,4.10836],[117.66533,4.10847],[117.66443,4.10862],[117.66363,4.10877],[117.6633,4.10901],[117.66324,4.10957],[117.66333,4.11025],[117.66327,4.11088],[117.6631,4.11123]]]]},"properties":{"kdprov":"65","kdkab":"04","kdkec":"110","kddesa":"004","kdsls":"0001","idsls":"65041100040001","nmprov":"KALIMANTAN UTARA","nmkab":"NUNUKAN","nmkec":"NUNUKAN SELATAN","nmdesa":"SELISUN","nmsls":"RT 001 RW 001"}},{"type":"Feature","geometry":{"type":"MultiPolygon","coordinates":[[[[117.69203,4.12043],[117.69049,4.11901],[117.69005,4.11853],[117.68956,4.118],[117.68904,4.11779],[117.68903,4.1178],[117.6882,4.11742],[117.6876,4.1172],[117.68717,4.11708],[117.68678,4.11696],[117.6865,4.11646],[117.68628,4.11613],[117.68625,4.11609],[117.68569,4.11629],[117.68537,4.11631],[117.68509,4.11632],[117.68453,4.11614],[117.68413,4.11581],[117.68396,4.11568],[117.68342,4.11615],[117.68263,4.11706],[117.68204,4.11775],[117.68127,4.11856],[117.68095,4.11886],[117.68031,4.11975],[117.67948,4.12102],[117.67884,4.12157],[117.67799,4.12222],[117.67763,4.12243],[117.68188,4.12396],[117.68233,4.12392],[117.68299,4.12368],[117.68404,4.12321],[117.68605,4.12378],[117.68569,4.12251],[117.68569,4.1225],[117.68541,4.1214],[117.68555,4.12103],[117.68587,4.12068],[117.68633,4.12058],[117.6867,4.12091],[117.68696,4.12231],[117.68705,4.12351],[117.68747,4.12397],[117.68793,4.12435],[117.68795,4.12433],[117.68803,4.12426],[117.68811,4.12419],[117.68819,4.12411],[117.68827,4.12404],[117.68835,4.12397],[117.68843,4.1239],[117.68851,4.12382],[117.6886,4.12375],[117.68868,4.12368],[117.68876,4.12361],[117.68884,4.12353],[117.68892,4.12346],[117.689,4.12339],[117.68908,4.12332],[117.68916,4.12325],[117.68925,4.12318],[117.68933,4.12311],[117.68941,4.12304],[117.6895,4.12298],[117.68958,4.12291],[117.68967,4.12284],[117.68975,4.12277],[117.68984,4.12271],[117.68992,4.12264],[117.69001,4.12257],[117.69009,4.1225],[117.69018,4.12243],[117.69026,4.12237],[117.69034,4.1223],[117.69043,4.12223],[117.69051,4.12216],[117.69058,4.12208],[117.69066,4.122],[117.69073,4.12192],[117.6908,4.12184],[117.69088,4.12176],[117.69095,4.12168],[117.69103,4.12161],[117.6911,4.12153],[117.69117,4.12145],[117.69125,4.12137],[117.69132,4.12129],[117.6914,4.12121],[117.69147,4.12113],[117.69154,4.12105],[117.69161,4.12097],[117.69168,4.12088],[117.69175,4.1208],[117.69181,4.12071],[117.69188,4.12062],[117.69194,4.12054],[117.69201,4.12045],[117.69203,4.12043]]]]},"properties":{"kdprov":"65","kdkab":"04","kdkec":"110","kddesa":"004","kdsls":"0009","idsls":"65041100040009","nmprov":"KALIMANTAN UTARA","nmkab":"NUNUKAN","nmkec":"NUNUKAN SELATAN","nmdesa":"SELISUN","nmsls":"RT 009 RW 003"}},{"type":"Feature","geometry":{"type":"MultiPolygon","coordinates":[[[[117.67116,4.12837],[117.67136,4.12844],[117.67145,4.12854],[117.67151,4.12873],[117.67157,4.12886],[117.67164,4.12899],[117.67174,4.12908],[117.67195,4.12924],[117.67211,4.1294],[117.67241,4.12962],[117.67269,4.12977],[117.67289,4.12954],[117.67312,4.12931],[117.67344,4.12899],[117.67366,4.12873],[117.67409,4.12823],[117.67448,4.12774],[117.67493,4.12718],[117.67548,4.12653],[117.67587,4.12604],[117.67615,4.12564],[117.67623,4.12542],[117.67621,4.1252],[117.67616,4.12495],[117.67606,4.1247],[117.67603,4.12445],[117.67604,4.12442],[117.67608,4.1242],[117.67616,4.12387],[117.67632,4.12348],[117.67651,4.12311],[117.6767,4.12288],[117.67711,4.12265],[117.67763,4.12243],[117.67498,4.11992],[117.67177,4.12167],[117.67077,4.12189],[117.67097,4.12336],[117.6711,4.12385],[117.67126,4.12464],[117.67164,4.12655],[117.67164,4.12656],[117.6716,4.12718],[117.67128,4.12798],[117.67116,4.12837]]]]},"properties":{"kdprov":"65","kdkab":"04","kdkec":"110","kddesa":"004","kdsls":"0005","idsls":"65041100040005","nmprov":"KALIMANTAN UTARA","nmkab":"NUNUKAN","nmkec":"NUNUKAN SELATAN","nmdesa":"SELISUN","nmsls":"RT 005 RW 002"}},{"type":"Feature","geometry":{"type":"MultiPolygon","coordinates":[[[[117.68793,4.12435],[117.68747,4.12397],[117.68705,4.12351],[117.68696,4.12231],[117.6867,4.12091],[117.68633,4.12058],[117.68587,4.12068],[117.68555,4.12103],[117.68541,4.1214],[117.68569,4.1225],[117.68569,4.12251],[117.68605,4.12378],[117.68679,4.12476],[117.68712,4.12513],[117.68717,4.12508],[117.68724,4.125],[117.68732,4.12492],[117.68739,4.12485],[117.68747,4.12477],[117.68755,4.1247],[117.68763,4.12462],[117.68771,4.12455],[117.68779,4.12448],[117.68787,4.1244],[117.68793,4.12435]]]]},"properties":{"kdprov":"65","kdkab":"04","kdkec":"110","kddesa":"004","kdsls":"0008","idsls":"65041100040008","nmprov":"KALIMANTAN UTARA","nmkab":"NUNUKAN","nmkec":"NUNUKAN SELATAN","nmdesa":"SELISUN","nmsls":"RT 008 RW 002"}},{"type":"Feature","geometry":{"type":"MultiPolygon","coordinates":[[[[117.6849,4.12798],[117.68497,4.1279],[117.68504,4.12781],[117.68511,4.12773],[117.68518,4.12765],[117.68525,4.12757],[117.68532,4.12748],[117.68539,4.1274],[117.68545,4.12731],[117.68551,4.12722],[117.68558,4.12714],[117.68564,4.12705],[117.68571,4.12696],[117.68577,4.12687],[117.68584,4.12679],[117.68585,4.12678],[117.6859,4.1267],[117.68596,4.12661],[117.68603,4.12653],[117.68609,4.12644],[117.68611,4.12642],[117.68616,4.12635],[117.68622,4.12626],[117.68629,4.12618],[117.68635,4.12609],[117.68641,4.126],[117.68648,4.12591],[117.68654,4.12583],[117.68661,4.12574],[117.68668,4.12566],[117.68675,4.12558],[117.68682,4.12549],[117.68689,4.12541],[117.68696,4.12533],[117.68703,4.12524],[117.6871,4.12516],[117.68712,4.12513],[117.68679,4.12476],[117.68605,4.12378],[117.68404,4.12321],[117.68299,4.12368],[117.68233,4.12392],[117.68188,4.12396],[117.67763,4.12243],[117.67711,4.12265],[117.6767,4.12288],[117.67651,4.12311],[117.67632,4.12348],[117.67616,4.12387],[117.67608,4.1242],[117.67604,4.12442],[117.67606,4.12443],[117.67758,4.12531],[117.67898,4.12675],[117.67955,4.12857],[117.67973,4.12825],[117.67991,4.12812],[117.68003,4.1283],[117.68019,4.12776],[117.6804,4.12787],[117.68056,4.12803],[117.68156,4.12913],[117.68204,4.12965],[117.68265,4.13032],[117.68273,4.13025],[117.68281,4.13018],[117.68289,4.1301],[117.68297,4.13003],[117.68305,4.12996],[117.68313,4.12988],[117.68321,4.12981],[117.68329,4.12974],[117.68337,4.12966],[117.68344,4.12958],[117.68352,4.12951],[117.6836,4.12943],[117.68367,4.12935],[117.68375,4.12927],[117.68382,4.1292],[117.6839,4.12912],[117.68397,4.12904],[117.68405,4.12896],[117.68412,4.12888],[117.68419,4.1288],[117.68426,4.12872],[117.68433,4.12863],[117.6844,4.12855],[117.68447,4.12847],[117.68454,4.12839],[117.68461,4.12831],[117.68469,4.12822],[117.68476,4.12814],[117.68483,4.12806],[117.6849,4.12798]],[[117.68107,4.12777],[117.68112,4.12761],[117.68067,4.12746],[117.68069,4.12735],[117.68089,4.12667],[117.6811,4.12616],[117.68126,4.12628],[117.68128,4.12614],[117.68131,4.12596],[117.68131,4.12572],[117.68175,4.12594],[117.68204,4.12613],[117.68266,4.12641],[117.6826,4.12654],[117.68213,4.1271],[117.68199,4.12728],[117.68181,4.12755],[117.68159,4.12794],[117.68107,4.12777]]]]},"properties":{"kdprov":"65","kdkab":"04","kdkec":"110","kddesa":"004","kdsls":"0007","idsls":"65041100040007","nmprov":"KALIMANTAN UTARA","nmkab":"NUNUKAN","nmkec":"NUNUKAN SELATAN","nmdesa":"SELISUN","nmsls":"RT 007 RW 002"}},{"type":"Feature","geometry":{"type":"MultiPolygon","coordinates":[[[[117.68156,4.12913],[117.68056,4.12803],[117.6804,4.12787],[117.68019,4.12776],[117.68003,4.1283],[117.67991,4.12812],[117.67973,4.12825],[117.67955,4.12857],[117.67898,4.12675],[117.67758,4.12531],[117.67606,4.12443],[117.67604,4.12442],[117.67603,4.12445],[117.67606,4.1247],[117.67616,4.12495],[117.67621,4.1252],[117.67623,4.12542],[117.67615,4.12564],[117.67587,4.12604],[117.67548,4.12653],[117.67493,4.12718],[117.67448,4.12774],[117.67409,4.12823],[117.67366,4.12873],[117.67344,4.12899],[117.67312,4.12931],[117.67289,4.12954],[117.67269,4.12977],[117.67266,4.12981],[117.6767,4.13522],[117.67709,4.1357],[117.67757,4.13518],[117.67851,4.13409],[117.67917,4.13324],[117.67919,4.13323],[117.67928,4.13317],[117.67937,4.13311],[117.67945,4.13304],[117.67954,4.13298],[117.67963,4.13291],[117.67969,4.13282],[117.67975,4.13274],[117.67982,4.13265],[117.67988,4.13256],[117.67994,4.13247],[117.68,4.13238],[117.68006,4.13229],[117.68012,4.1322],[117.68017,4.13211],[117.68023,4.13201],[117.68027,4.13195],[117.68083,4.13132],[117.68094,4.13122],[117.68103,4.13118],[117.68113,4.13114],[117.68122,4.13109],[117.68132,4.13104],[117.68142,4.131],[117.68152,4.13095],[117.68161,4.1309],[117.68171,4.13086],[117.68181,4.13081],[117.68191,4.13076],[117.682,4.13071],[117.68209,4.13065],[117.68219,4.1306],[117.68228,4.13054],[117.68237,4.13049],[117.68247,4.13044],[117.68256,4.13038],[117.68265,4.13032],[117.68265,4.13032],[117.68204,4.12965],[117.68156,4.12913]]]]},"properties":{"kdprov":"65","kdkab":"04","kdkec":"110","kddesa":"004","kdsls":"0006","idsls":"65041100040006","nmprov":"KALIMANTAN UTARA","nmkab":"NUNUKAN","nmkec":"NUNUKAN SELATAN","nmdesa":"SELISUN","nmsls":"RT 006 RW 002"}},{"type":"Feature","geometry":{"type":"MultiPolygon","coordinates":[[[[117.66761,4.13306],[117.66764,4.13304],[117.66799,4.133],[117.66839,4.13301],[117.66874,4.13301],[117.66899,4.13309],[117.66911,4.13312],[117.66905,4.13277],[117.66891,4.13241],[117.66913,4.13235],[117.66946,4.13192],[117.66964,4.13163],[117.6692,4.13083],[117.66882,4.1301],[117.66861,4.12967],[117.6686,4.12938],[117.6686,4.12915],[117.66847,4.12895],[117.66815,4.12859],[117.66794,4.12844],[117.66768,4.12849],[117.66753,4.12858],[117.66718,4.12869],[117.66716,4.12877],[117.66731,4.12886],[117.6673,4.12899],[117.66728,4.12912],[117.66721,4.12932],[117.66721,4.12936],[117.6672,4.12954],[117.66707,4.12955],[117.66699,4.12943],[117.66688,4.12939],[117.66674,4.12952],[117.66665,4.12968],[117.66658,4.12978],[117.66657,4.13],[117.66707,4.13055],[117.66708,4.13062],[117.66714,4.13086],[117.66726,4.13141],[117.66741,4.13207],[117.66742,4.13216],[117.66752,4.13257],[117.66753,4.13263],[117.66761,4.13306]]]]},"properties":{"kdprov":"65","kdkab":"04","kdkec":"110","kddesa":"004","kdsls":"0013","idsls":"65041100040013","nmprov":"KALIMANTAN UTARA","nmkab":"NUNUKAN","nmkec":"NUNUKAN SELATAN","nmdesa":"SELISUN","nmsls":"RT 013 RW 001"}},{"type":"Feature","geometry":{"type":"MultiPolygon","coordinates":[[[[117.67709,4.1357],[117.6767,4.13522],[117.67266,4.12981],[117.67229,4.13043],[117.67183,4.13081],[117.67129,4.13155],[117.67167,4.13206],[117.67168,4.13261],[117.67168,4.13264],[117.66945,4.13477],[117.66891,4.1352],[117.66927,4.13539],[117.66956,4.13561],[117.66976,4.13575],[117.66999,4.13588],[117.67051,4.13601],[117.67082,4.13612],[117.67096,4.13635],[117.67105,4.13677],[117.67118,4.13689],[117.67154,4.13722],[117.67188,4.13766],[117.67208,4.13785],[117.67245,4.13801],[117.67272,4.13813],[117.67295,4.13816],[117.67314,4.13803],[117.67338,4.13796],[117.67351,4.13805],[117.67369,4.13841],[117.67407,4.13912],[117.67408,4.13908],[117.67416,4.13888],[117.67422,4.13872],[117.67516,4.13741],[117.67617,4.1366],[117.67649,4.13634],[117.67709,4.1357]]]]},"properties":{"kdprov":"65","kdkab":"04","kdkec":"110","kddesa":"004","kdsls":"0004","idsls":"65041100040004","nmprov":"KALIMANTAN UTARA","nmkab":"NUNUKAN","nmkec":"NUNUKAN SELATAN","nmdesa":"SELISUN","nmsls":"RT 004 RW 001"}},{"type":"Feature","geometry":{"type":"MultiPolygon","coordinates":[[[[117.67209,4.14108],[117.67155,4.14057],[117.67134,4.14029],[117.67108,4.13966],[117.67081,4.13925],[117.67041,4.13886],[117.6703,4.13872],[117.66969,4.13789],[117.66927,4.13726],[117.66943,4.13656],[117.66951,4.13618],[117.66956,4.13561],[117.66927,4.13539],[117.66891,4.1352],[117.66854,4.13549],[117.66804,4.13594],[117.66848,4.13646],[117.66844,4.1367],[117.66792,4.13691],[117.66795,4.13722],[117.66817,4.13773],[117.66847,4.13803],[117.66877,4.13842],[117.66872,4.13872],[117.66872,4.13913],[117.66864,4.13949],[117.66865,4.13996],[117.66898,4.14041],[117.66888,4.14078],[117.66874,4.14104],[117.66892,4.14132],[117.66893,4.14135],[117.66905,4.14181],[117.66922,4.14232],[117.66927,4.14239],[117.6694,4.14257],[117.6694,4.14257],[117.66968,4.14297],[117.67018,4.14333],[117.67115,4.1422],[117.67209,4.14108]]]]},"properties":{"kdprov":"65","kdkab":"04","kdkec":"110","kddesa":"004","kdsls":"0002","idsls":"65041100040002","nmprov":"KALIMANTAN UTARA","nmkab":"NUNUKAN","nmkec":"NUNUKAN SELATAN","nmdesa":"SELISUN","nmsls":"RT 002 RW 001"}},{"type":"Feature","geometry":{"type":"MultiPolygon","coordinates":[[[[117.67407,4.13912],[117.67369,4.13841],[117.67351,4.13805],[117.67338,4.13796],[117.67314,4.13803],[117.67295,4.13816],[117.67272,4.13813],[117.67245,4.13801],[117.67208,4.13785],[117.67188,4.13766],[117.67154,4.13722],[117.67118,4.13689],[117.67105,4.13677],[117.67096,4.13635],[117.67082,4.13612],[117.67051,4.13601],[117.66999,4.13588],[117.66976,4.13575],[117.66956,4.13561],[117.66951,4.13618],[117.66943,4.13656],[117.66927,4.13726],[117.66969,4.13789],[117.6703,4.13872],[117.67041,4.13886],[117.67081,4.13925],[117.67108,4.13966],[117.67134,4.14029],[117.67155,4.14057],[117.67209,4.14108],[117.6732,4.13975],[117.67339,4.13964],[117.6736,4.13954],[117.67379,4.13941],[117.67391,4.13933],[117.67404,4.1392],[117.67407,4.13912]]]]},"properties":{"kdprov":"65","kdkab":"04","kdkec":"110","kddesa":"004","kdsls":"0003","idsls":"65041100040003","nmprov":"KALIMANTAN UTARA","nmkab":"NUNUKAN","nmkec":"NUNUKAN SELATAN","nmdesa":"SELISUN","nmsls":"RT 003 RW 001"}},{"type":"Feature","geometry":{"type":"MultiPolygon","coordinates":[[[[117.68131,4.12572],[117.68131,4.12596],[117.68128,4.12614],[117.68126,4.12628],[117.6811,4.12616],[117.68089,4.12667],[117.68069,4.12735],[117.68067,4.12746],[117.68112,4.12761],[117.68107,4.12777],[117.68159,4.12794],[117.68181,4.12755],[117.68199,4.12728],[117.68213,4.1271],[117.6826,4.12654],[117.68266,4.12641],[117.68204,4.12613],[117.68175,4.12594],[117.68131,4.12572]]]]},"properties":{"kdprov":"65","kdkab":"04","kdkec":"110","kddesa":"004","kdsls":"0014","idsls":"65041100040014","nmprov":"KALIMANTAN UTARA","nmkab":"NUNUKAN","nmkec":"NUNUKAN SELATAN","nmdesa":"SELISUN","nmsls":"RT 014 RW 002"}},{"type":"Feature","geometry":{"type":"MultiPolygon","coordinates":[[[[117.74552,4.03666],[117.74535,4.03604],[117.74445,4.0328],[117.74403,4.03233],[117.74277,4.03351],[117.74242,4.03386],[117.74227,4.03404],[117.74224,4.03406],[117.74221,4.03409],[117.74219,4.03413],[117.74217,4.03417],[117.74216,4.03421],[117.74213,4.03433],[117.74212,4.03437],[117.7421,4.0344],[117.74208,4.03443],[117.74205,4.03446],[117.74202,4.03448],[117.74185,4.03457],[117.74203,4.03476],[117.74172,4.03495],[117.74174,4.03498],[117.74175,4.0351],[117.74169,4.03513],[117.74164,4.03514],[117.74119,4.03498],[117.74112,4.03497],[117.74105,4.03496],[117.74099,4.03496],[117.74092,4.03496],[117.74067,4.035],[117.74069,4.03515],[117.74043,4.03522],[117.74042,4.03535],[117.74042,4.03545],[117.7404,4.03557],[117.74057,4.03562],[117.74061,4.03565],[117.74063,4.03567],[117.74068,4.03563],[117.74071,4.0356],[117.74074,4.03558],[117.74078,4.03555],[117.74082,4.03556],[117.74085,4.03558],[117.74087,4.0356],[117.7409,4.03565],[117.74092,4.03568],[117.74095,4.03571],[117.741,4.03579],[117.74105,4.03585],[117.74111,4.03593],[117.74121,4.03601],[117.74134,4.03611],[117.74145,4.0362],[117.74153,4.03629],[117.74172,4.03649],[117.74179,4.03661],[117.74188,4.03679],[117.74199,4.03706],[117.74201,4.0372],[117.74203,4.03732],[117.74207,4.03743],[117.7422,4.03773],[117.74325,4.03739],[117.74415,4.03711],[117.74441,4.037],[117.74552,4.03666]]]]},"properties":{"kdprov":"65","kdkab":"04","kdkec":"110","kddesa":"001","kdsls":"0011","idsls":"65041100010011","nmprov":"KALIMANTAN UTARA","nmkab":"NUNUKAN","nmkec":"NUNUKAN SELATAN","nmdesa":"TANJUNG HARAPAN","nmsls":"RT 011 RW 001"}},{"type":"Feature","geometry":{"type":"MultiPolygon","coordinates":[[[[117.74851,4.06478],[117.74723,4.06325],[117.74724,4.06324],[117.74509,4.0608],[117.7437,4.06318],[117.74543,4.06423],[117.74539,4.06433],[117.74547,4.06436],[117.74551,4.06427],[117.7457,4.06439],[117.7457,4.06439],[117.74712,4.06569],[117.74728,4.06557],[117.74736,4.0655],[117.74745,4.06544],[117.74753,4.06537],[117.74762,4.0653],[117.74771,4.06525],[117.7478,4.0652],[117.7479,4.06514],[117.74799,4.06509],[117.74809,4.06503],[117.74818,4.06498],[117.74827,4.06492],[117.74837,4.06487],[117.74846,4.06482],[117.74851,4.06478]]]]},"properties":{"kdprov":"65","kdkab":"04","kdkec":"110","kddesa":"002","kdsls":"0008","idsls":"65041100020008","nmprov":"KALIMANTAN UTARA","nmkab":"NUNUKAN","nmkec":"NUNUKAN SELATAN","nmdesa":"MANSAPA","nmsls":"RT 008 RW 002"}},{"type":"Feature","geometry":{"type":"MultiPolygon","coordinates":[[[[117.72607,3.99573],[117.72609,3.99396],[117.72548,3.99349],[117.72456,3.99304],[117.7238,3.99265],[117.72324,3.99248],[117.72269,3.99257],[117.72216,3.99252],[117.72178,3.9923],[117.7214,3.99223],[117.72097,3.99235],[117.72039,3.99253],[117.71981,3.99274],[117.71941,3.99307],[117.71869,3.99337],[117.71848,3.99392],[117.71808,3.9943],[117.71771,3.99461],[117.71753,3.99489],[117.71744,3.99501],[117.71727,3.99495],[117.71715,3.99476],[117.7169,3.99475],[117.71677,3.99481],[117.71658,3.99476],[117.71652,3.99466],[117.7164,3.99466],[117.71623,3.99483],[117.716,3.99522],[117.71564,3.99547],[117.715,3.99576],[117.71478,3.99608],[117.71465,3.9965],[117.71466,3.99705],[117.71446,3.99756],[117.71422,3.9979],[117.71116,3.99979],[117.70884,4.00136],[117.70693,4.00296],[117.66321,4.03941],[117.6633,4.0395],[117.66347,4.03973],[117.66353,4.0399],[117.66363,4.04009],[117.6638,4.0404],[117.66385,4.04073],[117.66386,4.041],[117.66386,4.04144],[117.66386,4.04169],[117.66386,4.04193],[117.66393,4.04208],[117.66411,4.04223],[117.66425,4.04238],[117.66442,4.04267],[117.66449,4.04289],[117.66449,4.0431],[117.66447,4.0433],[117.66439,4.04361],[117.66428,4.04383],[117.66417,4.04398],[117.664,4.04411],[117.6638,4.04419],[117.66353,4.0443],[117.66331,4.04436],[117.66292,4.0445],[117.66258,4.0447],[117.66215,4.04512],[117.66186,4.04542],[117.66153,4.04587],[117.66133,4.04619],[117.66116,4.04653],[117.66111,4.04685],[117.6611,4.04717],[117.66111,4.04739],[117.66111,4.04775],[117.66117,4.04812],[117.66121,4.04852],[117.66121,4.04885],[117.66117,4.04906],[117.66099,4.04958],[117.66077,4.05011],[117.66045,4.05073],[117.6603,4.0512],[117.66028,4.05142],[117.66026,4.05171],[117.66028,4.05193],[117.66029,4.05212],[117.66028,4.05229],[117.6602,4.0525],[117.66014,4.0527],[117.66017,4.0529],[117.66023,4.05309],[117.6603,4.05332],[117.66034,4.05357],[117.66035,4.05381],[117.66035,4.05408],[117.66038,4.05432],[117.66047,4.05454],[117.66063,4.05473],[117.66078,4.05495],[117.66096,4.05517],[117.66117,4.0554],[117.66136,4.05555],[117.66156,4.05568],[117.66176,4.05576],[117.66201,4.05584],[117.66213,4.05591],[117.66229,4.05603],[117.66241,4.05613],[117.66251,4.05625],[117.66268,4.05637],[117.66344,4.05704],[117.66407,4.0583],[117.66453,4.05955],[117.66459,4.05978],[117.66631,4.06024],[117.66967,4.05832],[117.67063,4.05688],[117.67231,4.05568],[117.67662,4.0564],[117.67801,4.05728],[117.67902,4.05424],[117.67782,4.05041],[117.67423,4.04369],[117.67375,4.04009],[117.67471,4.03794],[117.68046,4.0353],[117.6855,4.03506],[117.69005,4.03842],[117.69101,4.03842],[117.69317,4.0377],[117.69629,4.03554],[117.70324,4.0317],[117.70684,4.0293],[117.71203,4.02524],[117.71256,4.02503],[117.71322,4.0247],[117.71363,4.02456],[117.71401,4.02429],[117.71433,4.02391],[117.71499,4.02336],[117.71518,4.02315],[117.71526,4.02291],[117.71537,4.02248],[117.71537,4.02228],[117.71547,4.02199],[117.71562,4.0218],[117.71601,4.02149],[117.71651,4.02125],[117.71668,4.02126],[117.71686,4.0214],[117.71712,4.02157],[117.71729,4.02169],[117.71752,4.02164],[117.71779,4.02152],[117.7181,4.0211],[117.71835,4.02067],[117.71862,4.02031],[117.71877,4.02008],[117.71895,4.01961],[117.71942,4.01894],[117.72017,4.0182],[117.72072,4.01763],[117.7208,4.01709],[117.72112,4.01656],[117.72159,4.01625],[117.72204,4.01608],[117.72276,4.01595],[117.72276,4.01577],[117.72265,4.01524],[117.72247,4.01473],[117.72195,4.0143],[117.72298,4.01353],[117.72351,4.01329],[117.72433,4.0129],[117.72563,4.01218],[117.72656,4.01162],[117.72969,4.01013],[117.72785,4.00567],[117.72617,4.0002],[117.72607,3.99573]]]]},"properties":{"kdprov":"65","kdkab":"04","kdkec":"110","kddesa":"001","kdsls":"0004","idsls":"65041100010004","nmprov":"KALIMANTAN UTARA","nmkab":"NUNUKAN","nmkec":"NUNUKAN SELATAN","nmdesa":"TANJUNG HARAPAN","nmsls":"RT 004 RW 002"}},{"type":"Feature","geometry":{"type":"MultiPolygon","coordinates":[[[[117.70771,3.99368],[117.71796,3.98334],[117.71353,3.9823],[117.70993,3.98076],[117.70657,3.98023],[117.70416,3.97977],[117.70244,3.98267],[117.70099,3.98532],[117.70013,3.98697],[117.69748,3.98942],[117.692,3.99926],[117.69165,4.00007],[117.69172,4.00097],[117.6914,4.00149],[117.6911,4.0019],[117.69071,4.00236],[117.69037,4.00278],[117.69008,4.003],[117.68918,4.00304],[117.6888,4.00298],[117.68852,4.00313],[117.68833,4.00374],[117.68847,4.00419],[117.68868,4.00467],[117.68867,4.00495],[117.68838,4.0053],[117.68784,4.00564],[117.68738,4.00596],[117.68699,4.0061],[117.68661,4.00649],[117.6863,4.0085],[117.68566,4.01029],[117.68515,4.01214],[117.70398,3.99588],[117.70722,3.99398],[117.70771,3.99368]]]]},"properties":{"kdprov":"65","kdkab":"04","kdkec":"110","kddesa":"001","kdsls":"0008","idsls":"65041100010008","nmprov":"KALIMANTAN UTARA","nmkab":"NUNUKAN","nmkec":"NUNUKAN SELATAN","nmdesa":"TANJUNG HARAPAN","nmsls":"RT 008 RW 002"}},{"type":"Feature","geometry":{"type":"MultiPolygon","coordinates":[[[[117.6993,4.10241],[117.69719,4.10076],[117.69651,4.10121],[117.69616,4.10028],[117.69621,4.10009],[117.69541,4.09982],[117.69541,4.09946],[117.69491,4.09927],[117.69477,4.09896],[117.6938,4.09892],[117.69376,4.09869],[117.69387,4.09823],[117.69377,4.09825],[117.69353,4.09839],[117.6932,4.09866],[117.69304,4.09835],[117.69315,4.0972],[117.69303,4.09684],[117.69245,4.09665],[117.69253,4.09593],[117.6923,4.09535],[117.6918,4.09455],[117.69124,4.09419],[117.691,4.09423],[117.69042,4.09426],[117.69011,4.09437],[117.68993,4.09457],[117.68993,4.09457],[117.68985,4.09546],[117.68934,4.0963],[117.68956,4.09707],[117.6896,4.09775],[117.68921,4.09878],[117.6893,4.09932],[117.68946,4.10021],[117.68978,4.10124],[117.68989,4.1021],[117.68992,4.10257],[117.69003,4.10317],[117.69038,4.10364],[117.69137,4.10629],[117.69128,4.10653],[117.69106,4.1071],[117.69131,4.10792],[117.69254,4.10951],[117.69255,4.10952],[117.69261,4.10958],[117.69324,4.10879],[117.69382,4.10813],[117.69434,4.10717],[117.69442,4.10704],[117.69455,4.1068],[117.69477,4.10649],[117.69493,4.10633],[117.69515,4.10621],[117.6956,4.10603],[117.69574,4.10599],[117.69617,4.10584],[117.69653,4.10571],[117.69713,4.10548],[117.69736,4.10531],[117.69767,4.10501],[117.69782,4.10478],[117.6982,4.10416],[117.69835,4.10388],[117.69844,4.10364],[117.69854,4.10341],[117.69879,4.10305],[117.69891,4.10288],[117.69901,4.10275],[117.69914,4.10257],[117.6993,4.10241]]]]},"properties":{"kdprov":"65","kdkab":"04","kdkec":"110","kddesa":"003","kdsls":"0008","idsls":"65041100030008","nmprov":"KALIMANTAN UTARA","nmkab":"NUNUKAN","nmkec":"NUNUKAN SELATAN","nmdesa":"NUNUKAN SELATAN","nmsls":"RT 008 RW 002"}},{"type":"Feature","geometry":{"type":"MultiPolygon","coordinates":[[[[117.70191,4.10817],[117.70115,4.10743],[117.70124,4.10729],[117.70143,4.10697],[117.70157,4.10676],[117.70128,4.10641],[117.70138,4.10588],[117.7009,4.10586],[117.70084,4.10568],[117.70052,4.10416],[117.69957,4.10445],[117.69913,4.1049],[117.69752,4.10539],[117.69736,4.10531],[117.69713,4.10548],[117.69653,4.10571],[117.69617,4.10584],[117.69574,4.10599],[117.6956,4.10603],[117.69515,4.10621],[117.69493,4.10633],[117.69477,4.10649],[117.69455,4.1068],[117.69442,4.10704],[117.69434,4.10717],[117.69382,4.10813],[117.69324,4.10879],[117.69261,4.10958],[117.69654,4.1131],[117.6978,4.11392],[117.69844,4.11296],[117.6994,4.1114],[117.70191,4.10817]]]]},"properties":{"kdprov":"65","kdkab":"04","kdkec":"110","kddesa":"003","kdsls":"0007","idsls":"65041100030007","nmprov":"KALIMANTAN UTARA","nmkab":"NUNUKAN","nmkec":"NUNUKAN SELATAN","nmdesa":"NUNUKAN SELATAN","nmsls":"RT 007 RW 002"}},{"type":"Feature","geometry":{"type":"MultiPolygon","coordinates":[[[[117.70987,4.08985],[117.70979,4.09004],[117.70896,4.09173],[117.70847,4.09278],[117.70805,4.09453],[117.70794,4.09525],[117.70746,4.09564],[117.70671,4.09561],[117.70483,4.09552],[117.70484,4.0956],[117.70462,4.09567],[117.70427,4.09577],[117.70352,4.09607],[117.703,4.09652],[117.70277,4.0968],[117.70253,4.09715],[117.70199,4.09787],[117.707,4.1005],[117.70767,4.10099],[117.70772,4.10092],[117.7078,4.10084],[117.70787,4.10076],[117.70794,4.10068],[117.70801,4.1006],[117.70808,4.10051],[117.70815,4.10043],[117.70822,4.10035],[117.70829,4.10027],[117.70836,4.10019],[117.70843,4.1001],[117.7085,4.10002],[117.70857,4.09994],[117.70864,4.09986],[117.70871,4.09977],[117.70878,4.09969],[117.70885,4.09961],[117.70892,4.09953],[117.70899,4.09944],[117.70906,4.09936],[117.70913,4.09928],[117.7092,4.0992],[117.70927,4.09911],[117.70935,4.09903],[117.70942,4.09895],[117.70949,4.09887],[117.70956,4.09878],[117.70963,4.0987],[117.70969,4.09861],[117.70975,4.09852],[117.70981,4.09843],[117.70987,4.09834],[117.70994,4.09826],[117.71,4.09817],[117.71006,4.09808],[117.71012,4.09799],[117.71018,4.0979],[117.71025,4.09781],[117.71031,4.09772],[117.71037,4.09763],[117.71043,4.09754],[117.7105,4.09746],[117.71057,4.09738],[117.71065,4.0973],[117.71072,4.09722],[117.71079,4.09714],[117.71086,4.09706],[117.71093,4.09697],[117.71101,4.09689],[117.71108,4.09681],[117.71115,4.09673],[117.71122,4.09665],[117.71129,4.09657],[117.71136,4.09649],[117.71144,4.09641],[117.71151,4.09633],[117.71158,4.09625],[117.71165,4.09616],[117.71173,4.09608],[117.7118,4.096],[117.71187,4.09592],[117.71191,4.09588],[117.71194,4.09584],[117.71201,4.09576],[117.71209,4.09568],[117.71216,4.0956],[117.71223,4.09552],[117.7123,4.09544],[117.71238,4.09536],[117.71245,4.09528],[117.71252,4.0952],[117.71259,4.09512],[117.71267,4.09504],[117.71274,4.09496],[117.71282,4.09488],[117.7129,4.09481],[117.71297,4.09473],[117.71305,4.09465],[117.71313,4.09458],[117.7132,4.0945],[117.71328,4.09442],[117.71336,4.09435],[117.71343,4.09427],[117.71351,4.09419],[117.71359,4.09412],[117.71367,4.09405],[117.71375,4.09398],[117.71384,4.09391],[117.71387,4.09389],[117.71271,4.09273],[117.71188,4.09172],[117.70987,4.08985]]]]},"properties":{"kdprov":"65","kdkab":"04","kdkec":"110","kddesa":"003","kdsls":"0006","idsls":"65041100030006","nmprov":"KALIMANTAN UTARA","nmkab":"NUNUKAN","nmkec":"NUNUKAN SELATAN","nmdesa":"NUNUKAN SELATAN","nmsls":"RT 006 RW 002"}},{"type":"Feature","geometry":{"type":"MultiPolygon","coordinates":[[[[117.71033,4.08138],[117.71124,4.08488],[117.71133,4.08496],[117.71141,4.08485],[117.71171,4.08451],[117.71209,4.08425],[117.71249,4.08413],[117.71307,4.0841],[117.71351,4.08411],[117.714,4.08413],[117.71451,4.08419],[117.71479,4.08425],[117.71524,4.0844],[117.71537,4.08448],[117.71557,4.08455],[117.71593,4.08469],[117.71633,4.08456],[117.71682,4.08444],[117.71726,4.08437],[117.71771,4.08285],[117.71786,4.08245],[117.71824,4.08223],[117.71829,4.08218],[117.71854,4.08181],[117.71814,4.08159],[117.71784,4.08197],[117.71515,4.08087],[117.71486,4.08075],[117.71303,4.07974],[117.71253,4.0805],[117.71333,4.0811],[117.71315,4.08129],[117.71286,4.08131],[117.71253,4.08148],[117.71107,4.08141],[117.71033,4.08138]]]]},"properties":{"kdprov":"65","kdkab":"04","kdkec":"110","kddesa":"003","kdsls":"0003","idsls":"65041100030003","nmprov":"KALIMANTAN UTARA","nmkab":"NUNUKAN","nmkec":"NUNUKAN SELATAN","nmdesa":"NUNUKAN SELATAN","nmsls":"RT 003 RW 001"}},{"type":"Feature","geometry":{"type":"MultiPolygon","coordinates":[[[[117.72294,4.08617],[117.72285,4.08605],[117.72272,4.08587],[117.72245,4.08552],[117.72235,4.08532],[117.72228,4.08525],[117.72211,4.08507],[117.72203,4.08495],[117.72198,4.08486],[117.72189,4.08472],[117.72191,4.08455],[117.722,4.08441],[117.71829,4.08218],[117.71824,4.08223],[117.71786,4.08245],[117.71771,4.08285],[117.71726,4.08437],[117.71767,4.08439],[117.71816,4.08451],[117.7185,4.08474],[117.71885,4.0849],[117.71915,4.0852],[117.71956,4.08538],[117.72004,4.08539],[117.72063,4.0854],[117.72076,4.08553],[117.72094,4.08576],[117.72118,4.08621],[117.72138,4.08633],[117.72142,4.08671],[117.72179,4.08711],[117.72203,4.08693],[117.72281,4.08629],[117.72294,4.08617]]]]},"properties":{"kdprov":"65","kdkab":"04","kdkec":"110","kddesa":"003","kdsls":"0002","idsls":"65041100030002","nmprov":"KALIMANTAN UTARA","nmkab":"NUNUKAN","nmkec":"NUNUKAN SELATAN","nmdesa":"NUNUKAN SELATAN","nmsls":"RT 002 RW 001"}},{"type":"Feature","geometry":{"type":"MultiPolygon","coordinates":[[[[117.71647,4.09166],[117.7161,4.09108],[117.71576,4.09036],[117.71602,4.08988],[117.71657,4.08964],[117.71653,4.08956],[117.71627,4.0893],[117.71618,4.08894],[117.71631,4.08868],[117.71633,4.0885],[117.71609,4.08796],[117.71593,4.08788],[117.71583,4.08749],[117.71558,4.08697],[117.71526,4.08672],[117.71484,4.08667],[117.7145,4.08691],[117.71417,4.08714],[117.71384,4.08712],[117.71334,4.08731],[117.7119,4.08438],[117.71171,4.08451],[117.71141,4.08485],[117.71133,4.08496],[117.71125,4.08508],[117.71107,4.08554],[117.71081,4.08618],[117.71066,4.08656],[117.71041,4.08728],[117.71048,4.08781],[117.71046,4.08801],[117.71046,4.08804],[117.7104,4.08829],[117.71026,4.08871],[117.71003,4.08939],[117.70988,4.08982],[117.70986,4.08985],[117.71188,4.09172],[117.71271,4.09273],[117.71387,4.09389],[117.71392,4.09384],[117.714,4.09377],[117.71409,4.0937],[117.71417,4.09364],[117.71425,4.09357],[117.71434,4.0935],[117.71442,4.09343],[117.7145,4.09336],[117.71459,4.09329],[117.71467,4.09322],[117.71475,4.09315],[117.71484,4.09308],[117.71492,4.09301],[117.715,4.09294],[117.71509,4.09287],[117.71517,4.0928],[117.71525,4.09273],[117.71533,4.09266],[117.71541,4.09259],[117.7155,4.09252],[117.71558,4.09245],[117.71566,4.09237],[117.71574,4.0923],[117.71582,4.09223],[117.7159,4.09216],[117.71598,4.09209],[117.71606,4.09201],[117.71614,4.09194],[117.71622,4.09187],[117.71631,4.0918],[117.71639,4.09173],[117.71647,4.09166]]]]},"properties":{"kdprov":"65","kdkab":"04","kdkec":"110","kddesa":"003","kdsls":"0001","idsls":"65041100030001","nmprov":"KALIMANTAN UTARA","nmkab":"NUNUKAN","nmkec":"NUNUKAN SELATAN","nmdesa":"NUNUKAN SELATAN","nmsls":"RT 001 RW 001"}},{"type":"Feature","geometry":{"type":"MultiPolygon","coordinates":[[[[117.71562,4.08706],[117.71564,4.08706],[117.71633,4.08716],[117.71654,4.08696],[117.71686,4.08668],[117.71753,4.08624],[117.71781,4.0861],[117.71811,4.08594],[117.71824,4.08569],[117.71842,4.0858],[117.71853,4.08572],[117.71891,4.08554],[117.71907,4.08566],[117.7191,4.08559],[117.71932,4.08527],[117.71915,4.0852],[117.71885,4.0849],[117.7185,4.08474],[117.71816,4.08451],[117.71767,4.08439],[117.71726,4.08437],[117.71682,4.08444],[117.71633,4.08456],[117.71593,4.08469],[117.71557,4.08455],[117.71537,4.08448],[117.71524,4.0844],[117.71479,4.08425],[117.71451,4.08419],[117.714,4.08413],[117.71351,4.08411],[117.71307,4.0841],[117.71249,4.08413],[117.71209,4.08425],[117.7119,4.08438],[117.71334,4.08731],[117.71384,4.08712],[117.71417,4.08714],[117.7145,4.08691],[117.71484,4.08667],[117.71526,4.08672],[117.71558,4.08697],[117.71562,4.08706]]]]},"properties":{"kdprov":"65","kdkab":"04","kdkec":"110","kddesa":"003","kdsls":"0001","idsls":"65041100030001","nmprov":"KALIMANTAN UTARA","nmkab":"NUNUKAN","nmkec":"NUNUKAN SELATAN","nmdesa":"NUNUKAN SELATAN","nmsls":"RT 001 RW 001"}},{"type":"Feature","geometry":{"type":"MultiPolygon","coordinates":[[[[117.72018,4.08539],[117.72041,4.08604],[117.72038,4.08607],[117.72028,4.08615],[117.71981,4.08676],[117.71879,4.08791],[117.71855,4.08791],[117.71814,4.08805],[117.71801,4.08821],[117.71796,4.08838],[117.71804,4.08872],[117.71657,4.08964],[117.71602,4.08988],[117.71576,4.09036],[117.7161,4.09108],[117.71647,4.09166],[117.71655,4.09158],[117.71663,4.09151],[117.71671,4.09144],[117.71679,4.09137],[117.71687,4.0913],[117.71695,4.09122],[117.71703,4.09115],[117.71711,4.09108],[117.71719,4.091],[117.71727,4.09093],[117.71735,4.09086],[117.71743,4.09079],[117.71751,4.09071],[117.71759,4.09064],[117.71768,4.09057],[117.71775,4.09049],[117.71783,4.09041],[117.7179,4.09034],[117.71958,4.08888],[117.72052,4.08811],[117.72113,4.08758],[117.72179,4.08711],[117.72142,4.08671],[117.72138,4.08633],[117.72118,4.08621],[117.72094,4.08576],[117.72076,4.08553],[117.72063,4.0854],[117.72018,4.08539]]]]},"properties":{"kdprov":"65","kdkab":"04","kdkec":"110","kddesa":"003","kdsls":"0001","idsls":"65041100030001","nmprov":"KALIMANTAN UTARA","nmkab":"NUNUKAN","nmkec":"NUNUKAN SELATAN","nmdesa":"NUNUKAN SELATAN","nmsls":"RT 001 RW 001"}},{"type":"Feature","geometry":{"type":"MultiPolygon","coordinates":[[[[117.72256,4.08371],[117.72251,4.08365],[117.72273,4.08338],[117.7226,4.08326],[117.72248,4.08317],[117.72241,4.08329],[117.72236,4.08333],[117.72221,4.08348],[117.72201,4.08342],[117.72195,4.08355],[117.72181,4.08373],[117.72171,4.08386],[117.72205,4.08428],[117.72207,4.08432],[117.72256,4.08371]]]]},"properties":{"kdprov":"65","kdkab":"04","kdkec":"110","kddesa":"002","kdsls":"0001","idsls":"65041100020001","nmprov":"KALIMANTAN UTARA","nmkab":"NUNUKAN","nmkec":"NUNUKAN SELATAN","nmdesa":"MANSAPA","nmsls":"RT 001 RW 001"}}]}