{"type":"FeatureCollection","features":[{"type":"Feature","geometry":{"type":"MultiPolygon","coordinates":[[[[117.83416,4.05627],[117.83418,4.05625],[117.83413,4.05605],[117.83415,4.05573],[117.83418,4.05566],[117.8342,4.05486],[117.83419,4.05487],[117.83411,4.05493],[117.83395,4.05484],[117.8339,4.05468],[117.83389,4.05442],[117.83388,4.05425],[117.83378,4.05407],[117.83357,4.05392],[117.83338,4.05383],[117.83327,4.0537],[117.83328,4.05347],[117.83326,4.0532],[117.83328,4.05294],[117.83033,4.04615],[117.82783,4.04686],[117.82712,4.04736],[117.83073,4.05324],[117.83076,4.05326],[117.83331,4.05643],[117.83331,4.05643],[117.83333,4.05646],[117.83341,4.05656],[117.83351,4.0567],[117.83368,4.05659],[117.83394,4.05642],[117.83416,4.05627]]]]},"properties":{"kdprov":"65","kdkab":"04","kdkec":"120","kddesa":"004","kdsls":"0013","idsls":"65041200040013","nmprov":"KALIMANTAN UTARA","nmkab":"NUNUKAN","nmkec":"SEBATIK BARAT","nmdesa":"SETABU","nmsls":"RT 013"}},{"type":"Feature","geometry":{"type":"MultiPolygon","coordinates":[[[[117.8431,4.04437],[117.84309,4.0436],[117.84308,4.04323],[117.84308,4.04322],[117.8431,4.04319],[117.84326,4.0429],[117.84326,4.04289],[117.84248,4.03575],[117.84065,4.03804],[117.83756,4.04147],[117.83559,4.04319],[117.83412,4.04447],[117.83648,4.04983],[117.83979,4.05392],[117.83981,4.05398],[117.83982,4.05399],[117.84527,4.08493],[117.84585,4.08509],[117.84733,4.09858],[117.85185,4.09858],[117.85185,4.09858],[117.85165,4.09422],[117.85142,4.0903],[117.85105,4.08725],[117.84897,4.08518],[117.8487,4.08469],[117.84863,4.08423],[117.8485,4.08336],[117.84825,4.0818],[117.84773,4.07849],[117.84639,4.06995],[117.84567,4.06536],[117.8437,4.05283],[117.8431,4.04437]]]]},"properties":{"kdprov":"65","kdkab":"04","kdkec":"120","kddesa":"004","kdsls":"0012","idsls":"65041200040012","nmprov":"KALIMANTAN UTARA","nmkab":"NUNUKAN","nmkec":"SEBATIK BARAT","nmdesa":"SETABU","nmsls":"RT 012"}},{"type":"Feature","geometry":{"type":"MultiPolygon","coordinates":[[[[117.84586,4.09988],[117.84652,4.09927],[117.84728,4.09858],[117.84733,4.09858],[117.84585,4.08509],[117.84527,4.08493],[117.83982,4.05399],[117.83981,4.05398],[117.83979,4.05392],[117.83648,4.04983],[117.83412,4.04447],[117.83309,4.04537],[117.83033,4.04615],[117.83328,4.05294],[117.83326,4.0532],[117.83328,4.05347],[117.83327,4.0537],[117.83338,4.05383],[117.83357,4.05392],[117.83378,4.05407],[117.83388,4.05425],[117.83389,4.05442],[117.8339,4.05468],[117.83395,4.05484],[117.83411,4.05493],[117.83419,4.05487],[117.8342,4.05486],[117.83418,4.05566],[117.83415,4.05573],[117.83413,4.05605],[117.83418,4.05625],[117.83416,4.05627],[117.83569,4.05836],[117.83657,4.05887],[117.83709,4.05979],[117.83982,4.06885],[117.83982,4.06885],[117.84585,4.09988],[117.84586,4.09988]]]]},"properties":{"kdprov":"65","kdkab":"04","kdkec":"120","kddesa":"004","kdsls":"0007","idsls":"65041200040007","nmprov":"KALIMANTAN UTARA","nmkab":"NUNUKAN","nmkec":"SEBATIK BARAT","nmdesa":"SETABU","nmsls":"RT 007"}},{"type":"Feature","geometry":{"type":"MultiPolygon","coordinates":[[[[117.84585,4.09988],[117.83982,4.06885],[117.83982,4.06885],[117.83709,4.05979],[117.83657,4.05887],[117.83569,4.05836],[117.83416,4.05627],[117.83394,4.05642],[117.83368,4.05659],[117.83351,4.0567],[117.83341,4.05656],[117.83333,4.05646],[117.83331,4.05643],[117.83331,4.05643],[117.83076,4.05326],[117.83073,4.05324],[117.82712,4.04736],[117.82294,4.05033],[117.82538,4.05344],[117.82634,4.05509],[117.82757,4.0577],[117.82818,4.05869],[117.82825,4.05874],[117.82833,4.05886],[117.82847,4.05909],[117.82862,4.05932],[117.82859,4.0597],[117.82864,4.05999],[117.82877,4.06021],[117.82878,4.06021],[117.83072,4.06341],[117.83091,4.06384],[117.83275,4.06413],[117.83275,4.06414],[117.83293,4.06418],[117.8331,4.06412],[117.83352,4.06425],[117.83359,4.06449],[117.83367,4.06485],[117.83402,4.06642],[117.83408,4.06648],[117.83414,4.06662],[117.83414,4.06685],[117.83414,4.06704],[117.8342,4.06729],[117.83436,4.06753],[117.83442,4.06777],[117.83449,4.06799],[117.83449,4.06825],[117.83455,4.06844],[117.83478,4.06873],[117.83507,4.06911],[117.83512,4.06945],[117.83538,4.06976],[117.83551,4.06989],[117.83627,4.07682],[117.83535,4.07851],[117.83482,4.08086],[117.83484,4.08085],[117.83508,4.08091],[117.83522,4.08103],[117.83548,4.08125],[117.8356,4.0814],[117.83595,4.08167],[117.83636,4.08188],[117.83654,4.08201],[117.83669,4.08219],[117.8369,4.08242],[117.8371,4.0826],[117.83731,4.08272],[117.83747,4.08279],[117.83763,4.08287],[117.83773,4.08301],[117.83776,4.08313],[117.8377,4.08346],[117.8377,4.08361],[117.83768,4.08373],[117.83763,4.08391],[117.83766,4.08421],[117.83767,4.08443],[117.83772,4.08462],[117.83785,4.08488],[117.83795,4.08508],[117.83802,4.08526],[117.83811,4.08553],[117.83819,4.0858],[117.83827,4.08599],[117.83839,4.08614],[117.83851,4.08626],[117.83856,4.08631],[117.83863,4.08644],[117.83864,4.08662],[117.83865,4.08679],[117.83869,4.08694],[117.8387,4.08704],[117.83876,4.08725],[117.83879,4.0874],[117.83827,4.0878],[117.83814,4.08827],[117.8379,4.08864],[117.83747,4.08917],[117.83699,4.08977],[117.84026,4.10497],[117.84585,4.09988]]]]},"properties":{"kdprov":"65","kdkab":"04","kdkec":"120","kddesa":"004","kdsls":"0006","idsls":"65041200040006","nmprov":"KALIMANTAN UTARA","nmkab":"NUNUKAN","nmkec":"SEBATIK BARAT","nmdesa":"SETABU","nmsls":"RT 006"}},{"type":"Feature","geometry":{"type":"MultiPolygon","coordinates":[[[[117.70188,4.16668],[117.70171,4.16527],[117.70169,4.16526],[117.70155,4.16481],[117.70148,4.1643],[117.70145,4.16376],[117.70134,4.16312],[117.70112,4.16284],[117.70097,4.16266],[117.70053,4.16255],[117.70015,4.16249],[117.69993,4.16249],[117.69987,4.16252],[117.69983,4.16241],[117.6998,4.16223],[117.69981,4.16189],[117.69985,4.16145],[117.69989,4.16124],[117.70004,4.16103],[117.70013,4.16088],[117.70038,4.16078],[117.70066,4.16057],[117.70084,4.16048],[117.70102,4.16019],[117.70117,4.15998],[117.70127,4.1598],[117.70141,4.15943],[117.70153,4.15912],[117.70164,4.15884],[117.70179,4.15855],[117.70197,4.15843],[117.70202,4.15836],[117.70213,4.15825],[117.70223,4.15812],[117.70237,4.15786],[117.70256,4.15752],[117.70269,4.1573],[117.7027,4.15709],[117.7028,4.15687],[117.70287,4.15676],[117.70297,4.1566],[117.70304,4.15651],[117.70314,4.15631],[117.70315,4.15628],[117.70323,4.15617],[117.70332,4.15612],[117.70346,4.15607],[117.70355,4.15602],[117.70358,4.15592],[117.70375,4.15577],[117.70407,4.15559],[117.70415,4.15555],[117.70416,4.1555],[117.70416,4.15536],[117.7042,4.15526],[117.70425,4.1551],[117.70429,4.15498],[117.70424,4.15489],[117.70419,4.15485],[117.70412,4.1548],[117.70404,4.15473],[117.70396,4.15465],[117.70389,4.15468],[117.70378,4.15463],[117.70369,4.15459],[117.70351,4.15448],[117.7033,4.15438],[117.70315,4.15421],[117.70309,4.15406],[117.703,4.15385],[117.70285,4.15361],[117.70278,4.15351],[117.70268,4.15345],[117.70241,4.15311],[117.70193,4.1527],[117.70148,4.1523],[117.70136,4.15245],[117.70133,4.15248],[117.70122,4.15257],[117.70113,4.15264],[117.70102,4.15272],[117.70091,4.1528],[117.7008,4.15288],[117.70076,4.15291],[117.70028,4.1531],[117.69984,4.15317],[117.6994,4.15331],[117.69902,4.15357],[117.69864,4.1538],[117.69833,4.1539],[117.69804,4.15403],[117.69762,4.1543],[117.69738,4.15449],[117.69707,4.15481],[117.69678,4.15523],[117.69655,4.15543],[117.69626,4.1556],[117.69603,4.15581],[117.69578,4.15607],[117.69555,4.15632],[117.69515,4.15655],[117.69481,4.1567],[117.69441,4.15688],[117.69407,4.15707],[117.69363,4.15747],[117.69311,4.15787],[117.69269,4.15813],[117.69227,4.1584],[117.6918,4.15865],[117.69134,4.15867],[117.69103,4.15869],[117.69084,4.15871],[117.69065,4.15886],[117.69042,4.15897],[117.69006,4.15918],[117.68983,4.15939],[117.68956,4.15958],[117.68928,4.15966],[117.68907,4.15968],[117.68875,4.15981],[117.68829,4.1602],[117.68784,4.1606],[117.68738,4.16104],[117.68698,4.16142],[117.68661,4.1618],[117.68637,4.1621],[117.68612,4.1625],[117.68599,4.16289],[117.68589,4.16323],[117.68589,4.16339],[117.68593,4.16348],[117.68567,4.16427],[117.68539,4.16437],[117.68526,4.16449],[117.68517,4.16468],[117.68503,4.16489],[117.68478,4.16504],[117.68448,4.16516],[117.68415,4.16531],[117.68351,4.16546],[117.68325,4.16556],[117.68294,4.16575],[117.68266,4.166],[117.68237,4.16615],[117.68216,4.1664],[117.68201,4.16649],[117.68194,4.16667],[117.70188,4.16668]]]]},"properties":{"kdprov":"65","kdkab":"04","kdkec":"120","kddesa":"001","kdsls":"0002","idsls":"65041200010002","nmprov":"KALIMANTAN UTARA","nmkab":"NUNUKAN","nmkec":"SEBATIK BARAT","nmdesa":"BAMBANGAN","nmsls":"RT 002"}},{"type":"Feature","geometry":{"type":"MultiPolygon","coordinates":[[[[117.7105,4.1593],[117.71034,4.15918],[117.70942,4.15894],[117.70873,4.1583],[117.70627,4.15625],[117.70626,4.15626],[117.70599,4.15612],[117.70565,4.15545],[117.70541,4.15501],[117.7054,4.15492],[117.70532,4.15481],[117.70532,4.1547],[117.70535,4.15461],[117.70534,4.15451],[117.70527,4.15441],[117.70517,4.15432],[117.70508,4.15421],[117.70497,4.15417],[117.70491,4.15416],[117.70486,4.15417],[117.70484,4.15421],[117.70482,4.15428],[117.7048,4.15437],[117.70474,4.15444],[117.70465,4.1545],[117.70459,4.15446],[117.70444,4.15447],[117.70441,4.15451],[117.70438,4.15461],[117.70428,4.15463],[117.70418,4.15458],[117.70412,4.15456],[117.70405,4.15457],[117.704,4.15459],[117.70396,4.15465],[117.70404,4.15473],[117.70412,4.1548],[117.70419,4.15485],[117.70424,4.15489],[117.70429,4.15498],[117.70425,4.1551],[117.7042,4.15526],[117.70416,4.15536],[117.70416,4.1555],[117.70415,4.15555],[117.70407,4.15559],[117.70375,4.15577],[117.70358,4.15592],[117.70355,4.15602],[117.70346,4.15607],[117.70332,4.15612],[117.70323,4.15617],[117.70315,4.15628],[117.70314,4.15631],[117.70304,4.15651],[117.70297,4.1566],[117.70287,4.15676],[117.7028,4.15687],[117.7027,4.15709],[117.70269,4.1573],[117.70256,4.15752],[117.70237,4.15786],[117.70223,4.15812],[117.70213,4.15825],[117.70202,4.15836],[117.70197,4.15843],[117.70179,4.15855],[117.70164,4.15884],[117.70153,4.15912],[117.70141,4.15943],[117.70127,4.1598],[117.70117,4.15998],[117.70102,4.16019],[117.70084,4.16048],[117.70066,4.16057],[117.70038,4.16078],[117.70013,4.16088],[117.70004,4.16103],[117.69989,4.16124],[117.69985,4.16145],[117.69981,4.16189],[117.6998,4.16223],[117.69983,4.16241],[117.69987,4.16252],[117.69993,4.16249],[117.70015,4.16249],[117.70053,4.16255],[117.70097,4.16266],[117.70112,4.16284],[117.70134,4.16312],[117.70145,4.16376],[117.70148,4.1643],[117.70155,4.16481],[117.70169,4.16526],[117.70171,4.16527],[117.70188,4.16668],[117.70689,4.16668],[117.70695,4.16663],[117.70698,4.16655],[117.70707,4.1664],[117.70719,4.16625],[117.70737,4.16603],[117.70753,4.16578],[117.70775,4.16544],[117.70776,4.1653],[117.70771,4.16521],[117.7077,4.16507],[117.7076,4.16492],[117.70753,4.16482],[117.70753,4.16465],[117.70757,4.1645],[117.7076,4.16433],[117.70759,4.16425],[117.70741,4.16394],[117.70735,4.16367],[117.70736,4.16349],[117.70748,4.16337],[117.70786,4.16327],[117.70797,4.16323],[117.70821,4.16306],[117.70831,4.16287],[117.7084,4.16264],[117.70845,4.16245],[117.70844,4.16209],[117.70837,4.16193],[117.70829,4.16173],[117.70824,4.16162],[117.7082,4.16151],[117.70819,4.16143],[117.70819,4.16138],[117.70823,4.16139],[117.7083,4.16144],[117.70837,4.16153],[117.70843,4.16159],[117.70853,4.16164],[117.70864,4.16167],[117.70883,4.16169],[117.70904,4.16168],[117.70916,4.16161],[117.70929,4.16149],[117.70931,4.16141],[117.70935,4.16133],[117.70953,4.16105],[117.7096,4.16099],[117.70965,4.16096],[117.70968,4.16093],[117.70972,4.16091],[117.70984,4.16086],[117.70989,4.16082],[117.70999,4.16077],[117.71011,4.16069],[117.71021,4.16066],[117.71038,4.16051],[117.71043,4.16039],[117.71041,4.16021],[117.71036,4.16009],[117.71022,4.15981],[117.7102,4.15972],[117.71018,4.15966],[117.71018,4.15958],[117.71019,4.15946],[117.71023,4.1594],[117.71027,4.15937],[117.7105,4.1593]]]]},"properties":{"kdprov":"65","kdkab":"04","kdkec":"120","kddesa":"001","kdsls":"0003","idsls":"65041200010003","nmprov":"KALIMANTAN UTARA","nmkab":"NUNUKAN","nmkec":"SEBATIK BARAT","nmdesa":"BAMBANGAN","nmsls":"RT 003"}},{"type":"Feature","geometry":{"type":"MultiPolygon","coordinates":[[[[117.71424,4.16081],[117.71262,4.15884],[117.71262,4.15884],[117.71253,4.1588],[117.71247,4.1587],[117.71222,4.15857],[117.71207,4.15839],[117.71177,4.1582],[117.71153,4.15788],[117.71143,4.15784],[117.71142,4.15767],[117.71132,4.1575],[117.71101,4.1572],[117.71081,4.15703],[117.71045,4.15676],[117.71018,4.15658],[117.70986,4.15632],[117.70969,4.15608],[117.70944,4.15579],[117.70935,4.15574],[117.70899,4.15565],[117.7086,4.15557],[117.70836,4.15546],[117.70822,4.15529],[117.70803,4.15489],[117.70794,4.15463],[117.7077,4.15467],[117.7074,4.15467],[117.7069,4.1546],[117.70664,4.15449],[117.70635,4.15432],[117.7061,4.15412],[117.70621,4.15391],[117.70633,4.15377],[117.70628,4.15321],[117.70612,4.15296],[117.70607,4.15265],[117.70619,4.15243],[117.70624,4.15225],[117.70598,4.15207],[117.70578,4.15174],[117.70577,4.15155],[117.7061,4.15129],[117.70594,4.15093],[117.70544,4.15065],[117.70482,4.1502],[117.7048,4.15019],[117.70424,4.14963],[117.70411,4.1498],[117.70388,4.15018],[117.70371,4.15035],[117.70358,4.15043],[117.70306,4.15067],[117.7027,4.1509],[117.70238,4.15119],[117.70215,4.15142],[117.70197,4.15165],[117.70167,4.15205],[117.70148,4.1523],[117.70193,4.1527],[117.70241,4.15311],[117.70268,4.15345],[117.70278,4.15351],[117.70285,4.15361],[117.703,4.15385],[117.70309,4.15406],[117.70315,4.15421],[117.7033,4.15438],[117.70351,4.15448],[117.70369,4.15459],[117.70378,4.15463],[117.70389,4.15468],[117.70396,4.15465],[117.704,4.15459],[117.70405,4.15457],[117.70412,4.15456],[117.70418,4.15458],[117.70428,4.15463],[117.70438,4.15461],[117.70441,4.15451],[117.70444,4.15447],[117.70459,4.15446],[117.70465,4.1545],[117.70474,4.15444],[117.7048,4.15437],[117.70482,4.15428],[117.70484,4.15421],[117.70486,4.15417],[117.70491,4.15416],[117.70497,4.15417],[117.70508,4.15421],[117.70517,4.15432],[117.70527,4.15441],[117.70534,4.15451],[117.70535,4.15461],[117.70532,4.1547],[117.70532,4.15481],[117.7054,4.15492],[117.70541,4.15501],[117.70565,4.15545],[117.70599,4.15612],[117.70626,4.15626],[117.70627,4.15625],[117.70873,4.1583],[117.70942,4.15894],[117.71034,4.15918],[117.7105,4.1593],[117.71027,4.15937],[117.71023,4.1594],[117.71019,4.15946],[117.71018,4.15958],[117.71018,4.15966],[117.7102,4.15972],[117.71022,4.15981],[117.71036,4.16009],[117.71041,4.16021],[117.71043,4.16039],[117.71038,4.16051],[117.71021,4.16066],[117.71011,4.16069],[117.70999,4.16077],[117.70989,4.16082],[117.70984,4.16086],[117.70972,4.16091],[117.70968,4.16093],[117.70965,4.16096],[117.7096,4.16099],[117.70953,4.16105],[117.70935,4.16133],[117.70931,4.16141],[117.70929,4.16149],[117.70916,4.16161],[117.70904,4.16168],[117.70883,4.16169],[117.70864,4.16167],[117.70853,4.16164],[117.70843,4.16159],[117.70837,4.16153],[117.7083,4.16144],[117.70823,4.16139],[117.70819,4.16138],[117.70819,4.16143],[117.7082,4.16151],[117.70824,4.16162],[117.70829,4.16173],[117.70837,4.16193],[117.70844,4.16209],[117.70845,4.16245],[117.7084,4.16264],[117.70831,4.16287],[117.70821,4.16306],[117.70797,4.16323],[117.70786,4.16327],[117.70748,4.16337],[117.70736,4.16349],[117.70735,4.16367],[117.70741,4.16394],[117.70759,4.16425],[117.7076,4.16433],[117.70757,4.1645],[117.70753,4.16465],[117.70753,4.16482],[117.7076,4.16492],[117.7077,4.16507],[117.70771,4.16521],[117.70776,4.1653],[117.70775,4.16544],[117.70753,4.16578],[117.70737,4.16603],[117.70719,4.16625],[117.70707,4.1664],[117.70698,4.16655],[117.70695,4.16663],[117.70689,4.16668],[117.71439,4.16668],[117.71424,4.16081]]]]},"properties":{"kdprov":"65","kdkab":"04","kdkec":"120","kddesa":"001","kdsls":"0001","idsls":"65041200010001","nmprov":"KALIMANTAN UTARA","nmkab":"NUNUKAN","nmkec":"SEBATIK BARAT","nmdesa":"BAMBANGAN","nmsls":"RT 001"}},{"type":"Feature","geometry":{"type":"MultiPolygon","coordinates":[[[[117.72209,4.16667],[117.72198,4.16633],[117.72189,4.16585],[117.72157,4.16497],[117.72139,4.16449],[117.72077,4.16353],[117.72053,4.1622],[117.72017,4.16114],[117.71961,4.15949],[117.71874,4.15797],[117.7184,4.15757],[117.71727,4.15623],[117.7168,4.15557],[117.71606,4.1548],[117.71548,4.15431],[117.71548,4.1542],[117.71523,4.15384],[117.71499,4.1535],[117.715,4.15311],[117.71505,4.15274],[117.71505,4.15232],[117.71498,4.15192],[117.71471,4.15148],[117.71428,4.15101],[117.71424,4.15096],[117.71406,4.15072],[117.71395,4.15064],[117.71395,4.15063],[117.71384,4.15053],[117.71359,4.15025],[117.7128,4.1495],[117.71205,4.14891],[117.71154,4.14855],[117.71098,4.14815],[117.71051,4.14774],[117.71007,4.14745],[117.70967,4.14723],[117.70935,4.14706],[117.70904,4.14674],[117.70881,4.14637],[117.70867,4.14609],[117.70838,4.14625],[117.70798,4.14648],[117.70754,4.1468],[117.7071,4.14709],[117.70666,4.14745],[117.70624,4.14787],[117.70595,4.14817],[117.70567,4.14852],[117.70534,4.14882],[117.70513,4.14898],[117.70488,4.14911],[117.7046,4.14928],[117.70437,4.14947],[117.70424,4.14963],[117.7048,4.15019],[117.70482,4.1502],[117.70544,4.15065],[117.70594,4.15093],[117.7061,4.15129],[117.70577,4.15155],[117.70578,4.15174],[117.70598,4.15207],[117.70624,4.15225],[117.70619,4.15243],[117.70607,4.15265],[117.70612,4.15296],[117.70628,4.15321],[117.70633,4.15377],[117.70621,4.15391],[117.7061,4.15412],[117.70635,4.15432],[117.70664,4.15449],[117.7069,4.1546],[117.7074,4.15467],[117.7077,4.15467],[117.70794,4.15463],[117.70803,4.15489],[117.70822,4.15529],[117.70836,4.15546],[117.7086,4.15557],[117.70899,4.15565],[117.70935,4.15574],[117.70944,4.15579],[117.70969,4.15608],[117.70986,4.15632],[117.71018,4.15658],[117.71045,4.15676],[117.71081,4.15703],[117.71101,4.1572],[117.71132,4.1575],[117.71142,4.15767],[117.71143,4.15784],[117.71153,4.15788],[117.71177,4.1582],[117.71207,4.15839],[117.71222,4.15857],[117.71247,4.1587],[117.71253,4.1588],[117.71262,4.15884],[117.71262,4.15884],[117.71424,4.16081],[117.71439,4.16668],[117.72209,4.16667]]]]},"properties":{"kdprov":"65","kdkab":"04","kdkec":"120","kddesa":"001","kdsls":"0004","idsls":"65041200010004","nmprov":"KALIMANTAN UTARA","nmkab":"NUNUKAN","nmkec":"SEBATIK BARAT","nmdesa":"BAMBANGAN","nmsls":"RT 004"}},{"type":"Feature","geometry":{"type":"MultiPolygon","coordinates":[[[[117.74271,4.15919],[117.74341,4.1589],[117.7443,4.15893],[117.74472,4.15886],[117.74523,4.15842],[117.74562,4.15835],[117.74635,4.1582],[117.74656,4.15817],[117.74686,4.15802],[117.74709,4.15775],[117.74728,4.15754],[117.74752,4.15742],[117.74751,4.15712],[117.74748,4.15685],[117.74754,4.15614],[117.74772,4.15592],[117.74789,4.15582],[117.74819,4.15573],[117.74847,4.15563],[117.74876,4.15556],[117.74876,4.15518],[117.74878,4.15464],[117.7488,4.1541],[117.74908,4.15327],[117.74901,4.15309],[117.74847,4.15303],[117.74812,4.15297],[117.7478,4.15293],[117.74757,4.15303],[117.74741,4.15312],[117.74727,4.15311],[117.7471,4.15279],[117.74691,4.15266],[117.74671,4.1523],[117.74674,4.15189],[117.74701,4.15176],[117.74721,4.15166],[117.74769,4.15124],[117.74764,4.15094],[117.74739,4.15067],[117.74752,4.15033],[117.74752,4.15011],[117.74748,4.14989],[117.74761,4.14908],[117.74772,4.14863],[117.74805,4.14825],[117.74833,4.14818],[117.74877,4.14804],[117.74906,4.14769],[117.74915,4.14756],[117.74951,4.14742],[117.74976,4.14737],[117.7498,4.14731],[117.75052,4.14644],[117.75086,4.14583],[117.75091,4.14552],[117.75122,4.14475],[117.75136,4.14414],[117.75212,4.14327],[117.75298,4.14318],[117.75329,4.14286],[117.75355,4.14189],[117.7522,4.14179],[117.74881,4.14156],[117.74296,4.14142],[117.74265,4.14196],[117.7421,4.14278],[117.74113,4.14443],[117.73998,4.146],[117.73897,4.14746],[117.73763,4.1487],[117.73646,4.14951],[117.73298,4.14705],[117.73138,4.14779],[117.73111,4.14711],[117.73126,4.14625],[117.73004,4.14485],[117.72894,4.14399],[117.72819,4.14345],[117.72709,4.14312],[117.72593,4.14274],[117.72507,4.14336],[117.72456,4.14437],[117.72421,4.14509],[117.72299,4.14485],[117.72189,4.14524],[117.72091,4.14497],[117.72037,4.1458],[117.72019,4.14654],[117.72019,4.14762],[117.72034,4.14818],[117.72064,4.14869],[117.72111,4.14895],[117.72165,4.14922],[117.72212,4.14958],[117.72189,4.14991],[117.72141,4.15083],[117.72171,4.15101],[117.72245,4.15104],[117.72299,4.15142],[117.72355,4.15211],[117.7234,4.15327],[117.72376,4.15374],[117.72442,4.1541],[117.72484,4.1549],[117.72464,4.15508],[117.72463,4.15508],[117.7246,4.15512],[117.72414,4.15542],[117.72333,4.15574],[117.72232,4.15624],[117.72165,4.15668],[117.72036,4.15707],[117.7194,4.15741],[117.7184,4.15757],[117.71874,4.15797],[117.71961,4.15949],[117.72017,4.16114],[117.72053,4.1622],[117.72077,4.16353],[117.72139,4.16449],[117.72157,4.16497],[117.72189,4.16585],[117.72198,4.16633],[117.72209,4.16667],[117.74178,4.16667],[117.74179,4.1664],[117.74177,4.16606],[117.74142,4.16573],[117.74098,4.16463],[117.74086,4.16379],[117.74032,4.16244],[117.74004,4.16177],[117.73989,4.16132],[117.74008,4.16099],[117.7404,4.16073],[117.74088,4.16037],[117.74158,4.15974],[117.74197,4.15943],[117.74271,4.15919]]]]},"properties":{"kdprov":"65","kdkab":"04","kdkec":"120","kddesa":"001","kdsls":"0006","idsls":"65041200010006","nmprov":"KALIMANTAN UTARA","nmkab":"NUNUKAN","nmkec":"SEBATIK BARAT","nmdesa":"BAMBANGAN","nmsls":"RT 006"}},{"type":"Feature","geometry":{"type":"MultiPolygon","coordinates":[[[[117.72484,4.1549],[117.72442,4.1541],[117.72376,4.15374],[117.7234,4.15327],[117.72355,4.15211],[117.72299,4.15142],[117.72245,4.15104],[117.72171,4.15101],[117.72141,4.15083],[117.72189,4.14991],[117.72212,4.14958],[117.72165,4.14922],[117.72111,4.14895],[117.72064,4.14869],[117.72034,4.14818],[117.72019,4.14762],[117.72019,4.14654],[117.72037,4.1458],[117.72091,4.14497],[117.72189,4.14524],[117.72299,4.14485],[117.72421,4.14509],[117.72456,4.14437],[117.72507,4.14336],[117.72593,4.14274],[117.72709,4.14312],[117.72819,4.14345],[117.72894,4.14399],[117.73004,4.14485],[117.73126,4.14625],[117.73111,4.14711],[117.73138,4.14779],[117.73298,4.14705],[117.73646,4.14951],[117.73763,4.1487],[117.73897,4.14746],[117.73998,4.146],[117.74113,4.14443],[117.7421,4.14278],[117.74265,4.14196],[117.74296,4.14142],[117.73812,4.14131],[117.7374,4.14093],[117.73707,4.1406],[117.73684,4.14039],[117.73662,4.14021],[117.73621,4.14008],[117.73608,4.13999],[117.73594,4.13974],[117.73563,4.13936],[117.73522,4.13909],[117.73506,4.13898],[117.73482,4.13896],[117.73441,4.13903],[117.73422,4.13898],[117.73407,4.13884],[117.73399,4.13856],[117.73377,4.13833],[117.73348,4.13824],[117.7333,4.13818],[117.73327,4.13845],[117.73312,4.13863],[117.73278,4.13878],[117.73244,4.13867],[117.73184,4.13869],[117.73088,4.13849],[117.73095,4.13814],[117.73079,4.13753],[117.73052,4.1367],[117.73037,4.13625],[117.72996,4.13535],[117.72974,4.13474],[117.72953,4.13411],[117.72931,4.13348],[117.72866,4.1326],[117.72828,4.13231],[117.72733,4.13184],[117.72681,4.13168],[117.726,4.13128],[117.72515,4.13083],[117.72508,4.13076],[117.72499,4.13058],[117.72483,4.13015],[117.72482,4.12953],[117.72488,4.12915],[117.72487,4.12887],[117.72484,4.1288],[117.72459,4.12829],[117.72429,4.12782],[117.7237,4.127],[117.72353,4.12718],[117.72349,4.12722],[117.72306,4.12782],[117.72288,4.12805],[117.72273,4.12824],[117.72243,4.1286],[117.72216,4.12898],[117.72188,4.12932],[117.72157,4.12953],[117.72128,4.12978],[117.72086,4.13014],[117.72071,4.13028],[117.72052,4.13066],[117.72033,4.1311],[117.7201,4.13159],[117.71995,4.13184],[117.7198,4.13219],[117.71964,4.13251],[117.71964,4.13272],[117.7197,4.13287],[117.71943,4.13299],[117.71935,4.13329],[117.71923,4.1335],[117.71914,4.13365],[117.71889,4.13379],[117.71876,4.13383],[117.71866,4.13394],[117.7186,4.13415],[117.71858,4.13438],[117.71853,4.13453],[117.71834,4.13478],[117.71811,4.13507],[117.71784,4.13541],[117.71757,4.13573],[117.71731,4.13608],[117.7171,4.13633],[117.71687,4.13663],[117.7167,4.13692],[117.71639,4.13732],[117.71601,4.13772],[117.71563,4.13804],[117.71528,4.13837],[117.71519,4.13853],[117.71497,4.13892],[117.71482,4.13913],[117.71453,4.13942],[117.71421,4.1397],[117.71392,4.13999],[117.71375,4.14016],[117.71358,4.14039],[117.71337,4.14075],[117.71325,4.14106],[117.71308,4.14132],[117.71297,4.1415],[117.71264,4.14174],[117.71234,4.14194],[117.71218,4.14209],[117.71203,4.1423],[117.71195,4.14245],[117.7118,4.14289],[117.71161,4.14311],[117.71157,4.14316],[117.71136,4.14335],[117.7112,4.14347],[117.71115,4.1435],[117.711,4.14363],[117.71068,4.14384],[117.71047,4.14403],[117.71017,4.14438],[117.70992,4.14466],[117.70971,4.14487],[117.70948,4.14512],[117.7092,4.14541],[117.70897,4.14566],[117.70872,4.14606],[117.70867,4.14609],[117.70881,4.14637],[117.70904,4.14674],[117.70935,4.14706],[117.70967,4.14723],[117.71007,4.14745],[117.71051,4.14774],[117.71098,4.14815],[117.71154,4.14855],[117.71205,4.14891],[117.7128,4.1495],[117.71359,4.15025],[117.71384,4.15053],[117.71395,4.15063],[117.71395,4.15064],[117.71406,4.15072],[117.71424,4.15096],[117.71428,4.15101],[117.71471,4.15148],[117.71498,4.15192],[117.71505,4.15232],[117.71505,4.15274],[117.715,4.15311],[117.71499,4.1535],[117.71523,4.15384],[117.71548,4.1542],[117.71548,4.15431],[117.71606,4.1548],[117.7168,4.15557],[117.71727,4.15623],[117.7184,4.15757],[117.7194,4.15741],[117.72036,4.15707],[117.72165,4.15668],[117.72232,4.15624],[117.72333,4.15574],[117.72414,4.15542],[117.7246,4.15512],[117.72463,4.15508],[117.72464,4.15508],[117.72484,4.1549]]]]},"properties":{"kdprov":"65","kdkab":"04","kdkec":"120","kddesa":"001","kdsls":"0005","idsls":"65041200010005","nmprov":"KALIMANTAN UTARA","nmkab":"NUNUKAN","nmkec":"SEBATIK BARAT","nmdesa":"BAMBANGAN","nmsls":"RT 005"}},{"type":"Feature","geometry":{"type":"MultiPolygon","coordinates":[[[[117.76553,4.10617],[117.76543,4.10613],[117.76553,4.10612],[117.76551,4.10586],[117.76547,4.10562],[117.76545,4.1054],[117.76541,4.1047],[117.76542,4.10386],[117.76548,4.10341],[117.76581,4.1027],[117.76599,4.10225],[117.76581,4.10197],[117.76568,4.10146],[117.76539,4.10128],[117.76475,4.10089],[117.76411,4.1008],[117.76382,4.10062],[117.76358,4.10049],[117.76324,4.1001],[117.7631,4.09987],[117.76304,4.09964],[117.76315,4.09904],[117.76331,4.09878],[117.76371,4.09871],[117.76406,4.09854],[117.76427,4.09823],[117.76427,4.09773],[117.76438,4.09739],[117.76436,4.0973],[117.76425,4.09702],[117.76396,4.09632],[117.76399,4.09488],[117.76174,4.09626],[117.75999,4.09806],[117.75789,4.09999],[117.7566,4.10068],[117.75479,4.10128],[117.75329,4.10209],[117.7527,4.10243],[117.75321,4.10328],[117.75398,4.10421],[117.75438,4.10467],[117.75444,4.10488],[117.75449,4.10495],[117.75475,4.10521],[117.755,4.1055],[117.7552,4.10573],[117.75554,4.10617],[117.75568,4.10632],[117.75585,4.10642],[117.75604,4.10647],[117.75624,4.10651],[117.75632,4.10656],[117.75639,4.10671],[117.75649,4.10698],[117.75661,4.10733],[117.75682,4.10764],[117.75713,4.10806],[117.75744,4.10846],[117.75768,4.10878],[117.75826,4.10975],[117.75835,4.10998],[117.7583,4.11017],[117.75836,4.11035],[117.75845,4.11081],[117.75853,4.11123],[117.75852,4.11131],[117.75852,4.11131],[117.75843,4.11137],[117.75831,4.11151],[117.75828,4.11153],[117.75825,4.11163],[117.75791,4.1121],[117.7571,4.11299],[117.75677,4.11366],[117.75627,4.11436],[117.7559,4.11515],[117.7557,4.11589],[117.75559,4.11615],[117.75573,4.11625],[117.75592,4.11667],[117.75608,4.11691],[117.75661,4.11769],[117.75676,4.11819],[117.75688,4.11835],[117.75697,4.11845],[117.75701,4.11849],[117.75712,4.11846],[117.75714,4.11844],[117.75715,4.11838],[117.75714,4.11831],[117.75709,4.1182],[117.75709,4.11816],[117.75715,4.11794],[117.75726,4.11774],[117.75733,4.11762],[117.75758,4.11771],[117.75769,4.1177],[117.7577,4.11759],[117.75767,4.11735],[117.75781,4.11697],[117.75785,4.11664],[117.7579,4.1164],[117.75798,4.11612],[117.75803,4.11591],[117.75816,4.11569],[117.75825,4.11552],[117.75839,4.11505],[117.75859,4.11433],[117.75873,4.11401],[117.75885,4.1137],[117.759,4.11338],[117.75917,4.11316],[117.75934,4.11299],[117.75943,4.11293],[117.75943,4.11293],[117.76003,4.11253],[117.76041,4.11225],[117.76068,4.1119],[117.76106,4.1112],[117.76119,4.11095],[117.76136,4.1108],[117.76157,4.11063],[117.76165,4.11046],[117.76167,4.11024],[117.76153,4.11016],[117.76137,4.11011],[117.76126,4.11009],[117.76116,4.11006],[117.76121,4.10984],[117.76132,4.10976],[117.76143,4.10973],[117.76165,4.10983],[117.76177,4.10983],[117.76186,4.1097],[117.76194,4.10948],[117.76215,4.10938],[117.76233,4.1093],[117.76235,4.10911],[117.76229,4.10898],[117.76191,4.10877],[117.762,4.1086],[117.76206,4.10858],[117.76233,4.10855],[117.76258,4.10849],[117.76264,4.10842],[117.76271,4.10822],[117.76289,4.1081],[117.76301,4.10785],[117.76307,4.10762],[117.76305,4.10734],[117.76316,4.10709],[117.76323,4.10704],[117.76334,4.10701],[117.76347,4.10701],[117.76357,4.10694],[117.76365,4.10689],[117.76372,4.10679],[117.76385,4.10666],[117.76401,4.10665],[117.76425,4.10665],[117.76444,4.1066],[117.76468,4.10656],[117.76485,4.10665],[117.76502,4.10668],[117.76531,4.10664],[117.76546,4.10638],[117.76552,4.10623],[117.76553,4.10617]]]]},"properties":{"kdprov":"65","kdkab":"04","kdkec":"120","kddesa":"002","kdsls":"0008","idsls":"65041200020008","nmprov":"KALIMANTAN UTARA","nmkab":"NUNUKAN","nmkec":"SEBATIK BARAT","nmdesa":"LIANG BUNYU","nmsls":"RT 008"}},{"type":"Feature","geometry":{"type":"MultiPolygon","coordinates":[[[[117.76624,4.10589],[117.7663,4.10585],[117.76648,4.10573],[117.76672,4.10551],[117.76689,4.10531],[117.76715,4.10497],[117.76746,4.1043],[117.76757,4.10398],[117.76765,4.10405],[117.76772,4.10414],[117.7678,4.10421],[117.76788,4.10429],[117.76799,4.10432],[117.76814,4.10434],[117.76826,4.10425],[117.76847,4.10401],[117.76851,4.10398],[117.76867,4.10391],[117.76894,4.10382],[117.7691,4.10372],[117.76922,4.10358],[117.76943,4.10336],[117.76979,4.10315],[117.77002,4.10304],[117.77038,4.10284],[117.77058,4.10276],[117.7706,4.10277],[117.7706,4.10276],[117.77081,4.1027],[117.77101,4.10271],[117.77123,4.10271],[117.77138,4.10273],[117.77149,4.10268],[117.77158,4.10262],[117.77163,4.10246],[117.7717,4.1021],[117.77164,4.10177],[117.77162,4.10142],[117.77167,4.10129],[117.77171,4.10042],[117.77139,4.09979],[117.77123,4.09928],[117.77107,4.09885],[117.77063,4.098],[117.77047,4.09727],[117.77017,4.09683],[117.7697,4.09703],[117.76953,4.09727],[117.76967,4.09758],[117.76974,4.09782],[117.76962,4.09798],[117.76925,4.09803],[117.76897,4.09821],[117.7687,4.09861],[117.76848,4.09874],[117.7677,4.09896],[117.76744,4.09926],[117.76733,4.09921],[117.76713,4.09921],[117.76676,4.09923],[117.76664,4.0992],[117.76647,4.09918],[117.76635,4.09921],[117.76617,4.09932],[117.76611,4.09941],[117.76611,4.09941],[117.76606,4.09938],[117.76596,4.09933],[117.76591,4.09927],[117.76591,4.09916],[117.7659,4.09907],[117.76585,4.09897],[117.76578,4.0989],[117.7655,4.09867],[117.76522,4.09849],[117.76507,4.09839],[117.76497,4.0983],[117.76486,4.09808],[117.76474,4.09776],[117.76469,4.09753],[117.76451,4.09731],[117.76442,4.09712],[117.76425,4.09702],[117.76436,4.0973],[117.76438,4.09739],[117.76427,4.09773],[117.76427,4.09823],[117.76406,4.09854],[117.76371,4.09871],[117.76331,4.09878],[117.76315,4.09904],[117.76304,4.09964],[117.7631,4.09987],[117.76324,4.1001],[117.76358,4.10049],[117.76382,4.10062],[117.76411,4.1008],[117.76475,4.10089],[117.76539,4.10128],[117.76568,4.10146],[117.76581,4.10197],[117.76599,4.10225],[117.76581,4.1027],[117.76548,4.10341],[117.76542,4.10386],[117.76541,4.1047],[117.76545,4.1054],[117.76547,4.10562],[117.76551,4.10586],[117.76553,4.10612],[117.76556,4.10611],[117.7658,4.10607],[117.76607,4.10598],[117.76624,4.10589]]]]},"properties":{"kdprov":"65","kdkab":"04","kdkec":"120","kddesa":"003","kdsls":"0007","idsls":"65041200030007","nmprov":"KALIMANTAN UTARA","nmkab":"NUNUKAN","nmkec":"SEBATIK BARAT","nmdesa":"BINALAWAN","nmsls":"RT 007"}},{"type":"Feature","geometry":{"type":"MultiPolygon","coordinates":[[[[117.80771,4.12742],[117.81083,4.12562],[117.81108,4.12548],[117.81129,4.12536],[117.81129,4.12536],[117.81372,4.12396],[117.8163,4.12213],[117.81804,4.1209],[117.82297,4.11773],[117.82163,4.11589],[117.81974,4.11472],[117.81695,4.11329],[117.8141,4.11175],[117.80995,4.10859],[117.80989,4.10854],[117.80739,4.10622],[117.80674,4.10472],[117.80618,4.10302],[117.80614,4.10313],[117.80608,4.10336],[117.80605,4.10358],[117.80592,4.10379],[117.80569,4.10398],[117.80552,4.10402],[117.80523,4.10394],[117.80483,4.10386],[117.80411,4.10383],[117.80399,4.10383],[117.80389,4.10384],[117.80357,4.10389],[117.80326,4.10393],[117.803,4.10387],[117.80242,4.10401],[117.8019,4.10414],[117.80144,4.10427],[117.80107,4.10454],[117.80078,4.10424],[117.80015,4.10391],[117.79986,4.10388],[117.79949,4.10388],[117.79913,4.10382],[117.79902,4.10365],[117.79887,4.10312],[117.79833,4.10269],[117.79683,4.10258],[117.79614,4.10301],[117.79571,4.10349],[117.79471,4.10351],[117.79426,4.10308],[117.7941,4.10319],[117.7935,4.10345],[117.79331,4.10344],[117.79313,4.10329],[117.79313,4.10322],[117.79277,4.10266],[117.79222,4.10231],[117.79194,4.10193],[117.79168,4.10172],[117.79125,4.10143],[117.79081,4.10113],[117.79023,4.10135],[117.79019,4.10133],[117.78989,4.10131],[117.78971,4.10123],[117.78965,4.10116],[117.78958,4.10096],[117.78953,4.10079],[117.78932,4.101],[117.78908,4.1017],[117.78864,4.10263],[117.78862,4.10267],[117.78832,4.10311],[117.78779,4.1037],[117.78727,4.10418],[117.78683,4.10438],[117.78625,4.10432],[117.78623,4.10434],[117.78592,4.10442],[117.78571,4.10451],[117.78589,4.10471],[117.78596,4.10498],[117.78612,4.10512],[117.78661,4.10547],[117.78681,4.10588],[117.78701,4.10621],[117.78794,4.10715],[117.78855,4.10743],[117.789,4.10778],[117.78951,4.10863],[117.78979,4.1092],[117.79011,4.10971],[117.79017,4.10979],[117.79026,4.10986],[117.79043,4.11081],[117.79006,4.11276],[117.7908,4.11399],[117.79152,4.11511],[117.79301,4.11903],[117.79404,4.12029],[117.79524,4.12155],[117.79667,4.12218],[117.79822,4.12281],[117.79873,4.12349],[117.79925,4.12498],[117.79925,4.12624],[117.79965,4.12756],[117.80034,4.1279],[117.80114,4.12853],[117.80168,4.1285],[117.80202,4.12838],[117.80225,4.12837],[117.80233,4.12846],[117.80238,4.12864],[117.80235,4.12882],[117.80228,4.12898],[117.80223,4.12938],[117.80665,4.12802],[117.80696,4.12785],[117.80771,4.12742]]]]},"properties":{"kdprov":"65","kdkab":"04","kdkec":"120","kddesa":"003","kdsls":"0009","idsls":"65041200030009","nmprov":"KALIMANTAN UTARA","nmkab":"NUNUKAN","nmkec":"SEBATIK BARAT","nmdesa":"BINALAWAN","nmsls":"RT 009"}},{"type":"Feature","geometry":{"type":"MultiPolygon","coordinates":[[[[117.78272,4.11228],[117.7829,4.11221],[117.78312,4.11226],[117.78326,4.11214],[117.78345,4.11205],[117.78367,4.11205],[117.78388,4.11198],[117.78413,4.11193],[117.78437,4.11188],[117.78463,4.1118],[117.78485,4.11167],[117.78499,4.11155],[117.78517,4.11149],[117.78534,4.11145],[117.78549,4.11147],[117.78571,4.11152],[117.78589,4.11155],[117.7861,4.11155],[117.78658,4.11144],[117.7868,4.11122],[117.78703,4.11069],[117.78711,4.11051],[117.78751,4.11052],[117.78794,4.11064],[117.78813,4.11067],[117.78833,4.11036],[117.78847,4.11031],[117.78894,4.11029],[117.78925,4.11015],[117.78955,4.10999],[117.78985,4.10991],[117.79011,4.10971],[117.78979,4.1092],[117.78951,4.10863],[117.789,4.10778],[117.78855,4.10743],[117.78794,4.10715],[117.78701,4.10621],[117.78681,4.10588],[117.78661,4.10547],[117.78612,4.10512],[117.78596,4.10498],[117.78589,4.10471],[117.78571,4.10451],[117.78592,4.10442],[117.78623,4.10434],[117.78625,4.10432],[117.78683,4.10438],[117.78727,4.10418],[117.78779,4.1037],[117.78832,4.10311],[117.78862,4.10267],[117.78697,4.10249],[117.7863,4.10243],[117.78526,4.10246],[117.78514,4.10233],[117.78431,4.10221],[117.78372,4.10215],[117.78342,4.10212],[117.78319,4.10208],[117.78259,4.10216],[117.782,4.10214],[117.7818,4.10222],[117.7816,4.10219],[117.78121,4.10204],[117.78097,4.10184],[117.78071,4.10165],[117.78066,4.10159],[117.78052,4.10155],[117.78022,4.10149],[117.77953,4.10149],[117.77897,4.10151],[117.77887,4.10147],[117.77878,4.10136],[117.77869,4.1013],[117.77862,4.10123],[117.77851,4.10119],[117.77841,4.10117],[117.77822,4.10121],[117.77798,4.1013],[117.77778,4.10145],[117.77759,4.10159],[117.77707,4.10182],[117.77695,4.10186],[117.77687,4.1019],[117.77683,4.10192],[117.77683,4.10194],[117.7769,4.10202],[117.777,4.10211],[117.77718,4.10241],[117.77754,4.10266],[117.77765,4.10276],[117.77773,4.10294],[117.77766,4.10328],[117.7775,4.10374],[117.77735,4.10402],[117.77732,4.10416],[117.77729,4.10442],[117.77732,4.10466],[117.77734,4.10485],[117.77726,4.10506],[117.77712,4.10519],[117.77697,4.10532],[117.77681,4.10557],[117.77673,4.10575],[117.77669,4.10596],[117.77667,4.10618],[117.77668,4.10629],[117.77668,4.10633],[117.77668,4.10633],[117.77675,4.10642],[117.77681,4.10655],[117.77713,4.10702],[117.77741,4.10736],[117.77754,4.10755],[117.77766,4.10771],[117.77776,4.10788],[117.77799,4.10833],[117.77828,4.10868],[117.77846,4.10896],[117.7786,4.10919],[117.77871,4.10943],[117.77889,4.1097],[117.77906,4.10995],[117.77922,4.11014],[117.77929,4.11024],[117.77946,4.11024],[117.77956,4.1103],[117.77968,4.11038],[117.77986,4.1106],[117.77994,4.1108],[117.77998,4.11103],[117.78011,4.11127],[117.78036,4.11151],[117.78065,4.1118],[117.78094,4.11198],[117.78143,4.11214],[117.78182,4.11215],[117.78217,4.1121],[117.78241,4.11213],[117.78266,4.11226],[117.78272,4.11228]]]]},"properties":{"kdprov":"65","kdkab":"04","kdkec":"120","kddesa":"003","kdsls":"0011","idsls":"65041200030011","nmprov":"KALIMANTAN UTARA","nmkab":"NUNUKAN","nmkec":"SEBATIK BARAT","nmdesa":"BINALAWAN","nmsls":"RT 011"}},{"type":"Feature","geometry":{"type":"MultiPolygon","coordinates":[[[[117.82633,4.11569],[117.82718,4.1152],[117.83073,4.11299],[117.83118,4.1127],[117.83271,4.1115],[117.83394,4.11053],[117.8346,4.11],[117.83243,4.10215],[117.8323,4.10168],[117.82492,4.10336],[117.82245,4.10423],[117.82161,4.10499],[117.82147,4.10502],[117.82092,4.10529],[117.82093,4.10529],[117.80995,4.10859],[117.8141,4.11175],[117.81695,4.11329],[117.81974,4.11472],[117.82163,4.11589],[117.82297,4.11773],[117.82427,4.1169],[117.82633,4.11569]]]]},"properties":{"kdprov":"65","kdkab":"04","kdkec":"120","kddesa":"004","kdsls":"0011","idsls":"65041200040011","nmprov":"KALIMANTAN UTARA","nmkab":"NUNUKAN","nmkec":"SEBATIK BARAT","nmdesa":"SETABU","nmsls":"RT 011"}},{"type":"Feature","geometry":{"type":"MultiPolygon","coordinates":[[[[117.7527,4.10243],[117.75194,4.10287],[117.75049,4.10362],[117.75076,4.10439],[117.75114,4.10544],[117.75123,4.10578],[117.7513,4.10589],[117.75128,4.10599],[117.75129,4.10613],[117.75136,4.10639],[117.75149,4.10686],[117.7515,4.10698],[117.75154,4.1071],[117.7516,4.10711],[117.75158,4.10716],[117.75183,4.10835],[117.75205,4.10922],[117.75236,4.11018],[117.75253,4.11062],[117.7528,4.11118],[117.75286,4.11138],[117.75289,4.11139],[117.75293,4.11156],[117.75309,4.11181],[117.75327,4.11208],[117.75351,4.11245],[117.75365,4.11274],[117.75367,4.1134],[117.75381,4.11379],[117.75423,4.11408],[117.75456,4.11423],[117.75467,4.11502],[117.75487,4.11553],[117.75516,4.11585],[117.75559,4.11615],[117.7557,4.11589],[117.7559,4.11515],[117.75627,4.11436],[117.75677,4.11366],[117.7571,4.11299],[117.75791,4.1121],[117.75825,4.11163],[117.75828,4.11153],[117.75831,4.11151],[117.75843,4.11137],[117.75852,4.11131],[117.75852,4.11131],[117.75853,4.11123],[117.75845,4.11081],[117.75836,4.11035],[117.7583,4.11017],[117.75835,4.10998],[117.75826,4.10975],[117.75768,4.10878],[117.75744,4.10846],[117.75713,4.10806],[117.75682,4.10764],[117.75661,4.10733],[117.75649,4.10698],[117.75639,4.10671],[117.75632,4.10656],[117.75624,4.10651],[117.75604,4.10647],[117.75585,4.10642],[117.75568,4.10632],[117.75554,4.10617],[117.7552,4.10573],[117.755,4.1055],[117.75475,4.10521],[117.75449,4.10495],[117.75444,4.10488],[117.75438,4.10467],[117.75398,4.10421],[117.75321,4.10328],[117.7527,4.10243]]]]},"properties":{"kdprov":"65","kdkab":"04","kdkec":"120","kddesa":"002","kdsls":"0007","idsls":"65041200020007","nmprov":"KALIMANTAN UTARA","nmkab":"NUNUKAN","nmkec":"SEBATIK BARAT","nmdesa":"LIANG BUNYU","nmsls":"RT 007"}},{"type":"Feature","geometry":{"type":"MultiPolygon","coordinates":[[[[117.75286,4.11138],[117.7528,4.11118],[117.75253,4.11062],[117.75236,4.11018],[117.75205,4.10922],[117.75183,4.10835],[117.75158,4.10716],[117.7516,4.10711],[117.75154,4.1071],[117.7515,4.10698],[117.75149,4.10686],[117.75136,4.10639],[117.75129,4.10613],[117.75128,4.10599],[117.7513,4.10589],[117.75123,4.10578],[117.75114,4.10544],[117.75076,4.10439],[117.75049,4.10362],[117.74892,4.10444],[117.75014,4.10627],[117.75014,4.10627],[117.75007,4.10635],[117.75009,4.10642],[117.7501,4.1065],[117.75013,4.10669],[117.7502,4.10686],[117.75025,4.10697],[117.75024,4.10708],[117.75031,4.10707],[117.75037,4.10703],[117.75047,4.10702],[117.75048,4.10708],[117.75053,4.10717],[117.75054,4.10723],[117.75056,4.10727],[117.75064,4.10726],[117.75072,4.10723],[117.75081,4.10722],[117.75089,4.10719],[117.75089,4.10734],[117.75088,4.10746],[117.7509,4.10752],[117.75095,4.10762],[117.75104,4.1078],[117.75109,4.10789],[117.75112,4.10799],[117.75101,4.10805],[117.75101,4.10813],[117.75098,4.10829],[117.75097,4.10849],[117.75087,4.10858],[117.75081,4.10879],[117.75087,4.10901],[117.7509,4.10946],[117.7509,4.10946],[117.75099,4.10958],[117.75101,4.10973],[117.75114,4.10994],[117.75129,4.11013],[117.7515,4.11026],[117.75187,4.11032],[117.75183,4.11057],[117.75197,4.11083],[117.75236,4.11106],[117.75259,4.1112],[117.7527,4.11137],[117.75286,4.11138]]]]},"properties":{"kdprov":"65","kdkab":"04","kdkec":"120","kddesa":"002","kdsls":"0006","idsls":"65041200020006","nmprov":"KALIMANTAN UTARA","nmkab":"NUNUKAN","nmkec":"SEBATIK BARAT","nmdesa":"LIANG BUNYU","nmsls":"RT 006"}},{"type":"Feature","geometry":{"type":"MultiPolygon","coordinates":[[[[117.74652,4.10655],[117.74802,4.10801],[117.74805,4.10802],[117.74843,4.10846],[117.74868,4.10887],[117.74954,4.10934],[117.7509,4.10946],[117.7509,4.10946],[117.75087,4.10901],[117.75081,4.10879],[117.75087,4.10858],[117.75097,4.10849],[117.75098,4.10829],[117.75101,4.10813],[117.75101,4.10805],[117.75112,4.10799],[117.75109,4.10789],[117.75104,4.1078],[117.75095,4.10762],[117.7509,4.10752],[117.75088,4.10746],[117.75089,4.10734],[117.75089,4.10719],[117.75081,4.10722],[117.75072,4.10723],[117.75064,4.10726],[117.75056,4.10727],[117.75054,4.10723],[117.75053,4.10717],[117.75048,4.10708],[117.75047,4.10702],[117.75037,4.10703],[117.75031,4.10707],[117.75024,4.10708],[117.75025,4.10697],[117.7502,4.10686],[117.75013,4.10669],[117.7501,4.1065],[117.75009,4.10642],[117.75007,4.10635],[117.75014,4.10627],[117.75014,4.10627],[117.74892,4.10444],[117.74845,4.10468],[117.74652,4.10655]]]]},"properties":{"kdprov":"65","kdkab":"04","kdkec":"120","kddesa":"002","kdsls":"0005","idsls":"65041200020005","nmprov":"KALIMANTAN UTARA","nmkab":"NUNUKAN","nmkec":"SEBATIK BARAT","nmdesa":"LIANG BUNYU","nmsls":"RT 005"}},{"type":"Feature","geometry":{"type":"MultiPolygon","coordinates":[[[[117.77289,4.14327],[117.77378,4.14286],[117.77701,4.1407],[117.77983,4.13932],[117.78076,4.13886],[117.78334,4.13763],[117.7877,4.13476],[117.78861,4.13446],[117.78869,4.13444],[117.78986,4.13406],[117.78443,4.13096],[117.77977,4.12782],[117.77653,4.12506],[117.7731,4.1203],[117.77091,4.11535],[117.77011,4.11302],[117.76997,4.11236],[117.76924,4.1103],[117.76781,4.10864],[117.7673,4.10763],[117.7673,4.10763],[117.76727,4.10767],[117.76725,4.10769],[117.76719,4.10777],[117.76708,4.10785],[117.76698,4.10793],[117.76686,4.10798],[117.7668,4.1079],[117.76672,4.1078],[117.76638,4.10746],[117.76626,4.10724],[117.76607,4.10706],[117.7656,4.1062],[117.76553,4.10617],[117.76552,4.10623],[117.76546,4.10638],[117.76531,4.10664],[117.76502,4.10668],[117.76485,4.10665],[117.76468,4.10656],[117.76444,4.1066],[117.76425,4.10665],[117.76401,4.10665],[117.76385,4.10666],[117.76372,4.10679],[117.76365,4.10689],[117.76357,4.10694],[117.76347,4.10701],[117.76334,4.10701],[117.76323,4.10704],[117.76316,4.10709],[117.76305,4.10734],[117.76307,4.10762],[117.76301,4.10785],[117.76289,4.1081],[117.76271,4.10822],[117.76264,4.10842],[117.76258,4.10849],[117.76233,4.10855],[117.76206,4.10858],[117.762,4.1086],[117.76191,4.10877],[117.76229,4.10898],[117.76235,4.10911],[117.76233,4.1093],[117.76215,4.10938],[117.76194,4.10948],[117.76186,4.1097],[117.76177,4.10983],[117.76165,4.10983],[117.76143,4.10973],[117.76132,4.10976],[117.76121,4.10984],[117.76116,4.11006],[117.76126,4.11009],[117.76137,4.11011],[117.76153,4.11016],[117.76167,4.11024],[117.76165,4.11046],[117.76157,4.11063],[117.76136,4.1108],[117.76119,4.11095],[117.76106,4.1112],[117.76068,4.1119],[117.76041,4.11225],[117.76003,4.11253],[117.75943,4.11293],[117.75943,4.11293],[117.75934,4.11299],[117.75917,4.11316],[117.759,4.11338],[117.75885,4.1137],[117.75873,4.11401],[117.75859,4.11433],[117.75839,4.11505],[117.75825,4.11552],[117.75816,4.11569],[117.75803,4.11591],[117.75798,4.11612],[117.7579,4.1164],[117.75785,4.11664],[117.75781,4.11697],[117.75767,4.11735],[117.7577,4.11759],[117.75769,4.1177],[117.75758,4.11771],[117.75733,4.11762],[117.75726,4.11774],[117.75715,4.11794],[117.75709,4.11816],[117.75709,4.1182],[117.75714,4.11831],[117.75715,4.11838],[117.75714,4.11844],[117.75712,4.11846],[117.75701,4.11849],[117.75697,4.11845],[117.75688,4.11835],[117.75676,4.11819],[117.75661,4.11769],[117.75608,4.11691],[117.75592,4.11667],[117.75573,4.11625],[117.75559,4.11615],[117.75542,4.11655],[117.75512,4.1174],[117.75485,4.1181],[117.75419,4.11893],[117.75376,4.11948],[117.75301,4.12016],[117.75232,4.12123],[117.75208,4.12138],[117.75173,4.12164],[117.75145,4.12187],[117.75118,4.12208],[117.75093,4.12228],[117.75075,4.1224],[117.7506,4.12247],[117.75006,4.12266],[117.74973,4.12276],[117.74938,4.12289],[117.74906,4.12298],[117.74876,4.12312],[117.74844,4.12318],[117.74817,4.12323],[117.74797,4.12328],[117.74779,4.12336],[117.74775,4.12338],[117.74774,4.12341],[117.74794,4.12429],[117.7489,4.12501],[117.75002,4.12528],[117.75083,4.12555],[117.75215,4.12693],[117.75335,4.12789],[117.75353,4.1285],[117.7548,4.1294],[117.75624,4.13102],[117.75552,4.13294],[117.75438,4.13445],[117.75353,4.13547],[117.75287,4.13827],[117.75266,4.13995],[117.75272,4.14103],[117.7522,4.14179],[117.75355,4.14189],[117.76193,4.14246],[117.77159,4.14386],[117.77289,4.14327]]]]},"properties":{"kdprov":"65","kdkab":"04","kdkec":"120","kddesa":"002","kdsls":"0009","idsls":"65041200020009","nmprov":"KALIMANTAN UTARA","nmkab":"NUNUKAN","nmkec":"SEBATIK BARAT","nmdesa":"LIANG BUNYU","nmsls":"RT 009"}},{"type":"Feature","geometry":{"type":"MultiPolygon","coordinates":[[[[117.77675,4.10642],[117.77625,4.10668],[117.77601,4.10637],[117.77575,4.10661],[117.77557,4.10692],[117.77547,4.10727],[117.77538,4.10752],[117.77524,4.10784],[117.77507,4.10811],[117.775,4.10838],[117.77492,4.10853],[117.77475,4.10866],[117.77449,4.10881],[117.77442,4.10896],[117.77429,4.10913],[117.77388,4.10926],[117.77351,4.10936],[117.77326,4.10966],[117.77309,4.10981],[117.77289,4.10964],[117.77268,4.10954],[117.77249,4.10952],[117.77236,4.10959],[117.77226,4.10999],[117.77212,4.11035],[117.7719,4.11035],[117.7713,4.11011],[117.77103,4.10991],[117.77052,4.10916],[117.77029,4.10891],[117.7701,4.10848],[117.76981,4.10793],[117.76936,4.10734],[117.76924,4.10732],[117.76871,4.10778],[117.7684,4.10776],[117.76832,4.10771],[117.76813,4.10763],[117.76802,4.10763],[117.768,4.10764],[117.76789,4.1076],[117.76767,4.10756],[117.76747,4.10757],[117.7673,4.10763],[117.76781,4.10864],[117.76924,4.1103],[117.76997,4.11236],[117.77011,4.11302],[117.77091,4.11535],[117.7731,4.1203],[117.77653,4.12506],[117.77977,4.12782],[117.78443,4.13096],[117.78986,4.13406],[117.79335,4.13292],[117.79888,4.13094],[117.80189,4.12952],[117.80207,4.12943],[117.80223,4.12938],[117.80228,4.12898],[117.80235,4.12882],[117.80238,4.12864],[117.80233,4.12846],[117.80225,4.12837],[117.80202,4.12838],[117.80168,4.1285],[117.80114,4.12853],[117.80034,4.1279],[117.79965,4.12756],[117.79925,4.12624],[117.79925,4.12498],[117.79873,4.12349],[117.79822,4.12281],[117.79667,4.12218],[117.79524,4.12155],[117.79404,4.12029],[117.79301,4.11903],[117.79152,4.11511],[117.7908,4.11399],[117.79006,4.11276],[117.79043,4.11081],[117.79026,4.10986],[117.79017,4.10979],[117.79011,4.10971],[117.78985,4.10991],[117.78955,4.10999],[117.78925,4.11015],[117.78894,4.11029],[117.78847,4.11031],[117.78833,4.11036],[117.78813,4.11067],[117.78794,4.11064],[117.78751,4.11052],[117.78711,4.11051],[117.78703,4.11069],[117.7868,4.11122],[117.78658,4.11144],[117.7861,4.11155],[117.78589,4.11155],[117.78571,4.11152],[117.78549,4.11147],[117.78534,4.11145],[117.78517,4.11149],[117.78499,4.11155],[117.78485,4.11167],[117.78463,4.1118],[117.78437,4.11188],[117.78413,4.11193],[117.78388,4.11198],[117.78367,4.11205],[117.78345,4.11205],[117.78326,4.11214],[117.78312,4.11226],[117.7829,4.11221],[117.78272,4.11228],[117.78266,4.11226],[117.78241,4.11213],[117.78217,4.1121],[117.78182,4.11215],[117.78143,4.11214],[117.78094,4.11198],[117.78065,4.1118],[117.78036,4.11151],[117.78011,4.11127],[117.77998,4.11103],[117.77994,4.1108],[117.77986,4.1106],[117.77968,4.11038],[117.77956,4.1103],[117.77946,4.11024],[117.77929,4.11024],[117.77922,4.11014],[117.77906,4.10995],[117.77889,4.1097],[117.77871,4.10943],[117.7786,4.10919],[117.77846,4.10896],[117.77828,4.10868],[117.77799,4.10833],[117.77776,4.10788],[117.77766,4.10771],[117.77754,4.10755],[117.77741,4.10736],[117.77713,4.10702],[117.77681,4.10655],[117.77675,4.10642]]]]},"properties":{"kdprov":"65","kdkab":"04","kdkec":"120","kddesa":"003","kdsls":"0004","idsls":"65041200030004","nmprov":"KALIMANTAN UTARA","nmkab":"NUNUKAN","nmkec":"SEBATIK BARAT","nmdesa":"BINALAWAN","nmsls":"RT 004"}},{"type":"Feature","geometry":{"type":"MultiPolygon","coordinates":[[[[117.76287,4.16013],[117.76246,4.16012],[117.76247,4.15961],[117.76291,4.15964],[117.76327,4.15527],[117.76412,4.14716],[117.76412,4.14716],[117.76415,4.14686],[117.7691,4.14492],[117.77019,4.14449],[117.77128,4.144],[117.77159,4.14386],[117.76193,4.14246],[117.75355,4.14189],[117.75329,4.14286],[117.75298,4.14318],[117.75212,4.14327],[117.75136,4.14414],[117.75122,4.14475],[117.75091,4.14552],[117.75086,4.14583],[117.75052,4.14644],[117.7498,4.14731],[117.74976,4.14737],[117.74951,4.14742],[117.74915,4.14756],[117.74906,4.14769],[117.74877,4.14804],[117.74833,4.14818],[117.74805,4.14825],[117.74772,4.14863],[117.74761,4.14908],[117.74748,4.14989],[117.74752,4.15011],[117.74752,4.15033],[117.74739,4.15067],[117.74764,4.15094],[117.74769,4.15124],[117.74721,4.15166],[117.74701,4.15176],[117.74674,4.15189],[117.74671,4.1523],[117.74691,4.15266],[117.7471,4.15279],[117.74727,4.15311],[117.74741,4.15312],[117.74757,4.15303],[117.7478,4.15293],[117.74812,4.15297],[117.74847,4.15303],[117.74901,4.15309],[117.74908,4.15327],[117.7488,4.1541],[117.74878,4.15464],[117.74876,4.15518],[117.74876,4.15556],[117.74847,4.15563],[117.74819,4.15573],[117.74789,4.15582],[117.74772,4.15592],[117.74754,4.15614],[117.74748,4.15685],[117.74751,4.15712],[117.74752,4.15742],[117.74728,4.15754],[117.74709,4.15775],[117.74686,4.15802],[117.74656,4.15817],[117.74635,4.1582],[117.74562,4.15835],[117.74523,4.15842],[117.74472,4.15886],[117.7443,4.15893],[117.74341,4.1589],[117.74271,4.15919],[117.74197,4.15943],[117.74158,4.15974],[117.74088,4.16037],[117.7404,4.16073],[117.74008,4.16099],[117.73989,4.16132],[117.74004,4.16177],[117.74032,4.16244],[117.74086,4.16379],[117.74098,4.16463],[117.74142,4.16573],[117.74177,4.16606],[117.74179,4.1664],[117.74178,4.16667],[117.76231,4.16666],[117.76235,4.1664],[117.76287,4.16013]]]]},"properties":{"kdprov":"65","kdkab":"04","kdkec":"120","kddesa":"001","kdsls":"0007","idsls":"65041200010007","nmprov":"KALIMANTAN UTARA","nmkab":"NUNUKAN","nmkec":"SEBATIK BARAT","nmdesa":"BAMBANGAN","nmsls":"RT 007"}},{"type":"Feature","geometry":{"type":"MultiPolygon","coordinates":[[[[117.75232,4.12123],[117.75301,4.12016],[117.75376,4.11948],[117.75419,4.11893],[117.75485,4.1181],[117.75512,4.1174],[117.75542,4.11655],[117.75559,4.11615],[117.75516,4.11585],[117.75487,4.11553],[117.75467,4.11502],[117.75456,4.11423],[117.75423,4.11408],[117.75381,4.11379],[117.75367,4.1134],[117.75365,4.11274],[117.75351,4.11245],[117.75327,4.11208],[117.75309,4.11181],[117.75293,4.11156],[117.75289,4.11139],[117.75286,4.11138],[117.7527,4.11137],[117.75259,4.1112],[117.75236,4.11106],[117.75197,4.11083],[117.75183,4.11057],[117.75187,4.11032],[117.7515,4.11026],[117.75129,4.11013],[117.75114,4.10994],[117.75101,4.10973],[117.75099,4.10958],[117.7509,4.10946],[117.74954,4.10934],[117.74868,4.10887],[117.74843,4.10846],[117.74805,4.10802],[117.74802,4.10801],[117.74652,4.10655],[117.74617,4.1069],[117.74046,4.11239],[117.74117,4.11315],[117.74155,4.11363],[117.74181,4.11402],[117.74215,4.11429],[117.74226,4.11451],[117.74231,4.11476],[117.74222,4.11501],[117.74217,4.11528],[117.74215,4.11544],[117.74215,4.11545],[117.74256,4.11579],[117.74301,4.11601],[117.74316,4.11613],[117.74338,4.11648],[117.74374,4.11693],[117.74384,4.11727],[117.74398,4.11743],[117.74414,4.11762],[117.74434,4.11789],[117.74459,4.11811],[117.74477,4.11836],[117.74481,4.11868],[117.74477,4.11897],[117.74468,4.11939],[117.74471,4.11982],[117.74479,4.12003],[117.74524,4.12021],[117.74573,4.12075],[117.74628,4.12092],[117.74636,4.12103],[117.74653,4.12134],[117.74686,4.12154],[117.74722,4.12159],[117.74754,4.12187],[117.74764,4.12213],[117.74793,4.12246],[117.74806,4.12276],[117.74818,4.12308],[117.74817,4.12323],[117.74844,4.12318],[117.74876,4.12312],[117.74906,4.12298],[117.74938,4.12289],[117.74973,4.12276],[117.75006,4.12266],[117.7506,4.12247],[117.75075,4.1224],[117.75093,4.12228],[117.75118,4.12208],[117.75145,4.12187],[117.75173,4.12164],[117.75208,4.12138],[117.75232,4.12123]]]]},"properties":{"kdprov":"65","kdkab":"04","kdkec":"120","kddesa":"002","kdsls":"0004","idsls":"65041200020004","nmprov":"KALIMANTAN UTARA","nmkab":"NUNUKAN","nmkec":"SEBATIK BARAT","nmdesa":"LIANG BUNYU","nmsls":"RT 004"}},{"type":"Feature","geometry":{"type":"MultiPolygon","coordinates":[[[[117.73667,4.12943],[117.73709,4.12971],[117.73693,4.12988],[117.73589,4.13098],[117.73559,4.13157],[117.73546,4.1329],[117.73481,4.13291],[117.7347,4.13329],[117.73461,4.13352],[117.73413,4.13436],[117.73386,4.13463],[117.73369,4.1348],[117.73354,4.13495],[117.73337,4.13511],[117.73305,4.13526],[117.7328,4.13545],[117.73269,4.13566],[117.73257,4.13609],[117.7326,4.13648],[117.73271,4.13676],[117.73292,4.13704],[117.73316,4.1376],[117.7333,4.13799],[117.7333,4.13818],[117.73348,4.13824],[117.73377,4.13833],[117.73399,4.13856],[117.73407,4.13884],[117.73422,4.13898],[117.73441,4.13903],[117.73482,4.13896],[117.73506,4.13898],[117.73522,4.13909],[117.73563,4.13936],[117.73594,4.13974],[117.73608,4.13999],[117.73621,4.14008],[117.73662,4.14021],[117.73684,4.14039],[117.73707,4.1406],[117.7374,4.14093],[117.73812,4.14131],[117.74296,4.14142],[117.74881,4.14156],[117.7522,4.14179],[117.75272,4.14103],[117.75266,4.13995],[117.75287,4.13827],[117.75353,4.13547],[117.75438,4.13445],[117.75552,4.13294],[117.75624,4.13102],[117.7548,4.1294],[117.75353,4.1285],[117.75335,4.12789],[117.75215,4.12693],[117.75083,4.12555],[117.75002,4.12528],[117.7489,4.12501],[117.74794,4.12429],[117.74774,4.12341],[117.74775,4.12338],[117.74779,4.12336],[117.74797,4.12328],[117.74817,4.12323],[117.74818,4.12308],[117.74806,4.12276],[117.74793,4.12246],[117.74764,4.12213],[117.74754,4.12187],[117.74722,4.12159],[117.74686,4.12154],[117.74653,4.12134],[117.74636,4.12103],[117.74628,4.12092],[117.74573,4.12075],[117.74524,4.12021],[117.74479,4.12003],[117.74471,4.11982],[117.74468,4.11939],[117.74477,4.11897],[117.74481,4.11868],[117.74477,4.11836],[117.74459,4.11811],[117.74434,4.11789],[117.74414,4.11762],[117.74398,4.11743],[117.74384,4.11727],[117.74374,4.11693],[117.74338,4.11648],[117.74316,4.11613],[117.74301,4.11601],[117.74256,4.11579],[117.74215,4.11545],[117.74215,4.11544],[117.74217,4.11528],[117.74222,4.11501],[117.74231,4.11476],[117.74226,4.11451],[117.74215,4.11429],[117.74181,4.11402],[117.74155,4.11363],[117.74117,4.11315],[117.74046,4.11239],[117.73895,4.11385],[117.73736,4.11517],[117.7359,4.1163],[117.73491,4.1166],[117.7346,4.11678],[117.73484,4.11713],[117.73502,4.11749],[117.73514,4.1179],[117.73518,4.11816],[117.73516,4.11827],[117.73517,4.11828],[117.73528,4.11829],[117.73543,4.1183],[117.73573,4.11819],[117.73591,4.1181],[117.73614,4.1181],[117.73642,4.11825],[117.73671,4.11865],[117.73672,4.11921],[117.73672,4.11942],[117.73651,4.11973],[117.73642,4.12008],[117.73675,4.12003],[117.73695,4.11994],[117.73732,4.11991],[117.73757,4.11997],[117.73799,4.1202],[117.73821,4.12029],[117.73851,4.12047],[117.73874,4.1207],[117.73878,4.12112],[117.73938,4.12136],[117.74015,4.1214],[117.74035,4.12173],[117.74099,4.12199],[117.74198,4.12241],[117.74283,4.12307],[117.74328,4.12409],[117.74385,4.12465],[117.74424,4.12483],[117.74476,4.12493],[117.74502,4.12514],[117.74526,4.12535],[117.74559,4.12543],[117.74585,4.12547],[117.74623,4.12543],[117.74649,4.12537],[117.74667,4.1253],[117.74683,4.12524],[117.747,4.12521],[117.7471,4.12514],[117.74715,4.12524],[117.74716,4.12548],[117.74718,4.12551],[117.74715,4.12563],[117.74714,4.12594],[117.74704,4.12632],[117.74696,4.12703],[117.74691,4.12725],[117.74679,4.12741],[117.74652,4.1276],[117.7461,4.12774],[117.74592,4.12773],[117.74574,4.12769],[117.74555,4.12764],[117.74524,4.12756],[117.74494,4.12757],[117.74466,4.1276],[117.7444,4.12767],[117.74419,4.1277],[117.74399,4.1277],[117.74382,4.12764],[117.74367,4.12752],[117.74343,4.12738],[117.74324,4.12723],[117.74306,4.12713],[117.74293,4.12705],[117.74274,4.12704],[117.74255,4.12711],[117.7423,4.12728],[117.74208,4.12747],[117.74177,4.12779],[117.74161,4.12794],[117.74145,4.12803],[117.74132,4.1281],[117.74113,4.12816],[117.74081,4.12816],[117.74053,4.12814],[117.74038,4.12811],[117.74021,4.12806],[117.73991,4.12806],[117.73971,4.1282],[117.73946,4.12852],[117.73915,4.12904],[117.73908,4.12914],[117.73898,4.12921],[117.73886,4.12929],[117.73874,4.12931],[117.7386,4.12932],[117.73845,4.1293],[117.73823,4.12924],[117.73806,4.12918],[117.73802,4.12916],[117.73791,4.12912],[117.73743,4.12896],[117.73724,4.12893],[117.7371,4.12895],[117.73691,4.12905],[117.73681,4.12918],[117.7367,4.12938],[117.73667,4.12943]]]]},"properties":{"kdprov":"65","kdkab":"04","kdkec":"120","kddesa":"002","kdsls":"0003","idsls":"65041200020003","nmprov":"KALIMANTAN UTARA","nmkab":"NUNUKAN","nmkec":"SEBATIK BARAT","nmdesa":"LIANG BUNYU","nmsls":"RT 003"}},{"type":"Feature","geometry":{"type":"MultiPolygon","coordinates":[[[[117.73806,4.12918],[117.73823,4.12924],[117.73845,4.1293],[117.7386,4.12932],[117.73874,4.12931],[117.73886,4.12929],[117.73898,4.12921],[117.73908,4.12914],[117.73915,4.12904],[117.73946,4.12852],[117.73971,4.1282],[117.73991,4.12806],[117.74021,4.12806],[117.74038,4.12811],[117.74053,4.12814],[117.74081,4.12816],[117.74113,4.12816],[117.74132,4.1281],[117.74145,4.12803],[117.74161,4.12794],[117.74177,4.12779],[117.74208,4.12747],[117.7423,4.12728],[117.74255,4.12711],[117.74274,4.12704],[117.74293,4.12705],[117.74306,4.12713],[117.74324,4.12723],[117.74343,4.12738],[117.74367,4.12752],[117.74382,4.12764],[117.74399,4.1277],[117.74419,4.1277],[117.7444,4.12767],[117.74466,4.1276],[117.74494,4.12757],[117.74524,4.12756],[117.74555,4.12764],[117.74574,4.12769],[117.74592,4.12773],[117.7461,4.12774],[117.74652,4.1276],[117.74679,4.12741],[117.74691,4.12725],[117.74696,4.12703],[117.74704,4.12632],[117.74714,4.12594],[117.74715,4.12563],[117.74718,4.12551],[117.74716,4.12548],[117.74715,4.12524],[117.7471,4.12514],[117.747,4.12521],[117.74683,4.12524],[117.74667,4.1253],[117.74649,4.12537],[117.74623,4.12543],[117.74585,4.12547],[117.74559,4.12543],[117.74526,4.12535],[117.74502,4.12514],[117.74476,4.12493],[117.74424,4.12483],[117.74385,4.12465],[117.74328,4.12409],[117.74283,4.12307],[117.74198,4.12241],[117.74099,4.12199],[117.74035,4.12173],[117.74015,4.1214],[117.73938,4.12136],[117.73878,4.12112],[117.73874,4.1207],[117.73851,4.12047],[117.73821,4.12029],[117.73799,4.1202],[117.73757,4.11997],[117.73732,4.11991],[117.73695,4.11994],[117.73675,4.12003],[117.73642,4.12008],[117.73651,4.11973],[117.73672,4.11942],[117.73672,4.11921],[117.73671,4.11865],[117.73642,4.11825],[117.73614,4.1181],[117.73591,4.1181],[117.73573,4.11819],[117.73543,4.1183],[117.73528,4.11829],[117.73517,4.11828],[117.73516,4.11827],[117.73518,4.11816],[117.73514,4.1179],[117.73502,4.11749],[117.73484,4.11713],[117.7346,4.11678],[117.73451,4.11682],[117.73477,4.11729],[117.73496,4.11775],[117.73507,4.118],[117.73505,4.11825],[117.73479,4.11901],[117.73461,4.11974],[117.73452,4.12015],[117.73448,4.12043],[117.73442,4.12095],[117.73449,4.12116],[117.73461,4.12134],[117.7348,4.12146],[117.7349,4.12148],[117.73506,4.12143],[117.73516,4.12141],[117.73522,4.12141],[117.73525,4.12144],[117.73533,4.1215],[117.73535,4.12157],[117.73547,4.12193],[117.73554,4.12213],[117.73553,4.12249],[117.73545,4.12272],[117.73538,4.12293],[117.73539,4.12309],[117.73546,4.12323],[117.73564,4.1235],[117.73565,4.12365],[117.73558,4.1237],[117.73548,4.12372],[117.73544,4.12372],[117.73544,4.12381],[117.73546,4.12393],[117.73546,4.1241],[117.73546,4.12428],[117.73544,4.12449],[117.73548,4.12455],[117.73559,4.12487],[117.73569,4.12503],[117.73574,4.12517],[117.73577,4.12538],[117.73581,4.12545],[117.7359,4.12552],[117.73601,4.12563],[117.73601,4.12569],[117.73603,4.12575],[117.73613,4.12599],[117.73615,4.12629],[117.73627,4.12655],[117.73636,4.12678],[117.73655,4.12723],[117.73683,4.12763],[117.7371,4.12794],[117.73743,4.12818],[117.73769,4.1283],[117.7378,4.1285],[117.73795,4.12877],[117.7381,4.12913],[117.73806,4.12918]]]]},"properties":{"kdprov":"65","kdkab":"04","kdkec":"120","kddesa":"002","kdsls":"0002","idsls":"65041200020002","nmprov":"KALIMANTAN UTARA","nmkab":"NUNUKAN","nmkec":"SEBATIK BARAT","nmdesa":"LIANG BUNYU","nmsls":"RT 002"}},{"type":"Feature","geometry":{"type":"MultiPolygon","coordinates":[[[[117.73278,4.13878],[117.73312,4.13863],[117.73327,4.13845],[117.7333,4.13818],[117.7333,4.13799],[117.73316,4.1376],[117.73292,4.13704],[117.73271,4.13676],[117.7326,4.13648],[117.73257,4.13609],[117.73269,4.13566],[117.7328,4.13545],[117.73305,4.13526],[117.73337,4.13511],[117.73354,4.13495],[117.73369,4.1348],[117.73386,4.13463],[117.73413,4.13436],[117.73461,4.13352],[117.7347,4.13329],[117.73481,4.13291],[117.73546,4.1329],[117.73559,4.13157],[117.73589,4.13098],[117.73693,4.12988],[117.73709,4.12971],[117.73667,4.12943],[117.7367,4.12938],[117.73681,4.12918],[117.73691,4.12905],[117.7371,4.12895],[117.73724,4.12893],[117.73743,4.12896],[117.73791,4.12912],[117.73802,4.12916],[117.73806,4.12918],[117.7381,4.12913],[117.73795,4.12877],[117.7378,4.1285],[117.73769,4.1283],[117.73743,4.12818],[117.7371,4.12794],[117.73683,4.12763],[117.73655,4.12723],[117.73636,4.12678],[117.73627,4.12655],[117.73615,4.12629],[117.73613,4.12599],[117.73603,4.12575],[117.73601,4.12569],[117.73601,4.12563],[117.7359,4.12552],[117.73581,4.12545],[117.73577,4.12538],[117.73574,4.12517],[117.73569,4.12503],[117.73559,4.12487],[117.73548,4.12455],[117.73544,4.12449],[117.73546,4.12428],[117.73546,4.1241],[117.73546,4.12393],[117.73544,4.12381],[117.73544,4.12372],[117.73548,4.12372],[117.73558,4.1237],[117.73565,4.12365],[117.73564,4.1235],[117.73546,4.12323],[117.73539,4.12309],[117.73538,4.12293],[117.73545,4.12272],[117.73553,4.12249],[117.73554,4.12213],[117.73547,4.12193],[117.73535,4.12157],[117.73533,4.1215],[117.73525,4.12144],[117.73522,4.12141],[117.73516,4.12141],[117.73506,4.12143],[117.7349,4.12148],[117.7348,4.12146],[117.73461,4.12134],[117.73449,4.12116],[117.73442,4.12095],[117.73448,4.12043],[117.73452,4.12015],[117.73461,4.11974],[117.73479,4.11901],[117.73505,4.11825],[117.73507,4.118],[117.73496,4.11775],[117.73477,4.11729],[117.73451,4.11682],[117.7336,4.11735],[117.73244,4.11795],[117.73174,4.11875],[117.73132,4.11933],[117.73019,4.11998],[117.72932,4.12046],[117.72822,4.12165],[117.72775,4.12235],[117.72742,4.12294],[117.72679,4.12368],[117.72643,4.12429],[117.72612,4.12455],[117.72583,4.12464],[117.72533,4.12486],[117.72478,4.12542],[117.72414,4.12614],[117.72372,4.12698],[117.7237,4.127],[117.72429,4.12782],[117.72459,4.12829],[117.72484,4.1288],[117.72487,4.12887],[117.72488,4.12915],[117.72482,4.12953],[117.72483,4.13015],[117.72499,4.13058],[117.72508,4.13076],[117.72515,4.13083],[117.726,4.13128],[117.72681,4.13168],[117.72733,4.13184],[117.72828,4.13231],[117.72866,4.1326],[117.72931,4.13348],[117.72953,4.13411],[117.72974,4.13474],[117.72996,4.13535],[117.73037,4.13625],[117.73052,4.1367],[117.73079,4.13753],[117.73095,4.13814],[117.73088,4.13849],[117.73184,4.13869],[117.73244,4.13867],[117.73278,4.13878]]]]},"properties":{"kdprov":"65","kdkab":"04","kdkec":"120","kddesa":"002","kdsls":"0001","idsls":"65041200020001","nmprov":"KALIMANTAN UTARA","nmkab":"NUNUKAN","nmkec":"SEBATIK BARAT","nmdesa":"LIANG BUNYU","nmsls":"RT 001"}},{"type":"Feature","geometry":{"type":"MultiPolygon","coordinates":[[[[117.76425,4.09702],[117.76442,4.09712],[117.76451,4.09731],[117.76469,4.09753],[117.76474,4.09776],[117.76486,4.09808],[117.76497,4.0983],[117.76507,4.09839],[117.76522,4.09849],[117.7655,4.09867],[117.76578,4.0989],[117.76585,4.09897],[117.7659,4.09907],[117.76591,4.09916],[117.76591,4.09927],[117.76596,4.09933],[117.76606,4.09938],[117.76611,4.09941],[117.76611,4.09941],[117.76617,4.09932],[117.76635,4.09921],[117.76647,4.09918],[117.76664,4.0992],[117.76676,4.09923],[117.76713,4.09921],[117.76733,4.09921],[117.76744,4.09926],[117.7677,4.09896],[117.76848,4.09874],[117.7687,4.09861],[117.76897,4.09821],[117.76925,4.09803],[117.76962,4.09798],[117.76974,4.09782],[117.76967,4.09758],[117.76953,4.09727],[117.7697,4.09703],[117.77017,4.09683],[117.77009,4.09659],[117.77003,4.09654],[117.76986,4.09645],[117.76974,4.09634],[117.76962,4.09622],[117.76954,4.09614],[117.76955,4.09605],[117.76965,4.09597],[117.76969,4.09593],[117.76981,4.09585],[117.76997,4.0957],[117.77014,4.09555],[117.77014,4.09545],[117.77009,4.09542],[117.77005,4.09537],[117.76994,4.09526],[117.76986,4.09517],[117.76973,4.09505],[117.76957,4.09484],[117.76938,4.09459],[117.76929,4.09446],[117.76904,4.09411],[117.76864,4.09348],[117.76848,4.09328],[117.76836,4.09308],[117.76834,4.09309],[117.76813,4.09287],[117.76759,4.09204],[117.76707,4.09147],[117.76691,4.09154],[117.76658,4.09205],[117.76619,4.09235],[117.7658,4.09268],[117.76523,4.09283],[117.76474,4.09334],[117.76435,4.09413],[117.76399,4.09488],[117.76396,4.09632],[117.76425,4.09702]]]]},"properties":{"kdprov":"65","kdkab":"04","kdkec":"120","kddesa":"003","kdsls":"0001","idsls":"65041200030001","nmprov":"KALIMANTAN UTARA","nmkab":"NUNUKAN","nmkec":"SEBATIK BARAT","nmdesa":"BINALAWAN","nmsls":"RT 001"}},{"type":"Feature","geometry":{"type":"MultiPolygon","coordinates":[[[[117.77236,4.10959],[117.77249,4.10952],[117.77268,4.10954],[117.77289,4.10964],[117.77309,4.10981],[117.77326,4.10966],[117.77351,4.10936],[117.77388,4.10926],[117.77429,4.10913],[117.77442,4.10896],[117.77449,4.10881],[117.77475,4.10866],[117.77492,4.10853],[117.775,4.10838],[117.77507,4.10811],[117.77524,4.10784],[117.77538,4.10752],[117.77547,4.10727],[117.77557,4.10692],[117.77575,4.10661],[117.77601,4.10637],[117.77625,4.10668],[117.77675,4.10642],[117.77668,4.10633],[117.77668,4.10633],[117.77668,4.10629],[117.77667,4.10618],[117.77669,4.10596],[117.77673,4.10575],[117.77681,4.10557],[117.77697,4.10532],[117.77712,4.10519],[117.77726,4.10506],[117.77734,4.10485],[117.77732,4.10466],[117.77729,4.10442],[117.77732,4.10416],[117.77735,4.10402],[117.7775,4.10374],[117.77766,4.10328],[117.77773,4.10294],[117.77765,4.10276],[117.77754,4.10266],[117.77718,4.10241],[117.777,4.10211],[117.7769,4.10202],[117.77683,4.10194],[117.77677,4.10191],[117.77669,4.10185],[117.77666,4.10176],[117.77664,4.10166],[117.77664,4.10157],[117.77663,4.10146],[117.77664,4.1013],[117.77663,4.10119],[117.77652,4.10098],[117.77647,4.10089],[117.77626,4.10084],[117.77605,4.10084],[117.77591,4.10083],[117.77569,4.10077],[117.77557,4.10064],[117.77551,4.10052],[117.77536,4.10009],[117.77527,4.0996],[117.77512,4.09928],[117.77501,4.09902],[117.77489,4.09868],[117.77435,4.09724],[117.77416,4.09697],[117.7741,4.09671],[117.77415,4.09649],[117.77439,4.09629],[117.77444,4.0961],[117.77447,4.09568],[117.7746,4.09533],[117.77478,4.09509],[117.77473,4.09457],[117.77455,4.09434],[117.7745,4.09411],[117.77445,4.09389],[117.77435,4.09362],[117.77424,4.09331],[117.77418,4.09327],[117.77419,4.09326],[117.77417,4.09319],[117.77415,4.09318],[117.77399,4.09324],[117.7737,4.09338],[117.77301,4.09374],[117.77266,4.0939],[117.77227,4.09405],[117.77157,4.09438],[117.77123,4.09462],[117.77064,4.09503],[117.77038,4.09527],[117.7702,4.09545],[117.77015,4.09551],[117.77014,4.09555],[117.76997,4.0957],[117.76981,4.09585],[117.76969,4.09593],[117.76965,4.09597],[117.76955,4.09605],[117.76954,4.09614],[117.76962,4.09622],[117.76974,4.09634],[117.76986,4.09645],[117.77003,4.09654],[117.77009,4.09659],[117.77017,4.09683],[117.77047,4.09727],[117.77063,4.098],[117.77107,4.09885],[117.77123,4.09928],[117.77139,4.09979],[117.77171,4.10042],[117.77167,4.10129],[117.77162,4.10142],[117.77164,4.10177],[117.7717,4.1021],[117.77163,4.10246],[117.77158,4.10262],[117.77149,4.10268],[117.77138,4.10273],[117.77123,4.10271],[117.77101,4.10271],[117.77081,4.1027],[117.7706,4.10276],[117.7706,4.10277],[117.77058,4.10276],[117.77038,4.10284],[117.77002,4.10304],[117.76979,4.10315],[117.76943,4.10336],[117.76922,4.10358],[117.7691,4.10372],[117.76894,4.10382],[117.76867,4.10391],[117.76851,4.10398],[117.76847,4.10401],[117.76826,4.10425],[117.76814,4.10434],[117.76799,4.10432],[117.76788,4.10429],[117.7678,4.10421],[117.76772,4.10414],[117.76765,4.10405],[117.76757,4.10398],[117.76746,4.1043],[117.76715,4.10497],[117.76689,4.10531],[117.76672,4.10551],[117.76648,4.10573],[117.7663,4.10585],[117.76624,4.10589],[117.76607,4.10598],[117.7658,4.10607],[117.76556,4.10611],[117.76553,4.10612],[117.76543,4.10613],[117.76553,4.10617],[117.7656,4.1062],[117.76607,4.10706],[117.76626,4.10724],[117.76638,4.10746],[117.76672,4.1078],[117.7668,4.1079],[117.76686,4.10798],[117.76698,4.10793],[117.76708,4.10785],[117.76719,4.10777],[117.76725,4.10769],[117.76727,4.10767],[117.7673,4.10763],[117.7673,4.10763],[117.76747,4.10757],[117.76767,4.10756],[117.76789,4.1076],[117.768,4.10764],[117.76802,4.10763],[117.76813,4.10763],[117.76832,4.10771],[117.7684,4.10776],[117.76871,4.10778],[117.76924,4.10732],[117.76936,4.10734],[117.76981,4.10793],[117.7701,4.10848],[117.77029,4.10891],[117.77052,4.10916],[117.77103,4.10991],[117.7713,4.11011],[117.7719,4.11035],[117.77212,4.11035],[117.77226,4.10999],[117.77236,4.10959]]]]},"properties":{"kdprov":"65","kdkab":"04","kdkec":"120","kddesa":"003","kdsls":"0010","idsls":"65041200030010","nmprov":"KALIMANTAN UTARA","nmkab":"NUNUKAN","nmkec":"SEBATIK BARAT","nmdesa":"BINALAWAN","nmsls":"RT 010"}},{"type":"Feature","geometry":{"type":"MultiPolygon","coordinates":[[[[117.76707,4.09147],[117.76759,4.09204],[117.76813,4.09287],[117.76834,4.09309],[117.76836,4.09308],[117.76848,4.09328],[117.76864,4.09348],[117.76904,4.09411],[117.76929,4.09446],[117.76938,4.09459],[117.76957,4.09484],[117.76973,4.09505],[117.76986,4.09517],[117.76994,4.09526],[117.77005,4.09537],[117.77009,4.09542],[117.77014,4.09545],[117.77014,4.09555],[117.77015,4.09551],[117.7702,4.09545],[117.77038,4.09527],[117.77064,4.09503],[117.77123,4.09462],[117.77157,4.09438],[117.77227,4.09405],[117.77266,4.0939],[117.77301,4.09374],[117.7737,4.09338],[117.77399,4.09324],[117.77415,4.09318],[117.7741,4.09314],[117.77408,4.09302],[117.77396,4.09285],[117.77385,4.09266],[117.77375,4.0925],[117.77358,4.09234],[117.77348,4.09223],[117.7733,4.09202],[117.77302,4.09159],[117.77292,4.09136],[117.77285,4.09123],[117.77265,4.09082],[117.77254,4.09063],[117.77239,4.09034],[117.7721,4.08976],[117.77197,4.08958],[117.77174,4.08907],[117.77143,4.08866],[117.77108,4.08821],[117.76982,4.08935],[117.76904,4.0904],[117.76751,4.09127],[117.76707,4.09147]]]]},"properties":{"kdprov":"65","kdkab":"04","kdkec":"120","kddesa":"003","kdsls":"0002","idsls":"65041200030002","nmprov":"KALIMANTAN UTARA","nmkab":"NUNUKAN","nmkec":"SEBATIK BARAT","nmdesa":"BINALAWAN","nmsls":"RT 002"}},{"type":"Feature","geometry":{"type":"MultiPolygon","coordinates":[[[[117.77797,4.092],[117.77755,4.09075],[117.77333,4.08715],[117.77289,4.08754],[117.77181,4.08799],[117.77115,4.08814],[117.77108,4.08821],[117.77143,4.08866],[117.77174,4.08907],[117.77197,4.08958],[117.7721,4.08976],[117.77239,4.09034],[117.77254,4.09063],[117.77265,4.09082],[117.77285,4.09123],[117.77292,4.09136],[117.77302,4.09159],[117.7733,4.09202],[117.77348,4.09223],[117.77358,4.09234],[117.77375,4.0925],[117.77385,4.09266],[117.77396,4.09285],[117.77408,4.09302],[117.7741,4.09314],[117.77415,4.09318],[117.77427,4.09312],[117.77437,4.09307],[117.77485,4.09293],[117.77514,4.09284],[117.77548,4.09271],[117.77582,4.09259],[117.77617,4.09251],[117.77664,4.09242],[117.777,4.09237],[117.7773,4.09232],[117.77789,4.09203],[117.77797,4.092]]]]},"properties":{"kdprov":"65","kdkab":"04","kdkec":"120","kddesa":"003","kdsls":"0008","idsls":"65041200030008","nmprov":"KALIMANTAN UTARA","nmkab":"NUNUKAN","nmkec":"SEBATIK BARAT","nmdesa":"BINALAWAN","nmsls":"RT 008"}},{"type":"Feature","geometry":{"type":"MultiPolygon","coordinates":[[[[117.77979,4.09119],[117.77991,4.09113],[117.78007,4.09108],[117.78082,4.091],[117.7807,4.09052],[117.78057,4.08998],[117.78044,4.0895],[117.77877,4.08784],[117.77851,4.08727],[117.77843,4.08687],[117.77838,4.08664],[117.77825,4.086],[117.77797,4.08454],[117.77758,4.08387],[117.77692,4.08427],[117.77626,4.08457],[117.77614,4.08484],[117.77587,4.08523],[117.77557,4.08556],[117.77515,4.08583],[117.77451,4.08613],[117.77424,4.08628],[117.77385,4.08667],[117.77346,4.08703],[117.77333,4.08715],[117.77755,4.09075],[117.77797,4.092],[117.77859,4.09171],[117.77888,4.09158],[117.7793,4.09138],[117.77962,4.09124],[117.7797,4.09124],[117.77979,4.09119]]]]},"properties":{"kdprov":"65","kdkab":"04","kdkec":"120","kddesa":"003","kdsls":"0012","idsls":"65041200030012","nmprov":"KALIMANTAN UTARA","nmkab":"NUNUKAN","nmkec":"SEBATIK BARAT","nmdesa":"BINALAWAN","nmsls":"RT 012"}},{"type":"Feature","geometry":{"type":"MultiPolygon","coordinates":[[[[117.77841,4.10117],[117.77852,4.10103],[117.77862,4.10086],[117.77857,4.10054],[117.77852,4.10045],[117.77852,4.10035],[117.77842,4.10015],[117.7783,4.09995],[117.77825,4.09976],[117.77827,4.09952],[117.77823,4.09911],[117.77827,4.09885],[117.7785,4.09845],[117.77863,4.09839],[117.77886,4.09836],[117.77902,4.09833],[117.77928,4.09815],[117.77939,4.09801],[117.77949,4.09785],[117.77965,4.09769],[117.77986,4.09746],[117.77994,4.09728],[117.77999,4.09712],[117.78004,4.0964],[117.77973,4.0959],[117.78017,4.0956],[117.78066,4.09523],[117.78134,4.09531],[117.78142,4.09533],[117.78126,4.09494],[117.781,4.09429],[117.7802,4.0923],[117.77979,4.09119],[117.7797,4.09124],[117.77962,4.09124],[117.7793,4.09138],[117.77888,4.09158],[117.77859,4.09171],[117.77797,4.092],[117.77789,4.09203],[117.7773,4.09232],[117.777,4.09237],[117.77664,4.09242],[117.77617,4.09251],[117.77582,4.09259],[117.77548,4.09271],[117.77514,4.09284],[117.77485,4.09293],[117.77437,4.09307],[117.77427,4.09312],[117.77415,4.09318],[117.77417,4.09319],[117.77419,4.09326],[117.77418,4.09327],[117.77424,4.09331],[117.77435,4.09362],[117.77445,4.09389],[117.7745,4.09411],[117.77455,4.09434],[117.77473,4.09457],[117.77478,4.09509],[117.7746,4.09533],[117.77447,4.09568],[117.77444,4.0961],[117.77439,4.09629],[117.77415,4.09649],[117.7741,4.09671],[117.77416,4.09697],[117.77435,4.09724],[117.77489,4.09868],[117.77501,4.09902],[117.77512,4.09928],[117.77527,4.0996],[117.77536,4.10009],[117.77551,4.10052],[117.77557,4.10064],[117.77569,4.10077],[117.77591,4.10083],[117.77605,4.10084],[117.77626,4.10084],[117.77647,4.10089],[117.77652,4.10098],[117.77663,4.10119],[117.77664,4.1013],[117.77663,4.10146],[117.77664,4.10157],[117.77664,4.10166],[117.77666,4.10176],[117.77669,4.10185],[117.77677,4.10191],[117.77683,4.10194],[117.77683,4.10192],[117.77687,4.1019],[117.77695,4.10186],[117.77707,4.10182],[117.77759,4.10159],[117.77778,4.10145],[117.77798,4.1013],[117.77822,4.10121],[117.77841,4.10117]]]]},"properties":{"kdprov":"65","kdkab":"04","kdkec":"120","kddesa":"003","kdsls":"0003","idsls":"65041200030003","nmprov":"KALIMANTAN UTARA","nmkab":"NUNUKAN","nmkec":"SEBATIK BARAT","nmdesa":"BINALAWAN","nmsls":"RT 003"}},{"type":"Feature","geometry":{"type":"MultiPolygon","coordinates":[[[[117.78966,4.09417],[117.79121,4.09402],[117.79215,4.09402],[117.79209,4.09398],[117.79204,4.09394],[117.79199,4.09391],[117.79192,4.09387],[117.79185,4.09383],[117.79178,4.09379],[117.79171,4.09374],[117.79162,4.09369],[117.79152,4.09364],[117.79147,4.09362],[117.79136,4.09357],[117.79128,4.09354],[117.79119,4.09349],[117.79108,4.09345],[117.79099,4.09341],[117.79087,4.09334],[117.79076,4.09329],[117.79059,4.09321],[117.79047,4.09313],[117.79037,4.09307],[117.79025,4.09299],[117.79011,4.09292],[117.78997,4.09286],[117.78985,4.09281],[117.78963,4.09275],[117.78946,4.09272],[117.78928,4.09267],[117.78913,4.09264],[117.78895,4.09258],[117.78881,4.09252],[117.78849,4.09243],[117.78831,4.09241],[117.78812,4.09238],[117.78751,4.09233],[117.78746,4.0923],[117.78749,4.09225],[117.78753,4.09215],[117.78756,4.0921],[117.78766,4.09208],[117.78778,4.09206],[117.78778,4.09196],[117.7877,4.09189],[117.78764,4.09186],[117.78758,4.09182],[117.78756,4.09178],[117.78757,4.09165],[117.78767,4.0915],[117.78772,4.09142],[117.78783,4.09132],[117.78797,4.09126],[117.78812,4.09124],[117.78829,4.09127],[117.7884,4.09121],[117.78861,4.09109],[117.78878,4.09099],[117.78889,4.09091],[117.78895,4.09083],[117.78901,4.0907],[117.789,4.09056],[117.7891,4.09033],[117.78905,4.09016],[117.78917,4.09005],[117.78906,4.08999],[117.78892,4.08992],[117.7888,4.08974],[117.78875,4.0896],[117.78871,4.08956],[117.78856,4.08955],[117.78836,4.08955],[117.78814,4.08949],[117.78809,4.08947],[117.7881,4.08942],[117.78821,4.08936],[117.78847,4.08931],[117.78867,4.08922],[117.78875,4.08917],[117.78885,4.08912],[117.78894,4.08906],[117.78903,4.08892],[117.7891,4.08876],[117.78911,4.08873],[117.78915,4.0886],[117.78914,4.08844],[117.78905,4.08837],[117.78884,4.08833],[117.78862,4.08831],[117.78839,4.0882],[117.78832,4.08812],[117.78811,4.08802],[117.78804,4.08796],[117.78799,4.08785],[117.78803,4.08777],[117.78811,4.08765],[117.7882,4.08749],[117.7883,4.08739],[117.78847,4.08738],[117.78857,4.0874],[117.7887,4.08739],[117.78874,4.08738],[117.78883,4.08725],[117.78888,4.08717],[117.78902,4.087],[117.7892,4.08681],[117.78936,4.08669],[117.78944,4.08663],[117.78952,4.08654],[117.78957,4.08646],[117.7896,4.08637],[117.78953,4.08628],[117.78945,4.08617],[117.78931,4.08605],[117.78923,4.0859],[117.78926,4.08573],[117.78935,4.08555],[117.78943,4.08539],[117.78942,4.08521],[117.78941,4.08496],[117.78937,4.08471],[117.78907,4.08451],[117.78892,4.08421],[117.78885,4.08402],[117.78881,4.08375],[117.78889,4.08354],[117.78886,4.08315],[117.78877,4.08286],[117.78859,4.08215],[117.78822,4.0811],[117.78793,4.08007],[117.78724,4.07772],[117.78551,4.07823],[117.78013,4.08287],[117.77758,4.08387],[117.77797,4.08454],[117.77825,4.086],[117.77838,4.08664],[117.77843,4.08687],[117.77851,4.08727],[117.77877,4.08784],[117.78044,4.0895],[117.78057,4.08998],[117.7807,4.09052],[117.78082,4.091],[117.78007,4.09108],[117.77991,4.09113],[117.77979,4.09119],[117.7802,4.0923],[117.781,4.09429],[117.78126,4.09494],[117.78142,4.09533],[117.7819,4.09546],[117.78252,4.09579],[117.78303,4.09579],[117.78318,4.09543],[117.78318,4.09513],[117.78316,4.09468],[117.78332,4.0944],[117.7837,4.09385],[117.78385,4.09345],[117.78381,4.09312],[117.78372,4.09295],[117.78389,4.09292],[117.78442,4.09294],[117.78465,4.09297],[117.78498,4.09295],[117.78514,4.09295],[117.78516,4.09297],[117.7852,4.09296],[117.7852,4.09298],[117.7852,4.09299],[117.78523,4.09302],[117.78558,4.09337],[117.78639,4.09385],[117.7865,4.09392],[117.78736,4.09438],[117.78966,4.09417]]]]},"properties":{"kdprov":"65","kdkab":"04","kdkec":"120","kddesa":"004","kdsls":"0001","idsls":"65041200040001","nmprov":"KALIMANTAN UTARA","nmkab":"NUNUKAN","nmkec":"SEBATIK BARAT","nmdesa":"SETABU","nmsls":"RT 001"}},{"type":"Feature","geometry":{"type":"MultiPolygon","coordinates":[[[[117.78071,4.10165],[117.78097,4.10184],[117.78121,4.10204],[117.7816,4.10219],[117.7818,4.10222],[117.782,4.10214],[117.78259,4.10216],[117.78319,4.10208],[117.78342,4.10212],[117.78372,4.10215],[117.78431,4.10221],[117.78514,4.10233],[117.78526,4.10246],[117.7863,4.10243],[117.78697,4.10249],[117.78862,4.10267],[117.78864,4.10263],[117.78908,4.1017],[117.78932,4.101],[117.78953,4.10079],[117.78982,4.10052],[117.79015,4.10037],[117.79041,4.10013],[117.79067,4.09965],[117.79091,4.09923],[117.7911,4.09862],[117.79126,4.09782],[117.79132,4.09745],[117.79117,4.09717],[117.79073,4.09664],[117.79021,4.09601],[117.78997,4.09584],[117.78988,4.0956],[117.78999,4.09536],[117.78999,4.09481],[117.78978,4.09453],[117.78966,4.09417],[117.78736,4.09438],[117.7865,4.09392],[117.78639,4.09385],[117.78558,4.09337],[117.78523,4.09302],[117.7852,4.09299],[117.7852,4.09298],[117.7852,4.09296],[117.78516,4.09297],[117.78514,4.09295],[117.78498,4.09295],[117.78465,4.09297],[117.78442,4.09294],[117.78389,4.09292],[117.78372,4.09295],[117.78381,4.09312],[117.78385,4.09345],[117.7837,4.09385],[117.78332,4.0944],[117.78316,4.09468],[117.78318,4.09513],[117.78318,4.09543],[117.78303,4.09579],[117.78252,4.09579],[117.7819,4.09546],[117.78142,4.09533],[117.78134,4.09531],[117.78066,4.09523],[117.78017,4.0956],[117.77973,4.0959],[117.78004,4.0964],[117.77999,4.09712],[117.77994,4.09728],[117.77986,4.09746],[117.77965,4.09769],[117.77949,4.09785],[117.77939,4.09801],[117.77928,4.09815],[117.77902,4.09833],[117.77886,4.09836],[117.77863,4.09839],[117.7785,4.09845],[117.77827,4.09885],[117.77823,4.09911],[117.77827,4.09952],[117.77825,4.09976],[117.7783,4.09995],[117.77842,4.10015],[117.77852,4.10035],[117.77852,4.10045],[117.77857,4.10054],[117.77862,4.10086],[117.77852,4.10103],[117.77841,4.10117],[117.77851,4.10119],[117.77862,4.10123],[117.77869,4.1013],[117.77878,4.10136],[117.77887,4.10147],[117.77897,4.10151],[117.77953,4.10149],[117.78022,4.10149],[117.78052,4.10155],[117.78066,4.10159],[117.78071,4.10165]]]]},"properties":{"kdprov":"65","kdkab":"04","kdkec":"120","kddesa":"003","kdsls":"0005","idsls":"65041200030005","nmprov":"KALIMANTAN UTARA","nmkab":"NUNUKAN","nmkec":"SEBATIK BARAT","nmdesa":"BINALAWAN","nmsls":"RT 005"}},{"type":"Feature","geometry":{"type":"MultiPolygon","coordinates":[[[[117.79667,4.09302],[117.79882,4.09242],[117.79921,4.09232],[117.79926,4.09188],[117.79926,4.09188],[117.79796,4.09182],[117.79717,4.09258],[117.79708,4.09246],[117.79705,4.09239],[117.79705,4.09239],[117.79688,4.09175],[117.79644,4.09184],[117.79681,4.09022],[117.79816,4.08866],[117.79856,4.08792],[117.79976,4.08694],[117.79961,4.0868],[117.79942,4.08658],[117.79928,4.08636],[117.79928,4.08636],[117.7992,4.08631],[117.79858,4.08438],[117.79864,4.08396],[117.79885,4.08368],[117.79914,4.08318],[117.79901,4.08228],[117.79896,4.08117],[117.79895,4.08097],[117.79892,4.08077],[117.79881,4.08049],[117.79869,4.08015],[117.79868,4.08013],[117.79904,4.07989],[117.79918,4.07974],[117.79927,4.07967],[117.79939,4.07958],[117.79945,4.07957],[117.79954,4.07959],[117.7996,4.07961],[117.79962,4.07963],[117.79967,4.07964],[117.7998,4.07966],[117.79992,4.07966],[117.80004,4.07963],[117.80012,4.07958],[117.80017,4.07948],[117.80013,4.07863],[117.80012,4.07842],[117.80005,4.07829],[117.7999,4.07813],[117.79969,4.07783],[117.79949,4.07756],[117.7993,4.07728],[117.79922,4.07708],[117.79914,4.0768],[117.79905,4.07618],[117.799,4.076],[117.79862,4.07516],[117.79774,4.07226],[117.79479,4.074],[117.79477,4.074],[117.79095,4.07554],[117.78763,4.0776],[117.78724,4.07772],[117.78793,4.08007],[117.78822,4.0811],[117.78859,4.08215],[117.78877,4.08286],[117.78886,4.08315],[117.78889,4.08354],[117.78881,4.08375],[117.78885,4.08402],[117.78892,4.08421],[117.78907,4.08451],[117.78937,4.08471],[117.78941,4.08496],[117.78942,4.08521],[117.78943,4.08539],[117.78935,4.08555],[117.78926,4.08573],[117.78923,4.0859],[117.78931,4.08605],[117.78945,4.08617],[117.78953,4.08628],[117.7896,4.08637],[117.78957,4.08646],[117.78952,4.08654],[117.78944,4.08663],[117.78936,4.08669],[117.7892,4.08681],[117.78902,4.087],[117.78888,4.08717],[117.78883,4.08725],[117.78874,4.08738],[117.7887,4.08739],[117.78857,4.0874],[117.78847,4.08738],[117.7883,4.08739],[117.7882,4.08749],[117.78811,4.08765],[117.78803,4.08777],[117.78799,4.08785],[117.78804,4.08796],[117.78811,4.08802],[117.78832,4.08812],[117.78839,4.0882],[117.78862,4.08831],[117.78884,4.08833],[117.78905,4.08837],[117.78914,4.08844],[117.78915,4.0886],[117.78911,4.08873],[117.7891,4.08876],[117.78903,4.08892],[117.78894,4.08906],[117.78885,4.08912],[117.78875,4.08917],[117.78867,4.08922],[117.78847,4.08931],[117.78821,4.08936],[117.7881,4.08942],[117.78809,4.08947],[117.78814,4.08949],[117.78836,4.08955],[117.78856,4.08955],[117.78871,4.08956],[117.78875,4.0896],[117.7888,4.08974],[117.78892,4.08992],[117.78906,4.08999],[117.78917,4.09005],[117.78905,4.09016],[117.7891,4.09033],[117.789,4.09056],[117.78901,4.0907],[117.78895,4.09083],[117.78889,4.09091],[117.78878,4.09099],[117.78861,4.09109],[117.7884,4.09121],[117.78829,4.09127],[117.78812,4.09124],[117.78797,4.09126],[117.78783,4.09132],[117.78772,4.09142],[117.78767,4.0915],[117.78757,4.09165],[117.78756,4.09178],[117.78758,4.09182],[117.78764,4.09186],[117.7877,4.09189],[117.78778,4.09196],[117.78778,4.09206],[117.78766,4.09208],[117.78756,4.0921],[117.78753,4.09215],[117.78749,4.09225],[117.78746,4.0923],[117.78751,4.09233],[117.78812,4.09238],[117.78831,4.09241],[117.78849,4.09243],[117.78881,4.09252],[117.78895,4.09258],[117.78913,4.09264],[117.78928,4.09267],[117.78946,4.09272],[117.78963,4.09275],[117.78985,4.09281],[117.78997,4.09286],[117.79011,4.09292],[117.79025,4.09299],[117.79037,4.09307],[117.79047,4.09313],[117.79059,4.09321],[117.79076,4.09329],[117.79087,4.09334],[117.79099,4.09341],[117.79108,4.09345],[117.79119,4.09349],[117.79128,4.09354],[117.79136,4.09357],[117.79147,4.09362],[117.79152,4.09364],[117.79162,4.09369],[117.79171,4.09374],[117.79178,4.09379],[117.79185,4.09383],[117.79192,4.09387],[117.79199,4.09391],[117.79204,4.09394],[117.79209,4.09398],[117.79215,4.09402],[117.7935,4.09402],[117.79573,4.09328],[117.79667,4.09302]]]]},"properties":{"kdprov":"65","kdkab":"04","kdkec":"120","kddesa":"004","kdsls":"0002","idsls":"65041200040002","nmprov":"KALIMANTAN UTARA","nmkab":"NUNUKAN","nmkec":"SEBATIK BARAT","nmdesa":"SETABU","nmsls":"RT 002"}},{"type":"Feature","geometry":{"type":"MultiPolygon","coordinates":[[[[117.80618,4.10302],[117.80618,4.103],[117.8062,4.103],[117.80623,4.103],[117.80724,4.10038],[117.80764,4.09872],[117.80747,4.09638],[117.80615,4.09547],[117.80566,4.09516],[117.8052,4.09506],[117.80488,4.0949],[117.80477,4.0948],[117.80461,4.0946],[117.80437,4.09445],[117.80413,4.09449],[117.80384,4.09459],[117.80347,4.0944],[117.80306,4.09372],[117.80279,4.09344],[117.80271,4.09334],[117.80242,4.09293],[117.80231,4.09271],[117.80224,4.09248],[117.80209,4.09221],[117.80202,4.09208],[117.80183,4.09207],[117.8009,4.09189],[117.8009,4.09189],[117.80088,4.09191],[117.79921,4.09232],[117.79882,4.09242],[117.79667,4.09302],[117.79573,4.09328],[117.7935,4.09402],[117.79215,4.09402],[117.79121,4.09402],[117.78966,4.09417],[117.78978,4.09453],[117.78999,4.09481],[117.78999,4.09536],[117.78988,4.0956],[117.78997,4.09584],[117.79021,4.09601],[117.79073,4.09664],[117.79117,4.09717],[117.79132,4.09745],[117.79126,4.09782],[117.7911,4.09862],[117.79091,4.09923],[117.79067,4.09965],[117.79041,4.10013],[117.79015,4.10037],[117.78982,4.10052],[117.78953,4.10079],[117.78958,4.10096],[117.78965,4.10116],[117.78971,4.10123],[117.78989,4.10131],[117.79019,4.10133],[117.79023,4.10135],[117.79081,4.10113],[117.79125,4.10143],[117.79168,4.10172],[117.79194,4.10193],[117.79222,4.10231],[117.79277,4.10266],[117.79313,4.10322],[117.79313,4.10329],[117.79331,4.10344],[117.7935,4.10345],[117.7941,4.10319],[117.79426,4.10308],[117.79471,4.10351],[117.79571,4.10349],[117.79614,4.10301],[117.79683,4.10258],[117.79833,4.10269],[117.79887,4.10312],[117.79902,4.10365],[117.79913,4.10382],[117.79949,4.10388],[117.79986,4.10388],[117.80015,4.10391],[117.80078,4.10424],[117.80107,4.10454],[117.80144,4.10427],[117.8019,4.10414],[117.80242,4.10401],[117.803,4.10387],[117.80326,4.10393],[117.80357,4.10389],[117.80389,4.10384],[117.80399,4.10383],[117.80411,4.10383],[117.80483,4.10386],[117.80523,4.10394],[117.80552,4.10402],[117.80569,4.10398],[117.80592,4.10379],[117.80605,4.10358],[117.80608,4.10336],[117.80614,4.10313],[117.80618,4.10302]]]]},"properties":{"kdprov":"65","kdkab":"04","kdkec":"120","kddesa":"003","kdsls":"0006","idsls":"65041200030006","nmprov":"KALIMANTAN UTARA","nmkab":"NUNUKAN","nmkec":"SEBATIK BARAT","nmdesa":"BINALAWAN","nmsls":"RT 006"}},{"type":"Feature","geometry":{"type":"MultiPolygon","coordinates":[[[[117.8073,4.08647],[117.80716,4.08615],[117.80698,4.08585],[117.80661,4.08531],[117.80643,4.08489],[117.80642,4.08446],[117.80637,4.08382],[117.80637,4.08348],[117.80625,4.08274],[117.80606,4.08277],[117.8059,4.08276],[117.80578,4.08274],[117.80531,4.0826],[117.80533,4.08257],[117.80624,4.08132],[117.80635,4.07781],[117.80457,4.07404],[117.80283,4.06973],[117.80097,4.07142],[117.79799,4.07211],[117.79774,4.07226],[117.79862,4.07516],[117.799,4.076],[117.79905,4.07618],[117.79914,4.0768],[117.79922,4.07708],[117.7993,4.07728],[117.79949,4.07756],[117.79969,4.07783],[117.7999,4.07813],[117.80005,4.07829],[117.80012,4.07842],[117.80013,4.07863],[117.80017,4.07948],[117.80012,4.07958],[117.80004,4.07963],[117.79992,4.07966],[117.7998,4.07966],[117.79967,4.07964],[117.79962,4.07963],[117.7996,4.07961],[117.79954,4.07959],[117.79945,4.07957],[117.79939,4.07958],[117.79927,4.07967],[117.79918,4.07974],[117.79904,4.07989],[117.79868,4.08013],[117.79869,4.08015],[117.79881,4.08049],[117.79892,4.08077],[117.79895,4.08097],[117.79896,4.08117],[117.79901,4.08228],[117.79914,4.08318],[117.79885,4.08368],[117.79864,4.08396],[117.79858,4.08438],[117.7992,4.08631],[117.79928,4.08636],[117.79928,4.08636],[117.79942,4.08658],[117.79961,4.0868],[117.79976,4.08694],[117.79856,4.08792],[117.79816,4.08866],[117.79681,4.09022],[117.79644,4.09184],[117.79688,4.09175],[117.79705,4.09239],[117.79705,4.09239],[117.79708,4.09246],[117.79717,4.09258],[117.79796,4.09182],[117.79926,4.09188],[117.79926,4.09188],[117.79921,4.09232],[117.80088,4.09191],[117.8009,4.09189],[117.8009,4.09189],[117.80183,4.09207],[117.80202,4.09208],[117.80209,4.09221],[117.80224,4.09248],[117.80231,4.09271],[117.80242,4.09293],[117.80271,4.09334],[117.80381,4.09208],[117.80456,4.09259],[117.80582,4.09056],[117.80679,4.09138],[117.80781,4.08929],[117.80679,4.08839],[117.80628,4.08667],[117.8065,4.08658],[117.80672,4.08645],[117.80703,4.08645],[117.8073,4.08647]]]]},"properties":{"kdprov":"65","kdkab":"04","kdkec":"120","kddesa":"004","kdsls":"0008","idsls":"65041200040008","nmprov":"KALIMANTAN UTARA","nmkab":"NUNUKAN","nmkec":"SEBATIK BARAT","nmdesa":"SETABU","nmsls":"RT 008"}},{"type":"Feature","geometry":{"type":"MultiPolygon","coordinates":[[[[117.82492,4.10336],[117.8323,4.10168],[117.8294,4.09121],[117.82939,4.09121],[117.82896,4.09122],[117.82843,4.09132],[117.82748,4.09143],[117.82701,4.09148],[117.82681,4.09159],[117.82615,4.09161],[117.82583,4.09145],[117.82536,4.09151],[117.82496,4.09173],[117.82478,4.09186],[117.82465,4.09208],[117.82459,4.09217],[117.82457,4.09225],[117.82458,4.09233],[117.82453,4.09242],[117.82449,4.09254],[117.82441,4.09266],[117.82432,4.09284],[117.82425,4.09303],[117.82422,4.09313],[117.82413,4.09317],[117.82389,4.09315],[117.82371,4.09313],[117.82346,4.09313],[117.8233,4.09316],[117.82296,4.09323],[117.82269,4.09327],[117.82244,4.0931],[117.8223,4.09296],[117.82194,4.09268],[117.82148,4.09234],[117.82132,4.09226],[117.82114,4.09223],[117.82096,4.09231],[117.82081,4.09242],[117.82055,4.09263],[117.81966,4.09228],[117.81966,4.09205],[117.81962,4.09195],[117.81952,4.09183],[117.81942,4.09159],[117.81928,4.09139],[117.81906,4.09128],[117.81889,4.09119],[117.81856,4.09106],[117.81825,4.09102],[117.81803,4.09099],[117.81787,4.09092],[117.81777,4.09083],[117.81756,4.09071],[117.81736,4.0907],[117.81721,4.09068],[117.81694,4.09063],[117.81676,4.09064],[117.81651,4.09045],[117.81636,4.09039],[117.81626,4.09029],[117.81616,4.09021],[117.81611,4.09011],[117.81608,4.08987],[117.81609,4.08975],[117.81604,4.08954],[117.81599,4.08941],[117.81584,4.08929],[117.81573,4.08927],[117.81566,4.08929],[117.81546,4.08929],[117.81531,4.08928],[117.81518,4.08923],[117.81518,4.08923],[117.81495,4.08923],[117.81463,4.08921],[117.81449,4.0892],[117.81437,4.0892],[117.81421,4.08915],[117.81417,4.08911],[117.81411,4.08905],[117.814,4.08897],[117.81385,4.0889],[117.8137,4.08885],[117.81344,4.08887],[117.81316,4.08891],[117.81297,4.08894],[117.81271,4.089],[117.81248,4.089],[117.81233,4.08899],[117.8122,4.08893],[117.81213,4.08886],[117.81207,4.08878],[117.81191,4.08861],[117.81185,4.08855],[117.81181,4.08847],[117.81178,4.08837],[117.81174,4.08815],[117.81172,4.08808],[117.81168,4.08801],[117.81159,4.08796],[117.81151,4.0879],[117.8114,4.08787],[117.81128,4.08779],[117.81108,4.08761],[117.81102,4.08753],[117.81091,4.08743],[117.81075,4.08734],[117.81062,4.08727],[117.81053,4.08723],[117.81043,4.08719],[117.81034,4.08715],[117.81021,4.08716],[117.81008,4.08717],[117.80993,4.08715],[117.80978,4.08711],[117.80953,4.08703],[117.80933,4.08697],[117.80915,4.08691],[117.80907,4.08681],[117.80866,4.08667],[117.80832,4.08656],[117.80809,4.08653],[117.8079,4.0865],[117.80768,4.08648],[117.80746,4.08647],[117.80731,4.08648],[117.8073,4.08647],[117.80703,4.08645],[117.80672,4.08645],[117.8065,4.08658],[117.80628,4.08667],[117.80679,4.08839],[117.80781,4.08929],[117.80679,4.09138],[117.80582,4.09056],[117.80456,4.09259],[117.80381,4.09208],[117.80271,4.09334],[117.80279,4.09344],[117.80306,4.09372],[117.80347,4.0944],[117.80384,4.09459],[117.80413,4.09449],[117.80437,4.09445],[117.80461,4.0946],[117.80477,4.0948],[117.80488,4.0949],[117.8052,4.09506],[117.80566,4.09516],[117.80615,4.09547],[117.80747,4.09638],[117.80764,4.09872],[117.80724,4.10038],[117.80623,4.103],[117.8062,4.103],[117.80618,4.103],[117.80618,4.10302],[117.80674,4.10472],[117.80739,4.10622],[117.80989,4.10854],[117.80995,4.10859],[117.82093,4.10529],[117.82092,4.10529],[117.82147,4.10502],[117.82161,4.10499],[117.82245,4.10423],[117.82492,4.10336]]]]},"properties":{"kdprov":"65","kdkab":"04","kdkec":"120","kddesa":"004","kdsls":"0003","idsls":"65041200040003","nmprov":"KALIMANTAN UTARA","nmkab":"NUNUKAN","nmkec":"SEBATIK BARAT","nmdesa":"SETABU","nmsls":"RT 003"}},{"type":"Feature","geometry":{"type":"MultiPolygon","coordinates":[[[[117.81759,4.0772],[117.81746,4.07697],[117.81696,4.07696],[117.81568,4.07748],[117.81491,4.07743],[117.81425,4.07697],[117.81284,4.07739],[117.81202,4.07745],[117.81141,4.07737],[117.81094,4.07703],[117.81065,4.07679],[117.81037,4.07641],[117.80996,4.07605],[117.80785,4.07705],[117.80635,4.07781],[117.80624,4.08132],[117.80533,4.08257],[117.80531,4.0826],[117.80578,4.08274],[117.8059,4.08276],[117.80606,4.08277],[117.80625,4.08274],[117.80637,4.08348],[117.80637,4.08382],[117.80642,4.08446],[117.80643,4.08489],[117.80661,4.08531],[117.80698,4.08585],[117.80716,4.08615],[117.8073,4.08647],[117.80731,4.08648],[117.80746,4.08647],[117.80768,4.08648],[117.8079,4.0865],[117.80809,4.08653],[117.80832,4.08656],[117.80866,4.08667],[117.80907,4.08681],[117.80915,4.08691],[117.80933,4.08697],[117.80953,4.08703],[117.80978,4.08711],[117.80993,4.08715],[117.81008,4.08717],[117.81021,4.08716],[117.81034,4.08715],[117.81043,4.08719],[117.81053,4.08723],[117.81062,4.08727],[117.81075,4.08734],[117.81091,4.08743],[117.81102,4.08753],[117.81108,4.08761],[117.81128,4.08779],[117.8114,4.08787],[117.81151,4.0879],[117.81159,4.08796],[117.81168,4.08801],[117.81172,4.08808],[117.81174,4.08815],[117.81178,4.08837],[117.81181,4.08847],[117.81185,4.08855],[117.81191,4.08861],[117.81207,4.08878],[117.81213,4.08886],[117.8122,4.08893],[117.81233,4.08899],[117.81248,4.089],[117.81271,4.089],[117.81297,4.08894],[117.81316,4.08891],[117.81344,4.08887],[117.8137,4.08885],[117.81385,4.0889],[117.814,4.08897],[117.81411,4.08905],[117.81417,4.08911],[117.81421,4.08915],[117.81437,4.0892],[117.81449,4.0892],[117.81463,4.08921],[117.81495,4.08923],[117.81518,4.08923],[117.81518,4.08923],[117.81557,4.08879],[117.81495,4.08845],[117.81557,4.0876],[117.81462,4.08683],[117.81594,4.08509],[117.81557,4.08451],[117.81701,4.08319],[117.81624,4.08304],[117.81683,4.08215],[117.8168,4.08163],[117.81772,4.08105],[117.81772,4.07973],[117.81673,4.07903],[117.81786,4.07762],[117.81778,4.07754],[117.81769,4.07738],[117.81759,4.0772]]]]},"properties":{"kdprov":"65","kdkab":"04","kdkec":"120","kddesa":"004","kdsls":"0004","idsls":"65041200040004","nmprov":"KALIMANTAN UTARA","nmkab":"NUNUKAN","nmkec":"SEBATIK BARAT","nmdesa":"SETABU","nmsls":"RT 004"}},{"type":"Feature","geometry":{"type":"MultiPolygon","coordinates":[[[[117.83554,4.10927],[117.83582,4.10901],[117.84026,4.10497],[117.83699,4.08977],[117.83747,4.08917],[117.8379,4.08864],[117.83814,4.08827],[117.83827,4.0878],[117.83879,4.0874],[117.83876,4.08725],[117.8387,4.08704],[117.83869,4.08694],[117.83865,4.08679],[117.83864,4.08662],[117.83863,4.08644],[117.83856,4.08631],[117.83851,4.08626],[117.83839,4.08614],[117.83827,4.08599],[117.83819,4.0858],[117.83811,4.08553],[117.83802,4.08526],[117.83795,4.08508],[117.83785,4.08488],[117.83772,4.08462],[117.83767,4.08443],[117.83766,4.08421],[117.83763,4.08391],[117.83768,4.08373],[117.8377,4.08361],[117.8377,4.08346],[117.83776,4.08313],[117.83773,4.08301],[117.83763,4.08287],[117.83747,4.08279],[117.83731,4.08272],[117.8371,4.0826],[117.8369,4.08242],[117.83669,4.08219],[117.83654,4.08201],[117.83636,4.08188],[117.83595,4.08167],[117.8356,4.0814],[117.83548,4.08125],[117.83522,4.08103],[117.83508,4.08091],[117.83484,4.08085],[117.83482,4.08086],[117.83464,4.08089],[117.83441,4.08099],[117.83417,4.08116],[117.834,4.08135],[117.83375,4.0817],[117.83353,4.08186],[117.83338,4.08196],[117.83314,4.08198],[117.83295,4.08199],[117.83277,4.08195],[117.83261,4.08191],[117.83245,4.08187],[117.83223,4.08178],[117.83201,4.08173],[117.83176,4.08175],[117.83154,4.08163],[117.83117,4.08135],[117.83092,4.08117],[117.83063,4.08088],[117.83036,4.08052],[117.83025,4.08038],[117.83002,4.08017],[117.82985,4.08004],[117.82959,4.07994],[117.82928,4.07992],[117.82913,4.07993],[117.82882,4.07991],[117.82859,4.07987],[117.82843,4.07979],[117.82817,4.07965],[117.82792,4.07947],[117.82755,4.07912],[117.82741,4.07899],[117.82718,4.07884],[117.82694,4.07865],[117.82678,4.07845],[117.82657,4.07823],[117.82634,4.07795],[117.82622,4.07762],[117.82604,4.07724],[117.82597,4.07715],[117.82582,4.07704],[117.8256,4.07691],[117.82537,4.07686],[117.82508,4.07685],[117.82472,4.07689],[117.82462,4.07691],[117.82482,4.07655],[117.82473,4.07632],[117.82468,4.07621],[117.82434,4.07604],[117.82332,4.0752],[117.82281,4.07466],[117.82281,4.07396],[117.82269,4.0737],[117.82246,4.07313],[117.82237,4.07229],[117.82209,4.07139],[117.82204,4.07105],[117.82209,4.07075],[117.82218,4.0705],[117.8222,4.07027],[117.82214,4.0701],[117.82201,4.07001],[117.8218,4.06994],[117.82025,4.06929],[117.82005,4.06883],[117.82029,4.0686],[117.82159,4.06667],[117.82136,4.06646],[117.82066,4.06626],[117.81977,4.06508],[117.81885,4.06316],[117.81583,4.05894],[117.81271,4.06174],[117.80871,4.06455],[117.811,4.06784],[117.81211,4.06973],[117.81335,4.07165],[117.81344,4.07165],[117.81386,4.07209],[117.81401,4.07214],[117.81422,4.07222],[117.81452,4.07227],[117.81459,4.07237],[117.8146,4.0724],[117.81591,4.07343],[117.81591,4.07347],[117.81648,4.07422],[117.8165,4.07423],[117.81656,4.07432],[117.81674,4.07475],[117.81683,4.0751],[117.81704,4.07549],[117.81713,4.07598],[117.81712,4.07605],[117.81767,4.07603],[117.81759,4.0772],[117.81759,4.0772],[117.81769,4.07738],[117.81778,4.07754],[117.81786,4.07762],[117.81788,4.07764],[117.81818,4.07772],[117.81882,4.07766],[117.81917,4.07758],[117.8197,4.07745],[117.82008,4.07736],[117.82034,4.07737],[117.82053,4.07753],[117.82069,4.07779],[117.82082,4.07814],[117.82097,4.07836],[117.82115,4.07844],[117.82141,4.07841],[117.82159,4.0783],[117.82218,4.07779],[117.82181,4.07875],[117.82206,4.0789],[117.82182,4.0793],[117.82211,4.07965],[117.82239,4.07971],[117.82264,4.07976],[117.8227,4.07987],[117.82265,4.08009],[117.82259,4.08026],[117.82273,4.08047],[117.82301,4.08072],[117.82317,4.08105],[117.82327,4.08124],[117.82334,4.08148],[117.82334,4.08183],[117.82333,4.08216],[117.82327,4.08238],[117.82314,4.08248],[117.82307,4.08255],[117.82308,4.08269],[117.82317,4.08281],[117.82329,4.08293],[117.82336,4.08301],[117.8235,4.08309],[117.82363,4.08311],[117.82374,4.08322],[117.82379,4.08333],[117.82393,4.08348],[117.82409,4.08342],[117.82422,4.08339],[117.82432,4.08339],[117.82438,4.08351],[117.82447,4.08361],[117.82461,4.08368],[117.82472,4.08375],[117.82485,4.08375],[117.82498,4.08373],[117.8251,4.0838],[117.82514,4.08391],[117.82523,4.08398],[117.82538,4.08409],[117.82554,4.08413],[117.82565,4.08413],[117.82584,4.08428],[117.82598,4.08447],[117.8261,4.08467],[117.82623,4.08484],[117.82639,4.08494],[117.82673,4.08503],[117.82698,4.08528],[117.82718,4.08558],[117.82727,4.08593],[117.82745,4.08624],[117.8275,4.08655],[117.82744,4.08679],[117.8273,4.08696],[117.82847,4.08794],[117.8294,4.09121],[117.8294,4.09121],[117.8323,4.10168],[117.83243,4.10215],[117.8346,4.11],[117.83554,4.10927]]]]},"properties":{"kdprov":"65","kdkab":"04","kdkec":"120","kddesa":"004","kdsls":"0005","idsls":"65041200040005","nmprov":"KALIMANTAN UTARA","nmkab":"NUNUKAN","nmkec":"SEBATIK BARAT","nmdesa":"SETABU","nmsls":"RT 005"}},{"type":"Feature","geometry":{"type":"MultiPolygon","coordinates":[[[[117.81966,4.09228],[117.82055,4.09263],[117.82081,4.09242],[117.82096,4.09231],[117.82114,4.09223],[117.82132,4.09226],[117.82148,4.09234],[117.82194,4.09268],[117.8223,4.09296],[117.82244,4.0931],[117.82269,4.09327],[117.82296,4.09323],[117.8233,4.09316],[117.82346,4.09313],[117.82371,4.09313],[117.82389,4.09315],[117.82413,4.09317],[117.82422,4.09313],[117.82425,4.09303],[117.82432,4.09284],[117.82441,4.09266],[117.82449,4.09254],[117.82453,4.09242],[117.82458,4.09233],[117.82457,4.09225],[117.82459,4.09217],[117.82465,4.09208],[117.82478,4.09186],[117.82496,4.09173],[117.82536,4.09151],[117.82583,4.09145],[117.82615,4.09161],[117.82681,4.09159],[117.82701,4.09148],[117.82748,4.09143],[117.82843,4.09132],[117.82896,4.09122],[117.82939,4.09121],[117.8294,4.09121],[117.8294,4.09121],[117.82847,4.08794],[117.8273,4.08696],[117.82744,4.08679],[117.8275,4.08655],[117.82745,4.08624],[117.82727,4.08593],[117.82718,4.08558],[117.82698,4.08528],[117.82673,4.08503],[117.82639,4.08494],[117.82623,4.08484],[117.8261,4.08467],[117.82598,4.08447],[117.82584,4.08428],[117.82565,4.08413],[117.82554,4.08413],[117.82538,4.08409],[117.82523,4.08398],[117.82514,4.08391],[117.8251,4.0838],[117.82498,4.08373],[117.82485,4.08375],[117.82472,4.08375],[117.82461,4.08368],[117.82447,4.08361],[117.82438,4.08351],[117.82432,4.08339],[117.82422,4.08339],[117.82409,4.08342],[117.82393,4.08348],[117.82379,4.08333],[117.82374,4.08322],[117.82363,4.08311],[117.8235,4.08309],[117.82336,4.08301],[117.82329,4.08293],[117.82317,4.08281],[117.82308,4.08269],[117.82307,4.08255],[117.82314,4.08248],[117.82327,4.08238],[117.82333,4.08216],[117.82334,4.08183],[117.82334,4.08148],[117.82327,4.08124],[117.82317,4.08105],[117.82301,4.08072],[117.82273,4.08047],[117.82259,4.08026],[117.82265,4.08009],[117.8227,4.07987],[117.82264,4.07976],[117.82239,4.07971],[117.82211,4.07965],[117.82182,4.0793],[117.82206,4.0789],[117.82181,4.07875],[117.82218,4.07779],[117.82159,4.0783],[117.82141,4.07841],[117.82115,4.07844],[117.82097,4.07836],[117.82082,4.07814],[117.82069,4.07779],[117.82053,4.07753],[117.82034,4.07737],[117.82008,4.07736],[117.8197,4.07745],[117.81917,4.07758],[117.81882,4.07766],[117.81818,4.07772],[117.81788,4.07764],[117.81786,4.07762],[117.81673,4.07903],[117.81772,4.07973],[117.81772,4.08105],[117.8168,4.08163],[117.81683,4.08215],[117.81624,4.08304],[117.81701,4.08319],[117.81557,4.08451],[117.81594,4.08509],[117.81462,4.08683],[117.81557,4.0876],[117.81495,4.08845],[117.81557,4.08879],[117.81518,4.08923],[117.81531,4.08928],[117.81546,4.08929],[117.81566,4.08929],[117.81573,4.08927],[117.81584,4.08929],[117.81599,4.08941],[117.81604,4.08954],[117.81609,4.08975],[117.81608,4.08987],[117.81611,4.09011],[117.81616,4.09021],[117.81626,4.09029],[117.81636,4.09039],[117.81651,4.09045],[117.81676,4.09064],[117.81694,4.09063],[117.81721,4.09068],[117.81736,4.0907],[117.81756,4.09071],[117.81777,4.09083],[117.81787,4.09092],[117.81803,4.09099],[117.81825,4.09102],[117.81856,4.09106],[117.81889,4.09119],[117.81906,4.09128],[117.81928,4.09139],[117.81942,4.09159],[117.81952,4.09183],[117.81962,4.09195],[117.81966,4.09205],[117.81966,4.09228]]]]},"properties":{"kdprov":"65","kdkab":"04","kdkec":"120","kddesa":"004","kdsls":"0010","idsls":"65041200040010","nmprov":"KALIMANTAN UTARA","nmkab":"NUNUKAN","nmkec":"SEBATIK BARAT","nmdesa":"SETABU","nmsls":"RT 010"}},{"type":"Feature","geometry":{"type":"MultiPolygon","coordinates":[[[[117.83482,4.08086],[117.83535,4.07851],[117.83627,4.07682],[117.83551,4.06989],[117.83538,4.06976],[117.83512,4.06945],[117.83507,4.06911],[117.83478,4.06873],[117.83455,4.06844],[117.83449,4.06825],[117.83449,4.06799],[117.83442,4.06777],[117.83436,4.06753],[117.8342,4.06729],[117.83414,4.06704],[117.83414,4.06685],[117.83414,4.06662],[117.83408,4.06648],[117.83402,4.06642],[117.83367,4.06485],[117.83359,4.06449],[117.83352,4.06425],[117.8331,4.06412],[117.83293,4.06418],[117.83275,4.06414],[117.83275,4.06413],[117.83091,4.06384],[117.83072,4.06341],[117.82878,4.06021],[117.82877,4.06021],[117.82864,4.05999],[117.82859,4.0597],[117.82862,4.05932],[117.82847,4.05909],[117.82833,4.05886],[117.82825,4.05874],[117.82818,4.05869],[117.82757,4.0577],[117.82634,4.05509],[117.82538,4.05344],[117.82294,4.05033],[117.82267,4.05052],[117.82095,4.0535],[117.81832,4.0567],[117.81583,4.05894],[117.81885,4.06316],[117.81977,4.06508],[117.82066,4.06626],[117.82136,4.06646],[117.82159,4.06667],[117.82029,4.0686],[117.82005,4.06883],[117.82025,4.06929],[117.8218,4.06994],[117.82201,4.07001],[117.82214,4.0701],[117.8222,4.07027],[117.82218,4.0705],[117.82209,4.07075],[117.82204,4.07105],[117.82209,4.07139],[117.82237,4.07229],[117.82246,4.07313],[117.82269,4.0737],[117.82281,4.07396],[117.82281,4.07466],[117.82332,4.0752],[117.82434,4.07604],[117.82468,4.07621],[117.82473,4.07632],[117.82482,4.07655],[117.82462,4.07691],[117.82472,4.07689],[117.82508,4.07685],[117.82537,4.07686],[117.8256,4.07691],[117.82582,4.07704],[117.82597,4.07715],[117.82604,4.07724],[117.82622,4.07762],[117.82634,4.07795],[117.82657,4.07823],[117.82678,4.07845],[117.82694,4.07865],[117.82718,4.07884],[117.82741,4.07899],[117.82755,4.07912],[117.82792,4.07947],[117.82817,4.07965],[117.82843,4.07979],[117.82859,4.07987],[117.82882,4.07991],[117.82913,4.07993],[117.82928,4.07992],[117.82959,4.07994],[117.82985,4.08004],[117.83002,4.08017],[117.83025,4.08038],[117.83036,4.08052],[117.83063,4.08088],[117.83092,4.08117],[117.83117,4.08135],[117.83154,4.08163],[117.83176,4.08175],[117.83201,4.08173],[117.83223,4.08178],[117.83245,4.08187],[117.83261,4.08191],[117.83277,4.08195],[117.83295,4.08199],[117.83314,4.08198],[117.83338,4.08196],[117.83353,4.08186],[117.83375,4.0817],[117.834,4.08135],[117.83417,4.08116],[117.83441,4.08099],[117.83464,4.08089],[117.83482,4.08086]]]]},"properties":{"kdprov":"65","kdkab":"04","kdkec":"120","kddesa":"004","kdsls":"0009","idsls":"65041200040009","nmprov":"KALIMANTAN UTARA","nmkab":"NUNUKAN","nmkec":"SEBATIK BARAT","nmdesa":"SETABU","nmsls":"RT 009"}},{"type":"Feature","geometry":{"type":"MultiPolygon","coordinates":[[[[117.80635,4.07781],[117.80785,4.07705],[117.80996,4.07605],[117.81037,4.07641],[117.81065,4.07679],[117.81094,4.07703],[117.81141,4.07737],[117.81202,4.07745],[117.81284,4.07739],[117.81425,4.07697],[117.81491,4.07743],[117.81568,4.07748],[117.81696,4.07696],[117.81746,4.07697],[117.81759,4.0772],[117.81759,4.0772],[117.81767,4.07603],[117.81712,4.07605],[117.81713,4.07598],[117.81704,4.07549],[117.81683,4.0751],[117.81674,4.07475],[117.81656,4.07432],[117.8165,4.07423],[117.81648,4.07422],[117.81591,4.07347],[117.81591,4.07343],[117.8146,4.0724],[117.81459,4.07237],[117.81452,4.07227],[117.81422,4.07222],[117.81401,4.07214],[117.81386,4.07209],[117.81344,4.07165],[117.81335,4.07165],[117.81211,4.06973],[117.811,4.06784],[117.80871,4.06455],[117.8079,4.06512],[117.80283,4.06973],[117.80457,4.07404],[117.80635,4.07781]]]]},"properties":{"kdprov":"65","kdkab":"04","kdkec":"120","kddesa":"004","kdsls":"0004","idsls":"65041200040004","nmprov":"KALIMANTAN UTARA","nmkab":"NUNUKAN","nmkec":"SEBATIK BARAT","nmdesa":"SETABU","nmsls":"RT 004"}}]}