{"type":"FeatureCollection","features":[{"type":"Feature","geometry":{"type":"MultiPolygon","coordinates":[[[[115.40344,1.41777],[115.40324,1.41518],[115.40291,1.41463],[115.40122,1.41473],[115.40072,1.41324],[115.39923,1.40706],[115.39921,1.40704],[115.39795,1.4077],[115.39784,1.40855],[115.39702,1.40962],[115.39688,1.41062],[115.3972,1.41151],[115.39784,1.41247],[115.39836,1.4127],[115.39859,1.41321],[115.39865,1.41366],[115.39878,1.4143],[115.39886,1.41459],[115.39892,1.4148],[115.3991,1.41529],[115.39919,1.41557],[115.39926,1.4162],[115.39926,1.41667],[115.39939,1.41735],[115.39945,1.41755],[115.40019,1.41754],[115.40125,1.41755],[115.4021,1.41773],[115.40344,1.41777]]]]},"properties":{"kdprov":"65","kdkab":"01","kdkec":"010","kddesa":"005","kdsls":"0001","idsls":"65010100050001","nmprov":"KALIMANTAN UTARA","nmkab":"MALINAU","nmkec":"SUNGAI BOH","nmdesa":"LONG LEBUSAN","nmsls":"RT 001"}},{"type":"Feature","geometry":{"type":"MultiPolygon","coordinates":[[[[115.39921,1.40704],[115.39923,1.40706],[115.40072,1.41324],[115.40122,1.41473],[115.40291,1.41463],[115.40324,1.41518],[115.40344,1.41777],[115.40344,1.41789],[115.40467,1.41885],[115.40565,1.41963],[115.40508,1.41996],[115.40459,1.42024],[115.40433,1.42039],[115.40377,1.42063],[115.40323,1.42084],[115.40286,1.42097],[115.40243,1.42127],[115.40193,1.42144],[115.40142,1.42146],[115.40089,1.42144],[115.40049,1.4213],[115.40001,1.42096],[115.39991,1.42069],[115.40003,1.42023],[115.40022,1.41971],[115.39828,1.41971],[115.39752,1.41938],[115.39722,1.41888],[115.39644,1.41908],[115.39607,1.42068],[115.38731,1.42646],[115.38747,1.42677],[115.38843,1.42737],[115.38958,1.42805],[115.39,1.4283],[115.3946,1.42887],[115.39884,1.42816],[115.4033,1.42744],[115.40476,1.42851],[115.40768,1.43208],[115.41032,1.43464],[115.41485,1.43561],[115.41781,1.43512],[115.42156,1.43406],[115.42369,1.43309],[115.42566,1.43048],[115.42819,1.43247],[115.42846,1.43469],[115.42997,1.43667],[115.42955,1.43828],[115.43033,1.43932],[115.43232,1.44252],[115.43451,1.44549],[115.43769,1.44731],[115.43877,1.44628],[115.4391,1.44386],[115.44053,1.44197],[115.44135,1.43951],[115.44227,1.43837],[115.44469,1.43919],[115.44658,1.43946],[115.44898,1.43946],[115.45016,1.44104],[115.45183,1.444],[115.45355,1.44638],[115.45458,1.44535],[115.45454,1.4436],[115.45694,1.44526],[115.45831,1.44762],[115.45876,1.44952],[115.46089,1.45112],[115.4619,1.45306],[115.46363,1.45382],[115.46392,1.45263],[115.46595,1.45203],[115.46772,1.45117],[115.47047,1.45149],[115.47066,1.45355],[115.46937,1.45396],[115.46996,1.45491],[115.47244,1.45562],[115.47613,1.45562],[115.47668,1.45349],[115.47811,1.45235],[115.47973,1.45414],[115.4814,1.45575],[115.48372,1.45629],[115.48536,1.45605],[115.48617,1.45786],[115.48789,1.45949],[115.48805,1.46147],[115.48831,1.46328],[115.48936,1.46477],[115.48957,1.46659],[115.48997,1.46797],[115.49054,1.46876],[115.49199,1.4693],[115.49322,1.471],[115.49559,1.47154],[115.49899,1.4684],[115.50015,1.46804],[115.50376,1.46455],[115.50756,1.46507],[115.5059,1.46687],[115.50744,1.4685],[115.51266,1.46988],[115.51304,1.46736],[115.51811,1.46661],[115.52295,1.46627],[115.52251,1.46871],[115.52418,1.47376],[115.52773,1.47521],[115.53031,1.47638],[115.53424,1.47844],[115.53551,1.47722],[115.54248,1.47689],[115.54916,1.47464],[115.5545,1.47597],[115.55256,1.47836],[115.56448,1.47911],[115.57164,1.48225],[115.57732,1.48366],[115.5818,1.48158],[115.58704,1.48382],[115.59127,1.48719],[115.59558,1.48689],[115.59775,1.4916],[115.60111,1.49428],[115.60301,1.49617],[115.60794,1.4959],[115.61032,1.49626],[115.61465,1.49623],[115.61465,1.49623],[115.61475,1.49589],[115.61542,1.49381],[115.61582,1.49299],[115.61626,1.49207],[115.61675,1.49014],[115.61664,1.48738],[115.61614,1.48557],[115.61543,1.48467],[115.61529,1.4845],[115.61496,1.48408],[115.61465,1.48369],[115.61458,1.48359],[115.61402,1.48137],[115.61267,1.47969],[115.61188,1.47775],[115.61021,1.47636],[115.60908,1.47578],[115.60905,1.47576],[115.60775,1.47575],[115.6063,1.47574],[115.60524,1.47586],[115.60438,1.47598],[115.60339,1.47516],[115.60195,1.47398],[115.60166,1.47286],[115.60162,1.4727],[115.60156,1.47238],[115.60122,1.47052],[115.60072,1.47013],[115.59874,1.46864],[115.59848,1.46824],[115.59758,1.46686],[115.59706,1.4663],[115.59537,1.4645],[115.59354,1.46278],[115.59354,1.46278],[115.59175,1.46157],[115.59171,1.46151],[115.59066,1.46006],[115.58778,1.45927],[115.58776,1.45927],[115.58509,1.4593],[115.58388,1.45935],[115.58357,1.45936],[115.58323,1.45938],[115.58132,1.45914],[115.58126,1.45913],[115.58068,1.4589],[115.57925,1.45832],[115.57891,1.45818],[115.57868,1.45799],[115.57691,1.45657],[115.57508,1.45543],[115.5733,1.45391],[115.57211,1.45233],[115.57097,1.44955],[115.5705,1.44803],[115.57044,1.44781],[115.57043,1.44779],[115.57044,1.44747],[115.57044,1.44642],[115.56936,1.44437],[115.56932,1.44434],[115.56727,1.44243],[115.56688,1.44062],[115.56671,1.43984],[115.56669,1.43973],[115.56666,1.43948],[115.5665,1.43835],[115.56461,1.43703],[115.56449,1.43695],[115.5622,1.43541],[115.56148,1.43394],[115.56156,1.43292],[115.56177,1.42969],[115.56177,1.42812],[115.56143,1.42643],[115.56118,1.4216],[115.56047,1.41986],[115.55944,1.41883],[115.55704,1.41845],[115.55327,1.41424],[115.55281,1.41401],[115.5514,1.41335],[115.54967,1.41149],[115.5482,1.4108],[115.54641,1.40958],[115.5453,1.40867],[115.54451,1.40677],[115.54414,1.40456],[115.54338,1.40007],[115.54325,1.39935],[115.54123,1.39637],[115.53975,1.39508],[115.53902,1.39445],[115.5374,1.39235],[115.53559,1.39087],[115.53539,1.39038],[115.53491,1.3893],[115.53487,1.3892],[115.53487,1.38713],[115.53491,1.38709],[115.53491,1.38709],[115.53501,1.387],[115.53618,1.38586],[115.53627,1.38586],[115.53877,1.38583],[115.54039,1.38581],[115.54132,1.3861],[115.54165,1.38617],[115.54429,1.38539],[115.54429,1.38534],[115.54416,1.38314],[115.544,1.38155],[115.54427,1.37975],[115.54521,1.37833],[115.54716,1.37541],[115.5478,1.37369],[115.54785,1.37355],[115.54786,1.37207],[115.54784,1.36907],[115.54779,1.36763],[115.5475,1.36544],[115.54739,1.36487],[115.54741,1.36475],[115.54741,1.36473],[115.54772,1.36235],[115.54766,1.362],[115.54717,1.35939],[115.54709,1.35901],[115.54665,1.35776],[115.54662,1.35769],[115.54658,1.35728],[115.54643,1.35618],[115.54593,1.35425],[115.54512,1.35226],[115.54457,1.34995],[115.54459,1.34789],[115.54497,1.34518],[115.54497,1.34517],[115.54497,1.34516],[115.55237,1.34037],[115.55446,1.33869],[115.55549,1.33747],[115.55668,1.33605],[115.55767,1.33482],[115.55856,1.33208],[115.5586,1.33182],[115.55889,1.32949],[115.55986,1.32726],[115.5604,1.32594],[115.5609,1.32533],[115.56114,1.32504],[115.56109,1.32423],[115.56092,1.32195],[115.56088,1.32133],[115.55922,1.3195],[115.5592,1.31947],[115.55788,1.31783],[115.55699,1.31635],[115.54659,1.31813],[115.54137,1.31974],[115.53213,1.32216],[115.53394,1.31751],[115.53715,1.31549],[115.53916,1.31327],[115.53916,1.31125],[115.53495,1.30882],[115.53154,1.30741],[115.52732,1.3072],[115.52652,1.30841],[115.52551,1.30902],[115.52431,1.31165],[115.5227,1.31245],[115.51888,1.31366],[115.51567,1.31245],[115.51547,1.31003],[115.51547,1.30821],[115.51387,1.30517],[115.51146,1.30679],[115.50925,1.31083],[115.50663,1.31729],[115.50543,1.32113],[115.50623,1.32679],[115.50482,1.33002],[115.5002,1.3381],[115.49497,1.34356],[115.48995,1.34456],[115.48815,1.34396],[115.48855,1.34052],[115.48735,1.33789],[115.48916,1.33507],[115.49036,1.33042],[115.4925,1.32672],[115.49176,1.3249],[115.49118,1.32092],[115.49077,1.3196],[115.49012,1.31827],[115.48773,1.3167],[115.48847,1.31306],[115.48584,1.31223],[115.48473,1.31061],[115.48375,1.31111],[115.48153,1.30921],[115.48136,1.30714],[115.48038,1.30531],[115.47832,1.30589],[115.47585,1.3092],[115.47404,1.31028],[115.47182,1.3092],[115.471,1.31019],[115.46862,1.30978],[115.4659,1.30787],[115.46557,1.30862],[115.46549,1.30986],[115.465,1.31085],[115.46278,1.3111],[115.46195,1.3125],[115.46097,1.31242],[115.46047,1.31002],[115.46154,1.30952],[115.46146,1.30837],[115.45793,1.30456],[115.45637,1.30422],[115.45219,1.30417],[115.45189,1.30416],[115.45131,1.30415],[115.45122,1.30415],[115.45003,1.30414],[115.44772,1.30286],[115.44772,1.30286],[115.44772,1.30293],[115.44671,1.30239],[115.44669,1.30239],[115.446,1.30251],[115.44589,1.30253],[115.44473,1.30273],[115.44349,1.30526],[115.44232,1.30589],[115.44099,1.30624],[115.44077,1.30709],[115.44007,1.30785],[115.43847,1.30744],[115.43771,1.30829],[115.43692,1.30864],[115.43562,1.30796],[115.43472,1.30882],[115.43482,1.31107],[115.4349,1.31291],[115.43639,1.31395],[115.43566,1.31542],[115.43384,1.31545],[115.43188,1.3151],[115.43109,1.31625],[115.43052,1.31832],[115.43076,1.32277],[115.43302,1.32502],[115.43316,1.32628],[115.43304,1.32899],[115.43471,1.3321],[115.43504,1.33349],[115.43506,1.33568],[115.43292,1.33597],[115.43192,1.33666],[115.43224,1.33775],[115.43361,1.33888],[115.43497,1.33962],[115.43705,1.34166],[115.43925,1.34418],[115.43954,1.34557],[115.43881,1.34638],[115.43747,1.34726],[115.43673,1.34845],[115.43693,1.35104],[115.43662,1.35292],[115.4355,1.35319],[115.43449,1.35381],[115.43523,1.35595],[115.43929,1.35998],[115.44058,1.36182],[115.4409,1.36368],[115.44053,1.366],[115.44137,1.36764],[115.44151,1.36948],[115.44083,1.37057],[115.43771,1.37104],[115.43561,1.37108],[115.43522,1.37331],[115.43454,1.37546],[115.43478,1.37696],[115.4341,1.37829],[115.43251,1.3773],[115.43156,1.37706],[115.42929,1.37832],[115.42824,1.37907],[115.42742,1.3807],[115.42808,1.38164],[115.42923,1.38205],[115.42886,1.38396],[115.42947,1.38533],[115.42927,1.38638],[115.42754,1.38638],[115.42564,1.38471],[115.42449,1.38352],[115.4229,1.38232],[115.42127,1.38225],[115.41944,1.38344],[115.41928,1.38467],[115.41769,1.38563],[115.41695,1.38409],[115.41626,1.38323],[115.4152,1.38302],[115.41314,1.38297],[115.41092,1.38355],[115.40906,1.38493],[115.40896,1.38632],[115.4107,1.38726],[115.4107,1.38752],[115.4107,1.389],[115.40872,1.38915],[115.40558,1.3894],[115.4048,1.39021],[115.40439,1.39063],[115.40409,1.39165],[115.40565,1.39302],[115.40527,1.39435],[115.40371,1.39475],[115.40264,1.39545],[115.40253,1.39673],[115.40326,1.40161],[115.40475,1.40309],[115.4048,1.40434],[115.40381,1.40423],[115.40208,1.40453],[115.4016,1.40529],[115.40068,1.40626],[115.39921,1.40704]]]]},"properties":{"kdprov":"65","kdkab":"01","kdkec":"010","kddesa":"005","kdsls":"2001","idsls":"65010100052001","nmprov":"KALIMANTAN UTARA","nmkab":"MALINAU","nmkec":"SUNGAI BOH","nmdesa":"LONG LEBUSAN","nmsls":"HUTAN"}},{"type":"Feature","geometry":{"type":"MultiPolygon","coordinates":[[[[115.32468,1.40911],[115.32453,1.4093],[115.32423,1.40966],[115.32374,1.41005],[115.32323,1.41019],[115.32276,1.41017],[115.32241,1.41003],[115.32225,1.40978],[115.32186,1.40944],[115.32149,1.40924],[115.32108,1.4092],[115.32055,1.40919],[115.31986,1.40918],[115.31935,1.40918],[115.31884,1.40919],[115.3181,1.40933],[115.31747,1.40949],[115.31692,1.40962],[115.31674,1.40979],[115.31672,1.41032],[115.31675,1.41071],[115.31698,1.41105],[115.31734,1.41154],[115.3176,1.41198],[115.3179,1.41246],[115.31754,1.41336],[115.31852,1.41399],[115.32153,1.41422],[115.32468,1.41282],[115.32876,1.41108],[115.33173,1.41133],[115.33436,1.41321],[115.33572,1.41379],[115.33921,1.40871],[115.33388,1.40501],[115.33348,1.40401],[115.33302,1.40325],[115.33251,1.40261],[115.33196,1.40211],[115.33179,1.40199],[115.33148,1.40179],[115.33088,1.402],[115.33042,1.4023],[115.33018,1.40266],[115.32972,1.40317],[115.32908,1.40355],[115.32854,1.40368],[115.32824,1.40349],[115.3279,1.4033],[115.32756,1.40332],[115.32727,1.40358],[115.32702,1.40398],[115.32675,1.40429],[115.32635,1.40492],[115.32626,1.40531],[115.32633,1.40552],[115.32672,1.40578],[115.32719,1.40612],[115.32753,1.40646],[115.32793,1.40696],[115.32817,1.40743],[115.32819,1.40784],[115.32783,1.40844],[115.32744,1.40883],[115.32696,1.40894],[115.32663,1.40886],[115.32606,1.4087],[115.32558,1.40868],[115.32512,1.4088],[115.32478,1.40899],[115.32468,1.40911]]]]},"properties":{"kdprov":"65","kdkab":"01","kdkec":"010","kddesa":"001","kdsls":"4001","idsls":"65010100014001","nmprov":"KALIMANTAN UTARA","nmkab":"MALINAU","nmkec":"SUNGAI BOH","nmdesa":"MAHAK BARU","nmsls":"WILAYAH PERUMAHAN GURU SMA DAN GEDUNG SEKOLAH SMU"}},{"type":"Feature","geometry":{"type":"MultiPolygon","coordinates":[[[[115.32423,1.40966],[115.32453,1.4093],[115.32468,1.40911],[115.32417,1.40864],[115.32397,1.40835],[115.32356,1.40789],[115.32326,1.40757],[115.32311,1.40744],[115.32288,1.4074],[115.32271,1.40742],[115.32261,1.40731],[115.32253,1.40716],[115.32253,1.40704],[115.32256,1.40687],[115.32262,1.40667],[115.32241,1.40656],[115.32217,1.40648],[115.32038,1.40569],[115.32051,1.40627],[115.32048,1.40637],[115.32049,1.40637],[115.32115,1.40662],[115.32153,1.40683],[115.32188,1.40701],[115.32247,1.40733],[115.32247,1.40733],[115.32242,1.40751],[115.32237,1.40764],[115.3227,1.40777],[115.32303,1.40789],[115.32303,1.40813],[115.32362,1.40853],[115.32385,1.40873],[115.32405,1.40905],[115.32423,1.40966]]]]},"properties":{"kdprov":"65","kdkab":"01","kdkec":"010","kddesa":"001","kdsls":"0003","idsls":"65010100010003","nmprov":"KALIMANTAN UTARA","nmkab":"MALINAU","nmkec":"SUNGAI BOH","nmdesa":"MAHAK BARU","nmsls":"RT 003"}},{"type":"Feature","geometry":{"type":"MultiPolygon","coordinates":[[[[115.40344,1.41777],[115.4021,1.41773],[115.40125,1.41755],[115.40019,1.41754],[115.39945,1.41755],[115.39956,1.41784],[115.39968,1.41816],[115.39979,1.41837],[115.40029,1.41819],[115.40031,1.41825],[115.40071,1.41821],[115.401,1.41821],[115.40128,1.41823],[115.40133,1.41844],[115.4031,1.41852],[115.40467,1.41885],[115.40344,1.41789],[115.40344,1.41777]]]]},"properties":{"kdprov":"65","kdkab":"01","kdkec":"010","kddesa":"005","kdsls":"0002","idsls":"65010100050002","nmprov":"KALIMANTAN UTARA","nmkab":"MALINAU","nmkec":"SUNGAI BOH","nmdesa":"LONG LEBUSAN","nmsls":"RT 002"}},{"type":"Feature","geometry":{"type":"MultiPolygon","coordinates":[[[[115.32038,1.40569],[115.32217,1.40648],[115.32241,1.40656],[115.32262,1.40667],[115.32256,1.40687],[115.32253,1.40704],[115.32253,1.40716],[115.32261,1.40731],[115.32271,1.40742],[115.32288,1.4074],[115.32311,1.40744],[115.32326,1.40757],[115.32356,1.40789],[115.32397,1.40835],[115.32403,1.40828],[115.32409,1.40822],[115.32427,1.408],[115.32441,1.4078],[115.32385,1.40744],[115.32417,1.40683],[115.3236,1.40649],[115.32375,1.40629],[115.32381,1.40615],[115.32395,1.40592],[115.32413,1.40563],[115.32586,1.40255],[115.32566,1.40225],[115.32545,1.40199],[115.32526,1.40165],[115.32509,1.40139],[115.32502,1.40115],[115.32504,1.40098],[115.32511,1.40083],[115.32511,1.40061],[115.32505,1.40053],[115.3249,1.40058],[115.32476,1.4005],[115.3248,1.40027],[115.32487,1.39989],[115.32489,1.39954],[115.32479,1.3993],[115.32471,1.39916],[115.32453,1.39911],[115.32429,1.39915],[115.32406,1.39929],[115.32387,1.39938],[115.32369,1.39941],[115.32357,1.39933],[115.32344,1.39927],[115.32333,1.39946],[115.32325,1.39966],[115.32328,1.3998],[115.32339,1.39998],[115.32367,1.40001],[115.32385,1.40001],[115.32399,1.40009],[115.324,1.40023],[115.32395,1.40034],[115.32371,1.40038],[115.32334,1.40042],[115.32319,1.4005],[115.32308,1.40061],[115.32289,1.40064],[115.32274,1.4006],[115.32262,1.40051],[115.32258,1.40035],[115.32266,1.40021],[115.32275,1.40006],[115.32265,1.39999],[115.32251,1.40003],[115.3224,1.40018],[115.32229,1.4003],[115.32205,1.40041],[115.32194,1.4005],[115.32184,1.40074],[115.3218,1.40106],[115.32183,1.40122],[115.32179,1.40134],[115.32169,1.40145],[115.32155,1.40154],[115.32141,1.40149],[115.32132,1.40137],[115.32113,1.40126],[115.32092,1.40126],[115.32081,1.40131],[115.32067,1.40138],[115.32045,1.40134],[115.32035,1.40121],[115.32035,1.40082],[115.32019,1.40075],[115.32001,1.40083],[115.31975,1.40102],[115.31952,1.40121],[115.31941,1.40137],[115.32038,1.40569]]]]},"properties":{"kdprov":"65","kdkab":"01","kdkec":"010","kddesa":"002","kdsls":"0002","idsls":"65010100020002","nmprov":"KALIMANTAN UTARA","nmkab":"MALINAU","nmkec":"SUNGAI BOH","nmdesa":"DUMU MAHAK","nmsls":"RT 02"}},{"type":"Feature","geometry":{"type":"MultiPolygon","coordinates":[[[[115.31754,1.41336],[115.3179,1.41246],[115.3176,1.41198],[115.31734,1.41154],[115.31698,1.41105],[115.31675,1.41071],[115.31672,1.41032],[115.31674,1.40979],[115.31692,1.40962],[115.31747,1.40949],[115.3181,1.40933],[115.31884,1.40919],[115.31935,1.40918],[115.31986,1.40918],[115.32012,1.40787],[115.32013,1.40786],[115.32048,1.40637],[115.32051,1.40627],[115.32038,1.40569],[115.31941,1.40137],[115.31952,1.40121],[115.31975,1.40102],[115.32001,1.40083],[115.32019,1.40075],[115.32035,1.40082],[115.32035,1.40121],[115.32045,1.40134],[115.32067,1.40138],[115.32081,1.40131],[115.32092,1.40126],[115.32113,1.40126],[115.32132,1.40137],[115.32141,1.40149],[115.32155,1.40154],[115.32169,1.40145],[115.32179,1.40134],[115.32183,1.40122],[115.3218,1.40106],[115.32184,1.40074],[115.32194,1.4005],[115.32205,1.40041],[115.32229,1.4003],[115.3224,1.40018],[115.32251,1.40003],[115.32265,1.39999],[115.32275,1.40006],[115.32266,1.40021],[115.32258,1.40035],[115.32262,1.40051],[115.32274,1.4006],[115.32289,1.40064],[115.32308,1.40061],[115.32319,1.4005],[115.32334,1.40042],[115.32371,1.40038],[115.32395,1.40034],[115.324,1.40023],[115.32399,1.40009],[115.32385,1.40001],[115.32367,1.40001],[115.32339,1.39998],[115.32328,1.3998],[115.32325,1.39966],[115.32333,1.39946],[115.32344,1.39927],[115.32357,1.39933],[115.32369,1.39941],[115.32387,1.39938],[115.32406,1.39929],[115.32429,1.39915],[115.32453,1.39911],[115.32471,1.39916],[115.32479,1.3993],[115.32489,1.39954],[115.32487,1.39989],[115.3248,1.40027],[115.32476,1.4005],[115.3249,1.40058],[115.32505,1.40053],[115.32511,1.40061],[115.32511,1.40083],[115.32504,1.40098],[115.32502,1.40115],[115.32509,1.40139],[115.32526,1.40165],[115.32545,1.40199],[115.32566,1.40225],[115.32586,1.40255],[115.326,1.40256],[115.32626,1.4025],[115.32668,1.40239],[115.32708,1.40233],[115.32728,1.40222],[115.32745,1.40204],[115.32756,1.40184],[115.32757,1.40168],[115.32741,1.40164],[115.3271,1.40166],[115.32684,1.40176],[115.32657,1.40188],[115.32636,1.40184],[115.32627,1.40166],[115.32631,1.40115],[115.32651,1.40093],[115.32677,1.40071],[115.32714,1.40076],[115.32726,1.40076],[115.32742,1.40054],[115.32746,1.40022],[115.32744,1.39996],[115.32757,1.3999],[115.3277,1.39995],[115.32779,1.40011],[115.32792,1.40027],[115.32808,1.40028],[115.32829,1.40013],[115.3284,1.40028],[115.32842,1.40058],[115.32848,1.40095],[115.32862,1.40133],[115.32891,1.40154],[115.3292,1.40157],[115.32938,1.40142],[115.33018,1.40266],[115.33042,1.4023],[115.33088,1.402],[115.33148,1.40179],[115.33179,1.40199],[115.33196,1.40211],[115.33251,1.40261],[115.33302,1.40325],[115.33348,1.40401],[115.33388,1.40501],[115.3342,1.40484],[115.33593,1.40484],[115.33849,1.40429],[115.34022,1.40283],[115.34216,1.40074],[115.34305,1.40094],[115.34527,1.40144],[115.34637,1.40283],[115.3481,1.40283],[115.34928,1.40165],[115.3508,1.40283],[115.35081,1.40299],[115.35087,1.40437],[115.35202,1.40566],[115.35204,1.40569],[115.35356,1.4059],[115.3542,1.40529],[115.35491,1.40462],[115.35612,1.40346],[115.35644,1.40311],[115.35671,1.40281],[115.35697,1.40251],[115.35746,1.40197],[115.35773,1.40167],[115.35796,1.40141],[115.35853,1.40136],[115.36109,1.3946],[115.36579,1.38818],[115.37228,1.38505],[115.37449,1.38326],[115.3762,1.38134],[115.37777,1.37785],[115.37841,1.37421],[115.37827,1.37172],[115.37948,1.36858],[115.38246,1.36345],[115.38246,1.36345],[115.38279,1.36201],[115.38279,1.36201],[115.3844,1.36068],[115.38576,1.35813],[115.38568,1.35092],[115.38417,1.34792],[115.38223,1.34655],[115.37986,1.34348],[115.37785,1.33805],[115.37751,1.33425],[115.37749,1.33236],[115.37614,1.32886],[115.37483,1.32707],[115.37477,1.32253],[115.37498,1.31742],[115.37497,1.31283],[115.37531,1.30606],[115.37451,1.3038],[115.37336,1.30269],[115.37199,1.30199],[115.37067,1.30028],[115.37,1.29802],[115.37042,1.29636],[115.37127,1.29465],[115.37144,1.29278],[115.37068,1.29035],[115.36787,1.28594],[115.36712,1.28443],[115.3671,1.28437],[115.36621,1.28089],[115.36517,1.27811],[115.36552,1.27491],[115.36642,1.27247],[115.36708,1.26972],[115.36784,1.26791],[115.3684,1.26436],[115.36964,1.26221],[115.36964,1.25887],[115.36833,1.25692],[115.36695,1.25594],[115.36529,1.25469],[115.36429,1.25284],[115.36215,1.25138],[115.35814,1.24915],[115.35551,1.24449],[115.35074,1.24065],[115.34639,1.23926],[115.34245,1.23828],[115.3392,1.23724],[115.33519,1.23549],[115.3327,1.23584],[115.33083,1.23313],[115.329,1.23205],[115.3279,1.23184],[115.32485,1.23016],[115.3234,1.22835],[115.32209,1.22599],[115.32112,1.22271],[115.31967,1.21937],[115.31954,1.21777],[115.31961,1.21554],[115.32016,1.21374],[115.31971,1.21154],[115.31674,1.2082],[115.31433,1.20312],[115.30866,1.19532],[115.306,1.19292],[115.30393,1.18999],[115.29895,1.18192],[115.29716,1.17976],[115.29667,1.17767],[115.29606,1.17575],[115.29591,1.1753],[115.29517,1.1743],[115.2949,1.17394],[115.29492,1.17389],[115.29734,1.16745],[115.29771,1.16646],[115.29804,1.16558],[115.2965,1.1611],[115.29641,1.16083],[115.29547,1.15808],[115.29383,1.1519],[115.29247,1.14673],[115.29231,1.13891],[115.29229,1.13788],[115.29225,1.1358],[115.29235,1.1333],[115.29218,1.13342],[115.29198,1.13359],[115.29174,1.13376],[115.29155,1.13393],[115.2913,1.13409],[115.29112,1.13426],[115.29091,1.1344],[115.29069,1.13455],[115.29051,1.13463],[115.2903,1.13473],[115.28995,1.13489],[115.28968,1.13501],[115.28943,1.13509],[115.28927,1.13511],[115.28913,1.13511],[115.2889,1.13505],[115.28877,1.13497],[115.28869,1.13484],[115.28866,1.13473],[115.28865,1.13453],[115.28867,1.13434],[115.2887,1.13415],[115.28871,1.13392],[115.2887,1.13365],[115.28863,1.13336],[115.28856,1.13319],[115.28846,1.13306],[115.28834,1.13293],[115.28817,1.13282],[115.288,1.13275],[115.28785,1.13271],[115.28768,1.13271],[115.28746,1.13273],[115.28728,1.13276],[115.2871,1.13287],[115.28694,1.13302],[115.2868,1.13316],[115.28676,1.13322],[115.28668,1.13334],[115.28655,1.13369],[115.2865,1.13385],[115.28647,1.13402],[115.28644,1.13419],[115.2864,1.13436],[115.28639,1.13458],[115.28635,1.13473],[115.28625,1.13493],[115.28614,1.13511],[115.28599,1.13534],[115.28581,1.13547],[115.28562,1.13554],[115.28542,1.13558],[115.28513,1.13557],[115.28487,1.13548],[115.28472,1.13535],[115.28455,1.13506],[115.28439,1.13479],[115.2843,1.13464],[115.2842,1.13447],[115.28408,1.13434],[115.28393,1.13422],[115.28377,1.13411],[115.2836,1.13406],[115.28338,1.13405],[115.2831,1.13411],[115.28289,1.13424],[115.28281,1.13438],[115.28276,1.1346],[115.28272,1.13475],[115.28264,1.1349],[115.28258,1.13503],[115.28249,1.13515],[115.28231,1.13527],[115.28212,1.13532],[115.2819,1.13536],[115.28183,1.13536],[115.28165,1.13535],[115.28142,1.13527],[115.28121,1.13512],[115.28101,1.13502],[115.28075,1.13493],[115.28043,1.13495],[115.28018,1.13501],[115.27997,1.13512],[115.2798,1.13529],[115.27954,1.13554],[115.27937,1.1357],[115.27921,1.13585],[115.27902,1.13603],[115.27883,1.13614],[115.27862,1.13629],[115.27844,1.13642],[115.27824,1.13654],[115.278,1.13663],[115.27785,1.13671],[115.27773,1.13682],[115.27766,1.13702],[115.27771,1.13713],[115.27782,1.13727],[115.27793,1.1374],[115.27806,1.13765],[115.27816,1.13787],[115.27819,1.13811],[115.27815,1.13829],[115.27808,1.13845],[115.278,1.1386],[115.27796,1.13866],[115.27791,1.13878],[115.27788,1.13896],[115.27788,1.13908],[115.27795,1.13919],[115.27804,1.13923],[115.27818,1.13924],[115.27839,1.13924],[115.27863,1.13928],[115.27877,1.13932],[115.27884,1.13938],[115.27885,1.13945],[115.27883,1.13954],[115.27877,1.13963],[115.27861,1.1398],[115.27834,1.13999],[115.27795,1.14022],[115.27784,1.14031],[115.27773,1.14039],[115.27761,1.14055],[115.27757,1.14065],[115.27757,1.14089],[115.27761,1.14108],[115.27761,1.1412],[115.27763,1.14149],[115.27763,1.14163],[115.27761,1.14175],[115.27753,1.14193],[115.27746,1.14204],[115.27736,1.14216],[115.27719,1.14231],[115.27702,1.14244],[115.27679,1.14255],[115.27664,1.14263],[115.27648,1.14271],[115.27628,1.1428],[115.27615,1.14287],[115.27599,1.14298],[115.2759,1.14312],[115.27586,1.14334],[115.27585,1.14345],[115.27583,1.14362],[115.27581,1.14372],[115.27576,1.14388],[115.27567,1.144],[115.27555,1.14414],[115.27544,1.14428],[115.27534,1.14442],[115.27528,1.14455],[115.27517,1.14474],[115.27514,1.14487],[115.2751,1.14502],[115.27504,1.14518],[115.27496,1.14538],[115.27487,1.14557],[115.27474,1.14575],[115.27454,1.14612],[115.27445,1.14631],[115.27435,1.14649],[115.27426,1.14663],[115.27415,1.14684],[115.27408,1.147],[115.27402,1.1472],[115.27397,1.14736],[115.27394,1.14758],[115.27387,1.14778],[115.27381,1.14794],[115.27379,1.14816],[115.27378,1.14835],[115.27377,1.14855],[115.27375,1.14871],[115.27373,1.14891],[115.27372,1.14908],[115.27374,1.14928],[115.27381,1.14947],[115.27392,1.14964],[115.27406,1.14986],[115.27419,1.15],[115.2744,1.15017],[115.27449,1.15024],[115.27459,1.15039],[115.27463,1.15048],[115.2746,1.1506],[115.27458,1.15072],[115.27449,1.15084],[115.27434,1.15096],[115.27417,1.15109],[115.27407,1.15117],[115.27395,1.15126],[115.27387,1.15136],[115.2738,1.15154],[115.2738,1.15165],[115.27388,1.1518],[115.27394,1.15185],[115.27413,1.15194],[115.27436,1.15202],[115.27445,1.15209],[115.27452,1.1522],[115.27455,1.1523],[115.27452,1.1525],[115.27441,1.15271],[115.27435,1.15289],[115.27429,1.15307],[115.27426,1.15319],[115.27424,1.15339],[115.27421,1.15349],[115.27418,1.15367],[115.27412,1.15384],[115.27405,1.15394],[115.27395,1.15401],[115.27383,1.15411],[115.2736,1.15423],[115.27341,1.15428],[115.27325,1.1543],[115.2731,1.1543],[115.27296,1.15428],[115.27283,1.15423],[115.27274,1.15416],[115.27265,1.1541],[115.2725,1.15401],[115.27235,1.15399],[115.27223,1.15401],[115.2721,1.15408],[115.272,1.15419],[115.27191,1.15433],[115.27189,1.15449],[115.27189,1.15469],[115.27189,1.15483],[115.27189,1.15509],[115.27186,1.15525],[115.27182,1.15547],[115.27183,1.1556],[115.27181,1.15583],[115.27183,1.15599],[115.27187,1.15627],[115.27194,1.15653],[115.27202,1.15664],[115.27219,1.15678],[115.27231,1.15688],[115.27248,1.15703],[115.27262,1.15714],[115.27283,1.15728],[115.27295,1.15738],[115.27307,1.15749],[115.27321,1.15764],[115.27332,1.15774],[115.27345,1.15788],[115.27355,1.158],[115.27366,1.15818],[115.27371,1.15829],[115.27371,1.1585],[115.2737,1.15867],[115.2737,1.1589],[115.2737,1.15911],[115.27368,1.15935],[115.27369,1.15963],[115.27369,1.15984],[115.27368,1.16005],[115.2737,1.16024],[115.27368,1.16041],[115.27358,1.16064],[115.27345,1.16084],[115.27335,1.16096],[115.27314,1.16113],[115.27265,1.16131],[115.27215,1.16141],[115.27187,1.16142],[115.27161,1.16142],[115.27136,1.1614],[115.2711,1.16138],[115.27079,1.16141],[115.2705,1.16151],[115.27021,1.1616],[115.26997,1.16168],[115.26959,1.1618],[115.26926,1.16194],[115.26891,1.16208],[115.26856,1.1622],[115.26833,1.16227],[115.26806,1.16232],[115.26774,1.16233],[115.26756,1.16231],[115.26732,1.16231],[115.26713,1.1623],[115.26694,1.16229],[115.26682,1.16228],[115.26674,1.16229],[115.26658,1.16236],[115.26639,1.16248],[115.2662,1.16275],[115.26607,1.16288],[115.26581,1.16327],[115.26561,1.16357],[115.2655,1.16377],[115.26531,1.1641],[115.26521,1.16423],[115.26511,1.16444],[115.26513,1.16459],[115.26513,1.16474],[115.26516,1.16496],[115.26521,1.16522],[115.26527,1.16536],[115.26537,1.16552],[115.2655,1.16572],[115.2656,1.16588],[115.26569,1.16606],[115.26578,1.16622],[115.26582,1.16638],[115.26583,1.16649],[115.26578,1.16663],[115.26562,1.1668],[115.26551,1.16694],[115.26541,1.16711],[115.26531,1.16733],[115.26524,1.16748],[115.26519,1.16772],[115.26511,1.16788],[115.26503,1.16809],[115.26501,1.16822],[115.26501,1.16838],[115.26501,1.16852],[115.26504,1.16869],[115.26499,1.16887],[115.26483,1.16899],[115.26452,1.16924],[115.26431,1.16933],[115.26387,1.16937],[115.26325,1.16942],[115.26242,1.16947],[115.26189,1.1695],[115.26121,1.16945],[115.26054,1.16939],[115.26014,1.16941],[115.25972,1.16952],[115.25926,1.16969],[115.25907,1.16983],[115.25877,1.1699],[115.25808,1.16993],[115.25754,1.17002],[115.25697,1.17022],[115.25649,1.17046],[115.25598,1.17082],[115.25547,1.17124],[115.25514,1.17161],[115.25494,1.1719],[115.25483,1.17215],[115.25457,1.17239],[115.25414,1.17267],[115.25354,1.17296],[115.25306,1.1732],[115.25306,1.1732],[115.25223,1.17351],[115.25177,1.1737],[115.25153,1.17391],[115.25141,1.17416],[115.25134,1.17451],[115.25144,1.17513],[115.25145,1.17564],[115.25141,1.17652],[115.25136,1.17693],[115.25117,1.17763],[115.25104,1.17806],[115.25084,1.17857],[115.25068,1.17898],[115.25052,1.17922],[115.25019,1.17943],[115.25,1.17944],[115.24992,1.17949],[115.24968,1.17964],[115.24945,1.1798],[115.24921,1.17996],[115.24896,1.18014],[115.24871,1.18036],[115.24841,1.1806],[115.24805,1.18085],[115.24749,1.18113],[115.24679,1.18138],[115.24624,1.18136],[115.24592,1.18131],[115.24545,1.18116],[115.24499,1.18105],[115.24493,1.18102],[115.24488,1.18102],[115.24441,1.18091],[115.2444,1.18091],[115.24433,1.1809],[115.24431,1.1809],[115.24402,1.18085],[115.24362,1.18087],[115.24357,1.18088],[115.24346,1.18087],[115.24321,1.18089],[115.24312,1.18091],[115.24294,1.18093],[115.24259,1.18095],[115.24249,1.18095],[115.24214,1.18088],[115.24198,1.18078],[115.24194,1.18074],[115.24188,1.18071],[115.24161,1.18053],[115.24159,1.18051],[115.24156,1.18048],[115.24154,1.18044],[115.24129,1.1801],[115.24129,1.18006],[115.24121,1.17988],[115.24112,1.17961],[115.2411,1.17959],[115.24101,1.17926],[115.24091,1.17899],[115.24091,1.17897],[115.24085,1.17874],[115.24077,1.17859],[115.24065,1.17848],[115.24049,1.17841],[115.24032,1.17836],[115.24019,1.17832],[115.24019,1.17831],[115.24056,1.17948],[115.23959,1.17983],[115.23927,1.18119],[115.23918,1.18157],[115.23895,1.18267],[115.23876,1.18358],[115.23876,1.18692],[115.23827,1.18985],[115.23506,1.1912],[115.23201,1.19224],[115.22994,1.19461],[115.22683,1.19746],[115.22447,1.2001],[115.22281,1.20261],[115.22364,1.20532],[115.22488,1.20901],[115.22602,1.21058],[115.22637,1.21225],[115.22505,1.21413],[115.22554,1.21545],[115.22401,1.21775],[115.22166,1.22081],[115.22145,1.22345],[115.22138,1.22672],[115.22231,1.22891],[115.22397,1.23121],[115.22583,1.23254],[115.22687,1.23435],[115.22784,1.23609],[115.22936,1.2372],[115.22991,1.23831],[115.23053,1.23985],[115.2315,1.24075],[115.23157,1.24291],[115.23136,1.24514],[115.23136,1.2466],[115.23212,1.24945],[115.23443,1.25234],[115.23567,1.25387],[115.23602,1.25735],[115.23678,1.26035],[115.23487,1.26254],[115.2337,1.26441],[115.23231,1.26469],[115.23017,1.26504],[115.2283,1.26657],[115.22782,1.26914],[115.22768,1.27207],[115.22563,1.27614],[115.22529,1.27704],[115.22556,1.27962],[115.22528,1.28149],[115.22307,1.28344],[115.22148,1.28581],[115.22265,1.28629],[115.22348,1.28762],[115.22424,1.28936],[115.223,1.29047],[115.2203,1.29228],[115.2204,1.29336],[115.22033,1.29454],[115.22026,1.29704],[115.22074,1.29913],[115.22143,1.30094],[115.22122,1.30233],[115.22178,1.30394],[115.22212,1.30519],[115.22329,1.30776],[115.22495,1.30874],[115.22661,1.30798],[115.22765,1.30798],[115.22834,1.30937],[115.22858,1.31135],[115.22851,1.31267],[115.22962,1.3117],[115.23086,1.31254],[115.23231,1.31351],[115.23404,1.31435],[115.23618,1.3163],[115.23563,1.31783],[115.2348,1.31943],[115.23514,1.32145],[115.23611,1.32256],[115.23715,1.32396],[115.23597,1.32569],[115.23728,1.32716],[115.23984,1.32723],[115.24164,1.32765],[115.2433,1.32827],[115.24344,1.32967],[115.24253,1.3328],[115.24295,1.33391],[115.2462,1.33357],[115.2537,1.33082],[115.25405,1.33249],[115.25301,1.3343],[115.251,1.33701],[115.24982,1.3407],[115.2484,1.34505],[115.24847,1.34693],[115.25144,1.34714],[115.2529,1.34714],[115.25642,1.34554],[115.25739,1.34673],[115.25891,1.34833],[115.26098,1.35063],[115.26098,1.35313],[115.26112,1.35536],[115.26091,1.35828],[115.26214,1.36098],[115.26456,1.36989],[115.26642,1.37052],[115.26829,1.37226],[115.2687,1.37462],[115.26787,1.37615],[115.26904,1.37796],[115.26832,1.37981],[115.26721,1.38113],[115.26714,1.38273],[115.26541,1.38468],[115.26465,1.38614],[115.2634,1.38725],[115.26143,1.38798],[115.26191,1.38937],[115.26295,1.39077],[115.26191,1.39111],[115.26205,1.39257],[115.26108,1.39327],[115.25984,1.3939],[115.25831,1.39396],[115.25866,1.39529],[115.25914,1.39668],[115.25921,1.39835],[115.259,1.40058],[115.26087,1.39967],[115.26142,1.3987],[115.26218,1.39835],[115.26419,1.39717],[115.26557,1.39717],[115.26772,1.39578],[115.26862,1.39578],[115.26993,1.39536],[115.27041,1.39585],[115.27076,1.39766],[115.27173,1.39961],[115.27179,1.40219],[115.27179,1.40434],[115.27304,1.40553],[115.27449,1.40435],[115.27463,1.40337],[115.2758,1.40268],[115.27767,1.40254],[115.2785,1.4024],[115.2785,1.40477],[115.28113,1.40442],[115.28102,1.40619],[115.28233,1.40731],[115.28365,1.40842],[115.28503,1.41037],[115.28627,1.41107],[115.28773,1.41003],[115.28849,1.411],[115.28759,1.41177],[115.28752,1.41316],[115.28945,1.41407],[115.28952,1.41587],[115.28938,1.41748],[115.2908,1.41751],[115.29267,1.41703],[115.2963,1.41712],[115.29841,1.41717],[115.30069,1.41647],[115.30332,1.41529],[115.30546,1.41362],[115.30712,1.41383],[115.30989,1.41453],[115.31481,1.41487],[115.31507,1.41488],[115.31742,1.41366],[115.31754,1.41336]]]]},"properties":{"kdprov":"65","kdkab":"01","kdkec":"010","kddesa":"002","kdsls":"2001","idsls":"65010100022001","nmprov":"KALIMANTAN UTARA","nmkab":"MALINAU","nmkec":"SUNGAI BOH","nmdesa":"DUMU MAHAK","nmsls":"HUTAN"}},{"type":"Feature","geometry":{"type":"MultiPolygon","coordinates":[[[[115.37757,1.47535],[115.37797,1.47476],[115.37803,1.47468],[115.37828,1.4743],[115.37862,1.47381],[115.3791,1.47415],[115.38029,1.47501],[115.38141,1.47582],[115.382,1.47624],[115.38242,1.47654],[115.38347,1.47825],[115.38358,1.47874],[115.3838,1.47978],[115.3838,1.47984],[115.38404,1.47992],[115.3844,1.48033],[115.38491,1.48118],[115.38542,1.48226],[115.38577,1.4832],[115.3859,1.48379],[115.38608,1.4842],[115.38631,1.48464],[115.38643,1.48506],[115.38652,1.4856],[115.38309,1.48724],[115.38322,1.48741],[115.3833,1.4875],[115.38374,1.48869],[115.38374,1.48964],[115.3833,1.49086],[115.38206,1.4922],[115.38142,1.49294],[115.38101,1.49341],[115.38098,1.49407],[115.38093,1.49517],[115.38097,1.49587],[115.38101,1.49664],[115.3818,1.49752],[115.38255,1.49828],[115.38334,1.49874],[115.38409,1.49929],[115.38509,1.50008],[115.38593,1.50096],[115.38751,1.50126],[115.38797,1.50222],[115.38813,1.50399],[115.38746,1.50663],[115.3878,1.50868],[115.3885,1.50998],[115.38963,1.51112],[115.39092,1.51179],[115.39163,1.51229],[115.39188,1.51309],[115.3928,1.5136],[115.39354,1.51401],[115.39346,1.51431],[115.3935,1.51586],[115.39438,1.5162],[115.395,1.5159],[115.3965,1.51569],[115.397,1.5167],[115.39775,1.5175],[115.39742,1.51867],[115.39683,1.51955],[115.39666,1.52085],[115.39654,1.52186],[115.39562,1.52337],[115.39537,1.52454],[115.39468,1.52842],[115.39484,1.52976],[115.39314,1.53064],[115.3923,1.53303],[115.39117,1.53551],[115.39051,1.53718],[115.38915,1.53796],[115.38636,1.53812],[115.38436,1.53867],[115.38236,1.53925],[115.38027,1.5408],[115.37727,1.54093],[115.37614,1.54189],[115.3752,1.54522],[115.37512,1.54678],[115.3757,1.54791],[115.37666,1.54976],[115.37616,1.55093],[115.37495,1.55101],[115.37366,1.54992],[115.37224,1.54979],[115.37182,1.55114],[115.37236,1.5526],[115.37366,1.5534],[115.37597,1.55665],[115.37676,1.55833],[115.37717,1.56009],[115.37688,1.56248],[115.3765,1.5637],[115.37463,1.56433],[115.37204,1.56496],[115.36875,1.56562],[115.3646,1.56866],[115.36397,1.57063],[115.36322,1.5721],[115.36207,1.57724],[115.36053,1.57883],[115.35919,1.58101],[115.35828,1.58248],[115.35746,1.58757],[115.35679,1.58799],[115.35533,1.58946],[115.35396,1.59105],[115.35225,1.59222],[115.3512,1.59235],[115.34958,1.59302],[115.34741,1.59473],[115.34595,1.59524],[115.34318,1.59576],[115.34172,1.5958],[115.33997,1.59576],[115.33809,1.59596],[115.33693,1.59663],[115.33705,1.59756],[115.33593,1.59743],[115.33426,1.59747],[115.33259,1.59764],[115.33042,1.59835],[115.32901,1.59759],[115.3278,1.5978],[115.32755,1.60057],[115.3273,1.60204],[115.32646,1.60317],[115.32433,1.60426],[115.32254,1.60522],[115.32117,1.60614],[115.32062,1.60711],[115.31933,1.60731],[115.31756,1.60733],[115.31652,1.60733],[115.31493,1.60771],[115.31431,1.6093],[115.31164,1.6098],[115.31043,1.61026],[115.30837,1.61137],[115.30503,1.61259],[115.30407,1.61196],[115.30241,1.61049],[115.30099,1.61086],[115.30024,1.61317],[115.2994,1.61497],[115.29815,1.61472],[115.29661,1.61413],[115.29465,1.61447],[115.29349,1.61547],[115.29169,1.61681],[115.28663,1.61796],[115.28279,1.61808],[115.2795,1.6185],[115.27767,1.61825],[115.27321,1.61841],[115.26941,1.6226],[115.26601,1.62757],[115.26151,1.63121],[115.25692,1.63406],[115.25363,1.6333],[115.2504,1.63483],[115.24744,1.63726],[115.24243,1.63931],[115.24052,1.64048],[115.23876,1.64338],[115.2368,1.64337],[115.23447,1.64182],[115.23439,1.63897],[115.23206,1.63888],[115.23064,1.63947],[115.22802,1.63796],[115.22527,1.63573],[115.22337,1.63588],[115.22263,1.63556],[115.21712,1.63323],[115.21461,1.63169],[115.21404,1.63134],[115.21418,1.63104],[115.21447,1.63043],[115.21462,1.63012],[115.21498,1.62935],[115.21498,1.62935],[115.21498,1.62935],[115.20857,1.62973],[115.20838,1.62974],[115.20497,1.62897],[115.20245,1.62949],[115.19936,1.62859],[115.19717,1.62973],[115.19403,1.62987],[115.19051,1.63158],[115.19041,1.63363],[115.19041,1.63544],[115.19103,1.63901],[115.19351,1.64034],[115.1988,1.64046],[115.20155,1.6432],[115.20531,1.64543],[115.20888,1.64757],[115.21211,1.65043],[115.21328,1.65079],[115.21487,1.65129],[115.21728,1.65483],[115.21741,1.65501],[115.22049,1.65804],[115.22444,1.65861],[115.22767,1.6599],[115.22896,1.66013],[115.2311,1.66052],[115.23164,1.66298],[115.23215,1.66528],[115.23462,1.66823],[115.23684,1.6719],[115.23687,1.67193],[115.23995,1.67541],[115.23954,1.67675],[115.23929,1.67756],[115.24043,1.67898],[115.24178,1.67893],[115.24409,1.67884],[115.24616,1.6818],[115.24757,1.68251],[115.24957,1.68352],[115.25323,1.68469],[115.25389,1.68646],[115.25461,1.68836],[115.25656,1.68892],[115.25786,1.69024],[115.2578,1.69226],[115.25908,1.69369],[115.26186,1.69329],[115.2619,1.6933],[115.26484,1.69393],[115.26865,1.69469],[115.27236,1.69454],[115.27593,1.69707],[115.27574,1.7013],[115.27512,1.70349],[115.27397,1.70476],[115.27395,1.7048],[115.27231,1.70849],[115.27217,1.71125],[115.27008,1.71539],[115.26936,1.71682],[115.26727,1.72034],[115.27003,1.72329],[115.27215,1.7262],[115.27232,1.72657],[115.27276,1.72712],[115.27374,1.7284],[115.27377,1.72845],[115.27663,1.732],[115.27802,1.73519],[115.28097,1.73804],[115.28378,1.74058],[115.28502,1.74171],[115.28592,1.74604],[115.28502,1.75056],[115.285,1.75061],[115.285,1.75063],[115.28455,1.75162],[115.28418,1.75242],[115.28385,1.75316],[115.28359,1.75546],[115.28192,1.75736],[115.28174,1.76069],[115.27946,1.76228],[115.28001,1.76478],[115.28001,1.76479],[115.2795,1.76712],[115.27992,1.76904],[115.27993,1.76905],[115.28074,1.77102],[115.27993,1.77369],[115.27762,1.77513],[115.27636,1.77592],[115.27612,1.77811],[115.27704,1.7817],[115.27704,1.7817],[115.27609,1.78392],[115.27608,1.78393],[115.27365,1.78487],[115.27298,1.78701],[115.27279,1.78925],[115.27296,1.7922],[115.27295,1.79224],[115.27098,1.79448],[115.27221,1.79606],[115.27303,1.7971],[115.27212,1.80176],[115.27269,1.80386],[115.27189,1.80678],[115.27184,1.80695],[115.27089,1.80933],[115.26987,1.81079],[115.26903,1.81199],[115.26884,1.81404],[115.26873,1.81654],[115.26872,1.81668],[115.26959,1.81753],[115.26965,1.81757],[115.26965,1.81757],[115.26966,1.81759],[115.27138,1.81925],[115.27142,1.81929],[115.27194,1.81977],[115.27198,1.8198],[115.27466,1.82207],[115.27471,1.82211],[115.275,1.82235],[115.27657,1.82352],[115.27636,1.82357],[115.2767,1.82362],[115.27697,1.82366],[115.27857,1.8239],[115.28304,1.82457],[115.28893,1.82399],[115.28895,1.82399],[115.29252,1.82405],[115.29443,1.82409],[115.29873,1.82399],[115.30193,1.82458],[115.30259,1.82485],[115.30478,1.82579],[115.30713,1.82421],[115.30813,1.82447],[115.31004,1.82498],[115.31005,1.82498],[115.31062,1.82486],[115.31203,1.82458],[115.31366,1.82366],[115.31367,1.82363],[115.31369,1.82362],[115.31403,1.82282],[115.31487,1.8209],[115.31659,1.82022],[115.31775,1.81976],[115.32085,1.82061],[115.32085,1.82061],[115.3209,1.82062],[115.32451,1.82063],[115.3256,1.82063],[115.32698,1.82084],[115.33019,1.82227],[115.33077,1.82109],[115.33082,1.82101],[115.33082,1.82099],[115.33072,1.81886],[115.33168,1.81657],[115.33088,1.81563],[115.33003,1.81465],[115.32896,1.81309],[115.3262,1.81199],[115.32621,1.81084],[115.32615,1.81016],[115.32609,1.80962],[115.32762,1.80773],[115.32799,1.80688],[115.33024,1.80688],[115.33116,1.80693],[115.3324,1.80699],[115.33347,1.80604],[115.33347,1.80602],[115.33338,1.80535],[115.33299,1.80248],[115.33311,1.79872],[115.33308,1.79869],[115.33152,1.79737],[115.33199,1.79546],[115.33199,1.79546],[115.33352,1.79354],[115.3337,1.79341],[115.33543,1.79223],[115.33778,1.79092],[115.33943,1.79015],[115.33949,1.79013],[115.34283,1.78917],[115.34541,1.78829],[115.34689,1.78726],[115.3477,1.78673],[115.34842,1.7858],[115.349,1.78506],[115.35053,1.78268],[115.35137,1.78098],[115.35199,1.78064],[115.35378,1.77967],[115.35447,1.77933],[115.35611,1.77855],[115.35672,1.77808],[115.35806,1.77715],[115.3594,1.77649],[115.36095,1.77574],[115.36428,1.77335],[115.36447,1.77321],[115.36495,1.77286],[115.36625,1.77191],[115.36627,1.7719],[115.36753,1.76938],[115.36794,1.76857],[115.36835,1.76776],[115.36857,1.76539],[115.36927,1.76398],[115.36968,1.76316],[115.36993,1.76253],[115.36996,1.76248],[115.3704,1.76137],[115.37087,1.76001],[115.3715,1.75832],[115.37215,1.75664],[115.3722,1.75617],[115.3724,1.75437],[115.37256,1.75387],[115.37298,1.7526],[115.37381,1.75157],[115.37416,1.75115],[115.37475,1.75032],[115.37506,1.74987],[115.37522,1.74964],[115.37527,1.74958],[115.37535,1.74946],[115.37596,1.74741],[115.37598,1.74736],[115.37598,1.7469],[115.37598,1.74682],[115.37598,1.74655],[115.37598,1.74641],[115.37598,1.74547],[115.37621,1.74361],[115.3762,1.74281],[115.37617,1.73937],[115.37644,1.73889],[115.37704,1.73774],[115.37962,1.73705],[115.38191,1.73705],[115.38297,1.73627],[115.38493,1.73518],[115.38501,1.73515],[115.38506,1.73512],[115.38618,1.73458],[115.38701,1.73418],[115.38704,1.73417],[115.38733,1.73406],[115.38931,1.73334],[115.39138,1.73346],[115.3943,1.73357],[115.39505,1.73352],[115.39612,1.73343],[115.39954,1.73283],[115.40579,1.73006],[115.40759,1.7291],[115.41266,1.72705],[115.41332,1.72676],[115.41874,1.72385],[115.42091,1.72314],[115.42235,1.72304],[115.42269,1.72302],[115.42278,1.72301],[115.42455,1.72396],[115.42482,1.72409],[115.42647,1.72423],[115.42879,1.72339],[115.42888,1.7234],[115.43029,1.72352],[115.43129,1.72423],[115.4314,1.7243],[115.43193,1.7246],[115.43298,1.72517],[115.43499,1.72554],[115.43596,1.72503],[115.43716,1.72441],[115.43999,1.72118],[115.44052,1.72057],[115.44152,1.71869],[115.44186,1.71715],[115.44199,1.71639],[115.44388,1.71497],[115.44519,1.71364],[115.44517,1.71306],[115.44514,1.71195],[115.44513,1.71187],[115.44579,1.71135],[115.44608,1.7111],[115.44754,1.71042],[115.44826,1.71007],[115.44859,1.70899],[115.44901,1.7076],[115.44948,1.70619],[115.44961,1.70579],[115.45006,1.70272],[115.45004,1.70007],[115.45029,1.69913],[115.45066,1.69759],[115.45186,1.69441],[115.4526,1.69259],[115.45292,1.69173],[115.4543,1.69017],[115.45433,1.69015],[115.45485,1.68974],[115.45568,1.68909],[115.45812,1.68781],[115.45896,1.68783],[115.45996,1.68781],[115.46048,1.68779],[115.46447,1.68739],[115.46484,1.68734],[115.46569,1.68637],[115.46648,1.68546],[115.46662,1.6853],[115.47083,1.68153],[115.47152,1.68125],[115.47265,1.68079],[115.47371,1.68035],[115.47696,1.67935],[115.47707,1.67928],[115.4809,1.67686],[115.48457,1.67556],[115.48473,1.67556],[115.48778,1.67561],[115.48911,1.67592],[115.4893,1.67596],[115.48941,1.67598],[115.49202,1.67637],[115.49411,1.67667],[115.49691,1.67708],[115.4987,1.67704],[115.50049,1.67635],[115.50101,1.67615],[115.50235,1.67564],[115.50319,1.67505],[115.50414,1.67438],[115.50626,1.67182],[115.50744,1.67036],[115.50741,1.66733],[115.50736,1.66632],[115.50734,1.66479],[115.50663,1.66305],[115.5062,1.66213],[115.50599,1.66176],[115.50467,1.65964],[115.50532,1.65937],[115.50726,1.65855],[115.50819,1.65792],[115.5088,1.6575],[115.51161,1.65638],[115.51182,1.65614],[115.51243,1.65537],[115.51276,1.65461],[115.51275,1.65459],[115.51226,1.65331],[115.51076,1.65172],[115.51046,1.65117],[115.50918,1.64886],[115.50885,1.64731],[115.50885,1.64688],[115.50885,1.64573],[115.50885,1.64572],[115.50952,1.64467],[115.51042,1.64424],[115.51155,1.64371],[115.51156,1.6437],[115.51168,1.64369],[115.51374,1.64333],[115.51521,1.64385],[115.51632,1.64383],[115.51651,1.64313],[115.51657,1.64287],[115.51685,1.64244],[115.51719,1.6419],[115.51722,1.64188],[115.51723,1.64186],[115.51812,1.64136],[115.51918,1.64075],[115.51982,1.64019],[115.51984,1.64019],[115.52136,1.64015],[115.52188,1.63991],[115.52249,1.63964],[115.52278,1.63931],[115.52333,1.63875],[115.52361,1.63844],[115.52362,1.63433],[115.52271,1.63235],[115.5211,1.6298],[115.5211,1.62849],[115.52108,1.62815],[115.51964,1.62534],[115.51908,1.62429],[115.51869,1.62207],[115.51843,1.6208],[115.51846,1.62077],[115.51846,1.62077],[115.51992,1.6193],[115.52003,1.61921],[115.52167,1.61787],[115.52279,1.6162],[115.52365,1.61518],[115.52419,1.61454],[115.52536,1.61282],[115.52567,1.61222],[115.52636,1.61078],[115.52636,1.60909],[115.52677,1.60793],[115.52703,1.60716],[115.52698,1.60704],[115.52649,1.6059],[115.52654,1.60586],[115.52653,1.60585],[115.52829,1.60406],[115.53012,1.60205],[115.53047,1.60165],[115.52981,1.60026],[115.52985,1.59787],[115.53106,1.59611],[115.53491,1.59408],[115.53607,1.59347],[115.53819,1.59331],[115.54344,1.59331],[115.5448,1.59241],[115.54499,1.5919],[115.54512,1.59133],[115.54534,1.59006],[115.54537,1.58884],[115.54538,1.58831],[115.54538,1.5883],[115.54547,1.58809],[115.54609,1.58662],[115.54646,1.58582],[115.5468,1.58507],[115.54692,1.58461],[115.54705,1.58406],[115.54704,1.5818],[115.54704,1.58044],[115.54704,1.58042],[115.54704,1.58023],[115.54745,1.57895],[115.54762,1.57834],[115.54767,1.57828],[115.54939,1.57601],[115.5495,1.57587],[115.54955,1.57433],[115.54956,1.57352],[115.5505,1.57149],[115.55119,1.57078],[115.55266,1.56926],[115.55383,1.56802],[115.55389,1.56799],[115.55532,1.56717],[115.55618,1.56644],[115.55824,1.56469],[115.55941,1.56302],[115.56058,1.55983],[115.56191,1.55706],[115.56297,1.55562],[115.56518,1.55419],[115.56608,1.55315],[115.56673,1.55239],[115.56811,1.55127],[115.56823,1.55117],[115.56977,1.54941],[115.57082,1.5474],[115.57103,1.54699],[115.57094,1.54497],[115.57111,1.54369],[115.57117,1.54314],[115.57247,1.54138],[115.57388,1.54054],[115.57735,1.53952],[115.57951,1.53887],[115.57954,1.53887],[115.57955,1.53887],[115.58043,1.53907],[115.58051,1.53909],[115.58068,1.53913],[115.58076,1.53915],[115.58084,1.53917],[115.58131,1.53927],[115.58102,1.53846],[115.58084,1.53795],[115.58083,1.53782],[115.58083,1.53769],[115.58082,1.53751],[115.58081,1.53728],[115.58081,1.53722],[115.58081,1.53713],[115.5808,1.53707],[115.58075,1.53587],[115.58075,1.53576],[115.58084,1.5352],[115.58088,1.53497],[115.58089,1.53494],[115.58139,1.53206],[115.58158,1.53096],[115.58161,1.53018],[115.5818,1.52576],[115.5831,1.52285],[115.5838,1.52136],[115.58407,1.52075],[115.5854,1.51841],[115.58553,1.51818],[115.58645,1.51576],[115.58761,1.5143],[115.58852,1.51435],[115.59064,1.51442],[115.59198,1.51454],[115.5936,1.51464],[115.59736,1.51275],[115.60059,1.51144],[115.60095,1.5116],[115.60377,1.51286],[115.60396,1.51287],[115.60419,1.51289],[115.60608,1.51298],[115.60618,1.51307],[115.60706,1.51382],[115.60718,1.51312],[115.60726,1.51244],[115.60882,1.51098],[115.61047,1.50988],[115.6108,1.50967],[115.61104,1.50947],[115.61205,1.50862],[115.61217,1.50845],[115.61336,1.50682],[115.61362,1.50647],[115.61381,1.50597],[115.61424,1.50487],[115.61391,1.50386],[115.61377,1.5035],[115.61377,1.50346],[115.61369,1.5032],[115.61383,1.50146],[115.61386,1.50047],[115.6145,1.49703],[115.61465,1.49623],[115.61465,1.49623],[115.61032,1.49626],[115.60794,1.4959],[115.60301,1.49617],[115.60111,1.49428],[115.59775,1.4916],[115.59558,1.48689],[115.59127,1.48719],[115.58704,1.48382],[115.5818,1.48158],[115.57732,1.48366],[115.57164,1.48225],[115.56448,1.47911],[115.55256,1.47836],[115.5545,1.47597],[115.54916,1.47464],[115.54248,1.47689],[115.53551,1.47722],[115.53424,1.47844],[115.53031,1.47638],[115.52773,1.47521],[115.52418,1.47376],[115.52251,1.46871],[115.52295,1.46627],[115.51811,1.46661],[115.51304,1.46736],[115.51266,1.46988],[115.50744,1.4685],[115.5059,1.46687],[115.50756,1.46507],[115.50376,1.46455],[115.50015,1.46804],[115.49899,1.4684],[115.49559,1.47154],[115.49322,1.471],[115.49199,1.4693],[115.49054,1.46876],[115.48997,1.46797],[115.48957,1.46659],[115.48936,1.46477],[115.48831,1.46328],[115.48805,1.46147],[115.48789,1.45949],[115.48617,1.45786],[115.48536,1.45605],[115.48372,1.45629],[115.4814,1.45575],[115.47973,1.45414],[115.47811,1.45235],[115.47668,1.45349],[115.47613,1.45562],[115.47244,1.45562],[115.46996,1.45491],[115.46937,1.45396],[115.47066,1.45355],[115.47047,1.45149],[115.46772,1.45117],[115.46595,1.45203],[115.46392,1.45263],[115.46363,1.45382],[115.4619,1.45306],[115.46089,1.45112],[115.45876,1.44952],[115.45831,1.44762],[115.45694,1.44526],[115.45454,1.4436],[115.45458,1.44535],[115.45355,1.44638],[115.45183,1.444],[115.45016,1.44104],[115.44898,1.43946],[115.44658,1.43946],[115.44469,1.43919],[115.44227,1.43837],[115.44135,1.43951],[115.44053,1.44197],[115.4391,1.44386],[115.43877,1.44628],[115.43769,1.44731],[115.43451,1.44549],[115.43232,1.44252],[115.43033,1.43932],[115.42955,1.43828],[115.42997,1.43667],[115.42846,1.43469],[115.42819,1.43247],[115.42566,1.43048],[115.42369,1.43309],[115.42156,1.43406],[115.41781,1.43512],[115.41485,1.43561],[115.41032,1.43464],[115.40768,1.43208],[115.40476,1.42851],[115.4033,1.42744],[115.39884,1.42816],[115.3946,1.42887],[115.39,1.4283],[115.38958,1.42805],[115.3895,1.42826],[115.38944,1.43051],[115.38877,1.43164],[115.3881,1.43323],[115.38714,1.43344],[115.38606,1.43235],[115.38579,1.43219],[115.38481,1.43159],[115.38388,1.43121],[115.38253,1.43102],[115.38176,1.43108],[115.38129,1.43112],[115.38124,1.43114],[115.38039,1.43145],[115.37953,1.43212],[115.37882,1.4328],[115.37792,1.43314],[115.37685,1.4333],[115.37597,1.43311],[115.37518,1.43302],[115.37382,1.43345],[115.37314,1.43343],[115.3727,1.43374],[115.37241,1.43394],[115.36815,1.43245],[115.36622,1.42945],[115.36408,1.42575],[115.36544,1.42411],[115.36615,1.42097],[115.36715,1.41798],[115.3675,1.41634],[115.36565,1.41299],[115.36515,1.40978],[115.36629,1.40778],[115.36907,1.40643],[115.37036,1.40372],[115.37314,1.39866],[115.37314,1.3879],[115.37228,1.38505],[115.36579,1.38818],[115.36109,1.3946],[115.35853,1.40136],[115.35702,1.40536],[115.35838,1.41178],[115.36073,1.4147],[115.3613,1.41819],[115.36045,1.42097],[115.35667,1.42482],[115.35403,1.43052],[115.35467,1.43459],[115.35895,1.43879],[115.36644,1.441],[115.37178,1.4415],[115.37795,1.44423],[115.37849,1.44499],[115.3794,1.44595],[115.38051,1.44799],[115.3803,1.449],[115.38034,1.45009],[115.38109,1.45139],[115.3805,1.45206],[115.37867,1.45247],[115.37775,1.45365],[115.37654,1.45411],[115.37463,1.45402],[115.37358,1.4552],[115.37346,1.45583],[115.37258,1.45587],[115.37121,1.4549],[115.37054,1.45423],[115.36979,1.45436],[115.36925,1.45595],[115.36923,1.4574],[115.36927,1.45832],[115.36952,1.46138],[115.37006,1.46339],[115.3706,1.46499],[115.3708,1.46629],[115.37134,1.46725],[115.37303,1.46887],[115.37395,1.47009],[115.37407,1.47042],[115.37423,1.4715],[115.3746,1.47252],[115.37537,1.47356],[115.37623,1.4744],[115.37722,1.47508],[115.37747,1.47525],[115.37757,1.47535]]]]},"properties":{"kdprov":"65","kdkab":"01","kdkec":"010","kddesa":"006","kdsls":"2001","idsls":"65010100062001","nmprov":"KALIMANTAN UTARA","nmkab":"MALINAU","nmkec":"SUNGAI BOH","nmdesa":"AGUNG BARU","nmsls":"HUTAN"}},{"type":"Feature","geometry":{"type":"MultiPolygon","coordinates":[[[[115.37797,1.47476],[115.37881,1.4754],[115.37989,1.47622],[115.38014,1.47645],[115.38065,1.47679],[115.38113,1.47711],[115.38146,1.47738],[115.38169,1.47764],[115.38186,1.47795],[115.3822,1.4783],[115.38235,1.47846],[115.38253,1.47875],[115.38327,1.47993],[115.38362,1.47979],[115.3838,1.47984],[115.3838,1.47978],[115.38358,1.47874],[115.38347,1.47825],[115.38242,1.47654],[115.382,1.47624],[115.38141,1.47582],[115.38029,1.47501],[115.3791,1.47415],[115.37862,1.47381],[115.37828,1.4743],[115.37803,1.47468],[115.37797,1.47476]]]]},"properties":{"kdprov":"65","kdkab":"01","kdkec":"010","kddesa":"006","kdsls":"0003","idsls":"65010100060003","nmprov":"KALIMANTAN UTARA","nmkab":"MALINAU","nmkec":"SUNGAI BOH","nmdesa":"AGUNG BARU","nmsls":"RT 003"}},{"type":"Feature","geometry":{"type":"MultiPolygon","coordinates":[[[[115.37797,1.47476],[115.37757,1.47535],[115.37821,1.47596],[115.3786,1.47641],[115.37897,1.47694],[115.37904,1.47727],[115.37887,1.47773],[115.37881,1.47827],[115.37891,1.4788],[115.37904,1.47904],[115.37918,1.47929],[115.37952,1.47981],[115.38009,1.48029],[115.38052,1.48062],[115.38103,1.48079],[115.38131,1.48093],[115.38158,1.481],[115.38197,1.48102],[115.38232,1.48089],[115.38272,1.48056],[115.38294,1.48016],[115.38327,1.47993],[115.38253,1.47875],[115.38235,1.47846],[115.3822,1.4783],[115.38186,1.47795],[115.38169,1.47764],[115.38146,1.47738],[115.38113,1.47711],[115.38065,1.47679],[115.38014,1.47645],[115.37989,1.47622],[115.37881,1.4754],[115.37797,1.47476]]]]},"properties":{"kdprov":"65","kdkab":"01","kdkec":"010","kddesa":"006","kdsls":"0001","idsls":"65010100060001","nmprov":"KALIMANTAN UTARA","nmkab":"MALINAU","nmkec":"SUNGAI BOH","nmdesa":"AGUNG BARU","nmsls":"RT 001"}},{"type":"Feature","geometry":{"type":"MultiPolygon","coordinates":[[[[115.32303,1.40813],[115.32303,1.40789],[115.3227,1.40777],[115.32237,1.40764],[115.32242,1.40751],[115.32247,1.40733],[115.32247,1.40733],[115.32188,1.40701],[115.32153,1.40683],[115.32115,1.40662],[115.32049,1.40637],[115.32048,1.40637],[115.32013,1.40786],[115.32071,1.40803],[115.32134,1.40828],[115.32196,1.40851],[115.32229,1.40863],[115.32246,1.40872],[115.32277,1.40888],[115.32291,1.40846],[115.32303,1.40813]]]]},"properties":{"kdprov":"65","kdkab":"01","kdkec":"010","kddesa":"001","kdsls":"0002","idsls":"65010100010002","nmprov":"KALIMANTAN UTARA","nmkab":"MALINAU","nmkec":"SUNGAI BOH","nmdesa":"MAHAK BARU","nmsls":"RT 002"}},{"type":"Feature","geometry":{"type":"MultiPolygon","coordinates":[[[[115.3765,1.42736],[115.37257,1.42458],[115.37161,1.42407],[115.36953,1.42577],[115.36827,1.42697],[115.36795,1.42874],[115.36972,1.42848],[115.37367,1.43115],[115.37435,1.43027],[115.37467,1.42994],[115.375,1.42947],[115.37527,1.42908],[115.37558,1.42861],[115.3765,1.42736]]]]},"properties":{"kdprov":"65","kdkab":"01","kdkec":"010","kddesa":"004","kdsls":"0002","idsls":"65010100040002","nmprov":"KALIMANTAN UTARA","nmkab":"MALINAU","nmkec":"SUNGAI BOH","nmdesa":"DATA BARU","nmsls":"RT 002"}},{"type":"Feature","geometry":{"type":"MultiPolygon","coordinates":[[[[115.4316,1.29985],[115.43101,1.29799],[115.43495,1.29668],[115.43544,1.29832],[115.43926,1.29813],[115.44278,1.29974],[115.44669,1.30239],[115.44671,1.30239],[115.44772,1.30293],[115.44772,1.30286],[115.44772,1.30286],[115.45003,1.30414],[115.45122,1.30415],[115.45131,1.30415],[115.45189,1.30416],[115.45219,1.30417],[115.45637,1.30422],[115.45793,1.30456],[115.46146,1.30837],[115.46154,1.30952],[115.46047,1.31002],[115.46097,1.31242],[115.46195,1.3125],[115.46278,1.3111],[115.465,1.31085],[115.46549,1.30986],[115.46557,1.30862],[115.4659,1.30787],[115.46862,1.30978],[115.471,1.31019],[115.47182,1.3092],[115.47404,1.31028],[115.47585,1.3092],[115.47832,1.30589],[115.48038,1.30531],[115.48136,1.30714],[115.48153,1.30921],[115.48375,1.31111],[115.48473,1.31061],[115.48584,1.31223],[115.48847,1.31306],[115.48773,1.3167],[115.49012,1.31827],[115.49077,1.3196],[115.49118,1.32092],[115.49176,1.3249],[115.4925,1.32672],[115.49036,1.33042],[115.48916,1.33507],[115.48735,1.33789],[115.48855,1.34052],[115.48815,1.34396],[115.48995,1.34456],[115.49497,1.34356],[115.5002,1.3381],[115.50482,1.33002],[115.50623,1.32679],[115.50543,1.32113],[115.50663,1.31729],[115.50925,1.31083],[115.51146,1.30679],[115.51387,1.30517],[115.51547,1.30821],[115.51547,1.31003],[115.51567,1.31245],[115.51888,1.31366],[115.5227,1.31245],[115.52431,1.31165],[115.52551,1.30902],[115.52652,1.30841],[115.52732,1.3072],[115.53154,1.30741],[115.53495,1.30882],[115.53916,1.31125],[115.53916,1.31327],[115.53715,1.31549],[115.53394,1.31751],[115.53213,1.32216],[115.54137,1.31974],[115.54659,1.31813],[115.55699,1.31635],[115.55702,1.31486],[115.55703,1.31253],[115.55707,1.31247],[115.55707,1.31246],[115.55783,1.31119],[115.55836,1.31064],[115.55932,1.30959],[115.5596,1.309],[115.56102,1.30598],[115.56272,1.30381],[115.56416,1.30244],[115.56461,1.30201],[115.56584,1.29995],[115.56588,1.29987],[115.56705,1.29767],[115.56791,1.29638],[115.56823,1.29599],[115.56924,1.29473],[115.56965,1.29429],[115.57106,1.29277],[115.57167,1.29203],[115.57287,1.29058],[115.57465,1.28941],[115.57471,1.28938],[115.5748,1.28932],[115.57675,1.28828],[115.57799,1.28761],[115.58037,1.28737],[115.58165,1.28634],[115.58167,1.28633],[115.58202,1.28418],[115.58202,1.28411],[115.58202,1.28393],[115.58203,1.2824],[115.58203,1.28236],[115.58229,1.28171],[115.58255,1.28104],[115.58274,1.28056],[115.58306,1.28033],[115.58315,1.28026],[115.58297,1.27935],[115.58295,1.27926],[115.58288,1.27892],[115.58242,1.27764],[115.58121,1.27662],[115.58,1.27648],[115.57888,1.2758],[115.57631,1.27454],[115.57146,1.27254],[115.56366,1.26933],[115.56072,1.26812],[115.55413,1.26541],[115.55378,1.26534],[115.54808,1.26425],[115.54699,1.26442],[115.54626,1.26455],[115.54577,1.26467],[115.54499,1.26436],[115.54376,1.26465],[115.54323,1.26466],[115.54186,1.26479],[115.541,1.26484],[115.54017,1.26478],[115.5397,1.26437],[115.53917,1.26387],[115.53843,1.26348],[115.53804,1.26334],[115.53751,1.26344],[115.53609,1.26399],[115.53553,1.26365],[115.53424,1.26252],[115.53368,1.26161],[115.53036,1.26029],[115.52928,1.26001],[115.52786,1.25987],[115.52547,1.25999],[115.52304,1.26019],[115.52144,1.25918],[115.52101,1.25908],[115.51965,1.25879],[115.51864,1.25872],[115.51596,1.25855],[115.51403,1.25845],[115.51057,1.25923],[115.50821,1.25325],[115.502,1.25341],[115.49899,1.25261],[115.49855,1.25249],[115.49532,1.25244],[115.49479,1.25272],[115.49459,1.25282],[115.49358,1.25334],[115.49268,1.25427],[115.49197,1.25389],[115.49182,1.2538],[115.4911,1.25341],[115.49047,1.25285],[115.48921,1.25295],[115.48746,1.25247],[115.48722,1.25089],[115.48683,1.24963],[115.4862,1.2491],[115.48522,1.2486],[115.48616,1.2465],[115.48501,1.24536],[115.48261,1.24566],[115.48097,1.24392],[115.47958,1.24349],[115.47848,1.24458],[115.47552,1.24522],[115.47487,1.2449],[115.47454,1.24484],[115.47441,1.24453],[115.47424,1.24398],[115.47404,1.24338],[115.47378,1.24327],[115.47334,1.2431],[115.47255,1.2431],[115.47253,1.2431],[115.47135,1.24299],[115.47098,1.2427],[115.47063,1.24217],[115.47004,1.24094],[115.46985,1.24052],[115.46945,1.23995],[115.46868,1.2392],[115.46847,1.2391],[115.46753,1.23905],[115.46613,1.23868],[115.46545,1.2385],[115.46513,1.23806],[115.46522,1.23708],[115.46452,1.23672],[115.46362,1.23667],[115.4633,1.23694],[115.46297,1.23698],[115.46236,1.23698],[115.46056,1.23649],[115.45958,1.23631],[115.45886,1.23613],[115.45809,1.23613],[115.45781,1.23594],[115.45738,1.23586],[115.45714,1.23591],[115.45622,1.23591],[115.45563,1.23577],[115.45501,1.23553],[115.4542,1.23562],[115.45345,1.23578],[115.45288,1.23555],[115.45221,1.23514],[115.45143,1.23474],[115.45064,1.23439],[115.44971,1.2339],[115.44916,1.23365],[115.4481,1.2333],[115.44687,1.23301],[115.44647,1.23287],[115.44506,1.23217],[115.44404,1.23151],[115.44328,1.23124],[115.44239,1.23118],[115.44158,1.23136],[115.4411,1.23152],[115.43993,1.23182],[115.43913,1.23177],[115.43857,1.23153],[115.43799,1.23115],[115.4376,1.23098],[115.43727,1.23065],[115.43648,1.23021],[115.43606,1.22982],[115.4359,1.22965],[115.43576,1.22936],[115.43535,1.22893],[115.43466,1.22836],[115.43376,1.22774],[115.43316,1.22742],[115.43276,1.22732],[115.43258,1.22712],[115.43259,1.22685],[115.43266,1.22599],[115.43266,1.22541],[115.43273,1.22495],[115.43254,1.22458],[115.43222,1.22431],[115.43174,1.22424],[115.43079,1.22409],[115.4301,1.22362],[115.42955,1.22323],[115.42908,1.22321],[115.42802,1.2233],[115.42763,1.22315],[115.42741,1.22282],[115.4271,1.22158],[115.42696,1.22102],[115.42688,1.22055],[115.42684,1.22019],[115.4268,1.21961],[115.42669,1.21918],[115.42657,1.21879],[115.42651,1.21837],[115.42642,1.21769],[115.42641,1.21727],[115.42646,1.21674],[115.42652,1.21649],[115.42677,1.21601],[115.42704,1.2155],[115.42721,1.21525],[115.42724,1.21503],[115.42718,1.21474],[115.42706,1.21453],[115.42687,1.2142],[115.42676,1.21407],[115.42659,1.21374],[115.42637,1.21338],[115.42604,1.21291],[115.4258,1.21262],[115.42553,1.21238],[115.42509,1.21209],[115.42483,1.21185],[115.42437,1.21153],[115.42426,1.21119],[115.42407,1.21074],[115.42395,1.21037],[115.4237,1.2101],[115.42359,1.20993],[115.4234,1.20971],[115.42318,1.20951],[115.42293,1.20921],[115.42263,1.20896],[115.4224,1.20876],[115.42227,1.20859],[115.42213,1.20844],[115.42212,1.20832],[115.42219,1.20812],[115.42231,1.20791],[115.42241,1.20751],[115.42243,1.20695],[115.42244,1.20658],[115.42239,1.2062],[115.42225,1.20591],[115.42198,1.20538],[115.42182,1.20494],[115.42177,1.20456],[115.42175,1.204],[115.42161,1.20362],[115.42149,1.20329],[115.42132,1.20302],[115.42091,1.2026],[115.42068,1.20213],[115.42041,1.20137],[115.42026,1.20081],[115.42026,1.20032],[115.42048,1.19972],[115.42081,1.19902],[115.42107,1.19825],[115.4213,1.19753],[115.4213,1.19656],[115.42127,1.19596],[115.42127,1.19584],[115.42125,1.19563],[115.42125,1.19535],[115.42134,1.19498],[115.42145,1.19459],[115.42161,1.19406],[115.42173,1.19386],[115.42178,1.19326],[115.42186,1.19273],[115.42183,1.19223],[115.42186,1.19159],[115.42196,1.19117],[115.42203,1.1909],[115.42198,1.19067],[115.42182,1.19049],[115.42163,1.19033],[115.42114,1.19009],[115.42083,1.18994],[115.42051,1.18995],[115.42032,1.19016],[115.41934,1.19098],[115.41873,1.19143],[115.4182,1.19183],[115.41768,1.19217],[115.41705,1.19262],[115.41649,1.19278],[115.41599,1.19274],[115.41558,1.19256],[115.41485,1.19244],[115.4142,1.19228],[115.41359,1.19209],[115.41301,1.19218],[115.41239,1.19234],[115.41172,1.19251],[115.41113,1.19264],[115.41071,1.19265],[115.4104,1.19245],[115.41005,1.19194],[115.40977,1.19167],[115.40944,1.19149],[115.40903,1.1913],[115.40811,1.19095],[115.40797,1.19074],[115.40785,1.1903],[115.40761,1.18987],[115.40743,1.18965],[115.4072,1.18925],[115.40706,1.18888],[115.40706,1.18849],[115.40714,1.18812],[115.40713,1.18775],[115.4069,1.18745],[115.40668,1.18722],[115.40648,1.18694],[115.40643,1.18666],[115.40639,1.18641],[115.40637,1.18615],[115.40629,1.18556],[115.40622,1.18507],[115.40608,1.18466],[115.4059,1.1841],[115.40575,1.18365],[115.40556,1.18319],[115.40563,1.18267],[115.40567,1.18224],[115.40565,1.18194],[115.4056,1.18184],[115.40534,1.18128],[115.40519,1.1808],[115.40519,1.18008],[115.40527,1.17932],[115.40543,1.17833],[115.4057,1.17756],[115.4059,1.17687],[115.40583,1.17622],[115.40571,1.17605],[115.40563,1.17594],[115.40561,1.17582],[115.40555,1.17557],[115.40549,1.17536],[115.40542,1.17496],[115.40526,1.17439],[115.40497,1.17375],[115.40494,1.17335],[115.40505,1.17304],[115.40521,1.17272],[115.40542,1.17244],[115.40556,1.17208],[115.40573,1.17167],[115.40584,1.17159],[115.40606,1.17159],[115.40645,1.17159],[115.40704,1.17163],[115.40751,1.17165],[115.40767,1.17157],[115.40771,1.17145],[115.40767,1.17117],[115.40766,1.17089],[115.40783,1.17036],[115.40806,1.16988],[115.40835,1.16921],[115.40835,1.16886],[115.40825,1.16854],[115.40817,1.16802],[115.4084,1.16743],[115.40856,1.16717],[115.40894,1.16675],[115.40932,1.16643],[115.40983,1.16591],[115.41058,1.16518],[115.41162,1.1645],[115.41244,1.16384],[115.41295,1.16329],[115.41341,1.16279],[115.414,1.16258],[115.41476,1.16258],[115.41584,1.16231],[115.41688,1.1619],[115.41688,1.1617],[115.41684,1.16144],[115.41689,1.16124],[115.41699,1.16103],[115.41719,1.16075],[115.41751,1.16048],[115.41768,1.16017],[115.41785,1.16],[115.41818,1.15982],[115.41837,1.15962],[115.41856,1.15921],[115.41873,1.159],[115.41882,1.15877],[115.41883,1.15858],[115.41871,1.15832],[115.41857,1.15808],[115.4184,1.15787],[115.41841,1.15756],[115.41853,1.15718],[115.41859,1.15677],[115.41861,1.1566],[115.41844,1.15612],[115.41836,1.15565],[115.4182,1.15535],[115.41799,1.15494],[115.41776,1.15452],[115.41769,1.15404],[115.41764,1.15356],[115.4176,1.15328],[115.41756,1.153],[115.41751,1.15281],[115.41757,1.15261],[115.41759,1.15259],[115.41775,1.15244],[115.41791,1.15226],[115.41803,1.15193],[115.4181,1.15166],[115.41792,1.1516],[115.41736,1.15139],[115.41725,1.15137],[115.41708,1.15135],[115.41694,1.15129],[115.4168,1.15125],[115.4166,1.15118],[115.41632,1.15108],[115.41623,1.15103],[115.416,1.15095],[115.41584,1.15087],[115.41566,1.15073],[115.41555,1.15058],[115.41538,1.15041],[115.41522,1.15033],[115.41509,1.15026],[115.41497,1.15018],[115.41488,1.15008],[115.41475,1.14995],[115.41465,1.14987],[115.41452,1.14982],[115.4144,1.14978],[115.41422,1.1497],[115.41403,1.14966],[115.41385,1.14962],[115.41369,1.14963],[115.41358,1.14967],[115.41346,1.1497],[115.41323,1.14971],[115.41298,1.14971],[115.41283,1.14971],[115.41271,1.14971],[115.41258,1.14973],[115.41245,1.14974],[115.4122,1.14967],[115.41209,1.14961],[115.412,1.14951],[115.41191,1.14941],[115.4118,1.14934],[115.41166,1.14922],[115.4115,1.14922],[115.41138,1.14926],[115.41121,1.14931],[115.41109,1.14934],[115.41073,1.14939],[115.41061,1.14937],[115.41048,1.14932],[115.4104,1.14924],[115.41031,1.1491],[115.41025,1.14898],[115.41017,1.1487],[115.41006,1.14847],[115.40996,1.14835],[115.40987,1.14824],[115.40959,1.14808],[115.40943,1.14802],[115.40927,1.14801],[115.40914,1.14801],[115.40886,1.14801],[115.40857,1.14801],[115.40821,1.148],[115.40796,1.14793],[115.40771,1.14788],[115.40758,1.14788],[115.40731,1.14788],[115.40711,1.1479],[115.40692,1.14799],[115.40672,1.14811],[115.40664,1.14819],[115.40652,1.14837],[115.40644,1.14851],[115.40633,1.14868],[115.40622,1.14878],[115.40605,1.14884],[115.40589,1.14886],[115.40574,1.14886],[115.40562,1.14875],[115.40555,1.14865],[115.40549,1.1483],[115.40548,1.14814],[115.40543,1.148],[115.40536,1.14786],[115.40526,1.14765],[115.4052,1.14755],[115.40494,1.14734],[115.40483,1.14732],[115.40466,1.14732],[115.40437,1.14732],[115.40419,1.14734],[115.40408,1.14736],[115.40385,1.14737],[115.40369,1.14741],[115.40353,1.14745],[115.40328,1.14753],[115.40306,1.14756],[115.40294,1.14756],[115.40265,1.14756],[115.40235,1.14757],[115.4021,1.14759],[115.40189,1.14759],[115.4017,1.14754],[115.40157,1.14746],[115.40149,1.14735],[115.40135,1.14715],[115.4013,1.14701],[115.40124,1.14692],[115.40114,1.1468],[115.401,1.14675],[115.40075,1.14669],[115.40046,1.1466],[115.40034,1.14656],[115.40002,1.14641],[115.3999,1.14632],[115.39973,1.14621],[115.39963,1.14608],[115.39958,1.14583],[115.39957,1.14572],[115.39949,1.14556],[115.39936,1.14545],[115.39927,1.14535],[115.39915,1.14524],[115.39905,1.14499],[115.39903,1.14481],[115.39898,1.14465],[115.39898,1.14447],[115.39901,1.14434],[115.39916,1.14403],[115.39929,1.14381],[115.39936,1.14362],[115.39937,1.14351],[115.39932,1.1434],[115.39928,1.14326],[115.39915,1.14311],[115.39911,1.143],[115.39903,1.14286],[115.39897,1.14276],[115.39885,1.14251],[115.39881,1.14233],[115.39878,1.14222],[115.39878,1.14209],[115.39882,1.1417],[115.39885,1.14148],[115.39882,1.14125],[115.39868,1.14115],[115.39854,1.14105],[115.39843,1.14092],[115.39833,1.14082],[115.39824,1.14069],[115.39818,1.14057],[115.3981,1.14045],[115.39798,1.14035],[115.39787,1.14025],[115.39783,1.14015],[115.39781,1.13998],[115.39786,1.13982],[115.39792,1.13964],[115.39797,1.13951],[115.39798,1.13934],[115.39795,1.13925],[115.39784,1.1391],[115.39769,1.13896],[115.39755,1.13886],[115.39741,1.13878],[115.39727,1.1387],[115.39709,1.13858],[115.39691,1.13849],[115.39677,1.13835],[115.39664,1.1382],[115.39652,1.138],[115.39648,1.13787],[115.39637,1.1377],[115.39623,1.13762],[115.39603,1.1376],[115.39584,1.13762],[115.39567,1.13767],[115.39549,1.1377],[115.39537,1.13771],[115.39525,1.13772],[115.39508,1.13769],[115.39491,1.13762],[115.3948,1.13755],[115.39469,1.13742],[115.39461,1.13732],[115.39452,1.13722],[115.39441,1.13714],[115.39431,1.13709],[115.39414,1.13706],[115.39401,1.13706],[115.39388,1.13706],[115.39372,1.13706],[115.39357,1.13705],[115.39336,1.13704],[115.39321,1.13702],[115.39306,1.13695],[115.39296,1.13687],[115.39286,1.13678],[115.39274,1.13668],[115.39265,1.13657],[115.39256,1.13645],[115.39251,1.1363],[115.39246,1.13617],[115.39238,1.13603],[115.39227,1.13592],[115.39214,1.13586],[115.39197,1.13583],[115.39179,1.13582],[115.39164,1.13575],[115.39149,1.13563],[115.39138,1.13542],[115.39126,1.13525],[115.39118,1.13507],[115.39109,1.13489],[115.39098,1.13474],[115.39089,1.13465],[115.39076,1.13462],[115.3906,1.13464],[115.39042,1.13468],[115.39024,1.13474],[115.38996,1.13483],[115.38967,1.13493],[115.38945,1.13502],[115.38924,1.13504],[115.38912,1.135],[115.38897,1.13489],[115.38884,1.1347],[115.38876,1.13452],[115.38868,1.13431],[115.3886,1.13415],[115.38851,1.134],[115.38841,1.13393],[115.38823,1.13383],[115.38806,1.13371],[115.3879,1.1336],[115.38775,1.13344],[115.38764,1.13325],[115.38759,1.13314],[115.3875,1.133],[115.38743,1.13284],[115.38736,1.13264],[115.3873,1.13243],[115.38725,1.13221],[115.3872,1.13201],[115.38714,1.13178],[115.38709,1.13158],[115.38702,1.13136],[115.38692,1.13117],[115.38679,1.131],[115.38669,1.13084],[115.38663,1.13069],[115.38657,1.1305],[115.38651,1.13035],[115.38638,1.13027],[115.38623,1.13028],[115.38612,1.13034],[115.38594,1.13045],[115.38575,1.13054],[115.38553,1.13059],[115.38534,1.13059],[115.38506,1.13054],[115.38492,1.13048],[115.38474,1.13041],[115.38459,1.13033],[115.38446,1.13023],[115.38441,1.13012],[115.3844,1.12998],[115.38446,1.12986],[115.38455,1.12975],[115.38464,1.12969],[115.38479,1.1296],[115.38499,1.12951],[115.3851,1.12946],[115.38549,1.12935],[115.38568,1.12924],[115.38588,1.12911],[115.38605,1.12893],[115.38616,1.12875],[115.38622,1.1286],[115.38627,1.12844],[115.38629,1.12825],[115.38629,1.12808],[115.38623,1.12787],[115.38618,1.12769],[115.38602,1.1274],[115.38591,1.12726],[115.38579,1.12711],[115.38563,1.12701],[115.38548,1.12686],[115.38522,1.12668],[115.38501,1.12654],[115.38482,1.12639],[115.38468,1.12624],[115.38456,1.12607],[115.38446,1.12591],[115.38437,1.12575],[115.3843,1.12558],[115.38425,1.12537],[115.38421,1.12515],[115.38421,1.12496],[115.38419,1.1247],[115.38415,1.1244],[115.38413,1.12418],[115.3841,1.12399],[115.38407,1.12382],[115.384,1.1236],[115.38392,1.12346],[115.3838,1.1234],[115.38364,1.12342],[115.38348,1.12349],[115.3833,1.12354],[115.38315,1.12353],[115.38305,1.12345],[115.38295,1.12329],[115.38281,1.12317],[115.38267,1.12304],[115.38249,1.12288],[115.38236,1.12273],[115.38223,1.12257],[115.38213,1.12241],[115.38205,1.12225],[115.38193,1.12204],[115.38187,1.12189],[115.38185,1.12176],[115.38187,1.12159],[115.3819,1.12145],[115.38198,1.12127],[115.38207,1.12115],[115.38217,1.12102],[115.38222,1.12088],[115.38224,1.1207],[115.38223,1.12057],[115.38217,1.12044],[115.38208,1.12029],[115.38197,1.12018],[115.38182,1.12005],[115.38169,1.11992],[115.38153,1.11982],[115.38134,1.11975],[115.38115,1.11975],[115.38096,1.11972],[115.38088,1.11966],[115.38076,1.11952],[115.38074,1.1194],[115.38076,1.11923],[115.3808,1.11909],[115.38084,1.11887],[115.38086,1.11874],[115.38086,1.11856],[115.3808,1.11844],[115.38067,1.11832],[115.38051,1.11823],[115.38036,1.11816],[115.38018,1.11808],[115.37998,1.11799],[115.3798,1.11793],[115.37969,1.11784],[115.37961,1.11781],[115.37947,1.11779],[115.37934,1.1178],[115.37915,1.11777],[115.37902,1.11773],[115.37886,1.11766],[115.37875,1.11758],[115.37868,1.11747],[115.37855,1.11729],[115.37852,1.11713],[115.37844,1.11698],[115.37834,1.11688],[115.3782,1.11682],[115.37804,1.11679],[115.37788,1.11681],[115.37767,1.11686],[115.37731,1.11691],[115.37711,1.11696],[115.37673,1.11705],[115.37644,1.11712],[115.37621,1.1172],[115.37599,1.11727],[115.37579,1.11735],[115.37561,1.11735],[115.3754,1.11735],[115.37526,1.11729],[115.37505,1.11724],[115.37495,1.11718],[115.37485,1.11718],[115.37468,1.11721],[115.37457,1.11726],[115.37443,1.11726],[115.37416,1.1172],[115.374,1.11712],[115.37371,1.11702],[115.37343,1.11687],[115.37331,1.11669],[115.37323,1.11659],[115.37311,1.11642],[115.37301,1.11633],[115.37292,1.11625],[115.37273,1.1161],[115.37259,1.11602],[115.37242,1.11596],[115.37224,1.11592],[115.37205,1.11593],[115.3719,1.11596],[115.37172,1.11601],[115.37157,1.11606],[115.37139,1.11609],[115.37113,1.11608],[115.37084,1.11601],[115.37062,1.11594],[115.37038,1.11586],[115.3701,1.11574],[115.36987,1.11563],[115.36962,1.11552],[115.36946,1.1154],[115.36932,1.11528],[115.36909,1.11512],[115.36894,1.11501],[115.36874,1.11492],[115.36857,1.11485],[115.36838,1.11482],[115.36818,1.1148],[115.36791,1.1148],[115.36772,1.11483],[115.3675,1.11487],[115.36731,1.11488],[115.36711,1.1149],[115.36685,1.1149],[115.3666,1.1149],[115.36645,1.11487],[115.36624,1.11481],[115.36607,1.11475],[115.36591,1.11471],[115.36569,1.11467],[115.36552,1.11465],[115.36536,1.11464],[115.3652,1.11466],[115.36501,1.11473],[115.36481,1.11485],[115.36462,1.11497],[115.36446,1.11508],[115.36429,1.11521],[115.36413,1.11535],[115.36401,1.11545],[115.36387,1.11559],[115.36371,1.11572],[115.36352,1.11588],[115.36335,1.11598],[115.36315,1.11609],[115.36297,1.11617],[115.36282,1.11627],[115.3627,1.11641],[115.36264,1.11654],[115.36259,1.11674],[115.36253,1.11685],[115.36241,1.11702],[115.36225,1.11714],[115.36208,1.11727],[115.36194,1.11739],[115.36179,1.11748],[115.36159,1.11756],[115.36132,1.1176],[115.36104,1.11761],[115.36089,1.1176],[115.3607,1.11762],[115.36047,1.11767],[115.36026,1.11771],[115.36011,1.11775],[115.35995,1.11779],[115.35979,1.11783],[115.35966,1.11787],[115.35954,1.11794],[115.3594,1.11806],[115.35927,1.11822],[115.35914,1.11841],[115.35903,1.11864],[115.35899,1.11876],[115.35892,1.11893],[115.35888,1.11906],[115.35884,1.11924],[115.35883,1.11937],[115.35879,1.11957],[115.35875,1.11967],[115.35862,1.11982],[115.35846,1.11987],[115.35829,1.11988],[115.35817,1.11987],[115.35807,1.11983],[115.35797,1.11979],[115.35786,1.11977],[115.35771,1.11979],[115.35761,1.11986],[115.35745,1.11997],[115.35723,1.12008],[115.35704,1.12016],[115.35677,1.12026],[115.35653,1.12039],[115.35636,1.12047],[115.35612,1.12049],[115.35585,1.12048],[115.35562,1.12042],[115.35537,1.12036],[115.35517,1.12026],[115.35495,1.12019],[115.35479,1.12009],[115.35462,1.11998],[115.35447,1.11989],[115.3543,1.11986],[115.35406,1.1199],[115.35391,1.11996],[115.35377,1.12003],[115.3536,1.12009],[115.35344,1.12014],[115.35328,1.12012],[115.35311,1.12003],[115.35299,1.11993],[115.35285,1.11981],[115.35276,1.11968],[115.35268,1.11959],[115.35258,1.11955],[115.35245,1.11962],[115.35235,1.11973],[115.35226,1.1199],[115.35221,1.12002],[115.35212,1.1202],[115.35196,1.12031],[115.35176,1.12037],[115.35159,1.12038],[115.35138,1.12036],[115.35121,1.1203],[115.351,1.12022],[115.35077,1.12013],[115.3506,1.12007],[115.35038,1.12003],[115.35015,1.12003],[115.35012,1.12004],[115.34991,1.12007],[115.3497,1.12017],[115.34958,1.12034],[115.34947,1.12054],[115.34935,1.12078],[115.34927,1.12095],[115.34918,1.12117],[115.34908,1.12139],[115.34899,1.12158],[115.34887,1.12174],[115.3487,1.12191],[115.34856,1.12209],[115.34848,1.12222],[115.34841,1.1224],[115.34829,1.12255],[115.34813,1.12271],[115.34795,1.12289],[115.34781,1.12304],[115.3476,1.12321],[115.34743,1.12329],[115.34726,1.12331],[115.34709,1.12331],[115.34686,1.12328],[115.34668,1.12324],[115.34647,1.12315],[115.34632,1.12303],[115.34614,1.12293],[115.346,1.1229],[115.34589,1.12292],[115.34574,1.12298],[115.34558,1.12305],[115.34538,1.12308],[115.34517,1.12309],[115.34499,1.12307],[115.34481,1.12306],[115.34465,1.12313],[115.34455,1.12327],[115.34449,1.12343],[115.34446,1.1236],[115.3444,1.12377],[115.34432,1.12395],[115.34416,1.12407],[115.34399,1.12408],[115.34378,1.12405],[115.34356,1.12395],[115.34338,1.1239],[115.34314,1.12389],[115.3429,1.1239],[115.34269,1.12399],[115.34246,1.12413],[115.34238,1.12426],[115.3423,1.12448],[115.34212,1.12486],[115.34198,1.12497],[115.34184,1.12506],[115.34162,1.12514],[115.34139,1.12521],[115.3411,1.12527],[115.34071,1.12532],[115.34034,1.12534],[115.33997,1.12533],[115.33963,1.12527],[115.33934,1.12521],[115.3391,1.12513],[115.33886,1.12505],[115.3387,1.12496],[115.3385,1.12484],[115.33831,1.12475],[115.33805,1.12463],[115.33787,1.12453],[115.33766,1.12447],[115.33739,1.12442],[115.33715,1.12439],[115.3369,1.12442],[115.33661,1.12447],[115.33634,1.12459],[115.33608,1.12475],[115.33583,1.12491],[115.33568,1.1251],[115.33555,1.12527],[115.33542,1.12553],[115.33536,1.12573],[115.33528,1.12597],[115.33523,1.12613],[115.33516,1.12634],[115.33506,1.12656],[115.33493,1.12676],[115.33477,1.12695],[115.33461,1.12708],[115.33444,1.12719],[115.33417,1.12729],[115.33401,1.12729],[115.33379,1.12716],[115.33366,1.12703],[115.33356,1.12689],[115.33344,1.1267],[115.33336,1.12657],[115.33324,1.12644],[115.33317,1.12638],[115.33307,1.12634],[115.33283,1.12634],[115.33262,1.12641],[115.33252,1.1265],[115.33242,1.12664],[115.33232,1.12684],[115.33214,1.127],[115.33186,1.12706],[115.33164,1.12704],[115.33138,1.12704],[115.33114,1.12701],[115.33087,1.12695],[115.33069,1.12685],[115.33044,1.12673],[115.33012,1.12652],[115.32991,1.12632],[115.32979,1.12625],[115.32967,1.12623],[115.32951,1.12626],[115.32932,1.12631],[115.32911,1.12639],[115.3289,1.12652],[115.32878,1.12665],[115.32869,1.12674],[115.32855,1.12685],[115.32837,1.12704],[115.32825,1.12723],[115.32812,1.1274],[115.32797,1.12754],[115.32771,1.12767],[115.32742,1.12781],[115.32722,1.12794],[115.32693,1.12809],[115.32673,1.12819],[115.3265,1.12826],[115.32617,1.12831],[115.32596,1.1283],[115.32562,1.12826],[115.32539,1.1282],[115.32514,1.1281],[115.32495,1.12801],[115.32477,1.12792],[115.3246,1.12778],[115.32444,1.12764],[115.32436,1.1275],[115.32428,1.12735],[115.32422,1.12718],[115.32413,1.12698],[115.32399,1.12687],[115.32387,1.12679],[115.32365,1.12679],[115.32349,1.12684],[115.32328,1.12697],[115.32309,1.12712],[115.3229,1.12724],[115.32265,1.12732],[115.32236,1.12736],[115.32218,1.12742],[115.32205,1.12752],[115.32185,1.12761],[115.32162,1.12762],[115.32142,1.12756],[115.32129,1.12745],[115.32116,1.12735],[115.32102,1.12728],[115.32085,1.1272],[115.32057,1.12715],[115.32036,1.1272],[115.32015,1.12728],[115.31998,1.12731],[115.31979,1.12722],[115.31966,1.12711],[115.31938,1.12702],[115.31921,1.127],[115.31902,1.12701],[115.3188,1.12707],[115.31851,1.12716],[115.3183,1.1272],[115.31808,1.12725],[115.31775,1.12734],[115.3175,1.12735],[115.31733,1.12734],[115.31716,1.12726],[115.31699,1.1271],[115.31683,1.12697],[115.31663,1.12681],[115.3165,1.12671],[115.31635,1.12658],[115.3162,1.12644],[115.31607,1.12628],[115.3159,1.12613],[115.3157,1.12604],[115.31549,1.126],[115.31524,1.12597],[115.31501,1.12597],[115.31478,1.12597],[115.31458,1.12599],[115.31432,1.12608],[115.31406,1.12618],[115.31385,1.12628],[115.31363,1.1264],[115.31346,1.12652],[115.31327,1.12666],[115.3131,1.12686],[115.31295,1.127],[115.31278,1.12712],[115.3126,1.12723],[115.31241,1.1273],[115.31222,1.12736],[115.31205,1.12742],[115.31191,1.12748],[115.31175,1.12758],[115.31164,1.12768],[115.31155,1.12784],[115.31149,1.12806],[115.31147,1.12825],[115.31142,1.12842],[115.31137,1.12861],[115.31128,1.12884],[115.31117,1.12902],[115.3111,1.1292],[115.31103,1.12935],[115.31095,1.12949],[115.31083,1.12963],[115.31069,1.12975],[115.31051,1.12989],[115.3103,1.12995],[115.31024,1.12998],[115.31015,1.13001],[115.30986,1.13011],[115.30965,1.13019],[115.30951,1.1303],[115.30934,1.13045],[115.30922,1.13059],[115.30921,1.13061],[115.30917,1.13079],[115.30918,1.13097],[115.30922,1.13107],[115.30924,1.13112],[115.30927,1.13127],[115.30926,1.13146],[115.30922,1.13168],[115.30922,1.13168],[115.30915,1.13181],[115.30896,1.13197],[115.30877,1.13203],[115.30859,1.13206],[115.30826,1.13208],[115.30805,1.13207],[115.3078,1.13204],[115.30762,1.13203],[115.30751,1.13204],[115.30737,1.13208],[115.3072,1.13214],[115.30703,1.13221],[115.30679,1.13225],[115.30658,1.13224],[115.30636,1.1322],[115.30613,1.13213],[115.30597,1.13203],[115.30575,1.13192],[115.30561,1.13187],[115.3053,1.13183],[115.3051,1.13186],[115.30475,1.13199],[115.30452,1.13214],[115.30429,1.13229],[115.30411,1.13245],[115.30402,1.1326],[115.30391,1.1328],[115.30384,1.13294],[115.30375,1.13314],[115.30362,1.13334],[115.30349,1.13353],[115.30334,1.13368],[115.30319,1.13375],[115.30298,1.1338],[115.30263,1.13391],[115.3024,1.13399],[115.30222,1.13408],[115.30203,1.13416],[115.30188,1.13425],[115.30172,1.13426],[115.30157,1.13427],[115.30133,1.13425],[115.30117,1.1342],[115.30104,1.13417],[115.30079,1.13412],[115.30068,1.1341],[115.30054,1.13411],[115.30037,1.13419],[115.30022,1.13429],[115.30011,1.13436],[115.29997,1.13445],[115.29983,1.13454],[115.29971,1.13459],[115.29957,1.13462],[115.29948,1.1346],[115.29924,1.1345],[115.29915,1.13437],[115.29897,1.13416],[115.29883,1.13401],[115.29866,1.13386],[115.29852,1.13371],[115.29841,1.13359],[115.29827,1.13342],[115.29814,1.13323],[115.2981,1.13303],[115.29802,1.13286],[115.29789,1.13264],[115.29779,1.13252],[115.29765,1.13245],[115.29754,1.13241],[115.29742,1.13242],[115.29729,1.13246],[115.29717,1.13251],[115.29702,1.13255],[115.29685,1.13258],[115.29663,1.13259],[115.2963,1.13249],[115.29608,1.13241],[115.29582,1.13239],[115.29568,1.13237],[115.29556,1.13239],[115.29527,1.13244],[115.29511,1.13253],[115.29493,1.13265],[115.29482,1.13276],[115.29472,1.1329],[115.29458,1.13305],[115.29447,1.13318],[115.29433,1.13329],[115.29411,1.13335],[115.29392,1.13336],[115.2937,1.1333],[115.2935,1.13319],[115.29337,1.1331],[115.29328,1.13305],[115.29308,1.13301],[115.29294,1.13302],[115.29278,1.13305],[115.29253,1.13317],[115.29238,1.13328],[115.29235,1.1333],[115.29225,1.1358],[115.29229,1.13788],[115.29231,1.13891],[115.29247,1.14673],[115.29383,1.1519],[115.29547,1.15808],[115.29641,1.16083],[115.2965,1.1611],[115.29804,1.16558],[115.29771,1.16646],[115.29734,1.16745],[115.29492,1.17389],[115.2949,1.17394],[115.29517,1.1743],[115.29591,1.1753],[115.29606,1.17575],[115.29667,1.17767],[115.29716,1.17976],[115.29895,1.18192],[115.30393,1.18999],[115.306,1.19292],[115.30866,1.19532],[115.31433,1.20312],[115.31674,1.2082],[115.31971,1.21154],[115.32016,1.21374],[115.31961,1.21554],[115.31954,1.21777],[115.31967,1.21937],[115.32112,1.22271],[115.32209,1.22599],[115.3234,1.22835],[115.32485,1.23016],[115.3279,1.23184],[115.329,1.23205],[115.33083,1.23313],[115.3327,1.23584],[115.33519,1.23549],[115.3392,1.23724],[115.34245,1.23828],[115.34639,1.23926],[115.35074,1.24065],[115.35551,1.24449],[115.35814,1.24915],[115.36215,1.25138],[115.36429,1.25284],[115.36529,1.25469],[115.36695,1.25594],[115.36833,1.25692],[115.36964,1.25887],[115.36964,1.26221],[115.3684,1.26436],[115.36784,1.26791],[115.36708,1.26972],[115.36642,1.27247],[115.36552,1.27491],[115.36517,1.27811],[115.36621,1.28089],[115.3671,1.28437],[115.36712,1.28443],[115.37101,1.28068],[115.3711,1.27694],[115.37127,1.27344],[115.37276,1.27244],[115.37568,1.27216],[115.37615,1.27211],[115.37652,1.2721],[115.37801,1.27204],[115.38078,1.27195],[115.38228,1.27131],[115.3826,1.27117],[115.38624,1.26962],[115.3893,1.26937],[115.39029,1.27137],[115.39178,1.2747],[115.39409,1.27504],[115.39699,1.2742],[115.39753,1.2738],[115.39867,1.27294],[115.40275,1.27246],[115.40732,1.27284],[115.41121,1.27541],[115.41359,1.27779],[115.41435,1.2813],[115.41435,1.28425],[115.41397,1.28625],[115.41312,1.28957],[115.41625,1.29689],[115.41911,1.3006],[115.42291,1.30221],[115.42709,1.30193],[115.43049,1.30036],[115.4316,1.29985]]]]},"properties":{"kdprov":"65","kdkab":"01","kdkec":"010","kddesa":"003","kdsls":"2001","idsls":"65010100032001","nmprov":"KALIMANTAN UTARA","nmkab":"MALINAU","nmkec":"SUNGAI BOH","nmdesa":"LONG TOP","nmsls":"HUTAN"}},{"type":"Feature","geometry":{"type":"MultiPolygon","coordinates":[[[[115.43544,1.29832],[115.43495,1.29668],[115.43101,1.29799],[115.4316,1.29985],[115.43189,1.29965],[115.43328,1.29923],[115.43427,1.29891],[115.43504,1.29852],[115.43544,1.29832]]]]},"properties":{"kdprov":"65","kdkab":"01","kdkec":"010","kddesa":"003","kdsls":"0001","idsls":"65010100030001","nmprov":"KALIMANTAN UTARA","nmkab":"MALINAU","nmkec":"SUNGAI BOH","nmdesa":"LONG TOP","nmsls":"RT 01"}},{"type":"Feature","geometry":{"type":"MultiPolygon","coordinates":[[[[115.33018,1.40266],[115.32938,1.40142],[115.3292,1.40157],[115.32891,1.40154],[115.32862,1.40133],[115.32848,1.40095],[115.32842,1.40058],[115.3284,1.40028],[115.32829,1.40013],[115.32808,1.40028],[115.32792,1.40027],[115.32779,1.40011],[115.3277,1.39995],[115.32757,1.3999],[115.32744,1.39996],[115.32746,1.40022],[115.32742,1.40054],[115.32726,1.40076],[115.32714,1.40076],[115.32677,1.40071],[115.32651,1.40093],[115.32631,1.40115],[115.32627,1.40166],[115.32636,1.40184],[115.32657,1.40188],[115.32684,1.40176],[115.3271,1.40166],[115.32741,1.40164],[115.32757,1.40168],[115.32756,1.40184],[115.32745,1.40204],[115.32728,1.40222],[115.32708,1.40233],[115.32668,1.40239],[115.32626,1.4025],[115.326,1.40256],[115.32586,1.40255],[115.32413,1.40563],[115.32395,1.40592],[115.32381,1.40615],[115.32375,1.40629],[115.3236,1.40649],[115.32417,1.40683],[115.32385,1.40744],[115.32441,1.4078],[115.32427,1.408],[115.32409,1.40822],[115.32403,1.40828],[115.32397,1.40835],[115.32417,1.40864],[115.32468,1.40911],[115.32478,1.40899],[115.32512,1.4088],[115.32558,1.40868],[115.32606,1.4087],[115.32663,1.40886],[115.32696,1.40894],[115.32744,1.40883],[115.32783,1.40844],[115.32819,1.40784],[115.32817,1.40743],[115.32793,1.40696],[115.32753,1.40646],[115.32719,1.40612],[115.32672,1.40578],[115.32633,1.40552],[115.32626,1.40531],[115.32635,1.40492],[115.32675,1.40429],[115.32702,1.40398],[115.32727,1.40358],[115.32756,1.40332],[115.3279,1.4033],[115.32824,1.40349],[115.32854,1.40368],[115.32908,1.40355],[115.32972,1.40317],[115.33018,1.40266]]]]},"properties":{"kdprov":"65","kdkab":"01","kdkec":"010","kddesa":"002","kdsls":"0001","idsls":"65010100020001","nmprov":"KALIMANTAN UTARA","nmkab":"MALINAU","nmkec":"SUNGAI BOH","nmdesa":"DUMU MAHAK","nmsls":"RT 01"}},{"type":"Feature","geometry":{"type":"MultiPolygon","coordinates":[[[[115.3838,1.47984],[115.38362,1.47979],[115.38327,1.47993],[115.38294,1.48016],[115.38272,1.48056],[115.38232,1.48089],[115.38197,1.48102],[115.38158,1.481],[115.38131,1.48093],[115.38103,1.48079],[115.38125,1.48123],[115.38128,1.48177],[115.38107,1.4823],[115.38098,1.4831],[115.38122,1.48414],[115.38246,1.48646],[115.38309,1.48724],[115.38652,1.4856],[115.38643,1.48506],[115.38631,1.48464],[115.38608,1.4842],[115.3859,1.48379],[115.38577,1.4832],[115.38542,1.48226],[115.38491,1.48118],[115.3844,1.48033],[115.38404,1.47992],[115.3838,1.47984]]]]},"properties":{"kdprov":"65","kdkab":"01","kdkec":"010","kddesa":"006","kdsls":"0002","idsls":"65010100060002","nmprov":"KALIMANTAN UTARA","nmkab":"MALINAU","nmkec":"SUNGAI BOH","nmdesa":"AGUNG BARU","nmsls":"RT 002"}},{"type":"Feature","geometry":{"type":"MultiPolygon","coordinates":[[[[115.39979,1.41837],[115.39989,1.41862],[115.40002,1.41891],[115.40017,1.41919],[115.40023,1.41941],[115.40022,1.41971],[115.40003,1.42023],[115.39991,1.42069],[115.40001,1.42096],[115.40049,1.4213],[115.40089,1.42144],[115.40142,1.42146],[115.40193,1.42144],[115.40243,1.42127],[115.40286,1.42097],[115.40323,1.42084],[115.40377,1.42063],[115.40433,1.42039],[115.40459,1.42024],[115.40508,1.41996],[115.40565,1.41963],[115.40467,1.41885],[115.4031,1.41852],[115.40133,1.41844],[115.40128,1.41823],[115.401,1.41821],[115.40071,1.41821],[115.40031,1.41825],[115.40029,1.41819],[115.39979,1.41837]]]]},"properties":{"kdprov":"65","kdkab":"01","kdkec":"010","kddesa":"005","kdsls":"0003","idsls":"65010100050003","nmprov":"KALIMANTAN UTARA","nmkab":"MALINAU","nmkec":"SUNGAI BOH","nmdesa":"LONG LEBUSAN","nmsls":"RT 003"}},{"type":"Feature","geometry":{"type":"MultiPolygon","coordinates":[[[[115.37367,1.43115],[115.36972,1.42848],[115.36795,1.42874],[115.36827,1.42697],[115.36953,1.42577],[115.37161,1.42407],[115.37257,1.42458],[115.3765,1.42736],[115.38176,1.43108],[115.38253,1.43102],[115.38388,1.43121],[115.38481,1.43159],[115.38579,1.43219],[115.38606,1.43235],[115.38714,1.43344],[115.3881,1.43323],[115.38877,1.43164],[115.38944,1.43051],[115.3895,1.42826],[115.38958,1.42805],[115.38843,1.42737],[115.38747,1.42677],[115.38731,1.42646],[115.38711,1.42609],[115.38704,1.42538],[115.38729,1.42388],[115.38822,1.42228],[115.38897,1.42171],[115.39004,1.42135],[115.39152,1.42012],[115.39212,1.41967],[115.3924,1.4194],[115.39262,1.419],[115.3928,1.41862],[115.39299,1.41818],[115.39326,1.41764],[115.39362,1.41721],[115.39397,1.41685],[115.39444,1.41658],[115.39494,1.41645],[115.39543,1.41631],[115.39593,1.41618],[115.39628,1.41598],[115.39663,1.41564],[115.39717,1.41513],[115.39751,1.41477],[115.3977,1.41443],[115.39789,1.41387],[115.39793,1.41386],[115.39784,1.41247],[115.3972,1.41151],[115.39688,1.41062],[115.39702,1.40962],[115.39784,1.40855],[115.39795,1.4077],[115.39921,1.40704],[115.40068,1.40626],[115.4016,1.40529],[115.40208,1.40453],[115.40381,1.40423],[115.4048,1.40434],[115.40475,1.40309],[115.40326,1.40161],[115.40253,1.39673],[115.40264,1.39545],[115.40371,1.39475],[115.40527,1.39435],[115.40565,1.39302],[115.40409,1.39165],[115.40439,1.39063],[115.4048,1.39021],[115.40558,1.3894],[115.40872,1.38915],[115.4107,1.389],[115.4107,1.38752],[115.4107,1.38726],[115.40896,1.38632],[115.40906,1.38493],[115.41092,1.38355],[115.41314,1.38297],[115.4152,1.38302],[115.41626,1.38323],[115.41695,1.38409],[115.41769,1.38563],[115.41928,1.38467],[115.41944,1.38344],[115.42127,1.38225],[115.4229,1.38232],[115.42449,1.38352],[115.42564,1.38471],[115.42754,1.38638],[115.42927,1.38638],[115.42947,1.38533],[115.42886,1.38396],[115.42923,1.38205],[115.42808,1.38164],[115.42742,1.3807],[115.42824,1.37907],[115.42929,1.37832],[115.43156,1.37706],[115.43251,1.3773],[115.4341,1.37829],[115.43478,1.37696],[115.43454,1.37546],[115.43522,1.37331],[115.43561,1.37108],[115.43771,1.37104],[115.44083,1.37057],[115.44151,1.36948],[115.44137,1.36764],[115.44053,1.366],[115.4409,1.36368],[115.44058,1.36182],[115.43929,1.35998],[115.43523,1.35595],[115.43449,1.35381],[115.4355,1.35319],[115.43662,1.35292],[115.43693,1.35104],[115.43673,1.34845],[115.43747,1.34726],[115.43881,1.34638],[115.43954,1.34557],[115.43925,1.34418],[115.43705,1.34166],[115.43497,1.33962],[115.43361,1.33888],[115.43224,1.33775],[115.43192,1.33666],[115.43292,1.33597],[115.43506,1.33568],[115.43504,1.33349],[115.43471,1.3321],[115.43304,1.32899],[115.43316,1.32628],[115.43302,1.32502],[115.43076,1.32277],[115.43052,1.31832],[115.43109,1.31625],[115.43188,1.3151],[115.43384,1.31545],[115.43566,1.31542],[115.43639,1.31395],[115.4349,1.31291],[115.43482,1.31107],[115.43472,1.30882],[115.43562,1.30796],[115.43692,1.30864],[115.43771,1.30829],[115.43847,1.30744],[115.44007,1.30785],[115.44077,1.30709],[115.44099,1.30624],[115.44232,1.30589],[115.44349,1.30526],[115.44473,1.30273],[115.44589,1.30253],[115.446,1.30251],[115.44669,1.30239],[115.44278,1.29974],[115.43926,1.29813],[115.43544,1.29832],[115.43504,1.29852],[115.43427,1.29891],[115.43328,1.29923],[115.43189,1.29965],[115.4316,1.29985],[115.43049,1.30036],[115.42709,1.30193],[115.42291,1.30221],[115.41911,1.3006],[115.41625,1.29689],[115.41312,1.28957],[115.41397,1.28625],[115.41435,1.28425],[115.41435,1.2813],[115.41359,1.27779],[115.41121,1.27541],[115.40732,1.27284],[115.40275,1.27246],[115.39867,1.27294],[115.39753,1.2738],[115.39699,1.2742],[115.39409,1.27504],[115.39178,1.2747],[115.39029,1.27137],[115.3893,1.26937],[115.38624,1.26962],[115.3826,1.27117],[115.38228,1.27131],[115.38078,1.27195],[115.37801,1.27204],[115.37652,1.2721],[115.37615,1.27211],[115.37568,1.27216],[115.37276,1.27244],[115.37127,1.27344],[115.3711,1.27694],[115.37101,1.28068],[115.36712,1.28443],[115.36787,1.28594],[115.37068,1.29035],[115.37144,1.29278],[115.37127,1.29465],[115.37042,1.29636],[115.37,1.29802],[115.37067,1.30028],[115.37199,1.30199],[115.37336,1.30269],[115.37451,1.3038],[115.37531,1.30606],[115.37497,1.31283],[115.37498,1.31742],[115.37477,1.32253],[115.37483,1.32707],[115.37614,1.32886],[115.37749,1.33236],[115.37751,1.33425],[115.37785,1.33805],[115.37986,1.34348],[115.38223,1.34655],[115.38417,1.34792],[115.38568,1.35092],[115.38576,1.35813],[115.3844,1.36068],[115.38279,1.36201],[115.38279,1.36201],[115.38246,1.36345],[115.38246,1.36345],[115.37948,1.36858],[115.37827,1.37172],[115.37841,1.37421],[115.37777,1.37785],[115.3762,1.38134],[115.37449,1.38326],[115.37228,1.38505],[115.37314,1.3879],[115.37314,1.39866],[115.37036,1.40372],[115.36907,1.40643],[115.36629,1.40778],[115.36515,1.40978],[115.36565,1.41299],[115.3675,1.41634],[115.36715,1.41798],[115.36615,1.42097],[115.36544,1.42411],[115.36408,1.42575],[115.36622,1.42945],[115.36815,1.43245],[115.37241,1.43394],[115.3727,1.43374],[115.37314,1.43343],[115.37382,1.43345],[115.37518,1.43302],[115.37597,1.43311],[115.37685,1.4333],[115.37367,1.43115]]]]},"properties":{"kdprov":"65","kdkab":"01","kdkec":"010","kddesa":"004","kdsls":"2001","idsls":"65010100042001","nmprov":"KALIMANTAN UTARA","nmkab":"MALINAU","nmkec":"SUNGAI BOH","nmdesa":"DATA BARU","nmsls":"HUTAN"}},{"type":"Feature","geometry":{"type":"MultiPolygon","coordinates":[[[[115.40022,1.41971],[115.40023,1.41941],[115.40017,1.41919],[115.40002,1.41891],[115.39989,1.41862],[115.39979,1.41837],[115.39968,1.41816],[115.39956,1.41784],[115.39945,1.41755],[115.39939,1.41735],[115.39926,1.41667],[115.39926,1.4162],[115.39919,1.41557],[115.3991,1.41529],[115.39892,1.4148],[115.39886,1.41459],[115.39878,1.4143],[115.39865,1.41366],[115.39859,1.41321],[115.39836,1.4127],[115.39784,1.41247],[115.39793,1.41386],[115.39789,1.41387],[115.3977,1.41443],[115.39751,1.41477],[115.39717,1.41513],[115.39663,1.41564],[115.39628,1.41598],[115.39593,1.41618],[115.39543,1.41631],[115.39494,1.41645],[115.39444,1.41658],[115.39397,1.41685],[115.39362,1.41721],[115.39326,1.41764],[115.39299,1.41818],[115.3928,1.41862],[115.39262,1.419],[115.3924,1.4194],[115.39212,1.41967],[115.39152,1.42012],[115.39004,1.42135],[115.38897,1.42171],[115.38822,1.42228],[115.38729,1.42388],[115.38704,1.42538],[115.38711,1.42609],[115.38731,1.42646],[115.39607,1.42068],[115.39644,1.41908],[115.39722,1.41888],[115.39752,1.41938],[115.39828,1.41971],[115.40022,1.41971]]]]},"properties":{"kdprov":"65","kdkab":"01","kdkec":"010","kddesa":"005","kdsls":"0004","idsls":"65010100050004","nmprov":"KALIMANTAN UTARA","nmkab":"MALINAU","nmkec":"SUNGAI BOH","nmdesa":"LONG LEBUSAN","nmsls":"RT 004"}},{"type":"Feature","geometry":{"type":"MultiPolygon","coordinates":[[[[115.38309,1.48724],[115.38246,1.48646],[115.38122,1.48414],[115.38098,1.4831],[115.38107,1.4823],[115.38128,1.48177],[115.38125,1.48123],[115.38103,1.48079],[115.38052,1.48062],[115.38009,1.48029],[115.37952,1.47981],[115.37918,1.47929],[115.37904,1.47904],[115.37891,1.4788],[115.37881,1.47827],[115.37887,1.47773],[115.37904,1.47727],[115.37897,1.47694],[115.3786,1.47641],[115.37821,1.47596],[115.37757,1.47535],[115.37747,1.47525],[115.37722,1.47508],[115.37623,1.4744],[115.37537,1.47356],[115.3746,1.47252],[115.37423,1.4715],[115.37407,1.47042],[115.37395,1.47009],[115.37303,1.46887],[115.37134,1.46725],[115.3708,1.46629],[115.3706,1.46499],[115.37006,1.46339],[115.36952,1.46138],[115.36927,1.45832],[115.36923,1.4574],[115.36925,1.45595],[115.36979,1.45436],[115.37054,1.45423],[115.37121,1.4549],[115.37258,1.45587],[115.37346,1.45583],[115.37358,1.4552],[115.37463,1.45402],[115.37654,1.45411],[115.37775,1.45365],[115.37867,1.45247],[115.3805,1.45206],[115.38109,1.45139],[115.38034,1.45009],[115.3803,1.449],[115.38051,1.44799],[115.3794,1.44595],[115.37849,1.44499],[115.37795,1.44423],[115.37178,1.4415],[115.36644,1.441],[115.35895,1.43879],[115.35467,1.43459],[115.35403,1.43052],[115.35667,1.42482],[115.36045,1.42097],[115.3613,1.41819],[115.36073,1.4147],[115.35838,1.41178],[115.35702,1.40536],[115.35853,1.40136],[115.35796,1.40141],[115.35773,1.40167],[115.35746,1.40197],[115.35697,1.40251],[115.35671,1.40281],[115.35644,1.40311],[115.35612,1.40346],[115.35491,1.40462],[115.3542,1.40529],[115.35356,1.4059],[115.35204,1.40569],[115.35202,1.40566],[115.35087,1.40437],[115.35081,1.40299],[115.3508,1.40283],[115.34928,1.40165],[115.3481,1.40283],[115.34637,1.40283],[115.34527,1.40144],[115.34305,1.40094],[115.34216,1.40074],[115.34022,1.40283],[115.33849,1.40429],[115.33593,1.40484],[115.3342,1.40484],[115.33388,1.40501],[115.33921,1.40871],[115.33572,1.41379],[115.33436,1.41321],[115.33173,1.41133],[115.32876,1.41108],[115.32468,1.41282],[115.32153,1.41422],[115.31852,1.41399],[115.31754,1.41336],[115.31742,1.41366],[115.31507,1.41488],[115.31481,1.41487],[115.30989,1.41453],[115.30712,1.41383],[115.30546,1.41362],[115.30332,1.41529],[115.30069,1.41647],[115.29841,1.41717],[115.2963,1.41712],[115.29267,1.41703],[115.2908,1.41751],[115.28938,1.41748],[115.28952,1.41587],[115.28945,1.41407],[115.28752,1.41316],[115.28759,1.41177],[115.28849,1.411],[115.28773,1.41003],[115.28627,1.41107],[115.28503,1.41037],[115.28365,1.40842],[115.28233,1.40731],[115.28102,1.40619],[115.28113,1.40442],[115.2785,1.40477],[115.2785,1.4024],[115.27767,1.40254],[115.2758,1.40268],[115.27463,1.40337],[115.27449,1.40435],[115.27304,1.40553],[115.27179,1.40434],[115.27179,1.40219],[115.27173,1.39961],[115.27076,1.39766],[115.27041,1.39585],[115.26993,1.39536],[115.26862,1.39578],[115.26772,1.39578],[115.26557,1.39717],[115.26419,1.39717],[115.26218,1.39835],[115.26142,1.3987],[115.26087,1.39967],[115.259,1.40058],[115.25921,1.39835],[115.25914,1.39668],[115.25866,1.39529],[115.25831,1.39396],[115.25984,1.3939],[115.26108,1.39327],[115.26205,1.39257],[115.26191,1.39111],[115.26295,1.39077],[115.26191,1.38937],[115.26143,1.38798],[115.2634,1.38725],[115.26465,1.38614],[115.26541,1.38468],[115.26714,1.38273],[115.26721,1.38113],[115.26832,1.37981],[115.26904,1.37796],[115.26787,1.37615],[115.2687,1.37462],[115.26829,1.37226],[115.26642,1.37052],[115.26456,1.36989],[115.26214,1.36098],[115.26091,1.35828],[115.26112,1.35536],[115.26098,1.35313],[115.26098,1.35063],[115.25891,1.34833],[115.25739,1.34673],[115.25642,1.34554],[115.2529,1.34714],[115.25144,1.34714],[115.24847,1.34693],[115.2484,1.34505],[115.24982,1.3407],[115.251,1.33701],[115.25301,1.3343],[115.25405,1.33249],[115.2537,1.33082],[115.2462,1.33357],[115.24295,1.33391],[115.24253,1.3328],[115.24344,1.32967],[115.2433,1.32827],[115.24164,1.32765],[115.23984,1.32723],[115.23728,1.32716],[115.23597,1.32569],[115.23715,1.32396],[115.23611,1.32256],[115.23514,1.32145],[115.2348,1.31943],[115.23563,1.31783],[115.23618,1.3163],[115.23404,1.31435],[115.23231,1.31351],[115.23086,1.31254],[115.22962,1.3117],[115.22851,1.31267],[115.22858,1.31135],[115.22834,1.30937],[115.22765,1.30798],[115.22661,1.30798],[115.22495,1.30874],[115.22329,1.30776],[115.22212,1.30519],[115.22178,1.30394],[115.22122,1.30233],[115.22143,1.30094],[115.22074,1.29913],[115.22026,1.29704],[115.22033,1.29454],[115.2204,1.29336],[115.2203,1.29228],[115.223,1.29047],[115.22424,1.28936],[115.22348,1.28762],[115.22265,1.28629],[115.22148,1.28581],[115.22307,1.28344],[115.22528,1.28149],[115.22556,1.27962],[115.22529,1.27704],[115.22563,1.27614],[115.22768,1.27207],[115.22782,1.26914],[115.2283,1.26657],[115.23017,1.26504],[115.23231,1.26469],[115.2337,1.26441],[115.23487,1.26254],[115.23678,1.26035],[115.23602,1.25735],[115.23567,1.25387],[115.23443,1.25234],[115.23212,1.24945],[115.23136,1.2466],[115.23136,1.24514],[115.23157,1.24291],[115.2315,1.24075],[115.23053,1.23985],[115.22991,1.23831],[115.22936,1.2372],[115.22784,1.23609],[115.22687,1.23435],[115.22583,1.23254],[115.22397,1.23121],[115.22231,1.22891],[115.22138,1.22672],[115.22145,1.22345],[115.22166,1.22081],[115.22401,1.21775],[115.22554,1.21545],[115.22505,1.21413],[115.22637,1.21225],[115.22602,1.21058],[115.22488,1.20901],[115.22364,1.20532],[115.22281,1.20261],[115.22447,1.2001],[115.22683,1.19746],[115.22994,1.19461],[115.23201,1.19224],[115.23506,1.1912],[115.23827,1.18985],[115.23876,1.18692],[115.23876,1.18358],[115.23895,1.18267],[115.23918,1.18157],[115.23927,1.18119],[115.23959,1.17983],[115.24056,1.17948],[115.24019,1.17831],[115.24008,1.17826],[115.24007,1.17825],[115.23991,1.17817],[115.23973,1.17805],[115.23967,1.17797],[115.23963,1.17791],[115.23959,1.17785],[115.23944,1.17769],[115.23938,1.17763],[115.23902,1.17722],[115.23899,1.17719],[115.23896,1.17715],[115.23891,1.17708],[115.23886,1.17702],[115.2388,1.17693],[115.23878,1.1769],[115.23878,1.1769],[115.23878,1.17689],[115.23874,1.17685],[115.23869,1.17677],[115.23863,1.1767],[115.23857,1.17663],[115.23849,1.17653],[115.23848,1.17653],[115.23848,1.17653],[115.23838,1.17644],[115.23831,1.17637],[115.23825,1.17631],[115.23818,1.17625],[115.23811,1.17619],[115.23806,1.17611],[115.23805,1.17611],[115.238,1.17608],[115.23793,1.17604],[115.23786,1.17599],[115.23779,1.17595],[115.23771,1.1759],[115.23764,1.17586],[115.23757,1.17581],[115.23749,1.17577],[115.23738,1.17571],[115.23723,1.17562],[115.23716,1.17559],[115.23708,1.17556],[115.23701,1.17552],[115.23694,1.17549],[115.23687,1.17546],[115.23679,1.17543],[115.23653,1.17532],[115.23649,1.1753],[115.23641,1.17526],[115.23633,1.17523],[115.23625,1.1752],[115.23617,1.17517],[115.23611,1.17514],[115.23608,1.17513],[115.23598,1.17507],[115.23564,1.17486],[115.23556,1.17481],[115.23549,1.17476],[115.23541,1.17472],[115.23534,1.17467],[115.23526,1.17462],[115.23517,1.17456],[115.23514,1.17454],[115.23473,1.17424],[115.23464,1.17417],[115.23458,1.17412],[115.23447,1.17402],[115.23437,1.17393],[115.23432,1.17388],[115.23426,1.17383],[115.23418,1.17375],[115.23412,1.1737],[115.23405,1.17364],[115.23395,1.17355],[115.23389,1.1735],[115.23382,1.17345],[115.23376,1.17341],[115.23369,1.17336],[115.23363,1.17331],[115.23357,1.17326],[115.23346,1.17319],[115.23339,1.17314],[115.23331,1.17309],[115.23328,1.17308],[115.23328,1.17307],[115.23322,1.17305],[115.23309,1.17299],[115.23304,1.17296],[115.233,1.17295],[115.23299,1.17294],[115.23296,1.17293],[115.2329,1.1729],[115.23279,1.17287],[115.23268,1.17284],[115.23259,1.17281],[115.23252,1.17281],[115.23248,1.1728],[115.23242,1.17278],[115.23234,1.17277],[115.23225,1.17276],[115.23212,1.17276],[115.23201,1.17277],[115.23189,1.17278],[115.23174,1.1728],[115.23165,1.17284],[115.23154,1.17288],[115.23139,1.17293],[115.23126,1.17298],[115.23114,1.17305],[115.23105,1.17309],[115.23098,1.17315],[115.23086,1.17324],[115.23081,1.17327],[115.23077,1.17331],[115.23076,1.17331],[115.23075,1.17332],[115.23067,1.17338],[115.2306,1.17345],[115.23058,1.17346],[115.23057,1.17347],[115.23051,1.17353],[115.23046,1.17358],[115.23041,1.17363],[115.23039,1.17365],[115.23036,1.17369],[115.23028,1.17379],[115.23026,1.17381],[115.23021,1.17388],[115.23015,1.17397],[115.23012,1.17402],[115.23008,1.17409],[115.23005,1.17413],[115.23004,1.17415],[115.23001,1.17421],[115.22997,1.17427],[115.22997,1.17429],[115.22996,1.1743],[115.22994,1.17433],[115.22993,1.17436],[115.2299,1.17441],[115.22989,1.17444],[115.22987,1.17448],[115.22985,1.17452],[115.22984,1.17455],[115.22983,1.17456],[115.22982,1.17459],[115.22979,1.17462],[115.22974,1.17467],[115.22968,1.17474],[115.22963,1.17482],[115.22957,1.1749],[115.22948,1.17505],[115.22938,1.17516],[115.22926,1.17532],[115.22912,1.17545],[115.22901,1.17557],[115.22888,1.1757],[115.2286,1.17586],[115.22845,1.17598],[115.22828,1.17608],[115.22812,1.17616],[115.22808,1.17618],[115.228,1.17621],[115.22797,1.17622],[115.22793,1.17623],[115.2279,1.17624],[115.22783,1.17625],[115.22779,1.17626],[115.22776,1.17626],[115.22761,1.17628],[115.22747,1.17629],[115.22729,1.17626],[115.22714,1.17617],[115.22701,1.17612],[115.22688,1.17609],[115.22685,1.17609],[115.22682,1.17608],[115.2268,1.17608],[115.22675,1.17607],[115.22664,1.17607],[115.22659,1.17608],[115.22649,1.17608],[115.22616,1.1761],[115.2261,1.17611],[115.22585,1.17615],[115.22579,1.17616],[115.22578,1.17616],[115.22572,1.17617],[115.22563,1.1762],[115.22562,1.1762],[115.22555,1.17622],[115.22546,1.17625],[115.22542,1.17627],[115.22528,1.17629],[115.22524,1.17629],[115.22523,1.17629],[115.2252,1.1763],[115.22516,1.1763],[115.22513,1.1763],[115.22509,1.1763],[115.22508,1.17631],[115.22507,1.17631],[115.22503,1.17631],[115.22499,1.17632],[115.22498,1.17632],[115.22497,1.17632],[115.22491,1.17632],[115.2249,1.17632],[115.22483,1.17633],[115.22474,1.17634],[115.22466,1.17635],[115.22464,1.17635],[115.22464,1.17635],[115.22458,1.17635],[115.22452,1.17636],[115.22447,1.17636],[115.22445,1.17636],[115.22439,1.17637],[115.22439,1.17637],[115.22438,1.17637],[115.22434,1.17637],[115.22429,1.17637],[115.22415,1.17638],[115.22412,1.17638],[115.22392,1.17639],[115.2239,1.17639],[115.22377,1.17636],[115.22373,1.17635],[115.22371,1.17634],[115.22363,1.17632],[115.22356,1.1763],[115.22345,1.17627],[115.2234,1.17625],[115.22336,1.17624],[115.22322,1.1762],[115.22317,1.17618],[115.22317,1.17618],[115.22312,1.17617],[115.22311,1.17616],[115.22306,1.17615],[115.22296,1.17612],[115.22295,1.17612],[115.22289,1.17611],[115.22285,1.17611],[115.22285,1.17611],[115.22281,1.1761],[115.22277,1.17609],[115.2227,1.17609],[115.22269,1.17609],[115.22269,1.17609],[115.22269,1.17609],[115.22267,1.17609],[115.22265,1.17608],[115.22263,1.17608],[115.22261,1.17608],[115.22256,1.17608],[115.22252,1.17608],[115.22238,1.17608],[115.22235,1.17608],[115.22221,1.17609],[115.22212,1.17609],[115.2221,1.17609],[115.22193,1.17607],[115.22183,1.17606],[115.22176,1.17605],[115.22165,1.17604],[115.22156,1.17602],[115.2215,1.17601],[115.22146,1.176],[115.22143,1.176],[115.22141,1.17599],[115.22136,1.17598],[115.22131,1.17597],[115.22127,1.17597],[115.22123,1.17596],[115.22111,1.17594],[115.221,1.17593],[115.22085,1.17591],[115.22074,1.1759],[115.22065,1.17589],[115.22052,1.17587],[115.22022,1.17584],[115.22015,1.17583],[115.22009,1.17583],[115.22008,1.17583],[115.21999,1.17582],[115.21991,1.17582],[115.2199,1.17582],[115.21982,1.17581],[115.21973,1.17581],[115.21973,1.17581],[115.21973,1.17581],[115.21965,1.1758],[115.21957,1.1758],[115.21957,1.1758],[115.21948,1.1758],[115.2194,1.1758],[115.21939,1.1758],[115.2193,1.17579],[115.21921,1.17579],[115.21921,1.17579],[115.21912,1.17579],[115.21904,1.17579],[115.21904,1.17579],[115.21896,1.17579],[115.21888,1.17579],[115.21887,1.17579],[115.21879,1.17579],[115.21871,1.17579],[115.2187,1.17579],[115.21863,1.17579],[115.21855,1.17579],[115.21854,1.17579],[115.21846,1.1758],[115.21837,1.1758],[115.21837,1.1758],[115.21828,1.1758],[115.21819,1.1758],[115.21819,1.1758],[115.21819,1.1758],[115.2181,1.17581],[115.21801,1.17581],[115.21801,1.17581],[115.21793,1.17581],[115.21785,1.17582],[115.21777,1.17582],[115.21769,1.17583],[115.21769,1.17583],[115.21764,1.17583],[115.21759,1.17583],[115.21758,1.17583],[115.21751,1.17584],[115.21743,1.17585],[115.21738,1.17585],[115.21733,1.17586],[115.21732,1.17586],[115.21726,1.17586],[115.21718,1.17587],[115.21712,1.17588],[115.21705,1.17589],[115.21705,1.17589],[115.21704,1.17589],[115.21696,1.17591],[115.21688,1.17592],[115.21687,1.17592],[115.21683,1.17593],[115.2167,1.17595],[115.21647,1.17597],[115.21642,1.17598],[115.21637,1.17598],[115.21637,1.17598],[115.21632,1.17598],[115.2163,1.17598],[115.21622,1.17599],[115.21616,1.17599],[115.21616,1.17599],[115.21609,1.17599],[115.21601,1.17599],[115.21595,1.17599],[115.21589,1.176],[115.21588,1.176],[115.2158,1.176],[115.21565,1.176],[115.21558,1.17601],[115.21542,1.17602],[115.21542,1.17602],[115.21534,1.17602],[115.21526,1.17603],[115.21525,1.17603],[115.21525,1.17603],[115.21518,1.17604],[115.2151,1.17605],[115.2151,1.17605],[115.21509,1.17605],[115.21502,1.17607],[115.21494,1.17608],[115.21493,1.17608],[115.21486,1.17611],[115.21479,1.17613],[115.21478,1.17614],[115.21471,1.17617],[115.21465,1.17619],[115.21465,1.17619],[115.21464,1.1762],[115.21456,1.17624],[115.21447,1.17628],[115.21444,1.1763],[115.21435,1.17635],[115.21432,1.17636],[115.21426,1.1764],[115.21425,1.1764],[115.21422,1.17642],[115.21418,1.17645],[115.21418,1.17645],[115.21408,1.1765],[115.21408,1.1765],[115.21404,1.17652],[115.21401,1.17654],[115.21401,1.17654],[115.21398,1.17656],[115.21343,1.17668],[115.21328,1.17668],[115.21328,1.17668],[115.21325,1.17668],[115.21322,1.17668],[115.21321,1.17668],[115.21308,1.17666],[115.21307,1.17666],[115.213,1.17665],[115.21292,1.17663],[115.21292,1.17663],[115.21282,1.1766],[115.21282,1.1766],[115.21275,1.17658],[115.21269,1.17656],[115.21268,1.17656],[115.21256,1.17654],[115.21255,1.17654],[115.21255,1.17653],[115.21247,1.17653],[115.2124,1.17652],[115.21221,1.17652],[115.21221,1.17652],[115.21221,1.17652],[115.21221,1.17652],[115.2122,1.17652],[115.21203,1.17655],[115.21198,1.17656],[115.21198,1.17656],[115.21191,1.17657],[115.21185,1.17658],[115.21185,1.17658],[115.21178,1.1766],[115.21171,1.17661],[115.2117,1.17661],[115.2117,1.17662],[115.21157,1.17665],[115.21139,1.1767],[115.21132,1.17671],[115.21125,1.17673],[115.21116,1.17675],[115.21108,1.17677],[115.21101,1.17679],[115.21099,1.1768],[115.21089,1.17681],[115.21087,1.17682],[115.21085,1.17682],[115.21078,1.17683],[115.21067,1.17684],[115.21054,1.17685],[115.21053,1.17685],[115.21052,1.17685],[115.21044,1.17686],[115.21034,1.17688],[115.21024,1.1769],[115.21022,1.17691],[115.21011,1.17694],[115.20999,1.17699],[115.20989,1.17704],[115.20989,1.17704],[115.20974,1.17712],[115.20968,1.17717],[115.20963,1.17721],[115.20962,1.17721],[115.20956,1.17726],[115.2095,1.17731],[115.20949,1.17732],[115.20949,1.17732],[115.20945,1.17735],[115.20942,1.17738],[115.20937,1.17742],[115.2093,1.17748],[115.20928,1.1775],[115.20922,1.17754],[115.20918,1.17757],[115.20913,1.17761],[115.20898,1.17773],[115.20894,1.17776],[115.20883,1.17783],[115.20882,1.17783],[115.20882,1.17784],[115.20878,1.17787],[115.20873,1.1779],[115.20868,1.17793],[115.20862,1.17797],[115.20853,1.17803],[115.20853,1.17803],[115.20845,1.17808],[115.20833,1.17815],[115.2081,1.17827],[115.20807,1.17829],[115.208,1.17832],[115.20786,1.1784],[115.20785,1.1784],[115.20778,1.17844],[115.20772,1.17848],[115.20771,1.17849],[115.20756,1.17857],[115.20756,1.17857],[115.20748,1.1786],[115.2074,1.17863],[115.2074,1.17863],[115.20732,1.17866],[115.20725,1.17869],[115.20724,1.17869],[115.20709,1.17876],[115.20709,1.17876],[115.20701,1.1788],[115.20694,1.17884],[115.20693,1.17885],[115.20678,1.17893],[115.20677,1.17893],[115.20671,1.17897],[115.20664,1.17902],[115.20658,1.17905],[115.20652,1.17909],[115.2064,1.17917],[115.20625,1.17928],[115.20624,1.17928],[115.20624,1.17929],[115.20624,1.17929],[115.20619,1.17933],[115.20614,1.17937],[115.20608,1.17943],[115.20603,1.17947],[115.20599,1.17951],[115.20599,1.17951],[115.20594,1.17956],[115.20589,1.1796],[115.20588,1.17961],[115.20583,1.17966],[115.20577,1.17971],[115.20572,1.17976],[115.20567,1.17981],[115.20566,1.17981],[115.20561,1.17986],[115.20555,1.17992],[115.20549,1.17998],[115.20542,1.18004],[115.20542,1.18004],[115.20536,1.1801],[115.20529,1.18016],[115.20516,1.18027],[115.20511,1.18032],[115.20506,1.18037],[115.205,1.18043],[115.20495,1.18048],[115.20495,1.18048],[115.20486,1.1806],[115.20481,1.18066],[115.20476,1.18072],[115.20472,1.18077],[115.20463,1.18089],[115.20459,1.18095],[115.20456,1.18098],[115.20454,1.18101],[115.20449,1.18107],[115.20443,1.18112],[115.20437,1.18118],[115.20427,1.18127],[115.20427,1.18127],[115.20415,1.18136],[115.20413,1.18138],[115.20409,1.1814],[115.20396,1.18148],[115.2039,1.18152],[115.20387,1.18154],[115.20386,1.18155],[115.20381,1.18158],[115.20381,1.18158],[115.20378,1.18159],[115.2036,1.18167],[115.20352,1.18171],[115.20351,1.18171],[115.20339,1.18175],[115.20334,1.18177],[115.20334,1.18177],[115.20327,1.18179],[115.20316,1.18182],[115.20307,1.18185],[115.20297,1.18189],[115.20293,1.18192],[115.20286,1.18195],[115.20285,1.18195],[115.20277,1.18198],[115.20269,1.18201],[115.20269,1.18201],[115.20261,1.18203],[115.20253,1.18206],[115.20252,1.18206],[115.20251,1.18206],[115.2025,1.18207],[115.20249,1.18207],[115.20243,1.18209],[115.20242,1.18209],[115.20242,1.18209],[115.2023,1.18213],[115.20221,1.18216],[115.20206,1.18221],[115.2019,1.18227],[115.20187,1.18229],[115.2018,1.18232],[115.20174,1.18235],[115.20171,1.18237],[115.20166,1.18241],[115.20159,1.18245],[115.20159,1.18246],[115.20154,1.18249],[115.20148,1.18253],[115.20146,1.18254],[115.20144,1.18255],[115.2013,1.18261],[115.20129,1.18261],[115.20115,1.18266],[115.20113,1.18266],[115.20109,1.18269],[115.20102,1.18274],[115.20095,1.1828],[115.20091,1.18283],[115.20085,1.18293],[115.20082,1.18299],[115.20074,1.18314],[115.20074,1.18315],[115.20073,1.18316],[115.2007,1.1832],[115.20067,1.18326],[115.20064,1.18331],[115.20063,1.18334],[115.20059,1.18341],[115.20055,1.18347],[115.20054,1.1835],[115.2005,1.18356],[115.20048,1.18359],[115.20043,1.18369],[115.20038,1.18381],[115.20036,1.18386],[115.20034,1.18391],[115.20033,1.18392],[115.20031,1.184],[115.20027,1.18412],[115.20025,1.18416],[115.20023,1.18423],[115.20023,1.18424],[115.20018,1.18437],[115.20016,1.18444],[115.20013,1.18451],[115.20011,1.18455],[115.2001,1.18457],[115.20007,1.18464],[115.20005,1.18467],[115.20005,1.18469],[115.20001,1.18476],[115.19993,1.18488],[115.1999,1.18492],[115.19985,1.18498],[115.19977,1.18505],[115.19967,1.18514],[115.1996,1.18519],[115.1996,1.1852],[115.19959,1.1852],[115.19954,1.18524],[115.1995,1.18527],[115.19944,1.1853],[115.19941,1.18532],[115.19937,1.18535],[115.19934,1.18537],[115.19934,1.18537],[115.19929,1.1854],[115.19924,1.18543],[115.19924,1.18543],[115.1992,1.18544],[115.19918,1.18545],[115.19913,1.18548],[115.19902,1.18552],[115.1988,1.18559],[115.19869,1.18562],[115.19869,1.18562],[115.19852,1.18566],[115.19844,1.18568],[115.19835,1.1857],[115.19835,1.1857],[115.19829,1.18572],[115.19823,1.18573],[115.19816,1.18574],[115.19809,1.18576],[115.19809,1.18576],[115.19802,1.18577],[115.19795,1.18578],[115.19787,1.18579],[115.1978,1.1858],[115.19773,1.18581],[115.19766,1.18582],[115.19766,1.18582],[115.19758,1.18583],[115.19749,1.18584],[115.19749,1.18584],[115.19741,1.18584],[115.19732,1.18584],[115.19718,1.18585],[115.19711,1.18585],[115.19705,1.18586],[115.19697,1.18586],[115.19689,1.18587],[115.19681,1.18588],[115.19667,1.18589],[115.1966,1.1859],[115.19642,1.18591],[115.19638,1.18592],[115.19613,1.18593],[115.19608,1.18594],[115.196,1.18597],[115.19587,1.18603],[115.19586,1.18604],[115.19582,1.18606],[115.19575,1.1861],[115.19568,1.18614],[115.19563,1.18616],[115.19555,1.18619],[115.19545,1.18623],[115.19545,1.18623],[115.19539,1.18625],[115.19532,1.18626],[115.19531,1.18627],[115.1952,1.1863],[115.1952,1.1863],[115.19506,1.18634],[115.19501,1.18635],[115.19478,1.1864],[115.19475,1.18641],[115.1946,1.18645],[115.19452,1.18647],[115.19446,1.18649],[115.19445,1.18649],[115.19437,1.18651],[115.1943,1.18653],[115.19429,1.18653],[115.19421,1.18655],[115.19414,1.18657],[115.19413,1.18658],[115.19412,1.18658],[115.19405,1.1866],[115.19397,1.18663],[115.19389,1.18665],[115.1938,1.18668],[115.19376,1.1867],[115.1937,1.18671],[115.1937,1.18672],[115.19358,1.18676],[115.19346,1.1868],[115.19333,1.18686],[115.1932,1.18692],[115.1932,1.18692],[115.1932,1.18692],[115.19313,1.18695],[115.19306,1.18699],[115.19294,1.18705],[115.19291,1.18706],[115.19286,1.18709],[115.19279,1.18712],[115.19272,1.18717],[115.19266,1.1872],[115.1926,1.18724],[115.19255,1.18727],[115.19247,1.18732],[115.19229,1.18747],[115.19214,1.18759],[115.19211,1.18761],[115.19205,1.18766],[115.192,1.18771],[115.19191,1.18779],[115.19184,1.18785],[115.19183,1.18785],[115.19178,1.1879],[115.19173,1.18795],[115.19161,1.18806],[115.19155,1.18812],[115.19148,1.18819],[115.19146,1.1882],[115.19142,1.18824],[115.19136,1.1883],[115.19136,1.1883],[115.19136,1.1883],[115.1913,1.18836],[115.19124,1.18842],[115.19124,1.18842],[115.19118,1.18848],[115.19112,1.18854],[115.19112,1.18854],[115.19106,1.18859],[115.19098,1.18866],[115.19087,1.18876],[115.19078,1.18884],[115.19073,1.18889],[115.19069,1.18892],[115.19062,1.18898],[115.19059,1.18901],[115.19057,1.18903],[115.19047,1.18912],[115.19046,1.18912],[115.19043,1.18915],[115.19039,1.18918],[115.19039,1.18918],[115.19038,1.1892],[115.19031,1.18926],[115.19025,1.18932],[115.19018,1.18939],[115.19013,1.18944],[115.19008,1.18949],[115.18996,1.18961],[115.18995,1.18963],[115.18987,1.1897],[115.18982,1.18975],[115.18977,1.1898],[115.18977,1.18981],[115.18971,1.18987],[115.18966,1.18993],[115.1896,1.18999],[115.18955,1.19006],[115.1895,1.19012],[115.18945,1.19018],[115.18945,1.19018],[115.1894,1.19025],[115.18937,1.1903],[115.18936,1.19031],[115.18932,1.19037],[115.18928,1.19043],[115.18924,1.19049],[115.1892,1.19054],[115.1892,1.19054],[115.18916,1.19058],[115.18912,1.19062],[115.18912,1.19062],[115.189,1.19071],[115.18897,1.19072],[115.18882,1.1908],[115.18877,1.19083],[115.18872,1.1909],[115.18865,1.19096],[115.18858,1.19104],[115.18835,1.19113],[115.18825,1.19117],[115.18801,1.1912],[115.18791,1.19121],[115.18784,1.19123],[115.1877,1.19127],[115.18765,1.19129],[115.18757,1.19133],[115.18748,1.19136],[115.18748,1.19137],[115.18741,1.1914],[115.18733,1.19143],[115.18733,1.19143],[115.18732,1.19143],[115.18725,1.19147],[115.18717,1.19151],[115.18717,1.19151],[115.18717,1.19151],[115.1871,1.19155],[115.18702,1.19159],[115.18702,1.1916],[115.18696,1.19165],[115.18689,1.19169],[115.18687,1.19171],[115.18677,1.19178],[115.18677,1.19178],[115.18677,1.19178],[115.1867,1.19184],[115.18661,1.19191],[115.18648,1.192],[115.18641,1.19206],[115.18633,1.1921],[115.18619,1.19218],[115.18612,1.19223],[115.18605,1.19229],[115.18604,1.19229],[115.18599,1.19234],[115.18593,1.19239],[115.18593,1.1924],[115.18592,1.19241],[115.18589,1.19246],[115.18585,1.19252],[115.18573,1.19269],[115.18567,1.19275],[115.18562,1.1928],[115.18557,1.19285],[115.18547,1.19295],[115.18542,1.19301],[115.18535,1.19307],[115.18529,1.19313],[115.18529,1.19313],[115.18529,1.19313],[115.18522,1.19319],[115.18516,1.19325],[115.18516,1.19326],[115.18515,1.19326],[115.18505,1.19336],[115.18505,1.19336],[115.18505,1.19337],[115.185,1.19342],[115.18494,1.19348],[115.18494,1.19348],[115.18493,1.19349],[115.18493,1.1935],[115.18488,1.19355],[115.18484,1.1936],[115.18484,1.1936],[115.18484,1.1936],[115.18474,1.19371],[115.18474,1.19371],[115.18474,1.19371],[115.1847,1.19376],[115.18466,1.19381],[115.18465,1.19381],[115.18465,1.19382],[115.18459,1.19389],[115.18453,1.19397],[115.18453,1.19397],[115.18453,1.19397],[115.18442,1.19412],[115.18442,1.19412],[115.18442,1.19412],[115.18437,1.19418],[115.18433,1.19424],[115.18428,1.1943],[115.18424,1.19436],[115.18424,1.19437],[115.18419,1.19443],[115.18415,1.19449],[115.18415,1.1945],[115.18411,1.19456],[115.18408,1.19463],[115.18408,1.19464],[115.18408,1.19464],[115.18405,1.1947],[115.18405,1.19471],[115.18397,1.19485],[115.18392,1.19493],[115.18388,1.195],[115.18385,1.19507],[115.18384,1.19507],[115.18384,1.19508],[115.18377,1.19519],[115.1837,1.19531],[115.18362,1.19544],[115.18362,1.19544],[115.18359,1.19551],[115.18356,1.19557],[115.18356,1.19557],[115.18356,1.19558],[115.18353,1.19564],[115.1835,1.19571],[115.1835,1.19571],[115.18349,1.19571],[115.18347,1.19577],[115.18344,1.19584],[115.18344,1.19584],[115.18343,1.19584],[115.18341,1.19591],[115.18338,1.19597],[115.18334,1.19602],[115.18331,1.19606],[115.18324,1.19615],[115.18313,1.19629],[115.18305,1.19638],[115.18292,1.1965],[115.18275,1.19664],[115.18269,1.19666],[115.18262,1.19668],[115.18254,1.19671],[115.18246,1.19672],[115.18235,1.19673],[115.18235,1.19673],[115.18222,1.19674],[115.18202,1.19675],[115.18195,1.19673],[115.18177,1.19665],[115.1817,1.19661],[115.18149,1.19653],[115.18139,1.19647],[115.18133,1.19643],[115.18128,1.1964],[115.18123,1.19637],[115.18122,1.19637],[115.18116,1.19633],[115.1811,1.1963],[115.1811,1.1963],[115.18103,1.19625],[115.18096,1.19621],[115.18083,1.19611],[115.18079,1.19609],[115.18074,1.19605],[115.18061,1.19598],[115.18055,1.19595],[115.18055,1.19595],[115.18053,1.19594],[115.18037,1.19588],[115.18027,1.19584],[115.18018,1.19581],[115.18004,1.19576],[115.18003,1.19575],[115.18002,1.19575],[115.17995,1.19574],[115.17988,1.19572],[115.17978,1.1957],[115.1797,1.19569],[115.17956,1.19567],[115.17948,1.19567],[115.17948,1.19567],[115.17942,1.19567],[115.17933,1.19567],[115.17925,1.19567],[115.17917,1.19567],[115.17916,1.19567],[115.17915,1.19567],[115.17904,1.19568],[115.17904,1.19568],[115.17898,1.19567],[115.17892,1.19567],[115.17884,1.19567],[115.1788,1.19568],[115.17878,1.19568],[115.17871,1.19569],[115.17864,1.19569],[115.17863,1.19569],[115.17856,1.1957],[115.17851,1.1957],[115.17847,1.1957],[115.1784,1.1957],[115.1784,1.1957],[115.17832,1.1957],[115.17824,1.1957],[115.17823,1.1957],[115.1781,1.19571],[115.1781,1.19571],[115.17805,1.19572],[115.17795,1.19573],[115.1779,1.19573],[115.17784,1.19574],[115.1778,1.19574],[115.17773,1.19575],[115.17762,1.19576],[115.17753,1.19577],[115.17745,1.19578],[115.17745,1.19578],[115.17744,1.19578],[115.17736,1.1958],[115.1773,1.19581],[115.17727,1.19581],[115.17719,1.19583],[115.17711,1.19585],[115.17702,1.19587],[115.17695,1.19588],[115.17693,1.19588],[115.17683,1.1959],[115.17668,1.19593],[115.17661,1.19594],[115.1766,1.19594],[115.17654,1.19596],[115.17652,1.19596],[115.17646,1.19597],[115.17623,1.19602],[115.17616,1.19604],[115.17616,1.19604],[115.1761,1.19605],[115.17604,1.19606],[115.17603,1.19606],[115.17594,1.19608],[115.17585,1.19609],[115.17584,1.19609],[115.17576,1.1961],[115.17568,1.19611],[115.17542,1.19613],[115.17531,1.19613],[115.17519,1.19614],[115.17516,1.19614],[115.17508,1.19614],[115.17502,1.19614],[115.17495,1.19613],[115.17489,1.19613],[115.17478,1.19611],[115.1747,1.19609],[115.17465,1.19608],[115.17464,1.19608],[115.17458,1.19606],[115.17446,1.19601],[115.17441,1.19599],[115.17435,1.19597],[115.17428,1.19595],[115.17428,1.19595],[115.17424,1.19593],[115.17422,1.19592],[115.17408,1.19586],[115.17402,1.19584],[115.17401,1.19584],[115.17394,1.19582],[115.17387,1.1958],[115.17387,1.1958],[115.17381,1.19578],[115.17375,1.19576],[115.17374,1.19576],[115.17374,1.19575],[115.17366,1.19573],[115.17358,1.1957],[115.17351,1.19566],[115.17348,1.19564],[115.17345,1.19562],[115.17343,1.19561],[115.17333,1.19554],[115.17316,1.1954],[115.17304,1.19528],[115.17298,1.19523],[115.17293,1.19519],[115.17293,1.19519],[115.17287,1.19514],[115.17282,1.19509],[115.17282,1.19509],[115.17277,1.19504],[115.17272,1.19497],[115.17269,1.19493],[115.17265,1.19487],[115.17265,1.19487],[115.1726,1.19482],[115.17254,1.19474],[115.17245,1.19463],[115.17242,1.1946],[115.17241,1.19459],[115.17231,1.19452],[115.17226,1.19449],[115.17222,1.19447],[115.17213,1.19442],[115.17204,1.19439],[115.17203,1.19438],[115.17198,1.19437],[115.1718,1.19433],[115.17179,1.19433],[115.17173,1.19432],[115.17168,1.19431],[115.17168,1.19431],[115.17161,1.1943],[115.17155,1.1943],[115.17155,1.1943],[115.17155,1.1943],[115.17141,1.19428],[115.17141,1.19428],[115.17141,1.19428],[115.17127,1.19427],[115.17127,1.19427],[115.17118,1.19426],[115.17109,1.19426],[115.17109,1.19426],[115.17109,1.19426],[115.171,1.19425],[115.17091,1.19425],[115.17073,1.19424],[115.17065,1.19421],[115.17057,1.1942],[115.17056,1.1942],[115.17048,1.19418],[115.17035,1.19416],[115.17026,1.19414],[115.17017,1.19412],[115.1701,1.19411],[115.17002,1.19409],[115.16994,1.19407],[115.16987,1.19405],[115.16979,1.19402],[115.1697,1.19399],[115.16963,1.19397],[115.16962,1.19396],[115.16954,1.19394],[115.16947,1.19391],[115.16946,1.1939],[115.16945,1.1939],[115.16939,1.19387],[115.16931,1.19383],[115.16931,1.19383],[115.16926,1.19381],[115.16903,1.19369],[115.16897,1.19365],[115.16883,1.19358],[115.16876,1.19354],[115.16876,1.19354],[115.16871,1.1935],[115.16864,1.19346],[115.16863,1.19345],[115.16861,1.19344],[115.16859,1.19343],[115.16855,1.1934],[115.16847,1.19335],[115.1684,1.1933],[115.16834,1.19324],[115.16828,1.19318],[115.16828,1.19318],[115.16827,1.19317],[115.16821,1.19313],[115.16816,1.19309],[115.16813,1.19307],[115.16807,1.19303],[115.16801,1.19299],[115.16792,1.19294],[115.16787,1.19291],[115.16785,1.1929],[115.16785,1.1929],[115.16785,1.1929],[115.16778,1.19286],[115.16772,1.19282],[115.16732,1.19255],[115.16732,1.19255],[115.16727,1.1925],[115.16722,1.19246],[115.16712,1.19238],[115.16712,1.19237],[115.16707,1.19233],[115.16701,1.19228],[115.16701,1.19228],[115.16697,1.19223],[115.16692,1.1922],[115.16686,1.19214],[115.16681,1.1921],[115.16675,1.19205],[115.16671,1.19201],[115.16669,1.19199],[115.16665,1.19196],[115.1666,1.19192],[115.16658,1.19191],[115.16658,1.19191],[115.16647,1.19185],[115.16646,1.19185],[115.16644,1.19184],[115.16638,1.19182],[115.16632,1.19181],[115.16632,1.1918],[115.16631,1.1918],[115.16617,1.19177],[115.16611,1.19175],[115.16596,1.1917],[115.16587,1.19167],[115.16586,1.19167],[115.16578,1.19165],[115.1657,1.19164],[115.16568,1.19164],[115.16567,1.19164],[115.16559,1.19164],[115.16551,1.19164],[115.1655,1.19164],[115.16549,1.19164],[115.16541,1.19165],[115.16532,1.19166],[115.16532,1.19166],[115.16531,1.19166],[115.16523,1.19168],[115.16514,1.19169],[115.16514,1.19169],[115.16514,1.19169],[115.16505,1.19171],[115.16498,1.19173],[115.16496,1.19173],[115.16488,1.19175],[115.16479,1.19176],[115.16471,1.19178],[115.16469,1.19178],[115.1646,1.1918],[115.16452,1.19182],[115.16444,1.19184],[115.16436,1.19185],[115.16433,1.19186],[115.1643,1.19187],[115.16426,1.19187],[115.16409,1.19193],[115.16404,1.19195],[115.16394,1.19199],[115.16388,1.19202],[115.16386,1.19203],[115.16375,1.1921],[115.1637,1.19213],[115.16347,1.19227],[115.16339,1.19232],[115.16339,1.19232],[115.16337,1.19232],[115.16324,1.19237],[115.16319,1.19238],[115.16313,1.19239],[115.16309,1.19239],[115.16305,1.1924],[115.16298,1.19241],[115.16288,1.19242],[115.16279,1.19243],[115.16264,1.19242],[115.16254,1.19242],[115.16248,1.19242],[115.16242,1.19242],[115.16226,1.19242],[115.16218,1.19243],[115.16211,1.19244],[115.1621,1.19244],[115.1621,1.19244],[115.16203,1.19245],[115.16197,1.19245],[115.16196,1.19246],[115.16188,1.19247],[115.16181,1.19249],[115.16165,1.19251],[115.1616,1.19252],[115.16138,1.19252],[115.16128,1.1925],[115.16127,1.1925],[115.16122,1.1925],[115.16117,1.1925],[115.16116,1.1925],[115.16105,1.19248],[115.16099,1.19247],[115.16094,1.19246],[115.16079,1.19243],[115.1607,1.19241],[115.16055,1.19237],[115.16048,1.19235],[115.16041,1.19233],[115.16033,1.19231],[115.16027,1.19228],[115.16022,1.19226],[115.16015,1.19223],[115.16003,1.19216],[115.15995,1.19211],[115.15994,1.19211],[115.15988,1.19208],[115.15983,1.19206],[115.15969,1.19198],[115.15961,1.19193],[115.15955,1.19189],[115.1595,1.19185],[115.15945,1.19181],[115.1594,1.19177],[115.15931,1.19169],[115.15926,1.19165],[115.15916,1.19155],[115.15916,1.19155],[115.15915,1.19155],[115.15901,1.19143],[115.159,1.19142],[115.159,1.19141],[115.15894,1.19138],[115.15889,1.19134],[115.15881,1.19129],[115.15874,1.19123],[115.15868,1.19115],[115.15864,1.19099],[115.15867,1.19083],[115.15867,1.19082],[115.1587,1.19077],[115.15878,1.19065],[115.15883,1.19052],[115.15884,1.19038],[115.15883,1.19032],[115.15882,1.19025],[115.15878,1.19013],[115.15874,1.18999],[115.15874,1.18999],[115.1587,1.18994],[115.15856,1.18982],[115.1585,1.18979],[115.15846,1.18977],[115.15833,1.18976],[115.15825,1.18976],[115.15822,1.18975],[115.15818,1.18977],[115.15789,1.18986],[115.15782,1.18988],[115.1578,1.18989],[115.15774,1.18992],[115.15766,1.18997],[115.15752,1.19006],[115.15752,1.19006],[115.15745,1.1901],[115.15738,1.19013],[115.15731,1.19016],[115.15725,1.19018],[115.15717,1.19021],[115.15702,1.19026],[115.15695,1.19028],[115.1568,1.19031],[115.15666,1.19034],[115.15666,1.19034],[115.15665,1.19034],[115.15665,1.19035],[115.15664,1.19035],[115.15661,1.19035],[115.15657,1.19037],[115.15652,1.19038],[115.15637,1.19042],[115.15611,1.1904],[115.15606,1.19039],[115.15599,1.19037],[115.15598,1.19037],[115.15571,1.19027],[115.15567,1.19026],[115.1556,1.19023],[115.15552,1.1902],[115.15545,1.19017],[115.15537,1.19014],[115.1553,1.1901],[115.15523,1.19006],[115.15523,1.19006],[115.15523,1.19006],[115.15516,1.19001],[115.15509,1.18997],[115.15508,1.18996],[115.15497,1.18988],[115.15492,1.18985],[115.15487,1.18981],[115.15485,1.1898],[115.15485,1.1898],[115.15484,1.18979],[115.1548,1.18976],[115.15474,1.18972],[115.15464,1.18965],[115.15464,1.18965],[115.15459,1.18962],[115.15454,1.18959],[115.15448,1.18955],[115.15442,1.18952],[115.15441,1.18951],[115.15435,1.18948],[115.1543,1.18944],[115.15429,1.18944],[115.15421,1.1894],[115.15415,1.18936],[115.15415,1.18936],[115.15408,1.18931],[115.154,1.18927],[115.15393,1.18922],[115.15387,1.18918],[115.15386,1.18918],[115.15379,1.18913],[115.15372,1.18909],[115.15372,1.18909],[115.15365,1.18904],[115.15359,1.189],[115.15354,1.18897],[115.1535,1.18895],[115.1535,1.18895],[115.15349,1.18894],[115.15345,1.18892],[115.1534,1.18889],[115.1534,1.18889],[115.15335,1.18887],[115.15332,1.18885],[115.15329,1.18884],[115.15323,1.18881],[115.1532,1.1888],[115.15313,1.18877],[115.15307,1.18875],[115.15305,1.18875],[115.15297,1.18872],[115.15289,1.1887],[115.15282,1.18867],[115.15274,1.18865],[115.15266,1.18863],[115.15258,1.18861],[115.15258,1.1886],[115.15257,1.1886],[115.15241,1.18856],[115.1522,1.18851],[115.1521,1.18849],[115.15193,1.18847],[115.15188,1.18846],[115.15182,1.18846],[115.15176,1.18845],[115.15176,1.18845],[115.1517,1.18845],[115.15164,1.18845],[115.15157,1.18844],[115.15151,1.18844],[115.15144,1.18844],[115.15136,1.18843],[115.15136,1.18843],[115.1513,1.18843],[115.15127,1.18843],[115.15123,1.18843],[115.15117,1.18842],[115.15111,1.18842],[115.1511,1.18842],[115.15104,1.18842],[115.15099,1.18842],[115.15098,1.18842],[115.15094,1.18841],[115.1509,1.18841],[115.1509,1.18841],[115.15086,1.18841],[115.1508,1.18841],[115.15076,1.18842],[115.15073,1.18842],[115.15072,1.18842],[115.15068,1.18843],[115.15064,1.18843],[115.15064,1.18843],[115.1506,1.18844],[115.1505,1.18845],[115.15045,1.18846],[115.15045,1.18846],[115.15039,1.18847],[115.15034,1.18847],[115.15033,1.18848],[115.15026,1.18848],[115.1502,1.18849],[115.1502,1.18849],[115.15013,1.1885],[115.15007,1.18851],[115.15006,1.18851],[115.15,1.18852],[115.14993,1.18853],[115.14987,1.18853],[115.14975,1.18854],[115.14969,1.18854],[115.14965,1.18855],[115.1496,1.18855],[115.14957,1.18855],[115.14953,1.18855],[115.14952,1.18855],[115.14947,1.18855],[115.1494,1.18855],[115.14935,1.18855],[115.14929,1.18854],[115.14929,1.18854],[115.14922,1.18854],[115.14916,1.18853],[115.14902,1.18853],[115.14902,1.18853],[115.14892,1.18852],[115.14882,1.18851],[115.14882,1.18851],[115.14881,1.1885],[115.14879,1.1885],[115.14877,1.1885],[115.14876,1.18849],[115.14868,1.18849],[115.14868,1.18849],[115.14852,1.18847],[115.14852,1.18846],[115.14852,1.18846],[115.14845,1.18845],[115.14838,1.18843],[115.14838,1.18843],[115.1482,1.18838],[115.14808,1.18832],[115.14803,1.18829],[115.14798,1.18826],[115.14793,1.18823],[115.14793,1.18823],[115.14787,1.18821],[115.14782,1.18818],[115.14776,1.18815],[115.14772,1.18813],[115.14759,1.18806],[115.14752,1.18802],[115.14746,1.18799],[115.1474,1.18796],[115.14733,1.18793],[115.14729,1.18791],[115.14726,1.1879],[115.1472,1.18787],[115.147,1.18778],[115.14694,1.18775],[115.14689,1.18774],[115.14684,1.18772],[115.14684,1.18772],[115.14679,1.18769],[115.14673,1.18767],[115.14673,1.18767],[115.14667,1.18764],[115.1466,1.18761],[115.1466,1.1876],[115.14656,1.18758],[115.14647,1.18753],[115.1464,1.1875],[115.14633,1.18746],[115.14632,1.18746],[115.14626,1.18743],[115.14619,1.1874],[115.14612,1.18736],[115.14606,1.18733],[115.14606,1.18733],[115.14599,1.18729],[115.14592,1.18726],[115.14592,1.18726],[115.14585,1.18723],[115.14579,1.18719],[115.14579,1.18719],[115.14573,1.18716],[115.14567,1.18713],[115.14567,1.18713],[115.14566,1.18713],[115.1456,1.1871],[115.14542,1.18702],[115.14541,1.18702],[115.1453,1.187],[115.14528,1.18699],[115.14521,1.18698],[115.14515,1.18698],[115.14514,1.18698],[115.14507,1.18697],[115.14501,1.18697],[115.14501,1.18697],[115.14494,1.18696],[115.14487,1.18696],[115.14487,1.18696],[115.14481,1.18695],[115.14474,1.18694],[115.14474,1.18694],[115.14468,1.18693],[115.14463,1.18693],[115.14449,1.1869],[115.14446,1.18689],[115.14443,1.18688],[115.14442,1.18688],[115.14436,1.18687],[115.14424,1.18685],[115.14263,1.18683],[115.14256,1.18683],[115.1424,1.18684],[115.14231,1.18684],[115.14227,1.18684],[115.14222,1.18684],[115.14221,1.18684],[115.14218,1.18684],[115.14214,1.18684],[115.14213,1.18684],[115.14207,1.18683],[115.14199,1.18683],[115.14199,1.18683],[115.14192,1.18682],[115.14184,1.18682],[115.14184,1.18682],[115.14176,1.18681],[115.14167,1.1868],[115.14167,1.1868],[115.14162,1.1868],[115.14158,1.18679],[115.14153,1.18679],[115.14148,1.18678],[115.14148,1.18678],[115.14143,1.18678],[115.14138,1.18677],[115.14133,1.18677],[115.14128,1.18676],[115.14128,1.18676],[115.14123,1.18676],[115.14118,1.18675],[115.14117,1.18675],[115.14113,1.18675],[115.14109,1.18674],[115.14108,1.18674],[115.14101,1.18673],[115.14094,1.18673],[115.14093,1.18673],[115.14086,1.18672],[115.14079,1.18671],[115.14078,1.18671],[115.14074,1.18671],[115.14071,1.18671],[115.14064,1.1867],[115.14064,1.1867],[115.14056,1.1867],[115.14048,1.18669],[115.14048,1.18669],[115.1404,1.18669],[115.14032,1.18669],[115.14025,1.18668],[115.14018,1.18668],[115.1401,1.18668],[115.14003,1.18667],[115.14003,1.18667],[115.13996,1.18667],[115.1399,1.18667],[115.13989,1.18667],[115.13984,1.18666],[115.13978,1.18666],[115.13978,1.18666],[115.13972,1.18666],[115.13966,1.18666],[115.13965,1.18665],[115.1396,1.18665],[115.13954,1.18665],[115.13954,1.18665],[115.13948,1.18665],[115.13943,1.18664],[115.13937,1.18664],[115.13932,1.18664],[115.13932,1.18664],[115.13927,1.18663],[115.13923,1.18663],[115.13922,1.18663],[115.13917,1.18662],[115.13914,1.18662],[115.13902,1.18661],[115.13902,1.18661],[115.13899,1.1866],[115.13897,1.1866],[115.13896,1.1866],[115.13895,1.1866],[115.13888,1.18658],[115.1388,1.18657],[115.13873,1.18655],[115.13862,1.18651],[115.13854,1.18649],[115.13853,1.18649],[115.13848,1.18648],[115.13846,1.18648],[115.1384,1.18647],[115.13835,1.18647],[115.13834,1.18647],[115.13823,1.18646],[115.13823,1.18646],[115.1381,1.18646],[115.13797,1.18645],[115.1379,1.18645],[115.13784,1.18645],[115.13783,1.18645],[115.13768,1.18645],[115.13768,1.18645],[115.13748,1.18647],[115.13741,1.18648],[115.13728,1.18652],[115.13716,1.18655],[115.13716,1.18656],[115.13712,1.18657],[115.13707,1.18661],[115.13696,1.18674],[115.13689,1.18685],[115.13684,1.18697],[115.13684,1.18699],[115.13683,1.18701],[115.13681,1.18706],[115.13677,1.18711],[115.13663,1.18734],[115.13661,1.18736],[115.13646,1.18743],[115.13642,1.18745],[115.13638,1.18746],[115.13635,1.18747],[115.13634,1.18747],[115.13629,1.18749],[115.13623,1.1875],[115.13622,1.1875],[115.13619,1.18751],[115.13611,1.18752],[115.13605,1.18754],[115.13599,1.18755],[115.13595,1.18756],[115.1359,1.18757],[115.1359,1.18757],[115.13587,1.18757],[115.13583,1.18758],[115.13581,1.18758],[115.13578,1.18759],[115.13577,1.18759],[115.13577,1.18759],[115.13575,1.18759],[115.13574,1.18759],[115.1357,1.18759],[115.1357,1.18759],[115.13562,1.18759],[115.13558,1.18759],[115.1355,1.1876],[115.13542,1.1876],[115.13532,1.18761],[115.13531,1.18761],[115.13519,1.18764],[115.13519,1.18764],[115.13513,1.18765],[115.13507,1.18766],[115.13507,1.18766],[115.13501,1.18768],[115.13496,1.18769],[115.13495,1.18769],[115.13487,1.18771],[115.13486,1.18771],[115.13478,1.18773],[115.1346,1.18776],[115.13448,1.18778],[115.13445,1.18779],[115.13431,1.18782],[115.13415,1.18786],[115.13406,1.18788],[115.13394,1.18792],[115.13389,1.18793],[115.13387,1.18794],[115.1338,1.18796],[115.13377,1.18797],[115.13375,1.18797],[115.13367,1.188],[115.1336,1.18802],[115.13353,1.18804],[115.13347,1.18806],[115.1333,1.18811],[115.13316,1.18816],[115.13308,1.18819],[115.13301,1.18821],[115.13295,1.18824],[115.13283,1.18828],[115.13278,1.1883],[115.13277,1.1883],[115.13271,1.18832],[115.13266,1.18834],[115.13265,1.18834],[115.13261,1.18836],[115.13256,1.18837],[115.13252,1.18839],[115.13249,1.1884],[115.13249,1.1884],[115.13245,1.18841],[115.13242,1.18842],[115.13232,1.18845],[115.13232,1.18845],[115.13228,1.18847],[115.13214,1.18851],[115.13208,1.18853],[115.13202,1.18855],[115.13196,1.18857],[115.13195,1.18857],[115.1319,1.18859],[115.13185,1.1886],[115.13184,1.1886],[115.1318,1.18862],[115.13175,1.18863],[115.13173,1.18863],[115.1317,1.18864],[115.1317,1.18864],[115.13158,1.18867],[115.13155,1.18867],[115.13151,1.18868],[115.13144,1.18869],[115.13131,1.18871],[115.13119,1.18872],[115.13113,1.18873],[115.13107,1.18873],[115.13107,1.18873],[115.13095,1.18875],[115.13078,1.18877],[115.13059,1.18877],[115.13049,1.18876],[115.13048,1.18876],[115.13043,1.18874],[115.13037,1.18873],[115.13037,1.18873],[115.13031,1.18871],[115.13025,1.1887],[115.13024,1.1887],[115.1301,1.18866],[115.13004,1.18865],[115.12988,1.18861],[115.1297,1.18855],[115.12969,1.18855],[115.12969,1.18855],[115.12964,1.18853],[115.12958,1.18851],[115.12954,1.1885],[115.12954,1.1885],[115.12949,1.18848],[115.12948,1.18848],[115.12947,1.18848],[115.12947,1.18848],[115.12943,1.18845],[115.12942,1.18845],[115.12941,1.18845],[115.12937,1.18843],[115.12934,1.18841],[115.12933,1.18841],[115.12929,1.18839],[115.12925,1.18837],[115.12924,1.18837],[115.12915,1.18833],[115.12912,1.18832],[115.12894,1.18826],[115.12894,1.18826],[115.12892,1.18825],[115.1289,1.18825],[115.1289,1.18824],[115.12882,1.18821],[115.12879,1.1882],[115.12873,1.18818],[115.12869,1.18817],[115.12866,1.18816],[115.1286,1.18814],[115.12855,1.18812],[115.12852,1.18812],[115.12847,1.1881],[115.12841,1.18809],[115.12841,1.18808],[115.12837,1.18808],[115.12835,1.18807],[115.12834,1.18807],[115.1283,1.18805],[115.12829,1.18805],[115.12827,1.18804],[115.12821,1.18802],[115.12819,1.18802],[115.12815,1.188],[115.1281,1.18798],[115.12807,1.18797],[115.12804,1.18796],[115.12798,1.18794],[115.12795,1.18793],[115.12792,1.18791],[115.12786,1.18789],[115.12785,1.18789],[115.12782,1.18787],[115.12779,1.18786],[115.12774,1.18784],[115.12773,1.18783],[115.12767,1.18781],[115.12765,1.1878],[115.12763,1.18779],[115.1276,1.18779],[115.12755,1.18777],[115.12749,1.18775],[115.12749,1.18775],[115.12748,1.18775],[115.12743,1.18773],[115.12739,1.18772],[115.12738,1.18772],[115.12733,1.1877],[115.12727,1.18769],[115.12726,1.18768],[115.12721,1.18767],[115.12716,1.18765],[115.12714,1.18765],[115.1271,1.18764],[115.12705,1.18762],[115.12704,1.18762],[115.127,1.18761],[115.12695,1.1876],[115.12693,1.18759],[115.12688,1.18758],[115.12682,1.18756],[115.12681,1.18756],[115.12677,1.18755],[115.12671,1.18753],[115.1267,1.18753],[115.12667,1.18752],[115.12662,1.18751],[115.12662,1.18751],[115.12657,1.18749],[115.12652,1.18748],[115.12651,1.18748],[115.12646,1.18746],[115.12641,1.18745],[115.1264,1.18744],[115.12636,1.18743],[115.12631,1.18742],[115.12628,1.18741],[115.12625,1.1874],[115.12619,1.18738],[115.12619,1.18738],[115.12616,1.18737],[115.12614,1.18737],[115.1261,1.18735],[115.12607,1.18734],[115.12606,1.18733],[115.12601,1.18731],[115.12597,1.1873],[115.12597,1.18729],[115.12591,1.18727],[115.12586,1.18724],[115.1258,1.18722],[115.12574,1.18719],[115.12569,1.18716],[115.12564,1.18714],[115.1256,1.18711],[115.12555,1.18709],[115.12555,1.18709],[115.1255,1.18706],[115.12548,1.18705],[115.12547,1.18704],[115.12546,1.18703],[115.12544,1.18702],[115.12544,1.18702],[115.12543,1.18701],[115.12541,1.18699],[115.12541,1.18699],[115.12539,1.18697],[115.12538,1.18696],[115.12536,1.18695],[115.12534,1.18693],[115.12528,1.18688],[115.12527,1.18687],[115.12522,1.18683],[115.1251,1.18675],[115.125,1.18672],[115.12499,1.18672],[115.12493,1.18671],[115.1249,1.18671],[115.12487,1.1867],[115.12481,1.18669],[115.12478,1.18669],[115.12467,1.18669],[115.12457,1.18669],[115.12451,1.1867],[115.12446,1.1867],[115.12446,1.1867],[115.12445,1.1867],[115.12431,1.18672],[115.1243,1.18672],[115.12429,1.18672],[115.12426,1.18672],[115.12421,1.18672],[115.12417,1.18672],[115.12412,1.18673],[115.12407,1.18673],[115.12401,1.18673],[115.12395,1.18673],[115.12386,1.18673],[115.12385,1.18673],[115.1238,1.18673],[115.12375,1.18673],[115.12375,1.18673],[115.12374,1.18673],[115.12365,1.18673],[115.12352,1.18672],[115.12347,1.18671],[115.12338,1.1867],[115.12331,1.1867],[115.12317,1.18668],[115.12301,1.18666],[115.12293,1.18665],[115.12291,1.18665],[115.12286,1.18664],[115.12277,1.18663],[115.12276,1.18663],[115.12271,1.18662],[115.12265,1.18661],[115.12251,1.18659],[115.12251,1.18659],[115.1225,1.18659],[115.12249,1.18659],[115.12244,1.18658],[115.12244,1.18658],[115.12237,1.18657],[115.12234,1.18657],[115.12223,1.18655],[115.12217,1.18654],[115.12216,1.18654],[115.12211,1.18653],[115.12198,1.18651],[115.12198,1.18651],[115.12193,1.1865],[115.12177,1.18644],[115.12176,1.18643],[115.12171,1.18641],[115.12161,1.18636],[115.12156,1.18634],[115.12156,1.18634],[115.12145,1.18628],[115.1214,1.18625],[115.12131,1.1862],[115.12123,1.18615],[115.12119,1.18612],[115.12116,1.1861],[115.12112,1.18607],[115.12112,1.18606],[115.12108,1.18603],[115.12089,1.18585],[115.12083,1.18578],[115.12078,1.18567],[115.12072,1.18557],[115.12065,1.18545],[115.12059,1.18535],[115.12057,1.1853],[115.12055,1.18524],[115.12054,1.18518],[115.12055,1.18512],[115.12056,1.18502],[115.12054,1.18488],[115.12058,1.18478],[115.12059,1.18477],[115.12063,1.1847],[115.12075,1.18452],[115.12077,1.18446],[115.12079,1.18441],[115.12079,1.18441],[115.1208,1.18435],[115.12081,1.18423],[115.12079,1.18417],[115.12076,1.18408],[115.12075,1.18404],[115.12068,1.18397],[115.12051,1.18387],[115.12041,1.18382],[115.12032,1.18378],[115.1203,1.18377],[115.12022,1.18371],[115.12014,1.18367],[115.12007,1.18362],[115.12,1.18357],[115.11993,1.18352],[115.11986,1.18347],[115.11978,1.18342],[115.11971,1.18337],[115.11965,1.18333],[115.1195,1.18324],[115.11937,1.18319],[115.1192,1.18312],[115.1191,1.18307],[115.11904,1.18305],[115.11889,1.18299],[115.11883,1.18296],[115.11883,1.18296],[115.11877,1.18293],[115.11866,1.18288],[115.11865,1.18287],[115.11857,1.18283],[115.1185,1.18279],[115.1184,1.18272],[115.11834,1.18269],[115.11834,1.18268],[115.11829,1.18264],[115.11821,1.18258],[115.11814,1.18252],[115.11807,1.18246],[115.118,1.18241],[115.11799,1.1824],[115.11796,1.18237],[115.11793,1.18235],[115.11792,1.18234],[115.11786,1.1823],[115.11781,1.18226],[115.11781,1.18226],[115.11775,1.18222],[115.1177,1.18218],[115.11769,1.18218],[115.11763,1.18214],[115.11758,1.1821],[115.11757,1.1821],[115.11751,1.18206],[115.11745,1.18202],[115.11745,1.18202],[115.11739,1.18198],[115.11734,1.18194],[115.11733,1.18194],[115.11728,1.18191],[115.11723,1.18187],[115.11708,1.18179],[115.11703,1.18176],[115.117,1.18174],[115.11691,1.18169],[115.11685,1.18166],[115.11671,1.1816],[115.11661,1.18156],[115.11659,1.18155],[115.11648,1.18151],[115.11634,1.18146],[115.11629,1.18145],[115.11622,1.18142],[115.11617,1.18141],[115.1161,1.18139],[115.11608,1.18138],[115.11606,1.18138],[115.11606,1.18138],[115.11602,1.18136],[115.11602,1.18136],[115.116,1.18136],[115.11599,1.18136],[115.11594,1.18135],[115.11593,1.18135],[115.11588,1.18135],[115.11588,1.18135],[115.11583,1.18134],[115.11578,1.18134],[115.11572,1.18134],[115.11566,1.18134],[115.11561,1.18134],[115.11554,1.18134],[115.11549,1.18134],[115.11544,1.18135],[115.11538,1.18134],[115.11532,1.18134],[115.11527,1.18133],[115.11499,1.18129],[115.11495,1.18129],[115.11492,1.18128],[115.11473,1.18123],[115.1146,1.1812],[115.11446,1.18111],[115.08958,1.16219],[115.07161,1.14852],[115.03218,1.11852],[115.02671,1.12028],[115.01565,1.12078],[115.01016,1.12324],[115.01001,1.1233],[115.0099,1.12343],[115.00681,1.12732],[115.00679,1.12739],[115.00679,1.12739],[115.00522,1.1334],[115.00427,1.13702],[115.00422,1.13719],[115.00418,1.13737],[115.00366,1.13935],[115.00273,1.14133],[115.00167,1.14361],[115.00167,1.14361],[115.00167,1.1437],[115.00164,1.14373],[115.00167,1.14959],[115.00028,1.15184],[114.99939,1.15329],[114.99938,1.15329],[114.9985,1.1533],[114.99816,1.1533],[114.99771,1.1533],[114.99512,1.15331],[114.99306,1.15358],[114.99088,1.15381],[114.99004,1.15548],[114.98995,1.15566],[114.98915,1.15727],[114.98915,1.15728],[114.98915,1.15728],[114.98944,1.1588],[114.99027,1.16318],[114.99027,1.1664],[114.99016,1.16664],[114.98942,1.16822],[114.98939,1.16827],[114.98939,1.16827],[114.98907,1.16895],[114.98907,1.16896],[114.98907,1.16896],[114.98967,1.17372],[114.99,1.17634],[114.99028,1.18289],[114.99001,1.18343],[114.98995,1.18356],[114.98858,1.1863],[114.98858,1.1863],[114.98838,1.18647],[114.98791,1.18686],[114.98778,1.18696],[114.98695,1.18766],[114.98682,1.18777],[114.98682,1.18777],[114.98681,1.18778],[114.98679,1.18779],[114.98678,1.1878],[114.98621,1.18828],[114.98623,1.18833],[114.98769,1.18965],[114.98792,1.18986],[114.98935,1.19167],[114.99116,1.19467],[114.99482,1.19519],[114.99744,1.19624],[114.99839,1.19629],[115.00234,1.19852],[115.00329,1.20143],[115.00648,1.2019],[115.01067,1.20233],[115.01295,1.20395],[115.014,1.2078],[115.01476,1.21189],[115.01434,1.21283],[115.01233,1.21737],[115.01581,1.21975],[115.02099,1.21991],[115.02204,1.2236],[115.02242,1.22531],[115.02452,1.22712],[115.02728,1.22755],[115.0308,1.22655],[115.03775,1.22674],[115.0436,1.2267],[115.0475,1.22627],[115.05083,1.22451],[115.05364,1.2246],[115.05816,1.22208],[115.06061,1.22327],[115.06264,1.22769],[115.06487,1.23107],[115.06673,1.23312],[115.06735,1.23707],[115.07149,1.24083],[115.07363,1.24249],[115.07772,1.24364],[115.08097,1.24583],[115.0803,1.24737],[115.07958,1.24906],[115.07977,1.25149],[115.07943,1.25468],[115.07748,1.25634],[115.07739,1.25925],[115.07482,1.26086],[115.07277,1.26229],[115.07149,1.26448],[115.07101,1.2661],[115.06873,1.26972],[115.06682,1.26972],[115.06506,1.26891],[115.06278,1.26914],[115.05992,1.26905],[115.0582,1.26818],[115.05543,1.2665],[115.05264,1.26572],[115.04926,1.26715],[115.04711,1.26705],[115.04489,1.26761],[115.04412,1.26981],[115.04322,1.27263],[115.04189,1.27471],[115.04384,1.27638],[115.04574,1.27766],[115.0472,1.2789],[115.04693,1.28176],[115.04693,1.28337],[115.04641,1.28604],[115.04631,1.28828],[115.04546,1.29032],[115.04536,1.29356],[115.04431,1.29499],[115.04479,1.29698],[115.0455,1.29846],[115.04798,1.29989],[115.04888,1.30136],[115.04946,1.30329],[115.05088,1.30484],[115.05313,1.30514],[115.05597,1.30607],[115.05769,1.30841],[115.05973,1.31021],[115.06016,1.31264],[115.06097,1.31535],[115.06068,1.31788],[115.06049,1.31935],[115.05873,1.3213],[115.05793,1.32355],[115.05531,1.32573],[115.05233,1.32708],[115.0505,1.32835],[115.0495,1.32977],[115.05031,1.33358],[115.05126,1.33753],[115.05217,1.33962],[115.05416,1.3421],[115.05493,1.34519],[115.05511,1.34738],[115.05564,1.34976],[115.0564,1.35124],[115.0588,1.35351],[115.05998,1.35556],[115.06173,1.35766],[115.06235,1.35956],[115.06254,1.36175],[115.06306,1.3648],[115.06292,1.36846],[115.06425,1.37051],[115.06649,1.37308],[115.06763,1.37417],[115.06896,1.37674],[115.06754,1.37889],[115.06639,1.37988],[115.06754,1.38284],[115.06801,1.3845],[115.06968,1.38636],[115.07054,1.38774],[115.07453,1.38783],[115.07716,1.38962],[115.08077,1.38983],[115.0835,1.39113],[115.08743,1.39088],[115.08905,1.39059],[115.09114,1.39302],[115.09357,1.39573],[115.09523,1.39849],[115.09628,1.40087],[115.09814,1.40278],[115.09937,1.40554],[115.09947,1.40682],[115.1008,1.40758],[115.10156,1.41067],[115.10242,1.41248],[115.10547,1.41486],[115.10663,1.41758],[115.10799,1.41995],[115.10827,1.4211],[115.10846,1.42286],[115.10846,1.42586],[115.10908,1.42724],[115.1108,1.4286],[115.11322,1.43085],[115.11503,1.43309],[115.11527,1.43604],[115.11541,1.43794],[115.11636,1.43975],[115.11815,1.44262],[115.11808,1.44632],[115.11831,1.44889],[115.11922,1.45127],[115.12265,1.45184],[115.12236,1.45374],[115.12355,1.45598],[115.12297,1.45936],[115.12103,1.46212],[115.12207,1.46455],[115.12093,1.46645],[115.11698,1.4675],[115.11703,1.46992],[115.11936,1.47011],[115.12093,1.4695],[115.12288,1.47183],[115.12436,1.47454],[115.12469,1.47697],[115.1264,1.47892],[115.12736,1.48082],[115.12764,1.48273],[115.12936,1.4843],[115.12959,1.48591],[115.1314,1.48753],[115.13311,1.48815],[115.13326,1.49077],[115.13397,1.49272],[115.13464,1.49391],[115.13678,1.49324],[115.13783,1.49158],[115.13854,1.48982],[115.14021,1.48929],[115.14192,1.48967],[115.14353,1.48926],[115.14558,1.48872],[115.14763,1.48967],[115.14768,1.49134],[115.14906,1.49272],[115.14792,1.49691],[115.14868,1.49967],[115.15082,1.50076],[115.1521,1.50257],[115.15286,1.50543],[115.15353,1.50819],[115.15529,1.51042],[115.15581,1.51237],[115.15562,1.51471],[115.15753,1.5168],[115.16024,1.51965],[115.16186,1.52151],[115.16214,1.52532],[115.16276,1.52746],[115.16524,1.52903],[115.16851,1.53138],[115.17125,1.5337],[115.1745,1.53574],[115.17894,1.53479],[115.18213,1.5365],[115.1848,1.53836],[115.18498,1.54067],[115.18508,1.54202],[115.18694,1.5444],[115.18765,1.54621],[115.18894,1.54892],[115.18989,1.55091],[115.19117,1.55359],[115.1927,1.55558],[115.19389,1.55654],[115.19508,1.55771],[115.19646,1.55906],[115.1992,1.55811],[115.19922,1.5581],[115.20302,1.55811],[115.20693,1.55806],[115.20902,1.55834],[115.20945,1.56053],[115.20936,1.56105],[115.20902,1.56301],[115.21064,1.56491],[115.21054,1.56677],[115.21183,1.56805],[115.21249,1.5701],[115.21154,1.57248],[115.21178,1.57429],[115.21321,1.576],[115.21316,1.57809],[115.21459,1.581],[115.21559,1.58162],[115.21744,1.58276],[115.22013,1.58529],[115.22368,1.58656],[115.22534,1.58761],[115.22653,1.5899],[115.22663,1.59209],[115.22639,1.59389],[115.22661,1.59722],[115.22657,1.59732],[115.22496,1.60098],[115.22401,1.60365],[115.22196,1.60489],[115.22049,1.60631],[115.22035,1.60903],[115.21982,1.61112],[115.21882,1.61279],[115.21816,1.6144],[115.21754,1.61674],[115.21687,1.61812],[115.21568,1.6204],[115.21525,1.62226],[115.21359,1.62397],[115.21268,1.62549],[115.21197,1.62811],[115.21102,1.62911],[115.20857,1.62973],[115.21498,1.62935],[115.21498,1.62935],[115.21498,1.62935],[115.21462,1.63012],[115.21447,1.63043],[115.21418,1.63104],[115.21404,1.63134],[115.21461,1.63169],[115.21712,1.63323],[115.22263,1.63556],[115.22337,1.63588],[115.22527,1.63573],[115.22802,1.63796],[115.23064,1.63947],[115.23206,1.63888],[115.23439,1.63897],[115.23447,1.64182],[115.2368,1.64337],[115.23876,1.64338],[115.24052,1.64048],[115.24243,1.63931],[115.24744,1.63726],[115.2504,1.63483],[115.25363,1.6333],[115.25692,1.63406],[115.26151,1.63121],[115.26601,1.62757],[115.26941,1.6226],[115.27321,1.61841],[115.27767,1.61825],[115.2795,1.6185],[115.28279,1.61808],[115.28663,1.61796],[115.29169,1.61681],[115.29349,1.61547],[115.29465,1.61447],[115.29661,1.61413],[115.29815,1.61472],[115.2994,1.61497],[115.30024,1.61317],[115.30099,1.61086],[115.30241,1.61049],[115.30407,1.61196],[115.30503,1.61259],[115.30837,1.61137],[115.31043,1.61026],[115.31164,1.6098],[115.31431,1.6093],[115.31493,1.60771],[115.31652,1.60733],[115.31756,1.60733],[115.31933,1.60731],[115.32062,1.60711],[115.32117,1.60614],[115.32254,1.60522],[115.32433,1.60426],[115.32646,1.60317],[115.3273,1.60204],[115.32755,1.60057],[115.3278,1.5978],[115.32901,1.59759],[115.33042,1.59835],[115.33259,1.59764],[115.33426,1.59747],[115.33593,1.59743],[115.33705,1.59756],[115.33693,1.59663],[115.33809,1.59596],[115.33997,1.59576],[115.34172,1.5958],[115.34318,1.59576],[115.34595,1.59524],[115.34741,1.59473],[115.34958,1.59302],[115.3512,1.59235],[115.35225,1.59222],[115.35396,1.59105],[115.35533,1.58946],[115.35679,1.58799],[115.35746,1.58757],[115.35828,1.58248],[115.35919,1.58101],[115.36053,1.57883],[115.36207,1.57724],[115.36322,1.5721],[115.36397,1.57063],[115.3646,1.56866],[115.36875,1.56562],[115.37204,1.56496],[115.37463,1.56433],[115.3765,1.5637],[115.37688,1.56248],[115.37717,1.56009],[115.37676,1.55833],[115.37597,1.55665],[115.37366,1.5534],[115.37236,1.5526],[115.37182,1.55114],[115.37224,1.54979],[115.37366,1.54992],[115.37495,1.55101],[115.37616,1.55093],[115.37666,1.54976],[115.3757,1.54791],[115.37512,1.54678],[115.3752,1.54522],[115.37614,1.54189],[115.37727,1.54093],[115.38027,1.5408],[115.38236,1.53925],[115.38436,1.53867],[115.38636,1.53812],[115.38915,1.53796],[115.39051,1.53718],[115.39117,1.53551],[115.3923,1.53303],[115.39314,1.53064],[115.39484,1.52976],[115.39468,1.52842],[115.39537,1.52454],[115.39562,1.52337],[115.39654,1.52186],[115.39666,1.52085],[115.39683,1.51955],[115.39742,1.51867],[115.39775,1.5175],[115.397,1.5167],[115.3965,1.51569],[115.395,1.5159],[115.39438,1.5162],[115.3935,1.51586],[115.39346,1.51431],[115.39354,1.51401],[115.3928,1.5136],[115.39188,1.51309],[115.39163,1.51229],[115.39092,1.51179],[115.38963,1.51112],[115.3885,1.50998],[115.3878,1.50868],[115.38746,1.50663],[115.38813,1.50399],[115.38797,1.50222],[115.38751,1.50126],[115.38593,1.50096],[115.38509,1.50008],[115.38409,1.49929],[115.38334,1.49874],[115.38255,1.49828],[115.3818,1.49752],[115.38101,1.49664],[115.38097,1.49587],[115.38093,1.49517],[115.38098,1.49407],[115.38101,1.49341],[115.38142,1.49294],[115.38206,1.4922],[115.3833,1.49086],[115.38374,1.48964],[115.38374,1.48869],[115.3833,1.4875],[115.38322,1.48741],[115.38309,1.48724]]]]},"properties":{"kdprov":"65","kdkab":"01","kdkec":"010","kddesa":"001","kdsls":"2002","idsls":"65010100012002","nmprov":"KALIMANTAN UTARA","nmkab":"MALINAU","nmkec":"SUNGAI BOH","nmdesa":"MAHAK BARU","nmsls":"HUTAN"}},{"type":"Feature","geometry":{"type":"MultiPolygon","coordinates":[[[[115.31986,1.40918],[115.32055,1.40919],[115.32108,1.4092],[115.32149,1.40924],[115.32186,1.40944],[115.32225,1.40978],[115.32241,1.41003],[115.32276,1.41017],[115.32323,1.41019],[115.32374,1.41005],[115.32423,1.40966],[115.32405,1.40905],[115.32385,1.40873],[115.32362,1.40853],[115.32303,1.40813],[115.32291,1.40846],[115.32277,1.40888],[115.32246,1.40872],[115.32229,1.40863],[115.32196,1.40851],[115.32134,1.40828],[115.32071,1.40803],[115.32013,1.40786],[115.32012,1.40787],[115.31986,1.40918]]]]},"properties":{"kdprov":"65","kdkab":"01","kdkec":"010","kddesa":"001","kdsls":"0001","idsls":"65010100010001","nmprov":"KALIMANTAN UTARA","nmkab":"MALINAU","nmkec":"SUNGAI BOH","nmdesa":"MAHAK BARU","nmsls":"RT 001"}},{"type":"Feature","geometry":{"type":"MultiPolygon","coordinates":[[[[115.38176,1.43108],[115.3765,1.42736],[115.37558,1.42861],[115.37527,1.42908],[115.375,1.42947],[115.37467,1.42994],[115.37435,1.43027],[115.37367,1.43115],[115.37685,1.4333],[115.37792,1.43314],[115.37882,1.4328],[115.37953,1.43212],[115.38039,1.43145],[115.38124,1.43114],[115.38129,1.43112],[115.38176,1.43108]]]]},"properties":{"kdprov":"65","kdkab":"01","kdkec":"010","kddesa":"004","kdsls":"0001","idsls":"65010100040001","nmprov":"KALIMANTAN UTARA","nmkab":"MALINAU","nmkec":"SUNGAI BOH","nmdesa":"DATA BARU","nmsls":"RT 001"}}]}