{"type":"FeatureCollection","features":[{"type":"Feature","geometry":{"type":"MultiPolygon","coordinates":[[[[115.70688,1.38978],[115.70784,1.38943],[115.70765,1.38879],[115.70741,1.38823],[115.70707,1.38757],[115.70671,1.38709],[115.70641,1.3868],[115.70598,1.38699],[115.70584,1.38746],[115.70581,1.38846],[115.70586,1.38896],[115.70572,1.3901],[115.70652,1.38992],[115.70688,1.38978]]]]},"properties":{"kdprov":"65","kdkab":"01","kdkec":"040","kddesa":"003","kdsls":"1001","idsls":"65010400031001","nmprov":"KALIMANTAN UTARA","nmkab":"MALINAU","nmkec":"KAYAN HILIR","nmdesa":"LONG PIPA","nmsls":"LADANG"}},{"type":"Feature","geometry":{"type":"MultiPolygon","coordinates":[[[[115.70784,1.38943],[115.70688,1.38978],[115.70769,1.39273],[115.70857,1.39441],[115.70858,1.39504],[115.70861,1.39571],[115.70983,1.39615],[115.71025,1.39551],[115.71035,1.3948],[115.71022,1.39404],[115.70997,1.39307],[115.70986,1.39263],[115.70984,1.39264],[115.70981,1.39249],[115.70976,1.3922],[115.70972,1.39197],[115.70967,1.39176],[115.70967,1.39176],[115.70949,1.39147],[115.70928,1.39122],[115.70902,1.39099],[115.70877,1.39081],[115.70852,1.39063],[115.70831,1.39039],[115.70813,1.39014],[115.70806,1.39004],[115.70791,1.38963],[115.70784,1.38943]]]]},"properties":{"kdprov":"65","kdkab":"01","kdkec":"040","kddesa":"004","kdsls":"0005","idsls":"65010400040005","nmprov":"KALIMANTAN UTARA","nmkab":"MALINAU","nmkec":"KAYAN HILIR","nmdesa":"LONG SULE","nmsls":"RT 005"}},{"type":"Feature","geometry":{"type":"MultiPolygon","coordinates":[[[[115.70902,1.39099],[115.70928,1.39122],[115.70949,1.39147],[115.70967,1.39176],[115.70967,1.39176],[115.71013,1.39165],[115.70999,1.39145],[115.70998,1.39137],[115.70998,1.39125],[115.71,1.39109],[115.70999,1.39109],[115.71001,1.39098],[115.70986,1.39092],[115.70916,1.3907],[115.7091,1.39082],[115.70902,1.39099]]]]},"properties":{"kdprov":"65","kdkab":"01","kdkec":"040","kddesa":"004","kdsls":"0004","idsls":"65010400040004","nmprov":"KALIMANTAN UTARA","nmkab":"MALINAU","nmkec":"KAYAN HILIR","nmdesa":"LONG SULE","nmsls":"RT 004"}},{"type":"Feature","geometry":{"type":"MultiPolygon","coordinates":[[[[115.70809,1.38798],[115.70765,1.38879],[115.70784,1.38943],[115.70791,1.38963],[115.70806,1.39004],[115.70813,1.39014],[115.70831,1.39039],[115.70852,1.39063],[115.70877,1.39081],[115.70902,1.39099],[115.7091,1.39082],[115.70881,1.39028],[115.70899,1.39011],[115.70868,1.38964],[115.70837,1.38917],[115.70844,1.38909],[115.70819,1.38878],[115.70807,1.38879],[115.70802,1.38862],[115.70806,1.38842],[115.70807,1.38834],[115.70817,1.3882],[115.70809,1.38798]]]]},"properties":{"kdprov":"65","kdkab":"01","kdkec":"040","kddesa":"003","kdsls":"0001","idsls":"65010400030001","nmprov":"KALIMANTAN UTARA","nmkab":"MALINAU","nmkec":"KAYAN HILIR","nmdesa":"LONG PIPA","nmsls":"RT 01"}},{"type":"Feature","geometry":{"type":"MultiPolygon","coordinates":[[[[115.07165,1.94354],[115.07305,1.94318],[115.07348,1.94215],[115.07211,1.94003],[115.07181,1.93978],[115.07155,1.93984],[115.07145,1.94056],[115.07144,1.94058],[115.07141,1.94065],[115.07136,1.94086],[115.07121,1.94082],[115.07114,1.94102],[115.07079,1.94137],[115.0703,1.9415],[115.07077,1.94232],[115.07132,1.94304],[115.07149,1.94326],[115.07163,1.94344],[115.07163,1.94344],[115.07165,1.94354]]]]},"properties":{"kdprov":"65","kdkab":"01","kdkec":"040","kddesa":"002","kdsls":"0002","idsls":"65010400020002","nmprov":"KALIMANTAN UTARA","nmkab":"MALINAU","nmkec":"KAYAN HILIR","nmdesa":"SUNGAI ANAI","nmsls":"RT 002"}},{"type":"Feature","geometry":{"type":"MultiPolygon","coordinates":[[[[115.07083,1.94004],[115.07043,1.93895],[115.06951,1.93937],[115.06929,1.93888],[115.06892,1.93907],[115.06897,1.93923],[115.06903,1.93945],[115.06914,1.93966],[115.06932,1.93987],[115.06956,1.94],[115.06989,1.94003],[115.0703,1.94003],[115.07063,1.94003],[115.07083,1.94004]]]]},"properties":{"kdprov":"65","kdkab":"01","kdkec":"040","kddesa":"001","kdsls":"0002","idsls":"65010400010002","nmprov":"KALIMANTAN UTARA","nmkab":"MALINAU","nmkec":"KAYAN HILIR","nmdesa":"LONG METUN","nmsls":"RT 02"}},{"type":"Feature","geometry":{"type":"MultiPolygon","coordinates":[[[[115.07043,1.93895],[115.07083,1.94004],[115.07155,1.93984],[115.07181,1.93978],[115.07211,1.94003],[115.07348,1.94215],[115.07305,1.94318],[115.07165,1.94354],[115.07332,1.94901],[115.07446,1.9497],[115.07551,1.95034],[115.07706,1.95196],[115.0774,1.954],[115.07804,1.95485],[115.07893,1.95438],[115.07949,1.95297],[115.08082,1.95248],[115.08203,1.95294],[115.08369,1.95363],[115.08575,1.9535],[115.08804,1.95318],[115.08957,1.95462],[115.09094,1.95411],[115.09226,1.95255],[115.09382,1.95181],[115.09509,1.95198],[115.09554,1.95334],[115.09564,1.95493],[115.09628,1.95607],[115.09725,1.95634],[115.09865,1.95551],[115.10021,1.95467],[115.10089,1.95353],[115.10171,1.95361],[115.10337,1.95403],[115.10485,1.95425],[115.10577,1.95534],[115.10729,1.95802],[115.10838,1.96042],[115.10946,1.96321],[115.11016,1.96534],[115.10808,1.96542],[115.10552,1.96618],[115.10364,1.96722],[115.10159,1.96584],[115.09982,1.96772],[115.09995,1.97087],[115.10051,1.9737],[115.09925,1.9742],[115.09827,1.97505],[115.09724,1.97621],[115.09675,1.97962],[115.09712,1.98148],[115.09836,1.98259],[115.0998,1.98302],[115.10215,1.98385],[115.10526,1.9847],[115.10674,1.98481],[115.10742,1.98571],[115.10717,1.98734],[115.10564,1.98816],[115.10495,1.98909],[115.10553,1.99118],[115.10574,1.99251],[115.10713,1.99434],[115.10758,1.99454],[115.10993,1.99562],[115.11131,1.99192],[115.11161,1.99049],[115.11366,1.98927],[115.11577,1.98781],[115.11762,1.98978],[115.11809,1.99267],[115.11954,1.99355],[115.11986,1.99332],[115.12032,1.99298],[115.12123,1.99233],[115.12355,1.99233],[115.1254,1.9937],[115.12656,1.99503],[115.1279,1.99543],[115.12845,1.99495],[115.12893,1.99452],[115.1295,1.9943],[115.12995,1.99435],[115.13031,1.99496],[115.13092,1.99548],[115.13147,1.99576],[115.13223,1.99589],[115.13284,1.99572],[115.13345,1.99534],[115.13385,1.9951],[115.13397,1.99464],[115.134,1.99398],[115.13485,1.99388],[115.13508,1.99323],[115.13546,1.99274],[115.13594,1.99234],[115.13651,1.99202],[115.13714,1.9919],[115.13747,1.99191],[115.1378,1.99191],[115.1383,1.99197],[115.13857,1.9921],[115.13895,1.99242],[115.13924,1.99275],[115.13943,1.99299],[115.13963,1.9931],[115.14005,1.99318],[115.14893,1.99589],[115.15114,1.99714],[115.15311,1.99717],[115.15337,1.99718],[115.15429,1.99699],[115.15561,1.99723],[115.15587,1.99787],[115.15677,1.99872],[115.1574,1.99997],[115.15927,2.00077],[115.16114,2.00217],[115.16238,2.00305],[115.16412,2.00305],[115.16583,2.00263],[115.16671,2.00091],[115.16615,1.99889],[115.16596,1.99739],[115.16464,1.9953],[115.16301,1.99429],[115.16151,1.99248],[115.15977,1.99022],[115.15955,1.98822],[115.16213,1.98809],[115.16377,1.98836],[115.16535,1.98764],[115.16577,1.98526],[115.16687,1.98355],[115.1693,1.98267],[115.17067,1.98191],[115.17138,1.97947],[115.17372,1.97784],[115.17627,1.97747],[115.17696,1.97662],[115.17875,1.97601],[115.18052,1.97559],[115.18171,1.97559],[115.18395,1.97682],[115.18624,1.97698],[115.18863,1.97729],[115.19121,1.978],[115.19266,1.97816],[115.19374,1.97928],[115.19482,1.97859],[115.19735,1.97955],[115.1995,1.98201],[115.20187,1.98405],[115.20313,1.98673],[115.20643,1.98903],[115.20844,1.99107],[115.21015,1.99479],[115.21229,1.99711],[115.21461,1.99746],[115.21746,1.99762],[115.21804,1.99783],[115.21817,1.99831],[115.22183,2.00203],[115.22498,2.00388],[115.22917,2.00622],[115.23112,2.00662],[115.2337,2.00664],[115.23593,2.00844],[115.24107,2.01049],[115.24357,2.01123],[115.24544,2.01198],[115.24729,2.01126],[115.2495,2.01015],[115.25364,2.01131],[115.25548,2.0163],[115.25649,2.01817],[115.2582,2.01982],[115.26018,2.0203],[115.26231,2.01993],[115.26564,2.01988],[115.26869,2.02001],[115.27092,2.01926],[115.27237,2.0178],[115.27649,2.01754],[115.27786,2.01582],[115.27923,2.01394],[115.27971,2.01342],[115.27638,2.01126],[115.2755,2.00891],[115.27499,2.00222],[115.27586,2.00005],[115.27767,1.99747],[115.27814,1.99741],[115.27812,1.99404],[115.27695,1.99128],[115.27701,1.98834],[115.27783,1.98623],[115.27643,1.98371],[115.2737,1.98094],[115.27076,1.97633],[115.26994,1.97281],[115.26901,1.97035],[115.26785,1.96794],[115.26791,1.965],[115.26917,1.96187],[115.27039,1.96028],[115.27045,1.95929],[115.27168,1.95758],[115.27273,1.95635],[115.276,1.95536],[115.27775,1.95372],[115.27758,1.95131],[115.27874,1.9502],[115.28032,1.94902],[115.28108,1.94677],[115.2815,1.94306],[115.28201,1.94066],[115.28178,1.93785],[115.28174,1.93386],[115.28251,1.93214],[115.28308,1.92717],[115.28304,1.92256],[115.28425,1.92088],[115.28714,1.9205],[115.28906,1.92004],[115.29055,1.92107],[115.29251,1.92023],[115.29552,1.91668],[115.29893,1.91392],[115.30192,1.91275],[115.30509,1.91327],[115.30738,1.91472],[115.30948,1.9143],[115.31083,1.91285],[115.31163,1.9121],[115.31331,1.90961],[115.31564,1.90858],[115.31802,1.90901],[115.32374,1.91289],[115.32658,1.91777],[115.32984,1.91928],[115.33246,1.91773],[115.33671,1.91083],[115.33751,1.90802],[115.33858,1.90684],[115.34073,1.90426],[115.34213,1.90135],[115.34398,1.89884],[115.34576,1.89528],[115.34688,1.89082],[115.34698,1.88777],[115.34994,1.88267],[115.35485,1.87784],[115.35634,1.87578],[115.35845,1.87381],[115.36323,1.86754],[115.36613,1.86468],[115.36854,1.85954],[115.36938,1.85645],[115.37036,1.85485],[115.37156,1.85065],[115.37221,1.84746],[115.37217,1.84506],[115.3724,1.84394],[115.3731,1.84304],[115.37432,1.84276],[115.37478,1.84117],[115.37465,1.83868],[115.37577,1.83732],[115.37568,1.83525],[115.37845,1.83312],[115.37677,1.82893],[115.37768,1.82379],[115.37349,1.81994],[115.37049,1.81581],[115.36812,1.81342],[115.36712,1.8114],[115.36804,1.80984],[115.36749,1.8081],[115.36813,1.80581],[115.368,1.79916],[115.36563,1.79622],[115.3681,1.7932],[115.36983,1.79054],[115.3722,1.78953],[115.37484,1.79137],[115.37858,1.79064],[115.3805,1.78789],[115.3835,1.7856],[115.38765,1.78244],[115.38912,1.77703],[115.38921,1.77336],[115.38529,1.77143],[115.3822,1.77006],[115.38211,1.76712],[115.38375,1.76355],[115.38339,1.76098],[115.38344,1.75671],[115.3808,1.75433],[115.37925,1.7513],[115.37889,1.74855],[115.37826,1.74825],[115.37798,1.74812],[115.37763,1.74795],[115.37734,1.74781],[115.37596,1.74741],[115.37535,1.74946],[115.37527,1.74958],[115.37522,1.74964],[115.37506,1.74987],[115.37475,1.75032],[115.37416,1.75115],[115.37381,1.75157],[115.37298,1.7526],[115.37256,1.75387],[115.3724,1.75437],[115.3722,1.75617],[115.37215,1.75664],[115.3715,1.75832],[115.37087,1.76001],[115.3704,1.76137],[115.36996,1.76248],[115.36993,1.76253],[115.36968,1.76316],[115.36927,1.76398],[115.36857,1.76539],[115.36835,1.76776],[115.36794,1.76857],[115.36753,1.76938],[115.36627,1.7719],[115.36625,1.77191],[115.36495,1.77286],[115.36447,1.77321],[115.36428,1.77335],[115.36095,1.77574],[115.3594,1.77649],[115.35806,1.77715],[115.35672,1.77808],[115.35611,1.77855],[115.35447,1.77933],[115.35378,1.77967],[115.35199,1.78064],[115.35137,1.78098],[115.35053,1.78268],[115.349,1.78506],[115.34842,1.7858],[115.3477,1.78673],[115.34689,1.78726],[115.34541,1.78829],[115.34283,1.78917],[115.33949,1.79013],[115.33943,1.79015],[115.33778,1.79092],[115.33543,1.79223],[115.3337,1.79341],[115.33352,1.79354],[115.33199,1.79546],[115.33199,1.79546],[115.33152,1.79737],[115.33308,1.79869],[115.33311,1.79872],[115.33299,1.80248],[115.33338,1.80535],[115.33347,1.80602],[115.33347,1.80604],[115.3324,1.80699],[115.33116,1.80693],[115.33024,1.80688],[115.32799,1.80688],[115.32762,1.80773],[115.32609,1.80962],[115.32615,1.81016],[115.32621,1.81084],[115.3262,1.81199],[115.32896,1.81309],[115.33003,1.81465],[115.33088,1.81563],[115.33168,1.81657],[115.33072,1.81886],[115.33082,1.82099],[115.33082,1.82101],[115.33077,1.82109],[115.33019,1.82227],[115.32698,1.82084],[115.3256,1.82063],[115.32451,1.82063],[115.3209,1.82062],[115.32085,1.82061],[115.32085,1.82061],[115.31775,1.81976],[115.31659,1.82022],[115.31487,1.8209],[115.31403,1.82282],[115.31369,1.82362],[115.31367,1.82363],[115.31366,1.82366],[115.31203,1.82458],[115.31062,1.82486],[115.31005,1.82498],[115.31004,1.82498],[115.30813,1.82447],[115.30713,1.82421],[115.30478,1.82579],[115.30259,1.82485],[115.30193,1.82458],[115.29873,1.82399],[115.29443,1.82409],[115.29252,1.82405],[115.28895,1.82399],[115.28893,1.82399],[115.28304,1.82457],[115.27857,1.8239],[115.27697,1.82366],[115.2767,1.82362],[115.27636,1.82357],[115.27657,1.82352],[115.275,1.82235],[115.27471,1.82211],[115.27466,1.82207],[115.27198,1.8198],[115.27194,1.81977],[115.27142,1.81929],[115.27138,1.81925],[115.26966,1.81759],[115.26965,1.81757],[115.26965,1.81757],[115.26959,1.81753],[115.26872,1.81668],[115.26795,1.81592],[115.26772,1.81584],[115.26374,1.81449],[115.26373,1.81449],[115.25961,1.81764],[115.25744,1.82026],[115.25543,1.82248],[115.25527,1.82266],[115.25207,1.82312],[115.25002,1.82495],[115.24842,1.82597],[115.2475,1.82826],[115.24499,1.82917],[115.24156,1.8278],[115.23745,1.82734],[115.23597,1.82323],[115.23449,1.82326],[115.23161,1.82333],[115.22818,1.82304],[115.22171,1.8217],[115.22028,1.8217],[115.21508,1.82049],[115.20848,1.81628],[115.20458,1.81981],[115.19982,1.81981],[115.19536,1.81994],[115.19163,1.82228],[115.18973,1.82257],[115.18754,1.82456],[115.18345,1.82361],[115.17869,1.82771],[115.17451,1.82724],[115.17184,1.82428],[115.16889,1.82628],[115.15961,1.82634],[115.15037,1.82115],[115.14364,1.81739],[115.13794,1.8147],[115.12985,1.8131],[115.12145,1.81474],[115.12024,1.81848],[115.11988,1.82258],[115.1171,1.82403],[115.11361,1.82222],[115.11059,1.82125],[115.10782,1.82174],[115.10432,1.82113],[115.10179,1.81561],[115.09769,1.81547],[115.09443,1.81309],[115.09443,1.81309],[115.09438,1.81305],[115.09237,1.81478],[115.09111,1.81587],[115.086,1.8187],[115.08429,1.81964],[115.08401,1.82026],[115.08066,1.82071],[115.07745,1.82155],[115.07641,1.82394],[115.07332,1.82653],[115.07023,1.82996],[115.06979,1.83176],[115.06945,1.83313],[115.06842,1.83526],[115.06868,1.83811],[115.06791,1.84156],[115.06628,1.84478],[115.06325,1.8486],[115.06212,1.85148],[115.06009,1.85463],[115.05569,1.85707],[115.05166,1.85869],[115.04871,1.86296],[115.04616,1.8674],[115.044,1.87261],[115.04163,1.87754],[115.0378,1.87841],[115.03331,1.87977],[115.03025,1.8829],[115.02469,1.88635],[115.02169,1.88738],[115.01837,1.88809],[115.01515,1.8874],[115.0131,1.88774],[115.01073,1.88924],[115.0101,1.89335],[115.01142,1.89785],[115.01234,1.90023],[115.01364,1.90415],[115.01394,1.90742],[115.01491,1.91162],[115.01776,1.91324],[115.02171,1.91375],[115.02605,1.91546],[115.02952,1.91841],[115.03256,1.91965],[115.0361,1.9184],[115.03974,1.91894],[115.04332,1.92159],[115.04602,1.92296],[115.04926,1.92338],[115.04926,1.92338],[115.05018,1.9235],[115.05059,1.92311],[115.05182,1.92194],[115.05187,1.92188],[115.05237,1.92141],[115.05654,1.92083],[115.05909,1.92258],[115.06081,1.9259],[115.06087,1.92602],[115.06412,1.93073],[115.06593,1.93434],[115.06759,1.93665],[115.06854,1.93769],[115.06942,1.93551],[115.06972,1.93552],[115.07248,1.93566],[115.07266,1.93566],[115.07267,1.93567],[115.07307,1.93569],[115.07306,1.93582],[115.07305,1.93605],[115.07299,1.93691],[115.07134,1.93685],[115.07089,1.93684],[115.07006,1.9379],[115.07043,1.93895]]]]},"properties":{"kdprov":"65","kdkab":"01","kdkec":"040","kddesa":"002","kdsls":"2001","idsls":"65010400022001","nmprov":"KALIMANTAN UTARA","nmkab":"MALINAU","nmkec":"KAYAN HILIR","nmdesa":"SUNGAI ANAI","nmsls":"HUTAN"}},{"type":"Feature","geometry":{"type":"MultiPolygon","coordinates":[[[[115.07155,1.93984],[115.07083,1.94004],[115.07063,1.94003],[115.0703,1.94003],[115.06989,1.94003],[115.06956,1.94],[115.06931,1.94025],[115.07007,1.94109],[115.07019,1.9413],[115.0703,1.9415],[115.07079,1.94137],[115.07114,1.94102],[115.07121,1.94082],[115.07136,1.94086],[115.07141,1.94065],[115.07144,1.94058],[115.07145,1.94056],[115.07155,1.93984]]]]},"properties":{"kdprov":"65","kdkab":"01","kdkec":"040","kddesa":"002","kdsls":"0001","idsls":"65010400020001","nmprov":"KALIMANTAN UTARA","nmkab":"MALINAU","nmkec":"KAYAN HILIR","nmdesa":"SUNGAI ANAI","nmsls":"RT 001"}},{"type":"Feature","geometry":{"type":"MultiPolygon","coordinates":[[[[115.07165,1.94354],[115.07163,1.94344],[115.07163,1.94344],[115.07149,1.94326],[115.07132,1.94304],[115.07077,1.94232],[115.0703,1.9415],[115.07019,1.9413],[115.07007,1.94109],[115.06931,1.94025],[115.06956,1.94],[115.06932,1.93987],[115.06914,1.93966],[115.06903,1.93945],[115.06897,1.93923],[115.06892,1.93907],[115.06851,1.93928],[115.06824,1.93886],[115.06854,1.93769],[115.06759,1.93665],[115.06593,1.93434],[115.06412,1.93073],[115.06087,1.92602],[115.06081,1.9259],[115.05909,1.92258],[115.05654,1.92083],[115.05237,1.92141],[115.05187,1.92188],[115.05182,1.92194],[115.05059,1.92311],[115.05018,1.9235],[115.04926,1.92338],[115.04926,1.92338],[115.04602,1.92296],[115.04332,1.92159],[115.03974,1.91894],[115.0361,1.9184],[115.03256,1.91965],[115.02952,1.91841],[115.02605,1.91546],[115.02171,1.91375],[115.01776,1.91324],[115.01491,1.91162],[115.01394,1.90742],[115.01364,1.90415],[115.01234,1.90023],[115.01142,1.89785],[115.0101,1.89335],[115.01073,1.88924],[115.0131,1.88774],[115.01515,1.8874],[115.01837,1.88809],[115.02169,1.88738],[115.02469,1.88635],[115.03025,1.8829],[115.03331,1.87977],[115.0378,1.87841],[115.04163,1.87754],[115.044,1.87261],[115.04616,1.8674],[115.04871,1.86296],[115.05166,1.85869],[115.05569,1.85707],[115.06009,1.85463],[115.06212,1.85148],[115.06325,1.8486],[115.06628,1.84478],[115.06791,1.84156],[115.06868,1.83811],[115.06842,1.83526],[115.06945,1.83313],[115.06979,1.83176],[115.07023,1.82996],[115.07332,1.82653],[115.07641,1.82394],[115.07745,1.82155],[115.08066,1.82071],[115.08401,1.82026],[115.08429,1.81964],[115.07652,1.8182],[115.0698,1.81875],[115.06536,1.81716],[115.06536,1.81716],[115.06536,1.81716],[115.06265,1.81515],[115.05968,1.81173],[115.05847,1.81065],[115.05735,1.80965],[115.05734,1.80965],[115.0499,1.81167],[115.0442,1.81139],[115.04028,1.81083],[115.03899,1.81064],[115.03311,1.80689],[115.02428,1.81018],[115.0191,1.81196],[115.0191,1.81196],[115.01899,1.812],[115.01404,1.81408],[115.00999,1.81395],[115.00784,1.81466],[115.00645,1.81513],[115.00217,1.81853],[115.00139,1.82031],[115.0011,1.82095],[115.00047,1.82239],[115.00047,1.82239],[115.00032,1.82273],[115.00032,1.82273],[115.00019,1.82301],[115.00157,1.82543],[115.00183,1.82589],[115.00233,1.82679],[115.00357,1.82777],[115.00572,1.82947],[115.0068,1.83132],[115.00784,1.83309],[115.00796,1.83337],[115.0081,1.83371],[115.00815,1.83385],[115.00963,1.83741],[115.01033,1.84134],[115.01,1.8421],[115.00908,1.8442],[115.00907,1.8442],[115.00465,1.84491],[115.0,1.84473],[114.99999,1.84473],[114.99835,1.84434],[114.99392,1.84328],[114.99304,1.84286],[114.99057,1.84166],[114.98663,1.84062],[114.98077,1.83922],[114.97753,1.83915],[114.97314,1.83904],[114.96968,1.83986],[114.9671,1.84047],[114.96708,1.84048],[114.96082,1.84317],[114.95512,1.84693],[114.94961,1.84978],[114.94961,1.84979],[114.94959,1.8498],[114.94661,1.85313],[114.94589,1.85405],[114.94542,1.85464],[114.94443,1.85587],[114.94255,1.85677],[114.93838,1.85873],[114.93836,1.85874],[114.9304,1.86044],[114.92899,1.86077],[114.9274,1.86115],[114.92698,1.8611],[114.92402,1.86079],[114.92116,1.85971],[114.92116,1.85971],[114.9194,1.85758],[114.91937,1.85753],[114.91909,1.85711],[114.91725,1.85431],[114.9151,1.8527],[114.91428,1.85294],[114.91262,1.85341],[114.91058,1.85417],[114.90974,1.85448],[114.90815,1.85519],[114.90788,1.85531],[114.90689,1.85574],[114.90334,1.85931],[114.90322,1.85946],[114.89993,1.86342],[114.89976,1.86363],[114.89906,1.86456],[114.89861,1.86517],[114.89796,1.86602],[114.89654,1.86793],[114.89565,1.87098],[114.8955,1.87237],[114.89509,1.87621],[114.89507,1.87801],[114.89501,1.8804],[114.89379,1.88573],[114.89366,1.88631],[114.89358,1.88667],[114.89364,1.88768],[114.89374,1.88936],[114.89428,1.89008],[114.89589,1.89224],[114.89594,1.89247],[114.8966,1.89528],[114.8966,1.8953],[114.89766,1.89574],[114.89874,1.8962],[114.90063,1.89551],[114.90124,1.89529],[114.90197,1.89326],[114.90212,1.89248],[114.90231,1.89152],[114.9032,1.89134],[114.90403,1.89275],[114.90427,1.89316],[114.90451,1.89456],[114.90497,1.89725],[114.90497,1.89727],[114.90462,1.89943],[114.90282,1.89961],[114.90281,1.89961],[114.90019,1.90082],[114.89805,1.90173],[114.89642,1.90265],[114.89553,1.90156],[114.89375,1.90067],[114.89375,1.90067],[114.89331,1.90096],[114.89267,1.90137],[114.89258,1.90186],[114.8923,1.90355],[114.89228,1.90356],[114.89205,1.90377],[114.89086,1.90481],[114.89042,1.90491],[114.89001,1.90501],[114.88943,1.90514],[114.88838,1.9055],[114.88838,1.90551],[114.88837,1.90551],[114.88781,1.90623],[114.8854,1.90933],[114.88514,1.90966],[114.88362,1.91153],[114.88155,1.91408],[114.88151,1.91413],[114.88148,1.91417],[114.88142,1.91427],[114.88152,1.91432],[114.88173,1.91432],[114.88175,1.91432],[114.88176,1.91432],[114.88184,1.91433],[114.88233,1.91435],[114.88239,1.91435],[114.88244,1.91435],[114.88246,1.91435],[114.88246,1.91438],[114.8824,1.91469],[114.88237,1.91488],[114.88234,1.91502],[114.88237,1.91512],[114.88239,1.91521],[114.88244,1.91539],[114.88249,1.91558],[114.88255,1.91579],[114.88259,1.91597],[114.88264,1.91616],[114.88267,1.91629],[114.88269,1.91636],[114.88264,1.91653],[114.88255,1.91677],[114.88247,1.91701],[114.88246,1.91703],[114.88236,1.9173],[114.88234,1.91731],[114.8821,1.9174],[114.88193,1.91747],[114.8818,1.91752],[114.88167,1.91781],[114.88159,1.91799],[114.8815,1.91818],[114.88142,1.91836],[114.88129,1.91855],[114.8812,1.91867],[114.8812,1.91868],[114.88119,1.91877],[114.88117,1.9189],[114.88114,1.91911],[114.88113,1.91918],[114.88112,1.91922],[114.88114,1.91935],[114.88115,1.91943],[114.88115,1.91945],[114.88119,1.91972],[114.8812,1.91977],[114.88123,1.92002],[114.88128,1.92034],[114.88129,1.9204],[114.88123,1.92044],[114.88101,1.92058],[114.88096,1.92062],[114.88081,1.92072],[114.88072,1.92077],[114.88064,1.92083],[114.88062,1.92084],[114.88034,1.92109],[114.88032,1.92111],[114.88018,1.92124],[114.88013,1.92128],[114.87998,1.92143],[114.87977,1.92161],[114.87973,1.92165],[114.87959,1.92178],[114.87945,1.9219],[114.87927,1.92205],[114.87925,1.92206],[114.8792,1.92211],[114.87911,1.92223],[114.87906,1.92231],[114.87893,1.92249],[114.87873,1.92276],[114.87871,1.92279],[114.87857,1.923],[114.87845,1.92315],[114.87835,1.9232],[114.87792,1.92343],[114.87775,1.92346],[114.87756,1.9235],[114.87728,1.92355],[114.87715,1.92358],[114.87699,1.92362],[114.8769,1.92364],[114.87659,1.92372],[114.87643,1.92375],[114.87638,1.92376],[114.87636,1.92393],[114.87631,1.92422],[114.8763,1.92427],[114.8763,1.9243],[114.87623,1.92471],[114.87621,1.92483],[114.8762,1.92488],[114.87619,1.92496],[114.87617,1.92505],[114.87612,1.92533],[114.8761,1.92546],[114.87607,1.92559],[114.87603,1.92578],[114.876,1.92596],[114.87599,1.92598],[114.87591,1.92625],[114.87586,1.92643],[114.87581,1.92661],[114.87578,1.92671],[114.87574,1.92683],[114.87564,1.92718],[114.87562,1.92723],[114.8756,1.92737],[114.87556,1.92761],[114.8755,1.92788],[114.87548,1.92804],[114.87547,1.92807],[114.87541,1.92811],[114.87525,1.9282],[114.87471,1.92853],[114.87466,1.92857],[114.87462,1.92859],[114.87455,1.92863],[114.87443,1.9287],[114.8741,1.92883],[114.87399,1.92887],[114.87392,1.9289],[114.87374,1.92897],[114.87349,1.92888],[114.87344,1.92887],[114.87334,1.92883],[114.87301,1.92871],[114.873,1.92871],[114.8729,1.92868],[114.87265,1.92859],[114.87255,1.92863],[114.87249,1.92866],[114.87247,1.92867],[114.87245,1.92868],[114.87235,1.92872],[114.87209,1.92884],[114.87195,1.9289],[114.87182,1.92896],[114.87162,1.92905],[114.87148,1.92911],[114.8714,1.92915],[114.8712,1.92924],[114.87106,1.9293],[114.87105,1.9293],[114.87055,1.92942],[114.87054,1.92943],[114.87046,1.92944],[114.87037,1.92952],[114.86993,1.9299],[114.86991,1.92992],[114.86976,1.92994],[114.86972,1.92995],[114.86968,1.92995],[114.86965,1.92996],[114.86937,1.93],[114.86914,1.92994],[114.8689,1.92988],[114.8686,1.9298],[114.86855,1.92979],[114.86825,1.92976],[114.86796,1.92973],[114.86782,1.92971],[114.86761,1.92969],[114.86759,1.92978],[114.86753,1.93002],[114.86744,1.93038],[114.86744,1.93041],[114.86742,1.93059],[114.86741,1.93064],[114.86739,1.93077],[114.86736,1.93104],[114.86734,1.9312],[114.86731,1.93143],[114.86726,1.9317],[114.8672,1.93203],[114.86725,1.93212],[114.86733,1.93228],[114.86743,1.93249],[114.86745,1.93253],[114.86753,1.93268],[114.86756,1.93276],[114.86763,1.93284],[114.86771,1.93294],[114.86788,1.93315],[114.86785,1.93327],[114.86784,1.93332],[114.86781,1.9334],[114.86776,1.93359],[114.86776,1.93362],[114.86775,1.93364],[114.86771,1.93377],[114.86746,1.93408],[114.86741,1.93414],[114.86741,1.93416],[114.86738,1.93424],[114.86725,1.9346],[114.86724,1.93462],[114.86723,1.93464],[114.86722,1.93467],[114.8671,1.93499],[114.86709,1.93503],[114.86707,1.93509],[114.86695,1.93559],[114.86692,1.93566],[114.86676,1.93598],[114.86672,1.93606],[114.86657,1.93636],[114.86623,1.93656],[114.86611,1.93662],[114.86611,1.93663],[114.86567,1.9367],[114.86545,1.93674],[114.86524,1.93677],[114.86521,1.93681],[114.86513,1.93691],[114.86494,1.93718],[114.86478,1.93739],[114.86477,1.93741],[114.86432,1.93787],[114.86423,1.93797],[114.86418,1.93801],[114.86412,1.93807],[114.86362,1.9381],[114.86344,1.93808],[114.86321,1.93806],[114.86309,1.93805],[114.86299,1.93804],[114.86265,1.93794],[114.86242,1.93788],[114.86231,1.93784],[114.86195,1.93774],[114.86178,1.93765],[114.86173,1.93762],[114.8617,1.9376],[114.8616,1.93755],[114.86111,1.93729],[114.861,1.93723],[114.86089,1.93717],[114.8606,1.93706],[114.86037,1.93697],[114.86026,1.93693],[114.86004,1.93685],[114.85998,1.93682],[114.85994,1.93681],[114.85987,1.93678],[114.85966,1.93668],[114.85947,1.9366],[114.85929,1.93652],[114.85912,1.93645],[114.85891,1.93635],[114.85878,1.93629],[114.85876,1.93629],[114.85876,1.93631],[114.85874,1.93641],[114.85872,1.93658],[114.85868,1.9368],[114.85864,1.93709],[114.85863,1.9372],[114.8586,1.93735],[114.85858,1.93749],[114.85856,1.93767],[114.85854,1.93775],[114.8585,1.93781],[114.85842,1.9379],[114.85796,1.93847],[114.85794,1.9385],[114.85792,1.93853],[114.85757,1.93896],[114.85752,1.939],[114.85746,1.93906],[114.85739,1.93913],[114.85727,1.93923],[114.85714,1.93935],[114.85674,1.93961],[114.85664,1.93967],[114.85655,1.93973],[114.8565,1.93975],[114.85629,1.93984],[114.85603,1.93996],[114.85595,1.94],[114.85587,1.94017],[114.85565,1.94066],[114.85564,1.9407],[114.85551,1.94099],[114.85548,1.94102],[114.8554,1.94109],[114.85535,1.94114],[114.85498,1.94147],[114.85492,1.94153],[114.85482,1.94163],[114.85446,1.94202],[114.85442,1.94206],[114.85439,1.9421],[114.85438,1.94211],[114.85406,1.9425],[114.8536,1.94305],[114.85355,1.94311],[114.85354,1.94313],[114.85353,1.94314],[114.85352,1.94315],[114.8532,1.94341],[114.85308,1.94362],[114.85306,1.94366],[114.85301,1.94376],[114.85298,1.94381],[114.85279,1.94414],[114.85273,1.94428],[114.85267,1.94443],[114.85266,1.94444],[114.85265,1.94449],[114.85261,1.94459],[114.85246,1.94495],[114.85227,1.94541],[114.85221,1.94557],[114.85219,1.94563],[114.85253,1.94598],[114.85254,1.94599],[114.85285,1.94631],[114.85287,1.94633],[114.85304,1.94653],[114.85317,1.94667],[114.85324,1.94675],[114.85331,1.94682],[114.85336,1.94688],[114.85355,1.9471],[114.8536,1.94715],[114.85365,1.9472],[114.85368,1.94722],[114.85371,1.94725],[114.85374,1.94728],[114.85378,1.94732],[114.85408,1.94761],[114.85426,1.94778],[114.85426,1.94834],[114.85426,1.94844],[114.85426,1.94857],[114.85421,1.94875],[114.8542,1.94881],[114.85417,1.94892],[114.85406,1.94936],[114.85403,1.94945],[114.85398,1.94968],[114.85396,1.94976],[114.85398,1.94983],[114.85416,1.95037],[114.85416,1.95038],[114.85417,1.95041],[114.85418,1.95042],[114.85421,1.95051],[114.85418,1.95052],[114.8541,1.95057],[114.85402,1.95062],[114.85376,1.95077],[114.8535,1.95092],[114.85333,1.95103],[114.85304,1.95118],[114.85281,1.95131],[114.85248,1.95149],[114.85236,1.95155],[114.8523,1.95158],[114.85227,1.9517],[114.85224,1.95185],[114.85218,1.95212],[114.85217,1.95218],[114.85206,1.95267],[114.85203,1.9528],[114.85203,1.95294],[114.85203,1.95303],[114.85202,1.95305],[114.85202,1.95329],[114.85202,1.95337],[114.85202,1.95343],[114.85202,1.95345],[114.85204,1.95371],[114.85204,1.95381],[114.85205,1.95398],[114.85206,1.95425],[114.85207,1.95446],[114.85204,1.95457],[114.85198,1.95478],[114.85192,1.95502],[114.8519,1.95511],[114.85187,1.95519],[114.85185,1.95529],[114.8517,1.95584],[114.85176,1.95604],[114.85178,1.9561],[114.85181,1.95618],[114.85183,1.95623],[114.85185,1.95629],[114.85183,1.95633],[114.85167,1.95678],[114.85164,1.95702],[114.85162,1.95715],[114.85161,1.95721],[114.85161,1.95724],[114.8516,1.95732],[114.85152,1.95783],[114.85143,1.95793],[114.8514,1.95796],[114.85138,1.95798],[114.85101,1.95834],[114.85099,1.95837],[114.85098,1.9584],[114.85096,1.95856],[114.85092,1.95887],[114.85086,1.95908],[114.85083,1.9592],[114.85074,1.95954],[114.85072,1.95964],[114.85059,1.9601],[114.85057,1.9602],[114.85055,1.96028],[114.85055,1.96052],[114.85055,1.96078],[114.85054,1.96093],[114.85054,1.96102],[114.85054,1.96112],[114.85054,1.96121],[114.85054,1.96127],[114.85054,1.96135],[114.85054,1.96155],[114.85054,1.96188],[114.85054,1.96196],[114.85054,1.96203],[114.85058,1.96215],[114.85062,1.96227],[114.85063,1.96229],[114.85067,1.9624],[114.85072,1.96254],[114.85077,1.96269],[114.8508,1.96277],[114.8509,1.96304],[114.85092,1.96312],[114.85088,1.96349],[114.85088,1.96352],[114.85087,1.96362],[114.85086,1.96373],[114.8508,1.96429],[114.8508,1.96435],[114.85079,1.96438],[114.85079,1.96441],[114.85079,1.96444],[114.85078,1.9645],[114.85078,1.96451],[114.85078,1.96454],[114.85075,1.96483],[114.85079,1.96517],[114.8508,1.96526],[114.85082,1.96542],[114.85083,1.9655],[114.85085,1.96553],[114.85093,1.96559],[114.8512,1.96583],[114.85124,1.96586],[114.85128,1.96589],[114.8514,1.966],[114.85156,1.96614],[114.8516,1.96618],[114.85179,1.96634],[114.85194,1.96646],[114.85198,1.96666],[114.85204,1.96695],[114.85205,1.96698],[114.852,1.96721],[114.85198,1.96728],[114.85195,1.96741],[114.85187,1.96779],[114.85181,1.96806],[114.8518,1.96809],[114.85179,1.96812],[114.85178,1.96818],[114.85177,1.96821],[114.85177,1.96823],[114.85167,1.96868],[114.85163,1.96892],[114.85165,1.96906],[114.85166,1.96915],[114.85166,1.96917],[114.85167,1.9692],[114.85168,1.96927],[114.85165,1.96938],[114.85157,1.96969],[114.85157,1.9697],[114.85156,1.96971],[114.85149,1.96999],[114.85143,1.97023],[114.85141,1.97029],[114.85155,1.97065],[114.85161,1.9708],[114.85164,1.97088],[114.85171,1.97105],[114.85175,1.97116],[114.85178,1.97122],[114.85179,1.97125],[114.85179,1.97129],[114.8518,1.97146],[114.8518,1.97151],[114.8518,1.97154],[114.8518,1.97155],[114.85182,1.97206],[114.85183,1.97217],[114.85186,1.97219],[114.85204,1.97231],[114.85205,1.97232],[114.85226,1.97245],[114.85241,1.97255],[114.85261,1.97267],[114.8527,1.9726],[114.85301,1.97236],[114.85323,1.9726],[114.85351,1.97291],[114.85356,1.97296],[114.85359,1.97299],[114.8537,1.97307],[114.85376,1.97312],[114.85395,1.97327],[114.85418,1.97345],[114.85425,1.9735],[114.85437,1.97357],[114.8544,1.97359],[114.85442,1.9736],[114.85456,1.97368],[114.85486,1.97387],[114.85494,1.97392],[114.85497,1.97402],[114.855,1.97414],[114.85501,1.97416],[114.85504,1.97424],[114.85508,1.97438],[114.85539,1.97433],[114.85549,1.97431],[114.8556,1.97429],[114.8558,1.97425],[114.85594,1.97423],[114.85622,1.97423],[114.85641,1.97424],[114.85654,1.97424],[114.85666,1.97424],[114.85683,1.97429],[114.85694,1.97432],[114.857,1.97442],[114.85708,1.97457],[114.85712,1.97466],[114.85716,1.97474],[114.85721,1.97484],[114.85723,1.9749],[114.85735,1.97517],[114.85738,1.97523],[114.85747,1.97541],[114.85752,1.97551],[114.85755,1.97558],[114.85772,1.97561],[114.85778,1.97563],[114.85783,1.97564],[114.85805,1.97569],[114.85821,1.97576],[114.85832,1.97581],[114.85847,1.97588],[114.85854,1.97591],[114.85887,1.97611],[114.85891,1.97614],[114.85923,1.97633],[114.85942,1.97645],[114.85951,1.97676],[114.85953,1.97682],[114.85955,1.97692],[114.8596,1.97707],[114.85949,1.97731],[114.85937,1.9776],[114.85936,1.97764],[114.85929,1.9778],[114.85927,1.97784],[114.8593,1.9779],[114.85949,1.97826],[114.85952,1.97831],[114.85958,1.97842],[114.85962,1.9785],[114.85959,1.97869],[114.85955,1.97892],[114.85952,1.97912],[114.85948,1.97936],[114.85945,1.97954],[114.85933,1.97999],[114.8595,1.98008],[114.85964,1.98015],[114.85989,1.98028],[114.85993,1.9803],[114.86031,1.98048],[114.86056,1.98061],[114.86058,1.98063],[114.86075,1.98083],[114.86093,1.98103],[114.86103,1.98115],[114.86109,1.98122],[114.86144,1.98163],[114.86156,1.98176],[114.86158,1.98177],[114.86198,1.98189],[114.86212,1.98193],[114.86233,1.982],[114.8625,1.98205],[114.86289,1.98217],[114.86294,1.98219],[114.86341,1.98251],[114.86369,1.98269],[114.8637,1.9827],[114.86376,1.98274],[114.86403,1.98292],[114.86405,1.98292],[114.86437,1.98305],[114.86442,1.98306],[114.86454,1.98311],[114.86461,1.98314],[114.86485,1.98334],[114.86495,1.98342],[114.86507,1.98352],[114.86515,1.9836],[114.86523,1.98366],[114.86524,1.98367],[114.86533,1.9837],[114.86562,1.98382],[114.86583,1.9839],[114.86609,1.98401],[114.86629,1.98408],[114.86652,1.98418],[114.86655,1.98419],[114.86672,1.98431],[114.86704,1.98453],[114.86714,1.98459],[114.86725,1.98467],[114.86745,1.98481],[114.86755,1.98484],[114.86774,1.98489],[114.86789,1.98493],[114.8683,1.98504],[114.86845,1.98508],[114.8685,1.98511],[114.8688,1.98524],[114.86904,1.98535],[114.86935,1.98549],[114.86946,1.98554],[114.86942,1.98588],[114.86941,1.98595],[114.86936,1.98627],[114.86936,1.98628],[114.86923,1.98662],[114.86906,1.98707],[114.86911,1.98712],[114.86937,1.98739],[114.86966,1.98769],[114.86968,1.9877],[114.86974,1.98775],[114.87014,1.98809],[114.87015,1.98809],[114.87016,1.9881],[114.87021,1.98814],[114.87022,1.98815],[114.8707,1.98852],[114.87084,1.98862],[114.8709,1.98867],[114.87096,1.9887],[114.87116,1.98882],[114.87134,1.98892],[114.87132,1.98931],[114.87132,1.98949],[114.87129,1.98996],[114.87129,1.99016],[114.87128,1.99019],[114.87128,1.9902],[114.87127,1.99052],[114.87126,1.99055],[114.87105,1.99112],[114.87104,1.99117],[114.87097,1.99132],[114.87095,1.99137],[114.87092,1.99143],[114.87084,1.99161],[114.87094,1.99182],[114.87129,1.9921],[114.87151,1.99228],[114.87162,1.99238],[114.87163,1.99239],[114.87169,1.9925],[114.87187,1.99283],[114.87196,1.993],[114.87206,1.99318],[114.87218,1.99341],[114.8722,1.99343],[114.8725,1.99354],[114.87271,1.99362],[114.87283,1.99366],[114.87296,1.99381],[114.87303,1.99389],[114.87319,1.99407],[114.8732,1.99408],[114.87322,1.99413],[114.87327,1.99432],[114.87328,1.99434],[114.87335,1.9946],[114.87337,1.99464],[114.87343,1.99485],[114.87348,1.99492],[114.87349,1.99493],[114.87365,1.99516],[114.87372,1.99525],[114.87397,1.99559],[114.87395,1.99571],[114.87388,1.99613],[114.87387,1.99617],[114.87345,1.9966],[114.87359,1.9968],[114.87365,1.99688],[114.87375,1.99702],[114.87377,1.99705],[114.87381,1.9972],[114.87389,1.99747],[114.87386,1.99764],[114.87384,1.99773],[114.87382,1.99785],[114.87375,1.99823],[114.87372,1.99842],[114.87368,1.99863],[114.87372,1.99872],[114.87378,1.99889],[114.8739,1.99918],[114.87391,1.99921],[114.8741,1.99931],[114.87432,1.99942],[114.8745,1.99951],[114.87483,1.99968],[114.87488,1.99971],[114.87509,1.99982],[114.87521,1.99987],[114.87537,1.99996],[114.87546,2.0],[114.87546,2.0],[114.87546,2.0],[114.8756,2.00058],[114.8756,2.00121],[114.87592,2.00154],[114.87633,2.00198],[114.87638,2.00233],[114.87639,2.00302],[114.8761,2.00387],[114.87621,2.00459],[114.87622,2.00485],[114.87627,2.0053],[114.87639,2.00558],[114.87653,2.00582],[114.87667,2.0064],[114.87642,2.00692],[114.87571,2.00722],[114.87545,2.00796],[114.87541,2.00852],[114.87505,2.00915],[114.87489,2.00998],[114.87483,2.01088],[114.87474,2.01133],[114.87468,2.01161],[114.87469,2.01201],[114.87519,2.01287],[114.87519,2.01348],[114.87554,2.01372],[114.87625,2.01444],[114.87721,2.01498],[114.87799,2.01494],[114.87839,2.01481],[114.87867,2.01472],[114.87941,2.01549],[114.87991,2.01585],[114.88072,2.01589],[114.8813,2.01598],[114.88198,2.01603],[114.88285,2.01625],[114.88391,2.01641],[114.88439,2.01661],[114.88502,2.0173],[114.88543,2.01756],[114.88646,2.01794],[114.88779,2.01863],[114.8882,2.01917],[114.88906,2.01951],[114.88943,2.02055],[114.88956,2.02135],[114.88981,2.02211],[114.88978,2.02267],[114.88975,2.02321],[114.88936,2.0238],[114.88866,2.0251],[114.88833,2.02555],[114.88811,2.02595],[114.8876,2.02633],[114.88701,2.02667],[114.88642,2.02685],[114.8862,2.02714],[114.88578,2.02725],[114.88511,2.02734],[114.8849,2.02775],[114.8846,2.02835],[114.88395,2.02846],[114.883,2.02883],[114.88275,2.02926],[114.88281,2.02983],[114.88251,2.0303],[114.8827,2.03069],[114.88229,2.0306],[114.88128,2.03079],[114.8802,2.03104],[114.87911,2.03088],[114.87834,2.03139],[114.8779,2.03172],[114.87704,2.03191],[114.87664,2.03203],[114.87614,2.03192],[114.87594,2.03185],[114.87493,2.03203],[114.87445,2.03213],[114.874,2.0322],[114.87267,2.0321],[114.87242,2.03221],[114.8716,2.03212],[114.8706,2.03273],[114.87038,2.03331],[114.86925,2.03356],[114.8687,2.03393],[114.86878,2.03457],[114.86874,2.03521],[114.86889,2.03596],[114.86918,2.03678],[114.86941,2.03805],[114.86882,2.03899],[114.86828,2.0389],[114.86773,2.03886],[114.86714,2.03923],[114.8666,2.03892],[114.86606,2.03921],[114.86489,2.03936],[114.86474,2.04007],[114.86412,2.0404],[114.86294,2.04036],[114.86286,2.0415],[114.86238,2.04264],[114.86212,2.04278],[114.86152,2.0435],[114.8603,2.04389],[114.86005,2.04371],[114.85918,2.04289],[114.85793,2.04212],[114.85763,2.04196],[114.85739,2.0418],[114.85619,2.04086],[114.8553,2.04024],[114.85463,2.04007],[114.85385,2.04023],[114.85256,2.04053],[114.85171,2.04022],[114.85053,2.03946],[114.85021,2.03876],[114.84981,2.03864],[114.84837,2.0384],[114.84798,2.03798],[114.84707,2.03769],[114.84654,2.03691],[114.84579,2.037],[114.84451,2.03617],[114.844,2.0357],[114.84242,2.03567],[114.84235,2.03525],[114.84124,2.03506],[114.84043,2.0348],[114.84031,2.03415],[114.83898,2.03385],[114.83848,2.03308],[114.83883,2.032],[114.83769,2.03154],[114.83717,2.03162],[114.83649,2.03169],[114.83577,2.03138],[114.83469,2.03067],[114.83433,2.0304],[114.83419,2.03025],[114.83388,2.02987],[114.83288,2.02948],[114.83241,2.02907],[114.83199,2.02884],[114.83092,2.02818],[114.83052,2.02775],[114.83002,2.02722],[114.82968,2.02712],[114.82934,2.0271],[114.82896,2.02775],[114.82872,2.02814],[114.82755,2.02776],[114.82753,2.02775],[114.82697,2.02735],[114.82621,2.02757],[114.82486,2.02725],[114.82386,2.02669],[114.82223,2.02719],[114.82177,2.02694],[114.82106,2.02672],[114.82007,2.02643],[114.81966,2.02616],[114.81833,2.02586],[114.81718,2.02586],[114.81671,2.02541],[114.81689,2.02453],[114.817,2.02389],[114.81691,2.0235],[114.81591,2.02265],[114.81495,2.02208],[114.81417,2.02236],[114.81372,2.0226],[114.81267,2.02279],[114.8116,2.02326],[114.81122,2.02407],[114.81031,2.02441],[114.80992,2.0257],[114.8099,2.02646],[114.80994,2.02775],[114.80994,2.0278],[114.80978,2.02931],[114.80931,2.03099],[114.80986,2.03245],[114.80892,2.03394],[114.80721,2.03438],[114.80578,2.0352],[114.80531,2.03637],[114.80516,2.03696],[114.80492,2.03761],[114.80481,2.03812],[114.80482,2.03915],[114.80487,2.03998],[114.80331,2.04068],[114.80275,2.04175],[114.80144,2.0423],[114.80006,2.04253],[114.79998,2.04334],[114.79969,2.04497],[114.79993,2.0461],[114.79965,2.04765],[114.79944,2.04795],[114.7988,2.04889],[114.79864,2.04916],[114.7984,2.04957],[114.7982,2.05023],[114.79821,2.05097],[114.79852,2.05163],[114.79861,2.05222],[114.79847,2.05369],[114.79848,2.05452],[114.79844,2.05521],[114.79843,2.0554],[114.79799,2.05647],[114.79775,2.05716],[114.79731,2.0574],[114.79609,2.0574],[114.79566,2.05741],[114.7949,2.05762],[114.79459,2.05813],[114.79494,2.05864],[114.79596,2.05894],[114.79706,2.05922],[114.79809,2.05941],[114.79899,2.05974],[114.79997,2.05976],[114.8016,2.05983],[114.80268,2.06016],[114.80342,2.05998],[114.80469,2.06024],[114.80599,2.06066],[114.80682,2.061],[114.8077,2.06128],[114.80876,2.06129],[114.80934,2.06114],[114.80992,2.06124],[114.81095,2.06192],[114.81183,2.06186],[114.81312,2.06224],[114.81319,2.06354],[114.81269,2.06502],[114.81248,2.06595],[114.81214,2.06647],[114.81175,2.06808],[114.81171,2.06903],[114.81153,2.07015],[114.81108,2.07136],[114.81092,2.07228],[114.81105,2.07332],[114.81113,2.07402],[114.81123,2.07462],[114.80979,2.07552],[114.80857,2.07675],[114.80689,2.07701],[114.80598,2.07795],[114.80539,2.07943],[114.80426,2.0797],[114.8034,2.08033],[114.80327,2.08075],[114.80382,2.082],[114.80382,2.082],[114.80301,2.08325],[114.80349,2.08481],[114.80261,2.08493],[114.80132,2.08512],[114.80128,2.08606],[114.80125,2.087],[114.8012,2.08724],[114.80116,2.08742],[114.80117,2.08747],[114.80135,2.08912],[114.80263,2.0892],[114.80393,2.08888],[114.80541,2.08925],[114.80673,2.09039],[114.80623,2.09161],[114.80657,2.09268],[114.80737,2.09393],[114.80824,2.09466],[114.80887,2.0956],[114.81044,2.09573],[114.81143,2.0964],[114.81307,2.09653],[114.81441,2.09753],[114.81531,2.09903],[114.81608,2.09992],[114.81565,2.10081],[114.81508,2.10173],[114.81543,2.10306],[114.8163,2.10446],[114.817,2.10487],[114.81846,2.10534],[114.81976,2.10607],[114.82079,2.10738],[114.82041,2.10831],[114.82027,2.10948],[114.82061,2.11042],[114.82075,2.11169],[114.82153,2.11303],[114.82187,2.11388],[114.82244,2.115],[114.82343,2.11545],[114.82319,2.11648],[114.82333,2.11755],[114.82358,2.11823],[114.82333,2.1187],[114.82286,2.11923],[114.8221,2.11992],[114.82175,2.12059],[114.82146,2.12109],[114.82126,2.12261],[114.82185,2.12401],[114.82246,2.12477],[114.82329,2.12568],[114.82264,2.12697],[114.82218,2.12767],[114.82197,2.12843],[114.82171,2.12977],[114.82066,2.1298],[114.81923,2.12971],[114.81745,2.1297],[114.81661,2.13054],[114.81603,2.13114],[114.81581,2.13164],[114.81552,2.1323],[114.81503,2.13373],[114.81394,2.1346],[114.81291,2.13459],[114.81177,2.13416],[114.81029,2.13415],[114.80863,2.1346],[114.80687,2.13434],[114.8056,2.13489],[114.80524,2.13533],[114.80451,2.13603],[114.80395,2.13774],[114.80324,2.13868],[114.80211,2.13979],[114.80199,2.14013],[114.80198,2.14115],[114.80221,2.14283],[114.80165,2.14422],[114.80108,2.1445],[114.80005,2.14439],[114.79946,2.14476],[114.79871,2.14522],[114.7978,2.14539],[114.79611,2.14564],[114.79552,2.14511],[114.79487,2.14476],[114.79396,2.14541],[114.7924,2.14577],[114.79136,2.14551],[114.79005,2.14504],[114.7887,2.14461],[114.78693,2.14446],[114.78554,2.14406],[114.78507,2.14401],[114.78364,2.14507],[114.78223,2.14479],[114.78139,2.14496],[114.77997,2.14448],[114.77903,2.14435],[114.77773,2.14418],[114.77716,2.14446],[114.77583,2.14412],[114.77513,2.144],[114.77386,2.14381],[114.77306,2.14358],[114.77281,2.14355],[114.77186,2.14344],[114.77042,2.14313],[114.76985,2.14302],[114.76918,2.14256],[114.76797,2.14248],[114.76653,2.14248],[114.76528,2.1422],[114.76445,2.14134],[114.76377,2.14158],[114.76318,2.14222],[114.76163,2.14224],[114.76009,2.14182],[114.75914,2.14102],[114.75854,2.1402],[114.75741,2.13884],[114.75606,2.13809],[114.75486,2.13807],[114.7533,2.13803],[114.75189,2.13744],[114.75157,2.13707],[114.74989,2.13715],[114.74949,2.13646],[114.74892,2.13547],[114.7483,2.13512],[114.74679,2.13431],[114.74575,2.13405],[114.74525,2.13358],[114.74404,2.1331],[114.74345,2.13217],[114.74167,2.13223],[114.74164,2.13229],[114.74133,2.13311],[114.74102,2.13412],[114.74038,2.13526],[114.74009,2.13591],[114.73963,2.13691],[114.73955,2.13815],[114.73985,2.14048],[114.74028,2.14164],[114.74041,2.14198],[114.73954,2.14319],[114.7388,2.14347],[114.73826,2.14384],[114.73795,2.14406],[114.73742,2.1449],[114.7368,2.14589],[114.73572,2.14637],[114.73566,2.14707],[114.73628,2.148],[114.73623,2.14873],[114.73587,2.14956],[114.73594,2.15006],[114.73676,2.15101],[114.73776,2.15107],[114.73855,2.15146],[114.7391,2.15203],[114.73957,2.15285],[114.74029,2.15367],[114.73999,2.15447],[114.73933,2.15562],[114.73877,2.15615],[114.73825,2.15702],[114.73859,2.15798],[114.73828,2.15913],[114.73824,2.15999],[114.73781,2.16099],[114.73837,2.16182],[114.73864,2.1627],[114.73926,2.16365],[114.73885,2.16466],[114.73747,2.16525],[114.73609,2.16584],[114.73769,2.16638],[114.73947,2.16697],[114.74062,2.16707],[114.74089,2.16709],[114.74097,2.16708],[114.74217,2.16693],[114.74349,2.16729],[114.74359,2.16822],[114.74358,2.16925],[114.74387,2.16989],[114.74401,2.17083],[114.74341,2.17142],[114.74295,2.17202],[114.74245,2.17294],[114.74251,2.17433],[114.74258,2.17496],[114.74278,2.17538],[114.74321,2.17677],[114.74363,2.17841],[114.7445,2.17934],[114.74547,2.18068],[114.74503,2.18185],[114.7447,2.18301],[114.74396,2.18325],[114.74311,2.18322],[114.74265,2.18414],[114.74274,2.18482],[114.74214,2.1858],[114.74246,2.18637],[114.74303,2.18752],[114.74323,2.18825],[114.74329,2.1889],[114.74281,2.18984],[114.74261,2.19018],[114.74239,2.1911],[114.74331,2.19143],[114.74446,2.19183],[114.74543,2.19205],[114.74663,2.19205],[114.7475,2.19216],[114.74878,2.19244],[114.75001,2.19316],[114.7509,2.19337],[114.75171,2.19382],[114.7527,2.19422],[114.7528,2.19425],[114.7533,2.19437],[114.75409,2.19458],[114.75458,2.19469],[114.75536,2.19455],[114.75653,2.19423],[114.75754,2.19436],[114.75901,2.19414],[114.76038,2.19387],[114.76131,2.19385],[114.76237,2.19449],[114.76287,2.19506],[114.76451,2.19461],[114.7655,2.19502],[114.76656,2.19627],[114.76712,2.19651],[114.76868,2.19679],[114.76955,2.19668],[114.7708,2.19697],[114.77223,2.19703],[114.77304,2.19692],[114.77384,2.19647],[114.77456,2.19632],[114.77552,2.19483],[114.77638,2.19438],[114.77642,2.19436],[114.77747,2.1942],[114.77812,2.19577],[114.77891,2.19658],[114.77991,2.19781],[114.78069,2.19868],[114.78138,2.19941],[114.78305,2.1994],[114.78373,2.19905],[114.7855,2.19884],[114.78598,2.19908],[114.78759,2.19966],[114.7883,2.19994],[114.78929,2.20093],[114.78928,2.20144],[114.78952,2.20175],[114.78944,2.20354],[114.78952,2.20528],[114.78975,2.20663],[114.78974,2.20757],[114.78959,2.2085],[114.78938,2.20964],[114.78918,2.21024],[114.78954,2.21117],[114.7896,2.21192],[114.7901,2.21251],[114.79033,2.21324],[114.79003,2.21501],[114.78962,2.21584],[114.78877,2.21654],[114.78974,2.21689],[114.79123,2.21781],[114.7912,2.21901],[114.79136,2.22042],[114.79134,2.22136],[114.79093,2.22304],[114.79131,2.22373],[114.79195,2.22467],[114.79234,2.22528],[114.79302,2.22631],[114.79365,2.22686],[114.79418,2.22756],[114.79492,2.22799],[114.79601,2.2287],[114.79745,2.22932],[114.79814,2.23035],[114.79871,2.23107],[114.79943,2.23145],[114.80051,2.23233],[114.80136,2.23315],[114.80196,2.23373],[114.80239,2.23415],[114.80278,2.23438],[114.80321,2.236],[114.80345,2.23723],[114.80287,2.23833],[114.80229,2.23904],[114.80196,2.23967],[114.80191,2.23977],[114.80196,2.24032],[114.80199,2.24061],[114.80196,2.24091],[114.80184,2.24219],[114.80196,2.24245],[114.80207,2.24269],[114.80196,2.2428],[114.8013,2.24347],[114.80088,2.24377],[114.80014,2.24508],[114.80014,2.24645],[114.79996,2.24736],[114.80039,2.24873],[114.80093,2.2491],[114.8018,2.24942],[114.80196,2.24963],[114.80249,2.25033],[114.80245,2.2508],[114.80302,2.2518],[114.80387,2.25249],[114.8047,2.25335],[114.80538,2.25407],[114.80648,2.25401],[114.8077,2.25437],[114.80864,2.25488],[114.80909,2.25517],[114.80966,2.2557],[114.81013,2.25638],[114.81018,2.25764],[114.81108,2.25773],[114.81196,2.25863],[114.81264,2.25973],[114.81281,2.26012],[114.81302,2.26108],[114.81389,2.26203],[114.81458,2.262],[114.81527,2.26171],[114.81644,2.26191],[114.81725,2.26303],[114.81773,2.26378],[114.81807,2.26363],[114.81879,2.26332],[114.81963,2.2636],[114.82057,2.26429],[114.82108,2.26442],[114.82161,2.26246],[114.82198,2.26177],[114.82222,2.26122],[114.82237,2.26032],[114.82261,2.25926],[114.82234,2.25872],[114.82171,2.2573],[114.82178,2.25586],[114.82247,2.25469],[114.82303,2.25407],[114.82367,2.25298],[114.82396,2.25205],[114.8244,2.25135],[114.82507,2.2505],[114.8258,2.24962],[114.82634,2.24956],[114.82688,2.24892],[114.82695,2.24819],[114.82719,2.24706],[114.82719,2.24676],[114.82717,2.24598],[114.82758,2.24545],[114.82817,2.24513],[114.82894,2.24539],[114.82958,2.24565],[114.83122,2.24563],[114.83171,2.24523],[114.83196,2.24587],[114.83222,2.24666],[114.83252,2.24686],[114.8341,2.24734],[114.83537,2.24812],[114.83584,2.24904],[114.83599,2.24917],[114.83633,2.24946],[114.83668,2.24975],[114.83762,2.24961],[114.83845,2.25006],[114.83947,2.25023],[114.84006,2.24971],[114.84136,2.24957],[114.84196,2.24953],[114.84253,2.24966],[114.84382,2.2503],[114.8445,2.25091],[114.84563,2.25116],[114.84637,2.25146],[114.84745,2.25223],[114.84846,2.2527],[114.8491,2.2529],[114.85011,2.25237],[114.85083,2.25286],[114.85204,2.25248],[114.85283,2.25381],[114.85356,2.25393],[114.85392,2.25396],[114.85499,2.2541],[114.85608,2.25401],[114.85753,2.2539],[114.85841,2.2549],[114.85929,2.25535],[114.85978,2.25568],[114.86071,2.25646],[114.86129,2.25716],[114.86171,2.25801],[114.86171,2.25925],[114.86274,2.26011],[114.86418,2.26061],[114.86566,2.26155],[114.86612,2.26145],[114.86641,2.26138],[114.86679,2.26128],[114.86777,2.26046],[114.86828,2.25976],[114.86916,2.26086],[114.86985,2.26171],[114.87098,2.26298],[114.87197,2.26366],[114.87351,2.26332],[114.87464,2.26308],[114.87552,2.26263],[114.87667,2.2627],[114.8771,2.26204],[114.87738,2.26135],[114.87816,2.26158],[114.87931,2.26118],[114.88036,2.26102],[114.88136,2.26057],[114.88265,2.26024],[114.88356,2.26046],[114.88486,2.25964],[114.88599,2.25946],[114.88685,2.25979],[114.88769,2.25974],[114.88891,2.25964],[114.88992,2.25984],[114.89043,2.26042],[114.89166,2.26046],[114.89304,2.26033],[114.89428,2.26025],[114.89506,2.25977],[114.89612,2.25872],[114.89673,2.25819],[114.89797,2.25847],[114.89881,2.25813],[114.89992,2.25854],[114.90119,2.25866],[114.90162,2.25874],[114.90223,2.25875],[114.90356,2.25901],[114.90356,2.25963],[114.90444,2.25941],[114.90489,2.25853],[114.90568,2.25772],[114.90617,2.2573],[114.90657,2.25689],[114.90706,2.25589],[114.90758,2.25471],[114.908,2.2541],[114.90854,2.25331],[114.90935,2.25333],[114.91051,2.25301],[114.91145,2.25325],[114.91243,2.253],[114.91316,2.25358],[114.91405,2.25377],[114.91487,2.25361],[114.91567,2.25425],[114.91652,2.25472],[114.91734,2.25502],[114.91838,2.25481],[114.91899,2.25585],[114.9192,2.25643],[114.91984,2.25759],[114.92026,2.25832],[114.9205,2.25868],[114.9207,2.25904],[114.92113,2.25982],[114.92253,2.26061],[114.9231,2.26137],[114.92396,2.26208],[114.92492,2.26284],[114.92637,2.26389],[114.92707,2.26458],[114.92844,2.26522],[114.92975,2.26591],[114.93061,2.26743],[114.93084,2.2678],[114.93087,2.26783],[114.93151,2.2686],[114.93213,2.26913],[114.93271,2.27042],[114.93328,2.27091],[114.93337,2.27099],[114.93403,2.27157],[114.93449,2.27224],[114.93462,2.27243],[114.93576,2.27277],[114.93639,2.27361],[114.9367,2.27441],[114.93723,2.2752],[114.93766,2.27639],[114.93936,2.27774],[114.9377,2.27876],[114.93794,2.27958],[114.93874,2.27978],[114.9393,2.27993],[114.94034,2.27928],[114.94194,2.27986],[114.94266,2.27979],[114.94359,2.2797],[114.94464,2.28019],[114.94496,2.28069],[114.94604,2.28178],[114.94748,2.28142],[114.94799,2.28084],[114.94917,2.28117],[114.9503,2.28096],[114.95081,2.28043],[114.95186,2.28006],[114.95283,2.27989],[114.95326,2.27976],[114.95403,2.27943],[114.95474,2.27918],[114.95542,2.27945],[114.95618,2.27985],[114.95698,2.28073],[114.95748,2.28092],[114.95808,2.28109],[114.95883,2.28128],[114.9595,2.28146],[114.96019,2.28181],[114.96114,2.28291],[114.96189,2.2835],[114.96298,2.28371],[114.96418,2.28442],[114.96499,2.28458],[114.9656,2.2854],[114.96649,2.28664],[114.96701,2.28709],[114.96744,2.28773],[114.96797,2.28871],[114.968,2.28949],[114.96782,2.29051],[114.96774,2.29106],[114.96802,2.29261],[114.96845,2.29333],[114.96902,2.29428],[114.96847,2.29448],[114.96841,2.29522],[114.96771,2.29624],[114.96656,2.29664],[114.96568,2.29722],[114.96532,2.29749],[114.96492,2.29815],[114.96369,2.29893],[114.96319,2.29945],[114.96232,2.30041],[114.96137,2.30095],[114.96123,2.30103],[114.96084,2.30148],[114.96055,2.30186],[114.95916,2.30247],[114.95877,2.30353],[114.95839,2.30441],[114.95746,2.30494],[114.95626,2.30562],[114.95491,2.30625],[114.95399,2.30692],[114.95311,2.30759],[114.95219,2.30831],[114.95209,2.31],[114.95102,2.31091],[114.9509,2.31203],[114.95062,2.3133],[114.95002,2.31465],[114.94933,2.31597],[114.94947,2.31648],[114.95034,2.3175],[114.9505,2.31818],[114.95064,2.31902],[114.95028,2.32056],[114.9501,2.32169],[114.94911,2.32307],[114.94918,2.32411],[114.94971,2.32502],[114.95079,2.32608],[114.95097,2.32757],[114.95075,2.32856],[114.95161,2.32925],[114.95234,2.33018],[114.95243,2.33189],[114.95262,2.33342],[114.95288,2.3336],[114.9535,2.33402],[114.95344,2.33466],[114.95392,2.33583],[114.95408,2.33709],[114.95409,2.33717],[114.95391,2.33811],[114.95414,2.33922],[114.95432,2.33968],[114.95479,2.34098],[114.95561,2.3423],[114.95484,2.34372],[114.95423,2.34444],[114.9543,2.34531],[114.95441,2.34656],[114.95418,2.34779],[114.9539,2.34895],[114.95422,2.3496],[114.95448,2.34982],[114.95571,2.34901],[114.95654,2.35115],[114.95827,2.35263],[114.95844,2.35395],[114.95803,2.35491],[114.95822,2.35623],[114.95897,2.35727],[114.96035,2.35718],[114.96124,2.35798],[114.9622,2.35848],[114.96292,2.35932],[114.96218,2.36052],[114.96248,2.3616],[114.96231,2.36278],[114.96227,2.36367],[114.96238,2.3646],[114.96307,2.3651],[114.96418,2.36522],[114.96543,2.36492],[114.96602,2.36495],[114.96661,2.36514],[114.96791,2.36574],[114.96863,2.36644],[114.96921,2.36745],[114.97027,2.36779],[114.97181,2.36691],[114.97291,2.36656],[114.97406,2.36665],[114.9757,2.36669],[114.97694,2.36538],[114.97774,2.36381],[114.9773,2.36248],[114.9771,2.3613],[114.97812,2.36058],[114.97844,2.3606],[114.98009,2.36017],[114.98066,2.35986],[114.98145,2.35915],[114.98228,2.35868],[114.9836,2.35799],[114.98425,2.35654],[114.985,2.3553],[114.9859,2.35492],[114.98703,2.35353],[114.98806,2.35282],[114.98852,2.35133],[114.99006,2.3505],[114.99127,2.34988],[114.99211,2.34897],[114.99304,2.34833],[114.99433,2.3477],[114.99451,2.34761],[114.99599,2.34841],[114.99763,2.34809],[114.99827,2.34861],[114.99943,2.34895],[115.00084,2.34982],[115.0012,2.35115],[115.00221,2.35242],[115.00289,2.35382],[115.0035,2.35533],[115.00496,2.35561],[115.00622,2.35577],[115.00659,2.35726],[115.00662,2.35808],[115.00654,2.35925],[115.00637,2.36012],[115.00713,2.36069],[115.00806,2.36144],[115.0095,2.36184],[115.00981,2.36216],[115.01053,2.3629],[115.01222,2.36299],[115.01328,2.36316],[115.01368,2.36428],[115.01451,2.36433],[115.01576,2.36412],[115.01675,2.36451],[115.01778,2.36391],[115.01865,2.36468],[115.01947,2.36368],[115.02077,2.3636],[115.02095,2.36352],[115.02179,2.3631],[115.02282,2.3633],[115.02372,2.364],[115.0253,2.36406],[115.0264,2.36459],[115.02755,2.3647],[115.02795,2.36525],[115.02798,2.36617],[115.02838,2.36722],[115.02842,2.36805],[115.02912,2.36958],[115.02929,2.37064],[115.02977,2.37195],[115.02952,2.37317],[115.02973,2.37429],[115.03028,2.37567],[115.03037,2.37659],[115.03112,2.37818],[115.03182,2.37893],[115.03273,2.37932],[115.03366,2.38037],[115.03482,2.38062],[115.03587,2.38073],[115.03667,2.38128],[115.03728,2.38259],[115.03769,2.38377],[115.03784,2.38488],[115.03816,2.38623],[115.03902,2.38704],[115.03831,2.38788],[115.03905,2.3891],[115.03908,2.39034],[115.03932,2.3913],[115.04024,2.39199],[115.04124,2.39133],[115.04224,2.39054],[115.04311,2.38999],[115.04376,2.39014],[115.04539,2.39036],[115.04644,2.39008],[115.0477,2.38881],[115.04848,2.38747],[115.04883,2.38607],[115.04945,2.385],[115.05093,2.38492],[115.05232,2.38588],[115.05341,2.38597],[115.05433,2.38641],[115.05371,2.3878],[115.05302,2.3889],[115.05276,2.3897],[115.05204,2.39138],[115.05133,2.3925],[115.04999,2.39345],[115.05026,2.39499],[115.05072,2.396],[115.05079,2.39732],[115.05107,2.3984],[115.0512,2.39946],[115.05115,2.40067],[115.05089,2.40183],[115.05138,2.40301],[115.052,2.4041],[115.05312,2.40413],[115.05404,2.4055],[115.05462,2.40482],[115.05554,2.40496],[115.05694,2.40515],[115.05876,2.40555],[115.05914,2.40623],[115.06016,2.40681],[115.06142,2.40701],[115.06223,2.40723],[115.06261,2.40733],[115.06353,2.40745],[115.06456,2.40755],[115.06562,2.40711],[115.06605,2.40681],[115.0665,2.40624],[115.06659,2.40567],[115.06736,2.40521],[115.06771,2.40473],[115.06872,2.40458],[115.06981,2.40459],[115.07068,2.40531],[115.07158,2.40623],[115.07259,2.40738],[115.07312,2.40675],[115.07386,2.40691],[115.07443,2.40663],[115.07519,2.4056],[115.07599,2.40544],[115.07743,2.40541],[115.07873,2.40569],[115.07948,2.40503],[115.08051,2.40525],[115.08157,2.40479],[115.08306,2.40529],[115.08403,2.40551],[115.08508,2.40549],[115.0859,2.40439],[115.08666,2.40442],[115.08799,2.40421],[115.08817,2.40353],[115.08907,2.40262],[115.08982,2.40208],[115.09128,2.40211],[115.09229,2.40233],[115.09346,2.40254],[115.09421,2.40243],[115.09561,2.40249],[115.0962,2.40307],[115.09631,2.40308],[115.09668,2.40312],[115.09702,2.40247],[115.09795,2.40245],[115.09897,2.40321],[115.09963,2.40428],[115.10114,2.40498],[115.10184,2.4059],[115.10252,2.40669],[115.10284,2.40725],[115.103,2.40808],[115.10265,2.40928],[115.10202,2.41082],[115.10171,2.41149],[115.10091,2.41223],[115.10036,2.4129],[115.10139,2.4138],[115.10176,2.41456],[115.10196,2.41525],[115.102,2.41578],[115.10179,2.41694],[115.10156,2.41746],[115.10176,2.41836],[115.10171,2.41914],[115.1015,2.4199],[115.10141,2.42023],[115.10102,2.42098],[115.10064,2.42158],[115.10023,2.4222],[115.10005,2.42331],[115.09987,2.42419],[115.09979,2.42538],[115.10019,2.42608],[115.10079,2.42611],[115.10151,2.42609],[115.10186,2.42694],[115.10267,2.42768],[115.10321,2.42827],[115.10378,2.42868],[115.10447,2.42946],[115.1048,2.4302],[115.10457,2.43091],[115.10445,2.43126],[115.10416,2.43275],[115.10486,2.43301],[115.10563,2.434],[115.10585,2.43494],[115.10736,2.43577],[115.10816,2.43672],[115.10859,2.43847],[115.10905,2.43945],[115.10891,2.4401],[115.10924,2.44119],[115.11074,2.44143],[115.11146,2.44178],[115.11194,2.44221],[115.11306,2.44222],[115.1148,2.44224],[115.11506,2.44322],[115.11494,2.44421],[115.11572,2.44533],[115.11645,2.44588],[115.11727,2.44641],[115.11799,2.44753],[115.11805,2.44883],[115.11856,2.45003],[115.11822,2.45113],[115.11792,2.45286],[115.11744,2.4539],[115.11876,2.45512],[115.11941,2.45614],[115.12034,2.45665],[115.12129,2.45694],[115.12141,2.45608],[115.12243,2.45536],[115.12344,2.45497],[115.12425,2.45431],[115.12493,2.45427],[115.12545,2.45432],[115.12627,2.45399],[115.12751,2.45462],[115.1298,2.45527],[115.13074,2.45632],[115.13154,2.45643],[115.1324,2.45703],[115.13266,2.45818],[115.13267,2.4588],[115.13255,2.45981],[115.13296,2.46047],[115.13435,2.46136],[115.13515,2.46296],[115.135,2.46405],[115.13552,2.46509],[115.13608,2.46606],[115.13699,2.46738],[115.13732,2.46855],[115.13796,2.46938],[115.13847,2.46959],[115.1402,2.46999],[115.14047,2.47018],[115.14066,2.4703],[115.14157,2.47092],[115.14293,2.47206],[115.14351,2.47257],[115.14425,2.4732],[115.14398,2.47447],[115.14513,2.47561],[115.14666,2.47599],[115.14726,2.47607],[115.14818,2.47639],[115.15061,2.4771],[115.15125,2.47699],[115.15246,2.47695],[115.15292,2.47693],[115.1546,2.47722],[115.15619,2.47722],[115.1578,2.47705],[115.15914,2.4768],[115.16072,2.47642],[115.16245,2.47676],[115.16396,2.47659],[115.16538,2.47747],[115.16589,2.47789],[115.16614,2.47809],[115.16734,2.478],[115.16899,2.47757],[115.1697,2.47821],[115.17083,2.47882],[115.17216,2.47926],[115.17351,2.47918],[115.17449,2.48007],[115.17599,2.48054],[115.17684,2.48009],[115.17754,2.48063],[115.17787,2.48088],[115.17884,2.48109],[115.18014,2.48082],[115.18034,2.48063],[115.18121,2.47976],[115.18166,2.4795],[115.18301,2.47888],[115.18397,2.47919],[115.18488,2.47953],[115.18648,2.47971],[115.18754,2.47965],[115.18827,2.48063],[115.18849,2.48092],[115.1891,2.482],[115.19044,2.48266],[115.19154,2.48146],[115.19226,2.48094],[115.19265,2.48063],[115.19275,2.48055],[115.19385,2.48042],[115.19534,2.48011],[115.1955,2.47862],[115.19674,2.47744],[115.19781,2.47654],[115.19937,2.47634],[115.20065,2.47524],[115.20147,2.47381],[115.20306,2.47312],[115.20369,2.47275],[115.20467,2.47129],[115.20557,2.47108],[115.2057,2.47104],[115.20605,2.47153],[115.20635,2.47209],[115.20695,2.47297],[115.20787,2.47362],[115.20884,2.47441],[115.20931,2.47531],[115.20975,2.47656],[115.20994,2.47742],[115.21055,2.478],[115.21059,2.47872],[115.21098,2.47905],[115.21198,2.47989],[115.2131,2.48014],[115.21359,2.48063],[115.2136,2.48064],[115.21442,2.48142],[115.21592,2.48103],[115.2163,2.48114],[115.21687,2.48126],[115.21771,2.48173],[115.21891,2.48186],[115.21947,2.48177],[115.21995,2.48275],[115.22041,2.48331],[115.22374,2.4792],[115.22717,2.47616],[115.22722,2.47548],[115.22755,2.47159],[115.23116,2.46702],[115.23199,2.46591],[115.2313,2.46536],[115.2283,2.46283],[115.22506,2.46023],[115.22115,2.45909],[115.21962,2.45676],[115.21805,2.45524],[115.21768,2.45266],[115.21923,2.44981],[115.2193,2.44761],[115.21711,2.44531],[115.21555,2.44297],[115.21291,2.43817],[115.21071,2.43355],[115.20859,2.4263],[115.20709,2.42517],[115.20469,2.42313],[115.20469,2.41147],[115.20377,2.40817],[115.2044,2.40512],[115.20322,2.402],[115.19968,2.40225],[115.19771,2.40174],[115.19879,2.39896],[115.20127,2.39726],[115.20468,2.39402],[115.20743,2.39111],[115.20753,2.38582],[115.2083,2.38124],[115.21031,2.37812],[115.20756,2.37538],[115.20602,2.37431],[115.20454,2.37303],[115.20448,2.37174],[115.20455,2.36818],[115.203,2.36583],[115.19646,2.36311],[115.19486,2.36132],[115.1939,2.35864],[115.19392,2.3562],[115.19689,2.35579],[115.19665,2.35126],[115.19348,2.3438],[115.19154,2.34264],[115.18884,2.34364],[115.18597,2.34074],[115.18456,2.33954],[115.18274,2.34058],[115.17907,2.33832],[115.17684,2.3381],[115.17296,2.33749],[115.16936,2.33617],[115.16623,2.33682],[115.16432,2.34025],[115.16208,2.33772],[115.16093,2.33538],[115.1608,2.33318],[115.16331,2.33255],[115.16722,2.33275],[115.16875,2.3298],[115.17038,2.32851],[115.17251,2.32606],[115.17336,2.32288],[115.17507,2.32013],[115.17507,2.31679],[115.17401,2.31398],[115.17422,2.31189],[115.17466,2.30928],[115.17162,2.30953],[115.16768,2.30587],[115.16555,2.30335],[115.16213,2.29999],[115.15979,2.29702],[115.1576,2.29535],[115.1548,2.29379],[115.15336,2.29168],[115.15145,2.28862],[115.14839,2.28745],[115.14548,2.28745],[115.14382,2.28637],[115.14396,2.28384],[115.14591,2.28],[115.14676,2.27786],[115.14331,2.27757],[115.14112,2.27688],[115.13851,2.275],[115.13745,2.27301],[115.13676,2.27109],[115.13638,2.26588],[115.13541,2.26314],[115.13451,2.25904],[115.13287,2.25657],[115.12658,2.25492],[115.12433,2.2529],[115.12411,2.25042],[115.12495,2.24451],[115.12335,2.24341],[115.12132,2.24287],[115.1203,2.24074],[115.11962,2.2381],[115.11896,2.23473],[115.11756,2.23337],[115.11322,2.23329],[115.11119,2.2329],[115.11169,2.23026],[115.11373,2.2297],[115.1173,2.22721],[115.12002,2.22596],[115.11802,2.22425],[115.11958,2.22216],[115.12102,2.22097],[115.12127,2.21901],[115.12099,2.21608],[115.12098,2.21292],[115.12145,2.21084],[115.12111,2.20838],[115.12027,2.20684],[115.11864,2.20303],[115.11868,2.20098],[115.11815,2.19783],[115.11981,2.19676],[115.12169,2.19591],[115.12385,2.19365],[115.12135,2.19185],[115.11974,2.1901],[115.11915,2.18802],[115.11937,2.18516],[115.11775,2.18308],[115.11545,2.18104],[115.11348,2.17802],[115.11229,2.17518],[115.11107,2.17348],[115.10902,2.17349],[115.10655,2.17327],[115.10562,2.1698],[115.10571,2.16747],[115.10634,2.16543],[115.10424,2.16511],[115.09971,2.16425],[115.09798,2.16598],[115.09616,2.16803],[115.093,2.16749],[115.09193,2.16564],[115.09343,2.16247],[115.09726,2.15888],[115.10194,2.15815],[115.10019,2.15559],[115.09737,2.15209],[115.09562,2.1502],[115.09365,2.15058],[115.09184,2.15036],[115.09106,2.14818],[115.09031,2.14531],[115.09015,2.14264],[115.08981,2.14031],[115.08819,2.13889],[115.08577,2.13093],[115.08706,2.12785],[115.08496,2.12662],[115.08136,2.12853],[115.0813,2.12425],[115.08165,2.12211],[115.07733,2.12242],[115.07519,2.12205],[115.07316,2.11805],[115.07512,2.11211],[115.07607,2.10866],[115.07453,2.10453],[115.07328,2.10246],[115.07115,2.09968],[115.07132,2.09602],[115.07325,2.09426],[115.07565,2.09633],[115.07652,2.09895],[115.07833,2.09913],[115.07923,2.09749],[115.08104,2.09515],[115.08336,2.09174],[115.08474,2.08844],[115.08633,2.08672],[115.08959,2.08581],[115.09405,2.08542],[115.09633,2.08189],[115.09689,2.07928],[115.09587,2.07626],[115.09377,2.07402],[115.09196,2.07123],[115.09454,2.06917],[115.09246,2.06715],[115.08832,2.06464],[115.08715,2.06227],[115.08705,2.06005],[115.08131,2.05678],[115.07981,2.05527],[115.07868,2.05244],[115.07923,2.04948],[115.07926,2.04629],[115.07871,2.04447],[115.07762,2.04302],[115.08123,2.03824],[115.08097,2.03465],[115.0817,2.03258],[115.08184,2.02962],[115.08092,2.0271],[115.07759,2.0272],[115.07549,2.02397],[115.07333,2.02374],[115.07112,2.0236],[115.06937,2.02128],[115.06774,2.01952],[115.06449,2.02012],[115.06218,2.02014],[115.05913,2.0186],[115.05677,2.01581],[115.05612,2.01402],[115.05729,2.01038],[115.05929,2.00653],[115.06128,2.00338],[115.06264,2.00141],[115.064,2.0],[115.06525,1.99831],[115.06507,1.99691],[115.06417,1.9956],[115.06359,1.99412],[115.06377,1.99243],[115.06535,1.99175],[115.0672,1.99183],[115.06945,1.99208],[115.07161,1.99115],[115.07277,1.98971],[115.07485,1.98802],[115.07666,1.98815],[115.0772,1.98775],[115.07846,1.98682],[115.07794,1.98505],[115.07644,1.98387],[115.07451,1.98296],[115.07292,1.98224],[115.07195,1.98045],[115.07315,1.97972],[115.07533,1.97899],[115.07738,1.97771],[115.08308,1.97473],[115.08576,1.97622],[115.08814,1.97728],[115.09099,1.97819],[115.09274,1.97696],[115.09503,1.97505],[115.09724,1.97621],[115.09827,1.97505],[115.09925,1.9742],[115.10051,1.9737],[115.09995,1.97087],[115.09982,1.96772],[115.10159,1.96584],[115.10364,1.96722],[115.10552,1.96618],[115.10808,1.96542],[115.11016,1.96534],[115.10946,1.96321],[115.10838,1.96042],[115.10729,1.95802],[115.10577,1.95534],[115.10485,1.95425],[115.10337,1.95403],[115.10171,1.95361],[115.10089,1.95353],[115.10021,1.95467],[115.09865,1.95551],[115.09725,1.95634],[115.09628,1.95607],[115.09564,1.95493],[115.09554,1.95334],[115.09509,1.95198],[115.09382,1.95181],[115.09226,1.95255],[115.09094,1.95411],[115.08957,1.95462],[115.08804,1.95318],[115.08575,1.9535],[115.08369,1.95363],[115.08203,1.95294],[115.08082,1.95248],[115.07949,1.95297],[115.07893,1.95438],[115.07804,1.95485],[115.0774,1.954],[115.07706,1.95196],[115.07551,1.95034],[115.07446,1.9497],[115.07332,1.94901],[115.07165,1.94354]]]]},"properties":{"kdprov":"65","kdkab":"01","kdkec":"040","kddesa":"001","kdsls":"2001","idsls":"65010400012001","nmprov":"KALIMANTAN UTARA","nmkab":"MALINAU","nmkec":"KAYAN HILIR","nmdesa":"LONG METUN","nmsls":"HUTAN"}},{"type":"Feature","geometry":{"type":"MultiPolygon","coordinates":[[[[115.13747,1.99191],[115.13714,1.9919],[115.13651,1.99202],[115.13594,1.99234],[115.13546,1.99274],[115.13508,1.99323],[115.13485,1.99388],[115.13484,1.99434],[115.1356,1.99415],[115.13566,1.99395],[115.13561,1.99357],[115.13567,1.99345],[115.13576,1.99331],[115.13589,1.99318],[115.13624,1.99308],[115.13672,1.99295],[115.13724,1.99285],[115.13727,1.99285],[115.13748,1.99286],[115.13747,1.99191]]]]},"properties":{"kdprov":"65","kdkab":"01","kdkec":"040","kddesa":"005","kdsls":"0002","idsls":"65010400050002","nmprov":"KALIMANTAN UTARA","nmkab":"MALINAU","nmkec":"KAYAN HILIR","nmdesa":"DATA DIAN","nmsls":"RT 002"}},{"type":"Feature","geometry":{"type":"MultiPolygon","coordinates":[[[[115.71062,1.38855],[115.71033,1.38786],[115.70724,1.38167],[115.7064,1.38208],[115.70532,1.3826],[115.70714,1.38614],[115.70809,1.38798],[115.70817,1.3882],[115.70807,1.38834],[115.70806,1.38842],[115.70816,1.38846],[115.70831,1.38859],[115.70826,1.38868],[115.70824,1.38874],[115.70849,1.38905],[115.70873,1.38938],[115.70884,1.38954],[115.70893,1.38967],[115.70911,1.38958],[115.70959,1.39017],[115.70959,1.39017],[115.7098,1.38996],[115.70943,1.38955],[115.70936,1.38941],[115.70956,1.38924],[115.70975,1.38909],[115.71063,1.38856],[115.71062,1.38855]]]]},"properties":{"kdprov":"65","kdkab":"01","kdkec":"040","kddesa":"003","kdsls":"0003","idsls":"65010400030003","nmprov":"KALIMANTAN UTARA","nmkab":"MALINAU","nmkec":"KAYAN HILIR","nmdesa":"LONG PIPA","nmsls":"RT 03"}},{"type":"Feature","geometry":{"type":"MultiPolygon","coordinates":[[[[115.13977,1.99571],[115.13963,1.9931],[115.13943,1.99299],[115.13924,1.99275],[115.13895,1.99242],[115.13857,1.9921],[115.1383,1.99197],[115.1378,1.99191],[115.13747,1.99191],[115.13748,1.99286],[115.13727,1.99285],[115.13728,1.99308],[115.13727,1.9936],[115.13714,1.99537],[115.13977,1.99571]]],[[[115.13485,1.99388],[115.134,1.99398],[115.13397,1.99464],[115.13385,1.9951],[115.13345,1.99534],[115.13284,1.99572],[115.13223,1.99589],[115.13147,1.99576],[115.13092,1.99548],[115.13031,1.99496],[115.12995,1.99435],[115.1295,1.9943],[115.12893,1.99452],[115.12845,1.99495],[115.1287,1.99528],[115.12911,1.99569],[115.12949,1.99591],[115.13024,1.99662],[115.13115,1.997],[115.13204,1.99717],[115.13292,1.99724],[115.13356,1.99721],[115.13416,1.99701],[115.13481,1.99667],[115.13527,1.99622],[115.13537,1.99586],[115.13525,1.99542],[115.1351,1.99512],[115.13499,1.99491],[115.13484,1.99434],[115.13485,1.99388]]]]},"properties":{"kdprov":"65","kdkab":"01","kdkec":"040","kddesa":"005","kdsls":"0001","idsls":"65010400050001","nmprov":"KALIMANTAN UTARA","nmkab":"MALINAU","nmkec":"KAYAN HILIR","nmdesa":"DATA DIAN","nmsls":"RT 001"}},{"type":"Feature","geometry":{"type":"MultiPolygon","coordinates":[[[[115.13963,1.9931],[115.13977,1.99571],[115.13714,1.99537],[115.1351,1.99512],[115.13525,1.99542],[115.13537,1.99586],[115.13527,1.99622],[115.13481,1.99667],[115.13416,1.99701],[115.13356,1.99721],[115.13292,1.99724],[115.13204,1.99717],[115.13115,1.997],[115.13024,1.99662],[115.12949,1.99591],[115.12911,1.99569],[115.1287,1.99528],[115.12845,1.99495],[115.1279,1.99543],[115.12656,1.99503],[115.1254,1.9937],[115.12355,1.99233],[115.12123,1.99233],[115.12032,1.99298],[115.11986,1.99332],[115.11954,1.99355],[115.11809,1.99267],[115.11762,1.98978],[115.11577,1.98781],[115.11366,1.98927],[115.11161,1.99049],[115.11131,1.99192],[115.10993,1.99562],[115.10758,1.99454],[115.10713,1.99434],[115.10574,1.99251],[115.10553,1.99118],[115.10495,1.98909],[115.10564,1.98816],[115.10717,1.98734],[115.10742,1.98571],[115.10674,1.98481],[115.10526,1.9847],[115.10215,1.98385],[115.0998,1.98302],[115.09836,1.98259],[115.09712,1.98148],[115.09675,1.97962],[115.09724,1.97621],[115.09503,1.97505],[115.09274,1.97696],[115.09099,1.97819],[115.08814,1.97728],[115.08576,1.97622],[115.08308,1.97473],[115.07738,1.97771],[115.07533,1.97899],[115.07315,1.97972],[115.07195,1.98045],[115.07292,1.98224],[115.07451,1.98296],[115.07644,1.98387],[115.07794,1.98505],[115.07846,1.98682],[115.0772,1.98775],[115.07666,1.98815],[115.07485,1.98802],[115.07277,1.98971],[115.07161,1.99115],[115.06945,1.99208],[115.0672,1.99183],[115.06535,1.99175],[115.06377,1.99243],[115.06359,1.99412],[115.06417,1.9956],[115.06507,1.99691],[115.06525,1.99831],[115.064,2.0],[115.06264,2.00141],[115.06128,2.00338],[115.05929,2.00653],[115.05729,2.01038],[115.05612,2.01402],[115.05677,2.01581],[115.05913,2.0186],[115.06218,2.02014],[115.06449,2.02012],[115.06774,2.01952],[115.06937,2.02128],[115.07112,2.0236],[115.07333,2.02374],[115.07549,2.02397],[115.07759,2.0272],[115.08092,2.0271],[115.08184,2.02962],[115.0817,2.03258],[115.08097,2.03465],[115.08123,2.03824],[115.07762,2.04302],[115.07871,2.04447],[115.07926,2.04629],[115.07923,2.04948],[115.07868,2.05244],[115.07981,2.05527],[115.08131,2.05678],[115.08705,2.06005],[115.08715,2.06227],[115.08832,2.06464],[115.09246,2.06715],[115.09454,2.06917],[115.09196,2.07123],[115.09377,2.07402],[115.09587,2.07626],[115.09689,2.07928],[115.09633,2.08189],[115.09405,2.08542],[115.08959,2.08581],[115.08633,2.08672],[115.08474,2.08844],[115.08336,2.09174],[115.08104,2.09515],[115.07923,2.09749],[115.07833,2.09913],[115.07652,2.09895],[115.07565,2.09633],[115.07325,2.09426],[115.07132,2.09602],[115.07115,2.09968],[115.07328,2.10246],[115.07453,2.10453],[115.07607,2.10866],[115.07512,2.11211],[115.07316,2.11805],[115.07519,2.12205],[115.07733,2.12242],[115.08165,2.12211],[115.0813,2.12425],[115.08136,2.12853],[115.08496,2.12662],[115.08706,2.12785],[115.08577,2.13093],[115.08819,2.13889],[115.08981,2.14031],[115.09015,2.14264],[115.09031,2.14531],[115.09106,2.14818],[115.09184,2.15036],[115.09365,2.15058],[115.09562,2.1502],[115.09737,2.15209],[115.10019,2.15559],[115.10194,2.15815],[115.09726,2.15888],[115.09343,2.16247],[115.09193,2.16564],[115.093,2.16749],[115.09616,2.16803],[115.09798,2.16598],[115.09971,2.16425],[115.10424,2.16511],[115.10634,2.16543],[115.10571,2.16747],[115.10562,2.1698],[115.10655,2.17327],[115.10902,2.17349],[115.11107,2.17348],[115.11229,2.17518],[115.11348,2.17802],[115.11545,2.18104],[115.11775,2.18308],[115.11937,2.18516],[115.11915,2.18802],[115.11974,2.1901],[115.12135,2.19185],[115.12385,2.19365],[115.12169,2.19591],[115.11981,2.19676],[115.11815,2.19783],[115.11868,2.20098],[115.11864,2.20303],[115.12027,2.20684],[115.12111,2.20838],[115.12145,2.21084],[115.12098,2.21292],[115.12099,2.21608],[115.12127,2.21901],[115.12102,2.22097],[115.11958,2.22216],[115.11802,2.22425],[115.12002,2.22596],[115.1173,2.22721],[115.11373,2.2297],[115.11169,2.23026],[115.11119,2.2329],[115.11322,2.23329],[115.11756,2.23337],[115.11896,2.23473],[115.11962,2.2381],[115.1203,2.24074],[115.12132,2.24287],[115.12335,2.24341],[115.12495,2.24451],[115.12411,2.25042],[115.12433,2.2529],[115.12658,2.25492],[115.13287,2.25657],[115.13451,2.25904],[115.13541,2.26314],[115.13638,2.26588],[115.13676,2.27109],[115.13745,2.27301],[115.13851,2.275],[115.14112,2.27688],[115.14331,2.27757],[115.14676,2.27786],[115.14591,2.28],[115.14396,2.28384],[115.14382,2.28637],[115.14548,2.28745],[115.14839,2.28745],[115.15145,2.28862],[115.15336,2.29168],[115.1548,2.29379],[115.1576,2.29535],[115.15979,2.29702],[115.16213,2.29999],[115.16555,2.30335],[115.16768,2.30587],[115.17162,2.30953],[115.17466,2.30928],[115.17422,2.31189],[115.17401,2.31398],[115.17507,2.31679],[115.17507,2.32013],[115.17336,2.32288],[115.17251,2.32606],[115.17038,2.32851],[115.16875,2.3298],[115.16722,2.33275],[115.16331,2.33255],[115.1608,2.33318],[115.16093,2.33538],[115.16208,2.33772],[115.16432,2.34025],[115.16623,2.33682],[115.16936,2.33617],[115.17296,2.33749],[115.17684,2.3381],[115.17907,2.33832],[115.18274,2.34058],[115.18456,2.33954],[115.18597,2.34074],[115.18884,2.34364],[115.19154,2.34264],[115.19348,2.3438],[115.19665,2.35126],[115.19689,2.35579],[115.19392,2.3562],[115.1939,2.35864],[115.19486,2.36132],[115.19646,2.36311],[115.203,2.36583],[115.20455,2.36818],[115.20448,2.37174],[115.20454,2.37303],[115.20602,2.37431],[115.20756,2.37538],[115.21031,2.37812],[115.2083,2.38124],[115.20753,2.38582],[115.20743,2.39111],[115.20468,2.39402],[115.20127,2.39726],[115.19879,2.39896],[115.19771,2.40174],[115.19968,2.40225],[115.20322,2.402],[115.2044,2.40512],[115.20377,2.40817],[115.20469,2.41147],[115.20469,2.42313],[115.20709,2.42517],[115.20859,2.4263],[115.21071,2.43355],[115.21291,2.43817],[115.21555,2.44297],[115.21711,2.44531],[115.2193,2.44761],[115.21923,2.44981],[115.21768,2.45266],[115.21805,2.45524],[115.21962,2.45676],[115.22115,2.45909],[115.22506,2.46023],[115.2283,2.46283],[115.2313,2.46536],[115.23199,2.46591],[115.23245,2.4653],[115.23459,2.46245],[115.23326,2.45179],[115.23497,2.44399],[115.23459,2.4379],[115.24087,2.43238],[115.24506,2.42495],[115.24944,2.41715],[115.24544,2.40915],[115.24963,2.40287],[115.25267,2.39183],[115.25701,2.37622],[115.25793,2.37135],[115.26204,2.36739],[115.26813,2.36206],[115.27419,2.35791],[115.28153,2.35322],[115.28534,2.34841],[115.29221,2.34359],[115.29524,2.33754],[115.30293,2.33104],[115.31023,2.32074],[115.31473,2.31637],[115.32241,2.30971],[115.32981,2.30419],[115.33574,2.3016],[115.34418,2.30187],[115.35052,2.30343],[115.35274,2.3103],[115.35442,2.31558],[115.35722,2.31713],[115.35889,2.32003],[115.36057,2.32338],[115.36194,2.32642],[115.36483,2.32779],[115.36468,2.33053],[115.3662,2.33328],[115.36757,2.33693],[115.36795,2.34125],[115.37134,2.34539],[115.3724,2.34844],[115.37473,2.35353],[115.37978,2.35191],[115.38783,2.35444],[115.39316,2.35232],[115.39818,2.35233],[115.40763,2.35431],[115.41767,2.35383],[115.42133,2.35703],[115.42407,2.36023],[115.42757,2.36617],[115.42946,2.37451],[115.42849,2.37866],[115.4294,2.38368],[115.43016,2.38871],[115.43614,2.3906],[115.43845,2.39473],[115.43778,2.39937],[115.44027,2.40002],[115.44361,2.40335],[115.44981,2.40636],[115.45516,2.40841],[115.45849,2.41521],[115.46214,2.41642],[115.46813,2.41692],[115.47206,2.41657],[115.4783,2.41783],[115.48347,2.42089],[115.4925,2.42297],[115.49916,2.42478],[115.49947,2.42489],[115.50199,2.42593],[115.5044,2.42694],[115.50871,2.42908],[115.50828,2.43485],[115.51026,2.44033],[115.51559,2.43911],[115.51742,2.43653],[115.51929,2.43376],[115.52548,2.43486],[115.52833,2.43715],[115.53138,2.43753],[115.53214,2.43467],[115.53226,2.43001],[115.531,2.42706],[115.53214,2.42344],[115.53385,2.42058],[115.53728,2.42039],[115.54318,2.41678],[115.54889,2.41735],[115.55194,2.41354],[115.55327,2.41145],[115.55765,2.40745],[115.56287,2.40567],[115.56287,2.40103],[115.56537,2.39876],[115.56787,2.39567],[115.57156,2.3946],[115.57298,2.39139],[115.57453,2.38663],[115.5756,2.38258],[115.57846,2.38044],[115.58272,2.37864],[115.58918,2.37204],[115.5963,2.37247],[115.60225,2.37271],[115.60594,2.37033],[115.61296,2.3689],[115.61938,2.36747],[115.62248,2.36962],[115.6264,2.36938],[115.62997,2.37045],[115.63176,2.37176],[115.63544,2.37081],[115.63556,2.36831],[115.6364,2.36593],[115.63877,2.36165],[115.64437,2.35998],[115.64889,2.3601],[115.65472,2.35808],[115.65936,2.35605],[115.66328,2.35736],[115.6678,2.35689],[115.66959,2.35938],[115.67244,2.36188],[115.67494,2.36367],[115.67859,2.36592],[115.67887,2.37069],[115.68077,2.37366],[115.68363,2.37616],[115.68993,2.37925],[115.69564,2.37902],[115.70088,2.38032],[115.70492,2.38258],[115.70814,2.38223],[115.71159,2.38032],[115.71599,2.37997],[115.72003,2.38092],[115.72253,2.38282],[115.72479,2.38485],[115.72896,2.38663],[115.73181,2.38603],[115.73621,2.38473],[115.73943,2.38294],[115.74007,2.38073],[115.74181,2.37557],[115.74454,2.37247],[115.74752,2.37093],[115.74978,2.36831],[115.75287,2.36843],[115.7568,2.37033],[115.76203,2.37235],[115.76536,2.37319],[115.76669,2.37096],[115.77057,2.3713],[115.77331,2.37267],[115.77651,2.37267],[115.77845,2.37062],[115.78233,2.36993],[115.78427,2.3665],[115.78827,2.36593],[115.79686,2.37005],[115.79889,2.37199],[115.80106,2.37107],[115.80609,2.3705],[115.80753,2.36745],[115.81203,2.36822],[115.81568,2.36365],[115.82048,2.36205],[115.82265,2.35862],[115.82528,2.35794],[115.82689,2.36109],[115.8327,2.36045],[115.83681,2.36045],[115.84184,2.35862],[115.84962,2.35527],[115.85326,2.35786],[115.85545,2.35881],[115.86183,2.36119],[115.86535,2.35891],[115.86897,2.35834],[115.87182,2.35624],[115.87306,2.35282],[115.8723,2.34949],[115.87277,2.3473],[115.87553,2.34225],[115.8801,2.33949],[115.8842,2.33854],[115.88583,2.33481],[115.88096,2.33487],[115.86889,2.33207],[115.86397,2.33094],[115.84735,2.32187],[115.84633,2.32117],[115.84481,2.32013],[115.82745,2.30826],[115.82373,2.30093],[115.81353,2.28082],[115.80897,2.25547],[115.80353,2.25151],[115.79778,2.25151],[115.78797,2.25456],[115.78425,2.25456],[115.78087,2.25217],[115.77749,2.24571],[115.77479,2.24366],[115.77073,2.244],[115.76633,2.24672],[115.76214,2.24679],[115.75804,2.24545],[115.7546,2.24288],[115.75039,2.24098],[115.74674,2.23841],[115.74419,2.23707],[115.74032,2.23428],[115.73799,2.23149],[115.73511,2.22737],[115.73301,2.22402],[115.73124,2.22001],[115.72875,2.21727],[115.72465,2.21426],[115.72111,2.21203],[115.7179,2.21057],[115.71358,2.20957],[115.70914,2.20934],[115.7046,2.21045],[115.70105,2.21089],[115.69784,2.209],[115.69419,2.20609],[115.6912,2.20308],[115.68931,2.19991],[115.68769,2.19584],[115.684,2.19327],[115.68074,2.18599],[115.67614,2.17878],[115.67295,2.17647],[115.67054,2.17362],[115.66735,2.16926],[115.6648,2.16655],[115.66133,2.16362],[115.65814,2.16141],[115.65609,2.15777],[115.65524,2.15391],[115.65418,2.14992],[115.65109,2.14724],[115.64727,2.1451],[115.63919,2.14231],[115.635,2.14152],[115.63103,2.14137],[115.61944,2.13712],[115.61093,2.13475],[115.60732,2.1329],[115.60275,2.12801],[115.59878,2.12336],[115.59659,2.12051],[115.59397,2.11687],[115.59191,2.11294],[115.5911,2.1087],[115.59061,2.10435],[115.58877,2.10085],[115.58593,2.09763],[115.58289,2.09471],[115.58256,2.09455],[115.57913,2.09292],[115.5788,2.09288],[115.57775,2.09279],[115.57599,2.09264],[115.57595,2.09264],[115.57541,2.09256],[115.57453,2.09242],[115.5707,2.09181],[115.56335,2.08981],[115.55793,2.08869],[115.54498,2.08686],[115.53766,2.08547],[115.53293,2.08447],[115.52984,2.08347],[115.52564,2.08265],[115.52133,2.07795],[115.51981,2.0763],[115.51655,2.07401],[115.51261,2.07251],[115.50888,2.07057],[115.50532,2.06839],[115.50235,2.06557],[115.50031,2.06492],[115.4978,2.06475],[115.49576,2.06433],[115.49371,2.06463],[115.49191,2.06527],[115.48583,2.06967],[115.48387,2.07492],[115.47856,2.0833],[115.47751,2.08448],[115.47149,2.08758],[115.46948,2.09113],[115.46837,2.0943],[115.46609,2.09688],[115.46352,2.09846],[115.45728,2.10069],[115.45512,2.09986],[115.45384,2.09898],[115.45051,2.09757],[115.44882,2.0971],[115.4452,2.09604],[115.44235,2.09492],[115.44016,2.09512],[115.43712,2.09588],[115.43426,2.09723],[115.43123,2.10046],[115.42837,2.09998],[115.42277,2.09751],[115.41927,2.09692],[115.41665,2.09686],[115.41411,2.09577],[115.41172,2.09354],[115.41015,2.09225],[115.40793,2.09148],[115.40408,2.09107],[115.40151,2.09095],[115.3962,2.09141],[115.39253,2.09152],[115.39066,2.09117],[115.38868,2.0917],[115.38564,2.09416],[115.38345,2.09489],[115.37972,2.09365],[115.37879,2.09177],[115.37448,2.08555],[115.37232,2.08191],[115.37139,2.08038],[115.36778,2.07897],[115.36579,2.07838],[115.36294,2.07779],[115.3611,2.07635],[115.35906,2.07189],[115.35644,2.07018],[115.35516,2.06854],[115.35458,2.06513],[115.34985,2.06501],[115.34635,2.06436],[115.34419,2.0633],[115.34055,2.06022],[115.33822,2.05886],[115.33612,2.05786],[115.33303,2.05716],[115.33081,2.05633],[115.32895,2.05527],[115.32452,2.05351],[115.32312,2.05251],[115.32172,2.0511],[115.31886,2.05192],[115.31588,2.05467],[115.31591,2.05775],[115.31346,2.05711],[115.30973,2.05188],[115.30763,2.05076],[115.30676,2.04935],[115.30565,2.04501],[115.3035,2.04489],[115.30052,2.04453],[115.29886,2.0435],[115.29729,2.04086],[115.29636,2.03828],[115.29613,2.03622],[115.29712,2.03259],[115.29876,2.02801],[115.29698,2.02475],[115.29477,2.02316],[115.29413,2.01988],[115.29191,2.01923],[115.29034,2.01799],[115.29099,2.01535],[115.28964,2.014],[115.2872,2.01318],[115.28539,2.01376],[115.27979,2.01346],[115.27971,2.01342],[115.27923,2.01394],[115.27786,2.01582],[115.27649,2.01754],[115.27237,2.0178],[115.27092,2.01926],[115.26869,2.02001],[115.26564,2.01988],[115.26231,2.01993],[115.26018,2.0203],[115.2582,2.01982],[115.25649,2.01817],[115.25548,2.0163],[115.25364,2.01131],[115.2495,2.01015],[115.24729,2.01126],[115.24544,2.01198],[115.24357,2.01123],[115.24107,2.01049],[115.23593,2.00844],[115.2337,2.00664],[115.23112,2.00662],[115.22917,2.00622],[115.22498,2.00388],[115.22183,2.00203],[115.21817,1.99831],[115.21804,1.99783],[115.21746,1.99762],[115.21461,1.99746],[115.21229,1.99711],[115.21015,1.99479],[115.20844,1.99107],[115.20643,1.98903],[115.20313,1.98673],[115.20187,1.98405],[115.1995,1.98201],[115.19735,1.97955],[115.19482,1.97859],[115.19374,1.97928],[115.19266,1.97816],[115.19121,1.978],[115.18863,1.97729],[115.18624,1.97698],[115.18395,1.97682],[115.18171,1.97559],[115.18052,1.97559],[115.17875,1.97601],[115.17696,1.97662],[115.17627,1.97747],[115.17372,1.97784],[115.17138,1.97947],[115.17067,1.98191],[115.1693,1.98267],[115.16687,1.98355],[115.16577,1.98526],[115.16535,1.98764],[115.16377,1.98836],[115.16213,1.98809],[115.15955,1.98822],[115.15977,1.99022],[115.16151,1.99248],[115.16301,1.99429],[115.16464,1.9953],[115.16596,1.99739],[115.16615,1.99889],[115.16671,2.00091],[115.16583,2.00263],[115.16412,2.00305],[115.16238,2.00305],[115.16114,2.00217],[115.15927,2.00077],[115.1574,1.99997],[115.15677,1.99872],[115.15587,1.99787],[115.15561,1.99723],[115.15429,1.99699],[115.15337,1.99718],[115.15311,1.99717],[115.15114,1.99714],[115.14893,1.99589],[115.14005,1.99318],[115.13963,1.9931]]]]},"properties":{"kdprov":"65","kdkab":"01","kdkec":"040","kddesa":"005","kdsls":"2001","idsls":"65010400052001","nmprov":"KALIMANTAN UTARA","nmkab":"MALINAU","nmkec":"KAYAN HILIR","nmdesa":"DATA DIAN","nmsls":"HUTAN"}},{"type":"Feature","geometry":{"type":"MultiPolygon","coordinates":[[[[115.71055,1.39114],[115.71056,1.39114],[115.71055,1.39053],[115.71054,1.39052],[115.71054,1.39052],[115.71026,1.39066],[115.71012,1.39062],[115.70998,1.39057],[115.70999,1.39052],[115.70989,1.39041],[115.70981,1.39038],[115.70959,1.39017],[115.70959,1.39017],[115.70947,1.39029],[115.70923,1.39056],[115.70919,1.39064],[115.70916,1.3907],[115.70986,1.39092],[115.71001,1.39098],[115.70999,1.39109],[115.71,1.39109],[115.71024,1.39111],[115.71023,1.39114],[115.71055,1.39114]]]]},"properties":{"kdprov":"65","kdkab":"01","kdkec":"040","kddesa":"004","kdsls":"0002","idsls":"65010400040002","nmprov":"KALIMANTAN UTARA","nmkab":"MALINAU","nmkec":"KAYAN HILIR","nmdesa":"LONG SULE","nmsls":"RT 002"}},{"type":"Feature","geometry":{"type":"MultiPolygon","coordinates":[[[[115.70959,1.39017],[115.70911,1.38958],[115.70893,1.38967],[115.70884,1.38954],[115.70873,1.38938],[115.70849,1.38905],[115.70824,1.38874],[115.70826,1.38868],[115.70831,1.38859],[115.70816,1.38846],[115.70806,1.38842],[115.70802,1.38862],[115.70807,1.38879],[115.70819,1.38878],[115.70844,1.38909],[115.70837,1.38917],[115.70868,1.38964],[115.70899,1.39011],[115.70881,1.39028],[115.7091,1.39082],[115.70916,1.3907],[115.70919,1.39064],[115.70923,1.39056],[115.70947,1.39029],[115.70959,1.39017]]]]},"properties":{"kdprov":"65","kdkab":"01","kdkec":"040","kddesa":"003","kdsls":"0002","idsls":"65010400030002","nmprov":"KALIMANTAN UTARA","nmkab":"MALINAU","nmkec":"KAYAN HILIR","nmdesa":"LONG PIPA","nmsls":"RT 02"}},{"type":"Feature","geometry":{"type":"MultiPolygon","coordinates":[[[[115.71054,1.39052],[115.71069,1.38943],[115.71084,1.38929],[115.71063,1.38855],[115.71062,1.38855],[115.71063,1.38856],[115.70975,1.38909],[115.70956,1.38924],[115.70936,1.38941],[115.70943,1.38955],[115.7098,1.38996],[115.70959,1.39017],[115.70981,1.39038],[115.70989,1.39041],[115.70999,1.39052],[115.70998,1.39057],[115.71012,1.39062],[115.71026,1.39066],[115.71054,1.39052],[115.71054,1.39052]]]]},"properties":{"kdprov":"65","kdkab":"01","kdkec":"040","kddesa":"004","kdsls":"0001","idsls":"65010400040001","nmprov":"KALIMANTAN UTARA","nmkab":"MALINAU","nmkec":"KAYAN HILIR","nmdesa":"LONG SULE","nmsls":"RT 001"}},{"type":"Feature","geometry":{"type":"MultiPolygon","coordinates":[[[[115.70986,1.39263],[115.71049,1.39241],[115.71062,1.3919],[115.71055,1.39114],[115.71023,1.39114],[115.71024,1.39111],[115.71,1.39109],[115.70998,1.39125],[115.70998,1.39137],[115.70999,1.39145],[115.71013,1.39165],[115.70967,1.39176],[115.70972,1.39197],[115.70976,1.3922],[115.70981,1.39249],[115.70984,1.39264],[115.70986,1.39263]]]]},"properties":{"kdprov":"65","kdkab":"01","kdkec":"040","kddesa":"004","kdsls":"0003","idsls":"65010400040003","nmprov":"KALIMANTAN UTARA","nmkab":"MALINAU","nmkec":"KAYAN HILIR","nmdesa":"LONG SULE","nmsls":"RT 003"}},{"type":"Feature","geometry":{"type":"MultiPolygon","coordinates":[[[[115.1351,1.99512],[115.13714,1.99537],[115.13727,1.9936],[115.13728,1.99308],[115.13727,1.99285],[115.13724,1.99285],[115.13672,1.99295],[115.13624,1.99308],[115.13589,1.99318],[115.13576,1.99331],[115.13567,1.99345],[115.13561,1.99357],[115.13566,1.99395],[115.1356,1.99415],[115.13484,1.99434],[115.13499,1.99491],[115.1351,1.99512]]]]},"properties":{"kdprov":"65","kdkab":"01","kdkec":"040","kddesa":"005","kdsls":"0003","idsls":"65010400050003","nmprov":"KALIMANTAN UTARA","nmkab":"MALINAU","nmkec":"KAYAN HILIR","nmdesa":"DATA DIAN","nmsls":"RT 003"}},{"type":"Feature","geometry":{"type":"MultiPolygon","coordinates":[[[[115.07043,1.93895],[115.07006,1.9379],[115.07089,1.93684],[115.07134,1.93685],[115.07299,1.93691],[115.07305,1.93605],[115.07306,1.93582],[115.07307,1.93569],[115.07267,1.93567],[115.07266,1.93566],[115.07248,1.93566],[115.06972,1.93552],[115.06942,1.93551],[115.06854,1.93769],[115.06824,1.93886],[115.06851,1.93928],[115.06892,1.93907],[115.06929,1.93888],[115.06951,1.93937],[115.07043,1.93895]]]]},"properties":{"kdprov":"65","kdkab":"01","kdkec":"040","kddesa":"001","kdsls":"0001","idsls":"65010400010001","nmprov":"KALIMANTAN UTARA","nmkab":"MALINAU","nmkec":"KAYAN HILIR","nmdesa":"LONG METUN","nmsls":"RT 01"}},{"type":"Feature","geometry":{"type":"MultiPolygon","coordinates":[[[[115.98833,2.26128],[115.98839,2.26087],[115.98878,2.26024],[115.98914,2.25963],[115.98956,2.25923],[115.98959,2.2592],[115.99008,2.25875],[115.9904,2.2584],[115.99057,2.25713],[115.99039,2.25652],[115.99054,2.2561],[115.99078,2.25569],[115.99079,2.2554],[115.99094,2.25475],[115.99107,2.25426],[115.99106,2.25422],[115.99094,2.25385],[115.99084,2.25345],[115.99075,2.25303],[115.99065,2.25283],[115.9904,2.25224],[115.99029,2.25195],[115.9902,2.25174],[115.99009,2.25144],[115.99002,2.2513],[115.98989,2.25111],[115.98961,2.25072],[115.98944,2.2503],[115.98935,2.25],[115.98932,2.24946],[115.98937,2.24906],[115.9895,2.24884],[115.98994,2.24856],[115.99048,2.24798],[115.99058,2.24785],[115.99092,2.24744],[115.99096,2.24713],[115.99097,2.24674],[115.99086,2.24633],[115.99064,2.24585],[115.9906,2.24577],[115.99056,2.24552],[115.99086,2.24509],[115.99101,2.24487],[115.99116,2.24465],[115.99151,2.24426],[115.99195,2.24403],[115.99247,2.24386],[115.99279,2.24369],[115.99308,2.24322],[115.99342,2.24273],[115.99393,2.24219],[115.99406,2.24189],[115.99405,2.24159],[115.99368,2.24093],[115.99357,2.24045],[115.99346,2.23993],[115.99317,2.23915],[115.99284,2.2383],[115.99248,2.23688],[115.99232,2.23613],[115.99222,2.23565],[115.99313,2.23523],[115.99378,2.23468],[115.99392,2.23456],[115.99427,2.23323],[115.99442,2.23251],[115.99462,2.23201],[115.99487,2.23162],[115.99533,2.2313],[115.99565,2.23098],[115.99592,2.23043],[115.99657,2.23013],[115.99732,2.22978],[115.99816,2.22957],[115.99866,2.22918],[115.99894,2.22838],[115.99937,2.22627],[115.99993,2.22516],[115.99984,2.22429],[115.99989,2.2237],[115.99999,2.22266],[116.00022,2.22164],[116.00041,2.22114],[116.00069,2.22061],[116.00137,2.21992],[116.00171,2.21961],[116.00191,2.21935],[116.00233,2.21918],[116.00248,2.21911],[116.00276,2.21897],[116.00344,2.21822],[116.00392,2.21711],[116.00441,2.21613],[116.00465,2.21592],[116.00538,2.21567],[116.00594,2.21557],[116.00649,2.21509],[116.00732,2.21411],[116.00743,2.21365],[116.00786,2.21312],[116.00825,2.21229],[116.00819,2.21175],[116.00789,2.21104],[116.00753,2.21009],[116.00737,2.20965],[116.00669,2.20857],[116.00625,2.20713],[116.00712,2.20656],[116.00803,2.20615],[116.0087,2.20566],[116.00897,2.20532],[116.00933,2.20457],[116.00992,2.20308],[116.01032,2.20267],[116.01074,2.2013],[116.01136,2.20013],[116.01205,2.19938],[116.01296,2.19843],[116.01328,2.19741],[116.01284,2.19606],[116.01205,2.19441],[116.01182,2.19389],[116.0115,2.19249],[116.01186,2.19113],[116.01465,2.18969],[116.01581,2.18869],[116.01726,2.18667],[116.01771,2.18575],[116.0186,2.18415],[116.02055,2.1839],[116.02242,2.18341],[116.02307,2.18299],[116.02404,2.18222],[116.02446,2.18112],[116.02519,2.18082],[116.02737,2.17784],[116.02902,2.17579],[116.03023,2.17446],[116.03124,2.17389],[116.03249,2.17238],[116.03283,2.171],[116.03324,2.1706],[116.03422,2.17015],[116.03571,2.16932],[116.03616,2.16846],[116.03814,2.16687],[116.04097,2.16355],[116.04245,2.1619],[116.04273,2.1616],[116.04447,2.15966],[116.0455,2.15832],[116.04718,2.15694],[116.04729,2.15686],[116.04931,2.1552],[116.05075,2.15252],[116.05312,2.15145],[116.05376,2.151],[116.05479,2.15027],[116.05478,2.14791],[116.05627,2.14577],[116.0571,2.14522],[116.05853,2.1455],[116.05963,2.14636],[116.0603,2.14866],[116.06234,2.1514],[116.06383,2.15253],[116.06776,2.15489],[116.06776,2.15489],[116.07055,2.16151],[116.0727,2.16233],[116.07514,2.16245],[116.07708,2.16277],[116.07739,2.16283],[116.07752,2.16285],[116.07873,2.16287],[116.07988,2.16274],[116.08029,2.16313],[116.08104,2.16402],[116.08178,2.16456],[116.08353,2.1653],[116.08516,2.16559],[116.08763,2.16645],[116.08984,2.16724],[116.09117,2.1673],[116.09256,2.16792],[116.09401,2.16939],[116.09769,2.17015],[116.10019,2.16967],[116.10388,2.16688],[116.10721,2.16557],[116.1115,2.16426],[116.11495,2.16569],[116.11921,2.16441],[116.12495,2.16257],[116.12495,2.16257],[116.12495,2.16254],[116.12497,2.16237],[116.12497,2.16236],[116.12499,2.16223],[116.125,2.16218],[116.12503,2.16199],[116.12503,2.16196],[116.12507,2.16179],[116.1251,2.16167],[116.1251,2.16166],[116.1253,2.16139],[116.12539,2.16129],[116.12571,2.16089],[116.12576,2.16083],[116.12611,2.16033],[116.12634,2.15998],[116.12645,2.15966],[116.12651,2.15952],[116.12654,2.15943],[116.12655,2.15942],[116.12655,2.15942],[116.12662,2.15947],[116.12667,2.15952],[116.12683,2.15966],[116.12685,2.15968],[116.12704,2.16017],[116.12709,2.16026],[116.12719,2.16044],[116.12724,2.16053],[116.12728,2.16059],[116.12743,2.16082],[116.12748,2.16089],[116.12748,2.1609],[116.12775,2.16125],[116.12776,2.16126],[116.12804,2.16155],[116.12805,2.16156],[116.12817,2.16166],[116.12838,2.16184],[116.12842,2.16187],[116.12858,2.16207],[116.12861,2.1621],[116.12868,2.16219],[116.12868,2.16219],[116.12882,2.16242],[116.12883,2.16243],[116.12884,2.16245],[116.12885,2.16246],[116.12892,2.16257],[116.12892,2.16257],[116.12914,2.16274],[116.12927,2.16284],[116.12937,2.16291],[116.12963,2.16307],[116.12965,2.16309],[116.12969,2.16311],[116.12972,2.16314],[116.13243,2.1625],[116.13284,2.16035],[116.13366,2.15967],[116.13613,2.15693],[116.13712,2.15488],[116.13828,2.15311],[116.14052,2.15356],[116.14262,2.15384],[116.14425,2.1533],[116.14473,2.15321],[116.14475,2.15323],[116.14598,2.15418],[116.14688,2.15494],[116.14772,2.15528],[116.14825,2.15511],[116.14855,2.15411],[116.14929,2.15246],[116.14969,2.15161],[116.14951,2.15083],[116.1492,2.14862],[116.14977,2.14676],[116.15063,2.14541],[116.15284,2.14394],[116.15455,2.14062],[116.15522,2.13792],[116.15719,2.13294],[116.15725,2.13297],[116.15742,2.13303],[116.15893,2.13384],[116.15967,2.13467],[116.15977,2.13478],[116.1599,2.13483],[116.16082,2.13521],[116.1618,2.13562],[116.16238,2.13602],[116.16278,2.13652],[116.16301,2.13683],[116.1633,2.13722],[116.16383,2.13793],[116.16458,2.13851],[116.16521,2.13892],[116.16582,2.13921],[116.16614,2.1392],[116.16656,2.13919],[116.16776,2.13937],[116.1691,2.13999],[116.16948,2.14041],[116.17047,2.14091],[116.17108,2.14128],[116.17176,2.14166],[116.17259,2.14229],[116.17289,2.14245],[116.17339,2.14263],[116.17415,2.143],[116.17418,2.143],[116.17476,2.14315],[116.17552,2.143],[116.17659,2.14273],[116.17797,2.14282],[116.17915,2.14318],[116.18035,2.14362],[116.18096,2.14393],[116.18152,2.14425],[116.18196,2.14461],[116.18252,2.1448],[116.18434,2.1456],[116.18544,2.1463],[116.18613,2.14626],[116.18729,2.1461],[116.1881,2.14599],[116.1898,2.14585],[116.19085,2.14518],[116.19086,2.14517],[116.19165,2.14472],[116.1931,2.14459],[116.19352,2.14455],[116.19556,2.1443],[116.19704,2.14391],[116.19862,2.14319],[116.19866,2.14314],[116.19908,2.14247],[116.20041,2.14057],[116.20157,2.13891],[116.202,2.13678],[116.20229,2.13537],[116.20579,2.13294],[116.20889,2.13031],[116.21282,2.12912],[116.21384,2.12825],[116.21746,2.12517],[116.22127,2.12146],[116.22206,2.11913],[116.2224,2.11812],[116.2232,2.11573],[116.22344,2.11502],[116.22366,2.11237],[116.22365,2.11177],[116.22365,2.11128],[116.22365,2.11047],[116.22383,2.10908],[116.22401,2.10823],[116.22416,2.10776],[116.22437,2.10709],[116.22455,2.1066],[116.22464,2.10612],[116.22477,2.10562],[116.22491,2.10526],[116.22474,2.10486],[116.22464,2.10463],[116.22462,2.10455],[116.22436,2.1036],[116.22321,2.10237],[116.22288,2.10202],[116.22249,2.10147],[116.222,2.10092],[116.22211,2.10058],[116.22213,2.10052],[116.22229,2.10002],[116.22239,2.09972],[116.22244,2.09957],[116.22258,2.09918],[116.22279,2.09814],[116.22282,2.098],[116.22283,2.09794],[116.22283,2.09794],[116.22282,2.09794],[116.22276,2.09791],[116.22264,2.09773],[116.22243,2.09708],[116.22234,2.09666],[116.22207,2.09609],[116.22197,2.09587],[116.22175,2.0954],[116.22097,2.09413],[116.22028,2.09338],[116.2199,2.09253],[116.21981,2.09202],[116.21961,2.09087],[116.2196,2.08982],[116.21981,2.08923],[116.22017,2.08848],[116.22011,2.0878],[116.22004,2.08748],[116.21996,2.08706],[116.22015,2.08624],[116.22042,2.08556],[116.22051,2.08533],[116.22049,2.08482],[116.22051,2.0847],[116.22058,2.08417],[116.22059,2.08405],[116.22061,2.08387],[116.22054,2.0835],[116.22035,2.08257],[116.22038,2.08057],[116.22038,2.08056],[116.2205,2.08029],[116.22061,2.08004],[116.22096,2.07927],[116.22103,2.07912],[116.22104,2.07882],[116.22106,2.07828],[116.22091,2.07769],[116.22097,2.07721],[116.22103,2.0768],[116.22139,2.07584],[116.22137,2.07568],[116.22136,2.07552],[116.22058,2.0747],[116.22036,2.07448],[116.21993,2.07318],[116.21965,2.07244],[116.21947,2.07196],[116.21878,2.07086],[116.21838,2.07034],[116.21819,2.07023],[116.21768,2.06994],[116.217,2.06906],[116.21618,2.06796],[116.21567,2.06726],[116.21514,2.0664],[116.21503,2.06537],[116.21445,2.06479],[116.21395,2.06429],[116.21377,2.06411],[116.21317,2.06369],[116.21261,2.06296],[116.21258,2.06265],[116.21243,2.06203],[116.21243,2.061],[116.21252,2.06048],[116.21273,2.06018],[116.21357,2.05994],[116.2143,2.05955],[116.21559,2.05932],[116.21755,2.05908],[116.21894,2.0585],[116.21996,2.05762],[116.22234,2.05613],[116.22343,2.05538],[116.22415,2.05489],[116.2254,2.05372],[116.22558,2.05355],[116.22697,2.05271],[116.2282,2.05142],[116.22862,2.05091],[116.22799,2.05022],[116.22761,2.04921],[116.22743,2.04817],[116.22746,2.04769],[116.22749,2.04739],[116.2287,2.04592],[116.22918,2.04504],[116.22966,2.04379],[116.22969,2.04308],[116.22936,2.04254],[116.22919,2.04218],[116.22886,2.04144],[116.22883,2.0407],[116.22859,2.03978],[116.22845,2.03831],[116.2288,2.03788],[116.22945,2.0376],[116.2299,2.03716],[116.23085,2.03672],[116.23094,2.0367],[116.23136,2.03663],[116.23228,2.03645],[116.23258,2.03627],[116.23299,2.03606],[116.23366,2.03588],[116.2343,2.03556],[116.23475,2.03505],[116.23472,2.03461],[116.23472,2.03457],[116.23424,2.03368],[116.2343,2.03347],[116.23454,2.033],[116.23469,2.03234],[116.23488,2.03145],[116.23457,2.03107],[116.23439,2.03071],[116.23419,2.0305],[116.23407,2.03038],[116.23382,2.03011],[116.23362,2.02984],[116.23335,2.02946],[116.23284,2.02854],[116.23237,2.02785],[116.23235,2.02731],[116.23243,2.02684],[116.23255,2.02637],[116.23247,2.02545],[116.23211,2.02386],[116.23207,2.02371],[116.23198,2.02351],[116.23168,2.02298],[116.23171,2.02203],[116.23172,2.02184],[116.23168,2.02111],[116.23162,2.02026],[116.23122,2.01905],[116.23091,2.01846],[116.23064,2.01774],[116.23055,2.01685],[116.23026,2.01598],[116.23052,2.01501],[116.23071,2.01482],[116.23097,2.01456],[116.23121,2.01394],[116.23116,2.01331],[116.23106,2.01284],[116.23079,2.01252],[116.23058,2.01227],[116.2304,2.01211],[116.23011,2.01185],[116.22963,2.01105],[116.22892,2.01038],[116.22872,2.01013],[116.2281,2.00968],[116.22716,2.00926],[116.22662,2.00921],[116.22609,2.00921],[116.22579,2.00909],[116.2254,2.00863],[116.22488,2.00801],[116.22462,2.0077],[116.22445,2.00748],[116.22413,2.00716],[116.22377,2.0068],[116.22311,2.00644],[116.22255,2.006],[116.22231,2.00567],[116.2219,2.00528],[116.22133,2.00484],[116.22123,2.00477],[116.22103,2.00465],[116.22052,2.00454],[116.22035,2.00445],[116.21973,2.00416],[116.21957,2.00408],[116.21954,2.00406],[116.2191,2.00388],[116.21877,2.00368],[116.21865,2.00338],[116.21901,2.00308],[116.21916,2.0024],[116.21916,2.0019],[116.21916,2.00177],[116.21904,2.00115],[116.21883,2.00093],[116.21826,2.00036],[116.21815,2.00024],[116.21802,2.0],[116.21751,1.99992],[116.21651,1.99977],[116.21576,1.99814],[116.2157,1.99804],[116.21501,1.99689],[116.21496,1.9968],[116.21412,1.99651],[116.21346,1.99628],[116.21346,1.99628],[116.21133,1.99528],[116.21057,1.99481],[116.21023,1.9946],[116.2099,1.99439],[116.20882,1.99337],[116.20802,1.99262],[116.20774,1.99259],[116.20654,1.99248],[116.20569,1.9924],[116.20567,1.9924],[116.20435,1.99276],[116.20327,1.99305],[116.2024,1.99275],[116.20187,1.99256],[116.20085,1.99108],[116.20037,1.99037],[116.20001,1.98984],[116.19886,1.98899],[116.19868,1.98886],[116.19759,1.98858],[116.1974,1.98853],[116.1968,1.98769],[116.19672,1.98758],[116.19658,1.98746],[116.19633,1.98724],[116.19606,1.98701],[116.19573,1.98672],[116.19537,1.98642],[116.1953,1.98636],[116.19521,1.98628],[116.19508,1.98616],[116.19497,1.98609],[116.19449,1.98573],[116.19446,1.98571],[116.19452,1.98452],[116.19454,1.98409],[116.19455,1.98394],[116.19422,1.98252],[116.19408,1.98188],[116.1938,1.98068],[116.19401,1.98014],[116.19436,1.97921],[116.19446,1.97895],[116.19473,1.97738],[116.19493,1.97674],[116.19686,1.9755],[116.19636,1.97411],[116.19703,1.97216],[116.19738,1.97117],[116.19779,1.96992],[116.19588,1.96657],[116.19585,1.96652],[116.19583,1.9665],[116.19469,1.96427],[116.19485,1.96249],[116.19529,1.95959],[116.19551,1.95813],[116.19568,1.95698],[116.19722,1.95566],[116.19818,1.95372],[116.19861,1.95235],[116.19923,1.95149],[116.19941,1.95084],[116.19913,1.95055],[116.19808,1.95014],[116.19623,1.94955],[116.196,1.94945],[116.1956,1.94926],[116.1941,1.94719],[116.19227,1.94566],[116.19155,1.9453],[116.19114,1.9451],[116.19096,1.9447],[116.19097,1.94412],[116.19065,1.94246],[116.19123,1.94098],[116.19153,1.93979],[116.19153,1.93953],[116.19158,1.93787],[116.19137,1.93689],[116.19129,1.93647],[116.19098,1.93475],[116.19072,1.93444],[116.18933,1.93269],[116.18888,1.92988],[116.18843,1.92713],[116.18701,1.92582],[116.18604,1.92504],[116.18569,1.92477],[116.18539,1.92453],[116.18527,1.92424],[116.18487,1.92333],[116.18428,1.92198],[116.18255,1.918],[116.18254,1.91796],[116.18238,1.91756],[116.18227,1.91726],[116.1819,1.91631],[116.18057,1.91292],[116.17954,1.91027],[116.17947,1.91009],[116.1794,1.90991],[116.17918,1.90911],[116.17894,1.90828],[116.17869,1.90738],[116.17845,1.90654],[116.17834,1.90614],[116.17827,1.90589],[116.17802,1.90561],[116.1776,1.90516],[116.17725,1.90477],[116.17689,1.90436],[116.17659,1.90404],[116.17623,1.90364],[116.17594,1.90331],[116.17575,1.9031],[116.17548,1.90281],[116.17533,1.90234],[116.17517,1.90184],[116.17514,1.90151],[116.17511,1.90104],[116.17508,1.90058],[116.17505,1.90016],[116.17505,1.90016],[116.17486,1.89729],[116.17528,1.89656],[116.17618,1.89498],[116.17812,1.89331],[116.17823,1.89232],[116.17851,1.88977],[116.17833,1.88836],[116.1783,1.88784],[116.1783,1.88776],[116.1783,1.88776],[116.17825,1.88736],[116.17819,1.88673],[116.17714,1.88531],[116.1775,1.8843],[116.17699,1.88364],[116.17553,1.88319],[116.17607,1.88233],[116.17634,1.88189],[116.17684,1.88079],[116.1765,1.87842],[116.17622,1.87713],[116.17598,1.8761],[116.17561,1.87447],[116.17528,1.873],[116.17506,1.87204],[116.17545,1.87042],[116.17558,1.8702],[116.17562,1.87012],[116.17738,1.86688],[116.1769,1.86583],[116.17613,1.86372],[116.17602,1.86247],[116.17603,1.86229],[116.17613,1.86128],[116.17631,1.86105],[116.17633,1.86103],[116.17652,1.8608],[116.17672,1.86056],[116.17658,1.86014],[116.17654,1.85999],[116.17574,1.85753],[116.17744,1.85625],[116.17836,1.85586],[116.17901,1.85491],[116.17934,1.85494],[116.17946,1.85496],[116.18023,1.85503],[116.18122,1.85444],[116.18214,1.85346],[116.18243,1.85191],[116.18194,1.85048],[116.18194,1.85045],[116.1832,1.84878],[116.18378,1.848],[116.18482,1.84627],[116.18491,1.84369],[116.18494,1.84291],[116.18472,1.84253],[116.18463,1.84237],[116.18383,1.84099],[116.18453,1.84066],[116.18453,1.84062],[116.18451,1.84031],[116.1845,1.84009],[116.18449,1.83997],[116.18426,1.84008],[116.18419,1.84012],[116.18418,1.84012],[116.18406,1.84018],[116.18405,1.84014],[116.18404,1.83984],[116.18402,1.83961],[116.18398,1.83885],[116.18398,1.83711],[116.18384,1.83632],[116.18352,1.835],[116.18282,1.83369],[116.18249,1.8328],[116.18179,1.83152],[116.18072,1.8289],[116.17979,1.82679],[116.17896,1.82482],[116.17788,1.82262],[116.1776,1.82191],[116.17695,1.82028],[116.17635,1.81897],[116.17551,1.817],[116.17544,1.81686],[116.17515,1.81628],[116.17504,1.81608],[116.17472,1.81519],[116.17458,1.81425],[116.17435,1.812],[116.17438,1.81058],[116.17439,1.80999],[116.17449,1.80853],[116.17435,1.80722],[116.1743,1.80549],[116.17402,1.80385],[116.17356,1.8024],[116.17355,1.80237],[116.17328,1.80109],[116.17296,1.79987],[116.17253,1.7989],[116.17212,1.79764],[116.17168,1.79659],[116.17151,1.79619],[116.17091,1.79436],[116.17053,1.79286],[116.17039,1.7923],[116.17016,1.79084],[116.16965,1.78728],[116.16928,1.78513],[116.16914,1.78424],[116.16872,1.78247],[116.16855,1.78178],[116.1683,1.78083],[116.16807,1.77952],[116.16779,1.77851],[116.1677,1.77816],[116.16703,1.77699],[116.16682,1.77681],[116.16671,1.77664],[116.16635,1.77633],[116.16509,1.77451],[116.16453,1.7738],[116.16314,1.7723],[116.16221,1.77137],[116.16132,1.77001],[116.16099,1.76922],[116.16076,1.7687],[116.16053,1.76757],[116.16011,1.76621],[116.15998,1.76475],[116.15997,1.76471],[116.15992,1.76352],[116.15988,1.76183],[116.15995,1.76099],[116.15977,1.75897],[116.1593,1.75757],[116.15861,1.75602],[116.15844,1.75571],[116.15786,1.75457],[116.15735,1.75334],[116.15691,1.75195],[116.15691,1.75105],[116.15726,1.75006],[116.15751,1.74959],[116.15754,1.74953],[116.15754,1.74952],[116.15776,1.74883],[116.15782,1.74873],[116.15817,1.74809],[116.15861,1.74754],[116.15951,1.74708],[116.16076,1.74634],[116.16125,1.74568],[116.16163,1.74497],[116.16161,1.74434],[116.16139,1.74384],[116.16102,1.74342],[116.16036,1.7427],[116.15984,1.74219],[116.15975,1.74211],[116.15899,1.7414],[116.15896,1.74133],[116.15852,1.74092],[116.15811,1.74018],[116.15786,1.73915],[116.1574,1.73683],[116.15669,1.73491],[116.15547,1.73291],[116.15433,1.73081],[116.15405,1.73053],[116.15395,1.73043],[116.1529,1.72948],[116.15283,1.72937],[116.15242,1.729],[116.15179,1.72799],[116.15125,1.72686],[116.15081,1.72577],[116.15041,1.72415],[116.15024,1.72355],[116.15003,1.72278],[116.14965,1.7218],[116.14932,1.71906],[116.14917,1.71825],[116.14891,1.71687],[116.14835,1.71444],[116.14834,1.71438],[116.14803,1.71288],[116.148,1.71182],[116.14795,1.71009],[116.14776,1.70829],[116.14749,1.70698],[116.14721,1.70627],[116.14699,1.70574],[116.14641,1.70537],[116.14568,1.70493],[116.14461,1.7044],[116.14459,1.70438],[116.14377,1.70375],[116.14339,1.70335],[116.14329,1.70328],[116.14275,1.7027],[116.14191,1.70141],[116.1418,1.70089],[116.14176,1.69981],[116.14189,1.6986],[116.14184,1.69745],[116.14154,1.69633],[116.14116,1.6951],[116.14113,1.6937],[116.14127,1.69286],[116.14149,1.69212],[116.14151,1.69144],[116.14146,1.69102],[116.14127,1.68966],[116.14111,1.68766],[116.14084,1.68626],[116.14024,1.68531],[116.13953,1.68408],[116.13922,1.6836],[116.13892,1.68332],[116.1378,1.68244],[116.13707,1.68198],[116.13562,1.68148],[116.13423,1.68118],[116.13333,1.68088],[116.13257,1.68036],[116.13174,1.67961],[116.13092,1.67889],[116.1308,1.67872],[116.13045,1.67842],[116.13029,1.6782],[116.1302,1.67781],[116.13031,1.67702],[116.13083,1.67557],[116.13146,1.67346],[116.13206,1.67196],[116.13221,1.67165],[116.13271,1.67062],[116.13307,1.66972],[116.1331,1.66892],[116.13299,1.6681],[116.13263,1.66733],[116.13242,1.66709],[116.13202,1.66674],[116.13169,1.66639],[116.13154,1.66626],[116.13094,1.66563],[116.13045,1.66495],[116.12996,1.66402],[116.1295,1.66289],[116.12923,1.66258],[116.12858,1.66218],[116.12754,1.66163],[116.12667,1.66138],[116.1255,1.66096],[116.12544,1.66094],[116.12411,1.66042],[116.12313,1.65993],[116.12229,1.65927],[116.12128,1.65842],[116.11975,1.65738],[116.11781,1.65609],[116.11672,1.65562],[116.11566,1.65505],[116.11508,1.6548],[116.11459,1.65488],[116.11432,1.65515],[116.1141,1.65548],[116.11359,1.65647],[116.11247,1.65839],[116.11096,1.66024],[116.10954,1.66221],[116.10867,1.66314],[116.10796,1.66371],[116.10651,1.6647],[116.10507,1.66525],[116.10293,1.66568],[116.10135,1.66544],[116.09926,1.6643],[116.09504,1.66132],[116.09031,1.65936],[116.08473,1.65716],[116.07917,1.65525],[116.07655,1.65402],[116.07494,1.65283],[116.07366,1.65189],[116.07335,1.65154],[116.07318,1.65141],[116.07079,1.64867],[116.06883,1.64578],[116.06668,1.64214],[116.0636,1.63693],[116.06242,1.63533],[116.06012,1.63223],[116.05954,1.63145],[116.05837,1.62994],[116.0554,1.62613],[116.0552,1.62587],[116.05529,1.62586],[116.05501,1.6255],[116.05489,1.62534],[116.05233,1.62237],[116.0491,1.61924],[116.0442,1.61599],[116.04113,1.61278],[116.03845,1.60986],[116.03716,1.60803],[116.03623,1.60587],[116.03586,1.60337],[116.03564,1.60158],[116.03581,1.60026],[116.03605,1.59968],[116.04092,1.59491],[116.04259,1.59256],[116.04376,1.59027],[116.04527,1.58474],[116.04588,1.58211],[116.04577,1.57948],[116.04488,1.57707],[116.04366,1.57251],[116.04204,1.56747],[116.04177,1.56562],[116.0416,1.56316],[116.04138,1.56159],[116.04082,1.55985],[116.03548,1.55431],[116.03114,1.54999],[116.02584,1.54543],[116.02134,1.54056],[116.01739,1.53608],[116.01626,1.53475],[116.01399,1.53208],[116.01288,1.53097],[116.01249,1.53026],[116.01104,1.5297],[116.01069,1.52939],[116.01033,1.52906],[116.01013,1.52854],[116.01014,1.52818],[116.01008,1.52805],[116.00876,1.52692],[116.00762,1.52594],[116.0076,1.52592],[116.00696,1.52487],[116.00615,1.52462],[116.0054,1.5248],[116.00366,1.525],[116.00256,1.52497],[116.00155,1.52539],[116.00033,1.52638],[115.99988,1.52642],[115.99938,1.52628],[115.9986,1.52596],[115.99795,1.5257],[115.9976,1.52571],[115.99721,1.52569],[115.99671,1.52573],[115.99577,1.52584],[115.99536,1.52651],[115.99511,1.52678],[115.99433,1.52697],[115.99348,1.52715],[115.99303,1.52726],[115.99232,1.52749],[115.99157,1.5276],[115.99076,1.52746],[115.99075,1.52746],[115.99031,1.52739],[115.99004,1.52743],[115.98906,1.52741],[115.98868,1.52723],[115.98744,1.5274],[115.9874,1.52742],[115.98683,1.52762],[115.98641,1.52776],[115.98586,1.52814],[115.98583,1.52822],[115.98567,1.52861],[115.98548,1.52944],[115.98495,1.5305],[115.98364,1.5306],[115.98239,1.53052],[115.98189,1.5307],[115.98126,1.53046],[115.98117,1.52997],[115.98092,1.5298],[115.98022,1.52953],[115.97971,1.5296],[115.97907,1.52965],[115.97789,1.52961],[115.97683,1.52941],[115.97611,1.52951],[115.97537,1.53014],[115.97268,1.5313],[115.97085,1.52957],[115.96945,1.52821],[115.96932,1.52809],[115.96766,1.52679],[115.9664,1.52583],[115.96477,1.52412],[115.96449,1.52316],[115.96366,1.52182],[115.96304,1.52074],[115.96289,1.51856],[115.96246,1.5157],[115.96212,1.51266],[115.96192,1.51148],[115.96091,1.51001],[115.96076,1.50979],[115.95941,1.50753],[115.95834,1.50666],[115.95745,1.50597],[115.95686,1.50503],[115.95584,1.50424],[115.95686,1.50339],[115.95783,1.50213],[115.95831,1.50041],[115.95939,1.49978],[115.95955,1.49902],[115.96036,1.49736],[115.96037,1.49689],[115.95942,1.49437],[115.95849,1.49198],[115.95741,1.49056],[115.95589,1.48976],[115.95508,1.48936],[115.95261,1.48856],[115.95055,1.48785],[115.94868,1.48713],[115.94634,1.48659],[115.94535,1.48626],[115.94488,1.48611],[115.94367,1.48567],[115.94287,1.48533],[115.94124,1.48449],[115.93846,1.48378],[115.93637,1.48315],[115.93463,1.48242],[115.93324,1.48251],[115.9307,1.48115],[115.93043,1.48112],[115.92913,1.48097],[115.92795,1.48079],[115.92711,1.47994],[115.92621,1.47934],[115.92466,1.47862],[115.92402,1.47792],[115.9226,1.47739],[115.92076,1.47709],[115.91965,1.47714],[115.91763,1.47717],[115.91403,1.47727],[115.91142,1.47522],[115.90846,1.47347],[115.90627,1.47087],[115.90363,1.46588],[115.90295,1.46501],[115.90208,1.46407],[115.90006,1.46352],[115.89967,1.46342],[115.8959,1.45924],[115.89033,1.45471],[115.88628,1.4523],[115.88519,1.45166],[115.88457,1.45143],[115.88412,1.45127],[115.88304,1.45087],[115.88157,1.44995],[115.87956,1.44996],[115.87803,1.44967],[115.87499,1.44948],[115.87312,1.44625],[115.86856,1.44218],[115.86536,1.43918],[115.86078,1.43688],[115.85431,1.43404],[115.85357,1.43231],[115.85257,1.42997],[115.85182,1.42692],[115.8507,1.42233],[115.8506,1.41989],[115.85141,1.41731],[115.85121,1.41572],[115.8514,1.41446],[115.85208,1.41204],[115.85297,1.40943],[115.8557,1.4054],[115.85658,1.40409],[115.85688,1.40141],[115.84966,1.39237],[115.84734,1.39055],[115.84595,1.39034],[115.84391,1.38861],[115.84308,1.38611],[115.8421,1.38316],[115.83898,1.38123],[115.83526,1.37928],[115.83434,1.37751],[115.83197,1.37293],[115.83045,1.37028],[115.83075,1.36823],[115.83046,1.36589],[115.82973,1.36346],[115.83061,1.36215],[115.83119,1.36072],[115.83153,1.35673],[115.83118,1.35621],[115.82993,1.35438],[115.82926,1.35244],[115.82746,1.3511],[115.82667,1.35001],[115.82545,1.34864],[115.82538,1.34857],[115.8243,1.34781],[115.82346,1.34656],[115.82178,1.34527],[115.82023,1.34437],[115.81826,1.3426],[115.81602,1.33952],[115.81383,1.33839],[115.81219,1.33754],[115.8116,1.33677],[115.81015,1.33487],[115.8087,1.33318],[115.80805,1.33138],[115.80839,1.32997],[115.80772,1.32821],[115.80717,1.32675],[115.80702,1.32462],[115.80467,1.32353],[115.80177,1.32179],[115.79418,1.31544],[115.791,1.31277],[115.79093,1.31273],[115.7845,1.30899],[115.78036,1.30844],[115.7754,1.30851],[115.7745,1.3081],[115.77339,1.30768],[115.77327,1.30519],[115.77265,1.29731],[115.77212,1.29251],[115.77161,1.28918],[115.7714,1.2874],[115.77419,1.28115],[115.77664,1.27544],[115.77281,1.26419],[115.77268,1.26379],[115.76448,1.25906],[115.76262,1.25858],[115.76192,1.2584],[115.75704,1.25851],[115.75585,1.25853],[115.75051,1.25926],[115.74563,1.26012],[115.742,1.26258],[115.73603,1.2646],[115.7339,1.26443],[115.72938,1.26193],[115.72702,1.26005],[115.72498,1.26063],[115.72208,1.26181],[115.71907,1.26557],[115.71841,1.2663],[115.71707,1.2681],[115.71631,1.27202],[115.71536,1.27298],[115.71446,1.27379],[115.71346,1.27446],[115.71265,1.27479],[115.71224,1.27504],[115.71108,1.2753],[115.71033,1.27442],[115.7098,1.27287],[115.70998,1.27122],[115.71016,1.26975],[115.71012,1.26864],[115.71002,1.26745],[115.71002,1.26655],[115.7098,1.26601],[115.70881,1.26573],[115.70795,1.26508],[115.70746,1.26461],[115.70694,1.26416],[115.70651,1.26381],[115.70629,1.2637],[115.70561,1.26321],[115.7043,1.26381],[115.70337,1.26424],[115.70075,1.26422],[115.69697,1.26626],[115.69222,1.27081],[115.69143,1.27317],[115.69026,1.27497],[115.68802,1.27746],[115.68715,1.2786],[115.68612,1.28072],[115.68583,1.28196],[115.68312,1.28268],[115.68074,1.28378],[115.6796,1.28464],[115.67684,1.28488],[115.67356,1.28535],[115.67226,1.28632],[115.67028,1.28779],[115.66762,1.28832],[115.66376,1.28769],[115.66229,1.28855],[115.66096,1.28961],[115.65853,1.29013],[115.65639,1.2896],[115.65302,1.2875],[115.65112,1.28587],[115.6495,1.28443],[115.64841,1.28338],[115.6467,1.28204],[115.64381,1.28226],[115.63656,1.28281],[115.62314,1.28382],[115.61545,1.28113],[115.61175,1.28041],[115.60955,1.28062],[115.60574,1.28098],[115.60518,1.28089],[115.60255,1.28046],[115.59701,1.28098],[115.5948,1.28222],[115.59094,1.28208],[115.58693,1.28147],[115.58351,1.28065],[115.58321,1.28057],[115.58317,1.28034],[115.58315,1.28026],[115.58306,1.28033],[115.58274,1.28056],[115.58255,1.28104],[115.58229,1.28171],[115.58203,1.28236],[115.58203,1.2824],[115.58202,1.28393],[115.58202,1.28411],[115.58202,1.28418],[115.58167,1.28633],[115.58165,1.28634],[115.58037,1.28737],[115.57799,1.28761],[115.57675,1.28828],[115.5748,1.28932],[115.57471,1.28938],[115.57465,1.28941],[115.57287,1.29058],[115.57167,1.29203],[115.57106,1.29277],[115.56965,1.29429],[115.56924,1.29473],[115.56823,1.29599],[115.56791,1.29638],[115.56705,1.29767],[115.56588,1.29987],[115.56584,1.29995],[115.56461,1.30201],[115.56416,1.30244],[115.56272,1.30381],[115.56102,1.30598],[115.5596,1.309],[115.55932,1.30959],[115.55836,1.31064],[115.55783,1.31119],[115.55707,1.31246],[115.55707,1.31247],[115.55703,1.31253],[115.55702,1.31486],[115.55699,1.31635],[115.55788,1.31783],[115.5592,1.31947],[115.55922,1.3195],[115.56088,1.32133],[115.56092,1.32195],[115.56109,1.32423],[115.56114,1.32504],[115.5609,1.32533],[115.5604,1.32594],[115.55986,1.32726],[115.55889,1.32949],[115.5586,1.33182],[115.55856,1.33208],[115.55767,1.33482],[115.55668,1.33605],[115.55549,1.33747],[115.55446,1.33869],[115.55237,1.34037],[115.54497,1.34516],[115.54497,1.34517],[115.54497,1.34518],[115.54459,1.34789],[115.54457,1.34995],[115.54512,1.35226],[115.54593,1.35425],[115.54643,1.35618],[115.54658,1.35728],[115.54662,1.35769],[115.54665,1.35776],[115.54709,1.35901],[115.54717,1.35939],[115.54766,1.362],[115.54772,1.36235],[115.54741,1.36473],[115.54741,1.36475],[115.54739,1.36487],[115.5475,1.36544],[115.54779,1.36763],[115.54784,1.36907],[115.54786,1.37207],[115.54785,1.37355],[115.5478,1.37369],[115.54716,1.37541],[115.54521,1.37833],[115.54427,1.37975],[115.544,1.38155],[115.54416,1.38314],[115.54429,1.38534],[115.54429,1.38539],[115.54165,1.38617],[115.54132,1.3861],[115.54039,1.38581],[115.53877,1.38583],[115.53627,1.38586],[115.53618,1.38586],[115.53501,1.387],[115.53491,1.38709],[115.53491,1.38709],[115.53487,1.38713],[115.53487,1.3892],[115.53491,1.3893],[115.53539,1.39038],[115.53559,1.39087],[115.5374,1.39235],[115.53902,1.39445],[115.53975,1.39508],[115.54123,1.39637],[115.54325,1.39935],[115.54338,1.40007],[115.54414,1.40456],[115.54451,1.40677],[115.5453,1.40867],[115.54641,1.40958],[115.5482,1.4108],[115.54967,1.41149],[115.5514,1.41335],[115.55281,1.41401],[115.55327,1.41424],[115.55704,1.41845],[115.55944,1.41883],[115.56047,1.41986],[115.56118,1.4216],[115.56143,1.42643],[115.56177,1.42812],[115.56177,1.42969],[115.56156,1.43292],[115.56148,1.43394],[115.5622,1.43541],[115.56449,1.43695],[115.56461,1.43703],[115.5665,1.43835],[115.56666,1.43948],[115.56669,1.43973],[115.56671,1.43984],[115.56688,1.44062],[115.56727,1.44243],[115.56932,1.44434],[115.56936,1.44437],[115.57044,1.44642],[115.57044,1.44747],[115.57043,1.44779],[115.57044,1.44781],[115.5705,1.44803],[115.57097,1.44955],[115.57211,1.45233],[115.5733,1.45391],[115.57508,1.45543],[115.57691,1.45657],[115.57868,1.45799],[115.57891,1.45818],[115.57925,1.45832],[115.58068,1.4589],[115.58126,1.45913],[115.58132,1.45914],[115.58323,1.45938],[115.58357,1.45936],[115.58388,1.45935],[115.58509,1.4593],[115.58776,1.45927],[115.58778,1.45927],[115.59066,1.46006],[115.59171,1.46151],[115.59175,1.46157],[115.59354,1.46278],[115.59354,1.46278],[115.59537,1.4645],[115.59706,1.4663],[115.59758,1.46686],[115.59848,1.46824],[115.59874,1.46864],[115.60072,1.47013],[115.60122,1.47052],[115.60156,1.47238],[115.60162,1.4727],[115.60166,1.47286],[115.60195,1.47398],[115.60339,1.47516],[115.60438,1.47598],[115.60524,1.47586],[115.6063,1.47574],[115.60775,1.47575],[115.60905,1.47576],[115.60908,1.47578],[115.61021,1.47636],[115.61188,1.47775],[115.61267,1.47969],[115.61402,1.48137],[115.61458,1.48359],[115.61465,1.48369],[115.61496,1.48408],[115.61529,1.4845],[115.61543,1.48467],[115.61614,1.48557],[115.61664,1.48738],[115.61675,1.49014],[115.61626,1.49207],[115.61582,1.49299],[115.61542,1.49381],[115.61475,1.49589],[115.61465,1.49623],[115.6145,1.49703],[115.61386,1.50047],[115.61383,1.50146],[115.61369,1.5032],[115.61377,1.50346],[115.61377,1.5035],[115.61391,1.50386],[115.61424,1.50487],[115.61381,1.50597],[115.61362,1.50647],[115.61336,1.50682],[115.61217,1.50845],[115.61205,1.50862],[115.61104,1.50947],[115.6108,1.50967],[115.61047,1.50988],[115.60882,1.51098],[115.60726,1.51244],[115.60718,1.51312],[115.60706,1.51382],[115.60618,1.51307],[115.60608,1.51298],[115.60419,1.51289],[115.60396,1.51287],[115.60377,1.51286],[115.60095,1.5116],[115.60059,1.51144],[115.59736,1.51275],[115.5936,1.51464],[115.59198,1.51454],[115.59064,1.51442],[115.58852,1.51435],[115.58761,1.5143],[115.58645,1.51576],[115.58553,1.51818],[115.5854,1.51841],[115.58407,1.52075],[115.5838,1.52136],[115.5831,1.52285],[115.5818,1.52576],[115.58161,1.53018],[115.58158,1.53096],[115.58139,1.53206],[115.58089,1.53494],[115.58088,1.53497],[115.58084,1.5352],[115.58075,1.53576],[115.58075,1.53587],[115.5808,1.53707],[115.58081,1.53713],[115.58081,1.53722],[115.58081,1.53728],[115.58082,1.53751],[115.58083,1.53769],[115.58083,1.53782],[115.58084,1.53795],[115.58102,1.53846],[115.58102,1.53846],[115.58106,1.53847],[115.58183,1.53883],[115.58206,1.53893],[115.58239,1.53909],[115.58262,1.53906],[115.58273,1.53905],[115.58285,1.53904],[115.583,1.53903],[115.58662,1.53868],[115.5918,1.54222],[115.5978,1.54331],[115.60816,1.54999],[115.61252,1.55449],[115.6162,1.56199],[115.61811,1.56458],[115.63475,1.56799],[115.6385,1.57133],[115.64422,1.57228],[115.64845,1.57501],[115.65567,1.57651],[115.66004,1.57678],[115.66154,1.58074],[115.6689,1.59028],[115.67122,1.58837],[115.67517,1.59014],[115.68035,1.59437],[115.68233,1.59771],[115.68601,1.59839],[115.68833,1.6003],[115.69051,1.60221],[115.69405,1.60412],[115.6976,1.60903],[115.69991,1.61053],[115.7006,1.61434],[115.71055,1.6168],[115.71368,1.62143],[115.71825,1.62423],[115.72357,1.62409],[115.72534,1.62736],[115.7297,1.62791],[115.73352,1.63405],[115.7387,1.63827],[115.74238,1.64291],[115.74743,1.64768],[115.74784,1.64891],[115.74988,1.65204],[115.75097,1.65613],[115.7507,1.65913],[115.75329,1.66131],[115.75711,1.66145],[115.75684,1.66581],[115.76079,1.66758],[115.7657,1.66663],[115.76735,1.67076],[115.76754,1.67124],[115.76775,1.67176],[115.76778,1.67183],[115.76788,1.67208],[115.77142,1.67222],[115.77339,1.67449],[115.77356,1.67468],[115.77369,1.67483],[115.77415,1.67536],[115.77551,1.67604],[115.77631,1.677],[115.77673,1.67749],[115.77824,1.67931],[115.77949,1.67964],[115.77909,1.6835],[115.77908,1.68359],[115.78222,1.68609],[115.78519,1.68945],[115.78717,1.69187],[115.78766,1.69247],[115.7905,1.69594],[115.79233,1.70076],[115.79655,1.70364],[115.80032,1.7051],[115.8017,1.70969],[115.80478,1.7143],[115.8082,1.72319],[115.80953,1.73677],[115.80944,1.74106],[115.80558,1.73946],[115.80179,1.7409],[115.79807,1.74702],[115.79797,1.75218],[115.79754,1.75941],[115.79374,1.77053],[115.79467,1.78192],[115.79468,1.78957],[115.79161,1.79831],[115.79243,1.80594],[115.79435,1.81126],[115.79112,1.82098],[115.79382,1.8237],[115.79441,1.82662],[115.78598,1.83641],[115.78149,1.83833],[115.77432,1.83778],[115.76964,1.84339],[115.76463,1.84697],[115.75832,1.84715],[115.75187,1.85682],[115.74591,1.87513],[115.74193,1.89195],[115.7325,1.90457],[115.73005,1.90685],[115.72212,1.9144],[115.71502,1.92369],[115.71158,1.93307],[115.70527,1.93612],[115.69615,1.93845],[115.6882,1.94387],[115.68241,1.94859],[115.67852,1.96103],[115.67441,1.96799],[115.67055,1.96799],[115.66275,1.96575],[115.65581,1.96647],[115.65031,1.9687],[115.64295,1.98045],[115.64406,1.98129],[115.64281,1.98296],[115.63879,1.98463],[115.63381,1.98532],[115.63034,1.9888],[115.62494,1.98922],[115.62342,1.98921],[115.61511,1.98949],[115.61261,1.9906],[115.61261,1.99311],[115.61192,1.99492],[115.61067,1.9977],[115.61039,1.99924],[115.60873,2.00035],[115.60775,2.00286],[115.60609,2.00467],[115.60374,2.0062],[115.60193,2.00842],[115.60207,2.00675],[115.59903,2.00773],[115.59819,2.00842],[115.59612,2.01009],[115.59681,2.01093],[115.59528,2.01274],[115.59307,2.01288],[115.59113,2.01399],[115.58849,2.01566],[115.58835,2.01761],[115.58586,2.019],[115.58669,2.0197],[115.58599,2.02207],[115.58433,2.02276],[115.58378,2.02443],[115.58461,2.02555],[115.58502,2.0282],[115.58543,2.03056],[115.58372,2.03129],[115.58365,2.03378],[115.58461,2.0351],[115.589,2.04267],[115.58942,2.04552],[115.58843,2.04759],[115.58708,2.05066],[115.58739,2.0539],[115.58668,2.05619],[115.58703,2.05754],[115.58795,2.05897],[115.58781,2.06025],[115.58696,2.06197],[115.58689,2.06396],[115.58767,2.06489],[115.58731,2.06639],[115.58681,2.06646],[115.5861,2.06603],[115.58504,2.0661],[115.58483,2.06781],[115.58369,2.06924],[115.58341,2.07038],[115.58429,2.07398],[115.58195,2.07591],[115.5789,2.07797],[115.57627,2.07933],[115.57577,2.0814],[115.57584,2.08396],[115.57598,2.08539],[115.57527,2.08625],[115.57499,2.08667],[115.57612,2.08775],[115.57665,2.08898],[115.57676,2.08924],[115.57659,2.09],[115.5762,2.09173],[115.57619,2.09178],[115.57604,2.09244],[115.57599,2.09264],[115.57775,2.09279],[115.5788,2.09288],[115.57913,2.09292],[115.58256,2.09455],[115.58289,2.09471],[115.58593,2.09763],[115.58877,2.10085],[115.59061,2.10435],[115.5911,2.1087],[115.59191,2.11294],[115.59397,2.11687],[115.59659,2.12051],[115.59878,2.12336],[115.60275,2.12801],[115.60732,2.1329],[115.61093,2.13475],[115.61944,2.13712],[115.63103,2.14137],[115.635,2.14152],[115.63919,2.14231],[115.64727,2.1451],[115.65109,2.14724],[115.65418,2.14992],[115.65524,2.15391],[115.65609,2.15777],[115.65814,2.16141],[115.66133,2.16362],[115.6648,2.16655],[115.66735,2.16926],[115.67054,2.17362],[115.67295,2.17647],[115.67614,2.17878],[115.68074,2.18599],[115.684,2.19327],[115.68769,2.19584],[115.68931,2.19991],[115.6912,2.20308],[115.69419,2.20609],[115.69784,2.209],[115.70105,2.21089],[115.7046,2.21045],[115.70914,2.20934],[115.71358,2.20957],[115.7179,2.21057],[115.72111,2.21203],[115.72465,2.21426],[115.72875,2.21727],[115.73124,2.22001],[115.73301,2.22402],[115.73511,2.22737],[115.73799,2.23149],[115.74032,2.23428],[115.74419,2.23707],[115.74674,2.23841],[115.75039,2.24098],[115.7546,2.24288],[115.75804,2.24545],[115.76214,2.24679],[115.76633,2.24672],[115.77073,2.244],[115.77479,2.24366],[115.77749,2.24571],[115.78087,2.25217],[115.78425,2.25456],[115.78797,2.25456],[115.79778,2.25151],[115.80353,2.25151],[115.80897,2.25547],[115.81353,2.28082],[115.82373,2.30093],[115.82745,2.30826],[115.84481,2.32013],[115.84633,2.32117],[115.84735,2.32187],[115.86397,2.33094],[115.86889,2.33207],[115.88096,2.33487],[115.88583,2.33481],[115.88845,2.33178],[115.88943,2.33064],[115.89448,2.32769],[115.89733,2.3255],[115.90323,2.32369],[115.90694,2.32493],[115.91323,2.3256],[115.91722,2.32493],[115.91989,2.3295],[115.92189,2.3334],[115.92326,2.33684],[115.92379,2.33816],[115.92617,2.33883],[115.92919,2.33884],[115.92921,2.33884],[115.93293,2.33607],[115.93435,2.33283],[115.93654,2.33169],[115.93949,2.32893],[115.94511,2.32531],[115.94987,2.32303],[115.95444,2.31998],[115.95882,2.31884],[115.95948,2.31494],[115.95853,2.3118],[115.96005,2.30875],[115.95796,2.30466],[115.95577,2.30123],[115.95539,2.29857],[115.95558,2.29562],[115.95767,2.29276],[115.95748,2.2881],[115.95872,2.28553],[115.96015,2.28391],[115.9611,2.28096],[115.95967,2.27782],[115.95882,2.27401],[115.96015,2.27287],[115.96253,2.26878],[115.96567,2.26621],[115.97338,2.26859],[115.9768,2.26649],[115.98118,2.26487],[115.98432,2.2624],[115.98746,2.26211],[115.98833,2.26128]],[[115.70688,1.38978],[115.70652,1.38992],[115.70572,1.3901],[115.70586,1.38896],[115.70581,1.38846],[115.70584,1.38746],[115.70598,1.38699],[115.70641,1.3868],[115.70671,1.38709],[115.70707,1.38757],[115.70741,1.38823],[115.70765,1.38879],[115.70809,1.38798],[115.70714,1.38614],[115.70532,1.3826],[115.7064,1.38208],[115.70724,1.38167],[115.71033,1.38786],[115.71062,1.38855],[115.71063,1.38855],[115.71084,1.38929],[115.71069,1.38943],[115.71054,1.39052],[115.71055,1.39053],[115.71056,1.39114],[115.71055,1.39114],[115.71062,1.3919],[115.71049,1.39241],[115.70986,1.39263],[115.70997,1.39307],[115.71022,1.39404],[115.71035,1.3948],[115.71025,1.39551],[115.70983,1.39615],[115.70861,1.39571],[115.70858,1.39504],[115.70857,1.39441],[115.70769,1.39273],[115.70688,1.38978]]]]},"properties":{"kdprov":"65","kdkab":"01","kdkec":"040","kddesa":"004","kdsls":"2001","idsls":"65010400042001","nmprov":"KALIMANTAN UTARA","nmkab":"MALINAU","nmkec":"KAYAN HILIR","nmdesa":"LONG SULE","nmsls":"HUTAN"}},{"type":"Feature","geometry":{"type":"MultiPolygon","coordinates":[[[[115.27971,2.01342],[115.27979,2.01346],[115.28539,2.01376],[115.2872,2.01318],[115.28964,2.014],[115.29099,2.01535],[115.29034,2.01799],[115.29191,2.01923],[115.29413,2.01988],[115.29477,2.02316],[115.29698,2.02475],[115.29876,2.02801],[115.29712,2.03259],[115.29613,2.03622],[115.29636,2.03828],[115.29729,2.04086],[115.29886,2.0435],[115.30052,2.04453],[115.3035,2.04489],[115.30565,2.04501],[115.30676,2.04935],[115.30763,2.05076],[115.30973,2.05188],[115.31346,2.05711],[115.31591,2.05775],[115.31588,2.05467],[115.31886,2.05192],[115.32172,2.0511],[115.32312,2.05251],[115.32452,2.05351],[115.32895,2.05527],[115.33081,2.05633],[115.33303,2.05716],[115.33612,2.05786],[115.33822,2.05886],[115.34055,2.06022],[115.34419,2.0633],[115.34635,2.06436],[115.34985,2.06501],[115.35458,2.06513],[115.35516,2.06854],[115.35644,2.07018],[115.35906,2.07189],[115.3611,2.07635],[115.36294,2.07779],[115.36579,2.07838],[115.36778,2.07897],[115.37139,2.08038],[115.37232,2.08191],[115.37448,2.08555],[115.37879,2.09177],[115.37972,2.09365],[115.38345,2.09489],[115.38564,2.09416],[115.38868,2.0917],[115.39066,2.09117],[115.39253,2.09152],[115.3962,2.09141],[115.40151,2.09095],[115.40408,2.09107],[115.40793,2.09148],[115.41015,2.09225],[115.41172,2.09354],[115.41411,2.09577],[115.41665,2.09686],[115.41927,2.09692],[115.42277,2.09751],[115.42837,2.09998],[115.43123,2.10046],[115.43426,2.09723],[115.43712,2.09588],[115.44016,2.09512],[115.44235,2.09492],[115.4452,2.09604],[115.44882,2.0971],[115.45051,2.09757],[115.45384,2.09898],[115.45512,2.09986],[115.45728,2.10069],[115.46352,2.09846],[115.46609,2.09688],[115.46837,2.0943],[115.46948,2.09113],[115.47149,2.08758],[115.47751,2.08448],[115.47856,2.0833],[115.48387,2.07492],[115.48583,2.06967],[115.49191,2.06527],[115.49371,2.06463],[115.49576,2.06433],[115.4978,2.06475],[115.50031,2.06492],[115.50235,2.06557],[115.50532,2.06839],[115.50888,2.07057],[115.51261,2.07251],[115.51655,2.07401],[115.51981,2.0763],[115.52133,2.07795],[115.52564,2.08265],[115.52984,2.08347],[115.53293,2.08447],[115.53766,2.08547],[115.54498,2.08686],[115.55793,2.08869],[115.56335,2.08981],[115.5707,2.09181],[115.57453,2.09242],[115.57541,2.09256],[115.57595,2.09264],[115.57599,2.09264],[115.57604,2.09244],[115.57619,2.09178],[115.5762,2.09173],[115.57659,2.09],[115.57676,2.08924],[115.57665,2.08898],[115.57612,2.08775],[115.57499,2.08667],[115.57527,2.08625],[115.57598,2.08539],[115.57584,2.08396],[115.57577,2.0814],[115.57627,2.07933],[115.5789,2.07797],[115.58195,2.07591],[115.58429,2.07398],[115.58341,2.07038],[115.58369,2.06924],[115.58483,2.06781],[115.58504,2.0661],[115.5861,2.06603],[115.58681,2.06646],[115.58731,2.06639],[115.58767,2.06489],[115.58689,2.06396],[115.58696,2.06197],[115.58781,2.06025],[115.58795,2.05897],[115.58703,2.05754],[115.58668,2.05619],[115.58739,2.0539],[115.58708,2.05066],[115.58843,2.04759],[115.58942,2.04552],[115.589,2.04267],[115.58461,2.0351],[115.58365,2.03378],[115.58372,2.03129],[115.58543,2.03056],[115.58502,2.0282],[115.58461,2.02555],[115.58378,2.02443],[115.58433,2.02276],[115.58599,2.02207],[115.58669,2.0197],[115.58586,2.019],[115.58835,2.01761],[115.58849,2.01566],[115.59113,2.01399],[115.59307,2.01288],[115.59528,2.01274],[115.59681,2.01093],[115.59612,2.01009],[115.59819,2.00842],[115.59903,2.00773],[115.60207,2.00675],[115.60193,2.00842],[115.60374,2.0062],[115.60609,2.00467],[115.60775,2.00286],[115.60873,2.00035],[115.61039,1.99924],[115.61067,1.9977],[115.61192,1.99492],[115.61261,1.99311],[115.61261,1.9906],[115.61511,1.98949],[115.62342,1.98921],[115.62494,1.98922],[115.63034,1.9888],[115.63381,1.98532],[115.63879,1.98463],[115.64281,1.98296],[115.64406,1.98129],[115.64295,1.98045],[115.65031,1.9687],[115.65581,1.96647],[115.66275,1.96575],[115.67055,1.96799],[115.67441,1.96799],[115.67852,1.96103],[115.68241,1.94859],[115.6882,1.94387],[115.69615,1.93845],[115.70527,1.93612],[115.71158,1.93307],[115.71502,1.92369],[115.72212,1.9144],[115.73005,1.90685],[115.7325,1.90457],[115.74193,1.89195],[115.74591,1.87513],[115.75187,1.85682],[115.75832,1.84715],[115.76463,1.84697],[115.76964,1.84339],[115.77432,1.83778],[115.78149,1.83833],[115.78598,1.83641],[115.79441,1.82662],[115.79382,1.8237],[115.79112,1.82098],[115.79435,1.81126],[115.79243,1.80594],[115.79161,1.79831],[115.79468,1.78957],[115.79467,1.78192],[115.79374,1.77053],[115.79754,1.75941],[115.79797,1.75218],[115.79807,1.74702],[115.80179,1.7409],[115.80558,1.73946],[115.80944,1.74106],[115.80953,1.73677],[115.8082,1.72319],[115.80478,1.7143],[115.8017,1.70969],[115.80032,1.7051],[115.79655,1.70364],[115.79233,1.70076],[115.7905,1.69594],[115.78766,1.69247],[115.78717,1.69187],[115.78519,1.68945],[115.78222,1.68609],[115.77908,1.68359],[115.77909,1.6835],[115.77949,1.67964],[115.77824,1.67931],[115.77673,1.67749],[115.77631,1.677],[115.77551,1.67604],[115.77415,1.67536],[115.77369,1.67483],[115.77356,1.67468],[115.77339,1.67449],[115.77142,1.67222],[115.76788,1.67208],[115.76778,1.67183],[115.76775,1.67176],[115.76754,1.67124],[115.76735,1.67076],[115.7657,1.66663],[115.76079,1.66758],[115.75684,1.66581],[115.75711,1.66145],[115.75329,1.66131],[115.7507,1.65913],[115.75097,1.65613],[115.74988,1.65204],[115.74784,1.64891],[115.74743,1.64768],[115.74238,1.64291],[115.7387,1.63827],[115.73352,1.63405],[115.7297,1.62791],[115.72534,1.62736],[115.72357,1.62409],[115.71825,1.62423],[115.71368,1.62143],[115.71055,1.6168],[115.7006,1.61434],[115.69991,1.61053],[115.6976,1.60903],[115.69405,1.60412],[115.69051,1.60221],[115.68833,1.6003],[115.68601,1.59839],[115.68233,1.59771],[115.68035,1.59437],[115.67517,1.59014],[115.67122,1.58837],[115.6689,1.59028],[115.66154,1.58074],[115.66004,1.57678],[115.65567,1.57651],[115.64845,1.57501],[115.64422,1.57228],[115.6385,1.57133],[115.63475,1.56799],[115.61811,1.56458],[115.6162,1.56199],[115.61252,1.55449],[115.60816,1.54999],[115.5978,1.54331],[115.5918,1.54222],[115.58662,1.53868],[115.583,1.53903],[115.58285,1.53904],[115.58273,1.53905],[115.58262,1.53906],[115.58239,1.53909],[115.58206,1.53893],[115.58183,1.53883],[115.58106,1.53847],[115.58102,1.53846],[115.58102,1.53846],[115.58131,1.53927],[115.58084,1.53917],[115.58076,1.53915],[115.58068,1.53913],[115.58051,1.53909],[115.58043,1.53907],[115.57955,1.53887],[115.57954,1.53887],[115.57951,1.53887],[115.57735,1.53952],[115.57388,1.54054],[115.57247,1.54138],[115.57117,1.54314],[115.57111,1.54369],[115.57094,1.54497],[115.57103,1.54699],[115.57082,1.5474],[115.56977,1.54941],[115.56823,1.55117],[115.56811,1.55127],[115.56673,1.55239],[115.56608,1.55315],[115.56518,1.55419],[115.56297,1.55562],[115.56191,1.55706],[115.56058,1.55983],[115.55941,1.56302],[115.55824,1.56469],[115.55618,1.56644],[115.55532,1.56717],[115.55389,1.56799],[115.55383,1.56802],[115.55266,1.56926],[115.55119,1.57078],[115.5505,1.57149],[115.54956,1.57352],[115.54955,1.57433],[115.5495,1.57587],[115.54939,1.57601],[115.54767,1.57828],[115.54762,1.57834],[115.54745,1.57895],[115.54704,1.58023],[115.54704,1.58042],[115.54704,1.58044],[115.54704,1.5818],[115.54705,1.58406],[115.54692,1.58461],[115.5468,1.58507],[115.54646,1.58582],[115.54609,1.58662],[115.54547,1.58809],[115.54538,1.5883],[115.54538,1.58831],[115.54537,1.58884],[115.54534,1.59006],[115.54512,1.59133],[115.54499,1.5919],[115.5448,1.59241],[115.54344,1.59331],[115.53819,1.59331],[115.53607,1.59347],[115.53491,1.59408],[115.53106,1.59611],[115.52985,1.59787],[115.52981,1.60026],[115.53047,1.60165],[115.53012,1.60205],[115.52829,1.60406],[115.52653,1.60585],[115.52654,1.60586],[115.52649,1.6059],[115.52698,1.60704],[115.52703,1.60716],[115.52677,1.60793],[115.52636,1.60909],[115.52636,1.61078],[115.52567,1.61222],[115.52536,1.61282],[115.52419,1.61454],[115.52365,1.61518],[115.52279,1.6162],[115.52167,1.61787],[115.52003,1.61921],[115.51992,1.6193],[115.51846,1.62077],[115.51846,1.62077],[115.51843,1.6208],[115.51869,1.62207],[115.51908,1.62429],[115.51964,1.62534],[115.52108,1.62815],[115.5211,1.62849],[115.5211,1.6298],[115.52271,1.63235],[115.52362,1.63433],[115.52361,1.63844],[115.52333,1.63875],[115.52278,1.63931],[115.52249,1.63964],[115.52188,1.63991],[115.52136,1.64015],[115.51984,1.64019],[115.51982,1.64019],[115.51918,1.64075],[115.51812,1.64136],[115.51723,1.64186],[115.51722,1.64188],[115.51719,1.6419],[115.51685,1.64244],[115.51657,1.64287],[115.51651,1.64313],[115.51632,1.64383],[115.51521,1.64385],[115.51374,1.64333],[115.51168,1.64369],[115.51156,1.6437],[115.51155,1.64371],[115.51042,1.64424],[115.50952,1.64467],[115.50885,1.64572],[115.50885,1.64573],[115.50885,1.64688],[115.50885,1.64731],[115.50918,1.64886],[115.51046,1.65117],[115.51076,1.65172],[115.51226,1.65331],[115.51275,1.65459],[115.51276,1.65461],[115.51243,1.65537],[115.51182,1.65614],[115.51161,1.65638],[115.5088,1.6575],[115.50819,1.65792],[115.50726,1.65855],[115.50532,1.65937],[115.50467,1.65964],[115.50599,1.66176],[115.5062,1.66213],[115.50663,1.66305],[115.50734,1.66479],[115.50736,1.66632],[115.50741,1.66733],[115.50744,1.67036],[115.50626,1.67182],[115.50414,1.67438],[115.50319,1.67505],[115.50235,1.67564],[115.50101,1.67615],[115.50049,1.67635],[115.4987,1.67704],[115.49691,1.67708],[115.49411,1.67667],[115.49202,1.67637],[115.48941,1.67598],[115.4893,1.67596],[115.48911,1.67592],[115.48778,1.67561],[115.48473,1.67556],[115.48457,1.67556],[115.4809,1.67686],[115.47707,1.67928],[115.47696,1.67935],[115.47371,1.68035],[115.47265,1.68079],[115.47152,1.68125],[115.47083,1.68153],[115.46662,1.6853],[115.46648,1.68546],[115.46569,1.68637],[115.46484,1.68734],[115.46447,1.68739],[115.46048,1.68779],[115.45996,1.68781],[115.45896,1.68783],[115.45812,1.68781],[115.45568,1.68909],[115.45485,1.68974],[115.45433,1.69015],[115.4543,1.69017],[115.45292,1.69173],[115.4526,1.69259],[115.45186,1.69441],[115.45066,1.69759],[115.45029,1.69913],[115.45004,1.70007],[115.45006,1.70272],[115.44961,1.70579],[115.44948,1.70619],[115.44901,1.7076],[115.44859,1.70899],[115.44826,1.71007],[115.44754,1.71042],[115.44608,1.7111],[115.44579,1.71135],[115.44513,1.71187],[115.44514,1.71195],[115.44517,1.71306],[115.44519,1.71364],[115.44388,1.71497],[115.44199,1.71639],[115.44186,1.71715],[115.44152,1.71869],[115.44052,1.72057],[115.43999,1.72118],[115.43716,1.72441],[115.43596,1.72503],[115.43499,1.72554],[115.43298,1.72517],[115.43193,1.7246],[115.4314,1.7243],[115.43129,1.72423],[115.43029,1.72352],[115.42888,1.7234],[115.42879,1.72339],[115.42647,1.72423],[115.42482,1.72409],[115.42455,1.72396],[115.42278,1.72301],[115.42269,1.72302],[115.42235,1.72304],[115.42091,1.72314],[115.41874,1.72385],[115.41332,1.72676],[115.41266,1.72705],[115.40759,1.7291],[115.40579,1.73006],[115.39954,1.73283],[115.39612,1.73343],[115.39505,1.73352],[115.3943,1.73357],[115.39138,1.73346],[115.38931,1.73334],[115.38733,1.73406],[115.38704,1.73417],[115.38701,1.73418],[115.38618,1.73458],[115.38506,1.73512],[115.38501,1.73515],[115.38493,1.73518],[115.38297,1.73627],[115.38191,1.73705],[115.37962,1.73705],[115.37704,1.73774],[115.37644,1.73889],[115.37617,1.73937],[115.3762,1.74281],[115.37621,1.74361],[115.37598,1.74547],[115.37598,1.74641],[115.37598,1.74655],[115.37598,1.74682],[115.37598,1.7469],[115.37598,1.74736],[115.37596,1.74741],[115.37734,1.74781],[115.37763,1.74795],[115.37798,1.74812],[115.37826,1.74825],[115.37889,1.74855],[115.37925,1.7513],[115.3808,1.75433],[115.38344,1.75671],[115.38339,1.76098],[115.38375,1.76355],[115.38211,1.76712],[115.3822,1.77006],[115.38529,1.77143],[115.38921,1.77336],[115.38912,1.77703],[115.38765,1.78244],[115.3835,1.7856],[115.3805,1.78789],[115.37858,1.79064],[115.37484,1.79137],[115.3722,1.78953],[115.36983,1.79054],[115.3681,1.7932],[115.36563,1.79622],[115.368,1.79916],[115.36813,1.80581],[115.36749,1.8081],[115.36804,1.80984],[115.36712,1.8114],[115.36812,1.81342],[115.37049,1.81581],[115.37349,1.81994],[115.37768,1.82379],[115.37677,1.82893],[115.37845,1.83312],[115.37568,1.83525],[115.37577,1.83732],[115.37465,1.83868],[115.37478,1.84117],[115.37432,1.84276],[115.3731,1.84304],[115.3724,1.84394],[115.37217,1.84506],[115.37221,1.84746],[115.37156,1.85065],[115.37036,1.85485],[115.36938,1.85645],[115.36854,1.85954],[115.36613,1.86468],[115.36323,1.86754],[115.35845,1.87381],[115.35634,1.87578],[115.35485,1.87784],[115.34994,1.88267],[115.34698,1.88777],[115.34688,1.89082],[115.34576,1.89528],[115.34398,1.89884],[115.34213,1.90135],[115.34073,1.90426],[115.33858,1.90684],[115.33751,1.90802],[115.33671,1.91083],[115.33246,1.91773],[115.32984,1.91928],[115.32658,1.91777],[115.32374,1.91289],[115.31802,1.90901],[115.31564,1.90858],[115.31331,1.90961],[115.31163,1.9121],[115.31083,1.91285],[115.30948,1.9143],[115.30738,1.91472],[115.30509,1.91327],[115.30192,1.91275],[115.29893,1.91392],[115.29552,1.91668],[115.29251,1.92023],[115.29055,1.92107],[115.28906,1.92004],[115.28714,1.9205],[115.28425,1.92088],[115.28304,1.92256],[115.28308,1.92717],[115.28251,1.93214],[115.28174,1.93386],[115.28178,1.93785],[115.28201,1.94066],[115.2815,1.94306],[115.28108,1.94677],[115.28032,1.94902],[115.27874,1.9502],[115.27758,1.95131],[115.27775,1.95372],[115.276,1.95536],[115.27273,1.95635],[115.27168,1.95758],[115.27045,1.95929],[115.27039,1.96028],[115.26917,1.96187],[115.26791,1.965],[115.26785,1.96794],[115.26901,1.97035],[115.26994,1.97281],[115.27076,1.97633],[115.2737,1.98094],[115.27643,1.98371],[115.27783,1.98623],[115.27701,1.98834],[115.27695,1.99128],[115.27812,1.99404],[115.27814,1.99741],[115.27767,1.99747],[115.27586,2.00005],[115.27499,2.00222],[115.2755,2.00891],[115.27638,2.01126],[115.27971,2.01342]]]]},"properties":{"kdprov":"65","kdkab":"01","kdkec":"040","kddesa":"003","kdsls":"2002","idsls":"65010400032002","nmprov":"KALIMANTAN UTARA","nmkab":"MALINAU","nmkec":"KAYAN HILIR","nmdesa":"LONG PIPA","nmsls":"HUTAN"}}]}