{"type":"FeatureCollection","features":[{"type":"Feature","geometry":{"type":"MultiPolygon","coordinates":[[[[116.62822,3.60552],[116.62821,3.60555],[116.6277,3.6062],[116.6267,3.60658],[116.62622,3.60677],[116.62487,3.60715],[116.62519,3.60774],[116.62407,3.60932],[116.62374,3.60974],[116.6232,3.60994],[116.62263,3.60995],[116.62103,3.60937],[116.62067,3.6093],[116.62004,3.60947],[116.61963,3.60949],[116.61963,3.60951],[116.61963,3.60955],[116.61907,3.61209],[116.6188,3.61367],[116.61866,3.61557],[116.61917,3.6163],[116.62017,3.61774],[116.62011,3.61872],[116.62008,3.61915],[116.62024,3.61938],[116.621,3.6205],[116.62152,3.62093],[116.62176,3.62114],[116.62238,3.62165],[116.62247,3.62187],[116.62292,3.62297],[116.62336,3.62391],[116.6234,3.62399],[116.62421,3.6246],[116.62539,3.62456],[116.62594,3.62456],[116.62661,3.62341],[116.62765,3.62153],[116.62769,3.62147],[116.62809,3.62079],[116.62792,3.62031],[116.62761,3.61991],[116.62792,3.61974],[116.62831,3.61938],[116.62869,3.61903],[116.6291,3.61805],[116.6291,3.61723],[116.62937,3.61666],[116.62961,3.61662],[116.63005,3.61564],[116.63226,3.6162],[116.63288,3.61543],[116.63326,3.61494],[116.63331,3.61487],[116.63408,3.61352],[116.63439,3.61274],[116.63405,3.61257],[116.63352,3.61229],[116.6335,3.61227],[116.63328,3.61201],[116.63314,3.61174],[116.63226,3.61139],[116.6319,3.61109],[116.63159,3.61083],[116.63095,3.61053],[116.63106,3.61021],[116.63117,3.60997],[116.63138,3.60989],[116.63162,3.60974],[116.63035,3.60654],[116.6302,3.60653],[116.62864,3.6064],[116.62847,3.60571],[116.62822,3.60552]]]]},"properties":{"kdprov":"65","kdkab":"01","kdkec":"130","kddesa":"005","kdsls":"0009","idsls":"65011300050009","nmprov":"KALIMANTAN UTARA","nmkab":"MALINAU","nmkec":"MALINAU UTARA","nmdesa":"MALINAU SEBERANG","nmsls":"RT 009"}},{"type":"Feature","geometry":{"type":"MultiPolygon","coordinates":[[[[116.63816,3.61296],[116.63823,3.61246],[116.63715,3.61229],[116.63722,3.61149],[116.6376,3.61002],[116.6376,3.60848],[116.63747,3.60734],[116.63689,3.60547],[116.63674,3.60491],[116.63549,3.60342],[116.63319,3.60174],[116.63243,3.60126],[116.63208,3.60169],[116.63173,3.6017],[116.63169,3.60135],[116.63144,3.60094],[116.63061,3.6005],[116.63009,3.60002],[116.62958,3.59946],[116.62903,3.59912],[116.62902,3.59913],[116.6287,3.60036],[116.62868,3.60094],[116.62991,3.60397],[116.63015,3.60595],[116.6302,3.60653],[116.63035,3.60654],[116.63162,3.60974],[116.63138,3.60989],[116.63117,3.60997],[116.63106,3.61021],[116.63095,3.61053],[116.63159,3.61083],[116.6319,3.61109],[116.63226,3.61139],[116.63314,3.61174],[116.63328,3.61201],[116.6335,3.61227],[116.63352,3.61229],[116.63405,3.61257],[116.63439,3.61274],[116.63454,3.61277],[116.63539,3.61291],[116.63595,3.61301],[116.63689,3.61301],[116.6371,3.61301],[116.63816,3.61296]]]]},"properties":{"kdprov":"65","kdkab":"01","kdkec":"130","kddesa":"005","kdsls":"0008","idsls":"65011300050008","nmprov":"KALIMANTAN UTARA","nmkab":"MALINAU","nmkec":"MALINAU UTARA","nmdesa":"MALINAU SEBERANG","nmsls":"RT 008"}},{"type":"Feature","geometry":{"type":"MultiPolygon","coordinates":[[[[116.61963,3.59261],[116.6195,3.59256],[116.6194,3.59256],[116.61907,3.59252],[116.61801,3.59263],[116.61698,3.59284],[116.61579,3.59327],[116.6157,3.59342],[116.61518,3.59425],[116.61477,3.59474],[116.61483,3.59477],[116.61558,3.59524],[116.61535,3.59695],[116.61534,3.59713],[116.61534,3.59714],[116.61533,3.5973],[116.61529,3.59807],[116.61766,3.59875],[116.61934,3.59926],[116.61966,3.59925],[116.61931,3.59892],[116.61902,3.59864],[116.6191,3.59516],[116.6191,3.59476],[116.61899,3.59454],[116.61881,3.59416],[116.61878,3.59352],[116.6188,3.59308],[116.6191,3.59308],[116.61931,3.5931],[116.61963,3.59261]]]]},"properties":{"kdprov":"65","kdkab":"01","kdkec":"130","kddesa":"005","kdsls":"0001","idsls":"65011300050001","nmprov":"KALIMANTAN UTARA","nmkab":"MALINAU","nmkec":"MALINAU UTARA","nmdesa":"MALINAU SEBERANG","nmsls":"RT 001"}},{"type":"Feature","geometry":{"type":"MultiPolygon","coordinates":[[[[116.62596,3.5991],[116.626,3.59899],[116.62606,3.59891],[116.62611,3.59879],[116.62612,3.59862],[116.62616,3.59844],[116.62619,3.59839],[116.62621,3.59828],[116.62622,3.5981],[116.62626,3.59799],[116.62633,3.59789],[116.62642,3.59778],[116.62654,3.59775],[116.62665,3.5977],[116.62672,3.59775],[116.62702,3.59727],[116.62724,3.59696],[116.62763,3.59636],[116.62769,3.59627],[116.62779,3.59611],[116.62818,3.59545],[116.62755,3.59517],[116.627,3.59491],[116.62689,3.59487],[116.62656,3.59472],[116.62631,3.59508],[116.62632,3.59508],[116.62602,3.5955],[116.62579,3.59583],[116.62579,3.59584],[116.62551,3.5963],[116.62539,3.59648],[116.62526,3.59667],[116.62511,3.59697],[116.62504,3.59731],[116.62462,3.59827],[116.6251,3.59857],[116.62527,3.59994],[116.62543,3.60082],[116.62547,3.60084],[116.6263,3.60075],[116.6263,3.60073],[116.62607,3.59916],[116.62596,3.5991]]]]},"properties":{"kdprov":"65","kdkab":"01","kdkec":"130","kddesa":"005","kdsls":"0005","idsls":"65011300050005","nmprov":"KALIMANTAN UTARA","nmkab":"MALINAU","nmkec":"MALINAU UTARA","nmdesa":"MALINAU SEBERANG","nmsls":"RT 005"}},{"type":"Feature","geometry":{"type":"MultiPolygon","coordinates":[[[[116.67299,3.64892],[116.67141,3.65101],[116.67211,3.65205],[116.67177,3.65233],[116.67116,3.65275],[116.6703,3.65302],[116.66992,3.65339],[116.66747,3.65485],[116.66931,3.65726],[116.67111,3.6578],[116.67133,3.65826],[116.67138,3.65848],[116.67126,3.65876],[116.67082,3.65904],[116.67209,3.65973],[116.67383,3.65731],[116.67413,3.65689],[116.67442,3.65708],[116.67476,3.65724],[116.67503,3.65661],[116.6744,3.65636],[116.67387,3.65609],[116.67394,3.65599],[116.67384,3.65591],[116.67339,3.65568],[116.67325,3.6559],[116.67303,3.65578],[116.67349,3.6548],[116.67302,3.65458],[116.67243,3.65417],[116.6723,3.65388],[116.67236,3.65367],[116.6727,3.6533],[116.67329,3.65301],[116.67399,3.65291],[116.67469,3.65294],[116.67588,3.6528],[116.67642,3.65268],[116.67621,3.65232],[116.67618,3.65227],[116.67536,3.65086],[116.67494,3.65015],[116.6748,3.65005],[116.67468,3.64997],[116.67445,3.64981],[116.67419,3.64963],[116.67404,3.64954],[116.67403,3.64953],[116.67332,3.64911],[116.67299,3.64892]]]]},"properties":{"kdprov":"65","kdkab":"01","kdkec":"130","kddesa":"009","kdsls":"0004","idsls":"65011300090004","nmprov":"KALIMANTAN UTARA","nmkab":"MALINAU","nmkec":"MALINAU UTARA","nmdesa":"BELAYAN","nmsls":"RT 04"}},{"type":"Feature","geometry":{"type":"MultiPolygon","coordinates":[[[[116.66747,3.65485],[116.66992,3.65339],[116.6703,3.65302],[116.67116,3.65275],[116.67177,3.65233],[116.67211,3.65205],[116.67141,3.65101],[116.67299,3.64892],[116.67233,3.64855],[116.67136,3.648],[116.66946,3.64698],[116.66703,3.64585],[116.66446,3.64551],[116.66301,3.64575],[116.66218,3.64651],[116.66198,3.64764],[116.66744,3.65481],[116.66747,3.65485]]]]},"properties":{"kdprov":"65","kdkab":"01","kdkec":"130","kddesa":"009","kdsls":"0004","idsls":"65011300090004","nmprov":"KALIMANTAN UTARA","nmkab":"MALINAU","nmkec":"MALINAU UTARA","nmdesa":"BELAYAN","nmsls":"RT 04"}},{"type":"Feature","geometry":{"type":"MultiPolygon","coordinates":[[[[116.62766,3.5986],[116.62751,3.59844],[116.6277,3.59814],[116.62788,3.59791],[116.62799,3.5977],[116.62809,3.59753],[116.62837,3.59768],[116.62837,3.59768],[116.6286,3.5973],[116.6295,3.59594],[116.62901,3.59582],[116.62846,3.59558],[116.62826,3.59549],[116.62818,3.59545],[116.62779,3.59611],[116.62769,3.59627],[116.62763,3.59636],[116.62724,3.59696],[116.62702,3.59727],[116.62672,3.59775],[116.62665,3.5977],[116.62654,3.59775],[116.62642,3.59778],[116.62633,3.59789],[116.62626,3.59799],[116.62622,3.5981],[116.62621,3.59828],[116.62619,3.59839],[116.62616,3.59844],[116.62612,3.59862],[116.62611,3.59879],[116.62606,3.59891],[116.626,3.59899],[116.62596,3.5991],[116.62607,3.59916],[116.6263,3.60073],[116.62633,3.60074],[116.62735,3.60035],[116.62715,3.59947],[116.62766,3.5986]]]]},"properties":{"kdprov":"65","kdkab":"01","kdkec":"130","kddesa":"005","kdsls":"0006","idsls":"65011300050006","nmprov":"KALIMANTAN UTARA","nmkab":"MALINAU","nmkec":"MALINAU UTARA","nmdesa":"MALINAU SEBERANG","nmsls":"RT 006"}},{"type":"Feature","geometry":{"type":"MultiPolygon","coordinates":[[[[116.63032,3.59614],[116.62963,3.59597],[116.6295,3.59594],[116.6286,3.5973],[116.62837,3.59768],[116.62837,3.59768],[116.62809,3.59753],[116.62799,3.5977],[116.62788,3.59791],[116.6277,3.59814],[116.62751,3.59844],[116.62766,3.5986],[116.62715,3.59947],[116.62735,3.60035],[116.62633,3.60074],[116.6263,3.60073],[116.6263,3.60075],[116.62697,3.60533],[116.62801,3.60537],[116.62847,3.60571],[116.62864,3.6064],[116.6302,3.60653],[116.63015,3.60595],[116.62991,3.60397],[116.62868,3.60094],[116.6287,3.60036],[116.62902,3.59913],[116.63079,3.59625],[116.6307,3.59623],[116.63032,3.59614]]]]},"properties":{"kdprov":"65","kdkab":"01","kdkec":"130","kddesa":"005","kdsls":"0007","idsls":"65011300050007","nmprov":"KALIMANTAN UTARA","nmkab":"MALINAU","nmkec":"MALINAU UTARA","nmdesa":"MALINAU SEBERANG","nmsls":"RT 007"}},{"type":"Feature","geometry":{"type":"MultiPolygon","coordinates":[[[[116.67325,3.6559],[116.67339,3.65568],[116.67384,3.65591],[116.67394,3.65599],[116.67387,3.65609],[116.6744,3.65636],[116.67503,3.65661],[116.67525,3.6567],[116.67564,3.6569],[116.67569,3.65698],[116.67579,3.65706],[116.6759,3.65709],[116.67603,3.65713],[116.67623,3.65725],[116.67659,3.65748],[116.67695,3.65775],[116.67699,3.65782],[116.67765,3.65826],[116.67795,3.65786],[116.67804,3.65774],[116.67754,3.65735],[116.67695,3.65702],[116.67645,3.65681],[116.67615,3.65652],[116.6758,3.6561],[116.67535,3.65574],[116.67445,3.65527],[116.67377,3.65493],[116.67349,3.6548],[116.67349,3.6548],[116.67303,3.65578],[116.67325,3.6559]]]]},"properties":{"kdprov":"65","kdkab":"01","kdkec":"130","kddesa":"009","kdsls":"0001","idsls":"65011300090001","nmprov":"KALIMANTAN UTARA","nmkab":"MALINAU","nmkec":"MALINAU UTARA","nmdesa":"BELAYAN","nmsls":"RT 01"}},{"type":"Feature","geometry":{"type":"MultiPolygon","coordinates":[[[[116.67442,3.65708],[116.67413,3.65689],[116.67383,3.65731],[116.67209,3.65973],[116.67528,3.66146],[116.67745,3.65853],[116.67659,3.65805],[116.67628,3.65788],[116.67562,3.65761],[116.67476,3.65724],[116.67442,3.65708]]]]},"properties":{"kdprov":"65","kdkab":"01","kdkec":"130","kddesa":"009","kdsls":"0003","idsls":"65011300090003","nmprov":"KALIMANTAN UTARA","nmkab":"MALINAU","nmkec":"MALINAU UTARA","nmdesa":"BELAYAN","nmsls":"RT 03"}},{"type":"Feature","geometry":{"type":"MultiPolygon","coordinates":[[[[116.69166,3.71322],[116.69534,3.70283],[116.69549,3.70242],[116.69567,3.7019],[116.69745,3.69869],[116.69745,3.69869],[116.69765,3.69834],[116.69883,3.69624],[116.70197,3.69234],[116.70381,3.68826],[116.70603,3.68585],[116.70788,3.684],[116.70821,3.6838],[116.70954,3.683],[116.71065,3.68233],[116.71065,3.67974],[116.71065,3.67733],[116.70899,3.67399],[116.70806,3.6725],[116.70807,3.67028],[116.70807,3.66731],[116.70475,3.66286],[116.70105,3.66026],[116.69995,3.65896],[116.69718,3.65414],[116.69423,3.65266],[116.69367,3.6521],[116.69201,3.65191],[116.69197,3.65191],[116.69166,3.65187],[116.69257,3.65277],[116.69491,3.65652],[116.69329,3.65814],[116.69321,3.65822],[116.69006,3.65753],[116.6867,3.65659],[116.68641,3.65732],[116.68576,3.65896],[116.68388,3.66014],[116.68376,3.66022],[116.68378,3.66026],[116.68564,3.66239],[116.68619,3.6661],[116.68527,3.66907],[116.68287,3.66888],[116.6801,3.67073],[116.67696,3.66925],[116.67641,3.67259],[116.67788,3.67518],[116.67918,3.67796],[116.67788,3.68],[116.67622,3.67945],[116.67585,3.68464],[116.6777,3.68612],[116.67825,3.69243],[116.68002,3.6979],[116.68049,3.69937],[116.68064,3.69985],[116.68108,3.70037],[116.68113,3.70037],[116.68113,3.70037],[116.68629,3.7214],[116.68851,3.71915],[116.69073,3.71498],[116.69166,3.71322]]]]},"properties":{"kdprov":"65","kdkab":"01","kdkec":"130","kddesa":"011","kdsls":"2001","idsls":"65011300112001","nmprov":"KALIMANTAN UTARA","nmkab":"MALINAU","nmkec":"MALINAU UTARA","nmdesa":"SALAP","nmsls":"HUTAN"}},{"type":"Feature","geometry":{"type":"MultiPolygon","coordinates":[[[[116.66218,3.64651],[116.66301,3.64575],[116.66446,3.64551],[116.66703,3.64585],[116.66946,3.64698],[116.67136,3.648],[116.67233,3.64855],[116.67332,3.64911],[116.67404,3.64954],[116.67419,3.64963],[116.67402,3.64922],[116.67365,3.6488],[116.67305,3.64814],[116.67236,3.64736],[116.67144,3.64403],[116.67289,3.6424],[116.6731,3.64217],[116.67513,3.64069],[116.67697,3.64032],[116.6803,3.63884],[116.68012,3.63744],[116.67982,3.6351],[116.67977,3.63473],[116.6797,3.63422],[116.6797,3.63422],[116.67953,3.63298],[116.67948,3.633],[116.67944,3.63216],[116.67869,3.63228],[116.67795,3.6324],[116.6763,3.6324],[116.67532,3.63227],[116.67498,3.63223],[116.67458,3.63331],[116.67416,3.63416],[116.67405,3.63439],[116.67328,3.63593],[116.67245,3.63761],[116.6703,3.63793],[116.66961,3.63796],[116.66901,3.63641],[116.66827,3.63561],[116.66753,3.63561],[116.66527,3.63601],[116.66404,3.63653],[116.66292,3.63804],[116.6622,3.63873],[116.66112,3.63807],[116.66112,3.63733],[116.66121,3.63597],[116.66035,3.63524],[116.6594,3.6341],[116.65906,3.63262],[116.65914,3.63159],[116.65906,3.63068],[116.6586,3.63002],[116.65744,3.62951],[116.65719,3.63063],[116.65683,3.63135],[116.65763,3.63206],[116.65754,3.63323],[116.65727,3.63475],[116.65717,3.63484],[116.65594,3.636],[116.65549,3.63735],[116.6562,3.63878],[116.65683,3.64039],[116.65803,3.64223],[116.65732,3.64357],[116.65642,3.64438],[116.65785,3.64527],[116.6574,3.64626],[116.65749,3.64751],[116.65785,3.64904],[116.65749,3.65038],[116.6582,3.65199],[116.65749,3.65244],[116.65544,3.65333],[116.65544,3.6545],[116.65455,3.65486],[116.6545,3.65492],[116.65404,3.6555],[116.65777,3.65496],[116.6587,3.65589],[116.65888,3.65886],[116.65851,3.66219],[116.65759,3.6646],[116.65592,3.66497],[116.65537,3.66479],[116.65426,3.66646],[116.6541,3.66745],[116.65415,3.66749],[116.65482,3.66884],[116.65638,3.66929],[116.65638,3.67063],[116.65504,3.67153],[116.65482,3.67333],[116.65348,3.67422],[116.65348,3.67579],[116.65236,3.67691],[116.65347,3.67983],[116.65456,3.68245],[116.66072,3.68204],[116.66282,3.68122],[116.66312,3.68111],[116.66312,3.6811],[116.66339,3.67966],[116.66345,3.67935],[116.66347,3.67922],[116.66423,3.67518],[116.66423,3.6729],[116.66423,3.6724],[116.66426,3.67221],[116.66436,3.67173],[116.66458,3.67062],[116.6646,3.67054],[116.66466,3.67023],[116.66472,3.66994],[116.66478,3.66961],[116.66478,3.66961],[116.66482,3.66958],[116.6649,3.66951],[116.66493,3.66947],[116.66497,3.66944],[116.66611,3.66836],[116.66615,3.66832],[116.66621,3.66827],[116.66735,3.66719],[116.66737,3.66717],[116.6674,3.66714],[116.66792,3.66665],[116.66805,3.66641],[116.66807,3.66637],[116.66808,3.66636],[116.66848,3.66563],[116.6685,3.66559],[116.66851,3.66558],[116.66884,3.66498],[116.66884,3.66498],[116.66883,3.66494],[116.66708,3.66089],[116.667,3.66071],[116.66699,3.6607],[116.66663,3.65992],[116.66652,3.65969],[116.66623,3.65906],[116.66601,3.65859],[116.66571,3.65793],[116.66423,3.65529],[116.66301,3.65208],[116.6626,3.65046],[116.66253,3.65017],[116.66235,3.64944],[116.66194,3.64786],[116.66198,3.64764],[116.66218,3.64651]]]]},"properties":{"kdprov":"65","kdkab":"01","kdkec":"130","kddesa":"008","kdsls":"2001","idsls":"65011300082001","nmprov":"KALIMANTAN UTARA","nmkab":"MALINAU","nmkec":"MALINAU UTARA","nmdesa":"KELAPIS","nmsls":"HUTAN"}},{"type":"Feature","geometry":{"type":"MultiPolygon","coordinates":[[[[116.66194,3.64786],[116.66235,3.64944],[116.66253,3.65017],[116.6626,3.65046],[116.66301,3.65208],[116.66423,3.65529],[116.66571,3.65793],[116.66601,3.65859],[116.66623,3.65906],[116.66652,3.65969],[116.66663,3.65992],[116.66699,3.6607],[116.667,3.66071],[116.66708,3.66089],[116.66739,3.66039],[116.66791,3.65983],[116.66845,3.65936],[116.66927,3.65913],[116.6697,3.65912],[116.67082,3.65904],[116.67126,3.65876],[116.67138,3.65848],[116.67133,3.65826],[116.67111,3.6578],[116.66931,3.65726],[116.66198,3.64764],[116.66194,3.64786]]]]},"properties":{"kdprov":"65","kdkab":"01","kdkec":"130","kddesa":"009","kdsls":"2001","idsls":"65011300092001","nmprov":"KALIMANTAN UTARA","nmkab":"MALINAU","nmkec":"MALINAU UTARA","nmdesa":"BELAYAN","nmsls":"HUTAN"}},{"type":"Feature","geometry":{"type":"MultiPolygon","coordinates":[[[[116.41796,3.8872],[116.41868,3.88427],[116.41868,3.88427],[116.42017,3.88347],[116.41904,3.88282],[116.41991,3.87934],[116.41872,3.87549],[116.41949,3.8705],[116.42084,3.86743],[116.42429,3.86513],[116.42679,3.86071],[116.42967,3.85745],[116.43197,3.85495],[116.43543,3.85399],[116.43638,3.85131],[116.43639,3.84804],[116.43696,3.84574],[116.43984,3.84286],[116.44214,3.84017],[116.44579,3.83691],[116.4481,3.83288],[116.45078,3.8298],[116.45213,3.82635],[116.45309,3.82309],[116.45441,3.81949],[116.45443,3.81944],[116.4561,3.81709],[116.45779,3.8154],[116.45967,3.81427],[116.46286,3.81258],[116.46531,3.80995],[116.46644,3.80788],[116.46681,3.80525],[116.46681,3.8013],[116.467,3.79735],[116.46756,3.79435],[116.47181,3.78958],[116.47209,3.78927],[116.47531,3.78449],[116.47611,3.78349],[116.47799,3.78114],[116.47776,3.77268],[116.47621,3.76822],[116.4771,3.76332],[116.48261,3.75655],[116.48874,3.74514],[116.49929,3.74317],[116.50314,3.7481],[116.50794,3.74846],[116.51202,3.74822],[116.51635,3.7457],[116.52031,3.74318],[116.52391,3.73933],[116.5268,3.73393],[116.53064,3.73044],[116.53484,3.72576],[116.53893,3.72372],[116.54223,3.72102],[116.54655,3.72008],[116.55443,3.72158],[116.56002,3.72195],[116.56306,3.72215],[116.56986,3.72222],[116.57232,3.72074],[116.5733,3.72015],[116.57338,3.72011],[116.57417,3.71589],[116.5747,3.71309],[116.57513,3.71083],[116.57623,3.70057],[116.57988,3.6929],[116.57989,3.69287],[116.58869,3.69104],[116.60552,3.69135],[116.60848,3.69141],[116.61838,3.69287],[116.62827,3.6969],[116.62886,3.69697],[116.63291,3.69745],[116.6345,3.69764],[116.63678,3.69804],[116.63678,3.69804],[116.63679,3.69805],[116.63679,3.69804],[116.63679,3.69804],[116.63793,3.69636],[116.63895,3.69486],[116.64153,3.69261],[116.64189,3.69231],[116.64205,3.69216],[116.64209,3.69213],[116.6423,3.69195],[116.64632,3.68971],[116.649,3.68836],[116.64956,3.68801],[116.65007,3.68769],[116.65018,3.68762],[116.65079,3.68724],[116.65213,3.68432],[116.65394,3.683],[116.6543,3.68274],[116.65451,3.68259],[116.65459,3.68253],[116.65456,3.68245],[116.65347,3.67983],[116.65236,3.67691],[116.65348,3.67579],[116.65348,3.67422],[116.65482,3.67333],[116.65504,3.67153],[116.65638,3.67063],[116.65638,3.66929],[116.65482,3.66884],[116.65415,3.66749],[116.6541,3.66745],[116.65259,3.66637],[116.64968,3.66592],[116.6479,3.66412],[116.64522,3.663],[116.6441,3.66345],[116.64298,3.66232],[116.64164,3.6621],[116.63985,3.6621],[116.63963,3.66232],[116.63807,3.66097],[116.6374,3.65985],[116.63583,3.65918],[116.63382,3.65873],[116.63293,3.65806],[116.63114,3.65783],[116.63064,3.65397],[116.63029,3.65349],[116.63017,3.65308],[116.62959,3.65273],[116.62906,3.65232],[116.62888,3.65208],[116.62906,3.65161],[116.62894,3.65126],[116.62848,3.64996],[116.62912,3.64896],[116.62959,3.64849],[116.62994,3.64826],[116.62994,3.64767],[116.62971,3.64708],[116.62918,3.64679],[116.62877,3.6472],[116.6283,3.6482],[116.62754,3.64879],[116.62695,3.64826],[116.62654,3.64773],[116.6259,3.64767],[116.62602,3.64667],[116.62572,3.6462],[116.62455,3.64643],[116.6235,3.64614],[116.62274,3.64655],[116.62227,3.64561],[116.62198,3.64543],[116.62127,3.64531],[116.62104,3.64478],[116.62028,3.64402],[116.61964,3.64396],[116.61946,3.64343],[116.61846,3.6429],[116.61753,3.64155],[116.61694,3.64125],[116.61729,3.64096],[116.61806,3.64061],[116.61899,3.64072],[116.61964,3.64055],[116.61987,3.64055],[116.62022,3.64012],[116.62052,3.63976],[116.62112,3.63901],[116.62163,3.63738],[116.62211,3.63645],[116.62208,3.63624],[116.62169,3.63615],[116.62154,3.63573],[116.62103,3.63521],[116.62079,3.63467],[116.62091,3.63416],[116.62058,3.63368],[116.62031,3.63293],[116.61998,3.63217],[116.61994,3.63158],[116.61973,3.63122],[116.61976,3.63056],[116.61952,3.63023],[116.61952,3.62975],[116.61943,3.62917],[116.61883,3.62872],[116.61874,3.62863],[116.61853,3.62764],[116.61862,3.62719],[116.61886,3.62704],[116.61922,3.62673],[116.61952,3.62646],[116.61985,3.6268],[116.6203,3.62701],[116.62072,3.62661],[116.6212,3.6264],[116.62156,3.62637],[116.62195,3.62665],[116.62234,3.62683],[116.62279,3.62665],[116.62312,3.62628],[116.62336,3.62619],[116.62363,3.6258],[116.62372,3.6255],[116.62342,3.62514],[116.62336,3.6246],[116.62321,3.62433],[116.62336,3.62391],[116.62292,3.62297],[116.62247,3.62187],[116.62154,3.62184],[116.62074,3.62152],[116.61712,3.61891],[116.61249,3.6158],[116.60936,3.61307],[116.60793,3.61127],[116.6071,3.6092],[116.60645,3.60775],[116.60479,3.60626],[116.60375,3.60391],[116.60304,3.60435],[116.6021,3.60455],[116.60138,3.60446],[116.60084,3.60386],[116.60022,3.60285],[116.59925,3.60351],[116.59845,3.60408],[116.59841,3.60425],[116.59841,3.60449],[116.59835,3.60454],[116.59736,3.60484],[116.59736,3.60486],[116.59749,3.60536],[116.59754,3.60556],[116.59753,3.60565],[116.5975,3.60589],[116.59742,3.60651],[116.5974,3.6067],[116.59688,3.60741],[116.59678,3.60836],[116.59631,3.60891],[116.59614,3.60962],[116.59603,3.61064],[116.59617,3.61142],[116.59664,3.61221],[116.59697,3.6128],[116.59732,3.61351],[116.5976,3.61596],[116.59649,3.61713],[116.59591,3.619],[116.59672,3.62005],[116.59742,3.6218],[116.598,3.62379],[116.59742,3.62577],[116.59823,3.62811],[116.59742,3.63103],[116.59614,3.63232],[116.59497,3.63313],[116.59451,3.63372],[116.59393,3.63512],[116.59241,3.63617],[116.59055,3.63757],[116.58904,3.63839],[116.58811,3.64049],[116.58753,3.64154],[116.58753,3.64236],[116.58613,3.64236],[116.5852,3.64096],[116.58474,3.64002],[116.58299,3.6399],[116.5823,3.63944],[116.58125,3.63827],[116.58032,3.63897],[116.57974,3.63967],[116.57904,3.6399],[116.57811,3.6399],[116.57741,3.64002],[116.57637,3.63932],[116.57567,3.6399],[116.57509,3.63978],[116.57392,3.6399],[116.57334,3.64048],[116.57264,3.64107],[116.57206,3.642],[116.57125,3.64212],[116.57078,3.64247],[116.56997,3.64352],[116.57014,3.64393],[116.56863,3.6451],[116.56735,3.64369],[116.5663,3.64334],[116.56584,3.64334],[116.56514,3.64369],[116.56456,3.64463],[116.56479,3.64591],[116.56491,3.64638],[116.56398,3.64848],[116.56432,3.64965],[116.56432,3.65047],[116.56479,3.65094],[116.56467,3.65187],[116.56583,3.65234],[116.56676,3.65269],[116.56676,3.65316],[116.56607,3.65339],[116.5656,3.65304],[116.56537,3.65386],[116.56607,3.65444],[116.56793,3.65503],[116.56886,3.65713],[116.56851,3.6583],[116.56897,3.65923],[116.57013,3.65923],[116.57072,3.6597],[116.57118,3.66075],[116.57153,3.66145],[116.57188,3.66169],[116.57234,3.66204],[116.57188,3.66274],[116.57269,3.66297],[116.5735,3.66309],[116.57362,3.66368],[116.57327,3.66379],[116.5742,3.66531],[116.57536,3.66543],[116.57629,3.66613],[116.57711,3.66672],[116.57676,3.66917],[116.57548,3.67162],[116.5735,3.67337],[116.57164,3.67559],[116.56908,3.67723],[116.56547,3.67769],[116.55954,3.67881],[116.55492,3.67917],[116.54854,3.68059],[116.54144,3.68415],[116.53221,3.68771],[116.52475,3.69127],[116.51907,3.69377],[116.51197,3.69305],[116.50701,3.69126],[116.5031,3.69126],[116.49671,3.69625],[116.48925,3.70302],[116.4818,3.70872],[116.47363,3.71299],[116.46618,3.71299],[116.46511,3.71192],[116.46618,3.70764],[116.46583,3.70621],[116.46405,3.70479],[116.46476,3.70193],[116.46583,3.69944],[116.46761,3.69944],[116.46796,3.69623],[116.46761,3.69409],[116.46796,3.69338],[116.46796,3.69267],[116.46548,3.69088],[116.46442,3.68732],[116.463,3.68518],[116.46194,3.68232],[116.46123,3.67876],[116.45875,3.67341],[116.45733,3.67127],[116.45556,3.66841],[116.45485,3.66556],[116.45237,3.66021],[116.45095,3.65736],[116.44847,3.65486],[116.45095,3.6513],[116.45308,3.65023],[116.45522,3.64773],[116.45841,3.64595],[116.46373,3.64667],[116.46728,3.64239],[116.46338,3.63882],[116.46226,3.63818],[116.45842,3.63597],[116.45487,3.6349],[116.45061,3.63525],[116.44493,3.63667],[116.43819,3.63881],[116.43357,3.63988],[116.4286,3.64201],[116.42612,3.64451],[116.42185,3.65377],[116.41724,3.65698],[116.41297,3.66304],[116.408,3.67337],[116.40515,3.6855],[116.39858,3.6928],[116.39396,3.69815],[116.3897,3.70599],[116.38827,3.71811],[116.3865,3.71989],[116.38224,3.72024],[116.37478,3.72095],[116.36804,3.71916],[116.35952,3.71595],[116.35385,3.71416],[116.3517,3.71416],[116.34817,3.71416],[116.34734,3.71422],[116.3432,3.71451],[116.34001,3.71451],[116.338,3.7137],[116.33646,3.71308],[116.3342,3.71225],[116.33331,3.71192],[116.33255,3.71165],[116.33088,3.7111],[116.33029,3.71091],[116.32995,3.7108],[116.32952,3.71066],[116.32938,3.71061],[116.32936,3.7106],[116.32936,3.7106],[116.32936,3.7106],[116.32881,3.71156],[116.32834,3.71184],[116.32784,3.71214],[116.32624,3.71248],[116.32578,3.71279],[116.32521,3.71316],[116.32521,3.71316],[116.3243,3.71396],[116.3237,3.71402],[116.32253,3.71413],[116.32117,3.71387],[116.31958,3.71524],[116.31785,3.71545],[116.31744,3.71608],[116.31744,3.71608],[116.31722,3.71642],[116.31717,3.71646],[116.31619,3.71735],[116.31571,3.71779],[116.31563,3.71786],[116.31559,3.71789],[116.31552,3.71796],[116.31551,3.71797],[116.31547,3.718],[116.31546,3.71802],[116.31546,3.71802],[116.31547,3.71805],[116.31547,3.71805],[116.3155,3.71813],[116.31553,3.7182],[116.3157,3.71861],[116.31576,3.71878],[116.31576,3.71878],[116.31617,3.71977],[116.31644,3.72045],[116.31643,3.72068],[116.31643,3.72068],[116.31641,3.72088],[116.31641,3.72088],[116.31637,3.72149],[116.31637,3.72155],[116.31636,3.72159],[116.31635,3.72178],[116.31626,3.72304],[116.3165,3.72398],[116.31687,3.72536],[116.3171,3.72594],[116.3174,3.7267],[116.31705,3.72747],[116.31663,3.7284],[116.31611,3.72955],[116.31625,3.73011],[116.31649,3.73104],[116.31682,3.73176],[116.31721,3.7326],[116.31725,3.73347],[116.31694,3.73454],[116.31682,3.73495],[116.31671,3.7353],[116.31619,3.73572],[116.31565,3.73616],[116.31515,3.73656],[116.3144,3.73705],[116.31371,3.73751],[116.3137,3.73751],[116.31315,3.73805],[116.3126,3.73857],[116.31216,3.73926],[116.31184,3.73975],[116.31156,3.74052],[116.31127,3.74132],[116.31118,3.74191],[116.31108,3.74261],[116.31098,3.74284],[116.31058,3.74375],[116.3108,3.74454],[116.311,3.74528],[116.31111,3.74547],[116.3115,3.74615],[116.31188,3.74718],[116.31289,3.74781],[116.31383,3.74843],[116.31462,3.7495],[116.31507,3.74999],[116.31587,3.75087],[116.31629,3.75278],[116.31751,3.75354],[116.31866,3.75419],[116.32018,3.75498],[116.32068,3.756],[116.32128,3.75719],[116.32187,3.75841],[116.32222,3.75913],[116.32222,3.75913],[116.32246,3.75963],[116.32246,3.75963],[116.32299,3.75968],[116.32335,3.75971],[116.32467,3.75983],[116.32608,3.75993],[116.32741,3.76001],[116.32741,3.76001],[116.32792,3.76093],[116.3284,3.7618],[116.32856,3.76287],[116.32776,3.76408],[116.32718,3.76496],[116.32679,3.76578],[116.32635,3.76671],[116.32589,3.768],[116.32585,3.76907],[116.32578,3.77082],[116.32631,3.77246],[116.32673,3.77383],[116.32758,3.7752],[116.32817,3.77615],[116.32705,3.77688],[116.32611,3.77748],[116.3256,3.77783],[116.3246,3.77859],[116.325,3.77987],[116.32536,3.78099],[116.326,3.78224],[116.32768,3.78236],[116.32768,3.78236],[116.32903,3.78277],[116.33023,3.78313],[116.33078,3.78442],[116.33114,3.78526],[116.33223,3.78618],[116.33304,3.78686],[116.33403,3.78808],[116.334,3.78886],[116.33396,3.78967],[116.33311,3.7903],[116.33221,3.79097],[116.33164,3.79175],[116.33114,3.79244],[116.33099,3.79264],[116.33095,3.79379],[116.33091,3.79485],[116.33097,3.79538],[116.33107,3.79638],[116.33049,3.79739],[116.33008,3.79813],[116.33041,3.79881],[116.33079,3.7996],[116.33129,3.80064],[116.33199,3.80146],[116.33259,3.80216],[116.33254,3.80291],[116.3325,3.80369],[116.33244,3.80475],[116.33291,3.80553],[116.33327,3.80612],[116.33313,3.80736],[116.33302,3.80826],[116.33289,3.8094],[116.33346,3.81015],[116.33428,3.81123],[116.33483,3.81196],[116.33525,3.81252],[116.3349,3.81309],[116.33428,3.81412],[116.33355,3.81531],[116.33295,3.81631],[116.33227,3.81724],[116.33175,3.81797],[116.33113,3.81883],[116.33068,3.81945],[116.33065,3.82048],[116.33062,3.82157],[116.33055,3.82228],[116.33046,3.82303],[116.33071,3.82385],[116.33099,3.82478],[116.33076,3.82596],[116.33075,3.82603],[116.33057,3.82692],[116.33038,3.8279],[116.33095,3.82874],[116.3316,3.8297],[116.33228,3.83072],[116.33229,3.83072],[116.33368,3.83086],[116.33484,3.83099],[116.33586,3.8311],[116.33717,3.83083],[116.33807,3.83064],[116.3388,3.82999],[116.33959,3.82927],[116.3396,3.82927],[116.34061,3.82954],[116.34061,3.82954],[116.34188,3.82988],[116.34352,3.83033],[116.34546,3.83087],[116.34561,3.83224],[116.34577,3.83362],[116.3459,3.83525],[116.34599,3.83673],[116.34625,3.83706],[116.34701,3.83799],[116.34797,3.83917],[116.34797,3.83917],[116.34797,3.83917],[116.3482,3.84031],[116.34843,3.84145],[116.34918,3.84278],[116.34991,3.84408],[116.35071,3.84549],[116.35023,3.84673],[116.34984,3.84772],[116.3495,3.84861],[116.34897,3.84918],[116.34839,3.84981],[116.34774,3.85051],[116.34796,3.85149],[116.3482,3.85257],[116.34784,3.85407],[116.34759,3.85508],[116.34754,3.85567],[116.34744,3.85668],[116.34713,3.85791],[116.34684,3.85907],[116.3466,3.86003],[116.34703,3.86156],[116.34732,3.86261],[116.34752,3.86331],[116.34738,3.86422],[116.34729,3.8649],[116.34778,3.86584],[116.34828,3.86681],[116.34957,3.86719],[116.35033,3.86649],[116.35087,3.86598],[116.35155,3.86536],[116.35231,3.86505],[116.35341,3.86461],[116.35459,3.86414],[116.35561,3.86362],[116.35658,3.86313],[116.35747,3.86267],[116.35802,3.86239],[116.35851,3.86226],[116.3595,3.86201],[116.36068,3.86171],[116.3613,3.86101],[116.36196,3.86028],[116.36259,3.85957],[116.36317,3.85927],[116.36401,3.85884],[116.3648,3.85843],[116.3648,3.85843],[116.3652,3.8587],[116.36617,3.85935],[116.36617,3.85935],[116.36749,3.85935],[116.36893,3.85935],[116.37105,3.85935],[116.3731,3.85935],[116.3731,3.85935],[116.37388,3.86005],[116.37454,3.86064],[116.37475,3.86179],[116.37501,3.86309],[116.3753,3.86452],[116.37614,3.86612],[116.37729,3.8666],[116.37804,3.86691],[116.37888,3.86726],[116.37935,3.86768],[116.38003,3.86827],[116.38071,3.86886],[116.38132,3.86968],[116.38178,3.87031],[116.38169,3.87098],[116.38154,3.87217],[116.3814,3.87328],[116.38151,3.87371],[116.38175,3.87461],[116.382,3.87556],[116.38251,3.876],[116.38303,3.87646],[116.38364,3.877],[116.38396,3.87731],[116.38458,3.87804],[116.38513,3.87869],[116.38513,3.87869],[116.38661,3.87841],[116.38756,3.87823],[116.38897,3.87804],[116.39107,3.87777],[116.39107,3.87777],[116.39221,3.87818],[116.39297,3.87846],[116.39331,3.87918],[116.39365,3.8799],[116.39417,3.88071],[116.39498,3.88197],[116.39548,3.88272],[116.39548,3.88272],[116.39621,3.8827],[116.39734,3.88268],[116.39883,3.88264],[116.39883,3.88265],[116.40001,3.88401],[116.40081,3.88493],[116.40113,3.88558],[116.40197,3.88734],[116.40272,3.88889],[116.40272,3.88889],[116.40352,3.88905],[116.405,3.88935],[116.405,3.88935],[116.405,3.88935],[116.40549,3.8904],[116.4058,3.89106],[116.40645,3.89247],[116.40752,3.89521],[116.40781,3.89586],[116.40898,3.89434],[116.40949,3.89367],[116.41052,3.89232],[116.4111,3.89199],[116.41279,3.89096],[116.4133,3.89064],[116.41521,3.88947],[116.41638,3.8885],[116.41692,3.88806],[116.41796,3.8872]]]]},"properties":{"kdprov":"65","kdkab":"01","kdkec":"130","kddesa":"002","kdsls":"0001","idsls":"65011300020001","nmprov":"KALIMANTAN UTARA","nmkab":"MALINAU","nmkec":"MALINAU UTARA","nmdesa":"LUSO","nmsls":"RT 01"}},{"type":"Feature","geometry":{"type":"MultiPolygon","coordinates":[[[[116.5053,3.60782],[116.50627,3.60788],[116.50651,3.60744],[116.50709,3.6069],[116.50698,3.60671],[116.50634,3.60637],[116.50582,3.60667],[116.5053,3.60782]]]]},"properties":{"kdprov":"65","kdkab":"01","kdkec":"130","kddesa":"001","kdsls":"4001","idsls":"65011300014001","nmprov":"KALIMANTAN UTARA","nmkab":"MALINAU","nmkec":"MALINAU UTARA","nmdesa":"SEMBUAK WAROD","nmsls":"BASE CAMP SUNGAI WAROD"}},{"type":"Feature","geometry":{"type":"MultiPolygon","coordinates":[[[[116.46033,3.88812],[116.4629,3.88612],[116.46847,3.88306],[116.46861,3.88298],[116.47318,3.88084],[116.47675,3.87927],[116.47832,3.87941],[116.47965,3.87826],[116.48146,3.8767],[116.48575,3.87113],[116.48846,3.8687],[116.49131,3.86656],[116.49645,3.86499],[116.50201,3.86318],[116.50302,3.86285],[116.50887,3.86199],[116.51444,3.86242],[116.5203,3.86285],[116.52202,3.86349],[116.5221,3.86341],[116.5225,3.86301],[116.52303,3.86224],[116.52291,3.86069],[116.52333,3.85897],[116.5244,3.85784],[116.52547,3.85629],[116.52672,3.8546],[116.52895,3.85117],[116.52931,3.85081],[116.53024,3.84988],[116.53256,3.84984],[116.53424,3.85074],[116.53738,3.85003],[116.54009,3.84874],[116.54259,3.84666],[116.54266,3.8466],[116.5458,3.84574],[116.54844,3.84388],[116.5492,3.84381],[116.55041,3.84369],[116.55437,3.84437],[116.55588,3.84474],[116.55662,3.84434],[116.55666,3.84391],[116.55674,3.84343],[116.55993,3.84289],[116.56422,3.8436],[116.56626,3.84253],[116.56693,3.84217],[116.57007,3.84089],[116.57578,3.84089],[116.57906,3.84175],[116.58092,3.84204],[116.58178,3.84217],[116.58592,3.84118],[116.59063,3.83932],[116.59277,3.83803],[116.59505,3.83232],[116.59668,3.82975],[116.59677,3.82961],[116.59734,3.8279],[116.59991,3.82704],[116.60119,3.82704],[116.60205,3.82618],[116.60276,3.8239],[116.60511,3.82162],[116.60762,3.81919],[116.61076,3.81705],[116.61304,3.81619],[116.61581,3.81467],[116.61718,3.81391],[116.61918,3.81091],[116.62047,3.8092],[116.62005,3.80744],[116.62024,3.80467],[116.62077,3.80301],[116.6222,3.80158],[116.6229,3.8025],[116.6234,3.80206],[116.62408,3.80139],[116.62434,3.80114],[116.62514,3.8007],[116.62632,3.79931],[116.62714,3.7987],[116.62848,3.79885],[116.62923,3.79884],[116.63005,3.79903],[116.63036,3.79913],[116.63148,3.79951],[116.63268,3.79899],[116.63379,3.79867],[116.63433,3.79792],[116.63493,3.79683],[116.63475,3.79605],[116.63548,3.79627],[116.63629,3.79724],[116.63705,3.79792],[116.63731,3.79819],[116.63762,3.79849],[116.63793,3.79898],[116.63854,3.79911],[116.6386,3.79902],[116.63915,3.79806],[116.64014,3.79797],[116.64073,3.79826],[116.6421,3.79887],[116.64315,3.79871],[116.64457,3.79845],[116.64514,3.79782],[116.64532,3.79762],[116.64535,3.79714],[116.64538,3.79669],[116.64539,3.79661],[116.64511,3.79512],[116.64516,3.79417],[116.64579,3.79332],[116.64585,3.79324],[116.6458,3.79276],[116.64578,3.79251],[116.64611,3.79172],[116.64671,3.79064],[116.64684,3.7904],[116.64679,3.78903],[116.64657,3.78756],[116.64657,3.78751],[116.64643,3.78653],[116.64653,3.78606],[116.64754,3.78547],[116.64896,3.78353],[116.65004,3.7818],[116.65027,3.7811],[116.6505,3.78042],[116.65102,3.77998],[116.6517,3.77973],[116.65217,3.77956],[116.65232,3.77948],[116.65403,3.77865],[116.65593,3.77837],[116.65657,3.77864],[116.65788,3.77867],[116.65881,3.77897],[116.6595,3.77868],[116.66014,3.77841],[116.66178,3.77681],[116.66208,3.77663],[116.66224,3.77651],[116.66335,3.77607],[116.66447,3.77534],[116.66466,3.77502],[116.6656,3.77333],[116.6661,3.77091],[116.66614,3.77005],[116.66623,3.76825],[116.66624,3.7682],[116.66752,3.76672],[116.66805,3.76543],[116.66862,3.7638],[116.66912,3.76323],[116.66953,3.76275],[116.67058,3.76194],[116.67134,3.76108],[116.67172,3.75994],[116.67174,3.75761],[116.67272,3.75645],[116.6728,3.75622],[116.67329,3.75478],[116.67348,3.75402],[116.6742,3.75268],[116.67463,3.75158],[116.67506,3.75109],[116.67533,3.75079],[116.67534,3.75077],[116.67564,3.75061],[116.67644,3.7502],[116.67725,3.75001],[116.67787,3.75001],[116.67801,3.75001],[116.67802,3.75001],[116.6784,3.74982],[116.67926,3.74971],[116.67938,3.74969],[116.67948,3.74968],[116.68087,3.7495],[116.68141,3.74901],[116.68166,3.74879],[116.68113,3.74752],[116.67965,3.74586],[116.67957,3.7458],[116.6787,3.74515],[116.67782,3.74461],[116.67708,3.744],[116.67588,3.74302],[116.67507,3.74236],[116.67448,3.74189],[116.67305,3.74089],[116.67282,3.73939],[116.67265,3.73896],[116.67265,3.73895],[116.67265,3.73831],[116.67706,3.73566],[116.67762,3.73532],[116.68017,3.73066],[116.68044,3.7301],[116.68325,3.72447],[116.68629,3.7214],[116.68113,3.70037],[116.68113,3.70037],[116.68108,3.70037],[116.68064,3.69985],[116.68049,3.69937],[116.68002,3.6979],[116.67825,3.69243],[116.6777,3.68612],[116.67585,3.68464],[116.67622,3.67945],[116.67788,3.68],[116.67918,3.67796],[116.67788,3.67518],[116.67641,3.67259],[116.67696,3.66925],[116.6801,3.67073],[116.68287,3.66888],[116.68527,3.66907],[116.68619,3.6661],[116.68564,3.66239],[116.68378,3.66026],[116.68376,3.66022],[116.68306,3.65942],[116.68269,3.65701],[116.68103,3.65571],[116.67955,3.65571],[116.67694,3.65344],[116.67679,3.6533],[116.67642,3.65268],[116.67588,3.6528],[116.67469,3.65294],[116.67399,3.65291],[116.67329,3.65301],[116.6727,3.6533],[116.67236,3.65367],[116.6723,3.65388],[116.67243,3.65417],[116.67302,3.65458],[116.67349,3.6548],[116.67349,3.6548],[116.67377,3.65493],[116.67445,3.65527],[116.67535,3.65574],[116.6758,3.6561],[116.67615,3.65652],[116.67645,3.65681],[116.67695,3.65702],[116.67754,3.65735],[116.67804,3.65774],[116.67795,3.65786],[116.67765,3.65826],[116.67745,3.65853],[116.67528,3.66146],[116.67209,3.65973],[116.67082,3.65904],[116.6697,3.65912],[116.66927,3.65913],[116.66845,3.65936],[116.66791,3.65983],[116.66739,3.66039],[116.66708,3.66089],[116.66883,3.66494],[116.66884,3.66498],[116.66884,3.66498],[116.66851,3.66558],[116.6685,3.66559],[116.66848,3.66563],[116.66808,3.66636],[116.66807,3.66637],[116.66805,3.66641],[116.66792,3.66665],[116.6674,3.66714],[116.66737,3.66717],[116.66735,3.66719],[116.66621,3.66827],[116.66615,3.66832],[116.66611,3.66836],[116.66497,3.66944],[116.66493,3.66947],[116.6649,3.66951],[116.66482,3.66958],[116.66478,3.66961],[116.66478,3.66961],[116.66472,3.66994],[116.66466,3.67023],[116.6646,3.67054],[116.66458,3.67062],[116.66436,3.67173],[116.66426,3.67221],[116.66423,3.6724],[116.66423,3.6729],[116.66423,3.67518],[116.66347,3.67922],[116.66345,3.67935],[116.66339,3.67966],[116.66312,3.6811],[116.66312,3.68111],[116.66282,3.68122],[116.66072,3.68204],[116.65456,3.68245],[116.65459,3.68253],[116.65451,3.68259],[116.6543,3.68274],[116.65394,3.683],[116.65213,3.68432],[116.65079,3.68724],[116.65018,3.68762],[116.65007,3.68769],[116.64956,3.68801],[116.649,3.68836],[116.64632,3.68971],[116.6423,3.69195],[116.64209,3.69213],[116.64205,3.69216],[116.64189,3.69231],[116.64153,3.69261],[116.63895,3.69486],[116.63793,3.69636],[116.63679,3.69804],[116.63679,3.69804],[116.63679,3.69805],[116.63678,3.69804],[116.63678,3.69804],[116.6345,3.69764],[116.63291,3.69745],[116.62886,3.69697],[116.62827,3.6969],[116.61838,3.69287],[116.60848,3.69141],[116.60552,3.69135],[116.58869,3.69104],[116.57989,3.69287],[116.57988,3.6929],[116.57623,3.70057],[116.57513,3.71083],[116.5747,3.71309],[116.57417,3.71589],[116.57338,3.72011],[116.5733,3.72015],[116.57232,3.72074],[116.56986,3.72222],[116.56306,3.72215],[116.56002,3.72195],[116.55443,3.72158],[116.54655,3.72008],[116.54223,3.72102],[116.53893,3.72372],[116.53484,3.72576],[116.53064,3.73044],[116.5268,3.73393],[116.52391,3.73933],[116.52031,3.74318],[116.51635,3.7457],[116.51202,3.74822],[116.50794,3.74846],[116.50314,3.7481],[116.49929,3.74317],[116.48874,3.74514],[116.48261,3.75655],[116.4771,3.76332],[116.47621,3.76822],[116.47776,3.77268],[116.47799,3.78114],[116.47611,3.78349],[116.47531,3.78449],[116.47209,3.78927],[116.47181,3.78958],[116.46756,3.79435],[116.467,3.79735],[116.46681,3.8013],[116.46681,3.80525],[116.46644,3.80788],[116.46531,3.80995],[116.46286,3.81258],[116.45967,3.81427],[116.45779,3.8154],[116.4561,3.81709],[116.45443,3.81944],[116.45441,3.81949],[116.45309,3.82309],[116.45213,3.82635],[116.45078,3.8298],[116.4481,3.83288],[116.44579,3.83691],[116.44214,3.84017],[116.43984,3.84286],[116.43696,3.84574],[116.43639,3.84804],[116.43638,3.85131],[116.43543,3.85399],[116.43197,3.85495],[116.42967,3.85745],[116.42679,3.86071],[116.42429,3.86513],[116.42084,3.86743],[116.41949,3.8705],[116.41872,3.87549],[116.41991,3.87934],[116.41904,3.88282],[116.42017,3.88347],[116.41868,3.88427],[116.41868,3.88427],[116.41796,3.8872],[116.41692,3.88806],[116.4181,3.888],[116.41982,3.88658],[116.42142,3.88526],[116.42199,3.88458],[116.42224,3.88402],[116.42246,3.88364],[116.42295,3.88273],[116.42354,3.88245],[116.42393,3.88224],[116.42484,3.88075],[116.42604,3.87972],[116.42753,3.87864],[116.42981,3.8787],[116.43227,3.87949],[116.43615,3.88075],[116.43765,3.88171],[116.43792,3.88151],[116.43805,3.8814],[116.43992,3.88255],[116.44249,3.88412],[116.44392,3.88612],[116.4442,3.88812],[116.44606,3.88969],[116.44905,3.88955],[116.45377,3.88855],[116.45876,3.88783],[116.45942,3.88795],[116.46033,3.88812]],[[116.56376,3.78394],[116.56405,3.78406],[116.56453,3.78405],[116.56473,3.7842],[116.56469,3.78447],[116.56441,3.78474],[116.56384,3.78507],[116.56326,3.78527],[116.56274,3.78562],[116.56216,3.78605],[116.56155,3.78566],[116.56102,3.78488],[116.56119,3.78435],[116.56257,3.78378],[116.56373,3.78358],[116.56376,3.78394]]]]},"properties":{"kdprov":"65","kdkab":"01","kdkec":"130","kddesa":"009","kdsls":"2002","idsls":"65011300092002","nmprov":"KALIMANTAN UTARA","nmkab":"MALINAU","nmkec":"MALINAU UTARA","nmdesa":"BELAYAN","nmsls":"HUTAN"}},{"type":"Feature","geometry":{"type":"MultiPolygon","coordinates":[[[[116.67695,3.65775],[116.67659,3.65748],[116.67623,3.65725],[116.67603,3.65713],[116.6759,3.65709],[116.67579,3.65706],[116.67569,3.65698],[116.67564,3.6569],[116.67525,3.6567],[116.67503,3.65661],[116.67476,3.65724],[116.67562,3.65761],[116.67628,3.65788],[116.67659,3.65805],[116.67745,3.65853],[116.67765,3.65826],[116.67699,3.65782],[116.67695,3.65775]]]]},"properties":{"kdprov":"65","kdkab":"01","kdkec":"130","kddesa":"009","kdsls":"0002","idsls":"65011300090002","nmprov":"KALIMANTAN UTARA","nmkab":"MALINAU","nmkec":"MALINAU UTARA","nmdesa":"BELAYAN","nmsls":"RT 02"}},{"type":"Feature","geometry":{"type":"MultiPolygon","coordinates":[[[[116.68676,3.65644],[116.68692,3.65605],[116.68646,3.65575],[116.68602,3.65534],[116.68566,3.65503],[116.68522,3.65488],[116.68479,3.65474],[116.68388,3.65495],[116.68364,3.65503],[116.68331,3.65503],[116.68301,3.65487],[116.68263,3.65458],[116.68231,3.65431],[116.68221,3.65417],[116.68205,3.6539],[116.68183,3.65368],[116.68159,3.65361],[116.6814,3.65354],[116.68117,3.65345],[116.68103,3.65338],[116.68096,3.65335],[116.68075,3.65317],[116.68055,3.65298],[116.68038,3.65282],[116.6802,3.65259],[116.6799,3.65235],[116.67968,3.65217],[116.67948,3.65201],[116.67925,3.65182],[116.67994,3.65087],[116.6802,3.65051],[116.67924,3.65075],[116.67833,3.65091],[116.6777,3.65052],[116.67692,3.65012],[116.67601,3.65012],[116.67552,3.65003],[116.67481,3.64955],[116.67441,3.64895],[116.67406,3.64835],[116.67361,3.64789],[116.67329,3.64755],[116.67323,3.64704],[116.67266,3.64587],[116.67263,3.64527],[116.67309,3.64472],[116.67335,3.64415],[116.67335,3.64338],[116.67293,3.64243],[116.67289,3.6424],[116.67144,3.64403],[116.67236,3.64736],[116.67305,3.64814],[116.67365,3.6488],[116.67402,3.64922],[116.67419,3.64963],[116.67445,3.64981],[116.67468,3.64997],[116.6748,3.65005],[116.67494,3.65015],[116.67536,3.65086],[116.67618,3.65227],[116.67621,3.65232],[116.67642,3.65268],[116.67679,3.6533],[116.67694,3.65344],[116.67955,3.65571],[116.68103,3.65571],[116.68269,3.65701],[116.68306,3.65942],[116.68376,3.66022],[116.68388,3.66014],[116.68576,3.65896],[116.68641,3.65732],[116.6867,3.65659],[116.68676,3.65644]]]]},"properties":{"kdprov":"65","kdkab":"01","kdkec":"130","kddesa":"010","kdsls":"2002","idsls":"65011300102002","nmprov":"KALIMANTAN UTARA","nmkab":"MALINAU","nmkec":"MALINAU UTARA","nmdesa":"PUTAT","nmsls":"HUTAN DAN RAWA"}},{"type":"Feature","geometry":{"type":"MultiPolygon","coordinates":[[[[116.56257,3.78378],[116.56119,3.78435],[116.56102,3.78488],[116.56155,3.78566],[116.56216,3.78605],[116.56274,3.78562],[116.56326,3.78527],[116.56384,3.78507],[116.56441,3.78474],[116.56469,3.78447],[116.56473,3.7842],[116.56453,3.78405],[116.56405,3.78406],[116.56376,3.78394],[116.56373,3.78358],[116.56257,3.78378]]]]},"properties":{"kdprov":"65","kdkab":"01","kdkec":"130","kddesa":"009","kdsls":"4003","idsls":"65011300094003","nmprov":"KALIMANTAN UTARA","nmkab":"MALINAU","nmkec":"MALINAU UTARA","nmdesa":"BELAYAN","nmsls":"CAMP PT WAMP DI SEMENDURUT"}},{"type":"Feature","geometry":{"type":"MultiPolygon","coordinates":[[[[116.60121,3.58187],[116.5989,3.58026],[116.59548,3.57787],[116.59592,3.58014],[116.59889,3.58927],[116.59983,3.60207],[116.59926,3.60246],[116.59932,3.60256],[116.59912,3.6027],[116.59901,3.60283],[116.59883,3.60307],[116.59872,3.60326],[116.59858,3.6035],[116.59854,3.60361],[116.59851,3.60375],[116.59845,3.60408],[116.59925,3.60351],[116.60022,3.60285],[116.60084,3.60386],[116.60138,3.60446],[116.6021,3.60455],[116.60304,3.60435],[116.60375,3.60391],[116.60451,3.60341],[116.60521,3.60278],[116.60582,3.60226],[116.60611,3.602],[116.60586,3.6014],[116.605,3.60069],[116.60489,3.59986],[116.60586,3.59906],[116.60672,3.59855],[116.60737,3.59781],[116.60747,3.59717],[116.60724,3.59675],[116.60706,3.59592],[116.60718,3.59456],[116.60756,3.59423],[116.60774,3.5934],[116.60739,3.59263],[116.60662,3.59156],[116.60688,3.59126],[116.60842,3.59055],[116.60904,3.5899],[116.60967,3.58861],[116.60986,3.58774],[116.60964,3.58739],[116.60959,3.5873],[116.60545,3.58482],[116.60545,3.58482],[116.60247,3.58275],[116.60121,3.58187]]]]},"properties":{"kdprov":"65","kdkab":"01","kdkec":"130","kddesa":"002","kdsls":"0002","idsls":"65011300020002","nmprov":"KALIMANTAN UTARA","nmkab":"MALINAU","nmkec":"MALINAU UTARA","nmdesa":"LUSO","nmsls":"RT 02"}},{"type":"Feature","geometry":{"type":"MultiPolygon","coordinates":[[[[116.58051,3.61617],[116.58119,3.6163],[116.58114,3.61651],[116.58135,3.61657],[116.58134,3.61668],[116.58148,3.61671],[116.58177,3.61679],[116.58193,3.61699],[116.58213,3.61702],[116.58305,3.61705],[116.58301,3.61682],[116.58293,3.61635],[116.58291,3.61621],[116.5828,3.61578],[116.58266,3.61539],[116.58262,3.61525],[116.58246,3.61477],[116.58241,3.6142],[116.58134,3.61436],[116.58068,3.61481],[116.58063,3.61552],[116.58051,3.61617]]]]},"properties":{"kdprov":"65","kdkab":"01","kdkec":"130","kddesa":"001","kdsls":"0002","idsls":"65011300010002","nmprov":"KALIMANTAN UTARA","nmkab":"MALINAU","nmkec":"MALINAU UTARA","nmdesa":"SEMBUAK WAROD","nmsls":"RT 002"}},{"type":"Feature","geometry":{"type":"MultiPolygon","coordinates":[[[[116.58305,3.61705],[116.58213,3.61702],[116.58193,3.61699],[116.58177,3.61679],[116.58148,3.61671],[116.58134,3.61668],[116.58135,3.61657],[116.58114,3.61651],[116.58119,3.6163],[116.58051,3.61617],[116.58005,3.61675],[116.57949,3.61766],[116.57937,3.61823],[116.58021,3.61835],[116.58136,3.61844],[116.58225,3.61842],[116.58268,3.61821],[116.58302,3.61802],[116.58308,3.61751],[116.58305,3.61705]]]]},"properties":{"kdprov":"65","kdkab":"01","kdkec":"130","kddesa":"001","kdsls":"0001","idsls":"65011300010001","nmprov":"KALIMANTAN UTARA","nmkab":"MALINAU","nmkec":"MALINAU UTARA","nmdesa":"SEMBUAK WAROD","nmsls":"RT 001"}},{"type":"Feature","geometry":{"type":"MultiPolygon","coordinates":[[[[116.59548,3.57787],[116.59251,3.5758],[116.58827,3.57286],[116.58535,3.57014],[116.58353,3.56833],[116.58296,3.56777],[116.58248,3.56759],[116.58202,3.56747],[116.58202,3.56747],[116.5818,3.56751],[116.58145,3.56761],[116.58106,3.56777],[116.58075,3.56791],[116.5806,3.56799],[116.5806,3.56799],[116.58039,3.56795],[116.58025,3.56784],[116.58002,3.56774],[116.57984,3.56774],[116.57984,3.56774],[116.5796,3.56787],[116.57926,3.56799],[116.57901,3.56804],[116.57852,3.56804],[116.57852,3.56804],[116.57814,3.56802],[116.57778,3.568],[116.57778,3.568],[116.57743,3.56801],[116.57717,3.5681],[116.57688,3.56833],[116.57676,3.56839],[116.57651,3.56842],[116.57625,3.56842],[116.57625,3.56842],[116.57592,3.56836],[116.57563,3.56831],[116.57519,3.5683],[116.57476,3.56825],[116.57451,3.5682],[116.57437,3.56817],[116.57422,3.56813],[116.57402,3.56812],[116.57379,3.56811],[116.5736,3.56809],[116.57312,3.568],[116.57312,3.568],[116.573,3.56801],[116.57263,3.56812],[116.57197,3.56834],[116.57124,3.56844],[116.57074,3.56846],[116.57074,3.56846],[116.57013,3.56833],[116.56961,3.56829],[116.56935,3.56828],[116.56908,3.56828],[116.56908,3.56828],[116.56897,3.56833],[116.56897,3.56833],[116.56862,3.56832],[116.56836,3.56811],[116.56801,3.56784],[116.56736,3.56767],[116.56695,3.56739],[116.56695,3.56739],[116.56673,3.5674],[116.56652,3.56747],[116.56628,3.56749],[116.56593,3.56753],[116.56593,3.56753],[116.56563,3.56745],[116.56539,3.56734],[116.56539,3.56734],[116.56319,3.56677],[116.56116,3.56625],[116.56052,3.56674],[116.56014,3.56728],[116.55988,3.56753],[116.5595,3.56813],[116.55933,3.56858],[116.55894,3.56907],[116.55859,3.56966],[116.55832,3.5697],[116.5579,3.57014],[116.55765,3.57051],[116.55749,3.57074],[116.55703,3.57094],[116.55658,3.57089],[116.5561,3.57119],[116.55588,3.57187],[116.55586,3.57214],[116.55537,3.57276],[116.55502,3.5735],[116.55447,3.57419],[116.55374,3.57513],[116.55246,3.57517],[116.55113,3.57522],[116.54963,3.57492],[116.54793,3.57489],[116.54701,3.57512],[116.54605,3.57558],[116.54532,3.57585],[116.54505,3.57595],[116.54413,3.57627],[116.54186,3.57739],[116.54186,3.57739],[116.54186,3.57739],[116.5418,3.57744],[116.54041,3.57851],[116.54032,3.57858],[116.53854,3.57911],[116.53849,3.57912],[116.53538,3.57927],[116.53533,3.57927],[116.53336,3.57947],[116.53068,3.58001],[116.52942,3.5818],[116.5294,3.58184],[116.5294,3.58184],[116.53018,3.58214],[116.53027,3.58217],[116.53074,3.58235],[116.53161,3.58225],[116.53203,3.5822],[116.53431,3.5818],[116.53575,3.58137],[116.53676,3.58101],[116.5369,3.58043],[116.53772,3.58005],[116.53799,3.57992],[116.53856,3.58007],[116.54015,3.58014],[116.54109,3.58065],[116.5426,3.58108],[116.54369,3.58079],[116.5447,3.58079],[116.54513,3.58058],[116.54578,3.58058],[116.54664,3.57993],[116.54621,3.58087],[116.54635,3.58138],[116.54614,3.58268],[116.54635,3.58384],[116.54715,3.58507],[116.54801,3.58703],[116.54779,3.58826],[116.54815,3.58957],[116.54887,3.59073],[116.54974,3.5916],[116.55039,3.59203],[116.55061,3.59269],[116.55183,3.59276],[116.55385,3.59247],[116.55501,3.59182],[116.55688,3.59051],[116.55797,3.58928],[116.55984,3.58776],[116.56251,3.58638],[116.56374,3.58602],[116.56583,3.58602],[116.56771,3.58682],[116.56908,3.58769],[116.57095,3.58878],[116.57218,3.58951],[116.57297,3.58958],[116.57366,3.59057],[116.57527,3.59243],[116.57718,3.59347],[116.57859,3.59474],[116.57868,3.59481],[116.58168,3.59529],[116.58191,3.59533],[116.58387,3.59568],[116.5856,3.59632],[116.58676,3.59649],[116.58779,3.59649],[116.58906,3.59632],[116.59022,3.59638],[116.59085,3.5966],[116.59172,3.5969],[116.59224,3.59731],[116.59358,3.59851],[116.5938,3.5987],[116.5946,3.60021],[116.5961,3.60108],[116.59664,3.60151],[116.59623,3.60207],[116.59572,3.60289],[116.59565,3.60305],[116.59533,3.6037],[116.59525,3.60412],[116.59521,3.60433],[116.59539,3.60524],[116.5954,3.60537],[116.59736,3.60484],[116.59835,3.60454],[116.59841,3.60449],[116.59841,3.60425],[116.59845,3.60408],[116.59851,3.60375],[116.59854,3.60361],[116.59858,3.6035],[116.59872,3.60326],[116.59883,3.60307],[116.59901,3.60283],[116.59912,3.6027],[116.59932,3.60256],[116.59926,3.60246],[116.59983,3.60207],[116.59889,3.58927],[116.59592,3.58014],[116.59548,3.57787]]]]},"properties":{"kdprov":"65","kdkab":"01","kdkec":"130","kddesa":"002","kdsls":"0003","idsls":"65011300020003","nmprov":"KALIMANTAN UTARA","nmkab":"MALINAU","nmkec":"MALINAU UTARA","nmdesa":"LUSO","nmsls":"RT 03"}},{"type":"Feature","geometry":{"type":"MultiPolygon","coordinates":[[[[116.59736,3.60484],[116.5954,3.60537],[116.59539,3.60524],[116.59521,3.60433],[116.59525,3.60412],[116.59533,3.6037],[116.59565,3.60305],[116.59215,3.6036],[116.59225,3.60414],[116.59232,3.60487],[116.59238,3.60574],[116.59257,3.60573],[116.59255,3.60577],[116.59252,3.60584],[116.59249,3.60601],[116.59254,3.60629],[116.59271,3.60695],[116.59373,3.60718],[116.59437,3.60737],[116.5952,3.60747],[116.59633,3.60745],[116.59688,3.60741],[116.5974,3.6067],[116.59742,3.60651],[116.5975,3.60589],[116.59753,3.60565],[116.59754,3.60556],[116.59749,3.60536],[116.59736,3.60486],[116.59736,3.60484]]]]},"properties":{"kdprov":"65","kdkab":"01","kdkec":"130","kddesa":"001","kdsls":"0004","idsls":"65011300010004","nmprov":"KALIMANTAN UTARA","nmkab":"MALINAU","nmkec":"MALINAU UTARA","nmdesa":"SEMBUAK WAROD","nmsls":"RT 004"}},{"type":"Feature","geometry":{"type":"MultiPolygon","coordinates":[[[[116.6426,3.61248],[116.64285,3.61271],[116.64323,3.61346],[116.6432,3.61427],[116.64344,3.61463],[116.64358,3.61509],[116.64385,3.61533],[116.64388,3.61535],[116.64418,3.61551],[116.64447,3.61586],[116.64447,3.61627],[116.64445,3.61651],[116.64475,3.61659],[116.6448,3.61699],[116.64686,3.61711],[116.64691,3.61717],[116.64691,3.61721],[116.6469,3.61739],[116.64688,3.61756],[116.64689,3.61765],[116.64695,3.61771],[116.64695,3.61781],[116.64692,3.61786],[116.64689,3.61791],[116.64683,3.61804],[116.64681,3.61813],[116.64679,3.61821],[116.64669,3.61831],[116.64654,3.6186],[116.6464,3.6186],[116.64599,3.61857],[116.6457,3.61853],[116.64561,3.61935],[116.64553,3.61946],[116.64496,3.61942],[116.64451,3.6195],[116.64444,3.61954],[116.6442,3.61967],[116.64419,3.61986],[116.64437,3.62025],[116.64452,3.62026],[116.64464,3.62031],[116.64464,3.62064],[116.64472,3.62095],[116.64481,3.62131],[116.64508,3.62154],[116.64509,3.62191],[116.64497,3.62232],[116.64508,3.62271],[116.64539,3.62307],[116.64572,3.62311],[116.64602,3.62333],[116.64596,3.62363],[116.64624,3.62384],[116.6465,3.62403],[116.6466,3.62432],[116.64659,3.62469],[116.64658,3.62485],[116.64657,3.62505],[116.64663,3.62543],[116.64682,3.62546],[116.64703,3.62546],[116.64738,3.62543],[116.64774,3.62565],[116.64792,3.62615],[116.6479,3.62642],[116.64775,3.62668],[116.64757,3.62748],[116.64488,3.63045],[116.64401,3.63169],[116.64381,3.63197],[116.64176,3.63358],[116.6398,3.6351],[116.63882,3.63707],[116.63623,3.63913],[116.63748,3.64092],[116.6373,3.64244],[116.63775,3.64325],[116.63926,3.64459],[116.63864,3.64585],[116.63792,3.64665],[116.63855,3.64692],[116.63971,3.64612],[116.64024,3.64701],[116.64078,3.6488],[116.64069,3.64943],[116.64042,3.65015],[116.6414,3.65122],[116.64167,3.6523],[116.64283,3.65158],[116.64407,3.65167],[116.6447,3.65257],[116.6451,3.65431],[116.64697,3.65682],[116.64795,3.6579],[116.64911,3.65817],[116.64991,3.65924],[116.65062,3.65978],[116.65258,3.65862],[116.65348,3.6562],[116.65404,3.6555],[116.6545,3.65492],[116.65208,3.62094],[116.65194,3.61954],[116.65185,3.61871],[116.65176,3.61862],[116.65165,3.61785],[116.65093,3.609],[116.65012,3.60939],[116.64939,3.60944],[116.6473,3.60892],[116.64568,3.60897],[116.64396,3.60975],[116.64395,3.60975],[116.64401,3.61165],[116.6426,3.61248]]]]},"properties":{"kdprov":"65","kdkab":"01","kdkec":"130","kddesa":"006","kdsls":"0001","idsls":"65011300060001","nmprov":"KALIMANTAN UTARA","nmkab":"MALINAU","nmkec":"MALINAU UTARA","nmdesa":"LUBAK MANIS","nmsls":"RT 001"}},{"type":"Feature","geometry":{"type":"MultiPolygon","coordinates":[[[[116.65744,3.62951],[116.65745,3.62947],[116.65777,3.62915],[116.65798,3.62895],[116.65754,3.62836],[116.6575,3.62753],[116.65743,3.62736],[116.65731,3.62724],[116.65673,3.62686],[116.65637,3.6266],[116.65565,3.6258],[116.65555,3.62568],[116.6555,3.6255],[116.65537,3.62491],[116.65533,3.62448],[116.65518,3.62435],[116.65483,3.62437],[116.65456,3.62446],[116.65433,3.62442],[116.6542,3.62418],[116.65402,3.62373],[116.65391,3.62363],[116.65376,3.62347],[116.65359,3.6233],[116.65348,3.62306],[116.65351,3.62276],[116.65375,3.62255],[116.65433,3.62203],[116.65434,3.62192],[116.6541,3.62142],[116.65407,3.62059],[116.65407,3.62036],[116.65412,3.61928],[116.65412,3.61922],[116.65412,3.61887],[116.65403,3.61836],[116.65392,3.61837],[116.65377,3.61837],[116.65361,3.61839],[116.6534,3.61844],[116.65319,3.61847],[116.65299,3.6185],[116.6528,3.61851],[116.65264,3.61852],[116.65226,3.61855],[116.65209,3.61858],[116.65189,3.61861],[116.65176,3.61862],[116.65185,3.61871],[116.65194,3.61954],[116.65208,3.62094],[116.6545,3.65492],[116.65455,3.65486],[116.65544,3.6545],[116.65544,3.65333],[116.65749,3.65244],[116.6582,3.65199],[116.65749,3.65038],[116.65785,3.64904],[116.65749,3.64751],[116.6574,3.64626],[116.65785,3.64527],[116.65642,3.64438],[116.65732,3.64357],[116.65803,3.64223],[116.65683,3.64039],[116.6562,3.63878],[116.65549,3.63735],[116.65594,3.636],[116.65717,3.63484],[116.65727,3.63475],[116.65754,3.63323],[116.65763,3.63206],[116.65683,3.63135],[116.65719,3.63063],[116.65744,3.62951]]]]},"properties":{"kdprov":"65","kdkab":"01","kdkec":"130","kddesa":"006","kdsls":"0003","idsls":"65011300060003","nmprov":"KALIMANTAN UTARA","nmkab":"MALINAU","nmkec":"MALINAU UTARA","nmdesa":"LUBAK MANIS","nmsls":"RT 003"}},{"type":"Feature","geometry":{"type":"MultiPolygon","coordinates":[[[[116.64388,3.61535],[116.64383,3.61548],[116.64367,3.61574],[116.64322,3.61609],[116.64255,3.61655],[116.64244,3.61686],[116.64191,3.61714],[116.64178,3.6172],[116.64161,3.61727],[116.6419,3.61824],[116.64177,3.61824],[116.64151,3.61828],[116.64098,3.61835],[116.64106,3.61858],[116.64148,3.6185],[116.64155,3.61854],[116.64166,3.61859],[116.64179,3.61874],[116.64188,3.61882],[116.64197,3.61875],[116.64205,3.61868],[116.64214,3.6186],[116.64229,3.6186],[116.64237,3.61866],[116.64242,3.6187],[116.64249,3.61875],[116.64257,3.61878],[116.64263,3.61881],[116.6427,3.61882],[116.64274,3.6188],[116.64275,3.61876],[116.64274,3.61868],[116.6427,3.61862],[116.64269,3.61857],[116.6427,3.6185],[116.64275,3.61844],[116.6428,3.61841],[116.64287,3.61839],[116.64296,3.61841],[116.64307,3.61848],[116.64317,3.61853],[116.6433,3.61864],[116.64345,3.61876],[116.64356,3.61888],[116.64364,3.61901],[116.64365,3.61911],[116.64365,3.61925],[116.64367,3.61937],[116.64368,3.61947],[116.64374,3.61954],[116.64378,3.61956],[116.64389,3.61955],[116.64394,3.61951],[116.64401,3.61948],[116.64409,3.61948],[116.6442,3.61948],[116.64429,3.61948],[116.6444,3.61946],[116.64446,3.61944],[116.64451,3.61936],[116.64453,3.61927],[116.64451,3.61919],[116.64445,3.61911],[116.6444,3.61901],[116.64436,3.61894],[116.64438,3.61887],[116.64441,3.61882],[116.64449,3.61877],[116.64467,3.61871],[116.64482,3.61867],[116.645,3.61863],[116.64514,3.61865],[116.64526,3.61866],[116.64533,3.61863],[116.64538,3.61853],[116.64541,3.61842],[116.6457,3.61853],[116.64599,3.61857],[116.6464,3.6186],[116.64654,3.6186],[116.64669,3.61831],[116.64679,3.61821],[116.64681,3.61813],[116.64683,3.61804],[116.64689,3.61791],[116.64692,3.61786],[116.64695,3.61781],[116.64695,3.61771],[116.64689,3.61765],[116.64688,3.61756],[116.6469,3.61739],[116.64691,3.61721],[116.64691,3.61717],[116.64686,3.61711],[116.6448,3.61699],[116.64475,3.61659],[116.64445,3.61651],[116.64447,3.61627],[116.64447,3.61586],[116.64418,3.61551],[116.64388,3.61535]]]]},"properties":{"kdprov":"65","kdkab":"01","kdkec":"130","kddesa":"004","kdsls":"0003","idsls":"65011300040003","nmprov":"KALIMANTAN UTARA","nmkab":"MALINAU","nmkec":"MALINAU UTARA","nmdesa":"KALIAMOK","nmsls":"RT 003"}},{"type":"Feature","geometry":{"type":"MultiPolygon","coordinates":[[[[116.64388,3.61535],[116.64385,3.61533],[116.64358,3.61509],[116.64344,3.61463],[116.6432,3.61427],[116.64323,3.61346],[116.64285,3.61271],[116.6426,3.61248],[116.64259,3.61249],[116.6416,3.61264],[116.63993,3.61285],[116.63825,3.61296],[116.6371,3.61301],[116.63689,3.61301],[116.63595,3.61301],[116.63539,3.61291],[116.63454,3.61277],[116.63439,3.61274],[116.63408,3.61352],[116.63552,3.61437],[116.63511,3.61524],[116.63515,3.61631],[116.63566,3.61678],[116.63601,3.61696],[116.63647,3.61716],[116.63664,3.61739],[116.63693,3.61759],[116.63736,3.6178],[116.63766,3.61787],[116.63782,3.61799],[116.63812,3.61811],[116.63867,3.61813],[116.63883,3.61806],[116.63906,3.61803],[116.6393,3.61803],[116.63975,3.61793],[116.64008,3.61793],[116.64033,3.61786],[116.64068,3.61769],[116.64129,3.61742],[116.64144,3.61735],[116.64161,3.61727],[116.64178,3.6172],[116.64191,3.61714],[116.64244,3.61686],[116.64255,3.61655],[116.64322,3.61609],[116.64367,3.61574],[116.64383,3.61548],[116.64388,3.61535]]]]},"properties":{"kdprov":"65","kdkab":"01","kdkec":"130","kddesa":"004","kdsls":"1001","idsls":"65011300041001","nmprov":"KALIMANTAN UTARA","nmkab":"MALINAU","nmkec":"MALINAU UTARA","nmdesa":"KALIAMOK","nmsls":"SAWAH"}},{"type":"Feature","geometry":{"type":"MultiPolygon","coordinates":[[[[116.65533,3.62448],[116.65537,3.62491],[116.6555,3.6255],[116.65555,3.62568],[116.65565,3.6258],[116.65637,3.6266],[116.65673,3.62686],[116.65731,3.62724],[116.65743,3.62736],[116.6575,3.62753],[116.65754,3.62836],[116.65798,3.62895],[116.65777,3.62915],[116.65745,3.62947],[116.65744,3.62951],[116.6586,3.63002],[116.65906,3.63068],[116.65914,3.63159],[116.65906,3.63262],[116.6594,3.6341],[116.66035,3.63524],[116.66121,3.63597],[116.66292,3.635],[116.66389,3.63452],[116.6651,3.63417],[116.66552,3.63404],[116.66619,3.63398],[116.66671,3.63376],[116.66651,3.63261],[116.66671,3.63252],[116.66701,3.63237],[116.6674,3.63206],[116.66769,3.6318],[116.66792,3.6309],[116.66803,3.63039],[116.66814,3.62981],[116.66821,3.62937],[116.66817,3.62898],[116.66792,3.6285],[116.66768,3.62813],[116.66752,3.62784],[116.66789,3.62761],[116.66864,3.62712],[116.66892,3.62694],[116.66892,3.62695],[116.66926,3.6267],[116.66886,3.62559],[116.66813,3.6239],[116.66785,3.62262],[116.66767,3.62218],[116.66765,3.62213],[116.66762,3.62201],[116.6663,3.62248],[116.66605,3.62264],[116.66529,3.62311],[116.66483,3.62381],[116.66464,3.62443],[116.66482,3.62508],[116.66503,3.6258],[116.66444,3.62598],[116.66368,3.62581],[116.66303,3.62539],[116.66233,3.6248],[116.66181,3.6242],[116.66148,3.62357],[116.66161,3.62298],[116.66149,3.62271],[116.66139,3.62232],[116.66099,3.62216],[116.66072,3.62241],[116.66034,3.62298],[116.66006,3.62358],[116.65999,3.62408],[116.6596,3.62445],[116.65902,3.62452],[116.65859,3.62451],[116.65826,3.62424],[116.65804,3.62385],[116.65774,3.62382],[116.65754,3.6237],[116.65717,3.62359],[116.65686,3.62362],[116.65652,3.62371],[116.65619,3.62391],[116.65615,3.62394],[116.65605,3.62408],[116.65598,3.62417],[116.65581,3.62433],[116.65562,3.62438],[116.65559,3.62439],[116.65559,3.62439],[116.65557,3.6244],[116.65542,3.62445],[116.65542,3.62445],[116.65533,3.62448]]]]},"properties":{"kdprov":"65","kdkab":"01","kdkec":"130","kddesa":"008","kdsls":"0004","idsls":"65011300080004","nmprov":"KALIMANTAN UTARA","nmkab":"MALINAU","nmkec":"MALINAU UTARA","nmdesa":"KELAPIS","nmsls":"RT 004"}},{"type":"Feature","geometry":{"type":"MultiPolygon","coordinates":[[[[116.65093,3.609],[116.65165,3.61785],[116.65176,3.61862],[116.65189,3.61861],[116.65209,3.61858],[116.65226,3.61855],[116.65264,3.61852],[116.6528,3.61851],[116.65299,3.6185],[116.65319,3.61847],[116.6534,3.61844],[116.65361,3.61839],[116.65377,3.61837],[116.65392,3.61837],[116.65403,3.61836],[116.65403,3.61821],[116.65392,3.61779],[116.65381,3.61741],[116.65387,3.61723],[116.65401,3.61684],[116.65419,3.61687],[116.65424,3.61688],[116.65449,3.61692],[116.6554,3.61699],[116.65591,3.61702],[116.65669,3.61689],[116.65712,3.61671],[116.6576,3.61651],[116.65851,3.61583],[116.65919,3.61511],[116.65964,3.61454],[116.65974,3.61441],[116.66049,3.61388],[116.66126,3.61369],[116.66182,3.61375],[116.66243,3.61418],[116.66294,3.6148],[116.66341,3.61529],[116.66404,3.61581],[116.66451,3.6163],[116.66455,3.61634],[116.6655,3.61731],[116.66594,3.61765],[116.666,3.6177],[116.66699,3.61847],[116.66699,3.61842],[116.66755,3.619],[116.66755,3.61877],[116.66757,3.6181],[116.66765,3.61755],[116.66774,3.61694],[116.6678,3.61652],[116.66773,3.61604],[116.66764,3.61546],[116.66757,3.61502],[116.66746,3.61453],[116.66734,3.614],[116.66723,3.61355],[116.66714,3.61313],[116.66695,3.61269],[116.66678,3.61231],[116.66674,3.61221],[116.66662,3.61193],[116.66659,3.6116],[116.66634,3.6114],[116.66605,3.61104],[116.66592,3.61089],[116.66574,3.6107],[116.66543,3.61035],[116.6652,3.6101],[116.66506,3.60995],[116.66505,3.60995],[116.6646,3.60976],[116.66422,3.6096],[116.66385,3.60945],[116.66348,3.6093],[116.66277,3.60928],[116.66228,3.60928],[116.66178,3.60928],[116.66143,3.60929],[116.66095,3.60929],[116.66051,3.60929],[116.66015,3.6093],[116.65974,3.60929],[116.65909,3.60927],[116.65844,3.60925],[116.65797,3.60924],[116.65744,3.60922],[116.65662,3.60915],[116.65608,3.6091],[116.65564,3.60907],[116.6552,3.60903],[116.65473,3.60899],[116.65434,3.60885],[116.65385,3.60868],[116.65362,3.6086],[116.65325,3.60847],[116.65282,3.60832],[116.65233,3.60814],[116.65222,3.60809],[116.65157,3.60868],[116.65154,3.60871],[116.65093,3.609]]]]},"properties":{"kdprov":"65","kdkab":"01","kdkec":"130","kddesa":"006","kdsls":"0002","idsls":"65011300060002","nmprov":"KALIMANTAN UTARA","nmkab":"MALINAU","nmkec":"MALINAU UTARA","nmdesa":"LUBAK MANIS","nmsls":"RT 002"}},{"type":"Feature","geometry":{"type":"MultiPolygon","coordinates":[[[[116.66926,3.6267],[116.66892,3.62695],[116.66892,3.62694],[116.66864,3.62712],[116.66789,3.62761],[116.66752,3.62784],[116.66768,3.62813],[116.66792,3.6285],[116.66817,3.62898],[116.66821,3.62937],[116.66814,3.62981],[116.66803,3.63039],[116.66792,3.6309],[116.6684,3.63114],[116.66852,3.6312],[116.66864,3.63125],[116.6687,3.6313],[116.66879,3.63134],[116.669,3.63143],[116.66905,3.63134],[116.66929,3.63145],[116.6694,3.63152],[116.66946,3.63157],[116.66968,3.63169],[116.66974,3.63158],[116.66989,3.63123],[116.67019,3.63068],[116.6704,3.63029],[116.67074,3.62966],[116.67096,3.62924],[116.67041,3.62842],[116.66941,3.6271],[116.66926,3.6267]]]]},"properties":{"kdprov":"65","kdkab":"01","kdkec":"130","kddesa":"008","kdsls":"0001","idsls":"65011300080001","nmprov":"KALIMANTAN UTARA","nmkab":"MALINAU","nmkec":"MALINAU UTARA","nmdesa":"KELAPIS","nmsls":"RT 001"}},{"type":"Feature","geometry":{"type":"MultiPolygon","coordinates":[[[[116.64188,3.61882],[116.64179,3.61874],[116.64166,3.61859],[116.64155,3.61854],[116.64148,3.6185],[116.64106,3.61858],[116.64098,3.61835],[116.64005,3.61854],[116.63988,3.61858],[116.63993,3.61886],[116.63998,3.61908],[116.63958,3.61917],[116.63962,3.61938],[116.63969,3.61967],[116.6398,3.62015],[116.63925,3.6203],[116.63894,3.62032],[116.63906,3.62115],[116.63915,3.62131],[116.63933,3.62153],[116.63951,3.62172],[116.63969,3.6219],[116.63976,3.62208],[116.63982,3.62236],[116.63979,3.6225],[116.63973,3.6226],[116.63966,3.62273],[116.63967,3.62288],[116.63965,3.62303],[116.63953,3.62309],[116.63948,3.62333],[116.63954,3.62341],[116.63951,3.62359],[116.6394,3.6237],[116.6392,3.62375],[116.63911,3.62387],[116.6391,3.62401],[116.63922,3.62417],[116.63937,3.62429],[116.63948,3.6244],[116.63951,3.62456],[116.63955,3.6247],[116.63947,3.62475],[116.63945,3.62485],[116.6395,3.62496],[116.63942,3.62514],[116.6393,3.62524],[116.63919,3.62539],[116.63907,3.62559],[116.63898,3.62574],[116.63885,3.62593],[116.63873,3.62613],[116.63861,3.62635],[116.63856,3.62659],[116.63849,3.62686],[116.63845,3.6272],[116.63836,3.6273],[116.63825,3.62737],[116.63805,3.62753],[116.63792,3.62751],[116.63773,3.62767],[116.63765,3.62793],[116.63756,3.62816],[116.63739,3.62864],[116.6373,3.62881],[116.63712,3.62903],[116.63679,3.6296],[116.63662,3.63003],[116.6365,3.63036],[116.6364,3.63069],[116.63633,3.63079],[116.63618,3.631],[116.63597,3.63121],[116.63558,3.63151],[116.63539,3.63166],[116.63529,3.63201],[116.63514,3.63323],[116.635,3.63415],[116.63482,3.63511],[116.63461,3.63585],[116.63438,3.63604],[116.63425,3.63633],[116.63425,3.63666],[116.63419,3.63691],[116.63407,3.63717],[116.63394,3.63743],[116.63376,3.63776],[116.63355,3.63811],[116.63342,3.63835],[116.63347,3.63855],[116.63372,3.63875],[116.63411,3.63879],[116.63453,3.63868],[116.63491,3.63822],[116.63544,3.63774],[116.63549,3.63757],[116.63585,3.6373],[116.63595,3.63697],[116.63597,3.63657],[116.63606,3.63585],[116.63617,3.63545],[116.63628,3.63482],[116.63642,3.63433],[116.63669,3.63323],[116.63672,3.63301],[116.6368,3.63261],[116.63691,3.63219],[116.63728,3.63171],[116.63749,3.63148],[116.63779,3.63113],[116.63808,3.63065],[116.63818,3.63036],[116.63827,3.63002],[116.63855,3.62969],[116.63875,3.62954],[116.63914,3.62934],[116.63942,3.62912],[116.63967,3.6288],[116.63993,3.62778],[116.63998,3.62732],[116.64017,3.62662],[116.64031,3.6264],[116.64052,3.62606],[116.64081,3.6256],[116.64104,3.62527],[116.64141,3.6244],[116.64159,3.62385],[116.64163,3.6232],[116.64157,3.62244],[116.64144,3.62173],[116.64132,3.62097],[116.64121,3.62041],[116.64119,3.62013],[116.64135,3.61996],[116.64148,3.61981],[116.64155,3.61959],[116.64159,3.61941],[116.64174,3.61931],[116.64186,3.61914],[116.64189,3.61901],[116.64188,3.61882]]]]},"properties":{"kdprov":"65","kdkab":"01","kdkec":"130","kddesa":"004","kdsls":"0004","idsls":"65011300040004","nmprov":"KALIMANTAN UTARA","nmkab":"MALINAU","nmkec":"MALINAU UTARA","nmdesa":"KALIAMOK","nmsls":"RT 004"}},{"type":"Feature","geometry":{"type":"MultiPolygon","coordinates":[[[[116.71162,3.69065],[116.71302,3.69059],[116.71365,3.69053],[116.71553,3.69052],[116.71511,3.68553],[116.71319,3.68561],[116.71248,3.68613],[116.7113,3.6869],[116.71162,3.69065]]]]},"properties":{"kdprov":"65","kdkab":"01","kdkec":"130","kddesa":"012","kdsls":"0001","idsls":"65011300120001","nmprov":"KALIMANTAN UTARA","nmkab":"MALINAU","nmkec":"MALINAU UTARA","nmdesa":"SERUYUNG","nmsls":"RT 001"}},{"type":"Feature","geometry":{"type":"MultiPolygon","coordinates":[[[[116.68692,3.65605],[116.68718,3.6554],[116.68726,3.65521],[116.68727,3.65521],[116.68727,3.65519],[116.68714,3.65494],[116.68715,3.65469],[116.68738,3.65432],[116.68714,3.65422],[116.68685,3.65409],[116.68662,3.65395],[116.68608,3.6538],[116.68568,3.65366],[116.68538,3.65355],[116.68521,3.65339],[116.68475,3.65308],[116.68444,3.65285],[116.68412,3.65269],[116.6837,3.65256],[116.68325,3.65238],[116.68298,3.65222],[116.68274,3.65199],[116.68248,3.65172],[116.68221,3.65131],[116.68217,3.65127],[116.6819,3.65233],[116.68211,3.65246],[116.68228,3.65259],[116.68189,3.65307],[116.68196,3.65313],[116.68159,3.65361],[116.68183,3.65368],[116.68205,3.6539],[116.68221,3.65417],[116.68231,3.65431],[116.68263,3.65458],[116.68301,3.65487],[116.68331,3.65503],[116.68364,3.65503],[116.68388,3.65495],[116.68479,3.65474],[116.68522,3.65488],[116.68566,3.65503],[116.68602,3.65534],[116.68646,3.65575],[116.68692,3.65605]]]]},"properties":{"kdprov":"65","kdkab":"01","kdkec":"130","kddesa":"010","kdsls":"0003","idsls":"65011300100003","nmprov":"KALIMANTAN UTARA","nmkab":"MALINAU","nmkec":"MALINAU UTARA","nmdesa":"PUTAT","nmsls":"RT 03"}},{"type":"Feature","geometry":{"type":"MultiPolygon","coordinates":[[[[116.71553,3.69052],[116.71365,3.69053],[116.71302,3.69059],[116.71162,3.69065],[116.7119,3.69392],[116.71359,3.694],[116.71568,3.69235],[116.71553,3.69052]]]]},"properties":{"kdprov":"65","kdkab":"01","kdkec":"130","kddesa":"012","kdsls":"0002","idsls":"65011300120002","nmprov":"KALIMANTAN UTARA","nmkab":"MALINAU","nmkec":"MALINAU UTARA","nmdesa":"SERUYUNG","nmsls":"RT 002"}},{"type":"Feature","geometry":{"type":"MultiPolygon","coordinates":[[[[116.68738,3.65432],[116.68781,3.6545],[116.68832,3.65475],[116.68855,3.65484],[116.68872,3.65484],[116.68894,3.65472],[116.68911,3.65463],[116.68926,3.6546],[116.68968,3.65461],[116.68988,3.6546],[116.68991,3.65422],[116.68986,3.65386],[116.68973,3.65354],[116.68965,3.65358],[116.68924,3.65376],[116.68872,3.65378],[116.68848,3.65377],[116.68803,3.65377],[116.68769,3.65382],[116.68759,3.65389],[116.68738,3.65432]]]]},"properties":{"kdprov":"65","kdkab":"01","kdkec":"130","kddesa":"011","kdsls":"0001","idsls":"65011300110001","nmprov":"KALIMANTAN UTARA","nmkab":"MALINAU","nmkec":"MALINAU UTARA","nmdesa":"SALAP","nmsls":"RT 001"}},{"type":"Feature","geometry":{"type":"MultiPolygon","coordinates":[[[[116.68988,3.6546],[116.68968,3.65461],[116.68926,3.6546],[116.68911,3.65463],[116.68894,3.65472],[116.68872,3.65484],[116.68855,3.65484],[116.68832,3.65475],[116.68781,3.6545],[116.68738,3.65432],[116.68715,3.65469],[116.68714,3.65494],[116.68727,3.65519],[116.68727,3.65521],[116.68726,3.65521],[116.68718,3.6554],[116.68692,3.65605],[116.68676,3.65644],[116.6867,3.65659],[116.69006,3.65753],[116.69321,3.65822],[116.69329,3.65814],[116.69321,3.65781],[116.69298,3.65731],[116.69268,3.65674],[116.69244,3.65631],[116.69212,3.65599],[116.69177,3.65566],[116.69151,3.65546],[116.69122,3.65522],[116.69094,3.65501],[116.69071,3.65476],[116.69055,3.65469],[116.69027,3.65466],[116.68988,3.6546]]]]},"properties":{"kdprov":"65","kdkab":"01","kdkec":"130","kddesa":"011","kdsls":"0003","idsls":"65011300110003","nmprov":"KALIMANTAN UTARA","nmkab":"MALINAU","nmkec":"MALINAU UTARA","nmdesa":"SALAP","nmsls":"RT 003"}},{"type":"Feature","geometry":{"type":"MultiPolygon","coordinates":[[[[116.65712,3.61671],[116.65753,3.61746],[116.65772,3.61737],[116.65796,3.61726],[116.65823,3.6171],[116.65844,3.61691],[116.65871,3.61665],[116.65894,3.61636],[116.65944,3.61569],[116.65965,3.61534],[116.65983,3.61504],[116.65964,3.61454],[116.65919,3.61511],[116.65851,3.61583],[116.6576,3.61651],[116.65712,3.61671]]]]},"properties":{"kdprov":"65","kdkab":"01","kdkec":"130","kddesa":"007","kdsls":"0002","idsls":"65011300070002","nmprov":"KALIMANTAN UTARA","nmkab":"MALINAU","nmkec":"MALINAU UTARA","nmdesa":"SEMENGARIS","nmsls":"RT 002"}},{"type":"Feature","geometry":{"type":"MultiPolygon","coordinates":[[[[116.71316,3.6977],[116.71331,3.69767],[116.71337,3.69769],[116.71335,3.69709],[116.7134,3.69641],[116.71344,3.69591],[116.71355,3.69472],[116.71359,3.694],[116.7119,3.69392],[116.71162,3.69065],[116.7113,3.6869],[116.71248,3.68613],[116.71226,3.68555],[116.71177,3.68538],[116.71148,3.68509],[116.71104,3.6846],[116.71053,3.68394],[116.71013,3.68376],[116.70975,3.6835],[116.70964,3.68303],[116.70954,3.683],[116.70821,3.6838],[116.70788,3.684],[116.70603,3.68585],[116.70381,3.68826],[116.70197,3.69234],[116.69883,3.69624],[116.69765,3.69834],[116.69745,3.69869],[116.69745,3.69869],[116.69567,3.7019],[116.69881,3.70002],[116.69907,3.69995],[116.6992,3.69992],[116.69939,3.69988],[116.70145,3.69939],[116.70261,3.69924],[116.7033,3.69916],[116.70554,3.69888],[116.70833,3.6986],[116.70981,3.69844],[116.71316,3.6977]]]]},"properties":{"kdprov":"65","kdkab":"01","kdkec":"130","kddesa":"012","kdsls":"2001","idsls":"65011300122001","nmprov":"KALIMANTAN UTARA","nmkab":"MALINAU","nmkec":"MALINAU UTARA","nmdesa":"SERUYUNG","nmsls":"HUTAN"}},{"type":"Feature","geometry":{"type":"MultiPolygon","coordinates":[[[[116.66769,3.6318],[116.6674,3.63206],[116.66701,3.63237],[116.66671,3.63252],[116.66651,3.63261],[116.66671,3.63376],[116.66619,3.63398],[116.66552,3.63404],[116.6651,3.63417],[116.66389,3.63452],[116.66292,3.635],[116.66121,3.63597],[116.66112,3.63733],[116.66112,3.63807],[116.6622,3.63873],[116.66292,3.63804],[116.66404,3.63653],[116.66527,3.63601],[116.66753,3.63561],[116.66827,3.63561],[116.66901,3.63641],[116.66961,3.63796],[116.6703,3.63793],[116.67245,3.63761],[116.67328,3.63593],[116.67405,3.63439],[116.67416,3.63416],[116.67458,3.63331],[116.67498,3.63223],[116.67416,3.63212],[116.67311,3.6313],[116.673,3.63123],[116.67263,3.63192],[116.67263,3.63192],[116.67232,3.63235],[116.67194,3.63285],[116.67146,3.63344],[116.6711,3.63371],[116.67098,3.63368],[116.66913,3.63285],[116.66911,3.63285],[116.66844,3.63259],[116.66853,3.6324],[116.6687,3.63207],[116.66848,3.63197],[116.66833,3.6319],[116.66816,3.63189],[116.66769,3.6318]]]]},"properties":{"kdprov":"65","kdkab":"01","kdkec":"130","kddesa":"008","kdsls":"0003","idsls":"65011300080003","nmprov":"KALIMANTAN UTARA","nmkab":"MALINAU","nmkec":"MALINAU UTARA","nmdesa":"KELAPIS","nmsls":"RT 003"}},{"type":"Feature","geometry":{"type":"MultiPolygon","coordinates":[[[[116.6819,3.65233],[116.68217,3.65127],[116.68197,3.65112],[116.68173,3.65106],[116.68157,3.65102],[116.68117,3.65091],[116.68077,3.65078],[116.68047,3.65064],[116.6802,3.65051],[116.67994,3.65087],[116.67925,3.65182],[116.67948,3.65201],[116.67968,3.65217],[116.6799,3.65235],[116.6802,3.65259],[116.68038,3.65282],[116.68055,3.65298],[116.68075,3.65317],[116.68096,3.65335],[116.68103,3.65338],[116.68144,3.65275],[116.68171,3.6523],[116.68173,3.65225],[116.6819,3.65233]]]]},"properties":{"kdprov":"65","kdkab":"01","kdkec":"130","kddesa":"010","kdsls":"0001","idsls":"65011300100001","nmprov":"KALIMANTAN UTARA","nmkab":"MALINAU","nmkec":"MALINAU UTARA","nmdesa":"PUTAT","nmsls":"RT 01"}},{"type":"Feature","geometry":{"type":"MultiPolygon","coordinates":[[[[116.59271,3.60695],[116.59254,3.60629],[116.59249,3.60601],[116.59252,3.60584],[116.59255,3.60577],[116.59257,3.60573],[116.59238,3.60574],[116.59232,3.60487],[116.59225,3.60414],[116.59215,3.6036],[116.58935,3.60436],[116.58989,3.60653],[116.59019,3.60711],[116.59157,3.60784],[116.59162,3.60727],[116.5918,3.60701],[116.59236,3.60694],[116.59271,3.60695]]]]},"properties":{"kdprov":"65","kdkab":"01","kdkec":"130","kddesa":"001","kdsls":"0003","idsls":"65011300010003","nmprov":"KALIMANTAN UTARA","nmkab":"MALINAU","nmkec":"MALINAU UTARA","nmdesa":"SEMBUAK WAROD","nmsls":"RT 003 DUSUN SEMBUAK WAROD"}},{"type":"Feature","geometry":{"type":"MultiPolygon","coordinates":[[[[116.61477,3.59474],[116.61518,3.59425],[116.6157,3.59342],[116.61579,3.59327],[116.61698,3.59284],[116.61801,3.59263],[116.61907,3.59252],[116.6194,3.59256],[116.6195,3.59256],[116.61963,3.59261],[116.61963,3.59261],[116.62077,3.5912],[116.62076,3.5912],[116.62042,3.59096],[116.62011,3.59062],[116.61972,3.59029],[116.61947,3.59009],[116.61906,3.58974],[116.61906,3.58973],[116.61873,3.58936],[116.6184,3.589],[116.61771,3.58912],[116.61739,3.58918],[116.61711,3.58923],[116.61666,3.58928],[116.616,3.58942],[116.61522,3.58971],[116.61487,3.58984],[116.61435,3.59007],[116.61402,3.59032],[116.61371,3.59059],[116.61348,3.59076],[116.61332,3.59097],[116.61324,3.59114],[116.61322,3.59118],[116.6132,3.59144],[116.61327,3.59193],[116.61333,3.59233],[116.6134,3.59288],[116.61352,3.594],[116.61393,3.59425],[116.61477,3.59474]]]]},"properties":{"kdprov":"65","kdkab":"01","kdkec":"130","kddesa":"005","kdsls":"0001","idsls":"65011300050001","nmprov":"KALIMANTAN UTARA","nmkab":"MALINAU","nmkec":"MALINAU UTARA","nmdesa":"MALINAU SEBERANG","nmsls":"RT 001"}},{"type":"Feature","geometry":{"type":"MultiPolygon","coordinates":[[[[116.61534,3.59713],[116.61535,3.59695],[116.61558,3.59524],[116.61483,3.59477],[116.61393,3.59425],[116.61352,3.594],[116.61349,3.59423],[116.61345,3.59448],[116.61336,3.59485],[116.61326,3.59517],[116.61316,3.59547],[116.61309,3.59572],[116.61292,3.59604],[116.61275,3.59629],[116.61247,3.59666],[116.61264,3.59679],[116.61322,3.5972],[116.61377,3.59762],[116.61395,3.59776],[116.61418,3.5974],[116.61461,3.59759],[116.61534,3.59713]]]]},"properties":{"kdprov":"65","kdkab":"01","kdkec":"130","kddesa":"003","kdsls":"0001","idsls":"65011300030001","nmprov":"KALIMANTAN UTARA","nmkab":"MALINAU","nmkec":"MALINAU UTARA","nmdesa":"RESPEN TUBU","nmsls":"RT 01"}},{"type":"Feature","geometry":{"type":"MultiPolygon","coordinates":[[[[116.66755,3.619],[116.66699,3.61842],[116.66699,3.61847],[116.666,3.6177],[116.66594,3.61765],[116.6655,3.61731],[116.66455,3.61634],[116.66451,3.6163],[116.66404,3.61581],[116.66341,3.61529],[116.66294,3.6148],[116.66243,3.61418],[116.66182,3.61375],[116.66126,3.61369],[116.66049,3.61388],[116.65974,3.61441],[116.65964,3.61454],[116.65983,3.61504],[116.65965,3.61534],[116.65944,3.61569],[116.65894,3.61636],[116.65871,3.61665],[116.65844,3.61691],[116.65823,3.6171],[116.65796,3.61726],[116.65772,3.61737],[116.65753,3.61746],[116.65731,3.61758],[116.65706,3.61775],[116.65682,3.6179],[116.65663,3.61805],[116.65661,3.61828],[116.65657,3.61849],[116.65638,3.61868],[116.65559,3.61947],[116.65522,3.62007],[116.6549,3.62042],[116.6546,3.62052],[116.65407,3.62059],[116.6541,3.62142],[116.65434,3.62192],[116.65433,3.62203],[116.65375,3.62255],[116.65351,3.62276],[116.65348,3.62306],[116.65359,3.6233],[116.65376,3.62347],[116.65391,3.62363],[116.65402,3.62373],[116.6542,3.62418],[116.65433,3.62442],[116.65456,3.62446],[116.65483,3.62437],[116.65518,3.62435],[116.65533,3.62448],[116.65542,3.62445],[116.65542,3.62445],[116.65557,3.6244],[116.65559,3.62439],[116.65559,3.62439],[116.65562,3.62438],[116.65581,3.62433],[116.65598,3.62417],[116.65605,3.62408],[116.65615,3.62394],[116.65619,3.62391],[116.65652,3.62371],[116.65686,3.62362],[116.65717,3.62359],[116.65754,3.6237],[116.65774,3.62382],[116.65804,3.62385],[116.65826,3.62424],[116.65859,3.62451],[116.65902,3.62452],[116.6596,3.62445],[116.65999,3.62408],[116.66006,3.62358],[116.66034,3.62298],[116.66072,3.62241],[116.66099,3.62216],[116.66139,3.62232],[116.66149,3.62271],[116.66161,3.62298],[116.66148,3.62357],[116.66181,3.6242],[116.66233,3.6248],[116.66303,3.62539],[116.66368,3.62581],[116.66444,3.62598],[116.66503,3.6258],[116.66482,3.62508],[116.66464,3.62443],[116.66483,3.62381],[116.66529,3.62311],[116.66605,3.62264],[116.6663,3.62248],[116.66762,3.62201],[116.6675,3.62156],[116.66751,3.62116],[116.66753,3.62028],[116.66754,3.61974],[116.66755,3.61923],[116.66755,3.619]]]]},"properties":{"kdprov":"65","kdkab":"01","kdkec":"130","kddesa":"007","kdsls":"2001","idsls":"65011300072001","nmprov":"KALIMANTAN UTARA","nmkab":"MALINAU","nmkec":"MALINAU UTARA","nmdesa":"SEMENGARIS","nmsls":"HUTAN"}},{"type":"Feature","geometry":{"type":"MultiPolygon","coordinates":[[[[116.65407,3.62059],[116.6546,3.62052],[116.6549,3.62042],[116.65522,3.62007],[116.65559,3.61947],[116.65638,3.61868],[116.65657,3.61849],[116.65661,3.61828],[116.65663,3.61805],[116.65682,3.6179],[116.65706,3.61775],[116.65731,3.61758],[116.65753,3.61746],[116.65712,3.61671],[116.65669,3.61689],[116.65591,3.61702],[116.6554,3.61699],[116.65449,3.61692],[116.65424,3.61688],[116.65419,3.61687],[116.65401,3.61684],[116.65387,3.61723],[116.65381,3.61741],[116.65392,3.61779],[116.65403,3.61821],[116.65403,3.61836],[116.65412,3.61887],[116.65412,3.61922],[116.65412,3.61928],[116.65407,3.62036],[116.65407,3.62059]]]]},"properties":{"kdprov":"65","kdkab":"01","kdkec":"130","kddesa":"007","kdsls":"0001","idsls":"65011300070001","nmprov":"KALIMANTAN UTARA","nmkab":"MALINAU","nmkec":"MALINAU UTARA","nmdesa":"SEMENGARIS","nmsls":"RT 001"}},{"type":"Feature","geometry":{"type":"MultiPolygon","coordinates":[[[[116.74416,3.67807],[116.74227,3.67469],[116.74034,3.664],[116.73911,3.65829],[116.73891,3.65737],[116.73863,3.65608],[116.73811,3.65368],[116.73692,3.64817],[116.73478,3.64389],[116.7335,3.6394],[116.7329,3.63786],[116.73152,3.63913],[116.73144,3.63931],[116.73078,3.6408],[116.72893,3.64154],[116.72782,3.64154],[116.72653,3.64136],[116.72321,3.63987],[116.72007,3.6382],[116.7162,3.63672],[116.71546,3.63635],[116.70992,3.63671],[116.70715,3.63764],[116.70143,3.63782],[116.69829,3.63968],[116.69866,3.64598],[116.69811,3.64839],[116.70013,3.65099],[116.69663,3.65155],[116.69367,3.6521],[116.69423,3.65266],[116.69718,3.65414],[116.69995,3.65896],[116.70105,3.66026],[116.70475,3.66286],[116.70807,3.66731],[116.70807,3.67028],[116.70806,3.6725],[116.70899,3.67399],[116.71065,3.67733],[116.71065,3.67974],[116.71065,3.68233],[116.70954,3.683],[116.70964,3.68303],[116.70975,3.6835],[116.71013,3.68376],[116.71053,3.68394],[116.71104,3.6846],[116.71148,3.68509],[116.71177,3.68538],[116.71226,3.68555],[116.71248,3.68613],[116.71319,3.68561],[116.71511,3.68553],[116.71553,3.69052],[116.71568,3.69235],[116.71359,3.694],[116.71355,3.69472],[116.71344,3.69591],[116.7134,3.69641],[116.71335,3.69709],[116.71337,3.69769],[116.71653,3.69875],[116.71658,3.69877],[116.71735,3.69903],[116.71806,3.69926],[116.71902,3.69873],[116.72243,3.69685],[116.72311,3.69647],[116.7232,3.69643],[116.72336,3.69584],[116.72355,3.69513],[116.72412,3.6931],[116.72419,3.69282],[116.72449,3.69176],[116.72543,3.69114],[116.73049,3.68781],[116.73067,3.68729],[116.7308,3.68636],[116.73111,3.68414],[116.73129,3.6829],[116.73278,3.68292],[116.734,3.68272],[116.73569,3.68244],[116.73917,3.6807],[116.7415,3.67953],[116.74416,3.67807]]]]},"properties":{"kdprov":"65","kdkab":"01","kdkec":"130","kddesa":"012","kdsls":"2002","idsls":"65011300122002","nmprov":"KALIMANTAN UTARA","nmkab":"MALINAU","nmkec":"MALINAU UTARA","nmdesa":"SERUYUNG","nmsls":"HUTAN"}},{"type":"Feature","geometry":{"type":"MultiPolygon","coordinates":[[[[116.61377,3.59762],[116.61322,3.5972],[116.61264,3.59679],[116.61247,3.59666],[116.61238,3.59677],[116.61224,3.59697],[116.61206,3.59717],[116.61194,3.59731],[116.61174,3.59747],[116.61202,3.59769],[116.61263,3.59811],[116.6126,3.59817],[116.6129,3.59838],[116.61305,3.5982],[116.61314,3.59828],[116.61336,3.598],[116.61344,3.59803],[116.61377,3.59762]]]]},"properties":{"kdprov":"65","kdkab":"01","kdkec":"130","kddesa":"003","kdsls":"0002","idsls":"65011300030002","nmprov":"KALIMANTAN UTARA","nmkab":"MALINAU","nmkec":"MALINAU UTARA","nmdesa":"RESPEN TUBU","nmsls":"RT 02"}},{"type":"Feature","geometry":{"type":"MultiPolygon","coordinates":[[[[116.6819,3.65233],[116.68173,3.65225],[116.68171,3.6523],[116.68144,3.65275],[116.68103,3.65338],[116.68117,3.65345],[116.6814,3.65354],[116.68159,3.65361],[116.68196,3.65313],[116.68189,3.65307],[116.68228,3.65259],[116.68211,3.65246],[116.6819,3.65233]]]]},"properties":{"kdprov":"65","kdkab":"01","kdkec":"130","kddesa":"010","kdsls":"0002","idsls":"65011300100002","nmprov":"KALIMANTAN UTARA","nmkab":"MALINAU","nmkec":"MALINAU UTARA","nmdesa":"PUTAT","nmsls":"RT 02"}},{"type":"Feature","geometry":{"type":"MultiPolygon","coordinates":[[[[116.59688,3.60741],[116.59633,3.60745],[116.5952,3.60747],[116.59437,3.60737],[116.59373,3.60718],[116.59271,3.60695],[116.59236,3.60694],[116.5918,3.60701],[116.59162,3.60727],[116.59157,3.60784],[116.59019,3.60711],[116.58989,3.60653],[116.58935,3.60436],[116.59215,3.6036],[116.59565,3.60305],[116.59572,3.60289],[116.59623,3.60207],[116.59664,3.60151],[116.5961,3.60108],[116.5946,3.60021],[116.5938,3.5987],[116.59358,3.59851],[116.59224,3.59731],[116.59172,3.5969],[116.59085,3.5966],[116.59022,3.59638],[116.58906,3.59632],[116.58779,3.59649],[116.58676,3.59649],[116.5856,3.59632],[116.58387,3.59568],[116.58191,3.59533],[116.58168,3.59529],[116.57868,3.59481],[116.57859,3.59474],[116.57718,3.59347],[116.57527,3.59243],[116.57366,3.59057],[116.57297,3.58958],[116.57218,3.58951],[116.57095,3.58878],[116.56908,3.58769],[116.56771,3.58682],[116.56583,3.58602],[116.56374,3.58602],[116.56251,3.58638],[116.55984,3.58776],[116.55797,3.58928],[116.55688,3.59051],[116.55501,3.59182],[116.55385,3.59247],[116.55183,3.59276],[116.55061,3.59269],[116.55039,3.59203],[116.54974,3.5916],[116.54887,3.59073],[116.54815,3.58957],[116.54779,3.58826],[116.54801,3.58703],[116.54715,3.58507],[116.54635,3.58384],[116.54614,3.58268],[116.54635,3.58138],[116.54621,3.58087],[116.54664,3.57993],[116.54578,3.58058],[116.54513,3.58058],[116.5447,3.58079],[116.54369,3.58079],[116.5426,3.58108],[116.54109,3.58065],[116.54015,3.58014],[116.53856,3.58007],[116.53799,3.57992],[116.53772,3.58005],[116.5369,3.58043],[116.53676,3.58101],[116.53575,3.58137],[116.53431,3.5818],[116.53203,3.5822],[116.53161,3.58225],[116.53074,3.58235],[116.53027,3.58217],[116.53018,3.58214],[116.5294,3.58184],[116.5294,3.58184],[116.52932,3.58195],[116.52901,3.58243],[116.52799,3.58396],[116.5263,3.58647],[116.52332,3.58846],[116.5211,3.58775],[116.51881,3.58835],[116.51712,3.58896],[116.51661,3.58921],[116.51519,3.58992],[116.51334,3.59149],[116.51084,3.5922],[116.50953,3.59329],[116.50822,3.59523],[116.50736,3.59643],[116.5065,3.59786],[116.50576,3.59951],[116.50451,3.60065],[116.50394,3.59991],[116.50351,3.59884],[116.50118,3.59866],[116.49948,3.597],[116.49805,3.59563],[116.49668,3.59454],[116.49565,3.59386],[116.49308,3.59489],[116.49177,3.59529],[116.48682,3.59713],[116.48377,3.59904],[116.48111,3.59893],[116.4766,3.59917],[116.47093,3.5976],[116.46719,3.59748],[116.4649,3.60085],[116.46321,3.6017],[116.4608,3.60146],[116.45754,3.59949],[116.45292,3.59953],[116.45104,3.60031],[116.44938,3.6006],[116.44767,3.59958],[116.44664,3.59894],[116.44481,3.60043],[116.44367,3.60134],[116.44275,3.60146],[116.44156,3.60071],[116.44127,3.59889],[116.44053,3.59797],[116.43899,3.59769],[116.43687,3.59683],[116.43533,3.59769],[116.43447,3.59849],[116.43356,3.59969],[116.43288,3.6002],[116.43156,3.59991],[116.43019,3.6002],[116.42939,3.60094],[116.42814,3.60186],[116.42754,3.6029],[116.42739,3.60437],[116.42739,3.60437],[116.42751,3.60534],[116.42751,3.60534],[116.42734,3.60643],[116.42619,3.607],[116.42431,3.60751],[116.42277,3.60688],[116.42105,3.60563],[116.42033,3.60678],[116.42033,3.60678],[116.42077,3.6078],[116.42128,3.60899],[116.42128,3.609],[116.42117,3.60991],[116.42014,3.61111],[116.4198,3.61214],[116.4198,3.61214],[116.4198,3.61322],[116.4198,3.61322],[116.41946,3.61431],[116.41946,3.61431],[116.41962,3.61488],[116.41997,3.61608],[116.42037,3.61756],[116.42043,3.61905],[116.42043,3.61905],[116.41957,3.62036],[116.4186,3.62219],[116.41848,3.62419],[116.41803,3.62527],[116.41603,3.62573],[116.41506,3.62658],[116.41449,3.62824],[116.41449,3.62824],[116.41443,3.6295],[116.41443,3.6295],[116.41447,3.63105],[116.41397,3.63236],[116.41245,3.6328],[116.41117,3.63318],[116.40968,3.63361],[116.40906,3.63504],[116.40838,3.63612],[116.40729,3.63692],[116.40552,3.63646],[116.40426,3.63589],[116.40289,3.63538],[116.40175,3.63458],[116.39964,3.63452],[116.3985,3.63435],[116.39695,3.63367],[116.39604,3.63235],[116.39501,3.63212],[116.39324,3.63218],[116.39164,3.63218],[116.39067,3.63207],[116.38931,3.63106],[116.3878,3.63219],[116.3877,3.63389],[116.38653,3.63466],[116.38542,3.63544],[116.38473,3.63658],[116.38473,3.63658],[116.38502,3.63743],[116.38582,3.63893],[116.3861,3.64052],[116.3861,3.64052],[116.38433,3.6416],[116.38331,3.64235],[116.38302,3.6432],[116.38284,3.64414],[116.38222,3.64531],[116.38211,3.6464],[116.38165,3.64731],[116.38074,3.64806],[116.37931,3.64874],[116.37788,3.64891],[116.37763,3.65145],[116.37752,3.65246],[116.37672,3.65406],[116.37593,3.65543],[116.37558,3.65714],[116.37547,3.65885],[116.37547,3.65885],[116.3757,3.66011],[116.37593,3.66171],[116.37615,3.66388],[116.37615,3.66388],[116.37473,3.66545],[116.3717,3.66525],[116.36759,3.66616],[116.36526,3.66527],[116.36256,3.66559],[116.36206,3.66665],[116.36153,3.66776],[116.36062,3.66959],[116.36062,3.66959],[116.36094,3.67166],[116.36094,3.67166],[116.35942,3.67405],[116.35867,3.67532],[116.35798,3.67651],[116.35788,3.67816],[116.35742,3.67958],[116.35639,3.68044],[116.35502,3.6821],[116.35371,3.68415],[116.35365,3.68494],[116.3536,3.68564],[116.35348,3.68689],[116.35263,3.68826],[116.35103,3.68884],[116.34954,3.68849],[116.34817,3.68832],[116.34798,3.68879],[116.34731,3.69038],[116.34674,3.69124],[116.34617,3.69272],[116.34594,3.69369],[116.34532,3.69466],[116.34389,3.69558],[116.34178,3.69609],[116.33965,3.6967],[116.3379,3.6985],[116.33683,3.6996],[116.33595,3.70146],[116.33399,3.70254],[116.33224,3.70283],[116.33144,3.7034],[116.3311,3.70443],[116.3311,3.70443],[116.33123,3.70611],[116.33098,3.70784],[116.33098,3.70785],[116.33041,3.70882],[116.32958,3.7102],[116.32955,3.71025],[116.32944,3.71046],[116.32939,3.71055],[116.32936,3.7106],[116.32936,3.7106],[116.32936,3.7106],[116.32938,3.71061],[116.32952,3.71066],[116.32995,3.7108],[116.33029,3.71091],[116.33088,3.7111],[116.33255,3.71165],[116.33331,3.71192],[116.3342,3.71225],[116.33646,3.71308],[116.338,3.7137],[116.34001,3.71451],[116.3432,3.71451],[116.34734,3.71422],[116.34817,3.71416],[116.3517,3.71416],[116.35385,3.71416],[116.35952,3.71595],[116.36804,3.71916],[116.37478,3.72095],[116.38224,3.72024],[116.3865,3.71989],[116.38827,3.71811],[116.3897,3.70599],[116.39396,3.69815],[116.39858,3.6928],[116.40515,3.6855],[116.408,3.67337],[116.41297,3.66304],[116.41724,3.65698],[116.42185,3.65377],[116.42612,3.64451],[116.4286,3.64201],[116.43357,3.63988],[116.43819,3.63881],[116.44493,3.63667],[116.45061,3.63525],[116.45487,3.6349],[116.45842,3.63597],[116.46226,3.63818],[116.46338,3.63882],[116.46728,3.64239],[116.46373,3.64667],[116.45841,3.64595],[116.45522,3.64773],[116.45308,3.65023],[116.45095,3.6513],[116.44847,3.65486],[116.45095,3.65736],[116.45237,3.66021],[116.45485,3.66556],[116.45556,3.66841],[116.45733,3.67127],[116.45875,3.67341],[116.46123,3.67876],[116.46194,3.68232],[116.463,3.68518],[116.46442,3.68732],[116.46548,3.69088],[116.46796,3.69267],[116.46796,3.69338],[116.46761,3.69409],[116.46796,3.69623],[116.46761,3.69944],[116.46583,3.69944],[116.46476,3.70193],[116.46405,3.70479],[116.46583,3.70621],[116.46618,3.70764],[116.46511,3.71192],[116.46618,3.71299],[116.47363,3.71299],[116.4818,3.70872],[116.48925,3.70302],[116.49671,3.69625],[116.5031,3.69126],[116.50701,3.69126],[116.51197,3.69305],[116.51907,3.69377],[116.52475,3.69127],[116.53221,3.68771],[116.54144,3.68415],[116.54854,3.68059],[116.55492,3.67917],[116.55954,3.67881],[116.56547,3.67769],[116.56908,3.67723],[116.57164,3.67559],[116.5735,3.67337],[116.57548,3.67162],[116.57676,3.66917],[116.57711,3.66672],[116.57629,3.66613],[116.57536,3.66543],[116.5742,3.66531],[116.57327,3.66379],[116.57362,3.66368],[116.5735,3.66309],[116.57269,3.66297],[116.57188,3.66274],[116.57234,3.66204],[116.57188,3.66169],[116.57153,3.66145],[116.57118,3.66075],[116.57072,3.6597],[116.57013,3.65923],[116.56897,3.65923],[116.56851,3.6583],[116.56886,3.65713],[116.56793,3.65503],[116.56607,3.65444],[116.56537,3.65386],[116.5656,3.65304],[116.56607,3.65339],[116.56676,3.65316],[116.56676,3.65269],[116.56583,3.65234],[116.56467,3.65187],[116.56479,3.65094],[116.56432,3.65047],[116.56432,3.64965],[116.56398,3.64848],[116.56491,3.64638],[116.56479,3.64591],[116.56456,3.64463],[116.56514,3.64369],[116.56584,3.64334],[116.5663,3.64334],[116.56735,3.64369],[116.56863,3.6451],[116.57014,3.64393],[116.56997,3.64352],[116.57078,3.64247],[116.57125,3.64212],[116.57206,3.642],[116.57264,3.64107],[116.57334,3.64048],[116.57392,3.6399],[116.57509,3.63978],[116.57567,3.6399],[116.57637,3.63932],[116.57741,3.64002],[116.57811,3.6399],[116.57904,3.6399],[116.57974,3.63967],[116.58032,3.63897],[116.58125,3.63827],[116.5823,3.63944],[116.58299,3.6399],[116.58474,3.64002],[116.5852,3.64096],[116.58613,3.64236],[116.58753,3.64236],[116.58753,3.64154],[116.58811,3.64049],[116.58904,3.63839],[116.59055,3.63757],[116.59241,3.63617],[116.59393,3.63512],[116.59451,3.63372],[116.59497,3.63313],[116.59614,3.63232],[116.59742,3.63103],[116.59823,3.62811],[116.59742,3.62577],[116.598,3.62379],[116.59742,3.6218],[116.59672,3.62005],[116.59591,3.619],[116.59649,3.61713],[116.5976,3.61596],[116.59732,3.61351],[116.59697,3.6128],[116.59664,3.61221],[116.59617,3.61142],[116.59603,3.61064],[116.59614,3.60962],[116.59631,3.60891],[116.59678,3.60836],[116.59688,3.60741]],[[116.5053,3.60782],[116.50582,3.60667],[116.50634,3.60637],[116.50698,3.60671],[116.50709,3.6069],[116.50651,3.60744],[116.50627,3.60788],[116.5053,3.60782]],[[116.58305,3.61705],[116.58308,3.61751],[116.58302,3.61802],[116.58268,3.61821],[116.58225,3.61842],[116.58136,3.61844],[116.58021,3.61835],[116.57937,3.61823],[116.57949,3.61766],[116.58005,3.61675],[116.58051,3.61617],[116.58063,3.61552],[116.58068,3.61481],[116.58134,3.61436],[116.58241,3.6142],[116.58246,3.61477],[116.58262,3.61525],[116.58266,3.61539],[116.5828,3.61578],[116.58291,3.61621],[116.58293,3.61635],[116.58301,3.61682],[116.58305,3.61705]]]]},"properties":{"kdprov":"65","kdkab":"01","kdkec":"130","kddesa":"001","kdsls":"2002","idsls":"65011300012002","nmprov":"KALIMANTAN UTARA","nmkab":"MALINAU","nmkec":"MALINAU UTARA","nmdesa":"SEMBUAK WAROD","nmsls":"HUTAN"}},{"type":"Feature","geometry":{"type":"MultiPolygon","coordinates":[[[[116.63894,3.62032],[116.63925,3.6203],[116.6398,3.62015],[116.63969,3.61967],[116.63962,3.61938],[116.63958,3.61917],[116.63925,3.61923],[116.63915,3.61874],[116.63944,3.61868],[116.6393,3.61803],[116.63906,3.61803],[116.63883,3.61806],[116.63867,3.61813],[116.63812,3.61811],[116.63782,3.61799],[116.63766,3.61787],[116.63736,3.6178],[116.63693,3.61759],[116.63664,3.61739],[116.63647,3.61716],[116.63601,3.61696],[116.63566,3.61678],[116.63515,3.61631],[116.63511,3.61524],[116.63552,3.61437],[116.63408,3.61352],[116.63331,3.61487],[116.63326,3.61494],[116.63288,3.61543],[116.63298,3.61547],[116.63324,3.61558],[116.6334,3.6157],[116.63371,3.61616],[116.63385,3.61649],[116.63401,3.61681],[116.63432,3.61722],[116.63449,3.61749],[116.63482,3.61772],[116.63512,3.61786],[116.63536,3.61797],[116.63561,3.61806],[116.636,3.61841],[116.63668,3.61894],[116.63722,3.6192],[116.63757,3.61935],[116.63795,3.6194],[116.6383,3.61952],[116.63848,3.61975],[116.63863,3.62034],[116.63894,3.62032]]]]},"properties":{"kdprov":"65","kdkab":"01","kdkec":"130","kddesa":"004","kdsls":"0001","idsls":"65011300040001","nmprov":"KALIMANTAN UTARA","nmkab":"MALINAU","nmkec":"MALINAU UTARA","nmdesa":"KALIAMOK","nmsls":"RT 001"}},{"type":"Feature","geometry":{"type":"MultiPolygon","coordinates":[[[[116.60582,3.60226],[116.60521,3.60278],[116.60451,3.60341],[116.60375,3.60391],[116.60479,3.60626],[116.60645,3.60775],[116.6071,3.6092],[116.60793,3.61127],[116.60936,3.61307],[116.61249,3.6158],[116.61712,3.61891],[116.62074,3.62152],[116.62154,3.62184],[116.62247,3.62187],[116.62238,3.62165],[116.62176,3.62114],[116.62132,3.62107],[116.62096,3.62079],[116.62048,3.62025],[116.61988,3.61947],[116.61916,3.61885],[116.61833,3.61809],[116.61782,3.61767],[116.61764,3.61743],[116.61759,3.61696],[116.61742,3.61583],[116.6173,3.61558],[116.61682,3.61515],[116.61646,3.61485],[116.61542,3.61405],[116.61443,3.61333],[116.61332,3.61251],[116.61317,3.61232],[116.61252,3.61196],[116.61193,3.61148],[116.61174,3.61107],[116.61172,3.61104],[116.6111,3.61065],[116.61007,3.60932],[116.60992,3.60854],[116.60995,3.60807],[116.60991,3.60783],[116.60984,3.60747],[116.60983,3.60741],[116.60954,3.60732],[116.60939,3.60727],[116.6092,3.60724],[116.60908,3.60728],[116.60885,3.60727],[116.60851,3.60718],[116.60826,3.60705],[116.6081,3.60688],[116.60786,3.60658],[116.60744,3.60621],[116.60728,3.60602],[116.60711,3.60573],[116.60699,3.60547],[116.60696,3.60533],[116.60694,3.6052],[116.6069,3.60479],[116.60695,3.60455],[116.60582,3.60226]]]]},"properties":{"kdprov":"65","kdkab":"01","kdkec":"130","kddesa":"002","kdsls":"4001","idsls":"65011300024001","nmprov":"KALIMANTAN UTARA","nmkab":"MALINAU","nmkec":"MALINAU UTARA","nmdesa":"LUSO","nmsls":"SEMINGGOL (PERMUKIMAN BIASA)"}},{"type":"Feature","geometry":{"type":"MultiPolygon","coordinates":[[[[116.68988,3.6546],[116.69027,3.65466],[116.69055,3.65469],[116.69071,3.65476],[116.69094,3.65501],[116.69122,3.65522],[116.69151,3.65546],[116.69177,3.65566],[116.69212,3.65599],[116.69244,3.65631],[116.69268,3.65674],[116.69298,3.65731],[116.69321,3.65781],[116.69329,3.65814],[116.69491,3.65652],[116.69257,3.65277],[116.69166,3.65187],[116.69156,3.65186],[116.69103,3.65237],[116.69045,3.65295],[116.69008,3.65333],[116.68973,3.65354],[116.68986,3.65386],[116.68991,3.65422],[116.68988,3.6546]]]]},"properties":{"kdprov":"65","kdkab":"01","kdkec":"130","kddesa":"011","kdsls":"0002","idsls":"65011300110002","nmprov":"KALIMANTAN UTARA","nmkab":"MALINAU","nmkec":"MALINAU UTARA","nmdesa":"SALAP","nmsls":"RT 002"}},{"type":"Feature","geometry":{"type":"MultiPolygon","coordinates":[[[[116.61501,3.5989],[116.6144,3.5986],[116.61415,3.59904],[116.61388,3.59882],[116.61375,3.59896],[116.61354,3.59883],[116.61349,3.59888],[116.6133,3.59875],[116.61321,3.59888],[116.61303,3.59871],[116.61299,3.59867],[116.61268,3.59912],[116.61256,3.5992],[116.6123,3.59935],[116.6121,3.59948],[116.61232,3.59984],[116.61241,3.59979],[116.61246,3.59976],[116.61268,3.60003],[116.61281,3.60017],[116.61292,3.6003],[116.61299,3.60038],[116.61309,3.60046],[116.61321,3.60051],[116.61324,3.60053],[116.61307,3.60082],[116.61296,3.60096],[116.61288,3.60103],[116.6126,3.60152],[116.61258,3.60155],[116.61204,3.60248],[116.61256,3.60276],[116.61294,3.60224],[116.61329,3.60165],[116.61406,3.60165],[116.61488,3.60154],[116.61493,3.60101],[116.61464,3.60012],[116.61484,3.59945],[116.61486,3.59937],[116.6149,3.59926],[116.61494,3.59912],[116.61501,3.5989]]]]},"properties":{"kdprov":"65","kdkab":"01","kdkec":"130","kddesa":"003","kdsls":"0004","idsls":"65011300030004","nmprov":"KALIMANTAN UTARA","nmkab":"MALINAU","nmkec":"MALINAU UTARA","nmdesa":"RESPEN TUBU","nmsls":"RT 04"}},{"type":"Feature","geometry":{"type":"MultiPolygon","coordinates":[[[[116.62009,3.59921],[116.62019,3.59698],[116.62022,3.59652],[116.62085,3.59648],[116.62079,3.59611],[116.62082,3.59588],[116.62088,3.59536],[116.62098,3.59508],[116.62102,3.59499],[116.62151,3.59421],[116.6217,3.59402],[116.62188,3.59376],[116.62205,3.59351],[116.62224,3.59323],[116.6227,3.59255],[116.62255,3.59244],[116.6225,3.59241],[116.62176,3.5919],[116.62153,3.59173],[116.62077,3.5912],[116.61963,3.59261],[116.61931,3.5931],[116.6191,3.59308],[116.6188,3.59308],[116.61878,3.59352],[116.61881,3.59416],[116.61899,3.59454],[116.6191,3.59476],[116.6191,3.59516],[116.61902,3.59864],[116.61931,3.59892],[116.61966,3.59925],[116.62009,3.59924],[116.62009,3.59921]]]]},"properties":{"kdprov":"65","kdkab":"01","kdkec":"130","kddesa":"005","kdsls":"0002","idsls":"65011300050002","nmprov":"KALIMANTAN UTARA","nmkab":"MALINAU","nmkec":"MALINAU UTARA","nmdesa":"MALINAU SEBERANG","nmsls":"RT 002"}},{"type":"Feature","geometry":{"type":"MultiPolygon","coordinates":[[[[116.66792,3.6309],[116.66769,3.6318],[116.66816,3.63189],[116.66833,3.6319],[116.66848,3.63197],[116.6687,3.63207],[116.66853,3.6324],[116.66844,3.63259],[116.66911,3.63285],[116.66913,3.63285],[116.67098,3.63368],[116.6711,3.63371],[116.67146,3.63344],[116.67194,3.63285],[116.67232,3.63235],[116.67263,3.63192],[116.67263,3.63192],[116.673,3.63123],[116.67201,3.63053],[116.67114,3.62952],[116.67096,3.62924],[116.67074,3.62966],[116.6704,3.63029],[116.67019,3.63068],[116.66989,3.63123],[116.66974,3.63158],[116.66968,3.63169],[116.66946,3.63157],[116.6694,3.63152],[116.66929,3.63145],[116.66905,3.63134],[116.669,3.63143],[116.66879,3.63134],[116.6687,3.6313],[116.66864,3.63125],[116.66852,3.6312],[116.6684,3.63114],[116.66792,3.6309]]]]},"properties":{"kdprov":"65","kdkab":"01","kdkec":"130","kddesa":"008","kdsls":"0002","idsls":"65011300080002","nmprov":"KALIMANTAN UTARA","nmkab":"MALINAU","nmkec":"MALINAU UTARA","nmdesa":"KELAPIS","nmsls":"RT 002"}},{"type":"Feature","geometry":{"type":"MultiPolygon","coordinates":[[[[116.61529,3.59807],[116.61533,3.5973],[116.61534,3.59714],[116.61534,3.59713],[116.61461,3.59759],[116.61418,3.5974],[116.61395,3.59776],[116.61377,3.59762],[116.61344,3.59803],[116.61336,3.598],[116.61314,3.59828],[116.61305,3.5982],[116.6129,3.59838],[116.6126,3.59817],[116.61256,3.59823],[116.61279,3.59839],[116.61289,3.59849],[116.61292,3.59857],[116.61299,3.59867],[116.61303,3.59871],[116.61321,3.59888],[116.6133,3.59875],[116.61349,3.59888],[116.61354,3.59883],[116.61375,3.59896],[116.61388,3.59882],[116.61415,3.59904],[116.6144,3.5986],[116.61501,3.5989],[116.61529,3.59812],[116.61529,3.59807]]]]},"properties":{"kdprov":"65","kdkab":"01","kdkec":"130","kddesa":"003","kdsls":"0003","idsls":"65011300030003","nmprov":"KALIMANTAN UTARA","nmkab":"MALINAU","nmkec":"MALINAU UTARA","nmdesa":"RESPEN TUBU","nmsls":"RT 03"}},{"type":"Feature","geometry":{"type":"MultiPolygon","coordinates":[[[[116.61963,3.60949],[116.62004,3.60947],[116.62067,3.6093],[116.62103,3.60937],[116.62263,3.60995],[116.6232,3.60994],[116.62374,3.60974],[116.62407,3.60932],[116.62519,3.60774],[116.62487,3.60715],[116.62622,3.60677],[116.6267,3.60658],[116.6277,3.6062],[116.62821,3.60555],[116.62822,3.60552],[116.62801,3.60537],[116.62697,3.60533],[116.6263,3.60075],[116.62547,3.60084],[116.62543,3.60082],[116.62544,3.60085],[116.62529,3.60077],[116.625,3.60055],[116.62464,3.60018],[116.62447,3.60029],[116.62427,3.60046],[116.62418,3.60047],[116.62406,3.60041],[116.62383,3.60008],[116.62358,3.59972],[116.62347,3.59934],[116.62284,3.59916],[116.62203,3.59877],[116.62019,3.59924],[116.62009,3.59921],[116.62009,3.59924],[116.61966,3.59925],[116.61934,3.59926],[116.61766,3.59875],[116.61529,3.59807],[116.61529,3.59812],[116.61501,3.5989],[116.61494,3.59912],[116.6149,3.59926],[116.61486,3.59937],[116.61484,3.59945],[116.61464,3.60012],[116.61493,3.60101],[116.61488,3.60154],[116.61406,3.60165],[116.61329,3.60165],[116.61294,3.60224],[116.61256,3.60276],[116.6123,3.60312],[116.61229,3.60317],[116.61212,3.60389],[116.61356,3.60486],[116.6143,3.60531],[116.61431,3.60532],[116.61439,3.60537],[116.6196,3.60855],[116.61963,3.60949]]]]},"properties":{"kdprov":"65","kdkab":"01","kdkec":"130","kddesa":"005","kdsls":"0009","idsls":"65011300050009","nmprov":"KALIMANTAN UTARA","nmkab":"MALINAU","nmkec":"MALINAU UTARA","nmdesa":"MALINAU SEBERANG","nmsls":"RT 009"}},{"type":"Feature","geometry":{"type":"MultiPolygon","coordinates":[[[[116.6802,3.65051],[116.68047,3.65064],[116.68077,3.65078],[116.68117,3.65091],[116.68157,3.65102],[116.68173,3.65106],[116.68197,3.65112],[116.68217,3.65127],[116.68221,3.65131],[116.68248,3.65172],[116.68274,3.65199],[116.68298,3.65222],[116.68325,3.65238],[116.6837,3.65256],[116.68412,3.65269],[116.68444,3.65285],[116.68475,3.65308],[116.68521,3.65339],[116.68538,3.65355],[116.68568,3.65366],[116.68608,3.6538],[116.68662,3.65395],[116.68685,3.65409],[116.68714,3.65422],[116.68738,3.65432],[116.68759,3.65389],[116.68723,3.65329],[116.68683,3.6529],[116.68652,3.65261],[116.68629,3.65242],[116.68666,3.65125],[116.687,3.64979],[116.68671,3.64831],[116.68586,3.64568],[116.68457,3.64519],[116.68217,3.64597],[116.68168,3.64696],[116.68114,3.6492],[116.68083,3.64964],[116.6802,3.65051],[116.6802,3.65051]]]]},"properties":{"kdprov":"65","kdkab":"01","kdkec":"130","kddesa":"010","kdsls":"0004","idsls":"65011300100004","nmprov":"KALIMANTAN UTARA","nmkab":"MALINAU","nmkec":"MALINAU UTARA","nmdesa":"PUTAT","nmsls":"RT 04"}},{"type":"Feature","geometry":{"type":"MultiPolygon","coordinates":[[[[116.6393,3.61803],[116.63944,3.61868],[116.63915,3.61874],[116.63925,3.61923],[116.63958,3.61917],[116.63998,3.61908],[116.63993,3.61886],[116.63988,3.61858],[116.64005,3.61854],[116.64098,3.61835],[116.64151,3.61828],[116.64177,3.61824],[116.6419,3.61824],[116.64161,3.61727],[116.64144,3.61735],[116.64129,3.61742],[116.64068,3.61769],[116.64033,3.61786],[116.64008,3.61793],[116.63975,3.61793],[116.6393,3.61803]]]]},"properties":{"kdprov":"65","kdkab":"01","kdkec":"130","kddesa":"004","kdsls":"0002","idsls":"65011300040002","nmprov":"KALIMANTAN UTARA","nmkab":"MALINAU","nmkec":"MALINAU UTARA","nmdesa":"KALIAMOK","nmsls":"RT 002"}},{"type":"Feature","geometry":{"type":"MultiPolygon","coordinates":[[[[116.61299,3.59867],[116.61292,3.59857],[116.61289,3.59849],[116.61279,3.59839],[116.61256,3.59823],[116.6126,3.59817],[116.61263,3.59811],[116.61202,3.59769],[116.61174,3.59747],[116.61194,3.59731],[116.61206,3.59717],[116.61224,3.59697],[116.61238,3.59677],[116.61247,3.59666],[116.61275,3.59629],[116.61292,3.59604],[116.61309,3.59572],[116.61316,3.59547],[116.61326,3.59517],[116.61336,3.59485],[116.61345,3.59448],[116.61349,3.59423],[116.61352,3.594],[116.6134,3.59288],[116.61312,3.59253],[116.61161,3.59061],[116.61125,3.59039],[116.6109,3.59],[116.61076,3.58984],[116.61065,3.58967],[116.61065,3.58948],[116.61059,3.58926],[116.61037,3.58905],[116.61027,3.58889],[116.61009,3.58862],[116.61002,3.58838],[116.60989,3.5879],[116.60987,3.58775],[116.60986,3.58774],[116.60967,3.58861],[116.60904,3.5899],[116.60842,3.59055],[116.60688,3.59126],[116.60662,3.59156],[116.60739,3.59263],[116.60774,3.5934],[116.60756,3.59423],[116.60718,3.59456],[116.60706,3.59592],[116.60724,3.59675],[116.60747,3.59717],[116.60737,3.59781],[116.60672,3.59855],[116.60586,3.59906],[116.60489,3.59986],[116.605,3.60069],[116.60586,3.6014],[116.60611,3.602],[116.60662,3.60168],[116.60747,3.60119],[116.60853,3.60064],[116.60854,3.60064],[116.60854,3.60063],[116.60894,3.60038],[116.60953,3.59994],[116.6102,3.59909],[116.6102,3.59909],[116.61056,3.59958],[116.61063,3.59982],[116.61116,3.60043],[116.61258,3.60155],[116.6126,3.60152],[116.61288,3.60103],[116.61296,3.60096],[116.61307,3.60082],[116.61324,3.60053],[116.61321,3.60051],[116.61309,3.60046],[116.61299,3.60038],[116.61292,3.6003],[116.61281,3.60017],[116.61268,3.60003],[116.61246,3.59976],[116.61241,3.59979],[116.61232,3.59984],[116.6121,3.59948],[116.6123,3.59935],[116.61256,3.5992],[116.61268,3.59912],[116.61299,3.59867]]]]},"properties":{"kdprov":"65","kdkab":"01","kdkec":"130","kddesa":"003","kdsls":"0005","idsls":"65011300030005","nmprov":"KALIMANTAN UTARA","nmkab":"MALINAU","nmkec":"MALINAU UTARA","nmdesa":"RESPEN TUBU","nmsls":"RT 05"}},{"type":"Feature","geometry":{"type":"MultiPolygon","coordinates":[[[[116.68973,3.65354],[116.69008,3.65333],[116.69045,3.65295],[116.69103,3.65237],[116.69156,3.65186],[116.69166,3.65187],[116.69197,3.65191],[116.69201,3.65191],[116.69367,3.6521],[116.69663,3.65155],[116.70013,3.65099],[116.69811,3.64839],[116.69866,3.64598],[116.69829,3.63968],[116.70143,3.63782],[116.70715,3.63764],[116.70992,3.63671],[116.71546,3.63635],[116.7162,3.63672],[116.72007,3.6382],[116.72321,3.63987],[116.72653,3.64136],[116.72782,3.64154],[116.72893,3.64154],[116.73078,3.6408],[116.73144,3.63931],[116.73152,3.63913],[116.7329,3.63786],[116.73114,3.63331],[116.73063,3.63157],[116.73005,3.62962],[116.72981,3.62882],[116.72943,3.62753],[116.72744,3.62176],[116.72739,3.62172],[116.72664,3.62026],[116.72586,3.61873],[116.72585,3.61871],[116.72515,3.61735],[116.72327,3.61705],[116.72208,3.61645],[116.72039,3.61572],[116.71879,3.61458],[116.71687,3.61335],[116.715,3.6117],[116.71313,3.60965],[116.71121,3.60782],[116.70915,3.60654],[116.70691,3.60558],[116.70477,3.60535],[116.70257,3.60535],[116.69933,3.60595],[116.69755,3.60659],[116.69613,3.60686],[116.69494,3.60741],[116.69408,3.60873],[116.69348,3.60992],[116.69321,3.61166],[116.69303,3.61371],[116.69371,3.61499],[116.6943,3.61632],[116.69536,3.61764],[116.69641,3.61933],[116.69709,3.62116],[116.69737,3.62267],[116.69759,3.62413],[116.69749,3.62476],[116.69705,3.62623],[116.69695,3.62647],[116.69634,3.62772],[116.69581,3.62842],[116.69462,3.62943],[116.69348,3.6303],[116.69243,3.63075],[116.69138,3.63118],[116.6912,3.63126],[116.69024,3.63157],[116.68992,3.63167],[116.68841,3.63199],[116.68736,3.63185],[116.68585,3.63162],[116.68512,3.6315],[116.68425,3.63135],[116.68261,3.63162],[116.68115,3.6319],[116.67944,3.63216],[116.67948,3.633],[116.67953,3.63298],[116.6797,3.63422],[116.6797,3.63422],[116.67977,3.63473],[116.67982,3.6351],[116.68012,3.63744],[116.6803,3.63884],[116.67697,3.64032],[116.67513,3.64069],[116.6731,3.64217],[116.67289,3.6424],[116.67293,3.64243],[116.67335,3.64338],[116.67335,3.64415],[116.67309,3.64472],[116.67263,3.64527],[116.67266,3.64587],[116.67323,3.64704],[116.67329,3.64755],[116.67361,3.64789],[116.67406,3.64835],[116.67441,3.64895],[116.67481,3.64955],[116.67552,3.65003],[116.67601,3.65012],[116.67692,3.65012],[116.6777,3.65052],[116.67833,3.65091],[116.67924,3.65075],[116.6802,3.65051],[116.6802,3.65051],[116.68083,3.64964],[116.68114,3.6492],[116.68168,3.64696],[116.68217,3.64597],[116.68457,3.64519],[116.68586,3.64568],[116.68671,3.64831],[116.687,3.64979],[116.68666,3.65125],[116.68629,3.65242],[116.68652,3.65261],[116.68683,3.6529],[116.68723,3.65329],[116.68759,3.65389],[116.68769,3.65382],[116.68803,3.65377],[116.68848,3.65377],[116.68872,3.65378],[116.68924,3.65376],[116.68965,3.65358],[116.68973,3.65354]]]]},"properties":{"kdprov":"65","kdkab":"01","kdkec":"130","kddesa":"010","kdsls":"2001","idsls":"65011300102001","nmprov":"KALIMANTAN UTARA","nmkab":"MALINAU","nmkec":"MALINAU UTARA","nmdesa":"PUTAT","nmsls":"HUTAN DAN RAWA"}},{"type":"Feature","geometry":{"type":"MultiPolygon","coordinates":[[[[116.62543,3.60082],[116.62527,3.59994],[116.6251,3.59857],[116.62462,3.59827],[116.62504,3.59731],[116.62511,3.59697],[116.62526,3.59667],[116.62539,3.59648],[116.62551,3.5963],[116.62579,3.59584],[116.62579,3.59583],[116.62602,3.5955],[116.62632,3.59508],[116.62631,3.59508],[116.62656,3.59472],[116.62607,3.59449],[116.62592,3.59441],[116.62538,3.59417],[116.62482,3.59391],[116.62465,3.59381],[116.62454,3.59375],[116.62443,3.59368],[116.62331,3.59541],[116.62276,3.59702],[116.62354,3.59759],[116.62313,3.59863],[116.62322,3.59874],[116.62333,3.59886],[116.62347,3.59934],[116.62358,3.59972],[116.62383,3.60008],[116.62406,3.60041],[116.62418,3.60047],[116.62427,3.60046],[116.62447,3.60029],[116.62464,3.60018],[116.625,3.60055],[116.62529,3.60077],[116.62544,3.60085],[116.62543,3.60082]]]]},"properties":{"kdprov":"65","kdkab":"01","kdkec":"130","kddesa":"005","kdsls":"0004","idsls":"65011300050004","nmprov":"KALIMANTAN UTARA","nmkab":"MALINAU","nmkec":"MALINAU UTARA","nmdesa":"MALINAU SEBERANG","nmsls":"RT 004"}},{"type":"Feature","geometry":{"type":"MultiPolygon","coordinates":[[[[116.62443,3.59368],[116.6236,3.59318],[116.62334,3.593],[116.6227,3.59255],[116.62224,3.59323],[116.62205,3.59351],[116.62188,3.59376],[116.6217,3.59402],[116.62151,3.59421],[116.62102,3.59499],[116.62098,3.59508],[116.62088,3.59536],[116.62082,3.59588],[116.62079,3.59611],[116.62085,3.59648],[116.62022,3.59652],[116.62019,3.59698],[116.62009,3.59921],[116.62019,3.59924],[116.62203,3.59877],[116.62284,3.59916],[116.62347,3.59934],[116.62333,3.59886],[116.62322,3.59874],[116.62313,3.59863],[116.62354,3.59759],[116.62276,3.59702],[116.62331,3.59541],[116.62443,3.59368]]]]},"properties":{"kdprov":"65","kdkab":"01","kdkec":"130","kddesa":"005","kdsls":"0003","idsls":"65011300050003","nmprov":"KALIMANTAN UTARA","nmkab":"MALINAU","nmkec":"MALINAU UTARA","nmdesa":"MALINAU SEBERANG","nmsls":"RT 003"}},{"type":"Feature","geometry":{"type":"MultiPolygon","coordinates":[[[[116.62903,3.59912],[116.62958,3.59946],[116.63009,3.60002],[116.63061,3.6005],[116.63144,3.60094],[116.63169,3.60135],[116.63173,3.6017],[116.63208,3.60169],[116.63243,3.60126],[116.63319,3.60174],[116.63549,3.60342],[116.63674,3.60491],[116.63689,3.60547],[116.63747,3.60734],[116.6376,3.60848],[116.6376,3.61002],[116.63722,3.61149],[116.63715,3.61229],[116.63823,3.61246],[116.63816,3.61296],[116.63825,3.61296],[116.63993,3.61285],[116.6416,3.61264],[116.64259,3.61249],[116.6426,3.61248],[116.64401,3.61165],[116.64395,3.60975],[116.64396,3.60975],[116.64568,3.60897],[116.6473,3.60892],[116.64939,3.60944],[116.65012,3.60939],[116.65093,3.609],[116.65154,3.60871],[116.65157,3.60868],[116.65222,3.60809],[116.65189,3.60796],[116.65139,3.6077],[116.65091,3.60745],[116.65021,3.60709],[116.64943,3.60669],[116.64893,3.60644],[116.64854,3.6062],[116.64807,3.60588],[116.64756,3.60554],[116.64707,3.60522],[116.64655,3.6049],[116.6459,3.6045],[116.64523,3.60406],[116.64484,3.6038],[116.64444,3.60353],[116.64399,3.60322],[116.64365,3.603],[116.64299,3.60256],[116.64247,3.60219],[116.64182,3.60171],[116.64145,3.60144],[116.6412,3.60127],[116.64082,3.60101],[116.64021,3.60061],[116.63973,3.6003],[116.63909,3.59987],[116.63829,3.59931],[116.6378,3.59897],[116.63739,3.59868],[116.6369,3.59838],[116.63631,3.59804],[116.63566,3.59766],[116.63517,3.59744],[116.63486,3.5973],[116.6347,3.59722],[116.63396,3.59703],[116.6331,3.59681],[116.63237,3.59663],[116.63233,3.59662],[116.63231,3.59662],[116.63173,3.59647],[116.63144,3.5964],[116.63143,3.5964],[116.63103,3.59631],[116.63079,3.59625],[116.62903,3.59912]]]]},"properties":{"kdprov":"65","kdkab":"01","kdkec":"130","kddesa":"005","kdsls":"0008","idsls":"65011300050008","nmprov":"KALIMANTAN UTARA","nmkab":"MALINAU","nmkec":"MALINAU UTARA","nmdesa":"MALINAU SEBERANG","nmsls":"RT 008"}},{"type":"Feature","geometry":{"type":"MultiPolygon","coordinates":[[[[116.60611,3.602],[116.60582,3.60226],[116.60695,3.60455],[116.6072,3.60452],[116.60745,3.60447],[116.60766,3.60433],[116.60771,3.60418],[116.60772,3.60364],[116.60775,3.60365],[116.60787,3.6037],[116.60803,3.60379],[116.60831,3.60396],[116.60847,3.60406],[116.60914,3.60441],[116.6094,3.60455],[116.60957,3.60465],[116.60968,3.60473],[116.61,3.60511],[116.61012,3.60529],[116.61021,3.60544],[116.61031,3.6056],[116.61041,3.60578],[116.61056,3.60596],[116.61067,3.60602],[116.61077,3.60604],[116.61089,3.60605],[116.61106,3.60604],[116.6112,3.60604],[116.61135,3.60604],[116.61154,3.60606],[116.6117,3.60609],[116.61198,3.60617],[116.61225,3.60624],[116.61246,3.60631],[116.61267,3.60638],[116.61283,3.60644],[116.61299,3.60652],[116.61313,3.60661],[116.61325,3.6067],[116.61342,3.60682],[116.61359,3.60693],[116.61376,3.60702],[116.61389,3.60706],[116.61409,3.6071],[116.61424,3.6071],[116.61451,3.60717],[116.61459,3.60721],[116.61468,3.60728],[116.61475,3.60739],[116.61486,3.60757],[116.61498,3.60775],[116.61511,3.6079],[116.61521,3.60798],[116.61532,3.6081],[116.6154,3.60821],[116.61548,3.60838],[116.61554,3.60851],[116.61561,3.60866],[116.61566,3.60877],[116.6158,3.60887],[116.61594,3.60891],[116.61624,3.60892],[116.61637,3.60892],[116.6166,3.60895],[116.61692,3.60898],[116.61726,3.60903],[116.61748,3.60907],[116.61778,3.60912],[116.61801,3.60917],[116.61825,3.60922],[116.61852,3.6093],[116.61875,3.60936],[116.61904,3.60943],[116.61936,3.60949],[116.61957,3.60951],[116.61963,3.60951],[116.6196,3.60855],[116.61439,3.60537],[116.61431,3.60532],[116.6143,3.60531],[116.61356,3.60486],[116.61212,3.60389],[116.61229,3.60317],[116.6123,3.60312],[116.61256,3.60276],[116.61204,3.60248],[116.61258,3.60155],[116.61116,3.60043],[116.61063,3.59982],[116.61056,3.59958],[116.6102,3.59909],[116.6102,3.59909],[116.60953,3.59994],[116.60894,3.60038],[116.60854,3.60063],[116.60854,3.60064],[116.60853,3.60064],[116.60747,3.60119],[116.60662,3.60168],[116.60611,3.602]]]]},"properties":{"kdprov":"65","kdkab":"01","kdkec":"130","kddesa":"003","kdsls":"0006","idsls":"65011300030006","nmprov":"KALIMANTAN UTARA","nmkab":"MALINAU","nmkec":"MALINAU UTARA","nmdesa":"RESPEN TUBU","nmsls":"RT 06"}},{"type":"Feature","geometry":{"type":"MultiPolygon","coordinates":[[[[116.61963,3.60951],[116.61957,3.60951],[116.61936,3.60949],[116.61904,3.60943],[116.61875,3.60936],[116.61852,3.6093],[116.61825,3.60922],[116.61801,3.60917],[116.61778,3.60912],[116.61748,3.60907],[116.61726,3.60903],[116.61692,3.60898],[116.6166,3.60895],[116.61637,3.60892],[116.61624,3.60892],[116.61594,3.60891],[116.6158,3.60887],[116.61566,3.60877],[116.61561,3.60866],[116.61554,3.60851],[116.61548,3.60838],[116.6154,3.60821],[116.61532,3.6081],[116.61521,3.60798],[116.61511,3.6079],[116.61498,3.60775],[116.61486,3.60757],[116.61475,3.60739],[116.61468,3.60728],[116.61459,3.60721],[116.61451,3.60717],[116.61424,3.6071],[116.61409,3.6071],[116.61389,3.60706],[116.61376,3.60702],[116.61359,3.60693],[116.61342,3.60682],[116.61325,3.6067],[116.61313,3.60661],[116.61299,3.60652],[116.61283,3.60644],[116.61267,3.60638],[116.61246,3.60631],[116.61225,3.60624],[116.61198,3.60617],[116.6117,3.60609],[116.61154,3.60606],[116.61135,3.60604],[116.6112,3.60604],[116.61106,3.60604],[116.61089,3.60605],[116.61077,3.60604],[116.61067,3.60602],[116.61056,3.60596],[116.61041,3.60578],[116.61031,3.6056],[116.61021,3.60544],[116.61012,3.60529],[116.61,3.60511],[116.60968,3.60473],[116.60957,3.60465],[116.6094,3.60455],[116.60914,3.60441],[116.60847,3.60406],[116.60831,3.60396],[116.60803,3.60379],[116.60787,3.6037],[116.60775,3.60365],[116.60772,3.60364],[116.60771,3.60418],[116.60766,3.60433],[116.60745,3.60447],[116.6072,3.60452],[116.60695,3.60455],[116.6069,3.60479],[116.60694,3.6052],[116.60696,3.60533],[116.60699,3.60547],[116.60711,3.60573],[116.60728,3.60602],[116.60744,3.60621],[116.60786,3.60658],[116.6081,3.60688],[116.60826,3.60705],[116.60851,3.60718],[116.60885,3.60727],[116.60908,3.60728],[116.6092,3.60724],[116.60939,3.60727],[116.60954,3.60732],[116.60983,3.60741],[116.60984,3.60747],[116.60991,3.60783],[116.60995,3.60807],[116.60992,3.60854],[116.61007,3.60932],[116.6111,3.61065],[116.61172,3.61104],[116.61174,3.61107],[116.61193,3.61148],[116.61252,3.61196],[116.61317,3.61232],[116.61332,3.61251],[116.61443,3.61333],[116.61542,3.61405],[116.61646,3.61485],[116.61682,3.61515],[116.6173,3.61558],[116.61742,3.61583],[116.61759,3.61696],[116.61764,3.61743],[116.61782,3.61767],[116.61833,3.61809],[116.61916,3.61885],[116.61988,3.61947],[116.62048,3.62025],[116.62096,3.62079],[116.62132,3.62107],[116.62176,3.62114],[116.62152,3.62093],[116.621,3.6205],[116.62024,3.61938],[116.62008,3.61915],[116.62011,3.61872],[116.62017,3.61774],[116.61917,3.6163],[116.61866,3.61557],[116.6188,3.61367],[116.61907,3.61209],[116.61963,3.60955],[116.61963,3.60951]]]]},"properties":{"kdprov":"65","kdkab":"01","kdkec":"130","kddesa":"003","kdsls":"0007","idsls":"65011300030007","nmprov":"KALIMANTAN UTARA","nmkab":"MALINAU","nmkec":"MALINAU UTARA","nmdesa":"RESPEN TUBU","nmsls":"RT 07"}},{"type":"Feature","geometry":{"type":"MultiPolygon","coordinates":[[[[116.63894,3.62032],[116.63863,3.62034],[116.63848,3.61975],[116.6383,3.61952],[116.63795,3.6194],[116.63757,3.61935],[116.63722,3.6192],[116.63668,3.61894],[116.636,3.61841],[116.63561,3.61806],[116.63536,3.61797],[116.63512,3.61786],[116.63482,3.61772],[116.63449,3.61749],[116.63432,3.61722],[116.63401,3.61681],[116.63385,3.61649],[116.63371,3.61616],[116.6334,3.6157],[116.63324,3.61558],[116.63298,3.61547],[116.63288,3.61543],[116.63226,3.6162],[116.63005,3.61564],[116.62961,3.61662],[116.62937,3.61666],[116.6291,3.61723],[116.6291,3.61805],[116.62869,3.61903],[116.62831,3.61938],[116.62792,3.61974],[116.62761,3.61991],[116.62792,3.62031],[116.62809,3.62079],[116.62769,3.62147],[116.62765,3.62153],[116.62661,3.62341],[116.62594,3.62456],[116.62539,3.62456],[116.62421,3.6246],[116.6234,3.62399],[116.62336,3.62391],[116.62321,3.62433],[116.62336,3.6246],[116.62342,3.62514],[116.62372,3.6255],[116.62363,3.6258],[116.62336,3.62619],[116.62312,3.62628],[116.62279,3.62665],[116.62234,3.62683],[116.62195,3.62665],[116.62156,3.62637],[116.6212,3.6264],[116.62072,3.62661],[116.6203,3.62701],[116.61985,3.6268],[116.61952,3.62646],[116.61922,3.62673],[116.61886,3.62704],[116.61862,3.62719],[116.61853,3.62764],[116.61874,3.62863],[116.61883,3.62872],[116.61943,3.62917],[116.61952,3.62975],[116.61952,3.63023],[116.61976,3.63056],[116.61973,3.63122],[116.61994,3.63158],[116.61998,3.63217],[116.62031,3.63293],[116.62058,3.63368],[116.62091,3.63416],[116.62079,3.63467],[116.62103,3.63521],[116.62154,3.63573],[116.62169,3.63615],[116.62208,3.63624],[116.62211,3.63645],[116.62163,3.63738],[116.62112,3.63901],[116.62052,3.63976],[116.62022,3.64012],[116.61987,3.64055],[116.61964,3.64055],[116.61899,3.64072],[116.61806,3.64061],[116.61729,3.64096],[116.61694,3.64125],[116.61753,3.64155],[116.61846,3.6429],[116.61946,3.64343],[116.61964,3.64396],[116.62028,3.64402],[116.62104,3.64478],[116.62127,3.64531],[116.62198,3.64543],[116.62227,3.64561],[116.62274,3.64655],[116.6235,3.64614],[116.62455,3.64643],[116.62572,3.6462],[116.62602,3.64667],[116.6259,3.64767],[116.62654,3.64773],[116.62695,3.64826],[116.62754,3.64879],[116.6283,3.6482],[116.62877,3.6472],[116.62918,3.64679],[116.62971,3.64708],[116.62994,3.64767],[116.62994,3.64826],[116.62959,3.64849],[116.62912,3.64896],[116.62848,3.64996],[116.62894,3.65126],[116.62906,3.65161],[116.62888,3.65208],[116.62906,3.65232],[116.62959,3.65273],[116.63017,3.65308],[116.63029,3.65349],[116.63064,3.65397],[116.63114,3.65783],[116.63293,3.65806],[116.63382,3.65873],[116.63583,3.65918],[116.6374,3.65985],[116.63807,3.66097],[116.63963,3.66232],[116.63985,3.6621],[116.64164,3.6621],[116.64298,3.66232],[116.6441,3.66345],[116.64522,3.663],[116.6479,3.66412],[116.64968,3.66592],[116.65259,3.66637],[116.6541,3.66745],[116.65426,3.66646],[116.65537,3.66479],[116.65592,3.66497],[116.65759,3.6646],[116.65851,3.66219],[116.65888,3.65886],[116.6587,3.65589],[116.65777,3.65496],[116.65404,3.6555],[116.65348,3.6562],[116.65258,3.65862],[116.65062,3.65978],[116.64991,3.65924],[116.64911,3.65817],[116.64795,3.6579],[116.64697,3.65682],[116.6451,3.65431],[116.6447,3.65257],[116.64407,3.65167],[116.64283,3.65158],[116.64167,3.6523],[116.6414,3.65122],[116.64042,3.65015],[116.64069,3.64943],[116.64078,3.6488],[116.64024,3.64701],[116.63971,3.64612],[116.63855,3.64692],[116.63792,3.64665],[116.63864,3.64585],[116.63926,3.64459],[116.63775,3.64325],[116.6373,3.64244],[116.63748,3.64092],[116.63623,3.63913],[116.63882,3.63707],[116.6398,3.6351],[116.64176,3.63358],[116.64381,3.63197],[116.64401,3.63169],[116.64488,3.63045],[116.64757,3.62748],[116.64775,3.62668],[116.6479,3.62642],[116.64792,3.62615],[116.64774,3.62565],[116.64738,3.62543],[116.64703,3.62546],[116.64682,3.62546],[116.64663,3.62543],[116.64657,3.62505],[116.64658,3.62485],[116.64659,3.62469],[116.6466,3.62432],[116.6465,3.62403],[116.64624,3.62384],[116.64596,3.62363],[116.64602,3.62333],[116.64572,3.62311],[116.64539,3.62307],[116.64508,3.62271],[116.64497,3.62232],[116.64509,3.62191],[116.64508,3.62154],[116.64481,3.62131],[116.64472,3.62095],[116.64464,3.62064],[116.64464,3.62031],[116.64452,3.62026],[116.64437,3.62025],[116.64419,3.61986],[116.6442,3.61967],[116.64444,3.61954],[116.64451,3.6195],[116.64496,3.61942],[116.64553,3.61946],[116.64561,3.61935],[116.6457,3.61853],[116.64541,3.61842],[116.64538,3.61853],[116.64533,3.61863],[116.64526,3.61866],[116.64514,3.61865],[116.645,3.61863],[116.64482,3.61867],[116.64467,3.61871],[116.64449,3.61877],[116.64441,3.61882],[116.64438,3.61887],[116.64436,3.61894],[116.6444,3.61901],[116.64445,3.61911],[116.64451,3.61919],[116.64453,3.61927],[116.64451,3.61936],[116.64446,3.61944],[116.6444,3.61946],[116.64429,3.61948],[116.6442,3.61948],[116.64409,3.61948],[116.64401,3.61948],[116.64394,3.61951],[116.64389,3.61955],[116.64378,3.61956],[116.64374,3.61954],[116.64368,3.61947],[116.64367,3.61937],[116.64365,3.61925],[116.64365,3.61911],[116.64364,3.61901],[116.64356,3.61888],[116.64345,3.61876],[116.6433,3.61864],[116.64317,3.61853],[116.64307,3.61848],[116.64296,3.61841],[116.64287,3.61839],[116.6428,3.61841],[116.64275,3.61844],[116.6427,3.6185],[116.64269,3.61857],[116.6427,3.61862],[116.64274,3.61868],[116.64275,3.61876],[116.64274,3.6188],[116.6427,3.61882],[116.64263,3.61881],[116.64257,3.61878],[116.64249,3.61875],[116.64242,3.6187],[116.64237,3.61866],[116.64229,3.6186],[116.64214,3.6186],[116.64205,3.61868],[116.64197,3.61875],[116.64188,3.61882],[116.64189,3.61901],[116.64186,3.61914],[116.64174,3.61931],[116.64159,3.61941],[116.64155,3.61959],[116.64148,3.61981],[116.64135,3.61996],[116.64119,3.62013],[116.64121,3.62041],[116.64132,3.62097],[116.64144,3.62173],[116.64157,3.62244],[116.64163,3.6232],[116.64159,3.62385],[116.64141,3.6244],[116.64104,3.62527],[116.64081,3.6256],[116.64052,3.62606],[116.64031,3.6264],[116.64017,3.62662],[116.63998,3.62732],[116.63993,3.62778],[116.63967,3.6288],[116.63942,3.62912],[116.63914,3.62934],[116.63875,3.62954],[116.63855,3.62969],[116.63827,3.63002],[116.63818,3.63036],[116.63808,3.63065],[116.63779,3.63113],[116.63749,3.63148],[116.63728,3.63171],[116.63691,3.63219],[116.6368,3.63261],[116.63672,3.63301],[116.63669,3.63323],[116.63642,3.63433],[116.63628,3.63482],[116.63617,3.63545],[116.63606,3.63585],[116.63597,3.63657],[116.63595,3.63697],[116.63585,3.6373],[116.63549,3.63757],[116.63544,3.63774],[116.63491,3.63822],[116.63453,3.63868],[116.63411,3.63879],[116.63372,3.63875],[116.63347,3.63855],[116.63342,3.63835],[116.63355,3.63811],[116.63376,3.63776],[116.63394,3.63743],[116.63407,3.63717],[116.63419,3.63691],[116.63425,3.63666],[116.63425,3.63633],[116.63438,3.63604],[116.63461,3.63585],[116.63482,3.63511],[116.635,3.63415],[116.63514,3.63323],[116.63529,3.63201],[116.63539,3.63166],[116.63558,3.63151],[116.63597,3.63121],[116.63618,3.631],[116.63633,3.63079],[116.6364,3.63069],[116.6365,3.63036],[116.63662,3.63003],[116.63679,3.6296],[116.63712,3.62903],[116.6373,3.62881],[116.63739,3.62864],[116.63756,3.62816],[116.63765,3.62793],[116.63773,3.62767],[116.63792,3.62751],[116.63805,3.62753],[116.63825,3.62737],[116.63836,3.6273],[116.63845,3.6272],[116.63849,3.62686],[116.63856,3.62659],[116.63861,3.62635],[116.63873,3.62613],[116.63885,3.62593],[116.63898,3.62574],[116.63907,3.62559],[116.63919,3.62539],[116.6393,3.62524],[116.63942,3.62514],[116.6395,3.62496],[116.63945,3.62485],[116.63947,3.62475],[116.63955,3.6247],[116.63951,3.62456],[116.63948,3.6244],[116.63937,3.62429],[116.63922,3.62417],[116.6391,3.62401],[116.63911,3.62387],[116.6392,3.62375],[116.6394,3.6237],[116.63951,3.62359],[116.63954,3.62341],[116.63948,3.62333],[116.63953,3.62309],[116.63965,3.62303],[116.63967,3.62288],[116.63966,3.62273],[116.63973,3.6226],[116.63979,3.6225],[116.63982,3.62236],[116.63976,3.62208],[116.63969,3.6219],[116.63951,3.62172],[116.63933,3.62153],[116.63915,3.62131],[116.63906,3.62115],[116.63894,3.62032]]]]},"properties":{"kdprov":"65","kdkab":"01","kdkec":"130","kddesa":"004","kdsls":"2002","idsls":"65011300042002","nmprov":"KALIMANTAN UTARA","nmkab":"MALINAU","nmkec":"MALINAU UTARA","nmdesa":"KALIAMOK","nmsls":"HUTAN"}}]}