{"type":"FeatureCollection","features":[{"type":"Feature","geometry":{"type":"MultiPolygon","coordinates":[[[[116.76714,2.68786],[116.76703,2.68749],[116.7659,2.68642],[116.76488,2.6856],[116.76392,2.68458],[116.76302,2.68337],[116.76234,2.68241],[116.76203,2.68136],[116.76207,2.68094],[116.76219,2.68068],[116.76226,2.6806],[116.76234,2.68049],[116.76234,2.68047],[116.76249,2.68019],[116.76286,2.67955],[116.76351,2.67908],[116.7636,2.67904],[116.76397,2.67875],[116.7642,2.67878],[116.76457,2.67816],[116.76459,2.67785],[116.76445,2.67737],[116.7642,2.6772],[116.76369,2.67705],[116.7631,2.67697],[116.76248,2.6766],[116.7616,2.67567],[116.76137,2.67519],[116.76101,2.67462],[116.76087,2.67381],[116.76092,2.67321],[116.76135,2.67276],[116.76197,2.67259],[116.7625,2.67225],[116.7627,2.67081],[116.76315,2.66979],[116.7631,2.66863],[116.76309,2.66864],[116.76162,2.66939],[116.76162,2.6694],[116.76156,2.66944],[116.76154,2.66944],[116.70603,2.69896],[116.67938,2.70402],[116.67295,2.70402],[116.67203,2.70126],[116.66973,2.70126],[116.66192,2.7054],[116.65655,2.70558],[116.66157,2.71011],[116.67139,2.7136],[116.67771,2.71818],[116.68387,2.72094],[116.68752,2.7245],[116.68807,2.72974],[116.69112,2.7365],[116.69431,2.7406],[116.69809,2.745],[116.6994,2.74871],[116.70246,2.75219],[116.70376,2.7559],[116.70838,2.75964],[116.70946,2.76196],[116.71374,2.76348],[116.71593,2.76651],[116.71654,2.76548],[116.71722,2.76327],[116.71866,2.76144],[116.71924,2.7598],[116.71943,2.75787],[116.71934,2.75488],[116.71963,2.75238],[116.7203,2.75074],[116.72088,2.74766],[116.72146,2.74534],[116.72223,2.74409],[116.7229,2.74342],[116.72435,2.74255],[116.72575,2.74125],[116.72671,2.7399],[116.72796,2.73932],[116.72912,2.73865],[116.72999,2.73778],[116.73114,2.7371],[116.73288,2.73643],[116.73519,2.73537],[116.73818,2.73412],[116.73991,2.73229],[116.74155,2.72949],[116.74319,2.72583],[116.74478,2.72347],[116.74497,2.72183],[116.74516,2.71827],[116.74516,2.7147],[116.74555,2.71248],[116.74632,2.71056],[116.74719,2.70853],[116.74805,2.70651],[116.74882,2.70458],[116.75041,2.70261],[116.75049,2.70261],[116.75321,2.7027],[116.75687,2.7028],[116.76034,2.7028],[116.76227,2.70174],[116.76593,2.69875],[116.76882,2.69577],[116.76902,2.69449],[116.76902,2.69449],[116.76933,2.69253],[116.7689,2.6925],[116.7681,2.69226],[116.7669,2.6919],[116.76619,2.69193],[116.76529,2.69196],[116.76421,2.692],[116.76291,2.6921],[116.76201,2.692],[116.76131,2.6921],[116.76113,2.69225],[116.76081,2.6925],[116.76049,2.69274],[116.76012,2.69301],[116.75951,2.69311],[116.75928,2.69315],[116.75872,2.69325],[116.75871,2.69325],[116.75878,2.69317],[116.75883,2.69311],[116.75924,2.69255],[116.75961,2.69205],[116.76051,2.69124],[116.76122,2.69084],[116.7616,2.69068],[116.76191,2.69055],[116.76221,2.69045],[116.76275,2.69012],[116.76321,2.68984],[116.76361,2.68984],[116.76392,2.68975],[116.76469,2.6897],[116.7654,2.68961],[116.76594,2.6895],[116.76625,2.68942],[116.76652,2.68915],[116.76666,2.68882],[116.76679,2.68855],[116.76682,2.68858],[116.76714,2.68786]]]]},"properties":{"kdprov":"65","kdkab":"02","kdkec":"010","kddesa":"006","kdsls":"2001","idsls":"65020100062001","nmprov":"KALIMANTAN UTARA","nmkab":"BULUNGAN","nmkec":"PESO","nmdesa":"MUARA PENGEAN","nmsls":"HUTAN"}},{"type":"Feature","geometry":{"type":"MultiPolygon","coordinates":[[[[116.83542,2.7464],[116.83657,2.74734],[116.83729,2.74805],[116.84062,2.74787],[116.8385,2.74676],[116.83578,2.74489],[116.83479,2.74582],[116.83542,2.7464]]]]},"properties":{"kdprov":"65","kdkab":"02","kdkec":"010","kddesa":"009","kdsls":"0002","idsls":"65020100090002","nmprov":"KALIMANTAN UTARA","nmkab":"BULUNGAN","nmkec":"PESO","nmdesa":"LEPAK ARU","nmsls":"RT 002"}},{"type":"Feature","geometry":{"type":"MultiPolygon","coordinates":[[[[116.78258,2.6917],[116.78257,2.69167],[116.7821,2.69019],[116.7821,2.69019],[116.7821,2.69019],[116.7819,2.68954],[116.78008,2.6905],[116.77904,2.69093],[116.77849,2.69116],[116.77849,2.69117],[116.77812,2.69132],[116.77797,2.69138],[116.77714,2.69173],[116.77649,2.69201],[116.77637,2.69205],[116.77658,2.69227],[116.77658,2.69227],[116.77721,2.69296],[116.78259,2.69177],[116.78259,2.69177],[116.78258,2.6917]]]]},"properties":{"kdprov":"65","kdkab":"02","kdkec":"010","kddesa":"006","kdsls":"0002","idsls":"65020100060002","nmprov":"KALIMANTAN UTARA","nmkab":"BULUNGAN","nmkec":"PESO","nmdesa":"MUARA PENGEAN","nmsls":"RT 002"}},{"type":"Feature","geometry":{"type":"MultiPolygon","coordinates":[[[[116.68311,2.82394],[116.68304,2.82409],[116.6824,2.82377],[116.68121,2.82195],[116.6812,2.82195],[116.68041,2.82058],[116.67986,2.81962],[116.67982,2.81861],[116.68006,2.81782],[116.67838,2.81835],[116.6771,2.81859],[116.67533,2.81883],[116.67369,2.81877],[116.67314,2.81871],[116.67198,2.81786],[116.67119,2.81615],[116.67131,2.81353],[116.67189,2.81267],[116.67244,2.81151],[116.67286,2.81023],[116.67256,2.8092],[116.67128,2.80822],[116.66884,2.80761],[116.66647,2.8075],[116.66628,2.80749],[116.66501,2.80749],[116.66485,2.80749],[116.66426,2.80749],[116.66304,2.80694],[116.66265,2.8068],[116.6617,2.80645],[116.66085,2.80581],[116.66048,2.80554],[116.65908,2.80389],[116.65829,2.80273],[116.65743,2.802],[116.65676,2.80157],[116.65615,2.80133],[116.65518,2.80133],[116.6542,2.80151],[116.65304,2.80212],[116.65146,2.80267],[116.64975,2.80304],[116.64792,2.80267],[116.64664,2.80188],[116.64463,2.80029],[116.64231,2.79871],[116.63953,2.79645],[116.63508,2.7931],[116.63087,2.78907],[116.6299,2.7884],[116.62862,2.78767],[116.62746,2.78742],[116.62666,2.78749],[116.62563,2.7881],[116.62423,2.78877],[116.62215,2.78871],[116.62044,2.78816],[116.61819,2.78645],[116.61614,2.78377],[116.61517,2.78059],[116.61413,2.77815],[116.61334,2.77541],[116.6112,2.77193],[116.60965,2.76998],[116.60739,2.76809],[116.60544,2.76608],[116.60331,2.76346],[116.60166,2.76059],[116.60047,2.75754],[116.5998,2.7562],[116.59876,2.75394],[116.59754,2.75156],[116.59681,2.75083],[116.59474,2.74894],[116.59334,2.74687],[116.59199,2.74479],[116.58992,2.74242],[116.5883,2.74168],[116.58641,2.7412],[116.58483,2.74046],[116.58214,2.73839],[116.5794,2.73607],[116.57727,2.73412],[116.57531,2.73144],[116.57348,2.72943],[116.57144,2.72601],[116.56937,2.72339],[116.56912,2.72357],[116.569,2.72333],[116.56729,2.72101],[116.56467,2.71869],[116.56345,2.7165],[116.5626,2.71406],[116.56187,2.71272],[116.55918,2.71046],[116.55805,2.70912],[116.55714,2.70771],[116.55629,2.70582],[116.55537,2.70406],[116.55452,2.70271],[116.55281,2.7007],[116.55189,2.69887],[116.55116,2.69674],[116.55052,2.69576],[116.54814,2.69296],[116.54662,2.69155],[116.5454,2.69021],[116.54467,2.68893],[116.54442,2.68777],[116.5443,2.68637],[116.54406,2.68545],[116.54333,2.68466],[116.54204,2.68381],[116.54046,2.68259],[116.5379,2.6807],[116.53601,2.67929],[116.53485,2.67795],[116.53415,2.67685],[116.53238,2.67466],[116.53037,2.67271],[116.52793,2.67112],[116.5261,2.67015],[116.52427,2.66789],[116.52268,2.66582],[116.52085,2.6646],[116.51908,2.66264],[116.51771,2.66069],[116.51619,2.65789],[116.51369,2.65581],[116.51021,2.65264],[116.50728,2.64929],[116.50472,2.64569],[116.50243,2.64185],[116.49999,2.63807],[116.49853,2.63599],[116.49633,2.63319],[116.49457,2.6313],[116.49298,2.62996],[116.49127,2.62776],[116.49085,2.62636],[116.49042,2.62361],[116.48981,2.62166],[116.48955,2.61938],[116.4891,2.61804],[116.48642,2.61327],[116.48627,2.60985],[116.48478,2.60821],[116.48419,2.60538],[116.4821,2.59943],[116.48076,2.59838],[116.48076,2.5957],[116.47942,2.59332],[116.47689,2.59034],[116.47495,2.58781],[116.47108,2.58558],[116.46885,2.5826],[116.46706,2.58245],[116.46379,2.58096],[116.46185,2.57933],[116.45962,2.57516],[116.45679,2.57069],[116.45426,2.56811],[116.45391,2.56771],[116.4536,2.56729],[116.45337,2.56691],[116.45317,2.56667],[116.45295,2.56631],[116.45275,2.56604],[116.45235,2.56548],[116.45207,2.56516],[116.45166,2.56468],[116.45118,2.56414],[116.45082,2.56372],[116.44992,2.56275],[116.44913,2.56186],[116.44735,2.5599],[116.44687,2.55936],[116.44634,2.55879],[116.44573,2.55816],[116.44515,2.55775],[116.4447,2.55739],[116.44407,2.55681],[116.44361,2.55634],[116.44313,2.55583],[116.44278,2.55545],[116.44235,2.55501],[116.44202,2.55465],[116.44165,2.55423],[116.44132,2.5538],[116.44099,2.5534],[116.44067,2.55308],[116.44031,2.55286],[116.43978,2.55262],[116.43949,2.5525],[116.4392,2.55234],[116.43896,2.55218],[116.43876,2.552],[116.43852,2.55175],[116.43838,2.55162],[116.4382,2.55135],[116.43805,2.55115],[116.43793,2.55097],[116.43779,2.55078],[116.43746,2.55026],[116.43692,2.54959],[116.43643,2.54896],[116.43602,2.54848],[116.43553,2.54788],[116.4352,2.54745],[116.4349,2.54711],[116.43462,2.54674],[116.43413,2.54616],[116.43371,2.54562],[116.43299,2.5448],[116.4322,2.54401],[116.43156,2.54346],[116.43096,2.54299],[116.43031,2.54255],[116.42952,2.54192],[116.4291,2.54156],[116.42858,2.54104],[116.42823,2.54063],[116.42779,2.54],[116.42746,2.53959],[116.42718,2.53936],[116.4269,2.5392],[116.42654,2.53902],[116.42618,2.53889],[116.42572,2.53877],[116.42527,2.53867],[116.42435,2.53866],[116.42322,2.53871],[116.42239,2.53873],[116.42158,2.5387],[116.42074,2.53854],[116.42002,2.53827],[116.41943,2.53803],[116.4188,2.53766],[116.41813,2.53723],[116.41732,2.53666],[116.41685,2.53628],[116.41634,2.53587],[116.41578,2.53549],[116.41523,2.53517],[116.41361,2.53418],[116.41322,2.53393],[116.41264,2.5335],[116.41187,2.53289],[116.41105,2.53228],[116.41019,2.53167],[116.40964,2.53138],[116.4092,2.53117],[116.40878,2.53101],[116.40819,2.53081],[116.40735,2.53057],[116.40663,2.5304],[116.4057,2.5301],[116.40505,2.52977],[116.40419,2.5293],[116.40346,2.5288],[116.40232,2.52793],[116.40153,2.52721],[116.40062,2.52628],[116.39988,2.52538],[116.39946,2.52486],[116.39917,2.52442],[116.39881,2.52379],[116.39856,2.52339],[116.39831,2.52285],[116.39816,2.52253],[116.39787,2.52201],[116.39754,2.52127],[116.39721,2.52073],[116.39692,2.52042],[116.39611,2.51942],[116.3956,2.51888],[116.3951,2.51841],[116.39471,2.51795],[116.39435,2.51745],[116.39408,2.51687],[116.39387,2.51649],[116.3936,2.51597],[116.39345,2.51567],[116.3931,2.51507],[116.39274,2.5144],[116.39258,2.51397],[116.39238,2.51348],[116.39212,2.51262],[116.39186,2.5118],[116.39162,2.51102],[116.39156,2.51044],[116.39147,2.50966],[116.39141,2.50916],[116.39124,2.50854],[116.39103,2.50783],[116.39079,2.5069],[116.39068,2.50615],[116.3907,2.50549],[116.39067,2.50446],[116.39052,2.50336],[116.39034,2.50282],[116.39015,2.50242],[116.38978,2.50178],[116.38947,2.50126],[116.38912,2.50057],[116.3889,2.5],[116.3887,2.49934],[116.38854,2.49818],[116.3885,2.4975],[116.38852,2.49696],[116.38852,2.49631],[116.38856,2.49521],[116.38863,2.49453],[116.38868,2.49366],[116.3888,2.49216],[116.38884,2.49162],[116.3889,2.49108],[116.38903,2.49052],[116.38921,2.49005],[116.38941,2.48959],[116.38977,2.48905],[116.39,2.48873],[116.39032,2.48827],[116.39078,2.48777],[116.3911,2.48746],[116.39156,2.48708],[116.3918,2.4869],[116.392,2.48681],[116.3921,2.48687],[116.39244,2.48654],[116.39268,2.48634],[116.39292,2.48603],[116.39325,2.48579],[116.39334,2.48578],[116.39337,2.48559],[116.3934,2.48516],[116.39358,2.48464],[116.39379,2.4841],[116.39409,2.48362],[116.39441,2.48332],[116.39504,2.48278],[116.39539,2.48236],[116.39568,2.48191],[116.39593,2.48132],[116.39609,2.48075],[116.39621,2.47978],[116.39632,2.47912],[116.39639,2.47857],[116.39655,2.47784],[116.39665,2.47742],[116.39683,2.47692],[116.39709,2.47618],[116.3973,2.47565],[116.39748,2.47486],[116.39758,2.47379],[116.39758,2.47352],[116.39764,2.47294],[116.39764,2.47237],[116.39758,2.47195],[116.39741,2.47166],[116.39725,2.4715],[116.39694,2.47135],[116.39654,2.47124],[116.39617,2.47117],[116.39588,2.4711],[116.39534,2.471],[116.39499,2.47093],[116.3946,2.4708],[116.3939,2.47059],[116.39287,2.47014],[116.3915,2.46959],[116.38916,2.46912],[116.38579,2.46914],[116.38267,2.46937],[116.37954,2.46947],[116.37718,2.46989],[116.37593,2.47027],[116.37454,2.47069],[116.37249,2.47134],[116.37064,2.47189],[116.36864,2.47269],[116.36794,2.47304],[116.36694,2.47344],[116.36598,2.47359],[116.36418,2.47366],[116.36271,2.47334],[116.36146,2.47259],[116.36028,2.47182],[116.35862,2.47072],[116.35737,2.46992],[116.35575,2.46877],[116.35408,2.46744],[116.35298,2.46622],[116.35243,2.46537],[116.35117,2.46362],[116.34992,2.46232],[116.34847,2.46092],[116.34754,2.46002],[116.34659,2.4591],[116.34537,2.45818],[116.34381,2.45728],[116.34226,2.45638],[116.34124,2.45558],[116.34034,2.45495],[116.34034,2.4548],[116.33966,2.4541],[116.33876,2.4536],[116.33806,2.45323],[116.33654,2.45243],[116.33547,2.45208],[116.33429,2.45131],[116.33308,2.45041],[116.33221,2.45001],[116.33143,2.44978],[116.33023,2.44961],[116.32908,2.44956],[116.32751,2.44993],[116.32524,2.45033],[116.32256,2.45043],[116.32155,2.45026],[116.31885,2.44898],[116.31678,2.44791],[116.31177,2.44591],[116.3104,2.44534],[116.30955,2.44474],[116.30875,2.44374],[116.30818,2.44269],[116.3074,2.44134],[116.3066,2.43994],[116.30559,2.43864],[116.30452,2.43732],[116.30379,2.43627],[116.30284,2.43482],[116.30184,2.43335],[116.30097,2.43205],[116.29996,2.43095],[116.29793,2.42922],[116.29596,2.42718],[116.29469,2.42545],[116.29382,2.42445],[116.29317,2.42388],[116.2925,2.42345],[116.29135,2.4229],[116.29048,2.42253],[116.28975,2.42203],[116.2882,2.42058],[116.28688,2.41938],[116.28489,2.41768],[116.28359,2.41628],[116.28262,2.41489],[116.28212,2.41389],[116.28082,2.41051],[116.28027,2.40866],[116.27965,2.40697],[116.279,2.40559],[116.27855,2.40474],[116.27795,2.40399],[116.27747,2.40299],[116.27712,2.40237],[116.27674,2.40152],[116.27651,2.4004],[116.27599,2.3992],[116.27383,2.39592],[116.27268,2.3943],[116.27165,2.39328],[116.27005,2.39198],[116.26886,2.39048],[116.26828,2.38928],[116.26753,2.38861],[116.26563,2.38753],[116.26267,2.38624],[116.26188,2.38598],[116.26022,2.38564],[116.25864,2.38509],[116.25772,2.38469],[116.25682,2.38421],[116.25629,2.38373],[116.25573,2.38291],[116.25541,2.38211],[116.25518,2.38141],[116.25467,2.38002],[116.2541,2.37891],[116.25351,2.37824],[116.25251,2.3776],[116.25129,2.377],[116.25033,2.37626],[116.24968,2.37557],[116.24899,2.37466],[116.24845,2.37375],[116.24792,2.37278],[116.24745,2.37188],[116.24713,2.37087],[116.24689,2.37006],[116.24665,2.36935],[116.24641,2.3687],[116.24614,2.3679],[116.24587,2.36715],[116.24552,2.36627],[116.24514,2.36558],[116.24479,2.36502],[116.2442,2.36424],[116.24361,2.36353],[116.24297,2.36264],[116.2424,2.3616],[116.242,2.36104],[116.24152,2.36043],[116.24103,2.35992],[116.23961,2.35835],[116.23867,2.35711],[116.23758,2.35581],[116.23688,2.35492],[116.23652,2.35394],[116.23633,2.35317],[116.23597,2.35233],[116.23573,2.35186],[116.23522,2.35086],[116.23482,2.35018],[116.23434,2.34945],[116.23392,2.34868],[116.23363,2.34798],[116.23338,2.34726],[116.23303,2.34596],[116.23248,2.34331],[116.23207,2.34208],[116.23151,2.34072],[116.23121,2.33939],[116.23079,2.33776],[116.2305,2.33664],[116.23019,2.33565],[116.22989,2.33453],[116.22974,2.33361],[116.22967,2.3329],[116.22963,2.33236],[116.22942,2.33164],[116.22916,2.331],[116.22897,2.33041],[116.22886,2.32974],[116.22876,2.32897],[116.22864,2.32852],[116.2283,2.32795],[116.22787,2.32719],[116.22704,2.32596],[116.22643,2.32528],[116.22431,2.32361],[116.22351,2.32288],[116.2223,2.32147],[116.22095,2.32029],[116.21952,2.31914],[116.2182,2.31819],[116.21744,2.31768],[116.21673,2.31723],[116.21569,2.31671],[116.21479,2.31636],[116.21417,2.31602],[116.21322,2.31557],[116.21239,2.31522],[116.21207,2.31511],[116.21138,2.31485],[116.2104,2.31429],[116.2097,2.3137],[116.209,2.31287],[116.20828,2.31196],[116.20741,2.31074],[116.20679,2.30996],[116.20638,2.30934],[116.20585,2.30835],[116.20514,2.30697],[116.20454,2.3058],[116.20424,2.30507],[116.20395,2.30424],[116.20381,2.30353],[116.20365,2.30294],[116.20338,2.30213],[116.20313,2.30125],[116.20298,2.30062],[116.20273,2.29989],[116.20247,2.29939],[116.20202,2.29855],[116.20148,2.29757],[116.20111,2.29691],[116.20057,2.29613],[116.20024,2.2956],[116.19989,2.29488],[116.19975,2.29439],[116.19955,2.29308],[116.19949,2.29273],[116.19936,2.29223],[116.19903,2.2913],[116.19891,2.29057],[116.19903,2.28988],[116.19943,2.28927],[116.20015,2.2882],[116.20095,2.28695],[116.20131,2.28614],[116.20154,2.28532],[116.20163,2.28427],[116.2017,2.28253],[116.20177,2.28169],[116.20193,2.28078],[116.20212,2.27995],[116.20238,2.27901],[116.2027,2.27802],[116.20314,2.27722],[116.20352,2.27664],[116.20389,2.27578],[116.20398,2.27455],[116.20423,2.2733],[116.20444,2.27257],[116.20477,2.27199],[116.20532,2.27148],[116.20594,2.27113],[116.2065,2.27085],[116.20714,2.27054],[116.20759,2.27015],[116.2078,2.26983],[116.20799,2.2693],[116.20817,2.26857],[116.20828,2.26767],[116.20851,2.26639],[116.2088,2.26544],[116.20922,2.264],[116.20943,2.26307],[116.20952,2.26182],[116.2096,2.26099],[116.20985,2.25989],[116.20996,2.25926],[116.21022,2.25854],[116.21063,2.25795],[116.21108,2.25759],[116.21155,2.25723],[116.21206,2.25679],[116.21236,2.25627],[116.21268,2.25557],[116.21305,2.25488],[116.21326,2.25439],[116.21354,2.25365],[116.21378,2.25293],[116.21414,2.25231],[116.21447,2.25189],[116.21474,2.25162],[116.21505,2.25121],[116.21522,2.25085],[116.2154,2.25026],[116.21538,2.24982],[116.21525,2.2487],[116.2151,2.24778],[116.21493,2.24617],[116.21485,2.24504],[116.21473,2.24392],[116.2146,2.24336],[116.21449,2.24313],[116.2143,2.24235],[116.2141,2.24123],[116.21385,2.24035],[116.21317,2.23901],[116.21275,2.23838],[116.21238,2.23798],[116.21181,2.23733],[116.21117,2.2368],[116.21071,2.23631],[116.21019,2.23571],[116.20987,2.23512],[116.20973,2.23469],[116.20949,2.23351],[116.20939,2.23269],[116.20943,2.23183],[116.20943,2.23156],[116.20949,2.23113],[116.2096,2.23077],[116.20967,2.23044],[116.20975,2.23023],[116.20983,2.22994],[116.20996,2.22938],[116.21004,2.22905],[116.21011,2.22826],[116.21022,2.2275],[116.21028,2.22647],[116.2103,2.22553],[116.21026,2.22452],[116.21018,2.2239],[116.20997,2.22339],[116.20981,2.22304],[116.2096,2.22252],[116.2093,2.22193],[116.20906,2.22133],[116.20884,2.22062],[116.20876,2.21997],[116.20872,2.21961],[116.20876,2.21912],[116.20876,2.2187],[116.20876,2.21814],[116.20876,2.21766],[116.2087,2.21701],[116.20841,2.21624],[116.20795,2.21563],[116.2076,2.21504],[116.20744,2.21461],[116.20736,2.21405],[116.20725,2.21324],[116.20714,2.21266],[116.20677,2.21178],[116.20636,2.21085],[116.20601,2.21009],[116.20577,2.20962],[116.2055,2.20918],[116.20518,2.20858],[116.2048,2.20775],[116.20453,2.20714],[116.2044,2.20649],[116.20432,2.20574],[116.20434,2.20521],[116.20428,2.20454],[116.20399,2.20387],[116.20374,2.20344],[116.20308,2.20232],[116.20254,2.20112],[116.20227,2.20046],[116.20195,2.19981],[116.20162,2.19929],[116.2012,2.19877],[116.20088,2.19843],[116.19997,2.19741],[116.19912,2.19688],[116.19847,2.19637],[116.19782,2.19591],[116.19686,2.19528],[116.19624,2.19483],[116.19569,2.19426],[116.19536,2.1938],[116.19473,2.19276],[116.19405,2.19162],[116.19353,2.19081],[116.19285,2.19009],[116.19187,2.18917],[116.19112,2.18849],[116.19039,2.18772],[116.19003,2.18711],[116.18987,2.18668],[116.18979,2.18633],[116.18946,2.18584],[116.18901,2.18372],[116.18895,2.18234],[116.18887,2.1807],[116.1887,2.17906],[116.18856,2.17728],[116.18853,2.17592],[116.1885,2.17476],[116.18851,2.17382],[116.18851,2.1732],[116.18853,2.17229],[116.18851,2.17129],[116.18855,2.17121],[116.18851,2.17122],[116.18853,2.17062],[116.18853,2.16971],[116.18854,2.16877],[116.18854,2.16815],[116.18858,2.16771],[116.18851,2.16689],[116.18846,2.16579],[116.18836,2.1643],[116.18825,2.16323],[116.18815,2.1622],[116.18802,2.16136],[116.18786,2.16065],[116.18768,2.15992],[116.18768,2.15917],[116.18786,2.15825],[116.18816,2.15763],[116.18846,2.15717],[116.18879,2.1567],[116.18923,2.15618],[116.18959,2.15582],[116.1902,2.15547],[116.19086,2.15512],[116.19132,2.15479],[116.19207,2.15429],[116.19215,2.15423],[116.1927,2.15379],[116.19332,2.15338],[116.19408,2.15282],[116.19438,2.15258],[116.19475,2.15234],[116.19504,2.15215],[116.19552,2.15175],[116.19597,2.15127],[116.19646,2.1508],[116.19692,2.15034],[116.19726,2.14988],[116.19745,2.14964],[116.19777,2.14911],[116.19812,2.14865],[116.19844,2.14833],[116.19877,2.14812],[116.19901,2.14794],[116.19931,2.14772],[116.19959,2.14751],[116.19999,2.14721],[116.20034,2.14695],[116.20067,2.14676],[116.20093,2.1466],[116.20117,2.14646],[116.20149,2.14631],[116.20192,2.1461],[116.20238,2.14582],[116.20291,2.1454],[116.20326,2.14502],[116.20357,2.14447],[116.20371,2.14425],[116.20405,2.14366],[116.20429,2.1431],[116.20438,2.14262],[116.2044,2.14211],[116.20438,2.14166],[116.20438,2.14164],[116.20438,2.14164],[116.20177,2.14232],[116.20139,2.14242],[116.20061,2.14263],[116.19866,2.14314],[116.19862,2.14319],[116.19704,2.14391],[116.19556,2.1443],[116.19352,2.14455],[116.1931,2.14459],[116.19165,2.14472],[116.19086,2.14517],[116.19085,2.14518],[116.1898,2.14585],[116.1881,2.14599],[116.18729,2.1461],[116.18613,2.14626],[116.18544,2.1463],[116.18434,2.1456],[116.18252,2.1448],[116.18196,2.14461],[116.18152,2.14425],[116.18096,2.14393],[116.18035,2.14362],[116.17915,2.14318],[116.17797,2.14282],[116.17659,2.14273],[116.17552,2.143],[116.17476,2.14315],[116.17418,2.143],[116.17415,2.143],[116.17339,2.14263],[116.17289,2.14245],[116.17259,2.14229],[116.17176,2.14166],[116.17108,2.14128],[116.17047,2.14091],[116.16948,2.14041],[116.1691,2.13999],[116.16776,2.13937],[116.16656,2.13919],[116.16614,2.1392],[116.16582,2.13921],[116.16521,2.13892],[116.16458,2.13851],[116.16383,2.13793],[116.1633,2.13722],[116.16301,2.13683],[116.16278,2.13652],[116.16238,2.13602],[116.1618,2.13562],[116.16082,2.13521],[116.1599,2.13483],[116.15977,2.13478],[116.15967,2.13467],[116.15893,2.13384],[116.15742,2.13303],[116.15725,2.13297],[116.15719,2.13294],[116.15522,2.13792],[116.15455,2.14062],[116.15284,2.14394],[116.15063,2.14541],[116.14977,2.14676],[116.1492,2.14862],[116.14951,2.15083],[116.14969,2.15161],[116.14929,2.15246],[116.14855,2.15411],[116.14825,2.15511],[116.14772,2.15528],[116.14688,2.15494],[116.14598,2.15418],[116.14475,2.15323],[116.14473,2.15321],[116.14425,2.1533],[116.14262,2.15384],[116.14052,2.15356],[116.13828,2.15311],[116.13712,2.15488],[116.13613,2.15693],[116.13366,2.15967],[116.13284,2.16035],[116.13243,2.1625],[116.12972,2.16314],[116.12969,2.16311],[116.12965,2.16309],[116.12963,2.16307],[116.12937,2.16291],[116.12927,2.16284],[116.12914,2.16274],[116.12892,2.16257],[116.12892,2.16257],[116.12885,2.16246],[116.12884,2.16245],[116.12883,2.16243],[116.12882,2.16242],[116.12868,2.16219],[116.12868,2.16219],[116.12861,2.1621],[116.12858,2.16207],[116.12842,2.16187],[116.12838,2.16184],[116.12817,2.16166],[116.12805,2.16156],[116.12804,2.16155],[116.12776,2.16126],[116.12775,2.16125],[116.12748,2.1609],[116.12748,2.16089],[116.12743,2.16082],[116.12728,2.16059],[116.12724,2.16053],[116.12719,2.16044],[116.12709,2.16026],[116.12704,2.16017],[116.12685,2.15968],[116.12683,2.15966],[116.12667,2.15952],[116.12662,2.15947],[116.12655,2.15942],[116.12655,2.15942],[116.12654,2.15943],[116.12651,2.15952],[116.12645,2.15966],[116.12634,2.15998],[116.12611,2.16033],[116.12576,2.16083],[116.12571,2.16089],[116.12539,2.16129],[116.1253,2.16139],[116.1251,2.16166],[116.1251,2.16167],[116.12507,2.16179],[116.12503,2.16196],[116.12503,2.16199],[116.125,2.16218],[116.12499,2.16223],[116.12497,2.16236],[116.12497,2.16237],[116.12495,2.16254],[116.12495,2.16257],[116.12495,2.16257],[116.11921,2.16441],[116.11495,2.16569],[116.1115,2.16426],[116.10721,2.16557],[116.10388,2.16688],[116.10019,2.16967],[116.09769,2.17015],[116.09401,2.16939],[116.09256,2.16792],[116.09117,2.1673],[116.08984,2.16724],[116.08763,2.16645],[116.08516,2.16559],[116.08353,2.1653],[116.08178,2.16456],[116.08104,2.16402],[116.08029,2.16313],[116.07988,2.16274],[116.07873,2.16287],[116.07752,2.16285],[116.07739,2.16283],[116.07708,2.16277],[116.07514,2.16245],[116.0727,2.16233],[116.07055,2.16151],[116.06776,2.15489],[116.06776,2.15489],[116.06383,2.15253],[116.06234,2.1514],[116.0603,2.14866],[116.05963,2.14636],[116.05853,2.1455],[116.0571,2.14522],[116.05627,2.14577],[116.05478,2.14791],[116.05479,2.15027],[116.05376,2.151],[116.05312,2.15145],[116.05075,2.15252],[116.04931,2.1552],[116.04729,2.15686],[116.04718,2.15694],[116.0455,2.15832],[116.04447,2.15966],[116.04273,2.1616],[116.04245,2.1619],[116.04097,2.16355],[116.03814,2.16687],[116.03616,2.16846],[116.03571,2.16932],[116.03422,2.17015],[116.03324,2.1706],[116.03283,2.171],[116.03249,2.17238],[116.03124,2.17389],[116.03023,2.17446],[116.02902,2.17579],[116.02737,2.17784],[116.02519,2.18082],[116.02446,2.18112],[116.02404,2.18222],[116.02307,2.18299],[116.02242,2.18341],[116.02055,2.1839],[116.0186,2.18415],[116.01771,2.18575],[116.01726,2.18667],[116.01581,2.18869],[116.01465,2.18969],[116.01186,2.19113],[116.0115,2.19249],[116.01182,2.19389],[116.01205,2.19441],[116.01284,2.19606],[116.01328,2.19741],[116.01296,2.19843],[116.01205,2.19938],[116.01136,2.20013],[116.01074,2.2013],[116.01032,2.20267],[116.00992,2.20308],[116.00933,2.20457],[116.00897,2.20532],[116.0087,2.20566],[116.00803,2.20615],[116.00712,2.20656],[116.00625,2.20713],[116.00669,2.20857],[116.00737,2.20965],[116.00753,2.21009],[116.00789,2.21104],[116.00819,2.21175],[116.00825,2.21229],[116.00786,2.21312],[116.00743,2.21365],[116.00732,2.21411],[116.00649,2.21509],[116.00594,2.21557],[116.00538,2.21567],[116.00465,2.21592],[116.00441,2.21613],[116.00392,2.21711],[116.00344,2.21822],[116.00276,2.21897],[116.00248,2.21911],[116.00233,2.21918],[116.00191,2.21935],[116.00171,2.21961],[116.00137,2.21992],[116.00069,2.22061],[116.00041,2.22114],[116.00022,2.22164],[115.99999,2.22266],[115.99989,2.2237],[115.99984,2.22429],[115.99993,2.22516],[115.99937,2.22627],[115.99894,2.22838],[115.99866,2.22918],[115.99816,2.22957],[115.99732,2.22978],[115.99657,2.23013],[115.99592,2.23043],[115.99565,2.23098],[115.99533,2.2313],[115.99487,2.23162],[115.99462,2.23201],[115.99442,2.23251],[115.99427,2.23323],[115.99392,2.23456],[115.99378,2.23468],[115.99313,2.23523],[115.99222,2.23565],[115.99232,2.23613],[115.99248,2.23688],[115.99284,2.2383],[115.99317,2.23915],[115.99346,2.23993],[115.99357,2.24045],[115.99368,2.24093],[115.99405,2.24159],[115.99406,2.24189],[115.99393,2.24219],[115.99342,2.24273],[115.99308,2.24322],[115.99279,2.24369],[115.99247,2.24386],[115.99195,2.24403],[115.99151,2.24426],[115.99116,2.24465],[115.99101,2.24487],[115.99086,2.24509],[115.99056,2.24552],[115.9906,2.24577],[115.99064,2.24585],[115.99086,2.24633],[115.99097,2.24674],[115.99096,2.24713],[115.99092,2.24744],[115.99058,2.24785],[115.99048,2.24798],[115.98994,2.24856],[115.9895,2.24884],[115.98937,2.24906],[115.98932,2.24946],[115.98935,2.25],[115.98944,2.2503],[115.98961,2.25072],[115.98989,2.25111],[115.99002,2.2513],[115.99009,2.25144],[115.9902,2.25174],[115.99029,2.25195],[115.9904,2.25224],[115.99065,2.25283],[115.99075,2.25303],[115.99084,2.25345],[115.99094,2.25385],[115.99106,2.25422],[115.99107,2.25426],[115.99094,2.25475],[115.99079,2.2554],[115.99078,2.25569],[115.99054,2.2561],[115.99039,2.25652],[115.99057,2.25713],[115.9904,2.2584],[115.99008,2.25875],[115.98959,2.2592],[115.98956,2.25923],[115.98914,2.25963],[115.98878,2.26024],[115.98839,2.26087],[115.98833,2.26128],[115.98828,2.26159],[115.98841,2.262],[115.98932,2.26224],[115.99009,2.2623],[115.99076,2.26239],[115.99076,2.26239],[115.99077,2.26239],[115.9911,2.26247],[115.9913,2.26252],[115.99352,2.26259],[115.99434,2.26254],[115.99463,2.26247],[115.99492,2.26243],[115.99534,2.26236],[115.99571,2.26228],[115.99696,2.26174],[115.99851,2.26134],[115.99915,2.26132],[116.00002,2.26135],[116.00124,2.26135],[116.00329,2.26138],[116.00339,2.26137],[116.00456,2.26131],[116.00491,2.26113],[116.00553,2.26079],[116.00571,2.26056],[116.00579,2.26045],[116.00652,2.25989],[116.00757,2.25899],[116.00785,2.25855],[116.00849,2.25823],[116.00937,2.25789],[116.00986,2.25783],[116.01045,2.25789],[116.01069,2.2578],[116.01092,2.25749],[116.0111,2.25717],[116.01189,2.25609],[116.01204,2.25578],[116.01305,2.25536],[116.01379,2.25528],[116.01449,2.25518],[116.01555,2.25479],[116.0162,2.25497],[116.01713,2.25538],[116.01746,2.25547],[116.01806,2.2556],[116.01839,2.25566],[116.01894,2.25557],[116.01941,2.25546],[116.02231,2.25513],[116.02312,2.25503],[116.0236,2.25492],[116.02382,2.25487],[116.02387,2.25484],[116.02448,2.25453],[116.02482,2.25441],[116.0251,2.25448],[116.02596,2.25471],[116.02691,2.25531],[116.02777,2.25541],[116.02943,2.25516],[116.0308,2.25497],[116.03093,2.25497],[116.0321,2.255],[116.03348,2.25532],[116.03456,2.2557],[116.03532,2.25623],[116.03597,2.25671],[116.03685,2.25718],[116.03703,2.25753],[116.03702,2.2579],[116.03718,2.25852],[116.03722,2.25876],[116.0373,2.25922],[116.03743,2.25955],[116.0377,2.26003],[116.03818,2.26052],[116.03859,2.26091],[116.03952,2.26121],[116.04011,2.26131],[116.04038,2.26148],[116.04093,2.26161],[116.04164,2.26215],[116.04187,2.26278],[116.04195,2.26363],[116.04204,2.26423],[116.04235,2.26465],[116.0426,2.2648],[116.04289,2.26508],[116.04314,2.26526],[116.04345,2.26546],[116.04371,2.26562],[116.04396,2.26594],[116.04424,2.26628],[116.04457,2.26667],[116.04527,2.26778],[116.04568,2.26844],[116.04598,2.26956],[116.04636,2.27118],[116.04648,2.27162],[116.04659,2.27219],[116.04664,2.27245],[116.04669,2.27268],[116.0468,2.27302],[116.04717,2.27361],[116.04756,2.27412],[116.04798,2.27465],[116.0483,2.27505],[116.04866,2.27533],[116.04908,2.27553],[116.04958,2.27574],[116.04982,2.27596],[116.05001,2.27631],[116.05043,2.27691],[116.051,2.278],[116.05174,2.27968],[116.05195,2.28033],[116.05208,2.28062],[116.05213,2.28086],[116.0521,2.28142],[116.05206,2.28194],[116.05199,2.28234],[116.05195,2.28273],[116.0519,2.28309],[116.05199,2.28356],[116.05215,2.28421],[116.05227,2.28502],[116.05274,2.28564],[116.05322,2.28615],[116.05328,2.28625],[116.05364,2.28678],[116.0537,2.28692],[116.05379,2.28746],[116.05375,2.28794],[116.05361,2.28886],[116.05358,2.28995],[116.05356,2.29022],[116.0535,2.29122],[116.05333,2.29203],[116.05372,2.2925],[116.05377,2.29257],[116.0541,2.29329],[116.05439,2.29379],[116.05477,2.29404],[116.05569,2.29434],[116.05655,2.29475],[116.05725,2.29505],[116.05798,2.29554],[116.05854,2.29624],[116.05905,2.29733],[116.05947,2.29819],[116.05987,2.29914],[116.06051,2.3004],[116.06056,2.3005],[116.06105,2.30119],[116.0615,2.30225],[116.06193,2.30322],[116.06198,2.30398],[116.06202,2.30418],[116.06183,2.30481],[116.06159,2.30582],[116.06151,2.30613],[116.06105,2.30669],[116.0606,2.30757],[116.06025,2.30875],[116.06016,2.30903],[116.05978,2.3102],[116.05933,2.31158],[116.05918,2.31276],[116.05908,2.31358],[116.05945,2.31401],[116.05967,2.31414],[116.05979,2.31432],[116.0599,2.31468],[116.06002,2.31498],[116.06012,2.31541],[116.06012,2.3156],[116.06005,2.31634],[116.06071,2.31677],[116.06167,2.31726],[116.06237,2.3179],[116.06303,2.31831],[116.06394,2.31889],[116.06469,2.31942],[116.06558,2.31994],[116.06599,2.32018],[116.06745,2.32095],[116.06791,2.3212],[116.06842,2.32131],[116.06913,2.32139],[116.06923,2.32162],[116.0694,2.32216],[116.06974,2.32282],[116.07005,2.32363],[116.07023,2.3242],[116.07084,2.32469],[116.07135,2.32521],[116.07196,2.32586],[116.07222,2.32608],[116.07295,2.32696],[116.07328,2.32742],[116.07389,2.32764],[116.07435,2.32792],[116.07495,2.32807],[116.07635,2.32851],[116.07714,2.32873],[116.07762,2.32945],[116.07803,2.33013],[116.07842,2.33086],[116.07956,2.33192],[116.08062,2.33271],[116.08085,2.33332],[116.08104,2.33375],[116.08144,2.3346],[116.08187,2.33577],[116.08204,2.33623],[116.08235,2.33637],[116.08302,2.33687],[116.0835,2.33727],[116.08389,2.33772],[116.0842,2.33834],[116.08449,2.33966],[116.08455,2.34019],[116.08463,2.3409],[116.08496,2.34192],[116.08533,2.3427],[116.08557,2.34366],[116.08573,2.3443],[116.08587,2.34484],[116.08605,2.34556],[116.08618,2.34609],[116.08642,2.34707],[116.0867,2.34768],[116.08686,2.34784],[116.08713,2.34795],[116.08738,2.34795],[116.08791,2.34793],[116.08843,2.34799],[116.08869,2.34817],[116.08899,2.34823],[116.08929,2.34826],[116.08996,2.34844],[116.09033,2.34859],[116.09097,2.34887],[116.09222,2.3497],[116.09294,2.35029],[116.0937,2.35113],[116.09395,2.35135],[116.09422,2.35158],[116.09455,2.35188],[116.09563,2.35252],[116.09577,2.3526],[116.09673,2.35308],[116.09679,2.35311],[116.09705,2.3532],[116.09726,2.35328],[116.09753,2.35333],[116.09786,2.35322],[116.09875,2.35312],[116.0989,2.35315],[116.09902,2.35322],[116.09921,2.35331],[116.09962,2.35339],[116.10005,2.3534],[116.10069,2.35327],[116.10104,2.35326],[116.10134,2.35375],[116.10182,2.355],[116.10196,2.35521],[116.1021,2.35543],[116.10305,2.35614],[116.10363,2.35674],[116.10372,2.35701],[116.10366,2.35867],[116.1037,2.35963],[116.1038,2.36],[116.10395,2.36067],[116.10397,2.36085],[116.10397,2.36091],[116.10396,2.36104],[116.10391,2.36138],[116.10395,2.36164],[116.10396,2.36202],[116.10393,2.36272],[116.10398,2.36321],[116.10407,2.36391],[116.1043,2.36456],[116.10443,2.36509],[116.1046,2.36551],[116.10483,2.36595],[116.10498,2.36607],[116.10524,2.36627],[116.10584,2.36673],[116.10662,2.36732],[116.10731,2.36794],[116.10784,2.36836],[116.10831,2.36887],[116.10877,2.3694],[116.10926,2.37001],[116.11024,2.37133],[116.11102,2.37214],[116.11141,2.37288],[116.11152,2.37325],[116.11158,2.37362],[116.11175,2.37407],[116.11219,2.37481],[116.11272,2.37585],[116.11401,2.37787],[116.11414,2.37846],[116.11416,2.3788],[116.1145,2.3798],[116.11516,2.38124],[116.11599,2.38251],[116.11671,2.38385],[116.11704,2.38444],[116.11744,2.38545],[116.11784,2.38633],[116.11825,2.38708],[116.11873,2.38768],[116.11928,2.38816],[116.11999,2.38875],[116.12064,2.38941],[116.12133,2.39018],[116.12177,2.39086],[116.12182,2.391],[116.12227,2.39226],[116.12248,2.39329],[116.12291,2.39368],[116.12439,2.39442],[116.12499,2.3946],[116.12573,2.39466],[116.12742,2.39411],[116.12809,2.39383],[116.12851,2.39365],[116.12892,2.39331],[116.12998,2.39245],[116.13034,2.3922],[116.13082,2.39198],[116.13214,2.39287],[116.13399,2.39342],[116.13681,2.39484],[116.13929,2.39622],[116.14111,2.39771],[116.14309,2.39892],[116.14596,2.40029],[116.14766,2.40103],[116.1486,2.40124],[116.14953,2.40105],[116.15022,2.40072],[116.15088,2.40032],[116.15144,2.39999],[116.15185,2.39967],[116.15195,2.39959],[116.15261,2.39923],[116.1531,2.399],[116.15337,2.3989],[116.15391,2.39899],[116.15429,2.39908],[116.15485,2.39922],[116.15565,2.39941],[116.15622,2.3997],[116.15687,2.40009],[116.15732,2.40027],[116.15812,2.40054],[116.15917,2.40096],[116.16,2.40165],[116.16241,2.40366],[116.1636,2.40483],[116.16386,2.4053],[116.16414,2.40548],[116.16498,2.40572],[116.16584,2.40599],[116.16584,2.406],[116.16584,2.406],[116.16667,2.40604],[116.16769,2.40598],[116.16822,2.40556],[116.16873,2.40516],[116.16918,2.40482],[116.16952,2.40445],[116.17003,2.40411],[116.17066,2.40374],[116.1711,2.40329],[116.17144,2.40282],[116.17181,2.4023],[116.17231,2.40189],[116.17263,2.40215],[116.17316,2.40294],[116.17402,2.40373],[116.17501,2.40415],[116.17549,2.4041],[116.17598,2.40414],[116.17654,2.40418],[116.17834,2.40528],[116.17853,2.40541],[116.17872,2.40566],[116.17899,2.40608],[116.17913,2.40629],[116.17988,2.40742],[116.18028,2.40796],[116.1806,2.40853],[116.18098,2.40905],[116.18159,2.40967],[116.18273,2.41094],[116.18355,2.41234],[116.18398,2.4125],[116.18466,2.41268],[116.18479,2.41271],[116.18574,2.4129],[116.18642,2.41329],[116.18718,2.41368],[116.18768,2.41383],[116.18822,2.41414],[116.18822,2.41434],[116.18809,2.41524],[116.18778,2.41605],[116.18809,2.41737],[116.18818,2.41849],[116.18823,2.41901],[116.18837,2.42042],[116.18857,2.4212],[116.1887,2.42165],[116.18906,2.42193],[116.18957,2.42226],[116.19012,2.42293],[116.19035,2.42325],[116.19064,2.42352],[116.19084,2.42366],[116.19099,2.42376],[116.19178,2.42489],[116.19197,2.42532],[116.19213,2.4259],[116.19231,2.42609],[116.19287,2.42664],[116.19312,2.42706],[116.19355,2.42768],[116.19393,2.42817],[116.19399,2.42829],[116.19396,2.42848],[116.19395,2.42884],[116.19405,2.42923],[116.19418,2.4296],[116.19422,2.42972],[116.19423,2.42988],[116.19426,2.43056],[116.19439,2.43119],[116.19461,2.43226],[116.19469,2.43315],[116.19464,2.43415],[116.1949,2.435],[116.19507,2.43538],[116.19524,2.43578],[116.19513,2.43605],[116.19509,2.43617],[116.1948,2.43697],[116.19471,2.43765],[116.19479,2.43831],[116.19506,2.4392],[116.19507,2.43925],[116.19507,2.43966],[116.19506,2.44004],[116.19515,2.4401],[116.19527,2.44019],[116.19562,2.4402],[116.19598,2.44016],[116.19626,2.44021],[116.19639,2.44029],[116.19649,2.44036],[116.19668,2.44057],[116.19735,2.44124],[116.19744,2.44187],[116.19769,2.44238],[116.1978,2.44263],[116.19786,2.44276],[116.19804,2.44294],[116.19822,2.4431],[116.19848,2.44332],[116.19933,2.44372],[116.20009,2.44411],[116.20095,2.44497],[116.20125,2.44521],[116.20193,2.44539],[116.20246,2.44572],[116.20266,2.44604],[116.203,2.4466],[116.20342,2.44718],[116.20379,2.44756],[116.20395,2.44774],[116.20425,2.44807],[116.20432,2.4485],[116.20433,2.44908],[116.20421,2.44989],[116.2043,2.45024],[116.20461,2.45039],[116.20503,2.45065],[116.20541,2.45087],[116.20581,2.4512],[116.20669,2.45202],[116.20692,2.45228],[116.20688,2.45269],[116.20664,2.45364],[116.20653,2.45434],[116.20648,2.45466],[116.20681,2.45507],[116.20749,2.4557],[116.20765,2.45587],[116.20796,2.45628],[116.20805,2.45647],[116.2082,2.45738],[116.20841,2.45847],[116.20884,2.45887],[116.20941,2.45897],[116.21009,2.45916],[116.21011,2.45917],[116.21072,2.45986],[116.21155,2.46075],[116.21158,2.46119],[116.21159,2.46134],[116.21144,2.46246],[116.21179,2.46269],[116.21245,2.46316],[116.21272,2.46343],[116.21295,2.46392],[116.21373,2.46552],[116.21493,2.46641],[116.21542,2.46674],[116.21586,2.46694],[116.21602,2.46701],[116.21668,2.46736],[116.21748,2.4679],[116.21764,2.46812],[116.21778,2.46817],[116.2183,2.46835],[116.21859,2.4686],[116.21859,2.4686],[116.21874,2.46883],[116.21884,2.46937],[116.21886,2.4699],[116.21887,2.46999],[116.21944,2.47067],[116.21974,2.47095],[116.22005,2.47142],[116.22011,2.47188],[116.22062,2.4728],[116.22143,2.47404],[116.22147,2.4741],[116.22187,2.47476],[116.22217,2.4753],[116.22279,2.4761],[116.22404,2.47675],[116.22449,2.47699],[116.22498,2.47738],[116.22519,2.47756],[116.22574,2.47822],[116.22634,2.47848],[116.22638,2.47852],[116.22678,2.47891],[116.2271,2.47946],[116.22742,2.48024],[116.2275,2.48065],[116.2281,2.48187],[116.22934,2.48282],[116.23087,2.48346],[116.23259,2.48338],[116.23339,2.48318],[116.23371,2.4833],[116.23429,2.48364],[116.23487,2.48395],[116.23585,2.48448],[116.23647,2.48511],[116.23679,2.48566],[116.23746,2.48635],[116.23789,2.48745],[116.23805,2.48803],[116.23857,2.48823],[116.23891,2.48826],[116.24023,2.48874],[116.24036,2.48876],[116.24108,2.48889],[116.24119,2.48878],[116.24177,2.48818],[116.24227,2.48775],[116.24272,2.48772],[116.24379,2.48763],[116.24475,2.48754],[116.2455,2.48748],[116.24592,2.48745],[116.24625,2.48735],[116.24679,2.4872],[116.24745,2.48669],[116.24761,2.48657],[116.24784,2.48637],[116.2484,2.48583],[116.24926,2.48525],[116.25014,2.4847],[116.25068,2.48425],[116.25112,2.48405],[116.2513,2.48391],[116.25194,2.48253],[116.25199,2.48248],[116.25297,2.48128],[116.253,2.48124],[116.25365,2.48047],[116.25444,2.48038],[116.25516,2.4803],[116.25521,2.4803],[116.2555,2.48022],[116.25694,2.47984],[116.25926,2.47922],[116.26048,2.47937],[116.2621,2.47956],[116.2643,2.47982],[116.26483,2.48024],[116.26534,2.48065],[116.26654,2.48176],[116.26742,2.48259],[116.26772,2.48265],[116.26834,2.48284],[116.26925,2.48345],[116.26937,2.48352],[116.27015,2.48405],[116.27028,2.48418],[116.27047,2.48441],[116.27067,2.48466],[116.27081,2.48521],[116.27116,2.48613],[116.27117,2.48614],[116.27149,2.48722],[116.27171,2.48791],[116.27188,2.4884],[116.27224,2.48882],[116.27327,2.48943],[116.27343,2.48951],[116.27386,2.48975],[116.27454,2.49017],[116.27565,2.49087],[116.27623,2.49136],[116.27646,2.49174],[116.27653,2.49204],[116.27645,2.4927],[116.27654,2.49287],[116.27663,2.49303],[116.27674,2.49332],[116.27679,2.49363],[116.27706,2.494],[116.27735,2.49441],[116.27748,2.49453],[116.27775,2.49516],[116.27776,2.49521],[116.27793,2.49596],[116.27802,2.49653],[116.27798,2.49701],[116.27841,2.49841],[116.27879,2.49934],[116.27882,2.49998],[116.27883,2.50028],[116.27896,2.50129],[116.27896,2.50132],[116.279,2.50198],[116.27907,2.50289],[116.27937,2.50361],[116.28001,2.5041],[116.28042,2.50452],[116.28081,2.50491],[116.28138,2.50548],[116.28209,2.50665],[116.28217,2.50677],[116.28236,2.50733],[116.2825,2.50838],[116.28272,2.50878],[116.28284,2.50926],[116.28285,2.50953],[116.28287,2.5098],[116.28323,2.51052],[116.28399,2.51101],[116.28458,2.51157],[116.28466,2.51165],[116.2848,2.5118],[116.28476,2.51231],[116.28453,2.51344],[116.28452,2.51347],[116.28446,2.51374],[116.28439,2.51439],[116.28435,2.51494],[116.28475,2.51569],[116.28498,2.51595],[116.28525,2.51626],[116.28602,2.51675],[116.28676,2.5172],[116.28694,2.51767],[116.28692,2.51855],[116.28716,2.51926],[116.2872,2.51937],[116.28766,2.52038],[116.28771,2.52048],[116.28818,2.52132],[116.28844,2.52169],[116.28913,2.52267],[116.2899,2.52342],[116.2908,2.52432],[116.2909,2.52443],[116.2915,2.52501],[116.29187,2.52549],[116.29228,2.52592],[116.29274,2.52653],[116.29317,2.52704],[116.29338,2.52728],[116.29392,2.52785],[116.29438,2.52848],[116.29434,2.52948],[116.29451,2.53025],[116.29464,2.53099],[116.29479,2.53144],[116.29485,2.53161],[116.29521,2.53265],[116.29527,2.53309],[116.29503,2.53393],[116.29489,2.53449],[116.29448,2.53538],[116.29477,2.53614],[116.29489,2.53645],[116.29524,2.53738],[116.29556,2.53827],[116.29556,2.53827],[116.29545,2.53904],[116.29535,2.53937],[116.29521,2.53981],[116.295,2.54044],[116.29496,2.54057],[116.29508,2.54101],[116.29545,2.54149],[116.29555,2.54163],[116.29574,2.54192],[116.29578,2.54198],[116.29583,2.54205],[116.29601,2.54219],[116.2965,2.54256],[116.29777,2.54353],[116.29808,2.544],[116.2994,2.54517],[116.30095,2.54543],[116.30131,2.54538],[116.30252,2.5452],[116.30345,2.54536],[116.30382,2.54674],[116.30372,2.54734],[116.30363,2.54825],[116.30376,2.5492],[116.30379,2.54968],[116.30381,2.55001],[116.30377,2.55072],[116.30349,2.55148],[116.30342,2.55167],[116.30294,2.55251],[116.30269,2.5533],[116.30251,2.55431],[116.30239,2.55519],[116.30235,2.55552],[116.30238,2.5562],[116.30254,2.55714],[116.30263,2.55803],[116.30291,2.55893],[116.30344,2.55967],[116.30431,2.56002],[116.30486,2.56088],[116.30505,2.56138],[116.30524,2.56187],[116.3055,2.56314],[116.3055,2.56315],[116.30574,2.56416],[116.30621,2.56507],[116.30672,2.56594],[116.30766,2.56697],[116.30805,2.56776],[116.30809,2.56847],[116.30796,2.56954],[116.30797,2.56994],[116.30798,2.57022],[116.30805,2.57147],[116.30821,2.57231],[116.30864,2.57282],[116.30928,2.57406],[116.30927,2.57425],[116.30925,2.57482],[116.30867,2.57556],[116.30771,2.57613],[116.30719,2.57634],[116.30629,2.57672],[116.30609,2.57686],[116.30549,2.57731],[116.30538,2.57785],[116.30506,2.57928],[116.30488,2.57988],[116.30465,2.58155],[116.30432,2.58179],[116.30419,2.58188],[116.30375,2.58214],[116.3024,2.5834],[116.30187,2.58431],[116.30136,2.58461],[116.3009,2.58499],[116.29997,2.58513],[116.2996,2.58528],[116.29933,2.58556],[116.29889,2.58586],[116.29858,2.58655],[116.29789,2.58702],[116.29758,2.5871],[116.29733,2.58738],[116.29713,2.58745],[116.29701,2.58757],[116.29672,2.58785],[116.29725,2.58883],[116.29789,2.59002],[116.29793,2.5901],[116.29927,2.5924],[116.29938,2.59302],[116.29938,2.59302],[116.29931,2.59333],[116.29928,2.59359],[116.29932,2.59371],[116.29939,2.59379],[116.29955,2.59385],[116.29976,2.59387],[116.29996,2.59391],[116.30012,2.59397],[116.30018,2.59405],[116.30019,2.59421],[116.30016,2.59433],[116.30004,2.59462],[116.29993,2.59485],[116.29982,2.59509],[116.29973,2.59529],[116.29955,2.59585],[116.29946,2.59617],[116.29935,2.59644],[116.29924,2.59666],[116.29899,2.59697],[116.29864,2.59732],[116.29802,2.59797],[116.29786,2.59818],[116.29777,2.59846],[116.29774,2.59871],[116.29779,2.59898],[116.29791,2.59926],[116.29798,2.59956],[116.29799,2.59973],[116.29797,2.59996],[116.29788,2.60026],[116.29774,2.60064],[116.2976,2.60096],[116.29743,2.60122],[116.29706,2.60161],[116.29694,2.60176],[116.29686,2.60199],[116.29684,2.60222],[116.29686,2.60245],[116.29691,2.60269],[116.29694,2.60295],[116.29688,2.60321],[116.29686,2.60325],[116.29678,2.60342],[116.29666,2.60362],[116.29659,2.60374],[116.29657,2.60389],[116.29661,2.60412],[116.29673,2.60433],[116.29684,2.60448],[116.2969,2.60464],[116.29692,2.60488],[116.29687,2.6051],[116.29678,2.60528],[116.2967,2.60545],[116.29658,2.60572],[116.2964,2.60607],[116.29628,2.60641],[116.2962,2.60665],[116.29613,2.60686],[116.29609,2.60718],[116.29609,2.60747],[116.29611,2.60773],[116.29615,2.60793],[116.29616,2.60818],[116.29612,2.60845],[116.29606,2.60903],[116.296,2.60933],[116.29594,2.60956],[116.29589,2.60975],[116.29581,2.61016],[116.2956,2.611],[116.29552,2.61126],[116.29547,2.61156],[116.29543,2.61189],[116.29537,2.61223],[116.29529,2.61248],[116.29501,2.61306],[116.29487,2.61338],[116.29477,2.61375],[116.2947,2.6141],[116.29466,2.61451],[116.29462,2.61555],[116.29459,2.61583],[116.29455,2.61602],[116.29448,2.61619],[116.29434,2.61635],[116.29418,2.61645],[116.29402,2.6165],[116.29397,2.61687],[116.29396,2.61709],[116.294,2.61727],[116.29402,2.61745],[116.294,2.61767],[116.29394,2.61791],[116.29386,2.61815],[116.29381,2.6184],[116.2938,2.61879],[116.29384,2.61899],[116.29405,2.61925],[116.29433,2.61947],[116.29448,2.61964],[116.29451,2.61979],[116.2945,2.61995],[116.29444,2.62012],[116.29439,2.62031],[116.29443,2.62058],[116.29452,2.62084],[116.29471,2.62154],[116.29479,2.62177],[116.29481,2.62197],[116.29478,2.62211],[116.29464,2.62229],[116.29447,2.62243],[116.29431,2.62261],[116.29416,2.62283],[116.29402,2.62311],[116.29377,2.62358],[116.29361,2.6239],[116.2935,2.62418],[116.29342,2.62452],[116.29341,2.62485],[116.29349,2.62579],[116.29355,2.62643],[116.29358,2.62674],[116.29368,2.62704],[116.29383,2.62724],[116.2941,2.62747],[116.29422,2.62766],[116.29427,2.62785],[116.29423,2.6281],[116.29413,2.62829],[116.29399,2.6285],[116.29384,2.62869],[116.29351,2.62897],[116.29331,2.62911],[116.29314,2.62931],[116.29306,2.62949],[116.29303,2.62972],[116.293,2.63008],[116.29298,2.63032],[116.29294,2.63048],[116.29279,2.63071],[116.29261,2.6309],[116.29243,2.63109],[116.29228,2.63127],[116.29217,2.63148],[116.29209,2.63173],[116.29208,2.63193],[116.29211,2.63219],[116.29218,2.63243],[116.29232,2.63271],[116.29256,2.63304],[116.29275,2.63331],[116.29291,2.63361],[116.29325,2.63403],[116.29342,2.63422],[116.29359,2.6344],[116.29375,2.63462],[116.29388,2.63493],[116.29397,2.6352],[116.29412,2.63544],[116.29427,2.63563],[116.29445,2.63589],[116.29461,2.63606],[116.29478,2.63616],[116.29503,2.63621],[116.29531,2.63621],[116.29554,2.63616],[116.29573,2.63605],[116.29586,2.63589],[116.29596,2.6357],[116.29603,2.63554],[116.29616,2.63535],[116.29636,2.63523],[116.29656,2.63517],[116.29682,2.63513],[116.29715,2.63509],[116.29761,2.63508],[116.29796,2.63506],[116.29898,2.6351],[116.29929,2.63511],[116.29959,2.63515],[116.29983,2.63519],[116.30004,2.63525],[116.30033,2.63538],[116.30061,2.63557],[116.30115,2.63595],[116.30134,2.63611],[116.30153,2.63623],[116.30172,2.63631],[116.30196,2.63639],[116.30215,2.63646],[116.30224,2.63655],[116.30229,2.63667],[116.3023,2.63681],[116.30227,2.63724],[116.30226,2.63748],[116.30229,2.63778],[116.30236,2.63813],[116.30242,2.63853],[116.30248,2.63939],[116.3025,2.63974],[116.30255,2.64],[116.30265,2.64037],[116.30288,2.64118],[116.30295,2.64136],[116.30309,2.64154],[116.30322,2.64171],[116.30337,2.64193],[116.30353,2.64228],[116.30376,2.64274],[116.30393,2.64305],[116.30446,2.64389],[116.30456,2.6441],[116.3047,2.64429],[116.30483,2.6444],[116.30494,2.64447],[116.30513,2.64464],[116.30527,2.64482],[116.30538,2.64495],[116.30557,2.64511],[116.30597,2.64534],[116.30617,2.64552],[116.30625,2.64562],[116.30648,2.646],[116.30658,2.64619],[116.30672,2.64644],[116.30687,2.64664],[116.30713,2.6469],[116.30735,2.64717],[116.30775,2.64774],[116.30787,2.64794],[116.30804,2.64813],[116.30824,2.64833],[116.30839,2.64851],[116.30848,2.64866],[116.30855,2.64889],[116.30861,2.64908],[116.30862,2.64912],[116.30868,2.64933],[116.30869,2.64959],[116.30867,2.6498],[116.30869,2.6501],[116.30871,2.65062],[116.30868,2.65078],[116.30862,2.65093],[116.30856,2.65108],[116.30855,2.65128],[116.30858,2.65148],[116.30859,2.65153],[116.30861,2.65173],[116.30862,2.65216],[116.3086,2.65242],[116.30854,2.65272],[116.30844,2.65339],[116.30843,2.65362],[116.30845,2.65383],[116.3085,2.654],[116.30858,2.65417],[116.30866,2.65443],[116.30886,2.65507],[116.30896,2.65529],[116.30905,2.65546],[116.30911,2.65566],[116.30913,2.6559],[116.30909,2.65629],[116.30906,2.65656],[116.30908,2.6567],[116.30914,2.65681],[116.30927,2.6569],[116.30966,2.65711],[116.30979,2.65721],[116.30988,2.65733],[116.30996,2.65752],[116.30998,2.65774],[116.30998,2.65795],[116.30998,2.65822],[116.30997,2.65835],[116.31,2.65846],[116.31008,2.65856],[116.31019,2.65864],[116.31033,2.65869],[116.31047,2.65874],[116.31068,2.65893],[116.3108,2.65905],[116.31092,2.65914],[116.31103,2.65921],[116.3111,2.65925],[116.31122,2.65933],[116.31158,2.65953],[116.31179,2.65968],[116.31213,2.65991],[116.31219,2.65995],[116.31248,2.66014],[116.31267,2.66027],[116.313,2.66056],[116.3131,2.66068],[116.31316,2.66083],[116.31321,2.66109],[116.31323,2.66153],[116.31322,2.662],[116.3127,2.66295],[116.31285,2.66334],[116.31306,2.66362],[116.31372,2.664],[116.31445,2.66432],[116.31521,2.66466],[116.31612,2.66521],[116.31691,2.66595],[116.31734,2.66672],[116.31819,2.6674],[116.31831,2.66758],[116.31842,2.66785],[116.31854,2.66812],[116.3188,2.66887],[116.31897,2.66912],[116.31926,2.66955],[116.31971,2.67035],[116.32011,2.67097],[116.32088,2.67156],[116.32226,2.67294],[116.32319,2.674],[116.32367,2.67472],[116.32376,2.67514],[116.3239,2.67563],[116.32406,2.67736],[116.32413,2.67803],[116.32426,2.67928],[116.32426,2.67934],[116.32427,2.67986],[116.32431,2.68003],[116.32433,2.68016],[116.32443,2.68071],[116.32452,2.68114],[116.32465,2.6818],[116.32486,2.68236],[116.3255,2.68394],[116.32558,2.68412],[116.32591,2.68457],[116.32592,2.68466],[116.32595,2.68614],[116.32595,2.68767],[116.32568,2.68796],[116.32555,2.68812],[116.3255,2.68819],[116.32534,2.6883],[116.32528,2.68834],[116.32514,2.68844],[116.32509,2.68848],[116.32435,2.689],[116.32393,2.68927],[116.32393,2.68941],[116.32409,2.68953],[116.32449,2.68969],[116.32529,2.6902],[116.32558,2.69038],[116.32599,2.691],[116.32652,2.69145],[116.32683,2.69159],[116.32804,2.69212],[116.32898,2.69279],[116.32963,2.69381],[116.33052,2.69461],[116.33119,2.69499],[116.33219,2.69536],[116.33272,2.69579],[116.33426,2.69651],[116.33507,2.69729],[116.33536,2.69765],[116.33549,2.69781],[116.33654,2.69912],[116.33687,2.69972],[116.33723,2.69991],[116.33742,2.70014],[116.33792,2.70049],[116.33927,2.70125],[116.34084,2.70194],[116.34262,2.70258],[116.34334,2.70257],[116.34502,2.70237],[116.34617,2.70311],[116.34789,2.70431],[116.34951,2.70476],[116.35055,2.70498],[116.3507,2.70503],[116.35113,2.70517],[116.35197,2.70616],[116.35231,2.70692],[116.35244,2.70725],[116.35265,2.70777],[116.35324,2.70787],[116.3538,2.70795],[116.35397,2.70835],[116.35433,2.70901],[116.35459,2.70949],[116.35465,2.70952],[116.35509,2.70968],[116.35542,2.7098],[116.35678,2.71031],[116.35745,2.71072],[116.35822,2.71137],[116.36017,2.71244],[116.36058,2.71281],[116.36067,2.7129],[116.3611,2.71331],[116.3623,2.71373],[116.36314,2.71415],[116.36329,2.71462],[116.36334,2.7157],[116.36361,2.71666],[116.36358,2.71691],[116.36353,2.71729],[116.36342,2.71772],[116.3633,2.71823],[116.36333,2.71896],[116.3637,2.71934],[116.3643,2.72001],[116.36506,2.72069],[116.3652,2.72083],[116.36549,2.72111],[116.36589,2.72143],[116.36618,2.72188],[116.36636,2.7225],[116.36647,2.72284],[116.36688,2.72443],[116.36684,2.7251],[116.367,2.72564],[116.36831,2.72672],[116.36903,2.7277],[116.36963,2.72822],[116.37088,2.72916],[116.3717,2.72997],[116.37247,2.73069],[116.37279,2.73064],[116.37316,2.73058],[116.37427,2.73041],[116.37491,2.73047],[116.37637,2.73096],[116.37672,2.73174],[116.37707,2.73248],[116.37708,2.73251],[116.37748,2.73319],[116.3782,2.73348],[116.37912,2.73368],[116.38,2.73374],[116.38079,2.73356],[116.38149,2.73348],[116.38137,2.73446],[116.38123,2.73547],[116.3817,2.73584],[116.38291,2.73626],[116.38317,2.73635],[116.384,2.73693],[116.38525,2.73851],[116.38605,2.73955],[116.38605,2.74106],[116.38762,2.74369],[116.38821,2.74433],[116.38941,2.74544],[116.39045,2.74606],[116.39068,2.74652],[116.39103,2.74698],[116.39106,2.74711],[116.39113,2.74742],[116.39142,2.74798],[116.39254,2.74847],[116.39347,2.74931],[116.39597,2.75157],[116.39692,2.75243],[116.39812,2.75296],[116.39868,2.75321],[116.39915,2.75342],[116.40089,2.7542],[116.40213,2.75475],[116.40227,2.75487],[116.40409,2.75651],[116.40577,2.75949],[116.4072,2.76198],[116.40703,2.76311],[116.40646,2.7645],[116.40629,2.76548],[116.40726,2.76655],[116.40952,2.76772],[116.41039,2.76811],[116.41127,2.76843],[116.4133,2.76976],[116.41473,2.77032],[116.41591,2.77128],[116.41716,2.77179],[116.41812,2.77176],[116.4193,2.7717],[116.41945,2.77287],[116.4195,2.77324],[116.4201,2.77462],[116.42022,2.7749],[116.42138,2.77614],[116.42293,2.77684],[116.42474,2.77691],[116.42658,2.77671],[116.42996,2.77636],[116.43283,2.77772],[116.43278,2.77942],[116.43252,2.78094],[116.43107,2.7856],[116.43029,2.78684],[116.42987,2.78749],[116.42976,2.78999],[116.43012,2.79025],[116.43166,2.79139],[116.43197,2.79162],[116.43244,2.79408],[116.43297,2.79591],[116.43359,2.79816],[116.43432,2.80044],[116.43539,2.80216],[116.43576,2.80332],[116.43534,2.80547],[116.43498,2.80654],[116.43475,2.80806],[116.43463,2.80889],[116.43587,2.8118],[116.43901,2.81311],[116.44166,2.8163],[116.4425,2.81632],[116.44351,2.81634],[116.4458,2.81583],[116.44884,2.82042],[116.45092,2.82191],[116.45188,2.82259],[116.4531,2.82386],[116.45398,2.82566],[116.45526,2.82582],[116.45695,2.82573],[116.45851,2.82515],[116.46212,2.82461],[116.46335,2.82454],[116.46474,2.82474],[116.46552,2.82484],[116.46661,2.82518],[116.46862,2.82641],[116.47009,2.82717],[116.47152,2.82758],[116.47302,2.82751],[116.4749,2.82673],[116.47569,2.82623],[116.47891,2.82418],[116.47995,2.82251],[116.48025,2.82304],[116.48052,2.82351],[116.48174,2.82447],[116.48359,2.82526],[116.48711,2.82685],[116.488,2.82685],[116.48993,2.82683],[116.49158,2.8275],[116.49313,2.82786],[116.49344,2.82864],[116.49351,2.82882],[116.49427,2.83034],[116.4946,2.83097],[116.49555,2.83219],[116.49622,2.83387],[116.49667,2.8347],[116.49734,2.83559],[116.49763,2.8364],[116.49765,2.83649],[116.49777,2.83699],[116.49809,2.83792],[116.49844,2.83881],[116.49896,2.83921],[116.50019,2.83977],[116.50205,2.83995],[116.50509,2.84025],[116.50576,2.8406],[116.50623,2.84085],[116.50752,2.8421],[116.5076,2.84217],[116.50857,2.84308],[116.5088,2.84318],[116.50895,2.84325],[116.5095,2.84369],[116.50956,2.84383],[116.50958,2.84388],[116.50986,2.84428],[116.51005,2.84478],[116.5103,2.84546],[116.51031,2.84547],[116.5109,2.84597],[116.51315,2.84732],[116.51349,2.84765],[116.51398,2.84782],[116.51414,2.84787],[116.51439,2.84792],[116.51497,2.84805],[116.51522,2.84801],[116.51564,2.848],[116.51585,2.84785],[116.51667,2.84783],[116.5185,2.84791],[116.51896,2.84821],[116.51923,2.84884],[116.51938,2.84914],[116.5198,2.85014],[116.5198,2.85089],[116.52002,2.85144],[116.52029,2.85225],[116.52081,2.85267],[116.52123,2.85295],[116.52152,2.85314],[116.52224,2.8535],[116.52296,2.85425],[116.52362,2.85495],[116.52404,2.85588],[116.52411,2.85617],[116.52439,2.85732],[116.52526,2.85765],[116.52573,2.85782],[116.52624,2.85797],[116.52639,2.85801],[116.52728,2.85828],[116.52766,2.85841],[116.52805,2.85855],[116.52879,2.85904],[116.52966,2.85939],[116.53077,2.85958],[116.53185,2.85987],[116.53326,2.86095],[116.53358,2.86173],[116.53422,2.86277],[116.53544,2.86388],[116.53547,2.86396],[116.53576,2.86454],[116.5356,2.86516],[116.53548,2.86562],[116.53547,2.86578],[116.53543,2.86637],[116.53547,2.86659],[116.53548,2.86661],[116.53565,2.86702],[116.53578,2.86719],[116.53651,2.86756],[116.53691,2.86774],[116.5372,2.86783],[116.53859,2.86814],[116.54031,2.86898],[116.54187,2.86999],[116.54253,2.87041],[116.54263,2.87048],[116.54583,2.87234],[116.54757,2.87378],[116.54874,2.87472],[116.54949,2.87541],[116.54973,2.87642],[116.54973,2.87785],[116.55031,2.87861],[116.55143,2.87866],[116.55266,2.87855],[116.55335,2.87824],[116.55394,2.87809],[116.55444,2.87808],[116.55488,2.87792],[116.55585,2.87792],[116.55592,2.87792],[116.55648,2.87802],[116.55713,2.87834],[116.55823,2.8789],[116.56053,2.87973],[116.56175,2.88004],[116.56274,2.88029],[116.56345,2.88097],[116.56536,2.88175],[116.56585,2.88195],[116.56749,2.88252],[116.5686,2.8845],[116.56909,2.88538],[116.57051,2.88519],[116.57146,2.88506],[116.57219,2.88496],[116.57484,2.8846],[116.57543,2.88469],[116.57605,2.88494],[116.577,2.88545],[116.57775,2.88639],[116.57834,2.88685],[116.57869,2.88712],[116.57962,2.88797],[116.58105,2.88862],[116.58165,2.88945],[116.582,2.88977],[116.58236,2.89009],[116.5836,2.89017],[116.58433,2.89058],[116.58416,2.89207],[116.58395,2.89261],[116.58342,2.89409],[116.58326,2.89511],[116.58325,2.89595],[116.58349,2.8969],[116.58392,2.89795],[116.58446,2.89856],[116.58467,2.8991],[116.58458,2.89997],[116.5844,2.90069],[116.5845,2.90146],[116.58445,2.90286],[116.58444,2.90289],[116.58415,2.90384],[116.58371,2.90509],[116.5837,2.90674],[116.58404,2.90859],[116.58405,2.90915],[116.58408,2.91067],[116.58409,2.91132],[116.58422,2.91191],[116.58441,2.91301],[116.5848,2.91383],[116.58598,2.91589],[116.58778,2.91773],[116.58813,2.91809],[116.58813,2.91809],[116.59009,2.92089],[116.59517,2.92004],[116.59554,2.91993],[116.59709,2.91946],[116.59762,2.91931],[116.60347,2.91756],[116.60774,2.92267],[116.60799,2.92311],[116.60963,2.92642],[116.61097,2.92729],[116.6132,2.92813],[116.61439,2.92963],[116.61504,2.9316],[116.61302,2.93382],[116.61118,2.93591],[116.61108,2.93603],[116.61085,2.9365],[116.61061,2.93677],[116.61045,2.93705],[116.61003,2.93779],[116.60938,2.93898],[116.60905,2.93958],[116.60905,2.93958],[116.60852,2.94779],[116.60851,2.94789],[116.6085,2.94802],[116.6085,2.94806],[116.60849,2.94831],[116.60849,2.94832],[116.60849,2.94832],[116.61019,2.9501],[116.61022,2.95013],[116.61158,2.95106],[116.61334,2.95169],[116.61548,2.95175],[116.61656,2.95165],[116.61684,2.95201],[116.61701,2.95223],[116.61725,2.95267],[116.61746,2.95319],[116.61772,2.95387],[116.61813,2.95475],[116.6192,2.9552],[116.62003,2.95533],[116.62126,2.95639],[116.62235,2.95703],[116.6229,2.95805],[116.62402,2.95893],[116.62503,2.9596],[116.62577,2.96007],[116.62613,2.96035],[116.62635,2.96057],[116.62659,2.96073],[116.62683,2.96099],[116.62711,2.96118],[116.62749,2.96142],[116.62827,2.9624],[116.6286,2.96263],[116.6289,2.96283],[116.62949,2.96335],[116.63006,2.96399],[116.63025,2.96464],[116.63028,2.96468],[116.63104,2.966],[116.63143,2.96668],[116.63164,2.96703],[116.63189,2.96764],[116.63238,2.9691],[116.63263,2.9697],[116.63307,2.97001],[116.63393,2.97033],[116.63454,2.97099],[116.63487,2.97168],[116.63527,2.97217],[116.63606,2.97325],[116.63639,2.97383],[116.63751,2.9743],[116.63845,2.9742],[116.63899,2.97398],[116.63921,2.97389],[116.64006,2.9739],[116.64089,2.97422],[116.64144,2.97443],[116.64187,2.97459],[116.64242,2.97479],[116.64328,2.97507],[116.64378,2.97525],[116.64444,2.97523],[116.64516,2.97495],[116.64647,2.97472],[116.6487,2.97455],[116.65011,2.97488],[116.65173,2.97541],[116.65323,2.97503],[116.65475,2.97457],[116.65629,2.97406],[116.65662,2.97394],[116.6569,2.97391],[116.65774,2.97399],[116.65823,2.97588],[116.65827,2.97603],[116.65805,2.97659],[116.65791,2.97692],[116.65771,2.9774],[116.65804,2.97803],[116.6582,2.97835],[116.65919,2.97911],[116.65921,2.97918],[116.65958,2.98031],[116.65938,2.98148],[116.65937,2.98169],[116.65934,2.98228],[116.65946,2.98337],[116.65986,2.98474],[116.66016,2.98639],[116.66062,2.98735],[116.66187,2.99037],[116.66214,2.99114],[116.66319,2.993],[116.66319,2.99301],[116.66334,2.99291],[116.66344,2.99283],[116.66501,2.99161],[116.66579,2.99076],[116.66609,2.98916],[116.6664,2.98873],[116.66702,2.98819],[116.66761,2.98764],[116.66835,2.98682],[116.66901,2.98569],[116.66952,2.98456],[116.66956,2.98381],[116.66987,2.98268],[116.66981,2.98128],[116.66978,2.97995],[116.66985,2.9794],[116.67056,2.97843],[116.67079,2.9778],[116.6713,2.97702],[116.67192,2.97636],[116.67305,2.97554],[116.67368,2.97456],[116.6751,2.97331],[116.67631,2.97288],[116.67694,2.97273],[116.67756,2.97246],[116.67811,2.9721],[116.67873,2.97175],[116.6792,2.97164],[116.67998,2.97136],[116.68084,2.97097],[116.68147,2.97097],[116.68201,2.97089],[116.6824,2.97058],[116.68209,2.97007],[116.68178,2.96937],[116.68178,2.96898],[116.68221,2.96859],[116.68283,2.96816],[116.68377,2.96793],[116.6842,2.96765],[116.68463,2.96726],[116.68502,2.96703],[116.68552,2.96687],[116.68623,2.96672],[116.68658,2.96668],[116.68689,2.96641],[116.68693,2.9659],[116.68666,2.96547],[116.68623,2.96488],[116.68627,2.96457],[116.68654,2.96434],[116.68701,2.96422],[116.68798,2.96426],[116.68834,2.96399],[116.68865,2.96313],[116.6889,2.96192],[116.68937,2.96094],[116.69019,2.96039],[116.69093,2.96004],[116.69198,2.9595],[116.69222,2.95864],[116.69171,2.95755],[116.69167,2.95598],[116.69218,2.95536],[116.69234,2.95493],[116.69253,2.95395],[116.69296,2.95352],[116.69347,2.95329],[116.6939,2.95321],[116.69456,2.95302],[116.69503,2.95263],[116.69546,2.95173],[116.69532,2.95005],[116.69532,2.94873],[116.69561,2.94795],[116.69566,2.94712],[116.69566,2.94649],[116.69591,2.9462],[116.69635,2.94586],[116.69688,2.94551],[116.69771,2.94507],[116.6983,2.94493],[116.69844,2.94439],[116.69835,2.944],[116.69776,2.94371],[116.69679,2.94351],[116.6961,2.94317],[116.69532,2.94268],[116.69503,2.942],[116.69513,2.94156],[116.69557,2.94073],[116.69586,2.93956],[116.69644,2.93902],[116.69722,2.93854],[116.69791,2.9378],[116.69842,2.93595],[116.69886,2.93473],[116.69886,2.93307],[116.69852,2.93205],[116.69764,2.93156],[116.69735,2.93117],[116.69735,2.93097],[116.69744,2.93058],[116.69813,2.93024],[116.69842,2.92985],[116.69852,2.92956],[116.69842,2.92902],[116.69779,2.92892],[116.6973,2.92907],[116.69691,2.92922],[116.69627,2.92922],[116.69583,2.92892],[116.69593,2.92849],[116.69603,2.92819],[116.69642,2.92766],[116.69671,2.92702],[116.69681,2.92624],[116.69676,2.9257],[116.6971,2.92507],[116.69769,2.92488],[116.69827,2.92492],[116.69876,2.92488],[116.6993,2.92468],[116.69964,2.92449],[116.69979,2.92414],[116.69959,2.92356],[116.6992,2.92297],[116.69896,2.92244],[116.69896,2.9219],[116.69935,2.92136],[116.69998,2.92136],[116.70037,2.92136],[116.70071,2.92097],[116.70066,2.92029],[116.70037,2.91946],[116.69998,2.91912],[116.69964,2.91853],[116.69905,2.91746],[116.69905,2.91663],[116.6993,2.91619],[116.69988,2.916],[116.70047,2.9159],[116.7011,2.91546],[116.70193,2.91487],[116.70461,2.91481],[116.70923,2.91198],[116.73,2.88205],[116.73238,2.87089],[116.72903,2.85674],[116.72665,2.84245],[116.72248,2.82681],[116.72054,2.81624],[116.71801,2.81043],[116.71414,2.80686],[116.70997,2.80597],[116.70819,2.80731],[116.70506,2.80999],[116.70327,2.81163],[116.70119,2.81341],[116.69955,2.81386],[116.69761,2.8146],[116.69493,2.8146],[116.69315,2.8146],[116.6924,2.8152],[116.69181,2.81565],[116.69181,2.81609],[116.69181,2.81684],[116.69181,2.81788],[116.69196,2.81877],[116.69225,2.82011],[116.69225,2.82175],[116.6921,2.82369],[116.69136,2.82532],[116.69017,2.82547],[116.68942,2.82547],[116.68823,2.82532],[116.68723,2.82469],[116.68588,2.82335],[116.68538,2.82265],[116.6848,2.82364],[116.68445,2.82359],[116.68431,2.82371],[116.68397,2.8237],[116.68383,2.82364],[116.68346,2.8237],[116.68329,2.82376],[116.68311,2.82394]]]]},"properties":{"kdprov":"65","kdkab":"02","kdkec":"010","kddesa":"001","kdsls":"2001","idsls":"65020100012001","nmprov":"KALIMANTAN UTARA","nmkab":"BULUNGAN","nmkec":"PESO","nmdesa":"LONG LEJUH","nmsls":"HUTAN"}},{"type":"Feature","geometry":{"type":"MultiPolygon","coordinates":[[[[116.78454,2.69123],[116.78545,2.69117],[116.78545,2.69117],[116.78554,2.68913],[116.78554,2.68913],[116.78465,2.68903],[116.7844,2.68894],[116.78414,2.68884],[116.78397,2.68889],[116.78342,2.68905],[116.7836,2.68962],[116.78422,2.69125],[116.78454,2.69123]]]]},"properties":{"kdprov":"65","kdkab":"02","kdkec":"010","kddesa":"007","kdsls":"0001","idsls":"65020100070001","nmprov":"KALIMANTAN UTARA","nmkab":"BULUNGAN","nmkec":"PESO","nmdesa":"LONG PESO","nmsls":"RT 001"}},{"type":"Feature","geometry":{"type":"MultiPolygon","coordinates":[[[[116.81873,2.72727],[116.81873,2.72734],[116.81866,2.72928],[116.81873,2.72968],[116.8191,2.73179],[116.81978,2.73373],[116.82155,2.73507],[116.82411,2.73507],[116.82424,2.73444],[116.82458,2.73284],[116.82362,2.73083],[116.82174,2.7298],[116.81878,2.72731],[116.81873,2.72727]]],[[[116.8341,2.74271],[116.83428,2.74296],[116.83503,2.74378],[116.83578,2.74489],[116.83578,2.74489],[116.8385,2.74676],[116.84062,2.74787],[116.83729,2.74805],[116.83774,2.74849],[116.83879,2.74938],[116.8395,2.75001],[116.8411,2.75244],[116.84158,2.75317],[116.84167,2.75336],[116.84185,2.75372],[116.84185,2.75372],[116.84185,2.75372],[116.8419,2.75369],[116.84238,2.75442],[116.84255,2.75475],[116.84257,2.75475],[116.8452,2.75867],[116.84706,2.76133],[116.8489,2.76407],[116.85034,2.76613],[116.85119,2.76738],[116.85243,2.7687],[116.85312,2.76937],[116.85309,2.76939],[116.85415,2.77109],[116.85541,2.7731],[116.8569,2.7753],[116.85798,2.77685],[116.85874,2.77798],[116.85898,2.77828],[116.85907,2.77839],[116.85951,2.77907],[116.8597,2.77378],[116.86392,2.77489],[116.8636,2.77883],[116.86441,2.77722],[116.87089,2.76415],[116.87148,2.76295],[116.87238,2.76114],[116.87715,2.75209],[116.8816,2.72412],[116.88234,2.71853],[116.88382,2.6978],[116.88201,2.67739],[116.8811,2.67032],[116.87896,2.63873],[116.87707,2.61257],[116.87608,2.60533],[116.87107,2.57687],[116.87115,2.55581],[116.8702,2.55127],[116.84942,2.56267],[116.82526,2.58155],[116.81314,2.63286],[116.80837,2.65432],[116.80836,2.6545],[116.80857,2.66737],[116.81467,2.67001],[116.81967,2.70971],[116.81703,2.71471],[116.81599,2.71805],[116.81599,2.71805],[116.81599,2.71805],[116.81599,2.71805],[116.81641,2.71837],[116.81721,2.71947],[116.81754,2.72015],[116.81802,2.72117],[116.81841,2.72208],[116.81891,2.72318],[116.81906,2.72338],[116.81921,2.72359],[116.81991,2.72449],[116.82011,2.72494],[116.8203,2.72539],[116.82061,2.72609],[116.82071,2.7271],[116.82076,2.72724],[116.82091,2.7277],[116.82121,2.728],[116.82124,2.72799],[116.82164,2.72791],[116.82169,2.72791],[116.82171,2.7279],[116.82191,2.7277],[116.8223,2.7277],[116.82281,2.7279],[116.82299,2.72805],[116.8233,2.7283],[116.82361,2.72885],[116.8237,2.72901],[116.8244,2.72991],[116.82486,2.73048],[116.8257,2.73151],[116.8268,2.73242],[116.82715,2.73268],[116.828,2.73332],[116.82839,2.73332],[116.8289,2.73362],[116.82975,2.73414],[116.82984,2.7342],[116.82989,2.73423],[116.82999,2.73444],[116.83059,2.73573],[116.83095,2.73679],[116.83118,2.73724],[116.8316,2.73822],[116.83175,2.73869],[116.83202,2.73959],[116.83225,2.74039],[116.83227,2.74055],[116.83248,2.74125],[116.83248,2.74125],[116.83259,2.74133],[116.83288,2.74193],[116.83321,2.74263],[116.83338,2.74307],[116.8341,2.74271]]]]},"properties":{"kdprov":"65","kdkab":"02","kdkec":"010","kddesa":"009","kdsls":"2002","idsls":"65020100092002","nmprov":"KALIMANTAN UTARA","nmkab":"BULUNGAN","nmkec":"PESO","nmdesa":"LEPAK ARU","nmsls":"HUTAN (PT SSU)"}},{"type":"Feature","geometry":{"type":"MultiPolygon","coordinates":[[[[116.78711,2.69103],[116.7877,2.69129],[116.78679,2.69221],[116.7879,2.69371],[116.78817,2.69406],[116.79029,2.69324],[116.7906,2.69144],[116.78941,2.69048],[116.78801,2.68965],[116.7875,2.68952],[116.78711,2.69103]]]]},"properties":{"kdprov":"65","kdkab":"02","kdkec":"010","kddesa":"007","kdsls":"0003","idsls":"65020100070003","nmprov":"KALIMANTAN UTARA","nmkab":"BULUNGAN","nmkec":"PESO","nmdesa":"LONG PESO","nmsls":"RT 003"}},{"type":"Feature","geometry":{"type":"MultiPolygon","coordinates":[[[[116.79728,2.70443],[116.79705,2.70411],[116.79699,2.70404],[116.79676,2.7038],[116.79645,2.70391],[116.79593,2.7042],[116.79559,2.7048],[116.79545,2.70524],[116.79523,2.70547],[116.79504,2.70515],[116.79478,2.70453],[116.79456,2.70374],[116.79421,2.70312],[116.79417,2.70308],[116.79411,2.70293],[116.7936,2.70235],[116.79337,2.70206],[116.793,2.701],[116.78823,2.70254],[116.78972,2.70592],[116.79521,2.70757],[116.79531,2.70684],[116.79728,2.70443],[116.79728,2.70444],[116.79728,2.70444],[116.79728,2.70443]]]]},"properties":{"kdprov":"65","kdkab":"02","kdkec":"010","kddesa":"008","kdsls":"0003","idsls":"65020100080003","nmprov":"KALIMANTAN UTARA","nmkab":"BULUNGAN","nmkec":"PESO","nmdesa":"LONG BIA","nmsls":"RT 003"}},{"type":"Feature","geometry":{"type":"MultiPolygon","coordinates":[[[[116.68402,2.50131],[116.68403,2.50131],[116.68524,2.50044],[116.68925,2.49757],[116.72796,2.45677],[116.7304,2.4542],[116.7423,2.44345],[116.74519,2.44084],[116.75094,2.43565],[116.75021,2.43569],[116.7498,2.43571],[116.7489,2.43562],[116.74781,2.43501],[116.74631,2.43416],[116.74565,2.43389],[116.74116,2.43205],[116.73802,2.42967],[116.73595,2.42839],[116.73188,2.42593],[116.7306,2.42438],[116.73039,2.42241],[116.73064,2.42117],[116.73097,2.41972],[116.73229,2.41699],[116.73292,2.41424],[116.73298,2.41404],[116.73363,2.41185],[116.73344,2.40976],[116.73303,2.40903],[116.73256,2.40895],[116.73176,2.4089],[116.7314,2.40911],[116.7289,2.41056],[116.72759,2.41073],[116.72526,2.41041],[116.72514,2.41038],[116.72355,2.41001],[116.72214,2.4092],[116.72163,2.40776],[116.72149,2.40763],[116.72116,2.40733],[116.72112,2.40729],[116.71963,2.40678],[116.71772,2.40538],[116.71708,2.40348],[116.71687,2.40117],[116.71666,2.39922],[116.71581,2.39518],[116.71457,2.39297],[116.71436,2.39136],[116.71483,2.39038],[116.7151,2.38915],[116.71555,2.38703],[116.71645,2.38546],[116.71781,2.38401],[116.71767,2.38319],[116.7164,2.38223],[116.71424,2.38223],[116.71322,2.38329],[116.71156,2.38414],[116.71024,2.3841],[116.70858,2.38325],[116.70833,2.38201],[116.70875,2.38027],[116.70854,2.37917],[116.7076,2.3787],[116.70646,2.37891],[116.70624,2.37955],[116.7062,2.38066],[116.70586,2.38163],[116.70548,2.38325],[116.70386,2.38516],[116.70216,2.38609],[116.70103,2.3877],[116.69935,2.3883],[116.69833,2.38915],[116.69782,2.38958],[116.69752,2.39091],[116.6974,2.39145],[116.69736,2.39259],[116.6971,2.39306],[116.69561,2.39404],[116.69349,2.39455],[116.69098,2.39527],[116.69021,2.39534],[116.68877,2.39598],[116.68754,2.39704],[116.68707,2.3981],[116.68648,2.39898],[116.68629,2.39902],[116.68606,2.39907],[116.68435,2.39837],[116.68253,2.39671],[116.68089,2.39373],[116.68089,2.39234],[116.68034,2.39132],[116.67919,2.39094],[116.67754,2.39115],[116.67652,2.39141],[116.67419,2.39149],[116.67085,2.39166],[116.66805,2.392],[116.666,2.39095],[116.66547,2.38949],[116.66542,2.38937],[116.66555,2.38743],[116.66555,2.38637],[116.66534,2.38501],[116.66487,2.38476],[116.66288,2.38442],[116.65965,2.38472],[116.6583,2.38493],[116.65648,2.38692],[116.65551,2.38883],[116.65542,2.38899],[116.65504,2.38959],[116.65449,2.39141],[116.65487,2.39206],[116.65492,2.3931],[116.65462,2.39467],[116.65449,2.39606],[116.65496,2.39759],[116.65326,2.40017],[116.65303,2.40056],[116.65127,2.40356],[116.6503,2.40466],[116.64921,2.40397],[116.64921,2.40396],[116.64738,2.40152],[116.64432,2.39602],[116.64248,2.39121],[116.64152,2.39017],[116.63994,2.38982],[116.6382,2.39034],[116.63762,2.39036],[116.63562,2.39033],[116.63391,2.38973],[116.63323,2.38986],[116.63164,2.39017],[116.63015,2.39095],[116.62901,2.39183],[116.62834,2.393],[116.62858,2.39383],[116.62988,2.39401],[116.63003,2.39546],[116.63085,2.39733],[116.63138,2.39838],[116.63129,2.40021],[116.63006,2.40144],[116.62928,2.40248],[116.62919,2.40502],[116.62919,2.40615],[116.62925,2.40745],[116.62912,2.40869],[116.62797,2.41009],[116.62815,2.41183],[116.62857,2.41427],[116.62859,2.41435],[116.62762,2.41535],[116.62664,2.41546],[116.62577,2.41549],[116.62512,2.4155],[116.6223,2.41605],[116.62107,2.41699],[116.62006,2.4177],[116.61875,2.41769],[116.61861,2.41772],[116.61751,2.41792],[116.61657,2.41806],[116.61496,2.41768],[116.61419,2.41732],[116.6133,2.41691],[116.61226,2.41624],[116.61123,2.41542],[116.61028,2.41505],[116.60957,2.41524],[116.60833,2.41643],[116.60783,2.41669],[116.60642,2.41726],[116.60525,2.41793],[116.60352,2.41901],[116.60228,2.41922],[116.60032,2.41901],[116.59943,2.4186],[116.59822,2.41858],[116.5968,2.41855],[116.59634,2.41886],[116.59542,2.41985],[116.59446,2.42046],[116.59424,2.42073],[116.59344,2.4217],[116.59318,2.42201],[116.59227,2.42309],[116.59113,2.42348],[116.59029,2.42387],[116.58957,2.4249],[116.58924,2.42558],[116.58817,2.42578],[116.58745,2.42598],[116.58683,2.4266],[116.58642,2.42707],[116.58559,2.42722],[116.58424,2.42717],[116.58295,2.42645],[116.58213,2.42634],[116.58133,2.42637],[116.58021,2.42691],[116.57892,2.4271],[116.57794,2.42732],[116.57761,2.42767],[116.57684,2.42849],[116.57674,2.42861],[116.57603,2.42944],[116.5745,2.43124],[116.57335,2.4318],[116.57234,2.43216],[116.57056,2.43342],[116.57003,2.43342],[116.56926,2.43342],[116.56894,2.43344],[116.56837,2.43348],[116.56819,2.43385],[116.56762,2.43501],[116.56744,2.43554],[116.56727,2.43585],[116.56711,2.43613],[116.56669,2.43696],[116.5665,2.43758],[116.56659,2.43835],[116.56647,2.43925],[116.56636,2.43993],[116.56623,2.44044],[116.56626,2.44098],[116.56704,2.44169],[116.56749,2.4421],[116.56767,2.44276],[116.56764,2.44389],[116.56767,2.44484],[116.56768,2.44546],[116.56769,2.44569],[116.5677,2.44593],[116.56774,2.4461],[116.56779,2.44635],[116.56795,2.447],[116.568,2.44719],[116.56811,2.44749],[116.56819,2.44771],[116.56828,2.44797],[116.56838,2.44827],[116.5682,2.44929],[116.56803,2.45031],[116.56803,2.45042],[116.56803,2.45114],[116.56784,2.45299],[116.56744,2.45349],[116.56687,2.45367],[116.56665,2.4537],[116.56656,2.45371],[116.5657,2.45382],[116.56549,2.45384],[116.56408,2.45414],[116.56357,2.45422],[116.56267,2.45437],[116.56141,2.45491],[116.56128,2.45496],[116.55969,2.45551],[116.55963,2.45553],[116.55939,2.45561],[116.55898,2.45576],[116.55781,2.45617],[116.55754,2.4563],[116.5568,2.45646],[116.55616,2.45623],[116.55551,2.45552],[116.55454,2.45483],[116.55442,2.45479],[116.55392,2.4546],[116.55387,2.45458],[116.55261,2.45462],[116.55261,2.45462],[116.552,2.45494],[116.55071,2.4556],[116.55065,2.45563],[116.54985,2.45626],[116.54928,2.4567],[116.54784,2.4573],[116.54606,2.45803],[116.5435,2.46054],[116.54293,2.46103],[116.54221,2.46164],[116.54164,2.46184],[116.5409,2.46226],[116.54076,2.46233],[116.54021,2.46266],[116.54,2.46274],[116.53995,2.46274],[116.53975,2.46276],[116.53939,2.46266],[116.53742,2.4629],[116.53547,2.46424],[116.5338,2.46571],[116.53228,2.46681],[116.53033,2.46771],[116.52933,2.46781],[116.52847,2.46704],[116.52826,2.46634],[116.5275,2.46717],[116.52658,2.4686],[116.52465,2.47056],[116.52316,2.47199],[116.52143,2.47439],[116.51886,2.47747],[116.51738,2.47907],[116.51733,2.47908],[116.51705,2.47958],[116.51671,2.47958],[116.51657,2.47956],[116.51635,2.47956],[116.51606,2.47957],[116.51567,2.47949],[116.51564,2.47949],[116.51518,2.47942],[116.51505,2.47941],[116.51485,2.47939],[116.5146,2.47941],[116.51427,2.47944],[116.51384,2.47946],[116.51352,2.47953],[116.51263,2.47985],[116.51245,2.47991],[116.51223,2.48003],[116.51184,2.48019],[116.51148,2.48027],[116.51084,2.48036],[116.51055,2.4805],[116.51054,2.4805],[116.5101,2.48081],[116.50994,2.48093],[116.50983,2.48089],[116.50931,2.48079],[116.50884,2.48069],[116.50872,2.48063],[116.5085,2.4804],[116.50834,2.48025],[116.50816,2.48014],[116.50811,2.48011],[116.50784,2.48001],[116.50744,2.47988],[116.50721,2.47984],[116.50705,2.47982],[116.50696,2.47981],[116.50659,2.47976],[116.50639,2.47976],[116.5061,2.47976],[116.50578,2.47975],[116.50525,2.47975],[116.50509,2.47975],[116.50479,2.47977],[116.50462,2.4798],[116.50456,2.47981],[116.5044,2.47984],[116.50403,2.47995],[116.50392,2.47994],[116.50317,2.48041],[116.50299,2.4807],[116.5026,2.48134],[116.5021,2.4823],[116.50198,2.48242],[116.50117,2.48327],[116.50006,2.48387],[116.4994,2.48435],[116.49906,2.48459],[116.49821,2.48516],[116.49774,2.48548],[116.49721,2.48591],[116.49656,2.4868],[116.49614,2.48762],[116.49564,2.48876],[116.49524,2.48994],[116.49485,2.49076],[116.49439,2.49156],[116.49428,2.49176],[116.49357,2.49283],[116.49296,2.49347],[116.49157,2.4944],[116.4896,2.49497],[116.48932,2.49504],[116.49197,2.49886],[116.49221,2.49922],[116.49235,2.4994],[116.50434,2.51504],[116.50468,2.51543],[116.52097,2.53433],[116.54227,2.56095],[116.55319,2.57049],[116.55578,2.56985],[116.56097,2.56867],[116.56685,2.56702],[116.57414,2.56749],[116.57932,2.56537],[116.58685,2.5642],[116.59179,2.56325],[116.5972,2.56349],[116.6019,2.56467],[116.60378,2.56631],[116.60873,2.56608],[116.61272,2.56349],[116.61837,2.56349],[116.6219,2.56349],[116.63013,2.56537],[116.63625,2.56537],[116.64307,2.56514],[116.6466,2.56325],[116.65037,2.56184],[116.65225,2.55996],[116.65398,2.56123],[116.65738,2.5618],[116.65753,2.56182],[116.65847,2.56182],[116.65975,2.56187],[116.66054,2.56178],[116.66138,2.56178],[116.66182,2.56153],[116.66207,2.56079],[116.66227,2.56034],[116.66311,2.5597],[116.6636,2.55911],[116.6639,2.55817],[116.66399,2.55679],[116.66436,2.55613],[116.66491,2.55588],[116.66579,2.55539],[116.66583,2.55536],[116.66607,2.55572],[116.66659,2.55576],[116.66723,2.55541],[116.66812,2.55508],[116.66916,2.55527],[116.66977,2.55547],[116.67026,2.55529],[116.67047,2.55479],[116.67018,2.55429],[116.66982,2.55394],[116.66965,2.55335],[116.66981,2.55302],[116.66995,2.55273],[116.67069,2.55241],[116.67079,2.55231],[116.6713,2.55182],[116.67158,2.55108],[116.67164,2.55042],[116.67189,2.54996],[116.67245,2.5496],[116.67252,2.54918],[116.6718,2.54829],[116.6718,2.54824],[116.67178,2.54786],[116.67217,2.54771],[116.67253,2.548],[116.67279,2.54822],[116.67323,2.54841],[116.67369,2.54848],[116.67405,2.54831],[116.67437,2.54779],[116.67453,2.54729],[116.67481,2.54683],[116.67534,2.54635],[116.67561,2.54618],[116.6757,2.54612],[116.67612,2.54608],[116.67646,2.54655],[116.67663,2.54677],[116.67732,2.54664],[116.67782,2.54646],[116.67816,2.54645],[116.67825,2.54645],[116.67861,2.54665],[116.6788,2.54699],[116.67919,2.54735],[116.67946,2.54748],[116.67971,2.5476],[116.68049,2.54751],[116.68096,2.54724],[116.68097,2.54698],[116.68068,2.54684],[116.6804,2.54671],[116.67983,2.54664],[116.67956,2.54598],[116.67963,2.54555],[116.67966,2.5454],[116.67999,2.5448],[116.68033,2.54459],[116.68043,2.54453],[116.68046,2.54453],[116.68111,2.54455],[116.68163,2.54447],[116.68174,2.54384],[116.68175,2.5434],[116.68215,2.54307],[116.6834,2.5431],[116.68403,2.54315],[116.68451,2.54303],[116.68476,2.54276],[116.68523,2.5426],[116.68621,2.54266],[116.68704,2.54261],[116.68727,2.54229],[116.68718,2.54191],[116.68674,2.5415],[116.68663,2.54141],[116.68647,2.54107],[116.68664,2.54064],[116.68671,2.54046],[116.68726,2.53984],[116.68797,2.53912],[116.68838,2.53874],[116.68861,2.53861],[116.68871,2.53859],[116.6903,2.53859],[116.69095,2.53847],[116.69132,2.53809],[116.69134,2.53743],[116.69126,2.53681],[116.69228,2.53608],[116.69263,2.53587],[116.69267,2.53583],[116.69296,2.53554],[116.69327,2.53537],[116.69369,2.5355],[116.69408,2.53586],[116.69408,2.53587],[116.695,2.53661],[116.69496,2.5364],[116.69493,2.53623],[116.69471,2.53539],[116.69467,2.53451],[116.69493,2.53317],[116.69509,2.53284],[116.69494,2.53198],[116.69479,2.53148],[116.69437,2.5308],[116.69354,2.53007],[116.69263,2.52945],[116.69232,2.52923],[116.69183,2.52871],[116.69167,2.52851],[116.69149,2.52804],[116.69154,2.5275],[116.69245,2.52712],[116.69298,2.52701],[116.6934,2.52661],[116.69361,2.52622],[116.69373,2.52579],[116.69364,2.52518],[116.69342,2.52479],[116.69291,2.52449],[116.69251,2.52442],[116.69211,2.52451],[116.69151,2.52449],[116.69099,2.52416],[116.69082,2.52374],[116.68849,2.51815],[116.68772,2.51668],[116.68727,2.51529],[116.68762,2.51467],[116.6882,2.51346],[116.6881,2.51278],[116.68766,2.51222],[116.68681,2.51205],[116.68569,2.51184],[116.68529,2.51139],[116.68502,2.51087],[116.68529,2.51012],[116.68606,2.50985],[116.68637,2.50937],[116.68633,2.50783],[116.68612,2.50698],[116.68556,2.50624],[116.68521,2.50605],[116.68446,2.50584],[116.68396,2.50594],[116.68374,2.50592],[116.6835,2.50572],[116.6831,2.5056],[116.68184,2.50556],[116.68125,2.50532],[116.68069,2.50489],[116.68069,2.50433],[116.6807,2.50432],[116.6807,2.50432],[116.68028,2.50425],[116.68033,2.5037],[116.68037,2.50341],[116.68068,2.50292],[116.6808,2.50285],[116.68095,2.50258],[116.68096,2.50256],[116.681,2.50244],[116.6811,2.50226],[116.68107,2.50225],[116.68104,2.50217],[116.68082,2.50181],[116.6808,2.50162],[116.68073,2.50154],[116.68071,2.50127],[116.68213,2.50092],[116.68375,2.50119],[116.68402,2.50131]]]]},"properties":{"kdprov":"65","kdkab":"02","kdkec":"010","kddesa":"003","kdsls":"2001","idsls":"65020100032001","nmprov":"KALIMANTAN UTARA","nmkab":"BULUNGAN","nmkec":"PESO","nmdesa":"LONG YIIN/PELAAH","nmsls":"HUTAN"}},{"type":"Feature","geometry":{"type":"MultiPolygon","coordinates":[[[[116.793,2.701],[116.79283,2.70052],[116.79263,2.7],[116.79255,2.69921],[116.79221,2.69937],[116.79216,2.69918],[116.79216,2.69918],[116.79236,2.69828],[116.79266,2.69717],[116.79296,2.69627],[116.79303,2.69587],[116.79306,2.6957],[116.79248,2.69517],[116.79215,2.69514],[116.79193,2.69528],[116.79188,2.69535],[116.79174,2.69557],[116.79174,2.69583],[116.79174,2.69623],[116.79126,2.69646],[116.79068,2.69737],[116.78984,2.6977],[116.78945,2.69812],[116.78777,2.69879],[116.78821,2.70255],[116.78823,2.70254],[116.793,2.701]]]]},"properties":{"kdprov":"65","kdkab":"02","kdkec":"010","kddesa":"008","kdsls":"0002","idsls":"65020100080002","nmprov":"KALIMANTAN UTARA","nmkab":"BULUNGAN","nmkec":"PESO","nmdesa":"LONG BIA","nmsls":"RT 002"}},{"type":"Feature","geometry":{"type":"MultiPolygon","coordinates":[[[[116.79029,2.69324],[116.78817,2.69406],[116.7879,2.69371],[116.78745,2.69409],[116.78718,2.69471],[116.78696,2.6956],[116.78696,2.6964],[116.78727,2.69783],[116.78776,2.6988],[116.78777,2.69879],[116.78945,2.69812],[116.78984,2.6977],[116.79068,2.69737],[116.79126,2.69646],[116.79174,2.69623],[116.79174,2.69583],[116.79174,2.69557],[116.79188,2.69535],[116.79193,2.69528],[116.79215,2.69514],[116.79248,2.69517],[116.79306,2.6957],[116.79317,2.69581],[116.79319,2.69578],[116.7932,2.69575],[116.79321,2.69574],[116.79333,2.6955],[116.79341,2.69528],[116.79342,2.695],[116.79333,2.69473],[116.79311,2.6943],[116.79246,2.69347],[116.79207,2.69277],[116.79205,2.69274],[116.79202,2.69271],[116.79196,2.69266],[116.7908,2.69161],[116.7906,2.69144],[116.79029,2.69324]]]]},"properties":{"kdprov":"65","kdkab":"02","kdkec":"010","kddesa":"008","kdsls":"0001","idsls":"65020100080001","nmprov":"KALIMANTAN UTARA","nmkab":"BULUNGAN","nmkec":"PESO","nmdesa":"LONG BIA","nmsls":"RT 001"}},{"type":"Feature","geometry":{"type":"MultiPolygon","coordinates":[[[[116.83479,2.74582],[116.83578,2.74489],[116.83578,2.74489],[116.83503,2.74378],[116.83428,2.74296],[116.8341,2.74271],[116.83338,2.74307],[116.83341,2.74343],[116.83343,2.74376],[116.83347,2.74412],[116.8337,2.74464],[116.83418,2.74524],[116.83479,2.74582],[116.83479,2.74582]]]]},"properties":{"kdprov":"65","kdkab":"02","kdkec":"010","kddesa":"009","kdsls":"0001","idsls":"65020100090001","nmprov":"KALIMANTAN UTARA","nmkab":"BULUNGAN","nmkec":"PESO","nmdesa":"LEPAK ARU","nmsls":"RT 001"}},{"type":"Feature","geometry":{"type":"MultiPolygon","coordinates":[[[[116.8622,2.78293],[116.8633,2.78228],[116.8636,2.77883],[116.86392,2.77489],[116.8597,2.77378],[116.85951,2.77907],[116.86003,2.77984],[116.86076,2.78094],[116.86182,2.78245],[116.86181,2.78232],[116.86185,2.78238],[116.86219,2.78291],[116.8622,2.78293]]]]},"properties":{"kdprov":"65","kdkab":"02","kdkec":"010","kddesa":"009","kdsls":"0003","idsls":"65020100090003","nmprov":"KALIMANTAN UTARA","nmkab":"BULUNGAN","nmkec":"PESO","nmdesa":"LEPAK ARU","nmsls":"RT 003"}},{"type":"Feature","geometry":{"type":"MultiPolygon","coordinates":[[[[116.81743,2.72639],[116.81743,2.72612],[116.81743,2.72607],[116.81741,2.72574],[116.81741,2.72574],[116.81744,2.72518],[116.81748,2.72497],[116.81757,2.72416],[116.81758,2.72416],[116.81611,2.72453],[116.81611,2.72453],[116.81569,2.72463],[116.81582,2.72643],[116.81743,2.72639]]]]},"properties":{"kdprov":"65","kdkab":"02","kdkec":"010","kddesa":"010","kdsls":"0004","idsls":"65020100100004","nmprov":"KALIMANTAN UTARA","nmkab":"BULUNGAN","nmkec":"PESO","nmdesa":"LONG LASAN","nmsls":"RT 004"}},{"type":"Feature","geometry":{"type":"MultiPolygon","coordinates":[[[[116.70702,2.55979],[116.70702,2.55977],[116.70697,2.55952],[116.70479,2.55964],[116.70479,2.55964],[116.70479,2.55964],[116.70479,2.55964],[116.70492,2.56125],[116.70538,2.56131],[116.70577,2.56124],[116.70628,2.5611],[116.70628,2.56109],[116.70631,2.56104],[116.70689,2.56052],[116.70731,2.56008],[116.70718,2.56002],[116.70695,2.5599],[116.70702,2.55979],[116.70702,2.55979]]]]},"properties":{"kdprov":"65","kdkab":"02","kdkec":"010","kddesa":"004","kdsls":"0003","idsls":"65020100040003","nmprov":"KALIMANTAN UTARA","nmkab":"BULUNGAN","nmkec":"PESO","nmdesa":"LONG BUANG","nmsls":"RT 003"}},{"type":"Feature","geometry":{"type":"MultiPolygon","coordinates":[[[[116.70947,2.56137],[116.70859,2.56194],[116.7085,2.56191],[116.70722,2.56258],[116.70722,2.56258],[116.70773,2.56589],[116.71092,2.56573],[116.71106,2.56485],[116.71089,2.56412],[116.71072,2.56356],[116.70947,2.56137]]]]},"properties":{"kdprov":"65","kdkab":"02","kdkec":"010","kddesa":"004","kdsls":"0002","idsls":"65020100040002","nmprov":"KALIMANTAN UTARA","nmkab":"BULUNGAN","nmkec":"PESO","nmdesa":"LONG BUANG","nmsls":"RT 002"}},{"type":"Feature","geometry":{"type":"MultiPolygon","coordinates":[[[[116.74464,2.63617],[116.74455,2.6363],[116.74449,2.63637],[116.74461,2.63663],[116.74493,2.63681],[116.74555,2.63693],[116.74596,2.63687],[116.74641,2.6368],[116.74687,2.63659],[116.74745,2.63621],[116.74777,2.63594],[116.74795,2.63568],[116.74812,2.63534],[116.74857,2.63431],[116.74655,2.63433],[116.74705,2.6351],[116.74709,2.63516],[116.74705,2.63521],[116.747,2.63532],[116.74695,2.63545],[116.7469,2.63559],[116.74687,2.63571],[116.74684,2.63584],[116.7467,2.636],[116.74656,2.63614],[116.74642,2.63628],[116.74634,2.63642],[116.74634,2.63642],[116.74595,2.63627],[116.74509,2.63594],[116.74509,2.63594],[116.74508,2.63594],[116.74508,2.63594],[116.74484,2.63588],[116.74464,2.63617]]]]},"properties":{"kdprov":"65","kdkab":"02","kdkec":"010","kddesa":"005","kdsls":"0003","idsls":"65020100050003","nmprov":"KALIMANTAN UTARA","nmkab":"BULUNGAN","nmkec":"PESO","nmdesa":"LONG LIAN","nmsls":"RT 003"}},{"type":"Feature","geometry":{"type":"MultiPolygon","coordinates":[[[[116.84474,2.83427],[116.86128,2.82202],[116.86129,2.82194],[116.86152,2.82037],[116.86481,2.80968],[116.86778,2.80079],[116.86994,2.7994],[116.86982,2.79925],[116.86951,2.79905],[116.86852,2.79806],[116.86805,2.79704],[116.86779,2.79641],[116.86752,2.79602],[116.86749,2.79596],[116.86727,2.79527],[116.8671,2.79504],[116.86665,2.79393],[116.86629,2.79312],[116.86592,2.79231],[116.86563,2.79163],[116.86564,2.79163],[116.86549,2.79135],[116.86503,2.79048],[116.86484,2.79012],[116.86462,2.78973],[116.86402,2.7886],[116.86384,2.78826],[116.86384,2.78827],[116.86383,2.78823],[116.86339,2.78758],[116.86245,2.78625],[116.8615,2.7849],[116.86149,2.78491],[116.86092,2.7841],[116.86004,2.78292],[116.85928,2.78193],[116.85928,2.78193],[116.85904,2.78157],[116.85903,2.78156],[116.85873,2.78129],[116.85802,2.78027],[116.85738,2.77953],[116.85661,2.77824],[116.85605,2.77747],[116.85577,2.77695],[116.85337,2.77331],[116.85329,2.77329],[116.85285,2.77258],[116.8506,2.76931],[116.84958,2.76753],[116.84703,2.76394],[116.84452,2.76055],[116.84257,2.75781],[116.83926,2.75326],[116.83796,2.75182],[116.83372,2.74713],[116.83169,2.74481],[116.831,2.74394],[116.83018,2.74284],[116.82901,2.7411],[116.82854,2.74041],[116.8283,2.73901],[116.82871,2.73786],[116.82912,2.73658],[116.82912,2.73605],[116.82882,2.73572],[116.82875,2.7357],[116.82875,2.73568],[116.8286,2.73564],[116.82828,2.73551],[116.8282,2.73531],[116.82788,2.73535],[116.82684,2.73589],[116.82608,2.73666],[116.82537,2.73743],[116.82453,2.73767],[116.82418,2.73777],[116.82374,2.73767],[116.82336,2.73757],[116.82256,2.73728],[116.82218,2.73717],[116.82186,2.73708],[116.82204,2.73721],[116.82221,2.73733],[116.82192,2.73725],[116.82188,2.73726],[116.82174,2.73719],[116.82068,2.73687],[116.81948,2.73647],[116.81919,2.73637],[116.81878,2.73627],[116.81842,2.73617],[116.81807,2.73591],[116.81775,2.73522],[116.81763,2.73458],[116.81756,2.73439],[116.81748,2.73393],[116.81741,2.73367],[116.81741,2.73243],[116.81743,2.73206],[116.8175,2.73159],[116.81751,2.731],[116.81752,2.72984],[116.81745,2.72878],[116.81741,2.72808],[116.81743,2.72792],[116.81741,2.72739],[116.81743,2.72639],[116.81582,2.72643],[116.81569,2.72463],[116.81563,2.72382],[116.81563,2.72381],[116.81506,2.72265],[116.81506,2.72265],[116.81503,2.72127],[116.81503,2.72112],[116.81503,2.72112],[116.8131,2.72735],[116.81158,2.73221],[116.81394,2.75191],[116.83496,2.80116],[116.83908,2.81734],[116.84437,2.82881],[116.84474,2.83427]]]]},"properties":{"kdprov":"65","kdkab":"02","kdkec":"010","kddesa":"009","kdsls":"2001","idsls":"65020100092001","nmprov":"KALIMANTAN UTARA","nmkab":"BULUNGAN","nmkec":"PESO","nmdesa":"LEPAK ARU","nmsls":"HUTAN (PT KPP)"}},{"type":"Feature","geometry":{"type":"MultiPolygon","coordinates":[[[[116.81569,2.72463],[116.81611,2.72453],[116.81611,2.72453],[116.81758,2.72416],[116.81764,2.72357],[116.81772,2.72306],[116.8177,2.72295],[116.8177,2.72295],[116.81604,2.72364],[116.81604,2.72363],[116.81563,2.72382],[116.81569,2.72463]]]]},"properties":{"kdprov":"65","kdkab":"02","kdkec":"010","kddesa":"010","kdsls":"0003","idsls":"65020100100003","nmprov":"KALIMANTAN UTARA","nmkab":"BULUNGAN","nmkec":"PESO","nmdesa":"LONG LASAN","nmsls":"RT 003"}},{"type":"Feature","geometry":{"type":"MultiPolygon","coordinates":[[[[116.81506,2.72265],[116.81506,2.72265],[116.81563,2.72381],[116.81563,2.72382],[116.81604,2.72363],[116.81604,2.72364],[116.8177,2.72295],[116.81765,2.72249],[116.81761,2.72225],[116.81753,2.72211],[116.81547,2.72256],[116.81547,2.72256],[116.81506,2.72265]]]]},"properties":{"kdprov":"65","kdkab":"02","kdkec":"010","kddesa":"010","kdsls":"0002","idsls":"65020100100002","nmprov":"KALIMANTAN UTARA","nmkab":"BULUNGAN","nmkec":"PESO","nmdesa":"LONG LASAN","nmsls":"RT 002"}},{"type":"Feature","geometry":{"type":"MultiPolygon","coordinates":[[[[116.81503,2.72112],[116.81503,2.72112],[116.81503,2.72127],[116.81506,2.72265],[116.81547,2.72256],[116.81547,2.72256],[116.81753,2.72211],[116.81751,2.72209],[116.81668,2.72069],[116.81613,2.72033],[116.81592,2.72019],[116.81525,2.72041],[116.81486,2.72054],[116.81503,2.72112]]]]},"properties":{"kdprov":"65","kdkab":"02","kdkec":"010","kddesa":"010","kdsls":"0001","idsls":"65020100100001","nmprov":"KALIMANTAN UTARA","nmkab":"BULUNGAN","nmkec":"PESO","nmdesa":"LONG LASAN","nmsls":"RT 001"}},{"type":"Feature","geometry":{"type":"MultiPolygon","coordinates":[[[[116.52097,2.53433],[116.50468,2.51543],[116.50434,2.51504],[116.49235,2.4994],[116.49221,2.49922],[116.49197,2.49886],[116.48932,2.49504],[116.4896,2.49497],[116.49157,2.4944],[116.49296,2.49347],[116.49357,2.49283],[116.49428,2.49176],[116.49439,2.49156],[116.49485,2.49076],[116.49524,2.48994],[116.49564,2.48876],[116.49614,2.48762],[116.49656,2.4868],[116.49721,2.48591],[116.49774,2.48548],[116.49821,2.48516],[116.49906,2.48459],[116.4994,2.48435],[116.50006,2.48387],[116.50117,2.48327],[116.50198,2.48242],[116.5021,2.4823],[116.5026,2.48134],[116.50299,2.4807],[116.50317,2.48041],[116.50392,2.47994],[116.50403,2.47995],[116.5044,2.47984],[116.50456,2.47981],[116.50462,2.4798],[116.50479,2.47977],[116.50509,2.47975],[116.50525,2.47975],[116.50578,2.47975],[116.5061,2.47976],[116.50639,2.47976],[116.50659,2.47976],[116.50696,2.47981],[116.50705,2.47982],[116.50721,2.47984],[116.50744,2.47988],[116.50784,2.48001],[116.50811,2.48011],[116.50816,2.48014],[116.50834,2.48025],[116.5085,2.4804],[116.50872,2.48063],[116.50884,2.48069],[116.50931,2.48079],[116.50983,2.48089],[116.50994,2.48093],[116.5101,2.48081],[116.51054,2.4805],[116.51055,2.4805],[116.51084,2.48036],[116.51148,2.48027],[116.51184,2.48019],[116.51223,2.48003],[116.51245,2.47991],[116.51263,2.47985],[116.51352,2.47953],[116.51384,2.47946],[116.51427,2.47944],[116.5146,2.47941],[116.51485,2.47939],[116.51505,2.47941],[116.51518,2.47942],[116.51564,2.47949],[116.51567,2.47949],[116.51606,2.47957],[116.51635,2.47956],[116.51657,2.47956],[116.51671,2.47958],[116.51705,2.47958],[116.51733,2.47908],[116.51738,2.47907],[116.51886,2.47747],[116.52143,2.47439],[116.52316,2.47199],[116.52465,2.47056],[116.52658,2.4686],[116.5275,2.46717],[116.52826,2.46634],[116.52847,2.46704],[116.52933,2.46781],[116.53033,2.46771],[116.53228,2.46681],[116.5338,2.46571],[116.53547,2.46424],[116.53742,2.4629],[116.53939,2.46266],[116.53975,2.46276],[116.53995,2.46274],[116.54,2.46274],[116.54021,2.46266],[116.54076,2.46233],[116.5409,2.46226],[116.54164,2.46184],[116.54221,2.46164],[116.54293,2.46103],[116.5435,2.46054],[116.54606,2.45803],[116.54784,2.4573],[116.54928,2.4567],[116.54985,2.45626],[116.55065,2.45563],[116.55071,2.4556],[116.552,2.45494],[116.55261,2.45462],[116.55261,2.45462],[116.55387,2.45458],[116.55356,2.45446],[116.55325,2.45438],[116.55314,2.45434],[116.55309,2.45432],[116.55283,2.4542],[116.55196,2.45432],[116.55065,2.45432],[116.54907,2.4548],[116.5482,2.45485],[116.54739,2.4549],[116.54639,2.45375],[116.54544,2.45317],[116.54447,2.45299],[116.54301,2.45294],[116.54185,2.45248],[116.54056,2.45227],[116.53934,2.45165],[116.53862,2.45131],[116.53728,2.45064],[116.53707,2.45034],[116.53674,2.44987],[116.53566,2.44886],[116.5349,2.44842],[116.53359,2.44814],[116.53248,2.44788],[116.53162,2.44807],[116.53035,2.44828],[116.52896,2.44837],[116.52819,2.44814],[116.52734,2.44769],[116.52696,2.44744],[116.52625,2.44734],[116.52509,2.44773],[116.52268,2.44894],[116.52157,2.44949],[116.52042,2.44991],[116.51931,2.45114],[116.51865,2.45137],[116.51696,2.45233],[116.51534,2.4535],[116.51364,2.45375],[116.51211,2.45467],[116.51154,2.45452],[116.51048,2.45459],[116.50923,2.4546],[116.50704,2.45474],[116.50546,2.45492],[116.50384,2.45492],[116.50226,2.45442],[116.50114,2.45382],[116.50056,2.45343],[116.49926,2.45295],[116.49859,2.45279],[116.49725,2.45239],[116.49665,2.45234],[116.49587,2.4517],[116.49587,2.45159],[116.49573,2.45105],[116.49474,2.45036],[116.49401,2.44959],[116.49374,2.44889],[116.49345,2.44851],[116.49312,2.44829],[116.49261,2.44774],[116.49172,2.44647],[116.49121,2.446],[116.49115,2.44576],[116.49097,2.44522],[116.4909,2.44473],[116.49086,2.44421],[116.49084,2.44391],[116.49094,2.44359],[116.49125,2.44312],[116.49151,2.44223],[116.49164,2.44197],[116.49211,2.44139],[116.4931,2.44053],[116.4937,2.43971],[116.49409,2.43935],[116.49426,2.43911],[116.49422,2.43885],[116.49426,2.43855],[116.49407,2.43781],[116.494,2.43709],[116.49403,2.43599],[116.49405,2.43518],[116.49405,2.43473],[116.49389,2.43424],[116.49382,2.43385],[116.49379,2.43349],[116.49373,2.43268],[116.49359,2.43215],[116.49346,2.43159],[116.49359,2.43104],[116.49342,2.43048],[116.49312,2.42988],[116.49292,2.42972],[116.49292,2.42953],[116.49317,2.42911],[116.49345,2.42846],[116.49358,2.42819],[116.49362,2.42769],[116.49381,2.42721],[116.49394,2.42665],[116.49385,2.42618],[116.49394,2.42556],[116.49407,2.42513],[116.49413,2.42463],[116.49413,2.42426],[116.49408,2.42376],[116.49392,2.42298],[116.49373,2.42229],[116.49353,2.42168],[116.49366,2.421],[116.49392,2.42035],[116.49404,2.41997],[116.49454,2.41915],[116.49521,2.41854],[116.4956,2.41809],[116.49575,2.4179],[116.49584,2.41743],[116.49584,2.41719],[116.49578,2.41669],[116.49554,2.41639],[116.49541,2.41616],[116.495,2.41577],[116.49488,2.41505],[116.49488,2.41438],[116.49482,2.41397],[116.49476,2.41348],[116.49486,2.413],[116.49489,2.41234],[116.49483,2.41179],[116.49475,2.41121],[116.49482,2.41057],[116.49488,2.41005],[116.49509,2.40951],[116.49512,2.40907],[116.49552,2.4086],[116.49577,2.40828],[116.49645,2.40778],[116.49662,2.40749],[116.4966,2.40702],[116.49642,2.40642],[116.49628,2.40543],[116.49601,2.4047],[116.4956,2.40425],[116.49544,2.40397],[116.49529,2.4034],[116.49524,2.40307],[116.49524,2.40285],[116.49444,2.40281],[116.49413,2.40267],[116.49352,2.4024],[116.49273,2.40233],[116.49251,2.40233],[116.49082,2.40238],[116.49049,2.40238],[116.48997,2.40214],[116.48971,2.40205],[116.48928,2.40136],[116.4884,2.40072],[116.48727,2.39988],[116.48699,2.39957],[116.48679,2.39906],[116.48659,2.39863],[116.48667,2.39819],[116.48696,2.39757],[116.4872,2.39688],[116.48768,2.39614],[116.48824,2.39553],[116.48857,2.39527],[116.4889,2.39459],[116.48949,2.39391],[116.49043,2.39287],[116.49072,2.39212],[116.49052,2.39105],[116.4902,2.39007],[116.4902,2.38951],[116.49037,2.38898],[116.49109,2.38852],[116.49222,2.38848],[116.49303,2.38821],[116.49362,2.38827],[116.49447,2.38782],[116.49506,2.3875],[116.49509,2.38748],[116.49553,2.38726],[116.49603,2.38707],[116.49744,2.38691],[116.4981,2.38675],[116.49918,2.38604],[116.49975,2.38559],[116.49984,2.38542],[116.50064,2.38453],[116.50087,2.3836],[116.50133,2.38266],[116.50186,2.38197],[116.50196,2.38065],[116.50215,2.3802],[116.50233,2.37978],[116.50236,2.37962],[116.50243,2.37913],[116.50241,2.37823],[116.50225,2.37779],[116.50216,2.37743],[116.50243,2.37653],[116.50293,2.37557],[116.50309,2.37477],[116.50345,2.374],[116.50388,2.37372],[116.50411,2.37358],[116.50429,2.37288],[116.50317,2.37186],[116.50248,2.37051],[116.50085,2.36864],[116.50032,2.36755],[116.49994,2.3663],[116.4999,2.3659],[116.4999,2.36529],[116.49992,2.36428],[116.49994,2.36321],[116.49976,2.36217],[116.49985,2.36177],[116.49956,2.36112],[116.49937,2.36053],[116.49875,2.36007],[116.49857,2.35954],[116.49853,2.35878],[116.49808,2.35725],[116.49812,2.35683],[116.49821,2.35623],[116.49832,2.35575],[116.4989,2.35479],[116.49946,2.35457],[116.49992,2.35407],[116.50004,2.3535],[116.50008,2.35313],[116.50008,2.35254],[116.50014,2.3518],[116.50039,2.35149],[116.50118,2.35096],[116.50239,2.34996],[116.50316,2.34961],[116.50348,2.34914],[116.50407,2.34847],[116.50417,2.3481],[116.50362,2.3476],[116.5028,2.34685],[116.50213,2.3461],[116.50137,2.34538],[116.50061,2.34472],[116.50012,2.34413],[116.49957,2.34368],[116.49867,2.34303],[116.49841,2.34258],[116.49843,2.3423],[116.49832,2.34172],[116.4985,2.34124],[116.49845,2.34076],[116.49844,2.34021],[116.49816,2.33879],[116.49804,2.33835],[116.49783,2.33793],[116.49786,2.33717],[116.4983,2.33582],[116.49847,2.33492],[116.49847,2.33421],[116.49836,2.33398],[116.49806,2.33398],[116.49747,2.33426],[116.49644,2.33454],[116.49589,2.33455],[116.49506,2.33446],[116.49429,2.33421],[116.49346,2.33383],[116.49287,2.33343],[116.49239,2.33303],[116.49199,2.33266],[116.4916,2.33218],[116.49115,2.33192],[116.49056,2.33182],[116.49021,2.33196],[116.48978,2.3319],[116.48936,2.33215],[116.4888,2.33377],[116.48844,2.33458],[116.48768,2.33534],[116.48726,2.33583],[116.48634,2.336],[116.48606,2.33636],[116.48545,2.33723],[116.48454,2.33742],[116.48379,2.33728],[116.48257,2.33695],[116.48156,2.33648],[116.48096,2.33616],[116.47983,2.33528],[116.47929,2.33476],[116.47815,2.33432],[116.47673,2.33371],[116.47656,2.33324],[116.4763,2.33287],[116.47567,2.33234],[116.47528,2.33186],[116.47464,2.3313],[116.47398,2.33082],[116.47324,2.33061],[116.47237,2.33063],[116.4716,2.32995],[116.47047,2.32857],[116.47008,2.32798],[116.46932,2.32698],[116.46879,2.32645],[116.46737,2.32598],[116.46692,2.32584],[116.46667,2.32536],[116.46697,2.32463],[116.46764,2.32382],[116.46827,2.3214],[116.46849,2.32046],[116.46983,2.31794],[116.47007,2.3175],[116.47092,2.31633],[116.47092,2.31575],[116.47119,2.31507],[116.47191,2.3149],[116.47298,2.31414],[116.4733,2.3131],[116.47352,2.31198],[116.4742,2.30996],[116.47446,2.30866],[116.4743,2.30759],[116.47438,2.30673],[116.47484,2.30553],[116.47483,2.30381],[116.47461,2.30204],[116.4746,2.30108],[116.47613,2.29991],[116.477,2.2991],[116.47735,2.29849],[116.47725,2.29731],[116.47716,2.29561],[116.47719,2.29425],[116.47753,2.29339],[116.47736,2.29193],[116.47651,2.29072],[116.47572,2.28995],[116.47511,2.28966],[116.47393,2.28901],[116.47313,2.28832],[116.4726,2.28785],[116.4722,2.28677],[116.4715,2.28576],[116.47063,2.28551],[116.4702,2.28513],[116.46998,2.28461],[116.46937,2.28439],[116.46845,2.28381],[116.46737,2.28334],[116.46699,2.28325],[116.46605,2.28352],[116.46573,2.28363],[116.46537,2.28362],[116.4649,2.28288],[116.46486,2.28257],[116.46407,2.28195],[116.46331,2.28181],[116.46282,2.2817],[116.46242,2.28124],[116.46142,2.27937],[116.46095,2.27928],[116.46037,2.27941],[116.45988,2.27939],[116.45893,2.27899],[116.45624,2.27726],[116.45505,2.27688],[116.45386,2.27715],[116.45253,2.27753],[116.45182,2.27806],[116.45157,2.27831],[116.45137,2.27869],[116.45114,2.27908],[116.45078,2.27919],[116.45004,2.27949],[116.44986,2.27969],[116.44966,2.27979],[116.4495,2.28033],[116.44939,2.28058],[116.44856,2.28084],[116.44843,2.28104],[116.44815,2.2813],[116.44787,2.28169],[116.44761,2.28232],[116.44733,2.28287],[116.44694,2.28355],[116.44642,2.28448],[116.44569,2.28528],[116.44524,2.28541],[116.44459,2.28568],[116.44448,2.28573],[116.4442,2.28614],[116.44386,2.28659],[116.44348,2.28676],[116.44264,2.28683],[116.44217,2.28672],[116.44132,2.28633],[116.44094,2.28593],[116.44053,2.28559],[116.4403,2.2853],[116.4401,2.28517],[116.43946,2.28524],[116.4389,2.28579],[116.4382,2.28627],[116.43674,2.28686],[116.43578,2.28724],[116.4352,2.28756],[116.43509,2.28761],[116.43383,2.28774],[116.43197,2.28769],[116.43087,2.28783],[116.43022,2.2882],[116.42954,2.28848],[116.42929,2.28867],[116.42882,2.28888],[116.42849,2.28891],[116.42764,2.28868],[116.42655,2.28862],[116.42549,2.28815],[116.42501,2.28803],[116.42432,2.28773],[116.42402,2.28748],[116.42347,2.28746],[116.42288,2.28752],[116.42209,2.28757],[116.4218,2.28744],[116.42154,2.2872],[116.42096,2.28647],[116.4203,2.2859],[116.42002,2.28527],[116.41994,2.28502],[116.41973,2.28482],[116.41934,2.28468],[116.41913,2.28457],[116.41859,2.28443],[116.41757,2.28443],[116.417,2.28434],[116.41699,2.28434],[116.41684,2.28431],[116.41645,2.28422],[116.41594,2.28403],[116.41542,2.28375],[116.41515,2.28344],[116.41489,2.28314],[116.41457,2.28284],[116.41427,2.28268],[116.41364,2.28219],[116.41321,2.28195],[116.41279,2.28207],[116.41214,2.28263],[116.41182,2.28301],[116.41131,2.28346],[116.41098,2.28409],[116.41106,2.28457],[116.41156,2.28559],[116.41188,2.28648],[116.41179,2.28718],[116.41151,2.28797],[116.41095,2.28868],[116.41026,2.28925],[116.41011,2.29032],[116.40992,2.29104],[116.40958,2.29167],[116.40893,2.29235],[116.40819,2.29336],[116.40703,2.29412],[116.40606,2.29488],[116.40523,2.2952],[116.40454,2.29591],[116.40422,2.2965],[116.40388,2.29716],[116.40306,2.29764],[116.40222,2.29789],[116.40213,2.29792],[116.40137,2.29759],[116.40091,2.29717],[116.40029,2.29709],[116.3999,2.29711],[116.39917,2.29682],[116.39742,2.29649],[116.39712,2.29625],[116.39649,2.29593],[116.3961,2.29569],[116.39532,2.29527],[116.39504,2.29498],[116.39387,2.29481],[116.39304,2.29472],[116.39257,2.29469],[116.39171,2.29521],[116.39079,2.29556],[116.39032,2.29605],[116.38845,2.29712],[116.3877,2.29742],[116.38699,2.29797],[116.38629,2.29827],[116.38597,2.29828],[116.38499,2.29788],[116.38444,2.29764],[116.38366,2.29756],[116.38321,2.29765],[116.38272,2.29771],[116.38142,2.29787],[116.38122,2.29787],[116.38104,2.29775],[116.38089,2.29745],[116.38066,2.29723],[116.38045,2.29703],[116.38027,2.29685],[116.3798,2.29652],[116.37943,2.29636],[116.37914,2.29623],[116.37848,2.29621],[116.37813,2.29624],[116.37773,2.2964],[116.37748,2.2964],[116.37712,2.2965],[116.37667,2.29659],[116.37642,2.29664],[116.37592,2.29664],[116.37559,2.29653],[116.37492,2.29618],[116.37439,2.29596],[116.37373,2.29569],[116.37333,2.29563],[116.37254,2.2958],[116.37201,2.29595],[116.37126,2.29604],[116.37069,2.29615],[116.36988,2.296],[116.36888,2.29598],[116.36778,2.29574],[116.3658,2.2954],[116.36543,2.29547],[116.36443,2.29566],[116.36367,2.29562],[116.36322,2.29529],[116.36268,2.2949],[116.36111,2.29417],[116.36074,2.29376],[116.36042,2.29373],[116.35986,2.29428],[116.35954,2.29439],[116.35909,2.29448],[116.35862,2.29434],[116.35831,2.29438],[116.35785,2.29449],[116.35741,2.2945],[116.35682,2.29395],[116.35665,2.29336],[116.35657,2.29313],[116.35643,2.29285],[116.35596,2.29258],[116.35546,2.29217],[116.35529,2.29179],[116.355,2.29131],[116.35417,2.29094],[116.35382,2.29085],[116.35269,2.29049],[116.35242,2.29043],[116.35179,2.29023],[116.35157,2.29032],[116.35095,2.2906],[116.35042,2.29105],[116.35013,2.29128],[116.3498,2.29127],[116.34853,2.29064],[116.34764,2.28981],[116.3467,2.28897],[116.34642,2.28887],[116.34587,2.28847],[116.34545,2.28836],[116.34446,2.28796],[116.34363,2.28769],[116.34223,2.28743],[116.34169,2.28717],[116.34077,2.28713],[116.33975,2.28776],[116.33899,2.28797],[116.33841,2.28811],[116.33733,2.28893],[116.33675,2.28976],[116.33658,2.2901],[116.33577,2.29056],[116.33489,2.29067],[116.33332,2.29003],[116.33255,2.28929],[116.3325,2.28925],[116.33234,2.28906],[116.33229,2.28875],[116.33201,2.28785],[116.33189,2.28731],[116.33178,2.28702],[116.33145,2.28668],[116.33121,2.28648],[116.33113,2.28638],[116.33091,2.2861],[116.33089,2.28589],[116.33086,2.28558],[116.33077,2.28502],[116.33075,2.28458],[116.33075,2.28449],[116.33072,2.28415],[116.33068,2.28397],[116.33066,2.28388],[116.33065,2.28384],[116.33064,2.28383],[116.33063,2.28381],[116.33058,2.28374],[116.33058,2.28374],[116.33043,2.28353],[116.33032,2.28345],[116.33027,2.28341],[116.33021,2.28337],[116.33013,2.28331],[116.32991,2.28325],[116.32972,2.28329],[116.32968,2.2833],[116.32916,2.2834],[116.32905,2.28342],[116.32899,2.2834],[116.3285,2.28324],[116.32846,2.28322],[116.32827,2.28314],[116.32788,2.28296],[116.32788,2.28296],[116.32781,2.28295],[116.32764,2.28293],[116.32704,2.28284],[116.32704,2.28284],[116.32688,2.28277],[116.32622,2.28247],[116.3262,2.28246],[116.32547,2.28225],[116.32516,2.28217],[116.32439,2.28212],[116.32395,2.28221],[116.32364,2.28222],[116.32324,2.2818],[116.32311,2.28137],[116.32304,2.28113],[116.32303,2.28109],[116.3229,2.28062],[116.32231,2.28009],[116.3222,2.27981],[116.32224,2.27968],[116.32232,2.27946],[116.3225,2.27878],[116.32235,2.27752],[116.32217,2.2768],[116.3218,2.27628],[116.32129,2.27632],[116.32093,2.27615],[116.32048,2.27591],[116.32027,2.27586],[116.31972,2.27572],[116.31927,2.2757],[116.31913,2.27528],[116.31876,2.27492],[116.31814,2.27471],[116.31793,2.27471],[116.31769,2.2747],[116.31769,2.2747],[116.31762,2.27467],[116.31753,2.27463],[116.31752,2.27459],[116.31751,2.27457],[116.31745,2.2744],[116.31742,2.27431],[116.31723,2.2739],[116.31708,2.27356],[116.31651,2.27294],[116.31632,2.2729],[116.31598,2.27284],[116.31598,2.27284],[116.3156,2.27288],[116.31528,2.27276],[116.31505,2.27266],[116.31483,2.27204],[116.31478,2.2716],[116.31428,2.27057],[116.31399,2.26995],[116.31392,2.26982],[116.31379,2.26953],[116.31375,2.26915],[116.31375,2.26909],[116.31362,2.26863],[116.31335,2.26826],[116.31314,2.26817],[116.31284,2.26805],[116.31259,2.26794],[116.31216,2.26759],[116.31208,2.2675],[116.3116,2.26697],[116.31124,2.26656],[116.31087,2.26638],[116.31059,2.26638],[116.31045,2.2664],[116.31011,2.26645],[116.30959,2.26651],[116.30931,2.26631],[116.30875,2.26601],[116.30835,2.26559],[116.30776,2.26514],[116.30681,2.26449],[116.30613,2.26343],[116.305,2.26275],[116.30444,2.26225],[116.30393,2.26143],[116.30348,2.26075],[116.30271,2.25939],[116.30227,2.25771],[116.3024,2.25667],[116.30253,2.25597],[116.30231,2.25546],[116.30114,2.25429],[116.30064,2.25364],[116.30034,2.25167],[116.30008,2.2507],[116.3002,2.24894],[116.30051,2.24773],[116.30042,2.24675],[116.29998,2.24603],[116.29881,2.2451],[116.29826,2.24436],[116.29796,2.2442],[116.29703,2.24414],[116.2961,2.24358],[116.29569,2.24286],[116.29523,2.24106],[116.29478,2.24007],[116.29332,2.23801],[116.29236,2.23757],[116.29113,2.23678],[116.28984,2.23563],[116.28969,2.23496],[116.29051,2.23417],[116.29086,2.23304],[116.29087,2.23301],[116.29102,2.23193],[116.29082,2.23065],[116.29117,2.22982],[116.29263,2.22834],[116.29385,2.22706],[116.29492,2.22521],[116.29503,2.22488],[116.29539,2.22316],[116.2959,2.22244],[116.29662,2.22187],[116.29713,2.22055],[116.298,2.21835],[116.29873,2.21679],[116.30029,2.21502],[116.30231,2.21127],[116.30301,2.2098],[116.30521,2.20769],[116.30793,2.2076],[116.3092,2.20716],[116.31113,2.20717],[116.31255,2.20657],[116.31384,2.20519],[116.31751,2.20169],[116.3194,2.19926],[116.32054,2.19759],[116.32283,2.1968],[116.32317,2.19669],[116.32445,2.19525],[116.32572,2.19354],[116.32684,2.19259],[116.32909,2.1906],[116.33085,2.18991],[116.33254,2.19],[116.33461,2.18978],[116.33548,2.18974],[116.33837,2.19013],[116.33958,2.19004],[116.34025,2.18976],[116.34126,2.18859],[116.34212,2.18699],[116.3429,2.18523],[116.34438,2.18316],[116.34582,2.18189],[116.34708,2.18146],[116.34763,2.18102],[116.34802,2.18039],[116.34892,2.17879],[116.34924,2.17812],[116.34913,2.17498],[116.34908,2.1736],[116.34841,2.17],[116.3482,2.16793],[116.34833,2.16736],[116.34849,2.16669],[116.34771,2.16337],[116.34728,2.16208],[116.34583,2.16098],[116.34365,2.15938],[116.34192,2.15606],[116.34011,2.15342],[116.33894,2.15156],[116.3371,2.15055],[116.33613,2.15047],[116.33327,2.15024],[116.332,2.15018],[116.33163,2.1493],[116.33149,2.14776],[116.33226,2.14641],[116.33205,2.14483],[116.33204,2.14473],[116.33093,2.14293],[116.33126,2.14184],[116.3319,2.14137],[116.33235,2.14075],[116.33239,2.14042],[116.332,2.1394],[116.33149,2.13893],[116.33052,2.13858],[116.32907,2.13655],[116.32919,2.13526],[116.32946,2.13468],[116.32946,2.13413],[116.32869,2.13366],[116.32826,2.13346],[116.32748,2.13311],[116.32687,2.13283],[116.32548,2.13268],[116.32419,2.13276],[116.32338,2.13283],[116.32266,2.13288],[116.32176,2.13198],[116.32173,2.13186],[116.32141,2.13077],[116.3204,2.1287],[116.31879,2.12495],[116.31819,2.12244],[116.31782,2.12093],[116.31782,2.12089],[116.31776,2.11831],[116.31641,2.11745],[116.31543,2.11507],[116.31437,2.11453],[116.31247,2.11478],[116.31097,2.11569],[116.31018,2.11617],[116.30855,2.11699],[116.30267,2.11871],[116.30153,2.11969],[116.29934,2.12001],[116.29899,2.11991],[116.29741,2.11944],[116.29611,2.11889],[116.29588,2.11878],[116.29528,2.11849],[116.29397,2.11786],[116.29263,2.11699],[116.29075,2.11494],[116.28993,2.11264],[116.2897,2.11039],[116.28969,2.1103],[116.28977,2.10731],[116.28977,2.10575],[116.28781,2.10297],[116.28634,2.10248],[116.28517,2.10266],[116.28311,2.10297],[116.28193,2.10333],[116.28032,2.10351],[116.27817,2.10354],[116.27665,2.10337],[116.27511,2.1032],[116.27335,2.10289],[116.272,2.10361],[116.27049,2.1044],[116.26992,2.10469],[116.26855,2.10495],[116.26648,2.10489],[116.26551,2.10485],[116.26143,2.10387],[116.25898,2.10395],[116.25836,2.10444],[116.25764,2.105],[116.25751,2.1051],[116.25645,2.10584],[116.254,2.10633],[116.25236,2.10633],[116.24902,2.10444],[116.24798,2.10359],[116.24786,2.10349],[116.24748,2.10335],[116.24649,2.10297],[116.24649,2.10297],[116.24449,2.10321],[116.2411,2.10201],[116.24083,2.10189],[116.23946,2.10126],[116.23722,2.10022],[116.23597,2.10009],[116.2353,2.10002],[116.23471,2.09978],[116.23377,2.09995],[116.23323,2.09978],[116.23301,2.09975],[116.23263,2.09971],[116.23186,2.0996],[116.23116,2.09929],[116.23106,2.09925],[116.23082,2.09901],[116.23053,2.09872],[116.2303,2.09858],[116.22952,2.09809],[116.22935,2.09798],[116.22887,2.09769],[116.22759,2.09687],[116.22708,2.09691],[116.22662,2.09694],[116.22538,2.0974],[116.22379,2.09779],[116.22372,2.09781],[116.22372,2.09781],[116.2237,2.09781],[116.22283,2.09794],[116.22283,2.09794],[116.22282,2.098],[116.22279,2.09814],[116.22258,2.09918],[116.22244,2.09957],[116.22239,2.09972],[116.22229,2.10002],[116.22213,2.10052],[116.22211,2.10058],[116.222,2.10092],[116.22249,2.10147],[116.22288,2.10202],[116.22321,2.10237],[116.22436,2.1036],[116.22462,2.10455],[116.22464,2.10463],[116.22474,2.10486],[116.22491,2.10526],[116.22477,2.10562],[116.22464,2.10612],[116.22455,2.1066],[116.22437,2.10709],[116.22416,2.10776],[116.22401,2.10823],[116.22383,2.10908],[116.22365,2.11047],[116.22365,2.11128],[116.22365,2.11177],[116.22366,2.11237],[116.22344,2.11502],[116.2232,2.11573],[116.2224,2.11812],[116.22206,2.11913],[116.22127,2.12146],[116.21746,2.12517],[116.21384,2.12825],[116.21282,2.12912],[116.20889,2.13031],[116.20579,2.13294],[116.20229,2.13537],[116.202,2.13678],[116.20157,2.13891],[116.20041,2.14057],[116.19908,2.14247],[116.19866,2.14314],[116.20061,2.14263],[116.20139,2.14242],[116.20177,2.14232],[116.20438,2.14164],[116.20438,2.14164],[116.20438,2.14166],[116.2044,2.14211],[116.20438,2.14262],[116.20429,2.1431],[116.20405,2.14366],[116.20371,2.14425],[116.20357,2.14447],[116.20326,2.14502],[116.20291,2.1454],[116.20238,2.14582],[116.20192,2.1461],[116.20149,2.14631],[116.20117,2.14646],[116.20093,2.1466],[116.20067,2.14676],[116.20034,2.14695],[116.19999,2.14721],[116.19959,2.14751],[116.19931,2.14772],[116.19901,2.14794],[116.19877,2.14812],[116.19844,2.14833],[116.19812,2.14865],[116.19777,2.14911],[116.19745,2.14964],[116.19726,2.14988],[116.19692,2.15034],[116.19646,2.1508],[116.19597,2.15127],[116.19552,2.15175],[116.19504,2.15215],[116.19475,2.15234],[116.19438,2.15258],[116.19408,2.15282],[116.19332,2.15338],[116.1927,2.15379],[116.19215,2.15423],[116.19207,2.15429],[116.19132,2.15479],[116.19086,2.15512],[116.1902,2.15547],[116.18959,2.15582],[116.18923,2.15618],[116.18879,2.1567],[116.18846,2.15717],[116.18816,2.15763],[116.18786,2.15825],[116.18768,2.15917],[116.18768,2.15992],[116.18786,2.16065],[116.18802,2.16136],[116.18815,2.1622],[116.18825,2.16323],[116.18836,2.1643],[116.18846,2.16579],[116.18851,2.16689],[116.18858,2.16771],[116.18854,2.16815],[116.18854,2.16877],[116.18853,2.16971],[116.18853,2.17062],[116.18851,2.17122],[116.18855,2.17121],[116.18851,2.17129],[116.18853,2.17229],[116.18851,2.1732],[116.18851,2.17382],[116.1885,2.17476],[116.18853,2.17592],[116.18856,2.17728],[116.1887,2.17906],[116.18887,2.1807],[116.18895,2.18234],[116.18901,2.18372],[116.18946,2.18584],[116.18979,2.18633],[116.18987,2.18668],[116.19003,2.18711],[116.19039,2.18772],[116.19112,2.18849],[116.19187,2.18917],[116.19285,2.19009],[116.19353,2.19081],[116.19405,2.19162],[116.19473,2.19276],[116.19536,2.1938],[116.19569,2.19426],[116.19624,2.19483],[116.19686,2.19528],[116.19782,2.19591],[116.19847,2.19637],[116.19912,2.19688],[116.19997,2.19741],[116.20088,2.19843],[116.2012,2.19877],[116.20162,2.19929],[116.20195,2.19981],[116.20227,2.20046],[116.20254,2.20112],[116.20308,2.20232],[116.20374,2.20344],[116.20399,2.20387],[116.20428,2.20454],[116.20434,2.20521],[116.20432,2.20574],[116.2044,2.20649],[116.20453,2.20714],[116.2048,2.20775],[116.20518,2.20858],[116.2055,2.20918],[116.20577,2.20962],[116.20601,2.21009],[116.20636,2.21085],[116.20677,2.21178],[116.20714,2.21266],[116.20725,2.21324],[116.20736,2.21405],[116.20744,2.21461],[116.2076,2.21504],[116.20795,2.21563],[116.20841,2.21624],[116.2087,2.21701],[116.20876,2.21766],[116.20876,2.21814],[116.20876,2.2187],[116.20876,2.21912],[116.20872,2.21961],[116.20876,2.21997],[116.20884,2.22062],[116.20906,2.22133],[116.2093,2.22193],[116.2096,2.22252],[116.20981,2.22304],[116.20997,2.22339],[116.21018,2.2239],[116.21026,2.22452],[116.2103,2.22553],[116.21028,2.22647],[116.21022,2.2275],[116.21011,2.22826],[116.21004,2.22905],[116.20996,2.22938],[116.20983,2.22994],[116.20975,2.23023],[116.20967,2.23044],[116.2096,2.23077],[116.20949,2.23113],[116.20943,2.23156],[116.20943,2.23183],[116.20939,2.23269],[116.20949,2.23351],[116.20973,2.23469],[116.20987,2.23512],[116.21019,2.23571],[116.21071,2.23631],[116.21117,2.2368],[116.21181,2.23733],[116.21238,2.23798],[116.21275,2.23838],[116.21317,2.23901],[116.21385,2.24035],[116.2141,2.24123],[116.2143,2.24235],[116.21449,2.24313],[116.2146,2.24336],[116.21473,2.24392],[116.21485,2.24504],[116.21493,2.24617],[116.2151,2.24778],[116.21525,2.2487],[116.21538,2.24982],[116.2154,2.25026],[116.21522,2.25085],[116.21505,2.25121],[116.21474,2.25162],[116.21447,2.25189],[116.21414,2.25231],[116.21378,2.25293],[116.21354,2.25365],[116.21326,2.25439],[116.21305,2.25488],[116.21268,2.25557],[116.21236,2.25627],[116.21206,2.25679],[116.21155,2.25723],[116.21108,2.25759],[116.21063,2.25795],[116.21022,2.25854],[116.20996,2.25926],[116.20985,2.25989],[116.2096,2.26099],[116.20952,2.26182],[116.20943,2.26307],[116.20922,2.264],[116.2088,2.26544],[116.20851,2.26639],[116.20828,2.26767],[116.20817,2.26857],[116.20799,2.2693],[116.2078,2.26983],[116.20759,2.27015],[116.20714,2.27054],[116.2065,2.27085],[116.20594,2.27113],[116.20532,2.27148],[116.20477,2.27199],[116.20444,2.27257],[116.20423,2.2733],[116.20398,2.27455],[116.20389,2.27578],[116.20352,2.27664],[116.20314,2.27722],[116.2027,2.27802],[116.20238,2.27901],[116.20212,2.27995],[116.20193,2.28078],[116.20177,2.28169],[116.2017,2.28253],[116.20163,2.28427],[116.20154,2.28532],[116.20131,2.28614],[116.20095,2.28695],[116.20015,2.2882],[116.19943,2.28927],[116.19903,2.28988],[116.19891,2.29057],[116.19903,2.2913],[116.19936,2.29223],[116.19949,2.29273],[116.19955,2.29308],[116.19975,2.29439],[116.19989,2.29488],[116.20024,2.2956],[116.20057,2.29613],[116.20111,2.29691],[116.20148,2.29757],[116.20202,2.29855],[116.20247,2.29939],[116.20273,2.29989],[116.20298,2.30062],[116.20313,2.30125],[116.20338,2.30213],[116.20365,2.30294],[116.20381,2.30353],[116.20395,2.30424],[116.20424,2.30507],[116.20454,2.3058],[116.20514,2.30697],[116.20585,2.30835],[116.20638,2.30934],[116.20679,2.30996],[116.20741,2.31074],[116.20828,2.31196],[116.209,2.31287],[116.2097,2.3137],[116.2104,2.31429],[116.21138,2.31485],[116.21207,2.31511],[116.21239,2.31522],[116.21322,2.31557],[116.21417,2.31602],[116.21479,2.31636],[116.21569,2.31671],[116.21673,2.31723],[116.21744,2.31768],[116.2182,2.31819],[116.21952,2.31914],[116.22095,2.32029],[116.2223,2.32147],[116.22351,2.32288],[116.22431,2.32361],[116.22643,2.32528],[116.22704,2.32596],[116.22787,2.32719],[116.2283,2.32795],[116.22864,2.32852],[116.22876,2.32897],[116.22886,2.32974],[116.22897,2.33041],[116.22916,2.331],[116.22942,2.33164],[116.22963,2.33236],[116.22967,2.3329],[116.22974,2.33361],[116.22989,2.33453],[116.23019,2.33565],[116.2305,2.33664],[116.23079,2.33776],[116.23121,2.33939],[116.23151,2.34072],[116.23207,2.34208],[116.23248,2.34331],[116.23303,2.34596],[116.23338,2.34726],[116.23363,2.34798],[116.23392,2.34868],[116.23434,2.34945],[116.23482,2.35018],[116.23522,2.35086],[116.23573,2.35186],[116.23597,2.35233],[116.23633,2.35317],[116.23652,2.35394],[116.23688,2.35492],[116.23758,2.35581],[116.23867,2.35711],[116.23961,2.35835],[116.24103,2.35992],[116.24152,2.36043],[116.242,2.36104],[116.2424,2.3616],[116.24297,2.36264],[116.24361,2.36353],[116.2442,2.36424],[116.24479,2.36502],[116.24514,2.36558],[116.24552,2.36627],[116.24587,2.36715],[116.24614,2.3679],[116.24641,2.3687],[116.24665,2.36935],[116.24689,2.37006],[116.24713,2.37087],[116.24745,2.37188],[116.24792,2.37278],[116.24845,2.37375],[116.24899,2.37466],[116.24968,2.37557],[116.25033,2.37626],[116.25129,2.377],[116.25251,2.3776],[116.25351,2.37824],[116.2541,2.37891],[116.25467,2.38002],[116.25518,2.38141],[116.25541,2.38211],[116.25573,2.38291],[116.25629,2.38373],[116.25682,2.38421],[116.25772,2.38469],[116.25864,2.38509],[116.26022,2.38564],[116.26188,2.38598],[116.26267,2.38624],[116.26563,2.38753],[116.26753,2.38861],[116.26828,2.38928],[116.26886,2.39048],[116.27005,2.39198],[116.27165,2.39328],[116.27268,2.3943],[116.27383,2.39592],[116.27599,2.3992],[116.27651,2.4004],[116.27674,2.40152],[116.27712,2.40237],[116.27747,2.40299],[116.27795,2.40399],[116.27855,2.40474],[116.279,2.40559],[116.27965,2.40697],[116.28027,2.40866],[116.28082,2.41051],[116.28212,2.41389],[116.28262,2.41489],[116.28359,2.41628],[116.28489,2.41768],[116.28688,2.41938],[116.2882,2.42058],[116.28975,2.42203],[116.29048,2.42253],[116.29135,2.4229],[116.2925,2.42345],[116.29317,2.42388],[116.29382,2.42445],[116.29469,2.42545],[116.29596,2.42718],[116.29793,2.42922],[116.29996,2.43095],[116.30097,2.43205],[116.30184,2.43335],[116.30284,2.43482],[116.30379,2.43627],[116.30452,2.43732],[116.30559,2.43864],[116.3066,2.43994],[116.3074,2.44134],[116.30818,2.44269],[116.30875,2.44374],[116.30955,2.44474],[116.3104,2.44534],[116.31177,2.44591],[116.31678,2.44791],[116.31885,2.44898],[116.32155,2.45026],[116.32256,2.45043],[116.32524,2.45033],[116.32751,2.44993],[116.32908,2.44956],[116.33023,2.44961],[116.33143,2.44978],[116.33221,2.45001],[116.33308,2.45041],[116.33429,2.45131],[116.33547,2.45208],[116.33654,2.45243],[116.33806,2.45323],[116.33876,2.4536],[116.33966,2.4541],[116.34034,2.4548],[116.34034,2.45495],[116.34124,2.45558],[116.34226,2.45638],[116.34381,2.45728],[116.34537,2.45818],[116.34659,2.4591],[116.34754,2.46002],[116.34847,2.46092],[116.34992,2.46232],[116.35117,2.46362],[116.35243,2.46537],[116.35298,2.46622],[116.35408,2.46744],[116.35575,2.46877],[116.35737,2.46992],[116.35862,2.47072],[116.36028,2.47182],[116.36146,2.47259],[116.36271,2.47334],[116.36418,2.47366],[116.36598,2.47359],[116.36694,2.47344],[116.36794,2.47304],[116.36864,2.47269],[116.37064,2.47189],[116.37249,2.47134],[116.37454,2.47069],[116.37593,2.47027],[116.37718,2.46989],[116.37954,2.46947],[116.38267,2.46937],[116.38579,2.46914],[116.38916,2.46912],[116.3915,2.46959],[116.39287,2.47014],[116.3939,2.47059],[116.3946,2.4708],[116.39499,2.47093],[116.39534,2.471],[116.39588,2.4711],[116.39617,2.47117],[116.39654,2.47124],[116.39694,2.47135],[116.39725,2.4715],[116.39741,2.47166],[116.39758,2.47195],[116.39764,2.47237],[116.39764,2.47294],[116.39758,2.47352],[116.39758,2.47379],[116.39748,2.47486],[116.3973,2.47565],[116.39709,2.47618],[116.39683,2.47692],[116.39665,2.47742],[116.39655,2.47784],[116.39639,2.47857],[116.39632,2.47912],[116.39621,2.47978],[116.39609,2.48075],[116.39593,2.48132],[116.39568,2.48191],[116.39539,2.48236],[116.39504,2.48278],[116.39441,2.48332],[116.39409,2.48362],[116.39379,2.4841],[116.39358,2.48464],[116.3934,2.48516],[116.39337,2.48559],[116.39334,2.48578],[116.39325,2.48579],[116.39292,2.48603],[116.39268,2.48634],[116.39244,2.48654],[116.3921,2.48687],[116.392,2.48681],[116.3918,2.4869],[116.39156,2.48708],[116.3911,2.48746],[116.39078,2.48777],[116.39032,2.48827],[116.39,2.48873],[116.38977,2.48905],[116.38941,2.48959],[116.38921,2.49005],[116.38903,2.49052],[116.3889,2.49108],[116.38884,2.49162],[116.3888,2.49216],[116.38868,2.49366],[116.38863,2.49453],[116.38856,2.49521],[116.38852,2.49631],[116.38852,2.49696],[116.3885,2.4975],[116.38854,2.49818],[116.3887,2.49934],[116.3889,2.5],[116.38912,2.50057],[116.38947,2.50126],[116.38978,2.50178],[116.39015,2.50242],[116.39034,2.50282],[116.39052,2.50336],[116.39067,2.50446],[116.3907,2.50549],[116.39068,2.50615],[116.39079,2.5069],[116.39103,2.50783],[116.39124,2.50854],[116.39141,2.50916],[116.39147,2.50966],[116.39156,2.51044],[116.39162,2.51102],[116.39186,2.5118],[116.39212,2.51262],[116.39238,2.51348],[116.39258,2.51397],[116.39274,2.5144],[116.3931,2.51507],[116.39345,2.51567],[116.3936,2.51597],[116.39387,2.51649],[116.39408,2.51687],[116.39435,2.51745],[116.39471,2.51795],[116.3951,2.51841],[116.3956,2.51888],[116.39611,2.51942],[116.39692,2.52042],[116.39721,2.52073],[116.39754,2.52127],[116.39787,2.52201],[116.39816,2.52253],[116.39831,2.52285],[116.39856,2.52339],[116.39881,2.52379],[116.39917,2.52442],[116.39946,2.52486],[116.39988,2.52538],[116.40062,2.52628],[116.40153,2.52721],[116.40232,2.52793],[116.40346,2.5288],[116.40419,2.5293],[116.40505,2.52977],[116.4057,2.5301],[116.40663,2.5304],[116.40735,2.53057],[116.40819,2.53081],[116.40878,2.53101],[116.4092,2.53117],[116.40964,2.53138],[116.41019,2.53167],[116.41105,2.53228],[116.41187,2.53289],[116.41264,2.5335],[116.41322,2.53393],[116.41361,2.53418],[116.41523,2.53517],[116.41578,2.53549],[116.41634,2.53587],[116.41685,2.53628],[116.41732,2.53666],[116.41813,2.53723],[116.4188,2.53766],[116.41943,2.53803],[116.42002,2.53827],[116.42074,2.53854],[116.42158,2.5387],[116.42239,2.53873],[116.42322,2.53871],[116.42435,2.53866],[116.42527,2.53867],[116.42572,2.53877],[116.42618,2.53889],[116.42654,2.53902],[116.4269,2.5392],[116.42718,2.53936],[116.42746,2.53959],[116.42779,2.54],[116.42823,2.54063],[116.42858,2.54104],[116.4291,2.54156],[116.42952,2.54192],[116.43031,2.54255],[116.43096,2.54299],[116.43156,2.54346],[116.4322,2.54401],[116.43299,2.5448],[116.43371,2.54562],[116.43413,2.54616],[116.43462,2.54674],[116.4349,2.54711],[116.4352,2.54745],[116.43553,2.54788],[116.43602,2.54848],[116.43643,2.54896],[116.43692,2.54959],[116.43746,2.55026],[116.43779,2.55078],[116.43793,2.55097],[116.43805,2.55115],[116.4382,2.55135],[116.43838,2.55162],[116.43852,2.55175],[116.43876,2.552],[116.43896,2.55218],[116.4392,2.55234],[116.43949,2.5525],[116.43978,2.55262],[116.44031,2.55286],[116.44067,2.55308],[116.44099,2.5534],[116.44132,2.5538],[116.44165,2.55423],[116.44202,2.55465],[116.44235,2.55501],[116.44278,2.55545],[116.44313,2.55583],[116.44361,2.55634],[116.44407,2.55681],[116.4447,2.55739],[116.44515,2.55775],[116.44573,2.55816],[116.44634,2.55879],[116.44687,2.55936],[116.44735,2.5599],[116.44913,2.56186],[116.44992,2.56275],[116.45082,2.56372],[116.45118,2.56414],[116.45166,2.56468],[116.45207,2.56516],[116.45235,2.56548],[116.45275,2.56604],[116.45295,2.56631],[116.45317,2.56667],[116.45337,2.56691],[116.4536,2.56729],[116.45391,2.56771],[116.45426,2.56811],[116.45679,2.57069],[116.45962,2.57516],[116.46185,2.57933],[116.46379,2.58096],[116.46706,2.58245],[116.46885,2.5826],[116.47108,2.58558],[116.47495,2.58781],[116.47689,2.59034],[116.47942,2.59332],[116.48076,2.5957],[116.48076,2.59838],[116.4821,2.59943],[116.48419,2.60538],[116.48478,2.60821],[116.48627,2.60985],[116.48642,2.61327],[116.4891,2.61804],[116.48955,2.61938],[116.48981,2.62166],[116.49042,2.62361],[116.49085,2.62636],[116.49127,2.62776],[116.49298,2.62996],[116.49457,2.6313],[116.49633,2.63319],[116.49853,2.63599],[116.49999,2.63807],[116.50243,2.64185],[116.50472,2.64569],[116.50728,2.64929],[116.51021,2.65264],[116.51369,2.65581],[116.51619,2.65789],[116.51771,2.66069],[116.51908,2.66264],[116.52085,2.6646],[116.52268,2.66582],[116.52427,2.66789],[116.5261,2.67015],[116.52793,2.67112],[116.53037,2.67271],[116.53238,2.67466],[116.53415,2.67685],[116.53485,2.67795],[116.53601,2.67929],[116.5379,2.6807],[116.54046,2.68259],[116.54204,2.68381],[116.54333,2.68466],[116.54406,2.68545],[116.5443,2.68637],[116.54442,2.68777],[116.54467,2.68893],[116.5454,2.69021],[116.54662,2.69155],[116.54814,2.69296],[116.55052,2.69576],[116.55116,2.69674],[116.55189,2.69887],[116.55281,2.7007],[116.55452,2.70271],[116.55537,2.70406],[116.55629,2.70582],[116.55714,2.70771],[116.55805,2.70912],[116.55918,2.71046],[116.56187,2.71272],[116.5626,2.71406],[116.56345,2.7165],[116.56467,2.71869],[116.56729,2.72101],[116.569,2.72333],[116.56912,2.72357],[116.56937,2.72339],[116.57144,2.72601],[116.57348,2.72943],[116.57531,2.73144],[116.57727,2.73412],[116.5794,2.73607],[116.58214,2.73839],[116.58483,2.74046],[116.58641,2.7412],[116.5883,2.74168],[116.58992,2.74242],[116.59199,2.74479],[116.59334,2.74687],[116.59474,2.74894],[116.59681,2.75083],[116.59754,2.75156],[116.59876,2.75394],[116.5998,2.7562],[116.60047,2.75754],[116.60166,2.76059],[116.60331,2.76346],[116.60544,2.76608],[116.60739,2.76809],[116.60965,2.76998],[116.6112,2.77193],[116.61334,2.77541],[116.61413,2.77815],[116.61517,2.78059],[116.61614,2.78377],[116.61819,2.78645],[116.62044,2.78816],[116.62215,2.78871],[116.62423,2.78877],[116.62563,2.7881],[116.62666,2.78749],[116.62746,2.78742],[116.62862,2.78767],[116.6299,2.7884],[116.63087,2.78907],[116.63508,2.7931],[116.63953,2.79645],[116.64231,2.79871],[116.64463,2.80029],[116.64664,2.80188],[116.64792,2.80267],[116.64975,2.80304],[116.65146,2.80267],[116.65304,2.80212],[116.6542,2.80151],[116.65518,2.80133],[116.65615,2.80133],[116.65676,2.80157],[116.65743,2.802],[116.65829,2.80273],[116.65908,2.80389],[116.66048,2.80554],[116.66085,2.80581],[116.66129,2.80437],[116.6622,2.80474],[116.6648,2.80554],[116.6648,2.80554],[116.66489,2.80556],[116.66543,2.80607],[116.66643,2.8061],[116.66647,2.8075],[116.66884,2.80761],[116.67128,2.80822],[116.67256,2.8092],[116.67286,2.81023],[116.67244,2.81151],[116.67189,2.81267],[116.67131,2.81353],[116.67119,2.81615],[116.67198,2.81786],[116.67314,2.81871],[116.67369,2.81877],[116.67533,2.81883],[116.6771,2.81859],[116.67838,2.81835],[116.68006,2.81782],[116.68033,2.81774],[116.68146,2.81791],[116.68192,2.81798],[116.68308,2.81853],[116.68381,2.82024],[116.68399,2.82053],[116.68407,2.82067],[116.68472,2.82176],[116.68536,2.82263],[116.68538,2.82265],[116.68588,2.82335],[116.68723,2.82469],[116.68823,2.82532],[116.68942,2.82547],[116.69017,2.82547],[116.69136,2.82532],[116.6921,2.82369],[116.69225,2.82175],[116.69225,2.82011],[116.69196,2.81877],[116.69181,2.81788],[116.69181,2.81684],[116.69181,2.81609],[116.69181,2.81565],[116.6924,2.8152],[116.69315,2.8146],[116.69493,2.8146],[116.69761,2.8146],[116.69955,2.81386],[116.70119,2.81341],[116.70327,2.81163],[116.70506,2.80999],[116.70819,2.80731],[116.70997,2.80597],[116.71021,2.80536],[116.71102,2.80438],[116.71164,2.80304],[116.71209,2.80179],[116.71245,2.80036],[116.71298,2.79884],[116.71361,2.79777],[116.71405,2.79643],[116.71379,2.79473],[116.71343,2.79295],[116.71352,2.79054],[116.71289,2.78848],[116.71209,2.78661],[116.71075,2.78491],[116.70923,2.78339],[116.70905,2.78205],[116.70932,2.78089],[116.71004,2.77946],[116.71129,2.77768],[116.71155,2.77589],[116.71129,2.77401],[116.71129,2.77241],[116.71164,2.77134],[116.71263,2.77044],[116.71432,2.76955],[116.71535,2.76848],[116.71606,2.76669],[116.71593,2.76651],[116.71374,2.76348],[116.70946,2.76196],[116.70838,2.75964],[116.70376,2.7559],[116.70246,2.75219],[116.6994,2.74871],[116.69809,2.745],[116.69431,2.7406],[116.69112,2.7365],[116.68807,2.72974],[116.68752,2.7245],[116.68387,2.72094],[116.67771,2.71818],[116.67139,2.7136],[116.66157,2.71011],[116.65655,2.70558],[116.65039,2.70002],[116.63975,2.68138],[116.62444,2.65743],[116.61285,2.64252],[116.61047,2.63947],[116.60182,2.62616],[116.59776,2.62138],[116.59051,2.61285],[116.57653,2.59089],[116.55319,2.57049],[116.54227,2.56095],[116.52097,2.53433]]]]},"properties":{"kdprov":"65","kdkab":"02","kdkec":"010","kddesa":"002","kdsls":"2001","idsls":"65020100022001","nmprov":"KALIMANTAN UTARA","nmkab":"BULUNGAN","nmkec":"PESO","nmdesa":"LONG PELEBAN","nmsls":"HUTAN"}},{"type":"Feature","geometry":{"type":"MultiPolygon","coordinates":[[[[116.68041,2.82058],[116.68136,2.82016],[116.68214,2.82147],[116.6822,2.82159],[116.68407,2.82067],[116.68399,2.82053],[116.68381,2.82024],[116.68308,2.81853],[116.68192,2.81798],[116.68146,2.81791],[116.68033,2.81774],[116.68006,2.81782],[116.67982,2.81861],[116.67986,2.81962],[116.68041,2.82058]]]]},"properties":{"kdprov":"65","kdkab":"02","kdkec":"010","kddesa":"001","kdsls":"0001","idsls":"65020100010001","nmprov":"KALIMANTAN UTARA","nmkab":"BULUNGAN","nmkec":"PESO","nmdesa":"LONG LEJUH","nmsls":"RT 001"}},{"type":"Feature","geometry":{"type":"MultiPolygon","coordinates":[[[[116.6822,2.82159],[116.68242,2.8223],[116.68345,2.8237],[116.68346,2.8237],[116.68383,2.82364],[116.68397,2.8237],[116.68431,2.82371],[116.68445,2.82359],[116.6848,2.82364],[116.68538,2.82265],[116.68536,2.82263],[116.68472,2.82176],[116.68407,2.82067],[116.6822,2.82159]]]]},"properties":{"kdprov":"65","kdkab":"02","kdkec":"010","kddesa":"001","kdsls":"0002","idsls":"65020100010002","nmprov":"KALIMANTAN UTARA","nmkab":"BULUNGAN","nmkec":"PESO","nmdesa":"LONG LEJUH","nmsls":"RT 002"}},{"type":"Feature","geometry":{"type":"MultiPolygon","coordinates":[[[[116.66485,2.80749],[116.66501,2.80749],[116.66628,2.80749],[116.66647,2.8075],[116.66643,2.8061],[116.66543,2.80607],[116.66489,2.80556],[116.6648,2.80554],[116.66485,2.80749]]]]},"properties":{"kdprov":"65","kdkab":"02","kdkec":"010","kddesa":"002","kdsls":"0001","idsls":"65020100020001","nmprov":"KALIMANTAN UTARA","nmkab":"BULUNGAN","nmkec":"PESO","nmdesa":"LONG PELEBAN","nmsls":"RT 001"}},{"type":"Feature","geometry":{"type":"MultiPolygon","coordinates":[[[[116.66085,2.80581],[116.6617,2.80645],[116.66265,2.8068],[116.66304,2.80694],[116.66426,2.80749],[116.66485,2.80749],[116.6648,2.80554],[116.6648,2.80554],[116.6622,2.80474],[116.66129,2.80437],[116.66085,2.80581]]]]},"properties":{"kdprov":"65","kdkab":"02","kdkec":"010","kddesa":"002","kdsls":"0002","idsls":"65020100020002","nmprov":"KALIMANTAN UTARA","nmkab":"BULUNGAN","nmkec":"PESO","nmdesa":"LONG PELEBAN","nmsls":"RT 002"}},{"type":"Feature","geometry":{"type":"MultiPolygon","coordinates":[[[[116.7438,2.63397],[116.74367,2.63385],[116.74295,2.63409],[116.74331,2.63456],[116.74331,2.63456],[116.74332,2.63456],[116.74404,2.63562],[116.74404,2.63562],[116.74404,2.63562],[116.74404,2.63562],[116.74404,2.63562],[116.74404,2.63562],[116.74436,2.636],[116.74464,2.63617],[116.74484,2.63588],[116.74508,2.63594],[116.74508,2.63594],[116.74509,2.63594],[116.74512,2.63588],[116.74512,2.63588],[116.74538,2.63525],[116.74502,2.63496],[116.7438,2.63397]]]]},"properties":{"kdprov":"65","kdkab":"02","kdkec":"010","kddesa":"005","kdsls":"0001","idsls":"65020100050001","nmprov":"KALIMANTAN UTARA","nmkab":"BULUNGAN","nmkec":"PESO","nmdesa":"LONG LIAN","nmsls":"RT 001"}},{"type":"Feature","geometry":{"type":"MultiPolygon","coordinates":[[[[116.74655,2.63433],[116.74565,2.63295],[116.74546,2.63296],[116.74546,2.63296],[116.74546,2.63296],[116.74546,2.63296],[116.74455,2.63304],[116.7438,2.63397],[116.74502,2.63496],[116.74538,2.63525],[116.74512,2.63588],[116.74512,2.63588],[116.74509,2.63594],[116.74509,2.63594],[116.74595,2.63627],[116.74634,2.63642],[116.74634,2.63642],[116.74642,2.63628],[116.74656,2.63614],[116.7467,2.636],[116.74684,2.63584],[116.74687,2.63571],[116.7469,2.63559],[116.74695,2.63545],[116.747,2.63532],[116.74705,2.63521],[116.74709,2.63516],[116.74705,2.6351],[116.74655,2.63433]]]]},"properties":{"kdprov":"65","kdkab":"02","kdkec":"010","kddesa":"005","kdsls":"0002","idsls":"65020100050002","nmprov":"KALIMANTAN UTARA","nmkab":"BULUNGAN","nmkec":"PESO","nmdesa":"LONG LIAN","nmsls":"RT 002"}},{"type":"Feature","geometry":{"type":"MultiPolygon","coordinates":[[[[116.68402,2.50131],[116.68375,2.50119],[116.68213,2.50092],[116.68071,2.50127],[116.68073,2.50154],[116.6808,2.50162],[116.68082,2.50181],[116.68104,2.50217],[116.68107,2.50225],[116.6811,2.50226],[116.681,2.50244],[116.68096,2.50256],[116.68095,2.50258],[116.68149,2.50241],[116.68188,2.50229],[116.68221,2.50223],[116.68269,2.50215],[116.68312,2.50206],[116.68342,2.50201],[116.68363,2.50199],[116.68373,2.50197],[116.68379,2.50189],[116.68396,2.50168],[116.68387,2.50141],[116.68402,2.50131]]]]},"properties":{"kdprov":"65","kdkab":"02","kdkec":"010","kddesa":"003","kdsls":"0001","idsls":"65020100030001","nmprov":"KALIMANTAN UTARA","nmkab":"BULUNGAN","nmkec":"PESO","nmdesa":"LONG YIIN/PELAAH","nmsls":"RT 001"}},{"type":"Feature","geometry":{"type":"MultiPolygon","coordinates":[[[[116.79954,2.70167],[116.79823,2.70328],[116.7987,2.70385],[116.79873,2.70365],[116.79912,2.7041],[116.79926,2.70441],[116.79932,2.70488],[116.79932,2.7049],[116.79934,2.70494],[116.79965,2.70543],[116.80005,2.70647],[116.80068,2.70712],[116.80106,2.70739],[116.80152,2.70822],[116.80172,2.70883],[116.8022,2.70972],[116.8021,2.71046],[116.80205,2.71049],[116.80191,2.7106],[116.80222,2.71111],[116.80265,2.7118],[116.80301,2.71266],[116.80327,2.71298],[116.8036,2.71339],[116.80417,2.71389],[116.80484,2.71416],[116.80693,2.71495],[116.80777,2.71523],[116.80962,2.71588],[116.81016,2.71591],[116.81034,2.71599],[116.8114,2.71645],[116.81268,2.71678],[116.81469,2.71732],[116.81533,2.71757],[116.81599,2.71805],[116.81599,2.71805],[116.81599,2.71805],[116.81703,2.71471],[116.81967,2.70971],[116.81467,2.67001],[116.80857,2.66737],[116.8086,2.66909],[116.80472,2.69555],[116.79954,2.70167]]],[[[116.79531,2.70684],[116.79521,2.70757],[116.79437,2.7139],[116.7939,2.72284],[116.7939,2.7299],[116.79731,2.77156],[116.793,2.79597],[116.79156,2.82612],[116.78438,2.8771],[116.78008,2.92089],[116.77541,2.9873],[116.77828,3.01243],[116.7834,3.03929],[116.78455,3.03913],[116.80966,3.05091],[116.8223,3.0527],[116.81965,3.03854],[116.81323,3.0007],[116.81184,2.97684],[116.80953,2.95594],[116.80279,2.93472],[116.80139,2.91498],[116.80402,2.89276],[116.80525,2.88931],[116.81661,2.85805],[116.82944,2.84703],[116.83246,2.84447],[116.83467,2.8426],[116.84285,2.83567],[116.84474,2.83427],[116.84437,2.82881],[116.83908,2.81734],[116.83496,2.80116],[116.81394,2.75191],[116.81158,2.73221],[116.8131,2.72735],[116.81503,2.72112],[116.81486,2.72054],[116.81525,2.72041],[116.81592,2.72019],[116.81542,2.71987],[116.81542,2.71987],[116.81475,2.7194],[116.81459,2.71905],[116.81442,2.71897],[116.81387,2.71885],[116.81348,2.71882],[116.81291,2.71895],[116.81248,2.719],[116.81248,2.719],[116.81082,2.71921],[116.80983,2.71919],[116.80958,2.71882],[116.80947,2.71871],[116.80913,2.71837],[116.80882,2.71789],[116.80873,2.71776],[116.80862,2.71769],[116.8085,2.71748],[116.80682,2.71657],[116.80629,2.71616],[116.80562,2.71591],[116.80337,2.71508],[116.80268,2.71464],[116.80234,2.71414],[116.80162,2.71304],[116.80152,2.71299],[116.80114,2.71281],[116.80135,2.71255],[116.8014,2.71249],[116.8012,2.71208],[116.80115,2.71205],[116.80035,2.71003],[116.79904,2.70751],[116.79894,2.70732],[116.79887,2.70715],[116.79835,2.70601],[116.79775,2.70511],[116.79728,2.70444],[116.79728,2.70444],[116.79728,2.70443],[116.79531,2.70684]]]]},"properties":{"kdprov":"65","kdkab":"02","kdkec":"010","kddesa":"010","kdsls":"2001","idsls":"65020100102001","nmprov":"KALIMANTAN UTARA","nmkab":"BULUNGAN","nmkec":"PESO","nmdesa":"LONG LASAN","nmsls":"HUTAN"}},{"type":"Feature","geometry":{"type":"MultiPolygon","coordinates":[[[[116.68346,2.8237],[116.68345,2.8237],[116.68242,2.8223],[116.6822,2.82159],[116.68214,2.82147],[116.68136,2.82016],[116.68041,2.82058],[116.6812,2.82195],[116.68121,2.82195],[116.6824,2.82377],[116.68304,2.82409],[116.68311,2.82394],[116.68329,2.82376],[116.68346,2.8237]]]]},"properties":{"kdprov":"65","kdkab":"02","kdkec":"010","kddesa":"001","kdsls":"0003","idsls":"65020100010003","nmprov":"KALIMANTAN UTARA","nmkab":"BULUNGAN","nmkec":"PESO","nmdesa":"LONG LEJUH","nmsls":"RT 003"}},{"type":"Feature","geometry":{"type":"MultiPolygon","coordinates":[[[[116.68095,2.50258],[116.6808,2.50285],[116.68068,2.50292],[116.68037,2.50341],[116.68033,2.5037],[116.68028,2.50425],[116.6807,2.50432],[116.6807,2.50432],[116.6807,2.50432],[116.68226,2.50363],[116.68277,2.50325],[116.68318,2.50295],[116.68365,2.50256],[116.68401,2.50185],[116.68396,2.50168],[116.68379,2.50189],[116.68373,2.50197],[116.68363,2.50199],[116.68342,2.50201],[116.68312,2.50206],[116.68269,2.50215],[116.68221,2.50223],[116.68188,2.50229],[116.68149,2.50241],[116.68095,2.50258]]]]},"properties":{"kdprov":"65","kdkab":"02","kdkec":"010","kddesa":"003","kdsls":"0002","idsls":"65020100030002","nmprov":"KALIMANTAN UTARA","nmkab":"BULUNGAN","nmkec":"PESO","nmdesa":"LONG YIIN/PELAAH","nmsls":"RT 002"}},{"type":"Feature","geometry":{"type":"MultiPolygon","coordinates":[[[[116.76229,2.66677],[116.76107,2.66577],[116.76031,2.66505],[116.75959,2.66443],[116.75847,2.66355],[116.75776,2.66274],[116.75681,2.66125],[116.7567,2.66071],[116.75682,2.66003],[116.75731,2.65965],[116.7579,2.6594],[116.7585,2.65924],[116.7589,2.65879],[116.75939,2.65846],[116.75965,2.65821],[116.75993,2.65785],[116.75998,2.65769],[116.76012,2.65711],[116.76013,2.65673],[116.75983,2.65629],[116.75946,2.65607],[116.75888,2.65595],[116.75869,2.65596],[116.75803,2.6561],[116.75727,2.65655],[116.75659,2.65694],[116.7563,2.65714],[116.75586,2.65739],[116.755,2.65803],[116.7543,2.65838],[116.75382,2.65834],[116.75364,2.65812],[116.75335,2.65778],[116.75347,2.65673],[116.7537,2.65578],[116.75401,2.6553],[116.75481,2.65379],[116.75543,2.65257],[116.75568,2.65181],[116.75659,2.6497],[116.75681,2.64883],[116.75684,2.64701],[116.75668,2.64665],[116.75647,2.64623],[116.7564,2.64614],[116.75584,2.64541],[116.75583,2.64539],[116.75564,2.6452],[116.75564,2.6452],[116.7554,2.64495],[116.75539,2.64494],[116.75576,2.6448],[116.75803,2.64392],[116.7653,2.6328],[116.76898,2.61809],[116.77266,2.59742],[116.77725,2.57169],[116.78162,2.53378],[116.78349,2.51881],[116.78382,2.51618],[116.78437,2.51172],[116.78436,2.51086],[116.78431,2.50819],[116.78427,2.50525],[116.78425,2.50412],[116.78293,2.50343],[116.78232,2.50245],[116.78205,2.50202],[116.78181,2.50167],[116.781,2.50052],[116.77986,2.49931],[116.779,2.49891],[116.77665,2.49805],[116.77587,2.49827],[116.77396,2.49789],[116.77304,2.49727],[116.77252,2.49673],[116.7704,2.49433],[116.76937,2.49358],[116.7677,2.49187],[116.76598,2.49032],[116.76489,2.48894],[116.76409,2.48763],[116.76323,2.48671],[116.76237,2.48619],[116.76128,2.48579],[116.75807,2.4847],[116.75732,2.48442],[116.75721,2.48435],[116.75501,2.48991],[116.75049,2.50134],[116.74999,2.50261],[116.74844,2.50654],[116.74439,2.51678],[116.73975,2.52721],[116.7328,2.52953],[116.73185,2.52941],[116.72971,2.52914],[116.72992,2.53309],[116.72992,2.53998],[116.72579,2.55055],[116.73176,2.56158],[116.7313,2.57352],[116.73084,2.58133],[116.72901,2.58915],[116.72487,2.59006],[116.72354,2.59228],[116.72263,2.59379],[116.72263,2.59379],[116.72136,2.59591],[116.72136,2.59592],[116.72131,2.59599],[116.72073,2.59696],[116.72039,2.59759],[116.71752,2.60293],[116.71338,2.60661],[116.70787,2.61166],[116.69776,2.61304],[116.68949,2.61763],[116.68306,2.62407],[116.67249,2.63096],[116.66376,2.63188],[116.65503,2.63647],[116.64722,2.63831],[116.63895,2.63969],[116.63114,2.63969],[116.62332,2.63969],[116.62103,2.64061],[116.61643,2.64199],[116.61285,2.64252],[116.62444,2.65743],[116.63975,2.68138],[116.65039,2.70002],[116.65655,2.70558],[116.66192,2.7054],[116.66973,2.70126],[116.67203,2.70126],[116.67295,2.70402],[116.67938,2.70402],[116.70603,2.69896],[116.76154,2.66944],[116.76156,2.66944],[116.76162,2.6694],[116.76162,2.66939],[116.76309,2.66864],[116.76306,2.66811],[116.7628,2.66746],[116.76282,2.66745],[116.76229,2.66677]],[[116.74404,2.63562],[116.74404,2.63562],[116.74404,2.63562],[116.74404,2.63562],[116.74332,2.63456],[116.74331,2.63456],[116.74331,2.63456],[116.74295,2.63409],[116.74367,2.63385],[116.7438,2.63397],[116.74455,2.63304],[116.74546,2.63296],[116.74546,2.63296],[116.74546,2.63296],[116.74546,2.63296],[116.74565,2.63295],[116.74655,2.63433],[116.74857,2.63431],[116.74812,2.63534],[116.74795,2.63568],[116.74777,2.63594],[116.74745,2.63621],[116.74687,2.63659],[116.74641,2.6368],[116.74596,2.63687],[116.74555,2.63693],[116.74493,2.63681],[116.74461,2.63663],[116.74449,2.63637],[116.74455,2.6363],[116.74464,2.63617],[116.74436,2.636],[116.74404,2.63562],[116.74404,2.63562],[116.74404,2.63562]]]]},"properties":{"kdprov":"65","kdkab":"02","kdkec":"010","kddesa":"005","kdsls":"2001","idsls":"65020100052001","nmprov":"KALIMANTAN UTARA","nmkab":"BULUNGAN","nmkec":"PESO","nmdesa":"LONG LIAN","nmsls":"HUTAN"}},{"type":"Feature","geometry":{"type":"MultiPolygon","coordinates":[[[[116.7423,2.44345],[116.7304,2.4542],[116.72796,2.45677],[116.68925,2.49757],[116.68524,2.50044],[116.68403,2.50131],[116.68402,2.50131],[116.68387,2.50141],[116.68396,2.50168],[116.68401,2.50185],[116.68365,2.50256],[116.68318,2.50295],[116.68277,2.50325],[116.68226,2.50363],[116.6807,2.50432],[116.6807,2.50432],[116.68069,2.50433],[116.68069,2.50489],[116.68125,2.50532],[116.68184,2.50556],[116.6831,2.5056],[116.6835,2.50572],[116.68374,2.50592],[116.68396,2.50594],[116.68446,2.50584],[116.68521,2.50605],[116.68556,2.50624],[116.68612,2.50698],[116.68633,2.50783],[116.68637,2.50937],[116.68606,2.50985],[116.68529,2.51012],[116.68502,2.51087],[116.68529,2.51139],[116.68569,2.51184],[116.68681,2.51205],[116.68766,2.51222],[116.6881,2.51278],[116.6882,2.51346],[116.68762,2.51467],[116.68727,2.51529],[116.68772,2.51668],[116.68849,2.51815],[116.69082,2.52374],[116.69099,2.52416],[116.69151,2.52449],[116.69211,2.52451],[116.69251,2.52442],[116.69291,2.52449],[116.69342,2.52479],[116.69364,2.52518],[116.69373,2.52579],[116.69361,2.52622],[116.6934,2.52661],[116.69298,2.52701],[116.69245,2.52712],[116.69154,2.5275],[116.69149,2.52804],[116.69167,2.52851],[116.69183,2.52871],[116.69232,2.52923],[116.69263,2.52945],[116.69354,2.53007],[116.69437,2.5308],[116.69479,2.53148],[116.69494,2.53198],[116.69509,2.53284],[116.69493,2.53317],[116.69467,2.53451],[116.69471,2.53539],[116.69493,2.53623],[116.69496,2.5364],[116.695,2.53661],[116.69408,2.53587],[116.69408,2.53586],[116.69369,2.5355],[116.69327,2.53537],[116.69296,2.53554],[116.69267,2.53583],[116.69263,2.53587],[116.69228,2.53608],[116.69126,2.53681],[116.69134,2.53743],[116.69132,2.53809],[116.69095,2.53847],[116.6903,2.53859],[116.68871,2.53859],[116.68861,2.53861],[116.68838,2.53874],[116.68797,2.53912],[116.68726,2.53984],[116.68671,2.54046],[116.68664,2.54064],[116.68647,2.54107],[116.68663,2.54141],[116.68674,2.5415],[116.68718,2.54191],[116.68727,2.54229],[116.68704,2.54261],[116.68621,2.54266],[116.68523,2.5426],[116.68476,2.54276],[116.68451,2.54303],[116.68403,2.54315],[116.6834,2.5431],[116.68215,2.54307],[116.68175,2.5434],[116.68174,2.54384],[116.68163,2.54447],[116.68111,2.54455],[116.68046,2.54453],[116.68043,2.54453],[116.68033,2.54459],[116.67999,2.5448],[116.67966,2.5454],[116.67963,2.54555],[116.67956,2.54598],[116.67983,2.54664],[116.6804,2.54671],[116.68068,2.54684],[116.68097,2.54698],[116.68096,2.54724],[116.68049,2.54751],[116.67971,2.5476],[116.67946,2.54748],[116.67919,2.54735],[116.6788,2.54699],[116.67861,2.54665],[116.67825,2.54645],[116.67816,2.54645],[116.67782,2.54646],[116.67732,2.54664],[116.67663,2.54677],[116.67646,2.54655],[116.67612,2.54608],[116.6757,2.54612],[116.67561,2.54618],[116.67534,2.54635],[116.67481,2.54683],[116.67453,2.54729],[116.67437,2.54779],[116.67405,2.54831],[116.67369,2.54848],[116.67323,2.54841],[116.67279,2.54822],[116.67253,2.548],[116.67217,2.54771],[116.67178,2.54786],[116.6718,2.54824],[116.6718,2.54829],[116.67252,2.54918],[116.67245,2.5496],[116.67189,2.54996],[116.67164,2.55042],[116.67158,2.55108],[116.6713,2.55182],[116.67079,2.55231],[116.67069,2.55241],[116.66995,2.55273],[116.66981,2.55302],[116.66965,2.55335],[116.66982,2.55394],[116.67018,2.55429],[116.67047,2.55479],[116.67026,2.55529],[116.66977,2.55547],[116.66916,2.55527],[116.66812,2.55508],[116.66723,2.55541],[116.66659,2.55576],[116.66607,2.55572],[116.66583,2.55536],[116.66579,2.55539],[116.66491,2.55588],[116.66436,2.55613],[116.66399,2.55679],[116.6639,2.55817],[116.6636,2.55911],[116.66311,2.5597],[116.66227,2.56034],[116.66207,2.56079],[116.66182,2.56153],[116.66138,2.56178],[116.66054,2.56178],[116.65975,2.56187],[116.65847,2.56182],[116.65753,2.56182],[116.65738,2.5618],[116.65398,2.56123],[116.65225,2.55996],[116.65037,2.56184],[116.6466,2.56325],[116.64307,2.56514],[116.63625,2.56537],[116.63013,2.56537],[116.6219,2.56349],[116.61837,2.56349],[116.61272,2.56349],[116.60873,2.56608],[116.60378,2.56631],[116.6019,2.56467],[116.5972,2.56349],[116.59179,2.56325],[116.58685,2.5642],[116.57932,2.56537],[116.57414,2.56749],[116.56685,2.56702],[116.56097,2.56867],[116.55578,2.56985],[116.55319,2.57049],[116.57653,2.59089],[116.59051,2.61285],[116.59776,2.62138],[116.60182,2.62616],[116.61047,2.63947],[116.61285,2.64252],[116.61643,2.64199],[116.62103,2.64061],[116.62332,2.63969],[116.63114,2.63969],[116.63895,2.63969],[116.64722,2.63831],[116.65503,2.63647],[116.66376,2.63188],[116.67249,2.63096],[116.68306,2.62407],[116.68949,2.61763],[116.69776,2.61304],[116.70787,2.61166],[116.71338,2.60661],[116.71752,2.60293],[116.72039,2.59759],[116.72073,2.59696],[116.72131,2.59599],[116.72136,2.59592],[116.72136,2.59591],[116.72263,2.59379],[116.72263,2.59379],[116.72354,2.59228],[116.72487,2.59006],[116.72901,2.58915],[116.73084,2.58133],[116.7313,2.57352],[116.73176,2.56158],[116.72579,2.55055],[116.72992,2.53998],[116.72992,2.53309],[116.72971,2.52914],[116.73185,2.52941],[116.7328,2.52953],[116.73975,2.52721],[116.74439,2.51678],[116.74844,2.50654],[116.74999,2.50261],[116.75049,2.50134],[116.75501,2.48991],[116.75721,2.48435],[116.75652,2.4839],[116.75749,2.48167],[116.75813,2.48018],[116.75675,2.4772],[116.75465,2.47598],[116.75392,2.47556],[116.75296,2.47409],[116.75291,2.47319],[116.7532,2.47187],[116.7532,2.47096],[116.75239,2.46958],[116.75232,2.46941],[116.75176,2.46815],[116.75194,2.46643],[116.75205,2.46517],[116.75274,2.46339],[116.754,2.46185],[116.75388,2.46053],[116.75337,2.46042],[116.75217,2.45939],[116.75096,2.45795],[116.75096,2.45618],[116.75211,2.45503],[116.7532,2.45343],[116.75327,2.45135],[116.75279,2.44887],[116.75117,2.44733],[116.75096,2.44521],[116.7518,2.4431],[116.75276,2.44113],[116.7523,2.43832],[116.75189,2.43751],[116.75094,2.43565],[116.74519,2.44084],[116.7423,2.44345]],[[116.70577,2.56124],[116.70538,2.56131],[116.70492,2.56125],[116.70479,2.55964],[116.70479,2.55964],[116.70479,2.55964],[116.70479,2.55964],[116.70697,2.55952],[116.70702,2.55977],[116.70702,2.55979],[116.7077,2.55954],[116.70858,2.55973],[116.70868,2.56],[116.70947,2.56137],[116.71072,2.56356],[116.71089,2.56412],[116.71106,2.56485],[116.71092,2.56573],[116.70773,2.56589],[116.70722,2.56258],[116.70628,2.56109],[116.70628,2.5611],[116.70577,2.56124]]]]},"properties":{"kdprov":"65","kdkab":"02","kdkec":"010","kddesa":"004","kdsls":"2001","idsls":"65020100042001","nmprov":"KALIMANTAN UTARA","nmkab":"BULUNGAN","nmkec":"PESO","nmdesa":"LONG BUANG","nmsls":"HUTAN"}},{"type":"Feature","geometry":{"type":"MultiPolygon","coordinates":[[[[116.70702,2.55979],[116.70702,2.55979],[116.70695,2.5599],[116.70718,2.56002],[116.70731,2.56008],[116.70689,2.56052],[116.70631,2.56104],[116.70628,2.56109],[116.70722,2.56258],[116.70722,2.56258],[116.7085,2.56191],[116.70859,2.56194],[116.70947,2.56137],[116.70868,2.56],[116.70858,2.55973],[116.7077,2.55954],[116.70702,2.55979]]]]},"properties":{"kdprov":"65","kdkab":"02","kdkec":"010","kddesa":"004","kdsls":"0001","idsls":"65020100040001","nmprov":"KALIMANTAN UTARA","nmkab":"BULUNGAN","nmkec":"PESO","nmdesa":"LONG BUANG","nmsls":"RT 001"}},{"type":"Feature","geometry":{"type":"MultiPolygon","coordinates":[[[[116.81289,2.57021],[116.81232,2.59892],[116.80887,2.62477],[116.79911,2.6443],[116.7831,2.68244],[116.78376,2.68651],[116.78376,2.68651],[116.78376,2.68651],[116.78376,2.68651],[116.78437,2.68624],[116.7848,2.68616],[116.78558,2.68603],[116.78607,2.68603],[116.78611,2.68605],[116.78659,2.68611],[116.7869,2.68653],[116.78691,2.68657],[116.78696,2.6866],[116.7872,2.68692],[116.78825,2.68785],[116.78873,2.68815],[116.78946,2.68861],[116.79035,2.68902],[116.79046,2.68912],[116.79083,2.68946],[116.79134,2.68966],[116.7925,2.68987],[116.79281,2.68997],[116.79332,2.69059],[116.79393,2.69133],[116.79434,2.69172],[116.79473,2.69236],[116.79475,2.69245],[116.79503,2.69297],[116.79545,2.69398],[116.79516,2.69497],[116.79509,2.69575],[116.79486,2.69749],[116.79475,2.70081],[116.79517,2.70123],[116.79586,2.70132],[116.79653,2.7013],[116.79682,2.70182],[116.79701,2.70208],[116.79745,2.70235],[116.79823,2.70328],[116.79954,2.70167],[116.80472,2.69555],[116.8086,2.66909],[116.80857,2.66737],[116.80836,2.6545],[116.80837,2.65432],[116.81314,2.63286],[116.82526,2.58155],[116.84942,2.56267],[116.8702,2.55127],[116.86941,2.54748],[116.86736,2.53771],[116.86721,2.53668],[116.86662,2.53277],[116.86623,2.52794],[116.86578,2.52238],[116.86547,2.51862],[116.86547,2.51848],[116.86485,2.51066],[116.86374,2.51098],[116.86085,2.51148],[116.85969,2.51115],[116.85739,2.50969],[116.85625,2.50971],[116.85552,2.51017],[116.8548,2.5113],[116.85293,2.5138],[116.85198,2.51484],[116.85116,2.51557],[116.84806,2.51689],[116.84706,2.51816],[116.84603,2.51877],[116.84472,2.51954],[116.84236,2.51942],[116.84026,2.5195],[116.83808,2.51875],[116.83777,2.51865],[116.83728,2.51848],[116.83653,2.51782],[116.83619,2.51698],[116.83533,2.51534],[116.83351,2.51371],[116.8332,2.51343],[116.83183,2.51222],[116.83143,2.5119],[116.8306,2.51121],[116.82911,2.5109],[116.82841,2.51076],[116.82643,2.51001],[116.82295,2.50857],[116.8202,2.50642],[116.81869,2.50501],[116.81749,2.50403],[116.81603,2.50294],[116.81465,2.50168],[116.81367,2.50072],[116.81146,2.49962],[116.81012,2.49909],[116.80874,2.49852],[116.80928,2.50395],[116.80952,2.50628],[116.81146,2.52569],[116.81289,2.57021]]],[[[116.78454,2.69123],[116.7847,2.69227],[116.78474,2.69256],[116.78371,2.6974],[116.78333,2.69914],[116.78004,2.70832],[116.77486,2.7142],[116.76933,2.7369],[116.76886,2.74678],[116.76769,2.75619],[116.76348,2.80827],[116.76348,2.82298],[116.76054,2.86826],[116.75466,2.88385],[116.74025,2.90591],[116.72896,2.9098],[116.72375,2.91201],[116.71662,2.91355],[116.71152,2.91461],[116.7066,2.9151],[116.70381,2.91539],[116.70193,2.91487],[116.7011,2.91546],[116.70047,2.9159],[116.69988,2.916],[116.6993,2.91619],[116.69905,2.91663],[116.69905,2.91746],[116.69964,2.91853],[116.69998,2.91912],[116.70037,2.91946],[116.70066,2.92029],[116.70071,2.92097],[116.70037,2.92136],[116.69998,2.92136],[116.69935,2.92136],[116.69896,2.9219],[116.69896,2.92244],[116.6992,2.92297],[116.69959,2.92356],[116.69979,2.92414],[116.69964,2.92449],[116.6993,2.92468],[116.69876,2.92488],[116.69827,2.92492],[116.69769,2.92488],[116.6971,2.92507],[116.69676,2.9257],[116.69681,2.92624],[116.69671,2.92702],[116.69642,2.92766],[116.69603,2.92819],[116.69593,2.92849],[116.69583,2.92892],[116.69627,2.92922],[116.69691,2.92922],[116.6973,2.92907],[116.69779,2.92892],[116.69842,2.92902],[116.69852,2.92956],[116.69842,2.92985],[116.69813,2.93024],[116.69744,2.93058],[116.69735,2.93097],[116.69735,2.93117],[116.69764,2.93156],[116.69852,2.93205],[116.69886,2.93307],[116.69886,2.93473],[116.69842,2.93595],[116.69791,2.9378],[116.69722,2.93854],[116.69644,2.93902],[116.69586,2.93956],[116.69557,2.94073],[116.69513,2.94156],[116.69503,2.942],[116.69532,2.94268],[116.6961,2.94317],[116.69679,2.94351],[116.69776,2.94371],[116.69835,2.944],[116.69844,2.94439],[116.6983,2.94493],[116.69771,2.94507],[116.69688,2.94551],[116.69635,2.94586],[116.69591,2.9462],[116.69566,2.94649],[116.69566,2.94712],[116.69561,2.94795],[116.69532,2.94873],[116.69532,2.95005],[116.69546,2.95173],[116.69503,2.95263],[116.69456,2.95302],[116.6939,2.95321],[116.69347,2.95329],[116.69296,2.95352],[116.69253,2.95395],[116.69234,2.95493],[116.69218,2.95536],[116.69167,2.95598],[116.69171,2.95755],[116.69222,2.95864],[116.69198,2.9595],[116.69093,2.96004],[116.69019,2.96039],[116.68937,2.96094],[116.6889,2.96192],[116.68865,2.96313],[116.68834,2.96399],[116.68798,2.96426],[116.68701,2.96422],[116.68654,2.96434],[116.68627,2.96457],[116.68623,2.96488],[116.68666,2.96547],[116.68693,2.9659],[116.68689,2.96641],[116.68658,2.96668],[116.68623,2.96672],[116.68552,2.96687],[116.68502,2.96703],[116.68463,2.96726],[116.6842,2.96765],[116.68377,2.96793],[116.68283,2.96816],[116.68221,2.96859],[116.68178,2.96898],[116.68178,2.96937],[116.68209,2.97007],[116.6824,2.97058],[116.68201,2.97089],[116.68147,2.97097],[116.68084,2.97097],[116.67998,2.97136],[116.6792,2.97164],[116.67873,2.97175],[116.67811,2.9721],[116.67756,2.97246],[116.67694,2.97273],[116.67631,2.97288],[116.6751,2.97331],[116.67368,2.97456],[116.67305,2.97554],[116.67192,2.97636],[116.6713,2.97702],[116.67079,2.9778],[116.67056,2.97843],[116.66985,2.9794],[116.66978,2.97995],[116.66981,2.98128],[116.66987,2.98268],[116.66956,2.98381],[116.66952,2.98456],[116.66901,2.98569],[116.66835,2.98682],[116.66761,2.98764],[116.66702,2.98819],[116.6664,2.98873],[116.66609,2.98916],[116.66579,2.99076],[116.66501,2.99161],[116.66344,2.99283],[116.66334,2.99291],[116.66319,2.99301],[116.6632,2.99329],[116.66291,2.99434],[116.66254,2.99533],[116.66266,2.99613],[116.66293,2.99731],[116.66268,2.99784],[116.66204,2.99899],[116.66166,3.00021],[116.6615,3.00081],[116.66116,3.00205],[116.66145,3.00325],[116.66166,3.00442],[116.66225,3.00541],[116.66225,3.00541],[116.66263,3.00605],[116.66335,3.0075],[116.66435,3.00803],[116.66571,3.00828],[116.66849,3.0088],[116.66855,3.00882],[116.66911,3.00903],[116.67043,3.00968],[116.67098,3.00988],[116.6715,3.0101],[116.6721,3.0106],[116.67244,3.01095],[116.67283,3.01161],[116.67306,3.012],[116.67407,3.01358],[116.67407,3.01396],[116.67408,3.01495],[116.67412,3.01527],[116.67466,3.01585],[116.67554,3.01664],[116.67641,3.01709],[116.67707,3.01739],[116.67776,3.01794],[116.67997,3.01956],[116.68012,3.01966],[116.68118,3.02018],[116.68175,3.02019],[116.68256,3.02037],[116.68346,3.0207],[116.68657,3.02241],[116.68873,3.02273],[116.69082,3.02367],[116.69261,3.02521],[116.69321,3.02614],[116.6943,3.0278],[116.69517,3.02856],[116.69954,3.0282],[116.70331,3.02816],[116.70463,3.02811],[116.707,3.02658],[116.70892,3.02685],[116.70974,3.02703],[116.71245,3.02619],[116.71245,3.02619],[116.71259,3.02615],[116.71396,3.02551],[116.71702,3.02531],[116.71973,3.02658],[116.72138,3.02732],[116.72152,3.02788],[116.72195,3.02959],[116.72239,3.03079],[116.72258,3.03152],[116.72308,3.03152],[116.72463,3.0308],[116.72656,3.03056],[116.7284,3.03074],[116.72978,3.03111],[116.73143,3.03147],[116.73158,3.03192],[116.73183,3.033],[116.73243,3.03427],[116.73247,3.03625],[116.73402,3.03766],[116.73676,3.03846],[116.74107,3.0388],[116.74282,3.04003],[116.74443,3.04117],[116.74518,3.04169],[116.74574,3.04324],[116.74574,3.04377],[116.74657,3.04368],[116.7473,3.0436],[116.77278,3.0407],[116.7834,3.03929],[116.77828,3.01243],[116.77541,2.9873],[116.78008,2.92089],[116.78438,2.8771],[116.79156,2.82612],[116.793,2.79597],[116.79731,2.77156],[116.7939,2.7299],[116.7939,2.72284],[116.79437,2.7139],[116.79521,2.70757],[116.78972,2.70592],[116.78823,2.70254],[116.78821,2.70255],[116.78777,2.69879],[116.78776,2.6988],[116.78727,2.69783],[116.78696,2.6964],[116.78696,2.6956],[116.78718,2.69471],[116.78745,2.69409],[116.7879,2.69371],[116.78679,2.69221],[116.78679,2.69222],[116.78545,2.69117],[116.78545,2.69117],[116.78454,2.69123]]]]},"properties":{"kdprov":"65","kdkab":"02","kdkec":"010","kddesa":"008","kdsls":"2001","idsls":"65020100082001","nmprov":"KALIMANTAN UTARA","nmkab":"BULUNGAN","nmkec":"PESO","nmdesa":"LONG BIA","nmsls":"HUTAN"}},{"type":"Feature","geometry":{"type":"MultiPolygon","coordinates":[[[[116.78422,2.69125],[116.7836,2.68962],[116.78342,2.68905],[116.78323,2.6891],[116.78312,2.68913],[116.78308,2.68914],[116.78219,2.68939],[116.78218,2.68939],[116.7819,2.68954],[116.7821,2.69019],[116.7821,2.69019],[116.7821,2.69019],[116.78257,2.69167],[116.78258,2.6917],[116.78259,2.69177],[116.78353,2.69177],[116.78422,2.69125]]]]},"properties":{"kdprov":"65","kdkab":"02","kdkec":"010","kddesa":"006","kdsls":"0001","idsls":"65020100060001","nmprov":"KALIMANTAN UTARA","nmkab":"BULUNGAN","nmkec":"PESO","nmdesa":"MUARA PENGEAN","nmsls":"RT 001"}},{"type":"Feature","geometry":{"type":"MultiPolygon","coordinates":[[[[116.78711,2.69103],[116.7875,2.68952],[116.78631,2.68922],[116.78554,2.68913],[116.78545,2.69117],[116.78679,2.69222],[116.78679,2.69221],[116.7877,2.69129],[116.78711,2.69103]]]]},"properties":{"kdprov":"65","kdkab":"02","kdkec":"010","kddesa":"007","kdsls":"0002","idsls":"65020100070002","nmprov":"KALIMANTAN UTARA","nmkab":"BULUNGAN","nmkec":"PESO","nmdesa":"LONG PESO","nmsls":"RT 002"}},{"type":"Feature","geometry":{"type":"MultiPolygon","coordinates":[[[[116.7831,2.68244],[116.79911,2.6443],[116.80887,2.62477],[116.81232,2.59892],[116.81289,2.57021],[116.81146,2.52569],[116.80952,2.50628],[116.80928,2.50395],[116.80874,2.49852],[116.80675,2.4977],[116.80644,2.49757],[116.80644,2.49757],[116.80505,2.50333],[116.8037,2.50444],[116.80319,2.50452],[116.80233,2.50496],[116.80166,2.50582],[116.8007,2.50701],[116.80025,2.5078],[116.79869,2.50844],[116.7976,2.50881],[116.795,2.50948],[116.79155,2.50893],[116.79046,2.50833],[116.78991,2.50774],[116.78913,2.50661],[116.78568,2.50456],[116.7845,2.50426],[116.78425,2.50412],[116.78427,2.50525],[116.78431,2.50819],[116.78436,2.51086],[116.78437,2.51172],[116.78382,2.51618],[116.78349,2.51881],[116.78162,2.53378],[116.77725,2.57169],[116.77266,2.59742],[116.76898,2.61809],[116.7653,2.6328],[116.75803,2.64392],[116.75576,2.6448],[116.75539,2.64494],[116.7554,2.64495],[116.75564,2.6452],[116.75564,2.6452],[116.75583,2.64539],[116.75584,2.64541],[116.7564,2.64614],[116.75647,2.64623],[116.75668,2.64665],[116.75684,2.64701],[116.75681,2.64883],[116.75659,2.6497],[116.75568,2.65181],[116.75543,2.65257],[116.75481,2.65379],[116.75401,2.6553],[116.7537,2.65578],[116.75347,2.65673],[116.75335,2.65778],[116.75364,2.65812],[116.75382,2.65834],[116.7543,2.65838],[116.755,2.65803],[116.75586,2.65739],[116.7563,2.65714],[116.75659,2.65694],[116.75727,2.65655],[116.75803,2.6561],[116.75869,2.65596],[116.75888,2.65595],[116.75946,2.65607],[116.75983,2.65629],[116.76013,2.65673],[116.76012,2.65711],[116.75998,2.65769],[116.75993,2.65785],[116.75965,2.65821],[116.75939,2.65846],[116.7589,2.65879],[116.7585,2.65924],[116.7579,2.6594],[116.75731,2.65965],[116.75682,2.66003],[116.7567,2.66071],[116.75681,2.66125],[116.75776,2.66274],[116.75847,2.66355],[116.75959,2.66443],[116.76031,2.66505],[116.76107,2.66577],[116.76229,2.66677],[116.76282,2.66745],[116.7628,2.66746],[116.76306,2.66811],[116.76309,2.66864],[116.7631,2.66863],[116.76315,2.66979],[116.7627,2.67081],[116.7625,2.67225],[116.76197,2.67259],[116.76135,2.67276],[116.76092,2.67321],[116.76087,2.67381],[116.76101,2.67462],[116.76137,2.67519],[116.7616,2.67567],[116.76248,2.6766],[116.7631,2.67697],[116.76369,2.67705],[116.7642,2.6772],[116.76445,2.67737],[116.76459,2.67785],[116.76457,2.67816],[116.7642,2.67878],[116.76397,2.67875],[116.7636,2.67904],[116.76351,2.67908],[116.76286,2.67955],[116.76249,2.68019],[116.76234,2.68047],[116.76234,2.68049],[116.76226,2.6806],[116.76219,2.68068],[116.76207,2.68094],[116.76203,2.68136],[116.76234,2.68241],[116.76302,2.68337],[116.76392,2.68458],[116.76488,2.6856],[116.7659,2.68642],[116.76703,2.68749],[116.76714,2.68786],[116.76682,2.68858],[116.76701,2.68874],[116.7686,2.69014],[116.7695,2.69095],[116.76958,2.69097],[116.76959,2.69097],[116.77042,2.69122],[116.7705,2.69124],[116.77141,2.69148],[116.7717,2.69155],[116.77175,2.69154],[116.77185,2.69151],[116.77212,2.69145],[116.77329,2.69115],[116.7733,2.69114],[116.77344,2.69107],[116.77414,2.6907],[116.77499,2.69025],[116.77658,2.68949],[116.77669,2.68945],[116.77701,2.68926],[116.77848,2.68844],[116.77901,2.68825],[116.77988,2.68794],[116.78108,2.68774],[116.78209,2.68727],[116.78376,2.68651],[116.78376,2.68651],[116.78376,2.68651],[116.7831,2.68244]]],[[[116.78004,2.70832],[116.78333,2.69914],[116.78371,2.6974],[116.78474,2.69256],[116.7847,2.69227],[116.78454,2.69123],[116.78422,2.69125],[116.78353,2.69177],[116.78259,2.69177],[116.78259,2.69177],[116.77721,2.69296],[116.77658,2.69227],[116.77658,2.69227],[116.77637,2.69205],[116.77583,2.69224],[116.77509,2.6925],[116.77493,2.69252],[116.77351,2.6927],[116.77349,2.6927],[116.77234,2.6927],[116.7717,2.6927],[116.76933,2.69253],[116.76933,2.69253],[116.76902,2.69449],[116.76902,2.69449],[116.76882,2.69577],[116.76593,2.69875],[116.76227,2.70174],[116.76034,2.7028],[116.75687,2.7028],[116.75321,2.7027],[116.75049,2.70261],[116.75041,2.70261],[116.74882,2.70458],[116.74805,2.70651],[116.74719,2.70853],[116.74632,2.71056],[116.74555,2.71248],[116.74516,2.7147],[116.74516,2.71827],[116.74497,2.72183],[116.74478,2.72347],[116.74319,2.72583],[116.74155,2.72949],[116.73991,2.73229],[116.73818,2.73412],[116.73519,2.73537],[116.73288,2.73643],[116.73114,2.7371],[116.72999,2.73778],[116.72912,2.73865],[116.72796,2.73932],[116.72671,2.7399],[116.72575,2.74125],[116.72435,2.74255],[116.7229,2.74342],[116.72223,2.74409],[116.72146,2.74534],[116.72088,2.74766],[116.7203,2.75074],[116.71963,2.75238],[116.71934,2.75488],[116.71943,2.75787],[116.71924,2.7598],[116.71866,2.76144],[116.71722,2.76327],[116.71654,2.76548],[116.71593,2.76651],[116.71606,2.76669],[116.71535,2.76848],[116.71432,2.76955],[116.71263,2.77044],[116.71164,2.77134],[116.71129,2.77241],[116.71129,2.77401],[116.71155,2.77589],[116.71129,2.77768],[116.71004,2.77946],[116.70932,2.78089],[116.70905,2.78205],[116.70923,2.78339],[116.71075,2.78491],[116.71209,2.78661],[116.71289,2.78848],[116.71352,2.79054],[116.71343,2.79295],[116.71379,2.79473],[116.71405,2.79643],[116.71361,2.79777],[116.71298,2.79884],[116.71245,2.80036],[116.71209,2.80179],[116.71164,2.80304],[116.71102,2.80438],[116.71021,2.80536],[116.70997,2.80597],[116.71414,2.80686],[116.71801,2.81043],[116.72054,2.81624],[116.72248,2.82681],[116.72665,2.84245],[116.72903,2.85674],[116.73238,2.87089],[116.73,2.88205],[116.70923,2.91198],[116.70461,2.91481],[116.70193,2.91487],[116.70381,2.91539],[116.7066,2.9151],[116.71152,2.91461],[116.71662,2.91355],[116.72375,2.91201],[116.72896,2.9098],[116.74025,2.90591],[116.75466,2.88385],[116.76054,2.86826],[116.76348,2.82298],[116.76348,2.80827],[116.76769,2.75619],[116.76886,2.74678],[116.76933,2.7369],[116.77486,2.7142],[116.78004,2.70832]]]]},"properties":{"kdprov":"65","kdkab":"02","kdkec":"010","kddesa":"007","kdsls":"2001","idsls":"65020100072001","nmprov":"KALIMANTAN UTARA","nmkab":"BULUNGAN","nmkec":"PESO","nmdesa":"LONG PESO","nmsls":"HUTAN/PT SSU"}}]}