{"type":"FeatureCollection","features":[{"type":"Feature","geometry":{"type":"MultiPolygon","coordinates":[[[[117.32602,2.83944],[117.32703,2.8407],[117.32692,2.84296],[117.32727,2.84336],[117.32664,2.84526],[117.3261,2.8454],[117.32578,2.84682],[117.32626,2.84719],[117.32657,2.84675],[117.32665,2.84649],[117.32665,2.84584],[117.32745,2.84492],[117.32774,2.84445],[117.32793,2.84389],[117.32746,2.84365],[117.3275,2.84262],[117.32823,2.84056],[117.32702,2.83908],[117.32635,2.83944],[117.32602,2.83944]]],[[[117.33352,2.85287],[117.33679,2.84989],[117.33679,2.84989],[117.32983,2.85008],[117.3295,2.85098],[117.32935,2.85211],[117.32935,2.85273],[117.32946,2.8539],[117.32906,2.85438],[117.32853,2.85456],[117.32825,2.85448],[117.32925,2.85719],[117.3296,2.8576],[117.33177,2.85475],[117.33352,2.85287]]],[[[117.32292,2.85427],[117.32226,2.85361],[117.32169,2.85306],[117.32146,2.85284],[117.32121,2.85267],[117.32101,2.85295],[117.31873,2.85282],[117.3184,2.85268],[117.31806,2.85253],[117.31754,2.85269],[117.31749,2.85275],[117.31774,2.85273],[117.31812,2.85289],[117.31869,2.85295],[117.31908,2.85291],[117.31924,2.85302],[117.31934,2.85352],[117.31933,2.85368],[117.31945,2.85393],[117.31971,2.85398],[117.32007,2.85395],[117.31998,2.85404],[117.31913,2.85436],[117.31905,2.85466],[117.31807,2.85515],[117.32085,2.85533],[117.32344,2.85535],[117.32339,2.85514],[117.32292,2.85427]]]]},"properties":{"kdprov":"65","kdkab":"02","kdkec":"040","kddesa":"006","kdsls":"2002","idsls":"65020400062002","nmprov":"KALIMANTAN UTARA","nmkab":"BULUNGAN","nmkec":"TANJUNG PALAS","nmdesa":"GUNUNG PUTIH/KR. JENAWI","nmsls":"HUTAN"}},{"type":"Feature","geometry":{"type":"MultiPolygon","coordinates":[[[[117.32702,2.83908],[117.32791,2.83845],[117.32792,2.83844],[117.32949,2.83759],[117.33181,2.83632],[117.33181,2.83632],[117.33181,2.83632],[117.33199,2.83655],[117.3323,2.8369],[117.33342,2.83619],[117.33342,2.83619],[117.33415,2.83574],[117.33451,2.83548],[117.33456,2.83545],[117.33486,2.83518],[117.33544,2.83467],[117.33502,2.83418],[117.33447,2.8334],[117.33395,2.83258],[117.33376,2.83216],[117.33338,2.83153],[117.33333,2.83153],[117.33296,2.83118],[117.33236,2.83081],[117.33137,2.83058],[117.33128,2.83072],[117.33115,2.83093],[117.33108,2.83092],[117.33108,2.83093],[117.33101,2.83089],[117.33085,2.83078],[117.32702,2.83908]]]]},"properties":{"kdprov":"65","kdkab":"02","kdkec":"040","kddesa":"006","kdsls":"0011","idsls":"65020400060011","nmprov":"KALIMANTAN UTARA","nmkab":"BULUNGAN","nmkec":"TANJUNG PALAS","nmdesa":"GUNUNG PUTIH/KR. JENAWI","nmsls":"RT 011"}},{"type":"Feature","geometry":{"type":"MultiPolygon","coordinates":[[[[117.32602,2.84752],[117.3259,2.84772],[117.32567,2.84832],[117.32557,2.84861],[117.32592,2.84869],[117.32587,2.84956],[117.32555,2.84956],[117.32533,2.8497],[117.32495,2.84979],[117.32487,2.85003],[117.32439,2.85058],[117.32405,2.85074],[117.3236,2.85102],[117.32356,2.85117],[117.32346,2.85126],[117.32305,2.85146],[117.32278,2.85172],[117.3226,2.85173],[117.32251,2.85182],[117.32251,2.85204],[117.32235,2.85218],[117.32209,2.85217],[117.32183,2.85235],[117.32161,2.8526],[117.3215,2.85265],[117.32121,2.85267],[117.32146,2.85284],[117.32169,2.85306],[117.32649,2.84981],[117.32626,2.84961],[117.32896,2.84529],[117.33094,2.84363],[117.33051,2.84387],[117.33024,2.84361],[117.32993,2.844],[117.32962,2.8441],[117.32928,2.84372],[117.3291,2.84443],[117.32855,2.8442],[117.32793,2.84389],[117.32774,2.84445],[117.32745,2.84492],[117.32665,2.84584],[117.32665,2.84649],[117.32657,2.84675],[117.32626,2.84719],[117.32602,2.84752]]]]},"properties":{"kdprov":"65","kdkab":"02","kdkec":"040","kddesa":"006","kdsls":"1005","idsls":"65020400061005","nmprov":"KALIMANTAN UTARA","nmkab":"BULUNGAN","nmkec":"TANJUNG PALAS","nmdesa":"GUNUNG PUTIH/KR. JENAWI","nmsls":"KEBUN"}},{"type":"Feature","geometry":{"type":"MultiPolygon","coordinates":[[[[117.34267,2.8773],[117.34206,2.8772],[117.34139,2.87699],[117.34076,2.87695],[117.34063,2.87684],[117.34055,2.8767],[117.34048,2.87667],[117.33954,2.87657],[117.33954,2.87702],[117.33959,2.87902],[117.3396,2.87902],[117.3396,2.87902],[117.34004,2.87908],[117.34007,2.87901],[117.34033,2.87898],[117.34079,2.87905],[117.34097,2.87892],[117.34138,2.87897],[117.34138,2.87899],[117.3419,2.87891],[117.342,2.87886],[117.34235,2.87868],[117.3426,2.87816],[117.34271,2.8773],[117.34267,2.8773]]]]},"properties":{"kdprov":"65","kdkab":"02","kdkec":"040","kddesa":"009","kdsls":"0002","idsls":"65020400090002","nmprov":"KALIMANTAN UTARA","nmkab":"BULUNGAN","nmkec":"TANJUNG PALAS","nmdesa":"TERAS NAWANG","nmsls":"RT 002"}},{"type":"Feature","geometry":{"type":"MultiPolygon","coordinates":[[[[117.35389,2.83675],[117.35411,2.83682],[117.35431,2.83688],[117.35473,2.83699],[117.35546,2.83718],[117.35583,2.83724],[117.35617,2.83734],[117.35672,2.83755],[117.35708,2.83643],[117.35729,2.83557],[117.35683,2.83542],[117.35609,2.83515],[117.35543,2.83477],[117.35494,2.83444],[117.35491,2.83438],[117.35487,2.83436],[117.3548,2.83435],[117.35468,2.83438],[117.35466,2.83492],[117.35471,2.83494],[117.35466,2.8355],[117.3546,2.83554],[117.35455,2.83567],[117.35447,2.83569],[117.35439,2.83579],[117.35426,2.83581],[117.35411,2.83635],[117.35389,2.83675]]]]},"properties":{"kdprov":"65","kdkab":"02","kdkec":"040","kddesa":"004","kdsls":"0004","idsls":"65020400040004","nmprov":"KALIMANTAN UTARA","nmkab":"BULUNGAN","nmkec":"TANJUNG PALAS","nmdesa":"TANJUNG PALAS TENGAH","nmsls":"RT 004"}},{"type":"Feature","geometry":{"type":"MultiPolygon","coordinates":[[[[117.31721,2.81236],[117.31682,2.8149],[117.31852,2.81482],[117.31889,2.8144],[117.31929,2.81437],[117.31943,2.81421],[117.3195,2.81414],[117.31968,2.81362],[117.3196,2.81362],[117.31917,2.81344],[117.31893,2.81314],[117.31875,2.81259],[117.31882,2.81224],[117.31896,2.81215],[117.31878,2.81144],[117.31879,2.81118],[117.31878,2.81116],[117.31865,2.81079],[117.31856,2.81038],[117.31856,2.80995],[117.31861,2.80979],[117.31808,2.80979],[117.31725,2.80981],[117.31721,2.81236]]]]},"properties":{"kdprov":"65","kdkab":"02","kdkec":"040","kddesa":"002","kdsls":"0001","idsls":"65020400020001","nmprov":"KALIMANTAN UTARA","nmkab":"BULUNGAN","nmkec":"TANJUNG PALAS","nmdesa":"PEJALIN","nmsls":"RT 001"}},{"type":"Feature","geometry":{"type":"MultiPolygon","coordinates":[[[[117.33063,2.83062],[117.33044,2.83028],[117.33023,2.83007],[117.33024,2.83006],[117.32977,2.82887],[117.32898,2.82769],[117.32739,2.82689],[117.32666,2.82607],[117.32633,2.82631],[117.32632,2.82619],[117.3263,2.82594],[117.32617,2.82554],[117.32578,2.82497],[117.32526,2.82478],[117.32468,2.82448],[117.32406,2.82404],[117.32357,2.82319],[117.32358,2.82319],[117.3232,2.82283],[117.32216,2.82178],[117.32185,2.82152],[117.32163,2.82137],[117.32043,2.8228],[117.31973,2.82234],[117.31861,2.82407],[117.31669,2.82641],[117.31428,2.82955],[117.31189,2.83241],[117.31156,2.83296],[117.31093,2.83545],[117.31111,2.83604],[117.3113,2.83648],[117.31115,2.83682],[117.31067,2.8377],[117.31,2.838],[117.30919,2.83837],[117.30859,2.83903],[117.30848,2.83981],[117.30856,2.8411],[117.30815,2.84221],[117.30742,2.84304],[117.30609,2.84333],[117.30446,2.84352],[117.30187,2.84352],[117.30065,2.84455],[117.29902,2.84622],[117.29769,2.84822],[117.29718,2.84933],[117.29647,2.84977],[117.29503,2.85014],[117.29384,2.85055],[117.29299,2.85127],[117.29317,2.85127],[117.29176,2.85696],[117.29173,2.86411],[117.29192,2.86399],[117.29207,2.86395],[117.2923,2.86389],[117.29231,2.86389],[117.29262,2.86414],[117.29278,2.86427],[117.29332,2.86454],[117.29358,2.86469],[117.29431,2.86511],[117.29493,2.86541],[117.29583,2.86571],[117.29583,2.86571],[117.29665,2.86567],[117.2971,2.86582],[117.29733,2.86616],[117.29759,2.86622],[117.29801,2.86608],[117.29844,2.86631],[117.29876,2.86666],[117.29898,2.86675],[117.29967,2.86685],[117.30027,2.86669],[117.30058,2.86634],[117.30169,2.86656],[117.30184,2.86631],[117.30198,2.86609],[117.30229,2.86552],[117.30235,2.8654],[117.30251,2.86488],[117.30269,2.86428],[117.30293,2.86362],[117.30298,2.86349],[117.30324,2.86295],[117.3036,2.86236],[117.304,2.86171],[117.30421,2.86136],[117.30431,2.86105],[117.30452,2.86048],[117.30462,2.86018],[117.30476,2.85983],[117.30501,2.85921],[117.30528,2.85853],[117.30553,2.8579],[117.30577,2.85729],[117.30604,2.85663],[117.3063,2.85598],[117.30651,2.85544],[117.30676,2.85502],[117.30711,2.85443],[117.30749,2.85379],[117.3078,2.85327],[117.30818,2.85263],[117.30825,2.85252],[117.30863,2.85205],[117.30881,2.85222],[117.30899,2.85242],[117.30915,2.8526],[117.30925,2.8527],[117.30944,2.8529],[117.30988,2.85304],[117.31011,2.85313],[117.31086,2.85338],[117.3116,2.85363],[117.31232,2.85389],[117.31299,2.85412],[117.31369,2.85436],[117.31373,2.85437],[117.31379,2.85438],[117.31385,2.85438],[117.31449,2.85445],[117.31521,2.85452],[117.31577,2.85458],[117.31607,2.85461],[117.31653,2.85466],[117.31682,2.85475],[117.31694,2.85479],[117.31764,2.85502],[117.31807,2.85515],[117.31905,2.85466],[117.31913,2.85436],[117.31998,2.85404],[117.32007,2.85395],[117.31971,2.85398],[117.31945,2.85393],[117.31933,2.85368],[117.31934,2.85352],[117.31924,2.85302],[117.31908,2.85291],[117.31869,2.85295],[117.31812,2.85289],[117.31774,2.85273],[117.31749,2.85275],[117.31754,2.85269],[117.31806,2.85253],[117.3184,2.85268],[117.31873,2.85282],[117.32101,2.85295],[117.32121,2.85267],[117.3215,2.85265],[117.32161,2.8526],[117.32183,2.85235],[117.32209,2.85217],[117.32235,2.85218],[117.32251,2.85204],[117.32251,2.85182],[117.3226,2.85173],[117.32278,2.85172],[117.32305,2.85146],[117.32346,2.85126],[117.32356,2.85117],[117.3236,2.85102],[117.32405,2.85074],[117.32439,2.85058],[117.32487,2.85003],[117.32495,2.84979],[117.32533,2.8497],[117.32555,2.84956],[117.32587,2.84956],[117.32592,2.84869],[117.32557,2.84861],[117.32567,2.84832],[117.3259,2.84772],[117.32602,2.84752],[117.32626,2.84719],[117.32578,2.84682],[117.3261,2.8454],[117.32664,2.84526],[117.32727,2.84336],[117.32692,2.84296],[117.32703,2.8407],[117.32602,2.83944],[117.32635,2.83944],[117.32702,2.83908],[117.33085,2.83078],[117.33063,2.83062]]]]},"properties":{"kdprov":"65","kdkab":"02","kdkec":"040","kddesa":"002","kdsls":"2004","idsls":"65020400022004","nmprov":"KALIMANTAN UTARA","nmkab":"BULUNGAN","nmkec":"TANJUNG PALAS","nmdesa":"PEJALIN","nmsls":"HUTAN"}},{"type":"Feature","geometry":{"type":"MultiPolygon","coordinates":[[[[117.33184,2.82998],[117.33225,2.8303],[117.33279,2.83051],[117.33313,2.83049],[117.33355,2.83054],[117.3339,2.83069],[117.33417,2.8307],[117.33455,2.83055],[117.33506,2.83037],[117.33562,2.8303],[117.33612,2.83037],[117.33646,2.8306],[117.33677,2.83093],[117.33701,2.83112],[117.33739,2.83106],[117.33781,2.83106],[117.338,2.83074],[117.33831,2.83035],[117.33858,2.83009],[117.33893,2.82991],[117.33929,2.82982],[117.34008,2.82972],[117.34073,2.82957],[117.34101,2.82932],[117.3411,2.82902],[117.34133,2.82884],[117.34156,2.82872],[117.34186,2.82842],[117.34198,2.82811],[117.34193,2.8262],[117.34379,2.82624],[117.34425,2.82608],[117.34425,2.82528],[117.34506,2.82529],[117.33416,2.8145],[117.3338,2.81611],[117.33367,2.81654],[117.33368,2.8166],[117.33354,2.8189],[117.33309,2.8206],[117.33243,2.82196],[117.33113,2.82341],[117.32983,2.82474],[117.32858,2.82492],[117.32777,2.82447],[117.3273,2.82541],[117.32682,2.82595],[117.32666,2.82607],[117.32739,2.82689],[117.32898,2.82769],[117.32977,2.82887],[117.33024,2.83006],[117.33023,2.83007],[117.33044,2.83028],[117.33063,2.83062],[117.33085,2.83078],[117.33137,2.82974],[117.33184,2.82998]]]]},"properties":{"kdprov":"65","kdkab":"02","kdkec":"040","kddesa":"002","kdsls":"2007","idsls":"65020400022007","nmprov":"KALIMANTAN UTARA","nmkab":"BULUNGAN","nmkec":"TANJUNG PALAS","nmdesa":"PEJALIN","nmsls":"HUTAN"}},{"type":"Feature","geometry":{"type":"MultiPolygon","coordinates":[[[[117.338,2.83074],[117.33781,2.83106],[117.33739,2.83106],[117.33701,2.83112],[117.33677,2.83093],[117.33646,2.8306],[117.33612,2.83037],[117.33562,2.8303],[117.33506,2.83037],[117.33455,2.83055],[117.33417,2.8307],[117.3339,2.83069],[117.33355,2.83054],[117.33313,2.83049],[117.33279,2.83051],[117.33225,2.8303],[117.33184,2.82998],[117.33137,2.82974],[117.33085,2.83078],[117.33101,2.83089],[117.33108,2.83093],[117.33108,2.83092],[117.33115,2.83093],[117.33128,2.83072],[117.33137,2.83058],[117.33236,2.83081],[117.33296,2.83118],[117.33333,2.83153],[117.33338,2.83153],[117.33409,2.83158],[117.33454,2.83158],[117.33468,2.83151],[117.33477,2.83126],[117.33494,2.83121],[117.33529,2.83121],[117.33562,2.83114],[117.3358,2.83123],[117.33602,2.83148],[117.33639,2.83157],[117.33691,2.83154],[117.33724,2.83157],[117.33789,2.83158],[117.3386,2.83159],[117.33915,2.83154],[117.33966,2.83139],[117.3404,2.83092],[117.34052,2.83107],[117.34055,2.83105],[117.34123,2.83039],[117.34161,2.83013],[117.34174,2.83004],[117.3417,2.82997],[117.34166,2.82991],[117.34153,2.82966],[117.3421,2.829],[117.34278,2.82866],[117.34295,2.82858],[117.34301,2.82855],[117.34271,2.82784],[117.34193,2.8262],[117.34198,2.82811],[117.34186,2.82842],[117.34156,2.82872],[117.34133,2.82884],[117.3411,2.82902],[117.34101,2.82932],[117.34073,2.82957],[117.34008,2.82972],[117.33929,2.82982],[117.33893,2.82991],[117.33858,2.83009],[117.33831,2.83035],[117.338,2.83074]]]]},"properties":{"kdprov":"65","kdkab":"02","kdkec":"040","kddesa":"006","kdsls":"2001","idsls":"65020400062001","nmprov":"KALIMANTAN UTARA","nmkab":"BULUNGAN","nmkec":"TANJUNG PALAS","nmdesa":"GUNUNG PUTIH/KR. JENAWI","nmsls":"HUTAN"}},{"type":"Feature","geometry":{"type":"MultiPolygon","coordinates":[[[[117.32777,2.82447],[117.32628,2.82363],[117.32491,2.82248],[117.32482,2.82234],[117.32358,2.82319],[117.32357,2.82319],[117.32406,2.82404],[117.32468,2.82448],[117.32526,2.82478],[117.32578,2.82497],[117.32617,2.82554],[117.3263,2.82594],[117.32632,2.82619],[117.32633,2.82631],[117.32666,2.82607],[117.32682,2.82595],[117.3273,2.82541],[117.32777,2.82447]]]]},"properties":{"kdprov":"65","kdkab":"02","kdkec":"040","kddesa":"002","kdsls":"0004","idsls":"65020400020004","nmprov":"KALIMANTAN UTARA","nmkab":"BULUNGAN","nmkec":"TANJUNG PALAS","nmdesa":"PEJALIN","nmsls":"RT 004"}},{"type":"Feature","geometry":{"type":"MultiPolygon","coordinates":[[[[117.31894,2.82166],[117.3196,2.81988],[117.31906,2.81647],[117.31899,2.81625],[117.31835,2.81603],[117.31769,2.81596],[117.31715,2.81587],[117.31667,2.81568],[117.31621,2.81568],[117.31622,2.81574],[117.31645,2.81813],[117.31639,2.81965],[117.31737,2.82087],[117.31894,2.82166]]]]},"properties":{"kdprov":"65","kdkab":"02","kdkec":"040","kddesa":"002","kdsls":"1001","idsls":"65020400021001","nmprov":"KALIMANTAN UTARA","nmkab":"BULUNGAN","nmkec":"TANJUNG PALAS","nmdesa":"PEJALIN","nmsls":"KEBUN"}},{"type":"Feature","geometry":{"type":"MultiPolygon","coordinates":[[[[117.33948,2.88081],[117.33944,2.88153],[117.33931,2.88326],[117.34096,2.88322],[117.34096,2.88322],[117.34127,2.88326],[117.34148,2.88135],[117.34148,2.88134],[117.34111,2.88132],[117.34111,2.88131],[117.3411,2.88131],[117.34025,2.88128],[117.34028,2.88086],[117.33948,2.88081]]]]},"properties":{"kdprov":"65","kdkab":"02","kdkec":"040","kddesa":"009","kdsls":"0004","idsls":"65020400090004","nmprov":"KALIMANTAN UTARA","nmkab":"BULUNGAN","nmkec":"TANJUNG PALAS","nmdesa":"TERAS NAWANG","nmsls":"RT 004"}},{"type":"Feature","geometry":{"type":"MultiPolygon","coordinates":[[[[117.3391,2.87273],[117.33915,2.87306],[117.33909,2.87306],[117.33954,2.87587],[117.33954,2.87657],[117.34048,2.87667],[117.34055,2.8767],[117.34063,2.87684],[117.34076,2.87695],[117.34139,2.87699],[117.34206,2.8772],[117.34267,2.8773],[117.34292,2.87622],[117.34331,2.87426],[117.34228,2.87377],[117.34089,2.87319],[117.3391,2.87273]]]]},"properties":{"kdprov":"65","kdkab":"02","kdkec":"040","kddesa":"009","kdsls":"0001","idsls":"65020400090001","nmprov":"KALIMANTAN UTARA","nmkab":"BULUNGAN","nmkec":"TANJUNG PALAS","nmdesa":"TERAS NAWANG","nmsls":"RT 001"}},{"type":"Feature","geometry":{"type":"MultiPolygon","coordinates":[[[[117.29834,2.75468],[117.29829,2.75465],[117.29826,2.75202],[117.29821,2.75202],[117.29614,2.75283],[117.29414,2.75431],[117.29295,2.75549],[117.29169,2.75623],[117.28962,2.75623],[117.28832,2.75574],[117.28826,2.75572],[117.28549,2.75468],[117.28369,2.75378],[117.28361,2.75374],[117.28298,2.75342],[117.28039,2.75194],[117.27846,2.75002],[117.27765,2.74906],[117.27639,2.74721],[117.27617,2.74669],[117.2752,2.74603],[117.27402,2.74581],[117.27202,2.74588],[117.26987,2.74654],[117.26832,2.74706],[117.26743,2.74758],[117.26669,2.74832],[117.26666,2.74907],[117.26662,2.75009],[117.26706,2.75187],[117.26802,2.75364],[117.26973,2.75512],[117.27128,2.75667],[117.27269,2.75786],[117.27372,2.75868],[117.27435,2.75939],[117.27451,2.76028],[117.27437,2.7611],[117.27389,2.76183],[117.27339,2.76236],[117.27251,2.76312],[117.27233,2.76319],[117.2722,2.76324],[117.2742,2.76548],[117.27634,2.76748],[117.27698,2.76939],[117.27735,2.76937],[117.27821,2.76932],[117.27875,2.76929],[117.27903,2.76927],[117.2796,2.76918],[117.28027,2.76908],[117.28091,2.76897],[117.28122,2.76893],[117.28174,2.76897],[117.28225,2.76903],[117.28241,2.76904],[117.283,2.76931],[117.28322,2.76941],[117.28349,2.76952],[117.28483,2.77013],[117.28563,2.77047],[117.28677,2.77095],[117.28771,2.77135],[117.28857,2.77172],[117.28863,2.77174],[117.28937,2.77226],[117.28993,2.77263],[117.29213,2.77414],[117.29269,2.77453],[117.2941,2.77522],[117.29444,2.77538],[117.296,2.77613],[117.29631,2.77628],[117.29676,2.77666],[117.29791,2.77766],[117.29807,2.7778],[117.29826,2.77824],[117.29896,2.77978],[117.29966,2.78137],[117.3004,2.7829],[117.30076,2.78363],[117.30088,2.78447],[117.3011,2.78603],[117.30123,2.7871],[117.30126,2.78764],[117.30131,2.78875],[117.30134,2.78952],[117.30134,2.78962],[117.30137,2.78961],[117.30258,2.78979],[117.30358,2.78961],[117.30446,2.78944],[117.3055,2.78873],[117.306,2.7881],[117.3063,2.7877],[117.30702,2.7873],[117.30732,2.78712],[117.3083,2.78673],[117.30922,2.78636],[117.30969,2.78617],[117.31088,2.78607],[117.31145,2.78602],[117.31314,2.78588],[117.31366,2.78583],[117.3138,2.78581],[117.31456,2.78566],[117.3154,2.78549],[117.31555,2.78546],[117.31585,2.78545],[117.3161,2.78544],[117.31376,2.78194],[117.31375,2.78194],[117.31373,2.7819],[117.3068,2.76799],[117.30671,2.76781],[117.30672,2.7678],[117.30465,2.76365],[117.30463,2.76366],[117.30417,2.76284],[117.30264,2.76014],[117.30264,2.7601],[117.3016,2.75769],[117.30153,2.75807],[117.29917,2.75745],[117.29832,2.75629],[117.29852,2.75473],[117.29834,2.75468]]]]},"properties":{"kdprov":"65","kdkab":"02","kdkec":"040","kddesa":"001","kdsls":"1001","idsls":"65020400011001","nmprov":"KALIMANTAN UTARA","nmkab":"BULUNGAN","nmkec":"TANJUNG PALAS","nmdesa":"ANTUTAN","nmsls":"PERKEBUNAN SAWIT"}},{"type":"Feature","geometry":{"type":"MultiPolygon","coordinates":[[[[117.30058,2.75216],[117.30054,2.75216],[117.30051,2.75269],[117.30039,2.75269],[117.30039,2.75286],[117.30031,2.75286],[117.30031,2.75294],[117.30013,2.75294],[117.30011,2.75302],[117.3001,2.75302],[117.29998,2.75372],[117.29999,2.75372],[117.3003,2.75375],[117.30031,2.75375],[117.30033,2.75376],[117.30106,2.75387],[117.30106,2.75389],[117.3014,2.75396],[117.30144,2.75397],[117.30162,2.75309],[117.30185,2.75313],[117.30192,2.75225],[117.3017,2.75222],[117.30058,2.75216]]]]},"properties":{"kdprov":"65","kdkab":"02","kdkec":"040","kddesa":"001","kdsls":"0002","idsls":"65020400010002","nmprov":"KALIMANTAN UTARA","nmkab":"BULUNGAN","nmkec":"TANJUNG PALAS","nmdesa":"ANTUTAN","nmsls":"RT 002 RW 002"}},{"type":"Feature","geometry":{"type":"MultiPolygon","coordinates":[[[[117.30033,2.75385],[117.29996,2.75381],[117.29962,2.7542],[117.29957,2.75441],[117.29963,2.75443],[117.29964,2.75443],[117.29955,2.75467],[117.2995,2.75466],[117.29937,2.75463],[117.2993,2.7549],[117.29928,2.75498],[117.29914,2.7555],[117.30003,2.75581],[117.30021,2.75487],[117.30019,2.75486],[117.30033,2.75385]]]]},"properties":{"kdprov":"65","kdkab":"02","kdkec":"040","kddesa":"001","kdsls":"0007","idsls":"65020400010007","nmprov":"KALIMANTAN UTARA","nmkab":"BULUNGAN","nmkec":"TANJUNG PALAS","nmdesa":"ANTUTAN","nmsls":"RT 007 RW 002"}},{"type":"Feature","geometry":{"type":"MultiPolygon","coordinates":[[[[117.29957,2.75441],[117.29962,2.7542],[117.29996,2.75381],[117.29998,2.75379],[117.29999,2.75373],[117.29936,2.75312],[117.29935,2.75312],[117.29934,2.75235],[117.29935,2.75209],[117.29833,2.75202],[117.29826,2.75202],[117.29829,2.75465],[117.29834,2.75468],[117.29852,2.75473],[117.29928,2.75498],[117.2993,2.7549],[117.29937,2.75463],[117.2995,2.75466],[117.29955,2.75467],[117.29964,2.75443],[117.29963,2.75443],[117.29957,2.75441]]]]},"properties":{"kdprov":"65","kdkab":"02","kdkec":"040","kddesa":"001","kdsls":"0001","idsls":"65020400010001","nmprov":"KALIMANTAN UTARA","nmkab":"BULUNGAN","nmkec":"TANJUNG PALAS","nmdesa":"ANTUTAN","nmsls":"RT 001 RW 001"}},{"type":"Feature","geometry":{"type":"MultiPolygon","coordinates":[[[[117.30751,2.76248],[117.30788,2.76231],[117.30781,2.76214],[117.30873,2.7617],[117.30777,2.75913],[117.30738,2.75838],[117.30669,2.75704],[117.30667,2.75699],[117.30658,2.75683],[117.30266,2.76013],[117.30264,2.7601],[117.30264,2.76014],[117.30417,2.76284],[117.30506,2.76219],[117.30585,2.76297],[117.30711,2.76221],[117.30723,2.76238],[117.30736,2.76231],[117.30739,2.76234],[117.30751,2.76248]]]]},"properties":{"kdprov":"65","kdkab":"02","kdkec":"040","kddesa":"001","kdsls":"0010","idsls":"65020400010010","nmprov":"KALIMANTAN UTARA","nmkab":"BULUNGAN","nmkec":"TANJUNG PALAS","nmdesa":"ANTUTAN","nmsls":"RT 010 RW 003"}},{"type":"Feature","geometry":{"type":"MultiPolygon","coordinates":[[[[117.30054,2.75216],[117.29935,2.75209],[117.29934,2.75235],[117.29935,2.75312],[117.29936,2.75312],[117.29999,2.75373],[117.29999,2.75372],[117.29998,2.75372],[117.3001,2.75302],[117.30011,2.75302],[117.30013,2.75294],[117.30031,2.75294],[117.30031,2.75286],[117.30039,2.75286],[117.30039,2.75269],[117.30051,2.75269],[117.30054,2.75216]]]]},"properties":{"kdprov":"65","kdkab":"02","kdkec":"040","kddesa":"001","kdsls":"0012","idsls":"65020400010012","nmprov":"KALIMANTAN UTARA","nmkab":"BULUNGAN","nmkec":"TANJUNG PALAS","nmdesa":"ANTUTAN","nmsls":"RT 012 RW 001"}},{"type":"Feature","geometry":{"type":"MultiPolygon","coordinates":[[[[117.31781,2.77952],[117.31656,2.7769],[117.31555,2.77467],[117.31484,2.77324],[117.31419,2.77252],[117.3137,2.77216],[117.31248,2.77022],[117.31134,2.76756],[117.31085,2.76653],[117.3068,2.76799],[117.31373,2.7819],[117.3168,2.78061],[117.31665,2.78013],[117.31781,2.77952]]]]},"properties":{"kdprov":"65","kdkab":"02","kdkec":"040","kddesa":"001","kdsls":"0004","idsls":"65020400010004","nmprov":"KALIMANTAN UTARA","nmkab":"BULUNGAN","nmkec":"TANJUNG PALAS","nmdesa":"ANTUTAN","nmsls":"RT 004 RW 003"}},{"type":"Feature","geometry":{"type":"MultiPolygon","coordinates":[[[[117.31085,2.76653],[117.31077,2.76637],[117.31026,2.76532],[117.30993,2.76463],[117.30948,2.76369],[117.30873,2.7617],[117.30781,2.76214],[117.30788,2.76231],[117.30751,2.76248],[117.30739,2.76234],[117.30736,2.76231],[117.30723,2.76238],[117.30711,2.76221],[117.30585,2.76297],[117.30506,2.76219],[117.30417,2.76284],[117.30463,2.76366],[117.30465,2.76365],[117.30672,2.7678],[117.30671,2.76781],[117.3068,2.76799],[117.31085,2.76653]]]]},"properties":{"kdprov":"65","kdkab":"02","kdkec":"040","kddesa":"001","kdsls":"0003","idsls":"65020400010003","nmprov":"KALIMANTAN UTARA","nmkab":"BULUNGAN","nmkec":"TANJUNG PALAS","nmdesa":"ANTUTAN","nmsls":"RT 003 RW 003"}},{"type":"Feature","geometry":{"type":"MultiPolygon","coordinates":[[[[117.32097,2.78428],[117.32086,2.78412],[117.32063,2.78379],[117.31834,2.78064],[117.31783,2.77956],[117.31781,2.77952],[117.31665,2.78013],[117.3168,2.78061],[117.31373,2.7819],[117.31375,2.78194],[117.31376,2.78194],[117.3161,2.78544],[117.3171,2.78693],[117.31738,2.7867],[117.31892,2.78592],[117.31912,2.78533],[117.32003,2.78498],[117.32057,2.78458],[117.32097,2.78428]]]]},"properties":{"kdprov":"65","kdkab":"02","kdkec":"040","kddesa":"001","kdsls":"0013","idsls":"65020400010013","nmprov":"KALIMANTAN UTARA","nmkab":"BULUNGAN","nmkec":"TANJUNG PALAS","nmdesa":"ANTUTAN","nmsls":"RT 013 RW 003"}},{"type":"Feature","geometry":{"type":"MultiPolygon","coordinates":[[[[117.29388,2.7521],[117.29449,2.75174],[117.29515,2.75122],[117.29604,2.75078],[117.2973,2.75019],[117.29841,2.74959],[117.29997,2.749],[117.30041,2.749],[117.30145,2.749],[117.30182,2.74912],[117.30187,2.74796],[117.30187,2.74456],[117.29407,2.74463],[117.29406,2.74463],[117.29388,2.7521]]]]},"properties":{"kdprov":"65","kdkab":"02","kdkec":"040","kddesa":"001","kdsls":"0005","idsls":"65020400010005","nmprov":"KALIMANTAN UTARA","nmkab":"BULUNGAN","nmkec":"TANJUNG PALAS","nmdesa":"ANTUTAN","nmsls":"RT 005 RW 001"}},{"type":"Feature","geometry":{"type":"MultiPolygon","coordinates":[[[[117.32264,2.81831],[117.32261,2.81784],[117.3218,2.81678],[117.32162,2.81567],[117.32147,2.81505],[117.32121,2.8149],[117.32099,2.81436],[117.32091,2.81383],[117.32073,2.81366],[117.32032,2.81362],[117.32024,2.81362],[117.31999,2.81362],[117.31968,2.81362],[117.3195,2.81414],[117.31943,2.81421],[117.32003,2.81466],[117.32062,2.81554],[117.32124,2.81755],[117.32144,2.81824],[117.32165,2.81878],[117.32217,2.81855],[117.32221,2.81854],[117.32264,2.81831]]]]},"properties":{"kdprov":"65","kdkab":"02","kdkec":"040","kddesa":"002","kdsls":"0002","idsls":"65020400020002","nmprov":"KALIMANTAN UTARA","nmkab":"BULUNGAN","nmkec":"TANJUNG PALAS","nmdesa":"PEJALIN","nmsls":"RT 002"}},{"type":"Feature","geometry":{"type":"MultiPolygon","coordinates":[[[[117.32163,2.82137],[117.32156,2.82132],[117.32105,2.82103],[117.32094,2.82092],[117.32185,2.81922],[117.32176,2.81906],[117.32177,2.81905],[117.32174,2.81903],[117.32165,2.81878],[117.32144,2.81824],[117.32124,2.81755],[117.32062,2.81554],[117.32003,2.81466],[117.31943,2.81421],[117.31929,2.81437],[117.31889,2.8144],[117.31852,2.81482],[117.31851,2.81483],[117.31862,2.81518],[117.31899,2.81625],[117.31906,2.81647],[117.3196,2.81988],[117.31894,2.82166],[117.3189,2.82178],[117.31973,2.82234],[117.32043,2.8228],[117.32163,2.82137]]]]},"properties":{"kdprov":"65","kdkab":"02","kdkec":"040","kddesa":"002","kdsls":"0007","idsls":"65020400020007","nmprov":"KALIMANTAN UTARA","nmkab":"BULUNGAN","nmkec":"TANJUNG PALAS","nmdesa":"PEJALIN","nmsls":"RT 007"}},{"type":"Feature","geometry":{"type":"MultiPolygon","coordinates":[[[[117.32482,2.82234],[117.32339,2.82012],[117.32265,2.81853],[117.32264,2.81831],[117.32221,2.81854],[117.32217,2.81855],[117.32165,2.81878],[117.32174,2.81903],[117.32177,2.81905],[117.32176,2.81906],[117.32185,2.81922],[117.32094,2.82092],[117.32105,2.82103],[117.32156,2.82132],[117.32163,2.82137],[117.32185,2.82152],[117.32216,2.82178],[117.3232,2.82283],[117.32358,2.82319],[117.32482,2.82234]]]]},"properties":{"kdprov":"65","kdkab":"02","kdkec":"040","kddesa":"002","kdsls":"0005","idsls":"65020400020005","nmprov":"KALIMANTAN UTARA","nmkab":"BULUNGAN","nmkec":"TANJUNG PALAS","nmdesa":"PEJALIN","nmsls":"RT 005"}},{"type":"Feature","geometry":{"type":"MultiPolygon","coordinates":[[[[117.31721,2.81236],[117.31725,2.80981],[117.31808,2.80979],[117.31754,2.80915],[117.3165,2.80842],[117.31652,2.80703],[117.31652,2.80555],[117.31578,2.80237],[117.31526,2.80178],[117.31459,2.80045],[117.31245,2.79905],[117.31075,2.79816],[117.30904,2.79727],[117.30601,2.79624],[117.30549,2.79646],[117.30497,2.79638],[117.30408,2.79587],[117.30297,2.79483],[117.30186,2.79424],[117.30016,2.79424],[117.29846,2.79483],[117.29742,2.79579],[117.2969,2.79697],[117.29698,2.79764],[117.2972,2.80001],[117.29713,2.80156],[117.29624,2.80311],[117.29587,2.80415],[117.29594,2.80607],[117.29624,2.8071],[117.29661,2.80799],[117.29661,2.8091],[117.29661,2.80999],[117.29661,2.81124],[117.29653,2.81184],[117.29616,2.8125],[117.29587,2.81368],[117.29564,2.81524],[117.29513,2.81664],[117.29513,2.81819],[117.29527,2.81842],[117.2955,2.81834],[117.29675,2.8176],[117.29772,2.81649],[117.29838,2.81561],[117.29942,2.81398],[117.30053,2.8125],[117.30171,2.81036],[117.30268,2.80814],[117.30394,2.80548],[117.30512,2.80385],[117.30756,2.80319],[117.30978,2.80341],[117.31119,2.80526],[117.31274,2.8071],[117.31615,2.80932],[117.31602,2.81078],[117.31574,2.81337],[117.31621,2.81568],[117.31667,2.81568],[117.31715,2.81587],[117.31769,2.81596],[117.31835,2.81603],[117.31899,2.81625],[117.31862,2.81518],[117.31851,2.81483],[117.31852,2.81482],[117.31682,2.8149],[117.31721,2.81236]]]]},"properties":{"kdprov":"65","kdkab":"02","kdkec":"040","kddesa":"002","kdsls":"1002","idsls":"65020400021002","nmprov":"KALIMANTAN UTARA","nmkab":"BULUNGAN","nmkec":"TANJUNG PALAS","nmdesa":"PEJALIN","nmsls":"KEBUN"}},{"type":"Feature","geometry":{"type":"MultiPolygon","coordinates":[[[[117.35019,2.81679],[117.35032,2.8169],[117.35177,2.818],[117.35312,2.81807],[117.35357,2.81709],[117.35287,2.81729],[117.35222,2.81612],[117.35211,2.81593],[117.35096,2.8161],[117.34991,2.816],[117.34975,2.81601],[117.34972,2.81668],[117.34997,2.81676],[117.35019,2.81679]]]]},"properties":{"kdprov":"65","kdkab":"02","kdkec":"040","kddesa":"003","kdsls":"0005","idsls":"65020400030005","nmprov":"KALIMANTAN UTARA","nmkab":"BULUNGAN","nmkec":"TANJUNG PALAS","nmdesa":"TANJUNG PALAS HULU","nmsls":"RT 005"}},{"type":"Feature","geometry":{"type":"MultiPolygon","coordinates":[[[[117.35729,2.83557],[117.3573,2.83551],[117.3573,2.83551],[117.35806,2.83295],[117.35806,2.83295],[117.35807,2.83292],[117.35768,2.83282],[117.35614,2.83242],[117.35614,2.83242],[117.35602,2.83301],[117.35583,2.83369],[117.35564,2.8342],[117.35543,2.83477],[117.35609,2.83515],[117.35683,2.83542],[117.35729,2.83557]]]]},"properties":{"kdprov":"65","kdkab":"02","kdkec":"040","kddesa":"004","kdsls":"0003","idsls":"65020400040003","nmprov":"KALIMANTAN UTARA","nmkab":"BULUNGAN","nmkec":"TANJUNG PALAS","nmdesa":"TANJUNG PALAS TENGAH","nmsls":"RT 003"}},{"type":"Feature","geometry":{"type":"MultiPolygon","coordinates":[[[[117.34321,2.83218],[117.34174,2.83004],[117.34161,2.83013],[117.34123,2.83039],[117.34055,2.83105],[117.34052,2.83107],[117.34118,2.83207],[117.34189,2.83313],[117.34197,2.83307],[117.34314,2.83223],[117.34319,2.8322],[117.34321,2.83218]]]]},"properties":{"kdprov":"65","kdkab":"02","kdkec":"040","kddesa":"006","kdsls":"0003","idsls":"65020400060003","nmprov":"KALIMANTAN UTARA","nmkab":"BULUNGAN","nmkec":"TANJUNG PALAS","nmdesa":"GUNUNG PUTIH/KR. JENAWI","nmsls":"RT 003"}},{"type":"Feature","geometry":{"type":"MultiPolygon","coordinates":[[[[117.34878,2.81277],[117.3483,2.81342],[117.3483,2.81349],[117.34771,2.81391],[117.34982,2.82242],[117.35029,2.82276],[117.35141,2.82294],[117.35247,2.82302],[117.35299,2.82393],[117.35384,2.82422],[117.35467,2.82443],[117.35562,2.82463],[117.35753,2.82495],[117.35759,2.82496],[117.3594,2.82524],[117.35998,2.82528],[117.35998,2.82524],[117.35997,2.82524],[117.36015,2.82368],[117.3601,2.82368],[117.36011,2.82358],[117.3591,2.82343],[117.35777,2.82307],[117.35773,2.82306],[117.35637,2.82278],[117.354,2.82225],[117.35139,2.82022],[117.35019,2.81679],[117.34997,2.81676],[117.34972,2.81668],[117.34975,2.81601],[117.34991,2.816],[117.34878,2.81277]]]]},"properties":{"kdprov":"65","kdkab":"02","kdkec":"040","kddesa":"003","kdsls":"0002","idsls":"65020400030002","nmprov":"KALIMANTAN UTARA","nmkab":"BULUNGAN","nmkec":"TANJUNG PALAS","nmdesa":"TANJUNG PALAS HULU","nmsls":"RT 002"}},{"type":"Feature","geometry":{"type":"MultiPolygon","coordinates":[[[[117.36011,2.82358],[117.36046,2.82052],[117.36027,2.81548],[117.3602,2.81473],[117.35901,2.81495],[117.35759,2.81492],[117.3575,2.8168],[117.35743,2.81757],[117.35745,2.81824],[117.35783,2.82196],[117.35773,2.82306],[117.35777,2.82307],[117.3591,2.82343],[117.36011,2.82358]]]]},"properties":{"kdprov":"65","kdkab":"02","kdkec":"040","kddesa":"003","kdsls":"0003","idsls":"65020400030003","nmprov":"KALIMANTAN UTARA","nmkab":"BULUNGAN","nmkec":"TANJUNG PALAS","nmdesa":"TANJUNG PALAS HULU","nmsls":"RT 003"}},{"type":"Feature","geometry":{"type":"MultiPolygon","coordinates":[[[[117.29173,2.86411],[117.29176,2.85696],[117.29317,2.85127],[117.29299,2.85127],[117.28466,2.8512],[117.28458,2.86499],[117.28665,2.86505],[117.28665,2.86504],[117.28665,2.86496],[117.28665,2.86492],[117.28665,2.86484],[117.28744,2.86491],[117.28819,2.86498],[117.28895,2.86498],[117.28945,2.86498],[117.28972,2.86493],[117.29036,2.8648],[117.29048,2.86478],[117.29065,2.86474],[117.29105,2.86452],[117.29127,2.8644],[117.29153,2.86425],[117.29173,2.86411]]]]},"properties":{"kdprov":"65","kdkab":"02","kdkec":"040","kddesa":"002","kdsls":"0006","idsls":"65020400020006","nmprov":"KALIMANTAN UTARA","nmkab":"BULUNGAN","nmkec":"TANJUNG PALAS","nmdesa":"PEJALIN","nmsls":"RT 006"}},{"type":"Feature","geometry":{"type":"MultiPolygon","coordinates":[[[[117.31859,2.80449],[117.31857,2.80418],[117.32284,2.7986],[117.32462,2.79629],[117.32687,2.79277],[117.32806,2.79067],[117.32932,2.78775],[117.32939,2.78386],[117.32935,2.78289],[117.32946,2.77967],[117.32936,2.7784],[117.32864,2.77886],[117.32697,2.7812],[117.32638,2.78229],[117.32564,2.7839],[117.32488,2.78451],[117.32364,2.78497],[117.32292,2.78551],[117.32214,2.78521],[117.32166,2.78484],[117.32111,2.78433],[117.32107,2.7844],[117.32098,2.7843],[117.32097,2.78428],[117.32057,2.78458],[117.32003,2.78498],[117.31912,2.78533],[117.31892,2.78592],[117.31738,2.7867],[117.3171,2.78693],[117.3161,2.78544],[117.31585,2.78545],[117.31555,2.78546],[117.3154,2.78549],[117.31456,2.78566],[117.3138,2.78581],[117.31366,2.78583],[117.31314,2.78588],[117.31145,2.78602],[117.31088,2.78607],[117.30969,2.78617],[117.30922,2.78636],[117.3083,2.78673],[117.30732,2.78712],[117.30702,2.7873],[117.3063,2.7877],[117.306,2.7881],[117.3055,2.78873],[117.30446,2.78944],[117.30358,2.78961],[117.30258,2.78979],[117.30137,2.78961],[117.30134,2.78962],[117.30134,2.78952],[117.30131,2.78875],[117.30126,2.78764],[117.30123,2.7871],[117.3011,2.78603],[117.30088,2.78447],[117.30076,2.78363],[117.3004,2.7829],[117.29966,2.78137],[117.29896,2.77978],[117.29826,2.77824],[117.29807,2.7778],[117.29791,2.77766],[117.29676,2.77666],[117.29631,2.77628],[117.296,2.77613],[117.29444,2.77538],[117.2941,2.77522],[117.29269,2.77453],[117.29213,2.77414],[117.28993,2.77263],[117.28937,2.77226],[117.28863,2.77174],[117.28857,2.77172],[117.28771,2.77135],[117.28677,2.77095],[117.28563,2.77047],[117.28483,2.77013],[117.28349,2.76952],[117.28322,2.76941],[117.283,2.76931],[117.28241,2.76904],[117.28225,2.76903],[117.28174,2.76897],[117.28122,2.76893],[117.28091,2.76897],[117.28027,2.76908],[117.2796,2.76918],[117.27903,2.76927],[117.27875,2.76929],[117.27821,2.76932],[117.27735,2.76937],[117.27698,2.76939],[117.27714,2.76988],[117.27834,2.77376],[117.27807,2.7799],[117.27841,2.79298],[117.27534,2.8094],[117.27,2.81955],[117.26292,2.83343],[117.25718,2.84038],[117.24557,2.85453],[117.23121,2.87228],[117.21913,2.8871],[117.21886,2.89338],[117.21499,2.89805],[117.21513,2.90379],[117.20591,2.913],[117.20088,2.93237],[117.20097,2.93238],[117.22095,2.93767],[117.22597,2.9383],[117.23379,2.93928],[117.23975,2.94002],[117.2438,2.94171],[117.24392,2.94176],[117.24392,2.94176],[117.24391,2.94165],[117.24388,2.94139],[117.24386,2.94119],[117.24383,2.94088],[117.24382,2.94079],[117.24382,2.94077],[117.24389,2.94045],[117.24392,2.94037],[117.24399,2.94008],[117.24411,2.93994],[117.24432,2.93972],[117.24449,2.93952],[117.24468,2.93932],[117.24492,2.93911],[117.2451,2.93895],[117.24517,2.93872],[117.24524,2.93845],[117.24528,2.9383],[117.24537,2.93796],[117.24549,2.93789],[117.24574,2.93774],[117.24608,2.93781],[117.2466,2.93792],[117.24662,2.93792],[117.24673,2.93806],[117.24705,2.93845],[117.2472,2.93863],[117.24752,2.93876],[117.24768,2.93868],[117.24806,2.9385],[117.24833,2.9383],[117.24845,2.93821],[117.2485,2.9379],[117.24854,2.93764],[117.24867,2.93748],[117.24886,2.93726],[117.24893,2.93718],[117.24902,2.93705],[117.24927,2.93669],[117.2493,2.93661],[117.24942,2.93622],[117.24943,2.93619],[117.24943,2.93615],[117.24943,2.93596],[117.24944,2.93583],[117.24945,2.93554],[117.24945,2.93545],[117.24946,2.93538],[117.24951,2.93514],[117.24955,2.93496],[117.24956,2.9349],[117.24958,2.93481],[117.24961,2.93473],[117.24967,2.93461],[117.24971,2.93454],[117.24992,2.93417],[117.25001,2.93402],[117.25007,2.9338],[117.25008,2.93374],[117.25015,2.93347],[117.25019,2.93335],[117.25027,2.93302],[117.25029,2.933],[117.25043,2.93295],[117.25079,2.93278],[117.25128,2.93293],[117.25134,2.93295],[117.25157,2.93308],[117.25193,2.93329],[117.25225,2.93309],[117.25241,2.933],[117.25286,2.93266],[117.25298,2.93219],[117.25298,2.93166],[117.25298,2.93117],[117.25305,2.93071],[117.25312,2.93028],[117.25324,2.93018],[117.25355,2.9299],[117.25375,2.9297],[117.25389,2.92957],[117.25439,2.92928],[117.25503,2.92891],[117.25533,2.92857],[117.25536,2.92853],[117.25565,2.92824],[117.25579,2.9278],[117.25582,2.92747],[117.25584,2.92734],[117.2559,2.92704],[117.25593,2.92686],[117.25636,2.92663],[117.25636,2.92662],[117.25705,2.92685],[117.25786,2.9271],[117.25861,2.92734],[117.25912,2.92743],[117.25912,2.92743],[117.25933,2.92711],[117.25945,2.92691],[117.2596,2.9266],[117.25974,2.92629],[117.25992,2.92605],[117.26002,2.92592],[117.26003,2.9259],[117.26008,2.92579],[117.26012,2.92568],[117.26026,2.92532],[117.26043,2.92493],[117.2605,2.92479],[117.26064,2.92449],[117.26068,2.92425],[117.26073,2.92384],[117.26074,2.92381],[117.2608,2.92373],[117.26083,2.92367],[117.26086,2.92355],[117.26093,2.92325],[117.26093,2.92291],[117.26092,2.92291],[117.26085,2.92274],[117.26083,2.92271],[117.2606,2.92223],[117.26045,2.92192],[117.26054,2.92169],[117.26071,2.9212],[117.26077,2.92107],[117.26091,2.92084],[117.2609,2.92067],[117.26091,2.92017],[117.26091,2.9199],[117.26074,2.91945],[117.26062,2.91916],[117.26053,2.91896],[117.26051,2.91889],[117.26044,2.91867],[117.26043,2.91863],[117.26038,2.91847],[117.26039,2.91846],[117.2605,2.91824],[117.26058,2.9181],[117.26067,2.91794],[117.26068,2.91782],[117.26072,2.91759],[117.26078,2.91725],[117.26081,2.91705],[117.26091,2.91659],[117.26101,2.91607],[117.26105,2.91589],[117.26094,2.91555],[117.26086,2.91532],[117.2609,2.91508],[117.26095,2.91475],[117.26133,2.91454],[117.26204,2.91414],[117.26258,2.91384],[117.26285,2.91376],[117.263,2.9137],[117.26317,2.91333],[117.26319,2.91328],[117.26321,2.91312],[117.26323,2.91296],[117.26328,2.91257],[117.26333,2.91247],[117.26352,2.91204],[117.2637,2.91196],[117.26406,2.91179],[117.26426,2.91166],[117.26443,2.91154],[117.26473,2.91134],[117.2651,2.91109],[117.26572,2.91066],[117.2662,2.9102],[117.26638,2.91004],[117.26638,2.90972],[117.26638,2.90926],[117.26638,2.90877],[117.26638,2.90861],[117.26632,2.90835],[117.2663,2.90824],[117.2662,2.90781],[117.26618,2.90772],[117.26608,2.90724],[117.26602,2.90697],[117.26593,2.90672],[117.26583,2.90645],[117.26582,2.9062],[117.2658,2.90582],[117.26579,2.90568],[117.26578,2.90542],[117.26578,2.9054],[117.26571,2.90515],[117.26558,2.90473],[117.26555,2.90463],[117.26554,2.90459],[117.26574,2.90436],[117.26584,2.90426],[117.26617,2.90388],[117.26619,2.90372],[117.26619,2.90367],[117.26626,2.90332],[117.26626,2.90331],[117.26644,2.90319],[117.26664,2.90307],[117.26692,2.90274],[117.26694,2.90267],[117.26704,2.90224],[117.26711,2.90192],[117.26729,2.90172],[117.2674,2.90159],[117.26759,2.90146],[117.26787,2.90126],[117.26807,2.90093],[117.26801,2.90072],[117.26793,2.90042],[117.26791,2.90028],[117.26791,2.90019],[117.26788,2.89971],[117.26787,2.89962],[117.26778,2.89918],[117.26797,2.89878],[117.26802,2.8987],[117.26835,2.89831],[117.26843,2.89819],[117.26859,2.89793],[117.26859,2.89779],[117.26859,2.89767],[117.26859,2.89714],[117.26859,2.89663],[117.26859,2.89611],[117.26859,2.89558],[117.26859,2.89546],[117.26886,2.89519],[117.26927,2.8948],[117.26967,2.89442],[117.2698,2.8943],[117.26994,2.89415],[117.26999,2.89383],[117.27003,2.8934],[117.27004,2.89333],[117.26995,2.89286],[117.26984,2.89235],[117.26976,2.89183],[117.2697,2.89153],[117.26975,2.89135],[117.26976,2.89134],[117.27,2.89134],[117.27066,2.89091],[117.27109,2.8904],[117.27146,2.88996],[117.27147,2.88996],[117.2715,2.88967],[117.27151,2.88949],[117.27164,2.88922],[117.27175,2.88896],[117.2719,2.88862],[117.27189,2.88847],[117.27189,2.88816],[117.27181,2.88794],[117.27161,2.88749],[117.27185,2.88705],[117.27199,2.88657],[117.27209,2.88618],[117.2721,2.88604],[117.27214,2.88554],[117.27214,2.88553],[117.27261,2.88509],[117.2728,2.88491],[117.27322,2.88468],[117.27323,2.88468],[117.27323,2.88377],[117.27323,2.88363],[117.27331,2.88336],[117.27346,2.88293],[117.27349,2.88275],[117.27352,2.88261],[117.27353,2.88248],[117.27353,2.88241],[117.27356,2.88206],[117.27362,2.88192],[117.27376,2.88155],[117.27377,2.88152],[117.27383,2.88126],[117.27387,2.88102],[117.27396,2.88058],[117.27405,2.88003],[117.27416,2.87954],[117.27425,2.87919],[117.27432,2.87904],[117.27452,2.8786],[117.27474,2.87813],[117.27484,2.8779],[117.27492,2.87771],[117.27512,2.87724],[117.2753,2.87679],[117.27537,2.8767],[117.27568,2.87626],[117.27573,2.87618],[117.27619,2.87569],[117.27623,2.87565],[117.27648,2.87539],[117.27649,2.87537],[117.27682,2.87512],[117.27711,2.8749],[117.27761,2.87465],[117.27768,2.87461],[117.27821,2.87486],[117.2784,2.87517],[117.27859,2.87548],[117.27866,2.87571],[117.27868,2.87576],[117.27944,2.87599],[117.28023,2.876],[117.28025,2.876],[117.28068,2.87619],[117.28096,2.87609],[117.28129,2.87609],[117.28161,2.8756],[117.28181,2.87529],[117.28185,2.87507],[117.28191,2.87471],[117.28185,2.87454],[117.28178,2.87429],[117.28164,2.87403],[117.28158,2.8739],[117.28139,2.87372],[117.28139,2.87349],[117.28139,2.87332],[117.28141,2.87308],[117.28142,2.87297],[117.28144,2.87285],[117.28165,2.87248],[117.2818,2.87223],[117.28182,2.87218],[117.28187,2.87199],[117.282,2.87149],[117.28201,2.87142],[117.28214,2.87114],[117.28221,2.87101],[117.28236,2.87068],[117.2824,2.8706],[117.28244,2.87052],[117.28291,2.8702],[117.28304,2.8701],[117.28368,2.86984],[117.28385,2.86977],[117.28448,2.86977],[117.28481,2.86976],[117.28511,2.8696],[117.28524,2.86952],[117.28537,2.86914],[117.28543,2.86896],[117.28571,2.86861],[117.28597,2.86829],[117.28605,2.86819],[117.28612,2.86809],[117.28646,2.86761],[117.2865,2.86756],[117.28651,2.86754],[117.28656,2.86726],[117.2866,2.86705],[117.28666,2.86662],[117.28669,2.86651],[117.28674,2.86616],[117.28672,2.86598],[117.28666,2.86552],[117.28665,2.86544],[117.28665,2.86541],[117.28665,2.86505],[117.28458,2.86499],[117.28466,2.8512],[117.29299,2.85127],[117.29384,2.85055],[117.29503,2.85014],[117.29647,2.84977],[117.29718,2.84933],[117.29769,2.84822],[117.29902,2.84622],[117.30065,2.84455],[117.30187,2.84352],[117.30446,2.84352],[117.30609,2.84333],[117.30742,2.84304],[117.30815,2.84221],[117.30856,2.8411],[117.30848,2.83981],[117.30859,2.83903],[117.30919,2.83837],[117.31,2.838],[117.31067,2.8377],[117.31115,2.83682],[117.3113,2.83648],[117.31111,2.83604],[117.31093,2.83545],[117.31156,2.83296],[117.31189,2.83241],[117.31428,2.82955],[117.31669,2.82641],[117.31861,2.82407],[117.31973,2.82234],[117.3189,2.82178],[117.31894,2.82166],[117.31737,2.82087],[117.31639,2.81965],[117.31645,2.81813],[117.31622,2.81574],[117.31621,2.81568],[117.31574,2.81337],[117.31602,2.81078],[117.31615,2.80932],[117.31274,2.8071],[117.31119,2.80526],[117.30978,2.80341],[117.30756,2.80319],[117.30512,2.80385],[117.30394,2.80548],[117.30268,2.80814],[117.30171,2.81036],[117.30053,2.8125],[117.29942,2.81398],[117.29838,2.81561],[117.29772,2.81649],[117.29675,2.8176],[117.2955,2.81834],[117.29527,2.81842],[117.29513,2.81819],[117.29513,2.81664],[117.29564,2.81524],[117.29587,2.81368],[117.29616,2.8125],[117.29653,2.81184],[117.29661,2.81124],[117.29661,2.80999],[117.29661,2.8091],[117.29661,2.80799],[117.29624,2.8071],[117.29594,2.80607],[117.29587,2.80415],[117.29624,2.80311],[117.29713,2.80156],[117.2972,2.80001],[117.29698,2.79764],[117.2969,2.79697],[117.29742,2.79579],[117.29846,2.79483],[117.30016,2.79424],[117.30186,2.79424],[117.30297,2.79483],[117.30408,2.79587],[117.30497,2.79638],[117.30549,2.79646],[117.30601,2.79624],[117.30904,2.79727],[117.31075,2.79816],[117.31245,2.79905],[117.31459,2.80045],[117.31526,2.80178],[117.31578,2.80237],[117.31652,2.80555],[117.31652,2.80703],[117.3165,2.80842],[117.31754,2.80915],[117.31808,2.80979],[117.31861,2.80979],[117.31862,2.80975],[117.31869,2.80951],[117.31888,2.8092],[117.31899,2.8091],[117.3191,2.8089],[117.31927,2.80668],[117.31945,2.80562],[117.31956,2.80534],[117.31859,2.80449]]]]},"properties":{"kdprov":"65","kdkab":"02","kdkec":"040","kddesa":"002","kdsls":"2003","idsls":"65020400022003","nmprov":"KALIMANTAN UTARA","nmkab":"BULUNGAN","nmkec":"TANJUNG PALAS","nmdesa":"PEJALIN","nmsls":"HUTAN"}},{"type":"Feature","geometry":{"type":"MultiPolygon","coordinates":[[[[117.35953,2.82778],[117.35998,2.82528],[117.3594,2.82524],[117.35759,2.82496],[117.35753,2.82495],[117.35709,2.82729],[117.35721,2.82731],[117.3591,2.82769],[117.35953,2.82778]]]]},"properties":{"kdprov":"65","kdkab":"02","kdkec":"040","kddesa":"003","kdsls":"0001","idsls":"65020400030001","nmprov":"KALIMANTAN UTARA","nmkab":"BULUNGAN","nmkec":"TANJUNG PALAS","nmdesa":"TANJUNG PALAS HULU","nmsls":"RT 001"}},{"type":"Feature","geometry":{"type":"MultiPolygon","coordinates":[[[[117.35614,2.83242],[117.35768,2.83282],[117.35807,2.83292],[117.35873,2.83089],[117.35879,2.83072],[117.35884,2.83059],[117.35787,2.83037],[117.35728,2.83042],[117.35653,2.83039],[117.35582,2.83041],[117.35488,2.83037],[117.35444,2.83011],[117.35074,2.82921],[117.35074,2.82921],[117.35059,2.83003],[117.34985,2.82996],[117.3497,2.83145],[117.3502,2.8315],[117.35112,2.83161],[117.35461,2.83216],[117.35536,2.83226],[117.35614,2.83242],[117.35614,2.83242]]]]},"properties":{"kdprov":"65","kdkab":"02","kdkec":"040","kddesa":"004","kdsls":"0002","idsls":"65020400040002","nmprov":"KALIMANTAN UTARA","nmkab":"BULUNGAN","nmkec":"TANJUNG PALAS","nmdesa":"TANJUNG PALAS TENGAH","nmsls":"RT 002"}},{"type":"Feature","geometry":{"type":"MultiPolygon","coordinates":[[[[117.35583,2.83369],[117.35602,2.83301],[117.35614,2.83242],[117.35536,2.83226],[117.35461,2.83216],[117.35112,2.83161],[117.3502,2.8315],[117.3497,2.83145],[117.34962,2.83144],[117.34811,2.83122],[117.34761,2.83106],[117.34759,2.83105],[117.34688,2.83079],[117.34672,2.83133],[117.34681,2.83158],[117.34716,2.83158],[117.34731,2.83164],[117.34764,2.83165],[117.34764,2.83165],[117.34765,2.8317],[117.34771,2.83235],[117.34771,2.83238],[117.34823,2.83222],[117.34859,2.83213],[117.34908,2.83209],[117.34944,2.83219],[117.34981,2.83238],[117.35017,2.83247],[117.35069,2.83253],[117.35069,2.83254],[117.35195,2.83308],[117.35258,2.83319],[117.35314,2.83326],[117.35341,2.83333],[117.35368,2.83348],[117.35406,2.83375],[117.35428,2.83383],[117.35428,2.83426],[117.35428,2.8343],[117.35428,2.83437],[117.35468,2.83438],[117.3548,2.83435],[117.35487,2.83436],[117.35491,2.83438],[117.35494,2.83444],[117.35543,2.83477],[117.35564,2.8342],[117.35583,2.83369]]]]},"properties":{"kdprov":"65","kdkab":"02","kdkec":"040","kddesa":"004","kdsls":"0005","idsls":"65020400040005","nmprov":"KALIMANTAN UTARA","nmkab":"BULUNGAN","nmkec":"TANJUNG PALAS","nmdesa":"TANJUNG PALAS TENGAH","nmsls":"RT 005"}},{"type":"Feature","geometry":{"type":"MultiPolygon","coordinates":[[[[117.35953,2.82778],[117.3591,2.82769],[117.35721,2.82731],[117.35709,2.82729],[117.35613,2.82734],[117.35568,2.82734],[117.35527,2.82735],[117.35477,2.82737],[117.3544,2.82739],[117.3539,2.82741],[117.35329,2.82741],[117.35296,2.82739],[117.35268,2.82734],[117.35234,2.82725],[117.35197,2.82706],[117.35146,2.82658],[117.35091,2.82608],[117.35077,2.82716],[117.35074,2.82921],[117.35074,2.82921],[117.35444,2.83011],[117.35488,2.83037],[117.35582,2.83041],[117.35653,2.83039],[117.35728,2.83042],[117.35787,2.83037],[117.35884,2.83059],[117.3595,2.82793],[117.3595,2.82793],[117.35953,2.82778]]]]},"properties":{"kdprov":"65","kdkab":"02","kdkec":"040","kddesa":"004","kdsls":"0001","idsls":"65020400040001","nmprov":"KALIMANTAN UTARA","nmkab":"BULUNGAN","nmkec":"TANJUNG PALAS","nmdesa":"TANJUNG PALAS TENGAH","nmsls":"RT 001"}},{"type":"Feature","geometry":{"type":"MultiPolygon","coordinates":[[[[117.33634,2.83723],[117.33645,2.83714],[117.33652,2.83709],[117.33663,2.837],[117.33679,2.83688],[117.33691,2.83679],[117.337,2.83672],[117.33679,2.83647],[117.33676,2.8363],[117.3365,2.83595],[117.33645,2.83598],[117.33601,2.83539],[117.33599,2.83536],[117.33572,2.83499],[117.33545,2.83466],[117.33544,2.83467],[117.33486,2.83518],[117.33456,2.83545],[117.33451,2.83548],[117.33415,2.83574],[117.33342,2.83619],[117.33342,2.83619],[117.3323,2.8369],[117.3326,2.83724],[117.33287,2.83755],[117.33379,2.83852],[117.33462,2.83793],[117.33511,2.83762],[117.33602,2.83694],[117.33603,2.83694],[117.33617,2.83706],[117.33631,2.8372],[117.33634,2.83723]]]]},"properties":{"kdprov":"65","kdkab":"02","kdkec":"040","kddesa":"006","kdsls":"0010","idsls":"65020400060010","nmprov":"KALIMANTAN UTARA","nmkab":"BULUNGAN","nmkec":"TANJUNG PALAS","nmdesa":"GUNUNG PUTIH/KR. JENAWI","nmsls":"RT 010"}},{"type":"Feature","geometry":{"type":"MultiPolygon","coordinates":[[[[117.35389,2.83675],[117.35382,2.83688],[117.35381,2.83696],[117.35383,2.83712],[117.35379,2.83725],[117.35369,2.83726],[117.35249,2.83702],[117.35223,2.83701],[117.35209,2.83701],[117.35194,2.83707],[117.35188,2.83725],[117.35177,2.83765],[117.35166,2.83811],[117.35143,2.8388],[117.35124,2.83934],[117.35187,2.83938],[117.3525,2.83947],[117.35364,2.83976],[117.35586,2.84051],[117.35597,2.84015],[117.35624,2.83927],[117.35643,2.83864],[117.35649,2.8384],[117.35653,2.83822],[117.35659,2.83799],[117.35672,2.83755],[117.35617,2.83734],[117.35583,2.83724],[117.35546,2.83718],[117.35473,2.83699],[117.35431,2.83688],[117.35411,2.83682],[117.35389,2.83675]]]]},"properties":{"kdprov":"65","kdkab":"02","kdkec":"040","kddesa":"007","kdsls":"0001","idsls":"65020400070001","nmprov":"KALIMANTAN UTARA","nmkab":"BULUNGAN","nmkec":"TANJUNG PALAS","nmdesa":"TANJUNG PALAS HILIR","nmsls":"RT 001"}},{"type":"Feature","geometry":{"type":"MultiPolygon","coordinates":[[[[117.34764,2.83165],[117.34731,2.83164],[117.34716,2.83158],[117.34681,2.83158],[117.34672,2.83133],[117.34688,2.83079],[117.34657,2.83067],[117.34537,2.83057],[117.34498,2.83084],[117.34496,2.83085],[117.34434,2.83132],[117.34437,2.83137],[117.34547,2.83301],[117.34547,2.83302],[117.34523,2.8339],[117.34522,2.83397],[117.34522,2.83452],[117.34522,2.83453],[117.34522,2.83453],[117.34528,2.83452],[117.34528,2.83452],[117.34587,2.83452],[117.34671,2.83452],[117.34791,2.83435],[117.34791,2.83434],[117.34779,2.8332],[117.34779,2.8332],[117.34771,2.83238],[117.34771,2.83235],[117.34765,2.8317],[117.34764,2.83165],[117.34764,2.83165]]]]},"properties":{"kdprov":"65","kdkab":"02","kdkec":"040","kddesa":"005","kdsls":"0002","idsls":"65020400050002","nmprov":"KALIMANTAN UTARA","nmkab":"BULUNGAN","nmkec":"TANJUNG PALAS","nmdesa":"KARANG ANYAR","nmsls":"RT 002"}},{"type":"Feature","geometry":{"type":"MultiPolygon","coordinates":[[[[117.34856,2.83604],[117.34853,2.83585],[117.34936,2.8355],[117.34936,2.8355],[117.34941,2.83538],[117.34908,2.83453],[117.34898,2.83429],[117.3489,2.83422],[117.34801,2.83435],[117.34801,2.83435],[117.34791,2.83434],[117.34791,2.83435],[117.34671,2.83452],[117.34587,2.83452],[117.34528,2.83452],[117.34528,2.83452],[117.34522,2.83453],[117.34522,2.83454],[117.34507,2.8354],[117.34504,2.83549],[117.34501,2.83557],[117.34471,2.83609],[117.34466,2.83624],[117.34473,2.83649],[117.34479,2.83646],[117.34525,2.83635],[117.34583,2.83635],[117.34643,2.83634],[117.34845,2.83608],[117.34856,2.83604]]]]},"properties":{"kdprov":"65","kdkab":"02","kdkec":"040","kddesa":"005","kdsls":"0003","idsls":"65020400050003","nmprov":"KALIMANTAN UTARA","nmkab":"BULUNGAN","nmkec":"TANJUNG PALAS","nmdesa":"KARANG ANYAR","nmsls":"RT 003"}},{"type":"Feature","geometry":{"type":"MultiPolygon","coordinates":[[[[117.34397,2.84014],[117.34349,2.83961],[117.34301,2.83919],[117.3429,2.83925],[117.34195,2.83997],[117.3419,2.8402],[117.34178,2.84031],[117.34034,2.84149],[117.34107,2.84248],[117.33975,2.84357],[117.33763,2.84022],[117.33574,2.84439],[117.33452,2.84551],[117.33778,2.84906],[117.33892,2.8482],[117.33918,2.848],[117.34044,2.84695],[117.34171,2.84593],[117.34221,2.84549],[117.34223,2.84547],[117.3443,2.8437],[117.3443,2.84368],[117.34429,2.84366],[117.3452,2.84303],[117.34537,2.84296],[117.34586,2.84243],[117.34397,2.84014]]]]},"properties":{"kdprov":"65","kdkab":"02","kdkec":"040","kddesa":"006","kdsls":"1003","idsls":"65020400061003","nmprov":"KALIMANTAN UTARA","nmkab":"BULUNGAN","nmkec":"TANJUNG PALAS","nmdesa":"GUNUNG PUTIH/KR. JENAWI","nmsls":"KEBUN"}},{"type":"Feature","geometry":{"type":"MultiPolygon","coordinates":[[[[117.34434,2.83132],[117.34317,2.82914],[117.34328,2.8291],[117.34301,2.82855],[117.34295,2.82858],[117.34278,2.82866],[117.3421,2.829],[117.34153,2.82966],[117.34166,2.82991],[117.3417,2.82997],[117.34174,2.83004],[117.34321,2.83218],[117.34325,2.83216],[117.3438,2.83173],[117.34414,2.83147],[117.34426,2.83139],[117.34434,2.83132]]]]},"properties":{"kdprov":"65","kdkab":"02","kdkec":"040","kddesa":"006","kdsls":"0001","idsls":"65020400060001","nmprov":"KALIMANTAN UTARA","nmkab":"BULUNGAN","nmkec":"TANJUNG PALAS","nmdesa":"GUNUNG PUTIH/KR. JENAWI","nmsls":"RT 001"}},{"type":"Feature","geometry":{"type":"MultiPolygon","coordinates":[[[[117.33473,2.83987],[117.33398,2.83896],[117.33411,2.83886],[117.33379,2.83852],[117.33379,2.83852],[117.33287,2.83755],[117.3326,2.83724],[117.3323,2.8369],[117.33199,2.83655],[117.33181,2.83632],[117.33181,2.83632],[117.33181,2.83632],[117.32949,2.83759],[117.32792,2.83844],[117.32791,2.83845],[117.32702,2.83908],[117.32823,2.84056],[117.3275,2.84262],[117.32746,2.84365],[117.32793,2.84389],[117.32855,2.8442],[117.3291,2.84443],[117.32928,2.84372],[117.32962,2.8441],[117.32993,2.844],[117.33024,2.84361],[117.33051,2.84387],[117.33094,2.84363],[117.33099,2.84358],[117.331,2.84359],[117.33473,2.83987]]]]},"properties":{"kdprov":"65","kdkab":"02","kdkec":"040","kddesa":"006","kdsls":"0009","idsls":"65020400060009","nmprov":"KALIMANTAN UTARA","nmkab":"BULUNGAN","nmkec":"TANJUNG PALAS","nmdesa":"GUNUNG PUTIH/KR. JENAWI","nmsls":"RT 009"}},{"type":"Feature","geometry":{"type":"MultiPolygon","coordinates":[[[[117.33379,2.83852],[117.33379,2.83852],[117.33411,2.83886],[117.33398,2.83896],[117.33473,2.83987],[117.33473,2.83987],[117.3349,2.83973],[117.33487,2.83964],[117.33689,2.83796],[117.33693,2.83792],[117.33634,2.83723],[117.33631,2.8372],[117.33617,2.83706],[117.33603,2.83694],[117.33602,2.83694],[117.33511,2.83762],[117.33462,2.83793],[117.33379,2.83852]]]]},"properties":{"kdprov":"65","kdkab":"02","kdkec":"040","kddesa":"006","kdsls":"0020","idsls":"65020400060020","nmprov":"KALIMANTAN UTARA","nmkab":"BULUNGAN","nmkec":"TANJUNG PALAS","nmdesa":"GUNUNG PUTIH/KR. JENAWI","nmsls":"RT 020"}},{"type":"Feature","geometry":{"type":"MultiPolygon","coordinates":[[[[117.33693,2.83792],[117.33689,2.83796],[117.33487,2.83964],[117.3349,2.83973],[117.33473,2.83987],[117.33526,2.84072],[117.33519,2.84083],[117.33529,2.84098],[117.33567,2.8406],[117.33593,2.84037],[117.33642,2.8401],[117.33717,2.83953],[117.33718,2.83952],[117.33721,2.8395],[117.33814,2.83882],[117.33825,2.83874],[117.33731,2.83757],[117.33693,2.83792]]]]},"properties":{"kdprov":"65","kdkab":"02","kdkec":"040","kddesa":"006","kdsls":"0008","idsls":"65020400060008","nmprov":"KALIMANTAN UTARA","nmkab":"BULUNGAN","nmkec":"TANJUNG PALAS","nmdesa":"GUNUNG PUTIH/KR. JENAWI","nmsls":"RT 008"}},{"type":"Feature","geometry":{"type":"MultiPolygon","coordinates":[[[[117.34452,2.83399],[117.34359,2.83274],[117.34319,2.8322],[117.34314,2.83223],[117.34197,2.83307],[117.34205,2.83317],[117.34216,2.83331],[117.3423,2.8335],[117.3425,2.83377],[117.34248,2.83379],[117.34245,2.83381],[117.34278,2.83427],[117.3433,2.83506],[117.34394,2.83464],[117.34452,2.83459],[117.34459,2.83522],[117.34463,2.83551],[117.34474,2.8355],[117.34485,2.8355],[117.34499,2.83549],[117.34504,2.83549],[117.34507,2.8354],[117.34522,2.83454],[117.34522,2.83453],[117.34522,2.83453],[117.34522,2.83452],[117.34522,2.83397],[117.34472,2.83398],[117.34452,2.83399]]]]},"properties":{"kdprov":"65","kdkab":"02","kdkec":"040","kddesa":"006","kdsls":"0002","idsls":"65020400060002","nmprov":"KALIMANTAN UTARA","nmkab":"BULUNGAN","nmkec":"TANJUNG PALAS","nmdesa":"GUNUNG PUTIH/KR. JENAWI","nmsls":"RT 002"}},{"type":"Feature","geometry":{"type":"MultiPolygon","coordinates":[[[[117.30106,2.75387],[117.30033,2.75376],[117.30031,2.75375],[117.3003,2.75375],[117.29999,2.75372],[117.29999,2.75373],[117.29998,2.75379],[117.29996,2.75381],[117.30033,2.75385],[117.30019,2.75486],[117.30021,2.75487],[117.30092,2.75504],[117.30093,2.75501],[117.30121,2.75507],[117.30122,2.755],[117.30122,2.755],[117.30144,2.75397],[117.3014,2.75396],[117.30106,2.75389],[117.30106,2.75387]]]]},"properties":{"kdprov":"65","kdkab":"02","kdkec":"040","kddesa":"001","kdsls":"0006","idsls":"65020400010006","nmprov":"KALIMANTAN UTARA","nmkab":"BULUNGAN","nmkec":"TANJUNG PALAS","nmdesa":"ANTUTAN","nmsls":"RT 006 RW 002"}},{"type":"Feature","geometry":{"type":"MultiPolygon","coordinates":[[[[117.34189,2.83313],[117.34118,2.83207],[117.34052,2.83107],[117.3404,2.83092],[117.33966,2.83139],[117.33915,2.83154],[117.3386,2.83159],[117.33789,2.83158],[117.33724,2.83157],[117.33691,2.83154],[117.33639,2.83157],[117.33602,2.83148],[117.3358,2.83123],[117.33562,2.83114],[117.33529,2.83121],[117.33494,2.83121],[117.33477,2.83126],[117.33468,2.83151],[117.33454,2.83158],[117.33409,2.83158],[117.33338,2.83153],[117.33376,2.83216],[117.33395,2.83258],[117.33447,2.8334],[117.33465,2.83337],[117.33481,2.83336],[117.33481,2.83332],[117.33493,2.8333],[117.33497,2.83339],[117.33558,2.83304],[117.3364,2.83262],[117.33679,2.83306],[117.33718,2.83289],[117.33737,2.8328],[117.33853,2.83224],[117.33877,2.83265],[117.33911,2.83302],[117.3399,2.83333],[117.33995,2.83328],[117.34006,2.83351],[117.34006,2.83357],[117.34043,2.83419],[117.34092,2.83487],[117.34134,2.8346],[117.34176,2.8343],[117.34245,2.83381],[117.34248,2.83379],[117.3425,2.83377],[117.3423,2.8335],[117.34216,2.83331],[117.34205,2.83317],[117.34197,2.83307],[117.34189,2.83313]]]]},"properties":{"kdprov":"65","kdkab":"02","kdkec":"040","kddesa":"006","kdsls":"0005","idsls":"65020400060005","nmprov":"KALIMANTAN UTARA","nmkab":"BULUNGAN","nmkec":"TANJUNG PALAS","nmdesa":"GUNUNG PUTIH/KR. JENAWI","nmsls":"RT 005"}},{"type":"Feature","geometry":{"type":"MultiPolygon","coordinates":[[[[117.34043,2.83419],[117.34006,2.83357],[117.34006,2.83351],[117.33995,2.83328],[117.3399,2.83333],[117.33911,2.83302],[117.33877,2.83265],[117.33853,2.83224],[117.33737,2.8328],[117.33718,2.83289],[117.33679,2.83306],[117.33761,2.83417],[117.3377,2.83431],[117.33861,2.83554],[117.34043,2.83419]]]]},"properties":{"kdprov":"65","kdkab":"02","kdkec":"040","kddesa":"006","kdsls":"0013","idsls":"65020400060013","nmprov":"KALIMANTAN UTARA","nmkab":"BULUNGAN","nmkec":"TANJUNG PALAS","nmdesa":"GUNUNG PUTIH/KR. JENAWI","nmsls":"RT 013"}},{"type":"Feature","geometry":{"type":"MultiPolygon","coordinates":[[[[117.34412,2.83728],[117.34439,2.83664],[117.3444,2.83665],[117.34473,2.83649],[117.34466,2.83624],[117.34471,2.83609],[117.34501,2.83557],[117.34504,2.83549],[117.34499,2.83549],[117.34485,2.8355],[117.34474,2.8355],[117.34463,2.83551],[117.34459,2.83522],[117.34452,2.83459],[117.34394,2.83464],[117.3433,2.83506],[117.34278,2.83427],[117.34245,2.83381],[117.34176,2.8343],[117.34134,2.8346],[117.34165,2.83503],[117.34195,2.83539],[117.34231,2.83574],[117.34234,2.83576],[117.34307,2.83648],[117.34309,2.8365],[117.34352,2.83695],[117.34412,2.83728]]]]},"properties":{"kdprov":"65","kdkab":"02","kdkec":"040","kddesa":"006","kdsls":"0004","idsls":"65020400060004","nmprov":"KALIMANTAN UTARA","nmkab":"BULUNGAN","nmkec":"TANJUNG PALAS","nmdesa":"GUNUNG PUTIH/KR. JENAWI","nmsls":"RT 004"}},{"type":"Feature","geometry":{"type":"MultiPolygon","coordinates":[[[[117.34234,2.83576],[117.34231,2.83574],[117.34195,2.83539],[117.34165,2.83503],[117.34134,2.8346],[117.34092,2.83487],[117.34043,2.83419],[117.33861,2.83554],[117.33871,2.8357],[117.33974,2.83717],[117.33987,2.83749],[117.33993,2.83748],[117.34031,2.8374],[117.34062,2.83723],[117.34105,2.83695],[117.34127,2.83674],[117.34175,2.83617],[117.34234,2.83576]]]]},"properties":{"kdprov":"65","kdkab":"02","kdkec":"040","kddesa":"006","kdsls":"0015","idsls":"65020400060015","nmprov":"KALIMANTAN UTARA","nmkab":"BULUNGAN","nmkec":"TANJUNG PALAS","nmdesa":"GUNUNG PUTIH/KR. JENAWI","nmsls":"RT 015"}},{"type":"Feature","geometry":{"type":"MultiPolygon","coordinates":[[[[117.33861,2.83554],[117.337,2.83672],[117.33691,2.83679],[117.33679,2.83688],[117.33663,2.837],[117.33652,2.83709],[117.33645,2.83714],[117.33634,2.83723],[117.33693,2.83792],[117.33731,2.83757],[117.33825,2.83874],[117.3383,2.8387],[117.33925,2.83796],[117.33986,2.8375],[117.33987,2.83749],[117.33974,2.83717],[117.33871,2.8357],[117.33861,2.83554]]]]},"properties":{"kdprov":"65","kdkab":"02","kdkec":"040","kddesa":"006","kdsls":"0006","idsls":"65020400060006","nmprov":"KALIMANTAN UTARA","nmkab":"BULUNGAN","nmkec":"TANJUNG PALAS","nmdesa":"GUNUNG PUTIH/KR. JENAWI","nmsls":"RT 006"}},{"type":"Feature","geometry":{"type":"MultiPolygon","coordinates":[[[[117.3377,2.83431],[117.33687,2.83478],[117.33688,2.83481],[117.33601,2.83539],[117.33645,2.83598],[117.3365,2.83595],[117.33676,2.8363],[117.33679,2.83647],[117.337,2.83672],[117.33861,2.83554],[117.3377,2.83431]]]]},"properties":{"kdprov":"65","kdkab":"02","kdkec":"040","kddesa":"006","kdsls":"0018","idsls":"65020400060018","nmprov":"KALIMANTAN UTARA","nmkab":"BULUNGAN","nmkec":"TANJUNG PALAS","nmdesa":"GUNUNG PUTIH/KR. JENAWI","nmsls":"RT 018"}},{"type":"Feature","geometry":{"type":"MultiPolygon","coordinates":[[[[117.3364,2.83262],[117.33558,2.83304],[117.33497,2.83339],[117.33493,2.8333],[117.33481,2.83332],[117.33481,2.83336],[117.33465,2.83337],[117.33447,2.8334],[117.33502,2.83418],[117.33544,2.83467],[117.33545,2.83466],[117.33572,2.83499],[117.33599,2.83536],[117.33601,2.83539],[117.33688,2.83481],[117.33687,2.83478],[117.3377,2.83431],[117.33761,2.83417],[117.33679,2.83306],[117.3364,2.83262]]]]},"properties":{"kdprov":"65","kdkab":"02","kdkec":"040","kddesa":"006","kdsls":"0007","idsls":"65020400060007","nmprov":"KALIMANTAN UTARA","nmkab":"BULUNGAN","nmkec":"TANJUNG PALAS","nmdesa":"GUNUNG PUTIH/KR. JENAWI","nmsls":"RT 007"}},{"type":"Feature","geometry":{"type":"MultiPolygon","coordinates":[[[[117.33718,2.83952],[117.33717,2.83953],[117.33642,2.8401],[117.33593,2.84037],[117.33567,2.8406],[117.33529,2.84098],[117.33519,2.84083],[117.33526,2.84072],[117.33473,2.83987],[117.33473,2.83987],[117.331,2.84359],[117.3314,2.84407],[117.33174,2.84452],[117.33186,2.84441],[117.33224,2.84478],[117.33358,2.84478],[117.33386,2.84501],[117.3342,2.84516],[117.33452,2.84551],[117.33574,2.84439],[117.33763,2.84022],[117.33718,2.83952]]]]},"properties":{"kdprov":"65","kdkab":"02","kdkec":"040","kddesa":"006","kdsls":"0012","idsls":"65020400060012","nmprov":"KALIMANTAN UTARA","nmkab":"BULUNGAN","nmkec":"TANJUNG PALAS","nmdesa":"GUNUNG PUTIH/KR. JENAWI","nmsls":"RT 012"}},{"type":"Feature","geometry":{"type":"MultiPolygon","coordinates":[[[[117.33993,2.83748],[117.34178,2.84031],[117.3419,2.8402],[117.34195,2.83997],[117.3429,2.83925],[117.34301,2.83919],[117.34314,2.83905],[117.34386,2.83824],[117.34404,2.83754],[117.34412,2.83728],[117.34352,2.83695],[117.34309,2.8365],[117.34307,2.83648],[117.34234,2.83576],[117.34175,2.83617],[117.34127,2.83674],[117.34105,2.83695],[117.34062,2.83723],[117.34031,2.8374],[117.33993,2.83748]]]]},"properties":{"kdprov":"65","kdkab":"02","kdkec":"040","kddesa":"006","kdsls":"0016","idsls":"65020400060016","nmprov":"KALIMANTAN UTARA","nmkab":"BULUNGAN","nmkec":"TANJUNG PALAS","nmdesa":"GUNUNG PUTIH/KR. JENAWI","nmsls":"RT 016"}},{"type":"Feature","geometry":{"type":"MultiPolygon","coordinates":[[[[117.33993,2.83748],[117.33987,2.83749],[117.33986,2.8375],[117.33925,2.83796],[117.3383,2.8387],[117.33825,2.83874],[117.33814,2.83882],[117.33721,2.8395],[117.33718,2.83952],[117.33763,2.84022],[117.33975,2.84357],[117.34107,2.84248],[117.34034,2.84149],[117.34178,2.84031],[117.33993,2.83748]]]]},"properties":{"kdprov":"65","kdkab":"02","kdkec":"040","kddesa":"006","kdsls":"0017","idsls":"65020400060017","nmprov":"KALIMANTAN UTARA","nmkab":"BULUNGAN","nmkec":"TANJUNG PALAS","nmdesa":"GUNUNG PUTIH/KR. JENAWI","nmsls":"RT 017"}},{"type":"Feature","geometry":{"type":"MultiPolygon","coordinates":[[[[117.33452,2.84551],[117.3342,2.84516],[117.33386,2.84501],[117.33358,2.84478],[117.33224,2.84478],[117.33186,2.84441],[117.33174,2.84452],[117.3314,2.84407],[117.331,2.84359],[117.33099,2.84358],[117.33094,2.84363],[117.32896,2.84529],[117.32626,2.84961],[117.32649,2.84981],[117.32677,2.85016],[117.32983,2.85008],[117.33679,2.84989],[117.33778,2.84906],[117.33452,2.84551]]]]},"properties":{"kdprov":"65","kdkab":"02","kdkec":"040","kddesa":"006","kdsls":"0019","idsls":"65020400060019","nmprov":"KALIMANTAN UTARA","nmkab":"BULUNGAN","nmkec":"TANJUNG PALAS","nmdesa":"GUNUNG PUTIH/KR. JENAWI","nmsls":"RT 019"}},{"type":"Feature","geometry":{"type":"MultiPolygon","coordinates":[[[[117.34537,2.84296],[117.34582,2.84345],[117.34625,2.8431],[117.3467,2.84298],[117.34711,2.84278],[117.3477,2.84234],[117.34814,2.8421],[117.34865,2.84167],[117.34937,2.8408],[117.34983,2.84022],[117.35066,2.83931],[117.35124,2.83934],[117.35143,2.8388],[117.35166,2.83811],[117.35177,2.83765],[117.35059,2.83817],[117.35015,2.83831],[117.34899,2.83838],[117.34884,2.83792],[117.34859,2.8369],[117.34857,2.83607],[117.34856,2.83604],[117.34845,2.83608],[117.34643,2.83634],[117.34583,2.83635],[117.34525,2.83635],[117.34479,2.83646],[117.34473,2.83649],[117.3444,2.83665],[117.34439,2.83664],[117.34412,2.83728],[117.34404,2.83754],[117.34386,2.83824],[117.34314,2.83905],[117.34301,2.83919],[117.34349,2.83961],[117.34397,2.84014],[117.34586,2.84243],[117.34537,2.84296]]]]},"properties":{"kdprov":"65","kdkab":"02","kdkec":"040","kddesa":"005","kdsls":"0005","idsls":"65020400050005","nmprov":"KALIMANTAN UTARA","nmkab":"BULUNGAN","nmkec":"TANJUNG PALAS","nmdesa":"KARANG ANYAR","nmsls":"RT 005"}},{"type":"Feature","geometry":{"type":"MultiPolygon","coordinates":[[[[117.33656,2.87364],[117.33645,2.87321],[117.3364,2.87164],[117.33644,2.87125],[117.3357,2.87134],[117.33515,2.87136],[117.3347,2.87141],[117.33351,2.87074],[117.33063,2.87049],[117.33062,2.87048],[117.33062,2.87046],[117.33001,2.87043],[117.32964,2.87042],[117.3295,2.87041],[117.32968,2.87067],[117.32975,2.87126],[117.33003,2.87173],[117.33014,2.87208],[117.33025,2.87252],[117.33073,2.87287],[117.3311,2.87319],[117.33129,2.87359],[117.33149,2.87385],[117.33164,2.87435],[117.33249,2.87431],[117.3329,2.87432],[117.33357,2.87432],[117.33434,2.87432],[117.33573,2.87399],[117.33656,2.87364]]]]},"properties":{"kdprov":"65","kdkab":"02","kdkec":"040","kddesa":"008","kdsls":"0004","idsls":"65020400080004","nmprov":"KALIMANTAN UTARA","nmkab":"BULUNGAN","nmkec":"TANJUNG PALAS","nmdesa":"TERAS BARU","nmsls":"RT 004"}},{"type":"Feature","geometry":{"type":"MultiPolygon","coordinates":[[[[117.32959,2.8578],[117.32973,2.85793],[117.32988,2.85812],[117.33017,2.85832],[117.33029,2.85851],[117.33031,2.85881],[117.33035,2.85892],[117.33057,2.85908],[117.33087,2.85933],[117.33105,2.85942],[117.33114,2.85961],[117.33109,2.8599],[117.33115,2.86015],[117.33137,2.86064],[117.33154,2.86134],[117.33152,2.86202],[117.33131,2.86276],[117.33139,2.86276],[117.33139,2.86276],[117.33239,2.86299],[117.33323,2.86319],[117.33385,2.86313],[117.33527,2.86338],[117.33668,2.86412],[117.33714,2.8643],[117.33791,2.86465],[117.33809,2.86418],[117.33818,2.86397],[117.33939,2.86144],[117.34044,2.85973],[117.33982,2.85941],[117.33824,2.85853],[117.33787,2.85831],[117.33541,2.85685],[117.33263,2.85521],[117.33177,2.85475],[117.3296,2.8576],[117.32959,2.8578]]]]},"properties":{"kdprov":"65","kdkab":"02","kdkec":"040","kddesa":"007","kdsls":"0011","idsls":"65020400070011","nmprov":"KALIMANTAN UTARA","nmkab":"BULUNGAN","nmkec":"TANJUNG PALAS","nmdesa":"TANJUNG PALAS HILIR","nmsls":"RT 011"}},{"type":"Feature","geometry":{"type":"MultiPolygon","coordinates":[[[[117.33682,2.86873],[117.337,2.8675],[117.33703,2.86738],[117.33605,2.86717],[117.33546,2.86701],[117.33494,2.86699],[117.33418,2.8668],[117.32997,2.86552],[117.32995,2.86558],[117.32988,2.86576],[117.3297,2.86617],[117.32946,2.86645],[117.3292,2.86667],[117.32879,2.8671],[117.32888,2.86799],[117.32889,2.86809],[117.32894,2.8681],[117.32992,2.86823],[117.33016,2.86827],[117.33193,2.86846],[117.33382,2.86862],[117.3347,2.86877],[117.33572,2.8688],[117.33682,2.86873]]]]},"properties":{"kdprov":"65","kdkab":"02","kdkec":"040","kddesa":"008","kdsls":"0002","idsls":"65020400080002","nmprov":"KALIMANTAN UTARA","nmkab":"BULUNGAN","nmkec":"TANJUNG PALAS","nmdesa":"TERAS BARU","nmsls":"RT 002"}},{"type":"Feature","geometry":{"type":"MultiPolygon","coordinates":[[[[117.3396,2.87902],[117.33948,2.88081],[117.34028,2.88086],[117.34025,2.88128],[117.3411,2.88131],[117.34111,2.88131],[117.34111,2.88132],[117.34148,2.88134],[117.342,2.87886],[117.3419,2.87891],[117.34138,2.87899],[117.34138,2.87897],[117.34097,2.87892],[117.34079,2.87905],[117.34033,2.87898],[117.34007,2.87901],[117.34004,2.87908],[117.3396,2.87902]]]]},"properties":{"kdprov":"65","kdkab":"02","kdkec":"040","kddesa":"009","kdsls":"0003","idsls":"65020400090003","nmprov":"KALIMANTAN UTARA","nmkab":"BULUNGAN","nmkec":"TANJUNG PALAS","nmdesa":"TERAS NAWANG","nmsls":"RT 003"}},{"type":"Feature","geometry":{"type":"MultiPolygon","coordinates":[[[[117.34899,2.83838],[117.35015,2.83831],[117.35059,2.83817],[117.35177,2.83765],[117.35188,2.83725],[117.35194,2.83707],[117.35209,2.83701],[117.35223,2.83701],[117.35249,2.83702],[117.35369,2.83726],[117.35379,2.83725],[117.35383,2.83712],[117.35381,2.83696],[117.35382,2.83688],[117.35389,2.83675],[117.35411,2.83635],[117.35426,2.83581],[117.35439,2.83579],[117.35447,2.83569],[117.35455,2.83567],[117.3546,2.83554],[117.35466,2.8355],[117.35471,2.83494],[117.35466,2.83492],[117.35468,2.83438],[117.35428,2.83437],[117.35428,2.8343],[117.35428,2.83426],[117.35428,2.83383],[117.35406,2.83375],[117.35368,2.83348],[117.35341,2.83333],[117.35314,2.83326],[117.35258,2.83319],[117.35195,2.83308],[117.35069,2.83254],[117.35066,2.83303],[117.35064,2.8334],[117.35062,2.83383],[117.35062,2.8345],[117.34952,2.83448],[117.34933,2.8345],[117.34908,2.83453],[117.34941,2.83538],[117.34936,2.8355],[117.34936,2.8355],[117.34853,2.83585],[117.34856,2.83604],[117.34857,2.83607],[117.34859,2.8369],[117.34884,2.83792],[117.34899,2.83838]]]]},"properties":{"kdprov":"65","kdkab":"02","kdkec":"040","kddesa":"005","kdsls":"0001","idsls":"65020400050001","nmprov":"KALIMANTAN UTARA","nmkab":"BULUNGAN","nmkec":"TANJUNG PALAS","nmdesa":"KARANG ANYAR","nmsls":"RT 001"}},{"type":"Feature","geometry":{"type":"MultiPolygon","coordinates":[[[[117.34429,2.84366],[117.3443,2.84368],[117.3443,2.8437],[117.34223,2.84547],[117.34221,2.84549],[117.34299,2.84662],[117.34336,2.8473],[117.34358,2.84791],[117.34414,2.84871],[117.34437,2.84917],[117.34468,2.84962],[117.34493,2.84994],[117.3452,2.85027],[117.34561,2.85036],[117.34605,2.85031],[117.34612,2.85052],[117.34623,2.85073],[117.34625,2.85075],[117.34657,2.85094],[117.34675,2.85098],[117.3468,2.851],[117.3469,2.85108],[117.34709,2.85111],[117.34722,2.85123],[117.34742,2.8513],[117.34749,2.85137],[117.34797,2.85189],[117.35014,2.85001],[117.35234,2.84802],[117.35289,2.84736],[117.35318,2.84696],[117.35245,2.84651],[117.35227,2.84643],[117.35181,2.84619],[117.35173,2.84618],[117.35027,2.8455],[117.34629,2.84385],[117.34582,2.84345],[117.34537,2.84296],[117.3452,2.84303],[117.34429,2.84366]]]]},"properties":{"kdprov":"65","kdkab":"02","kdkec":"040","kddesa":"007","kdsls":"0005","idsls":"65020400070005","nmprov":"KALIMANTAN UTARA","nmkab":"BULUNGAN","nmkec":"TANJUNG PALAS","nmdesa":"TANJUNG PALAS HILIR","nmsls":"RT 005"}},{"type":"Feature","geometry":{"type":"MultiPolygon","coordinates":[[[[117.34373,2.85559],[117.34475,2.85473],[117.34674,2.85302],[117.34751,2.85233],[117.34797,2.85189],[117.34749,2.85137],[117.34742,2.8513],[117.34722,2.85123],[117.34709,2.85111],[117.3469,2.85108],[117.3468,2.851],[117.34675,2.85098],[117.34657,2.85094],[117.34625,2.85075],[117.34623,2.85073],[117.34612,2.85052],[117.34605,2.85031],[117.34561,2.85036],[117.3452,2.85027],[117.34493,2.84994],[117.34468,2.84962],[117.34437,2.84917],[117.34414,2.84871],[117.34358,2.84791],[117.34336,2.8473],[117.34299,2.84662],[117.34221,2.84549],[117.34171,2.84593],[117.34044,2.84695],[117.33918,2.848],[117.33892,2.8482],[117.33778,2.84906],[117.33679,2.84989],[117.33679,2.84989],[117.3373,2.85049],[117.33729,2.85049],[117.33729,2.85049],[117.33845,2.8515],[117.34159,2.854],[117.34373,2.85559]]]]},"properties":{"kdprov":"65","kdkab":"02","kdkec":"040","kddesa":"007","kdsls":"0006","idsls":"65020400070006","nmprov":"KALIMANTAN UTARA","nmkab":"BULUNGAN","nmkec":"TANJUNG PALAS","nmdesa":"TANJUNG PALAS HILIR","nmsls":"RT 006"}},{"type":"Feature","geometry":{"type":"MultiPolygon","coordinates":[[[[117.33644,2.87125],[117.33654,2.87026],[117.3368,2.86888],[117.3368,2.86888],[117.33682,2.86873],[117.33572,2.8688],[117.3347,2.86877],[117.33382,2.86862],[117.33193,2.86846],[117.33016,2.86827],[117.32992,2.86823],[117.32894,2.8681],[117.32889,2.86809],[117.3289,2.86831],[117.32892,2.86864],[117.32909,2.86886],[117.32912,2.86895],[117.32897,2.86923],[117.32929,2.8701],[117.3295,2.87041],[117.32964,2.87042],[117.33001,2.87043],[117.33062,2.87046],[117.33062,2.87048],[117.33063,2.87049],[117.33351,2.87074],[117.3347,2.87141],[117.33515,2.87136],[117.3357,2.87134],[117.33644,2.87125]]]]},"properties":{"kdprov":"65","kdkab":"02","kdkec":"040","kddesa":"008","kdsls":"0003","idsls":"65020400080003","nmprov":"KALIMANTAN UTARA","nmkab":"BULUNGAN","nmkec":"TANJUNG PALAS","nmdesa":"TERAS BARU","nmsls":"RT 003"}},{"type":"Feature","geometry":{"type":"MultiPolygon","coordinates":[[[[117.33703,2.86738],[117.33723,2.86662],[117.33788,2.86475],[117.33791,2.86465],[117.33714,2.8643],[117.33668,2.86412],[117.33527,2.86338],[117.33385,2.86313],[117.33323,2.86319],[117.33239,2.86299],[117.33139,2.86276],[117.33127,2.86312],[117.33119,2.86327],[117.33112,2.86349],[117.33101,2.86371],[117.33094,2.86388],[117.3307,2.86432],[117.33055,2.8646],[117.33036,2.86477],[117.3302,2.86506],[117.33001,2.86536],[117.32997,2.86552],[117.33418,2.8668],[117.33494,2.86699],[117.33546,2.86701],[117.33605,2.86717],[117.33703,2.86738]]]]},"properties":{"kdprov":"65","kdkab":"02","kdkec":"040","kddesa":"008","kdsls":"0001","idsls":"65020400080001","nmprov":"KALIMANTAN UTARA","nmkab":"BULUNGAN","nmkec":"TANJUNG PALAS","nmdesa":"TERAS BARU","nmsls":"RT 001"}},{"type":"Feature","geometry":{"type":"MultiPolygon","coordinates":[[[[117.32589,2.79703],[117.328,2.79408],[117.33073,2.7893],[117.33173,2.78663],[117.33229,2.78478],[117.33227,2.78468],[117.33238,2.78453],[117.33248,2.78375],[117.33254,2.78295],[117.33255,2.78292],[117.33252,2.78284],[117.3325,2.78208],[117.33246,2.7811],[117.33246,2.77992],[117.3325,2.77874],[117.33245,2.77877],[117.33243,2.77873],[117.33231,2.77849],[117.33246,2.77835],[117.33231,2.77813],[117.33193,2.77768],[117.33098,2.77776],[117.32952,2.77829],[117.32936,2.7784],[117.32946,2.77967],[117.32935,2.78289],[117.32939,2.78386],[117.32932,2.78775],[117.32806,2.79067],[117.32687,2.79277],[117.32462,2.79629],[117.32284,2.7986],[117.31857,2.80418],[117.31859,2.80449],[117.31956,2.80534],[117.31966,2.80513],[117.31992,2.80475],[117.32028,2.8042],[117.32052,2.8037],[117.32237,2.80133],[117.32292,2.80059],[117.32382,2.79951],[117.32589,2.79703]]]]},"properties":{"kdprov":"65","kdkab":"02","kdkec":"040","kddesa":"002","kdsls":"0003","idsls":"65020400020003","nmprov":"KALIMANTAN UTARA","nmkab":"BULUNGAN","nmkec":"TANJUNG PALAS","nmdesa":"PEJALIN","nmsls":"RT 003"}},{"type":"Feature","geometry":{"type":"MultiPolygon","coordinates":[[[[117.26008,2.92579],[117.26034,2.92579],[117.26081,2.92651],[117.26128,2.92679],[117.26169,2.92687],[117.2621,2.92749],[117.26256,2.92898],[117.26296,2.92941],[117.26356,2.93131],[117.26384,2.93142],[117.26441,2.93292],[117.26566,2.93408],[117.26566,2.93558],[117.26399,2.93557],[117.26401,2.93841],[117.26807,2.9386],[117.26789,2.9356],[117.27488,2.93591],[117.27488,2.92351],[117.27276,2.92265],[117.27276,2.92174],[117.27242,2.92095],[117.2709,2.9195],[117.26419,2.91939],[117.26289,2.91982],[117.26091,2.9199],[117.26091,2.92017],[117.2609,2.92067],[117.26091,2.92084],[117.26077,2.92107],[117.26071,2.9212],[117.26054,2.92169],[117.26045,2.92192],[117.2606,2.92223],[117.26083,2.92271],[117.26085,2.92274],[117.26092,2.92291],[117.26093,2.92291],[117.26093,2.92325],[117.26086,2.92355],[117.26083,2.92367],[117.2608,2.92373],[117.26074,2.92381],[117.26073,2.92384],[117.26068,2.92425],[117.26064,2.92449],[117.2605,2.92479],[117.26043,2.92493],[117.26026,2.92532],[117.26012,2.92568],[117.26008,2.92579]]]]},"properties":{"kdprov":"65","kdkab":"02","kdkec":"040","kddesa":"007","kdsls":"0007","idsls":"65020400070007","nmprov":"KALIMANTAN UTARA","nmkab":"BULUNGAN","nmkec":"TANJUNG PALAS","nmdesa":"TANJUNG PALAS HILIR","nmsls":"RT 007"}},{"type":"Feature","geometry":{"type":"MultiPolygon","coordinates":[[[[117.33672,2.87424],[117.33656,2.87364],[117.33573,2.87399],[117.33434,2.87432],[117.33357,2.87432],[117.3329,2.87432],[117.33249,2.87431],[117.33164,2.87435],[117.33149,2.87385],[117.33129,2.87359],[117.3311,2.87319],[117.33073,2.87287],[117.33025,2.87252],[117.33014,2.87208],[117.33003,2.87173],[117.32975,2.87126],[117.32968,2.87067],[117.3295,2.87041],[117.32929,2.8701],[117.32897,2.86923],[117.32912,2.86895],[117.32909,2.86886],[117.32892,2.86864],[117.3289,2.86831],[117.32889,2.86809],[117.32888,2.86799],[117.32879,2.8671],[117.3292,2.86667],[117.32946,2.86645],[117.3297,2.86617],[117.32988,2.86576],[117.32995,2.86558],[117.32997,2.86552],[117.33001,2.86536],[117.3302,2.86506],[117.33036,2.86477],[117.33055,2.8646],[117.3307,2.86432],[117.33094,2.86388],[117.33101,2.86371],[117.33112,2.86349],[117.33119,2.86327],[117.33127,2.86312],[117.33139,2.86276],[117.33139,2.86276],[117.33131,2.86276],[117.33027,2.86285],[117.33011,2.86301],[117.32991,2.86322],[117.32977,2.86335],[117.32946,2.86366],[117.32926,2.86386],[117.32922,2.86391],[117.32854,2.86483],[117.32838,2.86504],[117.32789,2.86571],[117.32765,2.86603],[117.32727,2.86653],[117.32718,2.86666],[117.32707,2.86681],[117.32706,2.86684],[117.32693,2.86714],[117.32681,2.86742],[117.32676,2.86757],[117.32673,2.86763],[117.32658,2.86801],[117.32644,2.86834],[117.32639,2.86846],[117.32623,2.86887],[117.32607,2.86923],[117.32592,2.86959],[117.32582,2.86984],[117.32573,2.87004],[117.32573,2.87008],[117.32572,2.87017],[117.32569,2.87038],[117.32567,2.87054],[117.32566,2.87063],[117.32564,2.87076],[117.32563,2.8709],[117.32561,2.87102],[117.3256,2.87113],[117.32558,2.87125],[117.32557,2.87135],[117.32554,2.87155],[117.32551,2.87173],[117.3255,2.87184],[117.32549,2.87194],[117.32547,2.87208],[117.32545,2.87224],[117.32541,2.87243],[117.32539,2.87257],[117.32538,2.87261],[117.32536,2.87277],[117.3253,2.87306],[117.32529,2.87314],[117.32528,2.87323],[117.32526,2.87333],[117.32525,2.87339],[117.32523,2.87349],[117.32521,2.87363],[117.32518,2.87375],[117.32514,2.87398],[117.32509,2.87428],[117.32505,2.87447],[117.325,2.87479],[117.32491,2.87514],[117.32483,2.87542],[117.32477,2.87568],[117.32468,2.87601],[117.32465,2.87613],[117.32462,2.87626],[117.32462,2.87627],[117.32464,2.87639],[117.32465,2.87651],[117.32468,2.87671],[117.3247,2.87688],[117.32472,2.87705],[117.32476,2.87731],[117.32476,2.87751],[117.32476,2.87783],[117.32497,2.87782],[117.32516,2.87781],[117.32521,2.8778],[117.32534,2.87779],[117.3255,2.87779],[117.32566,2.87778],[117.32589,2.87776],[117.32632,2.87774],[117.32636,2.87774],[117.32637,2.87774],[117.32638,2.87774],[117.32644,2.87774],[117.32671,2.87772],[117.32677,2.87772],[117.32682,2.87772],[117.32691,2.87771],[117.3271,2.8777],[117.32716,2.8777],[117.32718,2.8777],[117.32742,2.87768],[117.32762,2.87763],[117.32791,2.87754],[117.32817,2.87746],[117.32833,2.87741],[117.32861,2.87732],[117.32889,2.87724],[117.32904,2.87719],[117.32922,2.87713],[117.32943,2.87707],[117.32966,2.87699],[117.32995,2.87691],[117.33005,2.87688],[117.33022,2.87683],[117.33034,2.87679],[117.33064,2.87669],[117.33102,2.87657],[117.33112,2.87654],[117.3312,2.87652],[117.33143,2.87644],[117.33176,2.87633],[117.33205,2.87624],[117.33225,2.87617],[117.3325,2.87609],[117.33276,2.876],[117.33284,2.87598],[117.33284,2.87598],[117.33286,2.87597],[117.33287,2.87597],[117.33289,2.87596],[117.33289,2.87596],[117.33291,2.87596],[117.33291,2.87596],[117.33291,2.87596],[117.33291,2.87596],[117.33293,2.87595],[117.33297,2.87594],[117.33299,2.87593],[117.333,2.87593],[117.33334,2.87582],[117.33379,2.87567],[117.3343,2.87551],[117.33472,2.87529],[117.33585,2.8747],[117.33607,2.87458],[117.33647,2.87437],[117.33672,2.87424]]]]},"properties":{"kdprov":"65","kdkab":"02","kdkec":"040","kddesa":"008","kdsls":"1001","idsls":"65020400081001","nmprov":"KALIMANTAN UTARA","nmkab":"BULUNGAN","nmkec":"TANJUNG PALAS","nmdesa":"TERAS BARU","nmsls":"SAWAH"}},{"type":"Feature","geometry":{"type":"MultiPolygon","coordinates":[[[[117.34048,2.86438],[117.33966,2.86606],[117.33917,2.86659],[117.33882,2.86845],[117.33895,2.87167],[117.3391,2.87273],[117.34089,2.87319],[117.34228,2.87377],[117.34331,2.87426],[117.34292,2.87622],[117.34267,2.8773],[117.34271,2.8773],[117.3426,2.87816],[117.34235,2.87868],[117.342,2.87886],[117.34148,2.88134],[117.34148,2.88135],[117.34127,2.88326],[117.34096,2.88322],[117.34096,2.88322],[117.33931,2.88326],[117.3393,2.88329],[117.33933,2.88329],[117.33933,2.88329],[117.33934,2.88329],[117.33907,2.88419],[117.33824,2.88622],[117.33699,2.88844],[117.33551,2.88996],[117.33381,2.89107],[117.33274,2.89185],[117.33187,2.89232],[117.33085,2.89324],[117.32873,2.89462],[117.32739,2.89541],[117.32877,2.89587],[117.33039,2.89601],[117.33237,2.89707],[117.33349,2.8978],[117.33362,2.89781],[117.33468,2.89784],[117.33689,2.89784],[117.33877,2.89804],[117.34215,2.89797],[117.34605,2.89784],[117.34956,2.89804],[117.35314,2.89817],[117.36016,2.89836],[117.36399,2.89843],[117.36652,2.89849],[117.36717,2.89849],[117.36721,2.89778],[117.36737,2.89498],[117.3673,2.88939],[117.36704,2.88523],[117.36724,2.88179],[117.36679,2.88064],[117.36678,2.88062],[117.36653,2.88053],[117.36561,2.88023],[117.36386,2.87841],[117.36289,2.87737],[117.361,2.87613],[117.35912,2.87548],[117.35632,2.87477],[117.35548,2.87392],[117.35496,2.87236],[117.35476,2.86905],[117.35457,2.86723],[117.35444,2.86521],[117.35314,2.86437],[117.35158,2.8645],[117.34989,2.86417],[117.34742,2.86437],[117.34547,2.86437],[117.34267,2.8643],[117.34072,2.86437],[117.34066,2.86437],[117.34048,2.86438]]]]},"properties":{"kdprov":"65","kdkab":"02","kdkec":"040","kddesa":"009","kdsls":"1001","idsls":"65020400091001","nmprov":"KALIMANTAN UTARA","nmkab":"BULUNGAN","nmkec":"TANJUNG PALAS","nmdesa":"TERAS NAWANG","nmsls":"SAWAH"}},{"type":"Feature","geometry":{"type":"MultiPolygon","coordinates":[[[[117.33291,2.80045],[117.32907,2.79743],[117.32926,2.79702],[117.32913,2.79718],[117.32765,2.79888],[117.32558,2.8011],[117.32439,2.8028],[117.32373,2.80435],[117.32277,2.8062],[117.32203,2.80731],[117.32154,2.80803],[117.32158,2.80811],[117.32157,2.80813],[117.32157,2.80813],[117.32156,2.80819],[117.32164,2.80847],[117.32164,2.80847],[117.32143,2.80891],[117.32128,2.81013],[117.32128,2.81128],[117.32214,2.81187],[117.32314,2.81291],[117.32358,2.81354],[117.3241,2.81439],[117.32447,2.81498],[117.32613,2.8192],[117.32765,2.82038],[117.32898,2.82112],[117.32987,2.82138],[117.33013,2.82146],[117.33072,2.82146],[117.33109,2.82079],[117.3315,2.8195],[117.33194,2.81805],[117.33194,2.81669],[117.33187,2.81565],[117.3316,2.81413],[117.33154,2.81266],[117.33161,2.81201],[117.33187,2.80977],[117.33171,2.8086],[117.33152,2.80713],[117.33124,2.80499],[117.33162,2.80406],[117.33166,2.80247],[117.33204,2.80155],[117.33291,2.80045]]]]},"properties":{"kdprov":"65","kdkab":"02","kdkec":"040","kddesa":"002","kdsls":"2005","idsls":"65020400022005","nmprov":"KALIMANTAN UTARA","nmkab":"BULUNGAN","nmkec":"TANJUNG PALAS","nmdesa":"PEJALIN","nmsls":"HUTAN"}},{"type":"Feature","geometry":{"type":"MultiPolygon","coordinates":[[[[117.30192,2.75225],[117.30185,2.75313],[117.30162,2.75309],[117.30144,2.75397],[117.30122,2.755],[117.30122,2.755],[117.30176,2.75512],[117.30159,2.75711],[117.30157,2.75726],[117.3016,2.75769],[117.30264,2.7601],[117.30266,2.76013],[117.30658,2.75683],[117.30626,2.75623],[117.3055,2.75448],[117.30426,2.75306],[117.30261,2.75234],[117.30192,2.75225]]]]},"properties":{"kdprov":"65","kdkab":"02","kdkec":"040","kddesa":"001","kdsls":"0011","idsls":"65020400010011","nmprov":"KALIMANTAN UTARA","nmkab":"BULUNGAN","nmkec":"TANJUNG PALAS","nmdesa":"ANTUTAN","nmsls":"RT 011 RW 003"}},{"type":"Feature","geometry":{"type":"MultiPolygon","coordinates":[[[[117.30021,2.75487],[117.30003,2.75581],[117.3,2.75602],[117.30052,2.75622],[117.30043,2.75686],[117.30157,2.75726],[117.30159,2.75711],[117.30176,2.75512],[117.30122,2.755],[117.30121,2.75507],[117.30093,2.75501],[117.30092,2.75504],[117.30021,2.75487]]]]},"properties":{"kdprov":"65","kdkab":"02","kdkec":"040","kddesa":"001","kdsls":"0009","idsls":"65020400010009","nmprov":"KALIMANTAN UTARA","nmkab":"BULUNGAN","nmkec":"TANJUNG PALAS","nmdesa":"ANTUTAN","nmsls":"RT 009 RW 002"}},{"type":"Feature","geometry":{"type":"MultiPolygon","coordinates":[[[[117.29388,2.7521],[117.29406,2.74463],[117.29407,2.74463],[117.29277,2.74373],[117.29188,2.74284],[117.28996,2.74077],[117.28863,2.73678],[117.28848,2.73604],[117.28848,2.73485],[117.28863,2.73293],[117.28922,2.73116],[117.28937,2.72953],[117.28937,2.7282],[117.28877,2.72628],[117.28818,2.7248],[117.2867,2.72287],[117.28581,2.72199],[117.28507,2.72228],[117.28389,2.72302],[117.28359,2.72465],[117.28256,2.72524],[117.28196,2.7248],[117.28019,2.72465],[117.2796,2.72568],[117.27856,2.72716],[117.27752,2.72849],[117.27663,2.72968],[117.27517,2.72968],[117.27533,2.73002],[117.27589,2.73123],[117.27288,2.74048],[117.27262,2.74068],[117.27309,2.74087],[117.27306,2.74307],[117.27461,2.74337],[117.27661,2.74447],[117.27817,2.74573],[117.27994,2.74714],[117.28172,2.74839],[117.28459,2.75004],[117.2854,2.7507],[117.28725,2.75189],[117.29227,2.75307],[117.29293,2.75285],[117.29375,2.75218],[117.29388,2.7521]]]]},"properties":{"kdprov":"65","kdkab":"02","kdkec":"040","kddesa":"001","kdsls":"2002","idsls":"65020400012002","nmprov":"KALIMANTAN UTARA","nmkab":"BULUNGAN","nmkec":"TANJUNG PALAS","nmdesa":"ANTUTAN","nmsls":"HUTAN"}},{"type":"Feature","geometry":{"type":"MultiPolygon","coordinates":[[[[117.32946,2.76913],[117.32917,2.76891],[117.32884,2.76864],[117.32924,2.76797],[117.3297,2.76764],[117.33037,2.76711],[117.33124,2.76664],[117.33197,2.76624],[117.33237,2.76518],[117.33257,2.76471],[117.33261,2.76467],[117.33317,2.76411],[117.33384,2.76311],[117.33427,2.76127],[117.33551,2.75601],[117.33568,2.75529],[117.33693,2.74995],[117.33912,2.74063],[117.33987,2.73746],[117.34069,2.73397],[117.3485,2.70074],[117.35229,2.68459],[117.35195,2.6818],[117.35229,2.67887],[117.35303,2.67244],[117.35571,2.63961],[117.35508,2.6268],[117.35501,2.62544],[117.35459,2.61681],[117.35443,2.6135],[117.35436,2.61217],[117.3533,2.60628],[117.34253,2.61105],[117.33878,2.61271],[117.33763,2.61323],[117.32576,2.61862],[117.32464,2.61913],[117.31902,2.61842],[117.30243,2.61631],[117.29698,2.61561],[117.29061,2.61504],[117.27793,2.61389],[117.27627,2.61374],[117.27581,2.6137],[117.27288,2.61343],[117.27039,2.61321],[117.269,2.61308],[117.26891,2.61307],[117.269,2.61364],[117.26919,2.61475],[117.26924,2.61503],[117.26974,2.61858],[117.26985,2.61933],[117.27012,2.6212],[117.27047,2.62364],[117.27049,2.62381],[117.27068,2.62514],[117.27074,2.62555],[117.27005,2.64324],[117.27022,2.64452],[117.27288,2.6777],[117.2734,2.6851],[117.27404,2.69238],[117.27542,2.71077],[117.27693,2.71909],[117.2745,2.72823],[117.27517,2.72968],[117.27663,2.72968],[117.27752,2.72849],[117.27856,2.72716],[117.2796,2.72568],[117.28019,2.72465],[117.28196,2.7248],[117.28256,2.72524],[117.28359,2.72465],[117.28389,2.72302],[117.28507,2.72228],[117.28581,2.72199],[117.2867,2.72287],[117.28818,2.7248],[117.28877,2.72628],[117.28937,2.7282],[117.28937,2.72953],[117.28922,2.73116],[117.28863,2.73293],[117.28848,2.73485],[117.28848,2.73604],[117.28863,2.73678],[117.28996,2.74077],[117.29188,2.74284],[117.29277,2.74373],[117.29407,2.74463],[117.30187,2.74456],[117.30187,2.74796],[117.30182,2.74912],[117.30307,2.74952],[117.30344,2.74967],[117.30478,2.75063],[117.30589,2.75203],[117.30663,2.75337],[117.30766,2.75499],[117.30833,2.75618],[117.30951,2.75825],[117.31164,2.76307],[117.31194,2.76344],[117.31246,2.76447],[117.31357,2.76588],[117.31475,2.76773],[117.31599,2.76946],[117.31631,2.77071],[117.31864,2.7739],[117.31882,2.77472],[117.31941,2.77504],[117.32,2.77695],[117.3205,2.778],[117.32201,2.77873],[117.32301,2.77873],[117.32348,2.77864],[117.32351,2.77855],[117.32352,2.77851],[117.32355,2.77845],[117.3236,2.7783],[117.32303,2.77686],[117.32392,2.77413],[117.32479,2.77265],[117.32483,2.77235],[117.32669,2.77046],[117.32729,2.76985],[117.32946,2.76913]]]]},"properties":{"kdprov":"65","kdkab":"02","kdkec":"040","kddesa":"001","kdsls":"2003","idsls":"65020400012003","nmprov":"KALIMANTAN UTARA","nmkab":"BULUNGAN","nmkec":"TANJUNG PALAS","nmdesa":"ANTUTAN","nmsls":"HUTAN"}},{"type":"Feature","geometry":{"type":"MultiPolygon","coordinates":[[[[117.33362,2.89781],[117.33468,2.89856],[117.33764,2.90022],[117.33985,2.90156],[117.34221,2.90345],[117.34347,2.90525],[117.34882,2.90539],[117.35123,2.90545],[117.35313,2.9055],[117.35729,2.90561],[117.36138,2.90572],[117.36338,2.90577],[117.36519,2.90582],[117.37148,2.90599],[117.3715,2.90599],[117.37241,2.90626],[117.37253,2.90629],[117.3726,2.90631],[117.37387,2.90646],[117.37468,2.9064],[117.37503,2.90637],[117.37633,2.90655],[117.37775,2.90707],[117.37821,2.90742],[117.37821,2.90742],[117.37943,2.90829],[117.38382,2.90315],[117.38669,2.89979],[117.38823,2.9012],[117.38825,2.90117],[117.39237,2.9041],[117.39748,2.90894],[117.39816,2.90976],[117.39823,2.90974],[117.39824,2.91039],[117.3985,2.91076],[117.3991,2.91083],[117.39957,2.91049],[117.40141,2.9079],[117.40359,2.90494],[117.40455,2.90454],[117.4052,2.90434],[117.40562,2.90443],[117.40605,2.90464],[117.40638,2.90477],[117.40676,2.90486],[117.40682,2.90469],[117.40749,2.90383],[117.40844,2.90306],[117.41092,2.9009],[117.41216,2.90014],[117.41301,2.89947],[117.41396,2.89879],[117.41454,2.89622],[117.41425,2.89411],[117.41411,2.89328],[117.41364,2.89042],[117.41358,2.89008],[117.4132,2.88922],[117.41206,2.88846],[117.41037,2.88733],[117.4091,2.88655],[117.40815,2.88607],[117.4072,2.88607],[117.40681,2.88616],[117.40615,2.88684],[117.4052,2.88808],[117.4032,2.88942],[117.40196,2.88991],[117.40129,2.89],[117.40015,2.88981],[117.39965,2.88944],[117.39948,2.88933],[117.39901,2.88856],[117.39864,2.88753],[117.39853,2.88722],[117.39853,2.88674],[117.39834,2.88549],[117.39767,2.88319],[117.39719,2.88129],[117.39587,2.87853],[117.39424,2.8764],[117.39215,2.87477],[117.38824,2.87406],[117.38396,2.87406],[117.37815,2.87377],[117.3751,2.87415],[117.37377,2.87435],[117.37305,2.87435],[117.36986,2.87903],[117.36679,2.88064],[117.36724,2.88179],[117.36704,2.88523],[117.3673,2.88939],[117.36737,2.89498],[117.36721,2.89778],[117.36717,2.89849],[117.36652,2.89849],[117.36399,2.89843],[117.36016,2.89836],[117.35314,2.89817],[117.34956,2.89804],[117.34605,2.89784],[117.34215,2.89797],[117.33877,2.89804],[117.33689,2.89784],[117.33468,2.89784],[117.33362,2.89781]]]]},"properties":{"kdprov":"65","kdkab":"02","kdkec":"040","kddesa":"007","kdsls":"0009","idsls":"65020400070009","nmprov":"KALIMANTAN UTARA","nmkab":"BULUNGAN","nmkec":"TANJUNG PALAS","nmdesa":"TANJUNG PALAS HILIR","nmsls":"RT 009"}},{"type":"Feature","geometry":{"type":"MultiPolygon","coordinates":[[[[117.36679,2.88064],[117.36986,2.87903],[117.37305,2.87435],[117.37215,2.87435],[117.37184,2.87423],[117.37063,2.87378],[117.36829,2.87293],[117.36784,2.87266],[117.36672,2.87196],[117.36329,2.86851],[117.36205,2.8667],[117.36063,2.86239],[117.36015,2.85989],[117.35998,2.85586],[117.35914,2.85219],[117.35883,2.84985],[117.35832,2.84683],[117.35767,2.84525],[117.3568,2.84479],[117.35664,2.8447],[117.35624,2.84448],[117.35557,2.84477],[117.35519,2.84535],[117.35471,2.84621],[117.35464,2.84637],[117.35414,2.84746],[117.3532,2.84869],[117.35176,2.85022],[117.35005,2.85157],[117.3491,2.85243],[117.34879,2.85263],[117.3469,2.85462],[117.34531,2.85709],[117.3435,2.86027],[117.34288,2.86094],[117.34116,2.86284],[117.34043,2.86438],[117.34048,2.86438],[117.34066,2.86437],[117.34072,2.86437],[117.34267,2.8643],[117.34547,2.86437],[117.34742,2.86437],[117.34989,2.86417],[117.35158,2.8645],[117.35314,2.86437],[117.35444,2.86521],[117.35457,2.86723],[117.35476,2.86905],[117.35496,2.87236],[117.35548,2.87392],[117.35632,2.87477],[117.35912,2.87548],[117.361,2.87613],[117.36289,2.87737],[117.36386,2.87841],[117.36561,2.88023],[117.36653,2.88053],[117.36678,2.88062],[117.36679,2.88064]]]]},"properties":{"kdprov":"65","kdkab":"02","kdkec":"040","kddesa":"007","kdsls":"0008","idsls":"65020400070008","nmprov":"KALIMANTAN UTARA","nmkab":"BULUNGAN","nmkec":"TANJUNG PALAS","nmdesa":"TANJUNG PALAS HILIR","nmsls":"RT 008"}},{"type":"Feature","geometry":{"type":"MultiPolygon","coordinates":[[[[117.41087,2.91399],[117.41066,2.91301],[117.41081,2.9119],[117.40985,2.91146],[117.40828,2.9106],[117.40808,2.91049],[117.408,2.91038],[117.40138,2.91806],[117.40158,2.91823],[117.39559,2.92496],[117.39679,2.92644],[117.39855,2.92806],[117.40052,2.92949],[117.4026,2.9306],[117.40288,2.93075],[117.40399,2.93098],[117.40515,2.93108],[117.40533,2.93106],[117.40538,2.93105],[117.40673,2.93086],[117.4082,2.93046],[117.4095,2.92996],[117.41174,2.92857],[117.41199,2.92838],[117.41283,2.9276],[117.41393,2.92528],[117.41397,2.92497],[117.4142,2.92341],[117.41416,2.92146],[117.4141,2.92058],[117.41406,2.92006],[117.41285,2.91764],[117.41205,2.91636],[117.41111,2.91487],[117.41096,2.91442],[117.41087,2.91399]]]]},"properties":{"kdprov":"65","kdkab":"02","kdkec":"040","kddesa":"007","kdsls":"0012","idsls":"65020400070012","nmprov":"KALIMANTAN UTARA","nmkab":"BULUNGAN","nmkec":"TANJUNG PALAS","nmdesa":"TANJUNG PALAS HILIR","nmsls":"RT 012"}},{"type":"Feature","geometry":{"type":"MultiPolygon","coordinates":[[[[117.408,2.91038],[117.40705,2.90908],[117.40645,2.90735],[117.40664,2.90605],[117.40682,2.90542],[117.40665,2.90518],[117.40676,2.90486],[117.40638,2.90477],[117.40605,2.90464],[117.40562,2.90443],[117.4052,2.90434],[117.40455,2.90454],[117.40359,2.90494],[117.40141,2.9079],[117.39957,2.91049],[117.3991,2.91083],[117.3985,2.91076],[117.39824,2.91039],[117.39823,2.90974],[117.39816,2.90976],[117.39748,2.90894],[117.39237,2.9041],[117.38825,2.90117],[117.38823,2.9012],[117.38669,2.89979],[117.38382,2.90315],[117.38555,2.9046],[117.3856,2.90454],[117.38566,2.9046],[117.39335,2.91117],[117.38921,2.91588],[117.38944,2.91623],[117.38946,2.91626],[117.39003,2.91747],[117.39047,2.918],[117.3907,2.91826],[117.39082,2.91837],[117.3916,2.91915],[117.3917,2.91943],[117.3918,2.91974],[117.39258,2.92127],[117.39288,2.92167],[117.39341,2.92233],[117.39505,2.92429],[117.39559,2.92496],[117.40158,2.91823],[117.40138,2.91806],[117.408,2.91038]]]]},"properties":{"kdprov":"65","kdkab":"02","kdkec":"040","kddesa":"007","kdsls":"0013","idsls":"65020400070013","nmprov":"KALIMANTAN UTARA","nmkab":"BULUNGAN","nmkec":"TANJUNG PALAS","nmdesa":"TANJUNG PALAS HILIR","nmsls":"RT 013"}},{"type":"Feature","geometry":{"type":"MultiPolygon","coordinates":[[[[117.38382,2.90315],[117.37943,2.90829],[117.37821,2.90742],[117.37821,2.90742],[117.37853,2.90766],[117.3804,2.9091],[117.38165,2.91017],[117.38175,2.91026],[117.38337,2.91136],[117.38357,2.9115],[117.38471,2.91218],[117.38596,2.91292],[117.38734,2.91378],[117.38753,2.91396],[117.38865,2.91501],[117.38893,2.91544],[117.38921,2.91588],[117.39335,2.91117],[117.38566,2.9046],[117.3856,2.90454],[117.38555,2.9046],[117.38382,2.90315]]]]},"properties":{"kdprov":"65","kdkab":"02","kdkec":"040","kddesa":"007","kdsls":"0014","idsls":"65020400070014","nmprov":"KALIMANTAN UTARA","nmkab":"BULUNGAN","nmkec":"TANJUNG PALAS","nmdesa":"TANJUNG PALAS HILIR","nmsls":"RT 014"}},{"type":"Feature","geometry":{"type":"MultiPolygon","coordinates":[[[[117.30459,2.90545],[117.31856,2.9052],[117.32183,2.90075],[117.32089,2.89986],[117.32085,2.89905],[117.32153,2.89748],[117.32225,2.89629],[117.32323,2.89425],[117.32315,2.89309],[117.32353,2.89228],[117.3246,2.89079],[117.32528,2.89066],[117.32702,2.89079],[117.32813,2.89049],[117.32949,2.88913],[117.33069,2.88735],[117.33324,2.87824],[117.33293,2.87595],[117.33291,2.87596],[117.33291,2.87596],[117.33291,2.87596],[117.33291,2.87596],[117.33289,2.87596],[117.33289,2.87596],[117.33287,2.87597],[117.33286,2.87597],[117.33284,2.87598],[117.33284,2.87598],[117.33276,2.876],[117.3325,2.87609],[117.33225,2.87617],[117.33205,2.87624],[117.33176,2.87633],[117.33143,2.87644],[117.3312,2.87652],[117.33112,2.87654],[117.33102,2.87657],[117.33064,2.87669],[117.33034,2.87679],[117.33022,2.87683],[117.33005,2.87688],[117.32995,2.87691],[117.32966,2.87699],[117.32943,2.87707],[117.32922,2.87713],[117.32904,2.87719],[117.32889,2.87724],[117.32861,2.87732],[117.32833,2.87741],[117.32817,2.87746],[117.32791,2.87754],[117.32762,2.87763],[117.32742,2.87768],[117.32718,2.8777],[117.32716,2.8777],[117.3271,2.8777],[117.32691,2.87771],[117.32682,2.87772],[117.32677,2.87772],[117.32671,2.87772],[117.32644,2.87774],[117.32638,2.87774],[117.32637,2.87774],[117.32636,2.87774],[117.32632,2.87774],[117.32589,2.87776],[117.32566,2.87778],[117.3255,2.87779],[117.32534,2.87779],[117.32521,2.8778],[117.32516,2.87781],[117.32497,2.87782],[117.32476,2.87783],[117.32476,2.87751],[117.32476,2.87731],[117.32472,2.87705],[117.3247,2.87688],[117.32468,2.87671],[117.32465,2.87651],[117.32464,2.87639],[117.32462,2.87627],[117.32462,2.87626],[117.32465,2.87613],[117.32468,2.87601],[117.32477,2.87568],[117.32483,2.87542],[117.32491,2.87514],[117.325,2.87479],[117.32505,2.87447],[117.32509,2.87428],[117.32514,2.87398],[117.32518,2.87375],[117.32521,2.87363],[117.32523,2.87349],[117.32525,2.87339],[117.32526,2.87333],[117.32528,2.87323],[117.32529,2.87314],[117.3253,2.87306],[117.32536,2.87277],[117.32538,2.87261],[117.32539,2.87257],[117.32541,2.87243],[117.32545,2.87224],[117.32547,2.87208],[117.32549,2.87194],[117.3255,2.87184],[117.32551,2.87173],[117.32554,2.87155],[117.32557,2.87135],[117.32558,2.87125],[117.3256,2.87113],[117.32561,2.87102],[117.32563,2.8709],[117.32564,2.87076],[117.32566,2.87063],[117.32567,2.87054],[117.32569,2.87038],[117.32572,2.87017],[117.32573,2.87008],[117.32573,2.87004],[117.32582,2.86984],[117.32592,2.86959],[117.32607,2.86923],[117.32623,2.86887],[117.32639,2.86846],[117.32644,2.86834],[117.32658,2.86801],[117.32673,2.86763],[117.32676,2.86757],[117.32681,2.86742],[117.32693,2.86714],[117.32706,2.86684],[117.32707,2.86681],[117.32718,2.86666],[117.32727,2.86653],[117.32765,2.86603],[117.32789,2.86571],[117.32838,2.86504],[117.32854,2.86483],[117.32922,2.86391],[117.32926,2.86386],[117.32946,2.86366],[117.32977,2.86335],[117.32991,2.86322],[117.33011,2.86301],[117.33027,2.86285],[117.33131,2.86276],[117.33152,2.86202],[117.33154,2.86134],[117.33137,2.86064],[117.33115,2.86015],[117.33109,2.8599],[117.33114,2.85961],[117.33105,2.85942],[117.33087,2.85933],[117.33057,2.85908],[117.33035,2.85892],[117.33031,2.85881],[117.33029,2.85851],[117.33017,2.85832],[117.32988,2.85812],[117.32973,2.85793],[117.32959,2.8578],[117.3296,2.8576],[117.32925,2.85719],[117.32825,2.85448],[117.32799,2.8544],[117.32743,2.85435],[117.32694,2.85439],[117.32643,2.85457],[117.32602,2.85491],[117.32558,2.85515],[117.32531,2.85524],[117.32506,2.85528],[117.32415,2.85533],[117.32344,2.85535],[117.32085,2.85533],[117.31807,2.85515],[117.31764,2.85502],[117.31694,2.85479],[117.31682,2.85475],[117.31653,2.85466],[117.31607,2.85461],[117.31577,2.85458],[117.31521,2.85452],[117.31449,2.85445],[117.31385,2.85438],[117.31379,2.85438],[117.31373,2.85437],[117.31369,2.85436],[117.31299,2.85412],[117.31232,2.85389],[117.3116,2.85363],[117.31086,2.85338],[117.31011,2.85313],[117.30988,2.85304],[117.30944,2.8529],[117.30925,2.8527],[117.30915,2.8526],[117.30899,2.85242],[117.30881,2.85222],[117.30863,2.85205],[117.30825,2.85252],[117.30818,2.85263],[117.3078,2.85327],[117.30749,2.85379],[117.30711,2.85443],[117.30676,2.85502],[117.30651,2.85544],[117.3063,2.85598],[117.30604,2.85663],[117.30577,2.85729],[117.30553,2.8579],[117.30528,2.85853],[117.30501,2.85921],[117.30476,2.85983],[117.30462,2.86018],[117.30452,2.86048],[117.30431,2.86105],[117.30421,2.86136],[117.304,2.86171],[117.3036,2.86236],[117.30324,2.86295],[117.30298,2.86349],[117.30293,2.86362],[117.30269,2.86428],[117.30251,2.86488],[117.30235,2.8654],[117.30229,2.86552],[117.30198,2.86609],[117.30184,2.86631],[117.30169,2.86656],[117.30058,2.86634],[117.30027,2.86669],[117.29967,2.86685],[117.29898,2.86675],[117.29876,2.86666],[117.29844,2.86631],[117.29801,2.86608],[117.29759,2.86622],[117.29733,2.86616],[117.2971,2.86582],[117.29665,2.86567],[117.29583,2.86571],[117.29583,2.86571],[117.29493,2.86541],[117.29431,2.86511],[117.29358,2.86469],[117.29332,2.86454],[117.29278,2.86427],[117.29262,2.86414],[117.29231,2.86389],[117.2923,2.86389],[117.29207,2.86395],[117.29192,2.86399],[117.29173,2.86411],[117.29153,2.86425],[117.29127,2.8644],[117.29105,2.86452],[117.29065,2.86474],[117.29048,2.86478],[117.29036,2.8648],[117.28972,2.86493],[117.28945,2.86498],[117.28895,2.86498],[117.28819,2.86498],[117.28744,2.86491],[117.28665,2.86484],[117.28665,2.86492],[117.28665,2.86496],[117.28665,2.86504],[117.28665,2.86505],[117.28665,2.86541],[117.28665,2.86544],[117.28666,2.86552],[117.28672,2.86598],[117.28674,2.86616],[117.28669,2.86651],[117.28666,2.86662],[117.2866,2.86705],[117.28656,2.86726],[117.28651,2.86754],[117.2865,2.86756],[117.28646,2.86761],[117.28612,2.86809],[117.28605,2.86819],[117.28597,2.86829],[117.28571,2.86861],[117.28543,2.86896],[117.28537,2.86914],[117.28524,2.86952],[117.28511,2.8696],[117.28481,2.86976],[117.28448,2.86977],[117.28385,2.86977],[117.28368,2.86984],[117.28304,2.8701],[117.28291,2.8702],[117.28244,2.87052],[117.2824,2.8706],[117.28236,2.87068],[117.28221,2.87101],[117.28214,2.87114],[117.28201,2.87142],[117.282,2.87149],[117.28187,2.87199],[117.28182,2.87218],[117.2818,2.87223],[117.28165,2.87248],[117.28144,2.87285],[117.28142,2.87297],[117.28141,2.87308],[117.28139,2.87332],[117.28139,2.87349],[117.28139,2.87372],[117.28158,2.8739],[117.28164,2.87403],[117.28178,2.87429],[117.28185,2.87454],[117.28191,2.87471],[117.28185,2.87507],[117.28181,2.87529],[117.28161,2.8756],[117.28129,2.87609],[117.28096,2.87609],[117.28068,2.87619],[117.28025,2.876],[117.28023,2.876],[117.27944,2.87599],[117.27868,2.87576],[117.27866,2.87571],[117.27859,2.87548],[117.2784,2.87517],[117.27821,2.87486],[117.27768,2.87461],[117.27761,2.87465],[117.27711,2.8749],[117.27682,2.87512],[117.27649,2.87537],[117.27648,2.87539],[117.27623,2.87565],[117.27619,2.87569],[117.27573,2.87618],[117.27568,2.87626],[117.27537,2.8767],[117.2753,2.87679],[117.27512,2.87724],[117.27492,2.87771],[117.27484,2.8779],[117.27474,2.87813],[117.27452,2.8786],[117.27432,2.87904],[117.27425,2.87919],[117.27416,2.87954],[117.27405,2.88003],[117.27396,2.88058],[117.27387,2.88102],[117.27383,2.88126],[117.27377,2.88152],[117.27376,2.88155],[117.27362,2.88192],[117.27356,2.88206],[117.27353,2.88241],[117.27353,2.88248],[117.27352,2.88261],[117.27349,2.88275],[117.27346,2.88293],[117.27331,2.88336],[117.27323,2.88363],[117.27323,2.88377],[117.27323,2.88468],[117.27322,2.88468],[117.2728,2.88491],[117.27261,2.88509],[117.27214,2.88553],[117.27214,2.88554],[117.2721,2.88604],[117.27209,2.88618],[117.27199,2.88657],[117.27185,2.88705],[117.27161,2.88749],[117.27181,2.88794],[117.27189,2.88816],[117.27189,2.88847],[117.2719,2.88862],[117.27175,2.88896],[117.27164,2.88922],[117.27151,2.88949],[117.2715,2.88967],[117.27147,2.88996],[117.27146,2.88996],[117.27109,2.8904],[117.27066,2.89091],[117.27,2.89134],[117.26976,2.89134],[117.26975,2.89135],[117.2697,2.89153],[117.26976,2.89183],[117.26984,2.89235],[117.26995,2.89286],[117.27004,2.89333],[117.27003,2.8934],[117.26999,2.89383],[117.26994,2.89415],[117.2698,2.8943],[117.26967,2.89442],[117.26927,2.8948],[117.26886,2.89519],[117.26859,2.89546],[117.26859,2.89558],[117.26859,2.89611],[117.26859,2.89663],[117.26859,2.89714],[117.26859,2.89767],[117.26859,2.89779],[117.26859,2.89793],[117.26843,2.89819],[117.26835,2.89831],[117.26802,2.8987],[117.26797,2.89878],[117.26778,2.89918],[117.26787,2.89962],[117.26788,2.89971],[117.26791,2.90019],[117.26791,2.90028],[117.26793,2.90042],[117.26801,2.90072],[117.26807,2.90093],[117.26787,2.90126],[117.26759,2.90146],[117.2674,2.90159],[117.26729,2.90172],[117.26711,2.90192],[117.26704,2.90224],[117.26694,2.90267],[117.26692,2.90274],[117.26664,2.90307],[117.26644,2.90319],[117.26626,2.90331],[117.26626,2.90332],[117.26619,2.90367],[117.27172,2.90554],[117.28347,2.90545],[117.29329,2.90545],[117.30459,2.90545]]]]},"properties":{"kdprov":"65","kdkab":"02","kdkec":"040","kddesa":"007","kdsls":"0010","idsls":"65020400070010","nmprov":"KALIMANTAN UTARA","nmkab":"BULUNGAN","nmkec":"TANJUNG PALAS","nmdesa":"TANJUNG PALAS HILIR","nmsls":"RT 010"}},{"type":"Feature","geometry":{"type":"MultiPolygon","coordinates":[[[[117.30157,2.75726],[117.30043,2.75686],[117.30052,2.75622],[117.3,2.75602],[117.30003,2.75581],[117.29914,2.7555],[117.29928,2.75498],[117.29852,2.75473],[117.29832,2.75629],[117.29917,2.75745],[117.30153,2.75807],[117.3016,2.75769],[117.30157,2.75726]]]]},"properties":{"kdprov":"65","kdkab":"02","kdkec":"040","kddesa":"001","kdsls":"0008","idsls":"65020400010008","nmprov":"KALIMANTAN UTARA","nmkab":"BULUNGAN","nmkec":"TANJUNG PALAS","nmdesa":"ANTUTAN","nmsls":"RT 008 RW 002"}},{"type":"Feature","geometry":{"type":"MultiPolygon","coordinates":[[[[117.33489,2.81439],[117.33558,2.81452],[117.33585,2.8145],[117.33642,2.81438],[117.33721,2.81461],[117.3385,2.81546],[117.3392,2.81605],[117.33963,2.81712],[117.34016,2.81754],[117.34113,2.81787],[117.34181,2.81848],[117.3426,2.81889],[117.34321,2.81935],[117.34371,2.81959],[117.34464,2.81974],[117.34522,2.82013],[117.34563,2.82061],[117.34632,2.82136],[117.34643,2.82184],[117.34661,2.8221],[117.34689,2.82227],[117.34704,2.82239],[117.34716,2.82248],[117.34766,2.82401],[117.348,2.82416],[117.34899,2.82474],[117.34914,2.82485],[117.34918,2.8249],[117.34965,2.82498],[117.3502,2.82535],[117.35091,2.82608],[117.35146,2.82658],[117.35197,2.82706],[117.35234,2.82725],[117.35268,2.82734],[117.35296,2.82739],[117.35329,2.82741],[117.3539,2.82741],[117.3544,2.82739],[117.35477,2.82737],[117.35527,2.82735],[117.35568,2.82734],[117.35613,2.82734],[117.35709,2.82729],[117.35753,2.82495],[117.35562,2.82463],[117.35467,2.82443],[117.35384,2.82422],[117.35299,2.82393],[117.35247,2.82302],[117.35141,2.82294],[117.35029,2.82276],[117.34982,2.82242],[117.34771,2.81391],[117.34742,2.81413],[117.34716,2.81425],[117.34715,2.8143],[117.34679,2.81503],[117.34652,2.81503],[117.34615,2.81503],[117.34555,2.81462],[117.34529,2.8147],[117.34347,2.81413],[117.34219,2.8133],[117.34103,2.81187],[117.33912,2.80869],[117.33862,2.80691],[117.33748,2.80376],[117.33702,2.80335],[117.33579,2.80313],[117.33488,2.80449],[117.33443,2.80613],[117.33406,2.80864],[117.33425,2.8096],[117.3342,2.81178],[117.33445,2.81274],[117.33443,2.81325],[117.33416,2.8145],[117.33453,2.8145],[117.33489,2.81439]]]]},"properties":{"kdprov":"65","kdkab":"02","kdkec":"040","kddesa":"003","kdsls":"0004","idsls":"65020400030004","nmprov":"KALIMANTAN UTARA","nmkab":"BULUNGAN","nmkec":"TANJUNG PALAS","nmdesa":"TANJUNG PALAS HULU","nmsls":"RT 004"}},{"type":"Feature","geometry":{"type":"MultiPolygon","coordinates":[[[[117.34567,2.82528],[117.34566,2.82455],[117.34645,2.82453],[117.34643,2.82317],[117.34643,2.82255],[117.34716,2.82248],[117.34704,2.82239],[117.34689,2.82227],[117.34661,2.8221],[117.34643,2.82184],[117.34632,2.82136],[117.34563,2.82061],[117.34522,2.82013],[117.34464,2.81974],[117.34371,2.81959],[117.34321,2.81935],[117.3426,2.81889],[117.34181,2.81848],[117.34113,2.81787],[117.34016,2.81754],[117.33963,2.81712],[117.3392,2.81605],[117.3385,2.81546],[117.33721,2.81461],[117.33642,2.81438],[117.33585,2.8145],[117.33558,2.81452],[117.33489,2.81439],[117.33453,2.8145],[117.33416,2.8145],[117.34506,2.82529],[117.34567,2.82528]]]]},"properties":{"kdprov":"65","kdkab":"02","kdkec":"040","kddesa":"002","kdsls":"2006","idsls":"65020400022006","nmprov":"KALIMANTAN UTARA","nmkab":"BULUNGAN","nmkec":"TANJUNG PALAS","nmdesa":"PEJALIN","nmsls":"HUTAN"}},{"type":"Feature","geometry":{"type":"MultiPolygon","coordinates":[[[[117.3497,2.83145],[117.34985,2.82996],[117.35059,2.83003],[117.35074,2.82921],[117.35074,2.82921],[117.35074,2.82921],[117.35077,2.82716],[117.35091,2.82608],[117.3502,2.82535],[117.34965,2.82498],[117.34918,2.8249],[117.34914,2.82485],[117.34899,2.82474],[117.348,2.82416],[117.34766,2.82401],[117.34716,2.82248],[117.34643,2.82255],[117.34643,2.82317],[117.34645,2.82453],[117.34566,2.82455],[117.34567,2.82528],[117.34506,2.82529],[117.34425,2.82528],[117.34425,2.82608],[117.34379,2.82624],[117.34193,2.8262],[117.34271,2.82784],[117.34301,2.82855],[117.34328,2.8291],[117.34317,2.82914],[117.34434,2.83132],[117.34496,2.83085],[117.34498,2.83084],[117.34537,2.83057],[117.34657,2.83067],[117.34688,2.83079],[117.34759,2.83105],[117.34761,2.83106],[117.34811,2.83122],[117.34962,2.83144],[117.3497,2.83145]]]]},"properties":{"kdprov":"65","kdkab":"02","kdkec":"040","kddesa":"004","kdsls":"0006","idsls":"65020400040006","nmprov":"KALIMANTAN UTARA","nmkab":"BULUNGAN","nmkec":"TANJUNG PALAS","nmdesa":"TANJUNG PALAS TENGAH","nmsls":"RT 006"}},{"type":"Feature","geometry":{"type":"MultiPolygon","coordinates":[[[[117.34991,2.816],[117.35096,2.8161],[117.35211,2.81593],[117.35222,2.81612],[117.35287,2.81729],[117.35357,2.81709],[117.35312,2.81807],[117.35177,2.818],[117.35032,2.8169],[117.35019,2.81679],[117.35139,2.82022],[117.354,2.82225],[117.35637,2.82278],[117.35773,2.82306],[117.35783,2.82196],[117.35745,2.81824],[117.35743,2.81757],[117.3575,2.8168],[117.35759,2.81492],[117.35901,2.81495],[117.3602,2.81473],[117.36012,2.81395],[117.36017,2.81395],[117.3594,2.8107],[117.3588,2.80563],[117.35796,2.80124],[117.35635,2.79847],[117.35581,2.79814],[117.3558,2.79814],[117.35578,2.79812],[117.35516,2.79739],[117.35402,2.79727],[117.35314,2.79756],[117.3526,2.79823],[117.35237,2.79891],[117.35201,2.8],[117.35109,2.80352],[117.35071,2.80427],[117.34995,2.80788],[117.34974,2.81019],[117.34945,2.8112],[117.34895,2.81254],[117.34878,2.81277],[117.34991,2.816]]]]},"properties":{"kdprov":"65","kdkab":"02","kdkec":"040","kddesa":"003","kdsls":"0005","idsls":"65020400030005","nmprov":"KALIMANTAN UTARA","nmkab":"BULUNGAN","nmkec":"TANJUNG PALAS","nmdesa":"TANJUNG PALAS HULU","nmsls":"RT 005"}},{"type":"Feature","geometry":{"type":"MultiPolygon","coordinates":[[[[117.34908,2.83209],[117.34859,2.83213],[117.34823,2.83222],[117.34771,2.83238],[117.34779,2.8332],[117.34779,2.8332],[117.34791,2.83434],[117.34801,2.83435],[117.34801,2.83435],[117.3489,2.83422],[117.34898,2.83429],[117.34908,2.83453],[117.34933,2.8345],[117.34952,2.83448],[117.35062,2.8345],[117.35062,2.83383],[117.35064,2.8334],[117.35066,2.83303],[117.35069,2.83254],[117.35069,2.83253],[117.35017,2.83247],[117.34981,2.83238],[117.34944,2.83219],[117.34908,2.83209]]]]},"properties":{"kdprov":"65","kdkab":"02","kdkec":"040","kddesa":"005","kdsls":"0004","idsls":"65020400050004","nmprov":"KALIMANTAN UTARA","nmkab":"BULUNGAN","nmkec":"TANJUNG PALAS","nmdesa":"KARANG ANYAR","nmsls":"RT 004"}},{"type":"Feature","geometry":{"type":"MultiPolygon","coordinates":[[[[117.3477,2.84234],[117.34711,2.84278],[117.3467,2.84298],[117.34625,2.8431],[117.34582,2.84345],[117.34629,2.84385],[117.35027,2.8455],[117.35173,2.84618],[117.35181,2.84619],[117.35227,2.84643],[117.35245,2.84651],[117.35318,2.84696],[117.35375,2.84571],[117.35304,2.84525],[117.35262,2.84502],[117.35238,2.84486],[117.3522,2.84477],[117.35105,2.8442],[117.3504,2.84388],[117.35002,2.84363],[117.3477,2.84234]]]]},"properties":{"kdprov":"65","kdkab":"02","kdkec":"040","kddesa":"007","kdsls":"0004","idsls":"65020400070004","nmprov":"KALIMANTAN UTARA","nmkab":"BULUNGAN","nmkec":"TANJUNG PALAS","nmdesa":"TANJUNG PALAS HILIR","nmsls":"RT 004"}},{"type":"Feature","geometry":{"type":"MultiPolygon","coordinates":[[[[117.34983,2.84022],[117.34937,2.8408],[117.34865,2.84167],[117.34814,2.8421],[117.3477,2.84234],[117.35002,2.84363],[117.3504,2.84388],[117.35105,2.8442],[117.3522,2.84477],[117.35238,2.84486],[117.35262,2.84502],[117.35304,2.84525],[117.35375,2.84571],[117.35422,2.8448],[117.35463,2.84395],[117.35507,2.84291],[117.35515,2.84269],[117.35431,2.84226],[117.35359,2.84193],[117.35258,2.84153],[117.34983,2.84022]]]]},"properties":{"kdprov":"65","kdkab":"02","kdkec":"040","kddesa":"007","kdsls":"0003","idsls":"65020400070003","nmprov":"KALIMANTAN UTARA","nmkab":"BULUNGAN","nmkec":"TANJUNG PALAS","nmdesa":"TANJUNG PALAS HILIR","nmsls":"RT 003"}},{"type":"Feature","geometry":{"type":"MultiPolygon","coordinates":[[[[117.35066,2.83931],[117.34983,2.84022],[117.35258,2.84153],[117.35359,2.84193],[117.35431,2.84226],[117.35515,2.84269],[117.35536,2.84216],[117.35586,2.84051],[117.35364,2.83976],[117.3525,2.83947],[117.35187,2.83938],[117.35124,2.83934],[117.35066,2.83931]]]]},"properties":{"kdprov":"65","kdkab":"02","kdkec":"040","kddesa":"007","kdsls":"0002","idsls":"65020400070002","nmprov":"KALIMANTAN UTARA","nmkab":"BULUNGAN","nmkec":"TANJUNG PALAS","nmdesa":"TANJUNG PALAS HILIR","nmsls":"RT 002"}},{"type":"Feature","geometry":{"type":"MultiPolygon","coordinates":[[[[117.34359,2.83274],[117.34452,2.83399],[117.34472,2.83398],[117.34522,2.83397],[117.34523,2.8339],[117.34547,2.83302],[117.34547,2.83301],[117.34437,2.83137],[117.34434,2.83132],[117.34426,2.83139],[117.34414,2.83147],[117.3438,2.83173],[117.34325,2.83216],[117.34321,2.83218],[117.34319,2.8322],[117.34359,2.83274]]]]},"properties":{"kdprov":"65","kdkab":"02","kdkec":"040","kddesa":"006","kdsls":"0014","idsls":"65020400060014","nmprov":"KALIMANTAN UTARA","nmkab":"BULUNGAN","nmkec":"TANJUNG PALAS","nmdesa":"GUNUNG PUTIH/KR. JENAWI","nmsls":"RT 014"}},{"type":"Feature","geometry":{"type":"MultiPolygon","coordinates":[[[[117.32344,2.85535],[117.32415,2.85533],[117.32506,2.85528],[117.32531,2.85524],[117.32558,2.85515],[117.32602,2.85491],[117.32643,2.85457],[117.32694,2.85439],[117.32743,2.85435],[117.32799,2.8544],[117.32825,2.85448],[117.32853,2.85456],[117.32906,2.85438],[117.32946,2.8539],[117.32935,2.85273],[117.32935,2.85211],[117.3295,2.85098],[117.32983,2.85008],[117.32677,2.85016],[117.32649,2.84981],[117.32169,2.85306],[117.32226,2.85361],[117.32292,2.85427],[117.32339,2.85514],[117.32344,2.85535]]]]},"properties":{"kdprov":"65","kdkab":"02","kdkec":"040","kddesa":"006","kdsls":"1004","idsls":"65020400061004","nmprov":"KALIMANTAN UTARA","nmkab":"BULUNGAN","nmkec":"TANJUNG PALAS","nmdesa":"GUNUNG PUTIH/KR. JENAWI","nmsls":"KEBUN"}},{"type":"Feature","geometry":{"type":"MultiPolygon","coordinates":[[[[117.33628,2.85535],[117.33874,2.85691],[117.3391,2.85633],[117.33662,2.85477],[117.33628,2.85535]]]]},"properties":{"kdprov":"65","kdkab":"02","kdkec":"040","kddesa":"007","kdsls":"0007","idsls":"65020400070007","nmprov":"KALIMANTAN UTARA","nmkab":"BULUNGAN","nmkec":"TANJUNG PALAS","nmdesa":"TANJUNG PALAS HILIR","nmsls":"RT 007"}},{"type":"Feature","geometry":{"type":"MultiPolygon","coordinates":[[[[117.34044,2.85973],[117.34087,2.85908],[117.34157,2.85807],[117.34266,2.85675],[117.34373,2.85559],[117.34159,2.854],[117.33845,2.8515],[117.33729,2.85049],[117.33729,2.85049],[117.3373,2.85049],[117.33679,2.84989],[117.33352,2.85287],[117.33177,2.85475],[117.33263,2.85521],[117.33541,2.85685],[117.33787,2.85831],[117.33824,2.85853],[117.33982,2.85941],[117.34044,2.85973]],[[117.33874,2.85691],[117.33628,2.85535],[117.33662,2.85477],[117.3391,2.85633],[117.33874,2.85691]]]]},"properties":{"kdprov":"65","kdkab":"02","kdkec":"040","kddesa":"007","kdsls":"0007","idsls":"65020400070007","nmprov":"KALIMANTAN UTARA","nmkab":"BULUNGAN","nmkec":"TANJUNG PALAS","nmdesa":"TANJUNG PALAS HILIR","nmsls":"RT 007"}},{"type":"Feature","geometry":{"type":"MultiPolygon","coordinates":[[[[117.26289,2.91982],[117.26419,2.91939],[117.2709,2.9195],[117.27242,2.92095],[117.27276,2.92174],[117.27276,2.92265],[117.27488,2.92351],[117.27488,2.93591],[117.26789,2.9356],[117.26807,2.9386],[117.26401,2.93841],[117.26399,2.93557],[117.26566,2.93558],[117.26566,2.93408],[117.26441,2.93292],[117.26384,2.93142],[117.26356,2.93131],[117.26296,2.92941],[117.26256,2.92898],[117.2621,2.92749],[117.26169,2.92687],[117.26128,2.92679],[117.26081,2.92651],[117.26034,2.92579],[117.26008,2.92579],[117.26003,2.9259],[117.26002,2.92592],[117.25992,2.92605],[117.25974,2.92629],[117.2596,2.9266],[117.25945,2.92691],[117.25933,2.92711],[117.25912,2.92743],[117.25912,2.92743],[117.25861,2.92734],[117.25786,2.9271],[117.25705,2.92685],[117.25636,2.92662],[117.25636,2.92663],[117.25593,2.92686],[117.2559,2.92704],[117.25584,2.92734],[117.25582,2.92747],[117.25579,2.9278],[117.25565,2.92824],[117.25536,2.92853],[117.25533,2.92857],[117.25503,2.92891],[117.25439,2.92928],[117.25389,2.92957],[117.25375,2.9297],[117.25355,2.9299],[117.25324,2.93018],[117.25312,2.93028],[117.25305,2.93071],[117.25298,2.93117],[117.25298,2.93166],[117.25298,2.93219],[117.25286,2.93266],[117.25241,2.933],[117.25225,2.93309],[117.25193,2.93329],[117.25157,2.93308],[117.25134,2.93295],[117.25128,2.93293],[117.25079,2.93278],[117.25043,2.93295],[117.25029,2.933],[117.25027,2.93302],[117.25019,2.93335],[117.25015,2.93347],[117.25008,2.93374],[117.25007,2.9338],[117.25001,2.93402],[117.24992,2.93417],[117.24971,2.93454],[117.24967,2.93461],[117.24961,2.93473],[117.24958,2.93481],[117.24956,2.9349],[117.24955,2.93496],[117.24951,2.93514],[117.24946,2.93538],[117.24945,2.93545],[117.24945,2.93554],[117.24944,2.93583],[117.24943,2.93596],[117.24943,2.93615],[117.24943,2.93619],[117.24942,2.93622],[117.2493,2.93661],[117.24927,2.93669],[117.24902,2.93705],[117.24893,2.93718],[117.24886,2.93726],[117.24867,2.93748],[117.24854,2.93764],[117.2485,2.9379],[117.24845,2.93821],[117.24833,2.9383],[117.24806,2.9385],[117.24768,2.93868],[117.24752,2.93876],[117.2472,2.93863],[117.24705,2.93845],[117.24673,2.93806],[117.24662,2.93792],[117.2466,2.93792],[117.24608,2.93781],[117.24574,2.93774],[117.24549,2.93789],[117.24537,2.93796],[117.24528,2.9383],[117.24524,2.93845],[117.24517,2.93872],[117.2451,2.93895],[117.24492,2.93911],[117.24468,2.93932],[117.24449,2.93952],[117.24432,2.93972],[117.24411,2.93994],[117.24399,2.94008],[117.24392,2.94037],[117.24389,2.94045],[117.24382,2.94077],[117.24382,2.94079],[117.24383,2.94088],[117.24386,2.94119],[117.24388,2.94139],[117.24391,2.94165],[117.24392,2.94176],[117.24413,2.94185],[117.25033,2.94443],[117.27361,2.95564],[117.27364,2.95565],[117.27414,2.95589],[117.27521,2.95653],[117.27564,2.95679],[117.27614,2.95708],[117.27717,2.9577],[117.2775,2.9579],[117.27792,2.95814],[117.27895,2.95876],[117.27994,2.95935],[117.28074,2.95983],[117.28152,2.96029],[117.28246,2.96085],[117.28315,2.95942],[117.2855,2.95645],[117.29311,2.95183],[117.29312,2.94816],[117.29312,2.94279],[117.29312,2.94147],[117.29314,2.92986],[117.29316,2.92541],[117.29397,2.92563],[117.29548,2.92631],[117.29768,2.92665],[117.29914,2.92592],[117.30035,2.92424],[117.30078,2.92302],[117.30084,2.92107],[117.30041,2.9193],[117.30023,2.91771],[117.30072,2.91607],[117.302,2.91466],[117.30413,2.91357],[117.30572,2.91308],[117.30767,2.91265],[117.3095,2.91241],[117.31139,2.91296],[117.31206,2.91393],[117.31211,2.91391],[117.31407,2.91296],[117.3159,2.91192],[117.31895,2.91143],[117.32237,2.91161],[117.32383,2.91168],[117.3278,2.91137],[117.32902,2.91131],[117.33613,2.91053],[117.33999,2.90976],[117.33845,2.90752],[117.33752,2.90623],[117.33666,2.90565],[117.33573,2.90536],[117.33509,2.90501],[117.33409,2.90364],[117.33366,2.90278],[117.33316,2.90213],[117.33259,2.90163],[117.33151,2.90106],[117.33002,2.90098],[117.32673,2.90049],[117.32552,2.90027],[117.3248,2.89976],[117.32437,2.89948],[117.3238,2.89862],[117.32359,2.89739],[117.32352,2.89675],[117.32388,2.89582],[117.32458,2.8951],[117.3253,2.89453],[117.32801,2.8928],[117.33002,2.89165],[117.33237,2.88996],[117.33408,2.88788],[117.3353,2.88615],[117.33606,2.8848],[117.33615,2.88464],[117.33658,2.88336],[117.3373,2.88127],[117.33744,2.87991],[117.33736,2.87804],[117.33736,2.87675],[117.33694,2.87517],[117.33676,2.87422],[117.33672,2.87424],[117.33647,2.87437],[117.33607,2.87458],[117.33585,2.8747],[117.33472,2.87529],[117.3343,2.87551],[117.33379,2.87567],[117.33334,2.87582],[117.333,2.87593],[117.33299,2.87593],[117.33297,2.87594],[117.33293,2.87595],[117.33324,2.87824],[117.33069,2.88735],[117.32949,2.88913],[117.32813,2.89049],[117.32702,2.89079],[117.32528,2.89066],[117.3246,2.89079],[117.32353,2.89228],[117.32315,2.89309],[117.32323,2.89425],[117.32225,2.89629],[117.32153,2.89748],[117.32085,2.89905],[117.32089,2.89986],[117.32183,2.90075],[117.31856,2.9052],[117.30459,2.90545],[117.29329,2.90545],[117.28347,2.90545],[117.27172,2.90554],[117.26619,2.90367],[117.26619,2.90372],[117.26617,2.90388],[117.26584,2.90426],[117.26574,2.90436],[117.26554,2.90459],[117.26555,2.90463],[117.26558,2.90473],[117.26571,2.90515],[117.26578,2.9054],[117.26578,2.90542],[117.26579,2.90568],[117.2658,2.90582],[117.26582,2.9062],[117.26583,2.90645],[117.26593,2.90672],[117.26602,2.90697],[117.26608,2.90724],[117.26618,2.90772],[117.2662,2.90781],[117.2663,2.90824],[117.26632,2.90835],[117.26638,2.90861],[117.26638,2.90877],[117.26638,2.90926],[117.26638,2.90972],[117.26638,2.91004],[117.2662,2.9102],[117.26572,2.91066],[117.2651,2.91109],[117.26473,2.91134],[117.26443,2.91154],[117.26426,2.91166],[117.26406,2.91179],[117.2637,2.91196],[117.26352,2.91204],[117.26333,2.91247],[117.26328,2.91257],[117.26323,2.91296],[117.26321,2.91312],[117.26319,2.91328],[117.26317,2.91333],[117.263,2.9137],[117.26285,2.91376],[117.26258,2.91384],[117.26204,2.91414],[117.26133,2.91454],[117.26095,2.91475],[117.2609,2.91508],[117.26086,2.91532],[117.26094,2.91555],[117.26105,2.91589],[117.26101,2.91607],[117.26091,2.91659],[117.26081,2.91705],[117.26078,2.91725],[117.26072,2.91759],[117.26068,2.91782],[117.26067,2.91794],[117.26058,2.9181],[117.2605,2.91824],[117.26039,2.91846],[117.26038,2.91847],[117.26043,2.91863],[117.26044,2.91867],[117.26051,2.91889],[117.26053,2.91896],[117.26062,2.91916],[117.26074,2.91945],[117.26091,2.9199],[117.26289,2.91982]]]]},"properties":{"kdprov":"65","kdkab":"02","kdkec":"040","kddesa":"007","kdsls":"2001","idsls":"65020400072001","nmprov":"KALIMANTAN UTARA","nmkab":"BULUNGAN","nmkec":"TANJUNG PALAS","nmdesa":"TANJUNG PALAS HILIR","nmsls":"SEMAK BELUKAR"}}]}