{"type":"FeatureCollection","features":[{"type":"Feature","geometry":{"type":"MultiPolygon","coordinates":[[[[117.36474,2.83874],[117.36497,2.83778],[117.36349,2.83737],[117.36325,2.83829],[117.36321,2.83858],[117.36326,2.83858],[117.36367,2.83862],[117.36429,2.83869],[117.36474,2.83874]]]]},"properties":{"kdprov":"65","kdkab":"02","kdkec":"050","kddesa":"002","kdsls":"0012","idsls":"65020500020012","nmprov":"KALIMANTAN UTARA","nmkab":"BULUNGAN","nmkec":"TANJUNG SELOR","nmdesa":"TANJUNG SELOR HULU","nmsls":"RT 012 RW 006"}},{"type":"Feature","geometry":{"type":"MultiPolygon","coordinates":[[[[117.36497,2.83778],[117.36503,2.83755],[117.36513,2.83719],[117.36546,2.83606],[117.36394,2.83568],[117.36363,2.83684],[117.36353,2.83718],[117.36353,2.8372],[117.36349,2.83737],[117.36497,2.83778]]]]},"properties":{"kdprov":"65","kdkab":"02","kdkec":"050","kddesa":"002","kdsls":"0024","idsls":"65020500020024","nmprov":"KALIMANTAN UTARA","nmkab":"BULUNGAN","nmkec":"TANJUNG SELOR","nmdesa":"TANJUNG SELOR HULU","nmsls":"RT 024 RW 006"}},{"type":"Feature","geometry":{"type":"MultiPolygon","coordinates":[[[[117.36148,2.83863],[117.36203,2.83862],[117.36321,2.83859],[117.36321,2.83858],[117.36321,2.83858],[117.36325,2.83829],[117.36349,2.83737],[117.36353,2.8372],[117.36297,2.83716],[117.36161,2.83708],[117.36147,2.83863],[117.36148,2.83863]]]]},"properties":{"kdprov":"65","kdkab":"02","kdkec":"050","kddesa":"002","kdsls":"0011","idsls":"65020500020011","nmprov":"KALIMANTAN UTARA","nmkab":"BULUNGAN","nmkec":"TANJUNG SELOR","nmdesa":"TANJUNG SELOR HULU","nmsls":"RT 011 RW 006"}},{"type":"Feature","geometry":{"type":"MultiPolygon","coordinates":[[[[117.36506,2.82848],[117.36533,2.8291],[117.3655,2.82945],[117.36569,2.82984],[117.36591,2.83028],[117.36607,2.83055],[117.36624,2.83084],[117.36655,2.8314],[117.36677,2.83126],[117.36655,2.8314],[117.36706,2.83213],[117.36765,2.83286],[117.36847,2.83406],[117.36906,2.83529],[117.36933,2.83648],[117.36933,2.83689],[117.36937,2.83737],[117.36938,2.83787],[117.36933,2.83821],[117.36921,2.83866],[117.36921,2.83868],[117.36912,2.83887],[117.3691,2.83888],[117.3686,2.8397],[117.36851,2.83984],[117.36822,2.84021],[117.3677,2.84096],[117.36767,2.84114],[117.36756,2.84205],[117.36756,2.8423],[117.36758,2.84232],[117.36763,2.84247],[117.36784,2.84263],[117.36793,2.84274],[117.36835,2.84272],[117.36892,2.84257],[117.36933,2.84246],[117.36978,2.84227],[117.37018,2.842],[117.3704,2.84161],[117.37044,2.84134],[117.37049,2.84106],[117.37048,2.84058],[117.3705,2.84017],[117.37042,2.83914],[117.37042,2.83847],[117.3704,2.83812],[117.37034,2.8375],[117.37039,2.83715],[117.3704,2.83709],[117.37035,2.83649],[117.37028,2.83602],[117.37013,2.83519],[117.37011,2.835],[117.37003,2.8343],[117.36991,2.83375],[117.36987,2.83339],[117.36968,2.83283],[117.36961,2.83234],[117.36962,2.83174],[117.36973,2.83087],[117.36973,2.83081],[117.36985,2.82984],[117.37,2.82909],[117.37023,2.82862],[117.3703,2.82847],[117.37054,2.82823],[117.37056,2.8282],[117.37056,2.82819],[117.36772,2.82834],[117.36506,2.82848]]]]},"properties":{"kdprov":"65","kdkab":"02","kdkec":"050","kddesa":"002","kdsls":"0017","idsls":"65020500020017","nmprov":"KALIMANTAN UTARA","nmkab":"BULUNGAN","nmkec":"TANJUNG SELOR","nmdesa":"TANJUNG SELOR HULU","nmsls":"RT 017 RW 005"}},{"type":"Feature","geometry":{"type":"MultiPolygon","coordinates":[[[[117.36923,2.83683],[117.36847,2.83684],[117.3674,2.83655],[117.3674,2.83655],[117.36696,2.83644],[117.36702,2.83812],[117.36702,2.83812],[117.36703,2.83889],[117.36703,2.83889],[117.36703,2.83891],[117.36754,2.83894],[117.36875,2.83918],[117.36877,2.83915],[117.36877,2.83915],[117.36878,2.83915],[117.36878,2.83914],[117.36878,2.83914],[117.36901,2.83856],[117.36902,2.83854],[117.36903,2.83853],[117.36902,2.83853],[117.36916,2.83793],[117.36921,2.83759],[117.36926,2.83698],[117.36923,2.83683]]]]},"properties":{"kdprov":"65","kdkab":"02","kdkec":"050","kddesa":"002","kdsls":"0022","idsls":"65020500020022","nmprov":"KALIMANTAN UTARA","nmkab":"BULUNGAN","nmkec":"TANJUNG SELOR","nmdesa":"TANJUNG SELOR HULU","nmsls":"RT 022 RW 003"}},{"type":"Feature","geometry":{"type":"MultiPolygon","coordinates":[[[[117.36506,2.82848],[117.36772,2.82834],[117.37056,2.82819],[117.37056,2.82819],[117.37078,2.82788],[117.37089,2.82767],[117.37117,2.82746],[117.37151,2.82727],[117.37175,2.82713],[117.37283,2.8268],[117.37293,2.82683],[117.37319,2.82682],[117.37386,2.82687],[117.3753,2.82726],[117.37606,2.82776],[117.37612,2.82778],[117.37702,2.82843],[117.37722,2.82864],[117.37749,2.82869],[117.37778,2.82866],[117.37796,2.82858],[117.37797,2.82843],[117.37794,2.82819],[117.37781,2.82795],[117.37758,2.82755],[117.37665,2.82675],[117.37637,2.8265],[117.37608,2.82614],[117.37544,2.82528],[117.37507,2.82472],[117.3742,2.82374],[117.37369,2.8231],[117.37059,2.82391],[117.37045,2.82395],[117.36759,2.8247],[117.36448,2.82551],[117.3645,2.82566],[117.36455,2.82603],[117.36443,2.82685],[117.3647,2.82773],[117.36499,2.82832],[117.36506,2.82848]]]]},"properties":{"kdprov":"65","kdkab":"02","kdkec":"050","kddesa":"002","kdsls":"0027","idsls":"65020500020027","nmprov":"KALIMANTAN UTARA","nmkab":"BULUNGAN","nmkec":"TANJUNG SELOR","nmdesa":"TANJUNG SELOR HULU","nmsls":"RT 015 RW 005"}},{"type":"Feature","geometry":{"type":"MultiPolygon","coordinates":[[[[117.36448,2.82551],[117.36759,2.8247],[117.37045,2.82395],[117.37059,2.82391],[117.37369,2.8231],[117.37354,2.82291],[117.37299,2.82206],[117.37252,2.82133],[117.3706,2.82184],[117.36985,2.82203],[117.36758,2.82263],[117.36424,2.8235],[117.36424,2.82354],[117.36436,2.82469],[117.36448,2.82551]]]]},"properties":{"kdprov":"65","kdkab":"02","kdkec":"050","kddesa":"002","kdsls":"0025","idsls":"65020500020025","nmprov":"KALIMANTAN UTARA","nmkab":"BULUNGAN","nmkec":"TANJUNG SELOR","nmdesa":"TANJUNG SELOR HULU","nmsls":"RT 025 RW 005"}},{"type":"Feature","geometry":{"type":"MultiPolygon","coordinates":[[[[117.36424,2.8235],[117.36758,2.82263],[117.36985,2.82203],[117.3706,2.82184],[117.37252,2.82133],[117.37247,2.82126],[117.37192,2.82016],[117.37183,2.82001],[117.37145,2.81919],[117.37138,2.81883],[117.37114,2.81822],[117.37069,2.81733],[117.3707,2.81733],[117.37064,2.81727],[117.37053,2.81717],[117.36992,2.81657],[117.36972,2.81642],[117.36944,2.81619],[117.36888,2.81567],[117.36863,2.8155],[117.36831,2.81541],[117.36792,2.81539],[117.36773,2.8154],[117.36768,2.8154],[117.36738,2.81549],[117.36696,2.81562],[117.36665,2.8158],[117.36626,2.81586],[117.36606,2.81591],[117.36535,2.81611],[117.36507,2.81627],[117.36474,2.81639],[117.36459,2.8164],[117.36451,2.81657],[117.36439,2.81679],[117.36435,2.8169],[117.36427,2.81716],[117.36404,2.81734],[117.36389,2.81771],[117.36379,2.81821],[117.36377,2.81866],[117.3638,2.81901],[117.36395,2.81964],[117.3641,2.8212],[117.36416,2.8216],[117.36416,2.82198],[117.36417,2.8223],[117.36421,2.82324],[117.36424,2.8235]]]]},"properties":{"kdprov":"65","kdkab":"02","kdkec":"050","kddesa":"002","kdsls":"0028","idsls":"65020500020028","nmprov":"KALIMANTAN UTARA","nmkab":"BULUNGAN","nmkec":"TANJUNG SELOR","nmdesa":"TANJUNG SELOR HULU","nmsls":"RT 016 RW 005"}},{"type":"Feature","geometry":{"type":"MultiPolygon","coordinates":[[[[117.36749,2.8332],[117.36731,2.83332],[117.36701,2.83344],[117.36738,2.83493],[117.36752,2.83581],[117.36752,2.8362],[117.36747,2.83635],[117.3674,2.83655],[117.36847,2.83684],[117.36923,2.83683],[117.36918,2.83651],[117.36916,2.83639],[117.36916,2.83639],[117.36873,2.83508],[117.36832,2.83433],[117.36799,2.83384],[117.36761,2.83334],[117.36749,2.8332]]]]},"properties":{"kdprov":"65","kdkab":"02","kdkec":"050","kddesa":"002","kdsls":"0009","idsls":"65020500020009","nmprov":"KALIMANTAN UTARA","nmkab":"BULUNGAN","nmkec":"TANJUNG SELOR","nmdesa":"TANJUNG SELOR HULU","nmsls":"RT 009 RW 003"}},{"type":"Feature","geometry":{"type":"MultiPolygon","coordinates":[[[[117.36696,2.83644],[117.36597,2.83619],[117.36546,2.83606],[117.36513,2.83719],[117.36503,2.83755],[117.36497,2.83778],[117.36474,2.83874],[117.36476,2.83875],[117.36481,2.83875],[117.36481,2.83877],[117.367,2.83889],[117.36703,2.83889],[117.36703,2.83889],[117.36702,2.83812],[117.36702,2.83812],[117.36696,2.83644]]]]},"properties":{"kdprov":"65","kdkab":"02","kdkec":"050","kddesa":"002","kdsls":"0013","idsls":"65020500020013","nmprov":"KALIMANTAN UTARA","nmkab":"BULUNGAN","nmkec":"TANJUNG SELOR","nmdesa":"TANJUNG SELOR HULU","nmsls":"RT 013 RW 003"}},{"type":"Feature","geometry":{"type":"MultiPolygon","coordinates":[[[[117.3674,2.83655],[117.36747,2.83635],[117.36752,2.8362],[117.36752,2.83581],[117.36738,2.83493],[117.36701,2.83344],[117.36701,2.83344],[117.36612,2.83348],[117.36606,2.83349],[117.36606,2.83349],[117.36602,2.83386],[117.36604,2.8347],[117.36604,2.83531],[117.36597,2.83619],[117.36696,2.83644],[117.3674,2.83655],[117.3674,2.83655]]]]},"properties":{"kdprov":"65","kdkab":"02","kdkec":"050","kddesa":"002","kdsls":"0008","idsls":"65020500020008","nmprov":"KALIMANTAN UTARA","nmkab":"BULUNGAN","nmkec":"TANJUNG SELOR","nmdesa":"TANJUNG SELOR HULU","nmsls":"RT 008 RW 003"}},{"type":"Feature","geometry":{"type":"MultiPolygon","coordinates":[[[[117.36148,2.83863],[117.36134,2.839],[117.36125,2.83934],[117.36307,2.83958],[117.36321,2.83859],[117.36321,2.83859],[117.36203,2.83862],[117.36148,2.83863]]]]},"properties":{"kdprov":"65","kdkab":"02","kdkec":"050","kddesa":"009","kdsls":"0018","idsls":"65020500090018","nmprov":"KALIMANTAN UTARA","nmkab":"BULUNGAN","nmkec":"TANJUNG SELOR","nmdesa":"TANJUNG SELOR HILIR","nmsls":"RT 018 RW 007"}},{"type":"Feature","geometry":{"type":"MultiPolygon","coordinates":[[[[117.36546,2.83606],[117.36597,2.83619],[117.36604,2.83531],[117.36604,2.8347],[117.36602,2.83386],[117.36606,2.83349],[117.36604,2.83349],[117.36458,2.83321],[117.36446,2.83369],[117.36441,2.8339],[117.36405,2.8353],[117.36403,2.83535],[117.36394,2.83568],[117.36546,2.83606]]]]},"properties":{"kdprov":"65","kdkab":"02","kdkec":"050","kddesa":"002","kdsls":"0007","idsls":"65020500020007","nmprov":"KALIMANTAN UTARA","nmkab":"BULUNGAN","nmkec":"TANJUNG SELOR","nmdesa":"TANJUNG SELOR HULU","nmsls":"RT 007 RW 002"}},{"type":"Feature","geometry":{"type":"MultiPolygon","coordinates":[[[[117.36528,2.84013],[117.36457,2.84013],[117.36451,2.84057],[117.36448,2.84081],[117.36434,2.84177],[117.36596,2.84194],[117.36597,2.84194],[117.36605,2.84191],[117.36606,2.84185],[117.36605,2.84177],[117.36587,2.84118],[117.36576,2.84082],[117.36539,2.8409],[117.36529,2.84092],[117.3652,2.84091],[117.36516,2.84087],[117.36528,2.84013]]]]},"properties":{"kdprov":"65","kdkab":"02","kdkec":"050","kddesa":"009","kdsls":"0003","idsls":"65020500090003","nmprov":"KALIMANTAN UTARA","nmkab":"BULUNGAN","nmkec":"TANJUNG SELOR","nmdesa":"TANJUNG SELOR HILIR","nmsls":"RT 003 RW 002"}},{"type":"Feature","geometry":{"type":"MultiPolygon","coordinates":[[[[117.36307,2.83958],[117.36125,2.83934],[117.3612,2.83952],[117.36116,2.83969],[117.36115,2.83969],[117.36105,2.8401],[117.36099,2.8403],[117.36088,2.84072],[117.3629,2.84089],[117.36297,2.84033],[117.36298,2.84031],[117.36299,2.84019],[117.36306,2.83966],[117.36307,2.83958]]]]},"properties":{"kdprov":"65","kdkab":"02","kdkec":"050","kddesa":"009","kdsls":"0017","idsls":"65020500090017","nmprov":"KALIMANTAN UTARA","nmkab":"BULUNGAN","nmkec":"TANJUNG SELOR","nmdesa":"TANJUNG SELOR HILIR","nmsls":"RT 017 RW 007"}},{"type":"Feature","geometry":{"type":"MultiPolygon","coordinates":[[[[117.36434,2.84177],[117.36448,2.84081],[117.36451,2.84057],[117.36298,2.84031],[117.36297,2.84033],[117.3629,2.84089],[117.36273,2.84219],[117.36263,2.84301],[117.36275,2.84301],[117.36275,2.84302],[117.36421,2.84296],[117.36419,2.8428],[117.36434,2.84177]]]]},"properties":{"kdprov":"65","kdkab":"02","kdkec":"050","kddesa":"009","kdsls":"0016","idsls":"65020500090016","nmprov":"KALIMANTAN UTARA","nmkab":"BULUNGAN","nmkec":"TANJUNG SELOR","nmdesa":"TANJUNG SELOR HILIR","nmsls":"RT 016 RW 006"}},{"type":"Feature","geometry":{"type":"MultiPolygon","coordinates":[[[[117.36875,2.83918],[117.36754,2.83894],[117.36703,2.83891],[117.36696,2.83987],[117.3654,2.83979],[117.36531,2.84013],[117.36528,2.84013],[117.36516,2.84087],[117.3652,2.84091],[117.36529,2.84092],[117.36539,2.8409],[117.36576,2.84082],[117.36714,2.84052],[117.36762,2.84061],[117.36831,2.83978],[117.36875,2.83918]]]]},"properties":{"kdprov":"65","kdkab":"02","kdkec":"050","kddesa":"009","kdsls":"0002","idsls":"65020500090002","nmprov":"KALIMANTAN UTARA","nmkab":"BULUNGAN","nmkec":"TANJUNG SELOR","nmdesa":"TANJUNG SELOR HILIR","nmsls":"RT 002 RW 001"}},{"type":"Feature","geometry":{"type":"MultiPolygon","coordinates":[[[[117.36403,2.83535],[117.36405,2.8353],[117.36441,2.8339],[117.36223,2.83332],[117.36206,2.83414],[117.36206,2.83414],[117.3619,2.83494],[117.36341,2.83523],[117.36403,2.83535]]]]},"properties":{"kdprov":"65","kdkab":"02","kdkec":"050","kddesa":"002","kdsls":"0005","idsls":"65020500020005","nmprov":"KALIMANTAN UTARA","nmkab":"BULUNGAN","nmkec":"TANJUNG SELOR","nmdesa":"TANJUNG SELOR HULU","nmsls":"RT 005 RW 004"}},{"type":"Feature","geometry":{"type":"MultiPolygon","coordinates":[[[[117.43441,2.87931],[117.42134,2.87643],[117.42134,2.87643],[117.42098,2.87726],[117.42101,2.8791],[117.43441,2.87931]]]]},"properties":{"kdprov":"65","kdkab":"02","kdkec":"050","kddesa":"009","kdsls":"0105","idsls":"65020500090105","nmprov":"KALIMANTAN UTARA","nmkab":"BULUNGAN","nmkec":"TANJUNG SELOR","nmdesa":"TANJUNG SELOR HILIR","nmsls":"RT 105 RW 038"}},{"type":"Feature","geometry":{"type":"MultiPolygon","coordinates":[[[[117.36844,2.84773],[117.36791,2.84656],[117.36707,2.84693],[117.3661,2.84736],[117.36661,2.84852],[117.36844,2.84773]]]]},"properties":{"kdprov":"65","kdkab":"02","kdkec":"050","kddesa":"009","kdsls":"0031","idsls":"65020500090031","nmprov":"KALIMANTAN UTARA","nmkab":"BULUNGAN","nmkec":"TANJUNG SELOR","nmdesa":"TANJUNG SELOR HILIR","nmsls":"RT 027 RW 010"}},{"type":"Feature","geometry":{"type":"MultiPolygon","coordinates":[[[[117.37177,2.8542],[117.37138,2.8543],[117.37077,2.85444],[117.37172,2.85707],[117.37264,2.85663],[117.37253,2.85631],[117.37245,2.8562],[117.37177,2.8542]]]]},"properties":{"kdprov":"65","kdkab":"02","kdkec":"050","kddesa":"009","kdsls":"0053","idsls":"65020500090053","nmprov":"KALIMANTAN UTARA","nmkab":"BULUNGAN","nmkec":"TANJUNG SELOR","nmdesa":"TANJUNG SELOR HILIR","nmsls":"RT 053 RW 020"}},{"type":"Feature","geometry":{"type":"MultiPolygon","coordinates":[[[[117.36311,2.84553],[117.36311,2.84551],[117.36297,2.84458],[117.36294,2.84432],[117.36208,2.84448],[117.36136,2.84453],[117.3616,2.84619],[117.36317,2.84589],[117.36311,2.84553]]]]},"properties":{"kdprov":"65","kdkab":"02","kdkec":"050","kddesa":"009","kdsls":"0023","idsls":"65020500090023","nmprov":"KALIMANTAN UTARA","nmkab":"BULUNGAN","nmkec":"TANJUNG SELOR","nmdesa":"TANJUNG SELOR HILIR","nmsls":"RT 023 RW 008"}},{"type":"Feature","geometry":{"type":"MultiPolygon","coordinates":[[[[117.37121,2.85096],[117.37268,2.85027],[117.37162,2.8478],[117.37109,2.84655],[117.36958,2.84722],[117.37066,2.8497],[117.37121,2.85096]]]]},"properties":{"kdprov":"65","kdkab":"02","kdkec":"050","kddesa":"009","kdsls":"0036","idsls":"65020500090036","nmprov":"KALIMANTAN UTARA","nmkab":"BULUNGAN","nmkec":"TANJUNG SELOR","nmdesa":"TANJUNG SELOR HILIR","nmsls":"RT 036 RW 013"}},{"type":"Feature","geometry":{"type":"MultiPolygon","coordinates":[[[[117.37409,2.8536],[117.37322,2.85155],[117.37268,2.85027],[117.37121,2.85096],[117.37254,2.85401],[117.374,2.85366],[117.37409,2.8536]]]]},"properties":{"kdprov":"65","kdkab":"02","kdkec":"050","kddesa":"009","kdsls":"0037","idsls":"65020500090037","nmprov":"KALIMANTAN UTARA","nmkab":"BULUNGAN","nmkec":"TANJUNG SELOR","nmdesa":"TANJUNG SELOR HILIR","nmsls":"RT 037 RW 013"}},{"type":"Feature","geometry":{"type":"MultiPolygon","coordinates":[[[[117.38758,2.85964],[117.38754,2.85879],[117.38971,2.85903],[117.38968,2.85894],[117.38914,2.85673],[117.38865,2.8549],[117.38869,2.85471],[117.38863,2.85388],[117.3882,2.85458],[117.38781,2.85521],[117.38748,2.85591],[117.38708,2.85668],[117.38656,2.85786],[117.38644,2.85832],[117.38633,2.85871],[117.38617,2.85962],[117.38758,2.85964]]]]},"properties":{"kdprov":"65","kdkab":"02","kdkec":"050","kddesa":"009","kdsls":"0069","idsls":"65020500090069","nmprov":"KALIMANTAN UTARA","nmkab":"BULUNGAN","nmkec":"TANJUNG SELOR","nmdesa":"TANJUNG SELOR HILIR","nmsls":"RT 069 RW 026"}},{"type":"Feature","geometry":{"type":"MultiPolygon","coordinates":[[[[117.36382,2.84951],[117.36241,2.84988],[117.36273,2.85149],[117.364,2.85124],[117.36396,2.85103],[117.36395,2.85094],[117.36393,2.85068],[117.36391,2.85037],[117.36387,2.8498],[117.36386,2.84971],[117.36382,2.84951]]]]},"properties":{"kdprov":"65","kdkab":"02","kdkec":"050","kddesa":"009","kdsls":"0025","idsls":"65020500090025","nmprov":"KALIMANTAN UTARA","nmkab":"BULUNGAN","nmkec":"TANJUNG SELOR","nmdesa":"TANJUNG SELOR HILIR","nmsls":"RT 025 RW 009"}},{"type":"Feature","geometry":{"type":"MultiPolygon","coordinates":[[[[117.3616,2.84619],[117.36168,2.84675],[117.36202,2.84817],[117.36354,2.84794],[117.36317,2.84589],[117.3616,2.84619]]]]},"properties":{"kdprov":"65","kdkab":"02","kdkec":"050","kddesa":"009","kdsls":"0022","idsls":"65020500090022","nmprov":"KALIMANTAN UTARA","nmkab":"BULUNGAN","nmkec":"TANJUNG SELOR","nmdesa":"TANJUNG SELOR HILIR","nmsls":"RT 022 RW 008"}},{"type":"Feature","geometry":{"type":"MultiPolygon","coordinates":[[[[117.36088,2.84072],[117.36082,2.84095],[117.3606,2.84143],[117.36061,2.84143],[117.36058,2.84178],[117.3605,2.84235],[117.36045,2.84277],[117.36045,2.84313],[117.36134,2.84309],[117.36275,2.84302],[117.36275,2.84301],[117.36263,2.84301],[117.36273,2.84219],[117.3629,2.84089],[117.36088,2.84072]]]]},"properties":{"kdprov":"65","kdkab":"02","kdkec":"050","kddesa":"009","kdsls":"0019","idsls":"65020500090019","nmprov":"KALIMANTAN UTARA","nmkab":"BULUNGAN","nmkec":"TANJUNG SELOR","nmdesa":"TANJUNG SELOR HILIR","nmsls":"RT 019 RW 007"}},{"type":"Feature","geometry":{"type":"MultiPolygon","coordinates":[[[[117.36475,2.83099],[117.36309,2.83046],[117.36308,2.83048],[117.36307,2.83051],[117.36286,2.83102],[117.36475,2.83152],[117.36475,2.83149],[117.36475,2.83131],[117.36475,2.83104],[117.36475,2.83099]]]]},"properties":{"kdprov":"65","kdkab":"02","kdkec":"050","kddesa":"002","kdsls":"0019","idsls":"65020500020019","nmprov":"KALIMANTAN UTARA","nmkab":"BULUNGAN","nmkec":"TANJUNG SELOR","nmdesa":"TANJUNG SELOR HULU","nmsls":"RT 019 RW 001"}},{"type":"Feature","geometry":{"type":"MultiPolygon","coordinates":[[[[117.445,2.7939],[117.44875,2.79564],[117.44912,2.79497],[117.44912,2.79497],[117.45138,2.79115],[117.45212,2.79155],[117.45517,2.79329],[117.4555,2.79347],[117.45627,2.79389],[117.45627,2.79389],[117.45657,2.79407],[117.45769,2.79235],[117.45719,2.79216],[117.45717,2.79215],[117.45689,2.79201],[117.45676,2.79195],[117.45651,2.79183],[117.4565,2.79182],[117.45464,2.79071],[117.45369,2.79007],[117.45284,2.7895],[117.45209,2.78907],[117.45148,2.78878],[117.45119,2.7887],[117.45068,2.7886],[117.45017,2.78853],[117.44992,2.78847],[117.44972,2.78835],[117.44945,2.788],[117.44844,2.78858],[117.44789,2.78884],[117.44724,2.7891],[117.44671,2.78922],[117.44614,2.78923],[117.44577,2.78917],[117.44538,2.78905],[117.44499,2.78889],[117.44464,2.78921],[117.44417,2.78971],[117.44397,2.79025],[117.44356,2.79062],[117.44315,2.79064],[117.44262,2.79096],[117.44199,2.79179],[117.44138,2.7919],[117.44066,2.79224],[117.4401,2.79224],[117.43943,2.79255],[117.43862,2.79339],[117.43879,2.79418],[117.43925,2.79526],[117.43954,2.79598],[117.445,2.7939]]]]},"properties":{"kdprov":"65","kdkab":"02","kdkec":"050","kddesa":"005","kdsls":"0002","idsls":"65020500050002","nmprov":"KALIMANTAN UTARA","nmkab":"BULUNGAN","nmkec":"TANJUNG SELOR","nmdesa":"BUMI RAHAYU","nmsls":"RT 002 RW 001"}},{"type":"Feature","geometry":{"type":"MultiPolygon","coordinates":[[[[117.40536,2.80294],[117.4054,2.80203],[117.40349,2.802],[117.39489,2.80186],[117.39489,2.80246],[117.40536,2.80294]]]]},"properties":{"kdprov":"65","kdkab":"02","kdkec":"050","kddesa":"003","kdsls":"0015","idsls":"65020500030015","nmprov":"KALIMANTAN UTARA","nmkab":"BULUNGAN","nmkec":"TANJUNG SELOR","nmdesa":"JELARAI SELOR","nmsls":"RT 039 RW 003"}},{"type":"Feature","geometry":{"type":"MultiPolygon","coordinates":[[[[117.37079,2.84327],[117.37145,2.84226],[117.37272,2.84033],[117.37265,2.8403],[117.37115,2.83975],[117.37118,2.84021],[117.37096,2.84095],[117.3707,2.84178],[117.37022,2.84241],[117.37079,2.84327]]]]},"properties":{"kdprov":"65","kdkab":"02","kdkec":"050","kddesa":"009","kdsls":"0012","idsls":"65020500090012","nmprov":"KALIMANTAN UTARA","nmkab":"BULUNGAN","nmkec":"TANJUNG SELOR","nmdesa":"TANJUNG SELOR HILIR","nmsls":"RT 012 RW 005"}},{"type":"Feature","geometry":{"type":"MultiPolygon","coordinates":[[[[117.36475,2.83099],[117.36475,2.83104],[117.36475,2.83131],[117.36475,2.83149],[117.36571,2.83175],[117.36628,2.83164],[117.36613,2.83153],[117.36548,2.83078],[117.36514,2.83016],[117.36487,2.82972],[117.36472,2.8298],[117.36475,2.83099]]]]},"properties":{"kdprov":"65","kdkab":"02","kdkec":"050","kddesa":"002","kdsls":"0003","idsls":"65020500020003","nmprov":"KALIMANTAN UTARA","nmkab":"BULUNGAN","nmkec":"TANJUNG SELOR","nmdesa":"TANJUNG SELOR HULU","nmsls":"RT 003 RW 002"}},{"type":"Feature","geometry":{"type":"MultiPolygon","coordinates":[[[[117.36458,2.83321],[117.36604,2.83349],[117.36594,2.83278],[117.36571,2.83175],[117.36475,2.83149],[117.36475,2.83152],[117.36476,2.83195],[117.36476,2.83244],[117.36473,2.83256],[117.36461,2.83307],[117.36458,2.83321]]]]},"properties":{"kdprov":"65","kdkab":"02","kdkec":"050","kddesa":"002","kdsls":"0021","idsls":"65020500020021","nmprov":"KALIMANTAN UTARA","nmkab":"BULUNGAN","nmkec":"TANJUNG SELOR","nmdesa":"TANJUNG SELOR HULU","nmsls":"RT 021 RW 002"}},{"type":"Feature","geometry":{"type":"MultiPolygon","coordinates":[[[[117.36475,2.83152],[117.36286,2.83102],[117.36282,2.83111],[117.36282,2.83112],[117.36282,2.83112],[117.36265,2.83171],[117.36476,2.83195],[117.36475,2.83152]]]]},"properties":{"kdprov":"65","kdkab":"02","kdkec":"050","kddesa":"002","kdsls":"0002","idsls":"65020500020002","nmprov":"KALIMANTAN UTARA","nmkab":"BULUNGAN","nmkec":"TANJUNG SELOR","nmdesa":"TANJUNG SELOR HULU","nmsls":"RT 002 RW 001"}},{"type":"Feature","geometry":{"type":"MultiPolygon","coordinates":[[[[117.36461,2.83307],[117.36473,2.83256],[117.36476,2.83244],[117.36476,2.83195],[117.36265,2.83171],[117.36248,2.83231],[117.36237,2.83268],[117.36461,2.83307]]]]},"properties":{"kdprov":"65","kdkab":"02","kdkec":"050","kddesa":"002","kdsls":"0020","idsls":"65020500020020","nmprov":"KALIMANTAN UTARA","nmkab":"BULUNGAN","nmkec":"TANJUNG SELOR","nmdesa":"TANJUNG SELOR HULU","nmsls":"RT 020 RW 001"}},{"type":"Feature","geometry":{"type":"MultiPolygon","coordinates":[[[[117.37268,2.85027],[117.37322,2.85155],[117.37556,2.85051],[117.3743,2.84769],[117.3739,2.8468],[117.37162,2.8478],[117.37268,2.85027]]]]},"properties":{"kdprov":"65","kdkab":"02","kdkec":"050","kddesa":"009","kdsls":"0096","idsls":"65020500090096","nmprov":"KALIMANTAN UTARA","nmkab":"BULUNGAN","nmkec":"TANJUNG SELOR","nmdesa":"TANJUNG SELOR HILIR","nmsls":"RT 096 RW 036"}},{"type":"Feature","geometry":{"type":"MultiPolygon","coordinates":[[[[117.39879,2.80986],[117.40193,2.81489],[117.40278,2.8144],[117.40236,2.81356],[117.40003,2.80869],[117.39943,2.80867],[117.39943,2.80867],[117.39879,2.80986]]]]},"properties":{"kdprov":"65","kdkab":"02","kdkec":"050","kddesa":"003","kdsls":"0003","idsls":"65020500030003","nmprov":"KALIMANTAN UTARA","nmkab":"BULUNGAN","nmkec":"TANJUNG SELOR","nmdesa":"JELARAI SELOR","nmsls":"RT 004 RW 001"}},{"type":"Feature","geometry":{"type":"MultiPolygon","coordinates":[[[[117.44499,2.78889],[117.44293,2.78798],[117.44503,2.78393],[117.44536,2.78415],[117.44564,2.78434],[117.44587,2.78445],[117.44604,2.78448],[117.44623,2.78447],[117.44644,2.78443],[117.44667,2.78436],[117.44691,2.78423],[117.44731,2.78402],[117.44753,2.78434],[117.45129,2.78338],[117.45178,2.78323],[117.45239,2.7831],[117.45309,2.78295],[117.45404,2.78281],[117.45468,2.78278],[117.45499,2.78278],[117.45584,2.78322],[117.45652,2.782],[117.45657,2.78178],[117.45652,2.78163],[117.45637,2.78149],[117.4559,2.78136],[117.45483,2.78054],[117.45233,2.77988],[117.45026,2.77972],[117.44734,2.77949],[117.44627,2.77921],[117.44597,2.77919],[117.44574,2.7792],[117.4455,2.77926],[117.44136,2.77998],[117.44114,2.78001],[117.44093,2.78004],[117.44075,2.78013],[117.44057,2.78027],[117.43983,2.78126],[117.4397,2.7818],[117.43977,2.78233],[117.43993,2.78339],[117.43986,2.78473],[117.43979,2.78567],[117.43946,2.78708],[117.43917,2.78846],[117.43893,2.78962],[117.43874,2.79058],[117.43847,2.79176],[117.43854,2.79256],[117.43858,2.79321],[117.43862,2.79339],[117.43943,2.79255],[117.4401,2.79224],[117.44066,2.79224],[117.44138,2.7919],[117.44199,2.79179],[117.44262,2.79096],[117.44315,2.79064],[117.44356,2.79062],[117.44397,2.79025],[117.44417,2.78971],[117.44464,2.78921],[117.44499,2.78889]]]]},"properties":{"kdprov":"65","kdkab":"02","kdkec":"050","kddesa":"005","kdsls":"0007","idsls":"65020500050007","nmprov":"KALIMANTAN UTARA","nmkab":"BULUNGAN","nmkec":"TANJUNG SELOR","nmdesa":"BUMI RAHAYU","nmsls":"RT 007 RW 001"}},{"type":"Feature","geometry":{"type":"MultiPolygon","coordinates":[[[[117.36441,2.8339],[117.36446,2.83369],[117.36458,2.83321],[117.36461,2.83307],[117.36237,2.83268],[117.36237,2.8327],[117.36237,2.8327],[117.36223,2.83332],[117.36441,2.8339]]]]},"properties":{"kdprov":"65","kdkab":"02","kdkec":"050","kddesa":"002","kdsls":"0004","idsls":"65020500020004","nmprov":"KALIMANTAN UTARA","nmkab":"BULUNGAN","nmkec":"TANJUNG SELOR","nmdesa":"TANJUNG SELOR HULU","nmsls":"RT 004 RW 004"}},{"type":"Feature","geometry":{"type":"MultiPolygon","coordinates":[[[[117.36161,2.83708],[117.36297,2.83716],[117.36341,2.83523],[117.3619,2.83494],[117.36189,2.83497],[117.36189,2.83497],[117.36174,2.83573],[117.3616,2.83706],[117.36161,2.83706],[117.36161,2.83708]]]]},"properties":{"kdprov":"65","kdkab":"02","kdkec":"050","kddesa":"002","kdsls":"0023","idsls":"65020500020023","nmprov":"KALIMANTAN UTARA","nmkab":"BULUNGAN","nmkec":"TANJUNG SELOR","nmdesa":"TANJUNG SELOR HULU","nmsls":"RT 023 RW 004"}},{"type":"Feature","geometry":{"type":"MultiPolygon","coordinates":[[[[117.32926,2.79702],[117.32907,2.79743],[117.33291,2.80045],[117.33481,2.80193],[117.33588,2.802],[117.33691,2.8024],[117.33798,2.80293],[117.33871,2.80333],[117.33931,2.8039],[117.34001,2.80453],[117.34061,2.80553],[117.34094,2.80587],[117.34128,2.80727],[117.34162,2.8089],[117.34172,2.8101],[117.34245,2.81176],[117.34303,2.81238],[117.34484,2.8136],[117.3462,2.81371],[117.34711,2.81301],[117.34699,2.81223],[117.34689,2.81096],[117.34695,2.8094],[117.34705,2.80836],[117.34716,2.80762],[117.34412,2.80715],[117.34382,2.80692],[117.34349,2.80637],[117.3431,2.80575],[117.34282,2.80527],[117.34244,2.80465],[117.342,2.80407],[117.34165,2.80362],[117.34147,2.80333],[117.33807,2.80045],[117.3362,2.79872],[117.33797,2.79452],[117.33873,2.79359],[117.33903,2.79175],[117.33873,2.79135],[117.3385,2.79049],[117.33813,2.78862],[117.33797,2.78755],[117.33793,2.78589],[117.33803,2.78489],[117.33803,2.78462],[117.3385,2.78402],[117.3385,2.78319],[117.33743,2.78182],[117.33707,2.78115],[117.33693,2.78042],[117.3369,2.77979],[117.33653,2.77812],[117.3356,2.77759],[117.33486,2.77706],[117.3346,2.77459],[117.33393,2.77186],[117.33346,2.76939],[117.33293,2.76719],[117.33261,2.76467],[117.33257,2.76471],[117.33237,2.76518],[117.33197,2.76624],[117.33124,2.76664],[117.33037,2.76711],[117.3297,2.76764],[117.32924,2.76797],[117.32884,2.76864],[117.32917,2.76891],[117.32946,2.76913],[117.3303,2.76977],[117.33137,2.77057],[117.33137,2.77137],[117.32957,2.77517],[117.33137,2.77564],[117.33251,2.77664],[117.33341,2.77747],[117.33441,2.77891],[117.33461,2.78031],[117.33461,2.78204],[117.33468,2.78457],[117.33407,2.78597],[117.33381,2.78744],[117.33307,2.7889],[117.33247,2.79044],[117.33187,2.79124],[117.33094,2.79304],[117.33047,2.79444],[117.32926,2.79702]]]]},"properties":{"kdprov":"65","kdkab":"02","kdkec":"050","kddesa":"001","kdsls":"0002","idsls":"65020500010002","nmprov":"KALIMANTAN UTARA","nmkab":"BULUNGAN","nmkec":"TANJUNG SELOR","nmdesa":"GUNUNG SERIANG","nmsls":"RT 002"}},{"type":"Feature","geometry":{"type":"MultiPolygon","coordinates":[[[[117.40503,2.81809],[117.40702,2.81904],[117.40734,2.81843],[117.40747,2.8181],[117.40756,2.81771],[117.40757,2.81749],[117.40756,2.81726],[117.40754,2.81682],[117.40744,2.81626],[117.40693,2.81633],[117.40686,2.81595],[117.40737,2.81588],[117.40724,2.81513],[117.4054,2.81488],[117.40546,2.81714],[117.4047,2.81712],[117.40473,2.81794],[117.40503,2.81809]]]]},"properties":{"kdprov":"65","kdkab":"02","kdkec":"050","kddesa":"003","kdsls":"0042","idsls":"65020500030042","nmprov":"KALIMANTAN UTARA","nmkab":"BULUNGAN","nmkec":"TANJUNG SELOR","nmdesa":"JELARAI SELOR","nmsls":"RT 034 RW 009"}},{"type":"Feature","geometry":{"type":"MultiPolygon","coordinates":[[[[117.33261,2.76467],[117.33293,2.76719],[117.33346,2.76939],[117.33393,2.77186],[117.3346,2.77459],[117.33486,2.77706],[117.3356,2.77759],[117.33653,2.77812],[117.3369,2.77979],[117.33693,2.78042],[117.33707,2.78115],[117.33743,2.78182],[117.3385,2.78319],[117.3385,2.78402],[117.33803,2.78462],[117.33803,2.78489],[117.33793,2.78589],[117.33797,2.78755],[117.33813,2.78862],[117.3385,2.79049],[117.33873,2.79135],[117.33903,2.79175],[117.33873,2.79359],[117.33797,2.79452],[117.3362,2.79872],[117.33807,2.80045],[117.34147,2.80333],[117.34165,2.80362],[117.342,2.80407],[117.34244,2.80465],[117.34282,2.80527],[117.3431,2.80575],[117.34349,2.80637],[117.34382,2.80692],[117.34412,2.80715],[117.34716,2.80762],[117.34739,2.80613],[117.34747,2.80565],[117.34639,2.80433],[117.34597,2.80398],[117.34558,2.80376],[117.34192,2.80076],[117.34139,2.80016],[117.34072,2.79979],[117.33952,2.79933],[117.33882,2.79913],[117.33845,2.79893],[117.34122,2.79086],[117.34282,2.78806],[117.34369,2.78606],[117.34476,2.78486],[117.34602,2.7832],[117.34589,2.78093],[117.34562,2.77933],[117.34562,2.77786],[117.34516,2.77233],[117.34436,2.76913],[117.34215,2.764],[117.33728,2.75667],[117.33568,2.75529],[117.33551,2.75601],[117.33427,2.76127],[117.33384,2.76311],[117.33317,2.76411],[117.33261,2.76467]]]]},"properties":{"kdprov":"65","kdkab":"02","kdkec":"050","kddesa":"001","kdsls":"0001","idsls":"65020500010001","nmprov":"KALIMANTAN UTARA","nmkab":"BULUNGAN","nmkec":"TANJUNG SELOR","nmdesa":"GUNUNG SERIANG","nmsls":"RT 001"}},{"type":"Feature","geometry":{"type":"MultiPolygon","coordinates":[[[[117.46154,2.76704],[117.46117,2.76823],[117.46097,2.76895],[117.46088,2.76915],[117.46272,2.76969],[117.463,2.76977],[117.46365,2.76757],[117.46414,2.7659],[117.46392,2.76581],[117.46206,2.76523],[117.46156,2.76698],[117.46154,2.76704]]]]},"properties":{"kdprov":"65","kdkab":"02","kdkec":"050","kddesa":"004","kdsls":"0002","idsls":"65020500040002","nmprov":"KALIMANTAN UTARA","nmkab":"BULUNGAN","nmkec":"TANJUNG SELOR","nmdesa":"GUNUNG SARI","nmsls":"RT 002 RW 001"}},{"type":"Feature","geometry":{"type":"MultiPolygon","coordinates":[[[[117.33568,2.75529],[117.33728,2.75667],[117.34215,2.764],[117.34436,2.76913],[117.34516,2.77233],[117.34562,2.77786],[117.34562,2.77933],[117.34589,2.78093],[117.34602,2.7832],[117.34476,2.78486],[117.34369,2.78606],[117.34282,2.78806],[117.34122,2.79086],[117.33845,2.79893],[117.33882,2.79913],[117.33952,2.79933],[117.34072,2.79979],[117.34139,2.80016],[117.34192,2.80076],[117.34558,2.80376],[117.34597,2.80398],[117.34639,2.80433],[117.34747,2.80565],[117.34782,2.80363],[117.34822,2.8024],[117.34902,2.80043],[117.34969,2.79923],[117.35039,2.79837],[117.35082,2.79787],[117.35142,2.7973],[117.35279,2.797],[117.35378,2.79683],[117.35411,2.79468],[117.35441,2.79425],[117.35468,2.79382],[117.35491,2.79249],[117.35524,2.79155],[117.35548,2.79089],[117.35585,2.78992],[117.35608,2.78949],[117.35648,2.78935],[117.35711,2.78935],[117.35778,2.78909],[117.35851,2.78882],[117.35898,2.78869],[117.35948,2.78842],[117.36028,2.78855],[117.36058,2.78865],[117.36138,2.78782],[117.36155,2.78645],[117.36222,2.78485],[117.36302,2.78345],[117.36389,2.78212],[117.36449,2.78065],[117.36476,2.77971],[117.4163,2.58313],[117.4134,2.58134],[117.40994,2.5792],[117.4073,2.57758],[117.40423,2.57568],[117.40423,2.57719],[117.40423,2.5787],[117.40561,2.58047],[117.40636,2.5816],[117.40611,2.58298],[117.40611,2.585],[117.40486,2.58777],[117.4048,2.58788],[117.40373,2.59003],[117.40186,2.59091],[117.39985,2.59129],[117.39823,2.59129],[117.39347,2.59268],[117.39252,2.593],[117.38567,2.5953],[117.38521,2.59545],[117.38221,2.59822],[117.37396,2.59845],[117.37082,2.59854],[117.37055,2.59855],[117.36535,2.5987],[117.35981,2.59886],[117.35931,2.5998],[117.35881,2.60074],[117.35618,2.60339],[117.35403,2.60555],[117.3533,2.60628],[117.35436,2.61217],[117.35443,2.6135],[117.35459,2.61681],[117.35501,2.62544],[117.35508,2.6268],[117.35571,2.63961],[117.35303,2.67244],[117.35229,2.67887],[117.35195,2.6818],[117.35229,2.68459],[117.3485,2.70074],[117.34069,2.73397],[117.33987,2.73746],[117.33912,2.74063],[117.33693,2.74995],[117.33568,2.75529]]]]},"properties":{"kdprov":"65","kdkab":"02","kdkec":"050","kddesa":"001","kdsls":"0003","idsls":"65020500010003","nmprov":"KALIMANTAN UTARA","nmkab":"BULUNGAN","nmkec":"TANJUNG SELOR","nmdesa":"GUNUNG SERIANG","nmsls":"RT 003"}},{"type":"Feature","geometry":{"type":"MultiPolygon","coordinates":[[[[117.36309,2.83046],[117.36475,2.83099],[117.36472,2.8298],[117.36487,2.82972],[117.36487,2.82972],[117.36434,2.82858],[117.36398,2.82843],[117.36397,2.82842],[117.36397,2.82843],[117.36309,2.83046]]]]},"properties":{"kdprov":"65","kdkab":"02","kdkec":"050","kddesa":"002","kdsls":"0001","idsls":"65020500020001","nmprov":"KALIMANTAN UTARA","nmkab":"BULUNGAN","nmkec":"TANJUNG SELOR","nmdesa":"TANJUNG SELOR HULU","nmsls":"RT 001 RW 001"}},{"type":"Feature","geometry":{"type":"MultiPolygon","coordinates":[[[[117.36701,2.83344],[117.36731,2.83332],[117.36749,2.8332],[117.36749,2.8332],[117.36645,2.83191],[117.36628,2.83164],[117.36571,2.83175],[117.36594,2.83278],[117.36604,2.83349],[117.36606,2.83349],[117.36606,2.83349],[117.36612,2.83348],[117.36701,2.83344],[117.36701,2.83344]]]]},"properties":{"kdprov":"65","kdkab":"02","kdkec":"050","kddesa":"002","kdsls":"0006","idsls":"65020500020006","nmprov":"KALIMANTAN UTARA","nmkab":"BULUNGAN","nmkec":"TANJUNG SELOR","nmdesa":"TANJUNG SELOR HULU","nmsls":"RT 006 RW 002"}},{"type":"Feature","geometry":{"type":"MultiPolygon","coordinates":[[[[117.36394,2.83568],[117.36403,2.83535],[117.36341,2.83523],[117.36297,2.83716],[117.36353,2.8372],[117.36353,2.83718],[117.36363,2.83684],[117.36394,2.83568]]]]},"properties":{"kdprov":"65","kdkab":"02","kdkec":"050","kddesa":"002","kdsls":"0010","idsls":"65020500020010","nmprov":"KALIMANTAN UTARA","nmkab":"BULUNGAN","nmkec":"TANJUNG SELOR","nmdesa":"TANJUNG SELOR HULU","nmsls":"RT 010 RW 004"}},{"type":"Feature","geometry":{"type":"MultiPolygon","coordinates":[[[[117.38297,2.81005],[117.38347,2.81039],[117.38367,2.81169],[117.38367,2.81279],[117.38358,2.81329],[117.383,2.81401],[117.38228,2.81459],[117.38174,2.81493],[117.38161,2.81516],[117.38173,2.81544],[117.38218,2.81576],[117.38249,2.81588],[117.38409,2.81649],[117.38456,2.81651],[117.38565,2.81657],[117.38702,2.81654],[117.38728,2.81651],[117.38802,2.81644],[117.38848,2.81637],[117.39048,2.81643],[117.39066,2.81643],[117.39066,2.81643],[117.39089,2.81645],[117.39101,2.81583],[117.39177,2.81279],[117.39296,2.81341],[117.39383,2.81386],[117.39546,2.81142],[117.39736,2.81251],[117.39879,2.80986],[117.39943,2.80867],[117.39488,2.80558],[117.39488,2.80558],[117.39489,2.80302],[117.39489,2.80289],[117.39489,2.80246],[117.39489,2.80186],[117.39494,2.79328],[117.38662,2.7976],[117.38536,2.7978],[117.38439,2.7982],[117.38275,2.79934],[117.38163,2.79991],[117.38163,2.79992],[117.38183,2.80035],[117.3825,2.80119],[117.38584,2.80416],[117.38584,2.80421],[117.38539,2.80478],[117.38508,2.80516],[117.38469,2.80565],[117.38439,2.80603],[117.38421,2.80635],[117.38343,2.80768],[117.38234,2.80956],[117.38208,2.81017],[117.38259,2.81001],[117.38297,2.81005]]]]},"properties":{"kdprov":"65","kdkab":"02","kdkec":"050","kddesa":"003","kdsls":"0017","idsls":"65020500030017","nmprov":"KALIMANTAN UTARA","nmkab":"BULUNGAN","nmkec":"TANJUNG SELOR","nmdesa":"JELARAI SELOR","nmsls":"RT 012 RW 004"}},{"type":"Feature","geometry":{"type":"MultiPolygon","coordinates":[[[[117.40193,2.81489],[117.39879,2.80986],[117.39736,2.81251],[117.3989,2.81376],[117.39906,2.81364],[117.39983,2.81336],[117.40049,2.81315],[117.40065,2.81358],[117.40113,2.81428],[117.40116,2.81433],[117.40141,2.81494],[117.40147,2.81508],[117.40149,2.81514],[117.40193,2.81489]]]]},"properties":{"kdprov":"65","kdkab":"02","kdkec":"050","kddesa":"003","kdsls":"0005","idsls":"65020500030005","nmprov":"KALIMANTAN UTARA","nmkab":"BULUNGAN","nmkec":"TANJUNG SELOR","nmdesa":"JELARAI SELOR","nmsls":"RT 031 RW 001"}},{"type":"Feature","geometry":{"type":"MultiPolygon","coordinates":[[[[117.40193,2.81489],[117.40149,2.81514],[117.40146,2.81516],[117.40202,2.8158],[117.40293,2.81684],[117.40319,2.81693],[117.40245,2.81577],[117.40277,2.8156],[117.40291,2.81551],[117.40309,2.81539],[117.40318,2.81531],[117.40325,2.8152],[117.40327,2.81513],[117.40323,2.81503],[117.40304,2.81458],[117.4029,2.81463],[117.40278,2.8144],[117.40193,2.81489]]]]},"properties":{"kdprov":"65","kdkab":"02","kdkec":"050","kddesa":"003","kdsls":"0041","idsls":"65020500030041","nmprov":"KALIMANTAN UTARA","nmkab":"BULUNGAN","nmkec":"TANJUNG SELOR","nmdesa":"JELARAI SELOR","nmsls":"RT 033 RW 009"}},{"type":"Feature","geometry":{"type":"MultiPolygon","coordinates":[[[[117.39736,2.81251],[117.39546,2.81142],[117.39383,2.81386],[117.3944,2.81419],[117.396,2.81512],[117.39664,2.8155],[117.39758,2.81422],[117.39854,2.8148],[117.39883,2.81428],[117.39858,2.8141],[117.39884,2.81379],[117.3989,2.81376],[117.39736,2.81251]]]]},"properties":{"kdprov":"65","kdkab":"02","kdkec":"050","kddesa":"003","kdsls":"0001","idsls":"65020500030001","nmprov":"KALIMANTAN UTARA","nmkab":"BULUNGAN","nmkec":"TANJUNG SELOR","nmdesa":"JELARAI SELOR","nmsls":"RT 002 RW 001"}},{"type":"Feature","geometry":{"type":"MultiPolygon","coordinates":[[[[117.39883,2.81428],[117.39854,2.8148],[117.39758,2.81422],[117.39664,2.8155],[117.39602,2.81635],[117.39882,2.81796],[117.39877,2.81779],[117.3987,2.8176],[117.39862,2.8175],[117.3986,2.81714],[117.39854,2.817],[117.39834,2.81681],[117.39828,2.81661],[117.39823,2.81633],[117.39798,2.8163],[117.39799,2.81629],[117.39814,2.81555],[117.39817,2.8154],[117.39862,2.81533],[117.39919,2.81525],[117.39942,2.81448],[117.39883,2.81428]]]]},"properties":{"kdprov":"65","kdkab":"02","kdkec":"050","kddesa":"003","kdsls":"0004","idsls":"65020500030004","nmprov":"KALIMANTAN UTARA","nmkab":"BULUNGAN","nmkec":"TANJUNG SELOR","nmdesa":"JELARAI SELOR","nmsls":"RT 030 RW 001"}},{"type":"Feature","geometry":{"type":"MultiPolygon","coordinates":[[[[117.39296,2.81341],[117.39177,2.81279],[117.39101,2.81583],[117.39089,2.81645],[117.39196,2.81652],[117.39221,2.81655],[117.39296,2.81341]]]]},"properties":{"kdprov":"65","kdkab":"02","kdkec":"050","kddesa":"003","kdsls":"0019","idsls":"65020500030019","nmprov":"KALIMANTAN UTARA","nmkab":"BULUNGAN","nmkec":"TANJUNG SELOR","nmdesa":"JELARAI SELOR","nmsls":"RT 026 RW 004"}},{"type":"Feature","geometry":{"type":"MultiPolygon","coordinates":[[[[117.39383,2.81386],[117.39296,2.81341],[117.39221,2.81655],[117.39281,2.81661],[117.39338,2.81677],[117.3944,2.81419],[117.39383,2.81386]]]]},"properties":{"kdprov":"65","kdkab":"02","kdkec":"050","kddesa":"003","kdsls":"0020","idsls":"65020500030020","nmprov":"KALIMANTAN UTARA","nmkab":"BULUNGAN","nmkec":"TANJUNG SELOR","nmdesa":"JELARAI SELOR","nmsls":"RT 027 RW 004"}},{"type":"Feature","geometry":{"type":"MultiPolygon","coordinates":[[[[117.396,2.81512],[117.3944,2.81419],[117.39338,2.81677],[117.39406,2.81696],[117.39465,2.81723],[117.39478,2.81731],[117.396,2.81512]]]]},"properties":{"kdprov":"65","kdkab":"02","kdkec":"050","kddesa":"003","kdsls":"0021","idsls":"65020500030021","nmprov":"KALIMANTAN UTARA","nmkab":"BULUNGAN","nmkec":"TANJUNG SELOR","nmdesa":"JELARAI SELOR","nmsls":"RT 001 RW 005"}},{"type":"Feature","geometry":{"type":"MultiPolygon","coordinates":[[[[117.39664,2.8155],[117.396,2.81512],[117.39478,2.81731],[117.39513,2.81752],[117.39602,2.81635],[117.39664,2.8155]]]]},"properties":{"kdprov":"65","kdkab":"02","kdkec":"050","kddesa":"003","kdsls":"0022","idsls":"65020500030022","nmprov":"KALIMANTAN UTARA","nmkab":"BULUNGAN","nmkec":"TANJUNG SELOR","nmdesa":"JELARAI SELOR","nmsls":"RT 028 RW 005"}},{"type":"Feature","geometry":{"type":"MultiPolygon","coordinates":[[[[117.39882,2.81796],[117.39602,2.81635],[117.39513,2.81752],[117.39616,2.81816],[117.39682,2.81844],[117.39796,2.81906],[117.3983,2.81907],[117.39831,2.81905],[117.39848,2.81904],[117.39857,2.819],[117.39883,2.81892],[117.39892,2.81876],[117.39898,2.81859],[117.39894,2.81837],[117.39882,2.81796]]]]},"properties":{"kdprov":"65","kdkab":"02","kdkec":"050","kddesa":"003","kdsls":"0023","idsls":"65020500030023","nmprov":"KALIMANTAN UTARA","nmkab":"BULUNGAN","nmkec":"TANJUNG SELOR","nmdesa":"JELARAI SELOR","nmsls":"RT 029 RW 005"}},{"type":"Feature","geometry":{"type":"MultiPolygon","coordinates":[[[[117.40116,2.81433],[117.40113,2.81428],[117.40065,2.81358],[117.40049,2.81315],[117.39983,2.81336],[117.39906,2.81364],[117.3989,2.81376],[117.39884,2.81379],[117.39858,2.8141],[117.39883,2.81428],[117.39942,2.81448],[117.39919,2.81525],[117.39946,2.81521],[117.39999,2.81543],[117.40023,2.81554],[117.40033,2.81541],[117.40003,2.81507],[117.40045,2.81473],[117.40116,2.81433]]]]},"properties":{"kdprov":"65","kdkab":"02","kdkec":"050","kddesa":"003","kdsls":"0002","idsls":"65020500030002","nmprov":"KALIMANTAN UTARA","nmkab":"BULUNGAN","nmkec":"TANJUNG SELOR","nmdesa":"JELARAI SELOR","nmsls":"RT 003 RW 001"}},{"type":"Feature","geometry":{"type":"MultiPolygon","coordinates":[[[[117.40147,2.81508],[117.40141,2.81494],[117.40116,2.81433],[117.40045,2.81473],[117.40003,2.81507],[117.40033,2.81541],[117.40037,2.81543],[117.40037,2.81543],[117.4004,2.81549],[117.40147,2.81508]]]]},"properties":{"kdprov":"65","kdkab":"02","kdkec":"050","kddesa":"003","kdsls":"0006","idsls":"65020500030006","nmprov":"KALIMANTAN UTARA","nmkab":"BULUNGAN","nmkec":"TANJUNG SELOR","nmdesa":"JELARAI SELOR","nmsls":"RT 041 RW 001"}},{"type":"Feature","geometry":{"type":"MultiPolygon","coordinates":[[[[117.40154,2.81643],[117.40157,2.81635],[117.40164,2.8162],[117.4017,2.81607],[117.40181,2.81597],[117.40191,2.81588],[117.40202,2.8158],[117.40146,2.81516],[117.40149,2.81514],[117.40147,2.81508],[117.4004,2.81549],[117.40037,2.81543],[117.40037,2.81543],[117.40033,2.81541],[117.40023,2.81554],[117.40026,2.81555],[117.40074,2.816],[117.40154,2.81643]]]]},"properties":{"kdprov":"65","kdkab":"02","kdkec":"050","kddesa":"003","kdsls":"0040","idsls":"65020500030040","nmprov":"KALIMANTAN UTARA","nmkab":"BULUNGAN","nmkec":"TANJUNG SELOR","nmdesa":"JELARAI SELOR","nmsls":"RT 032 RW 009"}},{"type":"Feature","geometry":{"type":"MultiPolygon","coordinates":[[[[117.44134,2.81049],[117.44175,2.81029],[117.44395,2.81031],[117.44603,2.81036],[117.44638,2.81037],[117.44774,2.81042],[117.45682,2.79423],[117.45657,2.79407],[117.45627,2.79389],[117.45627,2.79389],[117.4555,2.79347],[117.45517,2.79329],[117.45212,2.79155],[117.45138,2.79115],[117.44912,2.79497],[117.44912,2.79497],[117.44875,2.79564],[117.44091,2.80967],[117.44072,2.81053],[117.44045,2.81071],[117.44034,2.81082],[117.44038,2.81084],[117.44051,2.81084],[117.44088,2.81075],[117.44134,2.81049]]]]},"properties":{"kdprov":"65","kdkab":"02","kdkec":"050","kddesa":"005","kdsls":"0001","idsls":"65020500050001","nmprov":"KALIMANTAN UTARA","nmkab":"BULUNGAN","nmkec":"TANJUNG SELOR","nmdesa":"BUMI RAHAYU","nmsls":"RT 001 RW 001"}},{"type":"Feature","geometry":{"type":"MultiPolygon","coordinates":[[[[117.44934,2.81048],[117.45172,2.81058],[117.45444,2.81069],[117.45747,2.81069],[117.46038,2.81069],[117.46296,2.81071],[117.46949,2.80274],[117.46975,2.80238],[117.46994,2.80203],[117.47025,2.80159],[117.47043,2.80135],[117.47057,2.80095],[117.47068,2.80062],[117.47082,2.80011],[117.47082,2.79994],[117.47069,2.79936],[117.4706,2.79886],[117.47067,2.7985],[117.47086,2.79812],[117.47136,2.79745],[117.47168,2.79706],[117.47208,2.7962],[117.47244,2.79507],[117.47274,2.79418],[117.47293,2.79348],[117.47307,2.79284],[117.47329,2.79237],[117.4734,2.79216],[117.47344,2.79205],[117.47339,2.79188],[117.47339,2.79188],[117.47323,2.79195],[117.47248,2.79201],[117.47079,2.79228],[117.47012,2.79244],[117.46959,2.79259],[117.46861,2.79314],[117.46833,2.79328],[117.46811,2.7934],[117.46797,2.79345],[117.46781,2.79345],[117.46769,2.7934],[117.46637,2.79269],[117.46521,2.79219],[117.46421,2.7918],[117.46326,2.79141],[117.46218,2.79091],[117.45946,2.79559],[117.45934,2.79562],[117.45806,2.79499],[117.45682,2.79423],[117.44774,2.81042],[117.44934,2.81048]]]]},"properties":{"kdprov":"65","kdkab":"02","kdkec":"050","kddesa":"005","kdsls":"0006","idsls":"65020500050006","nmprov":"KALIMANTAN UTARA","nmkab":"BULUNGAN","nmkec":"TANJUNG SELOR","nmdesa":"BUMI RAHAYU","nmsls":"RT 006 RW 002"}},{"type":"Feature","geometry":{"type":"MultiPolygon","coordinates":[[[[117.45226,2.76368],[117.44945,2.76156],[117.44754,2.76094],[117.44702,2.76263],[117.44891,2.76323],[117.45217,2.76416],[117.45334,2.76448],[117.45226,2.76368]]]]},"properties":{"kdprov":"65","kdkab":"02","kdkec":"050","kddesa":"004","kdsls":"0010","idsls":"65020500040010","nmprov":"KALIMANTAN UTARA","nmkab":"BULUNGAN","nmkec":"TANJUNG SELOR","nmdesa":"GUNUNG SARI","nmsls":"RT 008 RW 002"}},{"type":"Feature","geometry":{"type":"MultiPolygon","coordinates":[[[[117.39488,2.80558],[117.39488,2.80558],[117.40298,2.80568],[117.40298,2.80569],[117.40297,2.80557],[117.40286,2.80531],[117.40291,2.80517],[117.40299,2.80499],[117.40311,2.8048],[117.40726,2.80488],[117.40726,2.80483],[117.40729,2.80403],[117.40289,2.80368],[117.40221,2.80361],[117.39489,2.80302],[117.39488,2.80558]]]]},"properties":{"kdprov":"65","kdkab":"02","kdkec":"050","kddesa":"003","kdsls":"0011","idsls":"65020500030011","nmprov":"KALIMANTAN UTARA","nmkab":"BULUNGAN","nmkec":"TANJUNG SELOR","nmdesa":"JELARAI SELOR","nmsls":"RT 019 RW 003"}},{"type":"Feature","geometry":{"type":"MultiPolygon","coordinates":[[[[117.40732,2.80303],[117.40536,2.80294],[117.39489,2.80246],[117.39489,2.80289],[117.39489,2.80302],[117.40221,2.80361],[117.40289,2.80368],[117.40729,2.80403],[117.40729,2.80403],[117.40732,2.80303]]]]},"properties":{"kdprov":"65","kdkab":"02","kdkec":"050","kddesa":"003","kdsls":"0012","idsls":"65020500030012","nmprov":"KALIMANTAN UTARA","nmkab":"BULUNGAN","nmkec":"TANJUNG SELOR","nmdesa":"JELARAI SELOR","nmsls":"RT 020 RW 003"}},{"type":"Feature","geometry":{"type":"MultiPolygon","coordinates":[[[[117.45356,2.76657],[117.45481,2.76509],[117.4541,2.7649],[117.45365,2.76457],[117.45334,2.76448],[117.45217,2.76416],[117.44891,2.76323],[117.44702,2.76263],[117.4463,2.76499],[117.44521,2.76851],[117.44705,2.76896],[117.4545,2.77077],[117.45371,2.76947],[117.45358,2.76877],[117.45356,2.76657]]]]},"properties":{"kdprov":"65","kdkab":"02","kdkec":"050","kddesa":"004","kdsls":"0009","idsls":"65020500040009","nmprov":"KALIMANTAN UTARA","nmkab":"BULUNGAN","nmkec":"TANJUNG SELOR","nmdesa":"GUNUNG SARI","nmsls":"RT 007 RW 002"}},{"type":"Feature","geometry":{"type":"MultiPolygon","coordinates":[[[[117.4565,2.79182],[117.45651,2.79183],[117.45676,2.79195],[117.45689,2.79201],[117.45717,2.79215],[117.45719,2.79216],[117.45804,2.79059],[117.45773,2.79041],[117.45731,2.79018],[117.45789,2.78899],[117.45789,2.78899],[117.45366,2.78712],[117.45584,2.78322],[117.45499,2.78278],[117.45468,2.78278],[117.45404,2.78281],[117.45309,2.78295],[117.45239,2.7831],[117.45178,2.78323],[117.45129,2.78338],[117.44753,2.78434],[117.44772,2.78461],[117.44829,2.78547],[117.44834,2.78566],[117.44832,2.78595],[117.44833,2.7862],[117.44839,2.78637],[117.44917,2.78762],[117.44945,2.788],[117.44972,2.78835],[117.44992,2.78847],[117.45017,2.78853],[117.45068,2.7886],[117.45119,2.7887],[117.45148,2.78878],[117.45209,2.78907],[117.45284,2.7895],[117.45369,2.79007],[117.45464,2.79071],[117.4565,2.79182]]]]},"properties":{"kdprov":"65","kdkab":"02","kdkec":"050","kddesa":"005","kdsls":"0003","idsls":"65020500050003","nmprov":"KALIMANTAN UTARA","nmkab":"BULUNGAN","nmkec":"TANJUNG SELOR","nmdesa":"BUMI RAHAYU","nmsls":"RT 003 RW 001"}},{"type":"Feature","geometry":{"type":"MultiPolygon","coordinates":[[[[117.38208,2.81017],[117.38234,2.80956],[117.38343,2.80768],[117.38421,2.80635],[117.38439,2.80603],[117.38469,2.80565],[117.38508,2.80516],[117.38539,2.80478],[117.38584,2.80421],[117.38584,2.80416],[117.3825,2.80119],[117.38183,2.80035],[117.38163,2.79992],[117.38163,2.79991],[117.3813,2.79865],[117.38076,2.79602],[117.38073,2.79462],[117.38073,2.79261],[117.38032,2.7922],[117.37873,2.7906],[117.37737,2.78924],[117.37673,2.78859],[117.37638,2.78722],[117.376,2.78564],[117.37567,2.78437],[117.37536,2.7831],[117.37455,2.78196],[117.37369,2.78075],[117.37255,2.77983],[117.37128,2.77878],[117.36993,2.7777],[117.36993,2.77621],[117.36993,2.77495],[117.37062,2.77447],[117.3721,2.77338],[117.37231,2.77323],[117.37231,2.77174],[117.37231,2.77063],[117.37231,2.76917],[117.3723,2.76786],[117.37231,2.7663],[117.37231,2.76536],[117.3725,2.76412],[117.37279,2.76247],[117.37304,2.76095],[117.37333,2.75928],[117.37358,2.75769],[117.37384,2.75611],[117.37401,2.75512],[117.37461,2.75376],[117.37533,2.75211],[117.37606,2.75045],[117.37691,2.74854],[117.37765,2.74684],[117.37835,2.745],[117.37909,2.74302],[117.37983,2.74102],[117.38056,2.73906],[117.38134,2.737],[117.3821,2.73491],[117.38265,2.73349],[117.38285,2.73194],[117.38307,2.73029],[117.38333,2.72835],[117.38357,2.72638],[117.38385,2.7243],[117.38412,2.72228],[117.3844,2.72018],[117.38467,2.71811],[117.38496,2.71585],[117.38535,2.71377],[117.38574,2.71178],[117.38615,2.70981],[117.38621,2.70947],[117.38657,2.70757],[117.38706,2.70518],[117.38834,2.70379],[117.38978,2.70221],[117.39121,2.70068],[117.39258,2.69918],[117.39408,2.69731],[117.39585,2.69516],[117.39748,2.69314],[117.39826,2.69218],[117.39853,2.6907],[117.39881,2.6891],[117.39916,2.68726],[117.39951,2.68531],[117.39986,2.6834],[117.39995,2.68299],[117.39994,2.68201],[117.39995,2.68067],[117.39994,2.67942],[117.39993,2.67778],[117.39995,2.67611],[117.40051,2.67481],[117.40116,2.67338],[117.40183,2.67184],[117.40268,2.6699],[117.40355,2.66795],[117.40399,2.66696],[117.40521,2.66554],[117.40671,2.66383],[117.40822,2.6621],[117.40974,2.66021],[117.41131,2.65816],[117.41214,2.65705],[117.41245,2.65605],[117.41298,2.6542],[117.41375,2.65341],[117.41515,2.65198],[117.41671,2.65035],[117.41825,2.64876],[117.41907,2.64809],[117.41971,2.64781],[117.4203,2.64776],[117.42046,2.64775],[117.42078,2.64775],[117.42164,2.6375],[117.42166,2.63726],[117.42221,2.63064],[117.42345,2.61422],[117.42492,2.596],[117.42493,2.59594],[117.42496,2.59555],[117.4251,2.59383],[117.42795,2.59135],[117.42801,2.59128],[117.42854,2.59068],[117.4255,2.58881],[117.42421,2.58801],[117.42232,2.58684],[117.4163,2.58313],[117.36476,2.77971],[117.36449,2.78065],[117.36389,2.78212],[117.36302,2.78345],[117.36222,2.78485],[117.36155,2.78645],[117.36138,2.78782],[117.36058,2.78865],[117.36028,2.78855],[117.35948,2.78842],[117.35898,2.78869],[117.35851,2.78882],[117.35778,2.78909],[117.35711,2.78935],[117.35648,2.78935],[117.35608,2.78949],[117.35585,2.78992],[117.35548,2.79089],[117.35524,2.79155],[117.35491,2.79249],[117.35468,2.79382],[117.35441,2.79425],[117.35411,2.79468],[117.35378,2.79683],[117.35413,2.79677],[117.35536,2.7968],[117.35633,2.79703],[117.3571,2.79743],[117.35813,2.79837],[117.35876,2.79963],[117.3601,2.80203],[117.3613,2.80437],[117.36187,2.80677],[117.36257,2.80883],[117.36257,2.81026],[117.3622,2.81113],[117.36223,2.81176],[117.36254,2.81213],[117.36274,2.81296],[117.3632,2.81553],[117.36334,2.81606],[117.3639,2.8162],[117.36467,2.8161],[117.36544,2.81573],[117.36641,2.8153],[117.36735,2.815],[117.36789,2.81483],[117.3682,2.81458],[117.36834,2.81417],[117.36879,2.8139],[117.36909,2.8136],[117.36934,2.81322],[117.36995,2.81283],[117.3702,2.81255],[117.37092,2.81211],[117.37175,2.81161],[117.37241,2.81134],[117.37321,2.81123],[117.37382,2.81125],[117.37417,2.81098],[117.37482,2.81057],[117.37556,2.81007],[117.37673,2.80946],[117.37735,2.80935],[117.37821,2.80932],[117.37913,2.80946],[117.38018,2.80987],[117.38141,2.81039],[117.38186,2.81044],[117.38208,2.81017]]]]},"properties":{"kdprov":"65","kdkab":"02","kdkec":"050","kddesa":"001","kdsls":"0004","idsls":"65020500010004","nmprov":"KALIMANTAN UTARA","nmkab":"BULUNGAN","nmkec":"TANJUNG SELOR","nmdesa":"GUNUNG SERIANG","nmsls":"RT 004"}},{"type":"Feature","geometry":{"type":"MultiPolygon","coordinates":[[[[117.40891,2.81824],[117.40925,2.81871],[117.40828,2.81976],[117.40864,2.82],[117.40957,2.82078],[117.40991,2.8211],[117.41042,2.82172],[117.41118,2.8221],[117.41137,2.8221],[117.41154,2.8221],[117.41174,2.82201],[117.41202,2.82161],[117.4122,2.82137],[117.41226,2.82126],[117.41237,2.82104],[117.41238,2.82078],[117.41237,2.82067],[117.41231,2.82019],[117.41224,2.81966],[117.41222,2.81936],[117.41079,2.81704],[117.41104,2.81685],[117.41079,2.81649],[117.41051,2.81664],[117.41018,2.81626],[117.40907,2.81681],[117.40888,2.81652],[117.40832,2.81689],[117.40821,2.81698],[117.40891,2.81824]]]]},"properties":{"kdprov":"65","kdkab":"02","kdkec":"050","kddesa":"003","kdsls":"0008","idsls":"65020500030008","nmprov":"KALIMANTAN UTARA","nmkab":"BULUNGAN","nmkec":"TANJUNG SELOR","nmdesa":"JELARAI SELOR","nmsls":"RT 008 RW 002"}},{"type":"Feature","geometry":{"type":"MultiPolygon","coordinates":[[[[117.42527,2.70175],[117.42496,2.70206],[117.42479,2.7025],[117.42463,2.70289],[117.42438,2.70325],[117.42411,2.7035],[117.42386,2.70372],[117.42353,2.70389],[117.42322,2.70402],[117.4229,2.70422],[117.42263,2.70433],[117.42241,2.70451],[117.42212,2.70472],[117.42197,2.70489],[117.42183,2.70493],[117.4216,2.70493],[117.42143,2.70489],[117.42129,2.70482],[117.42112,2.7048],[117.42095,2.70485],[117.42077,2.70522],[117.42062,2.70584],[117.42054,2.70628],[117.4205,2.70682],[117.42097,2.70993],[117.42095,2.71018],[117.42091,2.71031],[117.42083,2.7105],[117.42075,2.71072],[117.42074,2.71093],[117.42112,2.71278],[117.42108,2.71299],[117.42102,2.71328],[117.42089,2.71365],[117.42075,2.71396],[117.4206,2.71423],[117.42048,2.71454],[117.42047,2.71481],[117.4205,2.71511],[117.42064,2.7154],[117.42077,2.71587],[117.42072,2.71637],[117.42054,2.71687],[117.42039,2.71716],[117.41998,2.71737],[117.41948,2.71751],[117.4191,2.71756],[117.41869,2.71743],[117.41834,2.7172],[117.41794,2.71702],[117.41771,2.71697],[117.41746,2.71704],[117.41732,2.71735],[117.41715,2.71756],[117.41676,2.71762],[117.41651,2.71779],[117.41624,2.71797],[117.41595,2.71824],[117.41589,2.71849],[117.41582,2.71866],[117.41561,2.71884],[117.4153,2.71901],[117.41493,2.71934],[117.41468,2.71972],[117.41454,2.72013],[117.41445,2.72055],[117.41431,2.72123],[117.41422,2.72165],[117.41399,2.72202],[117.41366,2.7226],[117.41321,2.72304],[117.41262,2.7235],[117.41202,2.72395],[117.41132,2.72441],[117.41069,2.72489],[117.41048,2.72495],[117.41013,2.72495],[117.40932,2.72487],[117.40918,2.72479],[117.40899,2.72466],[117.40868,2.72435],[117.40845,2.72427],[117.4082,2.72422],[117.40783,2.72418],[117.40764,2.72414],[117.40751,2.72402],[117.40727,2.72383],[117.4071,2.72371],[117.40685,2.72366],[117.40658,2.72371],[117.40527,2.72445],[117.40463,2.7246],[117.40432,2.7247],[117.40392,2.72456],[117.40334,2.72449],[117.4029,2.72452],[117.40214,2.7246],[117.4018,2.72479],[117.40151,2.72503],[117.4012,2.72545],[117.4011,2.72586],[117.40103,2.72638],[117.40101,2.72674],[117.40085,2.72699],[117.40066,2.72724],[117.4001,2.72803],[117.39995,2.72827],[117.39983,2.7285],[117.39975,2.72894],[117.39973,2.72985],[117.39979,2.73066],[117.39973,2.73095],[117.39962,2.73122],[117.3995,2.73141],[117.39927,2.73164],[117.39887,2.73183],[117.39817,2.73216],[117.39792,2.7323],[117.39773,2.73243],[117.39759,2.73262],[117.39746,2.73286],[117.39742,2.7333],[117.3974,2.73351],[117.3973,2.73372],[117.39715,2.73394],[117.39694,2.73421],[117.39678,2.73442],[117.39674,2.73455],[117.39682,2.73504],[117.3969,2.73552],[117.39717,2.73625],[117.39738,2.73666],[117.39742,2.73691],[117.39732,2.73721],[117.39719,2.7376],[117.39715,2.73795],[117.39721,2.73849],[117.3973,2.73887],[117.39748,2.73924],[117.39754,2.73945],[117.39752,2.73974],[117.39738,2.74007],[117.3974,2.74028],[117.39788,2.74078],[117.39803,2.74097],[117.39809,2.74105],[117.39827,2.74161],[117.39836,2.7424],[117.39825,2.74269],[117.39798,2.74285],[117.39771,2.74294],[117.39763,2.7431],[117.39759,2.74323],[117.39763,2.74352],[117.39786,2.74379],[117.39825,2.74408],[117.39852,2.74431],[117.39862,2.74456],[117.3986,2.74483],[117.39846,2.74508],[117.39806,2.74553],[117.39765,2.74584],[117.39696,2.74601],[117.39626,2.74609],[117.39593,2.74618],[117.39547,2.74643],[117.39514,2.74661],[117.39485,2.74672],[117.39458,2.74678],[117.39422,2.7468],[117.39399,2.74686],[117.39387,2.74697],[117.39381,2.74747],[117.39383,2.74819],[117.39408,2.74875],[117.3943,2.74904],[117.39451,2.7494],[117.3946,2.74977],[117.39474,2.75058],[117.39485,2.75127],[117.39489,2.75205],[117.39501,2.75237],[117.3952,2.75264],[117.39545,2.75291],[117.3958,2.75322],[117.39611,2.75332],[117.39667,2.75338],[117.39711,2.7534],[117.39738,2.75343],[117.39767,2.75357],[117.39794,2.75397],[117.398,2.75438],[117.39806,2.75476],[117.39819,2.75507],[117.39844,2.75534],[117.39865,2.75556],[117.39885,2.75586],[117.39897,2.7562],[117.3992,2.75718],[117.39941,2.75811],[117.39946,2.75824],[117.39957,2.75834],[117.39982,2.75855],[117.40013,2.75867],[117.40053,2.75879],[117.40089,2.7588],[117.40104,2.75882],[117.40125,2.75891],[117.40149,2.75902],[117.40225,2.7595],[117.40277,2.7599],[117.40318,2.76023],[117.40341,2.76041],[117.40358,2.76044],[117.40381,2.76042],[117.40397,2.76027],[117.40414,2.76017],[117.40437,2.7601],[117.40462,2.76008],[117.40493,2.76012],[117.40524,2.76021],[117.40563,2.76039],[117.40593,2.76052],[117.40618,2.76064],[117.40644,2.76075],[117.40665,2.76081],[117.40686,2.76077],[117.40703,2.76069],[117.40717,2.76054],[117.40746,2.76023],[117.408,2.75956],[117.40821,2.75938],[117.40834,2.75913],[117.40848,2.75886],[117.40869,2.7585],[117.40894,2.75828],[117.40923,2.75807],[117.41085,2.75589],[117.41168,2.75485],[117.41185,2.75474],[117.41211,2.75464],[117.41511,2.75342],[117.41533,2.75339],[117.41558,2.75339],[117.41585,2.75352],[117.4182,2.75499],[117.41841,2.75508],[117.41866,2.75506],[117.41895,2.75503],[117.41943,2.75487],[117.42242,2.75431],[117.4226,2.75431],[117.42279,2.75431],[117.42314,2.75441],[117.42354,2.75466],[117.42416,2.75508],[117.42588,2.75609],[117.42599,2.75614],[117.42638,2.75603],[117.42673,2.75535],[117.42731,2.75472],[117.42785,2.75413],[117.42827,2.75267],[117.4285,2.75189],[117.43006,2.75156],[117.43122,2.75129],[117.43173,2.75111],[117.43307,2.7511],[117.43439,2.75055],[117.43544,2.75],[117.4361,2.74967],[117.43696,2.74919],[117.43807,2.74826],[117.43846,2.74793],[117.43846,2.74793],[117.43942,2.7471],[117.44086,2.74586],[117.44235,2.74459],[117.44315,2.7439],[117.44385,2.74389],[117.44499,2.74322],[117.44553,2.74291],[117.44689,2.7428],[117.44959,2.74255],[117.4501,2.74251],[117.45119,2.74215],[117.45235,2.74177],[117.45381,2.7413],[117.45439,2.7411],[117.4552,2.74059],[117.45649,2.73975],[117.45872,2.73831],[117.45976,2.73725],[117.4608,2.73622],[117.46219,2.7348],[117.46307,2.73393],[117.46407,2.73259],[117.4651,2.73121],[117.46567,2.73045],[117.46671,2.72931],[117.46743,2.72852],[117.46836,2.72749],[117.46938,2.72636],[117.47054,2.72507],[117.47123,2.72431],[117.47178,2.72283],[117.47239,2.72132],[117.47302,2.71969],[117.47274,2.71885],[117.47317,2.71756],[117.47345,2.71676],[117.47398,2.71609],[117.47507,2.7156],[117.47599,2.7152],[117.45345,2.7083],[117.44677,2.70623],[117.42719,2.70016],[117.42716,2.70044],[117.42702,2.70069],[117.42691,2.7008],[117.42677,2.70092],[117.42656,2.70105],[117.42629,2.70115],[117.42598,2.70127],[117.42561,2.70148],[117.42527,2.70175]]]]},"properties":{"kdprov":"65","kdkab":"02","kdkec":"050","kddesa":"003","kdsls":"0031","idsls":"65020500030031","nmprov":"KALIMANTAN UTARA","nmkab":"BULUNGAN","nmkec":"TANJUNG SELOR","nmdesa":"JELARAI SELOR","nmsls":"RT 016 RW 008"}},{"type":"Feature","geometry":{"type":"MultiPolygon","coordinates":[[[[117.44788,2.66828],[117.44821,2.66768],[117.44868,2.66715],[117.44915,2.66675],[117.44995,2.66628],[117.45028,2.66608],[117.45075,2.66575],[117.45108,2.66508],[117.45121,2.66455],[117.45162,2.66402],[117.45202,2.66375],[117.45248,2.66375],[117.45375,2.66362],[117.45482,2.66402],[117.45555,2.66455],[117.45609,2.66535],[117.45642,2.66568],[117.45649,2.66568],[117.45715,2.66568],[117.45775,2.66535],[117.45835,2.66522],[117.45929,2.66595],[117.45962,2.66635],[117.46062,2.66635],[117.46162,2.66602],[117.46256,2.66535],[117.46383,2.66475],[117.46514,2.66423],[117.46583,2.66395],[117.46663,2.66275],[117.46743,2.66102],[117.46663,2.65935],[117.44404,2.64836],[117.4442,2.64894],[117.44482,2.6511],[117.44513,2.65249],[117.44459,2.65326],[117.44336,2.65326],[117.44174,2.65349],[117.44089,2.65411],[117.44181,2.65928],[117.44459,2.66171],[117.44569,2.66688],[117.44784,2.66858],[117.44788,2.66828]]]]},"properties":{"kdprov":"65","kdkab":"02","kdkec":"050","kddesa":"003","kdsls":"0043","idsls":"65020500030043","nmprov":"KALIMANTAN UTARA","nmkab":"BULUNGAN","nmkec":"TANJUNG SELOR","nmdesa":"JELARAI SELOR","nmsls":"RT 016 RW 008"}},{"type":"Feature","geometry":{"type":"MultiPolygon","coordinates":[[[[117.40168,2.81651],[117.40445,2.81781],[117.40473,2.81794],[117.4047,2.81712],[117.40454,2.81712],[117.40337,2.817],[117.40319,2.81693],[117.40319,2.81693],[117.40293,2.81684],[117.40202,2.8158],[117.40191,2.81588],[117.40181,2.81597],[117.4017,2.81607],[117.40164,2.8162],[117.40157,2.81635],[117.40154,2.81643],[117.40168,2.81651]]]]},"properties":{"kdprov":"65","kdkab":"02","kdkec":"050","kddesa":"003","kdsls":"0039","idsls":"65020500030039","nmprov":"KALIMANTAN UTARA","nmkab":"BULUNGAN","nmkec":"TANJUNG SELOR","nmdesa":"JELARAI SELOR","nmsls":"RT 006 RW 009"}},{"type":"Feature","geometry":{"type":"MultiPolygon","coordinates":[[[[117.40337,2.817],[117.40454,2.81712],[117.4047,2.81712],[117.40546,2.81714],[117.4054,2.81488],[117.40305,2.81457],[117.40304,2.81458],[117.40323,2.81503],[117.40327,2.81513],[117.40325,2.8152],[117.40318,2.81531],[117.40309,2.81539],[117.40291,2.81551],[117.40277,2.8156],[117.40245,2.81577],[117.40319,2.81693],[117.40319,2.81693],[117.40337,2.817]]]]},"properties":{"kdprov":"65","kdkab":"02","kdkec":"050","kddesa":"003","kdsls":"0038","idsls":"65020500030038","nmprov":"KALIMANTAN UTARA","nmkab":"BULUNGAN","nmkec":"TANJUNG SELOR","nmdesa":"JELARAI SELOR","nmsls":"RT 005 RW 009"}},{"type":"Feature","geometry":{"type":"MultiPolygon","coordinates":[[[[117.40888,2.81652],[117.40977,2.81594],[117.41094,2.81518],[117.41113,2.81502],[117.4111,2.81496],[117.41104,2.81479],[117.41098,2.81456],[117.41091,2.81434],[117.41087,2.81414],[117.41081,2.81404],[117.4088,2.81294],[117.40837,2.81381],[117.40776,2.81491],[117.40727,2.81513],[117.40832,2.81689],[117.40888,2.81652]]]]},"properties":{"kdprov":"65","kdkab":"02","kdkec":"050","kddesa":"003","kdsls":"0028","idsls":"65020500030028","nmprov":"KALIMANTAN UTARA","nmkab":"BULUNGAN","nmkec":"TANJUNG SELOR","nmdesa":"JELARAI SELOR","nmsls":"RT 010 RW 007"}},{"type":"Feature","geometry":{"type":"MultiPolygon","coordinates":[[[[117.39438,2.7386],[117.39429,2.7386],[117.39415,2.73856],[117.39405,2.7385],[117.39394,2.73843],[117.39375,2.73843],[117.39371,2.73852],[117.39371,2.7387],[117.39361,2.73893],[117.39344,2.73912],[117.39326,2.73933],[117.39307,2.73949],[117.3929,2.73956],[117.39268,2.73956],[117.39241,2.73954],[117.39222,2.73949],[117.39197,2.73943],[117.39174,2.73947],[117.39145,2.7395],[117.39122,2.73943],[117.39108,2.73933],[117.39087,2.73925],[117.39064,2.73927],[117.39035,2.73931],[117.39014,2.73941],[117.39,2.73949],[117.38985,2.73949],[117.38968,2.7395],[117.38948,2.73958],[117.38939,2.73964],[117.3891,2.7397],[117.38892,2.73966],[117.38867,2.7396],[117.38844,2.7396],[117.38833,2.73964],[117.38811,2.7397],[117.3879,2.73981],[117.38779,2.73995],[117.38765,2.7402],[117.3875,2.74041],[117.3873,2.74057],[117.38707,2.74066],[117.38688,2.74072],[117.38671,2.74072],[117.38644,2.74072],[117.38609,2.74068],[117.38584,2.74076],[117.38565,2.74085],[117.38534,2.74097],[117.38503,2.74111],[117.38476,2.74126],[117.38455,2.74141],[117.3843,2.74166],[117.38412,2.74195],[117.38406,2.74219],[117.38408,2.74246],[117.38422,2.74288],[117.38435,2.74321],[117.38439,2.74342],[117.38447,2.74367],[117.38446,2.74375],[117.38444,2.74381],[117.3844,2.74386],[117.38436,2.74392],[117.38434,2.744],[117.38434,2.74406],[117.38437,2.74413],[117.38441,2.74421],[117.38444,2.74427],[117.38444,2.74435],[117.3844,2.7444],[117.38436,2.74445],[117.3843,2.74449],[117.38422,2.7445],[117.38405,2.7445],[117.38382,2.7445],[117.38377,2.7445],[117.38372,2.74451],[117.38367,2.74456],[117.38355,2.74466],[117.3835,2.74471],[117.38345,2.74474],[117.3834,2.74476],[117.38333,2.74478],[117.3832,2.74483],[117.38309,2.74486],[117.38304,2.7449],[117.38296,2.74496],[117.38285,2.74509],[117.38282,2.74517],[117.38278,2.74524],[117.38279,2.74533],[117.38284,2.74546],[117.38291,2.74557],[117.383,2.74567],[117.38308,2.74573],[117.38373,2.74599],[117.38406,2.74618],[117.38437,2.74639],[117.38443,2.74655],[117.38443,2.74672],[117.38433,2.74693],[117.38416,2.74707],[117.38381,2.7472],[117.3835,2.7474],[117.38317,2.74755],[117.38298,2.74765],[117.38279,2.74776],[117.38269,2.7479],[117.38259,2.74809],[117.38259,2.74832],[117.38267,2.7485],[117.38294,2.74879],[117.38311,2.74906],[117.38317,2.74935],[117.38319,2.74956],[117.38326,2.74966],[117.3834,2.74978],[117.38352,2.74989],[117.38364,2.75003],[117.38372,2.75019],[117.3838,2.75029],[117.38396,2.7504],[117.38419,2.75056],[117.38437,2.75073],[117.38459,2.75104],[117.38472,2.75124],[117.38472,2.75147],[117.38459,2.7517],[117.38448,2.75188],[117.38448,2.75205],[117.38458,2.75225],[117.38483,2.7524],[117.38503,2.75259],[117.38519,2.75268],[117.38544,2.75266],[117.38564,2.75259],[117.38582,2.75252],[117.38603,2.75251],[117.38634,2.75257],[117.38675,2.75269],[117.38703,2.75293],[117.38711,2.75298],[117.38726,2.75301],[117.38801,2.75311],[117.38814,2.75317],[117.38829,2.75328],[117.3885,2.75347],[117.38877,2.75368],[117.3891,2.75377],[117.38949,2.75387],[117.38982,2.75393],[117.39014,2.754],[117.39045,2.7542],[117.3908,2.75447],[117.39111,2.75477],[117.39124,2.75528],[117.39124,2.75566],[117.39122,2.75605],[117.39122,2.75649],[117.39121,2.75663],[117.39116,2.75675],[117.39111,2.7568],[117.39104,2.75685],[117.39093,2.75687],[117.39076,2.7569],[117.39064,2.75692],[117.39052,2.757],[117.38996,2.75794],[117.38984,2.7586],[117.38972,2.75945],[117.38961,2.75999],[117.38938,2.76029],[117.38911,2.76049],[117.38891,2.76072],[117.3888,2.76107],[117.38868,2.76149],[117.38868,2.7618],[117.38868,2.76211],[117.38849,2.76222],[117.3883,2.76226],[117.38795,2.76215],[117.38776,2.76195],[117.38737,2.76188],[117.38672,2.7618],[117.38587,2.76195],[117.38513,2.76211],[117.38471,2.76218],[117.38425,2.76211],[117.38363,2.76199],[117.38297,2.76184],[117.38232,2.76184],[117.38174,2.76191],[117.38128,2.76215],[117.38074,2.76215],[117.38027,2.76207],[117.37985,2.76184],[117.37943,2.76164],[117.37904,2.76137],[117.3785,2.76134],[117.37792,2.76141],[117.37738,2.76168],[117.377,2.76218],[117.37626,2.7628],[117.37592,2.76342],[117.37584,2.7638],[117.37584,2.76411],[117.37599,2.76446],[117.37634,2.76496],[117.37642,2.76539],[117.37626,2.76573],[117.37592,2.766],[117.37503,2.76627],[117.37437,2.7667],[117.37387,2.76716],[117.37345,2.7677],[117.37341,2.7682],[117.37356,2.76859],[117.37368,2.76884],[117.37364,2.76903],[117.37349,2.76922],[117.37337,2.76936],[117.37324,2.76963],[117.37318,2.76982],[117.37318,2.77003],[117.37327,2.77028],[117.37343,2.77063],[117.37358,2.77094],[117.37366,2.77127],[117.37372,2.77169],[117.37368,2.77212],[117.37364,2.77258],[117.37349,2.773],[117.37319,2.7734],[117.3937,2.77371],[117.40097,2.78404],[117.40614,2.79047],[117.40728,2.7913],[117.40743,2.79447],[117.4124,2.79434],[117.4124,2.79435],[117.42531,2.7949],[117.42497,2.79505],[117.42478,2.79527],[117.42467,2.79551],[117.42456,2.79589],[117.42438,2.79655],[117.42426,2.79671],[117.42412,2.79693],[117.42402,2.7971],[117.42402,2.7972],[117.42434,2.79729],[117.42452,2.79749],[117.42495,2.798],[117.42517,2.79849],[117.42521,2.79878],[117.42519,2.79909],[117.42527,2.79938],[117.42608,2.80025],[117.42631,2.80065],[117.42638,2.80085],[117.42632,2.80113],[117.42619,2.80151],[117.42612,2.80184],[117.4261,2.80197],[117.42609,2.80197],[117.42695,2.80207],[117.42775,2.80203],[117.42831,2.80179],[117.42861,2.80143],[117.42977,2.80041],[117.43049,2.80004],[117.43119,2.7998],[117.43164,2.79974],[117.43217,2.79926],[117.43257,2.79865],[117.43298,2.79806],[117.43356,2.79731],[117.43388,2.79691],[117.43396,2.79689],[117.4341,2.79606],[117.43429,2.79571],[117.43445,2.79529],[117.43447,2.79499],[117.43445,2.79475],[117.4405,2.79827],[117.44048,2.79812],[117.4401,2.79726],[117.43973,2.79644],[117.43954,2.79598],[117.43925,2.79526],[117.43879,2.79418],[117.43862,2.79339],[117.43858,2.79321],[117.43854,2.79256],[117.43847,2.79176],[117.43874,2.79058],[117.43893,2.78962],[117.43917,2.78846],[117.43946,2.78708],[117.43979,2.78567],[117.43986,2.78473],[117.43993,2.78339],[117.43977,2.78233],[117.4397,2.7818],[117.43927,2.778],[117.43823,2.77805],[117.43686,2.77813],[117.43575,2.7782],[117.4341,2.7783],[117.4333,2.77833],[117.43361,2.77797],[117.43491,2.77699],[117.43524,2.77605],[117.4357,2.77473],[117.4361,2.7734],[117.43614,2.77331],[117.43581,2.77262],[117.43613,2.77171],[117.43602,2.7707],[117.43602,2.76992],[117.43525,2.76896],[117.43475,2.76844],[117.43474,2.76778],[117.43497,2.76655],[117.43496,2.76564],[117.43518,2.76463],[117.43605,2.7642],[117.43571,2.76342],[117.43541,2.76273],[117.43465,2.76236],[117.43361,2.76184],[117.43314,2.76143],[117.43228,2.76072],[117.43162,2.76038],[117.43162,2.75915],[117.43163,2.75884],[117.43096,2.75872],[117.42986,2.75793],[117.42927,2.75771],[117.42918,2.75692],[117.42653,2.75607],[117.4265,2.75606],[117.42638,2.75603],[117.42599,2.75614],[117.42588,2.75609],[117.42416,2.75508],[117.42354,2.75466],[117.42314,2.75441],[117.42279,2.75431],[117.4226,2.75431],[117.42242,2.75431],[117.41943,2.75487],[117.41895,2.75503],[117.41866,2.75506],[117.41841,2.75508],[117.4182,2.75499],[117.41585,2.75352],[117.41558,2.75339],[117.41533,2.75339],[117.41511,2.75342],[117.41211,2.75464],[117.41185,2.75474],[117.41168,2.75485],[117.41085,2.75589],[117.40923,2.75807],[117.40894,2.75828],[117.40869,2.7585],[117.40848,2.75886],[117.40834,2.75913],[117.40821,2.75938],[117.408,2.75956],[117.40746,2.76023],[117.40717,2.76054],[117.40703,2.76069],[117.40686,2.76077],[117.40665,2.76081],[117.40644,2.76075],[117.40618,2.76064],[117.40593,2.76052],[117.40563,2.76039],[117.40524,2.76021],[117.40493,2.76012],[117.40462,2.76008],[117.40437,2.7601],[117.40414,2.76017],[117.40397,2.76027],[117.40381,2.76042],[117.40358,2.76044],[117.40341,2.76041],[117.40318,2.76023],[117.40277,2.7599],[117.40225,2.7595],[117.40149,2.75902],[117.40125,2.75891],[117.40104,2.75882],[117.40089,2.7588],[117.40053,2.75879],[117.40013,2.75867],[117.39982,2.75855],[117.39957,2.75834],[117.39946,2.75824],[117.39941,2.75811],[117.3992,2.75718],[117.39897,2.7562],[117.39885,2.75586],[117.39865,2.75556],[117.39844,2.75534],[117.39819,2.75507],[117.39806,2.75476],[117.398,2.75438],[117.39794,2.75397],[117.39767,2.75357],[117.39738,2.75343],[117.39711,2.7534],[117.39667,2.75338],[117.39611,2.75332],[117.3958,2.75322],[117.39545,2.75291],[117.3952,2.75264],[117.39501,2.75237],[117.39489,2.75205],[117.39485,2.75127],[117.39474,2.75058],[117.3946,2.74977],[117.39451,2.7494],[117.3943,2.74904],[117.39408,2.74875],[117.39383,2.74819],[117.39381,2.74747],[117.39387,2.74697],[117.39399,2.74686],[117.39422,2.7468],[117.39458,2.74678],[117.39485,2.74672],[117.39514,2.74661],[117.39547,2.74643],[117.39593,2.74618],[117.39626,2.74609],[117.39696,2.74601],[117.39765,2.74584],[117.39806,2.74553],[117.39846,2.74508],[117.3986,2.74483],[117.39862,2.74456],[117.39852,2.74431],[117.39825,2.74408],[117.39786,2.74379],[117.39763,2.74352],[117.39759,2.74323],[117.39763,2.7431],[117.39771,2.74294],[117.39798,2.74285],[117.39825,2.74269],[117.39836,2.7424],[117.39827,2.74161],[117.39809,2.74105],[117.39803,2.74097],[117.39787,2.74105],[117.39766,2.74105],[117.39747,2.74103],[117.39722,2.74091],[117.39706,2.74072],[117.39687,2.74043],[117.39679,2.74024],[117.39662,2.74003],[117.39646,2.73983],[117.39639,2.73956],[117.39637,2.73931],[117.39631,2.73902],[117.39614,2.73879],[117.39585,2.73862],[117.39556,2.73858],[117.39519,2.73858],[117.39492,2.73856],[117.39463,2.73858],[117.39438,2.7386]]]]},"properties":{"kdprov":"65","kdkab":"02","kdkec":"050","kddesa":"003","kdsls":"0031","idsls":"65020500030031","nmprov":"KALIMANTAN UTARA","nmkab":"BULUNGAN","nmkec":"TANJUNG SELOR","nmdesa":"JELARAI SELOR","nmsls":"RT 016 RW 008"}},{"type":"Feature","geometry":{"type":"MultiPolygon","coordinates":[[[[117.40832,2.81689],[117.40727,2.81513],[117.40727,2.81513],[117.40725,2.81513],[117.40724,2.81513],[117.40737,2.81588],[117.40686,2.81595],[117.40693,2.81633],[117.40744,2.81626],[117.40754,2.81682],[117.40756,2.81726],[117.40757,2.81749],[117.40756,2.81771],[117.40747,2.8181],[117.40734,2.81843],[117.40702,2.81904],[117.40706,2.81906],[117.40796,2.81948],[117.40809,2.81962],[117.40828,2.81976],[117.40925,2.81871],[117.40891,2.81824],[117.40821,2.81698],[117.40832,2.81689]]]]},"properties":{"kdprov":"65","kdkab":"02","kdkec":"050","kddesa":"003","kdsls":"0007","idsls":"65020500030007","nmprov":"KALIMANTAN UTARA","nmkab":"BULUNGAN","nmkec":"TANJUNG SELOR","nmdesa":"JELARAI SELOR","nmsls":"RT 007 RW 002"}},{"type":"Feature","geometry":{"type":"MultiPolygon","coordinates":[[[[117.38536,2.7978],[117.38662,2.7976],[117.39494,2.79328],[117.40137,2.78994],[117.40301,2.7893],[117.40341,2.7894],[117.40614,2.79047],[117.40097,2.78404],[117.3937,2.77371],[117.37319,2.7734],[117.3721,2.77338],[117.37062,2.77447],[117.36993,2.77495],[117.36993,2.77621],[117.36993,2.7777],[117.37128,2.77878],[117.37255,2.77983],[117.37369,2.78075],[117.37455,2.78196],[117.37536,2.7831],[117.37567,2.78437],[117.376,2.78564],[117.37638,2.78722],[117.37673,2.78859],[117.37737,2.78924],[117.37873,2.7906],[117.38032,2.7922],[117.38073,2.79261],[117.38073,2.79462],[117.38076,2.79602],[117.3813,2.79865],[117.38163,2.79991],[117.38275,2.79934],[117.38439,2.7982],[117.38536,2.7978]]]]},"properties":{"kdprov":"65","kdkab":"02","kdkec":"050","kddesa":"003","kdsls":"0018","idsls":"65020500030018","nmprov":"KALIMANTAN UTARA","nmkab":"BULUNGAN","nmkec":"TANJUNG SELOR","nmdesa":"JELARAI SELOR","nmsls":"RT 015 RW 004"}},{"type":"Feature","geometry":{"type":"MultiPolygon","coordinates":[[[[117.45997,2.77171],[117.46001,2.77187],[117.46016,2.77207],[117.46022,2.77217],[117.46352,2.77313],[117.46389,2.77324],[117.46424,2.77227],[117.46437,2.77188],[117.46431,2.77186],[117.46398,2.77171],[117.463,2.76977],[117.46272,2.76969],[117.46088,2.76915],[117.46064,2.76972],[117.46034,2.77029],[117.46028,2.77039],[117.46019,2.77051],[117.46008,2.77067],[117.45993,2.77128],[117.45997,2.77171]]]]},"properties":{"kdprov":"65","kdkab":"02","kdkec":"050","kddesa":"004","kdsls":"0001","idsls":"65020500040001","nmprov":"KALIMANTAN UTARA","nmkab":"BULUNGAN","nmkec":"TANJUNG SELOR","nmdesa":"GUNUNG SARI","nmsls":"RT 001 RW 001"}},{"type":"Feature","geometry":{"type":"MultiPolygon","coordinates":[[[[117.37366,2.77127],[117.37358,2.77094],[117.37343,2.77063],[117.37327,2.77028],[117.37318,2.77003],[117.37318,2.76982],[117.37324,2.76963],[117.37337,2.76936],[117.37349,2.76922],[117.37364,2.76903],[117.37368,2.76884],[117.37356,2.76859],[117.37341,2.7682],[117.37345,2.7677],[117.37387,2.76716],[117.37437,2.7667],[117.37503,2.76627],[117.37592,2.766],[117.37626,2.76573],[117.37642,2.76539],[117.37634,2.76496],[117.37599,2.76446],[117.37584,2.76411],[117.37584,2.7638],[117.37592,2.76342],[117.37626,2.7628],[117.377,2.76218],[117.37738,2.76168],[117.37792,2.76141],[117.3785,2.76134],[117.37904,2.76137],[117.37943,2.76164],[117.37985,2.76184],[117.38027,2.76207],[117.38074,2.76215],[117.38128,2.76215],[117.38174,2.76191],[117.38232,2.76184],[117.38297,2.76184],[117.38363,2.76199],[117.38425,2.76211],[117.38471,2.76218],[117.38513,2.76211],[117.38587,2.76195],[117.38672,2.7618],[117.38737,2.76188],[117.38776,2.76195],[117.38795,2.76215],[117.3883,2.76226],[117.38849,2.76222],[117.38868,2.76211],[117.38868,2.7618],[117.38868,2.76149],[117.3888,2.76107],[117.38891,2.76072],[117.38911,2.76049],[117.38938,2.76029],[117.38961,2.75999],[117.38972,2.75945],[117.38984,2.7586],[117.38996,2.75794],[117.39052,2.757],[117.39064,2.75692],[117.39076,2.7569],[117.39093,2.75687],[117.39104,2.75685],[117.39111,2.7568],[117.39116,2.75675],[117.39121,2.75663],[117.39122,2.75649],[117.39122,2.75605],[117.39124,2.75566],[117.39124,2.75528],[117.39111,2.75477],[117.3908,2.75447],[117.39045,2.7542],[117.39014,2.754],[117.38982,2.75393],[117.38949,2.75387],[117.3891,2.75377],[117.38877,2.75368],[117.3885,2.75347],[117.38829,2.75328],[117.38814,2.75317],[117.38801,2.75311],[117.38726,2.75301],[117.38711,2.75298],[117.38703,2.75293],[117.38675,2.75269],[117.38634,2.75257],[117.38603,2.75251],[117.38582,2.75252],[117.38564,2.75259],[117.38544,2.75266],[117.38519,2.75268],[117.38503,2.75259],[117.38483,2.7524],[117.38458,2.75225],[117.38448,2.75205],[117.38448,2.75188],[117.38459,2.7517],[117.38472,2.75147],[117.38472,2.75124],[117.38459,2.75104],[117.38437,2.75073],[117.38419,2.75056],[117.38396,2.7504],[117.3838,2.75029],[117.38372,2.75019],[117.38364,2.75003],[117.38352,2.74989],[117.3834,2.74978],[117.38326,2.74966],[117.38319,2.74956],[117.38317,2.74935],[117.38311,2.74906],[117.38294,2.74879],[117.38267,2.7485],[117.38259,2.74832],[117.38259,2.74809],[117.38269,2.7479],[117.38279,2.74776],[117.38298,2.74765],[117.38317,2.74755],[117.3835,2.7474],[117.38381,2.7472],[117.38416,2.74707],[117.38433,2.74693],[117.38443,2.74672],[117.38443,2.74655],[117.38437,2.74639],[117.38406,2.74618],[117.38373,2.74599],[117.38308,2.74573],[117.383,2.74567],[117.38291,2.74557],[117.38284,2.74546],[117.38279,2.74533],[117.38278,2.74524],[117.38282,2.74517],[117.38285,2.74509],[117.38296,2.74496],[117.38304,2.7449],[117.38309,2.74486],[117.3832,2.74483],[117.38333,2.74478],[117.3834,2.74476],[117.38345,2.74474],[117.3835,2.74471],[117.38355,2.74466],[117.38367,2.74456],[117.38372,2.74451],[117.38377,2.7445],[117.38382,2.7445],[117.38405,2.7445],[117.38422,2.7445],[117.3843,2.74449],[117.38436,2.74445],[117.3844,2.7444],[117.38444,2.74435],[117.38444,2.74427],[117.38441,2.74421],[117.38437,2.74413],[117.38434,2.74406],[117.38434,2.744],[117.38436,2.74392],[117.3844,2.74386],[117.38444,2.74381],[117.38446,2.74375],[117.38447,2.74367],[117.38439,2.74342],[117.38435,2.74321],[117.38422,2.74288],[117.38408,2.74246],[117.38406,2.74219],[117.38412,2.74195],[117.3843,2.74166],[117.38455,2.74141],[117.38476,2.74126],[117.38503,2.74111],[117.38534,2.74097],[117.38565,2.74085],[117.38584,2.74076],[117.38609,2.74068],[117.38644,2.74072],[117.38671,2.74072],[117.38688,2.74072],[117.38707,2.74066],[117.3873,2.74057],[117.3875,2.74041],[117.38765,2.7402],[117.38779,2.73995],[117.3879,2.73981],[117.38811,2.7397],[117.38833,2.73964],[117.38844,2.7396],[117.38867,2.7396],[117.38892,2.73966],[117.3891,2.7397],[117.38939,2.73964],[117.38948,2.73958],[117.38968,2.7395],[117.38985,2.73949],[117.39,2.73949],[117.39014,2.73941],[117.39035,2.73931],[117.39064,2.73927],[117.39087,2.73925],[117.39108,2.73933],[117.39122,2.73943],[117.39145,2.7395],[117.39174,2.73947],[117.39197,2.73943],[117.39222,2.73949],[117.39241,2.73954],[117.39268,2.73956],[117.3929,2.73956],[117.39307,2.73949],[117.39326,2.73933],[117.39344,2.73912],[117.39361,2.73893],[117.39371,2.7387],[117.39371,2.73852],[117.39375,2.73843],[117.39394,2.73843],[117.39405,2.7385],[117.39415,2.73856],[117.39429,2.7386],[117.39438,2.7386],[117.39463,2.73858],[117.39492,2.73856],[117.39519,2.73858],[117.39556,2.73858],[117.39585,2.73862],[117.39614,2.73879],[117.39631,2.73902],[117.39637,2.73931],[117.39639,2.73956],[117.39646,2.73983],[117.39662,2.74003],[117.39679,2.74024],[117.39687,2.74043],[117.39706,2.74072],[117.39722,2.74091],[117.39747,2.74103],[117.39766,2.74105],[117.39787,2.74105],[117.39803,2.74097],[117.39788,2.74078],[117.3974,2.74028],[117.39738,2.74007],[117.39752,2.73974],[117.39754,2.73945],[117.39748,2.73924],[117.3973,2.73887],[117.39721,2.73849],[117.39715,2.73795],[117.39719,2.7376],[117.39732,2.73721],[117.39742,2.73691],[117.39738,2.73666],[117.39717,2.73625],[117.3969,2.73552],[117.39682,2.73504],[117.39674,2.73455],[117.39678,2.73442],[117.39694,2.73421],[117.39715,2.73394],[117.3973,2.73372],[117.3974,2.73351],[117.39742,2.7333],[117.39746,2.73286],[117.39759,2.73262],[117.39773,2.73243],[117.39792,2.7323],[117.39817,2.73216],[117.39887,2.73183],[117.39927,2.73164],[117.3995,2.73141],[117.39962,2.73122],[117.39973,2.73095],[117.39979,2.73066],[117.39973,2.72985],[117.39975,2.72894],[117.39983,2.7285],[117.39995,2.72827],[117.4001,2.72803],[117.40066,2.72724],[117.40085,2.72699],[117.40101,2.72674],[117.40103,2.72638],[117.4011,2.72586],[117.4012,2.72545],[117.40151,2.72503],[117.4018,2.72479],[117.40214,2.7246],[117.4029,2.72452],[117.40334,2.72449],[117.40392,2.72456],[117.40432,2.7247],[117.40463,2.7246],[117.40527,2.72445],[117.40658,2.72371],[117.40685,2.72366],[117.4071,2.72371],[117.40727,2.72383],[117.40751,2.72402],[117.40764,2.72414],[117.40783,2.72418],[117.4082,2.72422],[117.40845,2.72427],[117.40868,2.72435],[117.40899,2.72466],[117.40918,2.72479],[117.40932,2.72487],[117.41013,2.72495],[117.41048,2.72495],[117.41069,2.72489],[117.41132,2.72441],[117.41202,2.72395],[117.41262,2.7235],[117.41321,2.72304],[117.41366,2.7226],[117.41399,2.72202],[117.41422,2.72165],[117.41431,2.72123],[117.41445,2.72055],[117.41454,2.72013],[117.41468,2.71972],[117.41493,2.71934],[117.4153,2.71901],[117.41561,2.71884],[117.41582,2.71866],[117.41589,2.71849],[117.41595,2.71824],[117.41624,2.71797],[117.41651,2.71779],[117.41676,2.71762],[117.41715,2.71756],[117.41732,2.71735],[117.41746,2.71704],[117.41771,2.71697],[117.41794,2.71702],[117.41834,2.7172],[117.41869,2.71743],[117.4191,2.71756],[117.41948,2.71751],[117.41998,2.71737],[117.42039,2.71716],[117.42054,2.71687],[117.42072,2.71637],[117.42077,2.71587],[117.42064,2.7154],[117.4205,2.71511],[117.42047,2.71481],[117.42048,2.71454],[117.4206,2.71423],[117.42075,2.71396],[117.42089,2.71365],[117.42102,2.71328],[117.42108,2.71299],[117.42112,2.71278],[117.42074,2.71093],[117.42075,2.71072],[117.42083,2.7105],[117.42091,2.71031],[117.42095,2.71018],[117.42097,2.70993],[117.4205,2.70682],[117.42054,2.70628],[117.42062,2.70584],[117.42077,2.70522],[117.42095,2.70485],[117.42112,2.7048],[117.42129,2.70482],[117.42143,2.70489],[117.4216,2.70493],[117.42183,2.70493],[117.42197,2.70489],[117.42212,2.70472],[117.42241,2.70451],[117.42263,2.70433],[117.4229,2.70422],[117.42322,2.70402],[117.42353,2.70389],[117.42386,2.70372],[117.42411,2.7035],[117.42438,2.70325],[117.42463,2.70289],[117.42479,2.7025],[117.42496,2.70206],[117.42527,2.70175],[117.42561,2.70148],[117.42598,2.70127],[117.42629,2.70115],[117.42656,2.70105],[117.42677,2.70092],[117.42691,2.7008],[117.42702,2.70069],[117.42716,2.70044],[117.42719,2.70016],[117.42717,2.70016],[117.42711,2.70016],[117.42709,2.69988],[117.42676,2.69931],[117.42659,2.69895],[117.42632,2.69795],[117.42632,2.69748],[117.42632,2.69711],[117.42679,2.69671],[117.42746,2.69631],[117.42839,2.69525],[117.42926,2.69435],[117.43043,2.69338],[117.4312,2.69281],[117.43216,2.69198],[117.43306,2.69135],[117.4346,2.68995],[117.43507,2.68968],[117.4355,2.68958],[117.43597,2.68961],[117.4364,2.68975],[117.43663,2.68981],[117.4378,2.68995],[117.43864,2.68968],[117.4389,2.68958],[117.44,2.68871],[117.44054,2.68855],[117.44121,2.68838],[117.44154,2.68818],[117.44157,2.68781],[117.44161,2.68741],[117.44154,2.68595],[117.44181,2.68388],[117.44234,2.68302],[117.44281,2.68235],[117.44401,2.68175],[117.44528,2.68148],[117.44681,2.68108],[117.44768,2.67948],[117.44768,2.67928],[117.44768,2.67822],[117.44768,2.67722],[117.44768,2.67588],[117.44708,2.67288],[117.44688,2.67182],[117.44728,2.67082],[117.44768,2.67008],[117.44774,2.66922],[117.44784,2.66858],[117.44569,2.66688],[117.44459,2.66171],[117.44181,2.65928],[117.44089,2.65411],[117.44174,2.65349],[117.44336,2.65326],[117.44459,2.65326],[117.44513,2.65249],[117.44482,2.6511],[117.4442,2.64894],[117.44404,2.64836],[117.42247,2.63786],[117.42164,2.6375],[117.42078,2.64775],[117.42046,2.64775],[117.4203,2.64776],[117.41971,2.64781],[117.41907,2.64809],[117.41825,2.64876],[117.41671,2.65035],[117.41515,2.65198],[117.41375,2.65341],[117.41298,2.6542],[117.41245,2.65605],[117.41214,2.65705],[117.41131,2.65816],[117.40974,2.66021],[117.40822,2.6621],[117.40671,2.66383],[117.40521,2.66554],[117.40399,2.66696],[117.40355,2.66795],[117.40268,2.6699],[117.40183,2.67184],[117.40116,2.67338],[117.40051,2.67481],[117.39995,2.67611],[117.39993,2.67778],[117.39994,2.67942],[117.39995,2.68067],[117.39994,2.68201],[117.39995,2.68299],[117.39986,2.6834],[117.39951,2.68531],[117.39916,2.68726],[117.39881,2.6891],[117.39853,2.6907],[117.39826,2.69218],[117.39748,2.69314],[117.39585,2.69516],[117.39408,2.69731],[117.39258,2.69918],[117.39121,2.70068],[117.38978,2.70221],[117.38834,2.70379],[117.38706,2.70518],[117.38657,2.70757],[117.38621,2.70947],[117.38615,2.70981],[117.38574,2.71178],[117.38535,2.71377],[117.38496,2.71585],[117.38467,2.71811],[117.3844,2.72018],[117.38412,2.72228],[117.38385,2.7243],[117.38357,2.72638],[117.38333,2.72835],[117.38307,2.73029],[117.38285,2.73194],[117.38265,2.73349],[117.3821,2.73491],[117.38134,2.737],[117.38056,2.73906],[117.37983,2.74102],[117.37909,2.74302],[117.37835,2.745],[117.37765,2.74684],[117.37691,2.74854],[117.37606,2.75045],[117.37533,2.75211],[117.37461,2.75376],[117.37401,2.75512],[117.37384,2.75611],[117.37358,2.75769],[117.37333,2.75928],[117.37304,2.76095],[117.37279,2.76247],[117.3725,2.76412],[117.37231,2.76536],[117.37231,2.7663],[117.3723,2.76786],[117.37231,2.76917],[117.37231,2.77063],[117.37231,2.77174],[117.37231,2.77323],[117.3721,2.77338],[117.37319,2.7734],[117.37349,2.773],[117.37364,2.77258],[117.37368,2.77212],[117.37372,2.77169],[117.37366,2.77127]]]]},"properties":{"kdprov":"65","kdkab":"02","kdkec":"050","kddesa":"003","kdsls":"0031","idsls":"65020500030031","nmprov":"KALIMANTAN UTARA","nmkab":"BULUNGAN","nmkec":"TANJUNG SELOR","nmdesa":"JELARAI SELOR","nmsls":"RT 016 RW 008"}},{"type":"Feature","geometry":{"type":"MultiPolygon","coordinates":[[[[117.46594,2.76827],[117.46365,2.76757],[117.463,2.76977],[117.46398,2.77171],[117.46431,2.77186],[117.46437,2.77188],[117.46466,2.77198],[117.46594,2.76827]]]]},"properties":{"kdprov":"65","kdkab":"02","kdkec":"050","kddesa":"004","kdsls":"0004","idsls":"65020500040004","nmprov":"KALIMANTAN UTARA","nmkab":"BULUNGAN","nmkec":"TANJUNG SELOR","nmdesa":"GUNUNG SARI","nmsls":"RT 004 RW 001"}},{"type":"Feature","geometry":{"type":"MultiPolygon","coordinates":[[[[117.4675,2.76875],[117.46644,2.76842],[117.46594,2.76827],[117.46466,2.77198],[117.46437,2.77188],[117.46424,2.77227],[117.46454,2.77236],[117.46639,2.77293],[117.46787,2.76887],[117.4675,2.76875]]]]},"properties":{"kdprov":"65","kdkab":"02","kdkec":"050","kddesa":"004","kdsls":"0003","idsls":"65020500040003","nmprov":"KALIMANTAN UTARA","nmkab":"BULUNGAN","nmkec":"TANJUNG SELOR","nmdesa":"GUNUNG SARI","nmsls":"RT 003 RW 001"}},{"type":"Feature","geometry":{"type":"MultiPolygon","coordinates":[[[[117.45515,2.76371],[117.45507,2.76399],[117.45497,2.7643],[117.45489,2.7646],[117.45486,2.76482],[117.45481,2.76509],[117.46154,2.76704],[117.46156,2.76698],[117.46206,2.76523],[117.46232,2.76434],[117.45494,2.76197],[117.45507,2.7622],[117.45518,2.76255],[117.45525,2.76278],[117.45528,2.76301],[117.45527,2.76308],[117.45526,2.76324],[117.45523,2.76339],[117.45515,2.76371]]]]},"properties":{"kdprov":"65","kdkab":"02","kdkec":"050","kddesa":"004","kdsls":"0005","idsls":"65020500040005","nmprov":"KALIMANTAN UTARA","nmkab":"BULUNGAN","nmkec":"TANJUNG SELOR","nmdesa":"GUNUNG SARI","nmsls":"RT 005 RW 001"}},{"type":"Feature","geometry":{"type":"MultiPolygon","coordinates":[[[[117.44886,2.75634],[117.44731,2.75587],[117.44711,2.75645],[117.44668,2.75773],[117.44825,2.75857],[117.44942,2.75883],[117.45001,2.75665],[117.44886,2.75634]]]]},"properties":{"kdprov":"65","kdkab":"02","kdkec":"050","kddesa":"004","kdsls":"0014","idsls":"65020500040014","nmprov":"KALIMANTAN UTARA","nmkab":"BULUNGAN","nmkec":"TANJUNG SELOR","nmdesa":"GUNUNG SARI","nmsls":"RT 014 RW 002"}},{"type":"Feature","geometry":{"type":"MultiPolygon","coordinates":[[[[117.44754,2.76094],[117.44285,2.75944],[117.44133,2.7637],[117.44556,2.7648],[117.4463,2.76499],[117.44702,2.76263],[117.44754,2.76094]]]]},"properties":{"kdprov":"65","kdkab":"02","kdkec":"050","kddesa":"004","kdsls":"0011","idsls":"65020500040011","nmprov":"KALIMANTAN UTARA","nmkab":"BULUNGAN","nmkec":"TANJUNG SELOR","nmdesa":"GUNUNG SARI","nmsls":"RT 009 RW 002"}},{"type":"Feature","geometry":{"type":"MultiPolygon","coordinates":[[[[117.44639,2.75861],[117.4435,2.75763],[117.44285,2.75944],[117.44754,2.76094],[117.44808,2.75918],[117.44825,2.75857],[117.44668,2.75773],[117.44639,2.75861]]]]},"properties":{"kdprov":"65","kdkab":"02","kdkec":"050","kddesa":"004","kdsls":"0012","idsls":"65020500040012","nmprov":"KALIMANTAN UTARA","nmkab":"BULUNGAN","nmkec":"TANJUNG SELOR","nmdesa":"GUNUNG SARI","nmsls":"RT 010 RW 002"}},{"type":"Feature","geometry":{"type":"MultiPolygon","coordinates":[[[[117.44942,2.75883],[117.44825,2.75857],[117.44808,2.75918],[117.44754,2.76094],[117.44945,2.76156],[117.44942,2.75883]]],[[[117.46154,2.76704],[117.45481,2.76509],[117.45356,2.76657],[117.45358,2.76877],[117.45371,2.76947],[117.4545,2.77077],[117.45491,2.77144],[117.45551,2.77212],[117.4554,2.77468],[117.4568,2.77506],[117.45908,2.77578],[117.45913,2.77568],[117.4593,2.77548],[117.45955,2.77522],[117.45983,2.77489],[117.45996,2.77467],[117.46009,2.77447],[117.46024,2.77409],[117.46032,2.77372],[117.46039,2.77317],[117.46038,2.77285],[117.46038,2.77263],[117.46037,2.7725],[117.46034,2.7724],[117.46028,2.77225],[117.46022,2.77217],[117.46016,2.77207],[117.46001,2.77187],[117.45997,2.77171],[117.45993,2.77128],[117.46008,2.77067],[117.46019,2.77051],[117.46028,2.77039],[117.46034,2.77029],[117.46064,2.76972],[117.46088,2.76915],[117.46097,2.76895],[117.46117,2.76823],[117.46154,2.76704]]]]},"properties":{"kdprov":"65","kdkab":"02","kdkec":"050","kddesa":"004","kdsls":"0006","idsls":"65020500040006","nmprov":"KALIMANTAN UTARA","nmkab":"BULUNGAN","nmkec":"TANJUNG SELOR","nmdesa":"GUNUNG SARI","nmsls":"RT 006 RW 001"}},{"type":"Feature","geometry":{"type":"MultiPolygon","coordinates":[[[[117.4568,2.77506],[117.4554,2.77468],[117.45551,2.77212],[117.45491,2.77144],[117.4545,2.77077],[117.44705,2.76896],[117.44521,2.76851],[117.4463,2.76499],[117.44556,2.7648],[117.44133,2.7637],[117.44285,2.75944],[117.4435,2.75763],[117.44478,2.75404],[117.44758,2.75507],[117.44906,2.75561],[117.44886,2.75634],[117.45001,2.75665],[117.44942,2.75883],[117.44945,2.76156],[117.45226,2.76368],[117.45261,2.76274],[117.4534,2.7615],[117.45341,2.76148],[117.45366,2.76074],[117.45366,2.76007],[117.45356,2.75967],[117.45256,2.75871],[117.45223,2.75777],[117.45203,2.75694],[117.45203,2.75641],[117.4521,2.75584],[117.45223,2.75537],[117.4523,2.75511],[117.4523,2.75471],[117.44561,2.75173],[117.44526,2.75157],[117.43846,2.74793],[117.43807,2.74826],[117.43696,2.74919],[117.4361,2.74967],[117.43544,2.75],[117.43439,2.75055],[117.43307,2.7511],[117.43173,2.75111],[117.43122,2.75129],[117.43006,2.75156],[117.4285,2.75189],[117.42827,2.75267],[117.42785,2.75413],[117.42731,2.75472],[117.42673,2.75535],[117.42638,2.75603],[117.4265,2.75606],[117.42653,2.75607],[117.42918,2.75692],[117.42927,2.75771],[117.42986,2.75793],[117.43096,2.75872],[117.43163,2.75884],[117.43162,2.75915],[117.43162,2.76038],[117.43228,2.76072],[117.43314,2.76143],[117.43361,2.76184],[117.43465,2.76236],[117.43541,2.76273],[117.43571,2.76342],[117.43605,2.7642],[117.43518,2.76463],[117.43496,2.76564],[117.43497,2.76655],[117.43474,2.76778],[117.43475,2.76844],[117.43525,2.76896],[117.43602,2.76992],[117.43602,2.7707],[117.43613,2.77171],[117.43581,2.77262],[117.43614,2.77331],[117.4361,2.7734],[117.4357,2.77473],[117.43524,2.77605],[117.43491,2.77699],[117.43361,2.77797],[117.4333,2.77833],[117.4341,2.7783],[117.43575,2.7782],[117.43686,2.77813],[117.43823,2.77805],[117.43927,2.778],[117.44029,2.77795],[117.44166,2.77789],[117.44375,2.77788],[117.44571,2.77789],[117.44617,2.7779],[117.44779,2.77792],[117.44978,2.77798],[117.45169,2.77802],[117.45248,2.77826],[117.45267,2.77832],[117.45431,2.7785],[117.45571,2.77863],[117.45575,2.77863],[117.45624,2.77811],[117.4568,2.77506]]]]},"properties":{"kdprov":"65","kdkab":"02","kdkec":"050","kddesa":"004","kdsls":"2002","idsls":"65020500042002","nmprov":"KALIMANTAN UTARA","nmkab":"BULUNGAN","nmkec":"TANJUNG SELOR","nmdesa":"GUNUNG SARI","nmsls":"HUTAN"}},{"type":"Feature","geometry":{"type":"MultiPolygon","coordinates":[[[[117.50625,2.78848],[117.50626,2.79581],[117.50626,2.7958],[117.5067,2.79542],[117.5077,2.79453],[117.50906,2.79332],[117.50921,2.79316],[117.50999,2.7918],[117.51011,2.7905],[117.51021,2.78912],[117.51076,2.78772],[117.51086,2.78748],[117.51229,2.78654],[117.51383,2.78592],[117.51475,2.78573],[117.51578,2.78551],[117.51747,2.78437],[117.51921,2.78359],[117.51956,2.78346],[117.52115,2.78241],[117.50625,2.78257],[117.50625,2.78306],[117.50625,2.7835],[117.50625,2.78445],[117.50625,2.78848]]]]},"properties":{"kdprov":"65","kdkab":"02","kdkec":"050","kddesa":"006","kdsls":"0026","idsls":"65020500060026","nmprov":"KALIMANTAN UTARA","nmkab":"BULUNGAN","nmkec":"TANJUNG SELOR","nmdesa":"APUNG","nmsls":"RT 026 RW 001"}},{"type":"Feature","geometry":{"type":"MultiPolygon","coordinates":[[[[117.47718,2.75387],[117.47756,2.75352],[117.47806,2.75311],[117.47835,2.75283],[117.47843,2.75265],[117.47849,2.7524],[117.47863,2.7522],[117.47885,2.75202],[117.47911,2.75183],[117.47933,2.75168],[117.47954,2.75147],[117.47969,2.7512],[117.48015,2.75059],[117.48015,2.75058],[117.48014,2.75057],[117.48014,2.75056],[117.48007,2.75042],[117.48,2.75029],[117.47457,2.7397],[117.46689,2.73873],[117.46579,2.74603],[117.47433,2.75942],[117.47478,2.75894],[117.47562,2.75801],[117.47653,2.75674],[117.47711,2.75596],[117.47703,2.75546],[117.47702,2.75543],[117.47701,2.75539],[117.47682,2.75542],[117.47675,2.75519],[117.47676,2.75495],[117.47678,2.7547],[117.47691,2.75427],[117.47718,2.75387]]]]},"properties":{"kdprov":"65","kdkab":"02","kdkec":"050","kddesa":"004","kdsls":"0008","idsls":"65020500040008","nmprov":"KALIMANTAN UTARA","nmkab":"BULUNGAN","nmkec":"TANJUNG SELOR","nmdesa":"GUNUNG SARI","nmsls":"RT 013 RW 002"}},{"type":"Feature","geometry":{"type":"MultiPolygon","coordinates":[[[[117.46032,2.77372],[117.46024,2.77409],[117.46009,2.77447],[117.45996,2.77467],[117.45983,2.77489],[117.45955,2.77522],[117.4593,2.77548],[117.45913,2.77568],[117.45908,2.77578],[117.4568,2.77506],[117.45624,2.77811],[117.45575,2.77863],[117.45604,2.77866],[117.45604,2.77866],[117.45605,2.77866],[117.45688,2.77874],[117.45786,2.77943],[117.45843,2.7788],[117.45845,2.77878],[117.45927,2.77787],[117.46104,2.77904],[117.4623,2.77988],[117.46293,2.78029],[117.4649,2.77986],[117.4657,2.77878],[117.46614,2.7782],[117.46654,2.77742],[117.46699,2.77652],[117.46742,2.77549],[117.46742,2.77549],[117.46877,2.77438],[117.46903,2.77357],[117.46906,2.77211],[117.46928,2.77162],[117.46999,2.77078],[117.47055,2.77075],[117.47122,2.77104],[117.47227,2.77045],[117.47294,2.76951],[117.47369,2.76879],[117.47399,2.76776],[117.47523,2.76572],[117.47523,2.76572],[117.47524,2.76571],[117.47008,2.76364],[117.4675,2.76875],[117.46787,2.76887],[117.46639,2.77293],[117.46454,2.77236],[117.46424,2.77227],[117.46389,2.77324],[117.46352,2.77313],[117.46022,2.77217],[117.46028,2.77225],[117.46034,2.7724],[117.46037,2.7725],[117.46038,2.77263],[117.46038,2.77285],[117.46039,2.77317],[117.46032,2.77372]]]]},"properties":{"kdprov":"65","kdkab":"02","kdkec":"050","kddesa":"004","kdsls":"0007","idsls":"65020500040007","nmprov":"KALIMANTAN UTARA","nmkab":"BULUNGAN","nmkec":"TANJUNG SELOR","nmdesa":"GUNUNG SARI","nmsls":"RT 012 RW 001"}},{"type":"Feature","geometry":{"type":"MultiPolygon","coordinates":[[[[117.39079,2.8383],[117.39087,2.83827],[117.39103,2.83827],[117.39115,2.83832],[117.39148,2.83843],[117.39176,2.8385],[117.39201,2.83854],[117.39216,2.83854],[117.39235,2.83853],[117.39255,2.83848],[117.39269,2.83845],[117.39262,2.83821],[117.39244,2.83695],[117.39239,2.83672],[117.39235,2.83654],[117.39224,2.83636],[117.3921,2.83623],[117.39195,2.83616],[117.39074,2.83642],[117.39037,2.83662],[117.38986,2.837],[117.38947,2.83735],[117.38982,2.83779],[117.39018,2.83816],[117.39057,2.83852],[117.39068,2.83836],[117.39079,2.8383]]]]},"properties":{"kdprov":"65","kdkab":"02","kdkec":"050","kddesa":"009","kdsls":"0074","idsls":"65020500090074","nmprov":"KALIMANTAN UTARA","nmkab":"BULUNGAN","nmkec":"TANJUNG SELOR","nmdesa":"TANJUNG SELOR HILIR","nmsls":"RT 074 RW 027"}},{"type":"Feature","geometry":{"type":"MultiPolygon","coordinates":[[[[117.47524,2.76571],[117.47535,2.76564],[117.47534,2.7643],[117.47485,2.7629],[117.47417,2.7618],[117.47418,2.76062],[117.4738,2.75999],[117.47433,2.75942],[117.46579,2.74603],[117.46689,2.73873],[117.47457,2.7397],[117.48,2.75029],[117.48055,2.74971],[117.48074,2.74944],[117.48085,2.74923],[117.48087,2.74902],[117.4808,2.74862],[117.47949,2.74638],[117.47943,2.74615],[117.47929,2.7458],[117.47922,2.74549],[117.47906,2.74492],[117.47904,2.74455],[117.479,2.74424],[117.47912,2.74401],[117.47931,2.74386],[117.47952,2.74368],[117.47993,2.74357],[117.48028,2.74349],[117.48055,2.7433],[117.48081,2.74284],[117.48107,2.74241],[117.48137,2.74203],[117.48176,2.74155],[117.48199,2.74112],[117.48216,2.74062],[117.48232,2.74016],[117.48249,2.73937],[117.48257,2.73846],[117.48251,2.73769],[117.48249,2.73704],[117.48253,2.7365],[117.48261,2.73619],[117.48278,2.73586],[117.48284,2.73555],[117.4828,2.73507],[117.48245,2.73378],[117.48234,2.73326],[117.48236,2.73293],[117.48265,2.73251],[117.48299,2.73234],[117.48351,2.7323],[117.48384,2.73234],[117.48419,2.73222],[117.48438,2.73182],[117.48424,2.73116],[117.48415,2.73066],[117.48423,2.7302],[117.48455,2.7297],[117.48502,2.72937],[117.48573,2.72939],[117.48625,2.72973],[117.48652,2.72997],[117.48671,2.73002],[117.4871,2.73],[117.48764,2.72971],[117.49178,2.72821],[117.49209,2.72804],[117.49236,2.72777],[117.49253,2.7274],[117.49253,2.72698],[117.49249,2.72619],[117.49238,2.72542],[117.49245,2.72474],[117.49264,2.72432],[117.49295,2.72397],[117.49345,2.72363],[117.49442,2.72337],[117.48849,2.71969],[117.48635,2.71837],[117.4856,2.71814],[117.47599,2.7152],[117.47507,2.7156],[117.47398,2.71609],[117.47345,2.71676],[117.47317,2.71756],[117.47274,2.71885],[117.47302,2.71969],[117.47239,2.72132],[117.47178,2.72283],[117.47123,2.72431],[117.47054,2.72507],[117.46938,2.72636],[117.46836,2.72749],[117.46743,2.72852],[117.46671,2.72931],[117.46567,2.73045],[117.4651,2.73121],[117.46407,2.73259],[117.46307,2.73393],[117.46219,2.7348],[117.4608,2.73622],[117.45976,2.73725],[117.45872,2.73831],[117.45649,2.73975],[117.4552,2.74059],[117.45439,2.7411],[117.45381,2.7413],[117.45235,2.74177],[117.45119,2.74215],[117.4501,2.74251],[117.44959,2.74255],[117.44689,2.7428],[117.44553,2.74291],[117.44499,2.74322],[117.44385,2.74389],[117.44315,2.7439],[117.44235,2.74459],[117.44086,2.74586],[117.43942,2.7471],[117.43846,2.74793],[117.43846,2.74793],[117.44526,2.75157],[117.44561,2.75173],[117.4523,2.75471],[117.4523,2.75511],[117.45223,2.75537],[117.4521,2.75584],[117.45203,2.75641],[117.45203,2.75694],[117.45223,2.75777],[117.45256,2.75871],[117.45356,2.75967],[117.45366,2.76007],[117.45366,2.76074],[117.45341,2.76148],[117.4534,2.7615],[117.45261,2.76274],[117.45226,2.76368],[117.45334,2.76448],[117.45365,2.76457],[117.4541,2.7649],[117.45481,2.76509],[117.45486,2.76482],[117.45489,2.7646],[117.45497,2.7643],[117.45507,2.76399],[117.45515,2.76371],[117.45523,2.76339],[117.45526,2.76324],[117.45527,2.76308],[117.45528,2.76301],[117.45525,2.76278],[117.45518,2.76255],[117.45507,2.7622],[117.45494,2.76197],[117.46232,2.76434],[117.46206,2.76523],[117.46392,2.76581],[117.46414,2.7659],[117.46365,2.76757],[117.46594,2.76827],[117.46644,2.76842],[117.4675,2.76875],[117.47008,2.76364],[117.47524,2.76571]]]]},"properties":{"kdprov":"65","kdkab":"02","kdkec":"050","kddesa":"004","kdsls":"2001","idsls":"65020500042001","nmprov":"KALIMANTAN UTARA","nmkab":"BULUNGAN","nmkec":"TANJUNG SELOR","nmdesa":"GUNUNG SARI","nmsls":"HUTAN BRIGIF"}},{"type":"Feature","geometry":{"type":"MultiPolygon","coordinates":[[[[117.42079,2.82097],[117.42072,2.82089],[117.42029,2.82034],[117.41837,2.82125],[117.41838,2.82174],[117.41826,2.82272],[117.41825,2.82274],[117.42079,2.82097]]]]},"properties":{"kdprov":"65","kdkab":"02","kdkec":"050","kddesa":"007","kdsls":"0003","idsls":"65020500070003","nmprov":"KALIMANTAN UTARA","nmkab":"BULUNGAN","nmkec":"TANJUNG SELOR","nmdesa":"TENGKAPAK","nmsls":"RT 003"}},{"type":"Feature","geometry":{"type":"MultiPolygon","coordinates":[[[[117.38775,2.83229],[117.38765,2.83196],[117.38748,2.83163],[117.38732,2.83141],[117.38714,2.8312],[117.38696,2.83106],[117.38679,2.83092],[117.38662,2.83081],[117.38643,2.8307],[117.38631,2.83074],[117.38617,2.83074],[117.38559,2.83077],[117.38504,2.83092],[117.38474,2.8311],[117.38445,2.83134],[117.38425,2.8316],[117.3841,2.8318],[117.38405,2.83195],[117.384,2.83233],[117.38413,2.8324],[117.38416,2.83242],[117.38436,2.83261],[117.38446,2.83294],[117.38466,2.83405],[117.38484,2.83503],[117.38493,2.83536],[117.38506,2.83567],[117.3853,2.83628],[117.38552,2.83723],[117.38558,2.83721],[117.38578,2.83715],[117.38616,2.83713],[117.38644,2.83723],[117.38673,2.83746],[117.38704,2.83792],[117.38734,2.83825],[117.38754,2.83834],[117.38799,2.83836],[117.38837,2.83833],[117.38838,2.83831],[117.38838,2.83831],[117.38804,2.83604],[117.38796,2.83544],[117.38788,2.83518],[117.38787,2.83443],[117.38786,2.8342],[117.3878,2.83401],[117.38785,2.83276],[117.38775,2.83229]]]]},"properties":{"kdprov":"65","kdkab":"02","kdkec":"050","kddesa":"009","kdsls":"0046","idsls":"65020500090046","nmprov":"KALIMANTAN UTARA","nmkab":"BULUNGAN","nmkec":"TANJUNG SELOR","nmdesa":"TANJUNG SELOR HILIR","nmsls":"RT 046 RW 017"}},{"type":"Feature","geometry":{"type":"MultiPolygon","coordinates":[[[[117.40743,2.79452],[117.40743,2.79447],[117.40728,2.7913],[117.40614,2.79047],[117.40341,2.7894],[117.40301,2.7893],[117.40137,2.78994],[117.39494,2.79328],[117.39489,2.80186],[117.40349,2.802],[117.40355,2.80035],[117.40742,2.80001],[117.40746,2.79884],[117.40743,2.79452]]]]},"properties":{"kdprov":"65","kdkab":"02","kdkec":"050","kddesa":"003","kdsls":"0016","idsls":"65020500030016","nmprov":"KALIMANTAN UTARA","nmkab":"BULUNGAN","nmkec":"TANJUNG SELOR","nmdesa":"JELARAI SELOR","nmsls":"RT 040 RW 003"}},{"type":"Feature","geometry":{"type":"MultiPolygon","coordinates":[[[[117.3687,2.84521],[117.36958,2.84722],[117.37109,2.84655],[117.37023,2.84453],[117.3687,2.84521]]]]},"properties":{"kdprov":"65","kdkab":"02","kdkec":"050","kddesa":"009","kdsls":"0035","idsls":"65020500090035","nmprov":"KALIMANTAN UTARA","nmkab":"BULUNGAN","nmkec":"TANJUNG SELOR","nmdesa":"TANJUNG SELOR HILIR","nmsls":"RT 035 RW 013"}},{"type":"Feature","geometry":{"type":"MultiPolygon","coordinates":[[[[117.47082,2.79994],[117.47082,2.80011],[117.47068,2.80062],[117.47057,2.80095],[117.47043,2.80135],[117.47025,2.80159],[117.46994,2.80203],[117.46975,2.80238],[117.46949,2.80274],[117.46296,2.81071],[117.46315,2.81072],[117.46534,2.81075],[117.46748,2.81081],[117.46974,2.81074],[117.47194,2.81068],[117.47446,2.81067],[117.47483,2.81067],[117.47556,2.81014],[117.47513,2.80979],[117.47512,2.80859],[117.47513,2.80835],[117.47575,2.80774],[117.47583,2.80681],[117.47583,2.80665],[117.4766,2.80606],[117.47762,2.80495],[117.4777,2.80445],[117.47795,2.80397],[117.47833,2.80325],[117.47851,2.80256],[117.47874,2.80162],[117.47904,2.80048],[117.47922,2.79976],[117.4792,2.79959],[117.47911,2.79877],[117.47898,2.79774],[117.47891,2.79665],[117.47886,2.79562],[117.47878,2.79447],[117.47871,2.79338],[117.4786,2.79238],[117.47849,2.79132],[117.47839,2.79029],[117.47832,2.7892],[117.4783,2.78888],[117.47824,2.78812],[117.47781,2.78726],[117.47748,2.78657],[117.47339,2.79188],[117.47344,2.79205],[117.4734,2.79216],[117.47329,2.79237],[117.47307,2.79284],[117.47293,2.79348],[117.47274,2.79418],[117.47244,2.79507],[117.47208,2.7962],[117.47168,2.79706],[117.47136,2.79745],[117.47086,2.79812],[117.47067,2.7985],[117.4706,2.79886],[117.47069,2.79936],[117.47082,2.79994]]],[[[117.44627,2.77921],[117.44734,2.77949],[117.45026,2.77972],[117.45233,2.77988],[117.45483,2.78054],[117.4559,2.78136],[117.45637,2.78149],[117.45652,2.78163],[117.45657,2.78178],[117.45652,2.782],[117.45584,2.78322],[117.45366,2.78712],[117.45789,2.78899],[117.4623,2.77988],[117.46104,2.77904],[117.45927,2.77787],[117.45845,2.77878],[117.45843,2.7788],[117.45786,2.77943],[117.45688,2.77874],[117.45605,2.77866],[117.45604,2.77866],[117.45604,2.77866],[117.45575,2.77863],[117.45571,2.77863],[117.45431,2.7785],[117.45267,2.77832],[117.45248,2.77826],[117.45169,2.77802],[117.44978,2.77798],[117.44779,2.77792],[117.44617,2.7779],[117.44571,2.77789],[117.44375,2.77788],[117.44166,2.77789],[117.44029,2.77795],[117.43927,2.778],[117.4397,2.7818],[117.43983,2.78126],[117.44057,2.78027],[117.44075,2.78013],[117.44093,2.78004],[117.44114,2.78001],[117.44136,2.77998],[117.4455,2.77926],[117.44574,2.7792],[117.44597,2.77919],[117.44627,2.77921]]],[[[117.44081,2.80104],[117.44092,2.80195],[117.44095,2.80268],[117.441,2.80412],[117.44104,2.80568],[117.44105,2.80722],[117.44097,2.80852],[117.44094,2.80953],[117.44091,2.80967],[117.44875,2.79564],[117.445,2.7939],[117.43954,2.79598],[117.43973,2.79644],[117.4401,2.79726],[117.44048,2.79812],[117.4405,2.79827],[117.44053,2.79852],[117.44066,2.79975],[117.44081,2.80104]]]]},"properties":{"kdprov":"65","kdkab":"02","kdkec":"050","kddesa":"005","kdsls":"2001","idsls":"65020500052001","nmprov":"KALIMANTAN UTARA","nmkab":"BULUNGAN","nmkec":"TANJUNG SELOR","nmdesa":"BUMI RAHAYU","nmsls":"HUTAN"}},{"type":"Feature","geometry":{"type":"MultiPolygon","coordinates":[[[[117.38943,2.86601],[117.38956,2.86678],[117.38958,2.8669],[117.38962,2.867],[117.38973,2.86726],[117.3899,2.86764],[117.39004,2.86794],[117.39006,2.868],[117.39007,2.86813],[117.39005,2.86818],[117.39003,2.86824],[117.38991,2.86834],[117.38875,2.86916],[117.38862,2.86922],[117.38848,2.86929],[117.38833,2.86934],[117.38773,2.86952],[117.38801,2.87035],[117.38844,2.87019],[117.38901,2.8699],[117.38943,2.86969],[117.3906,2.86898],[117.39113,2.86868],[117.39149,2.86813],[117.39152,2.86732],[117.39131,2.86669],[117.39089,2.86592],[117.39028,2.86479],[117.39016,2.8642],[117.39011,2.86416],[117.39011,2.86291],[117.3901,2.86271],[117.38909,2.86283],[117.38902,2.86284],[117.38943,2.86601]]]]},"properties":{"kdprov":"65","kdkab":"02","kdkec":"050","kddesa":"009","kdsls":"0068","idsls":"65020500090068","nmprov":"KALIMANTAN UTARA","nmkab":"BULUNGAN","nmkec":"TANJUNG SELOR","nmdesa":"TANJUNG SELOR HILIR","nmsls":"RT 068 RW 025"}},{"type":"Feature","geometry":{"type":"MultiPolygon","coordinates":[[[[117.40607,2.85378],[117.40621,2.85369],[117.40632,2.85362],[117.40641,2.85357],[117.40665,2.85353],[117.40656,2.85296],[117.40636,2.85212],[117.40621,2.85149],[117.40586,2.85001],[117.40548,2.84858],[117.40534,2.84868],[117.40526,2.84876],[117.40521,2.84884],[117.40514,2.84891],[117.40495,2.84898],[117.40484,2.84903],[117.40479,2.84904],[117.40471,2.84906],[117.40463,2.8491],[117.40456,2.84916],[117.40445,2.84923],[117.40435,2.84929],[117.40408,2.84935],[117.40388,2.84944],[117.4038,2.84948],[117.40373,2.84951],[117.40361,2.84958],[117.40347,2.84964],[117.40331,2.84967],[117.4031,2.84978],[117.40294,2.84986],[117.40283,2.84988],[117.40272,2.84992],[117.40262,2.84996],[117.40252,2.85003],[117.4024,2.85006],[117.40215,2.85013],[117.4019,2.85017],[117.40161,2.85027],[117.40144,2.85035],[117.40129,2.85044],[117.40115,2.85056],[117.40105,2.8507],[117.40098,2.85083],[117.40097,2.85092],[117.40099,2.85104],[117.40106,2.85114],[117.40122,2.85137],[117.40136,2.85157],[117.40138,2.85156],[117.40141,2.85164],[117.4016,2.85219],[117.40176,2.85251],[117.4023,2.85274],[117.40328,2.85299],[117.40442,2.85329],[117.40468,2.85354],[117.40487,2.85371],[117.4052,2.85381],[117.40545,2.85388],[117.40572,2.85406],[117.40572,2.85406],[117.40584,2.85396],[117.40595,2.85387],[117.40607,2.85378]]]]},"properties":{"kdprov":"65","kdkab":"02","kdkec":"050","kddesa":"009","kdsls":"0080","idsls":"65020500090080","nmprov":"KALIMANTAN UTARA","nmkab":"BULUNGAN","nmkec":"TANJUNG SELOR","nmdesa":"TANJUNG SELOR HILIR","nmsls":"RT 080 RW 029"}},{"type":"Feature","geometry":{"type":"MultiPolygon","coordinates":[[[[117.42449,2.85523],[117.42449,2.8554],[117.42458,2.85656],[117.42459,2.85656],[117.42767,2.85636],[117.42923,2.85642],[117.42968,2.85647],[117.42968,2.85492],[117.42449,2.85523]]]]},"properties":{"kdprov":"65","kdkab":"02","kdkec":"050","kddesa":"008","kdsls":"0017","idsls":"65020500080017","nmprov":"KALIMANTAN UTARA","nmkab":"BULUNGAN","nmkec":"TANJUNG SELOR","nmdesa":"TANJUNG SELOR TIMUR","nmsls":"RT 017 RW 006"}},{"type":"Feature","geometry":{"type":"MultiPolygon","coordinates":[[[[117.51462,2.84455],[117.52344,2.8401],[117.52245,2.83832],[117.52402,2.83754],[117.52309,2.83595],[117.51694,2.82547],[117.51616,2.82415],[117.51584,2.82452],[117.51583,2.82453],[117.5145,2.82536],[117.51364,2.82574],[117.5119,2.82624],[117.51159,2.82633],[117.51126,2.82647],[117.50962,2.82665],[117.50701,2.82671],[117.50472,2.82651],[117.50432,2.82643],[117.50301,2.82979],[117.50278,2.83038],[117.50228,2.83164],[117.5136,2.83065],[117.51333,2.84293],[117.51341,2.84298],[117.5138,2.8434],[117.51441,2.84419],[117.51462,2.84455]]]]},"properties":{"kdprov":"65","kdkab":"02","kdkec":"050","kddesa":"008","kdsls":"0033","idsls":"65020500080033","nmprov":"KALIMANTAN UTARA","nmkab":"BULUNGAN","nmkec":"TANJUNG SELOR","nmdesa":"TANJUNG SELOR TIMUR","nmsls":"RT 030 RW UPT"}},{"type":"Feature","geometry":{"type":"MultiPolygon","coordinates":[[[[117.51333,2.84293],[117.5136,2.83065],[117.50228,2.83164],[117.50172,2.83307],[117.50369,2.83591],[117.50469,2.83732],[117.50136,2.83877],[117.49939,2.83963],[117.49971,2.83991],[117.50046,2.8411],[117.50164,2.84373],[117.50208,2.8451],[117.50244,2.84637],[117.50249,2.84812],[117.50244,2.84944],[117.50226,2.85128],[117.50218,2.85324],[117.50232,2.85452],[117.50251,2.85515],[117.50271,2.85547],[117.50329,2.85585],[117.50425,2.85587],[117.50504,2.85581],[117.50645,2.85555],[117.5069,2.85525],[117.507,2.85523],[117.50793,2.85492],[117.50911,2.8543],[117.50926,2.85416],[117.50959,2.85367],[117.51004,2.85312],[117.51058,2.85266],[117.51089,2.8518],[117.51099,2.85114],[117.51087,2.85021],[117.51056,2.84954],[117.50979,2.84875],[117.5087,2.84802],[117.50724,2.84658],[117.50625,2.84535],[117.50595,2.84395],[117.50621,2.84328],[117.50634,2.8426],[117.50718,2.84183],[117.5073,2.84172],[117.50768,2.84155],[117.50834,2.84124],[117.50959,2.84115],[117.51032,2.84122],[117.51173,2.84178],[117.5129,2.84265],[117.51333,2.84293]]]]},"properties":{"kdprov":"65","kdkab":"02","kdkec":"050","kddesa":"008","kdsls":"0031","idsls":"65020500080031","nmprov":"KALIMANTAN UTARA","nmkab":"BULUNGAN","nmkec":"TANJUNG SELOR","nmdesa":"TANJUNG SELOR TIMUR","nmsls":"RT 029 RW UPT"}},{"type":"Feature","geometry":{"type":"MultiPolygon","coordinates":[[[[117.48545,2.83404],[117.49012,2.8319],[117.4951,2.82971],[117.49201,2.82282],[117.49193,2.82277],[117.48958,2.82101],[117.48813,2.81981],[117.48606,2.81845],[117.48445,2.8179],[117.48401,2.81795],[117.4834,2.81802],[117.48315,2.81815],[117.48309,2.81831],[117.48303,2.81846],[117.48303,2.81846],[117.48303,2.81851],[117.4828,2.81886],[117.48292,2.81982],[117.48335,2.82206],[117.48395,2.82415],[117.48389,2.82549],[117.48389,2.82737],[117.48403,2.82897],[117.48423,2.8299],[117.4845,2.83045],[117.48529,2.83241],[117.48539,2.8333],[117.48545,2.83404]]]]},"properties":{"kdprov":"65","kdkab":"02","kdkec":"050","kddesa":"008","kdsls":"0028","idsls":"65020500080028","nmprov":"KALIMANTAN UTARA","nmkab":"BULUNGAN","nmkec":"TANJUNG SELOR","nmdesa":"TANJUNG SELOR TIMUR","nmsls":"RT 027 RW UPT"}},{"type":"Feature","geometry":{"type":"MultiPolygon","coordinates":[[[[117.36749,2.84332],[117.36726,2.8432],[117.36689,2.8439],[117.36681,2.84393],[117.36681,2.84396],[117.36645,2.8447],[117.36645,2.84475],[117.36646,2.84479],[117.3665,2.84482],[117.36651,2.84483],[117.36661,2.84487],[117.36707,2.84502],[117.36715,2.84475],[117.36721,2.84438],[117.36749,2.84332]]]]},"properties":{"kdprov":"65","kdkab":"02","kdkec":"050","kddesa":"009","kdsls":"0007","idsls":"65020500090007","nmprov":"KALIMANTAN UTARA","nmkab":"BULUNGAN","nmkec":"TANJUNG SELOR","nmdesa":"TANJUNG SELOR HILIR","nmsls":"RT 007 RW 003"}},{"type":"Feature","geometry":{"type":"MultiPolygon","coordinates":[[[[117.36278,2.85171],[117.36312,2.85345],[117.36443,2.85319],[117.36439,2.85301],[117.36427,2.85245],[117.36424,2.8523],[117.364,2.85124],[117.36273,2.85149],[117.36278,2.85171]]]]},"properties":{"kdprov":"65","kdkab":"02","kdkec":"050","kddesa":"009","kdsls":"0049","idsls":"65020500090049","nmprov":"KALIMANTAN UTARA","nmkab":"BULUNGAN","nmkec":"TANJUNG SELOR","nmdesa":"TANJUNG SELOR HILIR","nmsls":"RT 049 RW 018"}},{"type":"Feature","geometry":{"type":"MultiPolygon","coordinates":[[[[117.50301,2.82979],[117.50432,2.82643],[117.49934,2.82541],[117.4987,2.82531],[117.49832,2.82526],[117.49731,2.82524],[117.49381,2.82376],[117.49201,2.82282],[117.4951,2.82971],[117.49012,2.8319],[117.48545,2.83404],[117.48549,2.83452],[117.48531,2.83554],[117.48515,2.83576],[117.48498,2.83589],[117.48492,2.83603],[117.48428,2.83656],[117.48401,2.83679],[117.48372,2.83686],[117.48366,2.83691],[117.48192,2.83779],[117.48061,2.83852],[117.48049,2.83868],[117.48032,2.8388],[117.48003,2.83901],[117.48001,2.83905],[117.4798,2.83935],[117.47921,2.83991],[117.47906,2.84028],[117.47875,2.84074],[117.47829,2.84113],[117.47762,2.84138],[117.47694,2.84148],[117.4765,2.84143],[117.47598,2.84142],[117.4744,2.84097],[117.47241,2.83991],[117.47147,2.8395],[117.47061,2.83902],[117.46989,2.83886],[117.46863,2.83825],[117.46257,2.84724],[117.46259,2.84724],[117.46301,2.84724],[117.46369,2.84731],[117.4645,2.84762],[117.46537,2.84787],[117.46649,2.84837],[117.46712,2.84887],[117.46805,2.85063],[117.46824,2.85119],[117.4683,2.85175],[117.4683,2.8525],[117.46827,2.8528],[117.46771,2.85369],[117.4669,2.85499],[117.46665,2.85542],[117.46568,2.85711],[117.46568,2.85776],[117.46571,2.85803],[117.46565,2.85877],[117.46589,2.85964],[117.46656,2.86003],[117.46684,2.86035],[117.46759,2.8608],[117.46864,2.8613],[117.46986,2.86122],[117.47143,2.86078],[117.47242,2.85985],[117.47256,2.85958],[117.47278,2.85938],[117.47321,2.85863],[117.47359,2.85769],[117.4739,2.85522],[117.47396,2.85497],[117.47405,2.85474],[117.47416,2.85389],[117.47477,2.85262],[117.47505,2.85199],[117.47582,2.85098],[117.47615,2.85043],[117.47786,2.84926],[117.47942,2.84837],[117.48169,2.84816],[117.48204,2.84827],[117.48273,2.84827],[117.48353,2.84849],[117.48537,2.84956],[117.48674,2.85039],[117.48814,2.85047],[117.48929,2.84986],[117.48967,2.8496],[117.4903,2.84905],[117.49089,2.84877],[117.49104,2.84864],[117.49119,2.84858],[117.49311,2.84758],[117.49312,2.84758],[117.49369,2.84744],[117.49548,2.84701],[117.49611,2.84695],[117.49654,2.84689],[117.49698,2.8467],[117.49735,2.84633],[117.49754,2.84595],[117.49766,2.84551],[117.49766,2.84501],[117.49741,2.84444],[117.49698,2.84388],[117.49641,2.84289],[117.49586,2.84201],[117.49567,2.84144],[117.49561,2.84094],[117.49561,2.84058],[117.49555,2.84053],[117.49529,2.83977],[117.4949,2.83861],[117.49448,2.83735],[117.49423,2.83661],[117.49351,2.83496],[117.49495,2.83427],[117.49878,2.83195],[117.50301,2.82979]]]]},"properties":{"kdprov":"65","kdkab":"02","kdkec":"050","kddesa":"008","kdsls":"0026","idsls":"65020500080026","nmprov":"KALIMANTAN UTARA","nmkab":"BULUNGAN","nmkec":"TANJUNG SELOR","nmdesa":"TANJUNG SELOR TIMUR","nmsls":"RT 026 RW UPT"}},{"type":"Feature","geometry":{"type":"MultiPolygon","coordinates":[[[[117.46863,2.83825],[117.46863,2.83825],[117.46865,2.83823],[117.46777,2.83765],[117.4667,2.83664],[117.45611,2.84211],[117.45587,2.84223],[117.45882,2.84774],[117.45902,2.84769],[117.46014,2.84737],[117.46083,2.84725],[117.46245,2.84724],[117.46257,2.84724],[117.46863,2.83825]]]]},"properties":{"kdprov":"65","kdkab":"02","kdkec":"050","kddesa":"008","kdsls":"0025","idsls":"65020500080025","nmprov":"KALIMANTAN UTARA","nmkab":"BULUNGAN","nmkec":"TANJUNG SELOR","nmdesa":"TANJUNG SELOR TIMUR","nmsls":"RT 025 RW 008"}},{"type":"Feature","geometry":{"type":"MultiPolygon","coordinates":[[[[117.4667,2.83664],[117.46665,2.8366],[117.46651,2.83625],[117.46585,2.83548],[117.46566,2.83487],[117.46539,2.83442],[117.46412,2.8331],[117.46396,2.83294],[117.46274,2.83238],[117.46216,2.83223],[117.46044,2.83213],[117.45847,2.8324],[117.45527,2.83276],[117.4522,2.83277],[117.45043,2.8328],[117.44931,2.8329],[117.44925,2.83294],[117.44888,2.83299],[117.44856,2.83314],[117.4482,2.83339],[117.4479,2.83368],[117.44773,2.83416],[117.4477,2.83442],[117.44774,2.83505],[117.4479,2.83551],[117.44842,2.83639],[117.44886,2.83695],[117.44967,2.83825],[117.44989,2.83875],[117.45055,2.83992],[117.45089,2.84042],[117.45149,2.84171],[117.45149,2.84171],[117.45149,2.84209],[117.45149,2.84209],[117.45138,2.84249],[117.45137,2.84253],[117.4512,2.84276],[117.45289,2.84376],[117.45289,2.84376],[117.45587,2.84223],[117.45611,2.84211],[117.4667,2.83664]]]]},"properties":{"kdprov":"65","kdkab":"02","kdkec":"050","kddesa":"008","kdsls":"0024","idsls":"65020500080024","nmprov":"KALIMANTAN UTARA","nmkab":"BULUNGAN","nmkec":"TANJUNG SELOR","nmdesa":"TANJUNG SELOR TIMUR","nmsls":"RT 024 RW 008"}},{"type":"Feature","geometry":{"type":"MultiPolygon","coordinates":[[[[117.45289,2.84377],[117.45289,2.84376],[117.45289,2.84376],[117.4512,2.84276],[117.45115,2.84284],[117.45106,2.84296],[117.45068,2.84321],[117.45064,2.84323],[117.45049,2.84325],[117.44987,2.84327],[117.44964,2.84323],[117.44918,2.84285],[117.4474,2.847],[117.45044,2.84835],[117.44898,2.85178],[117.44788,2.85133],[117.4423,2.86498],[117.44273,2.86493],[117.44354,2.8648],[117.44412,2.86473],[117.44412,2.86473],[117.44453,2.86468],[117.44547,2.86436],[117.44914,2.86418],[117.44952,2.86418],[117.45001,2.86373],[117.45013,2.86324],[117.45033,2.86274],[117.45113,2.8612],[117.45187,2.86008],[117.45256,2.85888],[117.45355,2.85682],[117.45399,2.85563],[117.45467,2.85388],[117.45499,2.85294],[117.45517,2.85207],[117.45535,2.85144],[117.45567,2.85063],[117.45598,2.84988],[117.45654,2.84907],[117.45666,2.84895],[117.45289,2.84377]]]]},"properties":{"kdprov":"65","kdkab":"02","kdkec":"050","kddesa":"008","kdsls":"0022","idsls":"65020500080022","nmprov":"KALIMANTAN UTARA","nmkab":"BULUNGAN","nmkec":"TANJUNG SELOR","nmdesa":"TANJUNG SELOR TIMUR","nmsls":"RT 022 RW 007"}},{"type":"Feature","geometry":{"type":"MultiPolygon","coordinates":[[[[117.43652,2.86119],[117.44718,2.84176],[117.44678,2.84157],[117.44548,2.84112],[117.44481,2.84094],[117.44431,2.84092],[117.44369,2.84113],[117.44251,2.84169],[117.44228,2.84184],[117.44117,2.84216],[117.44116,2.84216],[117.44105,2.84225],[117.44038,2.84245],[117.43962,2.84256],[117.43945,2.84254],[117.43186,2.85728],[117.43246,2.85773],[117.43296,2.85818],[117.43408,2.85899],[117.43495,2.8598],[117.43564,2.86043],[117.43651,2.86118],[117.43652,2.86119]]]]},"properties":{"kdprov":"65","kdkab":"02","kdkec":"050","kddesa":"008","kdsls":"0020","idsls":"65020500080020","nmprov":"KALIMANTAN UTARA","nmkab":"BULUNGAN","nmkec":"TANJUNG SELOR","nmdesa":"TANJUNG SELOR TIMUR","nmsls":"RT 020 RW 007"}},{"type":"Feature","geometry":{"type":"MultiPolygon","coordinates":[[[[117.36597,2.84194],[117.36596,2.84194],[117.36434,2.84177],[117.36419,2.8428],[117.36421,2.84296],[117.36422,2.84296],[117.36471,2.84295],[117.3649,2.84288],[117.36548,2.84271],[117.36665,2.84202],[117.36664,2.84186],[117.36612,2.84198],[117.36603,2.84197],[117.36597,2.84194]]]]},"properties":{"kdprov":"65","kdkab":"02","kdkec":"050","kddesa":"009","kdsls":"0004","idsls":"65020500090004","nmprov":"KALIMANTAN UTARA","nmkab":"BULUNGAN","nmkec":"TANJUNG SELOR","nmdesa":"TANJUNG SELOR HILIR","nmsls":"RT 004 RW 002"}},{"type":"Feature","geometry":{"type":"MultiPolygon","coordinates":[[[[117.39897,2.83586],[117.39792,2.83795],[117.39881,2.83834],[117.39979,2.83625],[117.39897,2.83586]]]]},"properties":{"kdprov":"65","kdkab":"02","kdkec":"050","kddesa":"009","kdsls":"0100","idsls":"65020500090100","nmprov":"KALIMANTAN UTARA","nmkab":"BULUNGAN","nmkec":"TANJUNG SELOR","nmdesa":"TANJUNG SELOR HILIR","nmsls":"RT 100 RW 037"}},{"type":"Feature","geometry":{"type":"MultiPolygon","coordinates":[[[[117.40771,2.85093],[117.40814,2.85077],[117.40743,2.84816],[117.40743,2.84816],[117.40743,2.84816],[117.40732,2.8478],[117.40551,2.84855],[117.40548,2.84855],[117.40548,2.84855],[117.40548,2.84858],[117.40586,2.85001],[117.40621,2.85149],[117.40636,2.85212],[117.40656,2.85296],[117.40665,2.85353],[117.40641,2.85357],[117.40632,2.85362],[117.40621,2.85369],[117.40607,2.85378],[117.40595,2.85387],[117.40584,2.85396],[117.40572,2.85406],[117.40572,2.85406],[117.40602,2.85447],[117.40699,2.85406],[117.40824,2.85378],[117.40793,2.852],[117.40793,2.852],[117.40771,2.85093]]]]},"properties":{"kdprov":"65","kdkab":"02","kdkec":"050","kddesa":"008","kdsls":"0002","idsls":"65020500080002","nmprov":"KALIMANTAN UTARA","nmkab":"BULUNGAN","nmkec":"TANJUNG SELOR","nmdesa":"TANJUNG SELOR TIMUR","nmsls":"RT 002 RW 001"}},{"type":"Feature","geometry":{"type":"MultiPolygon","coordinates":[[[[117.38487,2.87125],[117.38714,2.87068],[117.38801,2.87035],[117.38773,2.86952],[117.38773,2.86952],[117.38766,2.86923],[117.38727,2.86792],[117.38707,2.86718],[117.38693,2.8665],[117.38691,2.86615],[117.38699,2.86595],[117.38732,2.86521],[117.38741,2.86481],[117.3875,2.86446],[117.38755,2.86411],[117.38762,2.86364],[117.3877,2.86295],[117.3861,2.863],[117.38615,2.8606],[117.38176,2.86204],[117.38198,2.86312],[117.38373,2.87171],[117.38487,2.87125]]]]},"properties":{"kdprov":"65","kdkab":"02","kdkec":"050","kddesa":"009","kdsls":"0067","idsls":"65020500090067","nmprov":"KALIMANTAN UTARA","nmkab":"BULUNGAN","nmkec":"TANJUNG SELOR","nmdesa":"TANJUNG SELOR HILIR","nmsls":"RT 067 RW 025"}},{"type":"Feature","geometry":{"type":"MultiPolygon","coordinates":[[[[117.38033,2.83552],[117.37995,2.83628],[117.38012,2.83668],[117.38028,2.83707],[117.38037,2.83738],[117.38039,2.83767],[117.38041,2.83791],[117.3804,2.83804],[117.38034,2.83838],[117.3803,2.83863],[117.3804,2.8386],[117.38052,2.83859],[117.38075,2.83858],[117.38089,2.83855],[117.38111,2.83848],[117.38114,2.83847],[117.38117,2.83847],[117.38139,2.83814],[117.38147,2.83798],[117.38152,2.83786],[117.38154,2.83772],[117.38158,2.83732],[117.38158,2.83714],[117.38159,2.83697],[117.38162,2.83684],[117.38186,2.83594],[117.38197,2.83565],[117.38218,2.83531],[117.38247,2.8349],[117.3825,2.83484],[117.38173,2.83442],[117.37926,2.83308],[117.37904,2.83412],[117.38033,2.83552]]]]},"properties":{"kdprov":"65","kdkab":"02","kdkec":"050","kddesa":"009","kdsls":"0041","idsls":"65020500090041","nmprov":"KALIMANTAN UTARA","nmkab":"BULUNGAN","nmkec":"TANJUNG SELOR","nmdesa":"TANJUNG SELOR HILIR","nmsls":"RT 041 RW 015"}},{"type":"Feature","geometry":{"type":"MultiPolygon","coordinates":[[[[117.4123,2.79861],[117.4124,2.79435],[117.4124,2.79434],[117.40743,2.79447],[117.40743,2.79452],[117.40746,2.79884],[117.40742,2.80001],[117.40736,2.80206],[117.41166,2.80227],[117.41166,2.80227],[117.41255,2.80229],[117.41254,2.80229],[117.41224,2.80149],[117.4123,2.79861]]]]},"properties":{"kdprov":"65","kdkab":"02","kdkec":"050","kddesa":"003","kdsls":"0036","idsls":"65020500030036","nmprov":"KALIMANTAN UTARA","nmkab":"BULUNGAN","nmkec":"TANJUNG SELOR","nmdesa":"JELARAI SELOR","nmsls":"RT 025 RW 008"}},{"type":"Feature","geometry":{"type":"MultiPolygon","coordinates":[[[[117.39979,2.83625],[117.39881,2.83834],[117.39933,2.83858],[117.39952,2.83865],[117.39998,2.83773],[117.40013,2.83781],[117.40276,2.83767],[117.39979,2.83625]]]]},"properties":{"kdprov":"65","kdkab":"02","kdkec":"050","kddesa":"009","kdsls":"0099","idsls":"65020500090099","nmprov":"KALIMANTAN UTARA","nmkab":"BULUNGAN","nmkec":"TANJUNG SELOR","nmdesa":"TANJUNG SELOR HILIR","nmsls":"RT 099 RW 037"}},{"type":"Feature","geometry":{"type":"MultiPolygon","coordinates":[[[[117.39429,2.83588],[117.39449,2.8358],[117.39463,2.83581],[117.39505,2.83613],[117.39537,2.83585],[117.39416,2.83441],[117.38893,2.83501],[117.38884,2.83374],[117.3878,2.83401],[117.38786,2.8342],[117.38787,2.83443],[117.38788,2.83518],[117.38796,2.83544],[117.38804,2.83604],[117.38838,2.83831],[117.38947,2.83735],[117.38986,2.837],[117.39037,2.83662],[117.39074,2.83642],[117.39195,2.83616],[117.3921,2.83623],[117.39224,2.83636],[117.39235,2.83654],[117.39239,2.83672],[117.39309,2.83652],[117.39375,2.8362],[117.39429,2.83588]]]]},"properties":{"kdprov":"65","kdkab":"02","kdkec":"050","kddesa":"009","kdsls":"0047","idsls":"65020500090047","nmprov":"KALIMANTAN UTARA","nmkab":"BULUNGAN","nmkec":"TANJUNG SELOR","nmdesa":"TANJUNG SELOR HILIR","nmsls":"RT 047 RW 017"}},{"type":"Feature","geometry":{"type":"MultiPolygon","coordinates":[[[[117.42134,2.87643],[117.42134,2.87643],[117.43441,2.87931],[117.43456,2.87934],[117.43456,2.87931],[117.43456,2.87904],[117.43479,2.8786],[117.43479,2.8786],[117.4143,2.86899],[117.41354,2.86937],[117.4128,2.8696],[117.41211,2.86977],[117.41068,2.8698],[117.40981,2.86975],[117.40965,2.86967],[117.40901,2.86963],[117.4083,2.86926],[117.40785,2.86823],[117.40791,2.86734],[117.40862,2.86645],[117.40911,2.86619],[117.40947,2.86549],[117.41016,2.86405],[117.41119,2.86249],[117.41176,2.861],[117.41193,2.86007],[117.41193,2.85915],[117.41205,2.85668],[117.41196,2.85642],[117.41193,2.85583],[117.41169,2.85551],[117.411,2.85502],[117.41071,2.85498],[117.41067,2.85495],[117.41053,2.85492],[117.40952,2.85477],[117.40838,2.8548],[117.40787,2.85489],[117.40782,2.8549],[117.40695,2.85517],[117.40455,2.85606],[117.40257,2.85673],[117.4021,2.85675],[117.40197,2.85679],[117.39981,2.85705],[117.39979,2.85708],[117.3976,2.85744],[117.39746,2.85734],[117.39725,2.8574],[117.3972,2.8575],[117.39706,2.8576],[117.39685,2.85765],[117.39639,2.85749],[117.39587,2.8571],[117.39555,2.85697],[117.39521,2.85669],[117.39424,2.85565],[117.39313,2.85403],[117.3925,2.85334],[117.39179,2.85293],[117.39137,2.85269],[117.3908,2.85223],[117.38996,2.85194],[117.38966,2.85212],[117.38961,2.8522],[117.38948,2.8525],[117.38929,2.85292],[117.38939,2.85415],[117.38937,2.85458],[117.38961,2.85549],[117.39058,2.85942],[117.39056,2.86106],[117.39072,2.86403],[117.39095,2.86503],[117.39143,2.8657],[117.39143,2.86575],[117.39178,2.86632],[117.39183,2.86639],[117.39212,2.86729],[117.39208,2.86808],[117.39165,2.86903],[117.39111,2.86936],[117.39113,2.86974],[117.39094,2.8702],[117.39075,2.87039],[117.39071,2.87061],[117.39049,2.87072],[117.39066,2.87103],[117.39185,2.87188],[117.39318,2.87253],[117.39385,2.87311],[117.39573,2.87392],[117.39737,2.87504],[117.39911,2.87615],[117.39922,2.87625],[117.39997,2.87718],[117.40003,2.87739],[117.40004,2.8774],[117.42134,2.87643]]]]},"properties":{"kdprov":"65","kdkab":"02","kdkec":"050","kddesa":"009","kdsls":"0103","idsls":"65020500090103","nmprov":"KALIMANTAN UTARA","nmkab":"BULUNGAN","nmkec":"TANJUNG SELOR","nmdesa":"TANJUNG SELOR HILIR","nmsls":"RT 103 RW 038"}},{"type":"Feature","geometry":{"type":"MultiPolygon","coordinates":[[[[117.4143,2.86899],[117.43479,2.8786],[117.4349,2.8784],[117.43541,2.87777],[117.43552,2.87748],[117.43562,2.87704],[117.43489,2.87637],[117.43475,2.87586],[117.43481,2.87538],[117.43513,2.87503],[117.43513,2.87495],[117.4357,2.874],[117.43606,2.87349],[117.43643,2.87266],[117.43648,2.87241],[117.43653,2.8724],[117.43705,2.87214],[117.43762,2.87163],[117.43853,2.87137],[117.43892,2.87052],[117.43896,2.86967],[117.43896,2.86963],[117.43901,2.8696],[117.43944,2.8693],[117.44086,2.8693],[117.44169,2.8692],[117.44218,2.86881],[117.44341,2.86877],[117.4445,2.86912],[117.44543,2.8692],[117.44567,2.86896],[117.44525,2.86886],[117.44294,2.86829],[117.44201,2.86766],[117.44165,2.86754],[117.44005,2.86622],[117.43787,2.86467],[117.43649,2.86311],[117.43535,2.86208],[117.43461,2.86116],[117.4318,2.85854],[117.43077,2.85797],[117.42934,2.85763],[117.42699,2.85739],[117.42275,2.85739],[117.4204,2.85763],[117.41943,2.85825],[117.41886,2.85895],[117.41852,2.85981],[117.41846,2.86085],[117.41846,2.86217],[117.41829,2.86344],[117.418,2.8654],[117.41749,2.86638],[117.41651,2.86741],[117.41543,2.86828],[117.41445,2.86891],[117.41431,2.86898],[117.4143,2.86899]]]]},"properties":{"kdprov":"65","kdkab":"02","kdkec":"050","kddesa":"009","kdsls":"0102","idsls":"65020500090102","nmprov":"KALIMANTAN UTARA","nmkab":"BULUNGAN","nmkec":"TANJUNG SELOR","nmdesa":"TANJUNG SELOR HILIR","nmsls":"RT 102 RW 038"}},{"type":"Feature","geometry":{"type":"MultiPolygon","coordinates":[[[[117.42101,2.8791],[117.42098,2.87726],[117.42134,2.87643],[117.40004,2.8774],[117.40049,2.8789],[117.40089,2.88091],[117.40066,2.88363],[117.40054,2.88478],[117.40049,2.8857],[117.40049,2.88656],[117.40095,2.88774],[117.40112,2.88809],[117.40141,2.88843],[117.40163,2.88843],[117.40221,2.88797],[117.40318,2.88693],[117.4041,2.88555],[117.40513,2.88458],[117.40667,2.88371],[117.40719,2.88342],[117.40773,2.88342],[117.40879,2.88342],[117.41119,2.88422],[117.41134,2.88428],[117.4128,2.88493],[117.41292,2.88499],[117.41293,2.88499],[117.41453,2.88343],[117.41902,2.87907],[117.42101,2.8791]]]]},"properties":{"kdprov":"65","kdkab":"02","kdkec":"050","kddesa":"009","kdsls":"0104","idsls":"65020500090104","nmprov":"KALIMANTAN UTARA","nmkab":"BULUNGAN","nmkec":"TANJUNG SELOR","nmdesa":"TANJUNG SELOR HILIR","nmsls":"RT 104 RW 038"}},{"type":"Feature","geometry":{"type":"MultiPolygon","coordinates":[[[[117.41453,2.88343],[117.41293,2.88499],[117.41302,2.88503],[117.41354,2.88589],[117.41389,2.88692],[117.41412,2.88785],[117.41421,2.88801],[117.41429,2.8886],[117.41476,2.88954],[117.41537,2.89048],[117.41658,2.89332],[117.41692,2.89459],[117.41704,2.89608],[117.41704,2.89724],[117.41692,2.89792],[117.41681,2.8985],[117.41669,2.89925],[117.41641,2.89994],[117.41615,2.90024],[117.41595,2.90066],[117.41549,2.90114],[117.41498,2.90152],[117.41428,2.9021],[117.41388,2.90229],[117.4129,2.90281],[117.41181,2.90342],[117.41115,2.90388],[117.41082,2.90399],[117.40972,2.90476],[117.40904,2.90528],[117.40868,2.90556],[117.40837,2.90647],[117.40826,2.90719],[117.4084,2.90791],[117.4087,2.9086],[117.40898,2.90898],[117.40928,2.9094],[117.40975,2.90965],[117.4103,2.90989],[117.41218,2.90981],[117.41329,2.90962],[117.41353,2.90943],[117.41453,2.90879],[117.41566,2.90818],[117.4171,2.90735],[117.41792,2.90678],[117.41878,2.90595],[117.41882,2.90585],[117.41893,2.90578],[117.4203,2.90463],[117.42136,2.90383],[117.42191,2.90342],[117.42294,2.90284],[117.42409,2.90244],[117.42443,2.90242],[117.42452,2.90231],[117.42456,2.90225],[117.42472,2.90203],[117.4246,2.88726],[117.42462,2.88675],[117.42477,2.88641],[117.42503,2.88584],[117.42506,2.88543],[117.42486,2.88481],[117.42452,2.88443],[117.42399,2.88397],[117.42355,2.88375],[117.42324,2.88357],[117.42274,2.88323],[117.41453,2.88343]]]]},"properties":{"kdprov":"65","kdkab":"02","kdkec":"050","kddesa":"009","kdsls":"0107","idsls":"65020500090107","nmprov":"KALIMANTAN UTARA","nmkab":"BULUNGAN","nmkec":"TANJUNG SELOR","nmdesa":"TANJUNG SELOR HILIR","nmsls":"RT 107 RW 039"}},{"type":"Feature","geometry":{"type":"MultiPolygon","coordinates":[[[[117.36955,2.8502],[117.37066,2.8497],[117.36958,2.84722],[117.3687,2.84521],[117.36754,2.84573],[117.36791,2.84656],[117.36844,2.84773],[117.36955,2.8502]]]]},"properties":{"kdprov":"65","kdkab":"02","kdkec":"050","kddesa":"009","kdsls":"0033","idsls":"65020500090033","nmprov":"KALIMANTAN UTARA","nmkab":"BULUNGAN","nmkec":"TANJUNG SELOR","nmdesa":"TANJUNG SELOR HILIR","nmsls":"RT 033 RW 012"}},{"type":"Feature","geometry":{"type":"MultiPolygon","coordinates":[[[[117.42274,2.88323],[117.42324,2.88357],[117.42355,2.88375],[117.42399,2.88397],[117.42452,2.88443],[117.42486,2.88481],[117.42506,2.88543],[117.42503,2.88584],[117.42477,2.88641],[117.42462,2.88675],[117.4246,2.88726],[117.42472,2.90203],[117.42474,2.90199],[117.42494,2.90173],[117.42495,2.90172],[117.42534,2.90118],[117.42538,2.90113],[117.42558,2.90086],[117.42569,2.90071],[117.4262,2.90002],[117.42688,2.89909],[117.42721,2.89865],[117.42744,2.89833],[117.42881,2.89647],[117.42894,2.89629],[117.42895,2.89627],[117.42945,2.89559],[117.43122,2.89319],[117.43141,2.89294],[117.43258,2.89134],[117.43304,2.89071],[117.435,2.88804],[117.43534,2.88759],[117.4372,2.88506],[117.4377,2.88438],[117.4377,2.88438],[117.4377,2.88438],[117.43725,2.88416],[117.43679,2.88393],[117.43585,2.8829],[117.42957,2.88306],[117.42274,2.88323]]]]},"properties":{"kdprov":"65","kdkab":"02","kdkec":"050","kddesa":"009","kdsls":"0108","idsls":"65020500090108","nmprov":"KALIMANTAN UTARA","nmkab":"BULUNGAN","nmkec":"TANJUNG SELOR","nmdesa":"TANJUNG SELOR HILIR","nmsls":"RT 108 RW 039"}},{"type":"Feature","geometry":{"type":"MultiPolygon","coordinates":[[[[117.39071,2.83919],[117.39071,2.83934],[117.39075,2.83945],[117.39083,2.83956],[117.3907,2.84036],[117.39067,2.8405],[117.39226,2.8403],[117.39228,2.84009],[117.39229,2.83994],[117.3923,2.83987],[117.39234,2.83978],[117.39242,2.83962],[117.393,2.83898],[117.39288,2.83888],[117.39272,2.83859],[117.39269,2.83845],[117.39255,2.83848],[117.39235,2.83853],[117.39216,2.83854],[117.39201,2.83854],[117.39176,2.8385],[117.39148,2.83843],[117.39115,2.83832],[117.39103,2.83827],[117.39087,2.83827],[117.39079,2.8383],[117.39068,2.83836],[117.39057,2.83852],[117.39061,2.83855],[117.39067,2.83864],[117.39069,2.83873],[117.39071,2.83919]]]]},"properties":{"kdprov":"65","kdkab":"02","kdkec":"050","kddesa":"009","kdsls":"0076","idsls":"65020500090076","nmprov":"KALIMANTAN UTARA","nmkab":"BULUNGAN","nmkec":"TANJUNG SELOR","nmdesa":"TANJUNG SELOR HILIR","nmsls":"RT 076 RW 028"}},{"type":"Feature","geometry":{"type":"MultiPolygon","coordinates":[[[[117.41444,2.80087],[117.41446,2.80104],[117.41447,2.80118],[117.41448,2.80267],[117.41473,2.80267],[117.41491,2.8025],[117.41503,2.79886],[117.41482,2.79869],[117.41262,2.79862],[117.4143,2.80036],[117.41438,2.80046],[117.4144,2.80055],[117.41441,2.80072],[117.41444,2.80087]]]]},"properties":{"kdprov":"65","kdkab":"02","kdkec":"050","kddesa":"003","kdsls":"0037","idsls":"65020500030037","nmprov":"KALIMANTAN UTARA","nmkab":"BULUNGAN","nmkec":"TANJUNG SELOR","nmdesa":"JELARAI SELOR","nmsls":"RT 042 RW 008"}},{"type":"Feature","geometry":{"type":"MultiPolygon","coordinates":[[[[117.38148,2.83854],[117.38154,2.83856],[117.38177,2.83868],[117.38194,2.83867],[117.3822,2.83861],[117.3829,2.83834],[117.38352,2.83813],[117.38374,2.83805],[117.38393,2.83793],[117.38404,2.83783],[117.38417,2.83775],[117.38436,2.83768],[117.38467,2.83762],[117.38514,2.83742],[117.38537,2.8373],[117.38551,2.83724],[117.38552,2.83723],[117.3853,2.83628],[117.38506,2.83567],[117.38493,2.83536],[117.38484,2.83503],[117.38466,2.83405],[117.38446,2.83294],[117.38436,2.83261],[117.38416,2.83242],[117.38362,2.83509],[117.38419,2.83601],[117.38447,2.83651],[117.3826,2.83686],[117.38148,2.83854]]]]},"properties":{"kdprov":"65","kdkab":"02","kdkec":"050","kddesa":"009","kdsls":"0040","idsls":"65020500090040","nmprov":"KALIMANTAN UTARA","nmkab":"BULUNGAN","nmkec":"TANJUNG SELOR","nmdesa":"TANJUNG SELOR HILIR","nmsls":"RT 040 RW 014"}},{"type":"Feature","geometry":{"type":"MultiPolygon","coordinates":[[[[117.37449,2.87222],[117.37457,2.87219],[117.37466,2.87227],[117.37515,2.87227],[117.37515,2.87227],[117.37572,2.87231],[117.37613,2.87229],[117.37606,2.8731],[117.37653,2.87307],[117.37655,2.87238],[117.37685,2.87248],[117.37689,2.87166],[117.37664,2.87172],[117.37553,2.87195],[117.37418,2.87146],[117.37402,2.87186],[117.37449,2.87222]]]]},"properties":{"kdprov":"65","kdkab":"02","kdkec":"050","kddesa":"009","kdsls":"0065","idsls":"65020500090065","nmprov":"KALIMANTAN UTARA","nmkab":"BULUNGAN","nmkec":"TANJUNG SELOR","nmdesa":"TANJUNG SELOR HILIR","nmsls":"RT 065 RW 024"}},{"type":"Feature","geometry":{"type":"MultiPolygon","coordinates":[[[[117.36661,2.84487],[117.36651,2.84483],[117.36626,2.84553],[117.36743,2.84578],[117.36754,2.84573],[117.3687,2.84521],[117.37023,2.84453],[117.37086,2.84424],[117.37112,2.84398],[117.37142,2.84354],[117.3734,2.84063],[117.37272,2.84033],[117.37145,2.84226],[117.37079,2.84327],[117.37061,2.84354],[117.37057,2.84361],[117.37051,2.84364],[117.36956,2.84405],[117.36884,2.84436],[117.36864,2.84445],[117.36848,2.84452],[117.36832,2.84459],[117.36788,2.84478],[117.36748,2.84496],[117.36731,2.84503],[117.36722,2.84504],[117.36711,2.84503],[117.36707,2.84502],[117.36661,2.84487]]]]},"properties":{"kdprov":"65","kdkab":"02","kdkec":"050","kddesa":"009","kdsls":"0011","idsls":"65020500090011","nmprov":"KALIMANTAN UTARA","nmkab":"BULUNGAN","nmkec":"TANJUNG SELOR","nmdesa":"TANJUNG SELOR HILIR","nmsls":"RT 011 RW 004"}},{"type":"Feature","geometry":{"type":"MultiPolygon","coordinates":[[[[117.38413,2.8324],[117.384,2.83233],[117.38276,2.8344],[117.3825,2.83484],[117.38247,2.8349],[117.38218,2.83531],[117.38197,2.83565],[117.38186,2.83594],[117.38162,2.83684],[117.38159,2.83697],[117.38158,2.83714],[117.38158,2.83732],[117.38154,2.83772],[117.38152,2.83786],[117.38147,2.83798],[117.38139,2.83814],[117.38117,2.83847],[117.38118,2.83847],[117.38123,2.83847],[117.38137,2.83848],[117.38148,2.83854],[117.3826,2.83686],[117.38447,2.83651],[117.38419,2.83601],[117.38362,2.83509],[117.38416,2.83242],[117.38413,2.8324]]]]},"properties":{"kdprov":"65","kdkab":"02","kdkec":"050","kddesa":"009","kdsls":"0039","idsls":"65020500090039","nmprov":"KALIMANTAN UTARA","nmkab":"BULUNGAN","nmkec":"TANJUNG SELOR","nmdesa":"TANJUNG SELOR HILIR","nmsls":"RT 039 RW 014"}},{"type":"Feature","geometry":{"type":"MultiPolygon","coordinates":[[[[117.38229,2.83126],[117.38223,2.83126],[117.38188,2.83137],[117.38168,2.83155],[117.38156,2.83172],[117.38153,2.83196],[117.38159,2.83217],[117.38164,2.83246],[117.38127,2.83357],[117.38196,2.83395],[117.38173,2.83442],[117.3825,2.83484],[117.38276,2.8344],[117.384,2.83233],[117.38318,2.83185],[117.38229,2.83126]]]]},"properties":{"kdprov":"65","kdkab":"02","kdkec":"050","kddesa":"009","kdsls":"0044","idsls":"65020500090044","nmprov":"KALIMANTAN UTARA","nmkab":"BULUNGAN","nmkec":"TANJUNG SELOR","nmdesa":"TANJUNG SELOR HILIR","nmsls":"RT 044 RW 016"}},{"type":"Feature","geometry":{"type":"MultiPolygon","coordinates":[[[[117.41166,2.80227],[117.40736,2.80206],[117.40735,2.80235],[117.40732,2.80303],[117.41175,2.80319],[117.41164,2.80239],[117.41166,2.80227]]]]},"properties":{"kdprov":"65","kdkab":"02","kdkec":"050","kddesa":"003","kdsls":"0035","idsls":"65020500030035","nmprov":"KALIMANTAN UTARA","nmkab":"BULUNGAN","nmkec":"TANJUNG SELOR","nmdesa":"JELARAI SELOR","nmsls":"RT 022 RW 008"}},{"type":"Feature","geometry":{"type":"MultiPolygon","coordinates":[[[[117.36651,2.84483],[117.3665,2.84482],[117.36646,2.84479],[117.36645,2.84475],[117.36645,2.8447],[117.36681,2.84396],[117.36681,2.84393],[117.36689,2.8439],[117.36726,2.8432],[117.3671,2.84311],[117.36709,2.84309],[117.3669,2.84276],[117.36613,2.84314],[117.36517,2.84359],[117.36443,2.84386],[117.36447,2.84396],[117.36477,2.84473],[117.36622,2.84552],[117.36626,2.84553],[117.36651,2.84483]]]]},"properties":{"kdprov":"65","kdkab":"02","kdkec":"050","kddesa":"009","kdsls":"0006","idsls":"65020500090006","nmprov":"KALIMANTAN UTARA","nmkab":"BULUNGAN","nmkec":"TANJUNG SELOR","nmdesa":"TANJUNG SELOR HILIR","nmsls":"RT 006 RW 003"}},{"type":"Feature","geometry":{"type":"MultiPolygon","coordinates":[[[[117.36665,2.84202],[117.36548,2.84271],[117.3649,2.84288],[117.36471,2.84295],[117.36422,2.84296],[117.36421,2.84296],[117.36428,2.8435],[117.36443,2.84386],[117.36517,2.84359],[117.36613,2.84314],[117.3669,2.84276],[117.36689,2.84275],[117.36666,2.84235],[117.36666,2.84234],[117.36665,2.84202]]]]},"properties":{"kdprov":"65","kdkab":"02","kdkec":"050","kddesa":"009","kdsls":"0008","idsls":"65020500090008","nmprov":"KALIMANTAN UTARA","nmkab":"BULUNGAN","nmkec":"TANJUNG SELOR","nmdesa":"TANJUNG SELOR HILIR","nmsls":"RT 008 RW 003"}},{"type":"Feature","geometry":{"type":"MultiPolygon","coordinates":[[[[117.38018,2.86263],[117.38003,2.86268],[117.37766,2.87154],[117.37689,2.87166],[117.37685,2.87248],[117.37706,2.87262],[117.37769,2.87274],[117.378,2.87265],[117.38042,2.87242],[117.38265,2.87214],[117.38373,2.87171],[117.38198,2.86312],[117.38176,2.86204],[117.38095,2.86234],[117.38018,2.86263]]]]},"properties":{"kdprov":"65","kdkab":"02","kdkec":"050","kddesa":"009","kdsls":"0066","idsls":"65020500090066","nmprov":"KALIMANTAN UTARA","nmkab":"BULUNGAN","nmkec":"TANJUNG SELOR","nmdesa":"TANJUNG SELOR HILIR","nmsls":"RT 066 RW 024"}},{"type":"Feature","geometry":{"type":"MultiPolygon","coordinates":[[[[117.36832,2.84459],[117.36819,2.84428],[117.36821,2.84363],[117.36846,2.84362],[117.36838,2.8433],[117.36815,2.84333],[117.36762,2.84339],[117.36749,2.84332],[117.36721,2.84438],[117.36715,2.84475],[117.36707,2.84502],[117.36711,2.84503],[117.36722,2.84504],[117.36731,2.84503],[117.36748,2.84496],[117.36788,2.84478],[117.36832,2.84459]]]]},"properties":{"kdprov":"65","kdkab":"02","kdkec":"050","kddesa":"009","kdsls":"0009","idsls":"65020500090009","nmprov":"KALIMANTAN UTARA","nmkab":"BULUNGAN","nmkec":"TANJUNG SELOR","nmdesa":"TANJUNG SELOR HILIR","nmsls":"RT 009 RW 004"}},{"type":"Feature","geometry":{"type":"MultiPolygon","coordinates":[[[[117.37039,2.85209],[117.36955,2.8502],[117.36772,2.85103],[117.36856,2.85293],[117.37039,2.85209]]]]},"properties":{"kdprov":"65","kdkab":"02","kdkec":"050","kddesa":"009","kdsls":"0032","idsls":"65020500090032","nmprov":"KALIMANTAN UTARA","nmkab":"BULUNGAN","nmkec":"TANJUNG SELOR","nmdesa":"TANJUNG SELOR HILIR","nmsls":"RT 032 RW 011"}},{"type":"Feature","geometry":{"type":"MultiPolygon","coordinates":[[[[117.36884,2.84436],[117.36956,2.84405],[117.3692,2.84309],[117.36866,2.84327],[117.3685,2.84329],[117.36838,2.8433],[117.36846,2.84362],[117.36821,2.84363],[117.36819,2.84428],[117.36832,2.84459],[117.36848,2.84452],[117.36864,2.84445],[117.36884,2.84436]]]]},"properties":{"kdprov":"65","kdkab":"02","kdkec":"050","kddesa":"009","kdsls":"0010","idsls":"65020500090010","nmprov":"KALIMANTAN UTARA","nmkab":"BULUNGAN","nmkec":"TANJUNG SELOR","nmdesa":"TANJUNG SELOR HILIR","nmsls":"RT 010 RW 004"}},{"type":"Feature","geometry":{"type":"MultiPolygon","coordinates":[[[[117.36956,2.84405],[117.37051,2.84364],[117.37057,2.84361],[117.37061,2.84354],[117.37079,2.84327],[117.37022,2.84241],[117.36986,2.84287],[117.36969,2.84292],[117.36959,2.84296],[117.3692,2.84309],[117.36956,2.84405]]]]},"properties":{"kdprov":"65","kdkab":"02","kdkec":"050","kddesa":"009","kdsls":"0013","idsls":"65020500090013","nmprov":"KALIMANTAN UTARA","nmkab":"BULUNGAN","nmkec":"TANJUNG SELOR","nmdesa":"TANJUNG SELOR HILIR","nmsls":"RT 013 RW 005"}},{"type":"Feature","geometry":{"type":"MultiPolygon","coordinates":[[[[117.37109,2.84655],[117.37162,2.8478],[117.3739,2.8468],[117.37356,2.84605],[117.37308,2.84496],[117.37272,2.84442],[117.37142,2.84354],[117.37112,2.84398],[117.37086,2.84424],[117.37023,2.84453],[117.37109,2.84655]]]]},"properties":{"kdprov":"65","kdkab":"02","kdkec":"050","kddesa":"009","kdsls":"0098","idsls":"65020500090098","nmprov":"KALIMANTAN UTARA","nmkab":"BULUNGAN","nmkec":"TANJUNG SELOR","nmdesa":"TANJUNG SELOR HILIR","nmsls":"RT 098 RW 036"}},{"type":"Feature","geometry":{"type":"MultiPolygon","coordinates":[[[[117.4143,2.80036],[117.41262,2.79862],[117.4123,2.79861],[117.41224,2.80149],[117.41254,2.80229],[117.41331,2.8027],[117.41448,2.80267],[117.41447,2.80118],[117.41446,2.80104],[117.41444,2.80087],[117.41441,2.80072],[117.4144,2.80055],[117.41438,2.80046],[117.4143,2.80036]]]]},"properties":{"kdprov":"65","kdkab":"02","kdkec":"050","kddesa":"003","kdsls":"0037","idsls":"65020500030037","nmprov":"KALIMANTAN UTARA","nmkab":"BULUNGAN","nmkec":"TANJUNG SELOR","nmdesa":"JELARAI SELOR","nmsls":"RT 042 RW 008"}},{"type":"Feature","geometry":{"type":"MultiPolygon","coordinates":[[[[117.41552,2.80317],[117.41572,2.80321],[117.41592,2.80323],[117.41617,2.80322],[117.41656,2.80315],[117.41691,2.80304],[117.41712,2.80296],[117.41745,2.80279],[117.41768,2.80258],[117.41787,2.80238],[117.41802,2.80219],[117.41817,2.80211],[117.41842,2.80211],[117.41872,2.80218],[117.41908,2.8023],[117.41955,2.80251],[117.41995,2.8029],[117.42005,2.80334],[117.41995,2.8037],[117.41982,2.80389],[117.41961,2.804],[117.41932,2.80407],[117.41899,2.80415],[117.41858,2.80444],[117.41801,2.80491],[117.41774,2.80512],[117.41724,2.80571],[117.41698,2.80607],[117.41667,2.80656],[117.41641,2.80711],[117.41622,2.80732],[117.41592,2.80743],[117.41566,2.80741],[117.41536,2.80732],[117.41503,2.80735],[117.41469,2.80758],[117.41443,2.80789],[117.41511,2.80781],[117.41595,2.80807],[117.41653,2.80792],[117.41704,2.80646],[117.41764,2.80582],[117.42005,2.80438],[117.4261,2.80197],[117.42612,2.80184],[117.42619,2.80151],[117.42632,2.80113],[117.42638,2.80085],[117.42631,2.80065],[117.42608,2.80025],[117.42527,2.79938],[117.42519,2.79909],[117.42521,2.79878],[117.42517,2.79849],[117.42495,2.798],[117.42452,2.79749],[117.42434,2.79729],[117.42402,2.7972],[117.42402,2.7971],[117.42412,2.79693],[117.42426,2.79671],[117.42438,2.79655],[117.42456,2.79589],[117.42467,2.79551],[117.42478,2.79527],[117.42497,2.79505],[117.42531,2.7949],[117.4124,2.79435],[117.4123,2.79861],[117.41262,2.79862],[117.41482,2.79869],[117.41503,2.79886],[117.41491,2.8025],[117.41473,2.80267],[117.41448,2.80267],[117.41331,2.8027],[117.41254,2.80229],[117.41255,2.80229],[117.41166,2.80227],[117.41166,2.80227],[117.41164,2.80239],[117.41175,2.80319],[117.41175,2.8032],[117.41179,2.80327],[117.41184,2.80336],[117.41189,2.80345],[117.41199,2.8036],[117.41216,2.8039],[117.41226,2.80378],[117.41238,2.80366],[117.41256,2.80353],[117.41278,2.8034],[117.41307,2.80331],[117.41338,2.80325],[117.41385,2.80321],[117.41463,2.80314],[117.41496,2.80311],[117.41516,2.80311],[117.41535,2.80313],[117.41552,2.80317]]]]},"properties":{"kdprov":"65","kdkab":"02","kdkec":"050","kddesa":"003","kdsls":"0009","idsls":"65020500030009","nmprov":"KALIMANTAN UTARA","nmkab":"BULUNGAN","nmkec":"TANJUNG SELOR","nmdesa":"JELARAI SELOR","nmsls":"RT 014 RW 002"}},{"type":"Feature","geometry":{"type":"MultiPolygon","coordinates":[[[[117.39049,2.84151],[117.39051,2.84169],[117.39072,2.84192],[117.39081,2.8424],[117.39083,2.84275],[117.39074,2.84309],[117.39058,2.84393],[117.39055,2.8441],[117.39289,2.84409],[117.39555,2.84113],[117.39555,2.84089],[117.39323,2.83919],[117.393,2.83898],[117.39242,2.83962],[117.39234,2.83978],[117.3923,2.83987],[117.39229,2.83994],[117.39228,2.84009],[117.39226,2.8403],[117.39067,2.8405],[117.39065,2.84062],[117.39058,2.84106],[117.39049,2.84151]]]]},"properties":{"kdprov":"65","kdkab":"02","kdkec":"050","kddesa":"009","kdsls":"0075","idsls":"65020500090075","nmprov":"KALIMANTAN UTARA","nmkab":"BULUNGAN","nmkec":"TANJUNG SELOR","nmdesa":"TANJUNG SELOR HILIR","nmsls":"RT 075 RW 028"}},{"type":"Feature","geometry":{"type":"MultiPolygon","coordinates":[[[[117.41216,2.8039],[117.41199,2.8036],[117.41189,2.80345],[117.41184,2.80336],[117.41179,2.80327],[117.41175,2.8032],[117.41175,2.80319],[117.40732,2.80303],[117.40729,2.80403],[117.40729,2.80403],[117.412,2.80419],[117.41203,2.80412],[117.41208,2.80404],[117.41216,2.8039]]]]},"properties":{"kdprov":"65","kdkab":"02","kdkec":"050","kddesa":"003","kdsls":"0034","idsls":"65020500030034","nmprov":"KALIMANTAN UTARA","nmkab":"BULUNGAN","nmkec":"TANJUNG SELOR","nmdesa":"JELARAI SELOR","nmsls":"RT 021 RW 008"}},{"type":"Feature","geometry":{"type":"MultiPolygon","coordinates":[[[[117.40503,2.84668],[117.40466,2.84598],[117.40421,2.8453],[117.4031,2.84467],[117.40248,2.84439],[117.40162,2.84559],[117.40154,2.84564],[117.40145,2.84566],[117.40136,2.84569],[117.40125,2.84587],[117.40119,2.84609],[117.40121,2.84685],[117.403,2.84819],[117.40354,2.84861],[117.40363,2.84874],[117.4038,2.84948],[117.40388,2.84944],[117.40408,2.84935],[117.40435,2.84929],[117.40445,2.84923],[117.40456,2.84916],[117.40463,2.8491],[117.40471,2.84906],[117.40479,2.84904],[117.40484,2.84903],[117.40495,2.84898],[117.40514,2.84891],[117.40521,2.84884],[117.40526,2.84876],[117.40534,2.84868],[117.40548,2.84858],[117.40548,2.84855],[117.40548,2.84855],[117.40533,2.84779],[117.40503,2.84668]]]]},"properties":{"kdprov":"65","kdkab":"02","kdkec":"050","kddesa":"009","kdsls":"0079","idsls":"65020500090079","nmprov":"KALIMANTAN UTARA","nmkab":"BULUNGAN","nmkec":"TANJUNG SELOR","nmdesa":"TANJUNG SELOR HILIR","nmsls":"RT 079 RW 029"}},{"type":"Feature","geometry":{"type":"MultiPolygon","coordinates":[[[[117.37953,2.84422],[117.37953,2.84417],[117.37952,2.84406],[117.3794,2.84367],[117.37937,2.84354],[117.37937,2.84344],[117.37938,2.84329],[117.37935,2.84307],[117.37926,2.84284],[117.37922,2.84267],[117.37922,2.84256],[117.37922,2.84246],[117.37929,2.84228],[117.3796,2.84163],[117.37962,2.84151],[117.37962,2.84142],[117.37953,2.84106],[117.37947,2.84088],[117.3793,2.84077],[117.37923,2.84072],[117.37892,2.84052],[117.37891,2.84008],[117.37891,2.83987],[117.37902,2.83962],[117.37906,2.83956],[117.37904,2.83958],[117.37886,2.83967],[117.37865,2.83979],[117.37856,2.83988],[117.37844,2.84003],[117.37781,2.84014],[117.37694,2.8403],[117.37096,2.82869],[117.3707,2.82914],[117.37046,2.83059],[117.37052,2.83181],[117.37092,2.83576],[117.37096,2.83641],[117.37096,2.83642],[117.37281,2.83637],[117.373,2.83696],[117.37272,2.83712],[117.37341,2.83865],[117.37277,2.83894],[117.373,2.8394],[117.37365,2.83906],[117.37387,2.83964],[117.37389,2.83979],[117.37384,2.83997],[117.37368,2.84027],[117.3734,2.84063],[117.37463,2.84151],[117.37469,2.84156],[117.37482,2.84163],[117.37497,2.84178],[117.37507,2.84196],[117.3752,2.84215],[117.37587,2.8431],[117.37713,2.84411],[117.37744,2.84436],[117.37769,2.84457],[117.3779,2.8447],[117.37854,2.84484],[117.37854,2.84484],[117.37878,2.8448],[117.37896,2.84471],[117.37941,2.8444],[117.37951,2.84428],[117.37953,2.84422]]]]},"properties":{"kdprov":"65","kdkab":"02","kdkec":"050","kddesa":"009","kdsls":"5003","idsls":"65020500095003","nmprov":"KALIMANTAN UTARA","nmkab":"BULUNGAN","nmkec":"TANJUNG SELOR","nmdesa":"TANJUNG SELOR HILIR","nmsls":"LANDASAN PESAWAT"}},{"type":"Feature","geometry":{"type":"MultiPolygon","coordinates":[[[[117.37443,2.85442],[117.37437,2.85412],[117.37436,2.85409],[117.37411,2.85415],[117.37411,2.85419],[117.37416,2.85448],[117.37443,2.85442]]]]},"properties":{"kdprov":"65","kdkab":"02","kdkec":"050","kddesa":"009","kdsls":"0052","idsls":"65020500090052","nmprov":"KALIMANTAN UTARA","nmkab":"BULUNGAN","nmkec":"TANJUNG SELOR","nmdesa":"TANJUNG SELOR HILIR","nmsls":"RT 052 RW 020"}},{"type":"Feature","geometry":{"type":"MultiPolygon","coordinates":[[[[117.36208,2.84448],[117.36294,2.84432],[117.36275,2.84302],[117.36134,2.84309],[117.36135,2.84445],[117.36136,2.84453],[117.36208,2.84448]]]]},"properties":{"kdprov":"65","kdkab":"02","kdkec":"050","kddesa":"009","kdsls":"0020","idsls":"65020500090020","nmprov":"KALIMANTAN UTARA","nmkab":"BULUNGAN","nmkec":"TANJUNG SELOR","nmdesa":"TANJUNG SELOR HILIR","nmsls":"RT 020 RW 008"}},{"type":"Feature","geometry":{"type":"MultiPolygon","coordinates":[[[[117.36661,2.84852],[117.3661,2.84736],[117.36363,2.84844],[117.36366,2.84858],[117.36378,2.84929],[117.36382,2.84951],[117.36386,2.84971],[117.36531,2.84908],[117.36661,2.84852]]]]},"properties":{"kdprov":"65","kdkab":"02","kdkec":"050","kddesa":"009","kdsls":"0026","idsls":"65020500090026","nmprov":"KALIMANTAN UTARA","nmkab":"BULUNGAN","nmkec":"TANJUNG SELOR","nmdesa":"TANJUNG SELOR HILIR","nmsls":"RT 026 RW 010"}},{"type":"Feature","geometry":{"type":"MultiPolygon","coordinates":[[[[117.36772,2.85103],[117.36955,2.8502],[117.36844,2.84773],[117.36661,2.84852],[117.36726,2.84997],[117.36772,2.85103]]]]},"properties":{"kdprov":"65","kdkab":"02","kdkec":"050","kddesa":"009","kdsls":"0030","idsls":"65020500090030","nmprov":"KALIMANTAN UTARA","nmkab":"BULUNGAN","nmkec":"TANJUNG SELOR","nmdesa":"TANJUNG SELOR HILIR","nmsls":"RT 030 RW 011"}},{"type":"Feature","geometry":{"type":"MultiPolygon","coordinates":[[[[117.36378,2.84929],[117.36366,2.84858],[117.36363,2.84844],[117.36354,2.84794],[117.36202,2.84817],[117.36233,2.84945],[117.36241,2.84988],[117.36382,2.84951],[117.36378,2.84929]]]]},"properties":{"kdprov":"65","kdkab":"02","kdkec":"050","kddesa":"009","kdsls":"0024","idsls":"65020500090024","nmprov":"KALIMANTAN UTARA","nmkab":"BULUNGAN","nmkec":"TANJUNG SELOR","nmdesa":"TANJUNG SELOR HILIR","nmsls":"RT 024 RW 009"}},{"type":"Feature","geometry":{"type":"MultiPolygon","coordinates":[[[[117.50053,2.78002],[117.5003,2.7763],[117.4983,2.77638],[117.49822,2.77638],[117.4985,2.78012],[117.50052,2.78002],[117.50053,2.78002]]]]},"properties":{"kdprov":"65","kdkab":"02","kdkec":"050","kddesa":"006","kdsls":"0007","idsls":"65020500060007","nmprov":"KALIMANTAN UTARA","nmkab":"BULUNGAN","nmkec":"TANJUNG SELOR","nmdesa":"APUNG","nmsls":"RT 007 RW 002"}},{"type":"Feature","geometry":{"type":"MultiPolygon","coordinates":[[[[117.36045,2.84314],[117.36046,2.84314],[117.3605,2.84355],[117.36058,2.84398],[117.3607,2.84441],[117.3607,2.84441],[117.36075,2.84457],[117.36075,2.84459],[117.36086,2.84515],[117.36102,2.84584],[117.36113,2.84628],[117.36113,2.8463],[117.36123,2.84646],[117.36144,2.84754],[117.36157,2.84823],[117.36159,2.84832],[117.3616,2.84832],[117.36162,2.84845],[117.36178,2.84937],[117.36186,2.85002],[117.36186,2.85003],[117.36194,2.85093],[117.36202,2.85138],[117.36208,2.85162],[117.36214,2.85182],[117.36214,2.85182],[117.36226,2.85207],[117.36234,2.85247],[117.36248,2.8532],[117.36254,2.85356],[117.36257,2.85376],[117.36257,2.85406],[117.36272,2.85474],[117.36291,2.85537],[117.36303,2.85598],[117.36306,2.85597],[117.36307,2.85603],[117.3636,2.85592],[117.3632,2.85383],[117.36312,2.85345],[117.36278,2.85171],[117.36273,2.85149],[117.36241,2.84988],[117.36233,2.84945],[117.36202,2.84817],[117.36168,2.84675],[117.3616,2.84619],[117.36136,2.84453],[117.36135,2.84445],[117.36134,2.84309],[117.36045,2.84313],[117.36045,2.84314]]]]},"properties":{"kdprov":"65","kdkab":"02","kdkec":"050","kddesa":"009","kdsls":"5004","idsls":"65020500095004","nmprov":"KALIMANTAN UTARA","nmkab":"BULUNGAN","nmkec":"TANJUNG SELOR","nmdesa":"TANJUNG SELOR HILIR","nmsls":"TAMAN TEPIAN KAYAN"}},{"type":"Feature","geometry":{"type":"MultiPolygon","coordinates":[[[[117.36443,2.85319],[117.36458,2.85386],[117.36458,2.85386],[117.36513,2.85373],[117.36517,2.85372],[117.3652,2.85372],[117.36522,2.85373],[117.36525,2.85375],[117.36527,2.85377],[117.36533,2.85417],[117.36603,2.85403],[117.36586,2.85333],[117.36658,2.85313],[117.36646,2.85263],[117.36601,2.85276],[117.36439,2.85301],[117.36443,2.85319]]]]},"properties":{"kdprov":"65","kdkab":"02","kdkec":"050","kddesa":"009","kdsls":"0083","idsls":"65020500090083","nmprov":"KALIMANTAN UTARA","nmkab":"BULUNGAN","nmkec":"TANJUNG SELOR","nmdesa":"TANJUNG SELOR HILIR","nmsls":"RT 083 RW 031"}},{"type":"Feature","geometry":{"type":"MultiPolygon","coordinates":[[[[117.36458,2.85386],[117.36443,2.85319],[117.36312,2.85345],[117.3632,2.85383],[117.3636,2.85592],[117.36502,2.85563],[117.36487,2.85505],[117.36471,2.85446],[117.36458,2.85386]]]]},"properties":{"kdprov":"65","kdkab":"02","kdkec":"050","kddesa":"009","kdsls":"0048","idsls":"65020500090048","nmprov":"KALIMANTAN UTARA","nmkab":"BULUNGAN","nmkec":"TANJUNG SELOR","nmdesa":"TANJUNG SELOR HILIR","nmsls":"RT 048 RW 018"}},{"type":"Feature","geometry":{"type":"MultiPolygon","coordinates":[[[[117.36395,2.85094],[117.36396,2.85103],[117.364,2.85124],[117.36424,2.8523],[117.36427,2.85245],[117.36469,2.85233],[117.36488,2.85219],[117.36567,2.85208],[117.36602,2.85171],[117.36631,2.85182],[117.36664,2.85189],[117.36653,2.85161],[117.36646,2.85154],[117.36639,2.85153],[117.36627,2.85153],[117.36611,2.85151],[117.36601,2.85149],[117.36596,2.85143],[117.36591,2.85105],[117.36578,2.85063],[117.36395,2.85094]]]]},"properties":{"kdprov":"65","kdkab":"02","kdkec":"050","kddesa":"009","kdsls":"0081","idsls":"65020500090081","nmprov":"KALIMANTAN UTARA","nmkab":"BULUNGAN","nmkec":"TANJUNG SELOR","nmdesa":"TANJUNG SELOR HILIR","nmsls":"RT 081 RW 030"}},{"type":"Feature","geometry":{"type":"MultiPolygon","coordinates":[[[[117.36562,2.85006],[117.36545,2.84968],[117.36542,2.84963],[117.36498,2.84991],[117.36498,2.85003],[117.36501,2.85023],[117.36391,2.85037],[117.36393,2.85068],[117.36395,2.85094],[117.36578,2.85063],[117.36562,2.85006],[117.36562,2.85006]]]]},"properties":{"kdprov":"65","kdkab":"02","kdkec":"050","kddesa":"009","kdsls":"0087","idsls":"65020500090087","nmprov":"KALIMANTAN UTARA","nmkab":"BULUNGAN","nmkec":"TANJUNG SELOR","nmdesa":"TANJUNG SELOR HILIR","nmsls":"RT 087 RW 032"}},{"type":"Feature","geometry":{"type":"MultiPolygon","coordinates":[[[[117.36646,2.85263],[117.36658,2.85313],[117.36586,2.85333],[117.36603,2.85403],[117.36533,2.85417],[117.36527,2.85377],[117.36525,2.85375],[117.36522,2.85373],[117.3652,2.85372],[117.36517,2.85372],[117.36513,2.85373],[117.36458,2.85386],[117.36458,2.85386],[117.36471,2.85446],[117.36487,2.85505],[117.36621,2.85474],[117.36618,2.85462],[117.36726,2.85438],[117.3672,2.85407],[117.36679,2.85254],[117.36646,2.85263]]]]},"properties":{"kdprov":"65","kdkab":"02","kdkec":"050","kddesa":"009","kdsls":"0084","idsls":"65020500090084","nmprov":"KALIMANTAN UTARA","nmkab":"BULUNGAN","nmkec":"TANJUNG SELOR","nmdesa":"TANJUNG SELOR HILIR","nmsls":"RT 084 RW 031"}},{"type":"Feature","geometry":{"type":"MultiPolygon","coordinates":[[[[117.36439,2.85301],[117.36601,2.85276],[117.36646,2.85263],[117.36679,2.85254],[117.36688,2.85252],[117.36664,2.85189],[117.36631,2.85182],[117.36602,2.85171],[117.36567,2.85208],[117.36488,2.85219],[117.36469,2.85233],[117.36427,2.85245],[117.36439,2.85301]]]]},"properties":{"kdprov":"65","kdkab":"02","kdkec":"050","kddesa":"009","kdsls":"0082","idsls":"65020500090082","nmprov":"KALIMANTAN UTARA","nmkab":"BULUNGAN","nmkec":"TANJUNG SELOR","nmdesa":"TANJUNG SELOR HILIR","nmsls":"RT 082 RW 030"}},{"type":"Feature","geometry":{"type":"MultiPolygon","coordinates":[[[[117.36661,2.84852],[117.36531,2.84908],[117.36543,2.84945],[117.3654,2.84958],[117.36542,2.84963],[117.36545,2.84968],[117.36562,2.85006],[117.36634,2.84982],[117.36641,2.85006],[117.36659,2.85001],[117.36665,2.85018],[117.36726,2.84997],[117.36661,2.84852]]]]},"properties":{"kdprov":"65","kdkab":"02","kdkec":"050","kddesa":"009","kdsls":"0089","idsls":"65020500090089","nmprov":"KALIMANTAN UTARA","nmkab":"BULUNGAN","nmkec":"TANJUNG SELOR","nmdesa":"TANJUNG SELOR HILIR","nmsls":"RT 089 RW 033"}},{"type":"Feature","geometry":{"type":"MultiPolygon","coordinates":[[[[117.36667,2.85026],[117.36666,2.85021],[117.36665,2.85018],[117.36659,2.85001],[117.36641,2.85006],[117.36634,2.84982],[117.36562,2.85006],[117.36562,2.85006],[117.36578,2.85063],[117.36591,2.85105],[117.36596,2.85143],[117.36601,2.85149],[117.36611,2.85151],[117.36627,2.85153],[117.36639,2.85153],[117.36646,2.85154],[117.36653,2.85161],[117.36664,2.85189],[117.36688,2.85252],[117.36707,2.85246],[117.36755,2.85233],[117.36669,2.8503],[117.36667,2.85026]]]]},"properties":{"kdprov":"65","kdkab":"02","kdkec":"050","kddesa":"009","kdsls":"0090","idsls":"65020500090090","nmprov":"KALIMANTAN UTARA","nmkab":"BULUNGAN","nmkec":"TANJUNG SELOR","nmdesa":"TANJUNG SELOR HILIR","nmsls":"RT 090 RW 033"}},{"type":"Feature","geometry":{"type":"MultiPolygon","coordinates":[[[[117.36721,2.85711],[117.36701,2.85626],[117.36633,2.85637],[117.36504,2.85653],[117.36363,2.85664],[117.3637,2.85843],[117.36655,2.85802],[117.36728,2.85791],[117.36743,2.85789],[117.36737,2.85776],[117.36721,2.85711]]]]},"properties":{"kdprov":"65","kdkab":"02","kdkec":"050","kddesa":"009","kdsls":"0057","idsls":"65020500090057","nmprov":"KALIMANTAN UTARA","nmkab":"BULUNGAN","nmkec":"TANJUNG SELOR","nmdesa":"TANJUNG SELOR HILIR","nmsls":"RT 057 RW 021"}},{"type":"Feature","geometry":{"type":"MultiPolygon","coordinates":[[[[117.37689,2.87166],[117.37766,2.87154],[117.38003,2.86268],[117.3794,2.86293],[117.37549,2.86802],[117.37549,2.86803],[117.37604,2.86835],[117.37636,2.86905],[117.37674,2.86803],[117.37684,2.86784],[117.37681,2.86899],[117.3768,2.86947],[117.37661,2.87143],[117.37664,2.87172],[117.37689,2.87166]]]]},"properties":{"kdprov":"65","kdkab":"02","kdkec":"050","kddesa":"009","kdsls":"0065","idsls":"65020500090065","nmprov":"KALIMANTAN UTARA","nmkab":"BULUNGAN","nmkec":"TANJUNG SELOR","nmdesa":"TANJUNG SELOR HILIR","nmsls":"RT 065 RW 024"}},{"type":"Feature","geometry":{"type":"MultiPolygon","coordinates":[[[[117.37333,2.85878],[117.37357,2.85946],[117.37371,2.85988],[117.37618,2.858],[117.37471,2.8557],[117.37463,2.85574],[117.37343,2.85606],[117.37245,2.8562],[117.37253,2.85631],[117.37264,2.85663],[117.37296,2.85757],[117.37333,2.85878]]]]},"properties":{"kdprov":"65","kdkab":"02","kdkec":"050","kddesa":"009","kdsls":"0052","idsls":"65020500090052","nmprov":"KALIMANTAN UTARA","nmkab":"BULUNGAN","nmkec":"TANJUNG SELOR","nmdesa":"TANJUNG SELOR HILIR","nmsls":"RT 052 RW 020"}},{"type":"Feature","geometry":{"type":"MultiPolygon","coordinates":[[[[117.37405,2.86091],[117.37415,2.86143],[117.37422,2.86192],[117.37407,2.86282],[117.37556,2.86224],[117.37556,2.86225],[117.37745,2.86154],[117.37901,2.86092],[117.37875,2.86038],[117.3778,2.85879],[117.37735,2.85815],[117.37684,2.85753],[117.37618,2.858],[117.37371,2.85988],[117.37405,2.86091]]]]},"properties":{"kdprov":"65","kdkab":"02","kdkec":"050","kddesa":"009","kdsls":"0052","idsls":"65020500090052","nmprov":"KALIMANTAN UTARA","nmkab":"BULUNGAN","nmkec":"TANJUNG SELOR","nmdesa":"TANJUNG SELOR HILIR","nmsls":"RT 052 RW 020"}},{"type":"Feature","geometry":{"type":"MultiPolygon","coordinates":[[[[117.36703,2.83889],[117.367,2.83889],[117.36481,2.83877],[117.36481,2.83875],[117.36476,2.83875],[117.36457,2.84013],[117.36528,2.84013],[117.36531,2.84013],[117.3654,2.83979],[117.36696,2.83987],[117.36703,2.83891],[117.36703,2.83889]]]]},"properties":{"kdprov":"65","kdkab":"02","kdkec":"050","kddesa":"009","kdsls":"0001","idsls":"65020500090001","nmprov":"KALIMANTAN UTARA","nmkab":"BULUNGAN","nmkec":"TANJUNG SELOR","nmdesa":"TANJUNG SELOR HILIR","nmsls":"RT 001 RW 001"}},{"type":"Feature","geometry":{"type":"MultiPolygon","coordinates":[[[[117.36421,2.84296],[117.36275,2.84302],[117.36294,2.84432],[117.36297,2.84458],[117.36447,2.84396],[117.36443,2.84386],[117.36428,2.8435],[117.36421,2.84296]]]]},"properties":{"kdprov":"65","kdkab":"02","kdkec":"050","kddesa":"009","kdsls":"0021","idsls":"65020500090021","nmprov":"KALIMANTAN UTARA","nmkab":"BULUNGAN","nmkec":"TANJUNG SELOR","nmdesa":"TANJUNG SELOR HILIR","nmsls":"RT 021 RW 008"}},{"type":"Feature","geometry":{"type":"MultiPolygon","coordinates":[[[[117.3661,2.84736],[117.36707,2.84693],[117.36685,2.84646],[117.36679,2.84636],[117.36672,2.84631],[117.36665,2.84628],[117.36311,2.84553],[117.36317,2.84589],[117.36354,2.84794],[117.36363,2.84844],[117.3661,2.84736]]]]},"properties":{"kdprov":"65","kdkab":"02","kdkec":"050","kddesa":"009","kdsls":"0028","idsls":"65020500090028","nmprov":"KALIMANTAN UTARA","nmkab":"BULUNGAN","nmkec":"TANJUNG SELOR","nmdesa":"TANJUNG SELOR HILIR","nmsls":"RT 028 RW 010"}},{"type":"Feature","geometry":{"type":"MultiPolygon","coordinates":[[[[117.36476,2.83875],[117.36474,2.83874],[117.36429,2.83869],[117.36367,2.83862],[117.36326,2.83858],[117.36321,2.83858],[117.36321,2.83858],[117.36321,2.83859],[117.36321,2.83859],[117.36307,2.83958],[117.36306,2.83966],[117.36299,2.84019],[117.36298,2.84031],[117.36451,2.84057],[117.36457,2.84013],[117.36476,2.83875]]]]},"properties":{"kdprov":"65","kdkab":"02","kdkec":"050","kddesa":"009","kdsls":"0015","idsls":"65020500090015","nmprov":"KALIMANTAN UTARA","nmkab":"BULUNGAN","nmkec":"TANJUNG SELOR","nmdesa":"TANJUNG SELOR HILIR","nmsls":"RT 015 RW 006"}},{"type":"Feature","geometry":{"type":"MultiPolygon","coordinates":[[[[117.36362,2.86116],[117.36456,2.86098],[117.36512,2.86103],[117.36816,2.86062],[117.36835,2.86056],[117.36808,2.85989],[117.36817,2.85988],[117.36794,2.85927],[117.36769,2.85931],[117.36354,2.85996],[117.36351,2.86061],[117.36362,2.86116]]]]},"properties":{"kdprov":"65","kdkab":"02","kdkec":"050","kddesa":"009","kdsls":"0059","idsls":"65020500090059","nmprov":"KALIMANTAN UTARA","nmkab":"BULUNGAN","nmkec":"TANJUNG SELOR","nmdesa":"TANJUNG SELOR HILIR","nmsls":"RT 059 RW 022"}},{"type":"Feature","geometry":{"type":"MultiPolygon","coordinates":[[[[117.36576,2.84082],[117.36587,2.84118],[117.36605,2.84177],[117.36606,2.84185],[117.36605,2.84191],[117.36597,2.84194],[117.36603,2.84197],[117.36612,2.84198],[117.36664,2.84186],[117.36696,2.84131],[117.36714,2.84112],[117.36734,2.84092],[117.36762,2.84061],[117.36762,2.84061],[117.36714,2.84052],[117.36576,2.84082]]]]},"properties":{"kdprov":"65","kdkab":"02","kdkec":"050","kddesa":"009","kdsls":"0005","idsls":"65020500090005","nmprov":"KALIMANTAN UTARA","nmkab":"BULUNGAN","nmkec":"TANJUNG SELOR","nmdesa":"TANJUNG SELOR HILIR","nmsls":"RT 005 RW 002"}},{"type":"Feature","geometry":{"type":"MultiPolygon","coordinates":[[[[117.37627,2.84679],[117.37593,2.84616],[117.37578,2.84589],[117.37511,2.84502],[117.37475,2.84462],[117.37413,2.84548],[117.37356,2.84605],[117.3739,2.8468],[117.3743,2.84769],[117.37627,2.84679],[117.37627,2.84679]]]]},"properties":{"kdprov":"65","kdkab":"02","kdkec":"050","kddesa":"009","kdsls":"0093","idsls":"65020500090093","nmprov":"KALIMANTAN UTARA","nmkab":"BULUNGAN","nmkec":"TANJUNG SELOR","nmdesa":"TANJUNG SELOR HILIR","nmsls":"RT 093 RW 035"}},{"type":"Feature","geometry":{"type":"MultiPolygon","coordinates":[[[[117.39071,2.83919],[117.39069,2.83873],[117.39067,2.83864],[117.39061,2.83855],[117.39057,2.83852],[117.39018,2.83816],[117.38982,2.83779],[117.38947,2.83735],[117.38838,2.83831],[117.38838,2.83831],[117.38837,2.83833],[117.38818,2.84023],[117.38818,2.84024],[117.38811,2.84063],[117.39058,2.84106],[117.39065,2.84062],[117.39067,2.8405],[117.3907,2.84036],[117.39083,2.83956],[117.39075,2.83945],[117.39071,2.83934],[117.39071,2.83919]]]]},"properties":{"kdprov":"65","kdkab":"02","kdkec":"050","kddesa":"009","kdsls":"0073","idsls":"65020500090073","nmprov":"KALIMANTAN UTARA","nmkab":"BULUNGAN","nmkec":"TANJUNG SELOR","nmdesa":"TANJUNG SELOR HILIR","nmsls":"RT 073 RW 027"}},{"type":"Feature","geometry":{"type":"MultiPolygon","coordinates":[[[[117.37316,2.8684],[117.37285,2.86879],[117.37149,2.87055],[117.37195,2.87098],[117.37195,2.87098],[117.37209,2.87109],[117.37297,2.87171],[117.37325,2.87164],[117.37392,2.87179],[117.37402,2.87186],[117.37418,2.87146],[117.37549,2.86803],[117.37549,2.86802],[117.3794,2.86293],[117.3784,2.86322],[117.37804,2.86333],[117.37745,2.86154],[117.37556,2.86225],[117.37556,2.86345],[117.37318,2.86658],[117.37506,2.86718],[117.37465,2.86777],[117.37316,2.8684]]]]},"properties":{"kdprov":"65","kdkab":"02","kdkec":"050","kddesa":"009","kdsls":"0064","idsls":"65020500090064","nmprov":"KALIMANTAN UTARA","nmkab":"BULUNGAN","nmkec":"TANJUNG SELOR","nmdesa":"TANJUNG SELOR HILIR","nmsls":"RT 064 RW 023"}},{"type":"Feature","geometry":{"type":"MultiPolygon","coordinates":[[[[117.38018,2.86263],[117.38095,2.86234],[117.37991,2.85992],[117.37899,2.85785],[117.37816,2.85655],[117.37744,2.85709],[117.37727,2.85723],[117.37684,2.85753],[117.37735,2.85815],[117.3778,2.85879],[117.37875,2.86038],[117.37901,2.86092],[117.37745,2.86154],[117.37804,2.86333],[117.3784,2.86322],[117.3794,2.86293],[117.38003,2.86268],[117.38018,2.86263]]]]},"properties":{"kdprov":"65","kdkab":"02","kdkec":"050","kddesa":"009","kdsls":"0052","idsls":"65020500090052","nmprov":"KALIMANTAN UTARA","nmkab":"BULUNGAN","nmkec":"TANJUNG SELOR","nmdesa":"TANJUNG SELOR HILIR","nmsls":"RT 052 RW 020"}},{"type":"Feature","geometry":{"type":"MultiPolygon","coordinates":[[[[117.37727,2.85723],[117.37579,2.85516],[117.37471,2.8557],[117.37618,2.858],[117.37684,2.85753],[117.37727,2.85723]]]]},"properties":{"kdprov":"65","kdkab":"02","kdkec":"050","kddesa":"009","kdsls":"0052","idsls":"65020500090052","nmprov":"KALIMANTAN UTARA","nmkab":"BULUNGAN","nmkec":"TANJUNG SELOR","nmdesa":"TANJUNG SELOR HILIR","nmsls":"RT 052 RW 020"}},{"type":"Feature","geometry":{"type":"MultiPolygon","coordinates":[[[[117.37121,2.85096],[117.37066,2.8497],[117.36955,2.8502],[117.37039,2.85209],[117.37138,2.8543],[117.37177,2.8542],[117.37254,2.85401],[117.37121,2.85096]]]]},"properties":{"kdprov":"65","kdkab":"02","kdkec":"050","kddesa":"009","kdsls":"0034","idsls":"65020500090034","nmprov":"KALIMANTAN UTARA","nmkab":"BULUNGAN","nmkec":"TANJUNG SELOR","nmdesa":"TANJUNG SELOR HILIR","nmsls":"RT 034 RW 012"}},{"type":"Feature","geometry":{"type":"MultiPolygon","coordinates":[[[[117.37255,2.86319],[117.37193,2.86128],[117.37158,2.86021],[117.37079,2.86048],[117.36839,2.86126],[117.36843,2.86138],[117.36403,2.86276],[117.36432,2.86359],[117.36454,2.86439],[117.36455,2.86439],[117.36467,2.8646],[117.36533,2.86527],[117.36604,2.86609],[117.36605,2.86609],[117.36944,2.86333],[117.37193,2.86322],[117.37255,2.86319]]]]},"properties":{"kdprov":"65","kdkab":"02","kdkec":"050","kddesa":"009","kdsls":"0061","idsls":"65020500090061","nmprov":"KALIMANTAN UTARA","nmkab":"BULUNGAN","nmkec":"TANJUNG SELOR","nmdesa":"TANJUNG SELOR HILIR","nmsls":"RT 061 RW 022"}},{"type":"Feature","geometry":{"type":"MultiPolygon","coordinates":[[[[117.36707,2.84693],[117.36791,2.84656],[117.36754,2.84573],[117.36743,2.84578],[117.36626,2.84553],[117.36622,2.84552],[117.36477,2.84473],[117.36447,2.84396],[117.36297,2.84458],[117.36311,2.84551],[117.36311,2.84553],[117.36665,2.84628],[117.36672,2.84631],[117.36679,2.84636],[117.36685,2.84646],[117.36707,2.84693]]]]},"properties":{"kdprov":"65","kdkab":"02","kdkec":"050","kddesa":"009","kdsls":"0029","idsls":"65020500090029","nmprov":"KALIMANTAN UTARA","nmkab":"BULUNGAN","nmkec":"TANJUNG SELOR","nmdesa":"TANJUNG SELOR HILIR","nmsls":"RT 029 RW 010"}},{"type":"Feature","geometry":{"type":"MultiPolygon","coordinates":[[[[117.36856,2.85293],[117.36938,2.85479],[117.3697,2.85471],[117.37031,2.85456],[117.37077,2.85444],[117.37138,2.8543],[117.37039,2.85209],[117.36856,2.85293]]]]},"properties":{"kdprov":"65","kdkab":"02","kdkec":"050","kddesa":"009","kdsls":"0027","idsls":"65020500090027","nmprov":"KALIMANTAN UTARA","nmkab":"BULUNGAN","nmkec":"TANJUNG SELOR","nmdesa":"TANJUNG SELOR HILIR","nmsls":"RT 031 RW 011"}},{"type":"Feature","geometry":{"type":"MultiPolygon","coordinates":[[[[117.40106,2.85114],[117.40099,2.85104],[117.40097,2.85092],[117.40098,2.85083],[117.40105,2.8507],[117.40115,2.85056],[117.40129,2.85044],[117.40144,2.85035],[117.40161,2.85027],[117.4019,2.85017],[117.40215,2.85013],[117.4024,2.85006],[117.40252,2.85003],[117.40262,2.84996],[117.40272,2.84992],[117.40283,2.84988],[117.40294,2.84986],[117.4031,2.84978],[117.40331,2.84967],[117.40347,2.84964],[117.40361,2.84958],[117.40373,2.84951],[117.4038,2.84948],[117.40363,2.84874],[117.40354,2.84861],[117.403,2.84819],[117.40121,2.84685],[117.40059,2.84639],[117.40058,2.84638],[117.39761,2.84914],[117.40097,2.85175],[117.40141,2.85164],[117.40138,2.85156],[117.40136,2.85157],[117.40122,2.85137],[117.40106,2.85114]]]]},"properties":{"kdprov":"65","kdkab":"02","kdkec":"050","kddesa":"009","kdsls":"0077","idsls":"65020500090077","nmprov":"KALIMANTAN UTARA","nmkab":"BULUNGAN","nmkec":"TANJUNG SELOR","nmdesa":"TANJUNG SELOR HILIR","nmsls":"RT 077 RW 028"}},{"type":"Feature","geometry":{"type":"MultiPolygon","coordinates":[[[[117.37092,2.85749],[117.37062,2.85653],[117.37034,2.85663],[117.37123,2.85926],[117.37186,2.85905],[117.37127,2.85733],[117.37092,2.85749]]]]},"properties":{"kdprov":"65","kdkab":"02","kdkec":"050","kddesa":"009","kdsls":"0054","idsls":"65020500090054","nmprov":"KALIMANTAN UTARA","nmkab":"BULUNGAN","nmkec":"TANJUNG SELOR","nmdesa":"TANJUNG SELOR HILIR","nmsls":"RT 054 RW 020"}},{"type":"Feature","geometry":{"type":"MultiPolygon","coordinates":[[[[117.3697,2.85471],[117.37034,2.85663],[117.37062,2.85653],[117.37092,2.85749],[117.37127,2.85733],[117.37031,2.85456],[117.3697,2.85471]]]]},"properties":{"kdprov":"65","kdkab":"02","kdkec":"050","kddesa":"009","kdsls":"0054","idsls":"65020500090054","nmprov":"KALIMANTAN UTARA","nmkab":"BULUNGAN","nmkec":"TANJUNG SELOR","nmdesa":"TANJUNG SELOR HILIR","nmsls":"RT 054 RW 020"}},{"type":"Feature","geometry":{"type":"MultiPolygon","coordinates":[[[[117.49325,2.76209],[117.49346,2.75552],[117.49017,2.75539],[117.48986,2.75539],[117.48986,2.75539],[117.48974,2.76175],[117.48973,2.76192],[117.49166,2.76201],[117.49325,2.76209]]]]},"properties":{"kdprov":"65","kdkab":"02","kdkec":"050","kddesa":"006","kdsls":"0015","idsls":"65020500060015","nmprov":"KALIMANTAN UTARA","nmkab":"BULUNGAN","nmkec":"TANJUNG SELOR","nmdesa":"APUNG","nmsls":"RT 015 RW 003"}},{"type":"Feature","geometry":{"type":"MultiPolygon","coordinates":[[[[117.40693,2.81286],[117.40694,2.81268],[117.40698,2.81257],[117.40796,2.81008],[117.40801,2.80994],[117.40803,2.80985],[117.40823,2.80833],[117.40826,2.80811],[117.4083,2.80797],[117.40858,2.80728],[117.40716,2.80642],[117.40667,2.80623],[117.40645,2.80616],[117.40613,2.80616],[117.40554,2.80614],[117.40515,2.80614],[117.40483,2.80614],[117.40453,2.80613],[117.40429,2.80613],[117.40409,2.80613],[117.40386,2.80608],[117.40352,2.80597],[117.40322,2.80583],[117.40298,2.80569],[117.40298,2.80568],[117.39488,2.80558],[117.39943,2.80867],[117.39943,2.80867],[117.40003,2.80869],[117.40236,2.81356],[117.40278,2.8144],[117.4029,2.81463],[117.40304,2.81458],[117.40305,2.81457],[117.4054,2.81488],[117.40724,2.81513],[117.40725,2.81513],[117.40706,2.81439],[117.40697,2.81358],[117.40693,2.81305],[117.40693,2.81286]]]]},"properties":{"kdprov":"65","kdkab":"02","kdkec":"050","kddesa":"003","kdsls":"0009","idsls":"65020500030009","nmprov":"KALIMANTAN UTARA","nmkab":"BULUNGAN","nmkec":"TANJUNG SELOR","nmdesa":"JELARAI SELOR","nmsls":"RT 014 RW 002"}},{"type":"Feature","geometry":{"type":"MultiPolygon","coordinates":[[[[117.42826,2.81949],[117.42871,2.81908],[117.4292,2.81868],[117.42977,2.81826],[117.43043,2.81792],[117.43075,2.81774],[117.43097,2.81754],[117.43104,2.8173],[117.43099,2.81673],[117.43082,2.8161],[117.43073,2.81577],[117.43053,2.81559],[117.43031,2.81535],[117.43016,2.81524],[117.42986,2.81454],[117.42964,2.81406],[117.42948,2.81379],[117.42929,2.81358],[117.42896,2.81338],[117.42874,2.8132],[117.42852,2.81283],[117.42848,2.81252],[117.42854,2.81217],[117.42867,2.81193],[117.42895,2.81173],[117.42777,2.81166],[117.42572,2.81158],[117.42424,2.81156],[117.42216,2.81231],[117.42203,2.81235],[117.41988,2.81293],[117.41829,2.81345],[117.41821,2.81347],[117.42276,2.81626],[117.42293,2.81636],[117.42408,2.81772],[117.42555,2.81945],[117.42648,2.81958],[117.42699,2.81967],[117.42751,2.81984],[117.4278,2.81978],[117.42804,2.81971],[117.42826,2.81949]]]]},"properties":{"kdprov":"65","kdkab":"02","kdkec":"050","kddesa":"007","kdsls":"1002","idsls":"65020500071002","nmprov":"KALIMANTAN UTARA","nmkab":"BULUNGAN","nmkec":"TANJUNG SELOR","nmdesa":"TENGKAPAK","nmsls":"LAHAN PERTANIAN"}},{"type":"Feature","geometry":{"type":"MultiPolygon","coordinates":[[[[117.50796,2.76202],[117.50775,2.7553],[117.50518,2.75546],[117.50317,2.75567],[117.50206,2.75569],[117.50203,2.75569],[117.50214,2.76203],[117.50354,2.76203],[117.50796,2.76202],[117.50796,2.76202]]]]},"properties":{"kdprov":"65","kdkab":"02","kdkec":"050","kddesa":"006","kdsls":"0025","idsls":"65020500060025","nmprov":"KALIMANTAN UTARA","nmkab":"BULUNGAN","nmkec":"TANJUNG SELOR","nmdesa":"APUNG","nmsls":"RT 025 RW 003"}},{"type":"Feature","geometry":{"type":"MultiPolygon","coordinates":[[[[117.37475,2.84462],[117.37475,2.84462],[117.37511,2.84502],[117.37578,2.84589],[117.37593,2.84616],[117.37684,2.84555],[117.37696,2.84566],[117.37732,2.84502],[117.37706,2.84486],[117.37744,2.84436],[117.37713,2.84411],[117.37587,2.8431],[117.3752,2.84215],[117.37507,2.84196],[117.37497,2.84178],[117.37482,2.84163],[117.37469,2.84156],[117.37463,2.84151],[117.37337,2.84335],[117.37405,2.84385],[117.37422,2.84399],[117.37475,2.84462]]]]},"properties":{"kdprov":"65","kdkab":"02","kdkec":"050","kddesa":"009","kdsls":"0094","idsls":"65020500090094","nmprov":"KALIMANTAN UTARA","nmkab":"BULUNGAN","nmkec":"TANJUNG SELOR","nmdesa":"TANJUNG SELOR HILIR","nmsls":"RT 094 RW 035"}},{"type":"Feature","geometry":{"type":"MultiPolygon","coordinates":[[[[117.37471,2.8557],[117.37579,2.85516],[117.37608,2.85502],[117.37482,2.85315],[117.37409,2.8536],[117.374,2.85366],[117.37254,2.85401],[117.37177,2.8542],[117.37245,2.8562],[117.37343,2.85606],[117.37463,2.85574],[117.37471,2.8557]],[[117.37267,2.85604],[117.37255,2.85552],[117.37265,2.85547],[117.37278,2.85545],[117.37285,2.85544],[117.373,2.85604],[117.37293,2.85605],[117.37294,2.85609],[117.37282,2.85611],[117.37279,2.85601],[117.37267,2.85604]],[[117.37379,2.85543],[117.37453,2.85527],[117.37458,2.8555],[117.37386,2.85567],[117.37379,2.85543]],[[117.3746,2.85526],[117.37504,2.85516],[117.3751,2.85537],[117.37465,2.85548],[117.3746,2.85526]],[[117.37364,2.85513],[117.37361,2.85498],[117.3745,2.85477],[117.37474,2.85471],[117.37481,2.85501],[117.37457,2.85507],[117.37367,2.85526],[117.37364,2.85513]],[[117.37434,2.85474],[117.3737,2.85489],[117.37367,2.85474],[117.3743,2.85457],[117.37434,2.85474]],[[117.37443,2.85442],[117.37416,2.85448],[117.37369,2.85458],[117.3736,2.85464],[117.37334,2.85451],[117.3733,2.85449],[117.37347,2.85421],[117.3735,2.85423],[117.37359,2.85428],[117.37391,2.8542],[117.37395,2.85414],[117.374,2.85412],[117.37406,2.85412],[117.37411,2.85415],[117.37436,2.85409],[117.37459,2.85403],[117.3746,2.85406],[117.37472,2.85461],[117.37448,2.85466],[117.37443,2.85442]],[[117.37497,2.85444],[117.37535,2.85418],[117.37544,2.85429],[117.37505,2.85456],[117.37497,2.85444]],[[117.3749,2.85424],[117.37463,2.85387],[117.37453,2.85374],[117.37486,2.8535],[117.37496,2.85363],[117.37524,2.85402],[117.3749,2.85424]],[[117.37233,2.85489],[117.37207,2.85495],[117.37191,2.85444],[117.37202,2.85438],[117.37218,2.85435],[117.37233,2.85489]],[[117.37246,2.85436],[117.3725,2.85436],[117.37253,2.85438],[117.37259,2.85437],[117.3726,2.85438],[117.37263,2.85437],[117.37267,2.85456],[117.37235,2.85462],[117.37231,2.85445],[117.37237,2.85443],[117.37238,2.85441],[117.37241,2.85438],[117.37246,2.85436]],[[117.37253,2.8546],[117.37261,2.85494],[117.37243,2.85498],[117.37235,2.85463],[117.37253,2.8546]],[[117.37316,2.85459],[117.37348,2.85477],[117.37331,2.85506],[117.37301,2.85488],[117.37316,2.85459]],[[117.37326,2.85515],[117.3731,2.85538],[117.3728,2.8552],[117.37251,2.85526],[117.37247,2.85508],[117.37286,2.85499],[117.37296,2.85505],[117.373,2.85499],[117.37326,2.85515]],[[117.37242,2.85541],[117.37247,2.8556],[117.37234,2.85564],[117.37228,2.85544],[117.37233,2.85541],[117.37242,2.85541]]]]},"properties":{"kdprov":"65","kdkab":"02","kdkec":"050","kddesa":"009","kdsls":"0052","idsls":"65020500090052","nmprov":"KALIMANTAN UTARA","nmkab":"BULUNGAN","nmkec":"TANJUNG SELOR","nmdesa":"TANJUNG SELOR HILIR","nmsls":"RT 052 RW 020"}},{"type":"Feature","geometry":{"type":"MultiPolygon","coordinates":[[[[117.37308,2.84496],[117.37356,2.84605],[117.37413,2.84548],[117.37475,2.84462],[117.37475,2.84462],[117.37422,2.84399],[117.37405,2.84385],[117.37337,2.84335],[117.37463,2.84151],[117.3734,2.84063],[117.3734,2.84063],[117.37142,2.84354],[117.37272,2.84442],[117.37308,2.84496]]]]},"properties":{"kdprov":"65","kdkab":"02","kdkec":"050","kddesa":"009","kdsls":"0095","idsls":"65020500090095","nmprov":"KALIMANTAN UTARA","nmkab":"BULUNGAN","nmkec":"TANJUNG SELOR","nmdesa":"TANJUNG SELOR HILIR","nmsls":"RT 095 RW 035"}},{"type":"Feature","geometry":{"type":"MultiPolygon","coordinates":[[[[117.36341,2.8592],[117.36344,2.85961],[117.36347,2.85967],[117.36354,2.85988],[117.36354,2.85996],[117.36769,2.85931],[117.36794,2.85927],[117.36743,2.85789],[117.36728,2.85791],[117.36655,2.85802],[117.3637,2.85843],[117.36374,2.859],[117.36335,2.85901],[117.36344,2.85907],[117.36341,2.8592]]]]},"properties":{"kdprov":"65","kdkab":"02","kdkec":"050","kddesa":"009","kdsls":"0058","idsls":"65020500090058","nmprov":"KALIMANTAN UTARA","nmkab":"BULUNGAN","nmkec":"TANJUNG SELOR","nmdesa":"TANJUNG SELOR HILIR","nmsls":"RT 058 RW 021"}},{"type":"Feature","geometry":{"type":"MultiPolygon","coordinates":[[[[117.39761,2.84914],[117.39527,2.85132],[117.39571,2.85318],[117.40097,2.85175],[117.39761,2.84914]]]]},"properties":{"kdprov":"65","kdkab":"02","kdkec":"050","kddesa":"009","kdsls":"0077","idsls":"65020500090077","nmprov":"KALIMANTAN UTARA","nmkab":"BULUNGAN","nmkec":"TANJUNG SELOR","nmdesa":"TANJUNG SELOR HILIR","nmsls":"RT 077 RW 028"}},{"type":"Feature","geometry":{"type":"MultiPolygon","coordinates":[[[[117.36531,2.84908],[117.36386,2.84971],[117.36387,2.8498],[117.36391,2.85037],[117.36501,2.85023],[117.36498,2.85003],[117.36498,2.84991],[117.36542,2.84963],[117.3654,2.84958],[117.36543,2.84945],[117.36531,2.84908]]]]},"properties":{"kdprov":"65","kdkab":"02","kdkec":"050","kddesa":"009","kdsls":"0086","idsls":"65020500090086","nmprov":"KALIMANTAN UTARA","nmkab":"BULUNGAN","nmkec":"TANJUNG SELOR","nmdesa":"TANJUNG SELOR HILIR","nmsls":"RT 086 RW 032"}},{"type":"Feature","geometry":{"type":"MultiPolygon","coordinates":[[[[117.40291,2.80517],[117.40286,2.80531],[117.40297,2.80557],[117.40298,2.80569],[117.40322,2.80583],[117.40352,2.80597],[117.40386,2.80608],[117.40409,2.80613],[117.40429,2.80613],[117.40453,2.80613],[117.40483,2.80614],[117.40515,2.80614],[117.40554,2.80614],[117.40613,2.80616],[117.40645,2.80616],[117.40667,2.80623],[117.40716,2.80642],[117.40858,2.80728],[117.40871,2.80713],[117.40889,2.80688],[117.40918,2.80657],[117.40946,2.80628],[117.40983,2.80595],[117.41004,2.80578],[117.41037,2.8056],[117.4107,2.80544],[117.41101,2.80534],[117.41124,2.80524],[117.41152,2.80508],[117.41168,2.80491],[117.41178,2.8047],[117.41055,2.80465],[117.41031,2.80493],[117.40726,2.80488],[117.40726,2.80488],[117.40311,2.8048],[117.40299,2.80499],[117.40291,2.80517]]]]},"properties":{"kdprov":"65","kdkab":"02","kdkec":"050","kddesa":"003","kdsls":"0032","idsls":"65020500030032","nmprov":"KALIMANTAN UTARA","nmkab":"BULUNGAN","nmkec":"TANJUNG SELOR","nmdesa":"JELARAI SELOR","nmsls":"RT 017 RW 008"}},{"type":"Feature","geometry":{"type":"MultiPolygon","coordinates":[[[[117.43441,2.87931],[117.42101,2.8791],[117.41902,2.87907],[117.41453,2.88343],[117.42274,2.88323],[117.42957,2.88306],[117.43585,2.8829],[117.43542,2.88243],[117.43507,2.88197],[117.43478,2.88082],[117.43478,2.88079],[117.43455,2.87978],[117.43456,2.87938],[117.43456,2.87936],[117.43456,2.87934],[117.43441,2.87931]]]]},"properties":{"kdprov":"65","kdkab":"02","kdkec":"050","kddesa":"009","kdsls":"0106","idsls":"65020500090106","nmprov":"KALIMANTAN UTARA","nmkab":"BULUNGAN","nmkec":"TANJUNG SELOR","nmdesa":"TANJUNG SELOR HILIR","nmsls":"RT 106 RW 039"}},{"type":"Feature","geometry":{"type":"MultiPolygon","coordinates":[[[[117.36669,2.8503],[117.36755,2.85233],[117.36865,2.85493],[117.36937,2.85479],[117.36938,2.85479],[117.36856,2.85293],[117.36772,2.85103],[117.36726,2.84997],[117.36665,2.85018],[117.36666,2.85021],[117.36667,2.85026],[117.36669,2.8503]]]]},"properties":{"kdprov":"65","kdkab":"02","kdkec":"050","kddesa":"009","kdsls":"0088","idsls":"65020500090088","nmprov":"KALIMANTAN UTARA","nmkab":"BULUNGAN","nmkec":"TANJUNG SELOR","nmdesa":"TANJUNG SELOR HILIR","nmsls":"RT 088 RW 033"}},{"type":"Feature","geometry":{"type":"MultiPolygon","coordinates":[[[[117.40726,2.80488],[117.40726,2.80488],[117.41031,2.80493],[117.41055,2.80465],[117.41178,2.8047],[117.41183,2.80457],[117.41189,2.80441],[117.41194,2.80433],[117.412,2.8042],[117.412,2.80419],[117.40729,2.80403],[117.40726,2.80483],[117.40726,2.80488]]]]},"properties":{"kdprov":"65","kdkab":"02","kdkec":"050","kddesa":"003","kdsls":"0033","idsls":"65020500030033","nmprov":"KALIMANTAN UTARA","nmkab":"BULUNGAN","nmkec":"TANJUNG SELOR","nmdesa":"JELARAI SELOR","nmsls":"RT 018 RW 008"}},{"type":"Feature","geometry":{"type":"MultiPolygon","coordinates":[[[[117.45804,2.79059],[117.45719,2.79216],[117.45769,2.79235],[117.45848,2.79263],[117.45909,2.79271],[117.46049,2.78995],[117.4621,2.79087],[117.46218,2.79091],[117.46326,2.79141],[117.46421,2.7918],[117.46521,2.79219],[117.46637,2.79269],[117.46769,2.7934],[117.46781,2.79345],[117.46797,2.79345],[117.46811,2.7934],[117.46833,2.79328],[117.46861,2.79314],[117.46959,2.79259],[117.47012,2.79244],[117.47079,2.79228],[117.47248,2.79201],[117.47323,2.79195],[117.47339,2.79188],[117.47339,2.79188],[117.47748,2.78657],[117.47731,2.78621],[117.47682,2.78522],[117.47636,2.78427],[117.47589,2.78334],[117.47583,2.78322],[117.47489,2.78257],[117.47297,2.78122],[117.47261,2.78097],[117.47154,2.77979],[117.47035,2.77847],[117.46929,2.77729],[117.46872,2.77673],[117.46798,2.77603],[117.46742,2.77549],[117.46699,2.77652],[117.46654,2.77742],[117.46614,2.7782],[117.4657,2.77878],[117.4649,2.77986],[117.46293,2.78029],[117.4623,2.77988],[117.45789,2.78899],[117.45789,2.78899],[117.45731,2.79018],[117.45773,2.79041],[117.45804,2.79059]]]]},"properties":{"kdprov":"65","kdkab":"02","kdkec":"050","kddesa":"005","kdsls":"0004","idsls":"65020500050004","nmprov":"KALIMANTAN UTARA","nmkab":"BULUNGAN","nmkec":"TANJUNG SELOR","nmdesa":"BUMI RAHAYU","nmsls":"RT 004 RW 002"}},{"type":"Feature","geometry":{"type":"MultiPolygon","coordinates":[[[[117.50467,2.77243],[117.50444,2.77265],[117.50416,2.77281],[117.50394,2.77288],[117.50203,2.77295],[117.5024,2.77994],[117.50333,2.7799],[117.50443,2.77986],[117.50583,2.77981],[117.50605,2.77236],[117.50606,2.77236],[117.50577,2.77221],[117.50492,2.77231],[117.50467,2.77243]]]]},"properties":{"kdprov":"65","kdkab":"02","kdkec":"050","kddesa":"006","kdsls":"0011","idsls":"65020500060011","nmprov":"KALIMANTAN UTARA","nmkab":"BULUNGAN","nmkec":"TANJUNG SELOR","nmdesa":"APUNG","nmsls":"RT 011 RW 002"}},{"type":"Feature","geometry":{"type":"MultiPolygon","coordinates":[[[[117.51616,2.82415],[117.51694,2.82547],[117.52309,2.83595],[117.52402,2.83754],[117.52541,2.83991],[117.528,2.84417],[117.52984,2.84521],[117.53544,2.84191],[117.53956,2.84339],[117.53966,2.84318],[117.54038,2.84208],[117.54174,2.84115],[117.54265,2.84087],[117.54326,2.84085],[117.54434,2.84093],[117.5454,2.8411],[117.54594,2.84133],[117.54681,2.84201],[117.54809,2.84341],[117.54893,2.8452],[117.54966,2.84705],[117.54986,2.84844],[117.55027,2.85035],[117.55035,2.85316],[117.55053,2.85577],[117.5509,2.85707],[117.55116,2.85747],[117.55213,2.85917],[117.55316,2.86004],[117.55329,2.86021],[117.55428,2.86109],[117.5545,2.86118],[117.55507,2.86162],[117.55549,2.86164],[117.55646,2.8615],[117.55762,2.86096],[117.55805,2.86049],[117.55865,2.86012],[117.55976,2.85887],[117.56019,2.85841],[117.56092,2.85709],[117.56114,2.85685],[117.56144,2.85596],[117.56174,2.8549],[117.5619,2.85457],[117.56238,2.85298],[117.56341,2.85033],[117.56361,2.84991],[117.56395,2.84917],[117.56401,2.84909],[117.56495,2.84737],[117.56572,2.84634],[117.56642,2.84587],[117.56643,2.84569],[117.56609,2.84557],[117.56593,2.84555],[117.56554,2.84547],[117.56205,2.84441],[117.55995,2.8435],[117.55807,2.84253],[117.5549,2.84028],[117.5544,2.83998],[117.55428,2.83985],[117.55404,2.83967],[117.55101,2.8369],[117.54835,2.83415],[117.5474,2.83318],[117.54581,2.8317],[117.5452,2.83116],[117.54431,2.83035],[117.54281,2.82899],[117.54202,2.8282],[117.54138,2.82745],[117.54017,2.82613],[117.53977,2.8255],[117.53974,2.82548],[117.5397,2.82542],[117.53921,2.82479],[117.53885,2.82403],[117.53864,2.82344],[117.53864,2.82334],[117.53854,2.82219],[117.5385,2.82211],[117.53852,2.822],[117.53859,2.8215],[117.53883,2.82069],[117.53921,2.81981],[117.53983,2.81856],[117.54017,2.81797],[117.54062,2.81673],[117.54114,2.81539],[117.54187,2.81246],[117.5426,2.80859],[117.54277,2.80824],[117.54279,2.80737],[117.54268,2.80703],[117.5426,2.80675],[117.5423,2.8065],[117.5418,2.80642],[117.54144,2.8063],[117.54057,2.80643],[117.54032,2.80648],[117.54001,2.80655],[117.53931,2.80689],[117.53886,2.8071],[117.5386,2.80715],[117.5377,2.80766],[117.53675,2.8081],[117.53538,2.80921],[117.53485,2.80955],[117.53336,2.81065],[117.53149,2.81203],[117.53101,2.81239],[117.53049,2.81277],[117.52876,2.81384],[117.52832,2.81402],[117.52658,2.81472],[117.52512,2.81535],[117.52365,2.81597],[117.52344,2.81612],[117.52323,2.81616],[117.52165,2.81699],[117.51981,2.81867],[117.51915,2.82013],[117.51846,2.82146],[117.51802,2.82211],[117.51721,2.82294],[117.51616,2.82415]]]]},"properties":{"kdprov":"65","kdkab":"02","kdkec":"050","kddesa":"008","kdsls":"0034","idsls":"65020500080034","nmprov":"KALIMANTAN UTARA","nmkab":"BULUNGAN","nmkec":"TANJUNG SELOR","nmdesa":"TANJUNG SELOR TIMUR","nmsls":"RT 031 RW UPT"}},{"type":"Feature","geometry":{"type":"MultiPolygon","coordinates":[[[[117.42449,2.85523],[117.42968,2.85492],[117.42967,2.85319],[117.42775,2.85319],[117.42752,2.85056],[117.42696,2.85036],[117.42637,2.85025],[117.42568,2.85042],[117.42482,2.85081],[117.42426,2.85138],[117.42412,2.85155],[117.42442,2.85319],[117.42449,2.85523]]]]},"properties":{"kdprov":"65","kdkab":"02","kdkec":"050","kddesa":"008","kdsls":"0018","idsls":"65020500080018","nmprov":"KALIMANTAN UTARA","nmkab":"BULUNGAN","nmkec":"TANJUNG SELOR","nmdesa":"TANJUNG SELOR TIMUR","nmsls":"RT 018 RW 006"}},{"type":"Feature","geometry":{"type":"MultiPolygon","coordinates":[[[[117.37267,2.85456],[117.37263,2.85437],[117.3726,2.85438],[117.37259,2.85437],[117.37253,2.85438],[117.3725,2.85436],[117.37246,2.85436],[117.37241,2.85438],[117.37238,2.85441],[117.37237,2.85443],[117.37231,2.85445],[117.37235,2.85462],[117.37267,2.85456]]]]},"properties":{"kdprov":"65","kdkab":"02","kdkec":"050","kddesa":"009","kdsls":"0052","idsls":"65020500090052","nmprov":"KALIMANTAN UTARA","nmkab":"BULUNGAN","nmkec":"TANJUNG SELOR","nmdesa":"TANJUNG SELOR HILIR","nmsls":"RT 052 RW 020"}},{"type":"Feature","geometry":{"type":"MultiPolygon","coordinates":[[[[117.40826,2.80811],[117.40823,2.80833],[117.40803,2.80985],[117.40801,2.80994],[117.40796,2.81008],[117.40698,2.81257],[117.40694,2.81268],[117.40693,2.81286],[117.40693,2.81305],[117.40697,2.81358],[117.40706,2.81439],[117.40725,2.81513],[117.40727,2.81513],[117.40727,2.81513],[117.40776,2.81491],[117.40837,2.81381],[117.4088,2.81294],[117.40978,2.81095],[117.41039,2.80972],[117.40953,2.80832],[117.40935,2.80803],[117.40945,2.80779],[117.40858,2.80728],[117.4083,2.80797],[117.40826,2.80811]]]]},"properties":{"kdprov":"65","kdkab":"02","kdkec":"050","kddesa":"003","kdsls":"0009","idsls":"65020500030009","nmprov":"KALIMANTAN UTARA","nmkab":"BULUNGAN","nmkec":"TANJUNG SELOR","nmdesa":"JELARAI SELOR","nmsls":"RT 014 RW 002"}},{"type":"Feature","geometry":{"type":"MultiPolygon","coordinates":[[[[117.41087,2.81414],[117.41091,2.81434],[117.41098,2.81456],[117.41104,2.81479],[117.4111,2.81496],[117.41113,2.81502],[117.41117,2.8151],[117.4113,2.81524],[117.41145,2.81532],[117.41175,2.81539],[117.41209,2.81551],[117.41214,2.81535],[117.41221,2.81518],[117.41234,2.81501],[117.41251,2.81471],[117.4126,2.81455],[117.41304,2.81419],[117.41313,2.81413],[117.41237,2.81348],[117.40978,2.81095],[117.4088,2.81294],[117.41081,2.81404],[117.41087,2.81414]]]]},"properties":{"kdprov":"65","kdkab":"02","kdkec":"050","kddesa":"003","kdsls":"0030","idsls":"65020500030030","nmprov":"KALIMANTAN UTARA","nmkab":"BULUNGAN","nmkec":"TANJUNG SELOR","nmdesa":"JELARAI SELOR","nmsls":"RT 037 RW 007"}},{"type":"Feature","geometry":{"type":"MultiPolygon","coordinates":[[[[117.49786,2.75555],[117.49784,2.76226],[117.49823,2.76225],[117.49963,2.76216],[117.49999,2.76212],[117.4998,2.75561],[117.49948,2.7556],[117.49884,2.75559],[117.49786,2.75555]]]]},"properties":{"kdprov":"65","kdkab":"02","kdkec":"050","kddesa":"006","kdsls":"0018","idsls":"65020500060018","nmprov":"KALIMANTAN UTARA","nmkab":"BULUNGAN","nmkec":"TANJUNG SELOR","nmdesa":"APUNG","nmsls":"RT 018 RW 003"}},{"type":"Feature","geometry":{"type":"MultiPolygon","coordinates":[[[[117.50796,2.76202],[117.50354,2.76203],[117.50214,2.76203],[117.50093,2.76203],[117.49999,2.76212],[117.49963,2.76216],[117.49823,2.76225],[117.49784,2.76226],[117.49679,2.76228],[117.49561,2.76225],[117.49538,2.76224],[117.49334,2.76209],[117.49325,2.76209],[117.49166,2.76201],[117.49169,2.76402],[117.49173,2.76778],[117.50801,2.7676],[117.508,2.76361],[117.50796,2.76202]]]]},"properties":{"kdprov":"65","kdkab":"02","kdkec":"050","kddesa":"006","kdsls":"0019","idsls":"65020500060019","nmprov":"KALIMANTAN UTARA","nmkab":"BULUNGAN","nmkec":"TANJUNG SELOR","nmdesa":"APUNG","nmsls":"RT 019 RW 003"}},{"type":"Feature","geometry":{"type":"MultiPolygon","coordinates":[[[[117.49561,2.76225],[117.49565,2.75552],[117.49439,2.75556],[117.49346,2.75552],[117.49325,2.76209],[117.49334,2.76209],[117.49538,2.76224],[117.49561,2.76225]]]]},"properties":{"kdprov":"65","kdkab":"02","kdkec":"050","kddesa":"006","kdsls":"0016","idsls":"65020500060016","nmprov":"KALIMANTAN UTARA","nmkab":"BULUNGAN","nmkec":"TANJUNG SELOR","nmdesa":"APUNG","nmsls":"RT 016 RW 003"}},{"type":"Feature","geometry":{"type":"MultiPolygon","coordinates":[[[[117.53129,2.78274],[117.53103,2.78277],[117.53081,2.7829],[117.53066,2.78309],[117.53033,2.78364],[117.53033,2.78386],[117.5304,2.78402],[117.53051,2.78415],[117.53068,2.78426],[117.53077,2.78445],[117.53077,2.78469],[117.53064,2.78483],[117.53042,2.78494],[117.53024,2.78509],[117.53,2.7855],[117.52967,2.78599],[117.52948,2.78629],[117.52937,2.78649],[117.52923,2.78664],[117.52902,2.78675],[117.52886,2.78686],[117.52871,2.787],[117.52864,2.78719],[117.5286,2.78745],[117.52866,2.78842],[117.52869,2.78868],[117.52882,2.7889],[117.52912,2.78901],[117.52956,2.78906],[117.52993,2.78923],[117.53028,2.78932],[117.5305,2.78936],[117.53068,2.78945],[117.53085,2.7896],[117.53105,2.78986],[117.53121,2.79026],[117.53121,2.79074],[117.53118,2.79107],[117.53103,2.79125],[117.53079,2.7914],[117.53057,2.79147],[117.53031,2.79169],[117.53018,2.79188],[117.53005,2.79201],[117.52989,2.79204],[117.52967,2.7921],[117.52943,2.79217],[117.5293,2.79238],[117.52923,2.79271],[117.52936,2.79295],[117.52947,2.7933],[117.52945,2.79361],[117.52937,2.79388],[117.52928,2.79405],[117.5311,2.7955],[117.53127,2.7955],[117.53142,2.79539],[117.53156,2.79523],[117.53173,2.79521],[117.53199,2.79528],[117.53215,2.79541],[117.5323,2.79561],[117.53243,2.79585],[117.53261,2.79602],[117.53285,2.79613],[117.53298,2.7962],[117.53314,2.79635],[117.53325,2.79651],[117.53346,2.79657],[117.53365,2.79656],[117.53371,2.79655],[117.53401,2.79653],[117.53434,2.79657],[117.53454,2.79664],[117.53474,2.79673],[117.535,2.79679],[117.53537,2.79673],[117.53537,2.79609],[117.53561,2.79605],[117.53592,2.79596],[117.536,2.79581],[117.53618,2.79561],[117.53649,2.79556],[117.53669,2.79556],[117.53673,2.7944],[117.54185,2.79435],[117.54164,2.79361],[117.54177,2.79265],[117.54191,2.79068],[117.54191,2.79065],[117.54243,2.79004],[117.54262,2.78883],[117.54052,2.78738],[117.53899,2.78633],[117.53877,2.78618],[117.53343,2.78251],[117.53327,2.78281],[117.53314,2.78281],[117.53296,2.78281],[117.53129,2.78274]]]]},"properties":{"kdprov":"65","kdkab":"02","kdkec":"050","kddesa":"007","kdsls":"1002","idsls":"65020500071002","nmprov":"KALIMANTAN UTARA","nmkab":"BULUNGAN","nmkec":"TANJUNG SELOR","nmdesa":"TENGKAPAK","nmsls":"LAHAN PERTANIAN"}},{"type":"Feature","geometry":{"type":"MultiPolygon","coordinates":[[[[117.52356,2.79081],[117.52336,2.79112],[117.52321,2.79147],[117.52312,2.79177],[117.52308,2.79208],[117.52303,2.79228],[117.52294,2.79245],[117.52268,2.79252],[117.52222,2.79267],[117.52183,2.79278],[117.52156,2.79306],[117.51911,2.79648],[117.52856,2.80341],[117.53077,2.80187],[117.53365,2.79656],[117.53346,2.79657],[117.53325,2.79651],[117.53314,2.79635],[117.53298,2.7962],[117.53285,2.79613],[117.53261,2.79602],[117.53243,2.79585],[117.5323,2.79561],[117.53215,2.79541],[117.53199,2.79528],[117.53173,2.79521],[117.53156,2.79523],[117.53142,2.79539],[117.53127,2.7955],[117.5311,2.7955],[117.52928,2.79405],[117.5263,2.79168],[117.52599,2.79192],[117.52443,2.7905],[117.52409,2.79048],[117.5238,2.79061],[117.52356,2.79081]]]]},"properties":{"kdprov":"65","kdkab":"02","kdkec":"050","kddesa":"007","kdsls":"1002","idsls":"65020500071002","nmprov":"KALIMANTAN UTARA","nmkab":"BULUNGAN","nmkec":"TANJUNG SELOR","nmdesa":"TENGKAPAK","nmsls":"LAHAN PERTANIAN"}},{"type":"Feature","geometry":{"type":"MultiPolygon","coordinates":[[[[117.5233,2.7841],[117.52347,2.78434],[117.52365,2.78474],[117.52356,2.78509],[117.5233,2.78546],[117.52321,2.78594],[117.52334,2.7864],[117.52352,2.7866],[117.52378,2.78678],[117.524,2.78693],[117.52411,2.78711],[117.52417,2.79],[117.52424,2.7903],[117.52443,2.7905],[117.52599,2.79192],[117.5263,2.79168],[117.52928,2.79405],[117.52937,2.79388],[117.52945,2.79361],[117.52947,2.7933],[117.52936,2.79295],[117.52923,2.79271],[117.5293,2.79238],[117.52943,2.79217],[117.52967,2.7921],[117.52989,2.79204],[117.53005,2.79201],[117.53018,2.79188],[117.53031,2.79169],[117.53057,2.79147],[117.53079,2.7914],[117.53103,2.79125],[117.53118,2.79107],[117.53121,2.79074],[117.53121,2.79026],[117.53105,2.78986],[117.53085,2.7896],[117.53068,2.78945],[117.5305,2.78936],[117.53028,2.78932],[117.52993,2.78923],[117.52956,2.78906],[117.52912,2.78901],[117.52882,2.7889],[117.52869,2.78868],[117.52866,2.78842],[117.5286,2.78745],[117.52864,2.78719],[117.52871,2.787],[117.52886,2.78686],[117.52902,2.78675],[117.52923,2.78664],[117.52937,2.78649],[117.52948,2.78629],[117.52967,2.78599],[117.53,2.7855],[117.53024,2.78509],[117.53042,2.78494],[117.53064,2.78483],[117.53077,2.78469],[117.53077,2.78445],[117.53068,2.78426],[117.53051,2.78415],[117.5304,2.78402],[117.53033,2.78386],[117.53033,2.78364],[117.53066,2.78309],[117.53081,2.7829],[117.53103,2.78277],[117.53129,2.78274],[117.53296,2.78281],[117.53314,2.78281],[117.53327,2.78281],[117.53343,2.78251],[117.52807,2.77884],[117.52765,2.77855],[117.52785,2.77824],[117.52818,2.77772],[117.53013,2.77467],[117.53018,2.77472],[117.53636,2.77954],[117.53702,2.78022],[117.53726,2.78052],[117.53755,2.7809],[117.53769,2.78131],[117.53775,2.78163],[117.5378,2.7819],[117.53792,2.78206],[117.53809,2.78226],[117.53846,2.78328],[117.53849,2.78357],[117.53887,2.78409],[117.53932,2.78472],[117.53962,2.78495],[117.53968,2.785],[117.53984,2.78515],[117.53995,2.78534],[117.53998,2.78549],[117.54002,2.78569],[117.54008,2.78593],[117.54015,2.78616],[117.54031,2.78638],[117.54071,2.78702],[117.5409,2.78729],[117.54113,2.78749],[117.5417,2.78789],[117.54228,2.78844],[117.54264,2.78872],[117.54265,2.78865],[117.54265,2.78865],[117.54132,2.7874],[117.54094,2.78723],[117.54076,2.78698],[117.5404,2.78618],[117.54021,2.78615],[117.54035,2.78536],[117.53936,2.78461],[117.53875,2.78386],[117.53855,2.78305],[117.53822,2.78224],[117.53788,2.78191],[117.53789,2.78112],[117.53687,2.77966],[117.53622,2.77928],[117.53581,2.77738],[117.53516,2.77723],[117.5346,2.77691],[117.53461,2.77583],[117.53461,2.77582],[117.53461,2.77581],[117.53452,2.77573],[117.53328,2.77533],[117.53218,2.77453],[117.5314,2.77379],[117.53127,2.77367],[117.53073,2.77398],[117.53025,2.77455],[117.52931,2.77488],[117.52869,2.77656],[117.52776,2.7769],[117.52775,2.77691],[117.52772,2.77692],[117.52715,2.77757],[117.52506,2.77836],[117.52486,2.77878],[117.52464,2.77898],[117.52322,2.78023],[117.52223,2.78173],[117.5221,2.78179],[117.52193,2.7819],[117.52297,2.78305],[117.52323,2.7834],[117.52325,2.78371],[117.5233,2.7841]]]]},"properties":{"kdprov":"65","kdkab":"02","kdkec":"050","kddesa":"007","kdsls":"1002","idsls":"65020500071002","nmprov":"KALIMANTAN UTARA","nmkab":"BULUNGAN","nmkec":"TANJUNG SELOR","nmdesa":"TENGKAPAK","nmsls":"LAHAN PERTANIAN"}},{"type":"Feature","geometry":{"type":"MultiPolygon","coordinates":[[[[117.42079,2.82097],[117.41825,2.82274],[117.41813,2.82375],[117.41812,2.82379],[117.42074,2.82225],[117.4211,2.82138],[117.42079,2.82097],[117.42079,2.82097]]]]},"properties":{"kdprov":"65","kdkab":"02","kdkec":"050","kddesa":"007","kdsls":"0004","idsls":"65020500070004","nmprov":"KALIMANTAN UTARA","nmkab":"BULUNGAN","nmkec":"TANJUNG SELOR","nmdesa":"TENGKAPAK","nmsls":"RT 004"}},{"type":"Feature","geometry":{"type":"MultiPolygon","coordinates":[[[[117.41443,2.81353],[117.41472,2.81349],[117.41501,2.81349],[117.41583,2.81364],[117.41592,2.81365],[117.41664,2.81372],[117.41713,2.81396],[117.4172,2.81373],[117.4172,2.81372],[117.41721,2.8137],[117.41751,2.81308],[117.41645,2.81258],[117.41605,2.81245],[117.41477,2.81171],[117.41169,2.80997],[117.41169,2.80997],[117.41039,2.80972],[117.40978,2.81095],[117.41237,2.81348],[117.41313,2.81413],[117.41338,2.81395],[117.41362,2.81385],[117.41385,2.81378],[117.41397,2.81373],[117.41409,2.81358],[117.41443,2.81353]]]]},"properties":{"kdprov":"65","kdkab":"02","kdkec":"050","kddesa":"003","kdsls":"0029","idsls":"65020500030029","nmprov":"KALIMANTAN UTARA","nmkab":"BULUNGAN","nmkec":"TANJUNG SELOR","nmdesa":"JELARAI SELOR","nmsls":"RT 011 RW 007"}},{"type":"Feature","geometry":{"type":"MultiPolygon","coordinates":[[[[117.41698,2.80607],[117.41724,2.80571],[117.41774,2.80512],[117.41801,2.80491],[117.41858,2.80444],[117.41899,2.80415],[117.41932,2.80407],[117.41961,2.804],[117.41982,2.80389],[117.41995,2.8037],[117.42005,2.80334],[117.41995,2.8029],[117.41955,2.80251],[117.41908,2.8023],[117.41872,2.80218],[117.41842,2.80211],[117.41817,2.80211],[117.41802,2.80219],[117.41787,2.80238],[117.41768,2.80258],[117.41745,2.80279],[117.41712,2.80296],[117.41691,2.80304],[117.41656,2.80315],[117.41617,2.80322],[117.41592,2.80323],[117.41572,2.80321],[117.41552,2.80317],[117.41535,2.80313],[117.41516,2.80311],[117.41496,2.80311],[117.41463,2.80314],[117.41385,2.80321],[117.41338,2.80325],[117.41307,2.80331],[117.41278,2.8034],[117.41256,2.80353],[117.41238,2.80366],[117.41226,2.80378],[117.41216,2.8039],[117.41208,2.80404],[117.41203,2.80412],[117.412,2.80419],[117.412,2.8042],[117.41194,2.80433],[117.41189,2.80441],[117.41183,2.80457],[117.41178,2.8047],[117.41168,2.80491],[117.41152,2.80508],[117.41124,2.80524],[117.41101,2.80534],[117.4107,2.80544],[117.41037,2.8056],[117.41004,2.80578],[117.40983,2.80595],[117.40946,2.80628],[117.40918,2.80657],[117.40889,2.80688],[117.40871,2.80713],[117.40858,2.80728],[117.40945,2.80779],[117.40935,2.80803],[117.40953,2.80832],[117.41039,2.80972],[117.41169,2.80997],[117.41169,2.80997],[117.41327,2.80866],[117.41369,2.80797],[117.41443,2.80789],[117.41469,2.80758],[117.41503,2.80735],[117.41536,2.80732],[117.41566,2.80741],[117.41592,2.80743],[117.41622,2.80732],[117.41641,2.80711],[117.41667,2.80656],[117.41698,2.80607]]]]},"properties":{"kdprov":"65","kdkab":"02","kdkec":"050","kddesa":"003","kdsls":"0009","idsls":"65020500030009","nmprov":"KALIMANTAN UTARA","nmkab":"BULUNGAN","nmkec":"TANJUNG SELOR","nmdesa":"JELARAI SELOR","nmsls":"RT 014 RW 002"}},{"type":"Feature","geometry":{"type":"MultiPolygon","coordinates":[[[[117.50445,2.78448],[117.50461,2.78448],[117.50625,2.78445],[117.50625,2.7835],[117.50625,2.78306],[117.50625,2.78257],[117.50625,2.77979],[117.50583,2.77982],[117.50583,2.77981],[117.50443,2.77986],[117.50441,2.78356],[117.50445,2.78448]]]]},"properties":{"kdprov":"65","kdkab":"02","kdkec":"050","kddesa":"006","kdsls":"0010","idsls":"65020500060010","nmprov":"KALIMANTAN UTARA","nmkab":"BULUNGAN","nmkec":"TANJUNG SELOR","nmdesa":"APUNG","nmsls":"RT 010 RW 001"}},{"type":"Feature","geometry":{"type":"MultiPolygon","coordinates":[[[[117.39835,2.82404],[117.39835,2.82404],[117.39834,2.82738],[117.39834,2.82738],[117.40094,2.82625],[117.40077,2.82453],[117.40077,2.82452],[117.40024,2.82356],[117.39835,2.82404]]]]},"properties":{"kdprov":"65","kdkab":"02","kdkec":"050","kddesa":"003","kdsls":"0024","idsls":"65020500030024","nmprov":"KALIMANTAN UTARA","nmkab":"BULUNGAN","nmkec":"TANJUNG SELOR","nmdesa":"JELARAI SELOR","nmsls":"RT 009 RW 006"}},{"type":"Feature","geometry":{"type":"MultiPolygon","coordinates":[[[[117.37924,2.8447],[117.37941,2.84466],[117.37958,2.84465],[117.37975,2.84465],[117.37992,2.84467],[117.38006,2.84469],[117.38012,2.84472],[117.3802,2.84474],[117.38024,2.84473],[117.38026,2.84467],[117.38024,2.84461],[117.38021,2.8445],[117.38014,2.84429],[117.38006,2.84393],[117.37996,2.84353],[117.37977,2.84328],[117.37977,2.84285],[117.38009,2.84245],[117.38013,2.84236],[117.38009,2.84219],[117.38012,2.84212],[117.38026,2.84202],[117.38047,2.84191],[117.38058,2.84195],[117.3807,2.84205],[117.38081,2.84232],[117.38131,2.84209],[117.3807,2.84057],[117.38048,2.84065],[117.38032,2.84033],[117.38005,2.84047],[117.37994,2.83978],[117.37961,2.8401],[117.37932,2.8395],[117.37933,2.83977],[117.37923,2.83995],[117.37902,2.84008],[117.37901,2.84022],[117.37923,2.84072],[117.3793,2.84077],[117.37947,2.84088],[117.37953,2.84106],[117.37962,2.84142],[117.37962,2.84151],[117.3796,2.84163],[117.37929,2.84228],[117.37922,2.84246],[117.37922,2.84256],[117.37922,2.84267],[117.37926,2.84284],[117.37935,2.84307],[117.37938,2.84329],[117.37937,2.84344],[117.37937,2.84354],[117.3794,2.84367],[117.37952,2.84406],[117.37953,2.84417],[117.37953,2.84422],[117.37951,2.84428],[117.37941,2.8444],[117.37896,2.84471],[117.37878,2.8448],[117.37854,2.84484],[117.37873,2.84485],[117.37893,2.84481],[117.37911,2.84474],[117.37924,2.8447]]],[[[117.38052,2.83916],[117.38082,2.83905],[117.38114,2.83897],[117.38143,2.83898],[117.38174,2.83907],[117.382,2.83953],[117.38242,2.83935],[117.38264,2.83889],[117.38269,2.83879],[117.38285,2.8388],[117.3831,2.83867],[117.3833,2.83863],[117.38345,2.83854],[117.3837,2.83853],[117.38394,2.83854],[117.38405,2.83853],[117.38416,2.83844],[117.38428,2.83831],[117.38432,2.83824],[117.38437,2.83822],[117.38447,2.83825],[117.38454,2.83823],[117.38462,2.83815],[117.38473,2.8381],[117.38479,2.8381],[117.38486,2.83818],[117.38494,2.83819],[117.38503,2.83814],[117.38551,2.83724],[117.38537,2.8373],[117.38514,2.83742],[117.38467,2.83762],[117.38436,2.83768],[117.38417,2.83775],[117.38404,2.83783],[117.38393,2.83793],[117.38374,2.83805],[117.38352,2.83813],[117.3829,2.83834],[117.3822,2.83861],[117.38194,2.83867],[117.38177,2.83868],[117.38154,2.83856],[117.38148,2.83854],[117.38137,2.83848],[117.38123,2.83847],[117.38118,2.83847],[117.38117,2.83847],[117.38114,2.83847],[117.38111,2.83848],[117.38089,2.83855],[117.38075,2.83858],[117.38052,2.83859],[117.3804,2.8386],[117.3803,2.83863],[117.3802,2.83867],[117.37969,2.83886],[117.37949,2.83898],[117.37948,2.839],[117.37993,2.83942],[117.38006,2.8394],[117.38025,2.83929],[117.38052,2.83916]]]]},"properties":{"kdprov":"65","kdkab":"02","kdkec":"050","kddesa":"009","kdsls":"0038","idsls":"65020500090038","nmprov":"KALIMANTAN UTARA","nmkab":"BULUNGAN","nmkec":"TANJUNG SELOR","nmdesa":"TANJUNG SELOR HILIR","nmsls":"RT 038 RW 014"}},{"type":"Feature","geometry":{"type":"MultiPolygon","coordinates":[[[[117.49354,2.79786],[117.49296,2.79771],[117.49245,2.79835],[117.49245,2.79835],[117.49154,2.79921],[117.49084,2.79954],[117.49076,2.79963],[117.49072,2.79987],[117.49076,2.80007],[117.49119,2.80024],[117.49193,2.80036],[117.49282,2.80036],[117.49431,2.80074],[117.49446,2.80059],[117.49443,2.80021],[117.49426,2.79969],[117.4942,2.79928],[117.49404,2.79875],[117.494,2.79861],[117.49392,2.79836],[117.49383,2.79806],[117.49354,2.79786]]]]},"properties":{"kdprov":"65","kdkab":"02","kdkec":"050","kddesa":"006","kdsls":"0002","idsls":"65020500060002","nmprov":"KALIMANTAN UTARA","nmkab":"BULUNGAN","nmkec":"TANJUNG SELOR","nmdesa":"APUNG","nmsls":"RT 002 RW 001"}},{"type":"Feature","geometry":{"type":"MultiPolygon","coordinates":[[[[117.50625,2.77979],[117.50625,2.78257],[117.52115,2.78241],[117.52193,2.7819],[117.5221,2.78179],[117.52223,2.78173],[117.52322,2.78023],[117.52464,2.77898],[117.52486,2.77878],[117.52506,2.77836],[117.52715,2.77757],[117.52772,2.77692],[117.52775,2.77691],[117.52776,2.7769],[117.52744,2.77687],[117.52727,2.77684],[117.52689,2.77674],[117.52669,2.77669],[117.52651,2.77667],[117.52625,2.77672],[117.52602,2.77673],[117.52587,2.77673],[117.52571,2.77668],[117.52553,2.77664],[117.52529,2.77658],[117.52496,2.77653],[117.52488,2.77649],[117.52479,2.77637],[117.5248,2.77623],[117.52481,2.77606],[117.52488,2.77564],[117.52496,2.77545],[117.52515,2.77519],[117.52524,2.77504],[117.52529,2.7748],[117.52531,2.77467],[117.5253,2.77451],[117.52526,2.77437],[117.52518,2.77416],[117.52497,2.7739],[117.52489,2.77373],[117.52477,2.77349],[117.52466,2.77343],[117.52451,2.77333],[117.52432,2.77331],[117.52409,2.77331],[117.52377,2.77338],[117.52349,2.77338],[117.52313,2.77338],[117.52295,2.77333],[117.52261,2.77324],[117.52162,2.77308],[117.52103,2.77313],[117.52066,2.77313],[117.52034,2.77303],[117.51993,2.7729],[117.51865,2.77278],[117.51793,2.77263],[117.51774,2.77258],[117.51759,2.77252],[117.51745,2.77247],[117.51724,2.77245],[117.51698,2.77247],[117.51662,2.77257],[117.51639,2.77271],[117.51615,2.77283],[117.51568,2.77325],[117.5154,2.77352],[117.51499,2.77385],[117.51482,2.77393],[117.51461,2.77399],[117.5143,2.77402],[117.51409,2.77398],[117.5136,2.77378],[117.51245,2.77354],[117.5117,2.77322],[117.51151,2.77314],[117.5113,2.77304],[117.51112,2.77297],[117.51093,2.77297],[117.51077,2.773],[117.51063,2.77307],[117.51052,2.7732],[117.51042,2.77337],[117.51032,2.77353],[117.5102,2.77373],[117.50997,2.7738],[117.50974,2.77369],[117.50955,2.77349],[117.50936,2.7734],[117.50908,2.77329],[117.50878,2.77314],[117.50864,2.77281],[117.50845,2.77233],[117.50839,2.77215],[117.50811,2.77199],[117.50793,2.77199],[117.50767,2.77205],[117.50748,2.77212],[117.50723,2.77225],[117.50697,2.7723],[117.50682,2.77225],[117.50666,2.7722],[117.5065,2.7722],[117.50633,2.77223],[117.50606,2.77236],[117.50605,2.77236],[117.50583,2.77981],[117.50583,2.77982],[117.50625,2.77979]]]]},"properties":{"kdprov":"65","kdkab":"02","kdkec":"050","kddesa":"006","kdsls":"0013","idsls":"65020500060013","nmprov":"KALIMANTAN UTARA","nmkab":"BULUNGAN","nmkec":"TANJUNG SELOR","nmdesa":"APUNG","nmsls":"RT 013 RW 002"}},{"type":"Feature","geometry":{"type":"MultiPolygon","coordinates":[[[[117.52349,2.77338],[117.52377,2.77338],[117.52409,2.77331],[117.52432,2.77331],[117.52451,2.77333],[117.52466,2.77343],[117.52477,2.77349],[117.52489,2.77373],[117.52497,2.7739],[117.52518,2.77416],[117.52526,2.77437],[117.5253,2.77451],[117.52531,2.77467],[117.52529,2.7748],[117.52524,2.77504],[117.52515,2.77519],[117.52496,2.77545],[117.52488,2.77564],[117.52481,2.77606],[117.5248,2.77623],[117.52479,2.77637],[117.52488,2.77649],[117.52496,2.77653],[117.52529,2.77658],[117.52553,2.77664],[117.52571,2.77668],[117.52587,2.77673],[117.52602,2.77673],[117.52625,2.77672],[117.52651,2.77667],[117.52669,2.77669],[117.52689,2.77674],[117.52727,2.77684],[117.52744,2.77687],[117.52776,2.7769],[117.52869,2.77656],[117.52931,2.77488],[117.53025,2.77455],[117.53073,2.77398],[117.53127,2.77367],[117.5314,2.77379],[117.53218,2.77453],[117.53328,2.77533],[117.53452,2.77573],[117.53461,2.77581],[117.53461,2.77582],[117.53461,2.77583],[117.5346,2.77691],[117.53516,2.77723],[117.53581,2.77738],[117.53622,2.77928],[117.53687,2.77966],[117.53789,2.78112],[117.53788,2.78191],[117.53822,2.78224],[117.53855,2.78305],[117.53875,2.78386],[117.53936,2.78461],[117.54035,2.78536],[117.54021,2.78615],[117.5404,2.78618],[117.54076,2.78698],[117.54094,2.78723],[117.54132,2.7874],[117.54265,2.78865],[117.54265,2.78865],[117.54264,2.78872],[117.54262,2.78883],[117.54243,2.79004],[117.54191,2.79065],[117.54191,2.79068],[117.54177,2.79265],[117.54164,2.79361],[117.54185,2.79435],[117.54189,2.79448],[117.543,2.79472],[117.5445,2.79422],[117.54628,2.79364],[117.54707,2.79369],[117.54714,2.79432],[117.54889,2.79499],[117.55117,2.79456],[117.55225,2.794],[117.55348,2.79287],[117.55525,2.79072],[117.55548,2.79053],[117.55634,2.79019],[117.55775,2.79017],[117.5591,2.78989],[117.55939,2.78936],[117.55959,2.7889],[117.55959,2.78836],[117.55941,2.78798],[117.55956,2.77801],[117.5409,2.77795],[117.53477,2.77558],[117.53476,2.77557],[117.53414,2.77533],[117.52821,2.77064],[117.52656,2.76619],[117.52295,2.77333],[117.52313,2.77338],[117.52349,2.77338]]]]},"properties":{"kdprov":"65","kdkab":"02","kdkec":"050","kddesa":"006","kdsls":"0014","idsls":"65020500060014","nmprov":"KALIMANTAN UTARA","nmkab":"BULUNGAN","nmkec":"TANJUNG SELOR","nmdesa":"APUNG","nmsls":"RT 014 RW 001"}},{"type":"Feature","geometry":{"type":"MultiPolygon","coordinates":[[[[117.5001,2.77301],[117.5001,2.77302],[117.5003,2.7763],[117.50053,2.78002],[117.5024,2.77994],[117.50203,2.77295],[117.5001,2.77301]]]]},"properties":{"kdprov":"65","kdkab":"02","kdkec":"050","kddesa":"006","kdsls":"0009","idsls":"65020500060009","nmprov":"KALIMANTAN UTARA","nmkab":"BULUNGAN","nmkec":"TANJUNG SELOR","nmdesa":"APUNG","nmsls":"RT 009 RW 002"}},{"type":"Feature","geometry":{"type":"MultiPolygon","coordinates":[[[[117.42079,2.82097],[117.4211,2.82138],[117.42178,2.82234],[117.42182,2.82227],[117.42291,2.82167],[117.42444,2.82109],[117.42533,2.82088],[117.42635,2.82115],[117.42646,2.8212],[117.42673,2.82131],[117.42696,2.82134],[117.42716,2.82134],[117.42715,2.82133],[117.42555,2.81945],[117.42408,2.81772],[117.42288,2.81807],[117.42288,2.81807],[117.42264,2.81827],[117.42176,2.81842],[117.42167,2.81862],[117.42079,2.82097]]]]},"properties":{"kdprov":"65","kdkab":"02","kdkec":"050","kddesa":"007","kdsls":"0006","idsls":"65020500070006","nmprov":"KALIMANTAN UTARA","nmkab":"BULUNGAN","nmkec":"TANJUNG SELOR","nmdesa":"TENGKAPAK","nmsls":"RT 006"}},{"type":"Feature","geometry":{"type":"MultiPolygon","coordinates":[[[[117.40162,2.84559],[117.40248,2.84439],[117.40246,2.84438],[117.40234,2.84422],[117.40223,2.84393],[117.4017,2.84215],[117.4016,2.8421],[117.4013,2.84204],[117.39991,2.84155],[117.39992,2.84155],[117.40001,2.84153],[117.39977,2.84142],[117.39664,2.84134],[117.39648,2.84131],[117.39651,2.84185],[117.39657,2.84201],[117.39674,2.84216],[117.39694,2.84235],[117.39714,2.84267],[117.39725,2.84288],[117.39725,2.84307],[117.39717,2.84361],[117.39708,2.84377],[117.40058,2.84638],[117.40059,2.84639],[117.40121,2.84685],[117.40119,2.84609],[117.40125,2.84587],[117.40136,2.84569],[117.40145,2.84566],[117.40154,2.84564],[117.40162,2.84559]]]]},"properties":{"kdprov":"65","kdkab":"02","kdkec":"050","kddesa":"009","kdsls":"0078","idsls":"65020500090078","nmprov":"KALIMANTAN UTARA","nmkab":"BULUNGAN","nmkec":"TANJUNG SELOR","nmdesa":"TANJUNG SELOR HILIR","nmsls":"RT 078 RW 029"}},{"type":"Feature","geometry":{"type":"MultiPolygon","coordinates":[[[[117.49269,2.77302],[117.49169,2.77301],[117.49168,2.77428],[117.49174,2.77659],[117.49191,2.7766],[117.49265,2.77659],[117.49443,2.77649],[117.49444,2.77649],[117.49671,2.77641],[117.49727,2.77641],[117.49763,2.77645],[117.49811,2.77643],[117.49818,2.77638],[117.49822,2.77638],[117.4983,2.77638],[117.5003,2.7763],[117.5001,2.77302],[117.49269,2.77302]]]]},"properties":{"kdprov":"65","kdkab":"02","kdkec":"050","kddesa":"006","kdsls":"0003","idsls":"65020500060003","nmprov":"KALIMANTAN UTARA","nmkab":"BULUNGAN","nmkec":"TANJUNG SELOR","nmdesa":"APUNG","nmsls":"RT 003 RW 002"}},{"type":"Feature","geometry":{"type":"MultiPolygon","coordinates":[[[[117.49493,2.78031],[117.4946,2.78032],[117.49371,2.78034],[117.49235,2.7804],[117.49195,2.78043],[117.49203,2.78422],[117.49519,2.78401],[117.49516,2.78318],[117.49592,2.78311],[117.49572,2.78027],[117.49497,2.78031],[117.49493,2.78031]]]]},"properties":{"kdprov":"65","kdkab":"02","kdkec":"050","kddesa":"006","kdsls":"0004","idsls":"65020500060004","nmprov":"KALIMANTAN UTARA","nmkab":"BULUNGAN","nmkec":"TANJUNG SELOR","nmdesa":"APUNG","nmsls":"RT 004 RW 001"}},{"type":"Feature","geometry":{"type":"MultiPolygon","coordinates":[[[[117.44105,2.80722],[117.44104,2.80568],[117.441,2.80412],[117.44095,2.80268],[117.44092,2.80195],[117.44081,2.80104],[117.44066,2.79975],[117.44053,2.79852],[117.4405,2.79827],[117.43445,2.79475],[117.43447,2.79499],[117.43445,2.79529],[117.43429,2.79571],[117.4341,2.79606],[117.43396,2.79689],[117.43388,2.79691],[117.43356,2.79731],[117.43298,2.79806],[117.43257,2.79865],[117.43217,2.79926],[117.43164,2.79974],[117.43119,2.7998],[117.43049,2.80004],[117.42977,2.80041],[117.42861,2.80143],[117.42831,2.80179],[117.42775,2.80203],[117.42695,2.80207],[117.42609,2.80197],[117.4261,2.80197],[117.42005,2.80438],[117.41764,2.80582],[117.41704,2.80646],[117.41653,2.80792],[117.41595,2.80807],[117.41511,2.80781],[117.41443,2.80789],[117.41369,2.80797],[117.41327,2.80866],[117.41169,2.80997],[117.41477,2.81171],[117.41605,2.81245],[117.41645,2.81258],[117.41751,2.81308],[117.41721,2.8137],[117.4172,2.81372],[117.41722,2.81371],[117.41722,2.81371],[117.41821,2.81347],[117.41829,2.81345],[117.41988,2.81293],[117.42203,2.81235],[117.42216,2.81231],[117.42424,2.81156],[117.42572,2.81158],[117.42777,2.81166],[117.42895,2.81173],[117.42984,2.81179],[117.43224,2.81197],[117.43404,2.81219],[117.43534,2.81233],[117.43726,2.81232],[117.43913,2.81165],[117.44032,2.81081],[117.44034,2.81082],[117.44045,2.81071],[117.44072,2.81053],[117.44091,2.80967],[117.44094,2.80953],[117.44097,2.80852],[117.44105,2.80722]]],[[[117.37913,2.81776],[117.38237,2.82012],[117.38271,2.82051],[117.38342,2.82117],[117.38465,2.82228],[117.38539,2.82286],[117.38559,2.82337],[117.38559,2.82387],[117.38559,2.82423],[117.38559,2.82503],[117.38611,2.82539],[117.38688,2.82589],[117.38756,2.82636],[117.38782,2.82656],[117.38822,2.8267],[117.39052,2.82748],[117.39397,2.8275],[117.39406,2.8275],[117.39514,2.82808],[117.3958,2.82848],[117.39834,2.82738],[117.39834,2.82738],[117.39835,2.82404],[117.39835,2.82404],[117.39425,2.81826],[117.39422,2.81818],[117.39377,2.81796],[117.39179,2.81755],[117.39043,2.81747],[117.38828,2.81732],[117.38734,2.81737],[117.38541,2.81725],[117.38348,2.81712],[117.38319,2.817],[117.38255,2.81675],[117.38228,2.81659],[117.38194,2.81638],[117.38104,2.81596],[117.38071,2.81545],[117.38065,2.81504],[117.38075,2.81453],[117.3811,2.81412],[117.38157,2.81372],[117.3822,2.81331],[117.38247,2.81287],[117.38257,2.81224],[117.38239,2.8117],[117.38179,2.81134],[117.38006,2.811],[117.37914,2.81065],[117.37913,2.81776]]]]},"properties":{"kdprov":"65","kdkab":"02","kdkec":"050","kddesa":"003","kdsls":"1001","idsls":"65020500031001","nmprov":"KALIMANTAN UTARA","nmkab":"BULUNGAN","nmkec":"TANJUNG SELOR","nmdesa":"JELARAI SELOR","nmsls":"LAHAN MILIK TNI"}},{"type":"Feature","geometry":{"type":"MultiPolygon","coordinates":[[[[117.52321,2.79147],[117.52336,2.79112],[117.52356,2.79081],[117.5238,2.79061],[117.52409,2.79048],[117.52443,2.7905],[117.52424,2.7903],[117.52417,2.79],[117.52411,2.78711],[117.524,2.78693],[117.52378,2.78678],[117.52352,2.7866],[117.52334,2.7864],[117.52321,2.78594],[117.5233,2.78546],[117.52356,2.78509],[117.52365,2.78474],[117.52347,2.78434],[117.5233,2.7841],[117.52325,2.78371],[117.52323,2.7834],[117.52297,2.78305],[117.52193,2.7819],[117.52115,2.78241],[117.51956,2.78346],[117.51921,2.78359],[117.51747,2.78437],[117.51578,2.78551],[117.51475,2.78573],[117.51383,2.78592],[117.51229,2.78654],[117.51086,2.78748],[117.51076,2.78772],[117.51021,2.78912],[117.51011,2.7905],[117.50999,2.7918],[117.50921,2.79316],[117.50906,2.79332],[117.5077,2.79453],[117.5067,2.79542],[117.50626,2.7958],[117.50626,2.79581],[117.50567,2.79632],[117.50441,2.7969],[117.50247,2.79782],[117.49983,2.7982],[117.49773,2.79844],[117.49592,2.79858],[117.49455,2.79861],[117.494,2.79861],[117.49404,2.79875],[117.4942,2.79928],[117.49426,2.79969],[117.49443,2.80021],[117.49446,2.80059],[117.49431,2.80074],[117.49282,2.80036],[117.49193,2.80036],[117.49119,2.80024],[117.49076,2.80007],[117.49072,2.79987],[117.49076,2.79963],[117.49084,2.79954],[117.4897,2.80009],[117.48749,2.80146],[117.48555,2.80187],[117.4835,2.80228],[117.48315,2.80248],[117.4811,2.80361],[117.47948,2.80472],[117.47861,2.80532],[117.47831,2.80617],[117.47705,2.80807],[117.47666,2.80863],[117.47558,2.81013],[117.47556,2.81014],[117.47483,2.81067],[117.47446,2.81067],[117.47194,2.81068],[117.46974,2.81074],[117.46748,2.81081],[117.46534,2.81075],[117.46315,2.81072],[117.46296,2.81071],[117.46038,2.81069],[117.45747,2.81069],[117.45444,2.81069],[117.45172,2.81058],[117.44934,2.81048],[117.44774,2.81042],[117.44638,2.81037],[117.44603,2.81036],[117.44395,2.81031],[117.44175,2.81029],[117.44134,2.81049],[117.44088,2.81075],[117.44051,2.81084],[117.44038,2.81084],[117.44034,2.81082],[117.44032,2.81081],[117.43913,2.81165],[117.43726,2.81232],[117.43534,2.81233],[117.43404,2.81219],[117.43224,2.81197],[117.42984,2.81179],[117.42895,2.81173],[117.42867,2.81193],[117.42854,2.81217],[117.42848,2.81252],[117.42852,2.81283],[117.42874,2.8132],[117.42896,2.81338],[117.42929,2.81358],[117.42948,2.81379],[117.42964,2.81406],[117.42986,2.81454],[117.43016,2.81524],[117.43031,2.81535],[117.43053,2.81559],[117.43073,2.81577],[117.43082,2.8161],[117.43099,2.81673],[117.43104,2.8173],[117.43097,2.81754],[117.43075,2.81774],[117.43043,2.81792],[117.42977,2.81826],[117.4292,2.81868],[117.42871,2.81908],[117.42826,2.81949],[117.42804,2.81971],[117.4278,2.81978],[117.42751,2.81984],[117.42699,2.81967],[117.42648,2.81958],[117.42555,2.81945],[117.42715,2.82133],[117.42716,2.82134],[117.42765,2.82135],[117.42803,2.82145],[117.42835,2.82179],[117.42857,2.82201],[117.42872,2.8222],[117.42883,2.82243],[117.42888,2.82283],[117.42903,2.82311],[117.42923,2.82329],[117.42924,2.8233],[117.42937,2.82347],[117.42944,2.82378],[117.42948,2.82417],[117.42946,2.8242],[117.4293,2.82456],[117.42908,2.82484],[117.42903,2.82486],[117.42847,2.8256],[117.42795,2.82652],[117.42804,2.82764],[117.42813,2.82806],[117.42889,2.82884],[117.42929,2.82909],[117.4321,2.8316],[117.43481,2.83364],[117.43624,2.83447],[117.43663,2.8347],[117.43663,2.83489],[117.43685,2.83507],[117.43718,2.83574],[117.43692,2.83661],[117.43655,2.83693],[117.43621,2.83765],[117.43599,2.83812],[117.43578,2.83881],[117.43584,2.83932],[117.43621,2.84025],[117.43688,2.8408],[117.43754,2.84102],[117.43823,2.84134],[117.43926,2.84147],[117.44009,2.84139],[117.44064,2.84137],[117.44073,2.84133],[117.441,2.8413],[117.44187,2.84092],[117.44219,2.8407],[117.4427,2.84035],[117.44341,2.83997],[117.44418,2.83987],[117.44468,2.83991],[117.44559,2.84009],[117.44636,2.84037],[117.44717,2.84058],[117.44838,2.84108],[117.44949,2.84179],[117.44991,2.84198],[117.4502,2.84211],[117.45057,2.84189],[117.45053,2.84163],[117.45036,2.8411],[117.44935,2.83999],[117.4484,2.83857],[117.44763,2.83744],[117.44747,2.83697],[117.44703,2.83634],[117.44668,2.83515],[117.44656,2.83422],[117.4468,2.83373],[117.44717,2.83333],[117.44758,2.83263],[117.44769,2.83257],[117.44773,2.83256],[117.44793,2.8323],[117.44819,2.83226],[117.44959,2.83179],[117.45048,2.83169],[117.45281,2.83165],[117.45647,2.83133],[117.45779,2.83116],[117.45848,2.831],[117.45959,2.8309],[117.46107,2.831],[117.46194,2.83118],[117.46364,2.83161],[117.46381,2.83179],[117.46395,2.83181],[117.46419,2.83201],[117.46457,2.83222],[117.46522,2.83276],[117.46599,2.83365],[117.4667,2.83471],[117.46751,2.8355],[117.46812,2.8362],[117.47016,2.8372],[117.47174,2.83805],[117.47213,2.83841],[117.47292,2.83891],[117.47378,2.83929],[117.47421,2.83973],[117.47555,2.84025],[117.47656,2.84031],[117.47783,2.83991],[117.4783,2.83967],[117.47889,2.83892],[117.47921,2.83853],[117.47954,2.83799],[117.48002,2.83761],[117.48033,2.83736],[117.48154,2.83661],[117.48184,2.83649],[117.48227,2.83616],[117.48383,2.83526],[117.4845,2.83446],[117.48472,2.83393],[117.4846,2.8333],[117.48367,2.83154],[117.48294,2.82998],[117.4829,2.8297],[117.48266,2.82915],[117.48231,2.82747],[117.48223,2.82636],[117.48229,2.82545],[117.48233,2.8249],[117.48225,2.82312],[117.48197,2.82091],[117.48177,2.82012],[117.48168,2.81899],[117.48168,2.81898],[117.48184,2.81775],[117.4824,2.8173],[117.48305,2.81696],[117.48402,2.81676],[117.48427,2.81676],[117.48449,2.81678],[117.48593,2.81695],[117.48741,2.81769],[117.48778,2.8179],[117.48938,2.8193],[117.49278,2.82149],[117.49428,2.82208],[117.49709,2.82289],[117.49817,2.82306],[117.49924,2.82344],[117.5046,2.82483],[117.50811,2.82539],[117.51046,2.82526],[117.51128,2.82511],[117.51209,2.82487],[117.51416,2.82402],[117.5146,2.82383],[117.51577,2.82291],[117.51606,2.82244],[117.51659,2.82193],[117.5175,2.82041],[117.51809,2.81928],[117.5184,2.81844],[117.51927,2.81725],[117.52017,2.81632],[117.52234,2.8148],[117.52399,2.81404],[117.52509,2.81359],[117.52714,2.81275],[117.52894,2.81177],[117.52991,2.81125],[117.53189,2.80996],[117.53339,2.80865],[117.53459,2.80774],[117.53474,2.8076],[117.53687,2.80626],[117.5378,2.80564],[117.53914,2.80514],[117.5404,2.80494],[117.54123,2.8048],[117.54224,2.80484],[117.54307,2.80521],[117.54323,2.80544],[117.54339,2.8055],[117.5437,2.80602],[117.54395,2.80642],[117.54405,2.80714],[117.54422,2.80778],[117.54418,2.80871],[117.54402,2.81045],[117.54384,2.81156],[117.54352,2.81311],[117.54348,2.81351],[117.54266,2.81588],[117.54224,2.81707],[117.54131,2.81912],[117.54115,2.81972],[117.54028,2.82149],[117.54017,2.82244],[117.54026,2.82319],[117.5403,2.82324],[117.54035,2.82356],[117.54103,2.82469],[117.54175,2.8255],[117.54241,2.82611],[117.54262,2.82619],[117.54331,2.82682],[117.54415,2.82737],[117.54944,2.83196],[117.5528,2.83524],[117.55762,2.83951],[117.5624,2.84203],[117.56584,2.84286],[117.56778,2.84326],[117.56984,2.84331],[117.57112,2.84282],[117.5726,2.84207],[117.57633,2.84075],[117.57987,2.83895],[117.58124,2.83809],[117.5822,2.83749],[117.58233,2.83654],[117.58248,2.83547],[117.58244,2.8354],[117.57907,2.83364],[117.57853,2.83283],[117.57781,2.83163],[117.57777,2.83121],[117.57777,2.83121],[117.57777,2.82972],[117.57814,2.82842],[117.57834,2.82824],[117.57959,2.82611],[117.58077,2.82397],[117.58078,2.82382],[117.5809,2.8237],[117.58106,2.82241],[117.58094,2.82081],[117.58056,2.81941],[117.58007,2.81858],[117.57936,2.81799],[117.57871,2.81771],[117.5772,2.81775],[117.57533,2.81834],[117.57494,2.81859],[117.57388,2.81894],[117.57273,2.81914],[117.57166,2.81932],[117.57055,2.81915],[117.56927,2.81894],[117.56705,2.81746],[117.56604,2.81631],[117.56575,2.81598],[117.56567,2.81573],[117.56538,2.81487],[117.56529,2.81368],[117.56545,2.8123],[117.56622,2.81143],[117.56759,2.81066],[117.56778,2.81059],[117.56869,2.81059],[117.57039,2.81042],[117.57313,2.80997],[117.57574,2.80894],[117.5767,2.80852],[117.57729,2.80806],[117.57776,2.80794],[117.57871,2.80739],[117.57942,2.8066],[117.57942,2.80601],[117.57722,2.80289],[117.57622,2.80131],[117.57587,2.80048],[117.57472,2.79874],[117.57393,2.79783],[117.57231,2.79668],[117.57022,2.79637],[117.56962,2.79656],[117.56899,2.79704],[117.56879,2.79775],[117.56883,2.79842],[117.56937,2.80063],[117.56942,2.80104],[117.56966,2.80156],[117.56978,2.80263],[117.56976,2.80391],[117.56963,2.80447],[117.56963,2.80483],[117.56963,2.80483],[117.56963,2.80492],[117.56923,2.80601],[117.56891,2.8068],[117.56844,2.80743],[117.56777,2.80791],[117.56727,2.80833],[117.56678,2.80852],[117.56623,2.80889],[117.56502,2.80947],[117.56397,2.80962],[117.56387,2.80964],[117.56322,2.80976],[117.56313,2.80974],[117.56271,2.80962],[117.56223,2.80866],[117.56184,2.80755],[117.56154,2.80646],[117.5615,2.80579],[117.56131,2.8053],[117.56131,2.80461],[117.56142,2.80401],[117.56148,2.80364],[117.56189,2.80349],[117.56194,2.80348],[117.56219,2.80466],[117.56251,2.80668],[117.56295,2.80798],[117.56362,2.80838],[117.56464,2.8083],[117.56611,2.80775],[117.56753,2.80692],[117.56788,2.80652],[117.56844,2.80569],[117.56875,2.80466],[117.56871,2.80277],[117.56832,2.80075],[117.56777,2.79929],[117.56763,2.79911],[117.56759,2.7987],[117.56759,2.7987],[117.56774,2.79701],[117.5682,2.79629],[117.56915,2.79571],[117.56962,2.79542],[117.57093,2.7953],[117.57104,2.79535],[117.57154,2.79535],[117.57377,2.79629],[117.57531,2.79779],[117.57678,2.79963],[117.57688,2.79981],[117.57868,2.80315],[117.57909,2.80353],[117.58081,2.80565],[117.58097,2.8066],[117.58083,2.8074],[117.57998,2.80835],[117.57924,2.80873],[117.57758,2.80966],[117.57443,2.81114],[117.57392,2.8112],[117.57211,2.81168],[117.57013,2.81178],[117.5691,2.81179],[117.56786,2.8118],[117.56675,2.81263],[117.56647,2.81323],[117.56669,2.81433],[117.56715,2.81526],[117.568,2.81639],[117.56855,2.81674],[117.56992,2.8173],[117.57019,2.81746],[117.57053,2.81746],[117.57179,2.81779],[117.5728,2.81771],[117.5742,2.81749],[117.57566,2.81686],[117.57802,2.81629],[117.579,2.81647],[117.58092,2.81739],[117.58208,2.81926],[117.58244,2.82125],[117.58244,2.82287],[117.58161,2.82575],[117.57995,2.82828],[117.57956,2.82868],[117.57896,2.83057],[117.57924,2.83144],[117.58019,2.83247],[117.58104,2.83279],[117.58165,2.83325],[117.58226,2.83332],[117.58313,2.83343],[117.58422,2.83332],[117.58498,2.83325],[117.5859,2.83269],[117.58616,2.83243],[117.58742,2.8299],[117.59019,2.82607],[117.59295,2.8222],[117.59661,2.81716],[117.59476,2.81285],[117.59301,2.80893],[117.59299,2.80894],[117.59214,2.80692],[117.57987,2.7963],[117.56249,2.79106],[117.55941,2.78798],[117.55959,2.78836],[117.55959,2.7889],[117.55939,2.78936],[117.5591,2.78989],[117.55775,2.79017],[117.55634,2.79019],[117.55548,2.79053],[117.55525,2.79072],[117.55348,2.79287],[117.55225,2.794],[117.55117,2.79456],[117.54889,2.79499],[117.54714,2.79432],[117.54707,2.79369],[117.54628,2.79364],[117.5445,2.79422],[117.543,2.79472],[117.54189,2.79448],[117.54185,2.79435],[117.53673,2.7944],[117.53669,2.79556],[117.53649,2.79556],[117.53618,2.79561],[117.536,2.79581],[117.53592,2.79596],[117.53561,2.79605],[117.53537,2.79609],[117.53537,2.79673],[117.535,2.79679],[117.53474,2.79673],[117.53454,2.79664],[117.53434,2.79657],[117.53401,2.79653],[117.53371,2.79655],[117.53365,2.79656],[117.53077,2.80187],[117.52856,2.80341],[117.51911,2.79648],[117.52156,2.79306],[117.52183,2.79278],[117.52222,2.79267],[117.52268,2.79252],[117.52294,2.79245],[117.52303,2.79228],[117.52308,2.79208],[117.52312,2.79177],[117.52321,2.79147]]]]},"properties":{"kdprov":"65","kdkab":"02","kdkec":"050","kddesa":"007","kdsls":"1002","idsls":"65020500071002","nmprov":"KALIMANTAN UTARA","nmkab":"BULUNGAN","nmkec":"TANJUNG SELOR","nmdesa":"TENGKAPAK","nmsls":"LAHAN PERTANIAN"}},{"type":"Feature","geometry":{"type":"MultiPolygon","coordinates":[[[[117.41835,2.82031],[117.41836,2.82088],[117.41837,2.82125],[117.42029,2.82034],[117.42072,2.82089],[117.42079,2.82097],[117.42079,2.82097],[117.42167,2.81862],[117.42176,2.81842],[117.42054,2.81862],[117.41959,2.81942],[117.41898,2.8199],[117.41881,2.81971],[117.41825,2.81978],[117.41835,2.82031]]]]},"properties":{"kdprov":"65","kdkab":"02","kdkec":"050","kddesa":"007","kdsls":"0002","idsls":"65020500070002","nmprov":"KALIMANTAN UTARA","nmkab":"BULUNGAN","nmkec":"TANJUNG SELOR","nmdesa":"TENGKAPAK","nmsls":"RT 002"}},{"type":"Feature","geometry":{"type":"MultiPolygon","coordinates":[[[[117.50441,2.78356],[117.50349,2.78359],[117.50346,2.78309],[117.50066,2.78314],[117.50068,2.78354],[117.50067,2.78368],[117.50067,2.78368],[117.49997,2.78371],[117.49991,2.78371],[117.49983,2.78377],[117.49971,2.78377],[117.49893,2.78377],[117.49896,2.78844],[117.50476,2.78847],[117.50461,2.78448],[117.50445,2.78448],[117.50441,2.78356]]]]},"properties":{"kdprov":"65","kdkab":"02","kdkec":"050","kddesa":"006","kdsls":"0012","idsls":"65020500060012","nmprov":"KALIMANTAN UTARA","nmkab":"BULUNGAN","nmkec":"TANJUNG SELOR","nmdesa":"APUNG","nmsls":"RT 012 RW 001"}},{"type":"Feature","geometry":{"type":"MultiPolygon","coordinates":[[[[117.40395,2.82398],[117.40407,2.82352],[117.40417,2.82316],[117.40429,2.82292],[117.40445,2.82276],[117.40587,2.82121],[117.40603,2.82104],[117.40611,2.82093],[117.40623,2.82072],[117.40668,2.81988],[117.40621,2.81957],[117.40448,2.81888],[117.40226,2.81805],[117.4011,2.81756],[117.40049,2.81697],[117.40049,2.81697],[117.40034,2.8169],[117.40031,2.81685],[117.4002,2.81669],[117.39998,2.81656],[117.39983,2.81656],[117.39959,2.81667],[117.39949,2.81694],[117.39949,2.81712],[117.39954,2.81737],[117.39961,2.81784],[117.39963,2.81921],[117.39852,2.82012],[117.39786,2.82012],[117.39711,2.81987],[117.39599,2.81924],[117.39554,2.81891],[117.39425,2.81826],[117.39835,2.82404],[117.40024,2.82356],[117.40077,2.82452],[117.40077,2.82453],[117.40094,2.82625],[117.40094,2.82625],[117.40114,2.82629],[117.40138,2.82621],[117.40158,2.82609],[117.4018,2.82599],[117.402,2.82597],[117.40232,2.826],[117.40246,2.82609],[117.40255,2.82624],[117.40265,2.82651],[117.40271,2.82677],[117.40274,2.82699],[117.40301,2.82662],[117.40331,2.8261],[117.40351,2.82571],[117.40366,2.82538],[117.40376,2.82496],[117.40386,2.8244],[117.40395,2.82398]]]]},"properties":{"kdprov":"65","kdkab":"02","kdkec":"050","kddesa":"003","kdsls":"0025","idsls":"65020500030025","nmprov":"KALIMANTAN UTARA","nmkab":"BULUNGAN","nmkec":"TANJUNG SELOR","nmdesa":"JELARAI SELOR","nmsls":"RT 013 RW 006"}},{"type":"Feature","geometry":{"type":"MultiPolygon","coordinates":[[[[117.49958,2.78194],[117.50062,2.78191],[117.50061,2.78148],[117.50052,2.78002],[117.4985,2.78012],[117.49633,2.78023],[117.49572,2.78027],[117.49592,2.78311],[117.49516,2.78318],[117.49519,2.78401],[117.49599,2.78396],[117.49893,2.78377],[117.49971,2.78377],[117.49958,2.78194]]]]},"properties":{"kdprov":"65","kdkab":"02","kdkec":"050","kddesa":"006","kdsls":"0006","idsls":"65020500060006","nmprov":"KALIMANTAN UTARA","nmkab":"BULUNGAN","nmkec":"TANJUNG SELOR","nmdesa":"APUNG","nmsls":"RT 006 RW 001"}},{"type":"Feature","geometry":{"type":"MultiPolygon","coordinates":[[[[117.4096,2.84685],[117.4043,2.83598],[117.40345,2.83654],[117.40288,2.83696],[117.40291,2.83719],[117.4029,2.83719],[117.4029,2.83767],[117.40289,2.83792],[117.4027,2.83958],[117.40245,2.84002],[117.40214,2.84041],[117.4007,2.84118],[117.40003,2.84153],[117.40001,2.84153],[117.39992,2.84155],[117.39991,2.84155],[117.4013,2.84204],[117.4016,2.8421],[117.4017,2.84215],[117.40223,2.84393],[117.40234,2.84422],[117.40246,2.84438],[117.40248,2.84439],[117.4031,2.84467],[117.40421,2.8453],[117.40466,2.84598],[117.40503,2.84668],[117.40533,2.84779],[117.40548,2.84855],[117.40551,2.84855],[117.40732,2.8478],[117.4096,2.84685]]]]},"properties":{"kdprov":"65","kdkab":"02","kdkec":"050","kddesa":"008","kdsls":"0001","idsls":"65020500080001","nmprov":"KALIMANTAN UTARA","nmkab":"BULUNGAN","nmkec":"TANJUNG SELOR","nmdesa":"TANJUNG SELOR TIMUR","nmsls":"RT 001 RW 001"}},{"type":"Feature","geometry":{"type":"MultiPolygon","coordinates":[[[[117.37567,2.81112],[117.37538,2.81128],[117.37515,2.81143],[117.375,2.81153],[117.3747,2.81174],[117.37469,2.81175],[117.37405,2.8122],[117.37386,2.81228],[117.3736,2.81238],[117.37314,2.81265],[117.37303,2.81272],[117.37286,2.81279],[117.37257,2.81288],[117.37245,2.81287],[117.37223,2.81283],[117.37203,2.81289],[117.37912,2.82377],[117.37913,2.81776],[117.37914,2.81065],[117.37789,2.81033],[117.37737,2.81035],[117.37674,2.81055],[117.37655,2.81065],[117.37628,2.81077],[117.37611,2.81091],[117.37592,2.811],[117.37567,2.81112]]]]},"properties":{"kdprov":"65","kdkab":"02","kdkec":"050","kddesa":"002","kdsls":"0026","idsls":"65020500020026","nmprov":"KALIMANTAN UTARA","nmkab":"BULUNGAN","nmkec":"TANJUNG SELOR","nmdesa":"TANJUNG SELOR HULU","nmsls":"RT 026 RW 007"}},{"type":"Feature","geometry":{"type":"MultiPolygon","coordinates":[[[[117.49265,2.77659],[117.49191,2.7766],[117.49174,2.77659],[117.49168,2.77428],[117.49169,2.77301],[117.49122,2.773],[117.49118,2.77432],[117.49121,2.77659],[117.49122,2.77831],[117.48924,2.77833],[117.48921,2.78079],[117.48932,2.78072],[117.48951,2.78062],[117.48959,2.78059],[117.48979,2.78053],[117.48991,2.78052],[117.49012,2.7805],[117.49047,2.7805],[117.49135,2.78047],[117.49195,2.78043],[117.49235,2.7804],[117.49371,2.78034],[117.4946,2.78032],[117.49443,2.77649],[117.49265,2.77659]]]]},"properties":{"kdprov":"65","kdkab":"02","kdkec":"050","kddesa":"006","kdsls":"0001","idsls":"65020500060001","nmprov":"KALIMANTAN UTARA","nmkab":"BULUNGAN","nmkec":"TANJUNG SELOR","nmdesa":"APUNG","nmsls":"RT 001 RW 002"}},{"type":"Feature","geometry":{"type":"MultiPolygon","coordinates":[[[[117.50443,2.77986],[117.50333,2.7799],[117.5024,2.77994],[117.50053,2.78002],[117.50052,2.78002],[117.50061,2.78148],[117.50062,2.78191],[117.49958,2.78194],[117.49971,2.78377],[117.49983,2.78377],[117.49991,2.78371],[117.49997,2.78371],[117.50067,2.78368],[117.50067,2.78368],[117.50068,2.78354],[117.50066,2.78314],[117.50346,2.78309],[117.50349,2.78359],[117.50441,2.78356],[117.50443,2.77986]]]]},"properties":{"kdprov":"65","kdkab":"02","kdkec":"050","kddesa":"006","kdsls":"0008","idsls":"65020500060008","nmprov":"KALIMANTAN UTARA","nmkab":"BULUNGAN","nmkec":"TANJUNG SELOR","nmdesa":"APUNG","nmsls":"RT 008 RW 001"}},{"type":"Feature","geometry":{"type":"MultiPolygon","coordinates":[[[[117.49443,2.77649],[117.4946,2.78032],[117.49493,2.78031],[117.49497,2.78031],[117.49572,2.78027],[117.49633,2.78023],[117.4985,2.78012],[117.49822,2.77638],[117.49818,2.77638],[117.49811,2.77643],[117.49763,2.77645],[117.49727,2.77641],[117.49671,2.77641],[117.49444,2.77649],[117.49443,2.77649]]]]},"properties":{"kdprov":"65","kdkab":"02","kdkec":"050","kddesa":"006","kdsls":"0005","idsls":"65020500060005","nmprov":"KALIMANTAN UTARA","nmkab":"BULUNGAN","nmkec":"TANJUNG SELOR","nmdesa":"APUNG","nmsls":"RT 005 RW 002"}},{"type":"Feature","geometry":{"type":"MultiPolygon","coordinates":[[[[117.42458,2.85656],[117.42449,2.8554],[117.42449,2.85523],[117.42442,2.85319],[117.42412,2.85155],[117.42392,2.85176],[117.42262,2.85207],[117.42249,2.85219],[117.42147,2.85241],[117.42174,2.85352],[117.42213,2.85573],[117.42225,2.85682],[117.42326,2.85664],[117.42458,2.85656]]]]},"properties":{"kdprov":"65","kdkab":"02","kdkec":"050","kddesa":"008","kdsls":"0016","idsls":"65020500080016","nmprov":"KALIMANTAN UTARA","nmkab":"BULUNGAN","nmkec":"TANJUNG SELOR","nmdesa":"TANJUNG SELOR TIMUR","nmsls":"RT 016 RW 006"}},{"type":"Feature","geometry":{"type":"MultiPolygon","coordinates":[[[[117.42225,2.85682],[117.42213,2.85573],[117.42174,2.85352],[117.42147,2.85241],[117.41991,2.85262],[117.41866,2.85285],[117.41874,2.85302],[117.41934,2.85386],[117.41934,2.85386],[117.41934,2.85386],[117.41958,2.85422],[117.41966,2.85433],[117.4197,2.85441],[117.41981,2.85467],[117.42012,2.85594],[117.42012,2.85595],[117.42039,2.85701],[117.42182,2.8569],[117.42225,2.85682]]]]},"properties":{"kdprov":"65","kdkab":"02","kdkec":"050","kddesa":"008","kdsls":"0015","idsls":"65020500080015","nmprov":"KALIMANTAN UTARA","nmkab":"BULUNGAN","nmkec":"TANJUNG SELOR","nmdesa":"TANJUNG SELOR TIMUR","nmsls":"RT 015 RW 005"}},{"type":"Feature","geometry":{"type":"MultiPolygon","coordinates":[[[[117.4043,2.83598],[117.40469,2.83572],[117.39947,2.83022],[117.39936,2.83018],[117.39764,2.82951],[117.39727,2.82935],[117.39723,2.82933],[117.39723,2.82933],[117.39654,2.83403],[117.3968,2.83482],[117.3968,2.83482],[117.39897,2.83586],[117.39979,2.83625],[117.40276,2.83767],[117.40013,2.83781],[117.39998,2.83773],[117.39952,2.83865],[117.39933,2.83858],[117.39881,2.83834],[117.39792,2.83795],[117.39664,2.83737],[117.39594,2.83653],[117.39537,2.83585],[117.39505,2.83613],[117.39463,2.83581],[117.39449,2.8358],[117.39429,2.83588],[117.39375,2.8362],[117.39309,2.83652],[117.39239,2.83672],[117.39244,2.83695],[117.39262,2.83821],[117.39269,2.83845],[117.39272,2.83859],[117.39288,2.83888],[117.393,2.83898],[117.39323,2.83919],[117.39555,2.84089],[117.39584,2.8411],[117.39614,2.84126],[117.39648,2.84131],[117.39664,2.84134],[117.39977,2.84142],[117.40001,2.84153],[117.40003,2.84153],[117.4007,2.84118],[117.40214,2.84041],[117.40245,2.84002],[117.4027,2.83958],[117.40289,2.83792],[117.4029,2.83767],[117.4029,2.83719],[117.40291,2.83719],[117.40288,2.83696],[117.40345,2.83654],[117.4043,2.83598]]]]},"properties":{"kdprov":"65","kdkab":"02","kdkec":"050","kddesa":"009","kdsls":"0047","idsls":"65020500090047","nmprov":"KALIMANTAN UTARA","nmkab":"BULUNGAN","nmkec":"TANJUNG SELOR","nmdesa":"TANJUNG SELOR HILIR","nmsls":"RT 047 RW 017"}},{"type":"Feature","geometry":{"type":"MultiPolygon","coordinates":[[[[117.40429,2.82292],[117.40417,2.82316],[117.40407,2.82352],[117.40395,2.82398],[117.40386,2.8244],[117.40376,2.82496],[117.40366,2.82538],[117.40351,2.82571],[117.40331,2.8261],[117.40301,2.82662],[117.40274,2.82699],[117.40275,2.82709],[117.40271,2.82744],[117.40268,2.82784],[117.40273,2.82815],[117.40321,2.8287],[117.40349,2.82898],[117.404,2.8295],[117.40472,2.83018],[117.40508,2.83005],[117.40545,2.82995],[117.40577,2.82985],[117.40605,2.82992],[117.4064,2.83002],[117.40707,2.8302],[117.40733,2.83027],[117.40803,2.83055],[117.4086,2.83088],[117.40907,2.83117],[117.40922,2.83127],[117.40967,2.83128],[117.40982,2.8313],[117.41004,2.83137],[117.41027,2.83153],[117.41037,2.83184],[117.41141,2.83183],[117.41194,2.83183],[117.41269,2.83183],[117.41292,2.83181],[117.41302,2.83139],[117.41376,2.82883],[117.41414,2.82774],[117.41426,2.82636],[117.41437,2.82532],[117.41463,2.82405],[117.41493,2.8228],[117.41517,2.82091],[117.41524,2.82027],[117.41573,2.81849],[117.41603,2.81733],[117.41646,2.81612],[117.41682,2.81509],[117.41688,2.81485],[117.41687,2.81484],[117.41638,2.81455],[117.41595,2.81441],[117.41464,2.81437],[117.41456,2.81441],[117.41429,2.81442],[117.41346,2.81485],[117.41297,2.81567],[117.41264,2.81661],[117.41259,2.81721],[117.41265,2.81789],[117.41283,2.81884],[117.41293,2.81958],[117.41303,2.82024],[117.41306,2.82071],[117.41305,2.82116],[117.41291,2.82177],[117.41267,2.82199],[117.41255,2.82219],[117.41226,2.82271],[117.41204,2.8229],[117.41134,2.82302],[117.41132,2.82305],[117.41079,2.82308],[117.41003,2.82272],[117.40995,2.82256],[117.40917,2.8218],[117.40803,2.82077],[117.40728,2.8202],[117.407,2.82009],[117.40668,2.81988],[117.40623,2.82072],[117.40611,2.82093],[117.40603,2.82104],[117.40587,2.82121],[117.40445,2.82276],[117.40429,2.82292]]]]},"properties":{"kdprov":"65","kdkab":"02","kdkec":"050","kddesa":"003","kdsls":"0025","idsls":"65020500030025","nmprov":"KALIMANTAN UTARA","nmkab":"BULUNGAN","nmkec":"TANJUNG SELOR","nmdesa":"JELARAI SELOR","nmsls":"RT 013 RW 006"}},{"type":"Feature","geometry":{"type":"MultiPolygon","coordinates":[[[[117.42039,2.85701],[117.42012,2.85595],[117.42012,2.85594],[117.41981,2.85467],[117.4197,2.85441],[117.41966,2.85433],[117.41958,2.85422],[117.41934,2.85386],[117.41934,2.85386],[117.41934,2.85386],[117.41874,2.85302],[117.41866,2.85285],[117.41767,2.85305],[117.41785,2.85413],[117.41794,2.85467],[117.41736,2.85478],[117.41772,2.85579],[117.41779,2.85597],[117.41786,2.85616],[117.41795,2.85638],[117.41821,2.85689],[117.41836,2.85708],[117.41847,2.85727],[117.41857,2.8574],[117.4187,2.8575],[117.41896,2.85761],[117.41959,2.85727],[117.42027,2.85702],[117.42039,2.85701],[117.42039,2.85701]]]]},"properties":{"kdprov":"65","kdkab":"02","kdkec":"050","kddesa":"008","kdsls":"0014","idsls":"65020500080014","nmprov":"KALIMANTAN UTARA","nmkab":"BULUNGAN","nmkec":"TANJUNG SELOR","nmdesa":"TANJUNG SELOR TIMUR","nmsls":"RT 014 RW 005"}},{"type":"Feature","geometry":{"type":"MultiPolygon","coordinates":[[[[117.39985,2.83006],[117.39959,2.83014],[117.39947,2.83022],[117.40469,2.83572],[117.40481,2.83584],[117.4163,2.83938],[117.4157,2.83653],[117.41564,2.836],[117.41557,2.8357],[117.41517,2.83531],[117.41492,2.8351],[117.41469,2.83456],[117.41462,2.83428],[117.41454,2.83396],[117.41449,2.83373],[117.41429,2.83338],[117.41385,2.83311],[117.41327,2.83291],[117.41257,2.83273],[117.41152,2.83246],[117.41072,2.83225],[117.4106,2.83215],[117.41048,2.83203],[117.41037,2.83184],[117.41027,2.83153],[117.41004,2.83137],[117.40982,2.8313],[117.40967,2.83128],[117.40922,2.83127],[117.40907,2.83117],[117.4086,2.83088],[117.40803,2.83055],[117.40733,2.83027],[117.40707,2.8302],[117.4064,2.83002],[117.40605,2.82992],[117.40577,2.82985],[117.40545,2.82995],[117.40508,2.83005],[117.40472,2.83018],[117.404,2.8295],[117.40349,2.82898],[117.40166,2.83021],[117.40069,2.82997],[117.4003,2.82998],[117.39985,2.83006]]]]},"properties":{"kdprov":"65","kdkab":"02","kdkec":"050","kddesa":"003","kdsls":"0027","idsls":"65020500030027","nmprov":"KALIMANTAN UTARA","nmkab":"BULUNGAN","nmkec":"TANJUNG SELOR","nmdesa":"JELARAI SELOR","nmsls":"RT 036 RW 006"}},{"type":"Feature","geometry":{"type":"MultiPolygon","coordinates":[[[[117.41866,2.85285],[117.41991,2.85262],[117.41916,2.84923],[117.4191,2.84895],[117.4191,2.84895],[117.41891,2.84897],[117.41706,2.84929],[117.41707,2.84936],[117.41767,2.85305],[117.41866,2.85285]]]]},"properties":{"kdprov":"65","kdkab":"02","kdkec":"050","kddesa":"008","kdsls":"0010","idsls":"65020500080010","nmprov":"KALIMANTAN UTARA","nmkab":"BULUNGAN","nmkec":"TANJUNG SELOR","nmdesa":"TANJUNG SELOR TIMUR","nmsls":"RT 010 RW 003"}},{"type":"Feature","geometry":{"type":"MultiPolygon","coordinates":[[[[117.42729,2.84789],[117.42673,2.84126],[117.42673,2.84126],[117.4266,2.83973],[117.42223,2.84048],[117.42253,2.84362],[117.42269,2.84526],[117.42175,2.84552],[117.42207,2.84875],[117.42729,2.84789]]]]},"properties":{"kdprov":"65","kdkab":"02","kdkec":"050","kddesa":"008","kdsls":"0012","idsls":"65020500080012","nmprov":"KALIMANTAN UTARA","nmkab":"BULUNGAN","nmkec":"TANJUNG SELOR","nmdesa":"TANJUNG SELOR TIMUR","nmsls":"RT 012 RW 004"}},{"type":"Feature","geometry":{"type":"MultiPolygon","coordinates":[[[[117.4132,2.83179],[117.41477,2.83164],[117.41526,2.83159],[117.41727,2.83159],[117.41856,2.83215],[117.42017,2.83239],[117.42162,2.83304],[117.42294,2.83364],[117.42448,2.83363],[117.42469,2.83363],[117.42609,2.83381],[117.42735,2.83459],[117.42832,2.83519],[117.42954,2.83543],[117.43065,2.83551],[117.43179,2.83559],[117.43305,2.83572],[117.43437,2.83583],[117.43585,2.83598],[117.43605,2.83595],[117.43604,2.83569],[117.43562,2.83549],[117.43533,2.83514],[117.43286,2.83356],[117.42865,2.83004],[117.42859,2.82982],[117.42791,2.82925],[117.42761,2.82898],[117.42747,2.82887],[117.42698,2.82812],[117.42685,2.82749],[117.42685,2.82744],[117.42685,2.82699],[117.42705,2.82639],[117.42722,2.82586],[117.42766,2.82511],[117.42799,2.82467],[117.42803,2.82461],[117.42834,2.82418],[117.42847,2.82393],[117.42847,2.82358],[117.42796,2.82277],[117.42693,2.82212],[117.42602,2.82182],[117.42509,2.8218],[117.42349,2.82243],[117.42227,2.82334],[117.42199,2.8237],[117.4212,2.82473],[117.42081,2.82516],[117.42061,2.82599],[117.41989,2.82753],[117.41951,2.8279],[117.41901,2.82809],[117.41852,2.82815],[117.41771,2.82797],[117.41764,2.82789],[117.41734,2.82759],[117.41702,2.82709],[117.41701,2.82698],[117.41696,2.82659],[117.41696,2.82659],[117.41696,2.82659],[117.41721,2.82208],[117.41738,2.81904],[117.41752,2.81677],[117.41752,2.81583],[117.41752,2.81582],[117.41731,2.81545],[117.41708,2.81502],[117.41688,2.81485],[117.41682,2.81509],[117.41646,2.81612],[117.41603,2.81733],[117.41573,2.81849],[117.41524,2.82027],[117.41517,2.82091],[117.41493,2.8228],[117.41463,2.82405],[117.41437,2.82532],[117.41426,2.82636],[117.41414,2.82774],[117.41376,2.82883],[117.41302,2.83139],[117.41292,2.83181],[117.4132,2.83179]]]]},"properties":{"kdprov":"65","kdkab":"02","kdkec":"050","kddesa":"007","kdsls":"1001","idsls":"65020500071001","nmprov":"KALIMANTAN UTARA","nmkab":"BULUNGAN","nmkec":"TANJUNG SELOR","nmdesa":"TENGKAPAK","nmsls":"LAHAN PERTANIAN"}},{"type":"Feature","geometry":{"type":"MultiPolygon","coordinates":[[[[117.42968,2.85647],[117.42968,2.85647],[117.42972,2.85647],[117.43053,2.85655],[117.43172,2.85717],[117.43186,2.85728],[117.43945,2.84254],[117.43901,2.84251],[117.43846,2.84243],[117.43764,2.8422],[117.43726,2.8422],[117.43659,2.84191],[117.43656,2.8419],[117.43599,2.84167],[117.43536,2.84096],[117.43525,2.84021],[117.43481,2.83951],[117.43476,2.83944],[117.43476,2.83944],[117.43476,2.83894],[117.43476,2.83893],[117.43476,2.83861],[117.43476,2.83843],[117.4348,2.83834],[117.4266,2.83973],[117.42673,2.84126],[117.42673,2.84126],[117.42729,2.84789],[117.42752,2.85056],[117.42775,2.85319],[117.42967,2.85319],[117.42968,2.85492],[117.42968,2.85647]]]]},"properties":{"kdprov":"65","kdkab":"02","kdkec":"050","kddesa":"008","kdsls":"0019","idsls":"65020500080019","nmprov":"KALIMANTAN UTARA","nmkab":"BULUNGAN","nmkec":"TANJUNG SELOR","nmdesa":"TANJUNG SELOR TIMUR","nmsls":"RT 019 RW 004"}},{"type":"Feature","geometry":{"type":"MultiPolygon","coordinates":[[[[117.42131,2.84034],[117.4216,2.8437],[117.42253,2.84362],[117.42223,2.84048],[117.42221,2.84021],[117.42131,2.84034]]]]},"properties":{"kdprov":"65","kdkab":"02","kdkec":"050","kddesa":"008","kdsls":"0036","idsls":"65020500080036","nmprov":"KALIMANTAN UTARA","nmkab":"BULUNGAN","nmkec":"TANJUNG SELOR","nmdesa":"TANJUNG SELOR TIMUR","nmsls":"RT 033 RW 008"}},{"type":"Feature","geometry":{"type":"MultiPolygon","coordinates":[[[[117.37482,2.85315],[117.37608,2.85502],[117.37579,2.85516],[117.37727,2.85723],[117.37744,2.85709],[117.37816,2.85655],[117.37836,2.85641],[117.37679,2.85436],[117.37653,2.85402],[117.37544,2.85276],[117.37482,2.85315]]]]},"properties":{"kdprov":"65","kdkab":"02","kdkec":"050","kddesa":"009","kdsls":"0051","idsls":"65020500090051","nmprov":"KALIMANTAN UTARA","nmkab":"BULUNGAN","nmkec":"TANJUNG SELOR","nmdesa":"TANJUNG SELOR HILIR","nmsls":"RT 051 RW 019"}},{"type":"Feature","geometry":{"type":"MultiPolygon","coordinates":[[[[117.39985,2.83006],[117.4003,2.82998],[117.40069,2.82997],[117.40166,2.83021],[117.40349,2.82898],[117.40321,2.8287],[117.40273,2.82815],[117.40268,2.82784],[117.40271,2.82744],[117.40275,2.82709],[117.40274,2.82699],[117.40271,2.82677],[117.40265,2.82651],[117.40255,2.82624],[117.40246,2.82609],[117.40232,2.826],[117.402,2.82597],[117.4018,2.82599],[117.40158,2.82609],[117.40138,2.82621],[117.40114,2.82629],[117.40094,2.82625],[117.40094,2.82625],[117.39834,2.82738],[117.3958,2.82848],[117.39723,2.82933],[117.39723,2.82933],[117.39727,2.82935],[117.39764,2.82951],[117.39936,2.83018],[117.39947,2.83022],[117.39959,2.83014],[117.39985,2.83006]]]]},"properties":{"kdprov":"65","kdkab":"02","kdkec":"050","kddesa":"003","kdsls":"0026","idsls":"65020500030026","nmprov":"KALIMANTAN UTARA","nmkab":"BULUNGAN","nmkec":"TANJUNG SELOR","nmdesa":"JELARAI SELOR","nmsls":"RT 035 RW 006"}},{"type":"Feature","geometry":{"type":"MultiPolygon","coordinates":[[[[117.41704,2.84921],[117.41706,2.84929],[117.41891,2.84897],[117.4191,2.84895],[117.4186,2.84632],[117.41929,2.84631],[117.41874,2.84355],[117.41874,2.84355],[117.41869,2.84356],[117.41825,2.84115],[117.41543,2.84163],[117.41596,2.84435],[117.41596,2.84435],[117.41691,2.84838],[117.41691,2.84838],[117.41704,2.84917],[117.41704,2.84921]]]]},"properties":{"kdprov":"65","kdkab":"02","kdkec":"050","kddesa":"008","kdsls":"0009","idsls":"65020500080009","nmprov":"KALIMANTAN UTARA","nmkab":"BULUNGAN","nmkec":"TANJUNG SELOR","nmdesa":"TANJUNG SELOR TIMUR","nmsls":"RT 009 RW 003"}},{"type":"Feature","geometry":{"type":"MultiPolygon","coordinates":[[[[117.42175,2.84552],[117.42132,2.84564],[117.42033,2.8408],[117.41825,2.84115],[117.41869,2.84356],[117.41874,2.84355],[117.41874,2.84355],[117.41929,2.84631],[117.4186,2.84632],[117.4191,2.84895],[117.4191,2.84895],[117.41916,2.84923],[117.42207,2.84875],[117.42175,2.84552]]]]},"properties":{"kdprov":"65","kdkab":"02","kdkec":"050","kddesa":"008","kdsls":"0012","idsls":"65020500080012","nmprov":"KALIMANTAN UTARA","nmkab":"BULUNGAN","nmkec":"TANJUNG SELOR","nmdesa":"TANJUNG SELOR TIMUR","nmsls":"RT 012 RW 004"}},{"type":"Feature","geometry":{"type":"MultiPolygon","coordinates":[[[[117.42027,2.8405],[117.42131,2.84034],[117.42221,2.84021],[117.42223,2.84048],[117.4266,2.83973],[117.4348,2.83834],[117.43483,2.83828],[117.43486,2.83819],[117.43493,2.83783],[117.4351,2.83757],[117.43534,2.83717],[117.43576,2.83667],[117.43611,2.83624],[117.43609,2.83594],[117.43605,2.83595],[117.43585,2.83598],[117.43437,2.83583],[117.43305,2.83572],[117.43179,2.83559],[117.43065,2.83551],[117.42954,2.83543],[117.42832,2.83519],[117.42735,2.83459],[117.42609,2.83381],[117.42469,2.83363],[117.42448,2.83363],[117.42294,2.83364],[117.42162,2.83304],[117.42017,2.83239],[117.41856,2.83215],[117.41727,2.83159],[117.41526,2.83159],[117.41477,2.83164],[117.4132,2.83179],[117.41292,2.83181],[117.41269,2.83183],[117.41194,2.83183],[117.41141,2.83183],[117.41037,2.83184],[117.41048,2.83203],[117.4106,2.83215],[117.41072,2.83225],[117.41152,2.83246],[117.41257,2.83273],[117.41327,2.83291],[117.41385,2.83311],[117.41429,2.83338],[117.41449,2.83373],[117.41454,2.83396],[117.41462,2.83428],[117.41469,2.83456],[117.41492,2.8351],[117.41517,2.83531],[117.41557,2.8357],[117.41564,2.836],[117.4157,2.83653],[117.4163,2.83938],[117.40481,2.83584],[117.40469,2.83572],[117.4043,2.83598],[117.4096,2.84685],[117.41139,2.84611],[117.41194,2.84588],[117.41194,2.84588],[117.41195,2.84588],[117.41442,2.84493],[117.41386,2.8419],[117.41543,2.84163],[117.41825,2.84115],[117.42033,2.8408],[117.42027,2.8405]]],[[[117.44349,2.86574],[117.44332,2.86596],[117.44342,2.86621],[117.44373,2.86651],[117.4451,2.8671],[117.4458,2.86714],[117.44661,2.86732],[117.44753,2.86726],[117.4484,2.86714],[117.4491,2.86659],[117.44942,2.8659],[117.44959,2.86537],[117.44968,2.86499],[117.44966,2.86497],[117.44911,2.86485],[117.4483,2.86475],[117.44751,2.86483],[117.44632,2.86497],[117.44498,2.86519],[117.44347,2.86572],[117.44349,2.86574]]]]},"properties":{"kdprov":"65","kdkab":"02","kdkec":"050","kddesa":"008","kdsls":"2001","idsls":"65020500082001","nmprov":"KALIMANTAN UTARA","nmkab":"BULUNGAN","nmkec":"TANJUNG SELOR","nmdesa":"TANJUNG SELOR TIMUR","nmsls":"HUTAN"}},{"type":"Feature","geometry":{"type":"MultiPolygon","coordinates":[[[[117.41052,2.84908],[117.41047,2.84925],[117.41042,2.84942],[117.41039,2.84967],[117.40996,2.85376],[117.41094,2.85408],[117.41185,2.85453],[117.4126,2.8553],[117.41285,2.856],[117.41304,2.85542],[117.41351,2.85393],[117.41369,2.85143],[117.41369,2.85143],[117.41328,2.84932],[117.41207,2.84925],[117.4107,2.8487],[117.41067,2.84877],[117.41052,2.84908]]]]},"properties":{"kdprov":"65","kdkab":"02","kdkec":"050","kddesa":"008","kdsls":"0004","idsls":"65020500080004","nmprov":"KALIMANTAN UTARA","nmkab":"BULUNGAN","nmkec":"TANJUNG SELOR","nmdesa":"TANJUNG SELOR TIMUR","nmsls":"RT 004 RW 002"}},{"type":"Feature","geometry":{"type":"MultiPolygon","coordinates":[[[[117.41483,2.84712],[117.41468,2.84628],[117.41468,2.84628],[117.41442,2.84493],[117.41442,2.84493],[117.41195,2.84588],[117.41194,2.84588],[117.41194,2.84588],[117.41139,2.84611],[117.41097,2.84781],[117.41255,2.8483],[117.4125,2.84755],[117.41483,2.84712]]]]},"properties":{"kdprov":"65","kdkab":"02","kdkec":"050","kddesa":"008","kdsls":"0005","idsls":"65020500080005","nmprov":"KALIMANTAN UTARA","nmkab":"BULUNGAN","nmkec":"TANJUNG SELOR","nmdesa":"TANJUNG SELOR TIMUR","nmsls":"RT 005 RW 002"}},{"type":"Feature","geometry":{"type":"MultiPolygon","coordinates":[[[[117.41691,2.84838],[117.41596,2.84435],[117.41596,2.84435],[117.41543,2.84163],[117.41386,2.8419],[117.41442,2.84493],[117.41442,2.84493],[117.41468,2.84628],[117.41468,2.84628],[117.41483,2.84712],[117.41514,2.8488],[117.41526,2.84949],[117.41704,2.84917],[117.41691,2.84838],[117.41691,2.84838]]]]},"properties":{"kdprov":"65","kdkab":"02","kdkec":"050","kddesa":"008","kdsls":"0007","idsls":"65020500080007","nmprov":"KALIMANTAN UTARA","nmkab":"BULUNGAN","nmkec":"TANJUNG SELOR","nmdesa":"TANJUNG SELOR TIMUR","nmsls":"RT 007 RW 003"}},{"type":"Feature","geometry":{"type":"MultiPolygon","coordinates":[[[[117.41526,2.84949],[117.41555,2.85106],[117.41617,2.85442],[117.41626,2.85498],[117.41736,2.85478],[117.41794,2.85467],[117.41785,2.85413],[117.41767,2.85305],[117.41707,2.84936],[117.41706,2.84929],[117.41704,2.84921],[117.41704,2.84917],[117.41526,2.84949]]]]},"properties":{"kdprov":"65","kdkab":"02","kdkec":"050","kddesa":"008","kdsls":"0008","idsls":"65020500080008","nmprov":"KALIMANTAN UTARA","nmkab":"BULUNGAN","nmkec":"TANJUNG SELOR","nmdesa":"TANJUNG SELOR TIMUR","nmsls":"RT 008 RW 003"}},{"type":"Feature","geometry":{"type":"MultiPolygon","coordinates":[[[[117.50228,2.83164],[117.50278,2.83038],[117.50301,2.82979],[117.49878,2.83195],[117.49495,2.83427],[117.49351,2.83496],[117.49423,2.83661],[117.49448,2.83735],[117.4949,2.83861],[117.49529,2.83977],[117.49555,2.84053],[117.49561,2.84058],[117.49561,2.84045],[117.49592,2.83957],[117.49635,2.83931],[117.49691,2.83907],[117.49754,2.83888],[117.49809,2.83888],[117.49854,2.83908],[117.49859,2.8391],[117.49907,2.83939],[117.49921,2.83948],[117.49939,2.83963],[117.50136,2.83877],[117.50469,2.83732],[117.50369,2.83591],[117.50172,2.83307],[117.50228,2.83164]]]]},"properties":{"kdprov":"65","kdkab":"02","kdkec":"050","kddesa":"008","kdsls":"0030","idsls":"65020500080030","nmprov":"KALIMANTAN UTARA","nmkab":"BULUNGAN","nmkec":"TANJUNG SELOR","nmdesa":"TANJUNG SELOR TIMUR","nmsls":"RT 028 RW UPT"}},{"type":"Feature","geometry":{"type":"MultiPolygon","coordinates":[[[[117.42426,2.85138],[117.42482,2.85081],[117.42568,2.85042],[117.42637,2.85025],[117.42696,2.85036],[117.42752,2.85056],[117.42729,2.84789],[117.42207,2.84875],[117.41916,2.84923],[117.41991,2.85262],[117.42147,2.85241],[117.42249,2.85219],[117.42262,2.85207],[117.42392,2.85176],[117.42412,2.85155],[117.42426,2.85138]]]]},"properties":{"kdprov":"65","kdkab":"02","kdkec":"050","kddesa":"008","kdsls":"0011","idsls":"65020500080011","nmprov":"KALIMANTAN UTARA","nmkab":"BULUNGAN","nmkec":"TANJUNG SELOR","nmdesa":"TANJUNG SELOR TIMUR","nmsls":"RT 011 RW 004"}},{"type":"Feature","geometry":{"type":"MultiPolygon","coordinates":[[[[117.53956,2.84339],[117.51555,2.85482],[117.51548,2.85591],[117.51569,2.85672],[117.51617,2.85731],[117.51682,2.85784],[117.51765,2.85786],[117.51878,2.85707],[117.51955,2.85642],[117.52053,2.85521],[117.52063,2.85487],[117.52118,2.85413],[117.52218,2.85325],[117.5233,2.8525],[117.52429,2.85194],[117.52684,2.85125],[117.52877,2.85094],[117.53039,2.851],[117.53356,2.851],[117.5368,2.85125],[117.53761,2.85125],[117.5381,2.85099],[117.53854,2.85043],[117.53867,2.84987],[117.53873,2.84899],[117.53867,2.84794],[117.53891,2.84599],[117.53909,2.84449],[117.53956,2.8434],[117.53956,2.84339]]]]},"properties":{"kdprov":"65","kdkab":"02","kdkec":"050","kddesa":"008","kdsls":"2002","idsls":"65020500082002","nmprov":"KALIMANTAN UTARA","nmkab":"BULUNGAN","nmkec":"TANJUNG SELOR","nmdesa":"TANJUNG SELOR TIMUR","nmsls":"HUTAN SEPUNGGUR"}},{"type":"Feature","geometry":{"type":"MultiPolygon","coordinates":[[[[117.52402,2.83754],[117.52245,2.83832],[117.52344,2.8401],[117.51462,2.84455],[117.51497,2.84516],[117.51522,2.84559],[117.51563,2.84707],[117.51597,2.84794],[117.51621,2.84958],[117.51603,2.85164],[117.51603,2.85168],[117.51593,2.85237],[117.5156,2.85413],[117.51555,2.85482],[117.53956,2.84339],[117.53544,2.84191],[117.52984,2.84521],[117.528,2.84417],[117.52541,2.83991],[117.52402,2.83754]]]]},"properties":{"kdprov":"65","kdkab":"02","kdkec":"050","kddesa":"008","kdsls":"0035","idsls":"65020500080035","nmprov":"KALIMANTAN UTARA","nmkab":"BULUNGAN","nmkec":"TANJUNG SELOR","nmdesa":"TANJUNG SELOR TIMUR","nmsls":"RT 032 RW UPT"}},{"type":"Feature","geometry":{"type":"MultiPolygon","coordinates":[[[[117.37255,2.86319],[117.37407,2.86282],[117.37422,2.86192],[117.37415,2.86143],[117.37405,2.86091],[117.37371,2.85988],[117.37357,2.85946],[117.37333,2.85878],[117.37296,2.85757],[117.37264,2.85663],[117.37172,2.85707],[117.37256,2.85951],[117.37289,2.86042],[117.3721,2.86099],[117.37216,2.86124],[117.37193,2.86128],[117.37255,2.86319]]]]},"properties":{"kdprov":"65","kdkab":"02","kdkec":"050","kddesa":"009","kdsls":"0053","idsls":"65020500090053","nmprov":"KALIMANTAN UTARA","nmkab":"BULUNGAN","nmkec":"TANJUNG SELOR","nmdesa":"TANJUNG SELOR HILIR","nmsls":"RT 053 RW 020"}},{"type":"Feature","geometry":{"type":"MultiPolygon","coordinates":[[[[117.37233,2.85489],[117.37218,2.85435],[117.37202,2.85438],[117.37191,2.85444],[117.37207,2.85495],[117.37233,2.85489]]]]},"properties":{"kdprov":"65","kdkab":"02","kdkec":"050","kddesa":"009","kdsls":"0052","idsls":"65020500090052","nmprov":"KALIMANTAN UTARA","nmkab":"BULUNGAN","nmkec":"TANJUNG SELOR","nmdesa":"TANJUNG SELOR HILIR","nmsls":"RT 052 RW 020"}},{"type":"Feature","geometry":{"type":"MultiPolygon","coordinates":[[[[117.37261,2.85494],[117.37253,2.8546],[117.37235,2.85463],[117.37243,2.85498],[117.37261,2.85494]]]]},"properties":{"kdprov":"65","kdkab":"02","kdkec":"050","kddesa":"009","kdsls":"0052","idsls":"65020500090052","nmprov":"KALIMANTAN UTARA","nmkab":"BULUNGAN","nmkec":"TANJUNG SELOR","nmdesa":"TANJUNG SELOR HILIR","nmsls":"RT 052 RW 020"}},{"type":"Feature","geometry":{"type":"MultiPolygon","coordinates":[[[[117.37318,2.86658],[117.37556,2.86345],[117.37556,2.86225],[117.37556,2.86224],[117.37407,2.86282],[117.37255,2.86319],[117.37193,2.86322],[117.36728,2.86736],[117.36738,2.86749],[117.36781,2.86792],[117.36791,2.86817],[117.36811,2.86833],[117.36824,2.86852],[117.36825,2.86851],[117.36841,2.86865],[117.36875,2.86895],[117.36909,2.86918],[117.36953,2.8695],[117.36981,2.86965],[117.37038,2.86993],[117.37056,2.87002],[117.37318,2.86658]]]]},"properties":{"kdprov":"65","kdkab":"02","kdkec":"050","kddesa":"009","kdsls":"0063","idsls":"65020500090063","nmprov":"KALIMANTAN UTARA","nmkab":"BULUNGAN","nmkec":"TANJUNG SELOR","nmdesa":"TANJUNG SELOR HILIR","nmsls":"RT 063 RW 023"}},{"type":"Feature","geometry":{"type":"MultiPolygon","coordinates":[[[[117.41097,2.84781],[117.41092,2.84803],[117.41092,2.84803],[117.41092,2.84803],[117.4107,2.8487],[117.41207,2.84925],[117.41328,2.84932],[117.41369,2.85143],[117.41369,2.85143],[117.41555,2.85106],[117.41526,2.84949],[117.41514,2.8488],[117.41483,2.84712],[117.4125,2.84755],[117.41255,2.8483],[117.41097,2.84781]]]]},"properties":{"kdprov":"65","kdkab":"02","kdkec":"050","kddesa":"008","kdsls":"0005","idsls":"65020500080005","nmprov":"KALIMANTAN UTARA","nmkab":"BULUNGAN","nmkec":"TANJUNG SELOR","nmdesa":"TANJUNG SELOR TIMUR","nmsls":"RT 005 RW 002"}},{"type":"Feature","geometry":{"type":"MultiPolygon","coordinates":[[[[117.3759,2.82837],[117.37466,2.82797],[117.37282,2.82753],[117.37175,2.82765],[117.37174,2.82765],[117.37173,2.82765],[117.37118,2.82833],[117.37101,2.82862],[117.3785,2.83267],[117.37854,2.83242],[117.37981,2.82971],[117.37941,2.82956],[117.37927,2.82951],[117.37891,2.82937],[117.3784,2.82931],[117.37837,2.82928],[117.37842,2.82903],[117.37759,2.82926],[117.3759,2.82837]]]]},"properties":{"kdprov":"65","kdkab":"02","kdkec":"050","kddesa":"009","kdsls":"0045","idsls":"65020500090045","nmprov":"KALIMANTAN UTARA","nmkab":"BULUNGAN","nmkec":"TANJUNG SELOR","nmdesa":"TANJUNG SELOR HILIR","nmsls":"RT 045 RW 016"}},{"type":"Feature","geometry":{"type":"MultiPolygon","coordinates":[[[[117.37837,2.82928],[117.3784,2.82931],[117.37891,2.82937],[117.37927,2.82951],[117.37912,2.82758],[117.37874,2.82642],[117.37854,2.82602],[117.37665,2.82324],[117.37513,2.82118],[117.3705,2.81358],[117.37019,2.81366],[117.3696,2.8139],[117.36934,2.81442],[117.36936,2.81505],[117.37,2.81554],[117.37071,2.81635],[117.37098,2.81668],[117.37138,2.81751],[117.37153,2.81802],[117.3717,2.81864],[117.37188,2.81918],[117.37279,2.82081],[117.37551,2.82407],[117.37762,2.8266],[117.37785,2.82693],[117.37852,2.82812],[117.37851,2.82845],[117.37851,2.82869],[117.37842,2.82903],[117.37837,2.82928]]]]},"properties":{"kdprov":"65","kdkab":"02","kdkec":"050","kddesa":"002","kdsls":"0014","idsls":"65020500020014","nmprov":"KALIMANTAN UTARA","nmkab":"BULUNGAN","nmkec":"TANJUNG SELOR","nmdesa":"TANJUNG SELOR HULU","nmsls":"RT 014 RW 007"}},{"type":"Feature","geometry":{"type":"MultiPolygon","coordinates":[[[[117.37882,2.8556],[117.378,2.85469],[117.37759,2.85412],[117.37704,2.85334],[117.37624,2.85226],[117.37593,2.85246],[117.37544,2.85276],[117.37653,2.85402],[117.37679,2.85436],[117.37836,2.85641],[117.37908,2.8559],[117.37882,2.8556]]]]},"properties":{"kdprov":"65","kdkab":"02","kdkec":"050","kddesa":"009","kdsls":"0051","idsls":"65020500090051","nmprov":"KALIMANTAN UTARA","nmkab":"BULUNGAN","nmkec":"TANJUNG SELOR","nmdesa":"TANJUNG SELOR HILIR","nmsls":"RT 051 RW 019"}},{"type":"Feature","geometry":{"type":"MultiPolygon","coordinates":[[[[117.38153,2.83196],[117.38156,2.83172],[117.38168,2.83155],[117.38188,2.83137],[117.38223,2.83126],[117.38229,2.83126],[117.38223,2.83122],[117.38142,2.83055],[117.38127,2.83039],[117.38081,2.82972],[117.38069,2.82972],[117.38049,2.82974],[117.38009,2.82977],[117.37982,2.82971],[117.37981,2.82971],[117.37854,2.83242],[117.3785,2.83267],[117.37926,2.83308],[117.38173,2.83442],[117.38196,2.83395],[117.38127,2.83357],[117.38164,2.83246],[117.38159,2.83217],[117.38153,2.83196]]]]},"properties":{"kdprov":"65","kdkab":"02","kdkec":"050","kddesa":"009","kdsls":"0043","idsls":"65020500090043","nmprov":"KALIMANTAN UTARA","nmkab":"BULUNGAN","nmkec":"TANJUNG SELOR","nmdesa":"TANJUNG SELOR HILIR","nmsls":"RT 043 RW 016"}},{"type":"Feature","geometry":{"type":"MultiPolygon","coordinates":[[[[117.38733,2.82974],[117.38723,2.82985],[117.38688,2.83022],[117.38665,2.8305],[117.38643,2.8307],[117.38662,2.83081],[117.38679,2.83092],[117.38696,2.83106],[117.38714,2.8312],[117.38732,2.83141],[117.38748,2.83163],[117.38765,2.83196],[117.38775,2.83229],[117.38785,2.83276],[117.3878,2.83401],[117.38884,2.83374],[117.38841,2.8309],[117.3876,2.83018],[117.38771,2.83005],[117.38733,2.82974]]]]},"properties":{"kdprov":"65","kdkab":"02","kdkec":"050","kddesa":"009","kdsls":"0046","idsls":"65020500090046","nmprov":"KALIMANTAN UTARA","nmkab":"BULUNGAN","nmkec":"TANJUNG SELOR","nmdesa":"TANJUNG SELOR HILIR","nmsls":"RT 046 RW 017"}},{"type":"Feature","geometry":{"type":"MultiPolygon","coordinates":[[[[117.39714,2.84267],[117.39694,2.84235],[117.39674,2.84216],[117.39657,2.84201],[117.39651,2.84185],[117.39648,2.84131],[117.39614,2.84126],[117.39584,2.8411],[117.39555,2.84089],[117.39555,2.84113],[117.39289,2.84409],[117.39055,2.8441],[117.39053,2.84423],[117.39039,2.84446],[117.39001,2.84478],[117.38963,2.84501],[117.38924,2.84519],[117.38893,2.84536],[117.38874,2.84552],[117.38858,2.84575],[117.38824,2.84639],[117.38937,2.8476],[117.39057,2.84721],[117.39159,2.8473],[117.39239,2.84748],[117.39329,2.8481],[117.39491,2.85024],[117.39503,2.8504],[117.39522,2.85111],[117.39527,2.85132],[117.39761,2.84914],[117.40058,2.84638],[117.39708,2.84377],[117.39717,2.84361],[117.39725,2.84307],[117.39725,2.84288],[117.39714,2.84267]]]]},"properties":{"kdprov":"65","kdkab":"02","kdkec":"050","kddesa":"009","kdsls":"0077","idsls":"65020500090077","nmprov":"KALIMANTAN UTARA","nmkab":"BULUNGAN","nmkec":"TANJUNG SELOR","nmdesa":"TANJUNG SELOR HILIR","nmsls":"RT 077 RW 028"}},{"type":"Feature","geometry":{"type":"MultiPolygon","coordinates":[[[[117.36502,2.85563],[117.36682,2.85528],[117.36766,2.85512],[117.36861,2.85494],[117.36865,2.85493],[117.36755,2.85233],[117.36707,2.85246],[117.36688,2.85252],[117.36679,2.85254],[117.3672,2.85407],[117.36726,2.85438],[117.36618,2.85462],[117.36621,2.85474],[117.36487,2.85505],[117.36502,2.85563]]]]},"properties":{"kdprov":"65","kdkab":"02","kdkec":"050","kddesa":"009","kdsls":"0085","idsls":"65020500090085","nmprov":"KALIMANTAN UTARA","nmkab":"BULUNGAN","nmkec":"TANJUNG SELOR","nmdesa":"TANJUNG SELOR HILIR","nmsls":"RT 085 RW 031"}},{"type":"Feature","geometry":{"type":"MultiPolygon","coordinates":[[[[117.37322,2.85155],[117.37409,2.8536],[117.37482,2.85315],[117.37544,2.85276],[117.37593,2.85246],[117.37624,2.85226],[117.37632,2.85221],[117.37556,2.85051],[117.37322,2.85155]]]]},"properties":{"kdprov":"65","kdkab":"02","kdkec":"050","kddesa":"009","kdsls":"0097","idsls":"65020500090097","nmprov":"KALIMANTAN UTARA","nmkab":"BULUNGAN","nmkec":"TANJUNG SELOR","nmdesa":"TANJUNG SELOR HILIR","nmsls":"RT 097 RW 036"}},{"type":"Feature","geometry":{"type":"MultiPolygon","coordinates":[[[[117.37997,2.85528],[117.3805,2.85493],[117.38174,2.85403],[117.38224,2.85364],[117.38356,2.8526],[117.38205,2.85088],[117.38264,2.85015],[117.38112,2.84891],[117.38112,2.84891],[117.37845,2.85079],[117.37845,2.85079],[117.37737,2.85151],[117.37896,2.85353],[117.37868,2.85373],[117.37997,2.85528]]]]},"properties":{"kdprov":"65","kdkab":"02","kdkec":"050","kddesa":"009","kdsls":"0050","idsls":"65020500090050","nmprov":"KALIMANTAN UTARA","nmkab":"BULUNGAN","nmkec":"TANJUNG SELOR","nmdesa":"TANJUNG SELOR HILIR","nmsls":"RT 050 RW 019"}},{"type":"Feature","geometry":{"type":"MultiPolygon","coordinates":[[[[117.37632,2.85221],[117.37624,2.85226],[117.37704,2.85334],[117.37759,2.85412],[117.378,2.85469],[117.37882,2.8556],[117.37908,2.8559],[117.37957,2.85555],[117.37741,2.85276],[117.3775,2.85267],[117.37685,2.85185],[117.37632,2.85221]]]]},"properties":{"kdprov":"65","kdkab":"02","kdkec":"050","kddesa":"009","kdsls":"0050","idsls":"65020500090050","nmprov":"KALIMANTAN UTARA","nmkab":"BULUNGAN","nmkec":"TANJUNG SELOR","nmdesa":"TANJUNG SELOR HILIR","nmsls":"RT 050 RW 019"}},{"type":"Feature","geometry":{"type":"MultiPolygon","coordinates":[[[[117.3731,2.85538],[117.37326,2.85515],[117.373,2.85499],[117.37296,2.85505],[117.37286,2.85499],[117.37247,2.85508],[117.37251,2.85526],[117.3728,2.8552],[117.3731,2.85538]]],[[[117.37242,2.85541],[117.37233,2.85541],[117.37228,2.85544],[117.37234,2.85564],[117.37247,2.8556],[117.37242,2.85541]]],[[[117.37267,2.85604],[117.37279,2.85601],[117.37282,2.85611],[117.37294,2.85609],[117.37293,2.85605],[117.373,2.85604],[117.37285,2.85544],[117.37278,2.85545],[117.37265,2.85547],[117.37255,2.85552],[117.37267,2.85604]]]]},"properties":{"kdprov":"65","kdkab":"02","kdkec":"050","kddesa":"009","kdsls":"0052","idsls":"65020500090052","nmprov":"KALIMANTAN UTARA","nmkab":"BULUNGAN","nmkec":"TANJUNG SELOR","nmdesa":"TANJUNG SELOR HILIR","nmsls":"RT 052 RW 020"}},{"type":"Feature","geometry":{"type":"MultiPolygon","coordinates":[[[[117.37416,2.85448],[117.37411,2.85419],[117.37411,2.85415],[117.37406,2.85412],[117.374,2.85412],[117.37395,2.85414],[117.37391,2.8542],[117.37359,2.85428],[117.3735,2.85423],[117.37347,2.85421],[117.3733,2.85449],[117.37334,2.85451],[117.3736,2.85464],[117.37369,2.85458],[117.37416,2.85448]]]]},"properties":{"kdprov":"65","kdkab":"02","kdkec":"050","kddesa":"009","kdsls":"0052","idsls":"65020500090052","nmprov":"KALIMANTAN UTARA","nmkab":"BULUNGAN","nmkec":"TANJUNG SELOR","nmdesa":"TANJUNG SELOR HILIR","nmsls":"RT 052 RW 020"}},{"type":"Feature","geometry":{"type":"MultiPolygon","coordinates":[[[[117.37472,2.85461],[117.3746,2.85406],[117.37459,2.85403],[117.37436,2.85409],[117.37437,2.85412],[117.37443,2.85442],[117.37448,2.85466],[117.37472,2.85461]]],[[[117.37434,2.85474],[117.3743,2.85457],[117.37367,2.85474],[117.3737,2.85489],[117.37434,2.85474]]]]},"properties":{"kdprov":"65","kdkab":"02","kdkec":"050","kddesa":"009","kdsls":"0052","idsls":"65020500090052","nmprov":"KALIMANTAN UTARA","nmkab":"BULUNGAN","nmkec":"TANJUNG SELOR","nmdesa":"TANJUNG SELOR HILIR","nmsls":"RT 052 RW 020"}},{"type":"Feature","geometry":{"type":"MultiPolygon","coordinates":[[[[117.37474,2.85471],[117.3745,2.85477],[117.37454,2.85492],[117.37457,2.85507],[117.37481,2.85501],[117.37474,2.85471]]]]},"properties":{"kdprov":"65","kdkab":"02","kdkec":"050","kddesa":"009","kdsls":"0052","idsls":"65020500090052","nmprov":"KALIMANTAN UTARA","nmkab":"BULUNGAN","nmkec":"TANJUNG SELOR","nmdesa":"TANJUNG SELOR HILIR","nmsls":"RT 052 RW 020"}},{"type":"Feature","geometry":{"type":"MultiPolygon","coordinates":[[[[117.3749,2.85424],[117.37524,2.85402],[117.37496,2.85363],[117.37463,2.85387],[117.3749,2.85424]]]]},"properties":{"kdprov":"65","kdkab":"02","kdkec":"050","kddesa":"009","kdsls":"0052","idsls":"65020500090052","nmprov":"KALIMANTAN UTARA","nmkab":"BULUNGAN","nmkec":"TANJUNG SELOR","nmdesa":"TANJUNG SELOR HILIR","nmsls":"RT 052 RW 020"}},{"type":"Feature","geometry":{"type":"MultiPolygon","coordinates":[[[[117.37364,2.85513],[117.37367,2.85526],[117.37457,2.85507],[117.37454,2.85492],[117.37364,2.85513]]]]},"properties":{"kdprov":"65","kdkab":"02","kdkec":"050","kddesa":"009","kdsls":"0052","idsls":"65020500090052","nmprov":"KALIMANTAN UTARA","nmkab":"BULUNGAN","nmkec":"TANJUNG SELOR","nmdesa":"TANJUNG SELOR HILIR","nmsls":"RT 052 RW 020"}},{"type":"Feature","geometry":{"type":"MultiPolygon","coordinates":[[[[117.37454,2.85492],[117.3745,2.85477],[117.37361,2.85498],[117.37364,2.85513],[117.37454,2.85492]]]]},"properties":{"kdprov":"65","kdkab":"02","kdkec":"050","kddesa":"009","kdsls":"0052","idsls":"65020500090052","nmprov":"KALIMANTAN UTARA","nmkab":"BULUNGAN","nmkec":"TANJUNG SELOR","nmdesa":"TANJUNG SELOR HILIR","nmsls":"RT 052 RW 020"}},{"type":"Feature","geometry":{"type":"MultiPolygon","coordinates":[[[[117.37544,2.85429],[117.37535,2.85418],[117.37497,2.85444],[117.37505,2.85456],[117.37544,2.85429]]]]},"properties":{"kdprov":"65","kdkab":"02","kdkec":"050","kddesa":"009","kdsls":"0052","idsls":"65020500090052","nmprov":"KALIMANTAN UTARA","nmkab":"BULUNGAN","nmkec":"TANJUNG SELOR","nmdesa":"TANJUNG SELOR HILIR","nmsls":"RT 052 RW 020"}},{"type":"Feature","geometry":{"type":"MultiPolygon","coordinates":[[[[117.37331,2.85506],[117.37348,2.85477],[117.37316,2.85459],[117.37301,2.85488],[117.37331,2.85506]]]]},"properties":{"kdprov":"65","kdkab":"02","kdkec":"050","kddesa":"009","kdsls":"0052","idsls":"65020500090052","nmprov":"KALIMANTAN UTARA","nmkab":"BULUNGAN","nmkec":"TANJUNG SELOR","nmdesa":"TANJUNG SELOR HILIR","nmsls":"RT 052 RW 020"}},{"type":"Feature","geometry":{"type":"MultiPolygon","coordinates":[[[[117.37458,2.8555],[117.37453,2.85527],[117.37379,2.85543],[117.37386,2.85567],[117.37458,2.8555]]]]},"properties":{"kdprov":"65","kdkab":"02","kdkec":"050","kddesa":"009","kdsls":"0052","idsls":"65020500090052","nmprov":"KALIMANTAN UTARA","nmkab":"BULUNGAN","nmkec":"TANJUNG SELOR","nmdesa":"TANJUNG SELOR HILIR","nmsls":"RT 052 RW 020"}},{"type":"Feature","geometry":{"type":"MultiPolygon","coordinates":[[[[117.3751,2.85537],[117.37504,2.85516],[117.3746,2.85526],[117.37465,2.85548],[117.3751,2.85537]]]]},"properties":{"kdprov":"65","kdkab":"02","kdkec":"050","kddesa":"009","kdsls":"0052","idsls":"65020500090052","nmprov":"KALIMANTAN UTARA","nmkab":"BULUNGAN","nmkec":"TANJUNG SELOR","nmdesa":"TANJUNG SELOR HILIR","nmsls":"RT 052 RW 020"}},{"type":"Feature","geometry":{"type":"MultiPolygon","coordinates":[[[[117.37463,2.85387],[117.37496,2.85363],[117.37486,2.8535],[117.37453,2.85374],[117.37463,2.85387]]]]},"properties":{"kdprov":"65","kdkab":"02","kdkec":"050","kddesa":"009","kdsls":"0052","idsls":"65020500090052","nmprov":"KALIMANTAN UTARA","nmkab":"BULUNGAN","nmkec":"TANJUNG SELOR","nmdesa":"TANJUNG SELOR HILIR","nmsls":"RT 052 RW 020"}},{"type":"Feature","geometry":{"type":"MultiPolygon","coordinates":[[[[117.37549,2.86803],[117.37418,2.87146],[117.37553,2.87195],[117.37664,2.87172],[117.37661,2.87143],[117.3768,2.86947],[117.37681,2.86899],[117.37684,2.86784],[117.37674,2.86803],[117.37636,2.86905],[117.37604,2.86835],[117.37549,2.86803]]]]},"properties":{"kdprov":"65","kdkab":"02","kdkec":"050","kddesa":"009","kdsls":"0065","idsls":"65020500090065","nmprov":"KALIMANTAN UTARA","nmkab":"BULUNGAN","nmkec":"TANJUNG SELOR","nmdesa":"TANJUNG SELOR HILIR","nmsls":"RT 065 RW 024"}},{"type":"Feature","geometry":{"type":"MultiPolygon","coordinates":[[[[117.36316,2.85648],[117.36319,2.85668],[117.36363,2.85664],[117.36504,2.85653],[117.36633,2.85637],[117.36701,2.85626],[117.36682,2.85528],[117.36502,2.85563],[117.3636,2.85592],[117.36307,2.85603],[117.36311,2.85621],[117.36316,2.85648]]]]},"properties":{"kdprov":"65","kdkab":"02","kdkec":"050","kddesa":"009","kdsls":"0056","idsls":"65020500090056","nmprov":"KALIMANTAN UTARA","nmkab":"BULUNGAN","nmkec":"TANJUNG SELOR","nmdesa":"TANJUNG SELOR HILIR","nmsls":"RT 056 RW 021"}},{"type":"Feature","geometry":{"type":"MultiPolygon","coordinates":[[[[117.36334,2.85833],[117.36333,2.8586],[117.36335,2.85901],[117.36374,2.859],[117.3637,2.85843],[117.36363,2.85664],[117.36319,2.85668],[117.36323,2.85718],[117.36324,2.85803],[117.3632,2.85826],[117.36334,2.85833]]]]},"properties":{"kdprov":"65","kdkab":"02","kdkec":"050","kddesa":"009","kdsls":"0057","idsls":"65020500090057","nmprov":"KALIMANTAN UTARA","nmkab":"BULUNGAN","nmkec":"TANJUNG SELOR","nmdesa":"TANJUNG SELOR HILIR","nmsls":"RT 057 RW 021"}},{"type":"Feature","geometry":{"type":"MultiPolygon","coordinates":[[[[117.37689,2.84714],[117.37663,2.84657],[117.37627,2.84679],[117.37627,2.84679],[117.3743,2.84769],[117.37556,2.85051],[117.37632,2.85221],[117.37685,2.85185],[117.37732,2.85154],[117.3767,2.85057],[117.37634,2.8501],[117.37703,2.84967],[117.37703,2.8491],[117.37738,2.84894],[117.3773,2.84824],[117.37753,2.84815],[117.37748,2.8478],[117.3769,2.84788],[117.37681,2.84752],[117.37675,2.84734],[117.37691,2.84724],[117.37689,2.84714]]]]},"properties":{"kdprov":"65","kdkab":"02","kdkec":"050","kddesa":"009","kdsls":"0092","idsls":"65020500090092","nmprov":"KALIMANTAN UTARA","nmkab":"BULUNGAN","nmkec":"TANJUNG SELOR","nmdesa":"TANJUNG SELOR HILIR","nmsls":"RT 092 RW 034"}},{"type":"Feature","geometry":{"type":"MultiPolygon","coordinates":[[[[117.38472,2.85176],[117.3882,2.85458],[117.38863,2.85388],[117.38857,2.85287],[117.38895,2.85185],[117.3895,2.85135],[117.39011,2.85127],[117.39096,2.85151],[117.39156,2.85193],[117.39164,2.852],[117.39262,2.85256],[117.39303,2.85293],[117.39344,2.85329],[117.39381,2.85372],[117.39406,2.85417],[117.39421,2.85432],[117.39442,2.85467],[117.39543,2.85592],[117.39672,2.85685],[117.39893,2.85653],[117.40075,2.85629],[117.40295,2.85578],[117.40321,2.85564],[117.40544,2.85491],[117.40574,2.85459],[117.40602,2.85447],[117.40572,2.85406],[117.40545,2.85388],[117.4052,2.85381],[117.40487,2.85371],[117.40468,2.85354],[117.40442,2.85329],[117.40328,2.85299],[117.4023,2.85274],[117.40176,2.85251],[117.4016,2.85219],[117.40141,2.85164],[117.40097,2.85175],[117.39571,2.85318],[117.39527,2.85132],[117.39522,2.85111],[117.39503,2.8504],[117.39491,2.85024],[117.39329,2.8481],[117.39239,2.84748],[117.39159,2.8473],[117.39057,2.84721],[117.38937,2.8476],[117.38472,2.85176]]]]},"properties":{"kdprov":"65","kdkab":"02","kdkec":"050","kddesa":"009","kdsls":"0070","idsls":"65020500090070","nmprov":"KALIMANTAN UTARA","nmkab":"BULUNGAN","nmkec":"TANJUNG SELOR","nmdesa":"TANJUNG SELOR HILIR","nmsls":"RT 070 RW 026"}},{"type":"Feature","geometry":{"type":"MultiPolygon","coordinates":[[[[117.37316,2.8684],[117.37465,2.86777],[117.37506,2.86718],[117.37318,2.86658],[117.37056,2.87002],[117.37083,2.87015],[117.37106,2.87028],[117.37107,2.87028],[117.37136,2.87043],[117.37149,2.87055],[117.37285,2.86879],[117.37316,2.8684]]]]},"properties":{"kdprov":"65","kdkab":"02","kdkec":"050","kddesa":"009","kdsls":"0064","idsls":"65020500090064","nmprov":"KALIMANTAN UTARA","nmkab":"BULUNGAN","nmkec":"TANJUNG SELOR","nmdesa":"TANJUNG SELOR HILIR","nmsls":"RT 064 RW 023"}},{"type":"Feature","geometry":{"type":"MultiPolygon","coordinates":[[[[117.37096,2.82869],[117.37694,2.8403],[117.37781,2.84014],[117.37844,2.84003],[117.37856,2.83988],[117.37865,2.83979],[117.37886,2.83967],[117.37904,2.83958],[117.37906,2.83956],[117.37937,2.8391],[117.37948,2.839],[117.37949,2.83898],[117.37969,2.83886],[117.3802,2.83867],[117.3803,2.83863],[117.38034,2.83838],[117.3804,2.83804],[117.38041,2.83791],[117.38039,2.83767],[117.38037,2.83738],[117.38028,2.83707],[117.38012,2.83668],[117.37995,2.83628],[117.38033,2.83552],[117.37904,2.83412],[117.37926,2.83308],[117.3785,2.83267],[117.37101,2.82862],[117.37098,2.82867],[117.37096,2.82869]]]]},"properties":{"kdprov":"65","kdkab":"02","kdkec":"050","kddesa":"009","kdsls":"0042","idsls":"65020500090042","nmprov":"KALIMANTAN UTARA","nmkab":"BULUNGAN","nmkec":"TANJUNG SELOR","nmdesa":"TANJUNG SELOR HILIR","nmsls":"RT 042 RW 015"}},{"type":"Feature","geometry":{"type":"MultiPolygon","coordinates":[[[[117.40793,2.852],[117.40793,2.852],[117.40824,2.85378],[117.40833,2.85376],[117.40978,2.8537],[117.40996,2.85376],[117.41039,2.84967],[117.41042,2.84942],[117.41047,2.84925],[117.41052,2.84908],[117.41067,2.84877],[117.4107,2.8487],[117.41092,2.84803],[117.41092,2.84803],[117.41092,2.84803],[117.41097,2.84781],[117.41139,2.84611],[117.4096,2.84685],[117.40732,2.8478],[117.40743,2.84816],[117.40743,2.84816],[117.40743,2.84816],[117.40814,2.85077],[117.40771,2.85093],[117.40793,2.852]]]]},"properties":{"kdprov":"65","kdkab":"02","kdkec":"050","kddesa":"008","kdsls":"0003","idsls":"65020500080003","nmprov":"KALIMANTAN UTARA","nmkab":"BULUNGAN","nmkec":"TANJUNG SELOR","nmdesa":"TANJUNG SELOR TIMUR","nmsls":"RT 003 RW 001"}},{"type":"Feature","geometry":{"type":"MultiPolygon","coordinates":[[[[117.37732,2.85154],[117.37685,2.85185],[117.3775,2.85267],[117.37741,2.85276],[117.37957,2.85555],[117.37964,2.8555],[117.37997,2.85528],[117.37868,2.85373],[117.37896,2.85353],[117.37737,2.85151],[117.37732,2.85154]]]]},"properties":{"kdprov":"65","kdkab":"02","kdkec":"050","kddesa":"009","kdsls":"0050","idsls":"65020500090050","nmprov":"KALIMANTAN UTARA","nmkab":"BULUNGAN","nmkec":"TANJUNG SELOR","nmdesa":"TANJUNG SELOR HILIR","nmsls":"RT 050 RW 019"}},{"type":"Feature","geometry":{"type":"MultiPolygon","coordinates":[[[[117.38057,2.85774],[117.38072,2.85787],[117.38083,2.85798],[117.38108,2.85822],[117.38115,2.85827],[117.38126,2.85834],[117.3814,2.85841],[117.3837,2.85942],[117.38382,2.85946],[117.38395,2.85949],[117.38412,2.85953],[117.38617,2.85962],[117.38633,2.85871],[117.38644,2.85832],[117.38224,2.85364],[117.38174,2.85403],[117.3805,2.85493],[117.37997,2.85528],[117.37964,2.8555],[117.37957,2.85555],[117.37908,2.8559],[117.38057,2.85774]]]]},"properties":{"kdprov":"65","kdkab":"02","kdkec":"050","kddesa":"009","kdsls":"0071","idsls":"65020500090071","nmprov":"KALIMANTAN UTARA","nmkab":"BULUNGAN","nmkec":"TANJUNG SELOR","nmdesa":"TANJUNG SELOR HILIR","nmsls":"RT 071 RW 026"}},{"type":"Feature","geometry":{"type":"MultiPolygon","coordinates":[[[[117.36986,2.85977],[117.37057,2.85962],[117.37079,2.86048],[117.37158,2.86021],[117.37219,2.86001],[117.37186,2.85905],[117.37123,2.85926],[117.37034,2.85663],[117.3697,2.85471],[117.36938,2.85479],[117.36937,2.85479],[117.36865,2.85493],[117.36861,2.85494],[117.36986,2.85977]]]]},"properties":{"kdprov":"65","kdkab":"02","kdkec":"050","kddesa":"009","kdsls":"0054","idsls":"65020500090054","nmprov":"KALIMANTAN UTARA","nmkab":"BULUNGAN","nmkec":"TANJUNG SELOR","nmdesa":"TANJUNG SELOR HILIR","nmsls":"RT 054 RW 020"}},{"type":"Feature","geometry":{"type":"MultiPolygon","coordinates":[[[[117.3734,2.84063],[117.3734,2.84063],[117.37368,2.84027],[117.37384,2.83997],[117.37389,2.83979],[117.37387,2.83964],[117.37365,2.83906],[117.373,2.8394],[117.37277,2.83894],[117.37341,2.83865],[117.37272,2.83712],[117.373,2.83696],[117.37281,2.83637],[117.37096,2.83642],[117.37115,2.83975],[117.37265,2.8403],[117.37272,2.84033],[117.3734,2.84063]]]]},"properties":{"kdprov":"65","kdkab":"02","kdkec":"050","kddesa":"009","kdsls":"0014","idsls":"65020500090014","nmprov":"KALIMANTAN UTARA","nmkab":"BULUNGAN","nmkec":"TANJUNG SELOR","nmdesa":"TANJUNG SELOR HILIR","nmsls":"RT 014 RW 005"}},{"type":"Feature","geometry":{"type":"MultiPolygon","coordinates":[[[[117.3968,2.83482],[117.39509,2.83412],[117.39357,2.83102],[117.39304,2.83033],[117.39217,2.82967],[117.39156,2.82944],[117.39072,2.82896],[117.39058,2.8292],[117.39051,2.82938],[117.39048,2.82971],[117.39046,2.83006],[117.38977,2.83006],[117.38898,2.83029],[117.38841,2.8309],[117.38884,2.83374],[117.38893,2.83501],[117.39416,2.83441],[117.39537,2.83585],[117.39594,2.83653],[117.3968,2.83482]]]]},"properties":{"kdprov":"65","kdkab":"02","kdkec":"050","kddesa":"009","kdsls":"0046","idsls":"65020500090046","nmprov":"KALIMANTAN UTARA","nmkab":"BULUNGAN","nmkec":"TANJUNG SELOR","nmdesa":"TANJUNG SELOR HILIR","nmsls":"RT 046 RW 017"}},{"type":"Feature","geometry":{"type":"MultiPolygon","coordinates":[[[[117.40977,2.81594],[117.40888,2.81652],[117.40907,2.81681],[117.41018,2.81626],[117.41051,2.81664],[117.41079,2.81649],[117.41104,2.81685],[117.41079,2.81704],[117.41222,2.81936],[117.41222,2.81931],[117.41206,2.81894],[117.41188,2.81825],[117.41177,2.81775],[117.41177,2.81775],[117.41174,2.81748],[117.41173,2.81701],[117.41174,2.81675],[117.41187,2.81613],[117.41199,2.81586],[117.41204,2.81569],[117.41204,2.81569],[117.41209,2.81551],[117.41175,2.81539],[117.41145,2.81532],[117.4113,2.81524],[117.41117,2.8151],[117.41113,2.81502],[117.41094,2.81518],[117.40977,2.81594]]]]},"properties":{"kdprov":"65","kdkab":"02","kdkec":"050","kddesa":"003","kdsls":"0010","idsls":"65020500030010","nmprov":"KALIMANTAN UTARA","nmkab":"BULUNGAN","nmkec":"TANJUNG SELOR","nmdesa":"JELARAI SELOR","nmsls":"RT 038 RW 002"}},{"type":"Feature","geometry":{"type":"MultiPolygon","coordinates":[[[[117.38445,2.83134],[117.38474,2.8311],[117.38504,2.83092],[117.38559,2.83077],[117.38617,2.83074],[117.38631,2.83074],[117.38643,2.8307],[117.38665,2.8305],[117.38688,2.83022],[117.38723,2.82985],[117.38733,2.82974],[117.38753,2.82953],[117.3876,2.82756],[117.38742,2.82759],[117.38366,2.82891],[117.38081,2.82972],[117.38127,2.83039],[117.38142,2.83055],[117.38223,2.83122],[117.38229,2.83126],[117.38318,2.83185],[117.384,2.83233],[117.38405,2.83195],[117.3841,2.8318],[117.38425,2.8316],[117.38445,2.83134]]]]},"properties":{"kdprov":"65","kdkab":"02","kdkec":"050","kddesa":"009","kdsls":"0046","idsls":"65020500090046","nmprov":"KALIMANTAN UTARA","nmkab":"BULUNGAN","nmkec":"TANJUNG SELOR","nmdesa":"TANJUNG SELOR HILIR","nmsls":"RT 046 RW 017"}},{"type":"Feature","geometry":{"type":"MultiPolygon","coordinates":[[[[117.39664,2.83737],[117.39792,2.83795],[117.39897,2.83586],[117.3968,2.83482],[117.3968,2.83482],[117.3968,2.83482],[117.39594,2.83653],[117.39664,2.83737]]]]},"properties":{"kdprov":"65","kdkab":"02","kdkec":"050","kddesa":"009","kdsls":"0101","idsls":"65020500090101","nmprov":"KALIMANTAN UTARA","nmkab":"BULUNGAN","nmkec":"TANJUNG SELOR","nmdesa":"TANJUNG SELOR HILIR","nmsls":"RT 101 RW 037"}},{"type":"Feature","geometry":{"type":"MultiPolygon","coordinates":[[[[117.39046,2.83006],[117.39048,2.82971],[117.39051,2.82938],[117.39058,2.8292],[117.39072,2.82896],[117.38906,2.828],[117.3876,2.82756],[117.38753,2.82953],[117.38733,2.82974],[117.38771,2.83005],[117.3876,2.83018],[117.38841,2.8309],[117.38898,2.83029],[117.38977,2.83006],[117.39046,2.83006]]]]},"properties":{"kdprov":"65","kdkab":"02","kdkec":"050","kddesa":"009","kdsls":"0046","idsls":"65020500090046","nmprov":"KALIMANTAN UTARA","nmkab":"BULUNGAN","nmkec":"TANJUNG SELOR","nmdesa":"TANJUNG SELOR HILIR","nmsls":"RT 046 RW 017"}},{"type":"Feature","geometry":{"type":"MultiPolygon","coordinates":[[[[117.3968,2.83482],[117.3968,2.83482],[117.39654,2.83403],[117.39723,2.82933],[117.3958,2.82848],[117.39514,2.82808],[117.39406,2.8275],[117.39397,2.8275],[117.39052,2.82748],[117.38822,2.8267],[117.38782,2.82656],[117.38756,2.82636],[117.38688,2.82589],[117.38611,2.82539],[117.38559,2.82503],[117.38559,2.82423],[117.38559,2.82387],[117.38559,2.82337],[117.38539,2.82286],[117.38465,2.82228],[117.38342,2.82117],[117.38271,2.82051],[117.38237,2.82012],[117.37913,2.81776],[117.37912,2.82377],[117.37912,2.82758],[117.37927,2.82951],[117.37941,2.82956],[117.37981,2.82971],[117.37982,2.82971],[117.38009,2.82977],[117.38049,2.82974],[117.38069,2.82972],[117.38081,2.82972],[117.38366,2.82891],[117.38742,2.82759],[117.3876,2.82756],[117.38906,2.828],[117.39072,2.82896],[117.39156,2.82944],[117.39217,2.82967],[117.39304,2.83033],[117.39357,2.83102],[117.39509,2.83412],[117.3968,2.83482]]]]},"properties":{"kdprov":"65","kdkab":"02","kdkec":"050","kddesa":"009","kdsls":"0046","idsls":"65020500090046","nmprov":"KALIMANTAN UTARA","nmkab":"BULUNGAN","nmkec":"TANJUNG SELOR","nmdesa":"TANJUNG SELOR HILIR","nmsls":"RT 046 RW 017"}},{"type":"Feature","geometry":{"type":"MultiPolygon","coordinates":[[[[117.4054,2.80203],[117.40536,2.80294],[117.40732,2.80303],[117.40735,2.80235],[117.40736,2.80206],[117.4054,2.80203]]]]},"properties":{"kdprov":"65","kdkab":"02","kdkec":"050","kddesa":"003","kdsls":"0013","idsls":"65020500030013","nmprov":"KALIMANTAN UTARA","nmkab":"BULUNGAN","nmkec":"TANJUNG SELOR","nmdesa":"JELARAI SELOR","nmsls":"RT 023 RW 003"}},{"type":"Feature","geometry":{"type":"MultiPolygon","coordinates":[[[[117.40736,2.80206],[117.40742,2.80001],[117.40355,2.80035],[117.40349,2.802],[117.4054,2.80203],[117.40736,2.80206]]]]},"properties":{"kdprov":"65","kdkab":"02","kdkec":"050","kddesa":"003","kdsls":"0014","idsls":"65020500030014","nmprov":"KALIMANTAN UTARA","nmkab":"BULUNGAN","nmkec":"TANJUNG SELOR","nmdesa":"JELARAI SELOR","nmsls":"RT 024 RW 003"}},{"type":"Feature","geometry":{"type":"MultiPolygon","coordinates":[[[[117.41808,2.81557],[117.41803,2.81616],[117.41815,2.81754],[117.41825,2.81794],[117.41823,2.8182],[117.41855,2.81837],[117.41872,2.81839],[117.41899,2.81836],[117.41905,2.81835],[117.41905,2.81831],[117.41972,2.81808],[117.42044,2.81778],[117.42036,2.8174],[117.42276,2.81626],[117.41821,2.81347],[117.41722,2.81371],[117.41722,2.81371],[117.4172,2.81372],[117.4172,2.81373],[117.41713,2.81396],[117.41738,2.81409],[117.41794,2.81483],[117.41808,2.81557]]]]},"properties":{"kdprov":"65","kdkab":"02","kdkec":"050","kddesa":"007","kdsls":"0007","idsls":"65020500070007","nmprov":"KALIMANTAN UTARA","nmkab":"BULUNGAN","nmkec":"TANJUNG SELOR","nmdesa":"TENGKAPAK","nmsls":"RT 007"}},{"type":"Feature","geometry":{"type":"MultiPolygon","coordinates":[[[[117.42074,2.82225],[117.41812,2.82379],[117.41795,2.82523],[117.41795,2.82589],[117.41795,2.82635],[117.41795,2.82635],[117.41813,2.82747],[117.41838,2.82742],[117.41905,2.82728],[117.41915,2.82697],[117.41924,2.82673],[117.41948,2.8264],[117.41979,2.82598],[117.42021,2.82514],[117.42053,2.82449],[117.42083,2.82397],[117.42126,2.8232],[117.42178,2.82234],[117.4211,2.82138],[117.42074,2.82225]]]]},"properties":{"kdprov":"65","kdkab":"02","kdkec":"050","kddesa":"007","kdsls":"0005","idsls":"65020500070005","nmprov":"KALIMANTAN UTARA","nmkab":"BULUNGAN","nmkec":"TANJUNG SELOR","nmdesa":"TENGKAPAK","nmsls":"RT 005"}},{"type":"Feature","geometry":{"type":"MultiPolygon","coordinates":[[[[117.41959,2.81942],[117.42054,2.81862],[117.42176,2.81842],[117.42264,2.81827],[117.42288,2.81807],[117.42288,2.81807],[117.42408,2.81772],[117.42293,2.81636],[117.42276,2.81626],[117.42036,2.8174],[117.42044,2.81778],[117.41972,2.81808],[117.41905,2.81831],[117.41905,2.81835],[117.41899,2.81836],[117.41872,2.81839],[117.41855,2.81837],[117.41823,2.8182],[117.41815,2.81924],[117.41825,2.81978],[117.41881,2.81971],[117.41898,2.8199],[117.41959,2.81942]]]]},"properties":{"kdprov":"65","kdkab":"02","kdkec":"050","kddesa":"007","kdsls":"0001","idsls":"65020500070001","nmprov":"KALIMANTAN UTARA","nmkab":"BULUNGAN","nmkec":"TANJUNG SELOR","nmdesa":"TENGKAPAK","nmsls":"RT 001"}},{"type":"Feature","geometry":{"type":"MultiPolygon","coordinates":[[[[117.37058,2.81356],[117.3705,2.81358],[117.37513,2.82118],[117.37665,2.82324],[117.37854,2.82602],[117.37874,2.82642],[117.37912,2.82758],[117.37912,2.82377],[117.37203,2.81289],[117.37181,2.81295],[117.37138,2.8131],[117.37082,2.81333],[117.37069,2.81342],[117.37058,2.81356]]]]},"properties":{"kdprov":"65","kdkab":"02","kdkec":"050","kddesa":"002","kdsls":"0018","idsls":"65020500020018","nmprov":"KALIMANTAN UTARA","nmkab":"BULUNGAN","nmkec":"TANJUNG SELOR","nmdesa":"TANJUNG SELOR HULU","nmsls":"RT 018 RW 007"}},{"type":"Feature","geometry":{"type":"MultiPolygon","coordinates":[[[[117.45934,2.79562],[117.45946,2.79559],[117.46218,2.79091],[117.4621,2.79087],[117.46049,2.78995],[117.45909,2.79271],[117.45848,2.79263],[117.45769,2.79235],[117.45657,2.79407],[117.45682,2.79423],[117.45806,2.79499],[117.45934,2.79562]]]]},"properties":{"kdprov":"65","kdkab":"02","kdkec":"050","kddesa":"005","kdsls":"0005","idsls":"65020500050005","nmprov":"KALIMANTAN UTARA","nmkab":"BULUNGAN","nmkec":"TANJUNG SELOR","nmdesa":"BUMI RAHAYU","nmsls":"RT 005 RW 002"}},{"type":"Feature","geometry":{"type":"MultiPolygon","coordinates":[[[[117.44753,2.78434],[117.44731,2.78402],[117.44691,2.78423],[117.44667,2.78436],[117.44644,2.78443],[117.44623,2.78447],[117.44604,2.78448],[117.44587,2.78445],[117.44564,2.78434],[117.44536,2.78415],[117.44503,2.78393],[117.44293,2.78798],[117.44499,2.78889],[117.44538,2.78905],[117.44577,2.78917],[117.44614,2.78923],[117.44671,2.78922],[117.44724,2.7891],[117.44789,2.78884],[117.44844,2.78858],[117.44945,2.788],[117.44917,2.78762],[117.44839,2.78637],[117.44833,2.7862],[117.44832,2.78595],[117.44834,2.78566],[117.44829,2.78547],[117.44772,2.78461],[117.44753,2.78434]]]]},"properties":{"kdprov":"65","kdkab":"02","kdkec":"050","kddesa":"005","kdsls":"0007","idsls":"65020500050007","nmprov":"KALIMANTAN UTARA","nmkab":"BULUNGAN","nmkec":"TANJUNG SELOR","nmdesa":"BUMI RAHAYU","nmsls":"RT 007 RW 001"}},{"type":"Feature","geometry":{"type":"MultiPolygon","coordinates":[[[[117.41304,2.85542],[117.41626,2.85498],[117.41617,2.85442],[117.41555,2.85106],[117.41369,2.85143],[117.41351,2.85393],[117.41304,2.85542]]]]},"properties":{"kdprov":"65","kdkab":"02","kdkec":"050","kddesa":"008","kdsls":"0006","idsls":"65020500080006","nmprov":"KALIMANTAN UTARA","nmkab":"BULUNGAN","nmkec":"TANJUNG SELOR","nmdesa":"TANJUNG SELOR TIMUR","nmsls":"RT 006 RW 002"}},{"type":"Feature","geometry":{"type":"MultiPolygon","coordinates":[[[[117.41285,2.856],[117.41286,2.85602],[117.41287,2.85605],[117.41303,2.85662],[117.41307,2.85763],[117.41296,2.85887],[117.41296,2.85968],[117.41291,2.86037],[117.41221,2.86276],[117.41174,2.86377],[117.41134,2.86468],[117.41106,2.86505],[117.41023,2.86674],[117.4099,2.86763],[117.4099,2.86823],[117.40997,2.86861],[117.40997,2.86867],[117.40998,2.86868],[117.41006,2.8688],[117.41011,2.86885],[117.41014,2.86886],[117.4105,2.86894],[117.41073,2.86897],[117.41132,2.869],[117.41235,2.86872],[117.41371,2.86807],[117.41561,2.86684],[117.41654,2.86603],[117.4168,2.86539],[117.4169,2.86525],[117.41721,2.86406],[117.41731,2.8638],[117.41744,2.8624],[117.41735,2.86115],[117.4173,2.86022],[117.41736,2.85957],[117.41749,2.85917],[117.41777,2.85871],[117.4178,2.8586],[117.41785,2.85859],[117.41853,2.85788],[117.4189,2.85765],[117.41896,2.85761],[117.4187,2.8575],[117.41857,2.8574],[117.41847,2.85727],[117.41836,2.85708],[117.41821,2.85689],[117.41795,2.85638],[117.41786,2.85616],[117.41779,2.85597],[117.41772,2.85579],[117.41736,2.85478],[117.41626,2.85498],[117.41304,2.85542],[117.41285,2.856]]]]},"properties":{"kdprov":"65","kdkab":"02","kdkec":"050","kddesa":"008","kdsls":"0013","idsls":"65020500080013","nmprov":"KALIMANTAN UTARA","nmkab":"BULUNGAN","nmkec":"TANJUNG SELOR","nmdesa":"TANJUNG SELOR TIMUR","nmsls":"RT 013 RW 005"}},{"type":"Feature","geometry":{"type":"MultiPolygon","coordinates":[[[[117.4216,2.8437],[117.42131,2.84034],[117.42027,2.8405],[117.42033,2.8408],[117.42132,2.84564],[117.42175,2.84552],[117.42269,2.84526],[117.42253,2.84362],[117.4216,2.8437]]]]},"properties":{"kdprov":"65","kdkab":"02","kdkec":"050","kddesa":"008","kdsls":"0036","idsls":"65020500080036","nmprov":"KALIMANTAN UTARA","nmkab":"BULUNGAN","nmkec":"TANJUNG SELOR","nmdesa":"TANJUNG SELOR TIMUR","nmsls":"RT 033 RW 008"}},{"type":"Feature","geometry":{"type":"MultiPolygon","coordinates":[[[[117.37689,2.84714],[117.37691,2.84724],[117.37675,2.84734],[117.37681,2.84752],[117.3769,2.84788],[117.37748,2.8478],[117.37753,2.84815],[117.3773,2.84824],[117.37738,2.84894],[117.37703,2.8491],[117.37703,2.84967],[117.37634,2.8501],[117.3767,2.85057],[117.37732,2.85154],[117.37737,2.85151],[117.37845,2.85079],[117.37845,2.85079],[117.37854,2.84484],[117.3779,2.8447],[117.37769,2.84457],[117.37744,2.84436],[117.37706,2.84486],[117.37732,2.84502],[117.37696,2.84566],[117.37684,2.84555],[117.37593,2.84616],[117.37627,2.84679],[117.37663,2.84657],[117.37689,2.84714]]]]},"properties":{"kdprov":"65","kdkab":"02","kdkec":"050","kddesa":"009","kdsls":"0091","idsls":"65020500090091","nmprov":"KALIMANTAN UTARA","nmkab":"BULUNGAN","nmkec":"TANJUNG SELOR","nmdesa":"TANJUNG SELOR HILIR","nmsls":"RT 091 RW 034"}},{"type":"Feature","geometry":{"type":"MultiPolygon","coordinates":[[[[117.38486,2.83818],[117.38479,2.8381],[117.38473,2.8381],[117.38462,2.83815],[117.38454,2.83823],[117.38447,2.83825],[117.38437,2.83822],[117.38432,2.83824],[117.38428,2.83831],[117.38416,2.83844],[117.38405,2.83853],[117.38394,2.83854],[117.3837,2.83853],[117.38345,2.83854],[117.3833,2.83863],[117.3831,2.83867],[117.38285,2.8388],[117.38269,2.83879],[117.38264,2.83889],[117.38242,2.83935],[117.382,2.83953],[117.38174,2.83907],[117.38143,2.83898],[117.38114,2.83897],[117.38082,2.83905],[117.38052,2.83916],[117.38025,2.83929],[117.38006,2.8394],[117.37993,2.83942],[117.37948,2.839],[117.37937,2.8391],[117.37906,2.83956],[117.37902,2.83962],[117.37891,2.83987],[117.37891,2.84008],[117.37892,2.84052],[117.37923,2.84072],[117.37901,2.84022],[117.37902,2.84008],[117.37923,2.83995],[117.37933,2.83977],[117.37932,2.8395],[117.37961,2.8401],[117.37994,2.83978],[117.38005,2.84047],[117.38032,2.84033],[117.38048,2.84065],[117.3807,2.84057],[117.38131,2.84209],[117.38081,2.84232],[117.3807,2.84205],[117.38058,2.84195],[117.38047,2.84191],[117.38026,2.84202],[117.38012,2.84212],[117.38009,2.84219],[117.38013,2.84236],[117.38009,2.84245],[117.37977,2.84285],[117.37977,2.84328],[117.37996,2.84353],[117.38006,2.84393],[117.38014,2.84429],[117.38021,2.8445],[117.38024,2.84461],[117.38026,2.84467],[117.38024,2.84473],[117.3802,2.84474],[117.38012,2.84472],[117.38006,2.84469],[117.37992,2.84467],[117.37975,2.84465],[117.37958,2.84465],[117.37941,2.84466],[117.37924,2.8447],[117.37911,2.84474],[117.37893,2.84481],[117.37873,2.84485],[117.37854,2.84484],[117.37854,2.84484],[117.37845,2.85079],[117.38112,2.84891],[117.38112,2.84891],[117.38224,2.84798],[117.38501,2.84541],[117.38776,2.84255],[117.38811,2.84063],[117.38818,2.84024],[117.38818,2.84023],[117.38837,2.83833],[117.38799,2.83836],[117.38754,2.83834],[117.38734,2.83825],[117.38704,2.83792],[117.38673,2.83746],[117.38644,2.83723],[117.38616,2.83713],[117.38578,2.83715],[117.38558,2.83721],[117.38552,2.83723],[117.38551,2.83724],[117.38503,2.83814],[117.38494,2.83819],[117.38486,2.83818]]]]},"properties":{"kdprov":"65","kdkab":"02","kdkec":"050","kddesa":"009","kdsls":"2001","idsls":"65020500092001","nmprov":"KALIMANTAN UTARA","nmkab":"BULUNGAN","nmkec":"TANJUNG SELOR","nmdesa":"TANJUNG SELOR HILIR","nmsls":"HUTAN BUNDA HAYATI"}},{"type":"Feature","geometry":{"type":"MultiPolygon","coordinates":[[[[117.37186,2.85905],[117.37219,2.86001],[117.37158,2.86021],[117.37193,2.86128],[117.37216,2.86124],[117.3721,2.86099],[117.37289,2.86042],[117.37256,2.85951],[117.37172,2.85707],[117.37077,2.85444],[117.37031,2.85456],[117.37127,2.85733],[117.37186,2.85905]]]]},"properties":{"kdprov":"65","kdkab":"02","kdkec":"050","kddesa":"009","kdsls":"0053","idsls":"65020500090053","nmprov":"KALIMANTAN UTARA","nmkab":"BULUNGAN","nmkec":"TANJUNG SELOR","nmdesa":"TANJUNG SELOR HILIR","nmsls":"RT 053 RW 020"}},{"type":"Feature","geometry":{"type":"MultiPolygon","coordinates":[[[[117.36778,2.85552],[117.36782,2.85559],[117.36786,2.85568],[117.369,2.85926],[117.36912,2.85965],[117.36861,2.85981],[117.36851,2.85983],[117.36841,2.85986],[117.36831,2.85988],[117.36825,2.85989],[117.36821,2.85989],[117.36817,2.85988],[117.36808,2.85989],[117.36835,2.86056],[117.36816,2.86062],[117.36839,2.86126],[117.37079,2.86048],[117.37057,2.85962],[117.36986,2.85977],[117.36861,2.85494],[117.36766,2.85512],[117.36772,2.8554],[117.36773,2.85545],[117.36778,2.85552]]]]},"properties":{"kdprov":"65","kdkab":"02","kdkec":"050","kddesa":"009","kdsls":"0055","idsls":"65020500090055","nmprov":"KALIMANTAN UTARA","nmkab":"BULUNGAN","nmkec":"TANJUNG SELOR","nmdesa":"TANJUNG SELOR HILIR","nmsls":"RT 055 RW 020"}},{"type":"Feature","geometry":{"type":"MultiPolygon","coordinates":[[[[117.36362,2.86116],[117.36366,2.8613],[117.36378,2.86203],[117.36397,2.86248],[117.36399,2.86265],[117.36401,2.86276],[117.36403,2.86276],[117.36843,2.86138],[117.36839,2.86126],[117.36816,2.86062],[117.36512,2.86103],[117.36456,2.86098],[117.36362,2.86116]]]]},"properties":{"kdprov":"65","kdkab":"02","kdkec":"050","kddesa":"009","kdsls":"0060","idsls":"65020500090060","nmprov":"KALIMANTAN UTARA","nmkab":"BULUNGAN","nmkec":"TANJUNG SELOR","nmdesa":"TANJUNG SELOR HILIR","nmsls":"RT 060 RW 022"}},{"type":"Feature","geometry":{"type":"MultiPolygon","coordinates":[[[[117.36699,2.86704],[117.36728,2.86736],[117.37193,2.86322],[117.36944,2.86333],[117.36605,2.86609],[117.36699,2.86704]]]]},"properties":{"kdprov":"65","kdkab":"02","kdkec":"050","kddesa":"009","kdsls":"0062","idsls":"65020500090062","nmprov":"KALIMANTAN UTARA","nmkab":"BULUNGAN","nmkec":"TANJUNG SELOR","nmdesa":"TANJUNG SELOR HILIR","nmsls":"RT 062 RW 023"}},{"type":"Feature","geometry":{"type":"MultiPolygon","coordinates":[[[[117.36817,2.85988],[117.36821,2.85989],[117.36825,2.85989],[117.36831,2.85988],[117.36841,2.85986],[117.36851,2.85983],[117.36861,2.85981],[117.36912,2.85965],[117.369,2.85926],[117.36786,2.85568],[117.36782,2.85559],[117.36778,2.85552],[117.36773,2.85545],[117.36772,2.8554],[117.36766,2.85512],[117.36682,2.85528],[117.36701,2.85626],[117.36721,2.85711],[117.36737,2.85776],[117.36743,2.85789],[117.36794,2.85927],[117.36817,2.85988]]]]},"properties":{"kdprov":"65","kdkab":"02","kdkec":"050","kddesa":"009","kdsls":"0055","idsls":"65020500090055","nmprov":"KALIMANTAN UTARA","nmkab":"BULUNGAN","nmkec":"TANJUNG SELOR","nmdesa":"TANJUNG SELOR HILIR","nmsls":"RT 055 RW 020"}},{"type":"Feature","geometry":{"type":"MultiPolygon","coordinates":[[[[117.38937,2.8476],[117.38824,2.84639],[117.38858,2.84575],[117.38874,2.84552],[117.38893,2.84536],[117.38924,2.84519],[117.38963,2.84501],[117.39001,2.84478],[117.39039,2.84446],[117.39053,2.84423],[117.39055,2.8441],[117.39058,2.84393],[117.39074,2.84309],[117.39083,2.84275],[117.39081,2.8424],[117.39072,2.84192],[117.39051,2.84169],[117.39049,2.84151],[117.39058,2.84106],[117.38811,2.84063],[117.38776,2.84255],[117.38501,2.84541],[117.38224,2.84798],[117.38112,2.84891],[117.38264,2.85015],[117.38472,2.85176],[117.38937,2.8476]]]]},"properties":{"kdprov":"65","kdkab":"02","kdkec":"050","kddesa":"009","kdsls":"0072","idsls":"65020500090072","nmprov":"KALIMANTAN UTARA","nmkab":"BULUNGAN","nmkec":"TANJUNG SELOR","nmdesa":"TANJUNG SELOR HILIR","nmsls":"RT 072 RW 027"}},{"type":"Feature","geometry":{"type":"MultiPolygon","coordinates":[[[[117.38412,2.85953],[117.38395,2.85949],[117.38382,2.85946],[117.3837,2.85942],[117.3814,2.85841],[117.38126,2.85834],[117.38115,2.85827],[117.38108,2.85822],[117.38083,2.85798],[117.38072,2.85787],[117.38057,2.85774],[117.37908,2.8559],[117.37836,2.85641],[117.37816,2.85655],[117.37899,2.85785],[117.37991,2.85992],[117.38095,2.86234],[117.38176,2.86204],[117.38615,2.8606],[117.38616,2.8597],[117.38617,2.85962],[117.38412,2.85953]]]]},"properties":{"kdprov":"65","kdkab":"02","kdkec":"050","kddesa":"009","kdsls":"0071","idsls":"65020500090071","nmprov":"KALIMANTAN UTARA","nmkab":"BULUNGAN","nmkec":"TANJUNG SELOR","nmdesa":"TANJUNG SELOR HILIR","nmsls":"RT 071 RW 026"}},{"type":"Feature","geometry":{"type":"MultiPolygon","coordinates":[[[[117.38848,2.86929],[117.38862,2.86922],[117.38875,2.86916],[117.38991,2.86834],[117.39003,2.86824],[117.39005,2.86818],[117.39007,2.86813],[117.39006,2.868],[117.39004,2.86794],[117.3899,2.86764],[117.38973,2.86726],[117.38962,2.867],[117.38958,2.8669],[117.38956,2.86678],[117.38943,2.86601],[117.38902,2.86284],[117.38879,2.86287],[117.3877,2.86295],[117.38762,2.86364],[117.38755,2.86411],[117.3875,2.86446],[117.38741,2.86481],[117.38732,2.86521],[117.38699,2.86595],[117.38691,2.86615],[117.38693,2.8665],[117.38707,2.86718],[117.38727,2.86792],[117.38766,2.86923],[117.38773,2.86952],[117.38773,2.86952],[117.38833,2.86934],[117.38848,2.86929]]]]},"properties":{"kdprov":"65","kdkab":"02","kdkec":"050","kddesa":"009","kdsls":"0068","idsls":"65020500090068","nmprov":"KALIMANTAN UTARA","nmkab":"BULUNGAN","nmkec":"TANJUNG SELOR","nmdesa":"TANJUNG SELOR HILIR","nmsls":"RT 068 RW 025"}},{"type":"Feature","geometry":{"type":"MultiPolygon","coordinates":[[[[117.38617,2.85962],[117.38616,2.8597],[117.38615,2.8606],[117.3861,2.863],[117.3877,2.86295],[117.38879,2.86287],[117.38902,2.86284],[117.38909,2.86283],[117.3901,2.86271],[117.38999,2.86129],[117.38993,2.85957],[117.38986,2.85947],[117.38971,2.85903],[117.38754,2.85879],[117.38758,2.85964],[117.38617,2.85962]]]]},"properties":{"kdprov":"65","kdkab":"02","kdkec":"050","kddesa":"009","kdsls":"0069","idsls":"65020500090069","nmprov":"KALIMANTAN UTARA","nmkab":"BULUNGAN","nmkec":"TANJUNG SELOR","nmdesa":"TANJUNG SELOR HILIR","nmsls":"RT 069 RW 026"}},{"type":"Feature","geometry":{"type":"MultiPolygon","coordinates":[[[[117.3882,2.85458],[117.38472,2.85176],[117.38264,2.85015],[117.38205,2.85088],[117.38356,2.8526],[117.38224,2.85364],[117.38644,2.85832],[117.38656,2.85786],[117.38708,2.85668],[117.38748,2.85591],[117.38781,2.85521],[117.3882,2.85458]]]]},"properties":{"kdprov":"65","kdkab":"02","kdkec":"050","kddesa":"009","kdsls":"0070","idsls":"65020500090070","nmprov":"KALIMANTAN UTARA","nmkab":"BULUNGAN","nmkec":"TANJUNG SELOR","nmdesa":"TANJUNG SELOR HILIR","nmsls":"RT 070 RW 026"}},{"type":"Feature","geometry":{"type":"MultiPolygon","coordinates":[[[[117.49642,2.75549],[117.49565,2.75552],[117.49561,2.76225],[117.49679,2.76228],[117.49784,2.76226],[117.49786,2.75555],[117.49642,2.75549]]]]},"properties":{"kdprov":"65","kdkab":"02","kdkec":"050","kddesa":"006","kdsls":"0017","idsls":"65020500060017","nmprov":"KALIMANTAN UTARA","nmkab":"BULUNGAN","nmkec":"TANJUNG SELOR","nmdesa":"APUNG","nmsls":"RT 017 RW 003"}},{"type":"Feature","geometry":{"type":"MultiPolygon","coordinates":[[[[117.50752,2.74962],[117.50748,2.74882],[117.50264,2.74882],[117.50211,2.74882],[117.50201,2.75444],[117.50187,2.75568],[117.50203,2.75569],[117.50206,2.75569],[117.50317,2.75567],[117.50518,2.75546],[117.50775,2.7553],[117.50775,2.7553],[117.50752,2.74962]]]]},"properties":{"kdprov":"65","kdkab":"02","kdkec":"050","kddesa":"006","kdsls":"0024","idsls":"65020500060024","nmprov":"KALIMANTAN UTARA","nmkab":"BULUNGAN","nmkec":"TANJUNG SELOR","nmdesa":"APUNG","nmsls":"RT 024 RW 004"}},{"type":"Feature","geometry":{"type":"MultiPolygon","coordinates":[[[[117.4423,2.86498],[117.44788,2.85133],[117.44898,2.85178],[117.45044,2.84835],[117.4474,2.847],[117.44918,2.84285],[117.44884,2.84273],[117.44841,2.84251],[117.44836,2.84247],[117.44823,2.84241],[117.44771,2.84201],[117.44718,2.84176],[117.43652,2.86119],[117.43738,2.86217],[117.43968,2.86399],[117.44025,2.86442],[117.44068,2.86468],[117.44124,2.86493],[117.4418,2.86498],[117.4423,2.86498]]]]},"properties":{"kdprov":"65","kdkab":"02","kdkec":"050","kddesa":"008","kdsls":"0021","idsls":"65020500080021","nmprov":"KALIMANTAN UTARA","nmkab":"BULUNGAN","nmkec":"TANJUNG SELOR","nmdesa":"TANJUNG SELOR TIMUR","nmsls":"RT 021 RW 007"}},{"type":"Feature","geometry":{"type":"MultiPolygon","coordinates":[[[[117.45882,2.84774],[117.45587,2.84223],[117.45289,2.84376],[117.45289,2.84377],[117.45666,2.84895],[117.45666,2.84895],[117.45716,2.8485],[117.45797,2.84812],[117.45859,2.84781],[117.45882,2.84774]]]]},"properties":{"kdprov":"65","kdkab":"02","kdkec":"050","kddesa":"008","kdsls":"0023","idsls":"65020500080023","nmprov":"KALIMANTAN UTARA","nmkab":"BULUNGAN","nmkec":"TANJUNG SELOR","nmdesa":"TANJUNG SELOR TIMUR","nmsls":"RT 023 RW 008"}},{"type":"Feature","geometry":{"type":"MultiPolygon","coordinates":[[[[117.49547,2.74882],[117.49565,2.75552],[117.49642,2.75549],[117.49786,2.75555],[117.49884,2.75559],[117.49948,2.7556],[117.4998,2.75561],[117.49986,2.74882],[117.49948,2.74882],[117.49547,2.74882]]]]},"properties":{"kdprov":"65","kdkab":"02","kdkec":"050","kddesa":"006","kdsls":"0022","idsls":"65020500060022","nmprov":"KALIMANTAN UTARA","nmkab":"BULUNGAN","nmkec":"TANJUNG SELOR","nmdesa":"APUNG","nmsls":"RT 022 RW 004"}},{"type":"Feature","geometry":{"type":"MultiPolygon","coordinates":[[[[117.4435,2.75763],[117.44639,2.75861],[117.44668,2.75773],[117.44711,2.75645],[117.44731,2.75587],[117.44886,2.75634],[117.44906,2.75561],[117.44758,2.75507],[117.44478,2.75404],[117.4435,2.75763]]]]},"properties":{"kdprov":"65","kdkab":"02","kdkec":"050","kddesa":"004","kdsls":"0013","idsls":"65020500040013","nmprov":"KALIMANTAN UTARA","nmkab":"BULUNGAN","nmkec":"TANJUNG SELOR","nmdesa":"GUNUNG SARI","nmsls":"RT 011 RW 002"}},{"type":"Feature","geometry":{"type":"MultiPolygon","coordinates":[[[[117.47653,2.75674],[117.47562,2.75801],[117.47478,2.75894],[117.47433,2.75942],[117.4738,2.75999],[117.47418,2.76062],[117.47417,2.7618],[117.47485,2.7629],[117.47534,2.7643],[117.47535,2.76564],[117.47524,2.76571],[117.47523,2.76572],[117.47523,2.76572],[117.47399,2.76776],[117.47369,2.76879],[117.47294,2.76951],[117.47227,2.77045],[117.47122,2.77104],[117.47055,2.77075],[117.46999,2.77078],[117.46928,2.77162],[117.46906,2.77211],[117.46903,2.77357],[117.46877,2.77438],[117.46742,2.77549],[117.46742,2.77549],[117.46798,2.77603],[117.46872,2.77673],[117.46929,2.77729],[117.47035,2.77847],[117.47154,2.77979],[117.47261,2.78097],[117.47297,2.78122],[117.47489,2.78257],[117.47583,2.78322],[117.47589,2.78334],[117.47636,2.78427],[117.47682,2.78522],[117.47731,2.78621],[117.47748,2.78657],[117.47781,2.78726],[117.47824,2.78812],[117.4783,2.78888],[117.47832,2.7892],[117.47839,2.79029],[117.47849,2.79132],[117.4786,2.79238],[117.47871,2.79338],[117.47878,2.79447],[117.47886,2.79562],[117.47891,2.79665],[117.47898,2.79774],[117.47911,2.79877],[117.4792,2.79959],[117.47922,2.79976],[117.47904,2.80048],[117.47874,2.80162],[117.47851,2.80256],[117.47833,2.80325],[117.47795,2.80397],[117.4777,2.80445],[117.47762,2.80495],[117.4766,2.80606],[117.47583,2.80665],[117.47583,2.80681],[117.47575,2.80774],[117.47513,2.80835],[117.47512,2.80859],[117.47513,2.80979],[117.47556,2.81014],[117.47558,2.81013],[117.47666,2.80863],[117.47705,2.80807],[117.47831,2.80617],[117.47861,2.80532],[117.47948,2.80472],[117.4811,2.80361],[117.48315,2.80248],[117.4835,2.80228],[117.48555,2.80187],[117.48749,2.80146],[117.4897,2.80009],[117.49084,2.79954],[117.49154,2.79921],[117.49245,2.79835],[117.49245,2.79835],[117.49296,2.79771],[117.49354,2.79786],[117.49383,2.79806],[117.49392,2.79836],[117.494,2.79861],[117.49455,2.79861],[117.49592,2.79858],[117.49773,2.79844],[117.49983,2.7982],[117.50247,2.79782],[117.50441,2.7969],[117.50567,2.79632],[117.50626,2.79581],[117.50625,2.78848],[117.50625,2.78445],[117.50461,2.78448],[117.50476,2.78847],[117.49896,2.78844],[117.49893,2.78377],[117.49599,2.78396],[117.49519,2.78401],[117.49203,2.78422],[117.49195,2.78043],[117.49135,2.78047],[117.49047,2.7805],[117.49012,2.7805],[117.48991,2.78052],[117.48979,2.78053],[117.48959,2.78059],[117.48951,2.78062],[117.48932,2.78072],[117.48921,2.78079],[117.48924,2.77833],[117.49122,2.77831],[117.49121,2.77659],[117.49118,2.77432],[117.49122,2.773],[117.49169,2.77301],[117.49269,2.77302],[117.5001,2.77302],[117.5001,2.77301],[117.50203,2.77295],[117.50394,2.77288],[117.50416,2.77281],[117.50444,2.77265],[117.50467,2.77243],[117.50492,2.77231],[117.50577,2.77221],[117.50606,2.77236],[117.50633,2.77223],[117.5065,2.7722],[117.50666,2.7722],[117.50682,2.77225],[117.50697,2.7723],[117.50723,2.77225],[117.50748,2.77212],[117.50767,2.77205],[117.50793,2.77199],[117.50811,2.77199],[117.50839,2.77215],[117.50845,2.77233],[117.50864,2.77281],[117.50878,2.77314],[117.50908,2.77329],[117.50936,2.7734],[117.50955,2.77349],[117.50974,2.77369],[117.50997,2.7738],[117.5102,2.77373],[117.51032,2.77353],[117.51042,2.77337],[117.51052,2.7732],[117.51063,2.77307],[117.51077,2.773],[117.51093,2.77297],[117.51112,2.77297],[117.5113,2.77304],[117.51151,2.77314],[117.5117,2.77322],[117.51245,2.77354],[117.5136,2.77378],[117.51409,2.77398],[117.5143,2.77402],[117.51461,2.77399],[117.51482,2.77393],[117.51499,2.77385],[117.5154,2.77352],[117.51568,2.77325],[117.51615,2.77283],[117.51639,2.77271],[117.51662,2.77257],[117.51698,2.77247],[117.51724,2.77245],[117.51745,2.77247],[117.51759,2.77252],[117.51774,2.77258],[117.51793,2.77263],[117.51865,2.77278],[117.51993,2.7729],[117.52034,2.77303],[117.52066,2.77313],[117.52103,2.77313],[117.52162,2.77308],[117.52261,2.77324],[117.52295,2.77333],[117.52656,2.76619],[117.522,2.75395],[117.51793,2.74881],[117.51676,2.74733],[117.51228,2.74168],[117.50724,2.74012],[117.50722,2.74012],[117.50748,2.74882],[117.50752,2.74962],[117.50775,2.7553],[117.50775,2.7553],[117.50796,2.76202],[117.50796,2.76202],[117.508,2.76361],[117.50801,2.7676],[117.49173,2.76778],[117.49169,2.76402],[117.49166,2.76201],[117.48973,2.76192],[117.48974,2.76175],[117.48986,2.75539],[117.48045,2.75525],[117.47958,2.75523],[117.47701,2.75539],[117.47702,2.75543],[117.47703,2.75546],[117.47711,2.75596],[117.47653,2.75674]]]]},"properties":{"kdprov":"65","kdkab":"02","kdkec":"050","kddesa":"006","kdsls":"2001","idsls":"65020500062001","nmprov":"KALIMANTAN UTARA","nmkab":"BULUNGAN","nmkec":"TANJUNG SELOR","nmdesa":"APUNG","nmsls":"HUTAN"}},{"type":"Feature","geometry":{"type":"MultiPolygon","coordinates":[[[[117.49986,2.74882],[117.4998,2.75561],[117.50093,2.75562],[117.50187,2.75568],[117.50201,2.75444],[117.50211,2.74882],[117.49986,2.74882]]]]},"properties":{"kdprov":"65","kdkab":"02","kdkec":"050","kddesa":"006","kdsls":"0021","idsls":"65020500060021","nmprov":"KALIMANTAN UTARA","nmkab":"BULUNGAN","nmkec":"TANJUNG SELOR","nmdesa":"APUNG","nmsls":"RT 021 RW 004"}},{"type":"Feature","geometry":{"type":"MultiPolygon","coordinates":[[[[117.49345,2.72363],[117.49295,2.72397],[117.49264,2.72432],[117.49245,2.72474],[117.49238,2.72542],[117.49249,2.72619],[117.49253,2.72698],[117.49253,2.7274],[117.49236,2.72777],[117.49209,2.72804],[117.49178,2.72821],[117.48764,2.72971],[117.4871,2.73],[117.48671,2.73002],[117.48652,2.72997],[117.48625,2.72973],[117.48573,2.72939],[117.48502,2.72937],[117.48455,2.7297],[117.48423,2.7302],[117.48415,2.73066],[117.48424,2.73116],[117.48438,2.73182],[117.48419,2.73222],[117.48384,2.73234],[117.48351,2.7323],[117.48299,2.73234],[117.48265,2.73251],[117.48236,2.73293],[117.48234,2.73326],[117.48245,2.73378],[117.4828,2.73507],[117.48284,2.73555],[117.48278,2.73586],[117.48261,2.73619],[117.48253,2.7365],[117.48249,2.73704],[117.48251,2.73769],[117.48257,2.73846],[117.48249,2.73937],[117.48232,2.74016],[117.48216,2.74062],[117.48199,2.74112],[117.48176,2.74155],[117.48137,2.74203],[117.48107,2.74241],[117.48081,2.74284],[117.48055,2.7433],[117.48028,2.74349],[117.47993,2.74357],[117.47952,2.74368],[117.47931,2.74386],[117.47912,2.74401],[117.479,2.74424],[117.47904,2.74455],[117.47906,2.74492],[117.47922,2.74549],[117.47929,2.7458],[117.47943,2.74615],[117.47949,2.74638],[117.4808,2.74862],[117.48087,2.74902],[117.48085,2.74923],[117.48074,2.74944],[117.48055,2.74971],[117.48,2.75029],[117.48007,2.75042],[117.48014,2.75056],[117.48014,2.75057],[117.48015,2.75058],[117.48015,2.75059],[117.47969,2.7512],[117.47954,2.75147],[117.47933,2.75168],[117.47911,2.75183],[117.47885,2.75202],[117.47863,2.7522],[117.47849,2.7524],[117.47843,2.75265],[117.47835,2.75283],[117.47806,2.75311],[117.47756,2.75352],[117.47718,2.75387],[117.47691,2.75427],[117.47678,2.7547],[117.47676,2.75495],[117.47675,2.75519],[117.47682,2.75542],[117.47701,2.75539],[117.47958,2.75523],[117.48045,2.75525],[117.48986,2.75539],[117.48986,2.75539],[117.49017,2.75539],[117.49346,2.75552],[117.49439,2.75556],[117.49565,2.75552],[117.49547,2.74882],[117.49948,2.74882],[117.49986,2.74882],[117.50211,2.74882],[117.50264,2.74882],[117.50748,2.74882],[117.50722,2.74012],[117.5069,2.74002],[117.50318,2.7345],[117.50014,2.72692],[117.50014,2.72692],[117.49776,2.72544],[117.49488,2.72365],[117.49483,2.72362],[117.49483,2.72362],[117.49442,2.72337],[117.49345,2.72363]]]]},"properties":{"kdprov":"65","kdkab":"02","kdkec":"050","kddesa":"006","kdsls":"0023","idsls":"65020500060023","nmprov":"KALIMANTAN UTARA","nmkab":"BULUNGAN","nmkec":"TANJUNG SELOR","nmdesa":"APUNG","nmsls":"RT 023 RW 004"}},{"type":"Feature","geometry":{"type":"MultiPolygon","coordinates":[[[[117.50093,2.76203],[117.50214,2.76203],[117.50203,2.75569],[117.50187,2.75568],[117.50093,2.75562],[117.4998,2.75561],[117.49999,2.76212],[117.50093,2.76203]]]]},"properties":{"kdprov":"65","kdkab":"02","kdkec":"050","kddesa":"006","kdsls":"0020","idsls":"65020500060020","nmprov":"KALIMANTAN UTARA","nmkab":"BULUNGAN","nmkec":"TANJUNG SELOR","nmdesa":"APUNG","nmsls":"RT 020 RW 003"}}]}