{"type":"FeatureCollection","features":[{"type":"Feature","geometry":{"type":"MultiPolygon","coordinates":[[[[117.59432,2.80667],[117.59432,2.80629],[117.59432,2.80618],[117.59455,2.80601],[117.59466,2.80592],[117.59478,2.8059],[117.59515,2.80584],[117.59566,2.80584],[117.59624,2.80576],[117.59653,2.80571],[117.59674,2.80567],[117.59732,2.80525],[117.59732,2.80525],[117.59757,2.80458],[117.59757,2.80383],[117.59807,2.80324],[117.59826,2.80315],[117.5984,2.80307],[117.59891,2.8024],[117.59891,2.8024],[117.59891,2.8024],[117.59866,2.80181],[117.5985,2.80172],[117.5984,2.80165],[117.59798,2.80106],[117.59797,2.80094],[117.5979,2.80022],[117.5979,2.80022],[117.5984,2.79947],[117.5989,2.79922],[117.59919,2.79893],[117.59932,2.7988],[117.59945,2.79851],[117.59957,2.79821],[117.59957,2.79763],[117.59957,2.79762],[117.59948,2.79736],[117.5994,2.79713],[117.59932,2.79654],[117.59932,2.79654],[117.59932,2.79604],[117.59932,2.79603],[117.59954,2.79592],[117.59965,2.79587],[117.60015,2.79579],[117.60044,2.79573],[117.60065,2.7957],[117.60088,2.79573],[117.60123,2.79579],[117.60175,2.79593],[117.60181,2.79595],[117.60198,2.79593],[117.6024,2.79587],[117.60266,2.79567],[117.60307,2.79536],[117.60315,2.79402],[117.60315,2.79402],[117.60307,2.79369],[117.60256,2.79335],[117.60207,2.79294],[117.60156,2.7926],[117.60139,2.79201],[117.60123,2.79134],[117.60124,2.79134],[117.60148,2.79076],[117.60155,2.79065],[117.60181,2.79025],[117.60208,2.78993],[117.60223,2.78975],[117.60234,2.78952],[117.60248,2.78925],[117.60281,2.78891],[117.60291,2.78885],[117.60307,2.78875],[117.60365,2.78849],[117.60375,2.78845],[117.60406,2.78832],[117.60422,2.78791],[117.60422,2.78791],[117.60398,2.78724],[117.6039,2.78698],[117.60381,2.7864],[117.60375,2.78604],[117.60373,2.7859],[117.60373,2.7859],[117.60381,2.78489],[117.60408,2.78457],[117.60423,2.78439],[117.60425,2.78407],[117.60315,2.78196],[117.59973,2.78153],[117.59891,2.7811],[117.59882,2.78105],[117.59756,2.78037],[117.59743,2.78015],[117.59731,2.77995],[117.59731,2.77995],[117.59731,2.77995],[117.59756,2.77894],[117.59771,2.77864],[117.59747,2.77778],[117.59736,2.77737],[117.59728,2.77723],[117.59721,2.77709],[117.59701,2.77674],[117.59696,2.77665],[117.59677,2.77629],[117.5967,2.77617],[117.59666,2.77609],[117.59642,2.77566],[117.59636,2.77554],[117.59617,2.7752],[117.59608,2.77504],[117.59584,2.77459],[117.59578,2.77448],[117.5955,2.77398],[117.59518,2.7735],[117.59512,2.77341],[117.59481,2.77296],[117.59474,2.77285],[117.59462,2.77269],[117.59444,2.77242],[117.59435,2.77229],[117.59408,2.7719],[117.59398,2.77175],[117.59366,2.77128],[117.59361,2.7712],[117.59327,2.7707],[117.59322,2.77063],[117.59285,2.77009],[117.59246,2.76952],[117.5921,2.76898],[117.59174,2.76846],[117.59139,2.76795],[117.59104,2.76743],[117.5908,2.76709],[117.59053,2.76689],[117.59,2.76653],[117.58954,2.76621],[117.58917,2.76596],[117.58888,2.76575],[117.5884,2.76543],[117.58792,2.76509],[117.58747,2.76478],[117.58726,2.76463],[117.58676,2.76429],[117.5865,2.76413],[117.58582,2.76373],[117.58567,2.76364],[117.58495,2.76321],[117.58481,2.76313],[117.58424,2.76279],[117.58401,2.76265],[117.58361,2.76242],[117.58301,2.76206],[117.58247,2.76174],[117.58196,2.76144],[117.58147,2.76114],[117.58098,2.76086],[117.58039,2.7605],[117.57979,2.76015],[117.57923,2.75982],[117.57882,2.75957],[117.57836,2.75939],[117.578,2.75925],[117.5777,2.75913],[117.57711,2.7589],[117.57689,2.75882],[117.57634,2.7586],[117.57614,2.75852],[117.57557,2.7583],[117.57498,2.75807],[117.57442,2.75785],[117.57423,2.75777],[117.57359,2.75752],[117.57309,2.75732],[117.57279,2.7572],[117.57211,2.75694],[117.57174,2.75679],[117.57142,2.75667],[117.57128,2.75661],[117.57067,2.75637],[117.57053,2.75631],[117.57046,2.75628],[117.56974,2.75593],[117.56897,2.75556],[117.56827,2.75522],[117.56813,2.75515],[117.56739,2.75479],[117.56664,2.75442],[117.56586,2.75404],[117.5651,2.75367],[117.56457,2.75342],[117.56427,2.75315],[117.56367,2.75262],[117.56309,2.75211],[117.56252,2.7516],[117.56195,2.7511],[117.56139,2.75061],[117.56084,2.75012],[117.56028,2.74962],[117.55971,2.74912],[117.55915,2.74862],[117.55864,2.74818],[117.53857,2.7359],[117.52614,2.72478],[117.5244,2.72311],[117.52045,2.7193],[117.52044,2.7193],[117.52325,2.72972],[117.51956,2.72991],[117.51956,2.72991],[117.51839,2.72999],[117.51839,2.72998],[117.51808,2.71987],[117.51369,2.72004],[117.51369,2.72004],[117.51104,2.72015],[117.51104,2.72015],[117.50591,2.72033],[117.50561,2.71605],[117.50561,2.71604],[117.50561,2.71604],[117.50545,2.71238],[117.50028,2.71257],[117.50026,2.71255],[117.50026,2.71255],[117.49819,2.71255],[117.49818,2.71191],[117.49694,2.71192],[117.49694,2.71192],[117.49439,2.71193],[117.49384,2.71189],[117.49384,2.71189],[117.49233,2.71179],[117.49054,2.71167],[117.48974,2.71166],[117.48974,2.71166],[117.48928,2.71167],[117.48962,2.70439],[117.49023,2.70446],[117.49082,2.70434],[117.49103,2.70426],[117.49153,2.70404],[117.4922,2.70375],[117.49273,2.70359],[117.49303,2.70358],[117.49329,2.7037],[117.49343,2.70387],[117.49347,2.70404],[117.49347,2.70434],[117.49345,2.70457],[117.49345,2.70476],[117.49359,2.70494],[117.49363,2.70496],[117.49386,2.70486],[117.49385,2.70473],[117.49398,2.70427],[117.49411,2.70394],[117.4943,2.70365],[117.49457,2.70351],[117.49474,2.70343],[117.49492,2.70341],[117.49526,2.70347],[117.49548,2.70366],[117.49569,2.70392],[117.49594,2.70421],[117.49621,2.70449],[117.49641,2.70462],[117.49662,2.70493],[117.49669,2.70513],[117.49675,2.70537],[117.49668,2.70567],[117.49653,2.70616],[117.49641,2.70653],[117.49635,2.7067],[117.49636,2.70696],[117.49641,2.70723],[117.49647,2.7074],[117.4966,2.70754],[117.49678,2.70762],[117.49695,2.70767],[117.49695,2.70768],[117.49713,2.70761],[117.49728,2.70749],[117.49738,2.70737],[117.49746,2.70728],[117.49767,2.70678],[117.49778,2.7064],[117.49782,2.70604],[117.49782,2.70584],[117.49779,2.70499],[117.49779,2.7043],[117.49778,2.70384],[117.49787,2.7035],[117.49791,2.70316],[117.49803,2.70285],[117.49828,2.70259],[117.49858,2.70243],[117.49896,2.70239],[117.49932,2.70245],[117.49985,2.70294],[117.50006,2.70329],[117.50006,2.70365],[117.49994,2.70416],[117.49974,2.70457],[117.49966,2.70487],[117.49965,2.70514],[117.49976,2.70533],[117.4999,2.70542],[117.5002,2.70565],[117.50047,2.70579],[117.50047,2.70579],[117.50073,2.70579],[117.50131,2.70581],[117.50194,2.70581],[117.50219,2.70582],[117.50286,2.70589],[117.50324,2.70591],[117.5035,2.70586],[117.50396,2.70574],[117.5045,2.70555],[117.5045,2.70556],[117.5047,2.70553],[117.5049,2.70548],[117.50505,2.70545],[117.50531,2.70545],[117.50545,2.70548],[117.50571,2.70554],[117.5059,2.70562],[117.50617,2.70578],[117.50662,2.70607],[117.5069,2.70622],[117.50714,2.70618],[117.50722,2.70612],[117.50728,2.70602],[117.50733,2.70589],[117.50737,2.70562],[117.50737,2.70547],[117.5074,2.70525],[117.50749,2.70508],[117.50754,2.70501],[117.5076,2.70493],[117.50767,2.70491],[117.50781,2.70491],[117.50806,2.70499],[117.50841,2.70528],[117.5088,2.70568],[117.50874,2.70977],[117.51317,2.71047],[117.51254,2.71184],[117.51251,2.71185],[117.51254,2.71426],[117.51351,2.71425],[117.51351,2.71425],[117.51701,2.71411],[117.51714,2.71423],[117.51731,2.71449],[117.51746,2.71471],[117.51764,2.71499],[117.51784,2.71511],[117.51803,2.71511],[117.51876,2.71519],[117.51876,2.71519],[117.51876,2.71519],[117.51984,2.7152],[117.52015,2.71578],[117.52143,2.71552],[117.52143,2.71552],[117.52143,2.71552],[117.52179,2.71014],[117.5211,2.70572],[117.51906,2.70316],[117.51765,2.70137],[117.50232,2.69085],[117.49155,2.68419],[117.49144,2.68415],[117.4909,2.68393],[117.49063,2.68375],[117.48983,2.68321],[117.4895,2.68274],[117.48915,2.68221],[117.48881,2.68173],[117.48849,2.68128],[117.48821,2.68086],[117.4878,2.68058],[117.48731,2.68024],[117.48676,2.67986],[117.48621,2.67947],[117.48562,2.67907],[117.48499,2.67861],[117.48437,2.67814],[117.48375,2.67766],[117.48312,2.67719],[117.4825,2.67671],[117.4818,2.67617],[117.48098,2.67555],[117.4802,2.67491],[117.47943,2.67426],[117.47863,2.67358],[117.47783,2.6729],[117.47704,2.67224],[117.47629,2.6716],[117.47536,2.67103],[117.47437,2.67041],[117.47337,2.66979],[117.47236,2.66916],[117.47138,2.66855],[117.47039,2.66793],[117.4694,2.66733],[117.46868,2.66686],[117.46838,2.66664],[117.46747,2.66596],[117.4666,2.66532],[117.46574,2.66468],[117.46514,2.66423],[117.46383,2.66475],[117.46256,2.66535],[117.46162,2.66602],[117.46062,2.66635],[117.45962,2.66635],[117.45929,2.66595],[117.45835,2.66522],[117.45775,2.66535],[117.45715,2.66568],[117.45649,2.66568],[117.45642,2.66568],[117.45609,2.66535],[117.45555,2.66455],[117.45482,2.66402],[117.45375,2.66362],[117.45248,2.66375],[117.45202,2.66375],[117.45162,2.66402],[117.45121,2.66455],[117.45108,2.66508],[117.45075,2.66575],[117.45028,2.66608],[117.44995,2.66628],[117.44915,2.66675],[117.44868,2.66715],[117.44821,2.66768],[117.44788,2.66828],[117.44784,2.66858],[117.44774,2.66922],[117.44768,2.67008],[117.44728,2.67082],[117.44688,2.67182],[117.44708,2.67288],[117.44768,2.67588],[117.44768,2.67722],[117.44768,2.67822],[117.44768,2.67928],[117.44768,2.67948],[117.44681,2.68108],[117.44528,2.68148],[117.44401,2.68175],[117.44281,2.68235],[117.44234,2.68302],[117.44181,2.68388],[117.44154,2.68595],[117.44161,2.68741],[117.44157,2.68781],[117.44154,2.68818],[117.44121,2.68838],[117.44054,2.68855],[117.44,2.68871],[117.4389,2.68958],[117.43864,2.68968],[117.4378,2.68995],[117.43663,2.68981],[117.4364,2.68975],[117.43597,2.68961],[117.4355,2.68958],[117.43507,2.68968],[117.4346,2.68995],[117.43306,2.69135],[117.43216,2.69198],[117.4312,2.69281],[117.43043,2.69338],[117.42926,2.69435],[117.42839,2.69525],[117.42746,2.69631],[117.42679,2.69671],[117.42632,2.69711],[117.42632,2.69748],[117.42632,2.69795],[117.42659,2.69895],[117.42676,2.69931],[117.42709,2.69988],[117.42711,2.70016],[117.42717,2.70016],[117.42719,2.70016],[117.44677,2.70623],[117.45345,2.7083],[117.47599,2.7152],[117.4856,2.71814],[117.48635,2.71837],[117.48849,2.71969],[117.49442,2.72337],[117.49483,2.72362],[117.49483,2.72362],[117.49488,2.72365],[117.49776,2.72544],[117.50014,2.72692],[117.50014,2.72692],[117.50318,2.7345],[117.5069,2.74002],[117.50722,2.74012],[117.50724,2.74012],[117.51228,2.74168],[117.51676,2.74733],[117.51793,2.74881],[117.522,2.75395],[117.52656,2.76619],[117.52821,2.77064],[117.53414,2.77533],[117.53476,2.77557],[117.53477,2.77558],[117.5409,2.77795],[117.55956,2.77801],[117.55941,2.78798],[117.56249,2.79106],[117.57987,2.7963],[117.59214,2.80692],[117.59299,2.80894],[117.59366,2.80852],[117.59399,2.80827],[117.59432,2.8076],[117.59432,2.80668],[117.59432,2.80667]]],[[[117.60648,2.78857],[117.60597,2.78762],[117.60581,2.78732],[117.60556,2.78657],[117.60471,2.78494],[117.60468,2.78495],[117.60464,2.78497],[117.60448,2.7852],[117.60439,2.78531],[117.60438,2.78541],[117.60431,2.7859],[117.60431,2.7859],[117.60439,2.78682],[117.60481,2.78715],[117.60492,2.78738],[117.60506,2.78765],[117.60506,2.78765],[117.60506,2.78824],[117.60499,2.78838],[117.60481,2.78875],[117.60457,2.78884],[117.60439,2.78891],[117.60398,2.78899],[117.60348,2.78916],[117.6029,2.78967],[117.60239,2.79042],[117.6019,2.79109],[117.60181,2.79193],[117.60181,2.79193],[117.60207,2.79235],[117.60273,2.79268],[117.60288,2.79278],[117.6034,2.7931],[117.60353,2.79323],[117.60381,2.79352],[117.60394,2.79415],[117.60398,2.79436],[117.60398,2.79436],[117.60398,2.79569],[117.60348,2.79662],[117.60273,2.79695],[117.60249,2.79695],[117.60181,2.79695],[117.60147,2.79666],[117.60132,2.79654],[117.6011,2.79643],[117.60081,2.79628],[117.60048,2.79625],[117.60007,2.7962],[117.59956,2.79654],[117.59956,2.79654],[117.59965,2.79713],[117.60009,2.7975],[117.60015,2.79754],[117.60049,2.79796],[117.60061,2.79832],[117.60065,2.79846],[117.60065,2.79846],[117.60015,2.79905],[117.5998,2.79932],[117.59949,2.79955],[117.59882,2.80014],[117.59857,2.80089],[117.59857,2.80089],[117.59882,2.80114],[117.59932,2.80148],[117.59949,2.80179],[117.59974,2.80224],[117.59974,2.80224],[117.5994,2.80324],[117.59882,2.80391],[117.59866,2.80407],[117.59832,2.80441],[117.59799,2.80525],[117.59766,2.80592],[117.59734,2.80603],[117.59691,2.80617],[117.59667,2.80622],[117.59649,2.80626],[117.59591,2.80626],[117.59532,2.80634],[117.59518,2.80658],[117.59507,2.80676],[117.59508,2.80743],[117.59508,2.80743],[117.59472,2.8081],[117.59449,2.80852],[117.59431,2.80857],[117.59391,2.80869],[117.59351,2.8088],[117.59301,2.80893],[117.59476,2.81285],[117.59661,2.81716],[117.59686,2.81774],[117.59734,2.81708],[117.59938,2.81431],[117.59954,2.81406],[117.60043,2.81373],[117.60244,2.81131],[117.6064,2.80894],[117.61043,2.80483],[117.61343,2.80136],[117.61367,2.80033],[117.61335,2.79977],[117.61003,2.79693],[117.60798,2.79353],[117.60712,2.7906],[117.60706,2.7905],[117.60683,2.79016],[117.60656,2.78975],[117.60651,2.78911],[117.60648,2.78857]]],[[[117.6177,2.81208],[117.61911,2.81122],[117.6259,2.80712],[117.62872,2.80408],[117.63041,2.80162],[117.63097,2.8008],[117.63014,2.79973],[117.6295,2.79953],[117.62861,2.79937],[117.62504,2.79987],[117.62044,2.80052],[117.61465,2.80384],[117.61305,2.80505],[117.61112,2.8089],[117.61042,2.81149],[117.61023,2.81223],[117.61001,2.81308],[117.61144,2.81397],[117.61722,2.81237],[117.6177,2.81208]]]]},"properties":{"kdprov":"65","kdkab":"02","kdkec":"060","kddesa":"008","kdsls":"2001","idsls":"65020600082001","nmprov":"KALIMANTAN UTARA","nmkab":"BULUNGAN","nmkec":"TANJUNG PALAS TIMUR","nmdesa":"TANJUNG AGUNG","nmsls":"HUTAN"}},{"type":"Feature","geometry":{"type":"MultiPolygon","coordinates":[[[[117.42801,2.59128],[117.42795,2.59135],[117.4251,2.59383],[117.42496,2.59555],[117.42493,2.59594],[117.42492,2.596],[117.42345,2.61422],[117.42221,2.63064],[117.42166,2.63726],[117.42164,2.6375],[117.42247,2.63786],[117.44404,2.64836],[117.46663,2.65935],[117.46743,2.66102],[117.46663,2.66275],[117.46583,2.66395],[117.46514,2.66423],[117.46574,2.66468],[117.4666,2.66532],[117.46747,2.66596],[117.46838,2.66664],[117.46868,2.66686],[117.4694,2.66733],[117.47039,2.66793],[117.47138,2.66855],[117.47236,2.66916],[117.47337,2.66979],[117.47437,2.67041],[117.47536,2.67103],[117.47629,2.6716],[117.47704,2.67224],[117.47783,2.6729],[117.47863,2.67358],[117.47943,2.67426],[117.4802,2.67491],[117.48098,2.67555],[117.4818,2.67617],[117.4825,2.67671],[117.48312,2.67719],[117.48375,2.67766],[117.48437,2.67814],[117.48499,2.67861],[117.48562,2.67907],[117.48621,2.67947],[117.48676,2.67986],[117.48731,2.68024],[117.4878,2.68058],[117.48821,2.68086],[117.48849,2.68128],[117.48881,2.68173],[117.48915,2.68221],[117.4895,2.68274],[117.48983,2.68321],[117.49063,2.68375],[117.4909,2.68393],[117.49144,2.68415],[117.49155,2.68419],[117.50232,2.69085],[117.51765,2.70137],[117.51906,2.70316],[117.5211,2.70572],[117.52179,2.71014],[117.52143,2.71552],[117.52183,2.71542],[117.52236,2.7156],[117.5232,2.71536],[117.52368,2.71492],[117.5238,2.71435],[117.52399,2.71407],[117.52408,2.71394],[117.52452,2.7139],[117.52549,2.71508],[117.52624,2.71523],[117.52753,2.71504],[117.52844,2.71503],[117.52878,2.71468],[117.52877,2.71426],[117.52849,2.71371],[117.52846,2.71292],[117.52855,2.71215],[117.52895,2.71211],[117.52947,2.71276],[117.52963,2.71358],[117.52987,2.71406],[117.53051,2.71431],[117.53128,2.71427],[117.53144,2.714],[117.53122,2.71356],[117.53093,2.71298],[117.53089,2.71253],[117.53105,2.7122],[117.53136,2.71162],[117.53162,2.7111],[117.53174,2.71079],[117.53177,2.71056],[117.53158,2.71038],[117.5314,2.71038],[117.53101,2.71033],[117.53047,2.71018],[117.53044,2.70999],[117.53048,2.70986],[117.53088,2.70897],[117.53102,2.70879],[117.53125,2.7086],[117.53147,2.70842],[117.53169,2.70825],[117.53193,2.7082],[117.53217,2.70824],[117.53233,2.70842],[117.5324,2.70857],[117.53255,2.7089],[117.53278,2.70936],[117.53299,2.70955],[117.53301,2.70957],[117.53324,2.7096],[117.53357,2.70958],[117.53374,2.70949],[117.5339,2.7093],[117.53393,2.70922],[117.53397,2.70914],[117.53401,2.70878],[117.534,2.70812],[117.53414,2.70798],[117.53431,2.70786],[117.53449,2.70784],[117.53472,2.70789],[117.53504,2.70802],[117.53548,2.70811],[117.5357,2.70811],[117.5361,2.70789],[117.53626,2.70765],[117.53653,2.70709],[117.53666,2.70695],[117.53685,2.70683],[117.53715,2.7069],[117.53731,2.70705],[117.5374,2.7073],[117.53748,2.70764],[117.53755,2.708],[117.53745,2.70841],[117.53728,2.70869],[117.53701,2.70884],[117.53675,2.70899],[117.53667,2.70905],[117.53667,2.70918],[117.53673,2.70928],[117.53693,2.70933],[117.53741,2.70933],[117.5376,2.70934],[117.53864,2.7094],[117.53892,2.70936],[117.53912,2.70922],[117.53927,2.70899],[117.53953,2.7084],[117.53967,2.70816],[117.53976,2.70806],[117.53988,2.70791],[117.54009,2.70768],[117.54032,2.70752],[117.54044,2.70728],[117.54056,2.70692],[117.54073,2.70639],[117.54085,2.70628],[117.54116,2.70618],[117.54155,2.70614],[117.54179,2.70607],[117.54194,2.70592],[117.54199,2.70581],[117.54201,2.70558],[117.542,2.70554],[117.54196,2.70544],[117.5417,2.70537],[117.54153,2.70535],[117.54134,2.70529],[117.54113,2.70517],[117.54106,2.70496],[117.541,2.70444],[117.5411,2.70405],[117.54152,2.70372],[117.54177,2.70372],[117.54221,2.70355],[117.54258,2.70333],[117.54271,2.70293],[117.54235,2.70226],[117.54258,2.70176],[117.54355,2.70119],[117.54445,2.70073],[117.54581,2.70036],[117.54678,2.69999],[117.54718,2.69969],[117.54735,2.69913],[117.54715,2.69869],[117.54708,2.69816],[117.54718,2.69776],[117.54768,2.69789],[117.54828,2.69819],[117.54892,2.69846],[117.54952,2.69849],[117.54982,2.69823],[117.54982,2.69773],[117.54999,2.69713],[117.55035,2.6966],[117.55085,2.69646],[117.55145,2.6965],[117.55175,2.69683],[117.55189,2.69729],[117.55205,2.69803],[117.55225,2.69813],[117.55249,2.69809],[117.55412,2.69786],[117.55472,2.69749],[117.55526,2.69686],[117.55529,2.69676],[117.55569,2.69616],[117.55592,2.69606],[117.55659,2.69606],[117.55663,2.69643],[117.55663,2.6966],[117.55663,2.69703],[117.55659,2.69769],[117.55676,2.69796],[117.55749,2.69826],[117.55776,2.69783],[117.55799,2.69716],[117.55819,2.69713],[117.55876,2.69713],[117.55939,2.69693],[117.56,2.69656],[117.56106,2.69593],[117.56163,2.6956],[117.56253,2.69506],[117.56387,2.69453],[117.5639,2.69403],[117.56363,2.6935],[117.56353,2.69286],[117.56377,2.69253],[117.56437,2.69256],[117.56517,2.69296],[117.56547,2.6936],[117.56547,2.694],[117.5655,2.69456],[117.56563,2.69483],[117.56663,2.69523],[117.56677,2.6959],[117.54655,2.70639],[117.54792,2.7086],[117.5478,2.70868],[117.5457,2.71009],[117.54555,2.71019],[117.54372,2.71141],[117.54358,2.71151],[117.54191,2.71262],[117.53944,2.71439],[117.53813,2.71534],[117.53736,2.71506],[117.53695,2.71464],[117.5366,2.71502],[117.53661,2.71502],[117.53641,2.71528],[117.53613,2.71561],[117.53602,2.71631],[117.5357,2.71664],[117.53453,2.71705],[117.53341,2.71743],[117.53111,2.71962],[117.52801,2.71962],[117.5261,2.71891],[117.52421,2.71888],[117.52311,2.71886],[117.52045,2.7193],[117.5244,2.72311],[117.52614,2.72478],[117.53857,2.7359],[117.55864,2.74818],[117.55915,2.74862],[117.55971,2.74912],[117.56028,2.74962],[117.56084,2.75012],[117.56139,2.75061],[117.56195,2.7511],[117.56252,2.7516],[117.56309,2.75211],[117.56367,2.75262],[117.56427,2.75315],[117.56457,2.75342],[117.5651,2.75367],[117.56586,2.75404],[117.56664,2.75442],[117.56739,2.75479],[117.56813,2.75515],[117.56827,2.75522],[117.56897,2.75556],[117.56974,2.75593],[117.57046,2.75628],[117.57053,2.75631],[117.57067,2.75637],[117.57128,2.75661],[117.57142,2.75667],[117.57174,2.75679],[117.57211,2.75694],[117.57279,2.7572],[117.57309,2.75732],[117.57359,2.75752],[117.57423,2.75777],[117.57442,2.75785],[117.57498,2.75807],[117.57557,2.7583],[117.57614,2.75852],[117.57634,2.7586],[117.57689,2.75882],[117.57711,2.7589],[117.5777,2.75913],[117.578,2.75925],[117.57836,2.75939],[117.57882,2.75957],[117.57923,2.75982],[117.57979,2.76015],[117.58039,2.7605],[117.58098,2.76086],[117.58147,2.76114],[117.58196,2.76144],[117.58247,2.76174],[117.58301,2.76206],[117.58361,2.76242],[117.58401,2.76265],[117.58424,2.76279],[117.58481,2.76313],[117.58495,2.76321],[117.58567,2.76364],[117.58582,2.76373],[117.5865,2.76413],[117.58676,2.76429],[117.58726,2.76463],[117.58747,2.76478],[117.58792,2.76509],[117.5884,2.76543],[117.58888,2.76575],[117.58917,2.76596],[117.58954,2.76621],[117.59,2.76653],[117.59053,2.76689],[117.5908,2.76709],[117.59104,2.76743],[117.59139,2.76795],[117.59174,2.76846],[117.5921,2.76898],[117.59246,2.76952],[117.59285,2.77009],[117.59322,2.77063],[117.59327,2.7707],[117.59361,2.7712],[117.59366,2.77128],[117.59398,2.77175],[117.59408,2.7719],[117.59435,2.77229],[117.59444,2.77242],[117.59462,2.77269],[117.59474,2.77285],[117.59481,2.77296],[117.59512,2.77341],[117.59518,2.7735],[117.5955,2.77398],[117.59578,2.77448],[117.59584,2.77459],[117.59608,2.77504],[117.59617,2.7752],[117.59636,2.77554],[117.59642,2.77566],[117.59666,2.77609],[117.5967,2.77617],[117.59677,2.77629],[117.59696,2.77665],[117.59701,2.77674],[117.59721,2.77709],[117.59728,2.77723],[117.59736,2.77737],[117.59747,2.77778],[117.59771,2.77864],[117.59756,2.77894],[117.59731,2.77995],[117.59731,2.77995],[117.59731,2.77995],[117.59743,2.78015],[117.59756,2.78037],[117.59882,2.78105],[117.59891,2.7811],[117.60094,2.78053],[117.60156,2.7806],[117.60245,2.78114],[117.60323,2.78129],[117.60394,2.78142],[117.60559,2.78372],[117.60577,2.78457],[117.6059,2.78516],[117.60617,2.78572],[117.60771,2.78891],[117.60929,2.79111],[117.61048,2.79378],[117.61124,2.79406],[117.61179,2.79465],[117.61378,2.79649],[117.61607,2.79725],[117.61697,2.7974],[117.61787,2.7973],[117.61893,2.7969],[117.62047,2.79634],[117.62234,2.79603],[117.62373,2.79579],[117.62503,2.79567],[117.6253,2.79564],[117.6268,2.79546],[117.62711,2.79528],[117.62823,2.79508],[117.6291,2.79492],[117.63068,2.79471],[117.63147,2.79443],[117.63241,2.79411],[117.63525,2.79327],[117.63582,2.79321],[117.6369,2.79319],[117.63728,2.79343],[117.6395,2.79363],[117.64152,2.79379],[117.64235,2.79387],[117.64567,2.79367],[117.64708,2.79339],[117.64896,2.79312],[117.6497,2.79293],[117.64995,2.79305],[117.64988,2.79268],[117.64956,2.79082],[117.64945,2.79053],[117.64914,2.78966],[117.64871,2.78851],[117.64798,2.78656],[117.64786,2.78623],[117.64685,2.78365],[117.64598,2.78177],[117.6449,2.77943],[117.64377,2.77694],[117.64307,2.77565],[117.64104,2.7716],[117.64052,2.77022],[117.64024,2.76933],[117.63913,2.76632],[117.63687,2.76344],[117.63494,2.76082],[117.63418,2.75982],[117.63281,2.75751],[117.6306,2.75372],[117.62923,2.75148],[117.62727,2.74827],[117.62503,2.74541],[117.62193,2.74151],[117.61988,2.73938],[117.61584,2.73505],[117.61512,2.73428],[117.61474,2.73495],[117.6145,2.73564],[117.61373,2.73625],[117.61206,2.73629],[117.60978,2.73593],[117.60836,2.73528],[117.60604,2.73349],[117.60503,2.73133],[117.60511,2.72898],[117.60523,2.72723],[117.60535,2.72544],[117.60541,2.72397],[117.60383,2.72366],[117.59756,2.7235],[117.59621,2.72347],[117.59424,2.722],[117.59146,2.71991],[117.58833,2.71733],[117.58468,2.71244],[117.58349,2.71098],[117.58145,2.70843],[117.58131,2.70825],[117.57776,2.70598],[117.5757,2.705],[117.57215,2.70327],[117.56945,2.69966],[117.56905,2.69836],[117.56886,2.69776],[117.56842,2.69635],[117.5684,2.69627],[117.56816,2.69549],[117.5681,2.69532],[117.56809,2.69529],[117.56805,2.69518],[117.56805,2.69518],[117.56781,2.69446],[117.56481,2.68896],[117.56098,2.68636],[117.55684,2.68352],[117.55035,2.68079],[117.54126,2.67698],[117.53783,2.67563],[117.53082,2.67295],[117.52427,2.67051],[117.52026,2.66901],[117.51577,2.66549],[117.51524,2.66198],[117.51203,2.65921],[117.51127,2.65852],[117.50615,2.65513],[117.499,2.65222],[117.49706,2.65135],[117.49529,2.65132],[117.49407,2.6513],[117.49391,2.6513],[117.49386,2.65129],[117.49357,2.65129],[117.49309,2.64642],[117.49223,2.64321],[117.49202,2.64243],[117.49031,2.64023],[117.48831,2.63764],[117.48346,2.63412],[117.47807,2.63028],[117.47612,2.62888],[117.47503,2.62809],[117.46878,2.62346],[117.46259,2.61999],[117.45973,2.61844],[117.45923,2.61815],[117.45231,2.61424],[117.44809,2.61192],[117.44443,2.60822],[117.44155,2.60533],[117.43934,2.60313],[117.43814,2.60193],[117.43403,2.59676],[117.43306,2.59569],[117.43006,2.5924],[117.4296,2.5919],[117.4289,2.59118],[117.42854,2.59068],[117.42801,2.59128]]]]},"properties":{"kdprov":"65","kdkab":"02","kdkec":"060","kddesa":"007","kdsls":"2001","idsls":"65020600072001","nmprov":"KALIMANTAN UTARA","nmkab":"BULUNGAN","nmkec":"TANJUNG PALAS TIMUR","nmdesa":"WONO MULYO","nmsls":"HUTAN"}},{"type":"Feature","geometry":{"type":"MultiPolygon","coordinates":[[[[117.93342,2.47825],[117.93148,2.47671],[117.93148,2.47671],[117.92918,2.47467],[117.92918,2.47466],[117.92918,2.47466],[117.92753,2.47406],[117.92653,2.47574],[117.92661,2.47583],[117.92704,2.47634],[117.92798,2.47726],[117.92829,2.47749],[117.92891,2.47793],[117.92946,2.47823],[117.92983,2.47846],[117.92991,2.47838],[117.93227,2.47955],[117.93342,2.47825]]]]},"properties":{"kdprov":"65","kdkab":"02","kdkec":"060","kddesa":"001","kdsls":"0006","idsls":"65020600010006","nmprov":"KALIMANTAN UTARA","nmkab":"BULUNGAN","nmkec":"TANJUNG PALAS TIMUR","nmdesa":"MANGKU PADI","nmsls":"RT 006 RW 002"}},{"type":"Feature","geometry":{"type":"MultiPolygon","coordinates":[[[[117.93388,2.47773],[117.93432,2.47723],[117.93523,2.4762],[117.93584,2.47546],[117.93641,2.47477],[117.93663,2.47441],[117.93687,2.47403],[117.93698,2.47389],[117.93682,2.47393],[117.93635,2.47416],[117.93617,2.47428],[117.93584,2.47453],[117.9353,2.47476],[117.9349,2.47468],[117.9347,2.4746],[117.9343,2.47441],[117.93437,2.47421],[117.93459,2.47385],[117.93469,2.47345],[117.9346,2.47315],[117.93277,2.47531],[117.93257,2.47556],[117.93258,2.47556],[117.93388,2.47773]]]]},"properties":{"kdprov":"65","kdkab":"02","kdkec":"060","kddesa":"001","kdsls":"0007","idsls":"65020600010007","nmprov":"KALIMANTAN UTARA","nmkab":"BULUNGAN","nmkec":"TANJUNG PALAS TIMUR","nmdesa":"MANGKU PADI","nmsls":"RT 007 RW 002"}},{"type":"Feature","geometry":{"type":"MultiPolygon","coordinates":[[[[117.93227,2.47955],[117.92991,2.47838],[117.92983,2.47846],[117.92946,2.47823],[117.92891,2.47793],[117.92829,2.47749],[117.92798,2.47726],[117.92704,2.47634],[117.92661,2.47583],[117.92653,2.47574],[117.92634,2.47554],[117.92584,2.47523],[117.92521,2.47484],[117.92412,2.47434],[117.92379,2.47418],[117.92354,2.47418],[117.92309,2.4855],[117.92318,2.48554],[117.92604,2.48726],[117.92659,2.48658],[117.92833,2.48442],[117.92896,2.48364],[117.92966,2.48272],[117.93032,2.48185],[117.93189,2.47999],[117.93227,2.47955]]]]},"properties":{"kdprov":"65","kdkab":"02","kdkec":"060","kddesa":"001","kdsls":"0011","idsls":"65020600010011","nmprov":"KALIMANTAN UTARA","nmkab":"BULUNGAN","nmkec":"TANJUNG PALAS TIMUR","nmdesa":"MANGKU PADI","nmsls":"RT 011 RW 002"}},{"type":"Feature","geometry":{"type":"MultiPolygon","coordinates":[[[[117.92918,2.47466],[117.92918,2.47467],[117.93148,2.47671],[117.93148,2.47671],[117.93342,2.47825],[117.93388,2.47773],[117.93258,2.47556],[117.93257,2.47556],[117.93277,2.47531],[117.93248,2.47498],[117.9324,2.47456],[117.92918,2.47466]]]]},"properties":{"kdprov":"65","kdkab":"02","kdkec":"060","kddesa":"001","kdsls":"0012","idsls":"65020600010012","nmprov":"KALIMANTAN UTARA","nmkab":"BULUNGAN","nmkec":"TANJUNG PALAS TIMUR","nmdesa":"MANGKU PADI","nmsls":"RT 012 RW 002"}},{"type":"Feature","geometry":{"type":"MultiPolygon","coordinates":[[[[117.70812,2.69564],[117.6992,2.69579],[117.6994,2.69619],[117.70005,2.69747],[117.70063,2.69865],[117.70844,2.69857],[117.70844,2.69859],[117.70847,2.6984],[117.7084,2.69829],[117.70815,2.69807],[117.70785,2.69774],[117.70768,2.69757],[117.70767,2.69741],[117.70777,2.69729],[117.70785,2.69721],[117.70803,2.69709],[117.70832,2.69699],[117.70848,2.69687],[117.7085,2.69669],[117.70848,2.69646],[117.70843,2.69632],[117.70832,2.69612],[117.7082,2.69594],[117.70815,2.69564],[117.70812,2.69564]]]]},"properties":{"kdprov":"65","kdkab":"02","kdkec":"060","kddesa":"003","kdsls":"0002","idsls":"65020600030002","nmprov":"KALIMANTAN UTARA","nmkab":"BULUNGAN","nmkec":"TANJUNG PALAS TIMUR","nmdesa":"BINAI","nmsls":"RT 002"}},{"type":"Feature","geometry":{"type":"MultiPolygon","coordinates":[[[[117.6992,2.69579],[117.70812,2.69564],[117.70818,2.69522],[117.70817,2.69501],[117.70825,2.69488],[117.70835,2.69467],[117.70845,2.69457],[117.70867,2.69452],[117.70894,2.69447],[117.70911,2.69448],[117.7093,2.69457],[117.70944,2.69452],[117.7095,2.69441],[117.70955,2.69427],[117.70958,2.69409],[117.70954,2.69388],[117.70952,2.69371],[117.70951,2.69362],[117.7095,2.69353],[117.70949,2.69351],[117.70918,2.69345],[117.70888,2.69331],[117.70873,2.69322],[117.70852,2.69309],[117.7083,2.69296],[117.7082,2.69286],[117.70813,2.6928],[117.70287,2.6928],[117.69894,2.69529],[117.6992,2.69579]]]]},"properties":{"kdprov":"65","kdkab":"02","kdkec":"060","kddesa":"003","kdsls":"0003","idsls":"65020600030003","nmprov":"KALIMANTAN UTARA","nmkab":"BULUNGAN","nmkec":"TANJUNG PALAS TIMUR","nmdesa":"BINAI","nmsls":"RT 003"}},{"type":"Feature","geometry":{"type":"MultiPolygon","coordinates":[[[[117.69894,2.69529],[117.70287,2.6928],[117.70813,2.6928],[117.7082,2.69286],[117.7083,2.69296],[117.70852,2.69309],[117.70873,2.69322],[117.70888,2.69331],[117.70918,2.69345],[117.70949,2.69351],[117.7095,2.69353],[117.70966,2.69328],[117.70974,2.6923],[117.70958,2.69168],[117.70974,2.69132],[117.70993,2.69135],[117.71038,2.69148],[117.71078,2.69148],[117.71099,2.69133],[117.71098,2.69118],[117.71078,2.6908],[117.71061,2.69033],[117.71064,2.68995],[117.71041,2.68972],[117.70994,2.68935],[117.70991,2.6889],[117.71011,2.6887],[117.71031,2.68862],[117.71056,2.68852],[117.71091,2.68852],[117.71113,2.68858],[117.71128,2.68877],[117.71139,2.68903],[117.71164,2.68937],[117.71194,2.6896],[117.71223,2.68975],[117.71263,2.69003],[117.71296,2.69],[117.71305,2.68977],[117.71293,2.68942],[117.71285,2.68923],[117.71261,2.68898],[117.7125,2.68855],[117.71255,2.68823],[117.71291,2.68788],[117.71328,2.68758],[117.71381,2.68723],[117.71403,2.68693],[117.714,2.68634],[117.714,2.68627],[117.71383,2.68625],[117.71345,2.68625],[117.71293,2.68628],[117.71265,2.68605],[117.71263,2.68578],[117.71326,2.68497],[117.7131,2.6847],[117.71275,2.68425],[117.71271,2.68383],[117.71291,2.68333],[117.71386,2.6829],[117.71391,2.6828],[117.71405,2.6822],[117.71436,2.68135],[117.71465,2.68117],[117.7153,2.68093],[117.71562,2.68042],[117.7156,2.6802],[117.71548,2.68008],[117.71518,2.68007],[117.71453,2.68007],[117.71396,2.68015],[117.71375,2.6801],[117.71318,2.67913],[117.7132,2.67913],[117.71275,2.67838],[117.71239,2.67822],[117.70934,2.67888],[117.70932,2.67914],[117.69576,2.68436],[117.69594,2.68453],[117.69791,2.68637],[117.69817,2.68841],[117.69853,2.6917],[117.69893,2.69526],[117.69894,2.69528],[117.69894,2.69529]]]]},"properties":{"kdprov":"65","kdkab":"02","kdkec":"060","kddesa":"003","kdsls":"0004","idsls":"65020600030004","nmprov":"KALIMANTAN UTARA","nmkab":"BULUNGAN","nmkec":"TANJUNG PALAS TIMUR","nmdesa":"BINAI","nmsls":"RT 004"}},{"type":"Feature","geometry":{"type":"MultiPolygon","coordinates":[[[[117.49711,2.55456],[117.49709,2.55456],[117.49708,2.55456],[117.49698,2.55519],[117.49665,2.55571],[117.49585,2.55622],[117.49538,2.55651],[117.49483,2.55722],[117.49367,2.55753],[117.4929,2.55795],[117.49236,2.55851],[117.49221,2.55944],[117.49223,2.56023],[117.49053,2.56369],[117.4883,2.57495],[117.48834,2.57505],[117.48846,2.57716],[117.4898,2.57669],[117.50185,2.58402],[117.50384,2.5825],[117.50478,2.57988],[117.50522,2.57594],[117.49947,2.56144],[117.49711,2.55456]]]]},"properties":{"kdprov":"65","kdkab":"02","kdkec":"060","kddesa":"004","kdsls":"0016","idsls":"65020600040016","nmprov":"KALIMANTAN UTARA","nmkab":"BULUNGAN","nmkec":"TANJUNG PALAS TIMUR","nmdesa":"SAJAU","nmsls":"RT 013"}},{"type":"Feature","geometry":{"type":"MultiPolygon","coordinates":[[[[117.70844,2.69859],[117.70844,2.69857],[117.70063,2.69865],[117.70098,2.69936],[117.70268,2.70271],[117.70276,2.70274],[117.70638,2.70388],[117.70661,2.70375],[117.70694,2.70357],[117.70699,2.70334],[117.70681,2.70315],[117.70666,2.70279],[117.70684,2.7024],[117.70711,2.70217],[117.70759,2.70187],[117.70777,2.70165],[117.70812,2.70119],[117.70802,2.70079],[117.70781,2.70044],[117.70762,2.70004],[117.70762,2.6998],[117.70781,2.69944],[117.70826,2.69905],[117.70844,2.69885],[117.70844,2.69859]]]]},"properties":{"kdprov":"65","kdkab":"02","kdkec":"060","kddesa":"003","kdsls":"0001","idsls":"65020600030001","nmprov":"KALIMANTAN UTARA","nmkab":"BULUNGAN","nmkec":"TANJUNG PALAS TIMUR","nmdesa":"BINAI","nmsls":"RT 001"}},{"type":"Feature","geometry":{"type":"MultiPolygon","coordinates":[[[[117.49695,2.70768],[117.49695,2.70767],[117.49678,2.70762],[117.4966,2.70754],[117.49647,2.7074],[117.49641,2.70723],[117.49636,2.70696],[117.49635,2.7067],[117.49641,2.70653],[117.49653,2.70616],[117.49668,2.70567],[117.49675,2.70537],[117.49669,2.70513],[117.49662,2.70493],[117.49641,2.70462],[117.49621,2.70449],[117.49594,2.70421],[117.49569,2.70392],[117.49548,2.70366],[117.49526,2.70347],[117.49492,2.70341],[117.49474,2.70343],[117.49457,2.70351],[117.4943,2.70365],[117.49411,2.70394],[117.49398,2.70427],[117.49385,2.70473],[117.49386,2.70486],[117.49386,2.70486],[117.49392,2.70597],[117.49384,2.71189],[117.49439,2.71193],[117.49694,2.71192],[117.49694,2.71192],[117.49695,2.70768]]]]},"properties":{"kdprov":"65","kdkab":"02","kdkec":"060","kddesa":"008","kdsls":"0008","idsls":"65020600080008","nmprov":"KALIMANTAN UTARA","nmkab":"BULUNGAN","nmkec":"TANJUNG PALAS TIMUR","nmdesa":"TANJUNG AGUNG","nmsls":"RT 008 RW 002"}},{"type":"Feature","geometry":{"type":"MultiPolygon","coordinates":[[[[117.49708,2.55456],[117.49709,2.55456],[117.49711,2.55456],[117.49712,2.55456],[117.49718,2.55454],[117.49725,2.55449],[117.50707,2.54574],[117.50699,2.5399],[117.50697,2.53784],[117.50682,2.52738],[117.50678,2.52429],[117.50676,2.5226],[117.50638,2.52256],[117.50492,2.5224],[117.50361,2.52226],[117.5012,2.522],[117.49928,2.52159],[117.49783,2.52353],[117.49831,2.52419],[117.49804,2.52564],[117.49798,2.52594],[117.4978,2.52636],[117.49756,2.52695],[117.4961,2.53045],[117.49541,2.53202],[117.49542,2.53243],[117.49542,2.53282],[117.49542,2.53312],[117.49545,2.53511],[117.49547,2.53715],[117.49551,2.54032],[117.49551,2.5407],[117.49407,2.54179],[117.49319,2.54243],[117.49107,2.54393],[117.48944,2.54428],[117.48818,2.54455],[117.48694,2.54482],[117.48231,2.5452],[117.47731,2.54419],[117.47507,2.54393],[117.47476,2.5439],[117.47467,2.54775],[117.47468,2.54776],[117.47475,2.55013],[117.47481,2.55213],[117.47493,2.55608],[117.47864,2.55459],[117.47918,2.55437],[117.49566,2.55457],[117.49708,2.55456]]]]},"properties":{"kdprov":"65","kdkab":"02","kdkec":"060","kddesa":"004","kdsls":"0008","idsls":"65020600040008","nmprov":"KALIMANTAN UTARA","nmkab":"BULUNGAN","nmkec":"TANJUNG PALAS TIMUR","nmdesa":"SAJAU","nmsls":"RT 009"}},{"type":"Feature","geometry":{"type":"MultiPolygon","coordinates":[[[[117.62308,2.70085],[117.62135,2.69923],[117.6214,2.69918],[117.62174,2.69887],[117.62151,2.69864],[117.62126,2.6984],[117.62133,2.69834],[117.62133,2.69833],[117.62151,2.69806],[117.62127,2.69778],[117.62152,2.69699],[117.62291,2.69552],[117.62314,2.69514],[117.62343,2.69431],[117.62348,2.69383],[117.62395,2.69291],[117.62378,2.69276],[117.62197,2.69118],[117.6212,2.69191],[117.62063,2.69251],[117.61978,2.69335],[117.61935,2.69396],[117.61905,2.69468],[117.61885,2.69541],[117.61797,2.69725],[117.61814,2.6977],[117.61837,2.69772],[117.61877,2.69787],[117.61923,2.69817],[117.61891,2.6986],[117.61884,2.69907],[117.61931,2.69984],[117.62053,2.70103],[117.62167,2.70128],[117.62203,2.70162],[117.62253,2.70127],[117.62253,2.70127],[117.62254,2.70126],[117.62308,2.70085]]]]},"properties":{"kdprov":"65","kdkab":"02","kdkec":"060","kddesa":"005","kdsls":"0001","idsls":"65020600050001","nmprov":"KALIMANTAN UTARA","nmkab":"BULUNGAN","nmkec":"TANJUNG PALAS TIMUR","nmdesa":"PURA SAJAU","nmsls":"RT 001 RW 001"}},{"type":"Feature","geometry":{"type":"MultiPolygon","coordinates":[[[[117.62174,2.69887],[117.6214,2.69918],[117.62135,2.69923],[117.62308,2.70085],[117.62358,2.70123],[117.62402,2.70087],[117.62211,2.69924],[117.62174,2.69887]]]]},"properties":{"kdprov":"65","kdkab":"02","kdkec":"060","kddesa":"005","kdsls":"0003","idsls":"65020600050003","nmprov":"KALIMANTAN UTARA","nmkab":"BULUNGAN","nmkec":"TANJUNG PALAS TIMUR","nmdesa":"PURA SAJAU","nmsls":"RT 002 RW 002"}},{"type":"Feature","geometry":{"type":"MultiPolygon","coordinates":[[[[117.62395,2.69291],[117.62348,2.69383],[117.62343,2.69431],[117.62314,2.69514],[117.62291,2.69552],[117.62152,2.69699],[117.62127,2.69778],[117.62151,2.69806],[117.62133,2.69833],[117.62133,2.69834],[117.62126,2.6984],[117.62151,2.69864],[117.62174,2.69887],[117.62211,2.69924],[117.62402,2.70087],[117.62358,2.70123],[117.62365,2.70128],[117.62409,2.7018],[117.62442,2.70156],[117.62449,2.70153],[117.62465,2.7015],[117.62548,2.7013],[117.62567,2.70126],[117.62603,2.70115],[117.62612,2.70112],[117.62626,2.70102],[117.62635,2.70095],[117.62903,2.70331],[117.63297,2.70078],[117.62395,2.69291]]]]},"properties":{"kdprov":"65","kdkab":"02","kdkec":"060","kddesa":"005","kdsls":"0004","idsls":"65020600050004","nmprov":"KALIMANTAN UTARA","nmkab":"BULUNGAN","nmkec":"TANJUNG PALAS TIMUR","nmdesa":"PURA SAJAU","nmsls":"RT 003 RW 002"}},{"type":"Feature","geometry":{"type":"MultiPolygon","coordinates":[[[[117.56228,2.50799],[117.56095,2.50927],[117.56074,2.50946],[117.55982,2.51201],[117.55837,2.51356],[117.55734,2.51464],[117.55605,2.51484],[117.55483,2.51503],[117.55392,2.51517],[117.55389,2.51715],[117.55386,2.51846],[117.55385,2.51925],[117.5538,2.52187],[117.5537,2.52789],[117.55368,2.52789],[117.55294,2.52763],[117.5517,2.52777],[117.55152,2.52807],[117.55153,2.52808],[117.55153,2.52991],[117.55201,2.53143],[117.55213,2.53181],[117.5555,2.53091],[117.55598,2.5287],[117.55596,2.52869],[117.56014,2.51501],[117.56084,2.51272],[117.56136,2.51101],[117.56184,2.50944],[117.56228,2.50799]]]]},"properties":{"kdprov":"65","kdkab":"02","kdkec":"060","kddesa":"004","kdsls":"0010","idsls":"65020600040010","nmprov":"KALIMANTAN UTARA","nmkab":"BULUNGAN","nmkec":"TANJUNG PALAS TIMUR","nmdesa":"SAJAU","nmsls":"RT 015"}},{"type":"Feature","geometry":{"type":"MultiPolygon","coordinates":[[[[117.64509,2.73795],[117.64582,2.73963],[117.64578,2.74076],[117.64453,2.74076],[117.64644,2.74673],[117.65959,2.74405],[117.65971,2.74402],[117.65753,2.74145],[117.65426,2.73759],[117.64896,2.73615],[117.64832,2.73619],[117.64818,2.7362],[117.64818,2.7362],[117.64818,2.7362],[117.64818,2.7362],[117.64595,2.73705],[117.64563,2.73717],[117.64546,2.73732],[117.64536,2.73742],[117.64512,2.73792],[117.64509,2.73795]]]]},"properties":{"kdprov":"65","kdkab":"02","kdkec":"060","kddesa":"006","kdsls":"0008","idsls":"65020600060008","nmprov":"KALIMANTAN UTARA","nmkab":"BULUNGAN","nmkec":"TANJUNG PALAS TIMUR","nmdesa":"SAJAU HILIR","nmsls":"RT 008"}},{"type":"Feature","geometry":{"type":"MultiPolygon","coordinates":[[[[117.49384,2.71189],[117.49392,2.70597],[117.49386,2.70486],[117.49386,2.70486],[117.49363,2.70496],[117.49359,2.70494],[117.49345,2.70476],[117.49345,2.70457],[117.49347,2.70434],[117.49347,2.70404],[117.49343,2.70387],[117.49329,2.7037],[117.49303,2.70358],[117.49273,2.70359],[117.4922,2.70375],[117.49153,2.70404],[117.49103,2.70426],[117.49082,2.70434],[117.49023,2.70446],[117.48962,2.70439],[117.48928,2.71167],[117.48974,2.71166],[117.48974,2.71166],[117.49054,2.71167],[117.49233,2.71179],[117.49384,2.71189],[117.49384,2.71189]]]]},"properties":{"kdprov":"65","kdkab":"02","kdkec":"060","kddesa":"008","kdsls":"0009","idsls":"65020600080009","nmprov":"KALIMANTAN UTARA","nmkab":"BULUNGAN","nmkec":"TANJUNG PALAS TIMUR","nmdesa":"TANJUNG AGUNG","nmsls":"RT 009 RW 002"}},{"type":"Feature","geometry":{"type":"MultiPolygon","coordinates":[[[[117.50477,2.70985],[117.5045,2.70556],[117.5045,2.70555],[117.50396,2.70574],[117.5035,2.70586],[117.50324,2.70591],[117.50286,2.70589],[117.50219,2.70582],[117.50194,2.70581],[117.50131,2.70581],[117.50073,2.70579],[117.50047,2.70579],[117.5003,2.70719],[117.50037,2.71017],[117.50477,2.70985],[117.50477,2.70985]]]]},"properties":{"kdprov":"65","kdkab":"02","kdkec":"060","kddesa":"008","kdsls":"0006","idsls":"65020600080006","nmprov":"KALIMANTAN UTARA","nmkab":"BULUNGAN","nmkec":"TANJUNG PALAS TIMUR","nmdesa":"TANJUNG AGUNG","nmsls":"RT 006 RW 002"}},{"type":"Feature","geometry":{"type":"MultiPolygon","coordinates":[[[[117.49695,2.70768],[117.49694,2.71192],[117.49818,2.71191],[117.49819,2.71255],[117.50026,2.71255],[117.50026,2.71255],[117.5003,2.71247],[117.50037,2.71155],[117.50037,2.71047],[117.50037,2.71017],[117.5003,2.70719],[117.50047,2.70579],[117.50047,2.70579],[117.5002,2.70565],[117.4999,2.70542],[117.49976,2.70533],[117.49965,2.70514],[117.49966,2.70487],[117.49974,2.70457],[117.49994,2.70416],[117.50006,2.70365],[117.50006,2.70329],[117.49985,2.70294],[117.49932,2.70245],[117.49896,2.70239],[117.49858,2.70243],[117.49828,2.70259],[117.49803,2.70285],[117.49791,2.70316],[117.49787,2.7035],[117.49778,2.70384],[117.49779,2.7043],[117.49779,2.70499],[117.49782,2.70584],[117.49782,2.70604],[117.49778,2.7064],[117.49767,2.70678],[117.49746,2.70728],[117.49738,2.70737],[117.49728,2.70749],[117.49713,2.70761],[117.49695,2.70768]]]]},"properties":{"kdprov":"65","kdkab":"02","kdkec":"060","kddesa":"008","kdsls":"0007","idsls":"65020600080007","nmprov":"KALIMANTAN UTARA","nmkab":"BULUNGAN","nmkec":"TANJUNG PALAS TIMUR","nmdesa":"TANJUNG AGUNG","nmsls":"RT 007 RW 002"}},{"type":"Feature","geometry":{"type":"MultiPolygon","coordinates":[[[[117.70812,2.69564],[117.70815,2.69564],[117.7082,2.69594],[117.70832,2.69612],[117.70843,2.69632],[117.70848,2.69646],[117.7085,2.69669],[117.70848,2.69687],[117.70832,2.69699],[117.70803,2.69709],[117.70785,2.69721],[117.70777,2.69729],[117.70767,2.69741],[117.70768,2.69757],[117.70785,2.69774],[117.70815,2.69807],[117.7084,2.69829],[117.70847,2.6984],[117.70844,2.69859],[117.70844,2.69885],[117.70826,2.69905],[117.70781,2.69944],[117.70762,2.6998],[117.70762,2.70004],[117.70781,2.70044],[117.70802,2.70079],[117.70812,2.70119],[117.70777,2.70165],[117.70759,2.70187],[117.70711,2.70217],[117.70684,2.7024],[117.70666,2.70279],[117.70681,2.70315],[117.70699,2.70334],[117.70694,2.70357],[117.70661,2.70375],[117.70638,2.70388],[117.70748,2.70423],[117.71142,2.70544],[117.71465,2.70726],[117.71625,2.70815],[117.71788,2.70905],[117.72026,2.71092],[117.7224,2.71258],[117.72586,2.71532],[117.72897,2.71882],[117.73089,2.71934],[117.73351,2.71998],[117.73781,2.72325],[117.74372,2.72458],[117.74482,2.72483],[117.74977,2.72944],[117.75218,2.73171],[117.75542,2.73303],[117.76145,2.73558],[117.76571,2.73732],[117.76856,2.74003],[117.77205,2.74334],[117.77284,2.74395],[117.77294,2.74402],[117.77324,2.74424],[117.77539,2.74586],[117.77602,2.74633],[117.77619,2.74664],[117.77643,2.74723],[117.77646,2.74724],[117.77652,2.74728],[117.77662,2.74733],[117.77673,2.74741],[117.77676,2.74742],[117.7769,2.74747],[117.77727,2.74766],[117.77742,2.74776],[117.77743,2.74777],[117.77755,2.74789],[117.77778,2.74811],[117.77792,2.74825],[117.77793,2.74826],[117.77815,2.74847],[117.77847,2.74873],[117.77857,2.74882],[117.77861,2.74883],[117.77869,2.74885],[117.77878,2.74889],[117.77884,2.74898],[117.77886,2.74905],[117.77888,2.74917],[117.77893,2.74928],[117.77909,2.74957],[117.77925,2.74985],[117.77937,2.75],[117.77943,2.75007],[117.77961,2.75019],[117.77969,2.75022],[117.77987,2.75022],[117.78005,2.75022],[117.781,2.75009],[117.78121,2.75],[117.78121,2.75],[117.78124,2.74999],[117.78144,2.7499],[117.78174,2.74983],[117.78199,2.74976],[117.78226,2.7497],[117.7823,2.74968],[117.78253,2.74959],[117.78274,2.74945],[117.78278,2.74941],[117.78287,2.74933],[117.78332,2.74909],[117.78333,2.74909],[117.78366,2.74892],[117.78386,2.74885],[117.78467,2.74856],[117.7852,2.74829],[117.78535,2.74804],[117.78537,2.74769],[117.78539,2.74716],[117.78542,2.74637],[117.7857,2.74507],[117.78574,2.74492],[117.78575,2.74486],[117.78581,2.74457],[117.78587,2.74405],[117.78631,2.7426],[117.78631,2.7425],[117.78631,2.74218],[117.78631,2.74202],[117.78631,2.74137],[117.78632,2.73907],[117.78633,2.73902],[117.78633,2.7389],[117.78632,2.73863],[117.78632,2.73857],[117.78632,2.73852],[117.78635,2.73835],[117.78638,2.73822],[117.78637,2.7381],[117.78634,2.7379],[117.78634,2.73773],[117.78636,2.73741],[117.7864,2.73698],[117.78642,2.73672],[117.78642,2.73664],[117.78642,2.7365],[117.78641,2.73638],[117.78641,2.73637],[117.7864,2.73627],[117.78641,2.73622],[117.78642,2.73611],[117.78646,2.73601],[117.78649,2.73587],[117.78648,2.73578],[117.78643,2.73566],[117.78639,2.73554],[117.78639,2.73533],[117.78643,2.73516],[117.78645,2.73497],[117.78644,2.73472],[117.78645,2.73427],[117.78647,2.73408],[117.7865,2.73387],[117.78654,2.7337],[117.78654,2.73359],[117.78654,2.73347],[117.78655,2.7334],[117.78665,2.73328],[117.78667,2.73319],[117.78665,2.73313],[117.78659,2.73301],[117.7866,2.73293],[117.78664,2.73279],[117.78667,2.73262],[117.78669,2.73258],[117.78675,2.73248],[117.78683,2.73234],[117.78683,2.73224],[117.78679,2.73213],[117.78672,2.73203],[117.7867,2.73194],[117.78673,2.73185],[117.78677,2.73176],[117.78682,2.73164],[117.78679,2.73151],[117.78672,2.73146],[117.78657,2.73142],[117.78649,2.73135],[117.78644,2.73115],[117.78637,2.7309],[117.78629,2.73075],[117.78628,2.73061],[117.7863,2.73054],[117.78632,2.73049],[117.78641,2.73041],[117.78655,2.73032],[117.78672,2.7302],[117.78697,2.72988],[117.78706,2.72968],[117.78718,2.72941],[117.78721,2.72929],[117.78727,2.72916],[117.78736,2.72902],[117.78748,2.72888],[117.78755,2.72875],[117.78757,2.72865],[117.78758,2.72854],[117.78761,2.72837],[117.78767,2.72817],[117.78782,2.72773],[117.78785,2.72761],[117.78791,2.72746],[117.78797,2.72726],[117.78803,2.72711],[117.78808,2.72695],[117.78818,2.72669],[117.78825,2.72657],[117.78834,2.72643],[117.78845,2.72624],[117.78853,2.72601],[117.78857,2.72578],[117.78859,2.72563],[117.78868,2.72536],[117.78874,2.72522],[117.78881,2.72509],[117.78892,2.72495],[117.78897,2.72485],[117.78899,2.72477],[117.789,2.72462],[117.78905,2.72447],[117.78913,2.72436],[117.78915,2.72422],[117.78915,2.72406],[117.78915,2.72385],[117.78925,2.7235],[117.78925,2.72347],[117.78934,2.7233],[117.78937,2.72314],[117.78943,2.72295],[117.78948,2.72273],[117.7895,2.72252],[117.78947,2.72228],[117.78948,2.72189],[117.78962,2.7213],[117.78967,2.72113],[117.78973,2.72103],[117.78985,2.72087],[117.78991,2.72061],[117.78995,2.72035],[117.79002,2.71986],[117.79008,2.71925],[117.7901,2.71906],[117.79014,2.71876],[117.79018,2.71852],[117.79017,2.71803],[117.79017,2.71788],[117.79017,2.71774],[117.79016,2.71761],[117.79017,2.71744],[117.7902,2.71731],[117.79022,2.71687],[117.79021,2.71661],[117.79017,2.71637],[117.79013,2.7161],[117.79011,2.71584],[117.79009,2.7156],[117.79005,2.7155],[117.78997,2.71545],[117.78988,2.71542],[117.78968,2.71541],[117.78955,2.7154],[117.78949,2.71537],[117.78948,2.71536],[117.78947,2.7153],[117.78947,2.71523],[117.78951,2.71512],[117.78958,2.71504],[117.78966,2.71493],[117.78977,2.71481],[117.78988,2.71465],[117.7899,2.71452],[117.78988,2.71436],[117.78988,2.71417],[117.78992,2.71375],[117.78994,2.71349],[117.78994,2.71329],[117.78993,2.71317],[117.78993,2.71301],[117.78994,2.7129],[117.78999,2.71281],[117.79007,2.71267],[117.7901,2.7125],[117.79006,2.71232],[117.78999,2.71217],[117.78994,2.71203],[117.7899,2.71176],[117.78993,2.71128],[117.78995,2.71103],[117.78992,2.71074],[117.7899,2.7105],[117.78989,2.71028],[117.78985,2.71009],[117.78986,2.71],[117.78991,2.70986],[117.7899,2.70976],[117.78987,2.70967],[117.7898,2.70958],[117.7897,2.70942],[117.7897,2.70925],[117.78971,2.70894],[117.78968,2.7088],[117.78963,2.70866],[117.78962,2.70865],[117.78962,2.70849],[117.78964,2.70837],[117.78967,2.70828],[117.7897,2.70788],[117.7897,2.7077],[117.78969,2.70748],[117.78967,2.70707],[117.78966,2.70482],[117.78967,2.7042],[117.78971,2.70385],[117.78972,2.70379],[117.78974,2.70371],[117.78976,2.70366],[117.78976,2.70365],[117.7898,2.70358],[117.78985,2.70352],[117.7899,2.70344],[117.7899,2.70341],[117.78992,2.70335],[117.78993,2.70323],[117.78993,2.70311],[117.78993,2.70301],[117.78995,2.70287],[117.79003,2.70264],[117.79007,2.70249],[117.79009,2.70239],[117.79009,2.7023],[117.79008,2.70222],[117.79008,2.70215],[117.79005,2.70201],[117.79006,2.70192],[117.79008,2.70178],[117.79008,2.70165],[117.79008,2.70155],[117.79005,2.70147],[117.79003,2.70143],[117.79001,2.70129],[117.79001,2.70125],[117.79,2.70122],[117.79,2.70114],[117.79001,2.70108],[117.79001,2.70106],[117.79002,2.70097],[117.79002,2.70091],[117.79002,2.70089],[117.79002,2.70088],[117.79001,2.70085],[117.79,2.70077],[117.79001,2.70069],[117.79002,2.70058],[117.79006,2.70048],[117.79005,2.70041],[117.79004,2.70033],[117.79005,2.70024],[117.79009,2.7001],[117.79011,2.69995],[117.7902,2.69966],[117.79024,2.69942],[117.79022,2.69895],[117.79022,2.69845],[117.7902,2.69811],[117.79016,2.69744],[117.79016,2.69716],[117.79019,2.69698],[117.79022,2.69684],[117.79019,2.69631],[117.79016,2.69595],[117.79017,2.69564],[117.79018,2.69546],[117.79021,2.6952],[117.79022,2.69495],[117.79017,2.6947],[117.79008,2.69428],[117.79009,2.69406],[117.79018,2.69396],[117.79029,2.69387],[117.79034,2.69377],[117.79034,2.69371],[117.79032,2.69361],[117.79025,2.69352],[117.79022,2.69316],[117.79018,2.693],[117.79013,2.69297],[117.79003,2.69295],[117.78996,2.69294],[117.78993,2.69279],[117.78996,2.6926],[117.79006,2.69235],[117.79015,2.69215],[117.79027,2.69203],[117.79043,2.69189],[117.79056,2.69162],[117.79056,2.69147],[117.79039,2.69137],[117.7903,2.69133],[117.79024,2.6912],[117.79025,2.69105],[117.71716,2.68936],[117.71716,2.68936],[117.71749,2.68885],[117.71744,2.68818],[117.71698,2.68623],[117.71665,2.68624],[117.71665,2.68624],[117.714,2.68634],[117.71403,2.68693],[117.71381,2.68723],[117.71328,2.68758],[117.71291,2.68788],[117.71255,2.68823],[117.7125,2.68855],[117.71261,2.68898],[117.71285,2.68923],[117.71293,2.68942],[117.71305,2.68977],[117.71296,2.69],[117.71263,2.69003],[117.71223,2.68975],[117.71194,2.6896],[117.71164,2.68937],[117.71139,2.68903],[117.71128,2.68877],[117.71113,2.68858],[117.71091,2.68852],[117.71056,2.68852],[117.71031,2.68862],[117.71011,2.6887],[117.70991,2.6889],[117.70994,2.68935],[117.71041,2.68972],[117.71064,2.68995],[117.71061,2.69033],[117.71078,2.6908],[117.71098,2.69118],[117.71099,2.69133],[117.71078,2.69148],[117.71038,2.69148],[117.70993,2.69135],[117.70974,2.69132],[117.70958,2.69168],[117.70974,2.6923],[117.70966,2.69328],[117.7095,2.69353],[117.70951,2.69362],[117.70952,2.69371],[117.70954,2.69388],[117.70958,2.69409],[117.70955,2.69427],[117.7095,2.69441],[117.70944,2.69452],[117.7093,2.69457],[117.70911,2.69448],[117.70894,2.69447],[117.70867,2.69452],[117.70845,2.69457],[117.70835,2.69467],[117.70825,2.69488],[117.70817,2.69501],[117.70818,2.69522],[117.70812,2.69564]]]]},"properties":{"kdprov":"65","kdkab":"02","kdkec":"060","kddesa":"003","kdsls":"0005","idsls":"65020600030005","nmprov":"KALIMANTAN UTARA","nmkab":"BULUNGAN","nmkec":"TANJUNG PALAS TIMUR","nmdesa":"BINAI","nmsls":"RT 005"}},{"type":"Feature","geometry":{"type":"MultiPolygon","coordinates":[[[[117.51876,2.71519],[117.51876,2.71519],[117.51876,2.71519],[117.51803,2.71511],[117.51784,2.71511],[117.51764,2.71499],[117.51746,2.71471],[117.51731,2.71449],[117.51714,2.71423],[117.51701,2.71411],[117.51351,2.71425],[117.51369,2.72004],[117.51808,2.71987],[117.51881,2.71984],[117.51881,2.71984],[117.51887,2.71985],[117.51887,2.71985],[117.51887,2.71985],[117.51876,2.71519]]]]},"properties":{"kdprov":"65","kdkab":"02","kdkec":"060","kddesa":"008","kdsls":"0010","idsls":"65020600080010","nmprov":"KALIMANTAN UTARA","nmkab":"BULUNGAN","nmkec":"TANJUNG PALAS TIMUR","nmdesa":"TANJUNG AGUNG","nmsls":"RT 010 RW 001"}},{"type":"Feature","geometry":{"type":"MultiPolygon","coordinates":[[[[117.53426,2.71156],[117.53519,2.71094],[117.53393,2.70922],[117.5339,2.7093],[117.53374,2.70949],[117.53357,2.70958],[117.53324,2.7096],[117.53301,2.70957],[117.53299,2.70955],[117.53426,2.71156]]]]},"properties":{"kdprov":"65","kdkab":"02","kdkec":"060","kddesa":"007","kdsls":"0012","idsls":"65020600070012","nmprov":"KALIMANTAN UTARA","nmkab":"BULUNGAN","nmkec":"TANJUNG PALAS TIMUR","nmdesa":"WONO MULYO","nmsls":"RT 012 RW 002"}},{"type":"Feature","geometry":{"type":"MultiPolygon","coordinates":[[[[117.57684,2.68727],[117.57658,2.68709],[117.57574,2.6865],[117.57681,2.68496],[117.5768,2.68367],[117.57401,2.68184],[117.57393,2.68202],[117.57168,2.68668],[117.57564,2.68986],[117.57594,2.68994],[117.57641,2.69013],[117.57687,2.69061],[117.57684,2.68727]]]]},"properties":{"kdprov":"65","kdkab":"02","kdkec":"060","kddesa":"004","kdsls":"0007","idsls":"65020600040007","nmprov":"KALIMANTAN UTARA","nmkab":"BULUNGAN","nmkec":"TANJUNG PALAS TIMUR","nmdesa":"SAJAU","nmsls":"RT 007"}},{"type":"Feature","geometry":{"type":"MultiPolygon","coordinates":[[[[117.57658,2.68709],[117.57684,2.68727],[117.57684,2.68727],[117.57756,2.68776],[117.57788,2.68762],[117.57886,2.68755],[117.57947,2.68751],[117.57959,2.68776],[117.57969,2.68796],[117.57899,2.68936],[117.57963,2.69001],[117.58036,2.68954],[117.58087,2.68752],[117.5815,2.68684],[117.58194,2.68659],[117.58196,2.68624],[117.58155,2.68612],[117.5809,2.68627],[117.58045,2.68594],[117.58012,2.6857],[117.57924,2.68506],[117.57924,2.68506],[117.57898,2.6849],[117.57772,2.68605],[117.57683,2.68686],[117.57658,2.68709]]]]},"properties":{"kdprov":"65","kdkab":"02","kdkec":"060","kddesa":"004","kdsls":"0001","idsls":"65020600040001","nmprov":"KALIMANTAN UTARA","nmkab":"BULUNGAN","nmkec":"TANJUNG PALAS TIMUR","nmdesa":"SAJAU","nmsls":"RT 001"}},{"type":"Feature","geometry":{"type":"MultiPolygon","coordinates":[[[[117.5768,2.68367],[117.57681,2.68496],[117.57574,2.6865],[117.57658,2.68709],[117.57683,2.68686],[117.57772,2.68605],[117.57898,2.6849],[117.57844,2.68456],[117.57841,2.68454],[117.57841,2.68454],[117.57744,2.68385],[117.57744,2.68385],[117.57731,2.684],[117.5768,2.68367]]]]},"properties":{"kdprov":"65","kdkab":"02","kdkec":"060","kddesa":"004","kdsls":"0002","idsls":"65020600040002","nmprov":"KALIMANTAN UTARA","nmkab":"BULUNGAN","nmkec":"TANJUNG PALAS TIMUR","nmdesa":"SAJAU","nmsls":"RT 002"}},{"type":"Feature","geometry":{"type":"MultiPolygon","coordinates":[[[[117.57898,2.6849],[117.57924,2.68506],[117.57924,2.68506],[117.58012,2.6857],[117.58045,2.68594],[117.58077,2.68459],[117.58077,2.68459],[117.58054,2.68444],[117.58054,2.68444],[117.57857,2.68316],[117.5782,2.68292],[117.57744,2.68385],[117.57841,2.68454],[117.57841,2.68454],[117.57844,2.68456],[117.57898,2.6849]]]]},"properties":{"kdprov":"65","kdkab":"02","kdkec":"060","kddesa":"004","kdsls":"0003","idsls":"65020600040003","nmprov":"KALIMANTAN UTARA","nmkab":"BULUNGAN","nmkec":"TANJUNG PALAS TIMUR","nmdesa":"SAJAU","nmsls":"RT 003"}},{"type":"Feature","geometry":{"type":"MultiPolygon","coordinates":[[[[117.57857,2.68316],[117.58054,2.68444],[117.58054,2.68444],[117.58077,2.68459],[117.58089,2.68439],[117.58132,2.68416],[117.58208,2.68407],[117.58262,2.68372],[117.58305,2.68318],[117.58295,2.68256],[117.5828,2.68205],[117.58292,2.68176],[117.58321,2.68166],[117.58314,2.6814],[117.58286,2.68118],[117.58232,2.68114],[117.58232,2.68114],[117.5819,2.68122],[117.58133,2.68112],[117.58095,2.6808],[117.5809,2.68066],[117.57877,2.68294],[117.57857,2.68316]]]]},"properties":{"kdprov":"65","kdkab":"02","kdkec":"060","kddesa":"004","kdsls":"0004","idsls":"65020600040004","nmprov":"KALIMANTAN UTARA","nmkab":"BULUNGAN","nmkec":"TANJUNG PALAS TIMUR","nmdesa":"SAJAU","nmsls":"RT 004"}},{"type":"Feature","geometry":{"type":"MultiPolygon","coordinates":[[[[117.5782,2.68292],[117.57857,2.68316],[117.57877,2.68294],[117.5809,2.68066],[117.58082,2.6804],[117.58081,2.68041],[117.58076,2.68004],[117.58069,2.67982],[117.5806,2.67974],[117.58046,2.67966],[117.57974,2.67977],[117.57878,2.67974],[117.57832,2.67962],[117.57798,2.67911],[117.57764,2.67914],[117.5771,2.67959],[117.57674,2.67951],[117.57646,2.67943],[117.57616,2.67927],[117.57584,2.67913],[117.57563,2.67906],[117.57546,2.67908],[117.57514,2.67927],[117.57491,2.67951],[117.57463,2.67986],[117.57632,2.68106],[117.57799,2.68237],[117.57799,2.68237],[117.5784,2.68269],[117.57835,2.68275],[117.5782,2.68292]]]]},"properties":{"kdprov":"65","kdkab":"02","kdkec":"060","kddesa":"004","kdsls":"0005","idsls":"65020600040005","nmprov":"KALIMANTAN UTARA","nmkab":"BULUNGAN","nmkec":"TANJUNG PALAS TIMUR","nmdesa":"SAJAU","nmsls":"RT 005"}},{"type":"Feature","geometry":{"type":"MultiPolygon","coordinates":[[[[117.53734,2.71261],[117.53585,2.71051],[117.53585,2.71051],[117.53519,2.71094],[117.53426,2.71156],[117.53426,2.71156],[117.53516,2.71281],[117.53515,2.71281],[117.53575,2.71372],[117.53616,2.71343],[117.53734,2.71261]]]]},"properties":{"kdprov":"65","kdkab":"02","kdkec":"060","kddesa":"007","kdsls":"0010","idsls":"65020600070010","nmprov":"KALIMANTAN UTARA","nmkab":"BULUNGAN","nmkec":"TANJUNG PALAS TIMUR","nmdesa":"WONO MULYO","nmsls":"RT 010 RW 002"}},{"type":"Feature","geometry":{"type":"MultiPolygon","coordinates":[[[[117.57401,2.68184],[117.5768,2.68367],[117.57731,2.684],[117.57744,2.68385],[117.57744,2.68385],[117.5782,2.68292],[117.57835,2.68275],[117.5784,2.68269],[117.57799,2.68237],[117.57799,2.68237],[117.57632,2.68106],[117.57463,2.67986],[117.57462,2.67985],[117.57442,2.68012],[117.5743,2.6802],[117.57427,2.68025],[117.57423,2.68033],[117.5742,2.68039],[117.57419,2.68044],[117.57419,2.68049],[117.57419,2.68058],[117.57421,2.68063],[117.57425,2.68067],[117.5743,2.68074],[117.57432,2.68082],[117.57431,2.68081],[117.57431,2.68113],[117.57401,2.68184]]]]},"properties":{"kdprov":"65","kdkab":"02","kdkec":"060","kddesa":"004","kdsls":"0006","idsls":"65020600040006","nmprov":"KALIMANTAN UTARA","nmkab":"BULUNGAN","nmkec":"TANJUNG PALAS TIMUR","nmdesa":"SAJAU","nmsls":"RT 006"}},{"type":"Feature","geometry":{"type":"MultiPolygon","coordinates":[[[[117.53585,2.71051],[117.53734,2.71261],[117.53791,2.71222],[117.53899,2.7115],[117.53762,2.70937],[117.53585,2.71051]]]]},"properties":{"kdprov":"65","kdkab":"02","kdkec":"060","kddesa":"007","kdsls":"0009","idsls":"65020600070009","nmprov":"KALIMANTAN UTARA","nmkab":"BULUNGAN","nmkec":"TANJUNG PALAS TIMUR","nmdesa":"WONO MULYO","nmsls":"RT 009 RW 001"}},{"type":"Feature","geometry":{"type":"MultiPolygon","coordinates":[[[[117.70063,2.69865],[117.70005,2.69747],[117.6994,2.69619],[117.6992,2.69579],[117.69894,2.69529],[117.69894,2.69528],[117.69893,2.69526],[117.69853,2.6917],[117.69817,2.68841],[117.69791,2.68637],[117.69594,2.68453],[117.67437,2.69219],[117.67344,2.69259],[117.6731,2.69439],[117.6703,2.69705],[117.66603,2.70139],[117.65375,2.70932],[117.65002,2.71257],[117.65103,2.71527],[117.65104,2.71529],[117.65105,2.7153],[117.65104,2.7153],[117.65201,2.71697],[117.65603,2.71524],[117.67134,2.71076],[117.6715,2.71076],[117.70276,2.70274],[117.70268,2.70271],[117.70098,2.69936],[117.70063,2.69865]]]]},"properties":{"kdprov":"65","kdkab":"02","kdkec":"060","kddesa":"006","kdsls":"0007","idsls":"65020600060007","nmprov":"KALIMANTAN UTARA","nmkab":"BULUNGAN","nmkec":"TANJUNG PALAS TIMUR","nmdesa":"SAJAU HILIR","nmsls":"RT 007"}},{"type":"Feature","geometry":{"type":"MultiPolygon","coordinates":[[[[117.69576,2.68436],[117.70932,2.67914],[117.70934,2.67888],[117.71239,2.67822],[117.71275,2.67838],[117.7132,2.67913],[117.71336,2.67907],[117.71375,2.67898],[117.7142,2.6788],[117.71448,2.67864],[117.7147,2.67844],[117.7147,2.67842],[117.71475,2.67817],[117.71468,2.67784],[117.71425,2.67747],[117.71346,2.67712],[117.71285,2.6765],[117.71253,2.67642],[117.71166,2.6761],[117.71096,2.67589],[117.70971,2.6761],[117.70771,2.6764],[117.70667,2.67657],[117.70627,2.6762],[117.70551,2.67584],[117.70517,2.67544],[117.70467,2.67467],[117.7041,2.6743],[117.70254,2.6739],[117.70113,2.67337],[117.70093,2.67297],[117.7005,2.67227],[117.69993,2.67157],[117.69933,2.67047],[117.69873,2.6691],[117.69786,2.66824],[117.6974,2.6678],[117.69676,2.66664],[117.69643,2.66594],[117.6958,2.66564],[117.69496,2.66547],[117.69433,2.66494],[117.69316,2.6642],[117.69243,2.66347],[117.69196,2.6629],[117.69129,2.66257],[117.69066,2.66237],[117.68972,2.66237],[117.68879,2.66207],[117.68792,2.66187],[117.68709,2.6618],[117.68695,2.6619],[117.68632,2.6621],[117.68572,2.6621],[117.68495,2.6618],[117.68405,2.6613],[117.68345,2.66084],[117.68345,2.6604],[117.68345,2.66004],[117.68345,2.6594],[117.68342,2.65884],[117.68325,2.65844],[117.68245,2.65794],[117.68222,2.65757],[117.68202,2.65715],[117.68183,2.65655],[117.68168,2.65624],[117.68147,2.65594],[117.68083,2.65572],[117.68055,2.65572],[117.68015,2.65575],[117.67971,2.65604],[117.67925,2.65634],[117.67895,2.65664],[117.6786,2.65687],[117.67833,2.65702],[117.67803,2.65704],[117.6776,2.6569],[117.67718,2.65644],[117.67678,2.65604],[117.67609,2.65559],[117.67511,2.65567],[117.67481,2.6557],[117.67459,2.65589],[117.67443,2.6561],[117.67411,2.65622],[117.67316,2.65652],[117.67257,2.65652],[117.67222,2.65627],[117.67184,2.65587],[117.67091,2.65527],[117.67087,2.6553],[117.67186,2.65882],[117.67469,2.66206],[117.67754,2.66523],[117.68065,2.66876],[117.68153,2.6695],[117.6816,2.66957],[117.68529,2.67272],[117.68794,2.67502],[117.68978,2.67731],[117.6921,2.68019],[117.69442,2.6831],[117.69569,2.68429],[117.69576,2.68436]]]]},"properties":{"kdprov":"65","kdkab":"02","kdkec":"060","kddesa":"003","kdsls":"0013","idsls":"65020600030013","nmprov":"KALIMANTAN UTARA","nmkab":"BULUNGAN","nmkec":"TANJUNG PALAS TIMUR","nmdesa":"BINAI","nmsls":"RT 008"}},{"type":"Feature","geometry":{"type":"MultiPolygon","coordinates":[[[[117.51369,2.72004],[117.51351,2.71425],[117.51351,2.71425],[117.51254,2.71426],[117.51254,2.71426],[117.51077,2.71435],[117.51086,2.71576],[117.51086,2.71576],[117.51086,2.71576],[117.50561,2.71604],[117.50561,2.71605],[117.50591,2.72033],[117.51104,2.72015],[117.51104,2.72015],[117.51369,2.72004],[117.51369,2.72004]]]]},"properties":{"kdprov":"65","kdkab":"02","kdkec":"060","kddesa":"008","kdsls":"0004","idsls":"65020600080004","nmprov":"KALIMANTAN UTARA","nmkab":"BULUNGAN","nmkec":"TANJUNG PALAS TIMUR","nmdesa":"TANJUNG AGUNG","nmsls":"RT 004 RW 001"}},{"type":"Feature","geometry":{"type":"MultiPolygon","coordinates":[[[[117.50477,2.70985],[117.50477,2.70985],[117.50037,2.71017],[117.50037,2.71047],[117.50037,2.71155],[117.5003,2.71247],[117.50026,2.71255],[117.50028,2.71257],[117.50545,2.71238],[117.5068,2.71233],[117.5068,2.71233],[117.50671,2.70981],[117.50477,2.70985]]]]},"properties":{"kdprov":"65","kdkab":"02","kdkec":"060","kddesa":"008","kdsls":"0001","idsls":"65020600080001","nmprov":"KALIMANTAN UTARA","nmkab":"BULUNGAN","nmkec":"TANJUNG PALAS TIMUR","nmdesa":"TANJUNG AGUNG","nmsls":"RT 001 RW 001"}},{"type":"Feature","geometry":{"type":"MultiPolygon","coordinates":[[[[117.50676,2.5226],[117.50678,2.52429],[117.50682,2.52738],[117.50697,2.53784],[117.50699,2.5399],[117.50707,2.54574],[117.49725,2.55449],[117.49718,2.55454],[117.49712,2.55456],[117.49719,2.55456],[117.49794,2.55484],[117.49794,2.55483],[117.4994,2.55484],[117.50177,2.55406],[117.50376,2.55432],[117.51002,2.55378],[117.51229,2.54957],[117.51283,2.54934],[117.5137,2.5483],[117.51435,2.54906],[117.51579,2.54865],[117.51673,2.54657],[117.51666,2.54566],[117.51765,2.54468],[117.51861,2.54438],[117.51914,2.54273],[117.52102,2.54203],[117.52135,2.54018],[117.52191,2.53946],[117.52205,2.53863],[117.5234,2.53708],[117.5234,2.53676],[117.5234,2.53676],[117.5234,2.53676],[117.52333,2.53263],[117.52327,2.5291],[117.5232,2.52544],[117.52315,2.52261],[117.51976,2.52287],[117.51658,2.5231],[117.51541,2.52308],[117.51284,2.52327],[117.51145,2.52312],[117.51025,2.52298],[117.50676,2.5226]]]]},"properties":{"kdprov":"65","kdkab":"02","kdkec":"060","kddesa":"004","kdsls":"0013","idsls":"65020600040013","nmprov":"KALIMANTAN UTARA","nmkab":"BULUNGAN","nmkec":"TANJUNG PALAS TIMUR","nmdesa":"SAJAU","nmsls":"RT 014"}},{"type":"Feature","geometry":{"type":"MultiPolygon","coordinates":[[[[117.90012,2.40466],[117.90125,2.40536],[117.90307,2.40587],[117.9058,2.40612],[117.90745,2.4062],[117.91049,2.40699],[117.91174,2.40895],[117.91289,2.40994],[117.91428,2.41252],[117.92156,2.41757],[117.92266,2.41755],[117.92339,2.417],[117.92377,2.4159],[117.9248,2.4148],[117.92559,2.41249],[117.92768,2.41228],[117.92887,2.41116],[117.9292,2.41036],[117.92936,2.40919],[117.9298,2.40818],[117.9307,2.40772],[117.93139,2.40774],[117.93317,2.40835],[117.93429,2.40779],[117.93541,2.4068],[117.93694,2.40506],[117.93694,2.40505],[117.93685,2.405],[117.9365,2.40477],[117.93386,2.40316],[117.91827,2.39364],[117.91451,2.39518],[117.91058,2.39679],[117.90458,2.40131],[117.90084,2.40412],[117.90072,2.40422],[117.90012,2.40466]]]]},"properties":{"kdprov":"65","kdkab":"02","kdkec":"060","kddesa":"001","kdsls":"0013","idsls":"65020600010013","nmprov":"KALIMANTAN UTARA","nmkab":"BULUNGAN","nmkec":"TANJUNG PALAS TIMUR","nmdesa":"MANGKU PADI","nmsls":"RT 013 RW 002"}},{"type":"Feature","geometry":{"type":"MultiPolygon","coordinates":[[[[117.53426,2.71156],[117.53426,2.71156],[117.53299,2.70955],[117.53278,2.70936],[117.53255,2.7089],[117.5324,2.70857],[117.53233,2.70842],[117.53217,2.70824],[117.53193,2.7082],[117.53169,2.70825],[117.53147,2.70842],[117.53125,2.7086],[117.53102,2.70879],[117.53088,2.70897],[117.53048,2.70986],[117.53044,2.70999],[117.53047,2.71018],[117.53101,2.71033],[117.5314,2.71038],[117.53158,2.71038],[117.53177,2.71056],[117.53174,2.71079],[117.53162,2.7111],[117.53136,2.71162],[117.53105,2.7122],[117.53089,2.71253],[117.53093,2.71298],[117.53122,2.71356],[117.53175,2.71322],[117.53426,2.71156]]]]},"properties":{"kdprov":"65","kdkab":"02","kdkec":"060","kddesa":"007","kdsls":"0013","idsls":"65020600070013","nmprov":"KALIMANTAN UTARA","nmkab":"BULUNGAN","nmkec":"TANJUNG PALAS TIMUR","nmdesa":"WONO MULYO","nmsls":"RT 013 RW 002"}},{"type":"Feature","geometry":{"type":"MultiPolygon","coordinates":[[[[117.53515,2.71281],[117.53516,2.71281],[117.53426,2.71156],[117.53175,2.71322],[117.53122,2.71356],[117.53144,2.714],[117.53214,2.71484],[117.53265,2.71451],[117.53265,2.71451],[117.53515,2.71281],[117.53515,2.71281]]]]},"properties":{"kdprov":"65","kdkab":"02","kdkec":"060","kddesa":"007","kdsls":"0014","idsls":"65020600070014","nmprov":"KALIMANTAN UTARA","nmkab":"BULUNGAN","nmkec":"TANJUNG PALAS TIMUR","nmdesa":"WONO MULYO","nmsls":"RT 014 RW 002"}},{"type":"Feature","geometry":{"type":"MultiPolygon","coordinates":[[[[117.5045,2.70556],[117.50477,2.70985],[117.50671,2.70981],[117.5068,2.71233],[117.51159,2.7121],[117.51251,2.71185],[117.51254,2.71184],[117.51317,2.71047],[117.50874,2.70977],[117.5088,2.70568],[117.50841,2.70528],[117.50806,2.70499],[117.50781,2.70491],[117.50767,2.70491],[117.5076,2.70493],[117.50754,2.70501],[117.50749,2.70508],[117.5074,2.70525],[117.50737,2.70547],[117.50737,2.70562],[117.50733,2.70589],[117.50728,2.70602],[117.50722,2.70612],[117.50714,2.70618],[117.5069,2.70622],[117.50662,2.70607],[117.50617,2.70578],[117.5059,2.70562],[117.50571,2.70554],[117.50545,2.70548],[117.50531,2.70545],[117.50505,2.70545],[117.5049,2.70548],[117.5047,2.70553],[117.5045,2.70556]]]]},"properties":{"kdprov":"65","kdkab":"02","kdkec":"060","kddesa":"008","kdsls":"0002","idsls":"65020600080002","nmprov":"KALIMANTAN UTARA","nmkab":"BULUNGAN","nmkec":"TANJUNG PALAS TIMUR","nmdesa":"TANJUNG AGUNG","nmsls":"RT 002 RW 001"}},{"type":"Feature","geometry":{"type":"MultiPolygon","coordinates":[[[[117.50561,2.71604],[117.51086,2.71576],[117.51086,2.71576],[117.51086,2.71576],[117.51077,2.71435],[117.51254,2.71426],[117.51254,2.71426],[117.51251,2.71185],[117.51159,2.7121],[117.5068,2.71233],[117.5068,2.71233],[117.50545,2.71238],[117.50561,2.71604],[117.50561,2.71604]]]]},"properties":{"kdprov":"65","kdkab":"02","kdkec":"060","kddesa":"008","kdsls":"0003","idsls":"65020600080003","nmprov":"KALIMANTAN UTARA","nmkab":"BULUNGAN","nmkec":"TANJUNG PALAS TIMUR","nmdesa":"TANJUNG AGUNG","nmsls":"RT 003 RW 001"}},{"type":"Feature","geometry":{"type":"MultiPolygon","coordinates":[[[[117.64644,2.74673],[117.64453,2.74076],[117.64578,2.74076],[117.64582,2.73963],[117.64509,2.73795],[117.64504,2.73799],[117.64495,2.73806],[117.64503,2.73672],[117.6445,2.73529],[117.64407,2.73402],[117.64374,2.73349],[117.64253,2.73152],[117.63578,2.73645],[117.63603,2.73651],[117.6364,2.73651],[117.63687,2.73645],[117.63749,2.7366],[117.63807,2.73708],[117.63865,2.7377],[117.63894,2.73808],[117.63904,2.73871],[117.63897,2.73908],[117.63895,2.7397],[117.639,2.74013],[117.63917,2.74048],[117.63935,2.74083],[117.63944,2.74123],[117.63949,2.74156],[117.63954,2.74213],[117.63965,2.74273],[117.63989,2.74321],[117.6404,2.7437],[117.64064,2.74424],[117.64124,2.74484],[117.64117,2.74588],[117.64117,2.74621],[117.64117,2.74674],[117.64094,2.74734],[117.6406,2.74748],[117.64044,2.74801],[117.6402,2.74854],[117.64007,2.74901],[117.64077,2.74901],[117.64161,2.74914],[117.64221,2.74914],[117.64271,2.74888],[117.64304,2.74838],[117.64341,2.74794],[117.64387,2.74758],[117.64421,2.74728],[117.64432,2.7472],[117.64431,2.74717],[117.64644,2.74673]]]]},"properties":{"kdprov":"65","kdkab":"02","kdkec":"060","kddesa":"006","kdsls":"0005","idsls":"65020600060005","nmprov":"KALIMANTAN UTARA","nmkab":"BULUNGAN","nmkec":"TANJUNG PALAS TIMUR","nmdesa":"SAJAU HILIR","nmsls":"RT 005"}},{"type":"Feature","geometry":{"type":"MultiPolygon","coordinates":[[[[117.63578,2.73645],[117.64253,2.73152],[117.64374,2.73349],[117.64845,2.73112],[117.6443,2.72029],[117.63552,2.72408],[117.63407,2.72548],[117.63141,2.72783],[117.6303,2.72868],[117.63021,2.72893],[117.63033,2.72973],[117.63053,2.73025],[117.63065,2.7306],[117.63091,2.73073],[117.63141,2.73068],[117.63176,2.73063],[117.63231,2.73083],[117.63258,2.73098],[117.63296,2.73163],[117.6332,2.73221],[117.63333,2.73288],[117.63341,2.73361],[117.6336,2.73408],[117.63393,2.7347],[117.63473,2.7351],[117.63538,2.73533],[117.6355,2.73568],[117.63555,2.73605],[117.63565,2.73641],[117.63578,2.73645]]]]},"properties":{"kdprov":"65","kdkab":"02","kdkec":"060","kddesa":"006","kdsls":"0003","idsls":"65020600060003","nmprov":"KALIMANTAN UTARA","nmkab":"BULUNGAN","nmkec":"TANJUNG PALAS TIMUR","nmdesa":"SAJAU HILIR","nmsls":"RT 003"}},{"type":"Feature","geometry":{"type":"MultiPolygon","coordinates":[[[[117.70638,2.70388],[117.70276,2.70274],[117.6715,2.71076],[117.67134,2.71076],[117.65603,2.71524],[117.65201,2.71697],[117.6443,2.72029],[117.64845,2.73112],[117.64374,2.73349],[117.64407,2.73402],[117.6445,2.73529],[117.64503,2.73672],[117.64495,2.73806],[117.64504,2.73799],[117.64509,2.73795],[117.64512,2.73792],[117.64536,2.73742],[117.64546,2.73732],[117.64563,2.73717],[117.64595,2.73705],[117.64818,2.7362],[117.64818,2.7362],[117.64818,2.7362],[117.64818,2.7362],[117.64832,2.73619],[117.64896,2.73615],[117.65426,2.73759],[117.65753,2.74145],[117.65971,2.74402],[117.65959,2.74405],[117.64644,2.74673],[117.64431,2.74717],[117.64432,2.7472],[117.64434,2.74718],[117.64464,2.74728],[117.64488,2.74754],[117.64501,2.74804],[117.64514,2.74868],[117.64544,2.74934],[117.64601,2.74961],[117.64654,2.74938],[117.64674,2.74904],[117.64698,2.74888],[117.64808,2.74878],[117.64868,2.74911],[117.64898,2.74941],[117.64908,2.75001],[117.64928,2.75028],[117.64985,2.75034],[117.65018,2.75058],[117.65021,2.75101],[117.65078,2.75161],[117.65162,2.75201],[117.65282,2.75264],[117.65362,2.75278],[117.65428,2.75244],[117.65454,2.75223],[117.65461,2.75199],[117.65469,2.75169],[117.65486,2.75136],[117.65506,2.75119],[117.65528,2.75101],[117.65528,2.75077],[117.65511,2.75043],[117.65507,2.75005],[117.65503,2.74967],[117.65495,2.74926],[117.65495,2.74876],[117.65495,2.74875],[117.655,2.74865],[117.655,2.74864],[117.65501,2.74862],[117.65511,2.74842],[117.65544,2.74834],[117.65561,2.74875],[117.65561,2.74876],[117.65561,2.74934],[117.65561,2.74985],[117.65586,2.75018],[117.6559,2.75037],[117.65594,2.7506],[117.65594,2.7506],[117.65578,2.75101],[117.65545,2.7516],[117.65503,2.75219],[117.65478,2.75286],[117.65473,2.75299],[117.65462,2.75328],[117.65403,2.75362],[117.6535,2.75376],[117.65311,2.75386],[117.6528,2.75391],[117.65245,2.75396],[117.65162,2.75404],[117.65086,2.75404],[117.6502,2.75404],[117.65001,2.75408],[117.64986,2.75412],[117.64984,2.75426],[117.64978,2.75462],[117.64978,2.75463],[117.65037,2.75496],[117.6507,2.75518],[117.65112,2.75546],[117.65179,2.75571],[117.65194,2.75574],[117.65262,2.75588],[117.65309,2.75601],[117.6532,2.75604],[117.65353,2.75604],[117.65374,2.756],[117.65395,2.75596],[117.6542,2.75563],[117.65428,2.75521],[117.65428,2.75467],[117.65428,2.75445],[117.65428,2.75445],[117.65434,2.75429],[117.65445,2.75395],[117.65479,2.75337],[117.65494,2.75329],[117.65511,2.75319],[117.6557,2.75311],[117.6557,2.75311],[117.6557,2.75311],[117.65636,2.75319],[117.65694,2.75345],[117.65753,2.75378],[117.65758,2.75386],[117.65787,2.75429],[117.65795,2.75504],[117.65778,2.75588],[117.65728,2.75621],[117.65705,2.75633],[117.65678,2.75646],[117.65636,2.75651],[117.65603,2.75655],[117.65545,2.75655],[117.6552,2.75688],[117.65511,2.75755],[117.65511,2.75755],[117.6552,2.75814],[117.65531,2.7584],[117.65545,2.75872],[117.65597,2.75887],[117.65604,2.75889],[117.65662,2.75889],[117.65704,2.75881],[117.65741,2.7587],[117.65762,2.75864],[117.65804,2.75858],[117.6582,2.75856],[117.65825,2.75858],[117.65862,2.75872],[117.65862,2.75872],[117.65861,2.75948],[117.65861,2.75948],[117.65829,2.76015],[117.65818,2.76024],[117.6577,2.76065],[117.65695,2.76098],[117.65629,2.76124],[117.65553,2.76124],[117.65518,2.76115],[117.65487,2.76107],[117.65458,2.76099],[117.65429,2.7609],[117.6537,2.76098],[117.65312,2.76149],[117.65279,2.76224],[117.6527,2.76325],[117.65265,2.76385],[117.65262,2.76426],[117.65262,2.76501],[117.65262,2.76501],[117.65264,2.76507],[117.65287,2.76576],[117.65327,2.76616],[117.65363,2.76652],[117.65454,2.76694],[117.65554,2.76735],[117.65604,2.76735],[117.65654,2.76769],[117.65711,2.7678],[117.65737,2.76786],[117.6582,2.76786],[117.65853,2.7679],[117.65879,2.76794],[117.65912,2.7676],[117.65912,2.7671],[117.65912,2.7671],[117.65917,2.76675],[117.6592,2.76652],[117.65928,2.76616],[117.65937,2.76576],[117.65954,2.76534],[117.65971,2.76467],[117.65983,2.76444],[117.6602,2.76375],[117.66029,2.76354],[117.66054,2.763],[117.66076,2.76284],[117.66112,2.76257],[117.66143,2.76244],[117.6617,2.76233],[117.66249,2.7622],[117.66278,2.76215],[117.6635,2.76232],[117.66386,2.76241],[117.66436,2.76294],[117.66512,2.76375],[117.66537,2.764],[117.6657,2.76433],[117.66603,2.76517],[117.66628,2.76593],[117.66636,2.76611],[117.66662,2.76676],[117.66679,2.7671],[117.66695,2.76744],[117.66753,2.76785],[117.66776,2.7679],[117.66829,2.76801],[117.66929,2.76801],[117.67012,2.76801],[117.67095,2.76801],[117.67155,2.76815],[117.6717,2.76818],[117.67183,2.76827],[117.67245,2.76868],[117.67303,2.76919],[117.67303,2.76919],[117.67329,2.76986],[117.67329,2.76986],[117.67329,2.7707],[117.67329,2.7707],[117.67303,2.7717],[117.67279,2.77237],[117.67269,2.77268],[117.67245,2.77346],[117.6722,2.77413],[117.6721,2.77482],[117.67204,2.77522],[117.67204,2.77614],[117.67215,2.77654],[117.67229,2.77706],[117.67287,2.77765],[117.67379,2.77798],[117.67439,2.77838],[117.67454,2.77849],[117.67476,2.77861],[117.67529,2.7789],[117.67689,2.78044],[117.67729,2.78083],[117.67812,2.78142],[117.67819,2.78148],[117.67853,2.78179],[117.67963,2.78415],[117.68,2.78493],[117.68107,2.78561],[117.68187,2.78574],[117.6821,2.78565],[117.68311,2.7853],[117.68334,2.7853],[117.68351,2.78518],[117.68387,2.78525],[117.68419,2.78521],[117.68457,2.78515],[117.68499,2.78522],[117.68501,2.78522],[117.68526,2.78514],[117.68556,2.78495],[117.68559,2.78493],[117.68585,2.78468],[117.68679,2.7847],[117.68665,2.78436],[117.68839,2.7846],[117.68841,2.78472],[117.68853,2.78498],[117.68881,2.7852],[117.68916,2.78537],[117.68953,2.78544],[117.69023,2.78549],[117.69037,2.78556],[117.69062,2.78566],[117.69084,2.78552],[117.69269,2.78502],[117.69416,2.78463],[117.69523,2.78434],[117.69601,2.78416],[117.69746,2.78365],[117.69784,2.78361],[117.69825,2.78353],[117.6985,2.78344],[117.69875,2.78334],[117.6992,2.78323],[117.69936,2.78318],[117.6996,2.78314],[117.6998,2.78311],[117.70033,2.783],[117.70046,2.78298],[117.70103,2.78281],[117.70138,2.78271],[117.70159,2.78266],[117.70182,2.78259],[117.70206,2.78252],[117.7025,2.78236],[117.70256,2.78235],[117.70333,2.78206],[117.70403,2.7818],[117.70433,2.78162],[117.70444,2.78154],[117.70468,2.78133],[117.70486,2.78116],[117.70504,2.78097],[117.70516,2.78087],[117.70528,2.78079],[117.7054,2.78074],[117.70547,2.78072],[117.70554,2.7807],[117.70562,2.78068],[117.7057,2.78065],[117.7058,2.78061],[117.70592,2.78059],[117.70598,2.78058],[117.70608,2.78056],[117.70616,2.78053],[117.7062,2.78051],[117.70641,2.7804],[117.70653,2.78032],[117.7067,2.78026],[117.70679,2.78024],[117.7069,2.78023],[117.70702,2.78024],[117.70716,2.78024],[117.70738,2.78017],[117.70748,2.78009],[117.70773,2.77995],[117.70822,2.77974],[117.70863,2.77958],[117.70888,2.77947],[117.70902,2.77928],[117.70904,2.77906],[117.70923,2.77882],[117.70945,2.77873],[117.70965,2.77866],[117.70986,2.77861],[117.71004,2.77858],[117.7103,2.77853],[117.71045,2.77852],[117.71067,2.77847],[117.71116,2.77839],[117.71155,2.77825],[117.71179,2.77815],[117.712,2.77806],[117.71219,2.77801],[117.71236,2.778],[117.7128,2.77797],[117.71305,2.77789],[117.71331,2.77778],[117.71361,2.77763],[117.71387,2.77748],[117.71432,2.77724],[117.7145,2.77716],[117.71477,2.77703],[117.71499,2.77694],[117.71526,2.77687],[117.71553,2.77681],[117.71575,2.77678],[117.71595,2.77674],[117.7163,2.7766],[117.71652,2.77644],[117.717,2.77624],[117.71719,2.77621],[117.71747,2.77615],[117.71761,2.77612],[117.71775,2.77599],[117.71788,2.77582],[117.71803,2.77571],[117.71824,2.77564],[117.71847,2.77562],[117.71872,2.77558],[117.7189,2.77556],[117.71907,2.77553],[117.71934,2.77544],[117.71945,2.77541],[117.71959,2.77529],[117.71988,2.77524],[117.72004,2.77527],[117.72024,2.77528],[117.72097,2.77527],[117.72118,2.77529],[117.72148,2.77535],[117.7217,2.77536],[117.72194,2.7753],[117.72218,2.77518],[117.72244,2.77503],[117.72268,2.77497],[117.72317,2.77488],[117.7233,2.7748],[117.72348,2.77467],[117.72375,2.77442],[117.7239,2.77425],[117.72404,2.77409],[117.72414,2.77401],[117.72427,2.77388],[117.72433,2.77379],[117.7243,2.77372],[117.72418,2.77363],[117.72412,2.77349],[117.72419,2.77336],[117.7244,2.77323],[117.72456,2.77313],[117.72476,2.77309],[117.72503,2.77317],[117.72544,2.77309],[117.72552,2.77299],[117.72562,2.77281],[117.72566,2.77264],[117.72571,2.7725],[117.72585,2.77244],[117.72603,2.77243],[117.72619,2.77252],[117.72641,2.7727],[117.72661,2.77285],[117.72676,2.77293],[117.72677,2.77293],[117.72691,2.77298],[117.72706,2.77307],[117.7272,2.77324],[117.72735,2.77334],[117.72758,2.77324],[117.72767,2.77322],[117.7278,2.77323],[117.72799,2.7733],[117.7282,2.77345],[117.72834,2.77359],[117.72843,2.77366],[117.72863,2.77369],[117.72885,2.77367],[117.729,2.77354],[117.72903,2.77335],[117.72902,2.77327],[117.72886,2.77302],[117.72886,2.77283],[117.72891,2.77262],[117.72896,2.77251],[117.72904,2.7724],[117.72919,2.77232],[117.72966,2.7722],[117.72996,2.77216],[117.73026,2.77207],[117.73076,2.77203],[117.73139,2.77184],[117.73205,2.77163],[117.73235,2.77153],[117.73258,2.77136],[117.73268,2.77121],[117.7331,2.77079],[117.73343,2.77053],[117.73356,2.77024],[117.7338,2.77],[117.73404,2.76981],[117.73432,2.76961],[117.73447,2.76932],[117.73464,2.76897],[117.73472,2.76863],[117.7348,2.76839],[117.73497,2.76829],[117.7352,2.7682],[117.73531,2.76803],[117.73553,2.76784],[117.73646,2.76693],[117.73675,2.76667],[117.73754,2.76582],[117.73787,2.76558],[117.73893,2.76468],[117.73942,2.76409],[117.7397,2.76383],[117.73994,2.76364],[117.74046,2.76332],[117.74065,2.76312],[117.7408,2.76286],[117.74117,2.76256],[117.7414,2.76244],[117.74164,2.76234],[117.74221,2.76204],[117.74254,2.76178],[117.74286,2.76141],[117.74328,2.76074],[117.74345,2.76041],[117.74351,2.76021],[117.74358,2.7596],[117.7436,2.75914],[117.74377,2.75828],[117.74391,2.75773],[117.74396,2.75722],[117.74405,2.75669],[117.74402,2.75624],[117.74393,2.75599],[117.74371,2.75574],[117.7436,2.75558],[117.74341,2.75531],[117.74338,2.75508],[117.74348,2.75472],[117.74349,2.7547],[117.74358,2.75439],[117.74396,2.75373],[117.74444,2.75315],[117.74477,2.75294],[117.745,2.75279],[117.74504,2.75276],[117.74521,2.75266],[117.74523,2.75266],[117.74533,2.75252],[117.74552,2.7523],[117.74577,2.7521],[117.74591,2.75204],[117.74609,2.75195],[117.74638,2.7519],[117.74666,2.75198],[117.74687,2.7521],[117.74727,2.75232],[117.74763,2.75249],[117.74794,2.75263],[117.74819,2.75276],[117.74835,2.75284],[117.74861,2.75289],[117.74889,2.7529],[117.74913,2.75287],[117.74931,2.75284],[117.74967,2.75278],[117.74991,2.75282],[117.75,2.75287],[117.75053,2.75341],[117.7509,2.75387],[117.751,2.75402],[117.75115,2.75411],[117.75121,2.75411],[117.75138,2.754],[117.75171,2.75383],[117.75238,2.75348],[117.75297,2.75316],[117.75381,2.75279],[117.75472,2.75232],[117.75569,2.75189],[117.75675,2.75138],[117.75697,2.75129],[117.75713,2.75127],[117.75733,2.75125],[117.75753,2.75133],[117.75774,2.75143],[117.7579,2.75153],[117.75811,2.75158],[117.75842,2.75159],[117.75867,2.75159],[117.75894,2.75149],[117.75947,2.75125],[117.76026,2.75089],[117.76082,2.75068],[117.76159,2.75049],[117.76194,2.75046],[117.76215,2.75046],[117.76234,2.75048],[117.76242,2.75048],[117.76256,2.75041],[117.76262,2.75035],[117.76269,2.75029],[117.76284,2.75006],[117.76288,2.75],[117.76294,2.74991],[117.76295,2.74982],[117.7629,2.74974],[117.76281,2.74968],[117.7628,2.74963],[117.76285,2.74957],[117.76289,2.74952],[117.76292,2.74949],[117.76299,2.74945],[117.76309,2.74942],[117.76315,2.74937],[117.76317,2.74934],[117.76318,2.74928],[117.7632,2.74921],[117.76321,2.74919],[117.76323,2.74916],[117.76325,2.74916],[117.76329,2.7492],[117.76333,2.74925],[117.76337,2.7493],[117.76345,2.74932],[117.76353,2.7493],[117.76362,2.74927],[117.76388,2.74915],[117.76409,2.74901],[117.76433,2.7488],[117.76458,2.74858],[117.76466,2.7485],[117.76472,2.74843],[117.76481,2.74837],[117.7649,2.74834],[117.7651,2.74829],[117.76519,2.74828],[117.76531,2.74825],[117.76544,2.7482],[117.76557,2.74815],[117.76574,2.74809],[117.76594,2.74801],[117.76604,2.74799],[117.76619,2.74797],[117.76627,2.74794],[117.76638,2.74791],[117.76653,2.74786],[117.76668,2.74778],[117.76693,2.74765],[117.76714,2.74755],[117.76745,2.74743],[117.76757,2.7474],[117.76771,2.74737],[117.76782,2.74736],[117.76793,2.74735],[117.76808,2.74738],[117.76823,2.74747],[117.7683,2.7475],[117.7684,2.74752],[117.76849,2.74754],[117.76864,2.74752],[117.76889,2.74744],[117.76907,2.74741],[117.76918,2.74737],[117.76925,2.74734],[117.76929,2.74728],[117.7694,2.74723],[117.76948,2.7472],[117.76957,2.74716],[117.76968,2.74711],[117.7697,2.74708],[117.76973,2.74704],[117.76975,2.74703],[117.76984,2.74698],[117.76996,2.74689],[117.77002,2.74687],[117.77009,2.74686],[117.77021,2.74685],[117.77039,2.74685],[117.77061,2.74683],[117.7708,2.74679],[117.77088,2.74679],[117.771,2.74682],[117.77109,2.74685],[117.77116,2.74685],[117.77128,2.74681],[117.77139,2.74681],[117.77149,2.74684],[117.77156,2.74691],[117.77155,2.74706],[117.77151,2.74716],[117.77145,2.7473],[117.77142,2.74739],[117.77146,2.74744],[117.77155,2.74748],[117.77167,2.74749],[117.7718,2.7475],[117.77208,2.74742],[117.77212,2.7474],[117.77218,2.74729],[117.77223,2.74719],[117.77236,2.7471],[117.7725,2.74703],[117.77273,2.74697],[117.77297,2.74696],[117.77311,2.747],[117.77321,2.74705],[117.77332,2.74706],[117.77337,2.74705],[117.77343,2.747],[117.77346,2.74692],[117.77352,2.74683],[117.77354,2.74682],[117.77358,2.7468],[117.77372,2.74675],[117.77375,2.74676],[117.77379,2.74676],[117.77389,2.74678],[117.77392,2.74682],[117.77394,2.74686],[117.77395,2.74691],[117.77403,2.74693],[117.77411,2.74691],[117.77417,2.74688],[117.77421,2.74686],[117.77427,2.74683],[117.77436,2.7468],[117.77452,2.74677],[117.77475,2.74675],[117.77486,2.74677],[117.77527,2.74681],[117.77541,2.74684],[117.77547,2.7469],[117.77549,2.74696],[117.7755,2.747],[117.77551,2.74705],[117.77554,2.74708],[117.77562,2.74709],[117.77578,2.74708],[117.77617,2.74715],[117.77633,2.74719],[117.77643,2.74723],[117.77619,2.74664],[117.77602,2.74633],[117.77539,2.74586],[117.77324,2.74424],[117.77294,2.74402],[117.77284,2.74395],[117.77205,2.74334],[117.76856,2.74003],[117.76571,2.73732],[117.76145,2.73558],[117.75542,2.73303],[117.75218,2.73171],[117.74977,2.72944],[117.74482,2.72483],[117.74372,2.72458],[117.73781,2.72325],[117.73351,2.71998],[117.73089,2.71934],[117.72897,2.71882],[117.72586,2.71532],[117.7224,2.71258],[117.72026,2.71092],[117.71788,2.70905],[117.71625,2.70815],[117.71465,2.70726],[117.71142,2.70544],[117.70748,2.70423],[117.70638,2.70388]]]]},"properties":{"kdprov":"65","kdkab":"02","kdkec":"060","kddesa":"006","kdsls":"2001","idsls":"65020600062001","nmprov":"KALIMANTAN UTARA","nmkab":"BULUNGAN","nmkec":"TANJUNG PALAS TIMUR","nmdesa":"SAJAU HILIR","nmsls":"HUTAN"}},{"type":"Feature","geometry":{"type":"MultiPolygon","coordinates":[[[[117.65201,2.71697],[117.65104,2.7153],[117.65105,2.7153],[117.65104,2.71529],[117.65103,2.71527],[117.65049,2.71549],[117.64847,2.71636],[117.64587,2.7175],[117.64319,2.71865],[117.63965,2.72018],[117.63697,2.72134],[117.63478,2.72228],[117.63308,2.72303],[117.63142,2.72373],[117.63028,2.72423],[117.62969,2.72447],[117.62854,2.72495],[117.62797,2.72514],[117.62786,2.72518],[117.62786,2.72519],[117.62773,2.72553],[117.62763,2.72589],[117.62728,2.72677],[117.62728,2.72696],[117.62728,2.72727],[117.62735,2.72741],[117.6276,2.7275],[117.62796,2.72754],[117.6283,2.72746],[117.62864,2.72732],[117.62889,2.72721],[117.62935,2.72709],[117.6298,2.72706],[117.63029,2.72709],[117.63048,2.72723],[117.63053,2.72746],[117.63058,2.72772],[117.63057,2.72815],[117.63033,2.72859],[117.6303,2.72868],[117.63141,2.72783],[117.63407,2.72548],[117.63552,2.72408],[117.6443,2.72029],[117.65201,2.71697]]]]},"properties":{"kdprov":"65","kdkab":"02","kdkec":"060","kddesa":"006","kdsls":"0002","idsls":"65020600060002","nmprov":"KALIMANTAN UTARA","nmkab":"BULUNGAN","nmkec":"TANJUNG PALAS TIMUR","nmdesa":"SAJAU HILIR","nmsls":"RT 002"}},{"type":"Feature","geometry":{"type":"MultiPolygon","coordinates":[[[[117.54436,2.70783],[117.54624,2.70655],[117.54624,2.70655],[117.54655,2.70639],[117.56677,2.6959],[117.56663,2.69523],[117.56563,2.69483],[117.5655,2.69456],[117.56547,2.694],[117.56547,2.6936],[117.56517,2.69296],[117.56437,2.69256],[117.56377,2.69253],[117.56353,2.69286],[117.56363,2.6935],[117.5639,2.69403],[117.56387,2.69453],[117.56253,2.69506],[117.56163,2.6956],[117.56106,2.69593],[117.56,2.69656],[117.55939,2.69693],[117.55876,2.69713],[117.55819,2.69713],[117.55799,2.69716],[117.55776,2.69783],[117.55749,2.69826],[117.55676,2.69796],[117.55659,2.69769],[117.55663,2.69703],[117.55663,2.6966],[117.55663,2.69643],[117.55659,2.69606],[117.55592,2.69606],[117.55569,2.69616],[117.55529,2.69676],[117.55526,2.69686],[117.55472,2.69749],[117.55412,2.69786],[117.55249,2.69809],[117.55225,2.69813],[117.55205,2.69803],[117.55189,2.69729],[117.55175,2.69683],[117.55145,2.6965],[117.55085,2.69646],[117.55035,2.6966],[117.54999,2.69713],[117.54982,2.69773],[117.54982,2.69823],[117.54952,2.69849],[117.54892,2.69846],[117.54828,2.69819],[117.54768,2.69789],[117.54718,2.69776],[117.54708,2.69816],[117.54715,2.69869],[117.54735,2.69913],[117.54718,2.69969],[117.54678,2.69999],[117.54581,2.70036],[117.54445,2.70073],[117.54355,2.70119],[117.54258,2.70176],[117.54235,2.70226],[117.54271,2.70293],[117.54258,2.70333],[117.54221,2.70355],[117.54177,2.70372],[117.54152,2.70372],[117.5411,2.70405],[117.541,2.70444],[117.54106,2.70496],[117.54113,2.70517],[117.54134,2.70529],[117.54153,2.70535],[117.5417,2.70537],[117.54196,2.70544],[117.542,2.70554],[117.54378,2.70695],[117.54436,2.70783]]]]},"properties":{"kdprov":"65","kdkab":"02","kdkec":"060","kddesa":"007","kdsls":"0006","idsls":"65020600070006","nmprov":"KALIMANTAN UTARA","nmkab":"BULUNGAN","nmkec":"TANJUNG PALAS TIMUR","nmdesa":"WONO MULYO","nmsls":"RT 006 RW 001"}},{"type":"Feature","geometry":{"type":"MultiPolygon","coordinates":[[[[117.54135,2.70989],[117.54209,2.70939],[117.54228,2.70926],[117.54401,2.70807],[117.54406,2.70804],[117.54436,2.70783],[117.54378,2.70695],[117.542,2.70554],[117.54201,2.70558],[117.54199,2.70581],[117.54194,2.70592],[117.54179,2.70607],[117.54155,2.70614],[117.54116,2.70618],[117.54085,2.70628],[117.54073,2.70639],[117.54056,2.70692],[117.54044,2.70728],[117.54032,2.70752],[117.54009,2.70768],[117.53988,2.70791],[117.53976,2.70806],[117.54135,2.70989]]]]},"properties":{"kdprov":"65","kdkab":"02","kdkec":"060","kddesa":"007","kdsls":"0007","idsls":"65020600070007","nmprov":"KALIMANTAN UTARA","nmkab":"BULUNGAN","nmkec":"TANJUNG PALAS TIMUR","nmdesa":"WONO MULYO","nmsls":"RT 007 RW 001"}},{"type":"Feature","geometry":{"type":"MultiPolygon","coordinates":[[[[117.65103,2.71527],[117.65002,2.71257],[117.65,2.71253],[117.64974,2.71262],[117.63304,2.71807],[117.63303,2.71808],[117.63303,2.71808],[117.63287,2.71814],[117.63248,2.71825],[117.63191,2.71818],[117.63166,2.71809],[117.63121,2.71788],[117.63068,2.71759],[117.63011,2.71739],[117.63009,2.71755],[117.63,2.7177],[117.62964,2.7178],[117.62914,2.71774],[117.62877,2.7178],[117.62865,2.71785],[117.6285,2.718],[117.62825,2.71832],[117.62802,2.71862],[117.62788,2.71867],[117.62767,2.71862],[117.62757,2.71852],[117.62757,2.71834],[117.62763,2.71787],[117.62768,2.71765],[117.62787,2.71721],[117.62805,2.71701],[117.62813,2.71676],[117.62807,2.71647],[117.62783,2.71646],[117.62762,2.71651],[117.62718,2.71672],[117.62685,2.71699],[117.62675,2.7173],[117.62665,2.71757],[117.62665,2.71775],[117.62665,2.718],[117.62665,2.71837],[117.62665,2.71884],[117.62665,2.71937],[117.62655,2.71965],[117.62648,2.71995],[117.62627,2.72015],[117.62582,2.72025],[117.62548,2.72025],[117.62505,2.72042],[117.62488,2.72072],[117.62501,2.72102],[117.62528,2.72119],[117.6256,2.72112],[117.62575,2.72105],[117.62597,2.72075],[117.62618,2.72062],[117.62647,2.72047],[117.62682,2.7204],[117.62717,2.7204],[117.62737,2.72044],[117.6277,2.72054],[117.62795,2.72067],[117.62818,2.72099],[117.62832,2.7213],[117.62865,2.72159],[117.62868,2.72182],[117.62865,2.72205],[117.62848,2.72227],[117.62827,2.72227],[117.62775,2.72199],[117.62737,2.72159],[117.62708,2.7214],[117.62683,2.72129],[117.62647,2.72134],[117.62602,2.72157],[117.62547,2.72212],[117.62478,2.72314],[117.62481,2.7234],[117.62498,2.72385],[117.62528,2.72394],[117.62577,2.72379],[117.62613,2.72372],[117.62643,2.72372],[117.62693,2.72374],[117.62739,2.72377],[117.62795,2.72371],[117.62835,2.72364],[117.62837,2.72363],[117.62837,2.72363],[117.62857,2.72372],[117.62865,2.72386],[117.62859,2.72407],[117.62847,2.72421],[117.62825,2.72447],[117.62803,2.72481],[117.62786,2.72518],[117.62797,2.72514],[117.62854,2.72495],[117.62969,2.72447],[117.63028,2.72423],[117.63142,2.72373],[117.63308,2.72303],[117.63478,2.72228],[117.63697,2.72134],[117.63965,2.72018],[117.64319,2.71865],[117.64587,2.7175],[117.64847,2.71636],[117.65049,2.71549],[117.65103,2.71527]]]]},"properties":{"kdprov":"65","kdkab":"02","kdkec":"060","kddesa":"006","kdsls":"0009","idsls":"65020600060009","nmprov":"KALIMANTAN UTARA","nmkab":"BULUNGAN","nmkec":"TANJUNG PALAS TIMUR","nmdesa":"SAJAU HILIR","nmsls":"RT 009"}},{"type":"Feature","geometry":{"type":"MultiPolygon","coordinates":[[[[117.63044,2.70951],[117.63044,2.70911],[117.63034,2.70884],[117.62995,2.70842],[117.62975,2.70814],[117.62954,2.70779],[117.62959,2.70737],[117.62965,2.70707],[117.62965,2.70672],[117.62964,2.70656],[117.62952,2.70647],[117.62935,2.70641],[117.62924,2.70641],[117.62905,2.70651],[117.62892,2.70672],[117.6287,2.70701],[117.62857,2.70727],[117.6284,2.70746],[117.62793,2.70757],[117.6277,2.70761],[117.62745,2.70754],[117.62715,2.70734],[117.62688,2.70714],[117.62673,2.70712],[117.62642,2.70731],[117.62617,2.70749],[117.62605,2.70786],[117.6257,2.70804],[117.6253,2.70806],[117.62506,2.70796],[117.62495,2.70781],[117.62478,2.70751],[117.62476,2.70736],[117.6248,2.70699],[117.62465,2.70667],[117.62448,2.70644],[117.62439,2.70628],[117.62439,2.70628],[117.59756,2.7235],[117.60383,2.72366],[117.60541,2.72397],[117.60535,2.72544],[117.60523,2.72723],[117.60511,2.72898],[117.60503,2.73133],[117.60604,2.73349],[117.60836,2.73528],[117.60978,2.73593],[117.61206,2.73629],[117.61373,2.73625],[117.6145,2.73564],[117.61474,2.73495],[117.61512,2.73428],[117.61665,2.73259],[117.61714,2.73188],[117.61799,2.73017],[117.61905,2.72802],[117.62055,2.72507],[117.622,2.72217],[117.62291,2.72066],[117.62365,2.71954],[117.62427,2.71851],[117.62512,2.71722],[117.62569,2.71623],[117.62678,2.7144],[117.62804,2.71245],[117.62902,2.71107],[117.63044,2.70951]]]]},"properties":{"kdprov":"65","kdkab":"02","kdkec":"060","kddesa":"006","kdsls":"0010","idsls":"65020600060010","nmprov":"KALIMANTAN UTARA","nmkab":"BULUNGAN","nmkec":"TANJUNG PALAS TIMUR","nmdesa":"SAJAU HILIR","nmsls":"RT 010"}},{"type":"Feature","geometry":{"type":"MultiPolygon","coordinates":[[[[117.54191,2.71262],[117.54358,2.71151],[117.54209,2.70939],[117.54135,2.70989],[117.54029,2.71062],[117.54191,2.71262]]]]},"properties":{"kdprov":"65","kdkab":"02","kdkec":"060","kddesa":"007","kdsls":"0003","idsls":"65020600070003","nmprov":"KALIMANTAN UTARA","nmkab":"BULUNGAN","nmkec":"TANJUNG PALAS TIMUR","nmdesa":"WONO MULYO","nmsls":"RT 003 RW 001"}},{"type":"Feature","geometry":{"type":"MultiPolygon","coordinates":[[[[117.54209,2.70939],[117.54358,2.71151],[117.54372,2.71141],[117.54555,2.71019],[117.54401,2.70807],[117.54228,2.70926],[117.54209,2.70939]]]]},"properties":{"kdprov":"65","kdkab":"02","kdkec":"060","kddesa":"007","kdsls":"0004","idsls":"65020600070004","nmprov":"KALIMANTAN UTARA","nmkab":"BULUNGAN","nmkec":"TANJUNG PALAS TIMUR","nmdesa":"WONO MULYO","nmsls":"RT 004 RW 001"}},{"type":"Feature","geometry":{"type":"MultiPolygon","coordinates":[[[[117.51876,2.71519],[117.51887,2.71985],[117.51887,2.71985],[117.51887,2.71985],[117.51881,2.71984],[117.51881,2.71984],[117.51808,2.71987],[117.51839,2.72998],[117.51839,2.72999],[117.51956,2.72991],[117.51956,2.72991],[117.52325,2.72972],[117.52044,2.7193],[117.52043,2.7193],[117.52037,2.71888],[117.52023,2.7185],[117.52028,2.7183],[117.52091,2.71799],[117.52131,2.71757],[117.52158,2.71692],[117.52156,2.71626],[117.52145,2.71586],[117.52143,2.71552],[117.52015,2.71578],[117.51984,2.7152],[117.51876,2.71519]]]]},"properties":{"kdprov":"65","kdkab":"02","kdkec":"060","kddesa":"008","kdsls":"0005","idsls":"65020600080005","nmprov":"KALIMANTAN UTARA","nmkab":"BULUNGAN","nmkec":"TANJUNG PALAS TIMUR","nmdesa":"TANJUNG AGUNG","nmsls":"RT 005 RW 001"}},{"type":"Feature","geometry":{"type":"MultiPolygon","coordinates":[[[[117.54401,2.70807],[117.54555,2.71019],[117.5457,2.71009],[117.5478,2.70868],[117.54792,2.7086],[117.54655,2.70639],[117.54624,2.70655],[117.54624,2.70655],[117.54436,2.70783],[117.54406,2.70804],[117.54401,2.70807]]]]},"properties":{"kdprov":"65","kdkab":"02","kdkec":"060","kddesa":"007","kdsls":"0005","idsls":"65020600070005","nmprov":"KALIMANTAN UTARA","nmkab":"BULUNGAN","nmkec":"TANJUNG PALAS TIMUR","nmdesa":"WONO MULYO","nmsls":"RT 005 RW 001"}},{"type":"Feature","geometry":{"type":"MultiPolygon","coordinates":[[[[117.57687,2.69061],[117.57641,2.69013],[117.57594,2.68994],[117.57564,2.68986],[117.57168,2.68668],[117.56957,2.69107],[117.56961,2.69111],[117.57112,2.69309],[117.57221,2.69358],[117.5744,2.69381],[117.57419,2.69428],[117.57338,2.69459],[117.57271,2.69499],[117.57236,2.69521],[117.57221,2.69517],[117.57172,2.69503],[117.57107,2.6942],[117.57076,2.69414],[117.57049,2.69427],[117.57018,2.69493],[117.56962,2.69515],[117.5681,2.69532],[117.56816,2.69549],[117.5684,2.69627],[117.56842,2.69635],[117.56886,2.69776],[117.57115,2.69747],[117.57117,2.69748],[117.5712,2.69746],[117.57399,2.69623],[117.57399,2.69623],[117.57614,2.69409],[117.57688,2.69275],[117.57689,2.69274],[117.57689,2.69274],[117.57687,2.69061]]]]},"properties":{"kdprov":"65","kdkab":"02","kdkec":"060","kddesa":"004","kdsls":"0011","idsls":"65020600040011","nmprov":"KALIMANTAN UTARA","nmkab":"BULUNGAN","nmkec":"TANJUNG PALAS TIMUR","nmdesa":"SAJAU","nmsls":"RT 008"}},{"type":"Feature","geometry":{"type":"MultiPolygon","coordinates":[[[[117.53734,2.71261],[117.53616,2.71343],[117.53575,2.71372],[117.5366,2.71502],[117.53695,2.71464],[117.53736,2.71506],[117.53813,2.71534],[117.53944,2.71439],[117.53791,2.71222],[117.53734,2.71261]]]]},"properties":{"kdprov":"65","kdkab":"02","kdkec":"060","kddesa":"007","kdsls":"0001","idsls":"65020600070001","nmprov":"KALIMANTAN UTARA","nmkab":"BULUNGAN","nmkec":"TANJUNG PALAS TIMUR","nmdesa":"WONO MULYO","nmsls":"RT 001 RW 001"}},{"type":"Feature","geometry":{"type":"MultiPolygon","coordinates":[[[[117.53899,2.7115],[117.53791,2.71222],[117.53944,2.71439],[117.54191,2.71262],[117.54029,2.71062],[117.54029,2.71062],[117.53899,2.7115]]]]},"properties":{"kdprov":"65","kdkab":"02","kdkec":"060","kddesa":"007","kdsls":"0002","idsls":"65020600070002","nmprov":"KALIMANTAN UTARA","nmkab":"BULUNGAN","nmkec":"TANJUNG PALAS TIMUR","nmdesa":"WONO MULYO","nmsls":"RT 002 RW 001"}},{"type":"Feature","geometry":{"type":"MultiPolygon","coordinates":[[[[117.53762,2.70937],[117.53899,2.7115],[117.54029,2.71062],[117.54029,2.71062],[117.54135,2.70989],[117.53976,2.70806],[117.53967,2.70816],[117.53953,2.7084],[117.53927,2.70899],[117.53912,2.70922],[117.53892,2.70936],[117.53864,2.7094],[117.5376,2.70934],[117.53762,2.70937]]]]},"properties":{"kdprov":"65","kdkab":"02","kdkec":"060","kddesa":"007","kdsls":"0008","idsls":"65020600070008","nmprov":"KALIMANTAN UTARA","nmkab":"BULUNGAN","nmkec":"TANJUNG PALAS TIMUR","nmdesa":"WONO MULYO","nmsls":"RT 008 RW 001"}},{"type":"Feature","geometry":{"type":"MultiPolygon","coordinates":[[[[117.53519,2.71094],[117.53585,2.71051],[117.53585,2.71051],[117.53762,2.70937],[117.5376,2.70934],[117.53741,2.70933],[117.53693,2.70933],[117.53673,2.70928],[117.53667,2.70918],[117.53667,2.70905],[117.53675,2.70899],[117.53701,2.70884],[117.53728,2.70869],[117.53745,2.70841],[117.53755,2.708],[117.53748,2.70764],[117.5374,2.7073],[117.53731,2.70705],[117.53715,2.7069],[117.53685,2.70683],[117.53666,2.70695],[117.53653,2.70709],[117.53626,2.70765],[117.5361,2.70789],[117.5357,2.70811],[117.53548,2.70811],[117.53504,2.70802],[117.53472,2.70789],[117.53449,2.70784],[117.53431,2.70786],[117.53414,2.70798],[117.534,2.70812],[117.53401,2.70878],[117.53397,2.70914],[117.53393,2.70922],[117.53519,2.71094]]]]},"properties":{"kdprov":"65","kdkab":"02","kdkec":"060","kddesa":"007","kdsls":"0011","idsls":"65020600070011","nmprov":"KALIMANTAN UTARA","nmkab":"BULUNGAN","nmkec":"TANJUNG PALAS TIMUR","nmdesa":"WONO MULYO","nmsls":"RT 011 RW 002"}},{"type":"Feature","geometry":{"type":"MultiPolygon","coordinates":[[[[117.53575,2.71372],[117.53515,2.71281],[117.53515,2.71281],[117.53265,2.71451],[117.53265,2.71451],[117.53214,2.71484],[117.53144,2.714],[117.53128,2.71427],[117.53051,2.71431],[117.52987,2.71406],[117.52963,2.71358],[117.52947,2.71276],[117.52895,2.71211],[117.52855,2.71215],[117.52846,2.71292],[117.52849,2.71371],[117.52877,2.71426],[117.52878,2.71468],[117.52844,2.71503],[117.52753,2.71504],[117.52624,2.71523],[117.52549,2.71508],[117.52452,2.7139],[117.52408,2.71394],[117.52399,2.71407],[117.5238,2.71435],[117.52368,2.71492],[117.5232,2.71536],[117.52236,2.7156],[117.52183,2.71542],[117.52143,2.71552],[117.52143,2.71552],[117.52143,2.71552],[117.52145,2.71586],[117.52156,2.71626],[117.52158,2.71692],[117.52131,2.71757],[117.52091,2.71799],[117.52028,2.7183],[117.52023,2.7185],[117.52037,2.71888],[117.52043,2.7193],[117.52044,2.7193],[117.52045,2.7193],[117.52311,2.71886],[117.52421,2.71888],[117.5261,2.71891],[117.52801,2.71962],[117.53111,2.71962],[117.53341,2.71743],[117.53453,2.71705],[117.5357,2.71664],[117.53602,2.71631],[117.53613,2.71561],[117.53641,2.71528],[117.53661,2.71502],[117.5366,2.71502],[117.53575,2.71372]]]]},"properties":{"kdprov":"65","kdkab":"02","kdkec":"060","kddesa":"007","kdsls":"0015","idsls":"65020600070015","nmprov":"KALIMANTAN UTARA","nmkab":"BULUNGAN","nmkec":"TANJUNG PALAS TIMUR","nmdesa":"WONO MULYO","nmsls":"RT 015 RW 002"}},{"type":"Feature","geometry":{"type":"MultiPolygon","coordinates":[[[[117.48846,2.57716],[117.48834,2.57505],[117.4883,2.57495],[117.49053,2.56369],[117.49223,2.56023],[117.49221,2.55944],[117.49236,2.55851],[117.4929,2.55795],[117.49367,2.55753],[117.49483,2.55722],[117.49538,2.55651],[117.49585,2.55622],[117.49665,2.55571],[117.49698,2.55519],[117.49708,2.55456],[117.49566,2.55457],[117.47918,2.55437],[117.47864,2.55459],[117.47844,2.55886],[117.4769,2.5636],[117.46449,2.57893],[117.44155,2.60533],[117.44443,2.60822],[117.44809,2.61192],[117.45231,2.61424],[117.45923,2.61815],[117.45923,2.61567],[117.45883,2.61247],[117.45849,2.61087],[117.47124,2.61253],[117.4719,2.61607],[117.4709,2.61666],[117.47077,2.61766],[117.47077,2.61866],[117.47077,2.61926],[117.4713,2.6204],[117.47164,2.6208],[117.47177,2.62126],[117.47184,2.62206],[117.4719,2.6236],[117.47204,2.62386],[117.47284,2.62373],[117.47351,2.62353],[117.47457,2.62366],[117.47497,2.62373],[117.47624,2.62453],[117.47691,2.6252],[117.47738,2.62626],[117.47724,2.62746],[117.47651,2.6282],[117.47612,2.62888],[117.47807,2.63028],[117.48346,2.63412],[117.48831,2.63764],[117.49031,2.64023],[117.49202,2.64243],[117.49223,2.64321],[117.48846,2.57716]]]]},"properties":{"kdprov":"65","kdkab":"02","kdkec":"060","kddesa":"004","kdsls":"2001","idsls":"65020600042001","nmprov":"KALIMANTAN UTARA","nmkab":"BULUNGAN","nmkec":"TANJUNG PALAS TIMUR","nmdesa":"SAJAU","nmsls":"HUTAN"}},{"type":"Feature","geometry":{"type":"MultiPolygon","coordinates":[[[[117.40423,2.57568],[117.4073,2.57758],[117.40994,2.5792],[117.4134,2.58134],[117.4163,2.58313],[117.42232,2.58684],[117.42421,2.58801],[117.4255,2.58881],[117.42854,2.59068],[117.4289,2.59118],[117.4296,2.5919],[117.43006,2.5924],[117.43306,2.59569],[117.43403,2.59676],[117.43814,2.60193],[117.43934,2.60313],[117.44155,2.60533],[117.46449,2.57893],[117.4769,2.5636],[117.47844,2.55886],[117.47864,2.55459],[117.47493,2.55608],[117.47481,2.55213],[117.47475,2.55013],[117.47468,2.54776],[117.47467,2.54775],[117.47476,2.5439],[117.47157,2.54353],[117.47144,2.54324],[117.47125,2.54285],[117.47057,2.54159],[117.46989,2.54026],[117.46859,2.5374],[117.46844,2.53708],[117.46786,2.53581],[117.46619,2.53221],[117.46531,2.52995],[117.46484,2.52867],[117.46397,2.52617],[117.46369,2.52508],[117.4634,2.52393],[117.46286,2.52204],[117.46266,2.52145],[117.46227,2.52024],[117.46197,2.51928],[117.4617,2.5184],[117.46136,2.51714],[117.46113,2.51645],[117.46078,2.51535],[117.46033,2.51414],[117.45993,2.51299],[117.45951,2.51188],[117.4593,2.51138],[117.45688,2.51068],[117.45511,2.51016],[117.45373,2.51093],[117.45218,2.51089],[117.44757,2.51413],[117.44507,2.51589],[117.44318,2.51745],[117.44158,2.51876],[117.44053,2.51876],[117.43928,2.51876],[117.43743,2.51661],[117.43729,2.51579],[117.4371,2.51473],[117.43675,2.51286],[117.43615,2.5097],[117.43641,2.50601],[117.43523,2.50335],[117.43257,2.50151],[117.42975,2.50181],[117.42835,2.50243],[117.42742,2.50224],[117.42582,2.50172],[117.42462,2.50123],[117.42204,2.50111],[117.42154,2.50114],[117.41718,2.50137],[117.41533,2.50139],[117.41366,2.50343],[117.41149,2.50415],[117.41135,2.50588],[117.41166,2.50788],[117.41178,2.50923],[117.41181,2.51177],[117.41175,2.51496],[117.41094,2.51792],[117.40858,2.52052],[117.40735,2.52145],[117.40612,2.52288],[117.40335,2.52625],[117.40028,2.52954],[117.39864,2.53476],[117.3985,2.53565],[117.39747,2.53773],[117.39608,2.5409],[117.3961,2.54249],[117.3965,2.54588],[117.39646,2.54673],[117.39643,2.54748],[117.39611,2.54879],[117.39579,2.55012],[117.39561,2.55252],[117.39549,2.55531],[117.39647,2.55776],[117.39731,2.55841],[117.39762,2.56035],[117.39688,2.56076],[117.39734,2.56146],[117.39859,2.56209],[117.39937,2.56311],[117.39984,2.56373],[117.40122,2.56549],[117.40232,2.56942],[117.40222,2.57078],[117.40273,2.57191],[117.40334,2.57306],[117.40373,2.5738],[117.40423,2.57568]]]]},"properties":{"kdprov":"65","kdkab":"02","kdkec":"060","kddesa":"004","kdsls":"0012","idsls":"65020600040012","nmprov":"KALIMANTAN UTARA","nmkab":"BULUNGAN","nmkec":"TANJUNG PALAS TIMUR","nmdesa":"SAJAU","nmsls":"RT 010"}},{"type":"Feature","geometry":{"type":"MultiPolygon","coordinates":[[[[117.47612,2.62888],[117.47651,2.6282],[117.47724,2.62746],[117.47738,2.62626],[117.47691,2.6252],[117.47624,2.62453],[117.47497,2.62373],[117.47457,2.62366],[117.47351,2.62353],[117.47284,2.62373],[117.47204,2.62386],[117.4719,2.6236],[117.47184,2.62206],[117.47177,2.62126],[117.47164,2.6208],[117.4713,2.6204],[117.47077,2.61926],[117.47077,2.61866],[117.47077,2.61766],[117.4709,2.61666],[117.4719,2.61607],[117.47124,2.61253],[117.45849,2.61087],[117.45883,2.61247],[117.45923,2.61567],[117.45923,2.61815],[117.45973,2.61844],[117.46259,2.61999],[117.46878,2.62346],[117.47503,2.62809],[117.47612,2.62888]]]]},"properties":{"kdprov":"65","kdkab":"02","kdkec":"060","kddesa":"004","kdsls":"0009","idsls":"65020600040009","nmprov":"KALIMANTAN UTARA","nmkab":"BULUNGAN","nmkec":"TANJUNG PALAS TIMUR","nmdesa":"SAJAU","nmsls":"RT 011"}},{"type":"Feature","geometry":{"type":"MultiPolygon","coordinates":[[[[117.50185,2.58402],[117.4898,2.57669],[117.48846,2.57716],[117.49223,2.64321],[117.49309,2.64642],[117.49357,2.65129],[117.49386,2.65129],[117.49391,2.6513],[117.49407,2.6513],[117.49529,2.65132],[117.4973,2.64894],[117.49937,2.64305],[117.49997,2.63898],[117.49847,2.62588],[117.49926,2.62361],[117.50004,2.62225],[117.49893,2.61715],[117.49833,2.61611],[117.49919,2.61182],[117.49834,2.61079],[117.4982,2.60999],[117.49853,2.60918],[117.50058,2.60698],[117.50111,2.60603],[117.50133,2.60486],[117.50109,2.60371],[117.50205,2.60164],[117.50068,2.59749],[117.50051,2.59471],[117.50004,2.59335],[117.50072,2.58623],[117.50162,2.58419],[117.50185,2.58402]]]]},"properties":{"kdprov":"65","kdkab":"02","kdkec":"060","kddesa":"004","kdsls":"0014","idsls":"65020600040014","nmprov":"KALIMANTAN UTARA","nmkab":"BULUNGAN","nmkec":"TANJUNG PALAS TIMUR","nmdesa":"SAJAU","nmsls":"RT 012"}},{"type":"Feature","geometry":{"type":"MultiPolygon","coordinates":[[[[117.69594,2.68453],[117.69576,2.68436],[117.69569,2.68429],[117.69442,2.6831],[117.6921,2.68019],[117.68978,2.67731],[117.68794,2.67502],[117.68529,2.67272],[117.6816,2.66957],[117.63297,2.70078],[117.62903,2.70331],[117.62439,2.70628],[117.62448,2.70644],[117.62465,2.70667],[117.6248,2.70699],[117.62476,2.70736],[117.62478,2.70751],[117.62495,2.70781],[117.62506,2.70796],[117.6253,2.70806],[117.6257,2.70804],[117.62605,2.70786],[117.62617,2.70749],[117.62642,2.70731],[117.62673,2.70712],[117.62688,2.70714],[117.62715,2.70734],[117.62745,2.70754],[117.6277,2.70761],[117.62793,2.70757],[117.6284,2.70746],[117.62857,2.70727],[117.6287,2.70701],[117.62892,2.70672],[117.62905,2.70651],[117.62924,2.70641],[117.62935,2.70641],[117.62952,2.70647],[117.62964,2.70656],[117.62965,2.70672],[117.62965,2.70707],[117.62959,2.70737],[117.62954,2.70779],[117.62975,2.70814],[117.62995,2.70842],[117.63034,2.70884],[117.63044,2.70911],[117.63044,2.70951],[117.63044,2.70954],[117.6304,2.70987],[117.63032,2.71022],[117.6304,2.71044],[117.63075,2.71046],[117.63089,2.71009],[117.6311,2.70967],[117.63119,2.70939],[117.63185,2.70929],[117.63212,2.70959],[117.63229,2.70999],[117.63259,2.71022],[117.63302,2.71036],[117.63349,2.71059],[117.63376,2.71082],[117.63346,2.71096],[117.63306,2.71122],[117.63202,2.71142],[117.63149,2.71162],[117.63122,2.71189],[117.63099,2.71229],[117.63105,2.71249],[117.63105,2.71306],[117.63092,2.71356],[117.63052,2.71359],[117.62992,2.71376],[117.62982,2.71429],[117.63015,2.71479],[117.62985,2.71509],[117.62989,2.71596],[117.63012,2.7173],[117.63011,2.71739],[117.63068,2.71759],[117.63121,2.71788],[117.63166,2.71809],[117.63191,2.71818],[117.63248,2.71825],[117.63287,2.71814],[117.63303,2.71808],[117.63303,2.71808],[117.63304,2.71807],[117.64974,2.71262],[117.65,2.71253],[117.65002,2.71257],[117.65375,2.70932],[117.66603,2.70139],[117.6703,2.69705],[117.6731,2.69439],[117.67344,2.69259],[117.67437,2.69219],[117.69594,2.68453]]]]},"properties":{"kdprov":"65","kdkab":"02","kdkec":"060","kddesa":"006","kdsls":"0001","idsls":"65020600060001","nmprov":"KALIMANTAN UTARA","nmkab":"BULUNGAN","nmkec":"TANJUNG PALAS TIMUR","nmdesa":"SAJAU HILIR","nmsls":"RT 001"}},{"type":"Feature","geometry":{"type":"MultiPolygon","coordinates":[[[[117.62308,2.70085],[117.62254,2.70126],[117.62253,2.70127],[117.62253,2.70127],[117.62203,2.70162],[117.6221,2.70169],[117.62203,2.70217],[117.62109,2.70253],[117.62087,2.703],[117.62121,2.70344],[117.6218,2.70351],[117.62227,2.70321],[117.62227,2.70321],[117.62236,2.70311],[117.62255,2.70297],[117.62271,2.70287],[117.62296,2.70278],[117.6232,2.70276],[117.62339,2.70276],[117.62357,2.70279],[117.62376,2.70286],[117.62393,2.70301],[117.62402,2.7031],[117.62411,2.70319],[117.62411,2.70327],[117.62408,2.7034],[117.62397,2.70355],[117.62374,2.70374],[117.62349,2.7039],[117.62329,2.70401],[117.62309,2.70417],[117.62288,2.70435],[117.6227,2.70455],[117.62257,2.70479],[117.62252,2.70494],[117.62254,2.70501],[117.62271,2.70536],[117.62285,2.70552],[117.623,2.70557],[117.62313,2.70563],[117.62348,2.70576],[117.62381,2.70592],[117.62427,2.7062],[117.62439,2.70628],[117.62439,2.70628],[117.62903,2.70331],[117.62635,2.70095],[117.62626,2.70102],[117.62612,2.70112],[117.62603,2.70115],[117.62567,2.70126],[117.62548,2.7013],[117.62465,2.7015],[117.62449,2.70153],[117.62442,2.70156],[117.62409,2.7018],[117.62365,2.70128],[117.62358,2.70123],[117.62308,2.70085]]]]},"properties":{"kdprov":"65","kdkab":"02","kdkec":"060","kddesa":"005","kdsls":"0002","idsls":"65020600050002","nmprov":"KALIMANTAN UTARA","nmkab":"BULUNGAN","nmkec":"TANJUNG PALAS TIMUR","nmdesa":"PURA SAJAU","nmsls":"RT 004 RW 001"}},{"type":"Feature","geometry":{"type":"MultiPolygon","coordinates":[[[[117.62203,2.70162],[117.62167,2.70128],[117.62053,2.70103],[117.61931,2.69984],[117.61884,2.69907],[117.61891,2.6986],[117.61923,2.69817],[117.61877,2.69787],[117.61837,2.69772],[117.61814,2.6977],[117.61797,2.69725],[117.61885,2.69541],[117.61905,2.69468],[117.61935,2.69396],[117.61978,2.69335],[117.62063,2.69251],[117.6212,2.69191],[117.62197,2.69118],[117.62378,2.69276],[117.62395,2.69291],[117.63297,2.70078],[117.6816,2.66957],[117.68153,2.6695],[117.68065,2.66876],[117.67754,2.66523],[117.67469,2.66206],[117.67186,2.65882],[117.67087,2.6553],[117.66734,2.65814],[117.66388,2.6609],[117.66184,2.66128],[117.66018,2.66161],[117.65682,2.66226],[117.65418,2.66184],[117.65132,2.66137],[117.64696,2.66191],[117.64572,2.66202],[117.64257,2.66248],[117.63946,2.66295],[117.63524,2.6635],[117.63191,2.66527],[117.62711,2.66663],[117.62439,2.66776],[117.61857,2.67026],[117.61684,2.67098],[117.61511,2.6717],[117.61389,2.67277],[117.6113,2.6751],[117.61062,2.67569],[117.61054,2.67586],[117.60896,2.67824],[117.60814,2.68042],[117.60732,2.68197],[117.60669,2.68527],[117.60656,2.68611],[117.6061,2.68847],[117.60557,2.68976],[117.60528,2.69049],[117.60514,2.69082],[117.60445,2.69249],[117.60215,2.69482],[117.60165,2.69539],[117.60136,2.69554],[117.59824,2.69683],[117.59761,2.69703],[117.59436,2.69782],[117.59242,2.69828],[117.59045,2.69844],[117.58929,2.69877],[117.58763,2.70016],[117.58686,2.70133],[117.58603,2.70242],[117.58411,2.70526],[117.58286,2.7067],[117.58194,2.70769],[117.58145,2.70843],[117.58349,2.71098],[117.58468,2.71244],[117.58833,2.71733],[117.59146,2.71991],[117.59424,2.722],[117.59621,2.72347],[117.59756,2.7235],[117.62439,2.70628],[117.62427,2.7062],[117.62381,2.70592],[117.62348,2.70576],[117.62313,2.70563],[117.623,2.70557],[117.62285,2.70552],[117.62271,2.70536],[117.62254,2.70501],[117.62252,2.70494],[117.62257,2.70479],[117.6227,2.70455],[117.62288,2.70435],[117.62309,2.70417],[117.62329,2.70401],[117.62349,2.7039],[117.62374,2.70374],[117.62397,2.70355],[117.62408,2.7034],[117.62411,2.70327],[117.62411,2.70319],[117.62402,2.7031],[117.62393,2.70301],[117.62376,2.70286],[117.62357,2.70279],[117.62339,2.70276],[117.6232,2.70276],[117.62296,2.70278],[117.62271,2.70287],[117.62255,2.70297],[117.62236,2.70311],[117.62227,2.70321],[117.62227,2.70321],[117.6218,2.70351],[117.62121,2.70344],[117.62087,2.703],[117.62109,2.70253],[117.62203,2.70217],[117.6221,2.70169],[117.62203,2.70162]]]]},"properties":{"kdprov":"65","kdkab":"02","kdkec":"060","kddesa":"005","kdsls":"2001","idsls":"65020600052001","nmprov":"KALIMANTAN UTARA","nmkab":"BULUNGAN","nmkec":"TANJUNG PALAS TIMUR","nmdesa":"PURA SAJAU","nmsls":"HUTAN"}},{"type":"Feature","geometry":{"type":"MultiPolygon","coordinates":[[[[117.64432,2.7472],[117.64421,2.74728],[117.64387,2.74758],[117.64341,2.74794],[117.64304,2.74838],[117.64271,2.74888],[117.64221,2.74914],[117.64161,2.74914],[117.64077,2.74901],[117.64007,2.74901],[117.6402,2.74854],[117.64044,2.74801],[117.6406,2.74748],[117.64094,2.74734],[117.64117,2.74674],[117.64117,2.74621],[117.64117,2.74588],[117.64124,2.74484],[117.64064,2.74424],[117.6404,2.7437],[117.63989,2.74321],[117.63965,2.74273],[117.63954,2.74213],[117.63949,2.74156],[117.63944,2.74123],[117.63935,2.74083],[117.63917,2.74048],[117.639,2.74013],[117.63895,2.7397],[117.63897,2.73908],[117.63904,2.73871],[117.63894,2.73808],[117.63865,2.7377],[117.63807,2.73708],[117.63749,2.7366],[117.63687,2.73645],[117.6364,2.73651],[117.63603,2.73651],[117.63578,2.73645],[117.63565,2.73641],[117.63555,2.73605],[117.6355,2.73568],[117.63538,2.73533],[117.63473,2.7351],[117.63393,2.7347],[117.6336,2.73408],[117.63341,2.73361],[117.63333,2.73288],[117.6332,2.73221],[117.63296,2.73163],[117.63258,2.73098],[117.63231,2.73083],[117.63176,2.73063],[117.63141,2.73068],[117.63091,2.73073],[117.63065,2.7306],[117.63053,2.73025],[117.63033,2.72973],[117.63021,2.72893],[117.6303,2.72868],[117.63033,2.72859],[117.63057,2.72815],[117.63058,2.72772],[117.63053,2.72746],[117.63048,2.72723],[117.63029,2.72709],[117.6298,2.72706],[117.62935,2.72709],[117.62889,2.72721],[117.62864,2.72732],[117.6283,2.72746],[117.62796,2.72754],[117.6276,2.7275],[117.62735,2.72741],[117.62728,2.72727],[117.62728,2.72696],[117.62728,2.72677],[117.62763,2.72589],[117.62773,2.72553],[117.62786,2.72519],[117.62786,2.72518],[117.62803,2.72481],[117.62825,2.72447],[117.62847,2.72421],[117.62859,2.72407],[117.62865,2.72386],[117.62857,2.72372],[117.62837,2.72363],[117.62837,2.72363],[117.62835,2.72364],[117.62795,2.72371],[117.62739,2.72377],[117.62693,2.72374],[117.62643,2.72372],[117.62613,2.72372],[117.62577,2.72379],[117.62528,2.72394],[117.62498,2.72385],[117.62481,2.7234],[117.62478,2.72314],[117.62547,2.72212],[117.62602,2.72157],[117.62647,2.72134],[117.62683,2.72129],[117.62708,2.7214],[117.62737,2.72159],[117.62775,2.72199],[117.62827,2.72227],[117.62848,2.72227],[117.62865,2.72205],[117.62868,2.72182],[117.62865,2.72159],[117.62832,2.7213],[117.62818,2.72099],[117.62795,2.72067],[117.6277,2.72054],[117.62737,2.72044],[117.62717,2.7204],[117.62682,2.7204],[117.62647,2.72047],[117.62618,2.72062],[117.62597,2.72075],[117.62575,2.72105],[117.6256,2.72112],[117.62528,2.72119],[117.62501,2.72102],[117.62488,2.72072],[117.62505,2.72042],[117.62548,2.72025],[117.62582,2.72025],[117.62627,2.72015],[117.62648,2.71995],[117.62655,2.71965],[117.62665,2.71937],[117.62665,2.71884],[117.62665,2.71837],[117.62665,2.718],[117.62665,2.71775],[117.62665,2.71757],[117.62675,2.7173],[117.62685,2.71699],[117.62718,2.71672],[117.62762,2.71651],[117.62783,2.71646],[117.62807,2.71647],[117.62813,2.71676],[117.62805,2.71701],[117.62787,2.71721],[117.62768,2.71765],[117.62763,2.71787],[117.62757,2.71834],[117.62757,2.71852],[117.62767,2.71862],[117.62788,2.71867],[117.62802,2.71862],[117.62825,2.71832],[117.6285,2.718],[117.62865,2.71785],[117.62877,2.7178],[117.62914,2.71774],[117.62964,2.7178],[117.63,2.7177],[117.63009,2.71755],[117.63011,2.71739],[117.63012,2.7173],[117.62989,2.71596],[117.62985,2.71509],[117.63015,2.71479],[117.62982,2.71429],[117.62992,2.71376],[117.63052,2.71359],[117.63092,2.71356],[117.63105,2.71306],[117.63105,2.71249],[117.63099,2.71229],[117.63122,2.71189],[117.63149,2.71162],[117.63202,2.71142],[117.63306,2.71122],[117.63346,2.71096],[117.63376,2.71082],[117.63349,2.71059],[117.63302,2.71036],[117.63259,2.71022],[117.63229,2.70999],[117.63212,2.70959],[117.63185,2.70929],[117.63119,2.70939],[117.6311,2.70967],[117.63089,2.71009],[117.63075,2.71046],[117.6304,2.71044],[117.63032,2.71022],[117.6304,2.70987],[117.63044,2.70954],[117.63044,2.70951],[117.62902,2.71107],[117.62804,2.71245],[117.62678,2.7144],[117.62569,2.71623],[117.62512,2.71722],[117.62427,2.71851],[117.62365,2.71954],[117.62291,2.72066],[117.622,2.72217],[117.62055,2.72507],[117.61905,2.72802],[117.61799,2.73017],[117.61714,2.73188],[117.61665,2.73259],[117.61512,2.73428],[117.61584,2.73505],[117.61988,2.73938],[117.62193,2.74151],[117.62503,2.74541],[117.62727,2.74827],[117.62923,2.75148],[117.6306,2.75372],[117.63281,2.75751],[117.63418,2.75982],[117.63494,2.76082],[117.63687,2.76344],[117.63913,2.76632],[117.64024,2.76933],[117.64052,2.77022],[117.64104,2.7716],[117.64307,2.77565],[117.64377,2.77694],[117.6449,2.77943],[117.64598,2.78177],[117.64685,2.78365],[117.64786,2.78623],[117.64798,2.78656],[117.64871,2.78851],[117.64914,2.78966],[117.64945,2.79053],[117.64956,2.79082],[117.64988,2.79268],[117.64995,2.79305],[117.65208,2.79271],[117.65705,2.79157],[117.65994,2.79103],[117.66017,2.7909],[117.66053,2.79094],[117.66121,2.79078],[117.66227,2.79054],[117.66512,2.7898],[117.66544,2.78953],[117.66647,2.78947],[117.67125,2.78782],[117.67146,2.78772],[117.67159,2.78774],[117.67266,2.78753],[117.67291,2.78761],[117.67376,2.78748],[117.6747,2.78685],[117.67633,2.78649],[117.67683,2.78628],[117.67697,2.7859],[117.67704,2.78572],[117.67724,2.78567],[117.67751,2.78571],[117.67788,2.78544],[117.67856,2.78525],[117.67721,2.78317],[117.67687,2.78242],[117.67664,2.78221],[117.67621,2.78183],[117.67522,2.78084],[117.67512,2.78075],[117.67489,2.78059],[117.67479,2.78052],[117.67379,2.77983],[117.6735,2.77955],[117.67262,2.77874],[117.67187,2.77811],[117.67162,2.7779],[117.67104,2.77706],[117.67086,2.77655],[117.67071,2.77615],[117.67071,2.77614],[117.67071,2.77505],[117.67071,2.77505],[117.67095,2.77371],[117.67146,2.77287],[117.67204,2.77187],[117.67254,2.76994],[117.67254,2.76994],[117.67246,2.76952],[117.67232,2.76945],[117.6717,2.76911],[117.67078,2.76911],[117.66987,2.76911],[117.66913,2.76918],[117.66904,2.76919],[117.66795,2.76919],[117.66695,2.76894],[117.66629,2.7686],[117.66604,2.76768],[117.66559,2.76659],[117.66545,2.76626],[117.66496,2.76526],[117.6642,2.76433],[117.66362,2.76358],[117.66303,2.76333],[117.66271,2.76326],[117.66228,2.76316],[117.6621,2.76319],[117.66178,2.76325],[117.66147,2.7634],[117.66129,2.76349],[117.66087,2.76408],[117.66062,2.76475],[117.66057,2.76499],[117.66045,2.76551],[117.66033,2.76614],[117.66029,2.76634],[117.66012,2.7671],[117.65993,2.76767],[117.65987,2.76786],[117.65953,2.7682],[117.65912,2.76861],[117.65862,2.76861],[117.65839,2.76868],[117.65804,2.76878],[117.65709,2.76868],[117.65646,2.76861],[117.65446,2.76794],[117.65346,2.76735],[117.65204,2.7661],[117.65187,2.76517],[117.65179,2.76409],[117.65179,2.76328],[117.65179,2.76308],[117.65187,2.76233],[117.65201,2.76173],[117.65212,2.76124],[117.65237,2.76067],[117.65245,2.76049],[117.65267,2.76039],[117.65304,2.76023],[117.65362,2.75998],[117.65412,2.75998],[117.65428,2.76002],[117.65445,2.76007],[117.65495,2.7604],[117.65537,2.76049],[117.65604,2.76048],[117.65662,2.7604],[117.65704,2.76028],[117.6572,2.76023],[117.65762,2.75998],[117.65762,2.75965],[117.65762,2.75964],[117.65723,2.75968],[117.65678,2.75973],[117.6562,2.75973],[117.6557,2.75973],[117.6552,2.7594],[117.65504,2.75924],[117.65487,2.75906],[117.6547,2.75864],[117.65462,2.75805],[117.65453,2.75738],[117.65453,2.75713],[117.65453,2.75689],[117.6547,2.75655],[117.655,2.75618],[117.65511,2.75604],[117.65553,2.756],[117.65595,2.75596],[117.65636,2.75596],[117.65678,2.75588],[117.65711,2.75563],[117.65736,2.75529],[117.65736,2.7547],[117.6573,2.75456],[117.65711,2.75412],[117.65678,2.75386],[117.65641,2.75376],[117.65594,2.75362],[117.65545,2.75362],[117.6551,2.75375],[117.65503,2.75378],[117.65499,2.75389],[117.65486,2.75429],[117.65487,2.75477],[117.65487,2.75512],[117.65487,2.75512],[117.6547,2.75579],[117.6545,2.75619],[117.65445,2.7563],[117.65403,2.75663],[117.65386,2.75665],[117.65328,2.75671],[117.65253,2.75671],[117.65103,2.75613],[117.6502,2.75579],[117.6499,2.75556],[117.64945,2.75521],[117.6492,2.75471],[117.6492,2.75471],[117.6492,2.75429],[117.64937,2.7537],[117.64999,2.75349],[117.65012,2.75345],[117.65095,2.75353],[117.65186,2.75353],[117.65253,2.75353],[117.65292,2.75343],[117.6532,2.75337],[117.65342,2.75329],[117.65369,2.75319],[117.65392,2.75311],[117.65411,2.75303],[117.65437,2.75278],[117.65438,2.75274],[117.65453,2.75227],[117.65454,2.75223],[117.65428,2.75244],[117.65362,2.75278],[117.65282,2.75264],[117.65162,2.75201],[117.65078,2.75161],[117.65021,2.75101],[117.65018,2.75058],[117.64985,2.75034],[117.64928,2.75028],[117.64908,2.75001],[117.64898,2.74941],[117.64868,2.74911],[117.64808,2.74878],[117.64698,2.74888],[117.64674,2.74904],[117.64654,2.74938],[117.64601,2.74961],[117.64544,2.74934],[117.64514,2.74868],[117.64501,2.74804],[117.64488,2.74754],[117.64464,2.74728],[117.64434,2.74718],[117.64432,2.7472]]]]},"properties":{"kdprov":"65","kdkab":"02","kdkec":"060","kddesa":"006","kdsls":"0004","idsls":"65020600060004","nmprov":"KALIMANTAN UTARA","nmkab":"BULUNGAN","nmkec":"TANJUNG PALAS TIMUR","nmdesa":"SAJAU HILIR","nmsls":"RT 004"}},{"type":"Feature","geometry":{"type":"MultiPolygon","coordinates":[[[[117.5417,2.78789],[117.54113,2.78749],[117.5409,2.78729],[117.54071,2.78702],[117.54031,2.78638],[117.54015,2.78616],[117.54008,2.78593],[117.54002,2.78569],[117.53998,2.78549],[117.53995,2.78534],[117.53984,2.78515],[117.53968,2.785],[117.53962,2.78495],[117.53932,2.78472],[117.53887,2.78409],[117.53849,2.78357],[117.53846,2.78328],[117.53809,2.78226],[117.53792,2.78206],[117.5378,2.7819],[117.53775,2.78163],[117.53769,2.78131],[117.53755,2.7809],[117.53726,2.78052],[117.53702,2.78022],[117.53636,2.77954],[117.53018,2.77472],[117.53013,2.77467],[117.52818,2.77772],[117.52785,2.77824],[117.52765,2.77855],[117.52807,2.77884],[117.53343,2.78251],[117.53877,2.78618],[117.53899,2.78633],[117.54052,2.78738],[117.54262,2.78883],[117.54264,2.78872],[117.54228,2.78844],[117.5417,2.78789]]]]},"properties":{"kdprov":"65","kdkab":"02","kdkec":"060","kddesa":"006","kdsls":"0006","idsls":"65020600060006","nmprov":"KALIMANTAN UTARA","nmkab":"BULUNGAN","nmkec":"TANJUNG PALAS TIMUR","nmdesa":"SAJAU HILIR","nmsls":"RT 006"}},{"type":"Feature","geometry":{"type":"MultiPolygon","coordinates":[[[[117.86632,2.55352],[117.86674,2.55345],[117.86707,2.55328],[117.86762,2.55288],[117.86782,2.5525],[117.86822,2.55245],[117.86851,2.55261],[117.86889,2.55298],[117.86902,2.55343],[117.86922,2.55388],[117.86991,2.55451],[117.87008,2.55446],[117.87046,2.55435],[117.87047,2.55435],[117.87049,2.55435],[117.87058,2.55433],[117.87069,2.55435],[117.87073,2.55435],[117.87081,2.55434],[117.87091,2.55434],[117.87097,2.55434],[117.87103,2.55434],[117.87113,2.55438],[117.87119,2.55442],[117.87124,2.55442],[117.8713,2.55441],[117.87142,2.55436],[117.8715,2.55437],[117.87155,2.55438],[117.87166,2.55432],[117.87175,2.55421],[117.87198,2.55393],[117.87219,2.55356],[117.87247,2.55319],[117.87265,2.5529],[117.87305,2.55246],[117.87441,2.55098],[117.87475,2.55061],[117.87486,2.55048],[117.87507,2.55024],[117.87583,2.54935],[117.87915,2.54569],[117.88002,2.54481],[117.88046,2.54436],[117.88114,2.54368],[117.88176,2.54311],[117.88205,2.54283],[117.88236,2.54253],[117.88258,2.54233],[117.88277,2.54216],[117.88293,2.54202],[117.88326,2.54177],[117.88368,2.5415],[117.88442,2.54104],[117.8845,2.541],[117.88496,2.54076],[117.88528,2.54058],[117.88553,2.54044],[117.88576,2.54029],[117.88579,2.54028],[117.88619,2.53999],[117.88643,2.53978],[117.8867,2.53953],[117.88719,2.53901],[117.88775,2.5384],[117.88824,2.53783],[117.88869,2.53726],[117.88928,2.53654],[117.88963,2.53607],[117.89049,2.53512],[117.89113,2.53432],[117.89177,2.53355],[117.89241,2.53279],[117.89298,2.53204],[117.89339,2.53151],[117.89374,2.53102],[117.89412,2.5305],[117.89468,2.5298],[117.8951,2.52918],[117.89555,2.52858],[117.89627,2.5277],[117.89675,2.5271],[117.89718,2.52653],[117.89749,2.52614],[117.89755,2.52604],[117.89757,2.526],[117.89805,2.52554],[117.89844,2.52516],[117.89914,2.52434],[117.89953,2.52403],[117.89971,2.52383],[117.8999,2.52353],[117.90013,2.52323],[117.90052,2.5229],[117.90052,2.5229],[117.90096,2.52244],[117.90106,2.52237],[117.90117,2.52229],[117.90128,2.5221],[117.90131,2.52201],[117.90134,2.52186],[117.90136,2.52172],[117.90142,2.52161],[117.90158,2.52152],[117.90183,2.52138],[117.90196,2.52129],[117.90247,2.52109],[117.90261,2.52099],[117.90284,2.52085],[117.90294,2.52076],[117.90334,2.52037],[117.90371,2.51968],[117.90432,2.51835],[117.90495,2.51706],[117.90585,2.51556],[117.90614,2.51513],[117.90656,2.51453],[117.90713,2.51368],[117.9079,2.5125],[117.90896,2.51085],[117.90907,2.5107],[117.9069,2.5119],[117.90563,2.51333],[117.9048,2.51386],[117.90373,2.5144],[117.90269,2.51493],[117.90159,2.51533],[117.89912,2.51543],[117.89792,2.51563],[117.89672,2.51563],[117.89625,2.51546],[117.89619,2.51586],[117.89582,2.5164],[117.89539,2.51667],[117.89439,2.51691],[117.89259,2.51907],[117.89135,2.51991],[117.89081,2.51991],[117.89047,2.51961],[117.89021,2.51871],[117.89002,2.51749],[117.88923,2.51689],[117.88859,2.51665],[117.88709,2.51663],[117.88589,2.51697],[117.88418,2.51715],[117.88112,2.51948],[117.88026,2.52093],[117.87889,2.52192],[117.87833,2.52213],[117.8773,2.52342],[117.87645,2.52363],[117.87662,2.52517],[117.87576,2.52671],[117.87456,2.52791],[117.87405,2.52937],[117.87405,2.53168],[117.87337,2.53416],[117.87268,2.53493],[117.87174,2.53485],[117.87088,2.53622],[117.86883,2.53896],[117.86866,2.54067],[117.86746,2.54204],[117.86831,2.54393],[117.86883,2.54547],[117.86814,2.54641],[117.86823,2.54778],[117.86823,2.54941],[117.86771,2.55146],[117.86632,2.55352]]]]},"properties":{"kdprov":"65","kdkab":"02","kdkec":"060","kddesa":"001","kdsls":"0003","idsls":"65020600010003","nmprov":"KALIMANTAN UTARA","nmkab":"BULUNGAN","nmkec":"TANJUNG PALAS TIMUR","nmdesa":"MANGKU PADI","nmsls":"RT 003 RW 001"}},{"type":"Feature","geometry":{"type":"MultiPolygon","coordinates":[[[[117.86991,2.55451],[117.86922,2.55388],[117.86902,2.55343],[117.86889,2.55298],[117.86851,2.55261],[117.86822,2.55245],[117.86782,2.5525],[117.86762,2.55288],[117.86707,2.55328],[117.86674,2.55345],[117.86632,2.55352],[117.86626,2.55353],[117.8659,2.5538],[117.8659,2.5538],[117.86507,2.5538],[117.86452,2.55378],[117.86417,2.5537],[117.8635,2.55358],[117.86327,2.55354],[117.86479,2.55443],[117.86514,2.55465],[117.86538,2.55476],[117.86835,2.55655],[117.8684,2.55653],[117.86868,2.5564],[117.8691,2.55604],[117.86931,2.55569],[117.86944,2.5553],[117.86956,2.55485],[117.86965,2.55464],[117.8698,2.55454],[117.86991,2.55451]]]]},"properties":{"kdprov":"65","kdkab":"02","kdkec":"060","kddesa":"001","kdsls":"0005","idsls":"65020600010005","nmprov":"KALIMANTAN UTARA","nmkab":"BULUNGAN","nmkec":"TANJUNG PALAS TIMUR","nmdesa":"MANGKU PADI","nmsls":"RT 005 RW 001"}},{"type":"Feature","geometry":{"type":"MultiPolygon","coordinates":[[[[117.80004,2.62421],[117.80085,2.62528],[117.80092,2.62518],[117.80103,2.62502],[117.8012,2.62474],[117.80156,2.62414],[117.80185,2.62368],[117.80221,2.62319],[117.80234,2.62301],[117.80282,2.62227],[117.80302,2.62196],[117.80303,2.62194],[117.80341,2.62137],[117.80354,2.62118],[117.80384,2.62073],[117.80401,2.62049],[117.80447,2.6198],[117.80462,2.61959],[117.80523,2.61871],[117.80557,2.61822],[117.80565,2.6181],[117.80583,2.61788],[117.80635,2.6172],[117.80679,2.61663],[117.80749,2.61569],[117.80826,2.61461],[117.80876,2.61388],[117.80975,2.61268],[117.81006,2.61224],[117.80815,2.61082],[117.80775,2.61141],[117.80244,2.60799],[117.80244,2.60825],[117.80241,2.6085],[117.80216,2.60904],[117.80208,2.60923],[117.80205,2.60938],[117.80213,2.60976],[117.80223,2.60999],[117.80225,2.61022],[117.80225,2.61041],[117.8021,2.61074],[117.80174,2.61136],[117.80169,2.61159],[117.80169,2.61184],[117.80171,2.6121],[117.80182,2.61226],[117.8021,2.6126],[117.80259,2.61308],[117.80408,2.61391],[117.80525,2.61475],[117.80522,2.61479],[117.80647,2.61564],[117.80624,2.61591],[117.80451,2.61808],[117.80294,2.62037],[117.80216,2.62165],[117.80161,2.62242],[117.80028,2.62414],[117.80004,2.62421]]]]},"properties":{"kdprov":"65","kdkab":"02","kdkec":"060","kddesa":"002","kdsls":"0002","idsls":"65020600020002","nmprov":"KALIMANTAN UTARA","nmkab":"BULUNGAN","nmkec":"TANJUNG PALAS TIMUR","nmdesa":"TANAH KUNING","nmsls":"RT 002 RW 001"}},{"type":"Feature","geometry":{"type":"MultiPolygon","coordinates":[[[[117.81373,2.60367],[117.81391,2.60375],[117.81524,2.60435],[117.81553,2.60444],[117.81558,2.60443],[117.81576,2.60442],[117.816,2.60435],[117.81626,2.60431],[117.8169,2.60409],[117.81744,2.60398],[117.81714,2.6017],[117.81707,2.60159],[117.81705,2.60154],[117.81665,2.60084],[117.81586,2.60027],[117.81532,2.6],[117.81435,2.59984],[117.8144,2.59993],[117.81442,2.60001],[117.81445,2.60038],[117.81447,2.60053],[117.81444,2.60061],[117.8144,2.60091],[117.81428,2.60159],[117.81412,2.6024],[117.81398,2.60299],[117.81382,2.60345],[117.81375,2.60362],[117.81373,2.60367]]]]},"properties":{"kdprov":"65","kdkab":"02","kdkec":"060","kddesa":"002","kdsls":"0010","idsls":"65020600020010","nmprov":"KALIMANTAN UTARA","nmkab":"BULUNGAN","nmkec":"TANJUNG PALAS TIMUR","nmdesa":"TANAH KUNING","nmsls":"RT 010 RW 002"}},{"type":"Feature","geometry":{"type":"MultiPolygon","coordinates":[[[[117.81705,2.60154],[117.81707,2.60159],[117.81714,2.6017],[117.81744,2.60398],[117.81754,2.60396],[117.81776,2.60392],[117.81839,2.60405],[117.8184,2.60405],[117.8191,2.60418],[117.81961,2.60428],[117.81961,2.60428],[117.82015,2.60389],[117.82016,2.60388],[117.821,2.60342],[117.82117,2.60333],[117.82122,2.6033],[117.821,2.60156],[117.82151,2.60037],[117.82122,2.60023],[117.82093,2.6002],[117.82082,2.60021],[117.82032,2.60025],[117.8201,2.60018],[117.81981,2.59998],[117.81979,2.59999],[117.81974,2.60004],[117.81961,2.60018],[117.81956,2.6004],[117.81945,2.60074],[117.81937,2.60109],[117.81929,2.60135],[117.81914,2.60159],[117.81907,2.60166],[117.81889,2.60177],[117.81865,2.60178],[117.81836,2.60172],[117.81758,2.60154],[117.81718,2.60149],[117.81705,2.60154]]]]},"properties":{"kdprov":"65","kdkab":"02","kdkec":"060","kddesa":"002","kdsls":"0007","idsls":"65020600020007","nmprov":"KALIMANTAN UTARA","nmkab":"BULUNGAN","nmkec":"TANJUNG PALAS TIMUR","nmdesa":"TANAH KUNING","nmsls":"RT 007 RW 003"}},{"type":"Feature","geometry":{"type":"MultiPolygon","coordinates":[[[[117.7132,2.67913],[117.71318,2.67913],[117.71375,2.6801],[117.71396,2.68015],[117.71453,2.68007],[117.71518,2.68007],[117.71548,2.68008],[117.7156,2.6802],[117.71562,2.68042],[117.7153,2.68093],[117.71465,2.68117],[117.71436,2.68135],[117.71405,2.6822],[117.71391,2.6828],[117.71386,2.6829],[117.71291,2.68333],[117.71271,2.68383],[117.71275,2.68425],[117.7131,2.6847],[117.71326,2.68497],[117.71263,2.68578],[117.71265,2.68605],[117.71293,2.68628],[117.71345,2.68625],[117.71383,2.68625],[117.714,2.68627],[117.714,2.68634],[117.71665,2.68624],[117.71665,2.68624],[117.71698,2.68623],[117.71744,2.68818],[117.71749,2.68885],[117.71716,2.68936],[117.71716,2.68936],[117.79025,2.69105],[117.79027,2.69053],[117.79025,2.6903],[117.79015,2.69018],[117.78992,2.69011],[117.78978,2.69007],[117.78971,2.69004],[117.78965,2.68993],[117.7897,2.68988],[117.78991,2.68987],[117.79013,2.68968],[117.79013,2.68946],[117.79004,2.68915],[117.79,2.68876],[117.78995,2.68837],[117.7898,2.68797],[117.7895,2.68772],[117.78919,2.68764],[117.78894,2.6876],[117.78888,2.68755],[117.78888,2.68747],[117.78894,2.68742],[117.78917,2.68742],[117.78943,2.68744],[117.78961,2.68743],[117.78981,2.68741],[117.78991,2.68739],[117.79001,2.68738],[117.79007,2.68736],[117.79013,2.68734],[117.79015,2.68732],[117.79016,2.6873],[117.79016,2.68727],[117.79016,2.68726],[117.79016,2.68722],[117.79012,2.68717],[117.79011,2.68714],[117.79012,2.6871],[117.79018,2.68705],[117.79021,2.68702],[117.79023,2.68697],[117.79022,2.68692],[117.79012,2.68688],[117.79001,2.68689],[117.78992,2.6869],[117.78985,2.68685],[117.78981,2.68679],[117.78974,2.68671],[117.78962,2.68665],[117.78954,2.68664],[117.78947,2.68659],[117.78947,2.68651],[117.78948,2.68645],[117.7895,2.68642],[117.78956,2.68638],[117.78964,2.68635],[117.78971,2.68631],[117.78978,2.68624],[117.78981,2.68604],[117.7898,2.68593],[117.78977,2.68576],[117.78974,2.68563],[117.78974,2.68551],[117.78976,2.68541],[117.78973,2.68529],[117.78972,2.68521],[117.7897,2.68509],[117.78969,2.68501],[117.78968,2.68494],[117.78963,2.6849],[117.78955,2.68489],[117.78942,2.68486],[117.78939,2.68481],[117.78939,2.68469],[117.78939,2.6846],[117.78933,2.68446],[117.7893,2.68439],[117.7893,2.68433],[117.78939,2.68425],[117.78959,2.68419],[117.7896,2.68418],[117.78962,2.68412],[117.7896,2.68402],[117.78945,2.68383],[117.78939,2.68367],[117.78936,2.68352],[117.78938,2.68339],[117.78946,2.68322],[117.7895,2.6831],[117.78952,2.68294],[117.7895,2.68276],[117.78946,2.68268],[117.78936,2.68255],[117.78923,2.68252],[117.78915,2.68249],[117.78904,2.68245],[117.78898,2.68242],[117.78896,2.68238],[117.78898,2.68232],[117.78915,2.68215],[117.78924,2.68206],[117.78928,2.68195],[117.78927,2.68185],[117.78921,2.68177],[117.78913,2.68171],[117.78907,2.68169],[117.78904,2.68169],[117.78902,2.68169],[117.789,2.68167],[117.78899,2.68164],[117.78901,2.68161],[117.78908,2.68157],[117.78921,2.68151],[117.78923,2.68145],[117.78921,2.6814],[117.78908,2.68137],[117.78903,2.68131],[117.789,2.68123],[117.78898,2.68115],[117.78902,2.68106],[117.78908,2.68097],[117.78903,2.68079],[117.78888,2.68053],[117.78879,2.68],[117.78878,2.6795],[117.78864,2.6793],[117.78851,2.67918],[117.78848,2.67908],[117.78846,2.67892],[117.78848,2.6787],[117.78851,2.67856],[117.78856,2.67836],[117.78853,2.67817],[117.78844,2.67809],[117.78832,2.67801],[117.7883,2.67789],[117.78836,2.67777],[117.78838,2.67762],[117.78835,2.67742],[117.78835,2.67673],[117.78844,2.6767],[117.78854,2.67662],[117.78866,2.67655],[117.7887,2.67647],[117.78872,2.67643],[117.78868,2.67634],[117.78857,2.67626],[117.78843,2.67622],[117.78833,2.67617],[117.78826,2.67606],[117.78826,2.67596],[117.78828,2.67586],[117.78831,2.67571],[117.78839,2.67559],[117.78847,2.67543],[117.78858,2.67528],[117.78858,2.67518],[117.78854,2.67505],[117.78847,2.67487],[117.78843,2.67474],[117.78844,2.67466],[117.78848,2.67456],[117.78857,2.6744],[117.78857,2.67431],[117.78853,2.67419],[117.78841,2.67407],[117.78835,2.67394],[117.78831,2.67384],[117.78831,2.67373],[117.78833,2.67362],[117.78836,2.67347],[117.78837,2.67333],[117.78834,2.67316],[117.78834,2.67301],[117.78831,2.67275],[117.78837,2.67259],[117.7884,2.67241],[117.78841,2.67229],[117.78848,2.67216],[117.78855,2.67219],[117.7886,2.6723],[117.78872,2.67256],[117.78877,2.67258],[117.7888,2.67252],[117.78878,2.67229],[117.78883,2.67189],[117.78877,2.67174],[117.78866,2.67125],[117.78852,2.67054],[117.7884,2.66994],[117.78834,2.66972],[117.78813,2.66955],[117.78807,2.66924],[117.78811,2.6691],[117.78819,2.66895],[117.78827,2.66879],[117.78835,2.66854],[117.78834,2.66833],[117.78829,2.66816],[117.78827,2.66797],[117.78821,2.66771],[117.78808,2.66759],[117.78801,2.66741],[117.788,2.66716],[117.7881,2.66699],[117.78822,2.66685],[117.78827,2.66663],[117.78828,2.66628],[117.78828,2.66595],[117.78833,2.66509],[117.78834,2.66488],[117.78833,2.66463],[117.78831,2.66435],[117.78831,2.66411],[117.78837,2.66392],[117.78837,2.6638],[117.78832,2.66359],[117.7882,2.66349],[117.78816,2.66338],[117.78819,2.66324],[117.78838,2.663],[117.7885,2.66286],[117.78859,2.66268],[117.7886,2.66253],[117.7885,2.6624],[117.78842,2.66226],[117.7884,2.66207],[117.78843,2.66185],[117.78847,2.66145],[117.78839,2.66108],[117.78835,2.66092],[117.78832,2.66064],[117.78828,2.66051],[117.78824,2.6604],[117.78822,2.66027],[117.78829,2.66012],[117.78869,2.65963],[117.78882,2.65925],[117.78888,2.65861],[117.78886,2.65821],[117.78885,2.65797],[117.78885,2.65771],[117.78884,2.65744],[117.78887,2.65727],[117.78893,2.65705],[117.78897,2.65683],[117.78905,2.65668],[117.78911,2.65642],[117.78914,2.65625],[117.7891,2.65617],[117.78901,2.65612],[117.78898,2.65601],[117.78903,2.65594],[117.78913,2.65587],[117.78916,2.6558],[117.78913,2.65575],[117.78909,2.6556],[117.78913,2.65539],[117.78921,2.65526],[117.78924,2.65509],[117.78933,2.65435],[117.77743,2.64437],[117.772,2.65141],[117.76882,2.65548],[117.76719,2.65844],[117.76392,2.66188],[117.75938,2.66744],[117.75741,2.66911],[117.75608,2.66941],[117.73562,2.66958],[117.73486,2.66965],[117.7344,2.66981],[117.72764,2.6751],[117.72732,2.67516],[117.72638,2.67505],[117.72634,2.67779],[117.71749,2.6778],[117.7147,2.67842],[117.7147,2.67844],[117.71448,2.67864],[117.7142,2.6788],[117.71375,2.67898],[117.71336,2.67907],[117.7132,2.67913]]]]},"properties":{"kdprov":"65","kdkab":"02","kdkec":"060","kddesa":"003","kdsls":"0006","idsls":"65020600030006","nmprov":"KALIMANTAN UTARA","nmkab":"BULUNGAN","nmkec":"TANJUNG PALAS TIMUR","nmdesa":"BINAI","nmsls":"RT 006"}},{"type":"Feature","geometry":{"type":"MultiPolygon","coordinates":[[[[117.77743,2.64437],[117.78933,2.65435],[117.78933,2.65433],[117.78934,2.6542],[117.78949,2.65338],[117.78958,2.65293],[117.78963,2.65271],[117.78979,2.65208],[117.78994,2.6515],[117.79016,2.65063],[117.79041,2.64975],[117.79044,2.64963],[117.79068,2.64875],[117.79084,2.64813],[117.79091,2.64785],[117.79111,2.64711],[117.79138,2.646],[117.79193,2.64414],[117.79206,2.64375],[117.79231,2.64298],[117.79251,2.64251],[117.79265,2.64214],[117.79283,2.64138],[117.79291,2.64063],[117.79293,2.64057],[117.79295,2.64053],[117.79298,2.64049],[117.79307,2.64045],[117.79307,2.64045],[117.79312,2.64047],[117.79318,2.64048],[117.79331,2.6405],[117.79335,2.64048],[117.79343,2.64046],[117.7935,2.64043],[117.79354,2.64037],[117.79357,2.64031],[117.79367,2.64013],[117.79376,2.63987],[117.79417,2.63879],[117.7944,2.63819],[117.79444,2.6381],[117.79463,2.63758],[117.79464,2.63757],[117.79488,2.637],[117.79529,2.63606],[117.79557,2.63534],[117.79569,2.63507],[117.79607,2.63423],[117.79664,2.63299],[117.7973,2.63152],[117.79804,2.63002],[117.79806,2.62998],[117.79858,2.62897],[117.79874,2.62867],[117.79898,2.62824],[117.79933,2.62759],[117.79974,2.62688],[117.80018,2.62619],[117.8005,2.62573],[117.80081,2.62534],[117.80085,2.62528],[117.80004,2.62421],[117.7993,2.62324],[117.7996,2.62291],[117.79959,2.62291],[117.79941,2.62268],[117.79778,2.62429],[117.77743,2.64437]]]]},"properties":{"kdprov":"65","kdkab":"02","kdkec":"060","kddesa":"002","kdsls":"0001","idsls":"65020600020001","nmprov":"KALIMANTAN UTARA","nmkab":"BULUNGAN","nmkec":"TANJUNG PALAS TIMUR","nmdesa":"TANAH KUNING","nmsls":"RT 001 RW 001"}},{"type":"Feature","geometry":{"type":"MultiPolygon","coordinates":[[[[117.79959,2.62291],[117.7996,2.62291],[117.7993,2.62324],[117.80004,2.62421],[117.80028,2.62414],[117.80161,2.62242],[117.80216,2.62165],[117.80294,2.62037],[117.80451,2.61808],[117.80624,2.61591],[117.80647,2.61564],[117.80522,2.61479],[117.80179,2.61973],[117.79959,2.62291]]]]},"properties":{"kdprov":"65","kdkab":"02","kdkec":"060","kddesa":"002","kdsls":"0002","idsls":"65020600020002","nmprov":"KALIMANTAN UTARA","nmkab":"BULUNGAN","nmkec":"TANJUNG PALAS TIMUR","nmdesa":"TANAH KUNING","nmsls":"RT 002 RW 001"}},{"type":"Feature","geometry":{"type":"MultiPolygon","coordinates":[[[[117.81979,2.59999],[117.81981,2.59998],[117.81996,2.59984],[117.81998,2.59982],[117.82029,2.5996],[117.82028,2.5996],[117.82554,2.59578],[117.82551,2.59577],[117.82548,2.59577],[117.82517,2.59567],[117.82494,2.59555],[117.82465,2.59544],[117.82437,2.5954],[117.824,2.59534],[117.82358,2.59535],[117.82351,2.59532],[117.82335,2.59517],[117.82318,2.59496],[117.82294,2.59473],[117.82256,2.59447],[117.82204,2.59435],[117.82176,2.59436],[117.82165,2.59436],[117.82156,2.59436],[117.82086,2.59481],[117.81946,2.5954],[117.81908,2.59549],[117.81825,2.59554],[117.81786,2.5956],[117.81759,2.5956],[117.81759,2.59563],[117.81757,2.59579],[117.81834,2.59834],[117.81835,2.59839],[117.81871,2.59931],[117.81889,2.5995],[117.81979,2.59999]]]]},"properties":{"kdprov":"65","kdkab":"02","kdkec":"060","kddesa":"002","kdsls":"0008","idsls":"65020600020008","nmprov":"KALIMANTAN UTARA","nmkab":"BULUNGAN","nmkec":"TANJUNG PALAS TIMUR","nmdesa":"TANAH KUNING","nmsls":"RT 008 RW 003"}},{"type":"Feature","geometry":{"type":"MultiPolygon","coordinates":[[[[117.81981,2.59998],[117.8201,2.60018],[117.82032,2.60025],[117.82082,2.60021],[117.82093,2.6002],[117.82122,2.60023],[117.82151,2.60037],[117.821,2.60156],[117.82122,2.6033],[117.82128,2.60327],[117.82135,2.60321],[117.82143,2.60317],[117.82157,2.60312],[117.82171,2.60308],[117.82185,2.60309],[117.82201,2.60314],[117.82208,2.60317],[117.82216,2.60318],[117.82227,2.60318],[117.82236,2.60315],[117.82252,2.60308],[117.82264,2.60298],[117.82299,2.60267],[117.8235,2.60219],[117.82412,2.6016],[117.82413,2.6016],[117.82426,2.60147],[117.82428,2.60144],[117.82464,2.60106],[117.82519,2.60055],[117.82551,2.6002],[117.82567,2.60007],[117.82591,2.59995],[117.82602,2.59986],[117.82625,2.59965],[117.82656,2.59926],[117.82704,2.59876],[117.82736,2.59839],[117.82746,2.59828],[117.82811,2.59769],[117.82815,2.59764],[117.82847,2.5973],[117.82919,2.59659],[117.82965,2.59624],[117.8301,2.59597],[117.83078,2.59552],[117.83122,2.59519],[117.83166,2.59487],[117.83201,2.59464],[117.83236,2.59447],[117.83247,2.59446],[117.83251,2.59449],[117.83261,2.59454],[117.83276,2.59451],[117.83282,2.59447],[117.8315,2.59217],[117.82919,2.59355],[117.82801,2.59426],[117.82551,2.59577],[117.82554,2.59578],[117.82028,2.5996],[117.82029,2.5996],[117.81998,2.59982],[117.81996,2.59984],[117.81981,2.59998]]]]},"properties":{"kdprov":"65","kdkab":"02","kdkec":"060","kddesa":"002","kdsls":"0011","idsls":"65020600020011","nmprov":"KALIMANTAN UTARA","nmkab":"BULUNGAN","nmkec":"TANJUNG PALAS TIMUR","nmdesa":"TANAH KUNING","nmsls":"RT 011 RW 003"}},{"type":"Feature","geometry":{"type":"MultiPolygon","coordinates":[[[[117.81435,2.59984],[117.81532,2.6],[117.81586,2.60027],[117.81665,2.60084],[117.81705,2.60154],[117.81718,2.60149],[117.81758,2.60154],[117.81836,2.60172],[117.81865,2.60178],[117.81889,2.60177],[117.81907,2.60166],[117.81914,2.60159],[117.81929,2.60135],[117.81937,2.60109],[117.81945,2.60074],[117.81956,2.6004],[117.81961,2.60018],[117.81974,2.60004],[117.81979,2.59999],[117.81889,2.5995],[117.81871,2.59931],[117.81835,2.59839],[117.81834,2.59834],[117.81757,2.59579],[117.81759,2.59563],[117.81759,2.5956],[117.81759,2.5956],[117.81683,2.59495],[117.81609,2.59459],[117.81576,2.5946],[117.81432,2.59536],[117.81399,2.59551],[117.81399,2.59551],[117.81392,2.59557],[117.81486,2.59679],[117.81468,2.59725],[117.81464,2.59743],[117.81471,2.59761],[117.81483,2.59781],[117.81486,2.59788],[117.81485,2.59822],[117.81479,2.59848],[117.8147,2.59853],[117.81457,2.59859],[117.81442,2.59863],[117.81428,2.59866],[117.81404,2.59873],[117.81392,2.59877],[117.81388,2.59881],[117.81386,2.59885],[117.81385,2.59889],[117.81384,2.59897],[117.81388,2.59904],[117.81394,2.59914],[117.81407,2.59935],[117.81415,2.59947],[117.81422,2.59962],[117.81428,2.5997],[117.81435,2.59984]]]]},"properties":{"kdprov":"65","kdkab":"02","kdkec":"060","kddesa":"002","kdsls":"0006","idsls":"65020600020006","nmprov":"KALIMANTAN UTARA","nmkab":"BULUNGAN","nmkec":"TANJUNG PALAS TIMUR","nmdesa":"TANAH KUNING","nmsls":"RT 006 RW 003"}},{"type":"Feature","geometry":{"type":"MultiPolygon","coordinates":[[[[117.67091,2.65527],[117.67184,2.65587],[117.67222,2.65627],[117.67257,2.65652],[117.67316,2.65652],[117.67411,2.65622],[117.67443,2.6561],[117.67459,2.65589],[117.67481,2.6557],[117.67511,2.65567],[117.67609,2.65559],[117.67678,2.65604],[117.67718,2.65644],[117.6776,2.6569],[117.67803,2.65704],[117.67833,2.65702],[117.6786,2.65687],[117.67895,2.65664],[117.67925,2.65634],[117.67971,2.65604],[117.68015,2.65575],[117.68055,2.65572],[117.68083,2.65572],[117.68147,2.65594],[117.68168,2.65624],[117.68183,2.65655],[117.68202,2.65715],[117.68222,2.65757],[117.68245,2.65794],[117.68325,2.65844],[117.68342,2.65884],[117.68345,2.6594],[117.68345,2.66004],[117.68345,2.6604],[117.68345,2.66084],[117.68405,2.6613],[117.68495,2.6618],[117.68572,2.6621],[117.68632,2.6621],[117.68695,2.6619],[117.68709,2.6618],[117.68792,2.66187],[117.68879,2.66207],[117.68972,2.66237],[117.69066,2.66237],[117.69129,2.66257],[117.69196,2.6629],[117.69243,2.66347],[117.69316,2.6642],[117.69433,2.66494],[117.69496,2.66547],[117.6958,2.66564],[117.69643,2.66594],[117.69676,2.66664],[117.6974,2.6678],[117.69786,2.66824],[117.69873,2.6691],[117.69933,2.67047],[117.69993,2.67157],[117.7005,2.67227],[117.70093,2.67297],[117.70113,2.67337],[117.70254,2.6739],[117.7041,2.6743],[117.70467,2.67467],[117.70517,2.67544],[117.70551,2.67584],[117.70627,2.6762],[117.70667,2.67657],[117.70771,2.6764],[117.70971,2.6761],[117.71096,2.67589],[117.71166,2.6761],[117.71253,2.67642],[117.71285,2.6765],[117.71346,2.67712],[117.71425,2.67747],[117.71468,2.67784],[117.71475,2.67817],[117.7147,2.67842],[117.71749,2.6778],[117.72634,2.67779],[117.72638,2.67505],[117.72732,2.67516],[117.72764,2.6751],[117.7344,2.66981],[117.73486,2.66965],[117.73562,2.66958],[117.75608,2.66941],[117.75741,2.66911],[117.75938,2.66744],[117.76392,2.66188],[117.76719,2.65844],[117.76882,2.65548],[117.772,2.65141],[117.77743,2.64437],[117.77472,2.6421],[117.76526,2.63417],[117.75993,2.63167],[117.75949,2.63153],[117.75838,2.63131],[117.75665,2.63047],[117.75486,2.62958],[117.7531,2.6287],[117.75058,2.62795],[117.7489,2.62747],[117.748,2.62722],[117.74529,2.62639],[117.74204,2.62571],[117.74147,2.62559],[117.73796,2.62336],[117.73713,2.6228],[117.73471,2.62206],[117.73199,2.62094],[117.72883,2.61966],[117.72883,2.61967],[117.72825,2.6215],[117.72736,2.62423],[117.72674,2.6264],[117.72669,2.62745],[117.7265,2.6318],[117.72465,2.63152],[117.72218,2.63111],[117.71714,2.63035],[117.71012,2.6317],[117.70805,2.63209],[117.70255,2.63315],[117.7008,2.63348],[117.69755,2.63407],[117.69518,2.63487],[117.69293,2.63565],[117.69004,2.63688],[117.68765,2.63859],[117.68608,2.63973],[117.68278,2.64209],[117.68159,2.64347],[117.67978,2.64544],[117.67806,2.64801],[117.67608,2.65089],[117.67335,2.65322],[117.67176,2.65459],[117.67091,2.65527]]]]},"properties":{"kdprov":"65","kdkab":"02","kdkec":"060","kddesa":"003","kdsls":"0012","idsls":"65020600030012","nmprov":"KALIMANTAN UTARA","nmkab":"BULUNGAN","nmkec":"TANJUNG PALAS TIMUR","nmdesa":"BINAI","nmsls":"RT 007"}},{"type":"Feature","geometry":{"type":"MultiPolygon","coordinates":[[[[117.77743,2.64437],[117.79778,2.62429],[117.79714,2.62372],[117.79687,2.62338],[117.79687,2.62337],[117.79503,2.62333],[117.77787,2.63919],[117.77472,2.6421],[117.77743,2.64437]]]]},"properties":{"kdprov":"65","kdkab":"02","kdkec":"060","kddesa":"002","kdsls":"0001","idsls":"65020600020001","nmprov":"KALIMANTAN UTARA","nmkab":"BULUNGAN","nmkec":"TANJUNG PALAS TIMUR","nmdesa":"TANAH KUNING","nmsls":"RT 001 RW 001"}},{"type":"Feature","geometry":{"type":"MultiPolygon","coordinates":[[[[117.80244,2.60799],[117.80775,2.61141],[117.80815,2.61082],[117.81006,2.61224],[117.81012,2.61217],[117.81076,2.61128],[117.8111,2.61079],[117.8113,2.61052],[117.8117,2.61001],[117.81171,2.60998],[117.8118,2.60986],[117.8119,2.60969],[117.81196,2.60952],[117.81198,2.60931],[117.81202,2.60907],[117.8121,2.6089],[117.81225,2.60871],[117.81236,2.60871],[117.81248,2.60874],[117.81258,2.60876],[117.81259,2.60876],[117.81281,2.60876],[117.81287,2.60876],[117.81295,2.60876],[117.81304,2.60874],[117.81311,2.6087],[117.81319,2.60864],[117.81329,2.60856],[117.81336,2.60852],[117.81347,2.60848],[117.81361,2.60846],[117.81375,2.60845],[117.81388,2.60845],[117.81399,2.60842],[117.81413,2.60836],[117.81457,2.60805],[117.81556,2.6072],[117.81612,2.60672],[117.81686,2.60619],[117.81755,2.60571],[117.81916,2.6046],[117.81961,2.60428],[117.8191,2.60418],[117.8184,2.60405],[117.81839,2.60405],[117.81776,2.60392],[117.81754,2.60396],[117.81744,2.60398],[117.8169,2.60409],[117.81626,2.60431],[117.816,2.60435],[117.81576,2.60442],[117.81558,2.60443],[117.81553,2.60444],[117.81524,2.60435],[117.81391,2.60375],[117.81373,2.60367],[117.81371,2.60373],[117.8137,2.60373],[117.8137,2.60373],[117.81358,2.604],[117.81358,2.604],[117.81358,2.604],[117.81358,2.604],[117.81358,2.604],[117.81358,2.604],[117.81358,2.604],[117.81131,2.60306],[117.81006,2.60274],[117.80863,2.60258],[117.80769,2.60242],[117.80726,2.60226],[117.80702,2.60205],[117.80681,2.60197],[117.80626,2.6023],[117.80547,2.60268],[117.80515,2.60325],[117.80477,2.60363],[117.80455,2.60371],[117.80293,2.60424],[117.80202,2.60482],[117.80202,2.60482],[117.80193,2.60563],[117.80239,2.60691],[117.80244,2.60793],[117.80244,2.60799]]]]},"properties":{"kdprov":"65","kdkab":"02","kdkec":"060","kddesa":"002","kdsls":"0004","idsls":"65020600020004","nmprov":"KALIMANTAN UTARA","nmkab":"BULUNGAN","nmkec":"TANJUNG PALAS TIMUR","nmdesa":"TANAH KUNING","nmsls":"RT 004 RW 002"}},{"type":"Feature","geometry":{"type":"MultiPolygon","coordinates":[[[[117.79778,2.62429],[117.79941,2.62268],[117.79959,2.62291],[117.80179,2.61973],[117.80143,2.61946],[117.80073,2.61888],[117.8,2.61864],[117.79969,2.61852],[117.79964,2.6185],[117.7984,2.61811],[117.79833,2.61809],[117.79767,2.61788],[117.79696,2.61762],[117.79696,2.61762],[117.79688,2.62335],[117.79687,2.62337],[117.79687,2.62338],[117.79714,2.62372],[117.79778,2.62429]]]]},"properties":{"kdprov":"65","kdkab":"02","kdkec":"060","kddesa":"002","kdsls":"0009","idsls":"65020600020009","nmprov":"KALIMANTAN UTARA","nmkab":"BULUNGAN","nmkec":"TANJUNG PALAS TIMUR","nmdesa":"TANAH KUNING","nmsls":"RT 009 RW 001"}},{"type":"Feature","geometry":{"type":"MultiPolygon","coordinates":[[[[117.49711,2.55456],[117.49947,2.56144],[117.50522,2.57594],[117.50478,2.57988],[117.50384,2.5825],[117.50185,2.58402],[117.50162,2.58419],[117.50072,2.58623],[117.50004,2.59335],[117.50051,2.59471],[117.50068,2.59749],[117.50205,2.60164],[117.50109,2.60371],[117.50133,2.60486],[117.50111,2.60603],[117.50058,2.60698],[117.49853,2.60918],[117.4982,2.60999],[117.49834,2.61079],[117.49919,2.61182],[117.49833,2.61611],[117.49893,2.61715],[117.50004,2.62225],[117.49926,2.62361],[117.49847,2.62588],[117.49997,2.63898],[117.49937,2.64305],[117.4973,2.64894],[117.49529,2.65132],[117.49706,2.65135],[117.499,2.65222],[117.50615,2.65513],[117.51127,2.65852],[117.51203,2.65921],[117.51524,2.66198],[117.51577,2.66549],[117.52026,2.66901],[117.52427,2.67051],[117.53082,2.67295],[117.53783,2.67563],[117.54126,2.67698],[117.55035,2.68079],[117.55684,2.68352],[117.56098,2.68636],[117.56481,2.68896],[117.56781,2.69446],[117.56805,2.69518],[117.56805,2.69518],[117.56809,2.69529],[117.5681,2.69532],[117.56962,2.69515],[117.57018,2.69493],[117.57049,2.69427],[117.57076,2.69414],[117.57107,2.6942],[117.57172,2.69503],[117.57221,2.69517],[117.57236,2.69521],[117.57271,2.69499],[117.57338,2.69459],[117.57419,2.69428],[117.5744,2.69381],[117.57221,2.69358],[117.57112,2.69309],[117.56961,2.69111],[117.56957,2.69107],[117.57168,2.68668],[117.57393,2.68202],[117.57401,2.68184],[117.57431,2.68113],[117.57431,2.68081],[117.57432,2.68082],[117.5743,2.68074],[117.57425,2.68067],[117.57421,2.68063],[117.57419,2.68058],[117.57419,2.68049],[117.57419,2.68044],[117.5742,2.68039],[117.57423,2.68033],[117.57427,2.68025],[117.5743,2.6802],[117.57442,2.68012],[117.57462,2.67985],[117.57463,2.67986],[117.57491,2.67951],[117.57514,2.67927],[117.57546,2.67908],[117.57563,2.67906],[117.57584,2.67913],[117.57616,2.67927],[117.57646,2.67943],[117.57674,2.67951],[117.5771,2.67959],[117.57764,2.67914],[117.57798,2.67911],[117.57832,2.67962],[117.57878,2.67974],[117.57974,2.67977],[117.58046,2.67966],[117.5806,2.67974],[117.58069,2.67982],[117.58076,2.68004],[117.58081,2.68041],[117.58082,2.6804],[117.5809,2.68066],[117.58095,2.6808],[117.58133,2.68112],[117.5819,2.68122],[117.58232,2.68114],[117.58232,2.68114],[117.58286,2.68118],[117.58314,2.6814],[117.58321,2.68166],[117.58292,2.68176],[117.5828,2.68205],[117.58295,2.68256],[117.58305,2.68318],[117.58262,2.68372],[117.58208,2.68407],[117.58132,2.68416],[117.58089,2.68439],[117.58077,2.68459],[117.58077,2.68459],[117.58045,2.68594],[117.5809,2.68627],[117.58155,2.68612],[117.58196,2.68624],[117.58194,2.68659],[117.5815,2.68684],[117.58087,2.68752],[117.58036,2.68954],[117.57963,2.69001],[117.57899,2.68936],[117.57969,2.68796],[117.57959,2.68776],[117.57947,2.68751],[117.57886,2.68755],[117.57788,2.68762],[117.57756,2.68776],[117.57684,2.68727],[117.57684,2.68727],[117.57687,2.69061],[117.57689,2.69274],[117.57689,2.69274],[117.57688,2.69275],[117.57614,2.69409],[117.57399,2.69623],[117.57399,2.69623],[117.5712,2.69746],[117.57117,2.69748],[117.57115,2.69747],[117.56886,2.69776],[117.56905,2.69836],[117.56945,2.69966],[117.57215,2.70327],[117.5757,2.705],[117.57776,2.70598],[117.58131,2.70825],[117.58145,2.70843],[117.58194,2.70769],[117.58286,2.7067],[117.58411,2.70526],[117.58603,2.70242],[117.58686,2.70133],[117.58763,2.70016],[117.58929,2.69877],[117.59045,2.69844],[117.59242,2.69828],[117.59436,2.69782],[117.59761,2.69703],[117.59824,2.69683],[117.60136,2.69554],[117.60165,2.69539],[117.60215,2.69482],[117.60445,2.69249],[117.60514,2.69082],[117.60528,2.69049],[117.60557,2.68976],[117.6061,2.68847],[117.60656,2.68611],[117.60669,2.68527],[117.60732,2.68197],[117.60814,2.68042],[117.60896,2.67824],[117.61054,2.67586],[117.61062,2.67569],[117.6113,2.6751],[117.61389,2.67277],[117.61511,2.6717],[117.61684,2.67098],[117.61857,2.67026],[117.62439,2.66776],[117.62711,2.66663],[117.63191,2.66527],[117.63524,2.6635],[117.63946,2.66295],[117.64257,2.66248],[117.64572,2.66202],[117.64696,2.66191],[117.65132,2.66137],[117.65418,2.66184],[117.65682,2.66226],[117.66018,2.66161],[117.66184,2.66128],[117.66388,2.6609],[117.66734,2.65814],[117.67087,2.6553],[117.67091,2.65527],[117.67176,2.65459],[117.67335,2.65322],[117.67608,2.65089],[117.67806,2.64801],[117.67978,2.64544],[117.68159,2.64347],[117.68278,2.64209],[117.68608,2.63973],[117.68765,2.63859],[117.69004,2.63688],[117.69293,2.63565],[117.69518,2.63487],[117.69755,2.63407],[117.7008,2.63348],[117.70255,2.63315],[117.70805,2.63209],[117.71012,2.6317],[117.71714,2.63035],[117.72218,2.63111],[117.72465,2.63152],[117.7265,2.6318],[117.72669,2.62745],[117.72674,2.6264],[117.72736,2.62423],[117.72825,2.6215],[117.72883,2.61967],[117.72883,2.61966],[117.73006,2.61681],[117.73177,2.61304],[117.73199,2.6125],[117.73256,2.61162],[117.73466,2.60816],[117.73558,2.60674],[117.73802,2.60282],[117.73832,2.60232],[117.73905,2.6017],[117.74122,2.59968],[117.7426,2.59746],[117.74305,2.59673],[117.74327,2.59635],[117.74303,2.59612],[117.74277,2.59505],[117.74405,2.59205],[117.74257,2.59088],[117.74165,2.59071],[117.74096,2.5914],[117.73999,2.59193],[117.73891,2.59281],[117.73738,2.59388],[117.73709,2.59406],[117.73625,2.59431],[117.73577,2.59351],[117.73568,2.59301],[117.73515,2.59237],[117.73446,2.59202],[117.73405,2.5917],[117.73365,2.59159],[117.73336,2.59112],[117.73236,2.59069],[117.73126,2.59079],[117.72964,2.59007],[117.72896,2.58943],[117.7285,2.58916],[117.72697,2.58873],[117.72541,2.58839],[117.72412,2.58841],[117.72254,2.58911],[117.72023,2.58851],[117.71906,2.5879],[117.71913,2.58612],[117.71922,2.58591],[117.71871,2.58556],[117.71651,2.58499],[117.71583,2.58523],[117.71559,2.58655],[117.71508,2.58707],[117.71376,2.5871],[117.71328,2.58659],[117.71317,2.58618],[117.71295,2.58558],[117.71273,2.58499],[117.71151,2.58358],[117.71098,2.583],[117.71056,2.58262],[117.70996,2.58209],[117.70908,2.58172],[117.70836,2.58079],[117.70693,2.57923],[117.70619,2.57836],[117.70343,2.57709],[117.70059,2.57582],[117.69743,2.5744],[117.69507,2.57231],[117.69378,2.57003],[117.69328,2.5691],[117.69235,2.56622],[117.69144,2.56346],[117.69077,2.56242],[117.68873,2.55923],[117.68472,2.55697],[117.68128,2.55505],[117.67891,2.55442],[117.67405,2.5531],[117.66945,2.55186],[117.66778,2.5514],[117.66375,2.5508],[117.66041,2.55029],[117.65787,2.55029],[117.65697,2.55031],[117.65463,2.55349],[117.65393,2.55445],[117.64978,2.55636],[117.6454,2.5568],[117.64384,2.55683],[117.64079,2.55682],[117.63818,2.55658],[117.63289,2.55602],[117.63229,2.55591],[117.62887,2.55321],[117.62835,2.55215],[117.62697,2.54941],[117.62669,2.54635],[117.62648,2.54366],[117.62605,2.54245],[117.62524,2.54007],[117.62439,2.53754],[117.62096,2.5345],[117.61695,2.53244],[117.61474,2.53125],[117.61218,2.52882],[117.61019,2.52697],[117.60934,2.52526],[117.60906,2.52469],[117.60891,2.52438],[117.60848,2.52352],[117.60858,2.52269],[117.60867,2.52237],[117.6087,2.52228],[117.60863,2.52215],[117.60856,2.52216],[117.60791,2.52223],[117.6074,2.52229],[117.60474,2.52259],[117.60306,2.52216],[117.60067,2.52156],[117.59575,2.52031],[117.59449,2.51999],[117.59374,2.51969],[117.59334,2.51954],[117.58788,2.51739],[117.58749,2.51697],[117.58695,2.5164],[117.58589,2.51527],[117.58289,2.51205],[117.58266,2.51181],[117.5801,2.50908],[117.57885,2.50774],[117.57653,2.50527],[117.57555,2.50422],[117.57525,2.5039],[117.57375,2.50254],[117.5727,2.50191],[117.57255,2.50182],[117.57208,2.50154],[117.57104,2.50191],[117.56995,2.50229],[117.56894,2.50291],[117.56776,2.50361],[117.56718,2.50385],[117.56666,2.50422],[117.56613,2.50459],[117.56535,2.50506],[117.56467,2.50571],[117.56444,2.50593],[117.5642,2.50616],[117.56228,2.50799],[117.56184,2.50944],[117.56136,2.51101],[117.56084,2.51272],[117.56014,2.51501],[117.55596,2.52869],[117.55598,2.5287],[117.5555,2.53091],[117.55213,2.53181],[117.55201,2.53143],[117.55153,2.52991],[117.55153,2.52808],[117.55152,2.52807],[117.5517,2.52777],[117.55294,2.52763],[117.55368,2.52789],[117.5537,2.52789],[117.5538,2.52187],[117.55385,2.51925],[117.55386,2.51846],[117.55389,2.51715],[117.55392,2.51517],[117.55107,2.51561],[117.55062,2.51575],[117.54959,2.51607],[117.54704,2.51688],[117.54669,2.5173],[117.54623,2.51785],[117.54527,2.51899],[117.54226,2.52026],[117.54058,2.52097],[117.53957,2.52139],[117.53446,2.52149],[117.53274,2.52153],[117.52842,2.52211],[117.52786,2.52219],[117.52727,2.52223],[117.52613,2.52239],[117.52315,2.52261],[117.5232,2.52544],[117.52327,2.5291],[117.52333,2.53263],[117.5234,2.53676],[117.5234,2.53676],[117.5234,2.53676],[117.5234,2.53708],[117.52205,2.53863],[117.52191,2.53946],[117.52135,2.54018],[117.52102,2.54203],[117.51914,2.54273],[117.51861,2.54438],[117.51765,2.54468],[117.51666,2.54566],[117.51673,2.54657],[117.51579,2.54865],[117.51435,2.54906],[117.5137,2.5483],[117.51283,2.54934],[117.51229,2.54957],[117.51002,2.55378],[117.50376,2.55432],[117.50177,2.55406],[117.4994,2.55484],[117.49794,2.55483],[117.49794,2.55484],[117.49719,2.55456],[117.49712,2.55456],[117.49711,2.55456]]]]},"properties":{"kdprov":"65","kdkab":"02","kdkec":"060","kddesa":"004","kdsls":"2002","idsls":"65020600042002","nmprov":"KALIMANTAN UTARA","nmkab":"BULUNGAN","nmkec":"TANJUNG PALAS TIMUR","nmdesa":"SAJAU","nmsls":"HUTAN"}},{"type":"Feature","geometry":{"type":"MultiPolygon","coordinates":[[[[117.86835,2.55655],[117.86538,2.55476],[117.86514,2.55465],[117.86504,2.55476],[117.85829,2.56276],[117.85985,2.56439],[117.85993,2.56431],[117.86078,2.56329],[117.86198,2.56189],[117.863,2.56069],[117.86407,2.55945],[117.86463,2.55888],[117.86507,2.55844],[117.86557,2.55805],[117.86635,2.5575],[117.86687,2.55719],[117.86728,2.557],[117.86789,2.55677],[117.86835,2.55655]]]]},"properties":{"kdprov":"65","kdkab":"02","kdkec":"060","kddesa":"001","kdsls":"0005","idsls":"65020600010005","nmprov":"KALIMANTAN UTARA","nmkab":"BULUNGAN","nmkec":"TANJUNG PALAS TIMUR","nmdesa":"MANGKU PADI","nmsls":"RT 005 RW 001"}},{"type":"Feature","geometry":{"type":"MultiPolygon","coordinates":[[[[117.80179,2.61973],[117.80522,2.61479],[117.80525,2.61475],[117.80408,2.61391],[117.80259,2.61308],[117.8021,2.6126],[117.80182,2.61226],[117.80171,2.6121],[117.80169,2.61184],[117.80169,2.61159],[117.80174,2.61136],[117.8021,2.61074],[117.80225,2.61041],[117.80225,2.61022],[117.80223,2.60999],[117.80213,2.60976],[117.80205,2.60938],[117.80208,2.60923],[117.80216,2.60904],[117.80241,2.6085],[117.80244,2.60825],[117.80244,2.60799],[117.80244,2.60793],[117.80239,2.60691],[117.80193,2.60563],[117.80202,2.60482],[117.80202,2.60482],[117.8008,2.6038],[117.79999,2.60352],[117.79972,2.60341],[117.79971,2.60342],[117.79696,2.61762],[117.79767,2.61788],[117.79833,2.61809],[117.7984,2.61811],[117.79964,2.6185],[117.79969,2.61852],[117.8,2.61864],[117.80073,2.61888],[117.80143,2.61946],[117.80179,2.61973]]]]},"properties":{"kdprov":"65","kdkab":"02","kdkec":"060","kddesa":"002","kdsls":"0003","idsls":"65020600020003","nmprov":"KALIMANTAN UTARA","nmkab":"BULUNGAN","nmkec":"TANJUNG PALAS TIMUR","nmdesa":"TANAH KUNING","nmsls":"RT 003 RW 001"}},{"type":"Feature","geometry":{"type":"MultiPolygon","coordinates":[[[[117.81373,2.60367],[117.81375,2.60362],[117.81382,2.60345],[117.81398,2.60299],[117.81412,2.6024],[117.81428,2.60159],[117.8144,2.60091],[117.81444,2.60061],[117.81447,2.60053],[117.81445,2.60038],[117.81442,2.60001],[117.8144,2.59993],[117.81435,2.59984],[117.81428,2.5997],[117.81422,2.59962],[117.81415,2.59947],[117.81407,2.59935],[117.81394,2.59914],[117.81388,2.59904],[117.81384,2.59897],[117.81385,2.59889],[117.81386,2.59885],[117.81388,2.59881],[117.81392,2.59877],[117.81404,2.59873],[117.81428,2.59866],[117.81442,2.59863],[117.81457,2.59859],[117.8147,2.59853],[117.81479,2.59848],[117.81485,2.59822],[117.81486,2.59788],[117.81483,2.59781],[117.81471,2.59761],[117.81464,2.59743],[117.81468,2.59725],[117.81486,2.59679],[117.81392,2.59557],[117.81391,2.59556],[117.81334,2.59591],[117.81275,2.59653],[117.81208,2.59777],[117.81174,2.59823],[117.81118,2.59882],[117.81072,2.59882],[117.80967,2.59882],[117.80933,2.59883],[117.80902,2.59898],[117.80839,2.59931],[117.80764,2.59967],[117.80578,2.60215],[117.80577,2.60215],[117.80569,2.60228],[117.80547,2.60268],[117.80626,2.6023],[117.80681,2.60197],[117.80702,2.60205],[117.80726,2.60226],[117.80769,2.60242],[117.80863,2.60258],[117.81006,2.60274],[117.81131,2.60306],[117.81358,2.604],[117.81358,2.604],[117.81358,2.604],[117.81358,2.604],[117.81358,2.604],[117.81358,2.604],[117.81358,2.604],[117.8137,2.60373],[117.8137,2.60373],[117.81371,2.60373],[117.81373,2.60367]]]]},"properties":{"kdprov":"65","kdkab":"02","kdkec":"060","kddesa":"002","kdsls":"0005","idsls":"65020600020005","nmprov":"KALIMANTAN UTARA","nmkab":"BULUNGAN","nmkec":"TANJUNG PALAS TIMUR","nmdesa":"TANAH KUNING","nmsls":"RT 005 RW 002"}},{"type":"Feature","geometry":{"type":"MultiPolygon","coordinates":[[[[117.83655,2.53783],[117.83622,2.53773],[117.8358,2.53803],[117.83553,2.53851],[117.83485,2.53898],[117.8344,2.53951],[117.83437,2.53986],[117.834,2.54009],[117.83319,2.53993],[117.83284,2.54],[117.83279,2.54025],[117.8331,2.54087],[117.83292,2.54131],[117.83176,2.54154],[117.83128,2.54129],[117.83117,2.54088],[117.83119,2.54044],[117.83082,2.54],[117.83019,2.53989],[117.82973,2.54012],[117.82926,2.54001],[117.82909,2.53971],[117.82902,2.53916],[117.82865,2.53887],[117.82837,2.53851],[117.82787,2.53819],[117.82766,2.53787],[117.82765,2.53755],[117.82779,2.53727],[117.82765,2.53693],[117.8272,2.53673],[117.82679,2.53689],[117.82647,2.53679],[117.82573,2.53618],[117.82529,2.53605],[117.82488,2.53629],[117.82458,2.53671],[117.82431,2.53681],[117.82395,2.53656],[117.82384,2.53613],[117.82385,2.53563],[117.82375,2.5354],[117.8236,2.53535],[117.82315,2.53544],[117.82284,2.53566],[117.82251,2.53555],[117.82207,2.53502],[117.82178,2.53491],[117.82108,2.53492],[117.82031,2.53496],[117.81915,2.53447],[117.81857,2.53435],[117.8181,2.53409],[117.81803,2.53372],[117.81828,2.53331],[117.8187,2.53308],[117.81877,2.53262],[117.81831,2.53237],[117.81792,2.53227],[117.81766,2.53208],[117.81737,2.53183],[117.81701,2.53208],[117.81688,2.53249],[117.81698,2.53294],[117.81678,2.53324],[117.8165,2.53333],[117.81619,2.53319],[117.8161,2.53287],[117.81618,2.53234],[117.81589,2.53193],[117.8154,2.53161],[117.81529,2.53118],[117.81524,2.53083],[117.81488,2.53053],[117.81442,2.53066],[117.81411,2.531],[117.81337,2.53132],[117.81245,2.53158],[117.81198,2.53138],[117.81196,2.53115],[117.81215,2.53088],[117.81261,2.53069],[117.81325,2.53053],[117.81347,2.53026],[117.81331,2.52998],[117.81278,2.52985],[117.81229,2.52958],[117.81198,2.52924],[117.81149,2.52915],[117.81065,2.52956],[117.81037,2.52978],[117.80973,2.52961],[117.80917,2.52922],[117.80888,2.5289],[117.80847,2.52892],[117.80824,2.52919],[117.80832,2.5297],[117.80862,2.53021],[117.8091,2.53049],[117.80953,2.53076],[117.80962,2.5312],[117.80933,2.53145],[117.80895,2.53138],[117.80831,2.53097],[117.80718,2.53056],[117.80602,2.53015],[117.80569,2.53028],[117.80536,2.53072],[117.80482,2.53076],[117.8044,2.53019],[117.80394,2.5297],[117.80396,2.52928],[117.80375,2.52882],[117.80328,2.52838],[117.80234,2.5284],[117.8013,2.52838],[117.80054,2.52891],[117.79973,2.52918],[117.79937,2.52902],[117.79892,2.5285],[117.79852,2.52839],[117.79828,2.5286],[117.79837,2.52935],[117.79818,2.52964],[117.79782,2.52959],[117.79772,2.52925],[117.7978,2.52852],[117.79757,2.52812],[117.79714,2.52803],[117.79671,2.52775],[117.79647,2.52757],[117.79616,2.52777],[117.79603,2.52821],[117.79595,2.52886],[117.79579,2.52955],[117.79557,2.52987],[117.7953,2.53009],[117.7944,2.52991],[117.79374,2.52983],[117.79345,2.53015],[117.79354,2.53073],[117.7939,2.53113],[117.79389,2.53142],[117.79371,2.53156],[117.79295,2.53161],[117.79256,2.53205],[117.79254,2.53281],[117.79211,2.53336],[117.79122,2.5334],[117.79031,2.5333],[117.78951,2.53358],[117.78875,2.53378],[117.78848,2.53358],[117.78837,2.53312],[117.78826,2.53267],[117.78792,2.53251],[117.78749,2.53275],[117.78705,2.53295],[117.78646,2.53291],[117.78585,2.53316],[117.78469,2.53384],[117.78368,2.53416],[117.78297,2.53488],[117.78247,2.53506],[117.78187,2.53505],[117.78138,2.53541],[117.78094,2.53537],[117.7801,2.53477],[117.77917,2.53474],[117.77789,2.53475],[117.77678,2.53442],[117.77629,2.53356],[117.77613,2.53268],[117.77564,2.5322],[117.77501,2.5322],[117.77422,2.53227],[117.77362,2.53272],[117.77269,2.53315],[117.7717,2.5334],[117.77154,2.53369],[117.77147,2.5348],[117.77089,2.53565],[117.77088,2.5361],[117.77056,2.53656],[117.77208,2.53695],[117.7721,2.53671],[117.7731,2.5371],[117.77445,2.53765],[117.77733,2.53706],[117.78047,2.53721],[117.78171,2.53667],[117.78304,2.53603],[117.78581,2.53598],[117.78797,2.53595],[117.78923,2.53591],[117.79383,2.53553],[117.79606,2.53533],[117.80114,2.53489],[117.80286,2.53499],[117.80425,2.53505],[117.80654,2.53517],[117.80873,2.5364],[117.81051,2.5374],[117.81148,2.53797],[117.81323,2.53896],[117.81515,2.53986],[117.8168,2.54064],[117.81984,2.54207],[117.82137,2.54279],[117.82293,2.54351],[117.82374,2.54389],[117.82434,2.5442],[117.82638,2.54553],[117.82789,2.54586],[117.82876,2.54603],[117.82942,2.54777],[117.83164,2.54822],[117.83346,2.5486],[117.83568,2.54884],[117.83686,2.54897],[117.83647,2.54875],[117.83597,2.54832],[117.83561,2.5477],[117.83547,2.54724],[117.83552,2.5468],[117.83591,2.5464],[117.83612,2.5449],[117.83606,2.54344],[117.83626,2.54077],[117.83632,2.53844],[117.8365,2.53796],[117.83655,2.53783]]]]},"properties":{"kdprov":"65","kdkab":"02","kdkec":"060","kddesa":"001","kdsls":"0014","idsls":"65020600010014","nmprov":"KALIMANTAN UTARA","nmkab":"BULUNGAN","nmkec":"TANJUNG PALAS TIMUR","nmdesa":"MANGKU PADI","nmsls":"RT 014 RW 001"}},{"type":"Feature","geometry":{"type":"MultiPolygon","coordinates":[[[[117.83655,2.53783],[117.8365,2.53796],[117.83632,2.53844],[117.83626,2.54077],[117.83606,2.54344],[117.83612,2.5449],[117.83591,2.5464],[117.83552,2.5468],[117.83547,2.54724],[117.83561,2.5477],[117.83597,2.54832],[117.83647,2.54875],[117.83686,2.54897],[117.83698,2.54898],[117.83831,2.54928],[117.83933,2.54959],[117.83962,2.54954],[117.84057,2.54954],[117.84205,2.5496],[117.84235,2.54963],[117.8425,2.54932],[117.84316,2.54843],[117.84391,2.54764],[117.8446,2.5467],[117.84472,2.54591],[117.84488,2.54538],[117.84508,2.54493],[117.84539,2.54462],[117.84569,2.5441],[117.84613,2.54306],[117.84639,2.54247],[117.84701,2.54217],[117.84883,2.54221],[117.84922,2.54189],[117.84942,2.5408],[117.84936,2.54022],[117.84974,2.53957],[117.85028,2.53831],[117.85068,2.53777],[117.85152,2.53688],[117.85235,2.53613],[117.85287,2.53569],[117.85303,2.53502],[117.85268,2.53424],[117.85246,2.53343],[117.8526,2.5327],[117.85297,2.532],[117.85402,2.5313],[117.8551,2.53071],[117.85599,2.52998],[117.85715,2.52912],[117.85771,2.52853],[117.85806,2.52788],[117.85798,2.52716],[117.85739,2.52646],[117.85666,2.52487],[117.85618,2.52441],[117.85556,2.52414],[117.8551,2.52379],[117.85453,2.52332],[117.85439,2.52312],[117.85437,2.52276],[117.85394,2.5235],[117.85361,2.52417],[117.85274,2.52497],[117.85167,2.52557],[117.85067,2.5259],[117.84747,2.5257],[117.84587,2.5255],[117.84446,2.5249],[117.8426,2.52624],[117.84159,2.52797],[117.84059,2.52897],[117.83966,2.53064],[117.83906,2.53164],[117.83832,2.53304],[117.83655,2.53783]]]]},"properties":{"kdprov":"65","kdkab":"02","kdkec":"060","kddesa":"001","kdsls":"0009","idsls":"65020600010009","nmprov":"KALIMANTAN UTARA","nmkab":"BULUNGAN","nmkec":"TANJUNG PALAS TIMUR","nmdesa":"MANGKU PADI","nmsls":"RT 009 RW 001"}},{"type":"Feature","geometry":{"type":"MultiPolygon","coordinates":[[[[117.92653,2.47574],[117.92753,2.47406],[117.92918,2.47466],[117.92918,2.47466],[117.9324,2.47456],[117.93248,2.47498],[117.93277,2.47531],[117.9346,2.47315],[117.93469,2.47345],[117.93459,2.47385],[117.93437,2.47421],[117.9343,2.47441],[117.9347,2.4746],[117.9349,2.47468],[117.9353,2.47476],[117.93584,2.47453],[117.93617,2.47428],[117.93635,2.47416],[117.93682,2.47393],[117.93698,2.47389],[117.937,2.47387],[117.9371,2.4738],[117.93732,2.47366],[117.93741,2.47358],[117.93769,2.47333],[117.93797,2.47305],[117.93816,2.47286],[117.93957,2.47131],[117.94172,2.46902],[117.94258,2.46813],[117.94343,2.46725],[117.94403,2.46663],[117.94943,2.46124],[117.95093,2.45981],[117.95196,2.45883],[117.95439,2.45645],[117.95609,2.45484],[117.959,2.45222],[117.9632,2.44892],[117.96407,2.44825],[117.96519,2.44737],[117.96588,2.44683],[117.96796,2.44548],[117.96969,2.44436],[117.97175,2.44328],[117.97298,2.44247],[117.97391,2.44167],[117.97416,2.44141],[117.97452,2.44082],[117.97496,2.44026],[117.97516,2.44011],[117.97524,2.44008],[117.97555,2.44014],[117.97565,2.44014],[117.97622,2.44011],[117.97644,2.44012],[117.97669,2.44017],[117.97685,2.44023],[117.97708,2.44034],[117.97721,2.44034],[117.97735,2.4403],[117.9777,2.44012],[117.97896,2.43946],[117.97928,2.43928],[117.9805,2.43858],[117.98154,2.43791],[117.98227,2.43744],[117.98309,2.43688],[117.98375,2.43658],[117.98398,2.43648],[117.98449,2.43625],[117.98517,2.43594],[117.98585,2.43575],[117.98593,2.43572],[117.9868,2.43552],[117.98734,2.4354],[117.989,2.43502],[117.98878,2.43506],[117.98814,2.43427],[117.98747,2.43364],[117.97929,2.42652],[117.97469,2.4255],[117.97079,2.42464],[117.96827,2.42572],[117.96822,2.42572],[117.96715,2.42583],[117.96234,2.42728],[117.96033,2.42753],[117.95875,2.42691],[117.95835,2.42607],[117.95769,2.42465],[117.95813,2.42199],[117.95676,2.41866],[117.95631,2.41716],[117.95582,2.41557],[117.95148,2.41371],[117.94886,2.41127],[117.9473,2.41057],[117.94313,2.40869],[117.94267,2.40842],[117.94254,2.40834],[117.94187,2.4078],[117.9408,2.40766],[117.93926,2.40633],[117.93812,2.40557],[117.93727,2.40526],[117.93694,2.40505],[117.93694,2.40506],[117.93541,2.4068],[117.93429,2.40779],[117.93317,2.40835],[117.93139,2.40774],[117.9307,2.40772],[117.9298,2.40818],[117.92936,2.40919],[117.9292,2.41036],[117.92887,2.41116],[117.92768,2.41228],[117.92559,2.41249],[117.9248,2.4148],[117.92377,2.4159],[117.92339,2.417],[117.92266,2.41755],[117.92156,2.41757],[117.91428,2.41252],[117.91289,2.40994],[117.91174,2.40895],[117.91049,2.40699],[117.90745,2.4062],[117.9058,2.40612],[117.90307,2.40587],[117.90125,2.40536],[117.90012,2.40466],[117.90012,2.40466],[117.89956,2.40418],[117.89713,2.40211],[117.89684,2.402],[117.89638,2.40182],[117.89617,2.40173],[117.89523,2.40136],[117.89485,2.40122],[117.89386,2.40083],[117.89315,2.3999],[117.89293,2.39856],[117.8929,2.39838],[117.89288,2.39838],[117.89059,2.398],[117.88832,2.39762],[117.8881,2.39758],[117.88242,2.39662],[117.86411,2.39296],[117.86376,2.39289],[117.8629,2.39224],[117.8512,2.3834],[117.85095,2.38322],[117.84524,2.37858],[117.84159,2.37495],[117.83805,2.37328],[117.83707,2.37209],[117.83689,2.37189],[117.83615,2.37099],[117.83424,2.36765],[117.82992,2.36459],[117.82862,2.36359],[117.82808,2.36318],[117.82783,2.36299],[117.8269,2.36284],[117.82496,2.36254],[117.82189,2.36132],[117.82176,2.35856],[117.82177,2.35846],[117.82182,2.3574],[117.82184,2.35629],[117.82188,2.3531],[117.82226,2.35222],[117.82263,2.35136],[117.82317,2.35011],[117.82431,2.34822],[117.82389,2.34773],[117.82341,2.34719],[117.82194,2.34584],[117.82124,2.34507],[117.82112,2.34402],[117.82135,2.34346],[117.82177,2.34245],[117.82138,2.34063],[117.81986,2.33905],[117.81869,2.33783],[117.81606,2.33424],[117.81519,2.33282],[117.81488,2.33076],[117.81356,2.32901],[117.8116,2.32642],[117.80656,2.32601],[117.80611,2.32597],[117.80594,2.32596],[117.80397,2.32468],[117.80343,2.3246],[117.79842,2.32387],[117.79108,2.3253],[117.78949,2.32686],[117.78878,2.32756],[117.78507,2.33121],[117.78122,2.33004],[117.78042,2.3298],[117.77934,2.32947],[117.77462,2.32971],[117.77117,2.33013],[117.77089,2.33079],[117.77058,2.3315],[117.76961,2.3337],[117.76777,2.33331],[117.7666,2.33307],[117.76437,2.33261],[117.76303,2.33356],[117.76102,2.335],[117.76034,2.33401],[117.75993,2.33342],[117.75926,2.33244],[117.75715,2.32938],[117.75147,2.32787],[117.74965,2.32747],[117.74949,2.32737],[117.74937,2.32734],[117.74925,2.32738],[117.74691,2.32687],[117.74634,2.32843],[117.74619,2.32886],[117.74447,2.33357],[117.74429,2.33407],[117.74155,2.33629],[117.73922,2.33819],[117.73904,2.33833],[117.73204,2.34151],[117.72846,2.34313],[117.72617,2.34397],[117.72368,2.34609],[117.72292,2.34617],[117.72202,2.34626],[117.72106,2.34683],[117.72079,2.34755],[117.72004,2.34948],[117.71998,2.34962],[117.7197,2.35034],[117.71964,2.35052],[117.71913,2.35184],[117.7181,2.35449],[117.71817,2.3546],[117.71906,2.35605],[117.71673,2.35649],[117.71663,2.35676],[117.71658,2.35685],[117.71591,2.35803],[117.71631,2.36012],[117.71666,2.36192],[117.71635,2.36351],[117.71517,2.36948],[117.71404,2.37006],[117.71356,2.3703],[117.71259,2.3708],[117.71228,2.37121],[117.71229,2.37211],[117.71229,2.37295],[117.71229,2.37317],[117.71229,2.37325],[117.712,2.37734],[117.71139,2.38042],[117.69379,2.38586],[117.6959,2.38863],[117.70371,2.3989],[117.70365,2.39896],[117.70129,2.40185],[117.69955,2.40301],[117.69843,2.40376],[117.69809,2.40398],[117.69638,2.40506],[117.6935,2.40481],[117.69061,2.4054],[117.68798,2.40641],[117.68798,2.40641],[117.68698,2.40802],[117.6861,2.40941],[117.68314,2.41413],[117.68257,2.4154],[117.68079,2.41938],[117.68039,2.42027],[117.67865,2.42414],[117.6785,2.42448],[117.6778,2.42604],[117.67646,2.429],[117.67584,2.43038],[117.67446,2.43344],[117.6741,2.43456],[117.67322,2.43727],[117.67231,2.44007],[117.67134,2.44306],[117.66983,2.44769],[117.6697,2.4481],[117.66916,2.44864],[117.66508,2.45263],[117.66364,2.45404],[117.66217,2.45528],[117.66046,2.45671],[117.65877,2.45813],[117.65649,2.46005],[117.65398,2.46216],[117.6526,2.46402],[117.65087,2.46634],[117.64909,2.46873],[117.64747,2.47051],[117.64331,2.4751],[117.64183,2.47673],[117.64042,2.47829],[117.63967,2.47912],[117.63891,2.47995],[117.63814,2.48172],[117.63612,2.48634],[117.63589,2.48687],[117.6336,2.49211],[117.63257,2.49449],[117.63079,2.49857],[117.6303,2.49948],[117.62954,2.50092],[117.62765,2.50448],[117.62525,2.50698],[117.62326,2.50905],[117.62275,2.50958],[117.62011,2.51234],[117.61981,2.51265],[117.61585,2.51631],[117.61435,2.51834],[117.61283,2.51992],[117.61208,2.52032],[117.60973,2.52156],[117.60863,2.52215],[117.6087,2.52228],[117.60867,2.52237],[117.60858,2.52269],[117.60848,2.52352],[117.60891,2.52438],[117.60906,2.52469],[117.60934,2.52526],[117.61019,2.52697],[117.61218,2.52882],[117.61474,2.53125],[117.61695,2.53244],[117.62096,2.5345],[117.62439,2.53754],[117.62524,2.54007],[117.62605,2.54245],[117.62648,2.54366],[117.62669,2.54635],[117.62697,2.54941],[117.62835,2.55215],[117.62887,2.55321],[117.63229,2.55591],[117.63289,2.55602],[117.63818,2.55658],[117.64079,2.55682],[117.64384,2.55683],[117.6454,2.5568],[117.64978,2.55636],[117.65393,2.55445],[117.65463,2.55349],[117.65697,2.55031],[117.65787,2.55029],[117.66041,2.55029],[117.66375,2.5508],[117.66778,2.5514],[117.66945,2.55186],[117.67405,2.5531],[117.67891,2.55442],[117.68128,2.55505],[117.68472,2.55697],[117.68873,2.55923],[117.69077,2.56242],[117.69144,2.56346],[117.69235,2.56622],[117.69328,2.5691],[117.69378,2.57003],[117.69507,2.57231],[117.69743,2.5744],[117.70059,2.57582],[117.70343,2.57709],[117.70619,2.57836],[117.70693,2.57923],[117.70836,2.58079],[117.70908,2.58172],[117.70996,2.58209],[117.71056,2.58262],[117.71098,2.583],[117.71151,2.58358],[117.71273,2.58499],[117.71295,2.58558],[117.71317,2.58618],[117.71328,2.58659],[117.71376,2.5871],[117.71508,2.58707],[117.71559,2.58655],[117.71583,2.58523],[117.71651,2.58499],[117.71871,2.58556],[117.71922,2.58591],[117.71913,2.58612],[117.71906,2.5879],[117.72023,2.58851],[117.72254,2.58911],[117.72412,2.58841],[117.72541,2.58839],[117.72697,2.58873],[117.7285,2.58916],[117.72896,2.58943],[117.72964,2.59007],[117.73126,2.59079],[117.73236,2.59069],[117.73336,2.59112],[117.73365,2.59159],[117.73405,2.5917],[117.73446,2.59202],[117.73515,2.59237],[117.73568,2.59301],[117.73577,2.59351],[117.73625,2.59431],[117.73709,2.59406],[117.73738,2.59388],[117.73891,2.59281],[117.73999,2.59193],[117.74096,2.5914],[117.74165,2.59071],[117.74257,2.59088],[117.74405,2.59205],[117.74277,2.59505],[117.74303,2.59612],[117.74327,2.59635],[117.74483,2.59377],[117.74588,2.59209],[117.74704,2.59166],[117.74913,2.59086],[117.7514,2.58885],[117.75372,2.58885],[117.75442,2.58848],[117.75582,2.58766],[117.75663,2.58798],[117.75718,2.58711],[117.75952,2.58624],[117.76067,2.58477],[117.7607,2.58329],[117.76271,2.58168],[117.76346,2.58118],[117.76505,2.58035],[117.76625,2.58039],[117.76647,2.57865],[117.76588,2.57801],[117.76401,2.57614],[117.76085,2.5735],[117.76084,2.57117],[117.76023,2.56836],[117.76022,2.56824],[117.76286,2.5671],[117.76458,2.56363],[117.76132,2.56034],[117.76084,2.55979],[117.75798,2.5584],[117.75792,2.55838],[117.75847,2.55611],[117.75997,2.55454],[117.7614,2.55158],[117.76313,2.54944],[117.76367,2.54871],[117.76574,2.5484],[117.76775,2.54467],[117.76847,2.54407],[117.77097,2.5423],[117.77185,2.53937],[117.77208,2.53695],[117.77056,2.53656],[117.77088,2.5361],[117.77089,2.53565],[117.77147,2.5348],[117.77154,2.53369],[117.7717,2.5334],[117.77269,2.53315],[117.77362,2.53272],[117.77422,2.53227],[117.77501,2.5322],[117.77564,2.5322],[117.77613,2.53268],[117.77629,2.53356],[117.77678,2.53442],[117.77789,2.53475],[117.77917,2.53474],[117.7801,2.53477],[117.78094,2.53537],[117.78138,2.53541],[117.78187,2.53505],[117.78247,2.53506],[117.78297,2.53488],[117.78368,2.53416],[117.78469,2.53384],[117.78585,2.53316],[117.78646,2.53291],[117.78705,2.53295],[117.78749,2.53275],[117.78792,2.53251],[117.78826,2.53267],[117.78837,2.53312],[117.78848,2.53358],[117.78875,2.53378],[117.78951,2.53358],[117.79031,2.5333],[117.79122,2.5334],[117.79211,2.53336],[117.79254,2.53281],[117.79256,2.53205],[117.79295,2.53161],[117.79371,2.53156],[117.79389,2.53142],[117.7939,2.53113],[117.79354,2.53073],[117.79345,2.53015],[117.79374,2.52983],[117.7944,2.52991],[117.7953,2.53009],[117.79557,2.52987],[117.79579,2.52955],[117.79595,2.52886],[117.79603,2.52821],[117.79616,2.52777],[117.79647,2.52757],[117.79671,2.52775],[117.79714,2.52803],[117.79757,2.52812],[117.7978,2.52852],[117.79772,2.52925],[117.79782,2.52959],[117.79818,2.52964],[117.79837,2.52935],[117.79828,2.5286],[117.79852,2.52839],[117.79892,2.5285],[117.79937,2.52902],[117.79973,2.52918],[117.80054,2.52891],[117.8013,2.52838],[117.80234,2.5284],[117.80328,2.52838],[117.80375,2.52882],[117.80396,2.52928],[117.80394,2.5297],[117.8044,2.53019],[117.80482,2.53076],[117.80536,2.53072],[117.80569,2.53028],[117.80602,2.53015],[117.80718,2.53056],[117.80831,2.53097],[117.80895,2.53138],[117.80933,2.53145],[117.80962,2.5312],[117.80953,2.53076],[117.8091,2.53049],[117.80862,2.53021],[117.80832,2.5297],[117.80824,2.52919],[117.80847,2.52892],[117.80888,2.5289],[117.80917,2.52922],[117.80973,2.52961],[117.81037,2.52978],[117.81065,2.52956],[117.81149,2.52915],[117.81198,2.52924],[117.81229,2.52958],[117.81278,2.52985],[117.81331,2.52998],[117.81347,2.53026],[117.81325,2.53053],[117.81261,2.53069],[117.81215,2.53088],[117.81196,2.53115],[117.81198,2.53138],[117.81245,2.53158],[117.81337,2.53132],[117.81411,2.531],[117.81442,2.53066],[117.81488,2.53053],[117.81524,2.53083],[117.81529,2.53118],[117.8154,2.53161],[117.81589,2.53193],[117.81618,2.53234],[117.8161,2.53287],[117.81619,2.53319],[117.8165,2.53333],[117.81678,2.53324],[117.81698,2.53294],[117.81688,2.53249],[117.81701,2.53208],[117.81737,2.53183],[117.81766,2.53208],[117.81792,2.53227],[117.81831,2.53237],[117.81877,2.53262],[117.8187,2.53308],[117.81828,2.53331],[117.81803,2.53372],[117.8181,2.53409],[117.81857,2.53435],[117.81915,2.53447],[117.82031,2.53496],[117.82108,2.53492],[117.82178,2.53491],[117.82207,2.53502],[117.82251,2.53555],[117.82284,2.53566],[117.82315,2.53544],[117.8236,2.53535],[117.82375,2.5354],[117.82385,2.53563],[117.82384,2.53613],[117.82395,2.53656],[117.82431,2.53681],[117.82458,2.53671],[117.82488,2.53629],[117.82529,2.53605],[117.82573,2.53618],[117.82647,2.53679],[117.82679,2.53689],[117.8272,2.53673],[117.82765,2.53693],[117.82779,2.53727],[117.82765,2.53755],[117.82766,2.53787],[117.82787,2.53819],[117.82837,2.53851],[117.82865,2.53887],[117.82902,2.53916],[117.82909,2.53971],[117.82926,2.54001],[117.82973,2.54012],[117.83019,2.53989],[117.83082,2.54],[117.83119,2.54044],[117.83117,2.54088],[117.83128,2.54129],[117.83176,2.54154],[117.83292,2.54131],[117.8331,2.54087],[117.83279,2.54025],[117.83284,2.54],[117.83319,2.53993],[117.834,2.54009],[117.83437,2.53986],[117.8344,2.53951],[117.83485,2.53898],[117.83553,2.53851],[117.8358,2.53803],[117.83622,2.53773],[117.83655,2.53783],[117.83832,2.53304],[117.83906,2.53164],[117.83966,2.53064],[117.84059,2.52897],[117.84159,2.52797],[117.8426,2.52624],[117.84446,2.5249],[117.84587,2.5255],[117.84747,2.5257],[117.85067,2.5259],[117.85167,2.52557],[117.85274,2.52497],[117.85361,2.52417],[117.85394,2.5235],[117.85437,2.52276],[117.85463,2.5223],[117.85467,2.52224],[117.85547,2.5213],[117.85721,2.52077],[117.85794,2.52044],[117.85834,2.5199],[117.85961,2.51924],[117.85964,2.51933],[117.86446,2.51706],[117.8645,2.51706],[117.86583,2.51603],[117.86601,2.51591],[117.86652,2.51591],[117.8877,2.50055],[117.88768,2.50003],[117.88753,2.50001],[117.88803,2.49949],[117.88859,2.49891],[117.88857,2.4988],[117.88888,2.49913],[117.88908,2.50036],[117.88908,2.50103],[117.88878,2.50223],[117.88821,2.50293],[117.88798,2.50383],[117.88805,2.50503],[117.88855,2.50613],[117.88915,2.50676],[117.88995,2.507],[117.89095,2.507],[117.89168,2.5069],[117.89258,2.5073],[117.89315,2.50796],[117.89332,2.50913],[117.89339,2.5106],[117.89332,2.5113],[117.89328,2.5122],[117.89405,2.51306],[117.89489,2.51366],[117.89562,2.5142],[117.89585,2.5146],[117.89625,2.51546],[117.89672,2.51563],[117.89792,2.51563],[117.89912,2.51543],[117.90159,2.51533],[117.90269,2.51493],[117.90373,2.5144],[117.9048,2.51386],[117.90563,2.51333],[117.9069,2.5119],[117.90907,2.5107],[117.90955,2.50998],[117.91009,2.50918],[117.91119,2.50757],[117.91209,2.50629],[117.91279,2.5053],[117.91286,2.50517],[117.9129,2.50498],[117.91295,2.50486],[117.91305,2.50476],[117.9135,2.5042],[117.914,2.50342],[117.9149,2.50212],[117.91594,2.50059],[117.91632,2.5],[117.91649,2.49972],[117.91687,2.49917],[117.91725,2.49865],[117.91742,2.49842],[117.91784,2.49793],[117.91797,2.49778],[117.91871,2.49693],[117.91927,2.49628],[117.91978,2.49561],[117.92011,2.49525],[117.92057,2.49447],[117.9206,2.49441],[117.92098,2.49388],[117.92129,2.49347],[117.92163,2.49301],[117.9218,2.4927],[117.92197,2.49249],[117.92217,2.49232],[117.92236,2.4921],[117.92266,2.49185],[117.92312,2.49152],[117.92347,2.49127],[117.92353,2.49091],[117.92376,2.49013],[117.9239,2.48993],[117.92415,2.48962],[117.92473,2.48889],[117.92557,2.48785],[117.92604,2.48726],[117.92318,2.48554],[117.92309,2.4855],[117.92354,2.47418],[117.92379,2.47418],[117.92412,2.47434],[117.92521,2.47484],[117.92584,2.47523],[117.92634,2.47554],[117.92653,2.47574]]]]},"properties":{"kdprov":"65","kdkab":"02","kdkec":"060","kddesa":"001","kdsls":"2001","idsls":"65020600012001","nmprov":"KALIMANTAN UTARA","nmkab":"BULUNGAN","nmkec":"TANJUNG PALAS TIMUR","nmdesa":"MANGKU PADI","nmsls":"HUTAN"}},{"type":"Feature","geometry":{"type":"MultiPolygon","coordinates":[[[[117.85437,2.52276],[117.85439,2.52312],[117.85453,2.52332],[117.8551,2.52379],[117.85556,2.52414],[117.85618,2.52441],[117.85666,2.52487],[117.85739,2.52646],[117.85798,2.52716],[117.85806,2.52788],[117.85771,2.52853],[117.85715,2.52912],[117.85599,2.52998],[117.8551,2.53071],[117.85402,2.5313],[117.85297,2.532],[117.8526,2.5327],[117.85246,2.53343],[117.85268,2.53424],[117.85303,2.53502],[117.85287,2.53569],[117.85235,2.53613],[117.85152,2.53688],[117.85068,2.53777],[117.85028,2.53831],[117.84974,2.53957],[117.84936,2.54022],[117.84942,2.5408],[117.84922,2.54189],[117.84883,2.54221],[117.84701,2.54217],[117.84639,2.54247],[117.84613,2.54306],[117.84569,2.5441],[117.84539,2.54462],[117.84508,2.54493],[117.84488,2.54538],[117.84472,2.54591],[117.8446,2.5467],[117.84391,2.54764],[117.84316,2.54843],[117.8425,2.54932],[117.84235,2.54963],[117.84285,2.54968],[117.8434,2.54974],[117.84616,2.55009],[117.84854,2.55045],[117.84934,2.55047],[117.85013,2.55064],[117.85058,2.55079],[117.85094,2.55077],[117.85163,2.55084],[117.85256,2.55105],[117.85356,2.55149],[117.85447,2.55171],[117.85473,2.55027],[117.85491,2.55019],[117.85457,2.55013],[117.85416,2.54989],[117.85399,2.54961],[117.85389,2.54908],[117.85394,2.54858],[117.85382,2.54821],[117.85341,2.54806],[117.85319,2.54806],[117.85279,2.54828],[117.85254,2.54866],[117.85227,2.54874],[117.85169,2.54856],[117.85132,2.54823],[117.851,2.54771],[117.85082,2.54724],[117.85077,2.54693],[117.85085,2.54663],[117.85077,2.54633],[117.84974,2.54396],[117.84949,2.54379],[117.84954,2.54349],[117.84984,2.54311],[117.85009,2.54276],[117.85014,2.54238],[117.84997,2.54189],[117.84997,2.54189],[117.85039,2.54033],[117.85106,2.53868],[117.85238,2.53686],[117.85306,2.5361],[117.85334,2.53564],[117.85341,2.53513],[117.85315,2.53426],[117.85298,2.53348],[117.85316,2.53252],[117.85344,2.53219],[117.8543,2.53166],[117.85553,2.53093],[117.85677,2.52999],[117.85784,2.52909],[117.85839,2.52836],[117.8585,2.52752],[117.85845,2.52703],[117.8578,2.52618],[117.8569,2.52437],[117.85578,2.52387],[117.85437,2.52276]]]]},"properties":{"kdprov":"65","kdkab":"02","kdkec":"060","kddesa":"001","kdsls":"0009","idsls":"65020600010009","nmprov":"KALIMANTAN UTARA","nmkab":"BULUNGAN","nmkec":"TANJUNG PALAS TIMUR","nmdesa":"MANGKU PADI","nmsls":"RT 009 RW 001"}},{"type":"Feature","geometry":{"type":"MultiPolygon","coordinates":[[[[117.86041,2.55328],[117.85994,2.55327],[117.85918,2.55321],[117.8587,2.55308],[117.85826,2.55294],[117.85781,2.55278],[117.85771,2.55324],[117.8531,2.55829],[117.85311,2.55829],[117.85352,2.55834],[117.8538,2.55839],[117.8542,2.55843],[117.85454,2.55874],[117.85463,2.55882],[117.85522,2.55835],[117.85872,2.55539],[117.85902,2.5552],[117.85958,2.55487],[117.86009,2.55446],[117.86025,2.55428],[117.86033,2.55419],[117.86039,2.55387],[117.8604,2.55359],[117.86041,2.55328]]]]},"properties":{"kdprov":"65","kdkab":"02","kdkec":"060","kddesa":"001","kdsls":"0010","idsls":"65020600010010","nmprov":"KALIMANTAN UTARA","nmkab":"BULUNGAN","nmkec":"TANJUNG PALAS TIMUR","nmdesa":"MANGKU PADI","nmsls":"RT 010 RW 001"}},{"type":"Feature","geometry":{"type":"MultiPolygon","coordinates":[[[[117.85491,2.55019],[117.85473,2.55027],[117.85447,2.55171],[117.85447,2.55171],[117.85522,2.55192],[117.85578,2.5521],[117.85739,2.55264],[117.85774,2.55163],[117.85785,2.5515],[117.85785,2.55149],[117.85756,2.55167],[117.85716,2.55172],[117.85694,2.55164],[117.85675,2.55146],[117.85666,2.55125],[117.85671,2.55102],[117.85684,2.55078],[117.85703,2.55061],[117.85726,2.55046],[117.85763,2.55025],[117.85766,2.5499],[117.85767,2.54961],[117.85756,2.54937],[117.85721,2.54932],[117.85695,2.54933],[117.85651,2.54947],[117.85615,2.54963],[117.85579,2.54979],[117.85495,2.55017],[117.85491,2.55019]]]]},"properties":{"kdprov":"65","kdkab":"02","kdkec":"060","kddesa":"001","kdsls":"0002","idsls":"65020600010002","nmprov":"KALIMANTAN UTARA","nmkab":"BULUNGAN","nmkec":"TANJUNG PALAS TIMUR","nmdesa":"MANGKU PADI","nmsls":"RT 002 RW 001"}},{"type":"Feature","geometry":{"type":"MultiPolygon","coordinates":[[[[117.86632,2.55352],[117.86771,2.55146],[117.86823,2.54941],[117.86823,2.54778],[117.86814,2.54641],[117.86883,2.54547],[117.86831,2.54393],[117.86746,2.54204],[117.86866,2.54067],[117.86883,2.53896],[117.87088,2.53622],[117.87174,2.53485],[117.87268,2.53493],[117.87337,2.53416],[117.87405,2.53168],[117.87405,2.52937],[117.87456,2.52791],[117.87576,2.52671],[117.87662,2.52517],[117.87645,2.52363],[117.8773,2.52342],[117.87833,2.52213],[117.87889,2.52192],[117.88026,2.52093],[117.88112,2.51948],[117.88418,2.51715],[117.88589,2.51697],[117.88709,2.51663],[117.88859,2.51665],[117.88923,2.51689],[117.89002,2.51749],[117.89021,2.51871],[117.89047,2.51961],[117.89081,2.51991],[117.89135,2.51991],[117.89259,2.51907],[117.89439,2.51691],[117.89539,2.51667],[117.89582,2.5164],[117.89619,2.51586],[117.89625,2.51546],[117.89585,2.5146],[117.89562,2.5142],[117.89489,2.51366],[117.89405,2.51306],[117.89328,2.5122],[117.89332,2.5113],[117.89339,2.5106],[117.89332,2.50913],[117.89315,2.50796],[117.89258,2.5073],[117.89168,2.5069],[117.89095,2.507],[117.88995,2.507],[117.88915,2.50676],[117.88855,2.50613],[117.88805,2.50503],[117.88798,2.50383],[117.88821,2.50293],[117.88878,2.50223],[117.88908,2.50103],[117.88908,2.50036],[117.88888,2.49913],[117.88857,2.4988],[117.88859,2.49891],[117.88803,2.49949],[117.88753,2.50001],[117.88768,2.50003],[117.8877,2.50055],[117.86652,2.51591],[117.86601,2.51591],[117.86583,2.51603],[117.8645,2.51706],[117.86446,2.51706],[117.85964,2.51933],[117.85961,2.51924],[117.85834,2.5199],[117.85794,2.52044],[117.85721,2.52077],[117.85547,2.5213],[117.85467,2.52224],[117.85463,2.5223],[117.85437,2.52276],[117.85578,2.52387],[117.8569,2.52437],[117.8578,2.52618],[117.85845,2.52703],[117.8585,2.52752],[117.85839,2.52836],[117.85784,2.52909],[117.85677,2.52999],[117.85553,2.53093],[117.8543,2.53166],[117.85344,2.53219],[117.85316,2.53252],[117.85298,2.53348],[117.85315,2.53426],[117.85341,2.53513],[117.85334,2.53564],[117.85306,2.5361],[117.85238,2.53686],[117.85106,2.53868],[117.85039,2.54033],[117.84997,2.54189],[117.84997,2.54189],[117.85014,2.54238],[117.85009,2.54276],[117.84984,2.54311],[117.84954,2.54349],[117.84949,2.54379],[117.84974,2.54396],[117.85077,2.54633],[117.85085,2.54663],[117.85077,2.54693],[117.85082,2.54724],[117.851,2.54771],[117.85132,2.54823],[117.85169,2.54856],[117.85227,2.54874],[117.85254,2.54866],[117.85279,2.54828],[117.85319,2.54806],[117.85341,2.54806],[117.85382,2.54821],[117.85394,2.54858],[117.85389,2.54908],[117.85399,2.54961],[117.85416,2.54989],[117.85457,2.55013],[117.85491,2.55019],[117.85495,2.55017],[117.85579,2.54979],[117.85615,2.54963],[117.85651,2.54947],[117.85695,2.54933],[117.85721,2.54932],[117.85756,2.54937],[117.85767,2.54961],[117.85766,2.5499],[117.85763,2.55025],[117.85726,2.55046],[117.85703,2.55061],[117.85684,2.55078],[117.85671,2.55102],[117.85666,2.55125],[117.85675,2.55146],[117.85694,2.55164],[117.85716,2.55172],[117.85756,2.55167],[117.85785,2.55149],[117.85802,2.55122],[117.85821,2.55086],[117.85825,2.55071],[117.85839,2.55046],[117.85852,2.55034],[117.85873,2.55026],[117.85887,2.55027],[117.85914,2.5504],[117.85935,2.55053],[117.85947,2.55073],[117.85979,2.55089],[117.85997,2.55094],[117.86018,2.55093],[117.86034,2.55082],[117.86032,2.55065],[117.86049,2.55016],[117.86066,2.54981],[117.86096,2.54955],[117.86168,2.5493],[117.86238,2.5492],[117.86294,2.54933],[117.86341,2.5495],[117.86378,2.54986],[117.86398,2.55005],[117.86448,2.5499],[117.86475,2.54961],[117.86493,2.54936],[117.86501,2.54915],[117.86536,2.5491],[117.86563,2.54926],[117.86571,2.54955],[117.86585,2.54993],[117.86588,2.55016],[117.8662,2.55035],[117.86635,2.5506],[117.86613,2.55111],[117.8658,2.55135],[117.86546,2.55155],[117.86536,2.55191],[117.86546,2.5523],[117.86568,2.55265],[117.86596,2.55308],[117.86632,2.55352]]]]},"properties":{"kdprov":"65","kdkab":"02","kdkec":"060","kddesa":"001","kdsls":"0003","idsls":"65020600010003","nmprov":"KALIMANTAN UTARA","nmkab":"BULUNGAN","nmkec":"TANJUNG PALAS TIMUR","nmdesa":"MANGKU PADI","nmsls":"RT 003 RW 001"}},{"type":"Feature","geometry":{"type":"MultiPolygon","coordinates":[[[[117.86327,2.55354],[117.8635,2.55358],[117.86417,2.5537],[117.86452,2.55378],[117.86507,2.5538],[117.8659,2.5538],[117.8659,2.5538],[117.86626,2.55353],[117.86632,2.55352],[117.86596,2.55308],[117.86568,2.55265],[117.86546,2.5523],[117.86536,2.55191],[117.86546,2.55155],[117.8658,2.55135],[117.86613,2.55111],[117.86635,2.5506],[117.8662,2.55035],[117.86588,2.55016],[117.86585,2.54993],[117.86571,2.54955],[117.86563,2.54926],[117.86536,2.5491],[117.86501,2.54915],[117.86493,2.54936],[117.86475,2.54961],[117.86448,2.5499],[117.86398,2.55005],[117.86378,2.54986],[117.86341,2.5495],[117.86294,2.54933],[117.86238,2.5492],[117.86168,2.5493],[117.86096,2.54955],[117.86066,2.54981],[117.86049,2.55016],[117.86032,2.55065],[117.86034,2.55082],[117.86034,2.55091],[117.86035,2.55097],[117.86048,2.55106],[117.8607,2.55147],[117.86074,2.55174],[117.86073,2.5533],[117.86319,2.55353],[117.86327,2.55354]]]]},"properties":{"kdprov":"65","kdkab":"02","kdkec":"060","kddesa":"001","kdsls":"0001","idsls":"65020600010001","nmprov":"KALIMANTAN UTARA","nmkab":"BULUNGAN","nmkec":"TANJUNG PALAS TIMUR","nmdesa":"MANGKU PADI","nmsls":"RT 001 RW 001"}},{"type":"Feature","geometry":{"type":"MultiPolygon","coordinates":[[[[117.81759,2.5956],[117.81786,2.5956],[117.81825,2.59554],[117.81908,2.59549],[117.81946,2.5954],[117.82086,2.59481],[117.82156,2.59436],[117.82165,2.59436],[117.82176,2.59436],[117.82204,2.59435],[117.82256,2.59447],[117.82294,2.59473],[117.82318,2.59496],[117.82335,2.59517],[117.82351,2.59532],[117.82358,2.59535],[117.824,2.59534],[117.82437,2.5954],[117.82465,2.59544],[117.82494,2.59555],[117.82517,2.59567],[117.82548,2.59577],[117.82551,2.59577],[117.82801,2.59426],[117.82919,2.59355],[117.8315,2.59217],[117.83282,2.59447],[117.83288,2.59443],[117.83304,2.5943],[117.83385,2.59353],[117.83467,2.59278],[117.83529,2.5921],[117.83593,2.59147],[117.83611,2.59136],[117.83629,2.5913],[117.8364,2.5913],[117.83662,2.59131],[117.83682,2.5913],[117.83696,2.59126],[117.83709,2.59116],[117.83724,2.59106],[117.83753,2.59074],[117.83809,2.5901],[117.83868,2.58935],[117.8396,2.58812],[117.84101,2.58633],[117.8423,2.58479],[117.84321,2.58364],[117.84494,2.58161],[117.84579,2.58056],[117.8472,2.57893],[117.848,2.57805],[117.84844,2.57748],[117.84854,2.57737],[117.84911,2.57673],[117.85024,2.5755],[117.85214,2.57335],[117.85319,2.57219],[117.85451,2.57069],[117.85518,2.56987],[117.85646,2.56835],[117.85768,2.56694],[117.85871,2.56572],[117.85985,2.56439],[117.85829,2.56276],[117.85456,2.55888],[117.85463,2.55882],[117.85454,2.55874],[117.8542,2.55843],[117.8538,2.55839],[117.85352,2.55834],[117.85311,2.55829],[117.85283,2.55852],[117.85239,2.55875],[117.85206,2.55895],[117.85113,2.55938],[117.85069,2.55952],[117.85016,2.55988],[117.84973,2.56035],[117.84932,2.56075],[117.84862,2.56128],[117.84809,2.56158],[117.84759,2.56178],[117.84702,2.56182],[117.84626,2.56168],[117.84549,2.56105],[117.84442,2.56008],[117.84362,2.55912],[117.84269,2.55835],[117.84208,2.55795],[117.84172,2.55708],[117.84162,2.55658],[117.84138,2.55598],[117.84112,2.55565],[117.84045,2.55535],[117.83962,2.55512],[117.83928,2.55495],[117.83895,2.55445],[117.83861,2.55425],[117.83788,2.55412],[117.83708,2.55395],[117.83671,2.55345],[117.83611,2.55292],[117.8361,2.55274],[117.83628,2.55224],[117.83648,2.55177],[117.83711,2.5513],[117.8377,2.55065],[117.83853,2.54984],[117.83906,2.54964],[117.83933,2.54959],[117.83831,2.54928],[117.83698,2.54898],[117.83686,2.54897],[117.83568,2.54884],[117.83346,2.5486],[117.83164,2.54822],[117.82942,2.54777],[117.82876,2.54603],[117.82789,2.54586],[117.82638,2.54553],[117.82434,2.5442],[117.82374,2.54389],[117.82293,2.54351],[117.82137,2.54279],[117.81984,2.54207],[117.8168,2.54064],[117.81515,2.53986],[117.81323,2.53896],[117.81148,2.53797],[117.81051,2.5374],[117.80873,2.5364],[117.80654,2.53517],[117.80425,2.53505],[117.80286,2.53499],[117.80114,2.53489],[117.79606,2.53533],[117.79383,2.53553],[117.78923,2.53591],[117.78797,2.53595],[117.78581,2.53598],[117.78304,2.53603],[117.78171,2.53667],[117.78047,2.53721],[117.77733,2.53706],[117.77445,2.53765],[117.7731,2.5371],[117.7721,2.53671],[117.77208,2.53695],[117.77185,2.53937],[117.77097,2.5423],[117.76847,2.54407],[117.76775,2.54467],[117.76574,2.5484],[117.76367,2.54871],[117.76313,2.54944],[117.7614,2.55158],[117.75997,2.55454],[117.75847,2.55611],[117.75792,2.55838],[117.75798,2.5584],[117.76084,2.55979],[117.76132,2.56034],[117.76458,2.56363],[117.76286,2.5671],[117.76022,2.56824],[117.76023,2.56836],[117.76084,2.57117],[117.76085,2.5735],[117.76401,2.57614],[117.76588,2.57801],[117.76647,2.57865],[117.76625,2.58039],[117.76505,2.58035],[117.76346,2.58118],[117.76271,2.58168],[117.7607,2.58329],[117.76067,2.58477],[117.75952,2.58624],[117.75718,2.58711],[117.75663,2.58798],[117.75582,2.58766],[117.75442,2.58848],[117.75372,2.58885],[117.7514,2.58885],[117.74913,2.59086],[117.74704,2.59166],[117.74588,2.59209],[117.74483,2.59377],[117.74327,2.59635],[117.74305,2.59673],[117.7426,2.59746],[117.74122,2.59968],[117.73905,2.6017],[117.73832,2.60232],[117.73802,2.60282],[117.73558,2.60674],[117.73466,2.60816],[117.73256,2.61162],[117.73199,2.6125],[117.73177,2.61304],[117.73006,2.61681],[117.72883,2.61966],[117.73199,2.62094],[117.73471,2.62206],[117.73713,2.6228],[117.73796,2.62336],[117.74147,2.62559],[117.74204,2.62571],[117.74529,2.62639],[117.748,2.62722],[117.7489,2.62747],[117.75058,2.62795],[117.7531,2.6287],[117.75486,2.62958],[117.75665,2.63047],[117.75838,2.63131],[117.75949,2.63153],[117.75993,2.63167],[117.76526,2.63417],[117.77472,2.6421],[117.77787,2.63919],[117.79503,2.62333],[117.79687,2.62337],[117.79688,2.62335],[117.79696,2.61762],[117.79696,2.61762],[117.79971,2.60342],[117.79972,2.60341],[117.79999,2.60352],[117.8008,2.6038],[117.80202,2.60482],[117.80293,2.60424],[117.80455,2.60371],[117.80477,2.60363],[117.80515,2.60325],[117.80547,2.60268],[117.80569,2.60228],[117.80577,2.60215],[117.80578,2.60215],[117.80764,2.59967],[117.80839,2.59931],[117.80902,2.59898],[117.80933,2.59883],[117.80967,2.59882],[117.81072,2.59882],[117.81118,2.59882],[117.81174,2.59823],[117.81208,2.59777],[117.81275,2.59653],[117.81334,2.59591],[117.81391,2.59556],[117.81392,2.59557],[117.81399,2.59551],[117.81399,2.59551],[117.81432,2.59536],[117.81576,2.5946],[117.81609,2.59459],[117.81683,2.59495],[117.81759,2.5956],[117.81759,2.5956]]]]},"properties":{"kdprov":"65","kdkab":"02","kdkec":"060","kddesa":"002","kdsls":"2001","idsls":"65020600022001","nmprov":"KALIMANTAN UTARA","nmkab":"BULUNGAN","nmkec":"TANJUNG PALAS TIMUR","nmdesa":"TANAH KUNING","nmsls":"HUTAN"}},{"type":"Feature","geometry":{"type":"MultiPolygon","coordinates":[[[[117.85781,2.55278],[117.85826,2.55294],[117.8587,2.55308],[117.85918,2.55321],[117.85994,2.55327],[117.86041,2.55328],[117.86047,2.55328],[117.86047,2.55328],[117.86054,2.55329],[117.86073,2.5533],[117.86074,2.55174],[117.8607,2.55147],[117.86048,2.55106],[117.86035,2.55097],[117.86034,2.55091],[117.86034,2.55082],[117.86018,2.55093],[117.85997,2.55094],[117.85979,2.55089],[117.85947,2.55073],[117.85935,2.55053],[117.85914,2.5504],[117.85887,2.55027],[117.85873,2.55026],[117.85852,2.55034],[117.85839,2.55046],[117.85825,2.55071],[117.85821,2.55086],[117.85802,2.55122],[117.85785,2.55149],[117.85785,2.5515],[117.85774,2.55163],[117.85739,2.55264],[117.85739,2.55264],[117.85781,2.55278]]]]},"properties":{"kdprov":"65","kdkab":"02","kdkec":"060","kddesa":"001","kdsls":"0008","idsls":"65020600010008","nmprov":"KALIMANTAN UTARA","nmkab":"BULUNGAN","nmkec":"TANJUNG PALAS TIMUR","nmdesa":"MANGKU PADI","nmsls":"RT 008 RW 001"}},{"type":"Feature","geometry":{"type":"MultiPolygon","coordinates":[[[[117.86514,2.55465],[117.86479,2.55443],[117.86327,2.55354],[117.86319,2.55353],[117.86073,2.5533],[117.86054,2.55329],[117.86047,2.55328],[117.86047,2.55328],[117.86041,2.55328],[117.8604,2.55359],[117.86039,2.55387],[117.86033,2.55419],[117.86025,2.55428],[117.86009,2.55446],[117.85958,2.55487],[117.85902,2.5552],[117.85872,2.55539],[117.85522,2.55835],[117.85463,2.55882],[117.85456,2.55888],[117.85829,2.56276],[117.86504,2.55476],[117.86514,2.55465]]]]},"properties":{"kdprov":"65","kdkab":"02","kdkec":"060","kddesa":"001","kdsls":"0005","idsls":"65020600010005","nmprov":"KALIMANTAN UTARA","nmkab":"BULUNGAN","nmkec":"TANJUNG PALAS TIMUR","nmdesa":"MANGKU PADI","nmsls":"RT 005 RW 001"}},{"type":"Feature","geometry":{"type":"MultiPolygon","coordinates":[[[[117.84235,2.54963],[117.84205,2.5496],[117.84057,2.54954],[117.83962,2.54954],[117.83933,2.54959],[117.83906,2.54964],[117.83853,2.54984],[117.8377,2.55065],[117.83711,2.5513],[117.83648,2.55177],[117.83628,2.55224],[117.8361,2.55274],[117.83611,2.55292],[117.83671,2.55345],[117.83708,2.55395],[117.83788,2.55412],[117.83861,2.55425],[117.83895,2.55445],[117.83928,2.55495],[117.83962,2.55512],[117.84045,2.55535],[117.84112,2.55565],[117.84138,2.55598],[117.84162,2.55658],[117.84172,2.55708],[117.84208,2.55795],[117.84269,2.55835],[117.84362,2.55912],[117.84442,2.56008],[117.84549,2.56105],[117.84626,2.56168],[117.84702,2.56182],[117.84759,2.56178],[117.84809,2.56158],[117.84862,2.56128],[117.84932,2.56075],[117.84973,2.56035],[117.85016,2.55988],[117.85069,2.55952],[117.85113,2.55938],[117.85206,2.55895],[117.85239,2.55875],[117.85283,2.55852],[117.85311,2.55829],[117.8531,2.55829],[117.85771,2.55324],[117.85781,2.55278],[117.85739,2.55264],[117.85739,2.55264],[117.85578,2.5521],[117.85522,2.55192],[117.85447,2.55171],[117.85447,2.55171],[117.85356,2.55149],[117.85256,2.55105],[117.85163,2.55084],[117.85094,2.55077],[117.85058,2.55079],[117.85013,2.55064],[117.84934,2.55047],[117.84854,2.55045],[117.84616,2.55009],[117.8434,2.54974],[117.84285,2.54968],[117.84235,2.54963]]]]},"properties":{"kdprov":"65","kdkab":"02","kdkec":"060","kddesa":"001","kdsls":"0004","idsls":"65020600010004","nmprov":"KALIMANTAN UTARA","nmkab":"BULUNGAN","nmkec":"TANJUNG PALAS TIMUR","nmdesa":"MANGKU PADI","nmsls":"RT 004 RW 001"}}]}