{"type":"FeatureCollection","features":[{"type":"Feature","geometry":{"type":"MultiPolygon","coordinates":[[[[117.5201,2.90483],[117.52168,2.90451],[117.52463,2.904],[117.52742,2.90364],[117.53036,2.90321],[117.53194,2.90342],[117.53381,2.90429],[117.53496,2.90483],[117.53638,2.90551],[117.53855,2.90639],[117.53904,2.90659],[117.54047,2.90695],[117.54169,2.90717],[117.54334,2.9071],[117.5437,2.90695],[117.54398,2.90637],[117.5437,2.90572],[117.54341,2.90483],[117.54312,2.90392],[117.54263,2.90205],[117.54248,2.90097],[117.54255,2.89989],[117.54269,2.89838],[117.54291,2.89715],[117.54319,2.89592],[117.54441,2.89347],[117.5452,2.89109],[117.54556,2.89008],[117.54649,2.88918],[117.54649,2.88918],[117.53909,2.8522],[117.53906,2.85223],[117.53886,2.85245],[117.53789,2.85303],[117.53748,2.8532],[117.5372,2.85332],[117.53629,2.85349],[117.53233,2.85332],[117.53078,2.85332],[117.53062,2.85332],[117.52953,2.85338],[117.52907,2.85347],[117.52839,2.8536],[117.52702,2.85384],[117.52512,2.85453],[117.52306,2.8556],[117.52175,2.85667],[117.52117,2.85715],[117.52089,2.8579],[117.52071,2.85911],[117.52071,2.86015],[117.52112,2.86147],[117.52164,2.86285],[117.52255,2.86659],[117.52273,2.86832],[117.52283,2.86965],[117.52284,2.86982],[117.52296,2.87097],[117.52319,2.8745],[117.52273,2.87704],[117.5217,2.88003],[117.52162,2.88027],[117.52061,2.88222],[117.51878,2.88516],[117.51701,2.88734],[117.51581,2.88824],[117.51466,2.88899],[117.51405,2.88927],[117.51341,2.88956],[117.51186,2.8898],[117.51065,2.88973],[117.50921,2.88959],[117.50833,2.89829],[117.50904,2.90092],[117.51635,2.8996],[117.51784,2.9064],[117.51954,2.90495],[117.5201,2.90483]]],[[[117.49652,2.89619],[117.49652,2.89619],[117.49505,2.89198],[117.49488,2.8907],[117.49499,2.88883],[117.49562,2.8867],[117.49636,2.88597],[117.49767,2.88522],[117.4968,2.88474],[117.49508,2.88416],[117.49439,2.88405],[117.49026,2.88356],[117.48918,2.88333],[117.48884,2.88287],[117.48546,2.8797],[117.48368,2.87815],[117.48259,2.87712],[117.48202,2.87648],[117.48156,2.87591],[117.48116,2.87533],[117.48071,2.87464],[117.4803,2.87383],[117.4799,2.8732],[117.47944,2.87279],[117.47893,2.87234],[117.47801,2.87199],[117.47721,2.87194],[117.47594,2.87194],[117.47491,2.87216],[117.47456,2.87233],[117.47408,2.87334],[117.47363,2.87497],[117.4734,2.87667],[117.47322,2.87826],[117.47268,2.87981],[117.47276,2.88153],[117.47311,2.88327],[117.4736,2.88499],[117.47485,2.88716],[117.47565,2.88927],[117.47565,2.89109],[117.47549,2.89254],[117.47258,2.89486],[117.47244,2.89502],[117.47219,2.89501],[117.47188,2.89494],[117.47149,2.89477],[117.47091,2.89484],[117.47074,2.89491],[117.47076,2.89516],[117.47099,2.89521],[117.47112,2.89533],[117.47122,2.89543],[117.47141,2.89546],[117.47141,2.89546],[117.47144,2.8957],[117.47131,2.89607],[117.47135,2.89612],[117.47182,2.89671],[117.47116,2.89724],[117.47165,2.89794],[117.47161,2.90157],[117.47239,2.90253],[117.47277,2.90435],[117.47303,2.90581],[117.47324,2.90599],[117.47351,2.90623],[117.47446,2.90634],[117.47633,2.90544],[117.47712,2.9049],[117.47739,2.90471],[117.47857,2.90335],[117.47866,2.9028],[117.47845,2.90224],[117.47801,2.90158],[117.47679,2.90036],[117.4764,2.89999],[117.47573,2.899],[117.47581,2.89799],[117.47701,2.89679],[117.47835,2.89647],[117.48005,2.89582],[117.4818,2.89467],[117.48346,2.89375],[117.48554,2.89306],[117.48575,2.89307],[117.48733,2.89315],[117.48803,2.89361],[117.48867,2.89407],[117.48913,2.8949],[117.49047,2.89739],[117.49111,2.89826],[117.49199,2.89928],[117.49264,2.89937],[117.49346,2.89928],[117.49425,2.89909],[117.49485,2.89891],[117.4962,2.89771],[117.49638,2.8969],[117.49638,2.89688],[117.49652,2.89619]]]]},"properties":{"kdprov":"65","kdkab":"02","kdkec":"070","kddesa":"001","kdsls":"2004","idsls":"65020700012004","nmprov":"KALIMANTAN UTARA","nmkab":"BULUNGAN","nmkec":"TANJUNG PALAS TENGAH","nmdesa":"TANJUNG BUKA","nmsls":"HUTAN 2"}},{"type":"Feature","geometry":{"type":"MultiPolygon","coordinates":[[[[117.69578,2.86254],[117.69536,2.86266],[117.69526,2.86268],[117.69523,2.8641],[117.69586,2.86533],[117.69594,2.86517],[117.69593,2.86477],[117.69591,2.86454],[117.69597,2.86323],[117.69578,2.86254]]]]},"properties":{"kdprov":"65","kdkab":"02","kdkec":"070","kddesa":"001","kdsls":"0006","idsls":"65020700010006","nmprov":"KALIMANTAN UTARA","nmkab":"BULUNGAN","nmkec":"TANJUNG PALAS TENGAH","nmdesa":"TANJUNG BUKA","nmsls":"RT 007 RW 005"}},{"type":"Feature","geometry":{"type":"MultiPolygon","coordinates":[[[[117.34472,2.94158],[117.34445,2.9407],[117.34431,2.94017],[117.34096,2.94093],[117.34089,2.94095],[117.34089,2.94095],[117.34034,2.94119],[117.34012,2.94128],[117.34091,2.94302],[117.3412,2.94291],[117.34126,2.94289],[117.34472,2.94158]]]]},"properties":{"kdprov":"65","kdkab":"02","kdkec":"070","kddesa":"002","kdsls":"0005","idsls":"65020700020005","nmprov":"KALIMANTAN UTARA","nmkab":"BULUNGAN","nmkec":"TANJUNG PALAS TENGAH","nmdesa":"SALIM BATU","nmsls":"RT 005"}},{"type":"Feature","geometry":{"type":"MultiPolygon","coordinates":[[[[117.50109,2.89745],[117.49789,2.89708],[117.49724,2.897],[117.49676,2.90593],[117.49651,2.91063],[117.49666,2.91062],[117.49666,2.91062],[117.49718,2.91061],[117.49718,2.91051],[117.50009,2.91078],[117.50023,2.90891],[117.50072,2.90242],[117.50109,2.89745]]]]},"properties":{"kdprov":"65","kdkab":"02","kdkec":"070","kddesa":"001","kdsls":"0044","idsls":"65020700010044","nmprov":"KALIMANTAN UTARA","nmkab":"BULUNGAN","nmkec":"TANJUNG PALAS TENGAH","nmdesa":"TANJUNG BUKA","nmsls":"RT 004 RW 001"}},{"type":"Feature","geometry":{"type":"MultiPolygon","coordinates":[[[[117.50567,2.88905],[117.50413,2.88848],[117.50186,2.88728],[117.50109,2.89745],[117.50485,2.89788],[117.50485,2.89789],[117.5058,2.90133],[117.50584,2.9015],[117.50584,2.9015],[117.50584,2.9015],[117.50904,2.90092],[117.50833,2.89829],[117.50921,2.88959],[117.50893,2.88956],[117.50733,2.88939],[117.50571,2.88906],[117.50571,2.88906],[117.50567,2.88905]]]]},"properties":{"kdprov":"65","kdkab":"02","kdkec":"070","kddesa":"001","kdsls":"0047","idsls":"65020700010047","nmprov":"KALIMANTAN UTARA","nmkab":"BULUNGAN","nmkec":"TANJUNG PALAS TENGAH","nmdesa":"TANJUNG BUKA","nmsls":"RT 014 RW 001"}},{"type":"Feature","geometry":{"type":"MultiPolygon","coordinates":[[[[117.69793,2.86207],[117.69789,2.86208],[117.69732,2.86216],[117.69729,2.86217],[117.69748,2.86409],[117.69748,2.86615],[117.6975,2.86625],[117.6988,2.86528],[117.698,2.86333],[117.69793,2.86207]]]]},"properties":{"kdprov":"65","kdkab":"02","kdkec":"070","kddesa":"001","kdsls":"0007","idsls":"65020700010007","nmprov":"KALIMANTAN UTARA","nmkab":"BULUNGAN","nmkec":"TANJUNG PALAS TENGAH","nmdesa":"TANJUNG BUKA","nmsls":"RT 008 RW 005"}},{"type":"Feature","geometry":{"type":"MultiPolygon","coordinates":[[[[117.46854,2.88407],[117.46771,2.88504],[117.46702,2.88556],[117.46651,2.88585],[117.46639,2.88588],[117.46582,2.88607],[117.46525,2.88631],[117.4645,2.88653],[117.4637,2.88682],[117.46288,2.88733],[117.46253,2.88754],[117.46251,2.88756],[117.46069,2.88903],[117.46018,2.88946],[117.45958,2.88996],[117.45971,2.89592],[117.46018,2.8959],[117.46264,2.89581],[117.46961,2.89553],[117.46854,2.88407]]]]},"properties":{"kdprov":"65","kdkab":"02","kdkec":"070","kddesa":"001","kdsls":"0017","idsls":"65020700010017","nmprov":"KALIMANTAN UTARA","nmkab":"BULUNGAN","nmkec":"TANJUNG PALAS TENGAH","nmdesa":"TANJUNG BUKA","nmsls":"RT 023 RW 003"}},{"type":"Feature","geometry":{"type":"MultiPolygon","coordinates":[[[[117.47141,2.89546],[117.47141,2.89546],[117.47122,2.89543],[117.47112,2.89533],[117.47099,2.89521],[117.47076,2.89516],[117.47074,2.89491],[117.47091,2.89484],[117.47149,2.89477],[117.47188,2.89494],[117.47219,2.89501],[117.47244,2.89502],[117.47258,2.89486],[117.47549,2.89254],[117.47565,2.89109],[117.47565,2.88927],[117.47485,2.88716],[117.4736,2.88499],[117.47311,2.88327],[117.47276,2.88153],[117.47268,2.87981],[117.47322,2.87826],[117.4734,2.87667],[117.47363,2.87497],[117.47408,2.87334],[117.47456,2.87233],[117.47406,2.87257],[117.47379,2.87286],[117.47349,2.8732],[117.47285,2.8743],[117.47234,2.87591],[117.47182,2.87769],[117.47171,2.87796],[117.47068,2.88032],[117.46971,2.88222],[117.46891,2.88361],[117.46886,2.88371],[117.46854,2.88407],[117.46961,2.89553],[117.46986,2.89552],[117.46987,2.89552],[117.47141,2.89546]]]]},"properties":{"kdprov":"65","kdkab":"02","kdkec":"070","kddesa":"001","kdsls":"0021","idsls":"65020700010021","nmprov":"KALIMANTAN UTARA","nmkab":"BULUNGAN","nmkec":"TANJUNG PALAS TENGAH","nmdesa":"TANJUNG BUKA","nmsls":"RT 030 RW 003"}},{"type":"Feature","geometry":{"type":"MultiPolygon","coordinates":[[[[117.45044,2.9043],[117.45051,2.90436],[117.45046,2.90439],[117.4507,2.90494],[117.45073,2.90519],[117.45078,2.90557],[117.45084,2.90616],[117.45089,2.90665],[117.45094,2.90727],[117.45095,2.90731],[117.45224,2.90731],[117.45293,2.90722],[117.45339,2.90722],[117.45399,2.90676],[117.45468,2.90639],[117.45547,2.90639],[117.45643,2.90676],[117.45745,2.90712],[117.45823,2.90804],[117.45879,2.90883],[117.45892,2.91016],[117.45842,2.91044],[117.4575,2.9109],[117.4569,2.91191],[117.45642,2.91215],[117.46344,2.91211],[117.46344,2.91212],[117.46349,2.91212],[117.46893,2.9119],[117.46909,2.90818],[117.46629,2.90819],[117.46621,2.90703],[117.4637,2.90721],[117.46368,2.90723],[117.46341,2.90721],[117.46294,2.90718],[117.46193,2.90695],[117.46185,2.90691],[117.46151,2.90672],[117.46091,2.90631],[117.46008,2.90562],[117.45962,2.9052],[117.45916,2.90451],[117.45907,2.9041],[117.4593,2.90336],[117.45962,2.90258],[117.4599,2.90189],[117.46022,2.90138],[117.46045,2.90078],[117.46064,2.89982],[117.46018,2.89903],[117.45985,2.89848],[117.45954,2.89813],[117.45953,2.89811],[117.45893,2.89802],[117.45801,2.89793],[117.45755,2.89821],[117.45732,2.89848],[117.45736,2.89899],[117.45736,2.89986],[117.45759,2.90083],[117.45769,2.90157],[117.45723,2.90207],[117.45672,2.9023],[117.45612,2.90221],[117.45492,2.9018],[117.45395,2.90161],[117.45188,2.90318],[117.45044,2.90413],[117.45044,2.9043]]]]},"properties":{"kdprov":"65","kdkab":"02","kdkec":"070","kddesa":"001","kdsls":"0008","idsls":"65020700010008","nmprov":"KALIMANTAN UTARA","nmkab":"BULUNGAN","nmkec":"TANJUNG PALAS TENGAH","nmdesa":"TANJUNG BUKA","nmsls":"RT 010 RW 002"}},{"type":"Feature","geometry":{"type":"MultiPolygon","coordinates":[[[[117.46893,2.9119],[117.46349,2.91212],[117.46344,2.91212],[117.46344,2.91211],[117.45642,2.91215],[117.45617,2.91227],[117.45744,2.91389],[117.45758,2.91454],[117.45758,2.91523],[117.45753,2.91573],[117.45739,2.91628],[117.45721,2.91716],[117.45698,2.91762],[117.45684,2.91799],[117.45693,2.91859],[117.4573,2.91932],[117.45785,2.91992],[117.45836,2.92034],[117.45882,2.92043],[117.45914,2.91988],[117.45937,2.91849],[117.46002,2.91799],[117.46071,2.91799],[117.46094,2.91854],[117.46103,2.91932],[117.46103,2.92001],[117.46071,2.92057],[117.4603,2.92112],[117.46002,2.92149],[117.45997,2.92209],[117.46039,2.92245],[117.46164,2.92282],[117.46247,2.92282],[117.46312,2.92218],[117.46363,2.92116],[117.46367,2.92107],[117.46413,2.92038],[117.46446,2.91974],[117.46455,2.91937],[117.46432,2.91886],[117.46404,2.91845],[117.4639,2.91799],[117.46413,2.91767],[117.4645,2.91767],[117.46538,2.91785],[117.46676,2.91849],[117.46713,2.91849],[117.46791,2.91817],[117.46874,2.91799],[117.46897,2.91808],[117.46939,2.91826],[117.47003,2.91919],[117.47008,2.91978],[117.47017,2.92029],[117.47045,2.92093],[117.47109,2.92139],[117.4716,2.92144],[117.47178,2.92144],[117.47224,2.92162],[117.47284,2.9219],[117.47317,2.92236],[117.47317,2.92296],[117.47317,2.92324],[117.47312,2.9237],[117.47308,2.92553],[117.47318,2.92523],[117.47413,2.92431],[117.47461,2.9238],[117.47496,2.92317],[117.47471,2.92284],[117.47344,2.92172],[117.47314,2.9213],[117.47284,2.92054],[117.47282,2.91994],[117.47294,2.91977],[117.47316,2.91898],[117.47326,2.91813],[117.47339,2.91756],[117.47345,2.91744],[117.47383,2.91738],[117.47417,2.91748],[117.47434,2.91752],[117.47462,2.91738],[117.47492,2.91711],[117.47518,2.91685],[117.47522,2.91666],[117.47519,2.91637],[117.47503,2.91621],[117.47445,2.91618],[117.47406,2.9163],[117.47379,2.91581],[117.47347,2.91472],[117.47347,2.91472],[117.47286,2.91471],[117.47299,2.91174],[117.46893,2.9119]]]]},"properties":{"kdprov":"65","kdkab":"02","kdkec":"070","kddesa":"001","kdsls":"0009","idsls":"65020700010009","nmprov":"KALIMANTAN UTARA","nmkab":"BULUNGAN","nmkec":"TANJUNG PALAS TENGAH","nmdesa":"TANJUNG BUKA","nmsls":"RT 012 RW 002"}},{"type":"Feature","geometry":{"type":"MultiPolygon","coordinates":[[[[117.49767,2.88522],[117.49636,2.88597],[117.49562,2.8867],[117.49499,2.88883],[117.49488,2.8907],[117.49505,2.89198],[117.49652,2.89619],[117.49652,2.89619],[117.49638,2.89688],[117.49638,2.8969],[117.49724,2.897],[117.49789,2.89708],[117.50109,2.89745],[117.50186,2.88728],[117.49977,2.88618],[117.49819,2.88548],[117.49794,2.88537],[117.49767,2.88522]]]]},"properties":{"kdprov":"65","kdkab":"02","kdkec":"070","kddesa":"001","kdsls":"0046","idsls":"65020700010046","nmprov":"KALIMANTAN UTARA","nmkab":"BULUNGAN","nmkec":"TANJUNG PALAS TENGAH","nmdesa":"TANJUNG BUKA","nmsls":"RT 011 RW 001"}},{"type":"Feature","geometry":{"type":"MultiPolygon","coordinates":[[[[117.50109,2.89745],[117.50072,2.90242],[117.50023,2.90891],[117.50195,2.90857],[117.50195,2.90857],[117.50386,2.90814],[117.50694,2.90744],[117.50584,2.9015],[117.50584,2.9015],[117.5058,2.90133],[117.50485,2.89789],[117.50485,2.89788],[117.50109,2.89745]]]]},"properties":{"kdprov":"65","kdkab":"02","kdkec":"070","kddesa":"001","kdsls":"0045","idsls":"65020700010045","nmprov":"KALIMANTAN UTARA","nmkab":"BULUNGAN","nmkec":"TANJUNG PALAS TENGAH","nmdesa":"TANJUNG BUKA","nmsls":"RT 009 RW 001"}},{"type":"Feature","geometry":{"type":"MultiPolygon","coordinates":[[[[117.46264,2.89581],[117.46018,2.8959],[117.45971,2.89592],[117.45958,2.88996],[117.45865,2.89074],[117.45865,2.89115],[117.45824,2.8917],[117.45791,2.89189],[117.45745,2.89235],[117.45681,2.89263],[117.45482,2.89304],[117.45321,2.89304],[117.45086,2.89267],[117.45039,2.89255],[117.45035,2.89699],[117.45044,2.90413],[117.45188,2.90318],[117.45395,2.90161],[117.45492,2.9018],[117.45612,2.90221],[117.45672,2.9023],[117.45723,2.90207],[117.45769,2.90157],[117.45759,2.90083],[117.45736,2.89986],[117.45736,2.89899],[117.45732,2.89848],[117.45755,2.89821],[117.45801,2.89793],[117.45893,2.89802],[117.45953,2.89811],[117.45954,2.89813],[117.46172,2.89811],[117.46162,2.89662],[117.46266,2.8966],[117.46266,2.8965],[117.46267,2.89643],[117.46264,2.89581]]]]},"properties":{"kdprov":"65","kdkab":"02","kdkec":"070","kddesa":"001","kdsls":"0018","idsls":"65020700010018","nmprov":"KALIMANTAN UTARA","nmkab":"BULUNGAN","nmkec":"TANJUNG PALAS TENGAH","nmdesa":"TANJUNG BUKA","nmsls":"RT 024 RW 003"}},{"type":"Feature","geometry":{"type":"MultiPolygon","coordinates":[[[[117.45044,2.9043],[117.45044,2.90413],[117.45035,2.89699],[117.45039,2.89255],[117.4498,2.89239],[117.44731,2.8918],[117.44625,2.89106],[117.44556,2.89051],[117.44468,2.88982],[117.44432,2.88972],[117.44385,2.88968],[117.44307,2.88945],[117.4427,2.88931],[117.4422,2.88867],[117.44192,2.88784],[117.44173,2.88752],[117.44171,2.8875],[117.44239,2.9023],[117.4441,2.90181],[117.44612,2.90167],[117.44742,2.90213],[117.44917,2.90319],[117.45033,2.90421],[117.45044,2.9043]]]]},"properties":{"kdprov":"65","kdkab":"02","kdkec":"070","kddesa":"001","kdsls":"0019","idsls":"65020700010019","nmprov":"KALIMANTAN UTARA","nmkab":"BULUNGAN","nmkec":"TANJUNG PALAS TENGAH","nmdesa":"TANJUNG BUKA","nmsls":"RT 026 RW 003"}},{"type":"Feature","geometry":{"type":"MultiPolygon","coordinates":[[[[117.6975,2.86625],[117.69748,2.86615],[117.69748,2.86409],[117.69729,2.86217],[117.69726,2.86218],[117.69669,2.86231],[117.6967,2.86507],[117.69671,2.86508],[117.69748,2.86625],[117.69751,2.86629],[117.6975,2.86625]]]]},"properties":{"kdprov":"65","kdkab":"02","kdkec":"070","kddesa":"001","kdsls":"0005","idsls":"65020700010005","nmprov":"KALIMANTAN UTARA","nmkab":"BULUNGAN","nmkec":"TANJUNG PALAS TENGAH","nmdesa":"TANJUNG BUKA","nmsls":"RT 006 RW 005"}},{"type":"Feature","geometry":{"type":"MultiPolygon","coordinates":[[[[117.42472,2.90203],[117.42456,2.90225],[117.42452,2.90231],[117.42443,2.90242],[117.42445,2.90244],[117.42431,2.90264],[117.42469,2.90264],[117.42557,2.90278],[117.42653,2.90305],[117.42773,2.90365],[117.42898,2.90425],[117.42962,2.90503],[117.43073,2.90586],[117.43119,2.90646],[117.4317,2.90715],[117.4328,2.90742],[117.43419,2.90719],[117.43511,2.90692],[117.43598,2.90646],[117.43746,2.90563],[117.43795,2.90517],[117.43833,2.9048],[117.43958,2.90383],[117.44069,2.90301],[117.4417,2.9025],[117.44239,2.9023],[117.44171,2.8875],[117.44127,2.88724],[117.44072,2.88692],[117.43994,2.88646],[117.43906,2.886],[117.43855,2.88535],[117.43777,2.88443],[117.4377,2.88438],[117.4372,2.88506],[117.43534,2.88759],[117.435,2.88804],[117.43304,2.89071],[117.43258,2.89134],[117.43141,2.89294],[117.43122,2.89319],[117.42945,2.89559],[117.42895,2.89627],[117.42894,2.89629],[117.42881,2.89647],[117.42744,2.89833],[117.42721,2.89865],[117.42688,2.89909],[117.4262,2.90002],[117.42569,2.90071],[117.42558,2.90086],[117.42538,2.90113],[117.42534,2.90118],[117.42495,2.90172],[117.42494,2.90173],[117.42474,2.90199],[117.42472,2.90203]]]]},"properties":{"kdprov":"65","kdkab":"02","kdkec":"070","kddesa":"001","kdsls":"0020","idsls":"65020700010020","nmprov":"KALIMANTAN UTARA","nmkab":"BULUNGAN","nmkec":"TANJUNG PALAS TENGAH","nmdesa":"TANJUNG BUKA","nmsls":"RT 027 RW 003"}},{"type":"Feature","geometry":{"type":"MultiPolygon","coordinates":[[[[117.47161,2.90157],[117.47165,2.89794],[117.47116,2.89724],[117.47182,2.89671],[117.47135,2.89612],[117.47131,2.89607],[117.47144,2.8957],[117.47141,2.89546],[117.46987,2.89552],[117.46986,2.89552],[117.46961,2.89553],[117.46264,2.89581],[117.46267,2.89643],[117.46266,2.8965],[117.46266,2.8966],[117.46162,2.89662],[117.46172,2.89811],[117.45954,2.89813],[117.45985,2.89848],[117.46018,2.89903],[117.46064,2.89982],[117.46045,2.90078],[117.46022,2.90138],[117.4599,2.90189],[117.45962,2.90258],[117.4593,2.90336],[117.45907,2.9041],[117.45916,2.90451],[117.45962,2.9052],[117.46008,2.90562],[117.46091,2.90631],[117.46151,2.90672],[117.46185,2.90691],[117.46193,2.90695],[117.46294,2.90718],[117.46341,2.90721],[117.46368,2.90723],[117.4637,2.90721],[117.46437,2.90677],[117.46478,2.90635],[117.46511,2.90575],[117.4652,2.90534],[117.46511,2.90465],[117.46506,2.90401],[117.46488,2.9035],[117.46469,2.90313],[117.4646,2.90262],[117.46446,2.9023],[117.46437,2.90184],[117.46437,2.90143],[117.46446,2.90111],[117.46474,2.90065],[117.46488,2.90041],[117.46525,2.90032],[117.46561,2.90018],[117.46617,2.90014],[117.46616,2.90012],[117.46755,2.89997],[117.46824,2.90008],[117.46942,2.90038],[117.47006,2.90061],[117.47084,2.90105],[117.47161,2.90158],[117.47161,2.90157]]]]},"properties":{"kdprov":"65","kdkab":"02","kdkec":"070","kddesa":"001","kdsls":"0016","idsls":"65020700010016","nmprov":"KALIMANTAN UTARA","nmkab":"BULUNGAN","nmkec":"TANJUNG PALAS TENGAH","nmdesa":"TANJUNG BUKA","nmsls":"RT 021 RW 003"}},{"type":"Feature","geometry":{"type":"MultiPolygon","coordinates":[[[[117.49638,2.8969],[117.4962,2.89771],[117.49485,2.89891],[117.49425,2.89909],[117.49346,2.89928],[117.49264,2.89937],[117.49199,2.89928],[117.49111,2.89826],[117.49047,2.89739],[117.48913,2.8949],[117.48867,2.89407],[117.48803,2.89361],[117.48733,2.89315],[117.48575,2.89307],[117.48554,2.89306],[117.48346,2.89375],[117.4818,2.89467],[117.48005,2.89582],[117.47835,2.89647],[117.47701,2.89679],[117.47581,2.89799],[117.47573,2.899],[117.4764,2.89999],[117.47679,2.90036],[117.47801,2.90158],[117.47845,2.90224],[117.47866,2.9028],[117.47857,2.90335],[117.47739,2.90471],[117.47712,2.9049],[117.47739,2.9051],[117.4774,2.9051],[117.48012,2.90579],[117.48669,2.90584],[117.49676,2.90593],[117.49724,2.897],[117.49638,2.8969]]]]},"properties":{"kdprov":"65","kdkab":"02","kdkec":"070","kddesa":"001","kdsls":"0015","idsls":"65020700010015","nmprov":"KALIMANTAN UTARA","nmkab":"BULUNGAN","nmkec":"TANJUNG PALAS TENGAH","nmdesa":"TANJUNG BUKA","nmsls":"RT 020 RW 002"}},{"type":"Feature","geometry":{"type":"MultiPolygon","coordinates":[[[[117.51784,2.9064],[117.51635,2.8996],[117.50904,2.90092],[117.50584,2.9015],[117.50584,2.9015],[117.50694,2.90744],[117.50386,2.90814],[117.50195,2.90857],[117.50195,2.90857],[117.50023,2.90891],[117.50009,2.91078],[117.49718,2.91051],[117.49718,2.91061],[117.49666,2.91062],[117.49666,2.91062],[117.49651,2.91063],[117.49342,2.91079],[117.49323,2.91455],[117.49322,2.9146],[117.49322,2.91461],[117.49308,2.91707],[117.49356,2.91862],[117.49968,2.91624],[117.50491,2.91386],[117.50796,2.91296],[117.50979,2.91242],[117.51222,2.91133],[117.51409,2.91039],[117.51418,2.91031],[117.51538,2.90931],[117.51638,2.90822],[117.5171,2.90707],[117.51723,2.90696],[117.51781,2.90642],[117.51784,2.9064]]]]},"properties":{"kdprov":"65","kdkab":"02","kdkec":"070","kddesa":"001","kdsls":"0002","idsls":"65020700010002","nmprov":"KALIMANTAN UTARA","nmkab":"BULUNGAN","nmkec":"TANJUNG PALAS TENGAH","nmdesa":"TANJUNG BUKA","nmsls":"RT 002 RW 001"}},{"type":"Feature","geometry":{"type":"MultiPolygon","coordinates":[[[[117.49651,2.91063],[117.49676,2.90593],[117.48669,2.90584],[117.48012,2.90579],[117.4774,2.9051],[117.47672,2.9078],[117.47884,2.90781],[117.4788,2.90939],[117.4788,2.90939],[117.48333,2.90947],[117.48427,2.90949],[117.49345,2.90966],[117.49345,2.90966],[117.49345,2.91002],[117.49346,2.91002],[117.49342,2.91079],[117.49651,2.91063]]]]},"properties":{"kdprov":"65","kdkab":"02","kdkec":"070","kddesa":"001","kdsls":"0012","idsls":"65020700010012","nmprov":"KALIMANTAN UTARA","nmkab":"BULUNGAN","nmkec":"TANJUNG PALAS TENGAH","nmdesa":"TANJUNG BUKA","nmsls":"RT 017 RW 002"}},{"type":"Feature","geometry":{"type":"MultiPolygon","coordinates":[[[[117.49323,2.91455],[117.49342,2.91079],[117.49346,2.91002],[117.49345,2.91002],[117.49345,2.90966],[117.49345,2.90966],[117.48427,2.90949],[117.48333,2.90947],[117.4788,2.90939],[117.4788,2.91467],[117.48344,2.91463],[117.49323,2.91455]]]]},"properties":{"kdprov":"65","kdkab":"02","kdkec":"070","kddesa":"001","kdsls":"0011","idsls":"65020700010011","nmprov":"KALIMANTAN UTARA","nmkab":"BULUNGAN","nmkec":"TANJUNG PALAS TENGAH","nmdesa":"TANJUNG BUKA","nmsls":"RT 015 RW 005"}},{"type":"Feature","geometry":{"type":"MultiPolygon","coordinates":[[[[117.4761,2.87124],[117.47665,2.87115],[117.478,2.87115],[117.47886,2.87143],[117.48043,2.87272],[117.481,2.87365],[117.48096,2.86767],[117.48095,2.86767],[117.4809,2.86631],[117.47584,2.86612],[117.47571,2.8694],[117.47553,2.86984],[117.4761,2.87124]]]]},"properties":{"kdprov":"65","kdkab":"02","kdkec":"070","kddesa":"001","kdsls":"0033","idsls":"65020700010033","nmprov":"KALIMANTAN UTARA","nmkab":"BULUNGAN","nmkec":"TANJUNG PALAS TENGAH","nmdesa":"TANJUNG BUKA","nmsls":"RT 042 RW 004"}},{"type":"Feature","geometry":{"type":"MultiPolygon","coordinates":[[[[117.4761,2.87124],[117.47553,2.86984],[117.47571,2.8694],[117.47584,2.86612],[117.4724,2.86598],[117.47239,2.86525],[117.46446,2.86509],[117.46016,2.86514],[117.46014,2.86694],[117.46666,2.86678],[117.46742,2.88458],[117.46822,2.8835],[117.46965,2.88091],[117.47043,2.8792],[117.4715,2.87682],[117.47243,2.87351],[117.47257,2.87301],[117.47308,2.87258],[117.47365,2.87208],[117.47443,2.8715],[117.4761,2.87124]]]]},"properties":{"kdprov":"65","kdkab":"02","kdkec":"070","kddesa":"001","kdsls":"0034","idsls":"65020700010034","nmprov":"KALIMANTAN UTARA","nmkab":"BULUNGAN","nmkec":"TANJUNG PALAS TENGAH","nmdesa":"TANJUNG BUKA","nmsls":"RT 044 RW 004"}},{"type":"Feature","geometry":{"type":"MultiPolygon","coordinates":[[[[117.46016,2.86514],[117.46446,2.86509],[117.46447,2.86439],[117.46458,2.8629],[117.46487,2.86289],[117.46475,2.85983],[117.46442,2.85927],[117.464,2.85834],[117.46414,2.85697],[117.46493,2.85589],[117.46593,2.85445],[117.46678,2.85359],[117.46729,2.85244],[117.46714,2.85122],[117.46657,2.85036],[117.46528,2.849],[117.46342,2.84828],[117.46156,2.84849],[117.4595,2.84915],[117.45843,2.84979],[117.45728,2.85101],[117.45628,2.85252],[117.4555,2.85582],[117.455,2.85733],[117.4545,2.85841],[117.45342,2.86026],[117.45329,2.86049],[117.45186,2.86208],[117.4512,2.86323],[117.45071,2.86409],[117.45029,2.86628],[117.45007,2.86664],[117.44936,2.8675],[117.4485,2.86821],[117.44713,2.86874],[117.44716,2.86964],[117.4549,2.86968],[117.45489,2.86519],[117.46016,2.86514]]]]},"properties":{"kdprov":"65","kdkab":"02","kdkec":"070","kddesa":"001","kdsls":"0036","idsls":"65020700010036","nmprov":"KALIMANTAN UTARA","nmkab":"BULUNGAN","nmkec":"TANJUNG PALAS TENGAH","nmdesa":"TANJUNG BUKA","nmsls":"RT 046 RW 004"}},{"type":"Feature","geometry":{"type":"MultiPolygon","coordinates":[[[[117.47584,2.86612],[117.4809,2.86631],[117.48089,2.86626],[117.48094,2.86254],[117.48557,2.86248],[117.48571,2.85799],[117.48592,2.85085],[117.48555,2.85065],[117.48503,2.8506],[117.48467,2.85081],[117.48348,2.85156],[117.48276,2.85162],[117.48013,2.85182],[117.4777,2.85286],[117.47625,2.85401],[117.47537,2.85494],[117.47486,2.85666],[117.47424,2.85831],[117.47336,2.8602],[117.47228,2.86142],[117.47079,2.86213],[117.46922,2.86242],[117.467,2.86207],[117.46529,2.86078],[117.46475,2.85983],[117.46487,2.86289],[117.46458,2.8629],[117.46447,2.86439],[117.46446,2.86509],[117.47239,2.86525],[117.4724,2.86598],[117.47584,2.86612]]]]},"properties":{"kdprov":"65","kdkab":"02","kdkec":"070","kddesa":"001","kdsls":"0035","idsls":"65020700010035","nmprov":"KALIMANTAN UTARA","nmkab":"BULUNGAN","nmkec":"TANJUNG PALAS TENGAH","nmdesa":"TANJUNG BUKA","nmsls":"RT 045 RW 004"}},{"type":"Feature","geometry":{"type":"MultiPolygon","coordinates":[[[[117.69748,2.86625],[117.69671,2.86508],[117.69692,2.86843],[117.69745,2.86851],[117.69748,2.86625]]]]},"properties":{"kdprov":"65","kdkab":"02","kdkec":"070","kddesa":"001","kdsls":"0004","idsls":"65020700010004","nmprov":"KALIMANTAN UTARA","nmkab":"BULUNGAN","nmkec":"TANJUNG PALAS TENGAH","nmdesa":"TANJUNG BUKA","nmsls":"RT 005 RW 005"}},{"type":"Feature","geometry":{"type":"MultiPolygon","coordinates":[[[[117.44706,3.15114],[117.44723,3.15103],[117.4476,3.15079],[117.4476,3.15079],[117.44769,3.15062],[117.44614,3.14996],[117.44639,3.1506],[117.44706,3.15114],[117.44706,3.15114]]]]},"properties":{"kdprov":"65","kdkab":"02","kdkec":"070","kddesa":"002","kdsls":"0018","idsls":"65020700020018","nmprov":"KALIMANTAN UTARA","nmkab":"BULUNGAN","nmkec":"TANJUNG PALAS TENGAH","nmdesa":"SALIM BATU","nmsls":"RT 018"}},{"type":"Feature","geometry":{"type":"MultiPolygon","coordinates":[[[[117.44769,3.15062],[117.4476,3.15079],[117.4476,3.15079],[117.44723,3.15103],[117.44706,3.15114],[117.44739,3.1516],[117.4475,3.15142],[117.4475,3.15142],[117.44751,3.15142],[117.44811,3.15104],[117.44816,3.15101],[117.44816,3.15101],[117.44824,3.15103],[117.44841,3.15093],[117.44786,3.15069],[117.44769,3.15062]]]]},"properties":{"kdprov":"65","kdkab":"02","kdkec":"070","kddesa":"002","kdsls":"0017","idsls":"65020700020017","nmprov":"KALIMANTAN UTARA","nmkab":"BULUNGAN","nmkec":"TANJUNG PALAS TENGAH","nmdesa":"SALIM BATU","nmsls":"RT 017"}},{"type":"Feature","geometry":{"type":"MultiPolygon","coordinates":[[[[117.44841,3.15093],[117.44824,3.15103],[117.44816,3.15101],[117.44816,3.15101],[117.44811,3.15104],[117.44751,3.15142],[117.4475,3.15142],[117.4475,3.15142],[117.44739,3.1516],[117.44775,3.15209],[117.44787,3.15201],[117.44787,3.15201],[117.44788,3.15201],[117.44795,3.15195],[117.44818,3.15158],[117.44888,3.15186],[117.44915,3.15129],[117.44913,3.15124],[117.44913,3.15124],[117.44841,3.15093]]]]},"properties":{"kdprov":"65","kdkab":"02","kdkec":"070","kddesa":"002","kdsls":"0014","idsls":"65020700020014","nmprov":"KALIMANTAN UTARA","nmkab":"BULUNGAN","nmkec":"TANJUNG PALAS TENGAH","nmdesa":"SALIM BATU","nmsls":"RT 014"}},{"type":"Feature","geometry":{"type":"MultiPolygon","coordinates":[[[[117.44915,3.15129],[117.44888,3.15186],[117.44818,3.15158],[117.44795,3.15195],[117.44788,3.15201],[117.44787,3.15201],[117.44787,3.15201],[117.44775,3.15209],[117.44776,3.15209],[117.44858,3.15294],[117.44908,3.1527],[117.44908,3.15269],[117.44977,3.15229],[117.44927,3.15133],[117.44915,3.15128],[117.44915,3.15128],[117.44915,3.15129]]]]},"properties":{"kdprov":"65","kdkab":"02","kdkec":"070","kddesa":"002","kdsls":"0015","idsls":"65020700020015","nmprov":"KALIMANTAN UTARA","nmkab":"BULUNGAN","nmkec":"TANJUNG PALAS TENGAH","nmdesa":"SALIM BATU","nmsls":"RT 015"}},{"type":"Feature","geometry":{"type":"MultiPolygon","coordinates":[[[[117.35261,2.95452],[117.35203,2.95397],[117.35159,2.95335],[117.34983,2.95086],[117.34718,2.95242],[117.35004,2.95622],[117.35261,2.95452]]]]},"properties":{"kdprov":"65","kdkab":"02","kdkec":"070","kddesa":"002","kdsls":"0013","idsls":"65020700020013","nmprov":"KALIMANTAN UTARA","nmkab":"BULUNGAN","nmkec":"TANJUNG PALAS TENGAH","nmdesa":"SALIM BATU","nmsls":"RT 013"}},{"type":"Feature","geometry":{"type":"MultiPolygon","coordinates":[[[[117.34718,2.95242],[117.34983,2.95086],[117.34939,2.95024],[117.34875,2.94923],[117.34602,2.95088],[117.34601,2.95087],[117.34601,2.95088],[117.34717,2.95243],[117.34718,2.95242]]]]},"properties":{"kdprov":"65","kdkab":"02","kdkec":"070","kddesa":"002","kdsls":"0012","idsls":"65020700020012","nmprov":"KALIMANTAN UTARA","nmkab":"BULUNGAN","nmkec":"TANJUNG PALAS TENGAH","nmdesa":"SALIM BATU","nmsls":"RT 012"}},{"type":"Feature","geometry":{"type":"MultiPolygon","coordinates":[[[[117.34601,2.95087],[117.34602,2.95088],[117.34875,2.94923],[117.3478,2.94772],[117.34609,2.94874],[117.34603,2.94866],[117.34586,2.94841],[117.34473,2.94897],[117.34601,2.95087]]]]},"properties":{"kdprov":"65","kdkab":"02","kdkec":"070","kddesa":"002","kdsls":"0011","idsls":"65020700020011","nmprov":"KALIMANTAN UTARA","nmkab":"BULUNGAN","nmkec":"TANJUNG PALAS TENGAH","nmdesa":"SALIM BATU","nmsls":"RT 011"}},{"type":"Feature","geometry":{"type":"MultiPolygon","coordinates":[[[[117.34473,2.94897],[117.34586,2.94841],[117.34603,2.94866],[117.34609,2.94874],[117.3478,2.94772],[117.34703,2.94651],[117.34702,2.9465],[117.34421,2.94808],[117.3442,2.94807],[117.3442,2.94807],[117.34473,2.94897],[117.34473,2.94897]]]]},"properties":{"kdprov":"65","kdkab":"02","kdkec":"070","kddesa":"002","kdsls":"0010","idsls":"65020700020010","nmprov":"KALIMANTAN UTARA","nmkab":"BULUNGAN","nmkec":"TANJUNG PALAS TENGAH","nmdesa":"SALIM BATU","nmsls":"RT 010"}},{"type":"Feature","geometry":{"type":"MultiPolygon","coordinates":[[[[117.3442,2.94807],[117.34421,2.94808],[117.34702,2.9465],[117.34627,2.94529],[117.34348,2.94686],[117.3442,2.94807]]]]},"properties":{"kdprov":"65","kdkab":"02","kdkec":"070","kddesa":"002","kdsls":"0009","idsls":"65020700020009","nmprov":"KALIMANTAN UTARA","nmkab":"BULUNGAN","nmkec":"TANJUNG PALAS TENGAH","nmdesa":"SALIM BATU","nmsls":"RT 009"}},{"type":"Feature","geometry":{"type":"MultiPolygon","coordinates":[[[[117.34348,2.94686],[117.34627,2.94529],[117.34596,2.94478],[117.34554,2.94375],[117.3426,2.94544],[117.3426,2.94544],[117.34346,2.94687],[117.34348,2.94686]]]]},"properties":{"kdprov":"65","kdkab":"02","kdkec":"070","kddesa":"002","kdsls":"0008","idsls":"65020700020008","nmprov":"KALIMANTAN UTARA","nmkab":"BULUNGAN","nmkec":"TANJUNG PALAS TENGAH","nmdesa":"SALIM BATU","nmsls":"RT 008"}},{"type":"Feature","geometry":{"type":"MultiPolygon","coordinates":[[[[117.3426,2.94544],[117.34554,2.94375],[117.34521,2.94294],[117.34217,2.94425],[117.34217,2.94425],[117.34214,2.94426],[117.34157,2.94449],[117.34208,2.94562],[117.3426,2.94544],[117.3426,2.94544],[117.3426,2.94544]]]]},"properties":{"kdprov":"65","kdkab":"02","kdkec":"070","kddesa":"002","kdsls":"0007","idsls":"65020700020007","nmprov":"KALIMANTAN UTARA","nmkab":"BULUNGAN","nmkec":"TANJUNG PALAS TENGAH","nmdesa":"SALIM BATU","nmsls":"RT 007"}},{"type":"Feature","geometry":{"type":"MultiPolygon","coordinates":[[[[117.34472,2.94158],[117.34126,2.94289],[117.3412,2.94291],[117.34091,2.94302],[117.34157,2.94449],[117.34214,2.94426],[117.34217,2.94425],[117.34217,2.94425],[117.34521,2.94294],[117.34489,2.94212],[117.34472,2.94158]]]]},"properties":{"kdprov":"65","kdkab":"02","kdkec":"070","kddesa":"002","kdsls":"0006","idsls":"65020700020006","nmprov":"KALIMANTAN UTARA","nmkab":"BULUNGAN","nmkec":"TANJUNG PALAS TENGAH","nmdesa":"SALIM BATU","nmsls":"RT 006"}},{"type":"Feature","geometry":{"type":"MultiPolygon","coordinates":[[[[117.34012,2.94128],[117.34034,2.94119],[117.34089,2.94095],[117.34089,2.94095],[117.34096,2.94093],[117.34431,2.94017],[117.34415,2.93956],[117.34389,2.93857],[117.34069,2.9389],[117.34012,2.94128]]]]},"properties":{"kdprov":"65","kdkab":"02","kdkec":"070","kddesa":"002","kdsls":"0004","idsls":"65020700020004","nmprov":"KALIMANTAN UTARA","nmkab":"BULUNGAN","nmkec":"TANJUNG PALAS TENGAH","nmdesa":"SALIM BATU","nmsls":"RT 004"}},{"type":"Feature","geometry":{"type":"MultiPolygon","coordinates":[[[[117.34069,2.9389],[117.34389,2.93857],[117.34381,2.93825],[117.34381,2.93718],[117.34381,2.93616],[117.34051,2.93781],[117.34069,2.9389],[117.34069,2.9389]]]]},"properties":{"kdprov":"65","kdkab":"02","kdkec":"070","kddesa":"002","kdsls":"0003","idsls":"65020700020003","nmprov":"KALIMANTAN UTARA","nmkab":"BULUNGAN","nmkec":"TANJUNG PALAS TENGAH","nmdesa":"SALIM BATU","nmsls":"RT 003"}},{"type":"Feature","geometry":{"type":"MultiPolygon","coordinates":[[[[117.34051,2.93781],[117.34381,2.93616],[117.34381,2.9361],[117.3436,2.93485],[117.34352,2.93438],[117.33989,2.93673],[117.33989,2.93674],[117.34051,2.93781]]]]},"properties":{"kdprov":"65","kdkab":"02","kdkec":"070","kddesa":"002","kdsls":"0002","idsls":"65020700020002","nmprov":"KALIMANTAN UTARA","nmkab":"BULUNGAN","nmkec":"TANJUNG PALAS TENGAH","nmdesa":"SALIM BATU","nmsls":"RT 002"}},{"type":"Feature","geometry":{"type":"MultiPolygon","coordinates":[[[[117.35114,2.91606],[117.35114,2.91608],[117.35495,2.91529],[117.35495,2.91528],[117.35495,2.91529],[117.35896,2.91454],[117.35896,2.91451],[117.35898,2.91451],[117.36281,2.91384],[117.36281,2.91384],[117.36138,2.90574],[117.36138,2.90572],[117.35729,2.90561],[117.35313,2.9055],[117.35123,2.90545],[117.34882,2.90539],[117.34883,2.90545],[117.35114,2.91606]]]]},"properties":{"kdprov":"65","kdkab":"02","kdkec":"070","kddesa":"002","kdsls":"0033","idsls":"65020700020033","nmprov":"KALIMANTAN UTARA","nmkab":"BULUNGAN","nmkec":"TANJUNG PALAS TENGAH","nmdesa":"SALIM BATU","nmsls":"RT 037"}},{"type":"Feature","geometry":{"type":"MultiPolygon","coordinates":[[[[117.69578,2.86254],[117.69597,2.86323],[117.69591,2.86454],[117.69593,2.86477],[117.69594,2.86517],[117.69586,2.86533],[117.69644,2.86647],[117.69644,2.86647],[117.69632,2.8624],[117.69578,2.86254]]]]},"properties":{"kdprov":"65","kdkab":"02","kdkec":"070","kddesa":"001","kdsls":"0048","idsls":"65020700010048","nmprov":"KALIMANTAN UTARA","nmkab":"BULUNGAN","nmkec":"TANJUNG PALAS TENGAH","nmdesa":"TANJUNG BUKA","nmsls":"RT 036 RW 005"}},{"type":"Feature","geometry":{"type":"MultiPolygon","coordinates":[[[[117.35898,2.91451],[117.35896,2.91451],[117.35896,2.91454],[117.35495,2.91529],[117.35495,2.91528],[117.35495,2.91529],[117.35114,2.91608],[117.35114,2.91606],[117.34923,2.91648],[117.35005,2.92052],[117.352,2.92013],[117.35198,2.92019],[117.3531,2.92581],[117.3568,2.92502],[117.35681,2.92502],[117.35649,2.92335],[117.35574,2.91938],[117.35978,2.91857],[117.35898,2.91451]]]]},"properties":{"kdprov":"65","kdkab":"02","kdkec":"070","kddesa":"002","kdsls":"0024","idsls":"65020700020024","nmprov":"KALIMANTAN UTARA","nmkab":"BULUNGAN","nmkec":"TANJUNG PALAS TENGAH","nmdesa":"SALIM BATU","nmsls":"RT 028"}},{"type":"Feature","geometry":{"type":"MultiPolygon","coordinates":[[[[117.35978,2.91857],[117.35574,2.91938],[117.35649,2.92335],[117.35681,2.92502],[117.3568,2.92502],[117.35789,2.93021],[117.36189,2.92962],[117.36086,2.92387],[117.36083,2.92387],[117.36059,2.92263],[117.35978,2.91857]]]]},"properties":{"kdprov":"65","kdkab":"02","kdkec":"070","kddesa":"002","kdsls":"0025","idsls":"65020700020025","nmprov":"KALIMANTAN UTARA","nmkab":"BULUNGAN","nmkec":"TANJUNG PALAS TENGAH","nmdesa":"SALIM BATU","nmsls":"RT 029"}},{"type":"Feature","geometry":{"type":"MultiPolygon","coordinates":[[[[117.36281,2.91384],[117.36281,2.91384],[117.35898,2.91451],[117.35978,2.91857],[117.36059,2.92263],[117.36083,2.92387],[117.36086,2.92387],[117.36383,2.92359],[117.36383,2.92361],[117.3684,2.92338],[117.36771,2.91941],[117.36773,2.91936],[117.37146,2.91862],[117.37147,2.91862],[117.37142,2.9159],[117.37136,2.91242],[117.36656,2.91313],[117.36656,2.91315],[117.36281,2.91383],[117.36281,2.91384]]]]},"properties":{"kdprov":"65","kdkab":"02","kdkec":"070","kddesa":"002","kdsls":"0029","idsls":"65020700020029","nmprov":"KALIMANTAN UTARA","nmkab":"BULUNGAN","nmkec":"TANJUNG PALAS TENGAH","nmdesa":"SALIM BATU","nmsls":"RT 033"}},{"type":"Feature","geometry":{"type":"MultiPolygon","coordinates":[[[[117.36138,2.90572],[117.36138,2.90574],[117.36281,2.91384],[117.36281,2.91383],[117.36656,2.91315],[117.36656,2.91313],[117.37136,2.91242],[117.37139,2.91241],[117.3714,2.91158],[117.37148,2.90599],[117.36519,2.90582],[117.36338,2.90577],[117.36138,2.90572]]]]},"properties":{"kdprov":"65","kdkab":"02","kdkec":"070","kddesa":"002","kdsls":"0030","idsls":"65020700020030","nmprov":"KALIMANTAN UTARA","nmkab":"BULUNGAN","nmkec":"TANJUNG PALAS TENGAH","nmdesa":"SALIM BATU","nmsls":"RT 034"}},{"type":"Feature","geometry":{"type":"MultiPolygon","coordinates":[[[[117.37136,2.91242],[117.37142,2.9159],[117.37791,2.91573],[117.38086,2.91565],[117.38893,2.91544],[117.38865,2.91501],[117.38753,2.91396],[117.38734,2.91378],[117.38596,2.91292],[117.38471,2.91218],[117.38357,2.9115],[117.38337,2.91136],[117.37785,2.91146],[117.3714,2.91158],[117.37139,2.91241],[117.37136,2.91242]]]]},"properties":{"kdprov":"65","kdkab":"02","kdkec":"070","kddesa":"002","kdsls":"0035","idsls":"65020700020035","nmprov":"KALIMANTAN UTARA","nmkab":"BULUNGAN","nmkec":"TANJUNG PALAS TENGAH","nmdesa":"SALIM BATU","nmsls":"RT 039"}},{"type":"Feature","geometry":{"type":"MultiPolygon","coordinates":[[[[117.37142,2.9159],[117.37147,2.91862],[117.37146,2.91862],[117.37147,2.91863],[117.37155,2.92027],[117.37156,2.92027],[117.38088,2.91988],[117.38293,2.9198],[117.39064,2.91948],[117.39165,2.91944],[117.3917,2.91943],[117.3916,2.91915],[117.39082,2.91837],[117.3907,2.91826],[117.39047,2.918],[117.39003,2.91747],[117.38946,2.91626],[117.38944,2.91623],[117.38921,2.91588],[117.38893,2.91544],[117.38086,2.91565],[117.37791,2.91573],[117.37142,2.9159]]]]},"properties":{"kdprov":"65","kdkab":"02","kdkec":"070","kddesa":"002","kdsls":"0039","idsls":"65020700020039","nmprov":"KALIMANTAN UTARA","nmkab":"BULUNGAN","nmkec":"TANJUNG PALAS TENGAH","nmdesa":"SALIM BATU","nmsls":"RT 043"}},{"type":"Feature","geometry":{"type":"MultiPolygon","coordinates":[[[[117.41838,2.92772],[117.41854,2.92747],[117.41959,2.92584],[117.42035,2.92479],[117.42111,2.92373],[117.42197,2.92278],[117.42264,2.9223],[117.42349,2.92182],[117.42455,2.92134],[117.42549,2.92086],[117.42578,2.92047],[117.41748,2.92055],[117.41412,2.92058],[117.4141,2.92058],[117.41416,2.92146],[117.4142,2.92341],[117.41397,2.92497],[117.41405,2.92502],[117.41838,2.92772]]]]},"properties":{"kdprov":"65","kdkab":"02","kdkec":"070","kddesa":"002","kdsls":"0046","idsls":"65020700020046","nmprov":"KALIMANTAN UTARA","nmkab":"BULUNGAN","nmkec":"TANJUNG PALAS TENGAH","nmdesa":"SALIM BATU","nmsls":"RT 050"}},{"type":"Feature","geometry":{"type":"MultiPolygon","coordinates":[[[[117.4141,2.92058],[117.41412,2.92058],[117.41748,2.92055],[117.42578,2.92047],[117.42606,2.92009],[117.42635,2.91943],[117.42644,2.91857],[117.42644,2.91732],[117.42635,2.91646],[117.42606,2.91574],[117.42596,2.9155],[117.42549,2.91493],[117.42426,2.91378],[117.42244,2.91196],[117.41987,2.90986],[117.4192,2.90957],[117.41761,2.90985],[117.41653,2.91005],[117.41521,2.91063],[117.41368,2.9112],[117.41206,2.91149],[117.4113,2.9113],[117.41096,2.91122],[117.41085,2.91235],[117.41087,2.91399],[117.41096,2.91442],[117.41111,2.91487],[117.41205,2.91636],[117.41285,2.91764],[117.41406,2.92006],[117.4141,2.92058]]]]},"properties":{"kdprov":"65","kdkab":"02","kdkec":"070","kddesa":"002","kdsls":"0047","idsls":"65020700020047","nmprov":"KALIMANTAN UTARA","nmkab":"BULUNGAN","nmkec":"TANJUNG PALAS TENGAH","nmdesa":"SALIM BATU","nmsls":"RT 051"}},{"type":"Feature","geometry":{"type":"MultiPolygon","coordinates":[[[[117.25518,3.12308],[117.25552,3.12329],[117.25683,3.12359],[117.25842,3.1242],[117.25974,3.12472],[117.26105,3.1252],[117.26151,3.12545],[117.26171,3.12556],[117.26225,3.12574],[117.26234,3.12579],[117.26243,3.12585],[117.2626,3.12595],[117.26273,3.12604],[117.263,3.12642],[117.27056,3.1263],[117.2703,3.11081],[117.25531,3.11015],[117.25518,3.12308]]]]},"properties":{"kdprov":"65","kdkab":"02","kdkec":"070","kddesa":"002","kdsls":"5004","idsls":"65020700025004","nmprov":"KALIMANTAN UTARA","nmkab":"BULUNGAN","nmkec":"TANJUNG PALAS TENGAH","nmdesa":"SALIM BATU","nmsls":"KOMPLEK PT SKI"}},{"type":"Feature","geometry":{"type":"MultiPolygon","coordinates":[[[[117.33242,2.98771],[117.33426,2.98737],[117.33347,2.98384],[117.33111,2.98114],[117.33111,2.98113],[117.33076,2.98069],[117.33076,2.98068],[117.33076,2.98068],[117.32979,2.97975],[117.32885,2.98116],[117.32888,2.9812],[117.3317,2.98471],[117.33237,2.98772],[117.33242,2.98771]]]]},"properties":{"kdprov":"65","kdkab":"02","kdkec":"070","kddesa":"002","kdsls":"0021","idsls":"65020700020021","nmprov":"KALIMANTAN UTARA","nmkab":"BULUNGAN","nmkec":"TANJUNG PALAS TENGAH","nmdesa":"SALIM BATU","nmsls":"RT 023"}},{"type":"Feature","geometry":{"type":"MultiPolygon","coordinates":[[[[117.33242,2.98771],[117.33237,2.98772],[117.3317,2.98471],[117.32888,2.9812],[117.32782,2.98146],[117.32874,2.98348],[117.3303,2.98517],[117.3307,2.98806],[117.33241,2.98773],[117.33242,2.98771]]]]},"properties":{"kdprov":"65","kdkab":"02","kdkec":"070","kddesa":"002","kdsls":"0022","idsls":"65020700020022","nmprov":"KALIMANTAN UTARA","nmkab":"BULUNGAN","nmkec":"TANJUNG PALAS TENGAH","nmdesa":"SALIM BATU","nmsls":"RT 026"}},{"type":"Feature","geometry":{"type":"MultiPolygon","coordinates":[[[[117.29681,2.99253],[117.29682,2.99252],[117.29765,2.99279],[117.29889,2.98934],[117.29973,2.98959],[117.30002,2.98888],[117.30002,2.98888],[117.29965,2.98874],[117.29687,2.98769],[117.29686,2.9877],[117.2962,2.98932],[117.2962,2.98932],[117.29771,2.98982],[117.29681,2.9925],[117.29681,2.99253]]]]},"properties":{"kdprov":"65","kdkab":"02","kdkec":"070","kddesa":"003","kdsls":"0005","idsls":"65020700030005","nmprov":"KALIMANTAN UTARA","nmkab":"BULUNGAN","nmkec":"TANJUNG PALAS TENGAH","nmdesa":"SILVA RAHAYU","nmsls":"RT 005 RW 002"}},{"type":"Feature","geometry":{"type":"MultiPolygon","coordinates":[[[[117.29686,2.9877],[117.29687,2.98769],[117.29965,2.98874],[117.30018,2.98686],[117.3002,2.98682],[117.2963,2.98562],[117.29629,2.98565],[117.29573,2.98717],[117.29686,2.9877]]]]},"properties":{"kdprov":"65","kdkab":"02","kdkec":"070","kddesa":"003","kdsls":"0006","idsls":"65020700030006","nmprov":"KALIMANTAN UTARA","nmkab":"BULUNGAN","nmkec":"TANJUNG PALAS TENGAH","nmdesa":"SILVA RAHAYU","nmsls":"RT 006 RW 002"}},{"type":"Feature","geometry":{"type":"MultiPolygon","coordinates":[[[[117.48571,2.85799],[117.48557,2.86248],[117.48859,2.86245],[117.48862,2.86666],[117.48863,2.86776],[117.49245,2.8678],[117.49246,2.86673],[117.49247,2.86673],[117.49274,2.86011],[117.49152,2.86012],[117.49152,2.85814],[117.49134,2.85813],[117.49133,2.85811],[117.49132,2.85816],[117.48571,2.85799]]]]},"properties":{"kdprov":"65","kdkab":"02","kdkec":"070","kddesa":"001","kdsls":"0022","idsls":"65020700010022","nmprov":"KALIMANTAN UTARA","nmkab":"BULUNGAN","nmkec":"TANJUNG PALAS TENGAH","nmdesa":"TANJUNG BUKA","nmsls":"RT 031 RW 004"}},{"type":"Feature","geometry":{"type":"MultiPolygon","coordinates":[[[[117.30002,2.98888],[117.30138,2.98933],[117.30297,2.98595],[117.30603,2.98698],[117.30612,2.98681],[117.30621,2.98666],[117.30674,2.98566],[117.29668,2.9822],[117.29663,2.98229],[117.2966,2.98234],[117.29613,2.98333],[117.30087,2.98512],[117.30023,2.98685],[117.30018,2.98686],[117.29965,2.98874],[117.30002,2.98888],[117.30002,2.98888]]]]},"properties":{"kdprov":"65","kdkab":"02","kdkec":"070","kddesa":"003","kdsls":"0007","idsls":"65020700030007","nmprov":"KALIMANTAN UTARA","nmkab":"BULUNGAN","nmkec":"TANJUNG PALAS TENGAH","nmdesa":"SILVA RAHAYU","nmsls":"RT 007 RW 002"}},{"type":"Feature","geometry":{"type":"MultiPolygon","coordinates":[[[[117.49247,2.86673],[117.49246,2.86673],[117.49245,2.8678],[117.4943,2.86784],[117.49427,2.8732],[117.49241,2.87318],[117.49239,2.8752],[117.49622,2.87524],[117.49622,2.8752],[117.49982,2.87515],[117.52172,2.87483],[117.52178,2.874],[117.52171,2.87062],[117.52112,2.86732],[117.50295,2.86695],[117.49924,2.86687],[117.49247,2.86673]]]]},"properties":{"kdprov":"65","kdkab":"02","kdkec":"070","kddesa":"001","kdsls":"0025","idsls":"65020700010025","nmprov":"KALIMANTAN UTARA","nmkab":"BULUNGAN","nmkec":"TANJUNG PALAS TENGAH","nmdesa":"TANJUNG BUKA","nmsls":"RT 034 RW 004"}},{"type":"Feature","geometry":{"type":"MultiPolygon","coordinates":[[[[117.3018,2.99413],[117.29765,2.99279],[117.29682,2.99252],[117.29681,2.99253],[117.29611,2.99433],[117.29612,2.99434],[117.29613,2.99431],[117.30202,2.99643],[117.30204,2.99643],[117.30238,2.99655],[117.30239,2.99647],[117.3023,2.99475],[117.3018,2.99414],[117.3018,2.99413],[117.3018,2.99413]]]]},"properties":{"kdprov":"65","kdkab":"02","kdkec":"070","kddesa":"003","kdsls":"0003","idsls":"65020700030003","nmprov":"KALIMANTAN UTARA","nmkab":"BULUNGAN","nmkec":"TANJUNG PALAS TENGAH","nmdesa":"SILVA RAHAYU","nmsls":"RT 003 RW 001"}},{"type":"Feature","geometry":{"type":"MultiPolygon","coordinates":[[[[117.30238,2.99655],[117.30204,2.99643],[117.30202,2.99643],[117.29613,2.99431],[117.29612,2.99434],[117.29554,2.99606],[117.29555,2.99607],[117.30009,2.99777],[117.30009,2.99777],[117.30009,2.99777],[117.30058,2.99795],[117.30147,2.99762],[117.3023,2.99702],[117.30238,2.99655]]]]},"properties":{"kdprov":"65","kdkab":"02","kdkec":"070","kddesa":"003","kdsls":"0002","idsls":"65020700030002","nmprov":"KALIMANTAN UTARA","nmkab":"BULUNGAN","nmkec":"TANJUNG PALAS TENGAH","nmdesa":"SILVA RAHAYU","nmsls":"RT 002 RW 001"}},{"type":"Feature","geometry":{"type":"MultiPolygon","coordinates":[[[[117.29765,2.99279],[117.3018,2.99413],[117.30141,2.98934],[117.30138,2.98933],[117.30002,2.98888],[117.29973,2.98959],[117.29889,2.98934],[117.29765,2.99279]]]]},"properties":{"kdprov":"65","kdkab":"02","kdkec":"070","kddesa":"003","kdsls":"0004","idsls":"65020700030004","nmprov":"KALIMANTAN UTARA","nmkab":"BULUNGAN","nmkec":"TANJUNG PALAS TENGAH","nmdesa":"SILVA RAHAYU","nmsls":"RT 004 RW 001"}},{"type":"Feature","geometry":{"type":"MultiPolygon","coordinates":[[[[117.47712,2.9049],[117.47633,2.90544],[117.47446,2.90634],[117.47351,2.90623],[117.47324,2.90599],[117.47303,2.90581],[117.47277,2.90435],[117.47239,2.90253],[117.47161,2.90157],[117.47161,2.90158],[117.47084,2.90105],[117.47006,2.90061],[117.46942,2.90038],[117.46824,2.90008],[117.46755,2.89997],[117.46616,2.90012],[117.46617,2.90014],[117.46561,2.90018],[117.46525,2.90032],[117.46488,2.90041],[117.46474,2.90065],[117.46446,2.90111],[117.46437,2.90143],[117.46437,2.90184],[117.46446,2.9023],[117.4646,2.90262],[117.46469,2.90313],[117.46488,2.9035],[117.46506,2.90401],[117.46511,2.90465],[117.4652,2.90534],[117.46511,2.90575],[117.46478,2.90635],[117.46437,2.90677],[117.4637,2.90721],[117.46621,2.90703],[117.46629,2.90819],[117.46909,2.90818],[117.46893,2.9119],[117.47299,2.91174],[117.47286,2.91471],[117.47347,2.91472],[117.47347,2.91472],[117.4788,2.91467],[117.4788,2.90939],[117.4788,2.90939],[117.47884,2.90781],[117.47672,2.9078],[117.4774,2.9051],[117.47739,2.9051],[117.47712,2.9049]]]]},"properties":{"kdprov":"65","kdkab":"02","kdkec":"070","kddesa":"001","kdsls":"0010","idsls":"65020700010010","nmprov":"KALIMANTAN UTARA","nmkab":"BULUNGAN","nmkec":"TANJUNG PALAS TENGAH","nmdesa":"TANJUNG BUKA","nmsls":"RT 013 RW 005"}},{"type":"Feature","geometry":{"type":"MultiPolygon","coordinates":[[[[117.52172,2.87483],[117.49982,2.87515],[117.49622,2.8752],[117.49622,2.87524],[117.49239,2.8752],[117.49237,2.87813],[117.48871,2.8781],[117.48872,2.87883],[117.48874,2.88148],[117.49036,2.88263],[117.49329,2.88309],[117.49493,2.88324],[117.49631,2.8835],[117.49829,2.88389],[117.50129,2.88503],[117.50507,2.88653],[117.50751,2.88768],[117.50908,2.88841],[117.51057,2.88848],[117.51222,2.88833],[117.51379,2.88804],[117.51522,2.88725],[117.51686,2.88553],[117.51872,2.88266],[117.52021,2.87942],[117.52034,2.87912],[117.5215,2.87632],[117.52164,2.87597],[117.52172,2.87483]]]]},"properties":{"kdprov":"65","kdkab":"02","kdkec":"070","kddesa":"001","kdsls":"0026","idsls":"65020700010026","nmprov":"KALIMANTAN UTARA","nmkab":"BULUNGAN","nmkec":"TANJUNG PALAS TENGAH","nmdesa":"TANJUNG BUKA","nmsls":"RT 035 RW 004"}},{"type":"Feature","geometry":{"type":"MultiPolygon","coordinates":[[[[117.48592,2.85085],[117.48571,2.85799],[117.49132,2.85816],[117.49133,2.85811],[117.49134,2.85813],[117.49152,2.85814],[117.49925,2.85803],[117.50311,2.85812],[117.50312,2.85812],[117.50458,2.85699],[117.50385,2.85698],[117.50296,2.85666],[117.50208,2.8562],[117.50121,2.85542],[117.50105,2.85418],[117.50115,2.85298],[117.50141,2.85111],[117.50141,2.84971],[117.50115,2.84763],[117.50084,2.84545],[117.50058,2.84415],[117.49965,2.84202],[117.49846,2.84041],[117.49795,2.84015],[117.49738,2.84041],[117.49728,2.84083],[117.49732,2.84145],[117.49758,2.84244],[117.49784,2.84332],[117.49821,2.8441],[117.49867,2.84477],[117.49882,2.84566],[117.49867,2.84638],[117.49826,2.84711],[117.49712,2.84794],[117.49578,2.84867],[117.49534,2.84882],[117.49356,2.84945],[117.49206,2.84992],[117.48948,2.85101],[117.48767,2.85159],[117.48679,2.85127],[117.48611,2.85096],[117.48592,2.85085]]]]},"properties":{"kdprov":"65","kdkab":"02","kdkec":"070","kddesa":"001","kdsls":"0028","idsls":"65020700010028","nmprov":"KALIMANTAN UTARA","nmkab":"BULUNGAN","nmkec":"TANJUNG PALAS TENGAH","nmdesa":"TANJUNG BUKA","nmsls":"RT 037 RW 004"}},{"type":"Feature","geometry":{"type":"MultiPolygon","coordinates":[[[[117.4809,2.86631],[117.48095,2.86767],[117.48096,2.86767],[117.481,2.87365],[117.48157,2.87459],[117.48279,2.87624],[117.48436,2.87775],[117.48644,2.87947],[117.48865,2.88141],[117.48874,2.88148],[117.48872,2.87883],[117.48871,2.8781],[117.48863,2.86776],[117.48862,2.86666],[117.48859,2.86245],[117.48557,2.86248],[117.48094,2.86254],[117.48089,2.86626],[117.4809,2.86631]]]]},"properties":{"kdprov":"65","kdkab":"02","kdkec":"070","kddesa":"001","kdsls":"0032","idsls":"65020700010032","nmprov":"KALIMANTAN UTARA","nmkab":"BULUNGAN","nmkec":"TANJUNG PALAS TENGAH","nmdesa":"TANJUNG BUKA","nmsls":"RT 041 RW 004"}},{"type":"Feature","geometry":{"type":"MultiPolygon","coordinates":[[[[117.31194,2.95547],[117.31189,2.95546],[117.31189,2.95545],[117.31189,2.95545],[117.31189,2.95545],[117.31189,2.95545],[117.31156,2.95535],[117.31156,2.95535],[117.31156,2.95535],[117.31132,2.95528],[117.31017,2.95506],[117.30953,2.95485],[117.30901,2.95469],[117.30901,2.95469],[117.30866,2.95458],[117.30864,2.95458],[117.3086,2.95457],[117.30835,2.95447],[117.30817,2.95439],[117.30776,2.95423],[117.30656,2.9572],[117.3071,2.95737],[117.3071,2.95737],[117.3093,2.95791],[117.30941,2.959],[117.30941,2.959],[117.30947,2.9594],[117.31387,2.95953],[117.3135,2.959],[117.31351,2.959],[117.31175,2.95718],[117.31194,2.95547]]]]},"properties":{"kdprov":"65","kdkab":"02","kdkec":"070","kddesa":"002","kdsls":"0016","idsls":"65020700020016","nmprov":"KALIMANTAN UTARA","nmkab":"BULUNGAN","nmkec":"TANJUNG PALAS TENGAH","nmdesa":"SALIM BATU","nmsls":"RT 016"}},{"type":"Feature","geometry":{"type":"MultiPolygon","coordinates":[[[[117.3917,2.91943],[117.39165,2.91944],[117.39064,2.91948],[117.39069,2.92794],[117.39437,2.92925],[117.39551,2.92966],[117.39973,2.93332],[117.39973,2.93332],[117.40384,2.9335],[117.40549,2.93438],[117.40624,2.93317],[117.40762,2.93375],[117.40766,2.93368],[117.4087,2.93204],[117.40854,2.93194],[117.40673,2.93086],[117.40673,2.93086],[117.40538,2.93105],[117.40533,2.93106],[117.40515,2.93108],[117.40399,2.93098],[117.40288,2.93075],[117.4026,2.9306],[117.40052,2.92949],[117.39855,2.92806],[117.39679,2.92644],[117.39559,2.92496],[117.39505,2.92429],[117.39341,2.92233],[117.39288,2.92167],[117.39258,2.92127],[117.3918,2.91974],[117.3917,2.91943]]]]},"properties":{"kdprov":"65","kdkab":"02","kdkec":"070","kddesa":"002","kdsls":"0042","idsls":"65020700020042","nmprov":"KALIMANTAN UTARA","nmkab":"BULUNGAN","nmkec":"TANJUNG PALAS TENGAH","nmdesa":"SALIM BATU","nmsls":"RT 046"}},{"type":"Feature","geometry":{"type":"MultiPolygon","coordinates":[[[[117.39064,2.91948],[117.38293,2.9198],[117.38088,2.91988],[117.37156,2.92027],[117.37154,2.92029],[117.37151,2.92429],[117.37155,2.92429],[117.37151,2.92433],[117.37145,2.92856],[117.38022,2.9283],[117.38114,2.92764],[117.38202,2.92392],[117.38309,2.92388],[117.38439,2.92384],[117.38893,2.92605],[117.39064,2.92792],[117.39069,2.92794],[117.39064,2.91948]]]]},"properties":{"kdprov":"65","kdkab":"02","kdkec":"070","kddesa":"002","kdsls":"0041","idsls":"65020700020041","nmprov":"KALIMANTAN UTARA","nmkab":"BULUNGAN","nmkec":"TANJUNG PALAS TENGAH","nmdesa":"SALIM BATU","nmsls":"RT 045"}},{"type":"Feature","geometry":{"type":"MultiPolygon","coordinates":[[[[117.40766,2.93368],[117.40762,2.93375],[117.40624,2.93317],[117.40549,2.93438],[117.40382,2.93709],[117.40688,2.94128],[117.41122,2.94535],[117.41391,2.94331],[117.41394,2.94328],[117.40954,2.93721],[117.41049,2.93521],[117.40766,2.93368]]]]},"properties":{"kdprov":"65","kdkab":"02","kdkec":"070","kddesa":"002","kdsls":"0043","idsls":"65020700020043","nmprov":"KALIMANTAN UTARA","nmkab":"BULUNGAN","nmkec":"TANJUNG PALAS TENGAH","nmdesa":"SALIM BATU","nmsls":"RT 047"}},{"type":"Feature","geometry":{"type":"MultiPolygon","coordinates":[[[[117.40854,2.93194],[117.4087,2.93204],[117.40766,2.93368],[117.41049,2.93521],[117.40954,2.93721],[117.41394,2.94328],[117.41391,2.94331],[117.41398,2.94331],[117.41417,2.94023],[117.41447,2.93947],[117.41618,2.93944],[117.41658,2.93644],[117.41598,2.93566],[117.41588,2.93403],[117.41586,2.93382],[117.4125,2.93192],[117.41141,2.93366],[117.40859,2.93192],[117.40854,2.93194]]]]},"properties":{"kdprov":"65","kdkab":"02","kdkec":"070","kddesa":"002","kdsls":"0044","idsls":"65020700020044","nmprov":"KALIMANTAN UTARA","nmkab":"BULUNGAN","nmkec":"TANJUNG PALAS TENGAH","nmdesa":"SALIM BATU","nmsls":"RT 048"}},{"type":"Feature","geometry":{"type":"MultiPolygon","coordinates":[[[[117.41838,2.92772],[117.41405,2.92502],[117.41397,2.92497],[117.41393,2.92528],[117.41283,2.9276],[117.41199,2.92838],[117.41174,2.92857],[117.4095,2.92996],[117.4082,2.93046],[117.40673,2.93086],[117.40673,2.93086],[117.40854,2.93194],[117.40859,2.93192],[117.41141,2.93366],[117.4125,2.93192],[117.41586,2.93382],[117.41579,2.93279],[117.41607,2.93164],[117.41664,2.93039],[117.41838,2.92772]]]]},"properties":{"kdprov":"65","kdkab":"02","kdkec":"070","kddesa":"002","kdsls":"0045","idsls":"65020700020045","nmprov":"KALIMANTAN UTARA","nmkab":"BULUNGAN","nmkec":"TANJUNG PALAS TENGAH","nmdesa":"SALIM BATU","nmsls":"RT 049"}},{"type":"Feature","geometry":{"type":"MultiPolygon","coordinates":[[[[117.33902,2.93207],[117.3381,2.93169],[117.33717,2.93133],[117.33623,2.93054],[117.33578,2.93003],[117.33553,2.92974],[117.33505,2.92901],[117.33445,2.9281],[117.33398,2.92699],[117.33374,2.92644],[117.33335,2.92508],[117.3324,2.92573],[117.32981,2.93246],[117.33641,2.93594],[117.33778,2.93391],[117.33902,2.93207]]]]},"properties":{"kdprov":"65","kdkab":"02","kdkec":"070","kddesa":"002","kdsls":"0050","idsls":"65020700020050","nmprov":"KALIMANTAN UTARA","nmkab":"BULUNGAN","nmkec":"TANJUNG PALAS TENGAH","nmdesa":"SALIM BATU","nmsls":"RT 054"}},{"type":"Feature","geometry":{"type":"MultiPolygon","coordinates":[[[[117.30058,2.99795],[117.30009,2.99777],[117.30009,2.99777],[117.30009,2.99777],[117.29555,2.99607],[117.29554,2.99606],[117.29553,2.99606],[117.29524,2.99671],[117.29524,2.99671],[117.29431,2.99964],[117.29613,3.00028],[117.29686,2.99829],[117.29951,2.99911],[117.29951,2.99911],[117.29974,2.99918],[117.3003,2.99805],[117.30058,2.99795]]]]},"properties":{"kdprov":"65","kdkab":"02","kdkec":"070","kddesa":"003","kdsls":"0001","idsls":"65020700030001","nmprov":"KALIMANTAN UTARA","nmkab":"BULUNGAN","nmkec":"TANJUNG PALAS TENGAH","nmdesa":"SILVA RAHAYU","nmsls":"RT 001 RW 001"}},{"type":"Feature","geometry":{"type":"MultiPolygon","coordinates":[[[[117.29629,2.98565],[117.2963,2.98562],[117.3002,2.98682],[117.30018,2.98686],[117.30023,2.98685],[117.30087,2.98512],[117.29613,2.98333],[117.29612,2.98333],[117.29606,2.98347],[117.29585,2.98391],[117.29577,2.98408],[117.29672,2.98454],[117.29628,2.98564],[117.29629,2.98565]]]]},"properties":{"kdprov":"65","kdkab":"02","kdkec":"070","kddesa":"003","kdsls":"0008","idsls":"65020700030008","nmprov":"KALIMANTAN UTARA","nmkab":"BULUNGAN","nmkec":"TANJUNG PALAS TENGAH","nmdesa":"SILVA RAHAYU","nmsls":"RT 008 RW 002"}},{"type":"Feature","geometry":{"type":"MultiPolygon","coordinates":[[[[117.2962,2.98932],[117.2962,2.98932],[117.29686,2.9877],[117.29573,2.98717],[117.29629,2.98565],[117.29628,2.98564],[117.29672,2.98454],[117.29577,2.98408],[117.29585,2.98391],[117.29583,2.98392],[117.29468,2.98663],[117.29452,2.98656],[117.29119,2.9852],[117.29094,2.98594],[117.29051,2.98737],[117.2962,2.98932],[117.2962,2.98932]]]]},"properties":{"kdprov":"65","kdkab":"02","kdkec":"070","kddesa":"003","kdsls":"0009","idsls":"65020700030009","nmprov":"KALIMANTAN UTARA","nmkab":"BULUNGAN","nmkec":"TANJUNG PALAS TENGAH","nmdesa":"SILVA RAHAYU","nmsls":"RT 009 RW 002"}},{"type":"Feature","geometry":{"type":"MultiPolygon","coordinates":[[[[117.58099,3.11558],[117.5828,3.1182],[117.5841,3.11865],[117.58386,3.11877],[117.58386,3.11877],[117.58517,3.11902],[117.58714,3.11935],[117.5909,3.12147],[117.59386,3.12205],[117.59812,3.12336],[117.60238,3.12394],[117.60828,3.1232],[117.60959,3.12279],[117.61145,3.121],[117.61164,3.12082],[117.61279,3.11902],[117.61541,3.11689],[117.61828,3.1155],[117.61968,3.11222],[117.61962,3.11216],[117.61967,3.11017],[117.61861,3.10829],[117.61746,3.1073],[117.61541,3.10501],[117.61312,3.10386],[117.60836,3.10353],[117.60533,3.10247],[117.60074,3.10124],[117.59828,3.1014],[117.59632,3.10271],[117.59522,3.1044],[117.59402,3.10624],[117.59312,3.10788],[117.58984,3.11058],[117.58394,3.11279],[117.5819,3.11394],[117.58099,3.11558]]]]},"properties":{"kdprov":"65","kdkab":"02","kdkec":"070","kddesa":"001","kdsls":"6002","idsls":"65020700016002","nmprov":"KALIMANTAN UTARA","nmkab":"BULUNGAN","nmkec":"TANJUNG PALAS TENGAH","nmdesa":"TANJUNG BUKA","nmsls":"PULAU BUKA"}},{"type":"Feature","geometry":{"type":"MultiPolygon","coordinates":[[[[117.4918,2.95034],[117.49672,2.95149],[117.49994,2.95179],[117.49983,2.95149],[117.50753,2.94829],[117.51488,2.94337],[117.51491,2.94325],[117.51577,2.94235],[117.51634,2.94051],[117.51659,2.9387],[117.51749,2.93739],[117.51708,2.93666],[117.51536,2.93666],[117.51372,2.936],[117.50987,2.93567],[117.50766,2.93682],[117.50602,2.93789],[117.50341,2.94116],[117.50261,2.94178],[117.50195,2.94237],[117.50102,2.9433],[117.50042,2.94407],[117.4984,2.94469],[117.49553,2.9446],[117.4925,2.94551],[117.49189,2.94726],[117.49169,2.94715],[117.49165,2.94714],[117.49106,2.94911],[117.4918,2.95034]]],[[[117.47988,2.95729],[117.47985,2.95732],[117.48061,2.95799],[117.48161,2.95867],[117.48316,2.9589],[117.4859,2.95867],[117.48736,2.95854],[117.48877,2.95795],[117.48963,2.95799],[117.49082,2.95772],[117.4931,2.95708],[117.49445,2.957],[117.4961,2.95662],[117.4966,2.95658],[117.49729,2.95631],[117.49802,2.95599],[117.49765,2.95498],[117.49665,2.95416],[117.49578,2.95426],[117.4941,2.95339],[117.49091,2.95298],[117.48804,2.95293],[117.48512,2.95289],[117.4838,2.95334],[117.48266,2.95339],[117.4818,2.95366],[117.48111,2.95366],[117.48011,2.95398],[117.47956,2.95476],[117.47943,2.95567],[117.47966,2.9569],[117.47988,2.95729]]],[[[117.45371,2.98781],[117.45608,2.99118],[117.45608,2.99119],[117.4579,2.99173],[117.45871,2.99148],[117.46136,2.98799],[117.46173,2.98748],[117.46169,2.98735],[117.46255,2.98535],[117.46164,2.98271],[117.46054,2.9817],[117.45818,2.98016],[117.45535,2.97979],[117.45353,2.98052],[117.45207,2.98125],[117.45189,2.98262],[117.45211,2.98366],[117.4518,2.98384],[117.45371,2.98781]]],[[[117.46432,2.98765],[117.46369,2.98899],[117.46259,2.99031],[117.46091,2.99159],[117.46013,2.99264],[117.45991,2.99419],[117.46054,2.99585],[117.4604,2.9959],[117.46198,2.99808],[117.4638,2.99913],[117.46494,2.99863],[117.46644,2.99795],[117.46777,2.9969],[117.47009,2.9958],[117.47228,2.99562],[117.47565,2.9959],[117.47774,2.99672],[117.47961,2.99863],[117.48161,3.00236],[117.48175,3.00451],[117.48235,3.00727],[117.48251,3.0075],[117.48307,3.01011],[117.48366,3.01107],[117.48485,3.01303],[117.48676,3.0138],[117.48786,3.01284],[117.48872,3.01052],[117.48931,3.00811],[117.49082,3.00455],[117.49159,3.00314],[117.49273,3.0015],[117.49318,2.99973],[117.49298,2.99955],[117.4931,2.99913],[117.49264,2.99599],[117.4905,2.99258],[117.49043,2.98872],[117.4877,2.98535],[117.48287,2.98371],[117.48032,2.9797],[117.4784,2.96986],[117.47749,2.96621],[117.47549,2.96476],[117.47202,2.96467],[117.46683,2.96594],[117.46464,2.96731],[117.463,2.97004],[117.46109,2.97168],[117.4579,2.97341],[117.45754,2.97551],[117.45787,2.97617],[117.4576,2.97631],[117.4584,2.9776],[117.46018,2.97915],[117.46282,2.98116],[117.46423,2.98248],[117.46446,2.98389],[117.46446,2.98626],[117.46426,2.98753],[117.46432,2.98765]]],[[[117.49697,2.99558],[117.49638,2.99453],[117.4956,2.99339],[117.49515,2.99262],[117.49392,2.99211],[117.49378,2.99211],[117.49351,2.99271],[117.49387,2.99421],[117.49464,2.9953],[117.4951,2.99571],[117.49552,2.99664],[117.49534,2.99653],[117.49597,2.99754],[117.4961,2.99845],[117.4956,3.00009],[117.49557,3.00015],[117.4956,3.00018],[117.49478,3.00168],[117.49387,3.00359],[117.49136,3.00824],[117.48968,3.01275],[117.48886,3.01621],[117.48847,3.01824],[117.48832,3.01835],[117.48822,3.02036],[117.48859,3.02232],[117.4895,3.02446],[117.49027,3.02528],[117.49155,3.02592],[117.49259,3.02606],[117.49373,3.02542],[117.49524,3.02305],[117.49665,3.02072],[117.4967,3.02074],[117.49856,3.0174],[117.50093,3.01407],[117.50408,3.01175],[117.50763,3.01139],[117.50977,3.01107],[117.51045,3.01076],[117.51035,3.01067],[117.51033,3.01065],[117.51132,3.01047],[117.51228,3.00934],[117.51246,3.00801],[117.51191,3.00692],[117.51018,3.00628],[117.50676,3.00455],[117.50449,3.00268],[117.50285,2.99981],[117.50244,2.99963],[117.50171,2.99895],[117.5012,2.99895],[117.4997,2.99799],[117.49861,2.99703],[117.49694,2.99574],[117.49697,2.99558]]],[[[117.44227,2.98806],[117.44056,2.98727],[117.44003,2.98596],[117.4399,2.98478],[117.4399,2.98438],[117.43872,2.98359],[117.43766,2.98412],[117.43688,2.98464],[117.43609,2.98346],[117.43582,2.98267],[117.43556,2.98228],[117.43477,2.9807],[117.43438,2.98031],[117.43385,2.98018],[117.43306,2.98005],[117.43175,2.98005],[117.43162,2.98005],[117.43004,2.98005],[117.42964,2.98005],[117.42964,2.979],[117.43043,2.97821],[117.43122,2.97716],[117.43135,2.97598],[117.43122,2.97414],[117.43109,2.97256],[117.43109,2.97178],[117.43017,2.97046],[117.42964,2.9702],[117.42912,2.97007],[117.42741,2.9702],[117.42662,2.97112],[117.42596,2.97191],[117.42517,2.97283],[117.42465,2.97362],[117.4232,2.97467],[117.42281,2.97467],[117.42202,2.97388],[117.4207,2.97309],[117.41965,2.97283],[117.41834,2.97256],[117.41807,2.97256],[117.41584,2.97283],[117.41571,2.97453],[117.41597,2.97585],[117.41702,2.97782],[117.41847,2.97992],[117.419,2.98097],[117.41978,2.98241],[117.42123,2.98451],[117.42215,2.98609],[117.42333,2.98793],[117.42465,2.98963],[117.42583,2.99095],[117.42688,2.99186],[117.42741,2.99252],[117.42767,2.99344],[117.42846,2.99633],[117.42912,2.99882],[117.42938,3.00066],[117.4282,3.00381],[117.42728,3.00434],[117.42715,3.00434],[117.42412,3.0044],[117.42333,3.00493],[117.42176,3.00493],[117.42084,3.00414],[117.41978,3.00335],[117.4186,3.00335],[117.41794,3.00401],[117.41794,3.00545],[117.41768,3.00585],[117.41676,3.00585],[117.4161,3.00532],[117.414,3.00414],[117.41282,3.00362],[117.41203,3.00388],[117.41111,3.00532],[117.41071,3.00664],[117.40953,3.00834],[117.40835,3.00966],[117.40729,3.01084],[117.4069,3.01189],[117.40651,3.01359],[117.40624,3.01569],[117.40585,3.01661],[117.40558,3.01793],[117.40578,3.01985],[117.40601,3.01935],[117.40649,3.01858],[117.40753,3.01782],[117.40915,3.01743],[117.41153,3.0182],[117.41401,3.01896],[117.41492,3.02023],[117.4162,3.02202],[117.41743,3.02336],[117.41849,3.0249],[117.41896,3.02614],[117.41909,3.02665],[117.41916,3.02694],[117.41917,3.02709],[117.41917,3.02733],[117.41919,3.02756],[117.4192,3.02778],[117.41921,3.02784],[117.41995,3.02781],[117.42273,3.02881],[117.42606,3.03082],[117.4318,3.03473],[117.43576,3.03811],[117.43818,3.04107],[117.43977,3.04426],[117.44255,3.0479],[117.44642,3.04954],[117.45371,3.04972],[117.45369,3.04987],[117.45941,3.05013],[117.46469,3.04995],[117.46802,3.05109],[117.47335,3.05364],[117.47327,3.05373],[117.47711,3.05476],[117.47621,3.05312],[117.47574,3.05197],[117.47564,3.05101],[117.47564,3.05005],[117.47536,3.04957],[117.47507,3.04948],[117.4744,3.04967],[117.47402,3.04996],[117.47298,3.05044],[117.47173,3.05091],[117.47107,3.05091],[117.47012,3.05053],[117.46897,3.04967],[117.46631,3.04652],[117.46583,3.04546],[117.46555,3.04479],[117.46545,3.04402],[117.46573,3.04268],[117.4664,3.04201],[117.46668,3.04134],[117.46687,3.04086],[117.46668,3.04038],[117.46621,3.04019],[117.46516,3.04096],[117.46383,3.04182],[117.46297,3.0423],[117.46135,3.04287],[117.4603,3.04297],[117.45897,3.04268],[117.45831,3.04211],[117.45782,3.04154],[117.45773,3.03972],[117.45792,3.03905],[117.45831,3.03857],[117.45873,3.03839],[117.45899,3.0384],[117.45921,3.03838],[117.4594,3.03823],[117.45956,3.03824],[117.45976,3.03822],[117.45992,3.03814],[117.46008,3.03805],[117.46021,3.03795],[117.46034,3.03784],[117.46044,3.03772],[117.46053,3.03758],[117.46061,3.03743],[117.46066,3.03726],[117.46069,3.0371],[117.46069,3.03693],[117.46067,3.03676],[117.46063,3.03659],[117.46058,3.03642],[117.46051,3.03626],[117.46038,3.03619],[117.46033,3.03596],[117.46024,3.03582],[117.46014,3.03568],[117.46004,3.03555],[117.45993,3.03542],[117.45982,3.03528],[117.45971,3.03516],[117.45959,3.03503],[117.45948,3.0349],[117.45936,3.03477],[117.45923,3.03464],[117.45909,3.03451],[117.45895,3.03438],[117.4588,3.03423],[117.45865,3.03408],[117.45849,3.03393],[117.45833,3.03375],[117.45817,3.03359],[117.45802,3.03341],[117.45786,3.03324],[117.45773,3.03307],[117.45753,3.03283],[117.45747,3.03273],[117.45763,3.03225],[117.45792,3.03186],[117.45859,3.03129],[117.4604,3.0299],[117.46068,3.02923],[117.46049,3.02818],[117.46001,3.02799],[117.45934,3.0276],[117.45896,3.02713],[117.45906,3.02665],[117.45922,3.0267],[117.45972,3.02684],[117.46068,3.02732],[117.46144,3.02837],[117.46148,3.02853],[117.46153,3.02914],[117.46135,3.02981],[117.46087,3.03057],[117.4603,3.03125],[117.45972,3.03172],[117.45926,3.0324],[117.45906,3.03268],[117.45925,3.03316],[117.45972,3.03374],[117.46078,3.0345],[117.46154,3.03536],[117.46211,3.03631],[117.4622,3.03699],[117.4622,3.03756],[117.46182,3.03823],[117.46135,3.03861],[117.46011,3.03909],[117.45935,3.03957],[117.45906,3.04015],[117.45907,3.04082],[117.45935,3.0413],[117.45992,3.04168],[117.46097,3.04178],[117.46211,3.0412],[117.46345,3.04044],[117.46458,3.03957],[117.46545,3.03909],[117.46659,3.03881],[117.46725,3.039],[117.4683,3.04005],[117.4684,3.04101],[117.46821,3.04206],[117.46716,3.04349],[117.46687,3.04435],[117.46706,3.0455],[117.46802,3.04675],[117.47012,3.04838],[117.47078,3.04886],[117.47173,3.04886],[117.4725,3.04838],[117.47326,3.0479],[117.47421,3.04771],[117.47498,3.0478],[117.47545,3.048],[117.47707,3.0499],[117.47755,3.05192],[117.4784,3.05393],[117.47887,3.05511],[117.47972,3.05464],[117.48209,3.0551],[117.48232,3.05724],[117.48423,3.05801],[117.48733,3.05883],[117.49275,3.06016],[117.49512,3.0607],[117.49512,3.06079],[117.50176,3.06192],[117.504,3.06238],[117.51272,3.06254],[117.51275,3.06239],[117.52132,3.06266],[117.52751,3.06266],[117.53663,3.06303],[117.54401,3.06357],[117.54619,3.06239],[117.54802,3.06129],[117.54957,3.05975],[117.5502,3.05801],[117.55083,3.05569],[117.5508,3.0555],[117.55055,3.05408],[117.55089,3.05157],[117.55155,3.04972],[117.55206,3.04797],[117.55238,3.04604],[117.55313,3.03993],[117.55305,3.03833],[117.55271,3.03749],[117.55222,3.03649],[117.55113,3.03607],[117.54963,3.03641],[117.54829,3.03724],[117.54663,3.03842],[117.54346,3.04076],[117.54247,3.04143],[117.54105,3.04202],[117.5398,3.04228],[117.53796,3.04245],[117.53647,3.04236],[117.53522,3.04202],[117.53405,3.04169],[117.53263,3.04145],[117.5313,3.0411],[117.52972,3.04086],[117.52796,3.04086],[117.52689,3.04111],[117.52613,3.04178],[117.52547,3.04254],[117.52522,3.04371],[117.52513,3.04505],[117.52605,3.04689],[117.52697,3.04881],[117.52789,3.05032],[117.52888,3.052],[117.52939,3.05317],[117.52981,3.05459],[117.52981,3.05602],[117.52898,3.05761],[117.52814,3.05904],[117.5277,3.05934],[117.52753,3.05945],[117.52736,3.05958],[117.52718,3.05971],[117.52706,3.0598],[117.52622,3.06021],[117.52524,3.06023],[117.52505,3.06022],[117.52473,3.06021],[117.52314,3.06013],[117.5218,3.05971],[117.52031,3.05929],[117.51823,3.05888],[117.51755,3.05888],[117.51598,3.05921],[117.51514,3.05955],[117.51281,3.06038],[117.51244,3.06084],[117.51005,3.06128],[117.50933,3.0621],[117.50641,3.06183],[117.50286,3.06137],[117.49994,3.06065],[117.49623,3.0578],[117.49629,3.05773],[117.49642,3.0575],[117.49657,3.05729],[117.49657,3.05728],[117.49674,3.05709],[117.4969,3.05689],[117.49704,3.05667],[117.49722,3.05648],[117.49739,3.0563],[117.49754,3.05612],[117.49769,3.05595],[117.49785,3.05578],[117.49793,3.05569],[117.498,3.05561],[117.49815,3.05546],[117.49822,3.05537],[117.49828,3.05532],[117.49831,3.05529],[117.49847,3.05513],[117.49861,3.05498],[117.49876,3.05483],[117.49893,3.05469],[117.49909,3.05453],[117.49923,3.05437],[117.49941,3.05429],[117.49965,3.05419],[117.49978,3.0541],[117.49986,3.05406],[117.4999,3.05403],[117.4999,3.05403],[117.49997,3.05397],[117.5,3.05394],[117.50056,3.05369],[117.50139,3.05301],[117.50153,3.05287],[117.50177,3.05263],[117.50205,3.05234],[117.50256,3.05177],[117.50263,3.04984],[117.50222,3.04908],[117.50155,3.04825],[117.50105,3.04741],[117.50063,3.04665],[117.50005,3.04573],[117.49997,3.04497],[117.50013,3.04422],[117.50063,3.04229],[117.5003,3.04154],[117.49963,3.04129],[117.49872,3.04121],[117.49755,3.04163],[117.49613,3.04213],[117.4948,3.04222],[117.49439,3.04222],[117.49347,3.04213],[117.49255,3.04214],[117.49155,3.0423],[117.4908,3.04281],[117.49014,3.04322],[117.48922,3.04348],[117.48846,3.04356],[117.4873,3.04281],[117.48705,3.04197],[117.48705,3.04037],[117.48663,3.0397],[117.48605,3.03912],[117.4853,3.03886],[117.485,3.03855],[117.48483,3.03825],[117.48473,3.03771],[117.48496,3.03711],[117.48547,3.03644],[117.48588,3.03585],[117.48621,3.03543],[117.48647,3.03501],[117.48688,3.03426],[117.48721,3.03359],[117.48738,3.03275],[117.48746,3.03133],[117.48733,3.03108],[117.48769,3.02757],[117.48664,3.02607],[117.48589,3.02411],[117.48526,3.01849],[117.48266,3.01248],[117.48052,3.0071],[117.47943,3.00501],[117.47806,3.00273],[117.47649,3.00125],[117.47656,3.00113],[117.47373,3.00031],[117.47045,3.00027],[117.46836,3.00132],[117.46572,3.00195],[117.46066,3.00141],[117.45893,3.00004],[117.45751,2.99576],[117.45683,2.99498],[117.45329,2.99111],[117.4533,2.99109],[117.45134,2.98795],[117.45022,2.98624],[117.45024,2.98595],[117.44938,2.98453],[117.44929,2.98312],[117.4497,2.98216],[117.44971,2.98215],[117.44884,2.98215],[117.44818,2.98294],[117.4466,2.98491],[117.44634,2.9853],[117.44568,2.98635],[117.44503,2.98727],[117.44476,2.98753],[117.44411,2.98753],[117.44279,2.98806],[117.44227,2.98806]]],[[[117.40253,3.02808],[117.4024,3.02824],[117.40179,3.029],[117.40164,3.03091],[117.40004,3.03337],[117.39968,3.03578],[117.40036,3.03706],[117.40182,3.03774],[117.40369,3.03765],[117.40583,3.03665],[117.40742,3.03537],[117.40925,3.03273],[117.41166,3.03013],[117.41179,3.03028],[117.41239,3.02968],[117.41412,3.02849],[117.41708,3.02781],[117.41836,3.02777],[117.41836,3.02777],[117.41797,3.02631],[117.41719,3.02465],[117.41621,3.02309],[117.41467,3.02143],[117.41339,3.01991],[117.41331,3.01981],[117.41311,3.01958],[117.41223,3.01899],[117.41068,3.0187],[117.40913,3.0185],[117.40826,3.0186],[117.40738,3.01899],[117.4068,3.01987],[117.40631,3.02124],[117.40563,3.02329],[117.40466,3.02525],[117.40359,3.0269],[117.40253,3.02808]]],[[[117.44911,3.05484],[117.44718,3.05358],[117.44556,3.05276],[117.44417,3.05254],[117.44324,3.05288],[117.44303,3.05415],[117.44285,3.05527],[117.44294,3.05591],[117.44293,3.05591],[117.44286,3.05591],[117.44306,3.05675],[117.44344,3.05862],[117.4436,3.05982],[117.44365,3.06019],[117.44495,3.06128],[117.44577,3.06198],[117.44665,3.06274],[117.44812,3.06351],[117.44813,3.0635],[117.44813,3.06349],[117.44875,3.06365],[117.44975,3.06299],[117.45021,3.0614],[117.4505,3.05992],[117.45021,3.05723],[117.44911,3.05484]]],[[[117.44306,3.06532],[117.44429,3.06625],[117.44485,3.06723],[117.44586,3.06793],[117.44633,3.06778],[117.44634,3.06778],[117.44661,3.06721],[117.44593,3.06575],[117.44524,3.06472],[117.44413,3.06301],[117.44253,3.06226],[117.44226,3.06274],[117.44202,3.06373],[117.44306,3.06532]]],[[[117.49012,3.06655],[117.49331,3.06718],[117.4945,3.06714],[117.49526,3.06699],[117.49532,3.06686],[117.49605,3.06668],[117.49605,3.06623],[117.49559,3.06527],[117.49441,3.06459],[117.49299,3.06422],[117.49172,3.06399],[117.49017,3.06418],[117.48853,3.06363],[117.4863,3.06386],[117.48639,3.06491],[117.48871,3.06627],[117.48871,3.06628],[117.49012,3.06655]]],[[[117.45163,3.05438],[117.45185,3.05702],[117.45185,3.05801],[117.45185,3.05801],[117.4517,3.05803],[117.45176,3.05926],[117.45112,3.06358],[117.45272,3.06577],[117.45942,3.06973],[117.46361,3.07219],[117.46648,3.07438],[117.46616,3.07438],[117.46771,3.07538],[117.4709,3.07789],[117.47254,3.07848],[117.47509,3.07857],[117.47737,3.07816],[117.47983,3.0778],[117.48233,3.07793],[117.48552,3.07875],[117.48889,3.08021],[117.49018,3.08107],[117.49208,3.08126],[117.49368,3.08053],[117.49422,3.07939],[117.49584,3.07762],[117.49587,3.07752],[117.49595,3.0773],[117.49602,3.07706],[117.49677,3.0762],[117.4981,3.07301],[117.49787,3.07147],[117.4975,3.07042],[117.49636,3.06987],[117.48994,3.06809],[117.48206,3.06468],[117.48134,3.06396],[117.48215,3.06208],[117.47987,3.06035],[117.47769,3.05989],[117.47769,3.05862],[117.47614,3.05716],[117.47308,3.05584],[117.46967,3.0557],[117.46343,3.05447],[117.45937,3.0532],[117.456,3.0526],[117.45386,3.0521],[117.4524,3.05297],[117.45163,3.05438]]],[[[117.44538,3.07251],[117.44383,3.07087],[117.44285,3.0691],[117.44121,3.06586],[117.44014,3.0642],[117.43925,3.06162],[117.43918,3.05989],[117.43959,3.05841],[117.44046,3.05607],[117.44064,3.05434],[117.44029,3.05373],[117.44039,3.05372],[117.43843,3.05121],[117.43652,3.04743],[117.4341,3.04342],[117.43365,3.04324],[117.43041,3.03787],[117.42832,3.03572],[117.42586,3.03367],[117.42217,3.03267],[117.41902,3.03231],[117.41757,3.03235],[117.41533,3.03308],[117.41296,3.0344],[117.4106,3.03582],[117.40909,3.03705],[117.40896,3.037],[117.4064,3.03878],[117.40522,3.03996],[117.40271,3.03955],[117.40139,3.03901],[117.39866,3.03809],[117.39734,3.03655],[117.39702,3.03477],[117.39807,3.03322],[117.39921,3.03103],[117.39993,3.02844],[117.40012,3.02661],[117.39971,3.02557],[117.39857,3.02292],[117.39634,3.01955],[117.39415,3.0165],[117.39296,3.0155],[117.39219,3.01559],[117.39142,3.01645],[117.39066,3.01748],[117.39061,3.01743],[117.38996,3.0186],[117.38941,3.01887],[117.38854,3.02169],[117.38877,3.02379],[117.39014,3.02625],[117.3916,3.02821],[117.39187,3.03008],[117.39146,3.03158],[117.39134,3.03165],[117.39069,3.03349],[117.38987,3.03559],[117.38977,3.03677],[117.38886,3.03809],[117.3883,3.03836],[117.38713,3.03891],[117.38586,3.03951],[117.38526,3.04005],[117.38524,3.04023],[117.38504,3.04151],[117.38508,3.0432],[117.38599,3.04475],[117.38598,3.04476],[117.38704,3.04561],[117.38763,3.04648],[117.38777,3.04784],[117.3869,3.04871],[117.38564,3.0489],[117.38454,3.04907],[117.3834,3.04944],[117.38253,3.05071],[117.38259,3.05154],[117.38267,3.05263],[117.38326,3.05381],[117.38499,3.05408],[117.388,3.05454],[117.39183,3.05563],[117.3946,3.05627],[117.39456,3.05646],[117.39588,3.05714],[117.39747,3.05901],[117.39952,3.06233],[117.40034,3.06547],[117.40057,3.06807],[117.3998,3.06998],[117.39971,3.07231],[117.40043,3.07317],[117.40135,3.07354],[117.40454,3.07372],[117.4059,3.07372],[117.40718,3.07372],[117.40786,3.07422],[117.40859,3.07545],[117.409,3.07727],[117.40886,3.078],[117.40809,3.07937],[117.40692,3.07995],[117.40645,3.08019],[117.40517,3.08133],[117.40502,3.082],[117.40481,3.08292],[117.40504,3.08379],[117.40563,3.0847],[117.40613,3.08538],[117.40622,3.08661],[117.40526,3.08748],[117.4039,3.08794],[117.40389,3.08805],[117.4023,3.08812],[117.40116,3.08803],[117.39861,3.08743],[117.39634,3.0873],[117.39369,3.08757],[117.39178,3.08853],[117.39128,3.08953],[117.39123,3.09053],[117.39132,3.0911],[117.39123,3.09113],[117.3921,3.09322],[117.3946,3.09532],[117.39634,3.09659],[117.39975,3.10119],[117.4028,3.10447],[117.40504,3.10547],[117.40948,3.10597],[117.4095,3.10591],[117.4108,3.10591],[117.41344,3.10586],[117.41645,3.10532],[117.41918,3.10504],[117.42187,3.10527],[117.42465,3.10545],[117.42574,3.10522],[117.42898,3.10545],[117.43144,3.10609],[117.4344,3.10737],[117.43686,3.10905],[117.44023,3.1121],[117.44173,3.11384],[117.44176,3.11377],[117.44239,3.1144],[117.44358,3.11532],[117.44604,3.1165],[117.448,3.11705],[117.45037,3.11828],[117.4526,3.11901],[117.45451,3.11905],[117.45572,3.11867],[117.45587,3.1185],[117.45712,3.11747],[117.45728,3.11734],[117.45802,3.11618],[117.45866,3.11545],[117.45993,3.11395],[117.46037,3.11369],[117.4613,3.11313],[117.46212,3.11263],[117.46417,3.11035],[117.46764,3.10749],[117.47005,3.1057],[117.47378,3.10352],[117.47872,3.10018],[117.47872,3.10011],[117.47872,3.10001],[117.48098,3.09768],[117.48153,3.09477],[117.47989,3.09085],[117.47725,3.08957],[117.47105,3.08894],[117.46759,3.08803],[117.46048,3.08557],[117.45611,3.08219],[117.45576,3.08178],[117.4552,3.08151],[117.45406,3.07996],[117.45278,3.07898],[117.44855,3.07573],[117.44691,3.07368],[117.44538,3.07251]]],[[[117.45493,3.07666],[117.45798,3.07805],[117.4583,3.07813],[117.45826,3.07811],[117.46001,3.07844],[117.46106,3.07812],[117.46142,3.07764],[117.46195,3.07623],[117.46067,3.07479],[117.45782,3.07188],[117.45709,3.07144],[117.45611,3.07039],[117.45511,3.06992],[117.45388,3.06937],[117.45213,3.06862],[117.45138,3.06857],[117.45067,3.06807],[117.44953,3.06784],[117.4483,3.06796],[117.44771,3.06878],[117.44743,3.06987],[117.44747,3.07101],[117.4474,3.07094],[117.44739,3.07095],[117.44762,3.07188],[117.44791,3.07281],[117.44896,3.07361],[117.44896,3.07365],[117.44989,3.0739],[117.45279,3.07509],[117.45493,3.07666]]],[[[117.40652,3.07673],[117.40652,3.07568],[117.4062,3.07513],[117.40556,3.07481],[117.40369,3.0755],[117.40228,3.0755],[117.39982,3.07454],[117.39786,3.0734],[117.39672,3.07254],[117.39654,3.07126],[117.39681,3.06967],[117.39722,3.0688],[117.39727,3.06775],[117.39718,3.06616],[117.39741,3.06397],[117.39727,3.06283],[117.39681,3.0616],[117.39422,3.05937],[117.39003,3.05705],[117.38706,3.05582],[117.38538,3.05541],[117.38383,3.0555],[117.38205,3.05554],[117.38059,3.05481],[117.38023,3.05354],[117.38069,3.05263],[117.3811,3.05181],[117.38119,3.05085],[117.38112,3.04976],[117.38105,3.04916],[117.38173,3.04839],[117.38238,3.04802],[117.38292,3.04771],[117.3836,3.04752],[117.38401,3.04666],[117.38401,3.04593],[117.38383,3.04543],[117.38278,3.04516],[117.38228,3.04502],[117.38192,3.04475],[117.38078,3.04484],[117.37909,3.04465],[117.37883,3.04466],[117.3775,3.04379],[117.37727,3.04301],[117.37545,3.04406],[117.37012,3.04629],[117.36743,3.0468],[117.36524,3.0467],[117.3621,3.04561],[117.36041,3.04529],[117.35786,3.04525],[117.35636,3.04625],[117.35531,3.04752],[117.35519,3.04807],[117.35507,3.04807],[117.3544,3.05085],[117.35376,3.0555],[117.35381,3.05691],[117.35358,3.06014],[117.3534,3.06147],[117.35315,3.06251],[117.35271,3.06354],[117.35151,3.06509],[117.35129,3.06523],[117.35034,3.06588],[117.34936,3.06677],[117.34886,3.06789],[117.34886,3.06837],[117.34896,3.06912],[117.34893,3.06964],[117.34934,3.07178],[117.34957,3.07279],[117.34989,3.07333],[117.35089,3.07361],[117.35194,3.07338],[117.35271,3.07292],[117.35399,3.07144],[117.35409,3.07095],[117.3541,3.07089],[117.3549,3.06955],[117.35522,3.06887],[117.35581,3.06725],[117.35618,3.06627],[117.35813,3.06308],[117.35932,3.06158],[117.36041,3.06085],[117.36255,3.0609],[117.36492,3.06226],[117.3667,3.06404],[117.36788,3.06746],[117.36957,3.07051],[117.37094,3.07415],[117.37084,3.07417],[117.37185,3.07518],[117.37294,3.07545],[117.37454,3.07541],[117.37681,3.07409],[117.38028,3.07372],[117.38155,3.07358],[117.38333,3.07286],[117.38606,3.07381],[117.38752,3.07541],[117.38811,3.07677],[117.38807,3.07887],[117.38752,3.08078],[117.38611,3.08324],[117.38511,3.08415],[117.38406,3.08435],[117.38246,3.08438],[117.3816,3.08465],[117.37845,3.08506],[117.377,3.08493],[117.37649,3.08511],[117.37504,3.08529],[117.3723,3.08534],[117.37075,3.08534],[117.36925,3.0852],[117.36875,3.08557],[117.36793,3.08725],[117.36763,3.08869],[117.36748,3.08868],[117.36738,3.09008],[117.3662,3.09377],[117.36552,3.09582],[117.36492,3.10137],[117.3657,3.10415],[117.3672,3.1067],[117.36798,3.10844],[117.36934,3.10948],[117.37171,3.11035],[117.3734,3.11053],[117.37495,3.11017],[117.37686,3.10812],[117.37757,3.1074],[117.37761,3.10724],[117.37782,3.10716],[117.37845,3.10575],[117.37923,3.10434],[117.37977,3.10124],[117.38041,3.09705],[117.38096,3.09445],[117.38128,3.09378],[117.38196,3.09235],[117.38392,3.0909],[117.38574,3.09085],[117.38693,3.09049],[117.38908,3.08874],[117.38927,3.08816],[117.39073,3.08607],[117.39142,3.08538],[117.3931,3.08497],[117.39579,3.08497],[117.39816,3.08543],[117.40016,3.08581],[117.40014,3.08579],[117.40116,3.08579],[117.40235,3.08516],[117.40294,3.08429],[117.40312,3.08352],[117.40303,3.08274],[117.40262,3.08219],[117.40179,3.08136],[117.40171,3.08128],[117.40135,3.08069],[117.40157,3.07964],[117.40271,3.0791],[117.40403,3.07864],[117.40501,3.07831],[117.40499,3.07824],[117.40602,3.078],[117.40634,3.0775],[117.40652,3.07673]]],[[[117.48092,3.08336],[117.48386,3.08368],[117.48648,3.08336],[117.48716,3.08185],[117.48707,3.08153],[117.48625,3.08103],[117.48557,3.08039],[117.48315,3.07971],[117.48042,3.07944],[117.47928,3.07957],[117.47668,3.07994],[117.47595,3.08039],[117.47614,3.0814],[117.47837,3.08254],[117.47837,3.08268],[117.47928,3.08299],[117.48092,3.08336]]],[[[117.49538,3.08737],[117.49534,3.08661],[117.49425,3.08607],[117.49311,3.08609],[117.49117,3.086],[117.4904,3.08593],[117.48935,3.08641],[117.48892,3.08696],[117.48894,3.08795],[117.48983,3.08839],[117.4931,3.08827],[117.49311,3.08823],[117.49445,3.08803],[117.49538,3.08737]]],[[[117.50641,3.09108],[117.50386,3.08994],[117.49999,3.0873],[117.49867,3.0873],[117.49743,3.08784],[117.49707,3.0893],[117.49639,3.08994],[117.49493,3.09021],[117.49347,3.09012],[117.49238,3.09053],[117.49147,3.09208],[117.4921,3.09345],[117.49303,3.09444],[117.49297,3.09447],[117.49286,3.09455],[117.49374,3.09527],[117.49666,3.09682],[117.49857,3.09723],[117.50313,3.09723],[117.5037,3.09737],[117.50425,3.09734],[117.50439,3.09733],[117.50595,3.09782],[117.50791,3.09873],[117.50951,3.09823],[117.5096,3.09609],[117.50828,3.09322],[117.50641,3.09108]]],[[[117.34018,3.11921],[117.33755,3.12105],[117.33676,3.12158],[117.33518,3.12263],[117.33413,3.12394],[117.33387,3.12709],[117.33334,3.12788],[117.33308,3.12945],[117.33308,3.13181],[117.33308,3.1347],[117.3336,3.13707],[117.33387,3.13917],[117.33387,3.13995],[117.33413,3.14258],[117.33413,3.14626],[117.33387,3.14783],[117.33334,3.15072],[117.33281,3.15413],[117.33229,3.15597],[117.33045,3.15833],[117.32913,3.16148],[117.32729,3.16437],[117.32604,3.166],[117.32638,3.16671],[117.32693,3.16689],[117.32752,3.16652],[117.32852,3.16675],[117.32825,3.16816],[117.33048,3.16821],[117.33276,3.17099],[117.33522,3.17372],[117.33713,3.17632],[117.33873,3.17755],[117.34229,3.17897],[117.34451,3.17901],[117.34889,3.17891],[117.35536,3.17727],[117.3621,3.17691],[117.37003,3.17746],[117.37413,3.17655],[117.3785,3.17327],[117.38142,3.17026],[117.38643,3.16734],[117.39007,3.16525],[117.39408,3.16415],[117.39521,3.16316],[117.39523,3.16276],[117.39595,3.1621],[117.39613,3.16019],[117.39631,3.15837],[117.39631,3.15664],[117.39659,3.15653],[117.39978,3.15527],[117.40078,3.15509],[117.40406,3.15846],[117.40405,3.15869],[117.40779,3.16028],[117.41198,3.16429],[117.41526,3.16821],[117.41809,3.16921],[117.41845,3.16848],[117.41873,3.16648],[117.42055,3.16766],[117.42228,3.16885],[117.42301,3.16757],[117.42438,3.16493],[117.42611,3.16593],[117.42757,3.16848],[117.42984,3.16866],[117.43033,3.16837],[117.43148,3.16916],[117.43796,3.1657],[117.43881,3.16386],[117.44016,3.16357],[117.44184,3.16225],[117.44269,3.16237],[117.44604,3.16007],[117.44736,3.15741],[117.44867,3.15357],[117.44867,3.15357],[117.44928,3.15338],[117.44935,3.15336],[117.4494,3.15333],[117.44983,3.15304],[117.45302,3.1509],[117.45624,3.14541],[117.45744,3.1453],[117.45986,3.14197],[117.4613,3.14004],[117.46169,3.13873],[117.4631,3.1375],[117.46474,3.13249],[117.46693,3.12803],[117.46766,3.12538],[117.46565,3.12329],[117.4621,3.1242],[117.462,3.12438],[117.45563,3.12438],[117.44962,3.12329],[117.4447,3.1221],[117.44005,3.12019],[117.43713,3.11882],[117.4344,3.11636],[117.43139,3.11299],[117.42857,3.11108],[117.42647,3.11026],[117.42438,3.11081],[117.42183,3.11099],[117.41973,3.11053],[117.41499,3.1109],[117.41334,3.11058],[117.41217,3.10999],[117.40506,3.11017],[117.39813,3.10652],[117.39394,3.10151],[117.39203,3.0986],[117.38902,3.09559],[117.38693,3.09486],[117.3852,3.09522],[117.38495,3.09564],[117.38429,3.09677],[117.38237,3.1016],[117.38064,3.10661],[117.37945,3.10823],[117.37936,3.10853],[117.37745,3.11099],[117.37472,3.11208],[117.37034,3.11235],[117.36552,3.1109],[117.36123,3.1078],[117.35964,3.10455],[117.35967,3.10433],[117.35955,3.10416],[117.35905,3.10342],[117.35905,3.10245],[117.35753,3.10346],[117.35569,3.10451],[117.35438,3.10556],[117.35332,3.10661],[117.35148,3.10845],[117.35043,3.10976],[117.34991,3.11081],[117.34859,3.11344],[117.34807,3.11449],[117.34701,3.11606],[117.3457,3.11764],[117.34386,3.11816],[117.34175,3.11842],[117.34018,3.11921]],[[117.44908,3.15269],[117.44908,3.1527],[117.44858,3.15294],[117.44776,3.15209],[117.44775,3.15209],[117.44739,3.1516],[117.44706,3.15114],[117.44706,3.15114],[117.44639,3.1506],[117.44614,3.14996],[117.44769,3.15062],[117.44786,3.15069],[117.44841,3.15093],[117.44913,3.15124],[117.44913,3.15124],[117.44915,3.15129],[117.44915,3.15128],[117.44915,3.15128],[117.44927,3.15133],[117.44977,3.15229],[117.44908,3.15269]]],[[[117.50184,2.95375],[117.50052,2.95448],[117.50038,2.95512],[117.50066,2.95603],[117.50285,2.95631],[117.5033,2.9564],[117.50494,2.95562],[117.5059,2.95476],[117.50643,2.95449],[117.50654,2.95421],[117.5084,2.95339],[117.50859,2.95303],[117.50849,2.9523],[117.50813,2.95161],[117.50799,2.95125],[117.50772,2.95134],[117.50695,2.95193],[117.50508,2.95289],[117.50321,2.95357],[117.50184,2.95375]]],[[[117.50151,2.9633],[117.50227,2.96421],[117.50276,2.96522],[117.50335,2.96631],[117.50369,2.96749],[117.50402,2.96844],[117.5041,2.96865],[117.50468,2.96991],[117.5056,2.97058],[117.50643,2.97058],[117.50718,2.97058],[117.50802,2.9705],[117.50893,2.97032],[117.51035,2.9705],[117.51135,2.97066],[117.51244,2.97099],[117.5136,2.97165],[117.51418,2.97225],[117.51477,2.97301],[117.51493,2.97376],[117.51443,2.97443],[117.51386,2.9751],[117.51376,2.97517],[117.51327,2.97552],[117.51302,2.97644],[117.51335,2.97728],[117.51392,2.9776],[117.51427,2.97778],[117.51527,2.97787],[117.51635,2.97769],[117.51727,2.97686],[117.51818,2.97577],[117.51877,2.97501],[117.51943,2.97401],[117.52002,2.97326],[117.52052,2.9725],[117.52068,2.97236],[117.52084,2.97223],[117.521,2.97207],[117.52168,2.97149],[117.52302,2.97108],[117.52405,2.971],[117.52568,2.97065],[117.52718,2.97049],[117.52827,2.97031],[117.52918,2.9699],[117.53018,2.96931],[117.53068,2.96848],[117.53078,2.96825],[117.5311,2.96747],[117.53127,2.96622],[117.53101,2.96487],[117.53073,2.96386],[117.53072,2.96366],[117.53051,2.96252],[117.53034,2.96093],[117.53009,2.96001],[117.53009,2.95775],[117.53043,2.95692],[117.53134,2.95633],[117.53226,2.95633],[117.53283,2.95633],[117.53309,2.95633],[117.53434,2.95674],[117.53534,2.95741],[117.53619,2.95786],[117.53659,2.95808],[117.53742,2.95926],[117.53851,2.96085],[117.53968,2.96328],[117.54009,2.96428],[117.54034,2.96562],[117.54093,2.96688],[117.54168,2.96814],[117.54243,2.96939],[117.54264,2.96958],[117.54335,2.97023],[117.5451,2.97174],[117.54685,2.97325],[117.54779,2.97419],[117.54802,2.97441],[117.54814,2.97461],[117.54876,2.97557],[117.54927,2.97685],[117.54945,2.97764],[117.54951,2.97844],[117.5496,2.97978],[117.54952,2.98178],[117.54861,2.98363],[117.54785,2.98472],[117.54677,2.98606],[117.54614,2.98682],[117.54544,2.98765],[117.54544,2.98841],[117.54527,2.99016],[117.54561,2.99083],[117.54644,2.99091],[117.54803,2.9905],[117.54944,2.99008],[117.55144,2.98924],[117.55319,2.9884],[117.55477,2.98748],[117.55594,2.98681],[117.55719,2.98555],[117.55819,2.98446],[117.55877,2.98337],[117.55927,2.9822],[117.55985,2.98078],[117.56019,2.97993],[117.56061,2.97925],[117.56085,2.97885],[117.56094,2.97878],[117.5616,2.97818],[117.56243,2.97692],[117.5631,2.97617],[117.5636,2.97533],[117.5639,2.97416],[117.56401,2.97373],[117.56401,2.97256],[117.56405,2.97221],[117.56544,2.96943],[117.56508,2.96706],[117.56362,2.9625],[117.55706,2.95776],[117.54576,2.95157],[117.53228,2.94446],[117.52863,2.94264],[117.52408,2.93826],[117.52061,2.93681],[117.51915,2.94082],[117.51642,2.94592],[117.51369,2.94902],[117.5095,2.95485],[117.50954,2.95488],[117.50877,2.95539],[117.50754,2.95599],[117.50553,2.95676],[117.50398,2.95758],[117.50362,2.95867],[117.50353,2.95986],[117.50371,2.96123],[117.50343,2.96137],[117.50259,2.96145],[117.50159,2.96128],[117.50085,2.96128],[117.50026,2.96137],[117.5001,2.96187],[117.50085,2.96254],[117.50151,2.9633]]],[[[117.54494,2.9833],[117.54585,2.98271],[117.54668,2.9822],[117.54736,2.98153],[117.54751,2.9808],[117.5476,2.98037],[117.54753,2.97894],[117.54752,2.9786],[117.54638,2.97639],[117.54518,2.97459],[117.54376,2.9729],[117.54265,2.97223],[117.54252,2.97215],[117.54127,2.97157],[117.54018,2.97132],[117.53954,2.97149],[117.53927,2.97157],[117.53785,2.97216],[117.5371,2.973],[117.53677,2.974],[117.53719,2.97483],[117.5381,2.97576],[117.53863,2.97608],[117.53935,2.97652],[117.54035,2.97718],[117.54118,2.97785],[117.54218,2.9786],[117.54269,2.97953],[117.54311,2.98095],[117.54311,2.98238],[117.54211,2.98372],[117.54044,2.98422],[117.53969,2.98472],[117.53815,2.98535],[117.53802,2.98531],[117.53694,2.98539],[117.53552,2.98548],[117.5341,2.98531],[117.53319,2.98498],[117.53169,2.98439],[117.53119,2.9838],[117.53077,2.98288],[117.5306,2.9823],[117.53011,2.98213],[117.52943,2.98221],[117.52777,2.98297],[117.52728,2.98356],[117.52702,2.98414],[117.52711,2.98481],[117.52744,2.98531],[117.52786,2.98573],[117.52811,2.98632],[117.52802,2.98683],[117.52777,2.98716],[117.52727,2.98732],[117.52669,2.98732],[117.52619,2.98758],[117.52602,2.98791],[117.52636,2.98833],[117.52686,2.98866],[117.52777,2.98917],[117.52827,2.98958],[117.52885,2.99001],[117.52944,2.99059],[117.52986,2.99092],[117.53019,2.99109],[117.53061,2.99092],[117.53111,2.99051],[117.53152,2.99042],[117.53152,2.99076],[117.53119,2.99109],[117.53094,2.99135],[117.53044,2.9916],[117.52978,2.9916],[117.52919,2.99127],[117.52885,2.99076],[117.52836,2.99025],[117.52785,2.98984],[117.52736,2.98968],[117.52636,2.98909],[117.52602,2.98875],[117.52569,2.98825],[117.52552,2.98799],[117.52569,2.98724],[117.52628,2.98699],[117.52669,2.98699],[117.52711,2.98649],[117.52702,2.98573],[117.52669,2.98514],[117.52652,2.98465],[117.52652,2.98389],[117.52669,2.98322],[117.52718,2.98272],[117.52777,2.98221],[117.52877,2.98171],[117.52977,2.98138],[117.53043,2.98104],[117.53069,2.98012],[117.53085,2.97878],[117.53035,2.97827],[117.52985,2.97778],[117.52932,2.97768],[117.52894,2.97761],[117.5281,2.97819],[117.52784,2.97858],[117.52777,2.97869],[117.52744,2.97937],[117.52694,2.98171],[117.52652,2.9823],[117.52602,2.98247],[117.52527,2.98247],[117.5246,2.98213],[117.5241,2.98197],[117.52369,2.9818],[117.52302,2.9818],[117.5221,2.98221],[117.52144,2.9828],[117.52061,2.98314],[117.5201,2.98331],[117.51944,2.98356],[117.5191,2.9839],[117.51903,2.98434],[117.51952,2.98457],[117.52002,2.98414],[117.52069,2.98398],[117.52135,2.98398],[117.52202,2.98423],[117.52235,2.98506],[117.52169,2.98465],[117.52119,2.98439],[117.52077,2.98448],[117.52035,2.98481],[117.51978,2.98498],[117.51919,2.98498],[117.51878,2.98465],[117.5186,2.98465],[117.51844,2.98465],[117.51824,2.98492],[117.51794,2.98532],[117.51744,2.98616],[117.51685,2.98674],[117.51594,2.98758],[117.51556,2.98774],[117.51619,2.98699],[117.51643,2.9865],[117.51661,2.98616],[117.51702,2.98549],[117.51752,2.98465],[117.5181,2.9839],[117.51868,2.98339],[117.51944,2.9828],[117.52027,2.98239],[117.52085,2.98197],[117.52152,2.98138],[117.52252,2.98105],[117.52315,2.98105],[117.52327,2.98105],[117.5241,2.98138],[117.52477,2.98154],[117.52527,2.98154],[117.52602,2.9813],[117.52627,2.98062],[117.52627,2.98019],[117.52627,2.97971],[117.52652,2.97886],[117.52686,2.9782],[117.52727,2.97769],[117.52793,2.97727],[117.52877,2.97668],[117.52943,2.97668],[117.53027,2.9771],[117.53084,2.97751],[117.53094,2.97769],[117.53152,2.97836],[117.53168,2.97912],[117.53168,2.9802],[117.53169,2.98104],[117.53177,2.98238],[117.5321,2.98339],[117.53294,2.98414],[117.53385,2.98439],[117.5351,2.98439],[117.53669,2.98431],[117.53769,2.98413],[117.53894,2.9838],[117.54035,2.98321],[117.54118,2.98263],[117.54177,2.98229],[117.54194,2.98112],[117.5416,2.97994],[117.54069,2.97945],[117.5396,2.97886],[117.53876,2.97819],[117.53777,2.97735],[117.5371,2.97618],[117.53635,2.97526],[117.53602,2.9745],[117.53602,2.97367],[117.53643,2.97257],[117.53718,2.97166],[117.5381,2.9709],[117.53918,2.97031],[117.53976,2.96989],[117.53993,2.96922],[117.5396,2.9683],[117.53934,2.96696],[117.53793,2.96353],[117.53676,2.96135],[117.53593,2.95993],[117.53509,2.95884],[117.53409,2.95775],[117.53326,2.9575],[117.53217,2.9575],[117.53168,2.95808],[117.5315,2.9591],[117.5315,2.95927],[117.53151,2.95938],[117.53151,2.95949],[117.53152,2.95961],[117.53153,2.95972],[117.53154,2.95983],[117.53155,2.95994],[117.53156,2.96005],[117.53158,2.96014],[117.53159,2.96025],[117.53161,2.96036],[117.53162,2.96046],[117.53163,2.96057],[117.53165,2.96067],[117.53165,2.96078],[117.53167,2.96089],[117.53168,2.961],[117.53168,2.96111],[117.53193,2.96261],[117.5321,2.96445],[117.53226,2.96588],[117.53235,2.96697],[117.5321,2.96881],[117.53118,2.97015],[117.5301,2.97107],[117.52827,2.97166],[117.52735,2.97183],[117.52618,2.97191],[117.52537,2.97202],[117.52526,2.97204],[117.52493,2.97208],[117.52351,2.97233],[117.52243,2.97258],[117.52177,2.973],[117.52077,2.97401],[117.51977,2.9751],[117.51919,2.97627],[117.51827,2.97753],[117.51719,2.97845],[117.51543,2.97879],[117.51495,2.97879],[117.51484,2.97879],[117.51469,2.97879],[117.51335,2.97845],[117.51244,2.97779],[117.51185,2.97686],[117.5121,2.97561],[117.51335,2.97468],[117.51376,2.97414],[117.51385,2.97401],[117.51376,2.97309],[117.51276,2.97217],[117.51185,2.97175],[117.5111,2.97142],[117.50985,2.97116],[117.50903,2.97123],[117.5086,2.97117],[117.5076,2.97142],[117.5066,2.97167],[117.50477,2.97117],[117.50385,2.97016],[117.50343,2.96891],[117.50285,2.96798],[117.50235,2.96572],[117.50068,2.96397],[117.50002,2.96338],[117.49968,2.96271],[117.49955,2.96232],[117.49951,2.9622],[117.49934,2.96153],[117.49902,2.96103],[117.49793,2.96087],[117.49785,2.96087],[117.49779,2.95808],[117.49624,2.95822],[117.49364,2.95813],[117.49269,2.95867],[117.49059,2.95881],[117.48845,2.95922],[117.48658,2.95977],[117.48266,2.95963],[117.48007,2.95918],[117.47901,2.95851],[117.47901,2.95838],[117.47874,2.95817],[117.47842,2.95713],[117.47792,2.95603],[117.4772,2.95435],[117.47597,2.95321],[117.4715,2.95257],[117.46658,2.95257],[117.4618,2.95211],[117.45925,2.95243],[117.45533,2.95357],[117.45264,2.95503],[117.45068,2.95658],[117.45018,2.95772],[117.44972,2.95863],[117.45013,2.95972],[117.4511,2.96015],[117.45098,2.96027],[117.45205,2.96054],[117.45305,2.96113],[117.4551,2.96255],[117.45597,2.96282],[117.45847,2.96282],[117.45929,2.96328],[117.46075,2.96346],[117.46212,2.964],[117.4653,2.96432],[117.46941,2.9641],[117.47004,2.9635],[117.47346,2.96259],[117.4746,2.96232],[117.47556,2.96255],[117.47651,2.96241],[117.47729,2.96273],[117.47829,2.96432],[117.4792,2.96651],[117.47909,2.96657],[117.47966,2.96701],[117.48294,2.97562],[117.48435,2.97813],[117.48544,2.97949],[117.48603,2.98109],[117.49405,2.98555],[117.49879,2.98774],[117.50517,2.9912],[117.51141,2.99567],[117.51569,2.99927],[117.51567,2.99931],[117.51638,2.99968],[117.51792,3.00091],[117.51847,3.00145],[117.52603,3.00451],[117.52913,3.00533],[117.53619,3.00647],[117.54089,3.00747],[117.54704,3.0082],[117.54991,3.00852],[117.55341,3.00825],[117.55446,3.00733],[117.55556,3.0066],[117.55774,3.00287],[117.55845,3.00083],[117.55893,2.99945],[117.55916,2.99703],[117.55906,2.99521],[117.55888,2.99316],[117.55824,2.99129],[117.55756,2.98984],[117.55727,2.98992],[117.55727,2.9899],[117.55726,2.9899],[117.55665,2.99011],[117.55524,2.99084],[117.55341,2.99175],[117.55281,2.99192],[117.55269,2.99201],[117.55103,2.99268],[117.54969,2.99293],[117.54803,2.99309],[117.54669,2.99293],[117.54552,2.9926],[117.54419,2.99217],[117.54376,2.99154],[117.54335,2.99043],[117.54257,2.98865],[117.5428,2.98706],[117.54298,2.98574],[117.54374,2.98416],[117.54385,2.98405],[117.54401,2.98394],[117.54494,2.9833]]],[[[117.51287,3.00414],[117.51528,3.00574],[117.51802,3.00678],[117.51929,3.00615],[117.51929,3.00514],[117.51852,3.00405],[117.51738,3.00355],[117.51651,3.00346],[117.51396,3.00236],[117.51214,3.00123],[117.51088,3.00096],[117.50982,2.99922],[117.50872,2.99813],[117.50644,2.99717],[117.50253,2.99444],[117.50034,2.99262],[117.49929,2.99271],[117.49934,2.99407],[117.50002,2.99476],[117.50171,2.99617],[117.50344,2.99749],[117.5043,2.99831],[117.50493,2.99925],[117.50482,2.99919],[117.5052,2.99957],[117.50553,2.99981],[117.50635,3.00027],[117.50717,3.00136],[117.51036,3.00309],[117.51044,3.00312],[117.51036,3.00301],[117.51059,3.00318],[117.51287,3.00414]]],[[[117.62341,3.03826],[117.6238,3.03808],[117.62385,3.03781],[117.62375,3.03769],[117.62346,3.03756],[117.6231,3.03672],[117.62309,3.0365],[117.62313,3.03634],[117.62329,3.03571],[117.6234,3.03476],[117.62326,3.03421],[117.62325,3.0342],[117.62315,3.0339],[117.62292,3.03324],[117.62259,3.03257],[117.62254,3.0325],[117.62198,3.03189],[117.62111,3.03018],[117.62105,3.03007],[117.62153,3.02645],[117.62107,3.02126],[117.61962,3.01406],[117.6177,3.01224],[117.61369,3.01169],[117.60568,3.01096],[117.61324,3.01574],[117.6127,3.01581],[117.61243,3.01587],[117.61236,3.0159],[117.61215,3.01631],[117.61201,3.01647],[117.61193,3.01649],[117.61184,3.01652],[117.61171,3.01649],[117.61143,3.01638],[117.61126,3.01638],[117.61124,3.01638],[117.61087,3.01653],[117.61071,3.01667],[117.61043,3.01671],[117.60886,3.0167],[117.60788,3.01674],[117.60706,3.01674],[117.6062,3.01671],[117.60538,3.01668],[117.60502,3.01657],[117.60395,3.01652],[117.6039,3.01652],[117.60336,3.01652],[117.60287,3.01652],[117.60095,3.01636],[117.60004,3.01636],[117.59444,3.01621],[117.5937,3.01619],[117.59278,3.01633],[117.59145,3.01653],[117.58985,3.01695],[117.58954,3.01704],[117.5882,3.0172],[117.58737,3.01763],[117.58712,3.01812],[117.58687,3.01887],[117.58654,3.01938],[117.58654,3.01887],[117.58654,3.0183],[117.58646,3.01728],[117.5862,3.01695],[117.58579,3.01661],[117.58537,3.01628],[117.58453,3.01561],[117.58395,3.01494],[117.58353,3.01394],[117.58311,3.0131],[117.58262,3.01252],[117.58195,3.01218],[117.58128,3.01218],[117.58028,3.01235],[117.5797,3.01302],[117.57928,3.01369],[117.5787,3.01453],[117.57762,3.0157],[117.57703,3.01637],[117.57529,3.01687],[117.5742,3.01679],[117.5717,3.01654],[117.57037,3.01654],[117.56929,3.01662],[117.56845,3.01679],[117.5677,3.01721],[117.5667,3.01813],[117.56645,3.01889],[117.56696,3.01964],[117.56779,3.0204],[117.56796,3.02065],[117.56837,3.02124],[117.56937,3.02182],[117.57046,3.02232],[117.57121,3.02249],[117.57164,3.02275],[117.57204,3.02299],[117.57288,3.02383],[117.57329,3.0245],[117.57371,3.02558],[117.57384,3.02635],[117.57388,3.02651],[117.57404,3.02743],[117.57446,3.0281],[117.57487,3.02861],[117.57521,3.0291],[117.57546,3.02977],[117.57552,3.03044],[117.57553,3.03068],[117.57555,3.03087],[117.57538,3.03154],[117.57496,3.03203],[117.57438,3.03254],[117.57389,3.03279],[117.57321,3.03313],[117.57221,3.03321],[117.57162,3.03296],[117.57188,3.03254],[117.5723,3.03262],[117.57304,3.03262],[117.57372,3.03229],[117.57438,3.03179],[117.57488,3.0312],[117.57496,3.03044],[117.57429,3.02952],[117.5743,3.02894],[117.57379,3.02818],[117.57346,3.02684],[117.57262,3.02509],[117.57246,3.02442],[117.57212,3.02375],[117.57137,3.02341],[117.57029,3.02307],[117.56934,3.0226],[117.56912,3.02249],[117.56821,3.02191],[117.56687,3.02165],[117.56645,3.02102],[117.56621,3.02065],[117.56596,3.0199],[117.56596,3.01931],[117.56596,3.01839],[117.5657,3.0178],[117.56528,3.01738],[117.56479,3.01705],[117.56412,3.01713],[117.56371,3.01788],[117.56371,3.01872],[117.56371,3.01939],[117.56371,3.0199],[117.56371,3.02048],[117.5637,3.02076],[117.56354,3.02099],[117.56329,3.02132],[117.56196,3.02183],[117.5612,3.02207],[117.56062,3.0225],[117.56046,3.02283],[117.5602,3.02333],[117.56013,3.02425],[117.56004,3.02526],[117.56004,3.02626],[117.56021,3.0271],[117.56071,3.02828],[117.56079,3.02919],[117.56062,3.02978],[117.56029,3.03045],[117.56021,3.03096],[117.56063,3.03154],[117.56121,3.03154],[117.56146,3.03137],[117.56221,3.03112],[117.56329,3.03146],[117.56355,3.03188],[117.56355,3.03247],[117.56329,3.03296],[117.56271,3.03338],[117.56255,3.03296],[117.56296,3.03229],[117.56255,3.03154],[117.56204,3.03154],[117.56146,3.03188],[117.56063,3.03221],[117.55979,3.03188],[117.55971,3.03104],[117.55996,3.03012],[117.5603,3.02911],[117.5603,3.02844],[117.56004,3.02744],[117.55954,3.02685],[117.55946,3.0266],[117.55941,3.02645],[117.55941,3.02615],[117.55941,3.02589],[117.55942,3.02565],[117.55943,3.02538],[117.55946,3.02512],[117.5595,3.02488],[117.55956,3.02465],[117.55962,3.02443],[117.55965,3.02422],[117.5597,3.02402],[117.55978,3.02382],[117.5599,3.02362],[117.56004,3.02291],[117.56056,3.02186],[117.56053,3.02177],[117.56145,3.0214],[117.56262,3.02115],[117.56304,3.0204],[117.56311,3.02015],[117.56329,3.01957],[117.5632,3.01889],[117.56312,3.01747],[117.56345,3.01696],[117.56412,3.01621],[117.56437,3.01621],[117.56496,3.01629],[117.56545,3.01654],[117.56637,3.01688],[117.56679,3.0168],[117.5672,3.01654],[117.56828,3.01571],[117.56912,3.01528],[117.57053,3.01503],[117.57137,3.01512],[117.57177,3.01526],[117.57204,3.01537],[117.57304,3.01571],[117.57529,3.01604],[117.57654,3.01553],[117.57687,3.0148],[117.57703,3.01445],[117.57737,3.01381],[117.57751,3.01235],[117.57753,3.01217],[117.57777,3.01121],[117.57793,3.01056],[117.57825,3.00929],[117.57825,3.009],[117.57825,3.00737],[117.5782,3.00707],[117.57813,3.00677],[117.57803,3.00631],[117.57803,3.0059],[117.57845,3.00631],[117.57856,3.00688],[117.57861,3.00715],[117.5787,3.00808],[117.5787,3.00867],[117.57861,3.00959],[117.57829,3.01026],[117.57837,3.01067],[117.57903,3.01084],[117.57986,3.01067],[117.5807,3.01034],[117.58186,3.01026],[117.58279,3.01034],[117.5832,3.01067],[117.58411,3.01134],[117.58504,3.01243],[117.58587,3.01335],[117.58712,3.01511],[117.58812,3.01527],[117.58912,3.01519],[117.59012,3.01502],[117.5912,3.01444],[117.59278,3.01401],[117.59412,3.01385],[117.5957,3.01385],[117.5972,3.01401],[117.59879,3.01385],[117.60128,3.01326],[117.60253,3.01275],[117.60264,3.0124],[117.60278,3.01193],[117.6028,3.01193],[117.60284,3.01176],[117.603,3.0114],[117.60322,3.01116],[117.60346,3.01075],[117.60353,3.01042],[117.60343,3.01013],[117.60317,3.00968],[117.60286,3.00936],[117.60229,3.00895],[117.60244,3.00824],[117.60353,3.00642],[117.60061,3.00113],[117.59934,2.9984],[117.59569,2.99366],[117.58986,2.98893],[117.58567,2.98528],[117.58166,2.98],[117.57692,2.97872],[117.57401,2.97726],[117.57054,2.98255],[117.56654,2.99221],[117.5638,2.99913],[117.56107,3.00405],[117.56109,3.0045],[117.55844,3.00816],[117.55566,3.0114],[117.55119,3.01322],[117.54527,3.01436],[117.54049,3.0144],[117.53407,3.01309],[117.53411,3.01295],[117.53015,3.01231],[117.52513,3.01158],[117.52122,3.01158],[117.51789,3.01231],[117.51397,3.01367],[117.51147,3.01413],[117.51291,3.01813],[117.51287,3.01816],[117.51287,3.01867],[117.51304,3.01967],[117.51321,3.02059],[117.51379,3.02109],[117.51454,3.02109],[117.51571,3.0205],[117.51695,3.02034],[117.5182,3.02042],[117.51887,3.02093],[117.51987,3.02201],[117.52104,3.02386],[117.52146,3.02536],[117.52162,3.02628],[117.52204,3.02728],[117.52254,3.02796],[117.52304,3.02821],[117.52363,3.02905],[117.52338,3.03005],[117.52288,3.03064],[117.52204,3.03098],[117.52129,3.03131],[117.5208,3.03182],[117.5208,3.0324],[117.52088,3.03316],[117.52097,3.03432],[117.52097,3.03499],[117.52088,3.03609],[117.5208,3.03735],[117.52088,3.03843],[117.52205,3.04019],[117.52288,3.04086],[117.52405,3.04094],[117.5248,3.04077],[117.52563,3.0401],[117.52638,3.03952],[117.52713,3.03918],[117.5283,3.03884],[117.52946,3.03884],[117.53055,3.03893],[117.53146,3.03901],[117.53246,3.03918],[117.53422,3.03943],[117.53571,3.0401],[117.53738,3.04068],[117.53872,3.04068],[117.54013,3.0406],[117.5413,3.04018],[117.5423,3.03951],[117.54346,3.03826],[117.54446,3.03716],[117.54555,3.03608],[117.54688,3.03515],[117.54821,3.0344],[117.55005,3.03406],[117.55288,3.03464],[117.55338,3.03531],[117.55379,3.03582],[117.5543,3.03649],[117.55463,3.03733],[117.55479,3.03841],[117.55513,3.03951],[117.55521,3.04118],[117.55505,3.04311],[117.55497,3.04445],[117.5548,3.04596],[117.55463,3.04721],[117.55431,3.04897],[117.55381,3.05089],[117.55424,3.05156],[117.55727,3.0505],[117.55998,3.04705],[117.56457,3.04369],[117.56874,3.04304],[117.57407,3.04345],[117.57866,3.04419],[117.59338,3.05143],[117.59673,3.05238],[117.60238,3.05328],[117.60976,3.05279],[117.61697,3.05386],[117.62246,3.05451],[117.62418,3.0532],[117.62574,3.04984],[117.6263,3.04749],[117.62616,3.04738],[117.62603,3.04727],[117.62672,3.04504],[117.62672,3.04304],[117.62572,3.04149],[117.62401,3.04132],[117.62408,3.0412],[117.62431,3.04065],[117.62435,3.04047],[117.62435,3.03985],[117.62402,3.03942],[117.62386,3.03932],[117.62378,3.03908],[117.62381,3.03891],[117.6238,3.03878],[117.62375,3.03872],[117.6236,3.03871],[117.62328,3.03877],[117.6231,3.03873],[117.62303,3.03855],[117.62305,3.03845],[117.62314,3.03833],[117.62341,3.03826]]],[[[117.52622,3.05066],[117.52514,3.04932],[117.52464,3.04824],[117.52422,3.04706],[117.5238,3.04606],[117.52338,3.04513],[117.5233,3.04421],[117.52322,3.04405],[117.52287,3.04398],[117.52272,3.04396],[117.52213,3.04429],[117.52188,3.04505],[117.52186,3.04538],[117.5218,3.04598],[117.52139,3.04698],[117.52088,3.04757],[117.51997,3.04781],[117.51897,3.0479],[117.51797,3.04781],[117.51747,3.04765],[117.51722,3.04714],[117.5168,3.04631],[117.51646,3.04598],[117.51622,3.04547],[117.51597,3.0448],[117.51563,3.04463],[117.51497,3.04455],[117.51421,3.04455],[117.51372,3.04463],[117.51305,3.04522],[117.51263,3.04598],[117.51251,3.04626],[117.51238,3.04656],[117.5123,3.04732],[117.5123,3.04773],[117.51214,3.04715],[117.51213,3.04648],[117.5126,3.04569],[117.51267,3.04545],[117.51273,3.04527],[117.51279,3.04509],[117.51286,3.04493],[117.51295,3.04478],[117.51305,3.04465],[117.51318,3.04452],[117.51329,3.04441],[117.51342,3.0443],[117.51356,3.0442],[117.51371,3.04411],[117.51386,3.04402],[117.51401,3.04392],[117.51418,3.04382],[117.51437,3.04374],[117.51461,3.04367],[117.51487,3.04364],[117.51511,3.04364],[117.51534,3.04369],[117.51555,3.04377],[117.51574,3.04392],[117.51591,3.04411],[117.51598,3.0442],[117.51606,3.0443],[117.5162,3.04449],[117.51633,3.04467],[117.51648,3.04482],[117.51655,3.04491],[117.51672,3.04564],[117.51714,3.04631],[117.51763,3.04681],[117.51822,3.04714],[117.51947,3.04732],[117.52022,3.04723],[117.52072,3.04698],[117.52105,3.04631],[117.52115,3.04611],[117.52139,3.04564],[117.52155,3.04446],[117.52188,3.04379],[117.52247,3.04354],[117.52299,3.04343],[117.5233,3.04337],[117.52364,3.04287],[117.52364,3.0422],[117.5233,3.04187],[117.52238,3.04161],[117.52155,3.0412],[117.52088,3.04044],[117.5203,3.03961],[117.51997,3.03927],[117.51988,3.03793],[117.5198,3.03701],[117.52005,3.03592],[117.52013,3.03499],[117.5198,3.03299],[117.51987,3.03215],[117.52021,3.03114],[117.52079,3.03039],[117.52171,3.03023],[117.52229,3.03005],[117.52263,3.0298],[117.5228,3.02913],[117.52221,3.0288],[117.52146,3.02846],[117.52096,3.02746],[117.52087,3.02628],[117.52054,3.0252],[117.51987,3.0236],[117.5192,3.02293],[117.51854,3.02235],[117.51788,3.0216],[117.51746,3.02142],[117.51654,3.02134],[117.51571,3.02143],[117.51471,3.02176],[117.51346,3.02168],[117.51262,3.02135],[117.51212,3.02026],[117.51187,3.01908],[117.51145,3.0185],[117.5114,3.01848],[117.51001,3.01427],[117.50723,3.0144],[117.50564,3.01527],[117.50372,3.01732],[117.50289,3.01852],[117.50281,3.01841],[117.49876,3.02219],[117.4963,3.02552],[117.49488,3.02657],[117.49261,3.02775],[117.49024,3.02834],[117.48832,3.02775],[117.48816,3.03204],[117.48796,3.0325],[117.48779,3.03333],[117.48755,3.03443],[117.48705,3.03535],[117.48647,3.0361],[117.48605,3.03694],[117.48571,3.03744],[117.48605,3.03803],[117.48663,3.03862],[117.48721,3.03929],[117.48763,3.0397],[117.48788,3.04029],[117.48788,3.04121],[117.48797,3.0418],[117.48846,3.0423],[117.4893,3.0423],[117.48997,3.04196],[117.49097,3.04163],[117.49271,3.04138],[117.49397,3.04137],[117.49445,3.04134],[117.49513,3.04129],[117.49663,3.04088],[117.4978,3.04037],[117.49903,3.0403],[117.4992,3.04031],[117.50005,3.0407],[117.50055,3.04114],[117.50069,3.04139],[117.50076,3.04157],[117.50081,3.04176],[117.50084,3.04197],[117.50085,3.0422],[117.50085,3.04244],[117.50085,3.04267],[117.50085,3.04292],[117.50085,3.04315],[117.50085,3.0434],[117.50085,3.04363],[117.50085,3.04388],[117.50085,3.04411],[117.50085,3.04436],[117.50085,3.04459],[117.50085,3.04483],[117.50086,3.04506],[117.50089,3.04527],[117.50095,3.04546],[117.50101,3.04564],[117.50108,3.04582],[117.50117,3.04602],[117.50122,3.04615],[117.50197,3.04732],[117.50263,3.04841],[117.50339,3.04967],[117.50364,3.05084],[117.50272,3.05293],[117.50232,3.0532],[117.50217,3.0533],[117.50201,3.05341],[117.50188,3.0535],[117.50173,3.05359],[117.50097,3.05411],[117.50064,3.05439],[117.50046,3.05455],[117.5,3.05493],[117.5,3.05505],[117.49979,3.05516],[117.49964,3.05524],[117.49953,3.0553],[117.49935,3.05546],[117.49921,3.05561],[117.49915,3.05566],[117.49905,3.05575],[117.49888,3.05589],[117.49875,3.05602],[117.49875,3.05602],[117.49873,3.05604],[117.49857,3.05617],[117.49807,3.05671],[117.49796,3.05687],[117.49782,3.057],[117.49777,3.05706],[117.49764,3.05721],[117.50067,3.05973],[117.50523,3.06074],[117.50832,3.0611],[117.50887,3.05964],[117.51043,3.05993],[117.51056,3.0598],[117.51131,3.0593],[117.51163,3.0593],[117.51214,3.0593],[117.51339,3.05904],[117.51456,3.05863],[117.51539,3.05829],[117.51656,3.05821],[117.51806,3.05821],[117.51981,3.05829],[117.52097,3.05862],[117.52297,3.05888],[117.52422,3.05896],[117.52556,3.05887],[117.52656,3.05862],[117.52747,3.05845],[117.52822,3.05736],[117.52856,3.05628],[117.52872,3.05518],[117.52847,3.05401],[117.52789,3.05276],[117.52697,3.05158],[117.52622,3.05066]]],[[[117.60902,3.06086],[117.60329,3.05878],[117.60337,3.05849],[117.5914,3.05447],[117.57657,3.04718],[117.57444,3.04636],[117.56936,3.04619],[117.56575,3.04775],[117.56059,3.05373],[117.55428,3.06119],[117.55248,3.06586],[117.55281,3.06799],[117.55373,3.06852],[117.55359,3.06882],[117.55502,3.06971],[117.56444,3.07258],[117.57149,3.07323],[117.5805,3.0734],[117.58681,3.07463],[117.59386,3.0752],[117.6032,3.07561],[117.61058,3.07676],[117.6168,3.0752],[117.62074,3.07332],[117.62303,3.0723],[117.62375,3.07143],[117.62483,3.07012],[117.62524,3.06799],[117.62401,3.06488],[117.61803,3.06217],[117.60902,3.06086]]],[[[117.49937,3.07133],[117.49936,3.07133],[117.50072,3.07235],[117.50627,3.07299],[117.50974,3.07244],[117.51296,3.07175],[117.51255,3.07161],[117.51584,3.07035],[117.51939,3.06989],[117.52267,3.06935],[117.52541,3.06889],[117.52468,3.06762],[117.52277,3.0668],[117.51903,3.06625],[117.51292,3.0657],[117.50664,3.06534],[117.50044,3.06552],[117.49871,3.06643],[117.4978,3.06816],[117.49862,3.07026],[117.49964,3.07128],[117.49954,3.0713],[117.49937,3.07133]]],[[[117.54682,3.07099],[117.54819,3.06971],[117.54773,3.06807],[117.54518,3.06716],[117.54272,3.06725],[117.53734,3.06689],[117.53388,3.06752],[117.5316,3.06889],[117.53142,3.06971],[117.5327,3.07117],[117.53452,3.0719],[117.53604,3.07248],[117.53597,3.07248],[117.53753,3.07281],[117.54239,3.07252],[117.545,3.07162],[117.54682,3.07099]]],[[[117.6309,3.0691],[117.62919,3.07126],[117.62906,3.07135],[117.62835,3.07205],[117.62763,3.07301],[117.62739,3.07329],[117.62598,3.0768],[117.62617,3.07799],[117.62754,3.0786],[117.63254,3.07893],[117.63319,3.0786],[117.63459,3.07565],[117.63996,3.07249],[117.64,3.07225],[117.63996,3.07202],[117.64081,3.07106],[117.64155,3.06893],[117.64147,3.0659],[117.64081,3.06426],[117.63688,3.06451],[117.63393,3.06697],[117.6309,3.0691]]],[[[117.51311,3.07244],[117.51056,3.07409],[117.50773,3.07509],[117.50518,3.07509],[117.50199,3.07518],[117.50026,3.07655],[117.50017,3.07946],[117.50071,3.08001],[117.50032,3.0799],[117.50436,3.08374],[117.51265,3.09021],[117.51785,3.09176],[117.52696,3.09322],[117.52828,3.09322],[117.53003,3.09288],[117.53167,3.09273],[117.53235,3.09241],[117.53413,3.09119],[117.53595,3.09046],[117.53669,3.09045],[117.53762,3.09003],[117.54327,3.08921],[117.54846,3.08839],[117.55648,3.08875],[117.56049,3.08894],[117.56286,3.08976],[117.56723,3.08903],[117.56962,3.08773],[117.56958,3.08749],[117.57233,3.08566],[117.57288,3.08229],[117.57233,3.07973],[117.57024,3.07636],[117.56677,3.07518],[117.5619,3.07438],[117.56195,3.07427],[117.5573,3.0719],[117.55265,3.07144],[117.54746,3.07254],[117.54272,3.07454],[117.53862,3.07491],[117.53516,3.07445],[117.53033,3.07235],[117.52705,3.0709],[117.52231,3.07062],[117.5193,3.07181],[117.51311,3.07244]]],[[[117.60804,3.08954],[117.60845,3.08774],[117.60967,3.08626],[117.60992,3.08462],[117.60951,3.082],[117.6055,3.08061],[117.60107,3.0802],[117.59345,3.07979],[117.58206,3.07815],[117.57583,3.07782],[117.57436,3.07954],[117.57452,3.08217],[117.5749,3.08373],[117.57485,3.08373],[117.57591,3.08512],[117.58419,3.08831],[117.59099,3.0893],[117.60146,3.09005],[117.60197,3.08979],[117.60623,3.08979],[117.60783,3.08962],[117.60804,3.08954]]],[[[117.55384,3.09705],[117.5547,3.09559],[117.5547,3.09418],[117.55384,3.09327],[117.55242,3.09267],[117.55024,3.09226],[117.54764,3.09208],[117.54482,3.09226],[117.5414,3.09272],[117.54053,3.09322],[117.53908,3.09463],[117.5383,3.09586],[117.53917,3.09714],[117.53905,3.09723],[117.53929,3.09742],[117.53994,3.0975],[117.54436,3.09737],[117.54641,3.09773],[117.54933,3.09787],[117.54934,3.09792],[117.55058,3.09782],[117.55181,3.09766],[117.55293,3.09738],[117.55291,3.09737],[117.55384,3.09705]]],[[[117.56097,3.09263],[117.56024,3.09279],[117.55892,3.0944],[117.55803,3.09543],[117.55769,3.09648],[117.55784,3.09818],[117.55876,3.0983],[117.55914,3.09841],[117.56019,3.09799],[117.56026,3.09782],[117.56142,3.09452],[117.56163,3.0932],[117.56097,3.09263]]],[[[117.52675,3.09502],[117.5242,3.09479],[117.52356,3.09456],[117.52261,3.09506],[117.52329,3.09593],[117.52329,3.09598],[117.52452,3.09648],[117.52552,3.0967],[117.52894,3.09816],[117.52927,3.09801],[117.52939,3.09766],[117.53021,3.09693],[117.53049,3.0962],[117.53117,3.0952],[117.53154,3.09484],[117.53126,3.09452],[117.53081,3.09411],[117.52994,3.09402],[117.52885,3.09447],[117.52675,3.09502]]],[[[117.50336,3.10107],[117.50374,3.10125],[117.5049,3.10144],[117.50574,3.10152],[117.50679,3.10108],[117.50734,3.1011],[117.5072,3.10042],[117.50631,3.09953],[117.50536,3.09942],[117.50429,3.09901],[117.50356,3.09889],[117.50258,3.09901],[117.50205,3.09946],[117.50224,3.10019],[117.50336,3.10107]]],[[[117.57357,3.09358],[117.5734,3.09377],[117.57065,3.09265],[117.56908,3.09281],[117.5681,3.0928],[117.56748,3.09302],[117.56698,3.09336],[117.56594,3.09391],[117.56552,3.09463],[117.5622,3.10005],[117.56092,3.10203],[117.56092,3.10347],[117.56134,3.10389],[117.561,3.10433],[117.56321,3.10544],[117.56919,3.10568],[117.57534,3.10798],[117.57895,3.10929],[117.58321,3.10962],[117.58591,3.10896],[117.58765,3.10683],[117.58763,3.10682],[117.58751,3.10673],[117.58812,3.10577],[117.58804,3.10396],[117.58755,3.10183],[117.58575,3.09888],[117.58444,3.09782],[117.57936,3.09585],[117.57357,3.09358]]],[[[117.519,3.10865],[117.51581,3.10841],[117.51421,3.10878],[117.51372,3.10923],[117.51503,3.11066],[117.51716,3.11173],[117.519,3.11228],[117.51891,3.11233],[117.52294,3.11324],[117.52503,3.11316],[117.52744,3.11234],[117.52884,3.11148],[117.52949,3.11111],[117.52946,3.1111],[117.52944,3.11109],[117.53039,3.11046],[117.53162,3.10952],[117.5322,3.10833],[117.53195,3.10702],[117.53101,3.10628],[117.52871,3.1057],[117.52568,3.10525],[117.52302,3.10677],[117.519,3.10865]]]]},"properties":{"kdprov":"65","kdkab":"02","kdkec":"070","kddesa":"002","kdsls":"6002","idsls":"65020700026002","nmprov":"KALIMANTAN UTARA","nmkab":"BULUNGAN","nmkec":"TANJUNG PALAS TENGAH","nmdesa":"SALIM BATU","nmsls":"TAMBAK"}},{"type":"Feature","geometry":{"type":"MultiPolygon","coordinates":[[[[117.47308,2.92553],[117.47312,2.9237],[117.47317,2.92324],[117.47317,2.92296],[117.47317,2.92236],[117.47284,2.9219],[117.47224,2.92162],[117.47178,2.92144],[117.4716,2.92144],[117.47109,2.92139],[117.47045,2.92093],[117.47017,2.92029],[117.47008,2.91978],[117.47003,2.91919],[117.46939,2.91826],[117.46897,2.91808],[117.46874,2.91799],[117.46791,2.91817],[117.46713,2.91849],[117.46676,2.91849],[117.46538,2.91785],[117.4645,2.91767],[117.46413,2.91767],[117.4639,2.91799],[117.46404,2.91845],[117.46432,2.91886],[117.46455,2.91937],[117.46446,2.91974],[117.46413,2.92038],[117.46367,2.92107],[117.46363,2.92116],[117.46312,2.92218],[117.46247,2.92282],[117.46164,2.92282],[117.46039,2.92245],[117.45997,2.92209],[117.46002,2.92149],[117.4603,2.92112],[117.46071,2.92057],[117.46103,2.92001],[117.46103,2.91932],[117.46094,2.91854],[117.46071,2.91799],[117.46002,2.91799],[117.45937,2.91849],[117.45914,2.91988],[117.45882,2.92043],[117.45836,2.92034],[117.45785,2.91992],[117.4573,2.91932],[117.45693,2.91859],[117.45684,2.91799],[117.45698,2.91762],[117.45721,2.91716],[117.45739,2.91628],[117.45753,2.91573],[117.45758,2.91523],[117.45758,2.91454],[117.45744,2.91389],[117.45617,2.91227],[117.45607,2.91233],[117.45487,2.91283],[117.45348,2.91352],[117.45242,2.91417],[117.45219,2.91518],[117.45293,2.91684],[117.45344,2.91803],[117.45372,2.91915],[117.45451,2.91964],[117.45493,2.92021],[117.45551,2.92102],[117.45588,2.92205],[117.45612,2.92273],[117.45615,2.92282],[117.45616,2.92433],[117.4563,2.92642],[117.45634,2.9268],[117.45644,2.92801],[117.45709,2.92945],[117.45853,2.93097],[117.46046,2.93211],[117.46384,2.93355],[117.46506,2.93397],[117.46557,2.93414],[117.4662,2.93435],[117.46992,2.93544],[117.47129,2.9356],[117.47166,2.93554],[117.46993,2.93396],[117.46947,2.93343],[117.46963,2.93262],[117.47063,2.93142],[117.47176,2.93006],[117.47275,2.92802],[117.47279,2.92639],[117.47308,2.92553]]]]},"properties":{"kdprov":"65","kdkab":"02","kdkec":"070","kddesa":"001","kdsls":"0001","idsls":"65020700010001","nmprov":"KALIMANTAN UTARA","nmkab":"BULUNGAN","nmkec":"TANJUNG PALAS TENGAH","nmdesa":"TANJUNG BUKA","nmsls":"RT 001 RW 002"}},{"type":"Feature","geometry":{"type":"MultiPolygon","coordinates":[[[[117.54867,2.89091],[117.54971,2.89127],[117.55029,2.89127],[117.55086,2.89091],[117.55106,2.89023],[117.551,2.88897],[117.55087,2.88817],[117.55115,2.88737],[117.55201,2.88666],[117.55337,2.88637],[117.55466,2.88651],[117.55524,2.88637],[117.55588,2.88579],[117.55667,2.88506],[117.55753,2.88442],[117.55853,2.88428],[117.56033,2.88463],[117.56197,2.88521],[117.56355,2.88578],[117.56484,2.88607],[117.5657,2.88571],[117.56656,2.88491],[117.56735,2.88391],[117.56864,2.8829],[117.57029,2.88246],[117.57244,2.88239],[117.57337,2.88246],[117.57617,2.88351],[117.57818,2.88552],[117.58033,2.88761],[117.58162,2.88826],[117.58313,2.88841],[117.58456,2.88819],[117.58514,2.88775],[117.58585,2.88668],[117.58656,2.88422],[117.58678,2.88185],[117.58699,2.88004],[117.58721,2.87925],[117.58778,2.87752],[117.58986,2.87225],[117.59022,2.87067],[117.59036,2.86901],[117.5905,2.86771],[117.59122,2.86443],[117.59158,2.86328],[117.59186,2.86183],[117.59265,2.86047],[117.59344,2.8591],[117.59415,2.85816],[117.59467,2.8578],[117.59493,2.85761],[117.59509,2.85751],[117.59544,2.8574],[117.59673,2.857],[117.59783,2.85688],[117.59917,2.85663],[117.59991,2.85629],[117.59991,2.85595],[117.6,2.85511],[117.59983,2.85436],[117.59933,2.85395],[117.59875,2.8537],[117.59808,2.85294],[117.59808,2.85269],[117.59859,2.85319],[117.59917,2.85344],[117.59975,2.85369],[117.60017,2.85428],[117.60033,2.85487],[117.60033,2.85554],[117.60025,2.85587],[117.60033,2.85595],[117.6005,2.85612],[117.60067,2.85596],[117.60084,2.85545],[117.60117,2.85529],[117.60167,2.8552],[117.60208,2.85503],[117.60233,2.85487],[117.60217,2.85444],[117.60208,2.85386],[117.602,2.85377],[117.60183,2.85328],[117.60183,2.85285],[117.60183,2.85252],[117.6015,2.85193],[117.60133,2.8516],[117.60125,2.8511],[117.60133,2.85059],[117.6015,2.85017],[117.60183,2.84959],[117.60233,2.84917],[117.60283,2.849],[117.60342,2.849],[117.60383,2.84909],[117.60408,2.8495],[117.604,2.85],[117.60367,2.85035],[117.60342,2.85076],[117.60342,2.85118],[117.60358,2.85168],[117.60391,2.85202],[117.60442,2.85227],[117.60533,2.85261],[117.60584,2.85261],[117.60567,2.85218],[117.60525,2.85193],[117.60475,2.85168],[117.60458,2.85118],[117.60483,2.85084],[117.60516,2.85051],[117.60542,2.85017],[117.60533,2.84984],[117.60483,2.84933],[117.6045,2.84909],[117.60416,2.84875],[117.60383,2.84842],[117.60383,2.84807],[117.60383,2.84766],[117.604,2.84741],[117.60425,2.84716],[117.60458,2.84691],[117.60491,2.84674],[117.60533,2.84632],[117.60549,2.8459],[117.60583,2.84565],[117.60641,2.84557],[117.60725,2.84565],[117.60767,2.84577],[117.60691,2.84581],[117.60633,2.84607],[117.60583,2.84649],[117.60542,2.84683],[117.60491,2.84707],[117.60466,2.84724],[117.60433,2.84791],[117.6045,2.84842],[117.605,2.84875],[117.60558,2.84909],[117.60599,2.84958],[117.60608,2.85017],[117.60575,2.85051],[117.60542,2.85084],[117.60542,2.85126],[117.60575,2.85151],[117.60616,2.85193],[117.60633,2.85235],[117.60608,2.85285],[117.60542,2.85302],[117.6045,2.85294],[117.60367,2.85235],[117.60325,2.85177],[117.60308,2.85102],[117.60316,2.85043],[117.60342,2.85],[117.60325,2.84942],[117.60275,2.8495],[117.60217,2.85],[117.60183,2.85068],[117.60183,2.85135],[117.60208,2.85193],[117.60233,2.85261],[117.60242,2.85311],[117.60275,2.85369],[117.60308,2.85419],[117.60316,2.85478],[117.603,2.85529],[117.6025,2.85562],[117.60184,2.8557],[117.60174,2.85595],[117.60167,2.85612],[117.60208,2.85621],[117.60292,2.85621],[117.6045,2.85562],[117.60641,2.85528],[117.60841,2.85478],[117.61008,2.85453],[117.61106,2.8543],[117.61225,2.85402],[117.61317,2.85375],[117.61318,2.85375],[117.61741,2.8525],[117.61938,2.85191],[117.62234,2.85104],[117.63187,2.84752],[117.63201,2.84747],[117.63483,2.84777],[117.63649,2.84804],[117.63748,2.84819],[117.64242,2.85535],[117.64673,2.85625],[117.64745,2.85621],[117.64884,2.85615],[117.64985,2.8561],[117.65312,2.85476],[117.65446,2.85312],[117.65669,2.85134],[117.65833,2.8503],[117.66086,2.84821],[117.66127,2.84791],[117.66111,2.84569],[117.65957,2.84414],[117.65528,2.8405],[117.65246,2.83831],[117.64836,2.83293],[117.64581,2.82646],[117.64412,2.8251],[117.64433,2.82566],[117.6444,2.82637],[117.64441,2.82642],[117.64433,2.82684],[117.64391,2.82725],[117.64349,2.82743],[117.64224,2.82701],[117.64165,2.82651],[117.64116,2.82617],[117.64057,2.82609],[117.63974,2.82625],[117.63916,2.82651],[117.63824,2.82651],[117.63757,2.82617],[117.63699,2.82592],[117.63624,2.82592],[117.63591,2.82635],[117.63591,2.82702],[117.63633,2.82751],[117.63691,2.82793],[117.63741,2.82852],[117.6375,2.82944],[117.6375,2.83028],[117.63733,2.83103],[117.63699,2.83162],[117.63658,2.83178],[117.63648,2.83179],[117.63574,2.83187],[117.63525,2.8317],[117.63483,2.83137],[117.63457,2.83087],[117.63425,2.83036],[117.63374,2.83003],[117.63316,2.83011],[117.633,2.83062],[117.63325,2.83121],[117.63366,2.83162],[117.63383,2.83212],[117.63366,2.8328],[117.63325,2.8338],[117.63283,2.83438],[117.63216,2.83447],[117.63166,2.83447],[117.63125,2.83422],[117.63108,2.83371],[117.63103,2.83312],[117.63091,2.83347],[117.63058,2.8338],[117.63007,2.83387],[117.62991,2.83388],[117.62949,2.83363],[117.62939,2.83359],[117.62866,2.8333],[117.62766,2.83322],[117.627,2.83322],[117.62658,2.8328],[117.62733,2.8328],[117.62808,2.83296],[117.62875,2.83304],[117.62942,2.83322],[117.62968,2.83341],[117.6298,2.83348],[117.63025,2.83355],[117.63058,2.8333],[117.63058,2.83271],[117.63049,2.83221],[117.63041,2.83179],[117.63025,2.83129],[117.63041,2.83078],[117.63083,2.83028],[117.63141,2.83028],[117.63191,2.83062],[117.63225,2.83103],[117.63233,2.83145],[117.63242,2.83196],[117.63233,2.83237],[117.63208,2.83271],[117.63183,2.83296],[117.63166,2.83321],[117.63166,2.83347],[117.63208,2.83363],[117.63283,2.83347],[117.63308,2.83296],[117.63316,2.83229],[117.633,2.8317],[117.63283,2.83137],[117.63258,2.83103],[117.63241,2.83036],[117.63274,2.82969],[117.63316,2.82952],[117.63391,2.82952],[117.63449,2.82995],[117.63499,2.83053],[117.63541,2.83111],[117.63591,2.83145],[117.6365,2.83128],[117.63683,2.83095],[117.63691,2.83028],[117.63691,2.82969],[117.63674,2.82885],[117.63641,2.82844],[117.63591,2.82793],[117.63557,2.82726],[117.63549,2.82676],[117.63557,2.82609],[117.63574,2.82567],[117.63641,2.82533],[117.63716,2.82533],[117.63766,2.8255],[117.63824,2.82584],[117.63891,2.82592],[117.63933,2.82592],[117.63974,2.82558],[117.64057,2.8255],[117.64133,2.8255],[117.64182,2.82584],[117.64241,2.82633],[117.64299,2.82668],[117.64341,2.82668],[117.64358,2.82633],[117.64357,2.82583],[117.64324,2.82499],[117.64299,2.82391],[117.64299,2.8235],[117.64034,2.82164],[117.63578,2.82063],[117.62868,2.81945],[117.62449,2.81972],[117.6161,2.82136],[117.61218,2.82282],[117.60139,2.82912],[117.60022,2.82994],[117.59751,2.83201],[117.59431,2.83465],[117.59211,2.83703],[117.58824,2.84034],[117.58765,2.84084],[117.58648,2.84173],[117.58627,2.84186],[117.58483,2.8427],[117.58453,2.84286],[117.58323,2.84349],[117.5819,2.84413],[117.58163,2.84432],[117.58035,2.84483],[117.57879,2.84506],[117.57687,2.84538],[117.57615,2.84554],[117.5754,2.8457],[117.57469,2.84596],[117.57417,2.84616],[117.57311,2.84687],[117.57247,2.84768],[117.57195,2.84846],[117.57184,2.84961],[117.57156,2.85042],[117.5711,2.85128],[117.57053,2.85214],[117.57007,2.8529],[117.56958,2.85353],[117.56944,2.8537],[117.56938,2.85416],[117.56955,2.85474],[117.56963,2.8548],[117.56977,2.85494],[117.56979,2.85515],[117.56989,2.85528],[117.57001,2.85541],[117.57014,2.85553],[117.57029,2.85564],[117.57044,2.85575],[117.5706,2.85584],[117.57081,2.85588],[117.57097,2.85603],[117.57108,2.85608],[117.57124,2.85615],[117.57137,2.85622],[117.57151,2.85629],[117.57163,2.85636],[117.57175,2.85643],[117.57187,2.8565],[117.57198,2.85659],[117.57208,2.85668],[117.57218,2.85676],[117.57227,2.85686],[117.57236,2.85696],[117.57246,2.85706],[117.57255,2.85717],[117.57264,2.85728],[117.57273,2.85741],[117.57282,2.85754],[117.57291,2.85768],[117.573,2.85783],[117.57307,2.858],[117.57345,2.85854],[117.57356,2.85911],[117.57333,2.85981],[117.57294,2.86038],[117.57219,2.86084],[117.57156,2.86107],[117.57036,2.86125],[117.56915,2.86154],[117.56853,2.86176],[117.56635,2.86291],[117.56446,2.86424],[117.56366,2.86525],[117.56351,2.86554],[117.56342,2.86569],[117.56326,2.866],[117.5628,2.86686],[117.5624,2.86756],[117.56052,2.86766],[117.55948,2.86756],[117.55868,2.86749],[117.55811,2.86749],[117.55753,2.86715],[117.55725,2.86669],[117.55721,2.86638],[117.55719,2.86617],[117.55714,2.86548],[117.55708,2.86513],[117.55696,2.86474],[117.55673,2.8641],[117.55616,2.86376],[117.55495,2.86347],[117.55446,2.8633],[117.55324,2.86289],[117.55199,2.86245],[117.55129,2.8622],[117.55083,2.86179],[117.55038,2.8614],[117.55015,2.86098],[117.5498,2.86036],[117.54906,2.85909],[117.54865,2.85795],[117.54831,2.85668],[117.54826,2.85637],[117.54785,2.85374],[117.54774,2.85127],[117.54768,2.84989],[117.54756,2.84833],[117.54728,2.84652],[117.54696,2.84564],[117.54662,2.84472],[117.54658,2.84462],[117.54624,2.84416],[117.54608,2.84396],[117.54556,2.84335],[117.54527,2.84306],[117.54516,2.84295],[117.54447,2.84278],[117.54401,2.84272],[117.5435,2.84272],[117.54304,2.84289],[117.54258,2.84324],[117.54224,2.84375],[117.54195,2.84451],[117.54173,2.8456],[117.54169,2.84582],[117.5415,2.84692],[117.54092,2.84923],[117.54082,2.84954],[117.54058,2.85021],[117.54018,2.8509],[117.54012,2.85101],[117.53938,2.85188],[117.53909,2.8522],[117.54649,2.88918],[117.54656,2.88911],[117.54728,2.88911],[117.54778,2.88939],[117.54828,2.89033],[117.54867,2.89091]]],[[[117.55733,2.86302],[117.55709,2.86326],[117.55705,2.86342],[117.55782,2.86455],[117.5579,2.86516],[117.55782,2.86568],[117.5579,2.86614],[117.55822,2.8665],[117.55947,2.86678],[117.56152,2.86666],[117.56204,2.86645],[117.56232,2.86622],[117.56237,2.86593],[117.56237,2.86537],[117.56261,2.86488],[117.56321,2.86435],[117.56531,2.86285],[117.56696,2.86188],[117.56821,2.86115],[117.56957,2.8607],[117.57138,2.86018],[117.57199,2.85993],[117.57227,2.85973],[117.57259,2.85908],[117.57255,2.85859],[117.57219,2.85811],[117.56973,2.85609],[117.56924,2.85568],[117.56876,2.85495],[117.56873,2.85346],[117.5688,2.85277],[117.56956,2.85167],[117.57005,2.85086],[117.57057,2.85022],[117.57089,2.84969],[117.57098,2.84904],[117.57085,2.84855],[117.57067,2.84846],[117.57021,2.84823],[117.56884,2.84888],[117.56845,2.84922],[117.5676,2.84997],[117.56675,2.85094],[117.5659,2.85245],[117.56425,2.85572],[117.56329,2.85799],[117.56136,2.86063],[117.56084,2.86128],[117.56015,2.86184],[117.55914,2.86233],[117.55842,2.86257],[117.55766,2.86282],[117.55733,2.86302]]],[[[117.57021,2.91834],[117.5728,2.91808],[117.57437,2.91766],[117.5748,2.917],[117.5748,2.91625],[117.57455,2.91541],[117.5738,2.91474],[117.57255,2.9139],[117.57096,2.91297],[117.5693,2.9124],[117.56613,2.91256],[117.56405,2.91248],[117.56105,2.91273],[117.55846,2.91323],[117.55655,2.91374],[117.55638,2.91475],[117.55763,2.9155],[117.55963,2.91659],[117.56105,2.91734],[117.56255,2.91767],[117.5648,2.91826],[117.56663,2.91859],[117.5683,2.91851],[117.57021,2.91834]]],[[[117.60329,2.91824],[117.60172,2.91816],[117.5993,2.91841],[117.59755,2.91858],[117.59596,2.91866],[117.59422,2.9185],[117.5933,2.91825],[117.59296,2.91883],[117.5943,2.92],[117.59596,2.92109],[117.59805,2.9221],[117.60014,2.92259],[117.60221,2.92285],[117.60488,2.92276],[117.60822,2.92251],[117.61147,2.92217],[117.60979,2.92058],[117.60754,2.91966],[117.60555,2.91883],[117.60329,2.91824]]],[[[117.55001,2.94146],[117.55092,2.94189],[117.55461,2.94362],[117.55699,2.94559],[117.55886,2.94525],[117.55889,2.94516],[117.55961,2.94493],[117.56559,2.94231],[117.56952,2.94067],[117.57198,2.94018],[117.57354,2.94018],[117.57419,2.93985],[117.57362,2.93797],[117.57214,2.93666],[117.57141,2.93534],[117.57116,2.93371],[117.57133,2.93199],[117.57231,2.93067],[117.57354,2.92994],[117.576,2.92977],[117.57878,2.92953],[117.58099,2.92822],[117.5819,2.92707],[117.58239,2.926],[117.5819,2.92461],[117.58018,2.9233],[117.57649,2.92256],[117.57305,2.92076],[117.57026,2.921],[117.56588,2.92042],[117.56546,2.9202],[117.56451,2.91969],[117.56258,2.91885],[117.56092,2.91826],[117.55967,2.91785],[117.55817,2.91726],[117.55759,2.91702],[117.5565,2.91659],[117.55492,2.91576],[117.55415,2.91544],[117.55325,2.91508],[117.55235,2.91431],[117.55213,2.91412],[117.55209,2.91408],[117.55075,2.91341],[117.54933,2.91299],[117.54903,2.91293],[117.54767,2.91266],[117.54584,2.91249],[117.54408,2.91241],[117.54225,2.91233],[117.54101,2.91233],[117.5405,2.91233],[117.53851,2.91266],[117.53725,2.913],[117.53627,2.91322],[117.53575,2.91334],[117.53353,2.91411],[117.53284,2.91434],[117.52826,2.91535],[117.52813,2.91536],[117.52584,2.93495],[117.52691,2.9351],[117.53224,2.93666],[117.53961,2.93813],[117.54576,2.93952],[117.54979,2.94158],[117.54993,2.94148],[117.55001,2.94146]]],[[[117.63142,2.97689],[117.63101,2.97652],[117.63033,2.9767],[117.63001,2.9767],[117.62832,2.97766],[117.62764,2.97857],[117.62723,2.97907],[117.62636,2.97935],[117.62513,2.97998],[117.62336,2.98049],[117.62185,2.98067],[117.62103,2.98099],[117.62099,2.9824],[117.62135,2.98285],[117.62154,2.98408],[117.62185,2.98454],[117.62195,2.98522],[117.62185,2.98582],[117.62251,2.98621],[117.62248,2.98623],[117.62329,2.98645],[117.62625,2.98648],[117.62625,2.98649],[117.62852,2.98628],[117.62958,2.98592],[117.6299,2.9857],[117.63131,2.98516],[117.63197,2.98504],[117.63281,2.98509],[117.63329,2.98502],[117.63377,2.98481],[117.63417,2.9847],[117.63416,2.98468],[117.6345,2.9834],[117.6346,2.98262],[117.63451,2.98259],[117.63445,2.98165],[117.63381,2.97982],[117.63318,2.97887],[117.6332,2.97825],[117.63224,2.97725],[117.63142,2.97689]]],[[[117.64975,2.80205],[117.64599,2.80259],[117.64007,2.80464],[117.63278,2.80756],[117.63072,2.80965],[117.62981,2.811],[117.62916,2.81185],[117.62927,2.81243],[117.63301,2.81353],[117.6361,2.81371],[117.63884,2.81348],[117.64106,2.81275],[117.6411,2.81273],[117.64244,2.81152],[117.64398,2.8102],[117.6464,2.80751],[117.64831,2.80542],[117.64982,2.80341],[117.65014,2.80236],[117.64975,2.80205]]],[[[117.63191,2.83212],[117.63191,2.83154],[117.63191,2.83121],[117.63158,2.83078],[117.63116,2.83078],[117.63083,2.83112],[117.631,2.8317],[117.63108,2.83229],[117.63113,2.83302],[117.63142,2.8328],[117.63166,2.83246],[117.63191,2.83212]]],[[[117.69296,2.86302],[117.68926,2.86279],[117.68495,2.86324],[117.68492,2.86323],[117.68436,2.86413],[117.68409,2.86456],[117.68384,2.86515],[117.68342,2.86615],[117.68301,2.86666],[117.68242,2.86758],[117.68217,2.86951],[117.68175,2.87051],[117.68101,2.87177],[117.67984,2.87227],[117.67892,2.87294],[117.67818,2.87344],[117.67743,2.87437],[117.67701,2.87537],[117.67651,2.8762],[117.67618,2.8778],[117.67626,2.8783],[117.67643,2.87897],[117.67668,2.87964],[117.67668,2.88023],[117.67665,2.88052],[117.6766,2.88098],[117.6761,2.88157],[117.67568,2.88174],[117.67502,2.88182],[117.67426,2.88182],[117.67335,2.88157],[117.67226,2.88116],[117.67126,2.88041],[117.67068,2.87982],[117.67018,2.87915],[117.66976,2.87864],[117.66901,2.87856],[117.66835,2.87856],[117.66768,2.87856],[117.66701,2.87898],[117.66656,2.8795],[117.66635,2.87965],[117.6656,2.88024],[117.66493,2.88065],[117.66444,2.88099],[117.66377,2.88166],[117.66327,2.88175],[117.6626,2.8815],[117.66185,2.88099],[117.66127,2.88066],[117.66068,2.88083],[117.66027,2.88116],[117.66002,2.88133],[117.65935,2.8815],[117.65868,2.88158],[117.65827,2.88183],[117.65827,2.88217],[117.65827,2.88258],[117.65836,2.88309],[117.65836,2.88368],[117.65802,2.88401],[117.65743,2.8841],[117.6571,2.88443],[117.65694,2.88502],[117.65652,2.88527],[117.6556,2.8851],[117.65502,2.88485],[117.6546,2.8846],[117.65519,2.88451],[117.65602,2.88494],[117.65652,2.88468],[117.65668,2.88418],[117.65702,2.88368],[117.65777,2.88351],[117.65785,2.88301],[117.6576,2.88217],[117.65768,2.88166],[117.65794,2.88125],[117.65852,2.88108],[117.65943,2.88108],[117.65993,2.88066],[117.66027,2.88024],[117.6611,2.88007],[117.66185,2.88024],[117.66235,2.88083],[117.66327,2.88116],[117.66402,2.88099],[117.66476,2.88041],[117.66551,2.87931],[117.66627,2.87848],[117.66718,2.87797],[117.66835,2.87772],[117.66918,2.87764],[117.67001,2.87797],[117.67069,2.87856],[117.67135,2.87931],[117.67196,2.87993],[117.67285,2.8809],[117.67385,2.88141],[117.67502,2.88141],[117.67593,2.88115],[117.67614,2.88063],[117.67626,2.88031],[117.67618,2.87948],[117.67585,2.87872],[117.67568,2.87805],[117.67568,2.87713],[117.67593,2.87621],[117.67601,2.87537],[117.67643,2.87478],[117.67693,2.87378],[117.67743,2.87311],[117.67801,2.87244],[117.67851,2.87185],[117.67926,2.87144],[117.68001,2.87093],[117.68092,2.87009],[117.68134,2.86925],[117.68161,2.86823],[117.68164,2.86811],[117.68167,2.868],[117.68192,2.86691],[117.68226,2.86607],[117.68275,2.86506],[117.68317,2.86406],[117.68318,2.86405],[117.6835,2.86322],[117.68363,2.8629],[117.68034,2.86205],[117.67733,2.85886],[117.67528,2.85833],[117.67439,2.85818],[117.67156,2.8579],[117.67133,2.85829],[117.67084,2.85896],[117.67023,2.8595],[117.67017,2.85954],[117.66933,2.86012],[117.66801,2.86122],[117.6665,2.86189],[117.666,2.86223],[117.66576,2.8624],[117.66509,2.8629],[117.66467,2.86356],[117.66418,2.86474],[117.66351,2.86591],[117.66301,2.86683],[117.66259,2.86759],[117.66201,2.86851],[117.66118,2.86935],[117.66059,2.86985],[117.65984,2.87027],[117.65926,2.87027],[117.65851,2.87011],[117.65793,2.8701],[117.65735,2.87019],[117.65726,2.87061],[117.65735,2.87153],[117.65735,2.8722],[117.65701,2.87287],[117.65652,2.87312],[117.65618,2.8732],[117.65551,2.8732],[117.6551,2.87287],[117.65451,2.87237],[117.65401,2.87212],[117.65359,2.87237],[117.65318,2.87271],[117.65285,2.87287],[117.65185,2.87271],[117.65126,2.87254],[117.6511,2.87295],[117.65102,2.87362],[117.65068,2.87396],[117.65027,2.87447],[117.65018,2.8748],[117.64976,2.87539],[117.64943,2.87589],[117.64919,2.87665],[117.6491,2.87765],[117.6486,2.87807],[117.64885,2.8774],[117.64902,2.87623],[117.64919,2.87564],[117.64951,2.87505],[117.64951,2.87421],[117.6501,2.87388],[117.65051,2.87346],[117.65068,2.87279],[117.65076,2.87238],[117.65085,2.87203],[117.65143,2.87187],[117.65193,2.87212],[117.6526,2.87237],[117.65301,2.87212],[117.65327,2.8717],[117.65343,2.87136],[117.65393,2.87128],[117.65468,2.87169],[117.65501,2.87212],[117.65535,2.87262],[117.65601,2.87279],[117.65659,2.87253],[117.65693,2.87195],[117.65701,2.87145],[117.65693,2.87086],[117.65668,2.87027],[117.65668,2.86968],[117.65693,2.86935],[117.65759,2.86935],[117.65842,2.86952],[117.65901,2.86986],[117.65959,2.86986],[117.66068,2.86935],[117.66101,2.86893],[117.66142,2.86818],[117.66209,2.86734],[117.66259,2.86667],[117.66326,2.86575],[117.66376,2.86441],[117.66418,2.86348],[117.66459,2.86281],[117.66501,2.86231],[117.66538,2.86194],[117.66567,2.86164],[117.66617,2.86122],[117.66667,2.86089],[117.66734,2.86055],[117.66867,2.85971],[117.66939,2.85935],[117.66949,2.8593],[117.66984,2.85899],[117.67017,2.8587],[117.67092,2.85778],[117.67105,2.8576],[117.66829,2.8555],[117.66695,2.85506],[117.66294,2.85669],[117.6564,2.85952],[117.64881,2.86056],[117.64227,2.85922],[117.64063,2.85811],[117.64056,2.85839],[117.64065,2.85894],[117.64079,2.85982],[117.64056,2.8609],[117.64052,2.86099],[117.64039,2.86133],[117.64008,2.8621],[117.63972,2.86365],[117.63949,2.86497],[117.63913,2.8664],[117.63842,2.86796],[117.63823,2.86841],[117.6377,2.86964],[117.6364,2.87072],[117.63485,2.87132],[117.63444,2.8713],[117.6333,2.8712],[117.63164,2.87048],[117.63084,2.87065],[117.62997,2.87084],[117.62878,2.87167],[117.62843,2.87276],[117.6289,2.87395],[117.62997,2.87503],[117.63128,2.87658],[117.63175,2.87701],[117.63197,2.87721],[117.63213,2.87736],[117.63231,2.87752],[117.63249,2.8777],[117.63271,2.87789],[117.6329,2.87804],[117.63313,2.8782],[117.63336,2.87837],[117.6336,2.87852],[117.63385,2.87866],[117.6341,2.87881],[117.63436,2.87893],[117.63463,2.87899],[117.63487,2.87916],[117.63514,2.87925],[117.63541,2.87933],[117.6357,2.87933],[117.63595,2.87943],[117.63618,2.87954],[117.63652,2.87969],[117.63759,2.88041],[117.63795,2.88148],[117.63771,2.88244],[117.63712,2.88317],[117.63676,2.88376],[117.63628,2.88376],[117.63569,2.88376],[117.63438,2.88364],[117.63343,2.88364],[117.63224,2.88377],[117.63165,2.884],[117.63141,2.88436],[117.63141,2.88484],[117.63141,2.88532],[117.63188,2.88604],[117.632,2.88688],[117.63212,2.88783],[117.632,2.88843],[117.63177,2.88879],[117.63129,2.88915],[117.63045,2.88915],[117.62914,2.88903],[117.62843,2.88855],[117.62784,2.88844],[117.6276,2.88892],[117.6276,2.88927],[117.62748,2.88987],[117.62736,2.89083],[117.62688,2.89142],[117.62605,2.89155],[117.62534,2.89155],[117.6245,2.89083],[117.62355,2.89047],[117.6226,2.89047],[117.62236,2.89107],[117.62165,2.89167],[117.62081,2.89179],[117.61987,2.89179],[117.61974,2.89071],[117.61998,2.88987],[117.62045,2.88868],[117.62057,2.88783],[117.62022,2.88736],[117.61998,2.88593],[117.61938,2.88485],[117.61867,2.88461],[117.61878,2.88404],[117.6195,2.88401],[117.62034,2.8846],[117.62069,2.88508],[117.62069,2.88581],[117.62093,2.88652],[117.62129,2.88688],[117.62129,2.88808],[117.62119,2.88906],[117.62117,2.88927],[117.6207,2.88987],[117.62106,2.89059],[117.62177,2.89035],[117.62248,2.88975],[117.62265,2.88952],[117.62284,2.88927],[117.62403,2.88939],[117.62427,2.88955],[117.62474,2.88987],[117.62546,2.89035],[117.62617,2.89023],[117.62653,2.88951],[117.62651,2.88936],[117.62641,2.88819],[117.62629,2.8876],[117.62546,2.88688],[117.6251,2.88628],[117.62545,2.88556],[117.62569,2.88533],[117.62593,2.88508],[117.6264,2.88556],[117.62593,2.88592],[117.62557,2.88652],[117.62619,2.88687],[117.6264,2.887],[117.62712,2.88675],[117.62795,2.88688],[117.62891,2.88735],[117.62962,2.88796],[117.63058,2.88831],[117.63129,2.88771],[117.63116,2.88688],[117.63081,2.88627],[117.63033,2.88508],[117.63045,2.88377],[117.63105,2.88293],[117.63224,2.88256],[117.63378,2.88269],[117.63497,2.88256],[117.63641,2.88256],[117.63676,2.88208],[117.63676,2.88125],[117.63628,2.88077],[117.63533,2.88053],[117.6345,2.88029],[117.63354,2.87981],[117.63212,2.87922],[117.63128,2.87837],[117.63021,2.87706],[117.62938,2.87599],[117.62807,2.87491],[117.62735,2.87384],[117.62699,2.87311],[117.62605,2.87252],[117.62486,2.87263],[117.62461,2.87348],[117.62473,2.87443],[117.6245,2.87515],[117.62361,2.87521],[117.62271,2.87479],[117.62188,2.87444],[117.62093,2.87384],[117.62045,2.87312],[117.62021,2.87204],[117.61949,2.8718],[117.61819,2.87216],[117.617,2.87264],[117.61545,2.87324],[117.61617,2.87264],[117.61723,2.87216],[117.6183,2.87181],[117.61919,2.87127],[117.61949,2.87108],[117.62033,2.87096],[117.62068,2.87156],[117.62079,2.87197],[117.62093,2.87252],[117.62152,2.87323],[117.62271,2.87396],[117.62342,2.87443],[117.62378,2.87443],[117.62402,2.87371],[117.6239,2.87323],[117.6239,2.87252],[117.62457,2.87234],[117.62509,2.87192],[117.62592,2.87192],[117.62664,2.87204],[117.62699,2.8712],[117.62759,2.87012],[117.6283,2.86928],[117.63056,2.8688],[117.63187,2.86904],[117.63314,2.86959],[117.63354,2.86976],[117.63473,2.86976],[117.63651,2.86916],[117.63734,2.86748],[117.6377,2.86605],[117.6382,2.86384],[117.63827,2.86355],[117.6383,2.86342],[117.63889,2.8603],[117.63889,2.85839],[117.63866,2.85751],[117.63841,2.8566],[117.63746,2.85528],[117.63742,2.85522],[117.63663,2.85408],[117.63603,2.85301],[117.63555,2.85169],[117.63526,2.85044],[117.6332,2.85059],[117.63082,2.85164],[117.6213,2.8558],[117.60871,2.85826],[117.60663,2.85833],[117.60594,2.85845],[117.60554,2.85852],[117.60498,2.85862],[117.60397,2.85884],[117.60348,2.85913],[117.60343,2.85923],[117.60326,2.85963],[117.60348,2.86006],[117.60455,2.861],[117.60534,2.86172],[117.60598,2.86237],[117.60613,2.86251],[117.60656,2.86352],[117.60685,2.86428],[117.60677,2.86504],[117.60664,2.8659],[117.60677,2.86647],[117.60713,2.86691],[117.60771,2.8672],[117.60879,2.8672],[117.6105,2.86727],[117.61101,2.86727],[117.61134,2.86742],[117.61163,2.86772],[117.61198,2.86817],[117.61222,2.86887],[117.61227,2.86935],[117.6123,2.87023],[117.6122,2.87082],[117.61201,2.87156],[117.61187,2.87163],[117.61022,2.87214],[117.60957,2.87214],[117.60857,2.87163],[117.60786,2.87127],[117.60706,2.87134],[117.60664,2.87185],[117.60628,2.87272],[117.60606,2.87336],[117.60549,2.87452],[117.60526,2.87497],[117.60499,2.87552],[117.60442,2.8761],[117.60349,2.87711],[117.6032,2.87755],[117.60291,2.87797],[117.60291,2.87848],[117.60313,2.87877],[117.60355,2.8792],[117.60427,2.87957],[117.60521,2.88028],[117.606,2.88108],[117.60635,2.8818],[117.6065,2.88237],[117.6065,2.88324],[117.60614,2.88411],[117.60571,2.88447],[117.60464,2.88497],[117.6042,2.88497],[117.60342,2.88468],[117.60291,2.88418],[117.60255,2.88317],[117.6022,2.88259],[117.60169,2.88231],[117.60126,2.88216],[117.60062,2.88209],[117.59954,2.88259],[117.59918,2.88302],[117.59897,2.88382],[117.59897,2.88482],[117.59911,2.8854],[117.59962,2.88671],[117.59969,2.88764],[117.59955,2.8888],[117.59919,2.88929],[117.59883,2.8898],[117.59818,2.89009],[117.59768,2.88995],[117.59711,2.88987],[117.59661,2.88995],[117.59661,2.89024],[117.59653,2.89053],[117.59639,2.89067],[117.59611,2.89067],[117.59589,2.89016],[117.59589,2.88966],[117.59618,2.88929],[117.5966,2.88901],[117.59718,2.88916],[117.59776,2.88923],[117.59826,2.88922],[117.5984,2.88887],[117.59869,2.88822],[117.59876,2.88771],[117.59869,2.88713],[117.59847,2.88634],[117.59825,2.88569],[117.59797,2.88426],[117.59804,2.88389],[117.59833,2.88339],[117.59854,2.88266],[117.59882,2.88188],[117.59947,2.88137],[117.60047,2.88101],[117.60126,2.88101],[117.60198,2.88129],[117.60249,2.8818],[117.60298,2.88273],[117.60327,2.88346],[117.60399,2.88403],[117.60456,2.88389],[117.605,2.88346],[117.60535,2.88266],[117.60542,2.88158],[117.60492,2.881],[117.60378,2.88028],[117.60284,2.87993],[117.60234,2.87942],[117.60191,2.87892],[117.60176,2.87841],[117.60226,2.87693],[117.60255,2.87643],[117.60384,2.87535],[117.60448,2.87463],[117.60484,2.8739],[117.60527,2.87188],[117.60553,2.87148],[117.60577,2.87109],[117.60692,2.87052],[117.60764,2.87023],[117.60843,2.87037],[117.60915,2.87066],[117.60965,2.87094],[117.61022,2.87116],[117.61065,2.87101],[117.61101,2.87109],[117.61151,2.87059],[117.61158,2.87013],[117.61156,2.86962],[117.61145,2.86927],[117.61134,2.869],[117.61115,2.86874],[117.6105,2.8681],[117.60928,2.86781],[117.60793,2.86781],[117.60685,2.86781],[117.60635,2.86752],[117.60606,2.86666],[117.6057,2.865],[117.60563,2.86399],[117.60548,2.86327],[117.60498,2.86255],[117.60405,2.86161],[117.60255,2.8606],[117.60175,2.86032],[117.60089,2.86003],[117.6004,2.86003],[117.59989,2.8601],[117.59939,2.86039],[117.59888,2.86003],[117.59867,2.85967],[117.59802,2.85938],[117.59774,2.85917],[117.59774,2.85895],[117.59838,2.85888],[117.59838,2.8587],[117.59838,2.85859],[117.59824,2.85837],[117.59774,2.8583],[117.59645,2.85859],[117.59568,2.85886],[117.59523,2.85903],[117.59415,2.86003],[117.59358,2.86119],[117.59308,2.8627],[117.59287,2.86407],[117.59251,2.86868],[117.59222,2.87091],[117.59165,2.87301],[117.591,2.87474],[117.59029,2.87625],[117.58943,2.87827],[117.58857,2.88036],[117.58793,2.88397],[117.58762,2.88524],[117.58757,2.88541],[117.58693,2.88693],[117.58628,2.88786],[117.58535,2.88866],[117.58449,2.88902],[117.58356,2.88924],[117.58277,2.88937],[117.58119,2.8893],[117.58005,2.8891],[117.57925,2.88859],[117.57861,2.88794],[117.57703,2.88607],[117.57624,2.88527],[117.57524,2.88441],[117.57423,2.88398],[117.57265,2.88358],[117.57094,2.88358],[117.56972,2.88402],[117.5685,2.88452],[117.56778,2.88531],[117.56685,2.88632],[117.56613,2.88683],[117.56506,2.88704],[117.56413,2.88711],[117.56312,2.88697],[117.56206,2.88683],[117.562,2.88673],[117.56068,2.88606],[117.55939,2.88539],[117.55846,2.88539],[117.55767,2.88568],[117.55695,2.88633],[117.55624,2.88684],[117.55588,2.88712],[117.55524,2.88726],[117.55444,2.88748],[117.55373,2.88748],[117.55294,2.88741],[117.55208,2.88726],[117.55157,2.88784],[117.55172,2.88849],[117.55186,2.88935],[117.55194,2.88986],[117.55182,2.89031],[117.55172,2.89066],[117.55151,2.89131],[117.55087,2.89217],[117.55036,2.89224],[117.54943,2.89224],[117.54871,2.89195],[117.54835,2.89159],[117.548,2.89124],[117.54771,2.89073],[117.54752,2.89047],[117.54735,2.89022],[117.54692,2.89015],[117.54642,2.89022],[117.54635,2.89036],[117.54577,2.89153],[117.5452,2.89387],[117.54506,2.89488],[117.54477,2.89582],[117.54413,2.89689],[117.54377,2.89805],[117.54356,2.8992],[117.54355,2.89935],[117.54609,2.89972],[117.54682,2.90169],[117.551,2.90283],[117.56256,2.90382],[117.58239,2.89874],[117.59058,2.8989],[117.60451,2.89931],[117.615,2.89685],[117.62098,2.89693],[117.62097,2.89709],[117.63065,2.8957],[117.64294,2.89161],[117.65982,2.88915],[117.67195,2.88981],[117.67802,2.89095],[117.68867,2.88948],[117.71325,2.88931],[117.71653,2.88915],[117.71854,2.88774],[117.7185,2.88767],[117.7203,2.88636],[117.72194,2.88325],[117.72226,2.88153],[117.72161,2.87809],[117.72063,2.87424],[117.72022,2.87153],[117.72112,2.86637],[117.7203,2.8644],[117.71604,2.86031],[117.71407,2.85924],[117.71341,2.8567],[117.71219,2.85416],[117.71071,2.85318],[117.70809,2.85309],[117.70858,2.8608],[117.70662,2.86169],[117.70614,2.86162],[117.70576,2.86151],[117.70546,2.86141],[117.70491,2.86127],[117.70394,2.86151],[117.70274,2.86151],[117.70175,2.86151],[117.7002,2.86173],[117.69891,2.86195],[117.69818,2.86203],[117.69793,2.86207],[117.698,2.86333],[117.6988,2.86528],[117.6975,2.86625],[117.69751,2.86629],[117.69748,2.86625],[117.69745,2.86851],[117.69692,2.86843],[117.69671,2.86508],[117.6967,2.86507],[117.69669,2.86231],[117.69641,2.86238],[117.69632,2.8624],[117.69644,2.86647],[117.69644,2.86647],[117.69586,2.86533],[117.69523,2.8641],[117.69526,2.86268],[117.69525,2.86268],[117.69478,2.86282],[117.69386,2.86307],[117.69296,2.86302]]],[[[117.67026,2.90328],[117.66701,2.90261],[117.6652,2.90223],[117.66459,2.9021],[117.66251,2.90177],[117.65876,2.90152],[117.65534,2.90152],[117.65368,2.90161],[117.65176,2.90178],[117.65127,2.9018],[117.65115,2.90179],[117.65066,2.90179],[117.64993,2.90178],[117.64767,2.90186],[117.64542,2.90179],[117.6451,2.90178],[117.64276,2.90186],[117.63968,2.90229],[117.63778,2.90274],[117.63651,2.90304],[117.63343,2.90355],[117.63084,2.90405],[117.62897,2.9045],[117.62868,2.90458],[117.6281,2.90472],[117.62535,2.90539],[117.61955,2.90669],[117.61752,2.90707],[117.61518,2.9075],[117.61269,2.90775],[117.61002,2.90775],[117.60802,2.90758],[117.60585,2.90741],[117.6031,2.90674],[117.60043,2.90658],[117.59743,2.90633],[117.59486,2.90641],[117.5931,2.90684],[117.5911,2.90726],[117.5891,2.90784],[117.58857,2.90795],[117.59755,2.91117],[117.61033,2.91347],[117.61361,2.91543],[117.62311,2.91773],[117.63049,2.91691],[117.63868,2.92002],[117.64655,2.92264],[117.65048,2.92133],[117.6554,2.91986],[117.66228,2.92084],[117.66884,2.92232],[117.67621,2.92559],[117.67604,2.92603],[117.68506,2.92772],[117.69063,2.92838],[117.69604,2.92576],[117.69867,2.92494],[117.70375,2.92428],[117.7067,2.92133],[117.70981,2.91576],[117.71014,2.91183],[117.71014,2.90757],[117.7085,2.9056],[117.70496,2.90425],[117.70481,2.90422],[117.70158,2.90367],[117.69933,2.903],[117.6965,2.90267],[117.69284,2.90293],[117.68992,2.90335],[117.68536,2.90385],[117.68467,2.90394],[117.68101,2.9041],[117.68002,2.90419],[117.67909,2.90427],[117.67609,2.90428],[117.67459,2.90408],[117.67292,2.90386],[117.67026,2.90328]]],[[[117.66898,2.96802],[117.66822,2.96776],[117.66707,2.96738],[117.66373,2.96696],[117.66299,2.96671],[117.66248,2.96666],[117.66206,2.96662],[117.66127,2.96641],[117.66057,2.96621],[117.65965,2.96613],[117.65849,2.96529],[117.65749,2.9642],[117.65624,2.96344],[117.65614,2.96337],[117.65498,2.96244],[117.65423,2.96135],[117.65356,2.96043],[117.65298,2.95968],[117.6524,2.95876],[117.65215,2.9584],[117.65208,2.95831],[117.65198,2.95817],[117.65201,2.95804],[117.65215,2.95742],[117.65206,2.95666],[117.65156,2.95566],[117.65064,2.95482],[117.6489,2.95432],[117.64806,2.95432],[117.64556,2.95424],[117.64231,2.95458],[117.64056,2.95499],[117.63898,2.95541],[117.63731,2.95584],[117.6364,2.95625],[117.63548,2.9571],[117.63381,2.95877],[117.63248,2.95994],[117.63107,2.96053],[117.62973,2.96053],[117.62748,2.96037],[117.62715,2.96028],[117.62656,2.96011],[117.62598,2.95961],[117.62548,2.95852],[117.62534,2.95792],[117.62523,2.95744],[117.62473,2.95668],[117.62423,2.95643],[117.62357,2.95643],[117.62298,2.9566],[117.6219,2.95693],[117.62142,2.95714],[117.62131,2.95718],[117.6199,2.95768],[117.61942,2.95788],[117.61906,2.95802],[117.61874,2.95853],[117.61874,2.95894],[117.61887,2.95982],[117.6189,2.95995],[117.61915,2.96045],[117.61948,2.96079],[117.62006,2.96112],[117.62065,2.96212],[117.62099,2.96305],[117.62124,2.96405],[117.62148,2.96523],[117.62157,2.96648],[117.62157,2.96774],[117.62157,2.96866],[117.62132,2.96765],[117.62124,2.96682],[117.62115,2.96607],[117.62099,2.96523],[117.6209,2.96448],[117.6209,2.96364],[117.62065,2.96288],[117.61999,2.96179],[117.61906,2.96096],[117.61865,2.96071],[117.61857,2.96042],[117.61848,2.96012],[117.61815,2.95928],[117.61806,2.95827],[117.61765,2.95786],[117.61681,2.95752],[117.6159,2.95702],[117.61515,2.95635],[117.61448,2.9556],[117.61407,2.95476],[117.61407,2.95439],[117.61407,2.95334],[117.61414,2.95191],[117.61456,2.95124],[117.61498,2.95074],[117.61489,2.9499],[117.61431,2.94906],[117.61377,2.94877],[117.6134,2.94856],[117.61264,2.94831],[117.61156,2.94831],[117.61098,2.9484],[117.6104,2.94856],[117.60989,2.94907],[117.60948,2.94965],[117.60944,2.94988],[117.6094,2.95015],[117.60948,2.95082],[117.60973,2.95124],[117.61031,2.95166],[117.61082,2.95192],[117.61115,2.95208],[117.61165,2.95375],[117.61165,2.95434],[117.61148,2.95501],[117.61123,2.95552],[117.61082,2.95601],[117.61015,2.95627],[117.60982,2.9566],[117.60957,2.95702],[117.60957,2.95761],[117.60965,2.95828],[117.6099,2.95895],[117.6099,2.95979],[117.60965,2.9602],[117.60924,2.9602],[117.60857,2.96012],[117.60799,2.9602],[117.6079,2.96063],[117.6079,2.96138],[117.60799,2.96247],[117.6084,2.9628],[117.60882,2.9628],[117.6089,2.96205],[117.60882,2.96163],[117.6089,2.96096],[117.60924,2.96054],[117.60973,2.96063],[117.61024,2.96096],[117.61073,2.96171],[117.61007,2.96121],[117.6094,2.96087],[117.60924,2.96096],[117.60915,2.9613],[117.60915,2.9623],[117.60915,2.9628],[117.60907,2.96331],[117.60873,2.96347],[117.60841,2.96347],[117.6079,2.96305],[117.60757,2.96247],[117.60724,2.96146],[117.60707,2.96054],[117.60716,2.96012],[117.60748,2.95971],[117.60823,2.95954],[117.6089,2.95962],[117.60948,2.95953],[117.60957,2.95895],[117.60923,2.95828],[117.6089,2.95761],[117.60906,2.95678],[117.60957,2.95602],[117.61006,2.95568],[117.61073,2.95535],[117.61131,2.95468],[117.61131,2.95375],[117.61115,2.95316],[117.61102,2.95306],[117.61057,2.95267],[117.60981,2.95225],[117.60923,2.95157],[117.60881,2.95108],[117.60856,2.9499],[117.60898,2.94915],[117.60915,2.9489],[117.60931,2.94864],[117.60964,2.94831],[117.60956,2.94789],[117.60931,2.94748],[117.60873,2.94705],[117.60847,2.94748],[117.60818,2.94785],[117.60756,2.94797],[117.60723,2.94781],[117.60674,2.94731],[117.60654,2.9472],[117.6059,2.94681],[117.60606,2.94638],[117.60673,2.94664],[117.60722,2.94705],[117.60764,2.94748],[117.60798,2.94756],[117.60815,2.94705],[117.60815,2.94655],[117.60831,2.94622],[117.60906,2.9463],[117.60931,2.94689],[117.60964,2.94738],[117.61023,2.94772],[117.61064,2.94738],[117.61089,2.94697],[117.61131,2.94663],[117.61181,2.9468],[117.61214,2.94705],[117.61248,2.94764],[117.61314,2.94772],[117.61365,2.94772],[117.61381,2.94744],[117.61389,2.94714],[117.6134,2.94689],[117.61289,2.94689],[117.61231,2.94663],[117.61221,2.94657],[117.6121,2.94649],[117.61196,2.94638],[117.61181,2.94623],[117.61169,2.9461],[117.61163,2.94594],[117.61157,2.94578],[117.61164,2.94496],[117.61206,2.94454],[117.61206,2.9437],[117.61198,2.94295],[117.61214,2.94219],[117.61256,2.94186],[117.61298,2.9416],[117.61322,2.9411],[117.6133,2.94026],[117.61339,2.93977],[117.61339,2.9391],[117.61322,2.93867],[117.61322,2.93856],[117.61322,2.93825],[117.61322,2.93767],[117.61314,2.93708],[117.61322,2.93641],[117.61347,2.93683],[117.61372,2.93733],[117.61381,2.93767],[117.61381,2.93834],[117.61414,2.93867],[117.61422,2.9391],[117.61413,2.93988],[117.61406,2.94043],[117.61389,2.94077],[117.61398,2.9411],[117.61406,2.9416],[117.61406,2.94174],[117.61406,2.94203],[117.61381,2.94236],[117.61356,2.94244],[117.61326,2.94244],[117.61306,2.94244],[117.61281,2.9427],[117.61281,2.94311],[117.61281,2.94378],[117.61281,2.94445],[117.61272,2.94479],[117.61247,2.94504],[117.61223,2.94538],[117.61214,2.94579],[117.61214,2.94614],[117.6134,2.94647],[117.61381,2.94655],[117.61423,2.94671],[117.61435,2.94668],[117.61481,2.94655],[117.61539,2.94613],[117.61597,2.94563],[117.61689,2.94521],[117.61781,2.94496],[117.61803,2.94493],[117.6182,2.94486],[117.61839,2.94478],[117.61858,2.94472],[117.61878,2.94466],[117.61899,2.94459],[117.61922,2.94455],[117.61946,2.94449],[117.61973,2.94445],[117.62002,2.9444],[117.62032,2.94436],[117.62064,2.9443],[117.62087,2.94425],[117.62114,2.94411],[117.62131,2.94344],[117.62156,2.94269],[117.62206,2.94219],[117.62214,2.94152],[117.62217,2.94134],[117.62225,2.94092],[117.62231,2.94059],[117.62264,2.94035],[117.62289,2.94118],[117.62297,2.94152],[117.62305,2.94202],[117.62289,2.94236],[117.62251,2.94274],[117.62214,2.94336],[117.62206,2.9437],[117.62181,2.94462],[117.62181,2.94504],[117.62214,2.94537],[117.62264,2.94579],[117.62364,2.94578],[117.62414,2.94521],[117.62446,2.94504],[117.62464,2.94495],[117.62473,2.94511],[117.62422,2.94579],[117.62381,2.94637],[117.62315,2.94655],[117.62239,2.94621],[117.62173,2.94562],[117.62114,2.94529],[117.6199,2.94545],[117.61864,2.94571],[117.61697,2.9463],[117.61572,2.9468],[117.61556,2.94694],[117.61514,2.9473],[117.61523,2.94789],[117.61565,2.9483],[117.61597,2.94906],[117.61598,2.95074],[117.61607,2.95182],[117.6159,2.953],[117.61523,2.95426],[117.61539,2.95518],[117.61632,2.95593],[117.61749,2.95635],[117.61881,2.95626],[117.61998,2.95601],[117.6209,2.95534],[117.6219,2.95492],[117.62323,2.95459],[117.62448,2.95484],[117.62582,2.95542],[117.62723,2.95651],[117.62798,2.95777],[117.62898,2.95836],[117.62998,2.95852],[117.63098,2.95768],[117.63181,2.95659],[117.63273,2.95575],[117.63332,2.95517],[117.63348,2.95425],[117.63333,2.9536],[117.63331,2.95349],[117.63356,2.95265],[117.63406,2.95248],[117.63442,2.95257],[117.63473,2.95265],[117.63515,2.95265],[117.63539,2.95215],[117.63498,2.95181],[117.63498,2.95106],[117.63531,2.95031],[117.63581,2.9498],[117.63622,2.94905],[117.63664,2.94829],[117.63664,2.94896],[117.63664,2.9498],[117.63615,2.95055],[117.63531,2.9514],[117.63589,2.95189],[117.63615,2.95257],[117.63598,2.95315],[117.63531,2.95332],[117.63481,2.95315],[117.63415,2.95341],[117.63398,2.95383],[117.63423,2.95441],[117.63506,2.95474],[117.63631,2.95416],[117.63848,2.95315],[117.63892,2.95305],[117.64089,2.95257],[117.64214,2.95221],[117.64265,2.95206],[117.64481,2.95173],[117.64673,2.95164],[117.64798,2.95164],[117.64931,2.95172],[117.64998,2.95139],[117.65022,2.95038],[117.65026,2.94987],[117.6497,2.94727],[117.64971,2.94714],[117.64972,2.94702],[117.64964,2.94678],[117.64973,2.94629],[117.64976,2.94619],[117.64978,2.94606],[117.64976,2.94593],[117.64983,2.9458],[117.64986,2.94566],[117.64989,2.94553],[117.65072,2.94507],[117.65097,2.94494],[117.65214,2.94494],[117.65381,2.94519],[117.65498,2.94573],[117.6563,2.94635],[117.65679,2.94653],[117.65581,2.94686],[117.65439,2.94619],[117.65347,2.9456],[117.6518,2.94535],[117.65072,2.94569],[117.65039,2.94653],[117.65031,2.94686],[117.65073,2.94761],[117.65105,2.94862],[117.65098,2.94962],[117.65089,2.95018],[117.65081,2.95064],[117.65081,2.95131],[117.65122,2.95206],[117.65231,2.95339],[117.65465,2.9549],[117.65581,2.95549],[117.65697,2.95608],[117.65806,2.95708],[117.65939,2.95809],[117.65962,2.95856],[117.66006,2.95951],[117.66064,2.96076],[117.66248,2.96286],[117.66341,2.9633],[117.6644,2.96377],[117.66606,2.96377],[117.66791,2.96336],[117.66777,2.95774],[117.67285,2.95692],[117.67638,2.95659],[117.68015,2.95659],[117.68252,2.95593],[117.68621,2.95503],[117.6876,2.95479],[117.68809,2.95307],[117.6899,2.95102],[117.69383,2.94921],[117.69537,2.94748],[117.69507,2.94723],[117.69453,2.94699],[117.6945,2.94697],[117.6941,2.94678],[117.69381,2.94653],[117.69315,2.94576],[117.69234,2.94526],[117.69135,2.9449],[117.68898,2.94427],[117.68717,2.94393],[117.6867,2.94377],[117.68567,2.94334],[117.68547,2.94308],[117.68439,2.94274],[117.68335,2.94237],[117.68272,2.94215],[117.68021,2.94156],[117.67605,2.94015],[117.67388,2.9394],[117.6738,2.93936],[117.67363,2.93928],[117.67188,2.93847],[117.67005,2.93781],[117.66805,2.9373],[117.66589,2.93655],[117.66372,2.93614],[117.66163,2.93571],[117.65955,2.93522],[117.65897,2.93517],[117.65638,2.93463],[117.65616,2.93467],[117.65606,2.93468],[117.65463,2.93446],[117.65189,2.93455],[117.65022,2.93446],[117.64663,2.93413],[117.64422,2.93397],[117.64385,2.93393],[117.64348,2.9339],[117.64246,2.93363],[117.64063,2.93313],[117.63838,2.93271],[117.63828,2.93268],[117.63622,2.93205],[117.63469,2.93153],[117.63371,2.93121],[117.63171,2.93054],[117.62922,2.92979],[117.62705,2.92887],[117.62577,2.92853],[117.62543,2.92844],[117.62513,2.92836],[117.62305,2.92761],[117.62088,2.92711],[117.61905,2.92653],[117.61697,2.92602],[117.61496,2.92568],[117.61455,2.92561],[117.60996,2.92536],[117.60647,2.92536],[117.60564,2.92541],[117.60513,2.92544],[117.60437,2.92544],[117.60255,2.92544],[117.60046,2.92536],[117.59821,2.92528],[117.59726,2.92507],[117.59505,2.92461],[117.59322,2.92411],[117.59122,2.92344],[117.58922,2.92285],[117.58705,2.9221],[117.5848,2.9219],[117.58347,2.92177],[117.58138,2.92119],[117.58013,2.92085],[117.57704,2.92068],[117.57692,2.92068],[117.57796,2.92166],[117.58124,2.9224],[117.58304,2.9233],[117.58386,2.92502],[117.58304,2.9274],[117.58254,2.92816],[117.5819,2.92912],[117.57968,2.93043],[117.57616,2.931],[117.5737,2.931],[117.57296,2.93199],[117.57475,2.93588],[117.57518,2.93682],[117.57591,2.93854],[117.57616,2.93969],[117.57542,2.94084],[117.574,2.94133],[117.5719,2.94206],[117.56903,2.94329],[117.56469,2.94477],[117.56362,2.94624],[117.56526,2.94805],[117.5664,2.94844],[117.56619,2.94849],[117.56652,2.94946],[117.5668,2.9503],[117.56714,2.95085],[117.56766,2.95121],[117.56812,2.95167],[117.56882,2.95217],[117.5696,2.95295],[117.57035,2.95342],[117.57092,2.95393],[117.57163,2.95479],[117.57211,2.95529],[117.57265,2.9555],[117.57308,2.95623],[117.57345,2.95623],[117.57393,2.9568],[117.57418,2.95682],[117.57484,2.95707],[117.57529,2.95714],[117.5758,2.95734],[117.57621,2.95732],[117.57684,2.95705],[117.57716,2.95666],[117.5783,2.956],[117.57912,2.95484],[117.57937,2.95436],[117.57969,2.95418],[117.58021,2.95347],[117.58035,2.95311],[117.58069,2.9529],[117.58088,2.95266],[117.58108,2.95242],[117.58133,2.95188],[117.58134,2.95194],[117.58147,2.95169],[117.58151,2.95133],[117.58154,2.9503],[117.58181,2.94996],[117.58293,2.94971],[117.5832,2.95078],[117.58324,2.95222],[117.58265,2.95347],[117.58272,2.95347],[117.58258,2.95461],[117.58238,2.95566],[117.58192,2.95684],[117.58151,2.95837],[117.58181,2.95955],[117.58242,2.96058],[117.58265,2.96133],[117.58347,2.96288],[117.58427,2.96326],[117.58518,2.965],[117.58559,2.96545],[117.5865,2.96645],[117.58773,2.9673],[117.5891,2.96798],[117.59106,2.96848],[117.5915,2.96871],[117.59154,2.96862],[117.59283,2.96859],[117.5934,2.96841],[117.59452,2.96789],[117.59548,2.96759],[117.59641,2.96755],[117.59723,2.9675],[117.59835,2.96777],[117.5991,2.96798],[117.60001,2.96791],[117.60049,2.96773],[117.60113,2.96718],[117.60183,2.96689],[117.60208,2.96659],[117.60263,2.96661],[117.60352,2.96698],[117.60429,2.96732],[117.60457,2.96773],[117.60384,2.96855],[117.60304,2.96964],[117.60299,2.97023],[117.60299,2.97085],[117.60327,2.97133],[117.60395,2.9719],[117.60443,2.97225],[117.60452,2.97223],[117.60495,2.97247],[117.60542,2.97252],[117.60541,2.97261],[117.60538,2.97265],[117.60832,2.97372],[117.6116,2.97472],[117.61438,2.97527],[117.61871,2.97536],[117.62199,2.97572],[117.62394,2.97545],[117.62393,2.97544],[117.63049,2.97281],[117.63663,2.97412],[117.64696,2.9774],[117.65319,2.98101],[117.65745,2.98265],[117.65991,2.98306],[117.66302,2.98256],[117.66523,2.98347],[117.66802,2.98404],[117.66985,2.982],[117.67004,2.98138],[117.67009,2.98121],[117.67031,2.98047],[117.67088,2.97867],[117.67122,2.97735],[117.67142,2.97625],[117.67144,2.97561],[117.67145,2.97498],[117.67132,2.97409],[117.67129,2.97396],[117.67115,2.97332],[117.67087,2.97198],[117.67078,2.97168],[117.67055,2.97092],[117.67052,2.9708],[117.66991,2.96962],[117.66954,2.96895],[117.6691,2.96834],[117.66898,2.96802]]]]},"properties":{"kdprov":"65","kdkab":"02","kdkec":"070","kddesa":"001","kdsls":"6001","idsls":"65020700016001","nmprov":"KALIMANTAN UTARA","nmkab":"BULUNGAN","nmkec":"TANJUNG PALAS TENGAH","nmdesa":"TANJUNG BUKA","nmsls":"TAMBAK"}},{"type":"Feature","geometry":{"type":"MultiPolygon","coordinates":[[[[117.34067,2.93031],[117.34145,2.9306],[117.34224,2.93118],[117.34232,2.93121],[117.34296,2.93147],[117.34323,2.93157],[117.34323,2.93157],[117.34338,2.93161],[117.34352,2.93154],[117.34374,2.93111],[117.34373,2.92888],[117.34375,2.92864],[117.3422,2.9288],[117.34067,2.93031]]],[[[117.34345,2.93398],[117.34319,2.93334],[117.34319,2.93334],[117.34319,2.93334],[117.34309,2.93311],[117.34265,2.93272],[117.34245,2.93255],[117.3421,2.93236],[117.34188,2.93226],[117.34131,2.93218],[117.34052,2.93233],[117.33931,2.93218],[117.33904,2.93207],[117.33902,2.93207],[117.33778,2.93391],[117.33987,2.93675],[117.33989,2.93673],[117.34352,2.93438],[117.34345,2.93398]]]]},"properties":{"kdprov":"65","kdkab":"02","kdkec":"070","kddesa":"002","kdsls":"0001","idsls":"65020700020001","nmprov":"KALIMANTAN UTARA","nmkab":"BULUNGAN","nmkec":"TANJUNG PALAS TENGAH","nmdesa":"SALIM BATU","nmsls":"RT 001"}},{"type":"Feature","geometry":{"type":"MultiPolygon","coordinates":[[[[117.38175,2.91026],[117.38165,2.91017],[117.3804,2.9091],[117.37853,2.90766],[117.37821,2.90742],[117.37775,2.90707],[117.37633,2.90655],[117.37503,2.90637],[117.37468,2.9064],[117.37387,2.90646],[117.3726,2.90631],[117.37253,2.90629],[117.37241,2.90626],[117.3715,2.90599],[117.37148,2.90599],[117.3714,2.91158],[117.37785,2.91146],[117.38337,2.91136],[117.38175,2.91026]]],[[[117.32383,2.91168],[117.32237,2.91161],[117.31895,2.91143],[117.3159,2.91192],[117.31407,2.91296],[117.31211,2.91391],[117.31212,2.91417],[117.31186,2.91634],[117.31055,2.91968],[117.31028,2.92126],[117.31035,2.92349],[117.31107,2.9248],[117.31392,2.9271],[117.31659,2.92825],[117.31653,2.92796],[117.31653,2.92796],[117.31653,2.92791],[117.3166,2.92236],[117.31681,2.92106],[117.31709,2.92013],[117.31773,2.91898],[117.31816,2.91855],[117.31852,2.91819],[117.32002,2.91704],[117.32288,2.91654],[117.32374,2.91639],[117.32767,2.91553],[117.33023,2.91511],[117.33209,2.91481],[117.33424,2.91495],[117.33465,2.91511],[117.33516,2.91531],[117.33552,2.91585],[117.33573,2.91617],[117.336,2.91714],[117.33609,2.91747],[117.33609,2.91747],[117.33581,2.9189],[117.33559,2.9212],[117.33538,2.92343],[117.33536,2.92391],[117.33531,2.92493],[117.33531,2.92493],[117.33531,2.9258],[117.33531,2.9258],[117.33548,2.92614],[117.33559,2.92637],[117.336,2.92693],[117.33695,2.92824],[117.33817,2.92939],[117.3387,2.92968],[117.33895,2.92981],[117.33977,2.93003],[117.34031,2.93018],[117.34054,2.93026],[117.34067,2.93031],[117.3422,2.9288],[117.34375,2.92864],[117.34402,2.92392],[117.34416,2.92213],[117.3442,2.92111],[117.34424,2.91998],[117.34395,2.91797],[117.34266,2.91466],[117.3418,2.91251],[117.34123,2.91157],[117.33999,2.90976],[117.33613,2.91053],[117.32902,2.91131],[117.3278,2.91137],[117.32383,2.91168]]],[[[117.3435,2.9053],[117.34354,2.90538],[117.34447,2.90715],[117.3449,2.90888],[117.34489,2.90888],[117.34623,2.91361],[117.34677,2.92053],[117.34796,2.92882],[117.34841,2.9346],[117.35033,2.93994],[117.35288,2.94623],[117.35607,2.95005],[117.36008,2.95124],[117.36345,2.94869],[117.3639,2.94518],[117.36376,2.94498],[117.36387,2.9443],[117.36391,2.94303],[117.3636,2.94189],[117.36341,2.94102],[117.36328,2.93984],[117.36309,2.93897],[117.36309,2.93769],[117.36369,2.93628],[117.36446,2.93519],[117.36446,2.93514],[117.36461,2.93506],[117.36519,2.93378],[117.36542,2.93268],[117.36615,2.93223],[117.36747,2.93223],[117.36833,2.93264],[117.36943,2.93264],[117.37134,2.93314],[117.37348,2.934],[117.37485,2.9366],[117.37494,2.93706],[117.37544,2.9382],[117.37544,2.94011],[117.37507,2.94085],[117.37509,2.94094],[117.37435,2.94202],[117.37353,2.94298],[117.37221,2.94453],[117.37102,2.94539],[117.37016,2.94703],[117.36988,2.94817],[117.36986,2.94904],[117.36961,2.94923],[117.36969,2.95219],[117.37051,2.95475],[117.3737,2.95511],[117.37607,2.95547],[117.37853,2.95438],[117.38008,2.95301],[117.38135,2.9511],[117.38345,2.95019],[117.38655,2.95092],[117.39037,2.95183],[117.39283,2.9521],[117.39794,2.95092],[117.40049,2.95064],[117.40286,2.95092],[117.40495,2.95247],[117.40586,2.95456],[117.40575,2.95498],[117.40933,2.9583],[117.41452,2.96058],[117.42172,2.96276],[117.42509,2.96313],[117.42928,2.96295],[117.43921,2.95985],[117.44714,2.95702],[117.45114,2.95358],[117.44875,2.95173],[117.44817,2.95135],[117.4475,2.95125],[117.44722,2.95125],[117.44646,2.95164],[117.44617,2.95192],[117.44579,2.9525],[117.4455,2.95317],[117.44531,2.95394],[117.44512,2.95432],[117.44446,2.9548],[117.4437,2.95528],[117.44312,2.95528],[117.44265,2.95509],[117.44151,2.95441],[117.44074,2.95403],[117.44027,2.95326],[117.43989,2.95259],[117.4396,2.95174],[117.43951,2.95117],[117.4396,2.9504],[117.4396,2.94954],[117.4396,2.94858],[117.43922,2.94781],[117.43903,2.94752],[117.43864,2.94714],[117.43779,2.94695],[117.43636,2.94695],[117.43579,2.94714],[117.43522,2.94733],[117.43484,2.94819],[117.43494,2.94877],[117.43522,2.94925],[117.43579,2.94973],[117.43626,2.95011],[117.43684,2.95059],[117.43722,2.95126],[117.43722,2.95193],[117.43703,2.95251],[117.43608,2.95337],[117.43513,2.95375],[117.43436,2.95375],[117.4336,2.95347],[117.43169,2.95241],[117.4295,2.95145],[117.42903,2.95136],[117.42836,2.95136],[117.42751,2.95145],[117.42684,2.95145],[117.42627,2.95145],[117.4257,2.95136],[117.42474,2.95097],[117.42427,2.9503],[117.42389,2.94973],[117.4237,2.94877],[117.4237,2.94791],[117.42379,2.94725],[117.42407,2.94667],[117.42455,2.94638],[117.42513,2.946],[117.4257,2.9461],[117.42645,2.9461],[117.42693,2.9461],[117.42779,2.94581],[117.42789,2.94523],[117.42779,2.94466],[117.42751,2.94399],[117.42722,2.94351],[117.42655,2.94313],[117.42579,2.94284],[117.42464,2.94265],[117.4236,2.94245],[117.42303,2.94245],[117.42207,2.94246],[117.4215,2.94236],[117.42093,2.94188],[117.42074,2.9414],[117.42055,2.94054],[117.42026,2.93996],[117.41969,2.93929],[117.41921,2.93882],[117.41855,2.93834],[117.41759,2.93748],[117.41664,2.93652],[117.41658,2.93644],[117.41618,2.93944],[117.41447,2.93947],[117.41417,2.94023],[117.41398,2.94331],[117.41391,2.94331],[117.41122,2.94535],[117.40688,2.94128],[117.40382,2.93709],[117.40549,2.93438],[117.40384,2.9335],[117.39973,2.93332],[117.39973,2.93332],[117.39551,2.92966],[117.39437,2.92925],[117.39069,2.92794],[117.39064,2.92792],[117.38893,2.92605],[117.38439,2.92384],[117.38309,2.92388],[117.38202,2.92392],[117.38114,2.92764],[117.38022,2.9283],[117.37145,2.92856],[117.37151,2.92433],[117.37155,2.92429],[117.37151,2.92429],[117.37154,2.92029],[117.37156,2.92027],[117.37155,2.92027],[117.37147,2.91863],[117.37146,2.91862],[117.36773,2.91936],[117.36771,2.91941],[117.3684,2.92338],[117.36383,2.92361],[117.36383,2.92359],[117.36086,2.92387],[117.36189,2.92962],[117.35789,2.93021],[117.3568,2.92502],[117.3531,2.92581],[117.35198,2.92019],[117.352,2.92013],[117.35005,2.92052],[117.34923,2.91648],[117.35114,2.91606],[117.34883,2.90545],[117.34882,2.90539],[117.34347,2.90525],[117.3435,2.9053]]],[[[117.40729,3.01084],[117.40835,3.00966],[117.40953,3.00834],[117.41071,3.00664],[117.41111,3.00532],[117.41203,3.00388],[117.41282,3.00362],[117.414,3.00414],[117.4161,3.00532],[117.41676,3.00585],[117.41768,3.00585],[117.41794,3.00545],[117.41794,3.00401],[117.4186,3.00335],[117.41978,3.00335],[117.42084,3.00414],[117.42176,3.00493],[117.42333,3.00493],[117.42412,3.0044],[117.42715,3.00434],[117.42728,3.00434],[117.4282,3.00381],[117.42938,3.00066],[117.42912,2.99882],[117.42846,2.99633],[117.42767,2.99344],[117.42741,2.99252],[117.42688,2.99186],[117.42583,2.99095],[117.42465,2.98963],[117.42333,2.98793],[117.42215,2.98609],[117.42123,2.98451],[117.41978,2.98241],[117.419,2.98097],[117.41847,2.97992],[117.41702,2.97782],[117.41597,2.97585],[117.41571,2.97453],[117.41584,2.97283],[117.41807,2.97256],[117.41834,2.97256],[117.41965,2.97283],[117.4207,2.97309],[117.42202,2.97388],[117.42281,2.97467],[117.4232,2.97467],[117.42465,2.97362],[117.42517,2.97283],[117.42596,2.97191],[117.42662,2.97112],[117.42741,2.9702],[117.42912,2.97007],[117.42964,2.9702],[117.43017,2.97046],[117.43109,2.97178],[117.43109,2.97256],[117.43122,2.97414],[117.43135,2.97598],[117.43122,2.97716],[117.43043,2.97821],[117.42964,2.979],[117.42964,2.98005],[117.43004,2.98005],[117.43162,2.98005],[117.43175,2.98005],[117.43306,2.98005],[117.43385,2.98018],[117.43438,2.98031],[117.43477,2.9807],[117.43556,2.98228],[117.43582,2.98267],[117.43609,2.98346],[117.43688,2.98464],[117.43766,2.98412],[117.43872,2.98359],[117.4399,2.98438],[117.4399,2.98478],[117.44003,2.98596],[117.44056,2.98727],[117.44227,2.98806],[117.44279,2.98806],[117.44411,2.98753],[117.44476,2.98753],[117.44503,2.98727],[117.44568,2.98635],[117.44634,2.9853],[117.4466,2.98491],[117.44818,2.98294],[117.44884,2.98215],[117.44971,2.98215],[117.45048,2.98098],[117.4518,2.97993],[117.45435,2.97934],[117.45461,2.97914],[117.45526,2.97865],[117.45558,2.97792],[117.45535,2.97678],[117.45535,2.97598],[117.45549,2.9758],[117.45562,2.97446],[117.45658,2.97218],[117.45763,2.97054],[117.45881,2.97],[117.45949,2.96982],[117.45938,2.96978],[117.46054,2.96936],[117.462,2.9679],[117.46155,2.96699],[117.45726,2.96508],[117.45444,2.96316],[117.44915,2.96052],[117.44751,2.9618],[117.4446,2.96143],[117.44077,2.96143],[117.43722,2.9628],[117.4312,2.96344],[117.42656,2.96407],[117.42,2.96362],[117.4148,2.96316],[117.40843,2.96098],[117.40423,2.95669],[117.40341,2.9546],[117.4015,2.95287],[117.39977,2.95305],[117.39877,2.95414],[117.3943,2.95378],[117.38947,2.95341],[117.3872,2.95296],[117.38446,2.95305],[117.38164,2.95378],[117.37936,2.95587],[117.3769,2.95687],[117.37262,2.95687],[117.36952,2.95587],[117.36703,2.95355],[117.36703,2.95344],[117.36706,2.95321],[117.36685,2.95212],[117.36674,2.95224],[117.3666,2.95104],[117.36654,2.95103],[117.36699,2.94994],[117.36759,2.9484],[117.3682,2.9464],[117.36913,2.94526],[117.3704,2.94406],[117.37274,2.94266],[117.37368,2.94039],[117.37354,2.93792],[117.37167,2.93665],[117.36846,2.93565],[117.36713,2.93585],[117.36579,2.93645],[117.36525,2.94026],[117.36566,2.94647],[117.36552,2.94927],[117.36527,2.95094],[117.36505,2.95095],[117.36478,2.95136],[117.3641,2.95191],[117.36309,2.95241],[117.36182,2.95268],[117.36068,2.95255],[117.35991,2.95277],[117.35877,2.95314],[117.35827,2.954],[117.35827,2.9556],[117.35863,2.95715],[117.3589,2.95777],[117.35885,2.95784],[117.3589,2.95821],[117.36059,2.96061],[117.3636,2.9648],[117.36679,2.96954],[117.36925,2.97305],[117.37043,2.97651],[117.37207,2.97915],[117.37467,2.9823],[117.37585,2.9833],[117.37781,2.98571],[117.37881,2.98763],[117.37986,2.99009],[117.37945,2.99211],[117.37918,2.99346],[117.37868,2.99569],[117.37868,2.99701],[117.37902,2.99805],[117.37892,2.99835],[117.3795,2.99965],[117.38032,3.0023],[117.38501,3.00621],[117.39034,3.0105],[117.39505,3.01284],[117.39602,3.01332],[117.39704,3.01405],[117.39886,3.01656],[117.40068,3.01965],[117.40177,3.02416],[117.40189,3.02772],[117.40258,3.02672],[117.40325,3.02576],[117.40392,3.02471],[117.40449,3.02365],[117.40496,3.02212],[117.40543,3.02059],[117.40578,3.01985],[117.40558,3.01793],[117.40585,3.01661],[117.40624,3.01569],[117.40651,3.01359],[117.4069,3.01189],[117.40729,3.01084]]],[[[117.33778,2.93391],[117.33641,2.93594],[117.32981,2.93246],[117.3324,2.92573],[117.33335,2.92508],[117.33331,2.92493],[117.33331,2.92493],[117.33338,2.9227],[117.33352,2.92148],[117.33357,2.9211],[117.33357,2.9211],[117.33357,2.9211],[117.33357,2.9211],[117.33366,2.92041],[117.33381,2.91948],[117.33381,2.91893],[117.33381,2.91869],[117.33402,2.91783],[117.33416,2.91762],[117.33452,2.91683],[117.33452,2.91683],[117.33445,2.91647],[117.33416,2.91632],[117.33381,2.9164],[117.33273,2.91676],[117.33083,2.91714],[117.33024,2.91726],[117.32954,2.91741],[117.32831,2.91769],[117.32652,2.91769],[117.32459,2.91784],[117.32302,2.91784],[117.32159,2.91784],[117.32082,2.91803],[117.32017,2.91819],[117.3195,2.91858],[117.31917,2.91877],[117.3189,2.91907],[117.31852,2.91949],[117.31795,2.92085],[117.31767,2.92293],[117.31753,2.92501],[117.31753,2.92502],[117.3176,2.92638],[117.31763,2.92717],[117.31766,2.92796],[117.31775,2.92843],[117.31796,2.92954],[117.31833,2.93105],[117.31838,2.93126],[117.3186,2.93234],[117.31931,2.93643],[117.31938,2.93916],[117.31991,2.94254],[117.31997,2.94296],[117.32003,2.94332],[117.32005,2.94367],[117.32007,2.94385],[117.32007,2.94385],[117.32007,2.94385],[117.3201,2.94433],[117.3201,2.94434],[117.3201,2.94434],[117.32006,2.94454],[117.31994,2.94514],[117.31982,2.94577],[117.31918,2.94799],[117.3186,2.94907],[117.31753,2.95072],[117.31725,2.95137],[117.31695,2.95189],[117.31695,2.95189],[117.31695,2.95189],[117.31688,2.95201],[117.31667,2.95238],[117.31634,2.95277],[117.31634,2.95277],[117.31634,2.95277],[117.31625,2.95288],[117.31568,2.95353],[117.31568,2.95353],[117.31519,2.95409],[117.31496,2.95435],[117.31495,2.95437],[117.31486,2.95445],[117.31486,2.95445],[117.31453,2.95478],[117.31403,2.95514],[117.31308,2.95532],[117.31306,2.95533],[117.31289,2.95536],[117.31203,2.9555],[117.31194,2.95547],[117.31175,2.95718],[117.31351,2.959],[117.3135,2.959],[117.31387,2.95953],[117.30947,2.9594],[117.30941,2.959],[117.30941,2.959],[117.3093,2.95791],[117.3071,2.95737],[117.3071,2.95737],[117.30656,2.9572],[117.30776,2.95423],[117.30723,2.95403],[117.30723,2.95403],[117.30723,2.95403],[117.30723,2.95403],[117.30723,2.95403],[117.30652,2.95376],[117.30582,2.95349],[117.30485,2.95303],[117.30485,2.95303],[117.30485,2.95303],[117.3046,2.95291],[117.3043,2.95277],[117.3043,2.95277],[117.30386,2.95258],[117.30386,2.95258],[117.30386,2.95258],[117.30386,2.95258],[117.30366,2.95249],[117.30318,2.95228],[117.30225,2.95191],[117.30216,2.95189],[117.30212,2.95188],[117.30212,2.95188],[117.30212,2.95188],[117.3011,2.95162],[117.29993,2.95151],[117.29968,2.95148],[117.29825,2.95141],[117.29696,2.95184],[117.29494,2.95243],[117.29425,2.95263],[117.29286,2.95305],[117.29211,2.95328],[117.29082,2.95393],[117.29039,2.95414],[117.28946,2.95493],[117.28879,2.95535],[117.28796,2.95587],[117.28603,2.9577],[117.28581,2.95804],[117.28403,2.96078],[117.28369,2.9616],[117.28323,2.96288],[117.28152,2.9677],[117.28143,2.96786],[117.2813,2.96813],[117.28102,2.96876],[117.28096,2.96891],[117.28082,2.96926],[117.28073,2.96947],[117.28066,2.96966],[117.28058,2.96987],[117.28046,2.97011],[117.28029,2.97054],[117.28014,2.97059],[117.2801,2.9706],[117.28009,2.9706],[117.28003,2.97062],[117.27983,2.97065],[117.27931,2.97071],[117.27927,2.9707],[117.27927,2.9707],[117.27892,2.97094],[117.27892,2.97094],[117.27893,2.97102],[117.27894,2.97104],[117.27906,2.97118],[117.27943,2.97152],[117.27964,2.97171],[117.28019,2.97206],[117.28065,2.9727],[117.28068,2.97275],[117.2807,2.97277],[117.28101,2.97318],[117.28119,2.97343],[117.28158,2.97396],[117.28179,2.97425],[117.2832,2.97569],[117.28366,2.97652],[117.28434,2.97775],[117.28448,2.97855],[117.28465,2.97953],[117.28474,2.98005],[117.28475,2.98005],[117.28693,2.9798],[117.29365,2.97902],[117.30111,2.97815],[117.30111,2.97815],[117.30124,2.97813],[117.30313,2.97897],[117.30313,2.97897],[117.31051,2.98217],[117.30905,2.98493],[117.31486,3.00906],[117.31493,3.00921],[117.31473,3.00928],[117.31473,3.00928],[117.31304,3.0106],[117.31022,3.01154],[117.30909,3.0121],[117.30721,3.01436],[117.3074,3.0153],[117.30834,3.01699],[117.30759,3.01812],[117.30608,3.01756],[117.30477,3.01643],[117.30345,3.01624],[117.30232,3.01775],[117.30007,3.01869],[117.29964,3.01972],[117.2988,3.02176],[117.29808,3.02164],[117.2976,3.02212],[117.29856,3.02297],[117.29784,3.02357],[117.29724,3.02465],[117.29772,3.02802],[117.29676,3.03019],[117.29796,3.03356],[117.29736,3.0344],[117.29447,3.03428],[117.29363,3.0344],[117.2929,3.03596],[117.29351,3.03837],[117.29363,3.03933],[117.29531,3.03933],[117.29627,3.03981],[117.29579,3.04126],[117.29519,3.04174],[117.29351,3.04246],[117.29339,3.0433],[117.29423,3.04415],[117.29462,3.04556],[117.29483,3.04631],[117.2966,3.04642],[117.29761,3.0434],[117.29814,3.0409],[117.29866,3.0388],[117.29998,3.03749],[117.30143,3.03736],[117.30221,3.03762],[117.30366,3.03775],[117.30563,3.03788],[117.30603,3.03552],[117.30734,3.03289],[117.30853,3.03106],[117.30971,3.02987],[117.31181,3.02935],[117.31812,3.02935],[117.31852,3.02935],[117.32443,3.02843],[117.32575,3.02685],[117.32693,3.02449],[117.32719,3.02331],[117.32825,3.02075],[117.33061,3.02101],[117.33127,3.02127],[117.33193,3.02206],[117.3339,3.02311],[117.33627,3.02429],[117.33745,3.02626],[117.33837,3.0281],[117.33955,3.02981],[117.34034,3.03073],[117.341,3.03125],[117.34245,3.03125],[117.34376,3.03125],[117.34547,3.03138],[117.34626,3.03191],[117.34665,3.03243],[117.34823,3.03532],[117.34862,3.0369],[117.34836,3.03874],[117.3481,3.03952],[117.34718,3.0411],[117.34639,3.04189],[117.34573,3.04294],[117.34521,3.04359],[117.34415,3.04517],[117.3435,3.04701],[117.3431,3.04845],[117.34284,3.05042],[117.34284,3.05134],[117.34205,3.05344],[117.341,3.05528],[117.34258,3.05981],[117.34376,3.06165],[117.34455,3.0623],[117.34468,3.06322],[117.34468,3.06453],[117.34442,3.06545],[117.34376,3.0665],[117.34258,3.06755],[117.34152,3.06782],[117.33722,3.06906],[117.33709,3.06906],[117.33604,3.07051],[117.33538,3.07208],[117.33512,3.07445],[117.33472,3.07602],[117.3342,3.07681],[117.33209,3.0776],[117.33091,3.07773],[117.32815,3.07799],[117.32289,3.07878],[117.32197,3.08022],[117.3221,3.0814],[117.32249,3.08232],[117.32341,3.08377],[117.32433,3.08455],[117.32631,3.08613],[117.3271,3.08731],[117.32723,3.0877],[117.32815,3.08849],[117.32933,3.08994],[117.32986,3.09086],[117.33012,3.09099],[117.33209,3.09243],[117.33406,3.09335],[117.33433,3.09348],[117.33656,3.09388],[117.33696,3.09663],[117.33617,3.0986],[117.33577,3.09978],[117.33525,3.10136],[117.33446,3.1028],[117.33433,3.10306],[117.33288,3.10398],[117.3313,3.1049],[117.32986,3.10556],[117.32933,3.10556],[117.32907,3.10582],[117.32657,3.10635],[117.32565,3.10687],[117.32394,3.10727],[117.32289,3.10766],[117.32052,3.10858],[117.31947,3.11094],[117.31894,3.11265],[117.31894,3.11449],[117.31908,3.11606],[117.31921,3.11764],[117.31921,3.11908],[117.3195,3.11897],[117.31944,3.11902],[117.31917,3.11941],[117.31865,3.11993],[117.31825,3.12125],[117.31825,3.12256],[117.31825,3.12414],[117.31852,3.12584],[117.31865,3.12755],[117.31852,3.12991],[117.31825,3.13109],[117.31747,3.13241],[117.31628,3.13332],[117.31457,3.13385],[117.31365,3.13398],[117.31168,3.13398],[117.31115,3.13385],[117.30905,3.13293],[117.30537,3.13254],[117.30235,3.13188],[117.30116,3.13109],[117.29788,3.12886],[117.29643,3.12729],[117.29472,3.12597],[117.29367,3.12558],[117.2917,3.12453],[117.29038,3.12269],[117.28959,3.12203],[117.28854,3.12125],[117.28683,3.12072],[117.28578,3.12007],[117.28512,3.11954],[117.28381,3.11954],[117.28263,3.12059],[117.28092,3.12348],[117.28013,3.1244],[117.27934,3.12479],[117.27538,3.12492],[117.2751,3.12459],[117.27497,3.12381],[117.27497,3.12341],[117.2751,3.12263],[117.27536,3.12197],[117.27589,3.12105],[117.27602,3.12],[117.27589,3.11947],[117.27576,3.11816],[117.27523,3.11751],[117.2747,3.11711],[117.27418,3.11672],[117.27388,3.11642],[117.27405,3.11573],[117.27405,3.11455],[117.27352,3.11298],[117.27247,3.11153],[117.27168,3.11061],[117.2705,3.10969],[117.26918,3.10891],[117.26787,3.10759],[117.26747,3.10694],[117.26511,3.10471],[117.26511,3.10405],[117.26208,3.10057],[117.26143,3.09847],[117.2609,3.09676],[117.26116,3.09427],[117.26182,3.09164],[117.26182,3.09046],[117.26169,3.08876],[117.26161,3.08856],[117.26161,3.08856],[117.26041,3.0882],[117.25909,3.0882],[117.2586,3.0882],[117.258,3.08904],[117.25716,3.0894],[117.25656,3.09036],[117.2556,3.08988],[117.25463,3.09],[117.25427,3.09036],[117.25463,3.09157],[117.25343,3.09169],[117.25186,3.09217],[117.25163,3.09303],[117.2515,3.09349],[117.25174,3.09397],[117.25199,3.09457],[117.25271,3.09518],[117.25415,3.09506],[117.25475,3.09542],[117.25475,3.09626],[117.25427,3.09698],[117.25295,3.09843],[117.25247,3.09999],[117.25247,3.10167],[117.25138,3.10288],[117.25042,3.10468],[117.2503,3.10613],[117.2509,3.10841],[117.25078,3.10926],[117.24717,3.11395],[117.24654,3.11483],[117.24597,3.11564],[117.24603,3.11588],[117.24639,3.11732],[117.24735,3.1184],[117.25192,3.1225],[117.25289,3.12298],[117.25314,3.12311],[117.25287,3.12279],[117.25284,3.12275],[117.25254,3.12238],[117.25246,3.12221],[117.25243,3.12215],[117.25243,3.12215],[117.25259,3.12209],[117.25259,3.12209],[117.2526,3.12209],[117.25318,3.12213],[117.25343,3.12215],[117.25445,3.12263],[117.25518,3.12308],[117.25531,3.11015],[117.2703,3.11081],[117.27056,3.1263],[117.263,3.12642],[117.26308,3.12652],[117.26344,3.12699],[117.26394,3.12734],[117.26421,3.12753],[117.26459,3.12775],[117.26517,3.12807],[117.26689,3.12903],[117.26736,3.12924],[117.26743,3.12926],[117.268,3.12955],[117.26802,3.12956],[117.2685,3.12998],[117.26963,3.1319],[117.27046,3.13375],[117.27058,3.13483],[117.27062,3.13549],[117.27064,3.13597],[117.27064,3.13597],[117.27029,3.13723],[117.26993,3.13848],[117.26933,3.14092],[117.26927,3.14114],[117.26927,3.14114],[117.26927,3.1433],[117.26939,3.14557],[117.26947,3.14664],[117.26952,3.14725],[117.26955,3.14799],[117.26958,3.14856],[117.26958,3.14856],[117.26939,3.15179],[117.26939,3.15179],[117.26964,3.15383],[117.27013,3.15504],[117.27053,3.15602],[117.27154,3.15709],[117.27279,3.15775],[117.27446,3.15787],[117.27537,3.15788],[117.27773,3.15792],[117.27899,3.15784],[117.28035,3.15775],[117.28193,3.15745],[117.28351,3.15714],[117.28553,3.15673],[117.28577,3.15666],[117.28642,3.15649],[117.28815,3.15601],[117.28833,3.15575],[117.28839,3.15565],[117.28839,3.15451],[117.28839,3.15451],[117.28815,3.15346],[117.28809,3.1532],[117.28785,3.1523],[117.28737,3.15019],[117.28719,3.14942],[117.28672,3.14865],[117.28659,3.14832],[117.28642,3.14793],[117.28636,3.14734],[117.28631,3.14692],[117.28624,3.14643],[117.28529,3.14126],[117.28529,3.14042],[117.28523,3.14004],[117.28517,3.1397],[117.28487,3.13931],[117.28469,3.13908],[117.28431,3.13905],[117.28386,3.13901],[117.28354,3.13905],[117.28326,3.13908],[117.2825,3.13918],[117.28237,3.13919],[117.28178,3.13931],[117.28112,3.13931],[117.28047,3.13893],[117.2804,3.1389],[117.28039,3.13878],[117.28035,3.13842],[117.28035,3.13842],[117.28038,3.1383],[117.28046,3.138],[117.28112,3.1377],[117.28148,3.1377],[117.28231,3.13752],[117.28271,3.13749],[117.28326,3.13746],[117.2841,3.13764],[117.28553,3.13757],[117.28572,3.13748],[117.28588,3.1374],[117.28656,3.13694],[117.28696,3.13668],[117.28796,3.13602],[117.28892,3.13542],[117.28963,3.13494],[117.29009,3.13459],[117.29047,3.13429],[117.29096,3.13423],[117.291,3.13423],[117.2916,3.13416],[117.29189,3.13434],[117.29189,3.13434],[117.29189,3.13494],[117.29138,3.13541],[117.2913,3.13548],[117.29121,3.13551],[117.29065,3.13572],[117.28945,3.13638],[117.28878,3.13685],[117.28851,3.13704],[117.28732,3.13788],[117.28719,3.13812],[117.28707,3.13835],[117.28707,3.13835],[117.2873,3.13958],[117.28732,3.13967],[117.28797,3.14278],[117.28815,3.14422],[117.28833,3.14548],[117.28847,3.14608],[117.28863,3.14673],[117.2891,3.14876],[117.28986,3.15209],[117.29012,3.1532],[117.29035,3.15457],[117.29083,3.15595],[117.29179,3.15675],[117.29259,3.15726],[117.29321,3.15766],[117.2942,3.15784],[117.29446,3.15789],[117.29475,3.15791],[117.29559,3.15795],[117.29684,3.15807],[117.29899,3.15813],[117.30046,3.15836],[117.30131,3.15849],[117.30262,3.15867],[117.30345,3.15867],[117.30469,3.15914],[117.30752,3.15887],[117.31007,3.15864],[117.31112,3.15869],[117.31217,3.15823],[117.31331,3.15787],[117.31399,3.15778],[117.31417,3.15783],[117.31585,3.15815],[117.31709,3.15839],[117.31732,3.15845],[117.31762,3.15852],[117.31763,3.15852],[117.31854,3.15878],[117.31986,3.1587],[117.32,3.15869],[117.32073,3.15846],[117.32128,3.15864],[117.3205,3.15973],[117.32032,3.16087],[117.3208,3.16192],[117.32246,3.16288],[117.32383,3.16361],[117.32565,3.1652],[117.32604,3.166],[117.32729,3.16437],[117.32913,3.16148],[117.33045,3.15833],[117.33229,3.15597],[117.33281,3.15413],[117.33334,3.15072],[117.33387,3.14783],[117.33413,3.14626],[117.33413,3.14258],[117.33387,3.13995],[117.33387,3.13917],[117.3336,3.13707],[117.33308,3.1347],[117.33308,3.13181],[117.33308,3.12945],[117.33334,3.12788],[117.33387,3.12709],[117.33413,3.12394],[117.33518,3.12263],[117.33676,3.12158],[117.33755,3.12105],[117.34018,3.11921],[117.34175,3.11842],[117.34386,3.11816],[117.3457,3.11764],[117.34701,3.11606],[117.34807,3.11449],[117.34859,3.11344],[117.34991,3.11081],[117.35043,3.10976],[117.35148,3.10845],[117.35332,3.10661],[117.35438,3.10556],[117.35569,3.10451],[117.35753,3.10346],[117.35905,3.10245],[117.35905,3.10096],[117.35996,3.09814],[117.3605,3.09532],[117.36175,3.09236],[117.36246,3.09032],[117.36264,3.08942],[117.36327,3.08825],[117.36416,3.08744],[117.36448,3.08727],[117.36606,3.08516],[117.3693,3.08256],[117.37203,3.08183],[117.37399,3.0816],[117.37595,3.08233],[117.3775,3.08311],[117.37868,3.08315],[117.38114,3.08215],[117.3826,3.08147],[117.3828,3.08134],[117.38279,3.08116],[117.38365,3.08019],[117.38433,3.07891],[117.38451,3.07773],[117.38429,3.07727],[117.38333,3.07696],[117.38224,3.07673],[117.38032,3.07723],[117.37786,3.07814],[117.37476,3.07828],[117.37271,3.07796],[117.36834,3.07664],[117.36734,3.07513],[117.36615,3.07249],[117.36603,3.07248],[117.36597,3.07071],[117.36497,3.06752],[117.36342,3.06406],[117.36123,3.06424],[117.35877,3.06561],[117.35795,3.06725],[117.35595,3.07144],[117.35449,3.07354],[117.35276,3.07509],[117.34939,3.07454],[117.34711,3.07263],[117.34642,3.06847],[117.34724,3.06722],[117.34885,3.0647],[117.34966,3.06263],[117.35011,3.06029],[117.35011,3.05874],[117.35066,3.05732],[117.3513,3.05349],[117.35221,3.04948],[117.35232,3.04843],[117.35245,3.04826],[117.35299,3.04661],[117.35385,3.04511],[117.35536,3.04383],[117.35659,3.04329],[117.36201,3.04352],[117.36492,3.04388],[117.37071,3.04361],[117.37413,3.04274],[117.37545,3.0421],[117.37654,3.04037],[117.37709,3.03923],[117.37741,3.03817],[117.37731,3.03774],[117.37711,3.03695],[117.37675,3.03524],[117.3763,3.0339],[117.37607,3.03352],[117.37568,3.0329],[117.37493,3.03242],[117.37469,3.03228],[117.3738,3.03228],[117.3735,3.03248],[117.37273,3.03299],[117.37235,3.03358],[117.37193,3.03426],[117.37149,3.03499],[117.37103,3.03578],[117.37047,3.03648],[117.36996,3.03714],[117.36951,3.03794],[117.36861,3.0383],[117.36816,3.0383],[117.36796,3.03851],[117.36763,3.03884],[117.36686,3.03943],[117.3662,3.03992],[117.36584,3.03983],[117.36585,3.03983],[117.36614,3.03941],[117.36629,3.0392],[117.36642,3.03907],[117.36683,3.03867],[117.367,3.03858],[117.367,3.03812],[117.36678,3.03797],[117.36647,3.03776],[117.36636,3.03763],[117.36593,3.03714],[117.36579,3.03649],[117.36575,3.03632],[117.36575,3.03561],[117.36546,3.03502],[117.36539,3.03489],[117.36531,3.03475],[117.36494,3.03417],[117.36466,3.03358],[117.3645,3.03327],[117.36443,3.03299],[117.36432,3.03255],[117.36432,3.03255],[117.36432,3.03165],[117.36432,3.03165],[117.3644,3.03141],[117.36449,3.03111],[117.36487,3.03062],[117.36504,3.03039],[117.36575,3.03012],[117.36674,3.0303],[117.36721,3.0306],[117.36745,3.03075],[117.36843,3.03129],[117.36882,3.03151],[117.36906,3.03165],[117.36996,3.03174],[117.3703,3.03149],[117.37085,3.03111],[117.37123,3.03059],[117.37165,3.03002],[117.37219,3.0297],[117.37254,3.02949],[117.37326,3.02922],[117.37385,3.02914],[117.37621,3.02881],[117.37737,3.02854],[117.37771,3.02835],[117.378,3.02819],[117.37818,3.02791],[117.37825,3.02764],[117.37827,3.02755],[117.37827,3.02755],[117.37827,3.02755],[117.37809,3.0271],[117.37792,3.02697],[117.37773,3.02684],[117.37711,3.02675],[117.37595,3.02657],[117.37371,3.02657],[117.37254,3.02639],[117.37004,3.02396],[117.36926,3.02325],[117.36906,3.02306],[117.36762,3.0218],[117.36673,3.02117],[117.36596,3.02103],[117.3653,3.02091],[117.36399,3.02132],[117.36333,3.02153],[117.36173,3.02153],[117.36074,3.02117],[117.35995,3.02055],[117.35984,3.02046],[117.35948,3.01947],[117.35939,3.01888],[117.35931,3.01839],[117.35931,3.01434],[117.35931,3.01434],[117.35915,3.01367],[117.35904,3.01317],[117.35841,3.01165],[117.35831,3.01154],[117.35806,3.01128],[117.35707,3.01083],[117.35662,3.01079],[117.35617,3.01075],[117.35429,3.01075],[117.35325,3.0109],[117.35242,3.01101],[117.35126,3.01102],[117.35027,3.01038],[117.35,3.01021],[117.34976,3.01009],[117.34929,3.00985],[117.34894,3.00946],[117.34848,3.00895],[117.34776,3.00779],[117.34707,3.00591],[117.34696,3.00562],[117.34689,3.00548],[117.34651,3.00473],[117.34647,3.0041],[117.34647,3.0041],[117.34649,3.00403],[117.3465,3.00403],[117.3465,3.00403],[117.34655,3.00382],[117.3466,3.00379],[117.3467,3.00371],[117.34706,3.00368],[117.34711,3.00368],[117.34716,3.00372],[117.34717,3.00371],[117.34747,3.00396],[117.34755,3.00475],[117.34755,3.00475],[117.34855,3.00661],[117.34933,3.00805],[117.35005,3.00891],[117.35055,3.00932],[117.35084,3.00956],[117.35113,3.00967],[117.35176,3.00991],[117.35276,3.01013],[117.35376,3.01006],[117.35489,3.00986],[117.35583,3.0097],[117.3569,3.00956],[117.35783,3.0097],[117.35868,3.01021],[117.35891,3.01034],[117.35955,3.0112],[117.36012,3.01264],[117.36029,3.01368],[117.36034,3.01393],[117.36048,3.01508],[117.36048,3.01594],[117.36048,3.01594],[117.36048,3.01763],[117.36048,3.01763],[117.36041,3.01857],[117.36041,3.01857],[117.36048,3.01972],[117.36051,3.01974],[117.36098,3.02021],[117.36155,3.0205],[117.36248,3.02043],[117.36377,3.02028],[117.36426,3.02011],[117.36456,3.02],[117.3652,3.01993],[117.36626,3.01993],[117.36691,3.02015],[117.36747,3.02042],[117.36777,3.02057],[117.36891,3.0215],[117.36932,3.02195],[117.36984,3.02252],[117.37206,3.02452],[117.37269,3.02475],[117.37348,3.02502],[117.37448,3.02538],[117.37475,3.02542],[117.37556,3.02553],[117.37684,3.0256],[117.37762,3.02574],[117.37862,3.02589],[117.379,3.02639],[117.37905,3.02646],[117.37906,3.02653],[117.37913,3.02704],[117.37913,3.02775],[117.37913,3.02775],[117.37911,3.02782],[117.37898,3.02832],[117.3787,3.02883],[117.37865,3.02886],[117.3782,3.02919],[117.37782,3.0293],[117.37727,3.02947],[117.37613,3.02983],[117.37541,3.02998],[117.37505,3.03005],[117.3742,3.03005],[117.37391,3.03021],[117.37248,3.03098],[117.37227,3.03115],[117.37177,3.03156],[117.37131,3.03197],[117.37112,3.03213],[117.37072,3.03229],[117.37056,3.03235],[117.36955,3.03257],[117.3687,3.0325],[117.36802,3.03231],[117.36791,3.03228],[117.36713,3.03177],[117.36672,3.03155],[117.36649,3.03142],[117.3662,3.03142],[117.36591,3.03156],[117.36556,3.03257],[117.36556,3.03257],[117.36556,3.03257],[117.3656,3.03291],[117.36563,3.03321],[117.3658,3.03343],[117.3662,3.03393],[117.36641,3.03458],[117.36663,3.03522],[117.36677,3.03573],[117.36706,3.03623],[117.36723,3.03645],[117.36734,3.03659],[117.36763,3.03673],[117.36848,3.0363],[117.36899,3.03536],[117.36952,3.03477],[117.36963,3.03465],[117.37035,3.03386],[117.37058,3.03343],[117.3707,3.03321],[117.3712,3.03292],[117.37248,3.03177],[117.37286,3.03154],[117.37305,3.03142],[117.37363,3.03113],[117.37448,3.03098],[117.37543,3.03116],[117.37563,3.0312],[117.37634,3.03134],[117.37677,3.03182],[117.37777,3.03292],[117.37839,3.03498],[117.3787,3.03601],[117.37904,3.03821],[117.38082,3.03923],[117.38255,3.03805],[117.38556,3.03577],[117.38766,3.0344],[117.38941,3.03181],[117.38957,3.03158],[117.3893,3.02894],[117.38811,3.02721],[117.38665,3.02329],[117.38602,3.02128],[117.38602,3.01664],[117.38611,3.01272],[117.38611,3.01026],[117.38438,3.00862],[117.38406,3.0089],[117.38278,3.00816],[117.38201,3.00784],[117.37973,3.00497],[117.37873,3.00324],[117.37768,3.00065],[117.37654,2.99814],[117.37508,2.99632],[117.37426,2.99395],[117.37372,2.99203],[117.37267,2.9908],[117.37077,2.99377],[117.37019,2.99411],[117.37026,2.9938],[117.3704,2.99325],[117.37076,2.99261],[117.3709,2.9921],[117.37104,2.9911],[117.37119,2.98959],[117.37125,2.98844],[117.37154,2.98665],[117.3709,2.98477],[117.37054,2.98364],[117.37039,2.98192],[117.36857,2.97773],[117.36702,2.97427],[117.36365,2.9709],[117.361,2.96725],[117.36097,2.96722],[117.35939,2.96576],[117.35846,2.9649],[117.35754,2.96349],[117.35682,2.96249],[117.35661,2.96205],[117.35625,2.96126],[117.35567,2.9599],[117.3551,2.95861],[117.35468,2.95717],[117.35432,2.95624],[117.35332,2.9552],[117.35261,2.95452],[117.35004,2.95622],[117.34718,2.95242],[117.34717,2.95243],[117.34601,2.95088],[117.34601,2.95087],[117.34473,2.94897],[117.34473,2.94897],[117.3442,2.94807],[117.3442,2.94807],[117.34348,2.94686],[117.34346,2.94687],[117.3426,2.94544],[117.3426,2.94544],[117.3426,2.94544],[117.3426,2.94544],[117.34208,2.94562],[117.34157,2.94449],[117.34091,2.94302],[117.34012,2.94128],[117.34069,2.9389],[117.34069,2.9389],[117.34051,2.93781],[117.33989,2.93674],[117.33989,2.93673],[117.33987,2.93675],[117.33778,2.93391]],[[117.33763,2.97823],[117.33762,2.97823],[117.33784,2.98006],[117.33342,2.98036],[117.33267,2.9803],[117.33194,2.98044],[117.33165,2.98027],[117.33164,2.98024],[117.33152,2.97983],[117.33117,2.97867],[117.33125,2.97845],[117.33126,2.97844],[117.33125,2.97844],[117.3323,2.9731],[117.33421,2.97389],[117.33611,2.97537],[117.33612,2.97536],[117.33745,2.97588],[117.33745,2.97588],[117.33763,2.97823]],[[117.33111,2.98113],[117.33111,2.98114],[117.33347,2.98384],[117.33426,2.98737],[117.33242,2.98771],[117.33241,2.98773],[117.3307,2.98806],[117.3303,2.98517],[117.32874,2.98348],[117.32782,2.98146],[117.32888,2.9812],[117.32885,2.98116],[117.32979,2.97975],[117.33076,2.98068],[117.33076,2.98068],[117.33076,2.98069],[117.33111,2.98113]]]]},"properties":{"kdprov":"65","kdkab":"02","kdkec":"070","kddesa":"002","kdsls":"2005","idsls":"65020700022005","nmprov":"KALIMANTAN UTARA","nmkab":"BULUNGAN","nmkec":"TANJUNG PALAS TENGAH","nmdesa":"SALIM BATU","nmsls":"HUTAN"}},{"type":"Feature","geometry":{"type":"MultiPolygon","coordinates":[[[[117.28522,2.98522],[117.28498,2.9886],[117.28495,2.98865],[117.2832,2.99165],[117.28308,2.99185],[117.28289,2.99206],[117.28094,2.99428],[117.2808,2.99444],[117.28265,3.00349],[117.28397,3.00462],[117.28422,3.00484],[117.28494,3.00547],[117.28509,3.00559],[117.28912,3.00907],[117.29029,3.00908],[117.29029,3.00908],[117.29161,3.00909],[117.2917,3.00909],[117.29477,3.00912],[117.29813,3.00915],[117.31473,3.00928],[117.31473,3.00928],[117.31473,3.00928],[117.31493,3.00921],[117.31486,3.00906],[117.30905,2.98493],[117.31051,2.98217],[117.30313,2.97897],[117.30313,2.97897],[117.30124,2.97813],[117.30111,2.97815],[117.30111,2.97815],[117.29365,2.97902],[117.28693,2.9798],[117.28475,2.98005],[117.28484,2.98057],[117.28522,2.98522]],[[117.29681,2.99253],[117.29681,2.9925],[117.29771,2.98982],[117.2962,2.98932],[117.2962,2.98932],[117.29051,2.98737],[117.29094,2.98594],[117.29119,2.9852],[117.29452,2.98656],[117.29468,2.98663],[117.29583,2.98392],[117.29585,2.98391],[117.29606,2.98347],[117.29612,2.98333],[117.29613,2.98333],[117.2966,2.98234],[117.29663,2.98229],[117.29668,2.9822],[117.30674,2.98566],[117.30621,2.98666],[117.30612,2.98681],[117.30603,2.98698],[117.30297,2.98595],[117.30138,2.98933],[117.30141,2.98934],[117.3018,2.99413],[117.3018,2.99413],[117.3018,2.99414],[117.3023,2.99475],[117.30239,2.99647],[117.30238,2.99655],[117.3023,2.99702],[117.30147,2.99762],[117.30058,2.99795],[117.3003,2.99805],[117.29974,2.99918],[117.29951,2.99911],[117.29951,2.99911],[117.29686,2.99829],[117.29613,3.00028],[117.29431,2.99964],[117.29524,2.99671],[117.29524,2.99671],[117.29553,2.99606],[117.29554,2.99606],[117.29612,2.99434],[117.29611,2.99433],[117.29681,2.99253]]]]},"properties":{"kdprov":"65","kdkab":"02","kdkec":"070","kddesa":"003","kdsls":"2001","idsls":"65020700032001","nmprov":"KALIMANTAN UTARA","nmkab":"BULUNGAN","nmkec":"TANJUNG PALAS TENGAH","nmdesa":"SILVA RAHAYU","nmsls":"HUTAN"}},{"type":"Feature","geometry":{"type":"MultiPolygon","coordinates":[[[[117.2966,3.04642],[117.29676,3.04643],[117.29784,3.04716],[117.29808,3.04764],[117.2976,3.0486],[117.29688,3.04968],[117.29639,3.05125],[117.29507,3.05221],[117.29561,3.05317],[117.29561,3.05414],[117.29609,3.05486],[117.29573,3.05582],[117.29357,3.05727],[117.29116,3.05751],[117.2902,3.05811],[117.28984,3.05919],[117.28996,3.05991],[117.28984,3.061],[117.28827,3.06196],[117.28791,3.06232],[117.28731,3.06292],[117.28598,3.06328],[117.2849,3.06364],[117.28249,3.06425],[117.28129,3.06437],[117.27924,3.064],[117.27708,3.06437],[117.27539,3.06509],[117.27299,3.06617],[117.27238,3.06665],[117.27226,3.06786],[117.27287,3.06858],[117.27311,3.0699],[117.27106,3.07026],[117.26938,3.07002],[117.26805,3.06954],[117.26697,3.07002],[117.26661,3.07111],[117.26613,3.07171],[117.26444,3.07147],[117.26324,3.07147],[117.26312,3.07219],[117.2636,3.07315],[117.26372,3.0746],[117.26396,3.0758],[117.26408,3.07676],[117.26384,3.07736],[117.26372,3.07845],[117.26384,3.07917],[117.26384,3.08025],[117.2624,3.08158],[117.26179,3.08278],[117.26179,3.08295],[117.26179,3.08507],[117.26221,3.08783],[117.26161,3.08856],[117.26169,3.08876],[117.26182,3.09046],[117.26182,3.09164],[117.26116,3.09427],[117.2609,3.09676],[117.26143,3.09847],[117.26208,3.10057],[117.26511,3.10405],[117.26511,3.10471],[117.26747,3.10694],[117.26787,3.10759],[117.26918,3.10891],[117.2705,3.10969],[117.27168,3.11061],[117.27247,3.11153],[117.27352,3.11298],[117.27405,3.11455],[117.27405,3.11573],[117.27388,3.11642],[117.27418,3.11672],[117.2747,3.11711],[117.27523,3.11751],[117.27576,3.11816],[117.27589,3.11947],[117.27602,3.12],[117.27589,3.12105],[117.27536,3.12197],[117.2751,3.12263],[117.27497,3.12341],[117.27497,3.12381],[117.2751,3.12459],[117.27538,3.12492],[117.27934,3.12479],[117.28013,3.1244],[117.28092,3.12348],[117.28263,3.12059],[117.28381,3.11954],[117.28512,3.11954],[117.28578,3.12007],[117.28683,3.12072],[117.28854,3.12125],[117.28959,3.12203],[117.29038,3.12269],[117.2917,3.12453],[117.29367,3.12558],[117.29472,3.12597],[117.29643,3.12729],[117.29788,3.12886],[117.30116,3.13109],[117.30235,3.13188],[117.30537,3.13254],[117.30905,3.13293],[117.31115,3.13385],[117.31168,3.13398],[117.31365,3.13398],[117.31457,3.13385],[117.31628,3.13332],[117.31747,3.13241],[117.31825,3.13109],[117.31852,3.12991],[117.31865,3.12755],[117.31852,3.12584],[117.31825,3.12414],[117.31825,3.12256],[117.31825,3.12125],[117.31865,3.11993],[117.31917,3.11941],[117.31944,3.11902],[117.3195,3.11897],[117.31921,3.11908],[117.31921,3.11764],[117.31908,3.11606],[117.31894,3.11449],[117.31894,3.11265],[117.31947,3.11094],[117.32052,3.10858],[117.32289,3.10766],[117.32394,3.10727],[117.32565,3.10687],[117.32657,3.10635],[117.32907,3.10582],[117.32933,3.10556],[117.32986,3.10556],[117.3313,3.1049],[117.33288,3.10398],[117.33433,3.10306],[117.33446,3.1028],[117.33525,3.10136],[117.33577,3.09978],[117.33617,3.0986],[117.33696,3.09663],[117.33656,3.09388],[117.33433,3.09348],[117.33406,3.09335],[117.33209,3.09243],[117.33012,3.09099],[117.32986,3.09086],[117.32933,3.08994],[117.32815,3.08849],[117.32723,3.0877],[117.3271,3.08731],[117.32631,3.08613],[117.32433,3.08455],[117.32341,3.08377],[117.32249,3.08232],[117.3221,3.0814],[117.32197,3.08022],[117.32289,3.07878],[117.32815,3.07799],[117.33091,3.07773],[117.33209,3.0776],[117.3342,3.07681],[117.33472,3.07602],[117.33512,3.07445],[117.33538,3.07208],[117.33604,3.07051],[117.33709,3.06906],[117.33722,3.06906],[117.34152,3.06782],[117.34258,3.06755],[117.34376,3.0665],[117.34442,3.06545],[117.34468,3.06453],[117.34468,3.06322],[117.34455,3.0623],[117.34376,3.06165],[117.34258,3.05981],[117.341,3.05528],[117.34205,3.05344],[117.34284,3.05134],[117.34284,3.05042],[117.3431,3.04845],[117.3435,3.04701],[117.34415,3.04517],[117.34521,3.04359],[117.34573,3.04294],[117.34639,3.04189],[117.34718,3.0411],[117.3481,3.03952],[117.34836,3.03874],[117.34862,3.0369],[117.34823,3.03532],[117.34665,3.03243],[117.34626,3.03191],[117.34547,3.03138],[117.34376,3.03125],[117.34245,3.03125],[117.341,3.03125],[117.34034,3.03073],[117.33955,3.02981],[117.33837,3.0281],[117.33745,3.02626],[117.33627,3.02429],[117.3339,3.02311],[117.33193,3.02206],[117.33127,3.02127],[117.33061,3.02101],[117.32825,3.02075],[117.32719,3.02331],[117.32693,3.02449],[117.32575,3.02685],[117.32443,3.02843],[117.31852,3.02935],[117.31812,3.02935],[117.31181,3.02935],[117.30971,3.02987],[117.30853,3.03106],[117.30734,3.03289],[117.30603,3.03552],[117.30563,3.03788],[117.30366,3.03775],[117.30221,3.03762],[117.30143,3.03736],[117.29998,3.03749],[117.29866,3.0388],[117.29814,3.0409],[117.29761,3.0434],[117.2966,3.04642]]]]},"properties":{"kdprov":"65","kdkab":"02","kdkec":"070","kddesa":"002","kdsls":"1003","idsls":"65020700021003","nmprov":"KALIMANTAN UTARA","nmkab":"BULUNGAN","nmkec":"TANJUNG PALAS TENGAH","nmdesa":"SALIM BATU","nmsls":"KEBUN SAWIT"}},{"type":"Feature","geometry":{"type":"MultiPolygon","coordinates":[[[[117.31211,2.91391],[117.31206,2.91393],[117.31139,2.91296],[117.3095,2.91241],[117.30767,2.91265],[117.30572,2.91308],[117.30413,2.91357],[117.302,2.91466],[117.30072,2.91607],[117.30023,2.91771],[117.30041,2.9193],[117.30084,2.92107],[117.30078,2.92302],[117.30035,2.92424],[117.29914,2.92592],[117.29768,2.92665],[117.29548,2.92631],[117.29397,2.92563],[117.29316,2.92541],[117.29314,2.92986],[117.29312,2.94147],[117.29312,2.94279],[117.29312,2.94816],[117.29311,2.95183],[117.29494,2.95121],[117.29618,2.9508],[117.29682,2.95058],[117.29896,2.95029],[117.29951,2.95041],[117.29983,2.95048],[117.30167,2.95087],[117.30349,2.95162],[117.3041,2.95187],[117.30431,2.95197],[117.30753,2.95338],[117.31039,2.95446],[117.31153,2.9546],[117.31202,2.95466],[117.31268,2.95474],[117.31322,2.95454],[117.31346,2.95446],[117.31383,2.95419],[117.31425,2.95388],[117.31467,2.9534],[117.31489,2.95316],[117.31532,2.95237],[117.31555,2.9519],[117.31582,2.95136],[117.316,2.95095],[117.31603,2.95086],[117.3167,2.94961],[117.31803,2.94709],[117.3186,2.94587],[117.31891,2.94543],[117.3191,2.94515],[117.3191,2.94515],[117.3191,2.94429],[117.31903,2.94384],[117.31895,2.94335],[117.31874,2.94235],[117.31873,2.94211],[117.31871,2.94183],[117.31869,2.94148],[117.31867,2.94113],[117.3184,2.93963],[117.31817,2.93841],[117.31805,2.93717],[117.31802,2.93689],[117.31795,2.93639],[117.31789,2.93589],[117.31786,2.93534],[117.31781,2.93452],[117.31767,2.93352],[117.31753,2.93252],[117.31724,2.93144],[117.31659,2.92825],[117.31392,2.9271],[117.31107,2.9248],[117.31035,2.92349],[117.31028,2.92126],[117.31055,2.91968],[117.31186,2.91634],[117.31212,2.91417],[117.31211,2.91391]]]]},"properties":{"kdprov":"65","kdkab":"02","kdkec":"070","kddesa":"002","kdsls":"1001","idsls":"65020700021001","nmprov":"KALIMANTAN UTARA","nmkab":"BULUNGAN","nmkec":"TANJUNG PALAS TENGAH","nmdesa":"SALIM BATU","nmsls":"LADANG"}},{"type":"Feature","geometry":{"type":"MultiPolygon","coordinates":[[[[117.3323,2.9731],[117.33125,2.97844],[117.33126,2.97844],[117.33125,2.97845],[117.33117,2.97867],[117.33152,2.97983],[117.33164,2.98024],[117.33165,2.98027],[117.33194,2.98044],[117.33267,2.9803],[117.33342,2.98036],[117.33784,2.98006],[117.33762,2.97823],[117.33763,2.97823],[117.33745,2.97588],[117.33745,2.97588],[117.33612,2.97536],[117.33611,2.97537],[117.33421,2.97389],[117.3323,2.9731]]]]},"properties":{"kdprov":"65","kdkab":"02","kdkec":"070","kddesa":"002","kdsls":"0020","idsls":"65020700020020","nmprov":"KALIMANTAN UTARA","nmkab":"BULUNGAN","nmkec":"TANJUNG PALAS TENGAH","nmdesa":"SALIM BATU","nmsls":"RT 021"}},{"type":"Feature","geometry":{"type":"MultiPolygon","coordinates":[[[[117.46742,2.88458],[117.46666,2.86678],[117.46014,2.86694],[117.46016,2.86514],[117.45489,2.86519],[117.4549,2.86968],[117.44716,2.86964],[117.44713,2.86874],[117.44643,2.86901],[117.44623,2.86907],[117.44593,2.86917],[117.44579,2.86922],[117.44556,2.8693],[117.44537,2.86936],[117.44502,2.86933],[117.44344,2.86922],[117.44222,2.86944],[117.44036,2.86951],[117.43972,2.86973],[117.43951,2.87009],[117.43944,2.87059],[117.43936,2.87095],[117.43893,2.87145],[117.43844,2.87173],[117.43765,2.8721],[117.437,2.87245],[117.43672,2.87281],[117.43565,2.87469],[117.43565,2.87562],[117.43572,2.87604],[117.43601,2.87662],[117.43615,2.87698],[117.43615,2.87726],[117.43608,2.87763],[117.43594,2.87806],[117.43544,2.87863],[117.43515,2.87921],[117.43529,2.88014],[117.43565,2.88129],[117.43594,2.88215],[117.43708,2.88341],[117.4378,2.88377],[117.43837,2.88434],[117.43894,2.88484],[117.44044,2.88563],[117.44201,2.88707],[117.44223,2.88749],[117.4423,2.88785],[117.44266,2.88836],[117.44323,2.88879],[117.44366,2.88893],[117.44459,2.88893],[117.44502,2.88929],[117.4463,2.89044],[117.44816,2.89108],[117.45044,2.89173],[117.45237,2.89223],[117.45444,2.8923],[117.45544,2.8923],[117.45637,2.89216],[117.4573,2.89166],[117.4578,2.8913],[117.45787,2.89086],[117.45823,2.89029],[117.45901,2.88971],[117.45994,2.88892],[117.46151,2.8877],[117.46272,2.88684],[117.46365,2.8862],[117.46551,2.88573],[117.46637,2.88551],[117.46737,2.88465],[117.46742,2.88458]]]]},"properties":{"kdprov":"65","kdkab":"02","kdkec":"070","kddesa":"001","kdsls":"0038","idsls":"65020700010038","nmprov":"KALIMANTAN UTARA","nmkab":"BULUNGAN","nmkec":"TANJUNG PALAS TENGAH","nmdesa":"TANJUNG BUKA","nmsls":"RT 048 RW 004"}},{"type":"Feature","geometry":{"type":"MultiPolygon","coordinates":[[[[117.71173,2.82883],[117.71906,2.82578],[117.72271,2.82432],[117.72567,2.82232],[117.72877,2.8215],[117.73164,2.82078],[117.73174,2.82054],[117.73175,2.82051],[117.73314,2.81981],[117.7361,2.81708],[117.73856,2.81444],[117.7392,2.81134],[117.7387,2.80956],[117.73706,2.80665],[117.73547,2.80405],[117.73346,2.80255],[117.73325,2.80842],[117.73312,2.80832],[117.73267,2.80808],[117.7322,2.80787],[117.73171,2.8077],[117.73138,2.80765],[117.73076,2.80748],[117.73015,2.80729],[117.72967,2.80717],[117.72917,2.80712],[117.72854,2.80712],[117.72808,2.80714],[117.7276,2.80719],[117.72714,2.80723],[117.72674,2.80729],[117.72637,2.80734],[117.7257,2.80743],[117.72529,2.80745],[117.72483,2.8073],[117.7239,2.80765],[117.7231,2.80765],[117.72236,2.80765],[117.72177,2.80755],[117.72111,2.80737],[117.72016,2.80734],[117.71971,2.80734],[117.71863,2.80751],[117.71835,2.80757],[117.71807,2.80765],[117.71772,2.8077],[117.71729,2.8077],[117.71702,2.80761],[117.71537,2.80774],[117.71446,2.80747],[117.71125,2.80779],[117.70911,2.80772],[117.70788,2.80767],[117.70585,2.80722],[117.705,2.80684],[117.70388,2.80677],[117.70288,2.80655],[117.70253,2.80644],[117.7015,2.806],[117.70081,2.80579],[117.70039,2.80567],[117.69903,2.80497],[117.69835,2.80449],[117.69792,2.80413],[117.69729,2.80355],[117.69712,2.80341],[117.69677,2.80314],[117.69571,2.80254],[117.695,2.80214],[117.69278,2.80179],[117.69168,2.8007],[117.68649,2.80043],[117.68084,2.79842],[117.67118,2.79906],[117.66854,2.79888],[117.66462,2.79988],[117.657,2.80038],[117.655,2.80136],[117.6495,2.8071],[117.64459,2.81346],[117.6479,2.81653],[117.65091,2.82118],[117.65401,2.82551],[117.65597,2.82838],[117.65806,2.83043],[117.66148,2.83257],[117.66485,2.83371],[117.66708,2.83489],[117.66886,2.83644],[117.67086,2.8384],[117.67219,2.84009],[117.67378,2.84182],[117.67601,2.84287],[117.67843,2.84346],[117.68193,2.84378],[117.68499,2.84469],[117.68773,2.84565],[117.68982,2.84587],[117.69141,2.84555],[117.69624,2.84118],[117.69852,2.83913],[117.69887,2.83866],[117.69963,2.83764],[117.69973,2.83764],[117.70011,2.83717],[117.70171,2.83621],[117.70216,2.83498],[117.70184,2.83325],[117.70089,2.8317],[117.70248,2.83216],[117.70353,2.83143],[117.70626,2.83029],[117.70763,2.83011],[117.71173,2.82883]]]]},"properties":{"kdprov":"65","kdkab":"02","kdkec":"070","kddesa":"001","kdsls":"0049","idsls":"65020700010049","nmprov":"KALIMANTAN UTARA","nmkab":"BULUNGAN","nmkec":"TANJUNG PALAS TENGAH","nmdesa":"TANJUNG BUKA","nmsls":"RT 003 RW 005"}},{"type":"Feature","geometry":{"type":"MultiPolygon","coordinates":[[[[117.49152,2.85814],[117.49152,2.86012],[117.49274,2.86011],[117.49247,2.86673],[117.49924,2.86687],[117.50295,2.86695],[117.52112,2.86732],[117.521,2.86661],[117.52008,2.86344],[117.51928,2.86065],[117.51904,2.85923],[117.51893,2.85854],[117.51882,2.85853],[117.51852,2.85866],[117.51831,2.85876],[117.51727,2.85907],[117.51656,2.85892],[117.51537,2.85856],[117.51475,2.85793],[117.51428,2.85679],[117.51423,2.8557],[117.51433,2.85451],[117.51479,2.85274],[117.51511,2.85081],[117.51479,2.84812],[117.51448,2.84651],[117.51381,2.8449],[117.51288,2.84391],[117.5106,2.84266],[117.50973,2.84246],[117.50818,2.84251],[117.50792,2.84282],[117.50771,2.84344],[117.50781,2.84412],[117.50823,2.8449],[117.51019,2.8476],[117.51159,2.84958],[117.512,2.8504],[117.512,2.85139],[117.51174,2.85263],[117.51133,2.85378],[117.51019,2.85482],[117.50767,2.85644],[117.50581,2.85701],[117.50458,2.85699],[117.50312,2.85812],[117.50311,2.85812],[117.49925,2.85803],[117.49152,2.85814]]]]},"properties":{"kdprov":"65","kdkab":"02","kdkec":"070","kddesa":"001","kdsls":"0023","idsls":"65020700010023","nmprov":"KALIMANTAN UTARA","nmkab":"BULUNGAN","nmkec":"TANJUNG PALAS TENGAH","nmdesa":"TANJUNG BUKA","nmsls":"RT 032 RW 004"}},{"type":"Feature","geometry":{"type":"MultiPolygon","coordinates":[[[[117.49245,2.8678],[117.48863,2.86776],[117.48871,2.8781],[117.49237,2.87813],[117.49239,2.8752],[117.49241,2.87318],[117.49427,2.8732],[117.4943,2.86784],[117.49245,2.8678]]]]},"properties":{"kdprov":"65","kdkab":"02","kdkec":"070","kddesa":"001","kdsls":"0024","idsls":"65020700010024","nmprov":"KALIMANTAN UTARA","nmkab":"BULUNGAN","nmkec":"TANJUNG PALAS TENGAH","nmdesa":"TANJUNG BUKA","nmsls":"RT 033 RW 004"}},{"type":"Feature","geometry":{"type":"MultiPolygon","coordinates":[[[[117.43941,2.9293],[117.44003,2.92723],[117.43935,2.9231],[117.43925,2.92255],[117.4396,2.92133],[117.44085,2.9196],[117.44246,2.91846],[117.43985,2.91636],[117.43682,2.91445],[117.43553,2.91366],[117.43457,2.91309],[117.4327,2.9158],[117.4314,2.91768],[117.42783,2.91707],[117.42784,2.91709],[117.42791,2.91817],[117.42777,2.91917],[117.42763,2.92018],[117.4272,2.92068],[117.4262,2.92118],[117.42595,2.92132],[117.43894,2.9297],[117.43941,2.9293]]]]},"properties":{"kdprov":"65","kdkab":"02","kdkec":"070","kddesa":"001","kdsls":"0041","idsls":"65020700010041","nmprov":"KALIMANTAN UTARA","nmkab":"BULUNGAN","nmkec":"TANJUNG PALAS TENGAH","nmdesa":"TANJUNG BUKA","nmsls":"RT 022"}},{"type":"Feature","geometry":{"type":"MultiPolygon","coordinates":[[[[117.51739,2.91001],[117.52183,2.91074],[117.52482,2.91094],[117.52604,2.9113],[117.52718,2.91174],[117.52954,2.91145],[117.52955,2.91145],[117.5308,2.91127],[117.53237,2.91107],[117.53439,2.91079],[117.5384,2.91008],[117.54104,2.90936],[117.54346,2.90871],[117.54354,2.90828],[117.54309,2.90818],[117.54111,2.90778],[117.53804,2.90721],[117.53717,2.90682],[117.53597,2.90627],[117.53425,2.90534],[117.53233,2.90462],[117.5311,2.90434],[117.53059,2.9043],[117.53011,2.90426],[117.52832,2.90448],[117.52589,2.9047],[117.52383,2.90492],[117.52197,2.90513],[117.52102,2.90544],[117.51997,2.90578],[117.51875,2.90635],[117.51811,2.90729],[117.51747,2.90879],[117.51726,2.90944],[117.51719,2.90992],[117.51739,2.91001]]],[[[117.45643,2.90676],[117.45547,2.90639],[117.45468,2.90639],[117.45399,2.90676],[117.45339,2.90722],[117.45293,2.90722],[117.45224,2.90731],[117.45095,2.90731],[117.45099,2.90775],[117.45096,2.90782],[117.45027,2.90955],[117.44963,2.91085],[117.44877,2.91222],[117.44833,2.91308],[117.4482,2.91384],[117.44812,2.91431],[117.44834,2.91539],[117.44927,2.91633],[117.45221,2.9182],[117.45372,2.91915],[117.45344,2.91803],[117.45293,2.91684],[117.45219,2.91518],[117.45242,2.91417],[117.45348,2.91352],[117.45487,2.91283],[117.45607,2.91233],[117.45617,2.91227],[117.45642,2.91215],[117.4569,2.91191],[117.4575,2.9109],[117.45842,2.91044],[117.45892,2.91016],[117.45879,2.90883],[117.45823,2.90804],[117.45745,2.90712],[117.45643,2.90676]]],[[[117.49641,2.91965],[117.49548,2.92],[117.49433,2.92065],[117.49269,2.92173],[117.49188,2.92249],[117.49069,2.9236],[117.48927,2.92525],[117.48976,2.9254],[117.49062,2.92525],[117.49169,2.92511],[117.49262,2.9246],[117.4932,2.92427],[117.49362,2.92403],[117.49512,2.92245],[117.49633,2.92029],[117.49662,2.91965],[117.49641,2.91965]]],[[[117.47522,2.91666],[117.47518,2.91685],[117.47492,2.91711],[117.47462,2.91738],[117.47434,2.91752],[117.47417,2.91748],[117.47383,2.91738],[117.47345,2.91744],[117.47339,2.91756],[117.47326,2.91813],[117.47316,2.91898],[117.47294,2.91977],[117.47282,2.91994],[117.47284,2.92054],[117.47314,2.9213],[117.47344,2.92172],[117.47471,2.92284],[117.47496,2.92317],[117.47461,2.9238],[117.47413,2.92431],[117.47318,2.92523],[117.47308,2.92553],[117.47279,2.92639],[117.47275,2.92802],[117.47176,2.93006],[117.47063,2.93142],[117.46963,2.93262],[117.46947,2.93343],[117.46993,2.93396],[117.47166,2.93554],[117.47308,2.93532],[117.47406,2.93473],[117.47452,2.93445],[117.47574,2.93329],[117.47753,2.93127],[117.4791,2.92911],[117.48039,2.92673],[117.48226,2.92486],[117.48448,2.92313],[117.48756,2.92133],[117.49115,2.91944],[117.49308,2.9188],[117.49356,2.91862],[117.49308,2.91707],[117.49322,2.91461],[117.49322,2.9146],[117.49323,2.91455],[117.48344,2.91463],[117.4788,2.91467],[117.47347,2.91472],[117.47379,2.91581],[117.47406,2.9163],[117.47445,2.91618],[117.47503,2.91621],[117.47519,2.91637],[117.47522,2.91666]]],[[[117.52034,2.91594],[117.51884,2.91586],[117.51726,2.91535],[117.51575,2.91506],[117.5155,2.91502],[117.51485,2.91502],[117.51159,2.91502],[117.50951,2.91519],[117.507,2.91561],[117.50517,2.9162],[117.50309,2.91679],[117.50084,2.91762],[117.49976,2.91829],[117.49851,2.91964],[117.49751,2.92055],[117.49629,2.92185],[117.49584,2.92232],[117.49549,2.9228],[117.49443,2.92425],[117.49377,2.92517],[117.49277,2.92592],[117.4911,2.92651],[117.48952,2.92693],[117.48743,2.92743],[117.48585,2.92777],[117.48385,2.92836],[117.4825,2.92896],[117.48235,2.92903],[117.48093,2.92978],[117.48002,2.93096],[117.47894,2.93221],[117.47735,2.93346],[117.47635,2.93506],[117.47535,2.93615],[117.47394,2.93732],[117.47289,2.93784],[117.47243,2.93808],[117.46935,2.939],[117.46794,2.93925],[117.46677,2.93942],[117.46617,2.93942],[117.46587,2.93942],[117.4649,2.93908],[117.4632,2.93898],[117.45977,2.93747],[117.45715,2.93619],[117.45684,2.93604],[117.45584,2.93546],[117.45563,2.93482],[117.45527,2.93475],[117.45435,2.93546],[117.45413,2.93583],[117.45413,2.93611],[117.45335,2.93712],[117.45263,2.93762],[117.45113,2.93862],[117.45006,2.9397],[117.44863,2.94121],[117.44792,2.94279],[117.44785,2.94444],[117.44799,2.94559],[117.44835,2.94667],[117.44885,2.94703],[117.44963,2.94717],[117.45064,2.94695],[117.45089,2.94691],[117.45149,2.94681],[117.45285,2.94674],[117.45456,2.94739],[117.45585,2.94803],[117.45635,2.94903],[117.45642,2.94976],[117.45606,2.95054],[117.45559,2.95097],[117.45665,2.95116],[117.45828,2.95067],[117.46091,2.94936],[117.46738,2.94944],[117.47623,2.95034],[117.48115,2.95067],[117.48696,2.95132],[117.4879,2.95053],[117.48852,2.95001],[117.48959,2.94755],[117.48959,2.94582],[117.48984,2.94584],[117.49012,2.94329],[117.49102,2.94256],[117.49315,2.94354],[117.49635,2.94313],[117.49922,2.94198],[117.50069,2.94051],[117.502,2.93772],[117.50479,2.93567],[117.50921,2.93453],[117.51429,2.93428],[117.5215,2.93436],[117.52584,2.93495],[117.52813,2.91536],[117.52746,2.91544],[117.52667,2.91552],[117.52592,2.91563],[117.52551,2.91568],[117.52367,2.91602],[117.522,2.91602],[117.52034,2.91594]]],[[[117.41763,2.93178],[117.41734,2.93336],[117.41742,2.93429],[117.41799,2.93588],[117.41878,2.93695],[117.41949,2.93767],[117.42056,2.9386],[117.42106,2.93918],[117.42149,2.93967],[117.42163,2.94018],[117.42178,2.94069],[117.42212,2.94103],[117.42229,2.94143],[117.42291,2.94166],[117.42381,2.9417],[117.42471,2.94156],[117.42535,2.94165],[117.42642,2.94201],[117.42735,2.9423],[117.42806,2.9428],[117.42892,2.9443],[117.42885,2.94503],[117.4287,2.94574],[117.42857,2.94603],[117.42764,2.9466],[117.42678,2.9466],[117.4257,2.94682],[117.42528,2.94696],[117.42485,2.94725],[117.42478,2.94761],[117.42464,2.94855],[117.42471,2.94948],[117.42549,2.95012],[117.42628,2.95034],[117.42742,2.95034],[117.42935,2.95019],[117.42999,2.95034],[117.43071,2.95077],[117.43171,2.95134],[117.43292,2.95199],[117.43378,2.95234],[117.43464,2.95249],[117.43585,2.95234],[117.436,2.95199],[117.436,2.9517],[117.43592,2.95134],[117.43571,2.95099],[117.43535,2.9507],[117.43485,2.95005],[117.4342,2.94962],[117.43378,2.94911],[117.43356,2.9484],[117.43363,2.94754],[117.4342,2.94696],[117.43507,2.94639],[117.43656,2.94588],[117.43806,2.94588],[117.43949,2.94624],[117.44006,2.94681],[117.44042,2.94732],[117.4407,2.94847],[117.4407,2.94911],[117.44042,2.95026],[117.44042,2.95091],[117.44057,2.95184],[117.44093,2.95263],[117.44185,2.95356],[117.44271,2.95414],[117.44335,2.95421],[117.44386,2.95392],[117.44442,2.95328],[117.44478,2.95256],[117.44499,2.95199],[117.44528,2.95141],[117.44585,2.95069],[117.44663,2.95033],[117.44763,2.95026],[117.44878,2.95033],[117.44978,2.95104],[117.45077,2.95191],[117.45213,2.95299],[117.45314,2.95377],[117.45335,2.95334],[117.45364,2.95263],[117.45428,2.9514],[117.45492,2.95054],[117.45535,2.94996],[117.45542,2.94961],[117.45534,2.94896],[117.45521,2.94854],[117.45499,2.94839],[117.45435,2.94796],[117.45313,2.94774],[117.45107,2.94781],[117.44949,2.94818],[117.44899,2.9481],[117.44814,2.9476],[117.44742,2.94688],[117.4472,2.94602],[117.44692,2.94466],[117.44699,2.94351],[117.44735,2.9425],[117.44842,2.94035],[117.45013,2.93848],[117.45148,2.93755],[117.45277,2.93661],[117.45313,2.93632],[117.45341,2.9355],[117.45391,2.9345],[117.45427,2.93428],[117.45484,2.93399],[117.4557,2.93421],[117.45599,2.93432],[117.45641,2.93449],[117.45663,2.93442],[117.45656,2.93413],[117.4562,2.9332],[117.45584,2.93262],[117.45552,2.93154],[117.45541,2.93119],[117.45473,2.92907],[117.45463,2.92875],[117.45441,2.9276],[117.45448,2.92609],[117.45441,2.92387],[117.45422,2.92293],[117.45412,2.9225],[117.45355,2.92164],[117.45205,2.92056],[117.44984,2.91934],[117.44833,2.91834],[117.44735,2.91742],[117.44728,2.91735],[117.44504,2.91766],[117.44463,2.91779],[117.44246,2.91846],[117.44085,2.9196],[117.4396,2.92133],[117.43925,2.92255],[117.43935,2.9231],[117.44003,2.92723],[117.43941,2.9293],[117.43894,2.9297],[117.43798,2.93054],[117.43669,2.93087],[117.43531,2.93122],[117.43156,2.93152],[117.43003,2.93189],[117.42606,2.93504],[117.41832,2.93003],[117.41763,2.93178]]]]},"properties":{"kdprov":"65","kdkab":"02","kdkec":"070","kddesa":"001","kdsls":"2003","idsls":"65020700012003","nmprov":"KALIMANTAN UTARA","nmkab":"BULUNGAN","nmkec":"TANJUNG PALAS TENGAH","nmdesa":"TANJUNG BUKA","nmsls":"HUTAN 1"}},{"type":"Feature","geometry":{"type":"MultiPolygon","coordinates":[[[[117.42606,2.93504],[117.43003,2.93189],[117.43156,2.93152],[117.43531,2.93122],[117.43669,2.93087],[117.43798,2.93054],[117.43894,2.9297],[117.42595,2.92132],[117.42427,2.92227],[117.42403,2.92255],[117.42306,2.92373],[117.42049,2.92711],[117.41884,2.92932],[117.41834,2.92999],[117.41832,2.93003],[117.42606,2.93504]]]]},"properties":{"kdprov":"65","kdkab":"02","kdkec":"070","kddesa":"001","kdsls":"0042","idsls":"65020700010042","nmprov":"KALIMANTAN UTARA","nmkab":"BULUNGAN","nmkec":"TANJUNG PALAS TENGAH","nmdesa":"TANJUNG BUKA","nmsls":"RT 025 RW 006"}},{"type":"Feature","geometry":{"type":"MultiPolygon","coordinates":[[[[117.43985,2.91636],[117.44246,2.91846],[117.44463,2.91779],[117.44504,2.91766],[117.44728,2.91735],[117.44727,2.91734],[117.44691,2.9164],[117.44648,2.91526],[117.44638,2.91451],[117.44635,2.91426],[117.44648,2.91274],[117.44662,2.91223],[117.447,2.91158],[117.44712,2.91137],[117.44762,2.91094],[117.44783,2.91037],[117.44812,2.90958],[117.44812,2.909],[117.44791,2.90736],[117.44691,2.90563],[117.4461,2.90476],[117.44592,2.90458],[117.44502,2.90405],[117.4449,2.90398],[117.44398,2.9039],[117.44365,2.90407],[117.44233,2.9047],[117.44082,2.90593],[117.44012,2.90649],[117.43936,2.90713],[117.43764,2.90858],[117.43748,2.90872],[117.43746,2.90872],[117.43648,2.90888],[117.43643,2.90889],[117.43569,2.90901],[117.43362,2.90901],[117.4324,2.90879],[117.43162,2.9083],[117.43091,2.90757],[117.43019,2.90693],[117.42941,2.90663],[117.42905,2.9065],[117.42648,2.90513],[117.42612,2.90497],[117.42541,2.90463],[117.42455,2.90471],[117.42397,2.90516],[117.42326,2.90571],[117.42289,2.90606],[117.42138,2.90743],[117.42018,2.90853],[117.4212,2.90941],[117.42248,2.91056],[117.42377,2.91171],[117.42577,2.91364],[117.42662,2.91472],[117.42719,2.91565],[117.42783,2.91707],[117.4314,2.91768],[117.4327,2.9158],[117.43457,2.91309],[117.43553,2.91366],[117.43682,2.91445],[117.43985,2.91636]]]]},"properties":{"kdprov":"65","kdkab":"02","kdkec":"070","kddesa":"001","kdsls":"0050","idsls":"65020700010050","nmprov":"KALIMANTAN UTARA","nmkab":"BULUNGAN","nmkec":"TANJUNG PALAS TENGAH","nmdesa":"TANJUNG BUKA","nmsls":"RT 016 RW 006"}}]}