{"type":"FeatureCollection","features":[{"type":"Feature","geometry":{"type":"MultiPolygon","coordinates":[[[[117.17261,3.17169],[117.17385,3.17266],[117.17387,3.17258],[117.17421,3.17181],[117.17415,3.17134],[117.17349,3.171],[117.17285,3.17083],[117.17262,3.17165],[117.17261,3.17169]]]]},"properties":{"kdprov":"65","kdkab":"02","kdkec":"090","kddesa":"006","kdsls":"0001","idsls":"65020900060001","nmprov":"KALIMANTAN UTARA","nmkab":"BULUNGAN","nmkec":"SEKATAK","nmdesa":"PENTIAN","nmsls":"RT 001"}},{"type":"Feature","geometry":{"type":"MultiPolygon","coordinates":[[[[116.83177,3.05404],[116.8223,3.0527],[116.80966,3.05091],[116.78455,3.03913],[116.7834,3.03929],[116.77278,3.0407],[116.7473,3.0436],[116.74657,3.04368],[116.74574,3.04377],[116.74574,3.04388],[116.74571,3.0461],[116.74569,3.04752],[116.74623,3.04934],[116.74638,3.05038],[116.7466,3.05073],[116.74744,3.0521],[116.74771,3.05314],[116.74827,3.05479],[116.7485,3.05551],[116.74824,3.05634],[116.74821,3.05702],[116.74799,3.05776],[116.7477,3.05852],[116.7476,3.05877],[116.74741,3.05921],[116.74715,3.05969],[116.74684,3.06172],[116.74774,3.06268],[116.74911,3.06414],[116.74926,3.06547],[116.74934,3.06617],[116.74954,3.06651],[116.74953,3.06709],[116.74945,3.06749],[116.74924,3.06771],[116.74863,3.06792],[116.74821,3.06803],[116.74794,3.06822],[116.74791,3.06824],[116.74766,3.06841],[116.7476,3.06847],[116.74777,3.06861],[116.74812,3.0689],[116.74963,3.07013],[116.75126,3.07147],[116.76381,3.08173],[116.77491,3.09308],[116.77724,3.09428],[116.77862,3.09416],[116.78001,3.09435],[116.78064,3.09517],[116.78158,3.09555],[116.78296,3.0965],[116.78397,3.09802],[116.78416,3.09947],[116.78353,3.10131],[116.78397,3.10188],[116.78501,3.10064],[116.78539,3.10026],[116.78644,3.10026],[116.78658,3.10026],[116.78753,3.10083],[116.7879,3.1021],[116.78806,3.10219],[116.78859,3.10248],[116.78992,3.10248],[116.79073,3.10279],[116.7908,3.10476],[116.7908,3.1057],[116.79098,3.10653],[116.79149,3.10659],[116.79268,3.10583],[116.79388,3.10482],[116.79539,3.104],[116.79734,3.10254],[116.79885,3.10254],[116.80099,3.10286],[116.80193,3.10311],[116.8025,3.10394],[116.80332,3.104],[116.80332,3.10356],[116.80382,3.10122],[116.80533,3.10039],[116.80754,3.09983],[116.80879,3.10065],[116.80942,3.10236],[116.81074,3.10343],[116.81096,3.10517],[116.81203,3.10644],[116.81537,3.10523],[116.81581,3.10346],[116.81619,3.10264],[116.81763,3.10264],[116.81889,3.10308],[116.8204,3.1029],[116.82103,3.1029],[116.82141,3.10441],[116.82191,3.10606],[116.82374,3.10713],[116.82531,3.10815],[116.82625,3.10827],[116.82732,3.10916],[116.82726,3.11011],[116.8265,3.11055],[116.82562,3.11093],[116.82562,3.11175],[116.82606,3.11257],[116.82625,3.11346],[116.82707,3.11365],[116.82764,3.11314],[116.82833,3.11201],[116.82871,3.11131],[116.83009,3.11093],[116.83166,3.11163],[116.83299,3.11226],[116.83387,3.11308],[116.83632,3.11314],[116.83648,3.11457],[116.83585,3.1152],[116.83553,3.11602],[116.83566,3.11678],[116.83635,3.11741],[116.83723,3.11855],[116.8378,3.11938],[116.83824,3.11976],[116.83862,3.11988],[116.83925,3.1195],[116.83981,3.11881],[116.84063,3.11843],[116.84189,3.11843],[116.84308,3.11957],[116.84321,3.12014],[116.84384,3.12083],[116.84415,3.12184],[116.84365,3.12342],[116.84283,3.12558],[116.84164,3.12716],[116.84119,3.12811],[116.84113,3.12956],[116.84145,3.13108],[116.84252,3.13177],[116.84418,3.13256],[116.84513,3.13345],[116.84513,3.13516],[116.84506,3.1375],[116.84456,3.13838],[116.84437,3.13927],[116.84462,3.14047],[116.84462,3.1418],[116.84393,3.14281],[116.84387,3.14344],[116.84456,3.14363],[116.84487,3.14332],[116.84519,3.14275],[116.84638,3.14212],[116.84815,3.14212],[116.84903,3.14313],[116.84934,3.14408],[116.85041,3.14401],[116.85129,3.14395],[116.85142,3.14515],[116.84988,3.1493],[116.85019,3.15062],[116.85113,3.15202],[116.85252,3.15259],[116.85371,3.15259],[116.85447,3.15271],[116.85453,3.15372],[116.85503,3.15436],[116.85566,3.1541],[116.85724,3.15391],[116.85812,3.15404],[116.85875,3.15442],[116.85875,3.15499],[116.85875,3.15594],[116.85912,3.1567],[116.85969,3.1572],[116.85975,3.15847],[116.85894,3.15917],[116.85824,3.15917],[116.85761,3.15917],[116.85642,3.15916],[116.85579,3.15923],[116.85491,3.15961],[116.85371,3.16024],[116.85346,3.161],[116.85409,3.16157],[116.85434,3.16201],[116.85396,3.16283],[116.85315,3.1629],[116.85277,3.1629],[116.85195,3.1629],[116.85138,3.16296],[116.85145,3.16353],[116.85201,3.16378],[116.85239,3.16429],[116.85173,3.16558],[116.85167,3.16767],[116.85179,3.16887],[116.85141,3.16951],[116.85053,3.16951],[116.84984,3.169],[116.84915,3.169],[116.84865,3.16913],[116.84877,3.16982],[116.84946,3.17033],[116.85091,3.17147],[116.85173,3.1721],[116.85204,3.17336],[116.85167,3.17444],[116.85122,3.17539],[116.85122,3.17621],[116.85148,3.17716],[116.85198,3.17792],[116.85255,3.17893],[116.85223,3.18032],[116.85173,3.18159],[116.8505,3.1832],[116.85056,3.18428],[116.85207,3.18428],[116.85308,3.18428],[116.8544,3.18567],[116.85522,3.18624],[116.85535,3.18719],[116.8549,3.18776],[116.8544,3.18776],[116.85352,3.18776],[116.85289,3.18776],[116.85283,3.18832],[116.85283,3.18883],[116.85232,3.18959],[116.85214,3.18965],[116.85157,3.18972],[116.85094,3.18991],[116.8505,3.19047],[116.85037,3.19212],[116.85069,3.19364],[116.85094,3.19484],[116.85138,3.1949],[116.85207,3.19452],[116.85289,3.19351],[116.85409,3.19275],[116.85516,3.19275],[116.85641,3.19402],[116.85717,3.19535],[116.85799,3.19636],[116.85818,3.19655],[116.85874,3.19724],[116.85912,3.19724],[116.86019,3.19667],[116.86107,3.19642],[116.86239,3.19699],[116.86384,3.19781],[116.86516,3.19895],[116.86579,3.19952],[116.86676,3.2005],[116.86752,3.2005],[116.86865,3.2005],[116.86985,3.20076],[116.8701,3.20227],[116.86934,3.20386],[116.86953,3.20518],[116.87085,3.20556],[116.87262,3.20645],[116.87369,3.20759],[116.87476,3.20866],[116.87545,3.20898],[116.87589,3.20898],[116.8769,3.20911],[116.87784,3.20917],[116.87784,3.21037],[116.87765,3.21094],[116.87702,3.21151],[116.87677,3.21227],[116.87683,3.21265],[116.87734,3.2136],[116.87828,3.21417],[116.87872,3.21493],[116.87856,3.21622],[116.87856,3.21749],[116.87907,3.21863],[116.87969,3.21863],[116.88089,3.21863],[116.88221,3.21907],[116.88297,3.21939],[116.88347,3.21977],[116.88372,3.22071],[116.88372,3.22185],[116.88309,3.22299],[116.88215,3.2235],[116.88152,3.22381],[116.88139,3.22419],[116.88146,3.22464],[116.88221,3.22514],[116.88265,3.22533],[116.88322,3.22571],[116.88397,3.22672],[116.88517,3.22767],[116.88618,3.22862],[116.88671,3.22922],[116.88674,3.22925],[116.88675,3.2294],[116.8868,3.23001],[116.88693,3.23071],[116.88706,3.23134],[116.88712,3.23166],[116.88713,3.23168],[116.88706,3.23231],[116.88745,3.23321],[116.8879,3.23366],[116.88806,3.23362],[116.88866,3.23347],[116.88901,3.23282],[116.88944,3.23214],[116.88974,3.2318],[116.89003,3.23178],[116.89032,3.23175],[116.89091,3.2321],[116.89105,3.23284],[116.89146,3.23374],[116.89243,3.23509],[116.89406,3.23646],[116.89505,3.23676],[116.89656,3.23664],[116.89723,3.23692],[116.89728,3.23757],[116.8969,3.23795],[116.89628,3.23877],[116.89521,3.23915],[116.89445,3.2396],[116.89414,3.24004],[116.89388,3.24162],[116.89351,3.24289],[116.89357,3.24339],[116.89376,3.24352],[116.89401,3.24358],[116.89439,3.24358],[116.89476,3.24358],[116.8952,3.24339],[116.89546,3.24282],[116.89565,3.24238],[116.89634,3.24238],[116.89716,3.24339],[116.89735,3.24373],[116.89791,3.24472],[116.89898,3.24472],[116.8998,3.24459],[116.90008,3.24447],[116.90068,3.24421],[116.90156,3.24421],[116.9025,3.2444],[116.90326,3.24554],[116.90452,3.24649],[116.9054,3.24725],[116.90634,3.24814],[116.90735,3.24864],[116.90823,3.24915],[116.90867,3.24978],[116.90899,3.25048],[116.9093,3.25086],[116.90987,3.25098],[116.9105,3.25092],[116.91157,3.25067],[116.91257,3.25079],[116.91355,3.25152],[116.9143,3.25152],[116.91519,3.25133],[116.91588,3.25095],[116.91651,3.2507],[116.91707,3.2507],[116.9177,3.25089],[116.91808,3.25089],[116.91858,3.25089],[116.91946,3.25057],[116.92041,3.25019],[116.92104,3.24981],[116.92179,3.24962],[116.92305,3.24962],[116.92393,3.24981],[116.9245,3.25038],[116.92513,3.25038],[116.92582,3.25019],[116.92645,3.24975],[116.92714,3.24849],[116.92821,3.24849],[116.92909,3.24874],[116.93029,3.24931],[116.93104,3.24994],[116.93155,3.25057],[116.93174,3.25114],[116.93193,3.2514],[116.93218,3.2514],[116.93255,3.25121],[116.93274,3.25038],[116.93375,3.25001],[116.93507,3.25045],[116.93639,3.25057],[116.93759,3.25165],[116.93797,3.25298],[116.93853,3.25367],[116.93924,3.25406],[116.93884,3.25286],[116.93837,3.25147],[116.9379,3.25004],[116.93747,3.24874],[116.9369,3.24755],[116.93681,3.24736],[116.93616,3.246],[116.93553,3.24464],[116.93535,3.24427],[116.93532,3.24322],[116.93528,3.24178],[116.93526,3.24034],[116.93522,3.2389],[116.9352,3.23765],[116.9355,3.23618],[116.93579,3.23469],[116.9361,3.23319],[116.93616,3.23292],[116.93775,3.23192],[116.93805,3.23172],[116.94019,3.23172],[116.94073,3.23175],[116.94259,3.23191],[116.94477,3.23214],[116.94662,3.23336],[116.94689,3.23354],[116.94689,3.23397],[116.94823,3.23273],[116.94949,3.23151],[116.95134,3.22967],[116.95324,3.22793],[116.95525,3.22612],[116.95737,3.22421],[116.95964,3.2222],[116.96111,3.22088],[116.962,3.22037],[116.96238,3.22013],[116.96029,3.21955],[116.95823,3.21901],[116.9571,3.21852],[116.95455,3.21752],[116.95224,3.21666],[116.94998,3.21581],[116.94768,3.21497],[116.94536,3.21411],[116.94448,3.21379],[116.9431,3.21282],[116.94116,3.21143],[116.93925,3.21009],[116.93736,3.20877],[116.93555,3.20746],[116.93364,3.20609],[116.9318,3.20477],[116.92997,3.20347],[116.92818,3.20211],[116.92646,3.20065],[116.92473,3.19916],[116.923,3.1977],[116.92118,3.19616],[116.91952,3.19474],[116.91788,3.19335],[116.91673,3.1917],[116.91564,3.19018],[116.91459,3.18868],[116.91349,3.1871],[116.91309,3.18654],[116.91277,3.18548],[116.91235,3.18386],[116.91185,3.18224],[116.91141,3.18065],[116.91096,3.17904],[116.91048,3.17738],[116.90999,3.17566],[116.9095,3.17397],[116.9093,3.17324],[116.9093,3.17234],[116.90925,3.17075],[116.90924,3.16914],[116.90921,3.1675],[116.90918,3.16582],[116.90915,3.16419],[116.90912,3.1625],[116.9091,3.16088],[116.90907,3.15925],[116.90905,3.15846],[116.90885,3.15771],[116.90845,3.15625],[116.90801,3.15469],[116.90756,3.15309],[116.90715,3.15156],[116.90673,3.15007],[116.90629,3.14856],[116.90596,3.14725],[116.90526,3.14594],[116.90456,3.14465],[116.90386,3.14326],[116.90315,3.14191],[116.90253,3.14053],[116.90179,3.13903],[116.90101,3.13743],[116.90022,3.13582],[116.89934,3.1343],[116.89847,3.13282],[116.89757,3.13117],[116.89689,3.13016],[116.8965,3.12852],[116.89601,3.12694],[116.89589,3.12543],[116.89579,3.12383],[116.8957,3.12217],[116.89561,3.12053],[116.89553,3.11891],[116.8955,3.11855],[116.89513,3.11764],[116.89544,3.11738],[116.8958,3.11702],[116.89634,3.11648],[116.89684,3.11601],[116.89747,3.11538],[116.8982,3.11468],[116.89892,3.11396],[116.89959,3.11331],[116.90023,3.11268],[116.90087,3.11205],[116.90156,3.11137],[116.90219,3.11075],[116.9029,3.11007],[116.90361,3.10938],[116.90433,3.10866],[116.90507,3.10795],[116.9058,3.10722],[116.90654,3.1065],[116.90693,3.10612],[116.90743,3.10585],[116.90839,3.10533],[116.90939,3.10479],[116.91043,3.10422],[116.91148,3.10366],[116.91253,3.10309],[116.91267,3.10302],[116.91381,3.10239],[116.91497,3.10177],[116.91619,3.1011],[116.91751,3.1004],[116.91879,3.0997],[116.92009,3.099],[116.92136,3.09831],[116.92264,3.09762],[116.92393,3.09692],[116.92516,3.09624],[116.92638,3.09556],[116.92758,3.09489],[116.9288,3.09422],[116.93003,3.09354],[116.93123,3.09287],[116.93245,3.09219],[116.93368,3.09151],[116.93491,3.09083],[116.9361,3.09017],[116.9373,3.0895],[116.93852,3.08882],[116.93975,3.08814],[116.94099,3.08746],[116.94224,3.08677],[116.94347,3.08609],[116.9447,3.08539],[116.94594,3.08472],[116.94717,3.08403],[116.9484,3.08335],[116.94961,3.08267],[116.95024,3.08232],[116.95062,3.08209],[116.95179,3.08132],[116.95282,3.08065],[116.95389,3.07996],[116.95496,3.07926],[116.956,3.07859],[116.95706,3.07791],[116.95812,3.07721],[116.95875,3.07681],[116.9572,3.0768],[116.93261,3.07576],[116.91522,3.07026],[116.903,3.06582],[116.89507,3.06294],[116.88304,3.05823],[116.87545,3.05509],[116.8608,3.05091],[116.85871,3.05113],[116.83177,3.05404]]]]},"properties":{"kdprov":"65","kdkab":"02","kdkec":"090","kddesa":"002","kdsls":"2001","idsls":"65020900022001","nmprov":"KALIMANTAN UTARA","nmkab":"BULUNGAN","nmkec":"SEKATAK","nmdesa":"TENGGILING","nmsls":"HUTAN"}},{"type":"Feature","geometry":{"type":"MultiPolygon","coordinates":[[[[117.06925,3.31494],[117.06902,3.31173],[117.06892,3.31175],[117.0663,3.3123],[117.06629,3.31237],[117.06609,3.31469],[117.06925,3.31494]]]]},"properties":{"kdprov":"65","kdkab":"02","kdkec":"090","kddesa":"021","kdsls":"0002","idsls":"65020900210002","nmprov":"KALIMANTAN UTARA","nmkab":"BULUNGAN","nmkec":"SEKATAK","nmdesa":"SEKATAK BUJI","nmsls":"RT 002"}},{"type":"Feature","geometry":{"type":"MultiPolygon","coordinates":[[[[117.06534,3.32094],[117.06577,3.32147],[117.06578,3.32148],[117.06635,3.32117],[117.06663,3.32171],[117.06663,3.32171],[117.06712,3.32149],[117.06791,3.32084],[117.06762,3.32055],[117.06736,3.32028],[117.06696,3.31985],[117.0668,3.31968],[117.06656,3.31993],[117.06656,3.31992],[117.06644,3.32005],[117.06614,3.32032],[117.06592,3.32053],[117.06563,3.32075],[117.06534,3.32094]]]]},"properties":{"kdprov":"65","kdkab":"02","kdkec":"090","kddesa":"019","kdsls":"0002","idsls":"65020900190002","nmprov":"KALIMANTAN UTARA","nmkab":"BULUNGAN","nmkec":"SEKATAK","nmdesa":"TURUNG","nmsls":"RT 002"}},{"type":"Feature","geometry":{"type":"MultiPolygon","coordinates":[[[[117.47605,3.27552],[117.47603,3.27552],[117.47594,3.27548],[117.47566,3.27536],[117.47533,3.27535],[117.47507,3.27534],[117.47481,3.27654],[117.47498,3.27744],[117.47535,3.27772],[117.47601,3.27766],[117.47605,3.27552]]]]},"properties":{"kdprov":"65","kdkab":"02","kdkec":"090","kddesa":"022","kdsls":"0004","idsls":"65020900220004","nmprov":"KALIMANTAN UTARA","nmkab":"BULUNGAN","nmkec":"SEKATAK","nmdesa":"LIAGU","nmsls":"RT 004"}},{"type":"Feature","geometry":{"type":"MultiPolygon","coordinates":[[[[117.18065,3.1721],[117.18073,3.17202],[117.18073,3.17202],[117.18133,3.17099],[117.1817,3.17031],[117.18153,3.16947],[117.18077,3.16875],[117.17973,3.16732],[117.17973,3.16732],[117.1787,3.16697],[117.17659,3.16667],[117.1765,3.16745],[117.17586,3.16761],[117.17495,3.16782],[117.17544,3.16915],[117.1755,3.17046],[117.17551,3.17048],[117.17678,3.17055],[117.17706,3.16972],[117.17805,3.16897],[117.17933,3.1692],[117.1795,3.16929],[117.17981,3.16945],[117.1801,3.17166],[117.18057,3.17219],[117.18065,3.1721]]]]},"properties":{"kdprov":"65","kdkab":"02","kdkec":"090","kddesa":"005","kdsls":"0001","idsls":"65020900050001","nmprov":"KALIMANTAN UTARA","nmkab":"BULUNGAN","nmkec":"SEKATAK","nmdesa":"SEKATAK BENGARA","nmsls":"RT 001"}},{"type":"Feature","geometry":{"type":"MultiPolygon","coordinates":[[[[117.07002,3.32033],[117.07013,3.32024],[117.07023,3.32018],[117.07049,3.32002],[117.07077,3.31985],[117.07088,3.31978],[117.07084,3.31972],[117.07082,3.3197],[117.0706,3.31922],[117.0702,3.31895],[117.07012,3.31885],[117.07011,3.31885],[117.0697,3.3185],[117.0697,3.3185],[117.06953,3.31861],[117.06953,3.31861],[117.06925,3.31881],[117.06925,3.31881],[117.06956,3.31949],[117.06948,3.31957],[117.07002,3.32033]]]]},"properties":{"kdprov":"65","kdkab":"02","kdkec":"090","kddesa":"015","kdsls":"0002","idsls":"65020900150002","nmprov":"KALIMANTAN UTARA","nmkab":"BULUNGAN","nmkec":"SEKATAK","nmdesa":"PUNAN DULAU","nmsls":"RT 002"}},{"type":"Feature","geometry":{"type":"MultiPolygon","coordinates":[[[[117.07652,3.30575],[117.07716,3.3058],[117.0772,3.30577],[117.07723,3.30566],[117.07719,3.30455],[117.07715,3.30455],[117.07707,3.30455],[117.07707,3.30455],[117.07651,3.30456],[117.07651,3.30365],[117.07651,3.30265],[117.07649,3.30265],[117.07438,3.30258],[117.07436,3.30386],[117.07436,3.30399],[117.07436,3.30568],[117.0756,3.3057],[117.07588,3.3057],[117.07652,3.30575]]]]},"properties":{"kdprov":"65","kdkab":"02","kdkec":"090","kddesa":"016","kdsls":"0001","idsls":"65020900160001","nmprov":"KALIMANTAN UTARA","nmkab":"BULUNGAN","nmkec":"SEKATAK","nmdesa":"BAMBANG","nmsls":"RT 001"}},{"type":"Feature","geometry":{"type":"MultiPolygon","coordinates":[[[[117.06297,3.32148],[117.06326,3.32146],[117.06333,3.32145],[117.06341,3.32145],[117.06337,3.32112],[117.06336,3.32104],[117.06336,3.32104],[117.06336,3.32104],[117.06289,3.32023],[117.06288,3.31976],[117.06299,3.31955],[117.06391,3.31917],[117.0639,3.31916],[117.06386,3.31906],[117.06382,3.31896],[117.06378,3.3189],[117.06378,3.31888],[117.06348,3.31841],[117.06315,3.31795],[117.06296,3.31775],[117.06296,3.31775],[117.06244,3.31724],[117.06208,3.3187],[117.06083,3.32021],[117.05945,3.32046],[117.05856,3.32117],[117.05829,3.32201],[117.05839,3.32323],[117.05859,3.32362],[117.05861,3.32367],[117.05862,3.32369],[117.05863,3.32371],[117.05881,3.32354],[117.05904,3.32331],[117.05918,3.32313],[117.05937,3.32286],[117.05963,3.32254],[117.05992,3.32228],[117.05994,3.32226],[117.06018,3.3221],[117.06041,3.32194],[117.06078,3.32177],[117.06091,3.32173],[117.06115,3.32164],[117.06167,3.32156],[117.06177,3.32154],[117.06181,3.3215],[117.06223,3.3215],[117.06271,3.3215],[117.06297,3.32148]]]]},"properties":{"kdprov":"65","kdkab":"02","kdkec":"090","kddesa":"018","kdsls":"2001","idsls":"65020900182001","nmprov":"KALIMANTAN UTARA","nmkab":"BULUNGAN","nmkec":"SEKATAK","nmdesa":"MARITAM","nmsls":"HUTAN"}},{"type":"Feature","geometry":{"type":"MultiPolygon","coordinates":[[[[117.06341,3.32145],[117.06366,3.32142],[117.06408,3.32136],[117.06417,3.32133],[117.06458,3.32124],[117.06463,3.32122],[117.0645,3.32076],[117.06437,3.32033],[117.06337,3.32112],[117.06341,3.32145],[117.06341,3.32145]]]]},"properties":{"kdprov":"65","kdkab":"02","kdkec":"090","kddesa":"018","kdsls":"0001","idsls":"65020900180001","nmprov":"KALIMANTAN UTARA","nmkab":"BULUNGAN","nmkec":"SEKATAK","nmdesa":"MARITAM","nmsls":"RT 001"}},{"type":"Feature","geometry":{"type":"MultiPolygon","coordinates":[[[[117.06341,3.32145],[117.06341,3.32233],[117.06339,3.32322],[117.06333,3.32363],[117.06352,3.32365],[117.06441,3.32342],[117.0648,3.32323],[117.06445,3.32265],[117.0644,3.32235],[117.0642,3.32179],[117.06417,3.32133],[117.06408,3.32136],[117.06366,3.32142],[117.06341,3.32145]]]]},"properties":{"kdprov":"65","kdkab":"02","kdkec":"090","kddesa":"001","kdsls":"0001","idsls":"65020900010001","nmprov":"KALIMANTAN UTARA","nmkab":"BULUNGAN","nmkec":"SEKATAK","nmdesa":"UJANG","nmsls":"RT 001"}},{"type":"Feature","geometry":{"type":"MultiPolygon","coordinates":[[[[117.06333,3.32363],[117.06339,3.32322],[117.06341,3.32233],[117.06341,3.32145],[117.06341,3.32145],[117.06333,3.32145],[117.06326,3.32146],[117.06297,3.32148],[117.06297,3.32151],[117.06272,3.32151],[117.06269,3.32206],[117.06268,3.32221],[117.06271,3.32285],[117.06281,3.32359],[117.06296,3.32358],[117.06296,3.32357],[117.06296,3.32358],[117.06333,3.32363]]]]},"properties":{"kdprov":"65","kdkab":"02","kdkec":"090","kddesa":"001","kdsls":"0002","idsls":"65020900010002","nmprov":"KALIMANTAN UTARA","nmkab":"BULUNGAN","nmkec":"SEKATAK","nmdesa":"UJANG","nmsls":"RT 002"}},{"type":"Feature","geometry":{"type":"MultiPolygon","coordinates":[[[[117.06417,3.32133],[117.0642,3.32179],[117.0644,3.32235],[117.06445,3.32265],[117.0648,3.32323],[117.06486,3.3232],[117.0655,3.32289],[117.06573,3.32276],[117.06596,3.3234],[117.06639,3.32317],[117.06641,3.32316],[117.06621,3.32272],[117.06585,3.32198],[117.06569,3.32157],[117.06577,3.32147],[117.06534,3.32094],[117.06533,3.32094],[117.06499,3.32109],[117.06463,3.32122],[117.06458,3.32124],[117.06417,3.32133]]]]},"properties":{"kdprov":"65","kdkab":"02","kdkec":"090","kddesa":"002","kdsls":"0001","idsls":"65020900020001","nmprov":"KALIMANTAN UTARA","nmkab":"BULUNGAN","nmkec":"SEKATAK","nmdesa":"TENGGILING","nmsls":"RT 001"}},{"type":"Feature","geometry":{"type":"MultiPolygon","coordinates":[[[[117.06577,3.32147],[117.06569,3.32157],[117.06585,3.32198],[117.06621,3.32272],[117.06641,3.32316],[117.06669,3.32301],[117.06672,3.32299],[117.06698,3.32285],[117.06714,3.32277],[117.06713,3.32275],[117.06713,3.32275],[117.06663,3.32171],[117.06663,3.32171],[117.06635,3.32117],[117.06578,3.32148],[117.06577,3.32147]]]]},"properties":{"kdprov":"65","kdkab":"02","kdkec":"090","kddesa":"002","kdsls":"0002","idsls":"65020900020002","nmprov":"KALIMANTAN UTARA","nmkab":"BULUNGAN","nmkec":"SEKATAK","nmdesa":"TENGGILING","nmsls":"RT 002"}},{"type":"Feature","geometry":{"type":"MultiPolygon","coordinates":[[[[117.16946,3.17152],[117.17039,3.17196],[117.17042,3.17198],[117.17091,3.17123],[117.17103,3.17051],[117.17125,3.16953],[117.17087,3.16941],[117.16989,3.16974],[117.16988,3.16975],[117.16949,3.17039],[117.16952,3.17134],[117.16946,3.17152]]]]},"properties":{"kdprov":"65","kdkab":"02","kdkec":"090","kddesa":"004","kdsls":"0002","idsls":"65020900040002","nmprov":"KALIMANTAN UTARA","nmkab":"BULUNGAN","nmkec":"SEKATAK","nmdesa":"PUNGIT","nmsls":"RT 002"}},{"type":"Feature","geometry":{"type":"MultiPolygon","coordinates":[[[[117.17091,3.17123],[117.17042,3.17198],[117.17039,3.17196],[117.17096,3.18025],[117.1711,3.18015],[117.17234,3.17996],[117.17241,3.17995],[117.17227,3.17495],[117.17262,3.17564],[117.17303,3.17581],[117.17326,3.17577],[117.17326,3.1758],[117.17358,3.17595],[117.17377,3.17666],[117.1741,3.17769],[117.17453,3.17852],[117.17453,3.17852],[117.17455,3.17852],[117.17432,3.17095],[117.17428,3.17096],[117.1731,3.17055],[117.17211,3.16981],[117.17125,3.16953],[117.17103,3.17051],[117.17091,3.17123]],[[117.17285,3.17083],[117.17349,3.171],[117.17415,3.17134],[117.17421,3.17181],[117.17387,3.17258],[117.17385,3.17266],[117.17261,3.17169],[117.17262,3.17165],[117.17285,3.17083]]]]},"properties":{"kdprov":"65","kdkab":"02","kdkec":"090","kddesa":"004","kdsls":"0001","idsls":"65020900040001","nmprov":"KALIMANTAN UTARA","nmkab":"BULUNGAN","nmkec":"SEKATAK","nmdesa":"PUNGIT","nmsls":"RT 001"}},{"type":"Feature","geometry":{"type":"MultiPolygon","coordinates":[[[[117.20111,3.12849],[117.20113,3.12847],[117.20266,3.12581],[117.20201,3.12532],[117.20125,3.12543],[117.20085,3.12557],[117.20063,3.12581],[117.20007,3.12641],[117.19911,3.12801],[117.19863,3.12929],[117.19863,3.12929],[117.19861,3.12935],[117.19879,3.12929],[117.20111,3.12849]]]]},"properties":{"kdprov":"65","kdkab":"02","kdkec":"090","kddesa":"005","kdsls":"0003","idsls":"65020900050003","nmprov":"KALIMANTAN UTARA","nmkab":"BULUNGAN","nmkec":"SEKATAK","nmdesa":"SEKATAK BENGARA","nmsls":"RT 003"}},{"type":"Feature","geometry":{"type":"MultiPolygon","coordinates":[[[[117.20201,3.12532],[117.20126,3.12476],[117.19842,3.12606],[117.196,3.12726],[117.19542,3.12838],[117.19501,3.12939],[117.19524,3.12938],[117.19863,3.12929],[117.19911,3.12801],[117.20007,3.12641],[117.20063,3.12581],[117.20085,3.12557],[117.20125,3.12543],[117.20201,3.12532]]]]},"properties":{"kdprov":"65","kdkab":"02","kdkec":"090","kddesa":"005","kdsls":"0004","idsls":"65020900050004","nmprov":"KALIMANTAN UTARA","nmkab":"BULUNGAN","nmkec":"SEKATAK","nmdesa":"SEKATAK BENGARA","nmsls":"RT 004"}},{"type":"Feature","geometry":{"type":"MultiPolygon","coordinates":[[[[117.19016,3.12951],[117.19002,3.12952],[117.18996,3.12952],[117.17537,3.12991],[117.15601,3.12467],[117.13796,3.11369],[117.13687,3.11281],[117.13657,3.11385],[117.13623,3.11495],[117.13604,3.11607],[117.13573,3.11806],[117.13549,3.11934],[117.13547,3.12028],[117.13549,3.12257],[117.13552,3.12482],[117.1356,3.12705],[117.13582,3.12941],[117.13598,3.13124],[117.1361,3.13172],[117.13671,3.13397],[117.13732,3.13633],[117.13749,3.13689],[117.13747,3.1383],[117.13747,3.14053],[117.13749,3.14281],[117.13765,3.14451],[117.13787,3.14669],[117.13808,3.14901],[117.13829,3.15123],[117.13854,3.15337],[117.13878,3.15532],[117.13842,3.15757],[117.1381,3.15971],[117.13775,3.16184],[117.13754,3.16402],[117.13734,3.16627],[117.13823,3.16659],[117.13993,3.16725],[117.14092,3.16738],[117.14172,3.16734],[117.14236,3.16673],[117.14268,3.16655],[117.14322,3.16663],[117.14355,3.16709],[117.14364,3.16757],[117.14366,3.16803],[117.14374,3.16846],[117.14397,3.16899],[117.14438,3.16939],[117.1453,3.16974],[117.14653,3.17015],[117.14722,3.17057],[117.14881,3.17172],[117.15066,3.17238],[117.15278,3.17325],[117.15466,3.17367],[117.15593,3.17361],[117.15723,3.17378],[117.15859,3.17482],[117.15937,3.17597],[117.16043,3.1767],[117.16183,3.17706],[117.16299,3.1769],[117.16387,3.17631],[117.16414,3.17558],[117.16432,3.17406],[117.16452,3.17305],[117.16521,3.17203],[117.16562,3.17151],[117.16587,3.17151],[117.1661,3.17197],[117.16639,3.17293],[117.16665,3.17326],[117.167,3.17362],[117.16762,3.17357],[117.16874,3.17318],[117.16922,3.17237],[117.16946,3.17152],[117.16952,3.17134],[117.16949,3.17039],[117.16988,3.16975],[117.16989,3.16974],[117.17087,3.16941],[117.17125,3.16953],[117.17211,3.16981],[117.1731,3.17055],[117.17428,3.17096],[117.17432,3.17095],[117.17456,3.17092],[117.17506,3.17084],[117.17548,3.17048],[117.17551,3.17048],[117.1755,3.17046],[117.17544,3.16915],[117.17495,3.16782],[117.17492,3.16774],[117.17451,3.16667],[117.17427,3.16589],[117.17424,3.16499],[117.17424,3.16464],[117.17558,3.16423],[117.17659,3.16667],[117.17659,3.16667],[117.1787,3.16697],[117.17973,3.16732],[117.17973,3.16732],[117.18077,3.16875],[117.18153,3.16947],[117.1817,3.17031],[117.18133,3.17099],[117.18073,3.17202],[117.18073,3.17202],[117.18065,3.1721],[117.18087,3.17216],[117.18105,3.17186],[117.1811,3.17201],[117.18111,3.17203],[117.18184,3.17108],[117.18212,3.1695],[117.18124,3.16682],[117.18097,3.16611],[117.1807,3.16529],[117.1807,3.16404],[117.18064,3.16294],[117.18113,3.16218],[117.18179,3.16191],[117.1825,3.16109],[117.18272,3.16044],[117.18255,3.15962],[117.18184,3.15918],[117.18124,3.15902],[117.18048,3.15875],[117.17977,3.1582],[117.17889,3.15809],[117.17797,3.15766],[117.17769,3.15717],[117.17753,3.1564],[117.1778,3.15607],[117.1784,3.15564],[117.17917,3.15474],[117.17917,3.15381],[117.179,3.15294],[117.17807,3.15234],[117.17802,3.15158],[117.17813,3.15065],[117.17846,3.15005],[117.17846,3.14891],[117.17868,3.14743],[117.17917,3.14585],[117.17982,3.14427],[117.18031,3.14291],[117.1813,3.14193],[117.18195,3.14122],[117.18261,3.1398],[117.18283,3.13887],[117.18206,3.13729],[117.18206,3.13669],[117.18206,3.13593],[117.18261,3.13511],[117.18321,3.1344],[117.18321,3.13386],[117.1837,3.13298],[117.18397,3.13298],[117.18523,3.13298],[117.18594,3.13342],[117.18747,3.13386],[117.18818,3.13364],[117.1884,3.13287],[117.18878,3.13238],[117.18916,3.13151],[117.18921,3.13075],[117.18976,3.13058],[117.19016,3.12951]]]]},"properties":{"kdprov":"65","kdkab":"02","kdkec":"090","kddesa":"005","kdsls":"2001","idsls":"65020900052001","nmprov":"KALIMANTAN UTARA","nmkab":"BULUNGAN","nmkec":"SEKATAK","nmdesa":"SEKATAK BENGARA","nmsls":"HUTAN"}},{"type":"Feature","geometry":{"type":"MultiPolygon","coordinates":[[[[117.19501,3.12939],[117.1902,3.12951],[117.19016,3.12951],[117.18976,3.13058],[117.18921,3.13075],[117.18916,3.13151],[117.18878,3.13238],[117.1884,3.13287],[117.18818,3.13364],[117.18747,3.13386],[117.18594,3.13342],[117.18523,3.13298],[117.18397,3.13298],[117.1837,3.13298],[117.18321,3.13386],[117.18321,3.1344],[117.18261,3.13511],[117.18206,3.13593],[117.18206,3.13669],[117.18206,3.13729],[117.18283,3.13887],[117.18261,3.1398],[117.18195,3.14122],[117.1813,3.14193],[117.18031,3.14291],[117.17982,3.14427],[117.17917,3.14585],[117.17868,3.14743],[117.17846,3.14891],[117.17846,3.15005],[117.17813,3.15065],[117.17802,3.15158],[117.17807,3.15234],[117.179,3.15294],[117.17917,3.15381],[117.17917,3.15474],[117.1784,3.15564],[117.1778,3.15607],[117.17753,3.1564],[117.17769,3.15717],[117.17797,3.15766],[117.17889,3.15809],[117.17977,3.1582],[117.18048,3.15875],[117.18124,3.15902],[117.18184,3.15918],[117.18255,3.15962],[117.18272,3.16044],[117.1825,3.16109],[117.18179,3.16191],[117.18113,3.16218],[117.18064,3.16294],[117.1807,3.16404],[117.1807,3.16529],[117.18097,3.16611],[117.18124,3.16682],[117.18212,3.1695],[117.18184,3.17108],[117.18111,3.17203],[117.18116,3.17219],[117.18283,3.17971],[117.18352,3.18308],[117.188,3.1949],[117.18899,3.19758],[117.19113,3.20275],[117.1959,3.21044],[117.20275,3.2208],[117.20356,3.22018],[117.20451,3.21941],[117.2056,3.21863],[117.20691,3.2177],[117.20862,3.21698],[117.21025,3.21627],[117.21203,3.21547],[117.21377,3.21465],[117.21516,3.21401],[117.21596,3.2138],[117.21654,3.21366],[117.21766,3.21337],[117.21837,3.2132],[117.21958,3.21289],[117.22034,3.21271],[117.22106,3.21253],[117.22184,3.21234],[117.22247,3.21217],[117.22313,3.21201],[117.22357,3.21191],[117.22427,3.21178],[117.22501,3.21164],[117.22589,3.21147],[117.22677,3.2113],[117.22779,3.21111],[117.2287,3.21093],[117.22963,3.21075],[117.23071,3.21054],[117.23129,3.21061],[117.23233,3.21072],[117.23344,3.21083],[117.23439,3.21094],[117.23541,3.21104],[117.23615,3.21112],[117.23654,3.21126],[117.2373,3.21155],[117.23804,3.21182],[117.23886,3.21214],[117.23964,3.21243],[117.24044,3.21273],[117.24137,3.21309],[117.24228,3.21343],[117.24318,3.21377],[117.24391,3.21405],[117.24412,3.21422],[117.24484,3.21485],[117.2449,3.21491],[117.24526,3.21523],[117.24557,3.21549],[117.246,3.2156],[117.24644,3.21661],[117.2465,3.21673],[117.24688,3.21761],[117.24744,3.21843],[117.24759,3.21852],[117.24794,3.21873],[117.24986,3.21909],[117.25137,3.21937],[117.25267,3.21993],[117.25276,3.21996],[117.25398,3.22036],[117.25529,3.22118],[117.25562,3.22154],[117.25597,3.22194],[117.25666,3.22269],[117.25866,3.22575],[117.25965,3.22738],[117.2601,3.22793],[117.26022,3.22807],[117.26096,3.22869],[117.26221,3.22938],[117.26302,3.22957],[117.26346,3.22957],[117.26381,3.2294],[117.26433,3.22913],[117.26533,3.22763],[117.26555,3.22668],[117.26564,3.22631],[117.26567,3.22622],[117.26568,3.22618],[117.26573,3.22605],[117.26573,3.22605],[117.26573,3.22605],[117.26607,3.225],[117.26645,3.22449],[117.26694,3.22393],[117.26819,3.22262],[117.26907,3.22124],[117.27,3.2198],[117.271,3.2181],[117.27187,3.21579],[117.2728,3.21373],[117.27392,3.21071],[117.27442,3.20946],[117.2756,3.20749],[117.27641,3.20674],[117.27753,3.20561],[117.2794,3.20479],[117.27953,3.20473],[117.2799,3.20411],[117.27984,3.20348],[117.28003,3.20304],[117.28027,3.20272],[117.28071,3.20241],[117.28108,3.20179],[117.28096,3.20116],[117.28093,3.20114],[117.28046,3.20079],[117.27866,3.19985],[117.27866,3.19985],[117.27866,3.19984],[117.27822,3.19922],[117.27822,3.19922],[117.27815,3.19834],[117.27815,3.19834],[117.27815,3.19715],[117.27815,3.19715],[117.27809,3.1964],[117.27789,3.1959],[117.2776,3.19515],[117.27691,3.1944],[117.27591,3.19344],[117.27566,3.19321],[117.27545,3.19297],[117.2751,3.19258],[117.2744,3.19198],[117.27217,3.19004],[117.27121,3.18917],[117.2703,3.18836],[117.26808,3.18642],[117.26793,3.18629],[117.26787,3.18626],[117.26712,3.18585],[117.26662,3.18551],[117.26619,3.18522],[117.26494,3.18509],[117.26376,3.18522],[117.26064,3.18672],[117.25859,3.18791],[117.25846,3.18798],[117.25814,3.18812],[117.25684,3.18867],[117.25441,3.18948],[117.2537,3.18962],[117.25341,3.18967],[117.2531,3.18972],[117.25079,3.19005],[117.24793,3.19064],[117.24593,3.1914],[117.24457,3.19208],[117.24282,3.1929],[117.24115,3.1933],[117.2407,3.19341],[117.24032,3.19349],[117.23908,3.19378],[117.23796,3.1939],[117.23651,3.19357],[117.23578,3.19341],[117.23531,3.1933],[117.23341,3.1929],[117.23161,3.19209],[117.22986,3.19136],[117.22905,3.19103],[117.22781,3.1904],[117.225,3.1888],[117.22413,3.18824],[117.22346,3.18798],[117.22331,3.18793],[117.22324,3.18785],[117.22282,3.18743],[117.22257,3.18715],[117.22225,3.1868],[117.2215,3.1863],[117.22145,3.18627],[117.22076,3.18586],[117.21966,3.18551],[117.21957,3.18548],[117.2192,3.18535],[117.2179,3.18487],[117.2177,3.1848],[117.21702,3.18473],[117.21692,3.18471],[117.21633,3.18454],[117.21608,3.18441],[117.2153,3.184],[117.21528,3.18398],[117.21465,3.18323],[117.21459,3.18306],[117.21446,3.18273],[117.21422,3.1821],[117.21378,3.18135],[117.21328,3.1806],[117.21278,3.17998],[117.2125,3.17979],[117.21222,3.1796],[117.21192,3.17948],[117.21141,3.17929],[117.21078,3.17904],[117.21056,3.17896],[117.21004,3.17878],[117.20977,3.17862],[117.20942,3.17841],[117.20885,3.1776],[117.20867,3.17691],[117.20842,3.17612],[117.20817,3.17534],[117.20805,3.17478],[117.20767,3.1728],[117.20713,3.17172],[117.20711,3.17167],[117.20661,3.17092],[117.2058,3.17011],[117.20474,3.16948],[117.20425,3.16936],[117.2035,3.16942],[117.2031,3.16956],[117.20293,3.16961],[117.20286,3.16965],[117.20231,3.16998],[117.20181,3.17086],[117.201,3.1719],[117.20088,3.17205],[117.20071,3.17228],[117.20038,3.17274],[117.2,3.1733],[117.19888,3.17424],[117.1986,3.17447],[117.19857,3.1745],[117.19827,3.17471],[117.19819,3.17477],[117.19795,3.17493],[117.19795,3.17493],[117.19821,3.17415],[117.19833,3.17381],[117.19867,3.17329],[117.19907,3.17268],[117.1994,3.17213],[117.19945,3.17205],[117.19994,3.1713],[117.20044,3.17043],[117.20059,3.17005],[117.20081,3.16948],[117.20115,3.16907],[117.20138,3.1688],[117.20146,3.16874],[117.20206,3.16835],[117.20312,3.16773],[117.20368,3.16754],[117.20377,3.16731],[117.2038,3.16723],[117.2038,3.16723],[117.20373,3.1671],[117.20349,3.16672],[117.20326,3.16649],[117.20319,3.16642],[117.20309,3.16629],[117.20281,3.16591],[117.20244,3.16541],[117.20213,3.16516],[117.20213,3.16492],[117.20251,3.16492],[117.20253,3.16492],[117.20274,3.16492],[117.2038,3.16548],[117.2048,3.16604],[117.20503,3.16627],[117.20536,3.16661],[117.2058,3.16736],[117.20592,3.16765],[117.20599,3.16779],[117.2061,3.16792],[117.20636,3.16823],[117.20742,3.16911],[117.20818,3.16963],[117.20823,3.16966],[117.20879,3.17004],[117.20972,3.17092],[117.20997,3.1712],[117.21017,3.17143],[117.21054,3.17224],[117.21054,3.17324],[117.21054,3.17324],[117.21054,3.17399],[117.21054,3.174],[117.21038,3.17437],[117.21017,3.17487],[117.21003,3.17528],[117.20998,3.17544],[117.20995,3.17567],[117.20992,3.17593],[117.20992,3.17593],[117.21023,3.17656],[117.21052,3.17694],[117.21066,3.17713],[117.21113,3.17734],[117.2116,3.17756],[117.21316,3.17775],[117.21471,3.17762],[117.21525,3.17741],[117.21596,3.17713],[117.21677,3.17653],[117.21758,3.17593],[117.21877,3.17505],[117.2205,3.17411],[117.22231,3.17355],[117.22431,3.17323],[117.22516,3.17323],[117.22543,3.17323],[117.22618,3.17335],[117.22831,3.17401],[117.22995,3.17489],[117.23036,3.17504],[117.23216,3.17643],[117.23434,3.17903],[117.23497,3.18028],[117.2359,3.18216],[117.23601,3.18253],[117.23653,3.18423],[117.23684,3.18567],[117.23708,3.18661],[117.23729,3.18712],[117.23753,3.18767],[117.23772,3.18798],[117.23796,3.18837],[117.2384,3.18869],[117.23846,3.18874],[117.23867,3.18879],[117.23952,3.18899],[117.24006,3.18908],[117.24101,3.18923],[117.24209,3.18893],[117.24232,3.18886],[117.24276,3.1888],[117.24319,3.18874],[117.24406,3.18874],[117.24519,3.18848],[117.24612,3.18773],[117.24843,3.1861],[117.2494,3.18535],[117.25005,3.18485],[117.25123,3.18404],[117.25235,3.18341],[117.25429,3.1826],[117.25597,3.18224],[117.25609,3.18222],[117.25665,3.18216],[117.25931,3.18197],[117.26064,3.18187],[117.26074,3.18182],[117.26145,3.18143],[117.26263,3.18093],[117.26317,3.18102],[117.26344,3.18106],[117.26353,3.1811],[117.26419,3.18143],[117.26464,3.1814],[117.26507,3.18138],[117.26582,3.18101],[117.26625,3.18081],[117.26637,3.18138],[117.26637,3.18139],[117.26637,3.18181],[117.26637,3.18181],[117.2665,3.182],[117.26661,3.18216],[117.26697,3.18252],[117.26714,3.1827],[117.26833,3.18307],[117.26971,3.18358],[117.2709,3.18402],[117.27389,3.18582],[117.27596,3.18707],[117.27721,3.18833],[117.27804,3.18952],[117.27911,3.19066],[117.28275,3.19449],[117.28436,3.19611],[117.28588,3.19736],[117.28632,3.19772],[117.28681,3.19805],[117.29054,3.20056],[117.29096,3.20092],[117.2915,3.20122],[117.29173,3.2011],[117.29192,3.20074],[117.29233,3.20026],[117.29281,3.19978],[117.29322,3.19972],[117.29322,3.20008],[117.29322,3.20068],[117.29287,3.20092],[117.29263,3.20115],[117.29245,3.20158],[117.29239,3.20218],[117.29269,3.20266],[117.29305,3.20313],[117.29328,3.20355],[117.29353,3.20385],[117.2937,3.20385],[117.29394,3.20385],[117.29597,3.20481],[117.29918,3.2066],[117.30162,3.20798],[117.30275,3.20828],[117.304,3.20845],[117.30495,3.20845],[117.30555,3.20828],[117.30595,3.20807],[117.30704,3.2075],[117.30769,3.20684],[117.31019,3.20561],[117.30937,3.20395],[117.30919,3.20221],[117.30936,3.20095],[117.30972,3.19946],[117.31124,3.19482],[117.31141,3.19425],[117.31186,3.19292],[117.31213,3.19193],[117.31219,3.19171],[117.31239,3.19095],[117.31242,3.19074],[117.31275,3.18934],[117.31285,3.18914],[117.31288,3.18907],[117.31298,3.18887],[117.31317,3.18845],[117.31369,3.18797],[117.31386,3.18782],[117.31415,3.18732],[117.31471,3.18637],[117.31493,3.18599],[117.31527,3.1852],[117.31546,3.18477],[117.3155,3.18466],[117.31561,3.18441],[117.31577,3.18359],[117.31598,3.18294],[117.31603,3.18261],[117.31597,3.18245],[117.31589,3.1824],[117.31579,3.18234],[117.31566,3.1823],[117.31558,3.18227],[117.3154,3.18215],[117.31542,3.182],[117.31543,3.18198],[117.3155,3.18181],[117.31552,3.18178],[117.31557,3.1817],[117.31566,3.18154],[117.31602,3.18106],[117.31615,3.18083],[117.31683,3.17965],[117.31715,3.17909],[117.31731,3.17865],[117.31737,3.17847],[117.31765,3.17771],[117.31786,3.17663],[117.31794,3.17614],[117.318,3.17566],[117.31803,3.17543],[117.31815,3.17463],[117.3182,3.17432],[117.3182,3.1743],[117.3185,3.17236],[117.31862,3.17105],[117.31869,3.17016],[117.31862,3.16947],[117.31855,3.16928],[117.31853,3.16909],[117.3185,3.16885],[117.31851,3.16851],[117.31856,3.16797],[117.31843,3.16742],[117.31819,3.16717],[117.31818,3.16716],[117.3173,3.16634],[117.31655,3.16572],[117.31611,3.16543],[117.31649,3.16496],[117.31637,3.16488],[117.31554,3.16426],[117.31406,3.16395],[117.31268,3.16366],[117.30959,3.16366],[117.30774,3.16344],[117.30655,3.16331],[117.30381,3.16271],[117.30236,3.16264],[117.30113,3.16258],[117.30011,3.16265],[117.29899,3.16271],[117.29825,3.16243],[117.29738,3.16211],[117.2968,3.16188],[117.29619,3.16164],[117.29416,3.16146],[117.29295,3.16417],[117.28903,3.17071],[117.28275,3.17176],[117.27961,3.17019],[117.27412,3.17019],[117.26967,3.17124],[117.25554,3.17176],[117.23932,3.16731],[117.23723,3.1647],[117.23095,3.15528],[117.22991,3.15345],[117.22363,3.13645],[117.20808,3.13031],[117.20506,3.12912],[117.2008,3.12923],[117.20112,3.12848],[117.20111,3.12849],[117.19879,3.12929],[117.19861,3.12935],[117.19863,3.12929],[117.19863,3.12929],[117.19524,3.12938],[117.19501,3.12939]]]]},"properties":{"kdprov":"65","kdkab":"02","kdkec":"090","kddesa":"005","kdsls":"2002","idsls":"65020900052002","nmprov":"KALIMANTAN UTARA","nmkab":"BULUNGAN","nmkec":"SEKATAK","nmdesa":"SEKATAK BENGARA","nmsls":"HUTAN"}},{"type":"Feature","geometry":{"type":"MultiPolygon","coordinates":[[[[117.17495,3.16782],[117.17586,3.16761],[117.1765,3.16745],[117.17659,3.16667],[117.17659,3.16667],[117.17558,3.16423],[117.17424,3.16464],[117.17424,3.16499],[117.17427,3.16589],[117.17451,3.16667],[117.17492,3.16774],[117.17495,3.16782]]]]},"properties":{"kdprov":"65","kdkab":"02","kdkec":"090","kddesa":"005","kdsls":"0002","idsls":"65020900050002","nmprov":"KALIMANTAN UTARA","nmkab":"BULUNGAN","nmkec":"SEKATAK","nmdesa":"SEKATAK BENGARA","nmsls":"RT 002"}},{"type":"Feature","geometry":{"type":"MultiPolygon","coordinates":[[[[117.17234,3.17996],[117.1711,3.18015],[117.17096,3.18025],[117.17053,3.18054],[117.17028,3.18072],[117.16993,3.18175],[117.16961,3.18275],[117.16928,3.18309],[117.16851,3.18324],[117.16786,3.18363],[117.16704,3.18446],[117.16629,3.18582],[117.16517,3.18796],[117.16473,3.18874],[117.16323,3.19012],[117.1625,3.19063],[117.16349,3.19156],[117.16644,3.18851],[117.17236,3.18133],[117.17236,3.18133],[117.17236,3.18127],[117.17233,3.18056],[117.17234,3.17996]]]]},"properties":{"kdprov":"65","kdkab":"02","kdkec":"090","kddesa":"006","kdsls":"0002","idsls":"65020900060002","nmprov":"KALIMANTAN UTARA","nmkab":"BULUNGAN","nmkec":"SEKATAK","nmdesa":"PENTIAN","nmsls":"RT 002"}},{"type":"Feature","geometry":{"type":"MultiPolygon","coordinates":[[[[117.07736,3.29055],[117.07736,3.29055],[117.07734,3.29048],[117.07734,3.29048],[117.07729,3.29022],[117.07741,3.28983],[117.07723,3.28924],[117.07709,3.2889],[117.077,3.28824],[117.07697,3.28751],[117.07616,3.28415],[117.07614,3.28405],[117.07575,3.28315],[117.07564,3.28291],[117.07556,3.28271],[117.07561,3.28251],[117.07563,3.28241],[117.07576,3.28227],[117.07544,3.28175],[117.07486,3.28078],[117.07454,3.2801],[117.07454,3.2776],[117.07454,3.2776],[117.07311,3.27102],[117.06011,3.27303],[117.0708,3.28231],[117.0729,3.28609],[117.07716,3.29053],[117.07721,3.2906],[117.07736,3.29055]]]]},"properties":{"kdprov":"65","kdkab":"02","kdkec":"090","kddesa":"003","kdsls":"0003","idsls":"65020900030003","nmprov":"KALIMANTAN UTARA","nmkab":"BULUNGAN","nmkec":"SEKATAK","nmdesa":"TERINDAK","nmsls":"RT 003"}},{"type":"Feature","geometry":{"type":"MultiPolygon","coordinates":[[[[117.17455,3.17852],[117.17453,3.17852],[117.17453,3.17852],[117.17473,3.17916],[117.17473,3.17916],[117.17488,3.17961],[117.17236,3.18133],[117.17236,3.18133],[117.16644,3.18851],[117.16349,3.19156],[117.1625,3.19063],[117.16182,3.19111],[117.16152,3.19245],[117.16141,3.19392],[117.16111,3.1953],[117.16105,3.19644],[117.16061,3.19692],[117.15951,3.19717],[117.15894,3.19695],[117.15816,3.19634],[117.15668,3.19516],[117.15623,3.19486],[117.15587,3.19475],[117.15513,3.1949],[117.15245,3.19686],[117.15141,3.19704],[117.15081,3.19754],[117.14932,3.1986],[117.14877,3.19859],[117.14816,3.19833],[117.14614,3.19641],[117.14441,3.19418],[117.14345,3.19341],[117.14293,3.19332],[117.14213,3.19349],[117.14144,3.19395],[117.14067,3.1954],[117.13937,3.19593],[117.13934,3.19593],[117.13983,3.19677],[117.14046,3.19804],[117.14095,3.19948],[117.1414,3.20091],[117.14189,3.20236],[117.1428,3.20367],[117.14369,3.20496],[117.14459,3.20627],[117.14499,3.20679],[117.14544,3.20774],[117.14611,3.20917],[117.14678,3.2107],[117.14751,3.21216],[117.14824,3.2136],[117.14895,3.21505],[117.14968,3.21645],[117.15037,3.21788],[117.15114,3.21939],[117.15184,3.22075],[117.15259,3.2222],[117.15332,3.22365],[117.15406,3.22512],[117.15483,3.2266],[117.15564,3.22812],[117.15643,3.2296],[117.15721,3.23108],[117.15801,3.23258],[117.15878,3.23402],[117.15957,3.23548],[117.16036,3.23695],[117.16114,3.23843],[117.162,3.23987],[117.16288,3.24124],[117.16371,3.24246],[117.16438,3.242],[117.16604,3.24085],[117.16787,3.24018],[117.16997,3.2394],[117.17198,3.23869],[117.17394,3.23814],[117.17587,3.2376],[117.17795,3.2383],[117.17986,3.23831],[117.18118,3.23788],[117.18257,3.23706],[117.18377,3.23729],[117.18467,3.23767],[117.18494,3.23825],[117.18501,3.23746],[117.18509,3.23636],[117.18606,3.23619],[117.18685,3.23664],[117.18739,3.23686],[117.18772,3.23661],[117.18741,3.23589],[117.18762,3.23533],[117.18806,3.23515],[117.18863,3.23572],[117.18877,3.23677],[117.1893,3.23652],[117.1895,3.23621],[117.1895,3.23572],[117.18979,3.23543],[117.19019,3.23531],[117.19077,3.23475],[117.19092,3.23398],[117.19127,3.23299],[117.19155,3.23216],[117.19178,3.23193],[117.19275,3.23096],[117.19365,3.23009],[117.19436,3.22908],[117.19508,3.22807],[117.1961,3.22733],[117.19721,3.22656],[117.19794,3.22608],[117.19829,3.22561],[117.19891,3.22479],[117.19966,3.22378],[117.20063,3.2228],[117.20147,3.22196],[117.20234,3.22111],[117.20275,3.2208],[117.1959,3.21044],[117.19113,3.20275],[117.18899,3.19758],[117.188,3.1949],[117.18352,3.18308],[117.18283,3.17971],[117.18116,3.17219],[117.18111,3.17203],[117.1811,3.17201],[117.18105,3.17186],[117.18087,3.17216],[117.18065,3.1721],[117.18057,3.17219],[117.18013,3.17266],[117.18001,3.17337],[117.17964,3.17355],[117.17813,3.17398],[117.17785,3.1741],[117.17712,3.17441],[117.17606,3.17613],[117.17568,3.17741],[117.17495,3.17833],[117.17455,3.17852]]]]},"properties":{"kdprov":"65","kdkab":"02","kdkec":"090","kddesa":"006","kdsls":"2001","idsls":"65020900062001","nmprov":"KALIMANTAN UTARA","nmkab":"BULUNGAN","nmkec":"SEKATAK","nmdesa":"PENTIAN","nmsls":"HUTAN"}},{"type":"Feature","geometry":{"type":"MultiPolygon","coordinates":[[[[117.06437,3.32033],[117.06436,3.32028],[117.06428,3.32004],[117.06407,3.31952],[117.06391,3.31917],[117.06299,3.31955],[117.06288,3.31976],[117.06289,3.32023],[117.06336,3.32104],[117.06336,3.32104],[117.06336,3.32104],[117.06337,3.32112],[117.06437,3.32033]]]]},"properties":{"kdprov":"65","kdkab":"02","kdkec":"090","kddesa":"018","kdsls":"0002","idsls":"65020900180002","nmprov":"KALIMANTAN UTARA","nmkab":"BULUNGAN","nmkec":"SEKATAK","nmdesa":"MARITAM","nmsls":"RT 002"}},{"type":"Feature","geometry":{"type":"MultiPolygon","coordinates":[[[[117.2449,3.21491],[117.24484,3.21485],[117.24412,3.21422],[117.24391,3.21405],[117.24318,3.21377],[117.24228,3.21343],[117.24137,3.21309],[117.24044,3.21273],[117.23964,3.21243],[117.23886,3.21214],[117.23804,3.21182],[117.2373,3.21155],[117.23654,3.21126],[117.23615,3.21112],[117.23541,3.21104],[117.23439,3.21094],[117.23344,3.21083],[117.23233,3.21072],[117.23129,3.21061],[117.23071,3.21054],[117.22963,3.21075],[117.2287,3.21093],[117.22779,3.21111],[117.22677,3.2113],[117.22589,3.21147],[117.22501,3.21164],[117.22427,3.21178],[117.22357,3.21191],[117.22313,3.21201],[117.22247,3.21217],[117.22184,3.21234],[117.22106,3.21253],[117.22034,3.21271],[117.21958,3.21289],[117.21837,3.2132],[117.21766,3.21337],[117.21654,3.21366],[117.21596,3.2138],[117.21516,3.21401],[117.21377,3.21465],[117.21203,3.21547],[117.21025,3.21627],[117.20862,3.21698],[117.20691,3.2177],[117.2056,3.21863],[117.20451,3.21941],[117.20356,3.22018],[117.20275,3.2208],[117.20234,3.22111],[117.20147,3.22196],[117.20063,3.2228],[117.19966,3.22378],[117.19891,3.22479],[117.19829,3.22561],[117.19794,3.22608],[117.19721,3.22656],[117.1961,3.22733],[117.19508,3.22807],[117.19436,3.22908],[117.19365,3.23009],[117.19275,3.23096],[117.19178,3.23193],[117.19155,3.23216],[117.19127,3.23299],[117.19092,3.23398],[117.19077,3.23475],[117.19019,3.23531],[117.18979,3.23543],[117.1895,3.23572],[117.1895,3.23621],[117.1893,3.23652],[117.18877,3.23677],[117.18863,3.23572],[117.18806,3.23515],[117.18762,3.23533],[117.18741,3.23589],[117.18772,3.23661],[117.18739,3.23686],[117.18685,3.23664],[117.18606,3.23619],[117.18509,3.23636],[117.18501,3.23746],[117.18494,3.23825],[117.18467,3.23767],[117.18377,3.23729],[117.18257,3.23706],[117.18118,3.23788],[117.17986,3.23831],[117.17795,3.2383],[117.17587,3.2376],[117.17394,3.23814],[117.17198,3.23869],[117.16997,3.2394],[117.16787,3.24018],[117.16604,3.24085],[117.16438,3.242],[117.16371,3.24246],[117.1629,3.24303],[117.16164,3.24392],[117.16062,3.24507],[117.15961,3.24616],[117.1586,3.24726],[117.15723,3.24834],[117.15572,3.24945],[117.15508,3.24995],[117.15457,3.2506],[117.15396,3.25132],[117.15367,3.2525],[117.15156,3.25323],[117.15104,3.25347],[117.15098,3.25396],[117.15218,3.25423],[117.15314,3.25486],[117.15278,3.25546],[117.15264,3.25566],[117.1517,3.25636],[117.15207,3.25689],[117.15318,3.25689],[117.1549,3.25792],[117.15565,3.25835],[117.15632,3.25914],[117.15662,3.25952],[117.15684,3.25937],[117.15727,3.25937],[117.15808,3.25956],[117.15958,3.25956],[117.16039,3.25925],[117.16382,3.25712],[117.16662,3.25517],[117.16961,3.25374],[117.17038,3.25324],[117.17154,3.25249],[117.17243,3.25164],[117.17273,3.25136],[117.17295,3.25119],[117.17348,3.25079],[117.17528,3.24951],[117.17572,3.24898],[117.17616,3.24844],[117.1764,3.24832],[117.17696,3.24819],[117.17767,3.24808],[117.17815,3.24801],[117.17921,3.24807],[117.18008,3.24807],[117.18064,3.24813],[117.18089,3.24807],[117.18118,3.24777],[117.18151,3.24744],[117.18188,3.24694],[117.18188,3.24694],[117.18188,3.24694],[117.18189,3.24694],[117.18257,3.24587],[117.18272,3.24561],[117.18282,3.24544],[117.18302,3.24529],[117.18326,3.24512],[117.1835,3.24512],[117.18353,3.2453],[117.18357,3.24562],[117.18357,3.24563],[117.18347,3.24591],[117.18344,3.246],[117.1832,3.24681],[117.18314,3.24694],[117.18301,3.24726],[117.18268,3.24763],[117.18263,3.24769],[117.18214,3.24825],[117.18194,3.24857],[117.18182,3.24876],[117.1818,3.24887],[117.18176,3.24907],[117.18176,3.24907],[117.18176,3.24907],[117.18189,3.24938],[117.18195,3.24951],[117.18245,3.24963],[117.1832,3.24957],[117.18394,3.24938],[117.18469,3.24913],[117.18554,3.24902],[117.18656,3.24888],[117.18913,3.24856],[117.18955,3.2485],[117.19029,3.24856],[117.19286,3.24876],[117.19379,3.24888],[117.1951,3.24938],[117.19628,3.24944],[117.19759,3.24944],[117.19821,3.24951],[117.1989,3.2497],[117.20234,3.25037],[117.2032,3.25054],[117.20675,3.25116],[117.20768,3.25074],[117.20787,3.25066],[117.20793,3.25061],[117.20824,3.25034],[117.20875,3.24972],[117.2095,3.24891],[117.2103,3.24809],[117.21042,3.24798],[117.21086,3.24753],[117.21273,3.24603],[117.21317,3.2457],[117.21323,3.24565],[117.21344,3.24549],[117.21404,3.24502],[117.21523,3.24434],[117.21581,3.24407],[117.21591,3.24402],[117.21703,3.24383],[117.21828,3.24364],[117.21917,3.24339],[117.2194,3.24333],[117.22121,3.24245],[117.22246,3.24183],[117.22283,3.24177],[117.22392,3.24143],[117.22538,3.24098],[117.22744,3.24035],[117.22763,3.24032],[117.23025,3.23992],[117.23238,3.24013],[117.2333,3.24022],[117.2339,3.24037],[117.2346,3.24054],[117.23522,3.24093],[117.23548,3.2411],[117.23599,3.24118],[117.23666,3.24129],[117.23735,3.24129],[117.23781,3.24118],[117.23816,3.2411],[117.23835,3.24104],[117.23922,3.24073],[117.24071,3.24036],[117.24103,3.24029],[117.2415,3.24016],[117.2429,3.23979],[117.2447,3.23904],[117.24701,3.23797],[117.25124,3.23681],[117.25293,3.236],[117.25623,3.23424],[117.2566,3.23411],[117.25922,3.23323],[117.2609,3.23248],[117.26159,3.2322],[117.26228,3.23192],[117.26259,3.23179],[117.26302,3.23123],[117.26302,3.23123],[117.26297,3.23094],[117.26296,3.23092],[117.26202,3.23079],[117.26146,3.23065],[117.26053,3.23042],[117.26015,3.23017],[117.26015,3.23017],[117.26015,3.23017],[117.26013,3.23014],[117.25984,3.22979],[117.25941,3.22916],[117.25918,3.22883],[117.25866,3.22804],[117.25716,3.22622],[117.2566,3.22535],[117.25579,3.22397],[117.25473,3.2229],[117.25379,3.22203],[117.25363,3.22195],[117.25274,3.22152],[117.25201,3.22134],[117.25174,3.22128],[117.25132,3.22112],[117.25056,3.22083],[117.24976,3.22056],[117.24881,3.22025],[117.24794,3.22012],[117.24744,3.21999],[117.24723,3.21989],[117.24675,3.21968],[117.24653,3.21954],[117.24625,3.21937],[117.24588,3.21868],[117.24572,3.21827],[117.24572,3.21827],[117.24572,3.21827],[117.24572,3.21827],[117.24563,3.21805],[117.24563,3.21805],[117.24576,3.21723],[117.24563,3.21636],[117.24551,3.21561],[117.24551,3.21561],[117.24551,3.21548],[117.24551,3.21548],[117.24557,3.21549],[117.24526,3.21523],[117.2449,3.21491]]],[[[117.24602,3.2423],[117.24599,3.24233],[117.24593,3.24238],[117.24586,3.24292],[117.24585,3.24299],[117.24602,3.24351],[117.24628,3.24368],[117.24672,3.24381],[117.24713,3.24394],[117.24757,3.24404],[117.24824,3.24419],[117.25032,3.24438],[117.25116,3.24445],[117.25171,3.24444],[117.25278,3.24443],[117.25361,3.24442],[117.2543,3.24441],[117.25484,3.2444],[117.25632,3.24437],[117.25706,3.24436],[117.25767,3.24385],[117.25775,3.24333],[117.25775,3.24333],[117.25749,3.24272],[117.25603,3.24187],[117.25261,3.24169],[117.24918,3.24187],[117.24628,3.24204],[117.24614,3.24218],[117.24606,3.24226],[117.24602,3.2423],[117.24602,3.2423]]]]},"properties":{"kdprov":"65","kdkab":"02","kdkec":"090","kddesa":"021","kdsls":"5001","idsls":"65020900215001","nmprov":"KALIMANTAN UTARA","nmkab":"BULUNGAN","nmkec":"SEKATAK","nmdesa":"SEKATAK BUJI","nmsls":"TAMBANG"}},{"type":"Feature","geometry":{"type":"MultiPolygon","coordinates":[[[[117.17453,3.17852],[117.1741,3.17769],[117.17377,3.17666],[117.17358,3.17595],[117.17326,3.1758],[117.17326,3.17577],[117.17303,3.17581],[117.17262,3.17564],[117.17227,3.17495],[117.17241,3.17995],[117.17234,3.17996],[117.17233,3.18056],[117.17236,3.18127],[117.17236,3.18133],[117.17488,3.17961],[117.17473,3.17916],[117.17473,3.17916],[117.17453,3.17852]]]]},"properties":{"kdprov":"65","kdkab":"02","kdkec":"090","kddesa":"006","kdsls":"0003","idsls":"65020900060003","nmprov":"KALIMANTAN UTARA","nmkab":"BULUNGAN","nmkec":"SEKATAK","nmdesa":"PENTIAN","nmsls":"RT 003"}},{"type":"Feature","geometry":{"type":"MultiPolygon","coordinates":[[[[117.07734,3.30569],[117.0772,3.30577],[117.07716,3.3058],[117.07652,3.30575],[117.07645,3.3067],[117.07649,3.30683],[117.07649,3.30776],[117.07649,3.30776],[117.07649,3.30777],[117.07672,3.30789],[117.07669,3.30824],[117.07669,3.30824],[117.07682,3.30826],[117.07689,3.30828],[117.07689,3.30818],[117.0769,3.30814],[117.07695,3.30792],[117.07696,3.30778],[117.0772,3.30784],[117.07739,3.30783],[117.07737,3.30606],[117.07734,3.30569]]]]},"properties":{"kdprov":"65","kdkab":"02","kdkec":"090","kddesa":"007","kdsls":"0001","idsls":"65020900070001","nmprov":"KALIMANTAN UTARA","nmkab":"BULUNGAN","nmkec":"SEKATAK","nmdesa":"AMBALAT","nmsls":"RT 001"}},{"type":"Feature","geometry":{"type":"MultiPolygon","coordinates":[[[[117.0757,3.30734],[117.0756,3.3073],[117.0756,3.30655],[117.0756,3.306],[117.0756,3.3057],[117.07436,3.30568],[117.07436,3.3057],[117.07189,3.30537],[117.07189,3.3058],[117.07436,3.30731],[117.07436,3.30734],[117.07457,3.30738],[117.07457,3.30752],[117.07468,3.30758],[117.07501,3.30776],[117.07548,3.30781],[117.07563,3.30783],[117.0757,3.30735],[117.0757,3.30734]]]]},"properties":{"kdprov":"65","kdkab":"02","kdkec":"090","kddesa":"008","kdsls":"0001","idsls":"65020900080001","nmprov":"KALIMANTAN UTARA","nmkab":"BULUNGAN","nmkec":"SEKATAK","nmdesa":"KENDARI","nmsls":"RT 001"}},{"type":"Feature","geometry":{"type":"MultiPolygon","coordinates":[[[[117.06663,3.32171],[117.06713,3.32275],[117.06713,3.32275],[117.06714,3.32277],[117.06736,3.32266],[117.06766,3.32247],[117.06785,3.32231],[117.0681,3.32201],[117.06825,3.32178],[117.06836,3.32156],[117.06845,3.32139],[117.06791,3.32084],[117.06712,3.32149],[117.06663,3.32171]]]]},"properties":{"kdprov":"65","kdkab":"02","kdkec":"090","kddesa":"019","kdsls":"0001","idsls":"65020900190001","nmprov":"KALIMANTAN UTARA","nmkab":"BULUNGAN","nmkec":"SEKATAK","nmdesa":"TURUNG","nmsls":"RT 001"}},{"type":"Feature","geometry":{"type":"MultiPolygon","coordinates":[[[[117.10315,3.2026],[117.10283,3.20186],[117.10249,3.20087],[117.10226,3.20052],[117.10148,3.19971],[117.10129,3.19945],[117.10119,3.1989],[117.10129,3.19845],[117.10144,3.19802],[117.10175,3.19757],[117.1021,3.19743],[117.10241,3.19753],[117.10283,3.19803],[117.10335,3.19844],[117.1043,3.1988],[117.10525,3.19902],[117.10626,3.19923],[117.10684,3.19921],[117.1073,3.19915],[117.10759,3.19897],[117.10772,3.19872],[117.10775,3.19833],[117.10762,3.19785],[117.10705,3.19732],[117.10587,3.19626],[117.10556,3.19594],[117.10552,3.19594],[117.10475,3.19603],[117.10102,3.19644],[117.09778,3.1967],[117.09477,3.19681],[117.09273,3.19693],[117.09075,3.19672],[117.08771,3.19638],[117.08682,3.19628],[117.08351,3.19672],[117.08087,3.1971],[117.07955,3.1973],[117.07954,3.19726],[117.07862,3.19742],[117.07701,3.19765],[117.07542,3.19771],[117.07298,3.19783],[117.07209,3.19799],[117.06827,3.19862],[117.06917,3.2],[117.07043,3.20186],[117.07172,3.2039],[117.07298,3.20576],[117.07425,3.20775],[117.07549,3.2096],[117.07665,3.21134],[117.07696,3.21166],[117.07844,3.21299],[117.07913,3.21364],[117.0811,3.21569],[117.08369,3.21686],[117.08392,3.21768],[117.0842,3.21883],[117.08397,3.21974],[117.08344,3.22168],[117.08369,3.22296],[117.08589,3.22401],[117.086,3.22464],[117.08622,3.22636],[117.08615,3.22668],[117.08571,3.22835],[117.08575,3.22857],[117.08602,3.22954],[117.08678,3.23051],[117.0879,3.23113],[117.08838,3.23156],[117.09009,3.23306],[117.09039,3.2335],[117.09159,3.2353],[117.09161,3.23565],[117.09176,3.23768],[117.09204,3.23974],[117.09236,3.24185],[117.0926,3.24384],[117.09294,3.24593],[117.09331,3.2474],[117.0934,3.24775],[117.09433,3.24859],[117.09532,3.24907],[117.0956,3.2493],[117.09615,3.24976],[117.09668,3.25029],[117.09689,3.25052],[117.09735,3.25106],[117.09789,3.25169],[117.09888,3.25283],[117.09895,3.25311],[117.10029,3.25446],[117.10061,3.25465],[117.10178,3.256],[117.10242,3.25659],[117.10328,3.25763],[117.10439,3.25864],[117.10619,3.25984],[117.10593,3.26091],[117.10702,3.26165],[117.10805,3.26202],[117.10809,3.26245],[117.10757,3.26323],[117.10748,3.26445],[117.10852,3.26448],[117.10956,3.26377],[117.11069,3.26289],[117.11235,3.26271],[117.11277,3.26311],[117.11273,3.26397],[117.1124,3.26441],[117.11148,3.26564],[117.11181,3.26606],[117.11301,3.26732],[117.1131,3.268],[117.11244,3.27002],[117.11179,3.27167],[117.11157,3.27329],[117.11282,3.27522],[117.11323,3.27468],[117.11451,3.27469],[117.11574,3.27426],[117.11739,3.27458],[117.11754,3.27536],[117.11733,3.27586],[117.11675,3.27697],[117.11586,3.27787],[117.11579,3.27914],[117.11605,3.28022],[117.11635,3.28148],[117.1166,3.28242],[117.11714,3.28287],[117.11765,3.28327],[117.11866,3.28416],[117.11994,3.28281],[117.12153,3.28187],[117.12375,3.28055],[117.12456,3.28013],[117.12456,3.28013],[117.12497,3.27992],[117.12484,3.27803],[117.12531,3.27578],[117.1257,3.27353],[117.12579,3.27317],[117.12573,3.27124],[117.12563,3.26909],[117.12552,3.26674],[117.12545,3.26455],[117.12536,3.26232],[117.1253,3.26031],[117.12318,3.2582],[117.12119,3.2562],[117.11906,3.25393],[117.11697,3.25183],[117.11509,3.2499],[117.11467,3.24959],[117.11218,3.24769],[117.11082,3.2467],[117.10906,3.24454],[117.1083,3.24363],[117.10836,3.24203],[117.10869,3.24105],[117.10861,3.2407],[117.1085,3.24018],[117.10821,3.23938],[117.10835,3.2384],[117.10857,3.23781],[117.10879,3.23674],[117.1084,3.23612],[117.10765,3.23589],[117.1074,3.23562],[117.10745,3.23496],[117.10813,3.23415],[117.10851,3.23297],[117.10865,3.23206],[117.10877,3.23093],[117.10948,3.22998],[117.10969,3.22902],[117.10946,3.22804],[117.10947,3.22781],[117.10941,3.22747],[117.10965,3.2265],[117.10962,3.22592],[117.10947,3.22529],[117.10867,3.22487],[117.10814,3.22428],[117.10783,3.22356],[117.10667,3.22221],[117.10517,3.22082],[117.10396,3.22055],[117.10301,3.22074],[117.10252,3.22191],[117.10206,3.22209],[117.10146,3.22206],[117.10123,3.2218],[117.10101,3.22098],[117.1013,3.21996],[117.10186,3.21883],[117.10197,3.21764],[117.10171,3.21719],[117.10163,3.21681],[117.10162,3.21641],[117.10234,3.21477],[117.10267,3.21393],[117.10301,3.21348],[117.10395,3.21301],[117.10469,3.21226],[117.10506,3.21142],[117.10507,3.21039],[117.10482,3.20974],[117.10473,3.20871],[117.10441,3.20759],[117.10438,3.20748],[117.10438,3.20748],[117.10318,3.20674],[117.10285,3.20598],[117.10277,3.20532],[117.1029,3.20431],[117.10304,3.20352],[117.10317,3.20292],[117.10315,3.2026]]]]},"properties":{"kdprov":"65","kdkab":"02","kdkec":"090","kddesa":"008","kdsls":"2001","idsls":"65020900082001","nmprov":"KALIMANTAN UTARA","nmkab":"BULUNGAN","nmkec":"SEKATAK","nmdesa":"KENDARI","nmsls":"HUTAN"}},{"type":"Feature","geometry":{"type":"MultiPolygon","coordinates":[[[[117.07689,3.30818],[117.07689,3.30828],[117.07682,3.30826],[117.0768,3.30893],[117.07686,3.30922],[117.07749,3.30932],[117.07809,3.30937],[117.07866,3.30935],[117.0789,3.30919],[117.07898,3.30881],[117.07898,3.30881],[117.07908,3.30853],[117.0791,3.30844],[117.07865,3.30839],[117.07689,3.30818]]]]},"properties":{"kdprov":"65","kdkab":"02","kdkec":"090","kddesa":"009","kdsls":"0001","idsls":"65020900090001","nmprov":"KALIMANTAN UTARA","nmkab":"BULUNGAN","nmkec":"SEKATAK","nmdesa":"KELINCAWAN","nmsls":"RT 001"}},{"type":"Feature","geometry":{"type":"MultiPolygon","coordinates":[[[[117.07739,3.30783],[117.0772,3.30784],[117.07696,3.30778],[117.07695,3.30792],[117.0769,3.30814],[117.07689,3.30818],[117.07865,3.30839],[117.0791,3.30844],[117.07917,3.30819],[117.07918,3.30794],[117.07919,3.30762],[117.07923,3.30737],[117.07925,3.3071],[117.07927,3.30688],[117.07927,3.30688],[117.07863,3.30688],[117.07858,3.3074],[117.07757,3.30753],[117.07751,3.30754],[117.07751,3.30787],[117.0774,3.30783],[117.07739,3.30783]]]]},"properties":{"kdprov":"65","kdkab":"02","kdkec":"090","kddesa":"009","kdsls":"0002","idsls":"65020900090002","nmprov":"KALIMANTAN UTARA","nmkab":"BULUNGAN","nmkec":"SEKATAK","nmdesa":"KELINCAWAN","nmsls":"RT 002"}},{"type":"Feature","geometry":{"type":"MultiPolygon","coordinates":[[[[117.38331,3.32051],[117.38283,3.32018],[117.38242,3.31986],[117.3822,3.31959],[117.38103,3.31994],[117.38082,3.31998],[117.38005,3.3201],[117.37996,3.32039],[117.38006,3.32068],[117.38057,3.32081],[117.38119,3.32074],[117.38118,3.32072],[117.38277,3.32061],[117.38331,3.32051]]]]},"properties":{"kdprov":"65","kdkab":"02","kdkec":"090","kddesa":"022","kdsls":"0002","idsls":"65020900220002","nmprov":"KALIMANTAN UTARA","nmkab":"BULUNGAN","nmkec":"SEKATAK","nmdesa":"LIAGU","nmsls":"RT 002"}},{"type":"Feature","geometry":{"type":"MultiPolygon","coordinates":[[[[117.38119,3.32074],[117.38057,3.32081],[117.38006,3.32068],[117.37996,3.32039],[117.38005,3.3201],[117.38082,3.31998],[117.38064,3.3197],[117.38026,3.31887],[117.38051,3.31693],[117.38039,3.31673],[117.38021,3.3164],[117.38013,3.31608],[117.3801,3.31596],[117.38008,3.3159],[117.37989,3.31548],[117.37964,3.31503],[117.37947,3.31439],[117.3794,3.31412],[117.37938,3.31391],[117.37934,3.31377],[117.37917,3.31357],[117.37911,3.31328],[117.37904,3.31297],[117.37881,3.31228],[117.37823,3.31134],[117.37791,3.31074],[117.37755,3.31026],[117.37723,3.30992],[117.37678,3.30953],[117.3765,3.30922],[117.37632,3.30911],[117.37628,3.30909],[117.37616,3.30881],[117.37609,3.30864],[117.37589,3.30814],[117.37572,3.30772],[117.3755,3.30723],[117.37516,3.30663],[117.37489,3.30623],[117.37473,3.30605],[117.37456,3.30587],[117.37451,3.3057],[117.37416,3.30467],[117.37387,3.30381],[117.37386,3.30359],[117.37386,3.30354],[117.37384,3.30326],[117.3738,3.30293],[117.37369,3.30255],[117.3734,3.3022],[117.37295,3.30152],[117.37286,3.30138],[117.37283,3.30075],[117.3724,3.29976],[117.37199,3.29919],[117.37174,3.29859],[117.37156,3.29825],[117.37148,3.2981],[117.37119,3.2976],[117.37098,3.29733],[117.3708,3.29705],[117.37057,3.29687],[117.37042,3.29674],[117.37026,3.29665],[117.37013,3.29656],[117.36998,3.29648],[117.36983,3.29638],[117.36972,3.29632],[117.3696,3.29626],[117.36947,3.29626],[117.36937,3.29624],[117.36913,3.29613],[117.36889,3.29614],[117.36869,3.29612],[117.3685,3.29609],[117.36833,3.29609],[117.36823,3.29609],[117.3681,3.29608],[117.36795,3.29612],[117.36781,3.2961],[117.36754,3.2961],[117.36727,3.29614],[117.36724,3.29614],[117.36705,3.29617],[117.36691,3.29621],[117.36674,3.29624],[117.36652,3.29625],[117.36636,3.29628],[117.36616,3.29633],[117.36599,3.29634],[117.36585,3.29635],[117.36571,3.29642],[117.36557,3.29645],[117.36526,3.2965],[117.36476,3.29674],[117.36416,3.29682],[117.36336,3.29693],[117.36312,3.29696],[117.36261,3.29705],[117.36198,3.29713],[117.36121,3.29728],[117.36104,3.29729],[117.36073,3.29732],[117.36049,3.2973],[117.35991,3.29726],[117.35953,3.29727],[117.35884,3.2973],[117.35865,3.29729],[117.35816,3.29725],[117.35797,3.29724],[117.35776,3.29725],[117.35727,3.29734],[117.35706,3.2973],[117.35614,3.29707],[117.35604,3.29706],[117.35532,3.29694],[117.35498,3.29677],[117.35472,3.29654],[117.35455,3.29633],[117.35444,3.29618],[117.35432,3.29605],[117.35412,3.29611],[117.35414,3.29666],[117.35418,3.29678],[117.35411,3.2969],[117.35399,3.29684],[117.35392,3.29669],[117.35383,3.2964],[117.35373,3.29618],[117.35369,3.29606],[117.35359,3.29596],[117.35325,3.29589],[117.35296,3.29587],[117.35272,3.29585],[117.35236,3.29582],[117.35195,3.29577],[117.35151,3.29569],[117.35103,3.29564],[117.35059,3.29561],[117.35001,3.29559],[117.34958,3.29561],[117.3489,3.29558],[117.34829,3.29554],[117.34774,3.29554],[117.34748,3.29544],[117.34743,3.29544],[117.34691,3.29546],[117.34658,3.29558],[117.34634,3.2956],[117.34625,3.29566],[117.34611,3.29576],[117.3459,3.29593],[117.34568,3.29619],[117.34567,3.29621],[117.34544,3.29652],[117.34533,3.29671],[117.34515,3.29704],[117.34528,3.29732],[117.34551,3.2981],[117.34557,3.29829],[117.34579,3.29896],[117.34602,3.29977],[117.34602,3.29978],[117.34602,3.30047],[117.34602,3.3006],[117.34602,3.3006],[117.34605,3.30069],[117.34624,3.30111],[117.34646,3.30178],[117.34653,3.30213],[117.3466,3.30253],[117.3466,3.30253],[117.34656,3.30288],[117.34653,3.30312],[117.34646,3.30349],[117.34646,3.3035],[117.34646,3.30394],[117.34646,3.30395],[117.34639,3.30424],[117.34639,3.30424],[117.34645,3.30467],[117.34646,3.30476],[117.34646,3.30476],[117.34646,3.30476],[117.34636,3.30473],[117.34624,3.30469],[117.34579,3.30439],[117.34565,3.30386],[117.34565,3.30349],[117.34572,3.30275],[117.34578,3.30254],[117.34587,3.30224],[117.34587,3.30223],[117.34483,3.29956],[117.34471,3.299],[117.34468,3.29889],[117.34437,3.29842],[117.34429,3.29855],[117.34412,3.29881],[117.34397,3.29906],[117.3438,3.29934],[117.34351,3.29966],[117.3434,3.29972],[117.34315,3.29984],[117.34297,3.30001],[117.34271,3.30029],[117.34258,3.30029],[117.34188,3.30051],[117.34146,3.30072],[117.34107,3.30087],[117.34053,3.30048],[117.33989,3.30007],[117.33887,3.29996],[117.33838,3.3001],[117.33763,3.30035],[117.33728,3.30058],[117.33693,3.3009],[117.33669,3.30085],[117.33705,3.29994],[117.33671,3.29946],[117.33622,3.29943],[117.33587,3.29979],[117.33553,3.29973],[117.33514,3.29933],[117.33446,3.29908],[117.33382,3.299],[117.33347,3.29936],[117.33327,3.2999],[117.33331,3.30045],[117.33311,3.30094],[117.33286,3.30147],[117.3326,3.30196],[117.3324,3.30245],[117.33206,3.30277],[117.33186,3.30305],[117.33171,3.30334],[117.33132,3.3034],[117.33127,3.30319],[117.33172,3.30271],[117.33226,3.30198],[117.33266,3.30133],[117.33297,3.30055],[117.33298,3.29984],[117.33288,3.29962],[117.33254,3.29948],[117.33205,3.2997],[117.3317,3.30015],[117.33155,3.30052],[117.33141,3.30013],[117.33156,3.29984],[117.33166,3.2996],[117.33181,3.29931],[117.33206,3.29899],[117.33153,3.29871],[117.33104,3.29864],[117.33075,3.29879],[117.3305,3.29899],[117.33011,3.29909],[117.33007,3.29884],[117.33065,3.29858],[117.33085,3.29842],[117.33134,3.2984],[117.33154,3.2982],[117.33125,3.29781],[117.33081,3.29795],[117.33062,3.29777],[117.33086,3.29741],[117.33048,3.29705],[117.33038,3.29694],[117.33019,3.29674],[117.32965,3.29688],[117.32956,3.29675],[117.32985,3.29664],[117.33044,3.29667],[117.33049,3.29638],[117.33025,3.2962],[117.32991,3.29631],[117.32942,3.29645],[117.32903,3.29638],[117.32825,3.29659],[117.32796,3.29687],[117.32771,3.29723],[117.32745,3.29725],[117.32757,3.29697],[117.32791,3.29657],[117.32811,3.29629],[117.32879,3.29616],[117.32923,3.29606],[117.32952,3.29595],[117.32957,3.2957],[117.32919,3.29559],[117.32914,3.29534],[117.32963,3.29537],[117.33016,3.29565],[117.33064,3.29601],[117.33083,3.29606],[117.33111,3.2962],[117.33111,3.29619],[117.33112,3.29619],[117.33103,3.29586],[117.3307,3.29547],[117.33012,3.2951],[117.32949,3.29464],[117.32876,3.29452],[117.32832,3.29475],[117.32774,3.29476],[117.3274,3.29457],[117.32717,3.29409],[117.32722,3.29384],[117.32703,3.2935],[117.32737,3.29335],[117.32751,3.29369],[117.3277,3.29425],[117.32819,3.29423],[117.32857,3.29417],[117.32838,3.29382],[117.32805,3.29368],[117.328,3.29355],[117.32815,3.29343],[117.32873,3.29376],[117.32906,3.29399],[117.3295,3.29418],[117.32974,3.29436],[117.33008,3.29451],[117.33032,3.29465],[117.33099,3.29519],[117.33147,3.29576],[117.33181,3.29612],[117.33192,3.29624],[117.33224,3.2966],[117.33307,3.29703],[117.33394,3.29729],[117.33438,3.29744],[117.33456,3.29751],[117.33484,3.29761],[117.33492,3.29764],[117.33585,3.29794],[117.33722,3.29823],[117.33821,3.29828],[117.3388,3.29806],[117.3392,3.29775],[117.33934,3.29743],[117.33934,3.29743],[117.3393,3.2972],[117.33924,3.29709],[117.339,3.29689],[117.3385,3.29669],[117.33805,3.29647],[117.33772,3.29623],[117.33714,3.29571],[117.33677,3.29505],[117.33669,3.29477],[117.33666,3.29454],[117.33649,3.29439],[117.33626,3.29424],[117.33603,3.29405],[117.33595,3.29398],[117.33582,3.29378],[117.33557,3.29349],[117.33543,3.29333],[117.33533,3.2932],[117.33499,3.29272],[117.33475,3.29229],[117.33484,3.29229],[117.33492,3.29229],[117.33515,3.29261],[117.3356,3.29313],[117.33571,3.29331],[117.33597,3.2936],[117.33619,3.29372],[117.33649,3.29395],[117.33673,3.29412],[117.33687,3.29424],[117.33705,3.29449],[117.33731,3.29471],[117.33765,3.29491],[117.33808,3.29511],[117.33809,3.29511],[117.33853,3.29532],[117.33893,3.29549],[117.33949,3.29557],[117.33988,3.29561],[117.34006,3.29557],[117.34033,3.29546],[117.34041,3.29543],[117.34096,3.29527],[117.34162,3.29514],[117.34214,3.29506],[117.34224,3.29504],[117.34228,3.29503],[117.34252,3.29497],[117.34286,3.29485],[117.3432,3.29478],[117.34366,3.29471],[117.34406,3.29465],[117.34453,3.29456],[117.34535,3.29432],[117.34551,3.29421],[117.34573,3.29415],[117.34599,3.29406],[117.34632,3.29397],[117.34654,3.2939],[117.34687,3.29378],[117.34725,3.2937],[117.3474,3.29368],[117.34842,3.29349],[117.34891,3.29334],[117.34949,3.29328],[117.34993,3.29331],[117.35032,3.29331],[117.35083,3.29328],[117.35102,3.2933],[117.35119,3.29336],[117.35148,3.29337],[117.35196,3.29341],[117.35245,3.29341],[117.35269,3.29341],[117.35298,3.29343],[117.35346,3.29346],[117.35361,3.29347],[117.35414,3.2935],[117.35472,3.29364],[117.35498,3.29372],[117.3552,3.29375],[117.35559,3.29379],[117.35567,3.29379],[117.35593,3.29381],[117.35631,3.29403],[117.35674,3.29418],[117.35703,3.29424],[117.35705,3.29425],[117.35754,3.29435],[117.35874,3.2947],[117.35888,3.29471],[117.35905,3.29472],[117.35941,3.29477],[117.3597,3.29479],[117.36009,3.29482],[117.36079,3.29479],[117.36127,3.29475],[117.36136,3.29475],[117.36168,3.29473],[117.36226,3.29472],[117.36267,3.29456],[117.36282,3.29449],[117.36275,3.29435],[117.36274,3.29431],[117.36266,3.29405],[117.3628,3.29394],[117.36295,3.29392],[117.36312,3.29394],[117.36324,3.29402],[117.36331,3.29419],[117.36334,3.29423],[117.36347,3.29439],[117.36376,3.29448],[117.36426,3.29452],[117.36458,3.29451],[117.36496,3.29452],[117.36526,3.29446],[117.36542,3.29443],[117.36583,3.29445],[117.36621,3.29442],[117.36631,3.29441],[117.36638,3.29441],[117.36658,3.29442],[117.36677,3.29439],[117.36693,3.29435],[117.36701,3.29436],[117.36714,3.29429],[117.3674,3.29424],[117.36739,3.29416],[117.36739,3.29374],[117.36739,3.29334],[117.3671,3.29222],[117.36658,3.29111],[117.36584,3.29022],[117.36494,3.28873],[117.36443,3.28758],[117.36436,3.28676],[117.3645,3.28572],[117.3648,3.28505],[117.36554,3.28416],[117.3662,3.28334],[117.36642,3.28267],[117.3665,3.2823],[117.3665,3.28163],[117.36598,3.28134],[117.36539,3.28134],[117.36472,3.28134],[117.36391,3.28111],[117.36317,3.28074],[117.36258,3.28007],[117.36198,3.27881],[117.36154,3.2774],[117.36147,3.2765],[117.36132,3.27576],[117.36109,3.27502],[117.36073,3.27442],[117.35991,3.27368],[117.35865,3.27331],[117.35769,3.27301],[117.35695,3.27279],[117.35592,3.2725],[117.35496,3.2722],[117.35467,3.27249],[117.35466,3.2725],[117.35459,3.2726],[117.35452,3.27271],[117.35422,3.27368],[117.35392,3.27442],[117.35378,3.27464],[117.35362,3.27488],[117.35347,3.275],[117.35326,3.27516],[117.35266,3.27517],[117.35207,3.27509],[117.35126,3.27479],[117.35018,3.27438],[117.34993,3.27428],[117.34933,3.27384],[117.34911,3.27357],[117.34896,3.27338],[117.34871,3.27316],[117.3483,3.2728],[117.34781,3.2725],[117.34756,3.27234],[117.34615,3.27175],[117.34525,3.27126],[117.34519,3.27123],[117.34511,3.27117],[117.34401,3.27034],[117.34253,3.2693],[117.342,3.26905],[117.34127,3.26871],[117.34082,3.26825],[117.34075,3.26819],[117.34065,3.26794],[117.34045,3.26744],[117.34042,3.26714],[117.34039,3.26685],[117.34039,3.26685],[117.3404,3.26672],[117.34045,3.26633],[117.34045,3.26633],[117.34045,3.26566],[117.34061,3.26506],[117.34066,3.26486],[117.34075,3.26447],[117.3409,3.26387],[117.3409,3.26306],[117.3409,3.26306],[117.34089,3.26302],[117.34089,3.26302],[117.34083,3.26254],[117.34057,3.26223],[117.34045,3.26209],[117.34009,3.26202],[117.33979,3.26202],[117.33905,3.26209],[117.33858,3.26223],[117.33757,3.26254],[117.3369,3.26287],[117.33624,3.2632],[117.33582,3.2634],[117.33543,3.26358],[117.33503,3.26373],[117.33483,3.2638],[117.33465,3.26373],[117.33446,3.26365],[117.33432,3.26351],[117.33424,3.26343],[117.33424,3.26343],[117.33441,3.26339],[117.33453,3.26336],[117.33646,3.26254],[117.3371,3.26211],[117.33757,3.26179],[117.33868,3.26112],[117.33901,3.26099],[117.33942,3.26083],[117.3406,3.2609],[117.34112,3.2612],[117.34139,3.26134],[117.34156,3.26142],[117.34179,3.26209],[117.34191,3.26257],[117.34201,3.26298],[117.34208,3.26395],[117.34208,3.26395],[117.34179,3.26506],[117.34135,3.2661],[117.34127,3.2667],[117.34127,3.2667],[117.34138,3.26731],[117.34142,3.26752],[117.34171,3.26789],[117.34223,3.26818],[117.34415,3.26926],[117.34563,3.27],[117.34625,3.27035],[117.34697,3.27075],[117.34808,3.27157],[117.34822,3.27169],[117.34904,3.27238],[117.34951,3.27286],[117.34985,3.2732],[117.35052,3.27357],[117.35067,3.27364],[117.35104,3.27379],[117.35178,3.27372],[117.35192,3.27364],[117.35214,3.2735],[117.35244,3.27313],[117.35252,3.2727],[117.35258,3.27238],[117.35258,3.27238],[117.3524,3.27169],[117.35236,3.27156],[117.35232,3.27117],[117.35214,3.26933],[117.35229,3.26837],[117.35266,3.26718],[117.35347,3.26591],[117.35436,3.26495],[117.35599,3.26391],[117.35732,3.26346],[117.35865,3.26264],[117.35924,3.26197],[117.35969,3.26108],[117.36013,3.25996],[117.36042,3.25602],[117.36064,3.25387],[117.36012,3.25379],[117.35909,3.25379],[117.35746,3.2535],[117.35606,3.25268],[117.3548,3.25149],[117.35339,3.25015],[117.35162,3.24777],[117.35139,3.24689],[117.35132,3.24584],[117.35154,3.24509],[117.35184,3.24443],[117.35184,3.24376],[117.35199,3.24391],[117.35236,3.24472],[117.35236,3.24576],[117.35243,3.24636],[117.35273,3.2471],[117.35317,3.24755],[117.35458,3.24941],[117.35561,3.25082],[117.35658,3.25186],[117.35739,3.25238],[117.35872,3.25253],[117.36012,3.25253],[117.36094,3.25238],[117.36227,3.25186],[117.36353,3.25141],[117.36404,3.25082],[117.36404,3.25015],[117.36427,3.24918],[117.36478,3.24866],[117.36515,3.24822],[117.36611,3.24755],[117.36678,3.2471],[117.36752,3.24651],[117.36803,3.24561],[117.36833,3.24472],[117.36855,3.24346],[117.36915,3.24175],[117.36967,3.24122],[117.36989,3.24212],[117.36981,3.24234],[117.36959,3.24346],[117.36959,3.24457],[117.36937,3.24568],[117.36885,3.24695],[117.36752,3.24785],[117.36649,3.24889],[117.36597,3.2494],[117.3659,3.24993],[117.36567,3.25037],[117.36571,3.25121],[117.36742,3.25184],[117.36883,3.25262],[117.37007,3.25395],[117.37086,3.2552],[117.37171,3.25685],[117.37241,3.25896],[117.3728,3.26037],[117.37335,3.26186],[117.37444,3.26326],[117.37639,3.26507],[117.37763,3.266],[117.37896,3.26702],[117.37981,3.26756],[117.38091,3.26765],[117.38262,3.26765],[117.38503,3.26717],[117.38729,3.26647],[117.38886,3.26553],[117.3908,3.26404],[117.39228,3.26248],[117.39376,3.26076],[117.39469,3.25965],[117.39538,3.25896],[117.39593,3.2584],[117.39632,3.25778],[117.39683,3.25688],[117.39627,3.25619],[117.39582,3.25564],[117.39538,3.25507],[117.39509,3.25474],[117.39466,3.25451],[117.39431,3.25418],[117.39403,3.2536],[117.39383,3.25309],[117.39369,3.25258],[117.39351,3.2521],[117.39335,3.25155],[117.39319,3.25108],[117.39304,3.25081],[117.39273,3.25039],[117.3924,3.25],[117.3924,3.25],[117.3924,3.25],[117.39236,3.24991],[117.39224,3.24971],[117.39203,3.24957],[117.39188,3.24947],[117.39172,3.2493],[117.39157,3.2491],[117.3914,3.24892],[117.39124,3.24874],[117.39106,3.24855],[117.3909,3.24837],[117.39074,3.24817],[117.39056,3.24789],[117.39046,3.24774],[117.39031,3.24753],[117.39019,3.2473],[117.39008,3.24709],[117.38998,3.24688],[117.38986,3.24665],[117.38973,3.24644],[117.38961,3.24623],[117.3895,3.246],[117.38939,3.2458],[117.38928,3.2456],[117.38919,3.24538],[117.38908,3.24518],[117.38897,3.24498],[117.38886,3.24477],[117.38875,3.24458],[117.38865,3.2444],[117.38855,3.24419],[117.38846,3.24401],[117.38836,3.2438],[117.38826,3.24353],[117.38821,3.24344],[117.38808,3.24324],[117.38793,3.24307],[117.38773,3.24299],[117.38764,3.24299],[117.38759,3.24298],[117.38755,3.24298],[117.38746,3.24293],[117.38742,3.24286],[117.3874,3.24278],[117.38738,3.2427],[117.38735,3.24255],[117.38734,3.2425],[117.3873,3.24231],[117.38724,3.24213],[117.38717,3.24194],[117.3871,3.24171],[117.38704,3.2415],[117.38696,3.24129],[117.38686,3.24107],[117.38676,3.24091],[117.38661,3.24062],[117.38654,3.24042],[117.38646,3.24018],[117.38639,3.23995],[117.38633,3.23969],[117.38625,3.23945],[117.38615,3.23922],[117.38604,3.23897],[117.38593,3.23877],[117.38585,3.23869],[117.38579,3.23866],[117.38575,3.23863],[117.38572,3.23859],[117.38572,3.23859],[117.38572,3.23854],[117.38572,3.23849],[117.38572,3.23845],[117.38561,3.23827],[117.38553,3.2381],[117.3854,3.23789],[117.38526,3.23765],[117.38513,3.23741],[117.385,3.23717],[117.38489,3.23691],[117.38477,3.23667],[117.38465,3.23644],[117.38455,3.23619],[117.38442,3.23597],[117.38441,3.23595],[117.3843,3.23575],[117.38416,3.23552],[117.384,3.23531],[117.38384,3.23512],[117.38368,3.23494],[117.38353,3.23478],[117.38328,3.2347],[117.38313,3.23474],[117.38313,3.23474],[117.38307,3.23475],[117.383,3.23478],[117.3829,3.23481],[117.38279,3.23485],[117.38269,3.23488],[117.3826,3.23486],[117.3825,3.23483],[117.38247,3.23481],[117.38243,3.23477],[117.38242,3.23477],[117.38237,3.2347],[117.38235,3.23461],[117.38235,3.23452],[117.38233,3.23443],[117.38235,3.23434],[117.38235,3.23433],[117.38235,3.23425],[117.38232,3.23411],[117.38222,3.23396],[117.38206,3.23373],[117.38172,3.23316],[117.38145,3.23256],[117.38097,3.23165],[117.3805,3.23084],[117.3799,3.23017],[117.37914,3.2295],[117.37807,3.22904],[117.37664,3.22842],[117.3754,3.22814],[117.37469,3.22802],[117.37454,3.22799],[117.37388,3.22785],[117.37292,3.22739],[117.37188,3.22696],[117.37174,3.22691],[117.37142,3.22678],[117.37128,3.22672],[117.3711,3.22665],[117.3708,3.22653],[117.36957,3.22625],[117.36783,3.22608],[117.36559,3.22606],[117.36406,3.226],[117.36405,3.226],[117.36395,3.226],[117.36369,3.22603],[117.36348,3.22606],[117.36324,3.22607],[117.36297,3.22608],[117.36277,3.22609],[117.36256,3.22612],[117.36254,3.22612],[117.3623,3.22616],[117.36211,3.22621],[117.36192,3.22626],[117.36171,3.22628],[117.36149,3.22623],[117.36143,3.22604],[117.36142,3.22601],[117.36134,3.22581],[117.36108,3.22575],[117.36087,3.22579],[117.36086,3.2258],[117.36067,3.22583],[117.36042,3.22578],[117.36019,3.2257],[117.35999,3.22563],[117.35975,3.22554],[117.35952,3.22545],[117.35933,3.22536],[117.35908,3.2253],[117.35884,3.22525],[117.35863,3.22519],[117.35837,3.22514],[117.35813,3.22508],[117.35791,3.22503],[117.35765,3.22498],[117.35744,3.22493],[117.35724,3.22486],[117.357,3.22478],[117.35677,3.22469],[117.35654,3.22461],[117.35627,3.22454],[117.35604,3.22448],[117.35581,3.2244],[117.35554,3.22431],[117.35531,3.22424],[117.35507,3.22419],[117.35488,3.22414],[117.35461,3.22405],[117.35438,3.22399],[117.35415,3.22392],[117.35397,3.22387],[117.35386,3.22384],[117.35373,3.2238],[117.35366,3.22378],[117.35349,3.22372],[117.35329,3.22366],[117.35309,3.22362],[117.35284,3.22356],[117.3528,3.22355],[117.35262,3.22351],[117.35238,3.22344],[117.35234,3.22344],[117.35212,3.2234],[117.35188,3.22341],[117.35162,3.22344],[117.35138,3.22349],[117.35114,3.2235],[117.35085,3.22351],[117.35063,3.22354],[117.3504,3.22359],[117.35021,3.22367],[117.35017,3.22369],[117.35002,3.22383],[117.34996,3.22391],[117.34989,3.224],[117.34978,3.22416],[117.34967,3.22439],[117.34964,3.22461],[117.34964,3.22481],[117.34933,3.22519],[117.34919,3.22534],[117.34907,3.22539],[117.34883,3.22543],[117.34845,3.22543],[117.34811,3.22532],[117.34795,3.22522],[117.34754,3.22496],[117.34691,3.22442],[117.34697,3.22449],[117.34763,3.22515],[117.34834,3.2264],[117.34879,3.22732],[117.3488,3.22734],[117.34919,3.22812],[117.3495,3.22898],[117.34982,3.22937],[117.3502,3.22992],[117.35052,3.23008],[117.35035,3.23025],[117.34962,3.2309],[117.34924,3.23125],[117.34797,3.23241],[117.34677,3.2335],[117.34546,3.2347],[117.3442,3.23544],[117.34303,3.23615],[117.34164,3.23623],[117.34108,3.23723],[117.3409,3.23755],[117.34053,3.23845],[117.3402,3.23921],[117.3398,3.23971],[117.33907,3.24066],[117.3388,3.24092],[117.33748,3.24207],[117.33616,3.24322],[117.33485,3.24437],[117.33357,3.24549],[117.33261,3.24635],[117.33216,3.24674],[117.33108,3.24788],[117.32997,3.24909],[117.32886,3.25026],[117.3277,3.25151],[117.32659,3.25269],[117.32557,3.25395],[117.3246,3.25515],[117.32362,3.25633],[117.32267,3.2575],[117.32176,3.25861],[117.32084,3.25977],[117.32017,3.26059],[117.31988,3.26109],[117.31926,3.26225],[117.31863,3.26339],[117.31798,3.26455],[117.31732,3.26574],[117.31666,3.26695],[117.31601,3.26815],[117.31537,3.26932],[117.31473,3.27049],[117.3146,3.27162],[117.31446,3.2729],[117.31432,3.27409],[117.3142,3.2753],[117.31408,3.27647],[117.31403,3.2777],[117.31399,3.27891],[117.31395,3.28012],[117.31391,3.28134],[117.31395,3.2817],[117.31406,3.28281],[117.31419,3.28403],[117.3143,3.28518],[117.31442,3.28636],[117.31454,3.28754],[117.31468,3.28879],[117.31485,3.29002],[117.31502,3.29114],[117.31519,3.29236],[117.31537,3.29356],[117.31554,3.29473],[117.31572,3.29588],[117.3159,3.29705],[117.3161,3.29832],[117.31611,3.29935],[117.31611,3.3006],[117.3161,3.30179],[117.3161,3.30304],[117.3161,3.30426],[117.31613,3.30545],[117.31617,3.30663],[117.31622,3.3079],[117.31627,3.30901],[117.31622,3.30915],[117.31585,3.31038],[117.31546,3.31157],[117.31509,3.31277],[117.31475,3.31389],[117.3143,3.3149],[117.31376,3.31608],[117.3132,3.31735],[117.31267,3.3185],[117.31214,3.31972],[117.31136,3.3208],[117.31055,3.32197],[117.3097,3.32319],[117.30886,3.32436],[117.30801,3.32557],[117.30733,3.32658],[117.30723,3.32673],[117.30649,3.3278],[117.30588,3.32871],[117.30502,3.32973],[117.304,3.33092],[117.30408,3.33102],[117.30445,3.33169],[117.3045,3.33174],[117.30467,3.3319],[117.30467,3.33191],[117.30467,3.33265],[117.30467,3.33266],[117.30477,3.33299],[117.30482,3.33317],[117.30483,3.33317],[117.30623,3.33585],[117.30628,3.33596],[117.30697,3.33741],[117.30712,3.33826],[117.30727,3.33904],[117.30727,3.33905],[117.30734,3.34031],[117.30734,3.34031],[117.30712,3.34165],[117.30668,3.34269],[117.3066,3.3428],[117.30564,3.34425],[117.30364,3.34607],[117.30098,3.34741],[117.29869,3.34868],[117.29785,3.3492],[117.29713,3.34964],[117.29603,3.35098],[117.29566,3.35186],[117.29514,3.35314],[117.2944,3.35619],[117.2944,3.35819],[117.29514,3.36027],[117.29596,3.36258],[117.29627,3.3631],[117.29684,3.36407],[117.29725,3.36455],[117.29766,3.36503],[117.29884,3.36592],[117.30069,3.3667],[117.3011,3.36673],[117.30173,3.36678],[117.30431,3.36678],[117.30772,3.36581],[117.31023,3.36447],[117.31186,3.36336],[117.31417,3.36117],[117.31556,3.35986],[117.31692,3.35903],[117.31874,3.35793],[117.31997,3.35783],[117.32059,3.35777],[117.32115,3.35782],[117.32229,3.35793],[117.32421,3.35837],[117.32561,3.35904],[117.32687,3.36001],[117.32783,3.36105],[117.32895,3.36343],[117.32954,3.36614],[117.32984,3.36815],[117.32999,3.37],[117.33013,3.37186],[117.33013,3.37186],[117.33017,3.37236],[117.3302,3.37283],[117.33028,3.37402],[117.33034,3.37475],[117.33043,3.37595],[117.33043,3.37595],[117.33088,3.37825],[117.3312,3.37955],[117.33123,3.37955],[117.33217,3.37939],[117.33358,3.37913],[117.33391,3.37898],[117.336,3.37777],[117.33748,3.37691],[117.34031,3.37525],[117.34211,3.3742],[117.34272,3.37385],[117.34426,3.37292],[117.34464,3.37241],[117.34706,3.36941],[117.34887,3.3688],[117.34915,3.36871],[117.34916,3.36871],[117.34947,3.36873],[117.35187,3.36906],[117.35326,3.36923],[117.35426,3.36939],[117.35641,3.36968],[117.35682,3.36974],[117.35725,3.36981],[117.3582,3.37001],[117.35926,3.37024],[117.36035,3.37046],[117.36112,3.371],[117.36213,3.3717],[117.3664,3.3717],[117.36712,3.37213],[117.36918,3.37329],[117.36919,3.3733],[117.37026,3.37222],[117.37054,3.37063],[117.3706,3.37028],[117.3706,3.37028],[117.37158,3.37055],[117.37241,3.37078],[117.37252,3.37082],[117.37254,3.37082],[117.37262,3.37052],[117.37264,3.3705],[117.37264,3.37049],[117.37276,3.36998],[117.373,3.36905],[117.37309,3.36869],[117.37279,3.36829],[117.37226,3.36759],[117.37208,3.36735],[117.37189,3.36709],[117.3718,3.36698],[117.37148,3.36657],[117.37146,3.36657],[117.36901,3.36657],[117.36795,3.36622],[117.36829,3.36513],[117.36826,3.36512],[117.3686,3.36402],[117.36912,3.36239],[117.36936,3.36163],[117.37115,3.357],[117.37202,3.35649],[117.37209,3.35645],[117.37278,3.35604],[117.37521,3.35457],[117.37597,3.35411],[117.37973,3.35185],[117.38292,3.34994],[117.38652,3.34782],[117.38992,3.34531],[117.3902,3.3448],[117.39046,3.34434],[117.39148,3.34248],[117.39148,3.33944],[117.39148,3.339],[117.39148,3.33864],[117.39148,3.33826],[117.39037,3.33523],[117.38987,3.33387],[117.38978,3.33342],[117.38974,3.33323],[117.38967,3.33286],[117.38916,3.33035],[117.38881,3.3291],[117.38857,3.32821],[117.38807,3.32641],[117.38809,3.32468],[117.3881,3.32414],[117.38811,3.32297],[117.38794,3.32292],[117.38678,3.32258],[117.38688,3.32205],[117.38687,3.32188],[117.38687,3.32184],[117.38663,3.3217],[117.38642,3.3216],[117.38619,3.32153],[117.38584,3.32148],[117.38576,3.32146],[117.38542,3.3214],[117.38498,3.32129],[117.38473,3.32119],[117.38429,3.32106],[117.38419,3.32105],[117.38389,3.321],[117.38372,3.321],[117.38352,3.32075],[117.3834,3.3206],[117.38364,3.32328],[117.38364,3.32328],[117.38196,3.32314],[117.38173,3.3224],[117.38119,3.32074]]]]},"properties":{"kdprov":"65","kdkab":"02","kdkec":"090","kddesa":"022","kdsls":"2003","idsls":"65020900222003","nmprov":"KALIMANTAN UTARA","nmkab":"BULUNGAN","nmkec":"SEKATAK","nmdesa":"LIAGU","nmsls":"HUTAN"}},{"type":"Feature","geometry":{"type":"MultiPolygon","coordinates":[[[[116.94929,3.23666],[116.94844,3.23571],[116.94758,3.23477],[116.94689,3.23405],[116.94689,3.23397],[116.94689,3.23354],[116.94662,3.23336],[116.94477,3.23214],[116.94259,3.23191],[116.94073,3.23175],[116.94019,3.23172],[116.93805,3.23172],[116.93775,3.23192],[116.93616,3.23292],[116.9361,3.23319],[116.93579,3.23469],[116.9355,3.23618],[116.9352,3.23765],[116.93522,3.2389],[116.93526,3.24034],[116.93528,3.24178],[116.93532,3.24322],[116.93535,3.24427],[116.93553,3.24464],[116.93616,3.246],[116.93681,3.24736],[116.9369,3.24755],[116.93747,3.24874],[116.9379,3.25004],[116.93837,3.25147],[116.93884,3.25286],[116.93924,3.25406],[116.93931,3.2543],[116.9397,3.25543],[116.93973,3.25551],[116.93969,3.2557],[116.93947,3.25714],[116.93926,3.25857],[116.93904,3.26003],[116.93882,3.2615],[116.93873,3.26205],[116.9386,3.26298],[116.93839,3.26443],[116.93815,3.26587],[116.9384,3.26681],[116.93878,3.2682],[116.93916,3.26958],[116.93954,3.27099],[116.93992,3.27239],[116.94031,3.27379],[116.94075,3.2751],[116.94072,3.27513],[116.94077,3.27516],[116.94099,3.27589],[116.94315,3.27707],[116.94494,3.27887],[116.9466,3.28057],[116.94817,3.28218],[116.94994,3.28395],[116.95161,3.28558],[116.95345,3.28729],[116.95535,3.28903],[116.95702,3.29055],[116.95944,3.2915],[116.96211,3.29252],[116.96471,3.29353],[116.96748,3.2946],[116.96889,3.29517],[116.97019,3.29563],[116.9729,3.29657],[116.97589,3.29763],[116.97861,3.29858],[116.97881,3.29866],[116.979,3.29834],[116.97971,3.2971],[116.97964,3.29621],[116.97956,3.29507],[116.97945,3.29387],[116.97932,3.29243],[116.97928,3.29146],[116.97956,3.29013],[116.97984,3.28869],[116.98008,3.28741],[116.98016,3.287],[116.98051,3.28595],[116.98097,3.28451],[116.98138,3.2833],[116.9814,3.28315],[116.98139,3.2818],[116.9814,3.28049],[116.98139,3.27918],[116.98139,3.2776],[116.98141,3.27638],[116.98131,3.27624],[116.98043,3.27488],[116.97974,3.27381],[116.97895,3.27257],[116.97812,3.27129],[116.97784,3.27085],[116.97726,3.26993],[116.97643,3.26868],[116.97564,3.26745],[116.97497,3.26641],[116.97455,3.26541],[116.97399,3.26418],[116.97354,3.26313],[116.97311,3.2621],[116.97262,3.26098],[116.97203,3.2597],[116.97167,3.25881],[116.9715,3.25828],[116.97109,3.25694],[116.97071,3.25566],[116.97036,3.25444],[116.96995,3.25305],[116.96974,3.25235],[116.96941,3.25177],[116.96867,3.25053],[116.96791,3.24919],[116.96712,3.24784],[116.96605,3.24648],[116.96524,3.24547],[116.96409,3.24521],[116.96198,3.24477],[116.96003,3.24435],[116.95763,3.24385],[116.95618,3.24356],[116.95511,3.24267],[116.95369,3.24154],[116.9525,3.24023],[116.95134,3.23896],[116.95022,3.2377],[116.94929,3.23666]]]]},"properties":{"kdprov":"65","kdkab":"02","kdkec":"090","kddesa":"013","kdsls":"2001","idsls":"65020900132001","nmprov":"KALIMANTAN UTARA","nmkab":"BULUNGAN","nmkec":"SEKATAK","nmdesa":"KELISING","nmsls":"HUTAN"}},{"type":"Feature","geometry":{"type":"MultiPolygon","coordinates":[[[[116.98233,3.24319],[116.98518,3.24093],[116.98595,3.23955],[116.98517,3.23665],[116.98028,3.2381],[116.98099,3.24103],[116.98092,3.24204],[116.98233,3.24319]]]]},"properties":{"kdprov":"65","kdkab":"02","kdkec":"090","kddesa":"002","kdsls":"0003","idsls":"65020900020003","nmprov":"KALIMANTAN UTARA","nmkab":"BULUNGAN","nmkec":"SEKATAK","nmdesa":"TENGGILING","nmsls":"RT 003"}},{"type":"Feature","geometry":{"type":"MultiPolygon","coordinates":[[[[117.09872,3.06555],[117.09467,3.06922],[117.08996,3.06948],[117.08708,3.06582],[117.08682,3.06608],[117.08185,3.05588],[117.06981,3.04777],[117.04444,3.04881],[117.03005,3.04463],[117.03007,3.04493],[117.03031,3.0496],[117.03031,3.05038],[117.0311,3.05692],[117.02594,3.06905],[117.02641,3.06988],[117.02733,3.07161],[117.02845,3.07365],[117.02954,3.07566],[117.03068,3.07773],[117.0318,3.07983],[117.03297,3.08194],[117.03413,3.08411],[117.03523,3.08613],[117.03634,3.0882],[117.03754,3.0904],[117.03877,3.09269],[117.03998,3.09491],[117.04121,3.09716],[117.04236,3.0993],[117.04339,3.10115],[117.04463,3.10346],[117.04577,3.10555],[117.04679,3.10741],[117.04758,3.10939],[117.04836,3.11128],[117.04905,3.113],[117.0499,3.11513],[117.05078,3.11719],[117.05151,3.11904],[117.05224,3.12079],[117.0531,3.12277],[117.05383,3.12462],[117.0547,3.12674],[117.05544,3.12853],[117.05611,3.13014],[117.05682,3.13193],[117.05775,3.13415],[117.05868,3.13643],[117.05953,3.13853],[117.06063,3.14116],[117.06136,3.14295],[117.06198,3.14508],[117.0626,3.14723],[117.06317,3.1493],[117.06381,3.15155],[117.06449,3.15391],[117.06506,3.15596],[117.06572,3.15819],[117.06632,3.16028],[117.06694,3.16244],[117.06759,3.16472],[117.06822,3.16688],[117.06877,3.1689],[117.06938,3.171],[117.06994,3.17292],[117.07053,3.17495],[117.07106,3.17684],[117.07167,3.17894],[117.07209,3.18058],[117.0725,3.18153],[117.07308,3.18266],[117.07388,3.18435],[117.0749,3.1865],[117.12971,3.18681],[117.12936,3.19206],[117.1305,3.19244],[117.13169,3.19344],[117.13234,3.19499],[117.133,3.19564],[117.13438,3.19595],[117.13554,3.19594],[117.13616,3.19583],[117.13888,3.19595],[117.13934,3.19593],[117.13937,3.19593],[117.14067,3.1954],[117.14144,3.19395],[117.14213,3.19349],[117.14293,3.19332],[117.14345,3.19341],[117.14441,3.19418],[117.14614,3.19641],[117.14816,3.19833],[117.14877,3.19859],[117.14932,3.1986],[117.15081,3.19754],[117.15141,3.19704],[117.15245,3.19686],[117.15513,3.1949],[117.15587,3.19475],[117.15623,3.19486],[117.15668,3.19516],[117.15816,3.19634],[117.15894,3.19695],[117.15951,3.19717],[117.16061,3.19692],[117.16105,3.19644],[117.16111,3.1953],[117.16141,3.19392],[117.16152,3.19245],[117.16182,3.19111],[117.1625,3.19063],[117.16323,3.19012],[117.16473,3.18874],[117.16517,3.18796],[117.16629,3.18582],[117.16704,3.18446],[117.16786,3.18363],[117.16851,3.18324],[117.16928,3.18309],[117.16961,3.18275],[117.16993,3.18175],[117.17028,3.18072],[117.17053,3.18054],[117.17096,3.18025],[117.17039,3.17196],[117.16946,3.17152],[117.16922,3.17237],[117.16874,3.17318],[117.16762,3.17357],[117.167,3.17362],[117.16665,3.17326],[117.16639,3.17293],[117.1661,3.17197],[117.16587,3.17151],[117.16562,3.17151],[117.16521,3.17203],[117.16452,3.17305],[117.16432,3.17406],[117.16414,3.17558],[117.16387,3.17631],[117.16299,3.1769],[117.16183,3.17706],[117.16043,3.1767],[117.15937,3.17597],[117.15859,3.17482],[117.15723,3.17378],[117.15593,3.17361],[117.15466,3.17367],[117.15278,3.17325],[117.15066,3.17238],[117.14881,3.17172],[117.14722,3.17057],[117.14653,3.17015],[117.1453,3.16974],[117.14438,3.16939],[117.14397,3.16899],[117.14374,3.16846],[117.14366,3.16803],[117.14364,3.16757],[117.14355,3.16709],[117.14322,3.16663],[117.14268,3.16655],[117.14236,3.16673],[117.14172,3.16734],[117.14092,3.16738],[117.13993,3.16725],[117.13823,3.16659],[117.13734,3.16627],[117.13754,3.16402],[117.13775,3.16184],[117.1381,3.15971],[117.13842,3.15757],[117.13878,3.15532],[117.13854,3.15337],[117.13829,3.15123],[117.13808,3.14901],[117.13787,3.14669],[117.13765,3.14451],[117.13749,3.14281],[117.13747,3.14053],[117.13747,3.1383],[117.13749,3.13689],[117.13732,3.13633],[117.13671,3.13397],[117.1361,3.13172],[117.13598,3.13124],[117.13582,3.12941],[117.1356,3.12705],[117.13552,3.12482],[117.13549,3.12257],[117.13547,3.12028],[117.13549,3.11934],[117.13573,3.11806],[117.13604,3.11607],[117.13623,3.11495],[117.13657,3.11385],[117.13687,3.11281],[117.13665,3.11264],[117.12069,3.09067],[117.11155,3.07285],[117.11075,3.07131],[117.09872,3.06555]]],[[[117.17495,3.17833],[117.17568,3.17741],[117.17606,3.17613],[117.17712,3.17441],[117.17785,3.1741],[117.17813,3.17398],[117.17964,3.17355],[117.18001,3.17337],[117.18013,3.17266],[117.18057,3.17219],[117.1801,3.17166],[117.17981,3.16945],[117.1795,3.16929],[117.17933,3.1692],[117.17805,3.16897],[117.17706,3.16972],[117.17678,3.17055],[117.17551,3.17048],[117.17548,3.17048],[117.17506,3.17084],[117.17456,3.17092],[117.17432,3.17095],[117.17455,3.17852],[117.17495,3.17833]]]]},"properties":{"kdprov":"65","kdkab":"02","kdkec":"090","kddesa":"004","kdsls":"2001","idsls":"65020900042001","nmprov":"KALIMANTAN UTARA","nmkab":"BULUNGAN","nmkec":"SEKATAK","nmdesa":"PUNGIT","nmsls":"HUTAN"}},{"type":"Feature","geometry":{"type":"MultiPolygon","coordinates":[[[[117.09568,3.25526],[117.09509,3.25531],[117.09468,3.25733],[117.09467,3.25733],[117.08664,3.2606],[117.08618,3.26113],[117.08635,3.26139],[117.08661,3.26177],[117.08694,3.26225],[117.08695,3.26226],[117.08748,3.26162],[117.08842,3.26106],[117.09003,3.2609],[117.0921,3.2609],[117.09506,3.26005],[117.09594,3.25801],[117.09594,3.258],[117.09644,3.25718],[117.09644,3.25718],[117.09627,3.25521],[117.09568,3.25526]]]]},"properties":{"kdprov":"65","kdkab":"02","kdkec":"090","kddesa":"009","kdsls":"0003","idsls":"65020900090003","nmprov":"KALIMANTAN UTARA","nmkab":"BULUNGAN","nmkec":"SEKATAK","nmdesa":"KELINCAWAN","nmsls":"RT 003"}},{"type":"Feature","geometry":{"type":"MultiPolygon","coordinates":[[[[117.38082,3.31998],[117.38103,3.31994],[117.3822,3.31959],[117.38207,3.31941],[117.3816,3.31881],[117.38126,3.31825],[117.38102,3.31786],[117.38069,3.31726],[117.38051,3.31693],[117.38026,3.31887],[117.38064,3.3197],[117.38082,3.31998]]]]},"properties":{"kdprov":"65","kdkab":"02","kdkec":"090","kddesa":"022","kdsls":"0003","idsls":"65020900220003","nmprov":"KALIMANTAN UTARA","nmkab":"BULUNGAN","nmkec":"SEKATAK","nmdesa":"LIAGU","nmsls":"RT 003"}},{"type":"Feature","geometry":{"type":"MultiPolygon","coordinates":[[[[117.06073,3.32573],[117.06059,3.32546],[117.06056,3.32534],[117.06037,3.32482],[117.06028,3.32465],[117.06028,3.32465],[117.05935,3.32533],[117.05924,3.32541],[117.05938,3.32553],[117.05943,3.3258],[117.05941,3.32633],[117.05937,3.32637],[117.05927,3.32641],[117.05917,3.32641],[117.05903,3.32634],[117.05894,3.32634],[117.05883,3.32645],[117.05876,3.3266],[117.05875,3.32681],[117.05894,3.32699],[117.05912,3.32703],[117.05937,3.32702],[117.0594,3.32697],[117.0602,3.32628],[117.06061,3.32579],[117.06073,3.32573]]]]},"properties":{"kdprov":"65","kdkab":"02","kdkec":"090","kddesa":"012","kdsls":"0003","idsls":"65020900120003","nmprov":"KALIMANTAN UTARA","nmkab":"BULUNGAN","nmkec":"SEKATAK","nmdesa":"PARU ABANG","nmsls":"RT 003"}},{"type":"Feature","geometry":{"type":"MultiPolygon","coordinates":[[[[117.05924,3.32541],[117.05935,3.32533],[117.06028,3.32465],[117.06009,3.32432],[117.05982,3.32398],[117.05919,3.32458],[117.05908,3.3247],[117.05896,3.32488],[117.05886,3.32504],[117.05885,3.3251],[117.05924,3.32541]]]]},"properties":{"kdprov":"65","kdkab":"02","kdkec":"090","kddesa":"012","kdsls":"0002","idsls":"65020900120002","nmprov":"KALIMANTAN UTARA","nmkab":"BULUNGAN","nmkec":"SEKATAK","nmdesa":"PARU ABANG","nmsls":"RT 002"}},{"type":"Feature","geometry":{"type":"MultiPolygon","coordinates":[[[[117.07669,3.30824],[117.07669,3.30824],[117.07672,3.30789],[117.07649,3.30777],[117.07649,3.30776],[117.07649,3.30776],[117.0762,3.30732],[117.07575,3.30719],[117.07575,3.30719],[117.0757,3.30734],[117.0757,3.30735],[117.07563,3.30783],[117.07561,3.308],[117.07561,3.308],[117.07578,3.30806],[117.07578,3.30806],[117.07649,3.3082],[117.07669,3.30824]]]]},"properties":{"kdprov":"65","kdkab":"02","kdkec":"090","kddesa":"020","kdsls":"0001","idsls":"65020900200001","nmprov":"KALIMANTAN UTARA","nmkab":"BULUNGAN","nmkec":"SEKATAK","nmdesa":"KERITING","nmsls":"RT 001"}},{"type":"Feature","geometry":{"type":"MultiPolygon","coordinates":[[[[117.304,3.33092],[117.30502,3.32973],[117.30588,3.32871],[117.30649,3.3278],[117.30723,3.32673],[117.30733,3.32658],[117.30801,3.32557],[117.30886,3.32436],[117.3097,3.32319],[117.31055,3.32197],[117.31136,3.3208],[117.31214,3.31972],[117.31267,3.3185],[117.3132,3.31735],[117.31376,3.31608],[117.3143,3.3149],[117.31475,3.31389],[117.31509,3.31277],[117.31546,3.31157],[117.31585,3.31038],[117.31622,3.30915],[117.31627,3.30901],[117.31622,3.3079],[117.31617,3.30663],[117.31613,3.30545],[117.3161,3.30426],[117.3161,3.30304],[117.3161,3.30179],[117.31611,3.3006],[117.31611,3.29935],[117.3161,3.29832],[117.3159,3.29705],[117.31572,3.29588],[117.31554,3.29473],[117.31537,3.29356],[117.31519,3.29236],[117.31502,3.29114],[117.31485,3.29002],[117.31468,3.28879],[117.31454,3.28754],[117.31442,3.28636],[117.3143,3.28518],[117.31419,3.28403],[117.31406,3.28281],[117.31395,3.2817],[117.31391,3.28134],[117.31395,3.28012],[117.31399,3.27891],[117.31403,3.2777],[117.31408,3.27647],[117.3142,3.2753],[117.31432,3.27409],[117.31446,3.2729],[117.3146,3.27162],[117.31473,3.27049],[117.31537,3.26932],[117.31601,3.26815],[117.31666,3.26695],[117.31732,3.26574],[117.31798,3.26455],[117.31863,3.26339],[117.31926,3.26225],[117.31988,3.26109],[117.32017,3.26059],[117.32084,3.25977],[117.32176,3.25861],[117.32267,3.2575],[117.32362,3.25633],[117.3246,3.25515],[117.32557,3.25395],[117.32659,3.25269],[117.3277,3.25151],[117.32886,3.25026],[117.32997,3.24909],[117.33108,3.24788],[117.33216,3.24674],[117.33261,3.24635],[117.33357,3.24549],[117.33485,3.24437],[117.33616,3.24322],[117.33748,3.24207],[117.3388,3.24092],[117.33907,3.24066],[117.3398,3.23971],[117.3402,3.23921],[117.34053,3.23845],[117.3409,3.23755],[117.34108,3.23723],[117.34164,3.23623],[117.34303,3.23615],[117.3442,3.23544],[117.34546,3.2347],[117.34677,3.2335],[117.34797,3.23241],[117.34924,3.23125],[117.34962,3.2309],[117.35035,3.23025],[117.35052,3.23008],[117.3502,3.22992],[117.34982,3.22937],[117.3495,3.22898],[117.34919,3.22812],[117.3488,3.22734],[117.34879,3.22732],[117.34834,3.2264],[117.34763,3.22515],[117.34697,3.22449],[117.34691,3.22442],[117.3467,3.22421],[117.34662,3.22417],[117.34585,3.22343],[117.34499,3.22325],[117.34377,3.22301],[117.34266,3.22265],[117.3407,3.22172],[117.34068,3.22171],[117.33987,3.22135],[117.33973,3.22129],[117.33855,3.22039],[117.33754,3.2193],[117.33721,3.21857],[117.33658,3.21736],[117.33601,3.21584],[117.33553,3.21488],[117.3352,3.21443],[117.33521,3.21416],[117.33522,3.21407],[117.33554,3.21409],[117.3356,3.21409],[117.3361,3.21416],[117.33615,3.21416],[117.3366,3.21421],[117.33684,3.21395],[117.33651,3.21345],[117.3362,3.21299],[117.33582,3.21256],[117.33515,3.21239],[117.33443,3.21239],[117.33384,3.21254],[117.33347,3.21252],[117.33329,3.21251],[117.33265,3.21227],[117.33191,3.21184],[117.33115,3.21156],[117.33017,3.21141],[117.32893,3.21161],[117.32753,3.21168],[117.32634,3.21188],[117.32627,3.21189],[117.32568,3.212],[117.32519,3.21209],[117.32512,3.21209],[117.32422,3.21216],[117.32381,3.21216],[117.32376,3.21216],[117.32372,3.21216],[117.32353,3.21216],[117.32281,3.21206],[117.32254,3.21196],[117.32205,3.21178],[117.32143,3.21134],[117.3206,3.2112],[117.32053,3.21119],[117.31993,3.21111],[117.3191,3.21125],[117.31907,3.21125],[117.31923,3.21146],[117.31826,3.21173],[117.31805,3.21185],[117.31717,3.21236],[117.31593,3.21369],[117.31577,3.21446],[117.316,3.21572],[117.31593,3.21705],[117.31554,3.21862],[117.31398,3.22151],[117.31289,3.22386],[117.3125,3.22551],[117.31187,3.22817],[117.31126,3.22911],[117.31087,3.22958],[117.31063,3.23013],[117.31063,3.23083],[117.31055,3.23185],[117.31055,3.23232],[117.31017,3.23349],[117.30923,3.23675],[117.30884,3.23761],[117.30822,3.2387],[117.30744,3.23988],[117.30643,3.24066],[117.30596,3.24097],[117.30487,3.24129],[117.30354,3.24136],[117.30276,3.24113],[117.30215,3.24066],[117.30128,3.24051],[117.30051,3.24035],[117.30012,3.24027],[117.29973,3.24059],[117.29903,3.24089],[117.29871,3.24074],[117.29771,3.24066],[117.29599,3.24074],[117.29475,3.24066],[117.29443,3.24027],[117.2942,3.23973],[117.29381,3.23957],[117.29279,3.23973],[117.2924,3.24012],[117.29225,3.24043],[117.2917,3.23996],[117.29163,3.23957],[117.29108,3.2391],[117.29022,3.23918],[117.28952,3.23926],[117.28922,3.23886],[117.28937,3.23863],[117.28905,3.23808],[117.2875,3.23738],[117.28648,3.23699],[117.28516,3.23699],[117.28368,3.23699],[117.28212,3.23715],[117.28095,3.23753],[117.27956,3.23832],[117.27622,3.24011],[117.27622,3.24011],[117.27611,3.24016],[117.27611,3.24016],[117.27597,3.24024],[117.27441,3.24134],[117.27425,3.24143],[117.27301,3.24211],[117.27216,3.24259],[117.27129,3.24353],[117.27068,3.2447],[117.27064,3.24483],[117.27036,3.24573],[117.27036,3.25104],[117.27047,3.25182],[117.27099,3.25567],[117.27141,3.25744],[117.27145,3.25762],[117.27149,3.25786],[117.27161,3.25856],[117.27194,3.25922],[117.27216,3.25966],[117.27221,3.25971],[117.27247,3.25997],[117.27528,3.2608],[117.27711,3.26129],[117.2787,3.26173],[117.27951,3.26206],[117.28026,3.26236],[117.28131,3.26312],[117.28166,3.26337],[117.28213,3.26423],[117.2822,3.2646],[117.28229,3.2651],[117.28229,3.2651],[117.2822,3.26562],[117.28213,3.26603],[117.28188,3.26685],[117.28182,3.26705],[117.28164,3.26805],[117.28159,3.26838],[117.28158,3.26856],[117.28151,3.26979],[117.28151,3.2698],[117.28166,3.27113],[117.28184,3.27126],[117.28221,3.27151],[117.2851,3.27308],[117.28619,3.27331],[117.28641,3.27363],[117.28658,3.27387],[117.28669,3.27422],[117.28689,3.27488],[117.28689,3.27488],[117.28675,3.27574],[117.28665,3.27637],[117.28641,3.27684],[117.28593,3.27713],[117.28548,3.27739],[117.28455,3.27801],[117.28362,3.27919],[117.28315,3.28013],[117.28268,3.28122],[117.28206,3.28181],[117.28182,3.2822],[117.28157,3.28275],[117.28143,3.28307],[117.28058,3.28307],[117.28046,3.28283],[117.28042,3.28275],[117.28018,3.28209],[117.28003,3.28166],[117.28003,3.28166],[117.28007,3.28157],[117.28027,3.2811],[117.2805,3.28087],[117.28074,3.28083],[117.28089,3.2808],[117.28136,3.2808],[117.28144,3.28074],[117.28159,3.28063],[117.28205,3.28023],[117.28221,3.28009],[117.28252,3.27947],[117.28285,3.27896],[117.28323,3.27836],[117.28346,3.27813],[117.28371,3.27788],[117.28377,3.27782],[117.28455,3.27711],[117.2847,3.277],[117.28486,3.27688],[117.28541,3.27633],[117.2858,3.2757],[117.28586,3.27517],[117.28587,3.27508],[117.28586,3.27503],[117.28564,3.27429],[117.28517,3.2739],[117.28299,3.27296],[117.28256,3.27281],[117.28213,3.27265],[117.28143,3.27218],[117.28125,3.27187],[117.28112,3.27163],[117.28094,3.27116],[117.28088,3.27101],[117.28085,3.27084],[117.28057,3.26952],[117.28057,3.26952],[117.28072,3.26878],[117.28073,3.26874],[117.28076,3.2685],[117.28081,3.26803],[117.28088,3.26553],[117.28088,3.26482],[117.28088,3.26482],[117.28082,3.2647],[117.28073,3.26451],[117.28057,3.2643],[117.28042,3.26411],[117.2794,3.26364],[117.27839,3.26302],[117.27751,3.26276],[117.27707,3.26263],[117.2745,3.26216],[117.27293,3.26169],[117.27145,3.26114],[117.27145,3.26114],[117.27145,3.26114],[117.27145,3.26115],[117.27161,3.26388],[117.27224,3.26506],[117.27224,3.26506],[117.27184,3.26561],[117.27115,3.26655],[117.27045,3.26741],[117.2702,3.26773],[117.26967,3.26842],[117.26904,3.26936],[117.2685,3.27007],[117.2685,3.27007],[117.2685,3.27101],[117.2685,3.27101],[117.26881,3.27195],[117.26943,3.27328],[117.26968,3.2736],[117.27061,3.27477],[117.27065,3.27577],[117.27068,3.27649],[117.27068,3.2765],[117.27068,3.27741],[117.27068,3.27759],[117.27068,3.27759],[117.27053,3.27784],[117.2699,3.27884],[117.26932,3.2796],[117.26913,3.27986],[117.26882,3.28003],[117.26843,3.28025],[117.26806,3.28046],[117.26749,3.2808],[117.2657,3.28119],[117.26484,3.28166],[117.2647,3.28175],[117.26367,3.28244],[117.26338,3.28284],[117.26321,3.28307],[117.26297,3.2837],[117.26289,3.2844],[117.26289,3.2844],[117.26306,3.28485],[117.26313,3.28503],[117.26321,3.28514],[117.26367,3.28581],[117.26445,3.28644],[117.26488,3.2864],[117.26539,3.28636],[117.26551,3.28651],[117.26563,3.28667],[117.26578,3.28714],[117.26578,3.28714],[117.26562,3.28761],[117.26546,3.28767],[117.26453,3.288],[117.26391,3.28808],[117.26297,3.28777],[117.26291,3.28773],[117.26212,3.28722],[117.26153,3.28685],[117.26126,3.28667],[117.26096,3.28677],[117.26025,3.28698],[117.25947,3.28745],[117.25898,3.28764],[117.25845,3.28785],[117.25775,3.28762],[117.25775,3.28761],[117.25775,3.28715],[117.25815,3.2867],[117.25845,3.28636],[117.25871,3.28627],[117.25931,3.28605],[117.26048,3.2855],[117.26048,3.2855],[117.26095,3.28503],[117.26095,3.2844],[117.26089,3.28419],[117.26079,3.28385],[117.26023,3.28373],[117.26009,3.2837],[117.25939,3.28393],[117.25869,3.2837],[117.25869,3.2837],[117.25877,3.28331],[117.25943,3.28275],[117.2597,3.28252],[117.26149,3.28135],[117.26214,3.28104],[117.26266,3.2808],[117.26314,3.28074],[117.26398,3.28064],[117.26617,3.28017],[117.26727,3.27945],[117.26796,3.279],[117.26842,3.27848],[117.26865,3.27821],[117.26883,3.278],[117.26928,3.27743],[117.26942,3.27675],[117.26944,3.27665],[117.26944,3.27665],[117.26935,3.2764],[117.26913,3.27579],[117.26788,3.27446],[117.26725,3.27336],[117.26725,3.27336],[117.26725,3.27195],[117.26725,3.27086],[117.26756,3.26968],[117.26773,3.26924],[117.26803,3.26842],[117.26846,3.26773],[117.26865,3.26741],[117.2692,3.26671],[117.26929,3.2666],[117.26982,3.26592],[117.27029,3.26529],[117.2706,3.26396],[117.2706,3.26318],[117.2706,3.26318],[117.2706,3.26224],[117.27055,3.26154],[117.27052,3.26122],[117.27017,3.26007],[117.26982,3.25892],[117.26968,3.25846],[117.26927,3.25719],[117.26772,3.255],[117.26647,3.25359],[117.26585,3.25297],[117.26507,3.25219],[117.26382,3.25148],[117.26234,3.25125],[117.26024,3.25138],[117.26,3.2514],[117.25982,3.25142],[117.25759,3.25172],[117.25609,3.2519],[117.2551,3.25203],[117.25284,3.25179],[117.25154,3.25165],[117.25011,3.25148],[117.24758,3.2505],[117.24505,3.24952],[117.24419,3.24937],[117.24347,3.24924],[117.24333,3.24921],[117.24252,3.24914],[117.24154,3.24905],[117.24083,3.24901],[117.2403,3.24898],[117.23728,3.24887],[117.23258,3.2487],[117.23032,3.24925],[117.23022,3.24928],[117.22908,3.24957],[117.2281,3.24961],[117.22721,3.24964],[117.22425,3.24964],[117.22199,3.25035],[117.22186,3.25038],[117.21778,3.25129],[117.21708,3.25153],[117.21568,3.252],[117.2147,3.25229],[117.21272,3.25286],[117.21163,3.25325],[117.21066,3.25346],[117.20984,3.25365],[117.20671,3.25423],[117.20501,3.25454],[117.20446,3.2547],[117.20379,3.25512],[117.20345,3.25533],[117.2029,3.2558],[117.20255,3.25562],[117.20213,3.2554],[117.20132,3.2552],[117.20088,3.2551],[117.19997,3.25491],[117.19932,3.25478],[117.19845,3.25456],[117.19776,3.25439],[117.19711,3.25436],[117.19597,3.25431],[117.19505,3.25461],[117.19426,3.25486],[117.19293,3.25627],[117.19254,3.25737],[117.19254,3.25738],[117.19247,3.25878],[117.19242,3.25962],[117.19239,3.26018],[117.19234,3.26082],[117.19231,3.2612],[117.19215,3.26215],[117.19203,3.26245],[117.19192,3.26269],[117.19145,3.26331],[117.19083,3.26378],[117.19021,3.26402],[117.18967,3.26378],[117.18935,3.26355],[117.18935,3.26355],[117.18943,3.26331],[117.18982,3.26292],[117.19021,3.26245],[117.19038,3.26231],[117.1906,3.26215],[117.191,3.26157],[117.19115,3.26136],[117.1913,3.26042],[117.1913,3.26042],[117.1912,3.26005],[117.19099,3.25924],[117.19075,3.25799],[117.19075,3.25799],[117.19067,3.25721],[117.19067,3.25721],[117.19071,3.25658],[117.19075,3.25604],[117.19083,3.25573],[117.19091,3.25541],[117.19114,3.25484],[117.19122,3.25463],[117.19153,3.254],[117.19161,3.25359],[117.19169,3.25314],[117.19169,3.25313],[117.19114,3.25251],[117.19072,3.25242],[117.19044,3.25236],[117.19019,3.25248],[117.18935,3.2529],[117.18787,3.25431],[117.18631,3.25572],[117.18374,3.25682],[117.18299,3.25703],[117.18179,3.25737],[117.18034,3.25772],[117.18016,3.25776],[117.17891,3.25776],[117.17354,3.2578],[117.1705,3.2578],[117.16806,3.25826],[117.16762,3.25835],[117.16598,3.25882],[117.16458,3.25953],[117.1636,3.26003],[117.16263,3.26054],[117.16235,3.2606],[117.16185,3.2607],[117.16115,3.26086],[117.15998,3.26086],[117.15874,3.26094],[117.15757,3.26116],[117.1571,3.26125],[117.15685,3.26147],[117.15648,3.2618],[117.15609,3.26297],[117.15602,3.26392],[117.15601,3.26399],[117.15585,3.26485],[117.15554,3.26508],[117.155,3.2656],[117.15422,3.26634],[117.15274,3.26728],[117.15063,3.26861],[117.15023,3.26912],[117.15002,3.26939],[117.14923,3.27033],[117.14877,3.27143],[117.1483,3.2726],[117.14752,3.2742],[117.14733,3.27445],[117.14682,3.27514],[117.14621,3.27566],[117.14581,3.276],[117.14503,3.27656],[117.1441,3.27718],[117.14357,3.27725],[117.14293,3.27734],[117.14184,3.27726],[117.14122,3.27703],[117.14121,3.27703],[117.14051,3.27656],[117.13997,3.276],[117.13981,3.27538],[117.1395,3.27452],[117.13927,3.27382],[117.13924,3.27376],[117.13917,3.27357],[117.13911,3.27343],[117.13825,3.27303],[117.13774,3.27322],[117.1374,3.27335],[117.13717,3.27355],[117.13568,3.27491],[117.13474,3.27585],[117.13365,3.27671],[117.13233,3.2778],[117.13155,3.27844],[117.13101,3.27874],[117.13085,3.27883],[117.13049,3.27914],[117.1303,3.2793],[117.13016,3.27934],[117.12898,3.27969],[117.12861,3.27975],[117.12797,3.27985],[117.12726,3.28007],[117.12695,3.28016],[117.12667,3.28031],[117.12634,3.28048],[117.12558,3.28102],[117.12547,3.2811],[117.12469,3.28149],[117.12392,3.28196],[117.1233,3.28235],[117.12275,3.28275],[117.12244,3.28298],[117.12112,3.28384],[117.12083,3.28402],[117.1201,3.28447],[117.11971,3.28475],[117.11901,3.28525],[117.11816,3.28588],[117.11652,3.28756],[117.11652,3.28756],[117.11652,3.28756],[117.11652,3.28756],[117.11652,3.28756],[117.11581,3.28811],[117.11511,3.28858],[117.11432,3.28883],[117.11411,3.28889],[117.11285,3.28913],[117.11115,3.2896],[117.11103,3.28962],[117.10982,3.28991],[117.10928,3.2903],[117.10896,3.29101],[117.10887,3.29139],[117.10873,3.29202],[117.10873,3.29202],[117.10873,3.29202],[117.10873,3.29202],[117.10884,3.29242],[117.10889,3.29257],[117.10912,3.29289],[117.10935,3.2932],[117.11013,3.29382],[117.1106,3.29429],[117.11091,3.29476],[117.11091,3.29476],[117.11091,3.29515],[117.11076,3.29542],[117.11068,3.29555],[117.10991,3.2959],[117.10982,3.29594],[117.10977,3.29597],[117.10928,3.29626],[117.10891,3.29629],[117.10857,3.29633],[117.10802,3.29633],[117.10756,3.29617],[117.10678,3.29579],[117.1066,3.29563],[117.10632,3.29539],[117.10597,3.29516],[117.10584,3.29508],[117.10522,3.29493],[117.10437,3.29508],[117.10304,3.29532],[117.10274,3.29562],[117.10265,3.2957],[117.1021,3.2968],[117.10195,3.29703],[117.10176,3.29719],[117.10156,3.29735],[117.10086,3.29759],[117.10016,3.29735],[117.09977,3.29696],[117.09938,3.29641],[117.0993,3.29618],[117.09923,3.29594],[117.09916,3.2958],[117.09884,3.29508],[117.09875,3.29446],[117.09868,3.2939],[117.09853,3.29335],[117.09782,3.29312],[117.09479,3.29359],[117.09276,3.29427],[117.09245,3.29438],[117.09167,3.29469],[117.09138,3.29491],[117.09104,3.29515],[117.09097,3.29562],[117.0908,3.29597],[117.09065,3.29626],[117.09011,3.29696],[117.08988,3.29719],[117.0898,3.29727],[117.08908,3.29747],[117.08778,3.29782],[117.08665,3.29801],[117.08528,3.29825],[117.08421,3.29808],[117.08334,3.29794],[117.08271,3.29841],[117.08263,3.29888],[117.08263,3.29974],[117.08263,3.29974],[117.08271,3.30068],[117.08271,3.30154],[117.08271,3.30154],[117.08256,3.30225],[117.0824,3.30272],[117.08177,3.30342],[117.08099,3.30358],[117.08087,3.30366],[117.08053,3.30389],[117.08039,3.30425],[117.08029,3.30452],[117.08021,3.30482],[117.08014,3.30506],[117.0799,3.30569],[117.07985,3.30596],[117.07983,3.30608],[117.07948,3.30678],[117.07946,3.30681],[117.07946,3.30688],[117.07927,3.30688],[117.07927,3.30688],[117.07925,3.3071],[117.07923,3.30737],[117.07919,3.30762],[117.07918,3.30794],[117.07917,3.30819],[117.0791,3.30844],[117.07908,3.30853],[117.07898,3.30881],[117.07898,3.30881],[117.0789,3.30919],[117.07866,3.30935],[117.07809,3.30937],[117.07749,3.30932],[117.07686,3.30922],[117.0768,3.30893],[117.07682,3.30826],[117.07669,3.30824],[117.07649,3.3082],[117.07578,3.30806],[117.07578,3.30806],[117.07561,3.308],[117.07561,3.308],[117.07563,3.30783],[117.07548,3.30781],[117.07501,3.30776],[117.07468,3.30758],[117.07065,3.30858],[117.06889,3.3085],[117.06905,3.31087],[117.06892,3.31175],[117.06902,3.31173],[117.06925,3.31494],[117.06927,3.31527],[117.07019,3.31517],[117.07023,3.31697],[117.06988,3.31795],[117.0697,3.3185],[117.07011,3.31885],[117.07012,3.31885],[117.0702,3.31895],[117.0706,3.31922],[117.07082,3.3197],[117.07084,3.31972],[117.07088,3.31978],[117.07077,3.31985],[117.07049,3.32002],[117.07023,3.32018],[117.07013,3.32024],[117.07002,3.32033],[117.06934,3.32091],[117.06934,3.32091],[117.06928,3.32084],[117.06927,3.32086],[117.06927,3.32086],[117.06901,3.32129],[117.06854,3.3225],[117.06749,3.32329],[117.06555,3.32427],[117.06345,3.32531],[117.06345,3.32543],[117.06345,3.32543],[117.06307,3.32558],[117.06258,3.32577],[117.06223,3.32594],[117.06202,3.32603],[117.06195,3.32607],[117.06189,3.32609],[117.06185,3.32612],[117.06155,3.3263],[117.06142,3.32638],[117.06129,3.32647],[117.06087,3.32675],[117.06089,3.32676],[117.06092,3.32679],[117.06108,3.32692],[117.06158,3.32722],[117.0622,3.32729],[117.06305,3.32751],[117.06366,3.32762],[117.06509,3.32741],[117.0674,3.3274],[117.06965,3.32824],[117.0709,3.3287],[117.07117,3.32884],[117.07305,3.32976],[117.07346,3.33],[117.07523,3.33049],[117.08034,3.33192],[117.08317,3.33249],[117.08569,3.33452],[117.08785,3.33739],[117.09124,3.33928],[117.09415,3.34133],[117.09508,3.34203],[117.0996,3.3445],[117.10157,3.34518],[117.10524,3.34741],[117.10688,3.34909],[117.10799,3.35023],[117.10972,3.35299],[117.11053,3.35587],[117.11085,3.35686],[117.11119,3.35792],[117.11136,3.35846],[117.11168,3.35911],[117.11236,3.35976],[117.11301,3.35875],[117.11309,3.35774],[117.11332,3.35494],[117.11341,3.35392],[117.1135,3.35275],[117.11351,3.35271],[117.11352,3.35255],[117.11367,3.35182],[117.11392,3.35059],[117.11421,3.34923],[117.11603,3.34829],[117.11609,3.3483],[117.11612,3.3483],[117.11645,3.34832],[117.11702,3.34835],[117.11898,3.34847],[117.11945,3.3485],[117.12031,3.34823],[117.12096,3.34804],[117.12097,3.34803],[117.1211,3.34799],[117.12154,3.34786],[117.12181,3.34778],[117.12241,3.3476],[117.12263,3.34753],[117.12268,3.34751],[117.12311,3.34729],[117.12316,3.34726],[117.12395,3.34687],[117.12416,3.34668],[117.12469,3.34618],[117.12476,3.34612],[117.12505,3.34585],[117.12521,3.3457],[117.12564,3.3453],[117.12611,3.34505],[117.12769,3.34423],[117.12822,3.34395],[117.12832,3.34394],[117.12837,3.34394],[117.12846,3.34393],[117.13046,3.34383],[117.1332,3.34369],[117.13327,3.34369],[117.13327,3.34369],[117.13394,3.34392],[117.13414,3.34398],[117.13573,3.34453],[117.13851,3.34692],[117.13882,3.34729],[117.13897,3.34746],[117.13939,3.34796],[117.13946,3.34804],[117.14028,3.34901],[117.14065,3.34945],[117.14279,3.35043],[117.14388,3.35093],[117.14458,3.35122],[117.14475,3.35128],[117.14616,3.35186],[117.1466,3.35203],[117.14796,3.35224],[117.14828,3.35229],[117.14832,3.35232],[117.1485,3.35236],[117.14861,3.35238],[117.15138,3.35298],[117.15139,3.35297],[117.1514,3.35298],[117.15156,3.35296],[117.15156,3.35296],[117.15199,3.3529],[117.15287,3.35279],[117.15364,3.35287],[117.15378,3.35288],[117.15565,3.35306],[117.15911,3.35361],[117.16039,3.35372],[117.16082,3.35375],[117.16243,3.35389],[117.16333,3.35416],[117.16413,3.3544],[117.16519,3.35472],[117.16534,3.35475],[117.16556,3.3548],[117.1656,3.35481],[117.16823,3.35541],[117.16907,3.35631],[117.17004,3.35734],[117.17005,3.35736],[117.17016,3.35748],[117.17016,3.35748],[117.17265,3.35845],[117.17266,3.35844],[117.17486,3.35762],[117.17652,3.3561],[117.17998,3.35347],[117.18231,3.35137],[117.18265,3.35105],[117.18278,3.35094],[117.18465,3.34881],[117.18587,3.34713],[117.186,3.34516],[117.18603,3.34468],[117.18605,3.34432],[117.18602,3.34396],[117.18601,3.3438],[117.18578,3.34108],[117.18577,3.34095],[117.18577,3.34089],[117.18577,3.33893],[117.18577,3.33889],[117.18587,3.3374],[117.18624,3.3359],[117.18708,3.33506],[117.18839,3.33431],[117.19094,3.33365],[117.19309,3.333],[117.19353,3.33277],[117.19361,3.33273],[117.19361,3.33273],[117.19363,3.33272],[117.19363,3.33272],[117.19363,3.33272],[117.1936,3.33267],[117.19534,3.33224],[117.19694,3.33247],[117.19875,3.33274],[117.19933,3.33283],[117.20245,3.33476],[117.20467,3.33787],[117.20553,3.33867],[117.20693,3.34],[117.20719,3.34025],[117.20722,3.34025],[117.20957,3.34054],[117.21241,3.34054],[117.21612,3.3395],[117.21934,3.33856],[117.21968,3.33847],[117.22264,3.33817],[117.22606,3.33728],[117.23095,3.33446],[117.23451,3.33031],[117.23482,3.32976],[117.23718,3.32556],[117.23769,3.32463],[117.23778,3.32447],[117.2397,3.32096],[117.24297,3.31636],[117.24331,3.31592],[117.24387,3.31518],[117.24489,3.31384],[117.24724,3.31384],[117.24828,3.31488],[117.24917,3.31814],[117.24962,3.322],[117.2508,3.32437],[117.25155,3.32759],[117.25184,3.32882],[117.25284,3.33107],[117.25303,3.33149],[117.25451,3.33535],[117.25555,3.33817],[117.25674,3.34025],[117.25837,3.34336],[117.2597,3.34544],[117.26099,3.34865],[117.26119,3.34915],[117.26264,3.35159],[117.26558,3.35765],[117.26865,3.36397],[117.27024,3.3668],[117.2724,3.37072],[117.27261,3.3711],[117.27267,3.37126],[117.27384,3.37423],[117.27454,3.37599],[117.27456,3.37607],[117.27458,3.37619],[117.27461,3.37631],[117.27463,3.37639],[117.27464,3.37643],[117.27529,3.37908],[117.27581,3.38122],[117.27601,3.38123],[117.27683,3.38161],[117.27738,3.38187],[117.27797,3.38275],[117.27843,3.38345],[117.27959,3.38514],[117.27988,3.38573],[117.28286,3.39171],[117.28286,3.39171],[117.28345,3.3929],[117.2836,3.39319],[117.28339,3.3951],[117.28339,3.3951],[117.28311,3.39616],[117.28297,3.39669],[117.28181,3.39806],[117.28066,3.39923],[117.2804,3.39946],[117.27886,3.40082],[117.27855,3.40177],[117.27863,3.40232],[117.27876,3.40315],[117.27895,3.40336],[117.27992,3.40442],[117.28339,3.40834],[117.28388,3.4091],[117.28434,3.40981],[117.28497,3.41204],[117.28529,3.41384],[117.28519,3.41627],[117.28494,3.41765],[117.28477,3.41861],[117.28438,3.41969],[117.28393,3.42093],[117.28393,3.42337],[117.28498,3.42517],[117.28592,3.4256],[117.28614,3.4257],[117.28772,3.42612],[117.28983,3.42644],[117.28984,3.42644],[117.28985,3.42644],[117.29222,3.42609],[117.2927,3.42601],[117.29543,3.42527],[117.29585,3.42499],[117.29681,3.42432],[117.29786,3.42295],[117.29881,3.42115],[117.29933,3.41934],[117.29941,3.41574],[117.30046,3.41257],[117.30078,3.41156],[117.30109,3.41055],[117.30141,3.41013],[117.30173,3.40971],[117.30198,3.40945],[117.30236,3.40907],[117.30307,3.40841],[117.30396,3.40811],[117.30458,3.40795],[117.30507,3.40782],[117.30546,3.40778],[117.30589,3.40774],[117.30685,3.40774],[117.30825,3.40811],[117.30907,3.40863],[117.31062,3.40911],[117.3108,3.40897],[117.31099,3.40882],[117.31147,3.40833],[117.31202,3.40777],[117.31302,3.40702],[117.31321,3.40688],[117.31348,3.40675],[117.31491,3.40606],[117.31733,3.40514],[117.31824,3.4048],[117.31972,3.40435],[117.3212,3.4039],[117.32364,3.40293],[117.32502,3.40205],[117.32549,3.40175],[117.32603,3.4013],[117.32741,3.40018],[117.32874,3.39803],[117.32925,3.39669],[117.32933,3.39518],[117.32948,3.39216],[117.32948,3.39216],[117.32948,3.39216],[117.32903,3.38926],[117.32881,3.38781],[117.32777,3.38416],[117.32668,3.37875],[117.32622,3.37644],[117.32622,3.37643],[117.32599,3.37123],[117.32599,3.37123],[117.32525,3.36718],[117.32525,3.36718],[117.32498,3.36584],[117.32481,3.36495],[117.32429,3.36287],[117.32333,3.36123],[117.32295,3.36056],[117.32226,3.36044],[117.32214,3.36041],[117.32205,3.36044],[117.32148,3.36056],[117.31994,3.36169],[117.31852,3.36272],[117.31689,3.36414],[117.31319,3.36652],[117.30801,3.36853],[117.30387,3.3689],[117.30158,3.3686],[117.2998,3.36837],[117.2967,3.3673],[117.29544,3.36603],[117.29429,3.36459],[117.29366,3.36381],[117.29366,3.36381],[117.29248,3.36099],[117.29248,3.36098],[117.29233,3.35928],[117.29233,3.35927],[117.29228,3.35741],[117.29226,3.35674],[117.29226,3.35674],[117.29248,3.35524],[117.29314,3.35073],[117.29356,3.35002],[117.29381,3.3496],[117.29463,3.34878],[117.29573,3.34768],[117.29787,3.34607],[117.29817,3.34593],[117.29906,3.34548],[117.29987,3.34507],[117.30068,3.34466],[117.30191,3.34421],[117.30231,3.34407],[117.3025,3.344],[117.30386,3.34355],[117.30432,3.34313],[117.30468,3.3428],[117.3052,3.34146],[117.3052,3.34027],[117.3052,3.34027],[117.30453,3.33648],[117.30453,3.33648],[117.30421,3.33589],[117.30334,3.33425],[117.30212,3.33277],[117.3009,3.33128],[117.2998,3.32993],[117.29861,3.32845],[117.29609,3.32533],[117.29558,3.32431],[117.29533,3.3238],[117.29533,3.3238],[117.29461,3.32236],[117.29432,3.32169],[117.29421,3.32132],[117.2941,3.32094],[117.29409,3.3205],[117.29424,3.3202],[117.29428,3.31998],[117.29432,3.31969],[117.29446,3.31894],[117.29463,3.31855],[117.29498,3.31768],[117.29512,3.31746],[117.2955,3.31685],[117.2955,3.31685],[117.29594,3.31685],[117.29646,3.31651],[117.29683,3.31627],[117.29823,3.31567],[117.29838,3.31559],[117.30001,3.31477],[117.30164,3.31373],[117.30208,3.31329],[117.30253,3.31284],[117.30326,3.31188],[117.30393,3.31017],[117.30422,3.30909],[117.30436,3.3086],[117.30437,3.30853],[117.30444,3.30857],[117.30474,3.30875],[117.30516,3.30899],[117.30526,3.30905],[117.30526,3.30979],[117.30526,3.30979],[117.30518,3.31027],[117.30511,3.31061],[117.30504,3.31083],[117.30482,3.31143],[117.30404,3.31243],[117.30326,3.31343],[117.30275,3.31433],[117.30157,3.31544],[117.29919,3.31745],[117.29742,3.31879],[117.29702,3.31937],[117.29675,3.31976],[117.29639,3.32035],[117.29624,3.32102],[117.29624,3.32102],[117.29624,3.32102],[117.29662,3.32261],[117.29668,3.32288],[117.29742,3.32399],[117.29828,3.32494],[117.29853,3.32522],[117.29942,3.32626],[117.30031,3.32693],[117.30179,3.3279],[117.30196,3.32798],[117.30223,3.32812],[117.30249,3.32857],[117.30253,3.32864],[117.30267,3.32961],[117.30281,3.32985],[117.30297,3.33012],[117.3034,3.33031],[117.30349,3.33035],[117.304,3.33092]],[[117.18825,3.30796],[117.21828,3.26495],[117.25344,3.29026],[117.25345,3.2903],[117.21643,3.33184],[117.18825,3.30796]],[[117.17609,3.32587],[117.17052,3.32137],[117.17355,3.31606],[117.17691,3.31254],[117.18321,3.31687],[117.17936,3.32276],[117.17941,3.32281],[117.17624,3.32603],[117.17609,3.32587]]]]},"properties":{"kdprov":"65","kdkab":"02","kdkec":"090","kddesa":"021","kdsls":"2003","idsls":"65020900212003","nmprov":"KALIMANTAN UTARA","nmkab":"BULUNGAN","nmkec":"SEKATAK","nmdesa":"SEKATAK BUJI","nmsls":"HUTAN"}},{"type":"Feature","geometry":{"type":"MultiPolygon","coordinates":[[[[117.06463,3.32122],[117.06499,3.32109],[117.06533,3.32094],[117.06534,3.32094],[117.06563,3.32075],[117.06592,3.32053],[117.06614,3.32032],[117.06575,3.31983],[117.0652,3.31891],[117.06481,3.3191],[117.06462,3.31878],[117.06462,3.31878],[117.06459,3.31877],[117.0644,3.31842],[117.06429,3.31849],[117.06408,3.31863],[117.06378,3.31888],[117.06378,3.31888],[117.06378,3.3189],[117.06382,3.31896],[117.06386,3.31906],[117.0639,3.31916],[117.06391,3.31917],[117.06407,3.31952],[117.06428,3.32004],[117.06436,3.32028],[117.06437,3.32033],[117.0645,3.32076],[117.06463,3.32122]]]]},"properties":{"kdprov":"65","kdkab":"02","kdkec":"090","kddesa":"014","kdsls":"0001","idsls":"65020900140001","nmprov":"KALIMANTAN UTARA","nmkab":"BULUNGAN","nmkec":"SEKATAK","nmdesa":"BEKILIU","nmsls":"RT 001"}},{"type":"Feature","geometry":{"type":"MultiPolygon","coordinates":[[[[117.0644,3.31842],[117.06459,3.31877],[117.06462,3.31878],[117.06462,3.31878],[117.06481,3.3191],[117.0652,3.31891],[117.06575,3.31983],[117.06614,3.32032],[117.06644,3.32005],[117.06656,3.31992],[117.06642,3.31973],[117.0662,3.31945],[117.06585,3.31908],[117.06561,3.31889],[117.0652,3.31872],[117.06508,3.31854],[117.06504,3.31848],[117.06496,3.31806],[117.0644,3.31842]]]]},"properties":{"kdprov":"65","kdkab":"02","kdkec":"090","kddesa":"014","kdsls":"0002","idsls":"65020900140002","nmprov":"KALIMANTAN UTARA","nmkab":"BULUNGAN","nmkec":"SEKATAK","nmdesa":"BEKILIU","nmsls":"RT 002"}},{"type":"Feature","geometry":{"type":"MultiPolygon","coordinates":[[[[117.07616,3.28415],[117.07697,3.28751],[117.077,3.28824],[117.07709,3.2889],[117.07723,3.28924],[117.07741,3.28983],[117.07729,3.29022],[117.07734,3.29048],[117.07734,3.29048],[117.07736,3.29055],[117.08202,3.28923],[117.08777,3.28723],[117.0917,3.28426],[117.09696,3.28289],[117.10047,3.28209],[117.09961,3.28082],[117.09877,3.2796],[117.09784,3.27822],[117.09669,3.27651],[117.09556,3.27488],[117.09534,3.27457],[117.09457,3.27345],[117.09365,3.2721],[117.0927,3.27069],[117.09174,3.26928],[117.09078,3.26785],[117.08979,3.26644],[117.08873,3.26487],[117.08769,3.26333],[117.08695,3.26226],[117.08694,3.26225],[117.08661,3.26177],[117.08635,3.26139],[117.08618,3.26113],[117.08555,3.2602],[117.08539,3.25996],[117.08464,3.25886],[117.08369,3.25753],[117.08276,3.25612],[117.08195,3.25457],[117.08131,3.25329],[117.08108,3.25297],[117.08013,3.25143],[117.07916,3.24991],[117.07821,3.24836],[117.07718,3.2468],[117.07617,3.24517],[117.07526,3.24373],[117.07436,3.2423],[117.07344,3.24082],[117.07243,3.23925],[117.07142,3.23764],[117.07039,3.23602],[117.06936,3.23438],[117.06831,3.23269],[117.06726,3.23108],[117.06624,3.22944],[117.06523,3.22777],[117.06434,3.22606],[117.06343,3.22441],[117.06258,3.22279],[117.06167,3.22111],[117.06072,3.21938],[117.05981,3.21767],[117.05892,3.216],[117.05797,3.21425],[117.05707,3.21257],[117.05616,3.2109],[117.05525,3.20921],[117.05438,3.20759],[117.05345,3.20584],[117.05268,3.20411],[117.05193,3.20245],[117.05118,3.2007],[117.05031,3.1991],[117.04933,3.19752],[117.04831,3.19598],[117.04786,3.19527],[117.04752,3.19424],[117.04722,3.19341],[117.04712,3.19266],[117.04685,3.19104],[117.04677,3.19053],[117.04681,3.18929],[117.04688,3.18762],[117.0469,3.18713],[117.04733,3.18586],[117.04787,3.18421],[117.04821,3.18327],[117.04862,3.18268],[117.04971,3.18125],[117.0506,3.18003],[117.05082,3.17965],[117.04958,3.18005],[117.04771,3.18112],[117.04613,3.18201],[117.04398,3.18322],[117.04181,3.18446],[117.03986,3.18555],[117.03759,3.18683],[117.03538,3.18807],[117.03268,3.18959],[117.03032,3.19094],[117.02797,3.19226],[117.02544,3.19371],[117.0229,3.1951],[117.02027,3.19653],[117.01758,3.19801],[117.01509,3.19934],[117.01265,3.20068],[117.01172,3.20119],[117.00981,3.20107],[117.00707,3.20089],[117.00428,3.20074],[117.00189,3.20057],[117.00006,3.20048],[116.99904,3.20052],[116.99644,3.20063],[116.99456,3.20071],[116.99302,3.20198],[116.99144,3.2032],[116.99003,3.20435],[116.98872,3.20536],[116.98738,3.20642],[116.98605,3.20751],[116.98463,3.20864],[116.98304,3.20993],[116.98141,3.21124],[116.97976,3.21257],[116.97907,3.21311],[116.97747,3.21365],[116.97511,3.21445],[116.9727,3.21526],[116.97044,3.21604],[116.96809,3.21684],[116.96676,3.21761],[116.96498,3.21864],[116.96316,3.21969],[116.96241,3.22013],[116.96238,3.22013],[116.962,3.22037],[116.96111,3.22088],[116.95964,3.2222],[116.95737,3.22421],[116.95525,3.22612],[116.95324,3.22793],[116.95134,3.22967],[116.94949,3.23151],[116.94823,3.23273],[116.94689,3.23397],[116.94689,3.23405],[116.94758,3.23477],[116.94844,3.23571],[116.94929,3.23666],[116.94988,3.23663],[116.95161,3.23675],[116.95388,3.23687],[116.95631,3.23701],[116.95861,3.23714],[116.96051,3.23724],[116.96237,3.23714],[116.96452,3.23703],[116.96672,3.23691],[116.96909,3.23678],[116.97137,3.23665],[116.97401,3.23653],[116.97588,3.23802],[116.97757,3.23935],[116.97926,3.24072],[116.9809,3.24201],[116.98092,3.24204],[116.98099,3.24103],[116.98028,3.2381],[116.98517,3.23665],[116.98595,3.23955],[116.98518,3.24093],[116.98233,3.24319],[116.98246,3.24331],[116.98407,3.24455],[116.98551,3.24569],[116.98729,3.24713],[116.98898,3.2487],[116.99051,3.2502],[116.99203,3.25167],[116.99353,3.25312],[116.99491,3.25445],[116.99641,3.25583],[116.99796,3.25714],[116.99962,3.25853],[117.00128,3.25995],[117.00198,3.26051],[117.00354,3.26148],[117.00552,3.26297],[117.00742,3.26443],[117.00917,3.26575],[117.01076,3.26696],[117.01237,3.26819],[117.01392,3.2694],[117.01529,3.27043],[117.01689,3.27165],[117.01858,3.27294],[117.02025,3.27421],[117.02195,3.27555],[117.02396,3.27693],[117.0259,3.27832],[117.02777,3.27966],[117.02946,3.28083],[117.03122,3.28209],[117.0331,3.28346],[117.03503,3.28473],[117.03695,3.28589],[117.03744,3.2862],[117.04284,3.28071],[117.04683,3.27667],[117.05071,3.27262],[117.05281,3.27035],[117.05694,3.27352],[117.06011,3.27303],[117.07311,3.27102],[117.07454,3.2776],[117.07507,3.27743],[117.07933,3.2735],[117.08102,3.28053],[117.08146,3.28266],[117.07671,3.28397],[117.07616,3.28415]]]]},"properties":{"kdprov":"65","kdkab":"02","kdkec":"090","kddesa":"010","kdsls":"2001","idsls":"65020900102001","nmprov":"KALIMANTAN UTARA","nmkab":"BULUNGAN","nmkec":"SEKATAK","nmdesa":"BUNAU","nmsls":"HUTAN"}},{"type":"Feature","geometry":{"type":"MultiPolygon","coordinates":[[[[117.07454,3.2776],[117.07454,3.2776],[117.07454,3.2801],[117.07486,3.28078],[117.07544,3.28175],[117.07576,3.28227],[117.07563,3.28241],[117.07561,3.28251],[117.07556,3.28271],[117.07564,3.28291],[117.07575,3.28315],[117.07614,3.28405],[117.07616,3.28415],[117.07671,3.28397],[117.08146,3.28266],[117.08102,3.28053],[117.07933,3.2735],[117.07507,3.27743],[117.07454,3.2776]]]]},"properties":{"kdprov":"65","kdkab":"02","kdkec":"090","kddesa":"010","kdsls":"0003","idsls":"65020900100003","nmprov":"KALIMANTAN UTARA","nmkab":"BULUNGAN","nmkec":"SEKATAK","nmdesa":"BUNAU","nmsls":"RT 003"}},{"type":"Feature","geometry":{"type":"MultiPolygon","coordinates":[[[[117.07734,3.30569],[117.07737,3.30606],[117.07739,3.30783],[117.0774,3.30783],[117.07751,3.30787],[117.07751,3.30754],[117.07757,3.30753],[117.07791,3.30577],[117.07785,3.30578],[117.07764,3.30581],[117.07742,3.30572],[117.07734,3.30569]]]]},"properties":{"kdprov":"65","kdkab":"02","kdkec":"090","kddesa":"010","kdsls":"0002","idsls":"65020900100002","nmprov":"KALIMANTAN UTARA","nmkab":"BULUNGAN","nmkec":"SEKATAK","nmdesa":"BUNAU","nmsls":"RT 002"}},{"type":"Feature","geometry":{"type":"MultiPolygon","coordinates":[[[[117.07757,3.30753],[117.07858,3.3074],[117.07863,3.30688],[117.07927,3.30688],[117.07946,3.30688],[117.07946,3.30681],[117.07944,3.30686],[117.07935,3.3061],[117.07931,3.30577],[117.07929,3.30576],[117.07878,3.3057],[117.07846,3.30575],[117.07817,3.30573],[117.07791,3.30577],[117.07757,3.30753]]]]},"properties":{"kdprov":"65","kdkab":"02","kdkec":"090","kddesa":"010","kdsls":"0001","idsls":"65020900100001","nmprov":"KALIMANTAN UTARA","nmkab":"BULUNGAN","nmkec":"SEKATAK","nmdesa":"BUNAU","nmsls":"RT 001"}},{"type":"Feature","geometry":{"type":"MultiPolygon","coordinates":[[[[116.9397,3.25543],[116.93931,3.2543],[116.93924,3.25406],[116.93853,3.25367],[116.93797,3.25298],[116.93759,3.25165],[116.93639,3.25057],[116.93507,3.25045],[116.93375,3.25001],[116.93274,3.25038],[116.93255,3.25121],[116.93218,3.2514],[116.93193,3.2514],[116.93174,3.25114],[116.93155,3.25057],[116.93104,3.24994],[116.93029,3.24931],[116.92909,3.24874],[116.92821,3.24849],[116.92714,3.24849],[116.92645,3.24975],[116.92582,3.25019],[116.92513,3.25038],[116.9245,3.25038],[116.92393,3.24981],[116.92305,3.24962],[116.92179,3.24962],[116.92104,3.24981],[116.92041,3.25019],[116.91946,3.25057],[116.91858,3.25089],[116.91808,3.25089],[116.9177,3.25089],[116.91707,3.2507],[116.91651,3.2507],[116.91588,3.25095],[116.91519,3.25133],[116.9143,3.25152],[116.91355,3.25152],[116.91257,3.25079],[116.91157,3.25067],[116.9105,3.25092],[116.90987,3.25098],[116.9093,3.25086],[116.90899,3.25048],[116.90867,3.24978],[116.90823,3.24915],[116.90735,3.24864],[116.90634,3.24814],[116.9054,3.24725],[116.90452,3.24649],[116.90326,3.24554],[116.9025,3.2444],[116.90156,3.24421],[116.90068,3.24421],[116.90008,3.24447],[116.8998,3.24459],[116.89898,3.24472],[116.89791,3.24472],[116.89735,3.24373],[116.89716,3.24339],[116.89634,3.24238],[116.89565,3.24238],[116.89546,3.24282],[116.8952,3.24339],[116.89476,3.24358],[116.89439,3.24358],[116.89401,3.24358],[116.89376,3.24352],[116.89357,3.24339],[116.89351,3.24289],[116.89388,3.24162],[116.89414,3.24004],[116.89445,3.2396],[116.89521,3.23915],[116.89628,3.23877],[116.8969,3.23795],[116.89728,3.23757],[116.89723,3.23692],[116.89656,3.23664],[116.89505,3.23676],[116.89406,3.23646],[116.89243,3.23509],[116.89146,3.23374],[116.89105,3.23284],[116.89091,3.2321],[116.89032,3.23175],[116.89003,3.23178],[116.88974,3.2318],[116.88944,3.23214],[116.88901,3.23282],[116.88866,3.23347],[116.88806,3.23362],[116.88885,3.23477],[116.89066,3.23559],[116.89232,3.23664],[116.89352,3.23789],[116.8926,3.23957],[116.89112,3.24299],[116.89116,3.24457],[116.89178,3.24641],[116.89385,3.24714],[116.89563,3.24717],[116.89711,3.24668],[116.89915,3.2474],[116.90273,3.24852],[116.90579,3.25184],[116.9081,3.25335],[116.91208,3.25447],[116.91685,3.25385],[116.92083,3.25391],[116.923,3.25391],[116.92859,3.25398],[116.93119,3.25411],[116.93421,3.25477],[116.93714,3.25569],[116.9397,3.25543]]]]},"properties":{"kdprov":"65","kdkab":"02","kdkec":"090","kddesa":"001","kdsls":"0003","idsls":"65020900010003","nmprov":"KALIMANTAN UTARA","nmkab":"BULUNGAN","nmkec":"SEKATAK","nmdesa":"UJANG","nmsls":"RT 003"}},{"type":"Feature","geometry":{"type":"MultiPolygon","coordinates":[[[[117.38331,3.32051],[117.38277,3.32061],[117.38118,3.32072],[117.38119,3.32074],[117.38173,3.3224],[117.38196,3.32314],[117.38364,3.32328],[117.38364,3.32328],[117.3834,3.3206],[117.38334,3.32052],[117.38331,3.32051]]]]},"properties":{"kdprov":"65","kdkab":"02","kdkec":"090","kddesa":"022","kdsls":"0001","idsls":"65020900220001","nmprov":"KALIMANTAN UTARA","nmkab":"BULUNGAN","nmkec":"SEKATAK","nmdesa":"LIAGU","nmsls":"RT 001"}},{"type":"Feature","geometry":{"type":"MultiPolygon","coordinates":[[[[117.06928,3.32084],[117.06934,3.32091],[117.06934,3.32091],[117.07002,3.32033],[117.06948,3.31957],[117.06914,3.31992],[117.06895,3.32002],[117.06869,3.32018],[117.06878,3.32029],[117.06928,3.32084],[117.06928,3.32084]]]]},"properties":{"kdprov":"65","kdkab":"02","kdkec":"090","kddesa":"015","kdsls":"0001","idsls":"65020900150001","nmprov":"KALIMANTAN UTARA","nmkab":"BULUNGAN","nmkec":"SEKATAK","nmdesa":"PUNAN DULAU","nmsls":"RT 001"}},{"type":"Feature","geometry":{"type":"MultiPolygon","coordinates":[[[[117.06629,3.31237],[117.0663,3.3123],[117.06892,3.31175],[117.06905,3.31087],[117.06889,3.3085],[117.07065,3.30858],[117.07468,3.30758],[117.07457,3.30752],[117.07457,3.30738],[117.07436,3.30734],[117.07436,3.30731],[117.07189,3.3058],[117.07189,3.30537],[117.07436,3.3057],[117.07436,3.30568],[117.07436,3.30399],[117.07436,3.30386],[117.07438,3.30258],[117.07649,3.30265],[117.07651,3.30265],[117.07654,3.30265],[117.07704,3.3027],[117.07709,3.3027],[117.07743,3.30274],[117.07748,3.30274],[117.08023,3.30325],[117.08056,3.30313],[117.08082,3.30301],[117.08106,3.30289],[117.08138,3.30262],[117.08144,3.30257],[117.08144,3.30257],[117.08144,3.30257],[117.08156,3.30219],[117.08174,3.3017],[117.08174,3.3017],[117.08162,3.30094],[117.08162,3.30084],[117.08168,3.29963],[117.08174,3.29863],[117.08182,3.29805],[117.08187,3.29762],[117.08192,3.2975],[117.08205,3.29713],[117.08262,3.29687],[117.08283,3.29686],[117.08058,3.29513],[117.07733,3.29261],[117.07736,3.29055],[117.07721,3.2906],[117.07502,3.29122],[117.07454,3.29135],[117.07268,3.29187],[117.07005,3.29297],[117.06608,3.29451],[117.06484,3.29516],[117.06365,3.29579],[117.06316,3.29633],[117.06156,3.29811],[117.06046,3.30029],[117.0604,3.30043],[117.06013,3.30092],[117.06006,3.30152],[117.05986,3.30325],[117.05994,3.30355],[117.06031,3.30493],[117.06151,3.3075],[117.06187,3.30813],[117.06246,3.3088],[117.0631,3.30946],[117.06354,3.31129],[117.06354,3.31175],[117.06354,3.31181],[117.06494,3.31206],[117.06494,3.31206],[117.06629,3.31237]]]]},"properties":{"kdprov":"65","kdkab":"02","kdkec":"090","kddesa":"021","kdsls":"0004","idsls":"65020900210004","nmprov":"KALIMANTAN UTARA","nmkab":"BULUNGAN","nmkec":"SEKATAK","nmdesa":"SEKATAK BUJI","nmsls":"RT 004"}},{"type":"Feature","geometry":{"type":"MultiPolygon","coordinates":[[[[117.0648,3.32323],[117.06441,3.32342],[117.06352,3.32365],[117.06333,3.32363],[117.06296,3.32358],[117.06294,3.32358],[117.06284,3.32384],[117.06278,3.32399],[117.06291,3.32399],[117.06302,3.32445],[117.06304,3.32454],[117.06347,3.32444],[117.06345,3.32531],[117.06555,3.32427],[117.06749,3.32329],[117.06854,3.3225],[117.06901,3.32129],[117.06927,3.32086],[117.06927,3.32086],[117.06928,3.32084],[117.06928,3.32084],[117.06878,3.32029],[117.06869,3.32018],[117.06895,3.32002],[117.06914,3.31992],[117.06948,3.31957],[117.06956,3.31949],[117.06925,3.31881],[117.06925,3.31881],[117.06953,3.31861],[117.06953,3.31861],[117.0697,3.3185],[117.0697,3.3185],[117.06988,3.31795],[117.07023,3.31697],[117.07019,3.31517],[117.06927,3.31527],[117.06909,3.31529],[117.06907,3.31538],[117.0687,3.31733],[117.06823,3.31868],[117.06696,3.31985],[117.06736,3.32028],[117.06762,3.32055],[117.06791,3.32084],[117.06845,3.32139],[117.06836,3.32156],[117.06825,3.32178],[117.0681,3.32201],[117.06785,3.32231],[117.06766,3.32247],[117.06736,3.32266],[117.06714,3.32277],[117.06698,3.32285],[117.06672,3.32299],[117.06669,3.32301],[117.06641,3.32316],[117.06639,3.32317],[117.06596,3.3234],[117.06573,3.32276],[117.0655,3.32289],[117.06486,3.3232],[117.0648,3.32323]]]]},"properties":{"kdprov":"65","kdkab":"02","kdkec":"090","kddesa":"021","kdsls":"0003","idsls":"65020900210003","nmprov":"KALIMANTAN UTARA","nmkab":"BULUNGAN","nmkec":"SEKATAK","nmdesa":"SEKATAK BUJI","nmsls":"RT 003"}},{"type":"Feature","geometry":{"type":"MultiPolygon","coordinates":[[[[117.06925,3.31494],[117.06609,3.31469],[117.06629,3.31237],[117.06494,3.31206],[117.06494,3.31206],[117.06354,3.31181],[117.06355,3.31312],[117.0632,3.31417],[117.06267,3.3163],[117.06244,3.31724],[117.06296,3.31775],[117.06296,3.31775],[117.06315,3.31795],[117.06348,3.31841],[117.06378,3.31888],[117.06378,3.31888],[117.06408,3.31863],[117.06429,3.31849],[117.0644,3.31842],[117.06496,3.31806],[117.06504,3.31848],[117.06508,3.31854],[117.0652,3.31872],[117.06561,3.31889],[117.06585,3.31908],[117.0662,3.31945],[117.06642,3.31973],[117.06656,3.31992],[117.06656,3.31993],[117.0668,3.31968],[117.06696,3.31985],[117.06823,3.31868],[117.0687,3.31733],[117.06907,3.31538],[117.06909,3.31529],[117.06927,3.31527],[117.06925,3.31494]]]]},"properties":{"kdprov":"65","kdkab":"02","kdkec":"090","kddesa":"021","kdsls":"0001","idsls":"65020900210001","nmprov":"KALIMANTAN UTARA","nmkab":"BULUNGAN","nmkec":"SEKATAK","nmdesa":"SEKATAK BUJI","nmsls":"RT 001"}},{"type":"Feature","geometry":{"type":"MultiPolygon","coordinates":[[[[117.04572,3.29272],[117.04558,3.29289],[117.04531,3.29305],[117.045,3.2931],[117.04501,3.29398],[117.04502,3.29487],[117.04502,3.29504],[117.04502,3.29504],[117.04502,3.29584],[117.0441,3.29587],[117.04221,3.29594],[117.04222,3.29626],[117.04227,3.29728],[117.04632,3.29714],[117.04624,3.29273],[117.04572,3.29273],[117.04572,3.29272]]]]},"properties":{"kdprov":"65","kdkab":"02","kdkec":"090","kddesa":"021","kdsls":"0005","idsls":"65020900210005","nmprov":"KALIMANTAN UTARA","nmkab":"BULUNGAN","nmkec":"SEKATAK","nmdesa":"SEKATAK BUJI","nmsls":"RT 005"}},{"type":"Feature","geometry":{"type":"MultiPolygon","coordinates":[[[[117.04222,3.29626],[117.04221,3.29594],[117.0441,3.29587],[117.04502,3.29584],[117.04502,3.29504],[117.04502,3.29504],[117.04502,3.29487],[117.04501,3.29398],[117.0396,3.2941],[117.0395,3.2941],[117.03955,3.29529],[117.03955,3.29529],[117.03963,3.29533],[117.03963,3.29533],[117.04222,3.29626]]]]},"properties":{"kdprov":"65","kdkab":"02","kdkec":"090","kddesa":"021","kdsls":"0006","idsls":"65020900210006","nmprov":"KALIMANTAN UTARA","nmkab":"BULUNGAN","nmkec":"SEKATAK","nmdesa":"SEKATAK BUJI","nmsls":"RT 006"}},{"type":"Feature","geometry":{"type":"MultiPolygon","coordinates":[[[[117.04501,3.29398],[117.045,3.2931],[117.04531,3.29305],[117.04558,3.29289],[117.04572,3.29272],[117.0457,3.29257],[117.0457,3.29255],[117.0457,3.29255],[117.04566,3.29123],[117.0456,3.28952],[117.0429,3.28953],[117.03931,3.28955],[117.0395,3.2941],[117.0396,3.2941],[117.04501,3.29398]]]]},"properties":{"kdprov":"65","kdkab":"02","kdkec":"090","kddesa":"021","kdsls":"0007","idsls":"65020900210007","nmprov":"KALIMANTAN UTARA","nmkab":"BULUNGAN","nmkec":"SEKATAK","nmdesa":"SEKATAK BUJI","nmsls":"RT 007"}},{"type":"Feature","geometry":{"type":"MultiPolygon","coordinates":[[[[117.07954,3.19726],[117.07955,3.1973],[117.08087,3.1971],[117.08351,3.19672],[117.08682,3.19628],[117.08771,3.19638],[117.09075,3.19672],[117.09273,3.19693],[117.09477,3.19681],[117.09778,3.1967],[117.10102,3.19644],[117.10475,3.19603],[117.10552,3.19594],[117.10556,3.19594],[117.10587,3.19626],[117.10705,3.19732],[117.10762,3.19785],[117.10752,3.19747],[117.10746,3.19716],[117.10746,3.1969],[117.10755,3.1967],[117.10771,3.19654],[117.10793,3.19641],[117.10825,3.19636],[117.10876,3.19664],[117.10923,3.197],[117.10972,3.19741],[117.11013,3.19792],[117.11042,3.19809],[117.11084,3.19819],[117.1113,3.19816],[117.1117,3.19787],[117.11204,3.19749],[117.1125,3.1972],[117.11302,3.19694],[117.1134,3.19683],[117.11413,3.19676],[117.11499,3.19669],[117.116,3.19659],[117.11689,3.19653],[117.11817,3.19638],[117.11869,3.19638],[117.1188,3.19637],[117.11895,3.19638],[117.11969,3.19621],[117.12025,3.19601],[117.12064,3.19601],[117.121,3.19618],[117.12136,3.19657],[117.12151,3.19705],[117.12176,3.19766],[117.12198,3.19819],[117.12228,3.1985],[117.12282,3.1985],[117.12343,3.19831],[117.12366,3.19802],[117.12381,3.19738],[117.12395,3.19674],[117.12395,3.19618],[117.12409,3.1959],[117.12451,3.19553],[117.12496,3.19542],[117.12532,3.19556],[117.1257,3.19581],[117.12622,3.1959],[117.12658,3.19575],[117.12678,3.19545],[117.127,3.19495],[117.1272,3.19438],[117.12745,3.19386],[117.12778,3.19337],[117.12823,3.19318],[117.12871,3.19306],[117.12901,3.19306],[117.12929,3.1931],[117.12936,3.19206],[117.12971,3.18681],[117.0749,3.1865],[117.07492,3.18652],[117.07607,3.18888],[117.07692,3.19089],[117.07776,3.19292],[117.07859,3.19501],[117.07945,3.19708],[117.07954,3.19726]]]]},"properties":{"kdprov":"65","kdkab":"02","kdkec":"090","kddesa":"004","kdsls":"0003","idsls":"65020900040003","nmprov":"KALIMANTAN UTARA","nmkab":"BULUNGAN","nmkec":"SEKATAK","nmdesa":"PUNGIT","nmsls":"RT 003"}},{"type":"Feature","geometry":{"type":"MultiPolygon","coordinates":[[[[117.47605,3.27552],[117.47601,3.27766],[117.47535,3.27772],[117.47498,3.27744],[117.47481,3.27654],[117.47507,3.27534],[117.47496,3.27534],[117.47372,3.2753],[117.47332,3.27529],[117.4728,3.27527],[117.47161,3.27523],[117.47034,3.27516],[117.46985,3.27513],[117.46964,3.27505],[117.46934,3.27492],[117.46869,3.27465],[117.46767,3.27425],[117.4672,3.27401],[117.46677,3.27378],[117.46636,3.27367],[117.46605,3.27369],[117.46554,3.27382],[117.46494,3.27379],[117.46456,3.27371],[117.46417,3.27356],[117.46407,3.27346],[117.46379,3.27319],[117.4635,3.27306],[117.46309,3.27287],[117.4619,3.27244],[117.46062,3.27222],[117.46033,3.27225],[117.45931,3.27233],[117.45823,3.27276],[117.45772,3.27308],[117.45731,3.27342],[117.45731,3.27343],[117.45717,3.27358],[117.45706,3.27371],[117.45699,3.27379],[117.45664,3.27438],[117.45673,3.27471],[117.45712,3.27599],[117.45711,3.276],[117.45703,3.27608],[117.45714,3.27624],[117.45743,3.27645],[117.45908,3.27762],[117.46016,3.27821],[117.46298,3.27977],[117.46677,3.28241],[117.46883,3.28446],[117.47097,3.2869],[117.47224,3.28984],[117.4734,3.29434],[117.4736,3.29718],[117.47205,3.30149],[117.47098,3.30354],[117.46951,3.3055],[117.46786,3.30677],[117.46611,3.30766],[117.46426,3.30815],[117.46241,3.30805],[117.45958,3.30669],[117.45744,3.30511],[117.45618,3.30287],[117.45335,3.29631],[117.45218,3.2924],[117.451,3.28858],[117.44925,3.28457],[117.44867,3.28359],[117.44719,3.28183],[117.44682,3.28139],[117.44467,3.28011],[117.44156,3.27954],[117.4361,3.27855],[117.43104,3.27846],[117.42538,3.279],[117.4248,3.27905],[117.42122,3.27913],[117.42033,3.27915],[117.41673,3.27925],[117.41511,3.27916],[117.41341,3.27905],[117.40679,3.27734],[117.4027,3.27637],[117.39881,3.27598],[117.39608,3.27627],[117.39209,3.27755],[117.38781,3.2794],[117.38586,3.28097],[117.38479,3.28244],[117.38401,3.2843],[117.38352,3.28655],[117.38401,3.28783],[117.38479,3.28909],[117.38567,3.29047],[117.38664,3.29183],[117.38918,3.29732],[117.38995,3.29918],[117.39025,3.30201],[117.39025,3.30339],[117.38947,3.30593],[117.38792,3.30872],[117.38665,3.30999],[117.38528,3.31097],[117.38328,3.31207],[117.38314,3.31215],[117.38275,3.31254],[117.38255,3.31285],[117.38252,3.31306],[117.38252,3.3133],[117.38256,3.31352],[117.38268,3.31411],[117.3827,3.31421],[117.3827,3.31424],[117.38276,3.31453],[117.38292,3.31501],[117.38322,3.3157],[117.38351,3.31631],[117.38384,3.31691],[117.38442,3.31786],[117.38488,3.31837],[117.38493,3.31843],[117.38545,3.31885],[117.3855,3.31886],[117.38602,3.319],[117.38644,3.31895],[117.38681,3.31867],[117.38685,3.31864],[117.38745,3.31829],[117.38779,3.31809],[117.38795,3.318],[117.38843,3.31771],[117.38884,3.31739],[117.38943,3.31701],[117.39056,3.31594],[117.39104,3.31591],[117.39139,3.31534],[117.3916,3.315],[117.3919,3.31482],[117.39242,3.31458],[117.39322,3.31403],[117.39399,3.31378],[117.39455,3.31363],[117.39511,3.31348],[117.39542,3.31342],[117.3957,3.31344],[117.396,3.31342],[117.39614,3.31341],[117.39626,3.31341],[117.39629,3.31302],[117.39636,3.31283],[117.39648,3.31243],[117.39765,3.31116],[117.39863,3.31028],[117.40057,3.30901],[117.40184,3.30783],[117.40272,3.30676],[117.4033,3.30627],[117.40379,3.30627],[117.40398,3.30695],[117.4034,3.30783],[117.40145,3.3096],[117.39989,3.31076],[117.39902,3.31145],[117.39824,3.31204],[117.39793,3.31251],[117.39785,3.31263],[117.39759,3.31324],[117.39756,3.31332],[117.39747,3.31356],[117.39773,3.3136],[117.39797,3.31395],[117.39868,3.31444],[117.39926,3.31469],[117.39987,3.31515],[117.40036,3.31535],[117.40085,3.31569],[117.4009,3.31574],[117.4012,3.31604],[117.40161,3.31623],[117.4022,3.31671],[117.40312,3.31739],[117.40355,3.31762],[117.40414,3.31776],[117.40427,3.31779],[117.4046,3.31794],[117.40481,3.31804],[117.40545,3.31833],[117.40606,3.31849],[117.40673,3.31874],[117.4078,3.31912],[117.40852,3.31928],[117.40915,3.31958],[117.40992,3.31978],[117.41079,3.32009],[117.41213,3.32047],[117.41432,3.32146],[117.41443,3.32153],[117.41451,3.32158],[117.4159,3.3224],[117.41733,3.32321],[117.41855,3.32402],[117.41918,3.3244],[117.41927,3.32445],[117.42008,3.32501],[117.42088,3.32551],[117.42154,3.32606],[117.42179,3.32624],[117.42193,3.32627],[117.42213,3.32642],[117.42216,3.32644],[117.42232,3.32656],[117.42276,3.32681],[117.42328,3.32727],[117.4233,3.32729],[117.42365,3.32752],[117.42385,3.32777],[117.42407,3.32803],[117.42428,3.32823],[117.42477,3.32868],[117.42536,3.32918],[117.42634,3.32998],[117.42682,3.33041],[117.42705,3.33057],[117.4272,3.33069],[117.4274,3.33082],[117.4275,3.33089],[117.42762,3.33097],[117.42776,3.3311],[117.42804,3.33141],[117.42814,3.3315],[117.42827,3.33163],[117.42868,3.33202],[117.42883,3.33204],[117.42893,3.33205],[117.42907,3.33213],[117.42919,3.33231],[117.42944,3.33263],[117.43008,3.33312],[117.43055,3.33364],[117.4308,3.33391],[117.43142,3.33443],[117.43178,3.33464],[117.43185,3.33468],[117.43201,3.33476],[117.43225,3.33495],[117.43249,3.3352],[117.43285,3.33548],[117.43327,3.33578],[117.43356,3.33598],[117.43387,3.33624],[117.43433,3.33662],[117.43523,3.33722],[117.43581,3.33745],[117.43634,3.33779],[117.43699,3.33821],[117.43758,3.33852],[117.43794,3.33868],[117.43894,3.3391],[117.439,3.33913],[117.44007,3.33965],[117.44126,3.34015],[117.44237,3.34073],[117.44308,3.34101],[117.44355,3.3411],[117.44379,3.34096],[117.44397,3.34083],[117.44415,3.34104],[117.44442,3.34114],[117.4448,3.34117],[117.44668,3.34091],[117.44676,3.3409],[117.44739,3.34061],[117.448,3.34033],[117.44909,3.33972],[117.45119,3.33833],[117.45228,3.33775],[117.45357,3.33693],[117.45689,3.33525],[117.45728,3.33505],[117.45737,3.33501],[117.45797,3.33481],[117.45893,3.33463],[117.45937,3.3344],[117.46017,3.33399],[117.46156,3.33332],[117.46214,3.3331],[117.4631,3.33273],[117.46335,3.33264],[117.46491,3.33216],[117.46726,3.33143],[117.46775,3.33127],[117.46896,3.33087],[117.47067,3.3304],[117.4737,3.32957],[117.47976,3.3283],[117.48391,3.32756],[117.48584,3.32728],[117.48695,3.32711],[117.49068,3.32635],[117.49077,3.32632],[117.49251,3.3257],[117.49347,3.32557],[117.4946,3.32542],[117.49491,3.32526],[117.49562,3.32488],[117.49567,3.32485],[117.49629,3.32467],[117.49662,3.32456],[117.49663,3.32456],[117.49727,3.32437],[117.49844,3.32404],[117.49923,3.32411],[117.5,3.32418],[117.50017,3.32412],[117.50074,3.32386],[117.50084,3.32382],[117.50177,3.32337],[117.50248,3.32296],[117.50285,3.32283],[117.50299,3.32277],[117.50335,3.32254],[117.50384,3.32241],[117.5043,3.32214],[117.50451,3.32202],[117.50492,3.32166],[117.50597,3.32083],[117.5067,3.32004],[117.50727,3.31956],[117.50759,3.31916],[117.5085,3.31824],[117.50899,3.31778],[117.50924,3.31739],[117.50949,3.31701],[117.50993,3.31655],[117.51097,3.31531],[117.51125,3.31499],[117.51151,3.31471],[117.51218,3.31384],[117.51281,3.31303],[117.51301,3.3128],[117.51321,3.31258],[117.5135,3.31229],[117.51425,3.31141],[117.51494,3.31031],[117.51614,3.30868],[117.5166,3.30809],[117.51734,3.30714],[117.51902,3.30495],[117.52,3.30391],[117.52017,3.30372],[117.52019,3.30364],[117.52017,3.30356],[117.52015,3.3035],[117.52014,3.30349],[117.52015,3.30339],[117.52019,3.30333],[117.52039,3.30325],[117.52071,3.30304],[117.52138,3.30227],[117.52208,3.30142],[117.52257,3.30069],[117.52287,3.30003],[117.52298,3.29978],[117.52337,3.29902],[117.5235,3.29875],[117.52357,3.29855],[117.52388,3.29725],[117.52393,3.29703],[117.52415,3.296],[117.52421,3.29567],[117.52424,3.29552],[117.52388,3.29537],[117.52342,3.29519],[117.52342,3.29513],[117.52342,3.29507],[117.5239,3.29468],[117.52409,3.29434],[117.52415,3.29424],[117.5243,3.29343],[117.52424,3.29287],[117.52417,3.29212],[117.52365,3.29032],[117.52314,3.28835],[117.52267,3.28682],[117.52224,3.28557],[117.52211,3.28509],[117.52173,3.28348],[117.5213,3.28243],[117.52059,3.28107],[117.51987,3.28011],[117.51901,3.27884],[117.51835,3.27803],[117.51785,3.27743],[117.51734,3.27676],[117.51668,3.2759],[117.51623,3.27568],[117.51592,3.2756],[117.51539,3.27547],[117.51451,3.27551],[117.51436,3.27556],[117.51424,3.27568],[117.51394,3.27596],[117.51377,3.27589],[117.51376,3.27568],[117.51376,3.27548],[117.51345,3.27517],[117.51339,3.27512],[117.51278,3.27474],[117.51201,3.27452],[117.51134,3.27442],[117.51088,3.27443],[117.51022,3.27454],[117.50999,3.27463],[117.5097,3.27471],[117.5094,3.27485],[117.50919,3.27486],[117.50889,3.27477],[117.50858,3.27473],[117.50852,3.27474],[117.50764,3.27483],[117.50657,3.27505],[117.50619,3.27517],[117.50573,3.27509],[117.50557,3.2751],[117.50548,3.27511],[117.50489,3.27554],[117.50435,3.27573],[117.5039,3.27592],[117.50369,3.27599],[117.50336,3.27608],[117.50316,3.27612],[117.50274,3.27609],[117.50263,3.27612],[117.50217,3.27614],[117.50156,3.27591],[117.50127,3.27576],[117.50084,3.27555],[117.5003,3.27524],[117.50029,3.27524],[117.5,3.27508],[117.49851,3.27485],[117.49752,3.27484],[117.49678,3.27488],[117.4957,3.2749],[117.49488,3.27496],[117.49411,3.27506],[117.49342,3.27519],[117.49288,3.27532],[117.49145,3.27573],[117.49028,3.27606],[117.48548,3.27565],[117.48487,3.27561],[117.48437,3.27558],[117.48384,3.2755],[117.48283,3.27547],[117.48235,3.27536],[117.48219,3.27536],[117.48156,3.27526],[117.48013,3.27522],[117.47802,3.2754],[117.47771,3.27549],[117.47711,3.27567],[117.47646,3.27567],[117.47638,3.27567],[117.47608,3.27554],[117.47608,3.27554],[117.47605,3.27552]]]]},"properties":{"kdprov":"65","kdkab":"02","kdkec":"090","kddesa":"022","kdsls":"2001","idsls":"65020900222001","nmprov":"KALIMANTAN UTARA","nmkab":"BULUNGAN","nmkec":"SEKATAK","nmdesa":"LIAGU","nmsls":"HUTAN"}},{"type":"Feature","geometry":{"type":"MultiPolygon","coordinates":[[[[117.0772,3.30577],[117.07734,3.30569],[117.07742,3.30572],[117.07764,3.30581],[117.07785,3.30578],[117.07791,3.30577],[117.07817,3.30573],[117.07846,3.30575],[117.07878,3.3057],[117.07929,3.30576],[117.07931,3.30577],[117.07925,3.30533],[117.07925,3.30533],[117.07925,3.30465],[117.07929,3.30426],[117.07932,3.30395],[117.07932,3.30395],[117.07828,3.30437],[117.07794,3.3045],[117.07743,3.30454],[117.07743,3.30454],[117.07719,3.30455],[117.07723,3.30566],[117.0772,3.30577]]]]},"properties":{"kdprov":"65","kdkab":"02","kdkec":"090","kddesa":"003","kdsls":"0001","idsls":"65020900030001","nmprov":"KALIMANTAN UTARA","nmkab":"BULUNGAN","nmkec":"SEKATAK","nmdesa":"TERINDAK","nmsls":"RT 001"}},{"type":"Feature","geometry":{"type":"MultiPolygon","coordinates":[[[[117.08023,3.30325],[117.07748,3.30274],[117.07743,3.30274],[117.07743,3.30451],[117.07743,3.30454],[117.07794,3.3045],[117.07828,3.30437],[117.07932,3.30395],[117.07934,3.30392],[117.07957,3.3036],[117.07957,3.3036],[117.07961,3.30354],[117.07963,3.30351],[117.07979,3.30343],[117.08,3.30332],[117.08023,3.30325]]]]},"properties":{"kdprov":"65","kdkab":"02","kdkec":"090","kddesa":"003","kdsls":"0002","idsls":"65020900030002","nmprov":"KALIMANTAN UTARA","nmkab":"BULUNGAN","nmkec":"SEKATAK","nmdesa":"TERINDAK","nmsls":"RT 002"}},{"type":"Feature","geometry":{"type":"MultiPolygon","coordinates":[[[[117.06028,3.32465],[117.06028,3.32465],[117.06082,3.32427],[117.06044,3.32347],[117.06038,3.3235],[117.06036,3.32352],[117.06004,3.32314],[117.05958,3.3235],[117.05958,3.3235],[117.05949,3.32356],[117.05982,3.32398],[117.06009,3.32432],[117.06028,3.32465]]]]},"properties":{"kdprov":"65","kdkab":"02","kdkec":"090","kddesa":"013","kdsls":"0001","idsls":"65020900130001","nmprov":"KALIMANTAN UTARA","nmkab":"BULUNGAN","nmkec":"SEKATAK","nmdesa":"KELISING","nmsls":"RT 001"}},{"type":"Feature","geometry":{"type":"MultiPolygon","coordinates":[[[[117.06028,3.32465],[117.06037,3.32482],[117.06056,3.32534],[117.06059,3.32546],[117.06073,3.32573],[117.06073,3.32574],[117.06078,3.32574],[117.06078,3.32574],[117.0611,3.32573],[117.06142,3.32638],[117.06155,3.3263],[117.06185,3.32612],[117.06164,3.32519],[117.06164,3.32518],[117.06141,3.32407],[117.06141,3.32405],[117.06121,3.32315],[117.06119,3.32309],[117.06119,3.32308],[117.06106,3.3225],[117.06097,3.3221],[117.06091,3.32173],[117.06078,3.32177],[117.06041,3.32194],[117.06018,3.3221],[117.05994,3.32226],[117.05992,3.32228],[117.06011,3.32309],[117.06004,3.32314],[117.06036,3.32352],[117.06038,3.3235],[117.06044,3.32347],[117.06082,3.32427],[117.06028,3.32465]]]]},"properties":{"kdprov":"65","kdkab":"02","kdkec":"090","kddesa":"013","kdsls":"0002","idsls":"65020900130002","nmprov":"KALIMANTAN UTARA","nmkab":"BULUNGAN","nmkec":"SEKATAK","nmdesa":"KELISING","nmsls":"RT 002"}},{"type":"Feature","geometry":{"type":"MultiPolygon","coordinates":[[[[117.07707,3.30455],[117.07707,3.30455],[117.07715,3.30455],[117.07719,3.30455],[117.07743,3.30454],[117.07743,3.30454],[117.07743,3.30451],[117.07743,3.30274],[117.07709,3.3027],[117.07704,3.3027],[117.07701,3.30363],[117.07704,3.30377],[117.07707,3.30455]]]]},"properties":{"kdprov":"65","kdkab":"02","kdkec":"090","kddesa":"011","kdsls":"0002","idsls":"65020900110002","nmprov":"KALIMANTAN UTARA","nmkab":"BULUNGAN","nmkec":"SEKATAK","nmdesa":"ANJAR ARIP","nmsls":"RT 002"}},{"type":"Feature","geometry":{"type":"MultiPolygon","coordinates":[[[[117.27673,3.21287],[117.27564,3.21526],[117.2729,3.22155],[117.27119,3.22465],[117.27085,3.22569],[117.27068,3.22723],[117.27051,3.22844],[117.27045,3.22936],[117.27042,3.22981],[117.27093,3.22997],[117.27265,3.2305],[117.27479,3.2305],[117.27787,3.2305],[117.27827,3.23042],[117.28044,3.22998],[117.28282,3.22956],[117.28387,3.22938],[117.28995,3.23032],[117.29903,3.2317],[117.3027,3.23195],[117.30288,3.23196],[117.3046,3.23195],[117.30527,3.23153],[117.30588,3.23041],[117.30586,3.23027],[117.30572,3.22891],[117.3057,3.22877],[117.30416,3.22679],[117.30151,3.22335],[117.30065,3.22172],[117.30005,3.22042],[117.29985,3.21995],[117.29962,3.21939],[117.29953,3.21873],[117.29945,3.21819],[117.29902,3.21733],[117.29834,3.21698],[117.29789,3.21673],[117.29679,3.21612],[117.29431,3.21449],[117.2937,3.21359],[117.29114,3.20984],[117.29012,3.2082],[117.28927,3.20702],[117.28866,3.20656],[117.28763,3.2058],[117.28619,3.20528],[117.286,3.20527],[117.28519,3.20523],[117.28437,3.20519],[117.28364,3.20529],[117.28249,3.20545],[117.28201,3.20579],[117.28112,3.2064],[117.27958,3.20786],[117.27879,3.20893],[117.27812,3.20984],[117.27794,3.21024],[117.27673,3.21287]]]]},"properties":{"kdprov":"65","kdkab":"02","kdkec":"090","kddesa":"021","kdsls":"2002","idsls":"65020900212002","nmprov":"KALIMANTAN UTARA","nmkab":"BULUNGAN","nmkec":"SEKATAK","nmdesa":"SEKATAK BUJI","nmsls":"HUTAN"}},{"type":"Feature","geometry":{"type":"MultiPolygon","coordinates":[[[[117.07651,3.30265],[117.07651,3.30365],[117.07651,3.30456],[117.07707,3.30455],[117.07704,3.30377],[117.07701,3.30363],[117.07704,3.3027],[117.07654,3.30265],[117.07651,3.30265]]]]},"properties":{"kdprov":"65","kdkab":"02","kdkec":"090","kddesa":"011","kdsls":"0001","idsls":"65020900110001","nmprov":"KALIMANTAN UTARA","nmkab":"BULUNGAN","nmkec":"SEKATAK","nmdesa":"ANJAR ARIP","nmsls":"RT 001"}},{"type":"Feature","geometry":{"type":"MultiPolygon","coordinates":[[[[117.17609,3.32587],[117.17624,3.32603],[117.17941,3.32281],[117.17936,3.32276],[117.18321,3.31687],[117.17691,3.31254],[117.17355,3.31606],[117.17052,3.32137],[117.17609,3.32587]]]]},"properties":{"kdprov":"65","kdkab":"02","kdkec":"090","kddesa":"021","kdsls":"0008","idsls":"65020900210008","nmprov":"KALIMANTAN UTARA","nmkab":"BULUNGAN","nmkec":"SEKATAK","nmdesa":"SEKATAK BUJI","nmsls":"RT 008"}},{"type":"Feature","geometry":{"type":"MultiPolygon","coordinates":[[[[117.06167,3.32156],[117.06115,3.32164],[117.06091,3.32173],[117.06097,3.3221],[117.06106,3.3225],[117.06119,3.32308],[117.06119,3.32309],[117.06121,3.32315],[117.06141,3.32405],[117.06241,3.32386],[117.06244,3.32386],[117.06244,3.32385],[117.06242,3.3238],[117.06187,3.32221],[117.06186,3.32218],[117.06186,3.32218],[117.06167,3.32156]]]]},"properties":{"kdprov":"65","kdkab":"02","kdkec":"090","kddesa":"017","kdsls":"0002","idsls":"65020900170002","nmprov":"KALIMANTAN UTARA","nmkab":"BULUNGAN","nmkec":"SEKATAK","nmdesa":"KELEMBUNAN","nmsls":"RT 002"}},{"type":"Feature","geometry":{"type":"MultiPolygon","coordinates":[[[[116.9249,3.38549],[116.92488,3.38528],[116.9247,3.38269],[116.92457,3.38058],[116.92436,3.38021],[116.92292,3.37771],[116.92292,3.37482],[116.92295,3.37407],[116.92374,3.37184],[116.92471,3.36913],[116.92575,3.36613],[116.92605,3.36531],[116.92789,3.36318],[116.93017,3.36057],[116.93266,3.35772],[116.93509,3.35492],[116.93581,3.3541],[116.93675,3.35303],[116.93737,3.3523],[116.93859,3.3504],[116.94043,3.34767],[116.94104,3.34675],[116.94183,3.34488],[116.94296,3.34209],[116.94316,3.3415],[116.94315,3.33934],[116.94315,3.33665],[116.94313,3.33376],[116.94298,3.33101],[116.94285,3.32802],[116.9427,3.32515],[116.94269,3.32437],[116.94186,3.32215],[116.94173,3.32179],[116.9382,3.31942],[116.93463,3.31698],[116.9312,3.31461],[116.92695,3.31252],[116.9227,3.31038],[116.91977,3.30894],[116.91798,3.30774],[116.9136,3.30497],[116.90938,3.30227],[116.90547,3.29975],[116.90222,3.29768],[116.89941,3.29618],[116.89519,3.29375],[116.89509,3.2938],[116.89364,3.29361],[116.89321,3.29413],[116.89223,3.29528],[116.89228,3.29542],[116.89277,3.29696],[116.89321,3.29843],[116.89373,3.29969],[116.89371,3.29972],[116.8939,3.30002],[116.8956,3.30253],[116.89752,3.30522],[116.89955,3.30737],[116.90209,3.31003],[116.90298,3.31075],[116.90564,3.31308],[116.9083,3.3153],[116.90995,3.31708],[116.91191,3.3193],[116.91436,3.32202],[116.91485,3.32401],[116.91554,3.32692],[116.91625,3.3299],[116.91626,3.33202],[116.91505,3.33458],[116.91382,3.33743],[116.91272,3.34039],[116.91162,3.34337],[116.91052,3.34638],[116.90937,3.34951],[116.90817,3.35272],[116.90783,3.35441],[116.90725,3.35762],[116.90668,3.36053],[116.90626,3.36288],[116.90627,3.36601],[116.90626,3.36865],[116.90626,3.37156],[116.90627,3.37473],[116.90662,3.37721],[116.90681,3.37876],[116.90697,3.38014],[116.90746,3.38214],[116.90764,3.3829],[116.90827,3.38583],[116.90881,3.38808],[116.9093,3.38761],[116.91271,3.3843],[116.91297,3.38457],[116.91329,3.38461],[116.91354,3.38473],[116.91383,3.38471],[116.91421,3.38452],[116.91439,3.38461],[116.9147,3.38492],[116.91481,3.3852],[116.91501,3.38544],[116.91543,3.38556],[116.91566,3.38598],[116.91599,3.38657],[116.91616,3.38734],[116.91647,3.3877],[116.91682,3.3876],[116.91768,3.38778],[116.91808,3.38808],[116.9184,3.38802],[116.9186,3.38835],[116.91878,3.38862],[116.91905,3.38945],[116.91906,3.39015],[116.91941,3.39058],[116.91949,3.39069],[116.91967,3.39068],[116.92005,3.39082],[116.92038,3.39091],[116.92067,3.39086],[116.92095,3.39068],[116.92105,3.3902],[116.92099,3.39008],[116.92083,3.3898],[116.92071,3.38948],[116.92074,3.38916],[116.92078,3.38871],[116.92088,3.38821],[116.92082,3.38762],[116.92088,3.38735],[116.92093,3.38712],[116.92128,3.38697],[116.92179,3.38685],[116.92219,3.3866],[116.92238,3.38634],[116.92257,3.38582],[116.92265,3.3853],[116.92267,3.3849],[116.92272,3.38454],[116.92292,3.38425],[116.92328,3.38408],[116.92392,3.38388],[116.9239,3.38408],[116.92386,3.38451],[116.92432,3.38501],[116.92473,3.38531],[116.9249,3.38549]]]]},"properties":{"kdprov":"65","kdkab":"02","kdkec":"090","kddesa":"017","kdsls":"2001","idsls":"65020900172001","nmprov":"KALIMANTAN UTARA","nmkab":"BULUNGAN","nmkec":"SEKATAK","nmdesa":"KELEMBUNAN","nmsls":"HUTAN"}},{"type":"Feature","geometry":{"type":"MultiPolygon","coordinates":[[[[117.2217,3.17518],[117.22141,3.17529],[117.22088,3.1755],[117.22007,3.17618],[117.22,3.17623],[117.21951,3.17656],[117.21913,3.17695],[117.21902,3.17706],[117.21891,3.17713],[117.21857,3.17737],[117.21821,3.17774],[117.21808,3.17788],[117.21798,3.17802],[117.2177,3.17844],[117.2177,3.17844],[117.21771,3.17844],[117.21802,3.17872],[117.21822,3.17891],[117.21832,3.17895],[117.21833,3.17896],[117.21895,3.17919],[117.22001,3.17925],[117.22144,3.17931],[117.22313,3.17931],[117.22363,3.17926],[117.22393,3.17923],[117.22391,3.17917],[117.22424,3.17919],[117.22564,3.17887],[117.22678,3.1784],[117.22809,3.17688],[117.22834,3.17614],[117.22831,3.17565],[117.22752,3.17516],[117.22564,3.17459],[117.22386,3.17453],[117.22323,3.17475],[117.22272,3.17493],[117.22269,3.17482],[117.2217,3.17518]]]]},"properties":{"kdprov":"65","kdkab":"02","kdkec":"090","kddesa":"005","kdsls":"2003","idsls":"65020900052003","nmprov":"KALIMANTAN UTARA","nmkab":"BULUNGAN","nmkec":"SEKATAK","nmdesa":"SEKATAK BENGARA","nmsls":"HUTAN"}},{"type":"Feature","geometry":{"type":"MultiPolygon","coordinates":[[[[117.23176,3.17853],[117.23055,3.17719],[117.23024,3.17694],[117.22986,3.17662],[117.22955,3.17648],[117.22929,3.17637],[117.22916,3.17641],[117.22892,3.17649],[117.22855,3.17693],[117.22855,3.17693],[117.22855,3.17693],[117.22851,3.177],[117.22805,3.17794],[117.22736,3.17875],[117.22674,3.17937],[117.22674,3.17937],[117.22674,3.17938],[117.22674,3.17938],[117.22543,3.18],[117.22427,3.18021],[117.22363,3.18032],[117.22276,3.18038],[117.22188,3.18038],[117.2207,3.18045],[117.22038,3.18045],[117.22023,3.18055],[117.22001,3.18069],[117.21996,3.18079],[117.21996,3.1808],[117.21996,3.1808],[117.22005,3.18115],[117.22015,3.18157],[117.2202,3.18176],[117.22107,3.18263],[117.22176,3.18332],[117.22341,3.18499],[117.22356,3.18514],[117.22364,3.18521],[117.225,3.18645],[117.22523,3.18662],[117.22578,3.18701],[117.22631,3.1874],[117.22787,3.18852],[117.22852,3.18873],[117.22942,3.18902],[117.23204,3.19002],[117.2339,3.19021],[117.2353,3.19059],[117.23548,3.19064],[117.23608,3.1908],[117.23621,3.19084],[117.23627,3.1904],[117.23627,3.1904],[117.23627,3.19039],[117.23566,3.18983],[117.23503,3.18883],[117.23474,3.18795],[117.23466,3.18771],[117.23462,3.18752],[117.23441,3.18639],[117.23434,3.18514],[117.23415,3.18388],[117.23412,3.18324],[117.23409,3.18276],[117.23397,3.18194],[117.23383,3.1813],[117.23372,3.18075],[117.23334,3.18018],[117.23297,3.17963],[117.23189,3.17865],[117.23181,3.17858],[117.23181,3.17858],[117.23179,3.17856],[117.23176,3.17853],[117.23176,3.17853]]]]},"properties":{"kdprov":"65","kdkab":"02","kdkec":"090","kddesa":"005","kdsls":"2004","idsls":"65020900052004","nmprov":"KALIMANTAN UTARA","nmkab":"BULUNGAN","nmkec":"SEKATAK","nmdesa":"SEKATAK BENGARA","nmsls":"HUTAN"}},{"type":"Feature","geometry":{"type":"MultiPolygon","coordinates":[[[[116.89371,3.29972],[116.89373,3.29969],[116.89321,3.29843],[116.89277,3.29696],[116.89228,3.29542],[116.89223,3.29528],[116.89321,3.29413],[116.89364,3.29361],[116.89509,3.2938],[116.89519,3.29375],[116.89526,3.29353],[116.8951,3.29276],[116.89472,3.29116],[116.89442,3.28952],[116.89409,3.28796],[116.89373,3.28633],[116.89337,3.28465],[116.89302,3.28303],[116.89295,3.28266],[116.89188,3.28136],[116.89076,3.27999],[116.88961,3.27861],[116.8885,3.27724],[116.88733,3.27581],[116.8861,3.27431],[116.88492,3.27289],[116.8838,3.27149],[116.8826,3.27002],[116.88141,3.26857],[116.88053,3.26749],[116.8802,3.26695],[116.87919,3.26533],[116.87822,3.26373],[116.87727,3.26218],[116.87632,3.26062],[116.8754,3.25914],[116.87446,3.25762],[116.87354,3.25613],[116.87258,3.25454],[116.87166,3.25309],[116.87077,3.25161],[116.86986,3.25013],[116.86895,3.24863],[116.868,3.24713],[116.86701,3.2455],[116.86608,3.24398],[116.8651,3.24238],[116.86476,3.24187],[116.86471,3.2418],[116.86446,3.24143],[116.86416,3.24066],[116.86329,3.2395],[116.8622,3.23805],[116.86132,3.23685],[116.86034,3.23555],[116.85929,3.23412],[116.85819,3.23268],[116.85718,3.23131],[116.85601,3.22972],[116.85498,3.22814],[116.85402,3.22665],[116.85307,3.22516],[116.8521,3.22366],[116.85116,3.22215],[116.85016,3.22058],[116.84916,3.21904],[116.84818,3.21749],[116.84715,3.21588],[116.84614,3.21427],[116.84513,3.21269],[116.84411,3.2111],[116.84308,3.20947],[116.84206,3.20789],[116.8411,3.20637],[116.84038,3.20521],[116.83819,3.20476],[116.83557,3.2042],[116.8328,3.20362],[116.83016,3.20304],[116.82835,3.20266],[116.82641,3.20225],[116.82479,3.20191],[116.82315,3.20156],[116.82163,3.20123],[116.81999,3.20089],[116.81805,3.20047],[116.81595,3.20001],[116.81347,3.19951],[116.81086,3.19957],[116.80826,3.19964],[116.80558,3.1997],[116.80528,3.19971],[116.80528,3.19964],[116.80401,3.19863],[116.79993,3.19635],[116.79968,3.19621],[116.79924,3.19581],[116.79495,3.19184],[116.79154,3.18739],[116.79153,3.18739],[116.78904,3.18286],[116.7861,3.17969],[116.7818,3.17811],[116.77614,3.17652],[116.77343,3.17445],[116.77139,3.1729],[116.77011,3.17109],[116.76992,3.17081],[116.77,3.17216],[116.77458,3.17671],[116.77458,3.17736],[116.7738,3.17759],[116.77306,3.17887],[116.77193,3.18076],[116.77299,3.18183],[116.77347,3.18379],[116.7729,3.1868],[116.77255,3.18807],[116.77257,3.18889],[116.77254,3.18969],[116.77237,3.19043],[116.7727,3.19118],[116.77352,3.19207],[116.77446,3.19479],[116.77491,3.19543],[116.77491,3.1964],[116.77434,3.19768],[116.77455,3.19917],[116.77554,3.20592],[116.7763,3.21012],[116.77654,3.21301],[116.77819,3.21531],[116.77931,3.21683],[116.78026,3.21771],[116.78142,3.22001],[116.78095,3.22141],[116.78095,3.22264],[116.78008,3.22625],[116.78111,3.22832],[116.78391,3.23179],[116.78771,3.23396],[116.79064,3.23153],[116.79159,3.22963],[116.79401,3.23062],[116.79394,3.23364],[116.7935,3.23619],[116.79233,3.23869],[116.79194,3.23952],[116.7917,3.24216],[116.78788,3.24382],[116.78769,3.24528],[116.78634,3.25],[116.7861,3.25085],[116.78655,3.25359],[116.78728,3.25515],[116.78728,3.25816],[116.78789,3.25967],[116.78918,3.2608],[116.78815,3.2621],[116.78723,3.26383],[116.78717,3.2641],[116.78691,3.2652],[116.78655,3.2667],[116.78504,3.26746],[116.78317,3.26725],[116.7828,3.26668],[116.78229,3.26655],[116.78161,3.27068],[116.7814,3.2711],[116.78074,3.27239],[116.78004,3.27326],[116.7799,3.27458],[116.78026,3.27701],[116.78163,3.27824],[116.78306,3.28174],[116.78239,3.28508],[116.78234,3.28913],[116.78239,3.29126],[116.78079,3.2923],[116.77824,3.29365],[116.77707,3.2946],[116.77334,3.29482],[116.77221,3.29511],[116.76897,3.29594],[116.76656,3.30024],[116.76493,3.30221],[116.76079,3.30477],[116.76104,3.30712],[116.76091,3.30807],[116.76079,3.3089],[116.75996,3.31013],[116.75854,3.31409],[116.75712,3.31495],[116.75414,3.31645],[116.7538,3.31887],[116.75414,3.32239],[116.75428,3.32535],[116.7543,3.32586],[116.75441,3.32803],[116.75208,3.33129],[116.75111,3.33497],[116.75,3.3354],[116.74963,3.33551],[116.7448,3.33689],[116.74333,3.33775],[116.74265,3.33949],[116.74217,3.3412],[116.74082,3.34119],[116.73868,3.33965],[116.73523,3.33434],[116.73416,3.33417],[116.73416,3.33417],[116.73416,3.33417],[116.73311,3.33234],[116.7331,3.33234],[116.7331,3.33234],[116.7324,3.33318],[116.73233,3.33364],[116.73233,3.33364],[116.73233,3.33366],[116.73238,3.33404],[116.73245,3.33462],[116.7322,3.33576],[116.73219,3.33576],[116.73192,3.3363],[116.73169,3.33675],[116.73169,3.33675],[116.73139,3.33722],[116.73119,3.33753],[116.73119,3.33753],[116.73119,3.33753],[116.73111,3.33777],[116.7311,3.33789],[116.7311,3.33795],[116.73109,3.33804],[116.73099,3.33819],[116.73098,3.33819],[116.73052,3.33874],[116.73047,3.33883],[116.73031,3.33898],[116.73031,3.33898],[116.7301,3.33989],[116.7301,3.33989],[116.7301,3.33989],[116.72961,3.34048],[116.72944,3.3417],[116.72944,3.3417],[116.72835,3.34225],[116.72727,3.34448],[116.7244,3.34605],[116.72404,3.34625],[116.72418,3.34646],[116.72469,3.34758],[116.72512,3.34865],[116.72519,3.34933],[116.72514,3.34976],[116.72514,3.34976],[116.72439,3.35051],[116.72396,3.35094],[116.72343,3.35147],[116.72334,3.35157],[116.72332,3.35159],[116.72329,3.35162],[116.72325,3.35166],[116.72234,3.35162],[116.72192,3.35161],[116.72129,3.35199],[116.72087,3.3528],[116.72058,3.35354],[116.72023,3.35448],[116.71988,3.35481],[116.71953,3.35438],[116.71925,3.35431],[116.71882,3.35456],[116.71858,3.35496],[116.71824,3.35504],[116.71756,3.3552],[116.71721,3.35519],[116.71678,3.35579],[116.71607,3.35644],[116.71537,3.35649],[116.71473,3.35598],[116.71473,3.35598],[116.71473,3.35598],[116.71456,3.35573],[116.71456,3.35572],[116.71455,3.3557],[116.71438,3.35545],[116.71437,3.35544],[116.71431,3.35535],[116.71431,3.35535],[116.71424,3.35473],[116.71431,3.3546],[116.71396,3.35438],[116.71371,3.35434],[116.71367,3.35434],[116.71332,3.35428],[116.71323,3.35426],[116.71304,3.35421],[116.71291,3.35365],[116.71279,3.35333],[116.71269,3.35303],[116.71248,3.35268],[116.71226,3.3526],[116.71206,3.35252],[116.71187,3.35272],[116.71156,3.35305],[116.71134,3.35318],[116.71049,3.35438],[116.71006,3.3545],[116.70999,3.35457],[116.70985,3.35504],[116.70972,3.35637],[116.70965,3.35647],[116.70861,3.35778],[116.70811,3.36],[116.70809,3.36307],[116.70753,3.36528],[116.70717,3.36676],[116.70715,3.36859],[116.70712,3.37124],[116.70725,3.37133],[116.70733,3.37139],[116.70791,3.3718],[116.70903,3.37155],[116.7106,3.37119],[116.71447,3.37074],[116.71477,3.3707],[116.71673,3.37046],[116.71674,3.37046],[116.71738,3.37056],[116.71811,3.37067],[116.71992,3.37095],[116.72139,3.3734],[116.72151,3.3734],[116.72159,3.37341],[116.72295,3.37349],[116.72468,3.37359],[116.72556,3.37364],[116.72834,3.37174],[116.73022,3.37046],[116.73035,3.37044],[116.73332,3.37005],[116.73442,3.36991],[116.7351,3.36982],[116.73599,3.37233],[116.73617,3.37284],[116.73693,3.37451],[116.73767,3.37617],[116.73878,3.37862],[116.73893,3.37878],[116.73908,3.37894],[116.74167,3.38166],[116.74412,3.3818],[116.74687,3.37992],[116.74962,3.37876],[116.75186,3.37885],[116.75255,3.37888],[116.75323,3.37891],[116.75451,3.37982],[116.75453,3.37983],[116.75464,3.37991],[116.75593,3.38083],[116.75771,3.38209],[116.75873,3.38292],[116.75881,3.38298],[116.76071,3.38452],[116.76074,3.38455],[116.76133,3.38451],[116.7632,3.3844],[116.76566,3.38353],[116.76855,3.38252],[116.771,3.38296],[116.77188,3.383],[116.772,3.383],[116.7734,3.38306],[116.77379,3.38308],[116.77418,3.3831],[116.77592,3.38223],[116.77678,3.38025],[116.77693,3.37992],[116.77751,3.37457],[116.77837,3.37154],[116.78112,3.37082],[116.78546,3.37082],[116.78864,3.37284],[116.79427,3.37457],[116.79846,3.37587],[116.79987,3.37624],[116.80237,3.37689],[116.80554,3.37746],[116.80765,3.37857],[116.80777,3.37863],[116.80858,3.37905],[116.81025,3.38095],[116.8103,3.38101],[116.81168,3.38257],[116.81176,3.38267],[116.81523,3.38527],[116.8187,3.387],[116.82086,3.38671],[116.82276,3.38684],[116.82419,3.38693],[116.8291,3.38664],[116.83231,3.38776],[116.83469,3.38848],[116.83478,3.3885],[116.836,3.38887],[116.83676,3.3891],[116.84023,3.39025],[116.8405,3.39028],[116.84266,3.39047],[116.84277,3.39047],[116.84355,3.39054],[116.84774,3.3904],[116.85396,3.3904],[116.85495,3.3904],[116.85523,3.38787],[116.85569,3.38593],[116.85579,3.38547],[116.85585,3.3852],[116.85603,3.38436],[116.85605,3.38427],[116.85631,3.38306],[116.85655,3.38206],[116.85696,3.38032],[116.85767,3.37712],[116.85834,3.37396],[116.85893,3.3708],[116.85945,3.36779],[116.85993,3.36495],[116.86056,3.36177],[116.86106,3.35875],[116.8616,3.35579],[116.86216,3.35296],[116.86279,3.34977],[116.86341,3.34669],[116.8641,3.34356],[116.86476,3.34045],[116.86541,3.3375],[116.86607,3.33457],[116.86674,3.33153],[116.86737,3.32868],[116.86808,3.32549],[116.86823,3.3248],[116.86882,3.32298],[116.86966,3.31997],[116.87067,3.31676],[116.87108,3.31536],[116.8725,3.31405],[116.87555,3.31277],[116.87988,3.31093],[116.88203,3.31001],[116.88541,3.30757],[116.887,3.30647],[116.88846,3.305],[116.89111,3.30232],[116.89338,3.30011],[116.89371,3.29972]]]]},"properties":{"kdprov":"65","kdkab":"02","kdkec":"090","kddesa":"015","kdsls":"2001","idsls":"65020900152001","nmprov":"KALIMANTAN UTARA","nmkab":"BULUNGAN","nmkec":"SEKATAK","nmdesa":"PUNAN DULAU","nmsls":"HUTAN"}},{"type":"Feature","geometry":{"type":"MultiPolygon","coordinates":[[[[116.9397,3.25543],[116.93714,3.25569],[116.93421,3.25477],[116.93119,3.25411],[116.92859,3.25398],[116.923,3.25391],[116.92083,3.25391],[116.91685,3.25385],[116.91208,3.25447],[116.9081,3.25335],[116.90579,3.25184],[116.90273,3.24852],[116.89915,3.2474],[116.89711,3.24668],[116.89563,3.24717],[116.89385,3.24714],[116.89178,3.24641],[116.89116,3.24457],[116.89112,3.24299],[116.8926,3.23957],[116.89352,3.23789],[116.89232,3.23664],[116.89066,3.23559],[116.88885,3.23477],[116.88806,3.23362],[116.8879,3.23366],[116.88745,3.23321],[116.88706,3.23231],[116.88713,3.23168],[116.88712,3.23166],[116.88706,3.23134],[116.88693,3.23071],[116.8868,3.23001],[116.88675,3.2294],[116.88674,3.22925],[116.88671,3.22922],[116.88618,3.22862],[116.88517,3.22767],[116.88397,3.22672],[116.88322,3.22571],[116.88265,3.22533],[116.88221,3.22514],[116.88146,3.22464],[116.88139,3.22419],[116.88152,3.22381],[116.88215,3.2235],[116.88309,3.22299],[116.88372,3.22185],[116.88372,3.22071],[116.88347,3.21977],[116.88297,3.21939],[116.88221,3.21907],[116.88089,3.21863],[116.87969,3.21863],[116.87907,3.21863],[116.87856,3.21749],[116.87856,3.21622],[116.87872,3.21493],[116.87828,3.21417],[116.87734,3.2136],[116.87683,3.21265],[116.87677,3.21227],[116.87702,3.21151],[116.87765,3.21094],[116.87784,3.21037],[116.87784,3.20917],[116.8769,3.20911],[116.87589,3.20898],[116.87545,3.20898],[116.87476,3.20866],[116.87369,3.20759],[116.87262,3.20645],[116.87085,3.20556],[116.86953,3.20518],[116.86934,3.20386],[116.8701,3.20227],[116.86985,3.20076],[116.86865,3.2005],[116.86752,3.2005],[116.86676,3.2005],[116.86579,3.19952],[116.86516,3.19895],[116.86384,3.19781],[116.86239,3.19699],[116.86107,3.19642],[116.86019,3.19667],[116.85912,3.19724],[116.85874,3.19724],[116.85818,3.19655],[116.85799,3.19636],[116.85717,3.19535],[116.85641,3.19402],[116.85516,3.19275],[116.85409,3.19275],[116.85289,3.19351],[116.85207,3.19452],[116.85138,3.1949],[116.85094,3.19484],[116.85069,3.19364],[116.85037,3.19212],[116.8505,3.19047],[116.85094,3.18991],[116.85157,3.18972],[116.85214,3.18965],[116.85232,3.18959],[116.85283,3.18883],[116.85283,3.18832],[116.85289,3.18776],[116.85352,3.18776],[116.8544,3.18776],[116.8549,3.18776],[116.85535,3.18719],[116.85522,3.18624],[116.8544,3.18567],[116.85308,3.18428],[116.85207,3.18428],[116.85056,3.18428],[116.8505,3.1832],[116.85173,3.18159],[116.85223,3.18032],[116.85255,3.17893],[116.85198,3.17792],[116.85148,3.17716],[116.85122,3.17621],[116.85122,3.17539],[116.85167,3.17444],[116.85204,3.17336],[116.85173,3.1721],[116.85091,3.17147],[116.84946,3.17033],[116.84877,3.16982],[116.84865,3.16913],[116.84915,3.169],[116.84984,3.169],[116.85053,3.16951],[116.85141,3.16951],[116.85179,3.16887],[116.85167,3.16767],[116.85173,3.16558],[116.85239,3.16429],[116.85201,3.16378],[116.85145,3.16353],[116.85138,3.16296],[116.85195,3.1629],[116.85277,3.1629],[116.85315,3.1629],[116.85396,3.16283],[116.85434,3.16201],[116.85409,3.16157],[116.85346,3.161],[116.85371,3.16024],[116.85491,3.15961],[116.85579,3.15923],[116.85642,3.15916],[116.85761,3.15917],[116.85824,3.15917],[116.85894,3.15917],[116.85975,3.15847],[116.85969,3.1572],[116.85912,3.1567],[116.85875,3.15594],[116.85875,3.15499],[116.85875,3.15442],[116.85812,3.15404],[116.85724,3.15391],[116.85566,3.1541],[116.85503,3.15436],[116.85453,3.15372],[116.85447,3.15271],[116.85371,3.15259],[116.85252,3.15259],[116.85113,3.15202],[116.85019,3.15062],[116.84988,3.1493],[116.85142,3.14515],[116.85129,3.14395],[116.85041,3.14401],[116.84934,3.14408],[116.84903,3.14313],[116.84815,3.14212],[116.84638,3.14212],[116.84519,3.14275],[116.84487,3.14332],[116.84456,3.14363],[116.84387,3.14344],[116.84393,3.14281],[116.84462,3.1418],[116.84462,3.14047],[116.84437,3.13927],[116.84456,3.13838],[116.84506,3.1375],[116.84513,3.13516],[116.84513,3.13345],[116.84418,3.13256],[116.84252,3.13177],[116.84145,3.13108],[116.84113,3.12956],[116.84119,3.12811],[116.84164,3.12716],[116.84283,3.12558],[116.84365,3.12342],[116.84415,3.12184],[116.84384,3.12083],[116.84321,3.12014],[116.84308,3.11957],[116.84189,3.11843],[116.84063,3.11843],[116.83981,3.11881],[116.83925,3.1195],[116.83862,3.11988],[116.83824,3.11976],[116.8378,3.11938],[116.83723,3.11855],[116.83635,3.11741],[116.83566,3.11678],[116.83553,3.11602],[116.83585,3.1152],[116.83648,3.11457],[116.83632,3.11314],[116.83387,3.11308],[116.83299,3.11226],[116.83166,3.11163],[116.83009,3.11093],[116.82871,3.11131],[116.82833,3.11201],[116.82764,3.11314],[116.82707,3.11365],[116.82625,3.11346],[116.82606,3.11257],[116.82562,3.11175],[116.82562,3.11093],[116.8265,3.11055],[116.82726,3.11011],[116.82732,3.10916],[116.82625,3.10827],[116.82531,3.10815],[116.82374,3.10713],[116.82191,3.10606],[116.82141,3.10441],[116.82103,3.1029],[116.8204,3.1029],[116.81889,3.10308],[116.81763,3.10264],[116.81619,3.10264],[116.81581,3.10346],[116.81537,3.10523],[116.81203,3.10644],[116.81096,3.10517],[116.81074,3.10343],[116.80942,3.10236],[116.80879,3.10065],[116.80754,3.09983],[116.80533,3.10039],[116.80382,3.10122],[116.80332,3.10356],[116.80332,3.104],[116.8025,3.10394],[116.80193,3.10311],[116.80099,3.10286],[116.79885,3.10254],[116.79734,3.10254],[116.79539,3.104],[116.79388,3.10482],[116.79268,3.10583],[116.79149,3.10659],[116.79098,3.10653],[116.7908,3.1057],[116.7908,3.10476],[116.79073,3.10279],[116.78992,3.10248],[116.78859,3.10248],[116.78806,3.10219],[116.7879,3.1021],[116.78753,3.10083],[116.78658,3.10026],[116.78644,3.10026],[116.78539,3.10026],[116.78501,3.10064],[116.78397,3.10188],[116.78353,3.10131],[116.78416,3.09947],[116.78397,3.09802],[116.78296,3.0965],[116.78158,3.09555],[116.78064,3.09517],[116.78001,3.09435],[116.77862,3.09416],[116.77724,3.09428],[116.77491,3.09308],[116.76381,3.08173],[116.75126,3.07147],[116.74963,3.07013],[116.74812,3.0689],[116.74777,3.06861],[116.7476,3.06847],[116.74747,3.06861],[116.74718,3.06955],[116.74708,3.06991],[116.74672,3.0709],[116.74639,3.07178],[116.74627,3.07228],[116.74616,3.07273],[116.74606,3.07293],[116.74565,3.07372],[116.74527,3.0743],[116.7448,3.07491],[116.74472,3.07502],[116.74391,3.07583],[116.74382,3.07593],[116.74294,3.07707],[116.74219,3.07893],[116.74214,3.07907],[116.74182,3.07987],[116.74174,3.08018],[116.74141,3.08159],[116.74137,3.08202],[116.7412,3.08367],[116.74083,3.08543],[116.74081,3.08555],[116.74068,3.08645],[116.73989,3.08709],[116.73911,3.08772],[116.73816,3.08817],[116.73766,3.08855],[116.73697,3.0891],[116.73617,3.0903],[116.73465,3.09322],[116.73417,3.09415],[116.73336,3.09501],[116.73247,3.0957],[116.73227,3.0966],[116.73129,3.0976],[116.72996,3.09834],[116.72903,3.09887],[116.72834,3.09932],[116.72709,3.10007],[116.72654,3.1004],[116.72489,3.10072],[116.72487,3.10221],[116.72493,3.10303],[116.72501,3.10414],[116.72503,3.10438],[116.7248,3.10564],[116.72486,3.10598],[116.72484,3.10654],[116.72489,3.10664],[116.72516,3.10684],[116.72563,3.10737],[116.72602,3.10791],[116.7266,3.10878],[116.72711,3.10965],[116.72689,3.11049],[116.72678,3.11158],[116.72651,3.11212],[116.72642,3.11229],[116.72646,3.11275],[116.72665,3.11369],[116.72684,3.11416],[116.72705,3.11514],[116.72712,3.11527],[116.72772,3.1163],[116.72808,3.1167],[116.72898,3.11739],[116.7293,3.11762],[116.72958,3.1182],[116.7296,3.11826],[116.72974,3.11881],[116.72979,3.11981],[116.72981,3.12004],[116.72997,3.12053],[116.73004,3.1211],[116.73017,3.12132],[116.73108,3.12302],[116.73235,3.12469],[116.73358,3.12681],[116.7336,3.12686],[116.73377,3.12715],[116.73468,3.12872],[116.73527,3.13034],[116.73606,3.13103],[116.73623,3.13118],[116.73631,3.13196],[116.73668,3.13333],[116.73662,3.13354],[116.7366,3.13393],[116.73649,3.13544],[116.73645,3.13601],[116.73643,3.13631],[116.73643,3.13662],[116.73643,3.13786],[116.73647,3.13794],[116.73681,3.1385],[116.73729,3.13931],[116.7373,3.13932],[116.73737,3.13951],[116.7375,3.13985],[116.73756,3.14],[116.73815,3.14134],[116.73865,3.1424],[116.73892,3.14325],[116.73864,3.14426],[116.73866,3.14466],[116.73914,3.14614],[116.73946,3.14672],[116.73986,3.14762],[116.74099,3.14868],[116.74107,3.14875],[116.7411,3.14899],[116.74135,3.15066],[116.74135,3.15067],[116.74124,3.15161],[116.7414,3.1519],[116.74158,3.15223],[116.74207,3.15338],[116.74233,3.15356],[116.74261,3.15375],[116.74314,3.15376],[116.74392,3.15393],[116.74374,3.15479],[116.74356,3.15521],[116.74319,3.15605],[116.74301,3.15631],[116.74248,3.1571],[116.74178,3.15799],[116.74183,3.15816],[116.742,3.15877],[116.7429,3.16019],[116.74357,3.16066],[116.74495,3.16165],[116.74527,3.16202],[116.7443,3.16292],[116.74351,3.16364],[116.74318,3.16464],[116.74277,3.16587],[116.74275,3.16592],[116.74229,3.16621],[116.74193,3.16644],[116.74163,3.16662],[116.74148,3.1671],[116.74129,3.16773],[116.74099,3.1687],[116.74066,3.17044],[116.7409,3.17066],[116.74252,3.17098],[116.74254,3.17098],[116.74412,3.1711],[116.74451,3.17106],[116.74592,3.17093],[116.74681,3.17063],[116.74719,3.17043],[116.74791,3.17005],[116.74914,3.16971],[116.74976,3.16991],[116.75007,3.17001],[116.75135,3.16983],[116.75242,3.17009],[116.75357,3.17033],[116.7549,3.16943],[116.75581,3.169],[116.7571,3.16883],[116.75887,3.16882],[116.76073,3.16836],[116.76119,3.16824],[116.7627,3.16822],[116.76414,3.16728],[116.76533,3.1668],[116.76563,3.16644],[116.76653,3.16538],[116.7672,3.16467],[116.76722,3.16465],[116.76778,3.16407],[116.76826,3.16513],[116.76878,3.16644],[116.76906,3.16713],[116.7697,3.16756],[116.76992,3.17081],[116.77011,3.17109],[116.77139,3.1729],[116.77343,3.17445],[116.77614,3.17652],[116.7818,3.17811],[116.7861,3.17969],[116.78904,3.18286],[116.79153,3.18739],[116.79154,3.18739],[116.79495,3.19184],[116.79924,3.19581],[116.79968,3.19621],[116.79993,3.19635],[116.80401,3.19863],[116.80528,3.19964],[116.80528,3.19971],[116.80558,3.1997],[116.80826,3.19964],[116.81086,3.19957],[116.81347,3.19951],[116.81595,3.20001],[116.81805,3.20047],[116.81999,3.20089],[116.82163,3.20123],[116.82315,3.20156],[116.82479,3.20191],[116.82641,3.20225],[116.82835,3.20266],[116.83016,3.20304],[116.8328,3.20362],[116.83557,3.2042],[116.83819,3.20476],[116.84038,3.20521],[116.8411,3.20637],[116.84206,3.20789],[116.84308,3.20947],[116.84411,3.2111],[116.84513,3.21269],[116.84614,3.21427],[116.84715,3.21588],[116.84818,3.21749],[116.84916,3.21904],[116.85016,3.22058],[116.85116,3.22215],[116.8521,3.22366],[116.85307,3.22516],[116.85402,3.22665],[116.85498,3.22814],[116.85601,3.22972],[116.85718,3.23131],[116.85819,3.23268],[116.85929,3.23412],[116.86034,3.23555],[116.86132,3.23685],[116.8622,3.23805],[116.86329,3.2395],[116.86416,3.24066],[116.86446,3.24143],[116.86471,3.2418],[116.86635,3.2404],[116.86793,3.23913],[116.86983,3.23757],[116.87013,3.23732],[116.87234,3.23643],[116.87479,3.23546],[116.87794,3.23449],[116.87922,3.23606],[116.88018,3.23733],[116.88123,3.23865],[116.88298,3.24086],[116.88428,3.24253],[116.88568,3.24431],[116.88711,3.24589],[116.88864,3.24755],[116.89025,3.24927],[116.89167,3.25083],[116.89313,3.25239],[116.89453,3.25389],[116.89595,3.25515],[116.89758,3.25656],[116.8992,3.25799],[116.90104,3.25958],[116.9027,3.26104],[116.90441,3.26249],[116.9061,3.26397],[116.90724,3.26495],[116.90898,3.26544],[116.91197,3.26626],[116.91452,3.26698],[116.91713,3.26769],[116.91987,3.26846],[116.92251,3.26919],[116.92563,3.27004],[116.92838,3.27083],[116.93111,3.27158],[116.93403,3.27239],[116.9367,3.27313],[116.93729,3.2733],[116.93938,3.27442],[116.94035,3.27492],[116.94072,3.27513],[116.94075,3.2751],[116.94031,3.27379],[116.93992,3.27239],[116.93954,3.27099],[116.93916,3.26958],[116.93878,3.2682],[116.9384,3.26681],[116.93815,3.26587],[116.93839,3.26443],[116.9386,3.26298],[116.93873,3.26205],[116.93882,3.2615],[116.93904,3.26003],[116.93926,3.25857],[116.93947,3.25714],[116.93969,3.2557],[116.93973,3.25551],[116.9397,3.25543]]]]},"properties":{"kdprov":"65","kdkab":"02","kdkec":"090","kddesa":"001","kdsls":"2001","idsls":"65020900012001","nmprov":"KALIMANTAN UTARA","nmkab":"BULUNGAN","nmkec":"SEKATAK","nmdesa":"UJANG","nmsls":"WILAYAH HUTAN"}},{"type":"Feature","geometry":{"type":"MultiPolygon","coordinates":[[[[116.90881,3.38808],[116.90827,3.38583],[116.90764,3.3829],[116.90746,3.38214],[116.90697,3.38014],[116.90681,3.37876],[116.90662,3.37721],[116.90627,3.37473],[116.90626,3.37156],[116.90626,3.36865],[116.90627,3.36601],[116.90626,3.36288],[116.90668,3.36053],[116.90725,3.35762],[116.90783,3.35441],[116.90817,3.35272],[116.90937,3.34951],[116.91052,3.34638],[116.91162,3.34337],[116.91272,3.34039],[116.91382,3.33743],[116.91505,3.33458],[116.91626,3.33202],[116.91625,3.3299],[116.91554,3.32692],[116.91485,3.32401],[116.91436,3.32202],[116.91191,3.3193],[116.90995,3.31708],[116.9083,3.3153],[116.90564,3.31308],[116.90298,3.31075],[116.90209,3.31003],[116.89955,3.30737],[116.89752,3.30522],[116.8956,3.30253],[116.8939,3.30002],[116.89371,3.29972],[116.89338,3.30011],[116.89111,3.30232],[116.88846,3.305],[116.887,3.30647],[116.88541,3.30757],[116.88203,3.31001],[116.87988,3.31093],[116.87555,3.31277],[116.8725,3.31405],[116.87108,3.31536],[116.87067,3.31676],[116.86966,3.31997],[116.86882,3.32298],[116.86823,3.3248],[116.86808,3.32549],[116.86737,3.32868],[116.86674,3.33153],[116.86607,3.33457],[116.86541,3.3375],[116.86476,3.34045],[116.8641,3.34356],[116.86341,3.34669],[116.86279,3.34977],[116.86216,3.35296],[116.8616,3.35579],[116.86106,3.35875],[116.86056,3.36177],[116.85993,3.36495],[116.85945,3.36779],[116.85893,3.3708],[116.85834,3.37396],[116.85767,3.37712],[116.85696,3.38032],[116.85655,3.38206],[116.85631,3.38306],[116.85605,3.38427],[116.85603,3.38436],[116.85585,3.3852],[116.85579,3.38547],[116.85569,3.38593],[116.85523,3.38787],[116.85495,3.3904],[116.86003,3.3904],[116.86107,3.39055],[116.86408,3.39098],[116.86856,3.39228],[116.87361,3.39343],[116.87573,3.3938],[116.87662,3.39396],[116.87925,3.39442],[116.87939,3.39445],[116.87993,3.39446],[116.8806,3.39448],[116.8813,3.3945],[116.88216,3.39453],[116.88264,3.39454],[116.88416,3.39459],[116.88951,3.39531],[116.895,3.39611],[116.90006,3.39669],[116.90123,3.3955],[116.90355,3.39317],[116.90418,3.39256],[116.90756,3.38929],[116.90793,3.38893],[116.90881,3.38808]]]]},"properties":{"kdprov":"65","kdkab":"02","kdkec":"090","kddesa":"016","kdsls":"2001","idsls":"65020900162001","nmprov":"KALIMANTAN UTARA","nmkab":"BULUNGAN","nmkec":"SEKATAK","nmdesa":"BAMBANG","nmsls":"HUTAN"}},{"type":"Feature","geometry":{"type":"MultiPolygon","coordinates":[[[[116.99254,3.39657],[116.99228,3.38975],[116.99227,3.38943],[116.99222,3.38761],[116.99223,3.38596],[116.99223,3.38548],[116.99215,3.38331],[116.99213,3.38161],[116.99234,3.37942],[116.99259,3.37719],[116.99276,3.37499],[116.99298,3.37283],[116.99307,3.37212],[116.99362,3.37089],[116.99435,3.36923],[116.99517,3.3672],[116.99677,3.36597],[116.99833,3.3648],[116.99978,3.36256],[117.0011,3.36057],[117.00124,3.3585],[117.00134,3.35642],[117.00139,3.35441],[117.00127,3.35234],[117.0012,3.35017],[117.00116,3.34908],[117.00029,3.34696],[116.99935,3.34485],[116.99878,3.34267],[116.99836,3.34105],[116.99835,3.34165],[116.99833,3.34184],[116.99814,3.34215],[116.99798,3.34221],[116.99773,3.34212],[116.99747,3.34189],[116.99725,3.3417],[116.99701,3.34169],[116.99688,3.34178],[116.99684,3.34196],[116.99712,3.34244],[116.99749,3.34343],[116.99742,3.34427],[116.99678,3.34457],[116.99627,3.34447],[116.99557,3.34394],[116.99467,3.3431],[116.99419,3.34233],[116.99401,3.34135],[116.99377,3.34082],[116.99388,3.33991],[116.99416,3.33782],[116.99454,3.33619],[116.99481,3.33469],[116.99451,3.33462],[116.99136,3.33398],[116.991,3.33399],[116.98801,3.334],[116.98512,3.33398],[116.98473,3.33531],[116.9844,3.33677],[116.98411,3.33787],[116.98356,3.33911],[116.9831,3.34013],[116.98268,3.34067],[116.98207,3.34102],[116.98171,3.34105],[116.98036,3.34082],[116.97965,3.34083],[116.97943,3.34109],[116.97969,3.34148],[116.97974,3.34155],[116.97973,3.3418],[116.9797,3.34204],[116.97908,3.34251],[116.97781,3.34301],[116.9765,3.34329],[116.9757,3.34335],[116.97552,3.34349],[116.97542,3.34373],[116.9754,3.34394],[116.97575,3.34478],[116.9758,3.34559],[116.97555,3.34648],[116.97522,3.3469],[116.97471,3.34745],[116.97431,3.34769],[116.97407,3.3477],[116.9738,3.34753],[116.97374,3.34703],[116.9738,3.34636],[116.97386,3.34595],[116.97378,3.34571],[116.97359,3.34552],[116.97173,3.34492],[116.97042,3.34497],[116.96946,3.34454],[116.96861,3.34397],[116.96804,3.34392],[116.96767,3.34406],[116.96746,3.3445],[116.96709,3.34511],[116.96677,3.34552],[116.9653,3.34614],[116.96419,3.34662],[116.96359,3.34727],[116.96329,3.34821],[116.96321,3.34914],[116.96311,3.34955],[116.96295,3.35009],[116.96257,3.35137],[116.96211,3.35411],[116.96161,3.35705],[116.96099,3.36007],[116.96043,3.36295],[116.95984,3.36585],[116.95927,3.36884],[116.95919,3.3717],[116.95912,3.37473],[116.95965,3.37786],[116.96012,3.38091],[116.96065,3.3851],[116.9672,3.40436],[116.9687,3.40337],[116.9696,3.40276],[116.97174,3.40134],[116.9746,3.40262],[116.97608,3.40325],[116.97823,3.40416],[116.98469,3.40076],[116.99254,3.39657]]]]},"properties":{"kdprov":"65","kdkab":"02","kdkec":"090","kddesa":"018","kdsls":"2002","idsls":"65020900182002","nmprov":"KALIMANTAN UTARA","nmkab":"BULUNGAN","nmkec":"SEKATAK","nmdesa":"MARITAM","nmsls":"HUTAN"}},{"type":"Feature","geometry":{"type":"MultiPolygon","coordinates":[[[[116.97881,3.29866],[116.97861,3.29858],[116.97589,3.29763],[116.9729,3.29657],[116.97019,3.29563],[116.96889,3.29517],[116.96748,3.2946],[116.96471,3.29353],[116.96211,3.29252],[116.95944,3.2915],[116.95702,3.29055],[116.95535,3.28903],[116.95345,3.28729],[116.95161,3.28558],[116.94994,3.28395],[116.94817,3.28218],[116.9466,3.28057],[116.94494,3.27887],[116.94315,3.27707],[116.94099,3.27589],[116.94077,3.27516],[116.94072,3.27513],[116.94035,3.27492],[116.93938,3.27442],[116.93729,3.2733],[116.9367,3.27313],[116.93403,3.27239],[116.93111,3.27158],[116.92838,3.27083],[116.92563,3.27004],[116.92251,3.26919],[116.91987,3.26846],[116.91713,3.26769],[116.91452,3.26698],[116.91197,3.26626],[116.90898,3.26544],[116.90724,3.26495],[116.9061,3.26397],[116.90441,3.26249],[116.9027,3.26104],[116.90104,3.25958],[116.8992,3.25799],[116.89758,3.25656],[116.89595,3.25515],[116.89453,3.25389],[116.89313,3.25239],[116.89167,3.25083],[116.89025,3.24927],[116.88864,3.24755],[116.88711,3.24589],[116.88568,3.24431],[116.88428,3.24253],[116.88298,3.24086],[116.88123,3.23865],[116.88018,3.23733],[116.87922,3.23606],[116.87794,3.23449],[116.87479,3.23546],[116.87234,3.23643],[116.87013,3.23732],[116.86983,3.23757],[116.86793,3.23913],[116.86635,3.2404],[116.86471,3.2418],[116.86476,3.24187],[116.8651,3.24238],[116.86608,3.24398],[116.86701,3.2455],[116.868,3.24713],[116.86895,3.24863],[116.86986,3.25013],[116.87077,3.25161],[116.87166,3.25309],[116.87258,3.25454],[116.87354,3.25613],[116.87446,3.25762],[116.8754,3.25914],[116.87632,3.26062],[116.87727,3.26218],[116.87822,3.26373],[116.87919,3.26533],[116.8802,3.26695],[116.88053,3.26749],[116.88141,3.26857],[116.8826,3.27002],[116.8838,3.27149],[116.88492,3.27289],[116.8861,3.27431],[116.88733,3.27581],[116.8885,3.27724],[116.88961,3.27861],[116.89076,3.27999],[116.89188,3.28136],[116.89295,3.28266],[116.89302,3.28303],[116.89337,3.28465],[116.89373,3.28633],[116.89409,3.28796],[116.89442,3.28952],[116.89472,3.29116],[116.8951,3.29276],[116.89526,3.29353],[116.89519,3.29375],[116.89941,3.29618],[116.90222,3.29768],[116.90547,3.29975],[116.90938,3.30227],[116.9136,3.30497],[116.91798,3.30774],[116.91977,3.30894],[116.9227,3.31038],[116.92695,3.31252],[116.9312,3.31461],[116.93463,3.31698],[116.9382,3.31942],[116.94173,3.32179],[116.94186,3.32215],[116.94269,3.32437],[116.9427,3.32515],[116.94285,3.32802],[116.94298,3.33101],[116.94313,3.33376],[116.94315,3.33665],[116.94315,3.33934],[116.94316,3.3415],[116.94296,3.34209],[116.94183,3.34488],[116.94104,3.34675],[116.94043,3.34767],[116.93859,3.3504],[116.93737,3.3523],[116.93675,3.35303],[116.93581,3.3541],[116.93585,3.35436],[116.93598,3.3546],[116.93635,3.35471],[116.93659,3.3547],[116.93707,3.35468],[116.9375,3.3545],[116.93819,3.3543],[116.93843,3.35425],[116.93877,3.35433],[116.93901,3.35449],[116.93916,3.35481],[116.93913,3.35528],[116.93892,3.35573],[116.93865,3.3561],[116.93863,3.35633],[116.93876,3.35652],[116.93907,3.35668],[116.93946,3.35662],[116.94002,3.35668],[116.94043,3.35685],[116.94068,3.35715],[116.94068,3.35765],[116.94046,3.35802],[116.93955,3.35879],[116.93941,3.3592],[116.93952,3.35974],[116.93976,3.35994],[116.94006,3.36036],[116.9402,3.36079],[116.94008,3.36153],[116.94003,3.36173],[116.94012,3.36232],[116.94028,3.36261],[116.94048,3.36272],[116.94081,3.36287],[116.94125,3.36276],[116.94168,3.36247],[116.94212,3.36198],[116.94262,3.36139],[116.94289,3.36111],[116.94308,3.36063],[116.94338,3.3602],[116.9438,3.35992],[116.94472,3.35959],[116.94512,3.35954],[116.9465,3.35934],[116.94696,3.35915],[116.94731,3.35879],[116.94754,3.35846],[116.94783,3.3582],[116.94814,3.35805],[116.9486,3.35798],[116.94895,3.35812],[116.94915,3.35857],[116.94924,3.35928],[116.9493,3.36001],[116.94951,3.36047],[116.95001,3.36061],[116.95042,3.36048],[116.95063,3.36034],[116.95094,3.36028],[116.95113,3.36053],[116.95116,3.36113],[116.95127,3.3615],[116.95155,3.36191],[116.95198,3.36207],[116.95257,3.362],[116.95291,3.36176],[116.95311,3.36135],[116.95335,3.36093],[116.9536,3.36067],[116.95384,3.36043],[116.95434,3.36034],[116.95469,3.36039],[116.955,3.3606],[116.95577,3.36123],[116.95618,3.3616],[116.95638,3.36168],[116.95676,3.36171],[116.957,3.36166],[116.95718,3.3616],[116.95741,3.36147],[116.95767,3.36122],[116.9578,3.36089],[116.95795,3.36053],[116.95795,3.35974],[116.95796,3.3592],[116.9578,3.35861],[116.9577,3.35828],[116.95755,3.35805],[116.95744,3.3575],[116.95761,3.35699],[116.95782,3.35674],[116.95806,3.3563],[116.95857,3.35493],[116.9587,3.35466],[116.95891,3.35397],[116.95892,3.35362],[116.95884,3.35336],[116.9585,3.35306],[116.95833,3.35294],[116.95826,3.35291],[116.95808,3.35256],[116.95826,3.35222],[116.95857,3.35207],[116.95878,3.35197],[116.95893,3.35192],[116.95927,3.35172],[116.95944,3.35149],[116.95953,3.3514],[116.95991,3.35058],[116.96008,3.35024],[116.96029,3.34999],[116.96081,3.34966],[116.96119,3.34965],[116.96155,3.34974],[116.96193,3.35012],[116.96227,3.35023],[116.96264,3.35026],[116.96295,3.35009],[116.96311,3.34955],[116.96321,3.34914],[116.96329,3.34821],[116.96359,3.34727],[116.96419,3.34662],[116.9653,3.34614],[116.96677,3.34552],[116.96709,3.34511],[116.96746,3.3445],[116.96767,3.34406],[116.96804,3.34392],[116.96861,3.34397],[116.96946,3.34454],[116.97042,3.34497],[116.97173,3.34492],[116.97359,3.34552],[116.97378,3.34571],[116.97386,3.34595],[116.9738,3.34636],[116.97374,3.34703],[116.9738,3.34753],[116.97407,3.3477],[116.97431,3.34769],[116.97471,3.34745],[116.97522,3.3469],[116.97555,3.34648],[116.9758,3.34559],[116.97575,3.34478],[116.9754,3.34394],[116.97542,3.34373],[116.97552,3.34349],[116.9757,3.34335],[116.9765,3.34329],[116.97781,3.34301],[116.97908,3.34251],[116.9797,3.34204],[116.97973,3.3418],[116.97974,3.34155],[116.97969,3.34148],[116.97943,3.34109],[116.97965,3.34083],[116.98036,3.34082],[116.98171,3.34105],[116.98207,3.34102],[116.98268,3.34067],[116.9831,3.34013],[116.98356,3.33911],[116.98411,3.33787],[116.9844,3.33677],[116.98473,3.33531],[116.98512,3.33398],[116.98801,3.334],[116.991,3.33399],[116.99136,3.33398],[116.99451,3.33462],[116.99481,3.33469],[116.99454,3.33619],[116.99416,3.33782],[116.99388,3.33991],[116.99377,3.34082],[116.99401,3.34135],[116.99419,3.34233],[116.99467,3.3431],[116.99557,3.34394],[116.99627,3.34447],[116.99678,3.34457],[116.99742,3.34427],[116.99749,3.34343],[116.99712,3.34244],[116.99684,3.34196],[116.99688,3.34178],[116.99701,3.34169],[116.99725,3.3417],[116.99747,3.34189],[116.99773,3.34212],[116.99798,3.34221],[116.99814,3.34215],[116.99833,3.34184],[116.99835,3.34165],[116.99836,3.34105],[116.99837,3.34068],[116.99846,3.34052],[116.99869,3.34022],[116.99896,3.33999],[116.99916,3.33977],[116.99938,3.33951],[116.99949,3.33936],[116.99965,3.33915],[117.00004,3.33897],[117.00022,3.33896],[117.00051,3.33906],[117.00068,3.33931],[117.00081,3.34048],[117.00086,3.34102],[117.00106,3.34147],[117.00117,3.34167],[117.00145,3.34174],[117.00196,3.34174],[117.00223,3.34168],[117.00248,3.3418],[117.0027,3.34203],[117.00289,3.34256],[117.00306,3.34313],[117.00318,3.34338],[117.00353,3.34384],[117.00406,3.34426],[117.00471,3.34464],[117.0059,3.34533],[117.00644,3.34548],[117.00697,3.3455],[117.00736,3.34531],[117.00744,3.34507],[117.00754,3.34482],[117.0074,3.34419],[117.00736,3.34374],[117.00738,3.34341],[117.00748,3.34309],[117.00768,3.34294],[117.00788,3.34291],[117.00807,3.34295],[117.00832,3.34311],[117.00852,3.34342],[117.00891,3.34417],[117.00925,3.3452],[117.00946,3.34626],[117.00951,3.34661],[117.00977,3.34683],[117.01007,3.34694],[117.01046,3.34684],[117.01053,3.34658],[117.01057,3.34593],[117.01066,3.34553],[117.01081,3.34514],[117.01114,3.34471],[117.01148,3.34433],[117.01186,3.34396],[117.01219,3.3437],[117.01251,3.34347],[117.01311,3.34321],[117.0135,3.34322],[117.01408,3.34336],[117.01445,3.34334],[117.01479,3.34312],[117.01496,3.34295],[117.01505,3.34275],[117.01516,3.34207],[117.01509,3.34154],[117.01504,3.34137],[117.01451,3.34068],[117.01425,3.34004],[117.01423,3.3397],[117.01433,3.33945],[117.01462,3.3393],[117.01515,3.33945],[117.0154,3.33957],[117.01579,3.33965],[117.01619,3.33956],[117.01649,3.33935],[117.01667,3.3391],[117.01679,3.33896],[117.01708,3.33883],[117.01734,3.3389],[117.01764,3.33923],[117.01815,3.33984],[117.01852,3.34027],[117.01879,3.34036],[117.01895,3.34031],[117.01915,3.34014],[117.01923,3.33989],[117.01926,3.33946],[117.01932,3.33911],[117.01941,3.3387],[117.01945,3.3385],[117.01959,3.33826],[117.01972,3.33799],[117.01992,3.33775],[117.02,3.33753],[117.0201,3.33736],[117.02017,3.33659],[117.0202,3.33628],[117.01924,3.33514],[117.01784,3.33343],[117.01649,3.332],[117.01493,3.33034],[117.01329,3.32861],[117.01173,3.32696],[117.01031,3.32547],[117.00885,3.32393],[117.00761,3.32262],[117.0066,3.32155],[117.00542,3.32029],[117.00425,3.31903],[117.00283,3.31759],[117.00105,3.31587],[116.99974,3.31461],[116.99808,3.31304],[116.99637,3.31139],[116.99461,3.30972],[116.9929,3.30807],[116.99176,3.30698],[116.99072,3.3063],[116.98873,3.30499],[116.98658,3.30359],[116.9847,3.30235],[116.98297,3.30122],[116.98089,3.29988],[116.97936,3.2989],[116.97881,3.29866]]]]},"properties":{"kdprov":"65","kdkab":"02","kdkec":"090","kddesa":"014","kdsls":"2001","idsls":"65020900142001","nmprov":"KALIMANTAN UTARA","nmkab":"BULUNGAN","nmkec":"SEKATAK","nmdesa":"BEKILIU","nmsls":"HUTAN"}},{"type":"Feature","geometry":{"type":"MultiPolygon","coordinates":[[[[117.11236,3.35976],[117.11168,3.35911],[117.11136,3.35846],[117.11119,3.35792],[117.11085,3.35686],[117.11053,3.35587],[117.10972,3.35299],[117.10799,3.35023],[117.10688,3.34909],[117.10524,3.34741],[117.10157,3.34518],[117.0996,3.3445],[117.09508,3.34203],[117.09415,3.34133],[117.09124,3.33928],[117.08785,3.33739],[117.08569,3.33452],[117.08317,3.33249],[117.08034,3.33192],[117.07523,3.33049],[117.07346,3.33],[117.07305,3.32976],[117.07117,3.32884],[117.07114,3.32937],[117.07096,3.33292],[117.07071,3.33722],[117.07068,3.34136],[117.0698,3.34182],[117.06663,3.34117],[117.06527,3.34087],[117.06286,3.33921],[117.06086,3.33903],[117.05914,3.3395],[117.05746,3.3401],[117.05553,3.34077],[117.05214,3.34162],[117.04685,3.34282],[117.04136,3.34387],[117.03554,3.34491],[117.02913,3.34465],[117.02581,3.34321],[117.02349,3.3403],[117.021,3.33722],[117.0202,3.33628],[117.02017,3.33659],[117.0201,3.33736],[117.02,3.33753],[117.01992,3.33775],[117.01972,3.33799],[117.01959,3.33826],[117.01945,3.3385],[117.01941,3.3387],[117.01932,3.33911],[117.01926,3.33946],[117.01923,3.33989],[117.01915,3.34014],[117.01895,3.34031],[117.01879,3.34036],[117.01852,3.34027],[117.01815,3.33984],[117.01764,3.33923],[117.01734,3.3389],[117.01708,3.33883],[117.01679,3.33896],[117.01667,3.3391],[117.01649,3.33935],[117.01619,3.33956],[117.01579,3.33965],[117.0154,3.33957],[117.01515,3.33945],[117.01462,3.3393],[117.01433,3.33945],[117.01423,3.3397],[117.01425,3.34004],[117.01451,3.34068],[117.01504,3.34137],[117.01509,3.34154],[117.01516,3.34207],[117.01505,3.34275],[117.01496,3.34295],[117.01479,3.34312],[117.01445,3.34334],[117.01408,3.34336],[117.0135,3.34322],[117.01311,3.34321],[117.01251,3.34347],[117.01219,3.3437],[117.01186,3.34396],[117.01148,3.34433],[117.01114,3.34471],[117.01081,3.34514],[117.01066,3.34553],[117.01057,3.34593],[117.01053,3.34658],[117.01046,3.34684],[117.01007,3.34694],[117.00977,3.34683],[117.00951,3.34661],[117.00946,3.34626],[117.00925,3.3452],[117.00891,3.34417],[117.00852,3.34342],[117.00832,3.34311],[117.00807,3.34295],[117.00788,3.34291],[117.00768,3.34294],[117.00748,3.34309],[117.00738,3.34341],[117.00736,3.34374],[117.0074,3.34419],[117.00754,3.34482],[117.00744,3.34507],[117.00736,3.34531],[117.00697,3.3455],[117.00644,3.34548],[117.0059,3.34533],[117.00471,3.34464],[117.00406,3.34426],[117.00353,3.34384],[117.00318,3.34338],[117.00306,3.34313],[117.00289,3.34256],[117.0027,3.34203],[117.00248,3.3418],[117.00223,3.34168],[117.00196,3.34174],[117.00145,3.34174],[117.00117,3.34167],[117.00106,3.34147],[117.00086,3.34102],[117.00081,3.34048],[117.00068,3.33931],[117.00051,3.33906],[117.00022,3.33896],[117.00004,3.33897],[116.99965,3.33915],[116.99949,3.33936],[116.99938,3.33951],[116.99916,3.33977],[116.99896,3.33999],[116.99869,3.34022],[116.99846,3.34052],[116.99837,3.34068],[116.99836,3.34105],[116.99878,3.34267],[116.99935,3.34485],[117.00029,3.34696],[117.00116,3.34908],[117.0012,3.35017],[117.00127,3.35234],[117.00139,3.35441],[117.00134,3.35642],[117.00124,3.3585],[117.0011,3.36057],[116.99978,3.36256],[116.99833,3.3648],[116.99677,3.36597],[116.99517,3.3672],[116.99435,3.36923],[116.99362,3.37089],[116.99307,3.37212],[116.99298,3.37283],[116.99276,3.37499],[116.99259,3.37719],[116.99234,3.37942],[116.99213,3.38161],[116.99215,3.38331],[116.99223,3.38548],[116.99223,3.38596],[116.99222,3.38761],[116.99227,3.38943],[116.99228,3.38975],[116.99254,3.39657],[117.00144,3.39182],[117.00262,3.39119],[117.00654,3.3917],[117.00995,3.39221],[117.01123,3.39268],[117.01319,3.39341],[117.01456,3.39391],[117.01788,3.39582],[117.01807,3.39594],[117.01844,3.39615],[117.02019,3.39716],[117.02111,3.39797],[117.02114,3.398],[117.02258,3.39928],[117.02382,3.40038],[117.02427,3.40079],[117.02512,3.40146],[117.0252,3.40152],[117.02523,3.40154],[117.02701,3.40296],[117.0273,3.40314],[117.03077,3.40534],[117.03279,3.40592],[117.03367,3.40617],[117.03554,3.40671],[117.03669,3.40677],[117.03725,3.4068],[117.03889,3.40608],[117.03892,3.40556],[117.03893,3.40556],[117.03897,3.40552],[117.03901,3.40549],[117.0398,3.40477],[117.0408,3.40396],[117.04091,3.40395],[117.04117,3.40393],[117.0414,3.40393],[117.04191,3.40416],[117.04344,3.40487],[117.04471,3.40563],[117.04526,3.40596],[117.0457,3.40622],[117.04628,3.40638],[117.04768,3.4069],[117.04818,3.40693],[117.04869,3.40671],[117.04938,3.40599],[117.05047,3.40512],[117.0511,3.4049],[117.0512,3.40491],[117.05182,3.40501],[117.05191,3.40505],[117.0523,3.40529],[117.05242,3.40538],[117.05283,3.40575],[117.05325,3.40599],[117.0537,3.40608],[117.05393,3.406],[117.05414,3.40594],[117.05438,3.40586],[117.05545,3.40501],[117.05584,3.40474],[117.05617,3.4045],[117.05658,3.40421],[117.05728,3.40399],[117.05791,3.40389],[117.05863,3.40398],[117.05957,3.40419],[117.06024,3.40423],[117.06086,3.40413],[117.06107,3.40407],[117.06107,3.40407],[117.06173,3.40385],[117.0619,3.4038],[117.0623,3.40367],[117.0628,3.40334],[117.06308,3.40315],[117.0634,3.40261],[117.0634,3.4026],[117.06478,3.39933],[117.06516,3.39797],[117.06526,3.39752],[117.06535,3.39712],[117.0653,3.3967],[117.06512,3.39605],[117.0651,3.39602],[117.06462,3.39536],[117.06425,3.39484],[117.06424,3.39452],[117.06424,3.39443],[117.06424,3.3944],[117.06424,3.39437],[117.06431,3.39392],[117.0645,3.39367],[117.06501,3.3935],[117.06563,3.39343],[117.06654,3.39337],[117.06701,3.39317],[117.06725,3.39295],[117.06743,3.3923],[117.0673,3.39062],[117.06721,3.39042],[117.06681,3.38953],[117.0665,3.389],[117.0666,3.38863],[117.06667,3.38852],[117.06673,3.38843],[117.06674,3.3884],[117.06682,3.38829],[117.06684,3.3883],[117.06703,3.38839],[117.06724,3.38848],[117.06726,3.38849],[117.06775,3.38872],[117.06851,3.38907],[117.06965,3.38961],[117.07076,3.38993],[117.07138,3.3901],[117.07506,3.39111],[117.07581,3.39109],[117.07732,3.39105],[117.0794,3.39099],[117.08129,3.39118],[117.08253,3.39146],[117.08436,3.39194],[117.08454,3.39199],[117.08696,3.39197],[117.08702,3.39197],[117.08879,3.39154],[117.08942,3.39125],[117.09105,3.39051],[117.09108,3.39042],[117.09122,3.39038],[117.09141,3.38993],[117.09215,3.38811],[117.0923,3.38623],[117.09238,3.38519],[117.09255,3.38282],[117.09271,3.38042],[117.09325,3.37887],[117.09392,3.37697],[117.09371,3.37603],[117.0937,3.37597],[117.09351,3.37513],[117.09301,3.37267],[117.09392,3.36967],[117.09439,3.36847],[117.0945,3.36817],[117.09459,3.36793],[117.09471,3.36763],[117.09495,3.3664],[117.09753,3.36304],[117.0977,3.36283],[117.09828,3.36261],[117.09858,3.3625],[117.09887,3.3624],[117.09993,3.362],[117.10322,3.36298],[117.10619,3.36218],[117.11018,3.36219],[117.1108,3.36219],[117.11236,3.35976]]]]},"properties":{"kdprov":"65","kdkab":"02","kdkec":"090","kddesa":"019","kdsls":"2001","idsls":"65020900192001","nmprov":"KALIMANTAN UTARA","nmkab":"BULUNGAN","nmkec":"SEKATAK","nmdesa":"TURUNG","nmsls":"HUTAN"}},{"type":"Feature","geometry":{"type":"MultiPolygon","coordinates":[[[[116.93581,3.3541],[116.93509,3.35492],[116.93266,3.35772],[116.93017,3.36057],[116.92789,3.36318],[116.92605,3.36531],[116.92575,3.36613],[116.92471,3.36913],[116.92374,3.37184],[116.92295,3.37407],[116.92292,3.37482],[116.92292,3.37771],[116.92436,3.38021],[116.92457,3.38058],[116.9247,3.38269],[116.92488,3.38528],[116.9249,3.38549],[116.92516,3.38578],[116.92546,3.38613],[116.92574,3.38647],[116.92613,3.38711],[116.92661,3.38756],[116.92693,3.38789],[116.9274,3.38823],[116.92777,3.38874],[116.92812,3.38889],[116.92844,3.38876],[116.92896,3.3884],[116.92937,3.38797],[116.92978,3.38752],[116.93017,3.38718],[116.93064,3.38679],[116.93123,3.38627],[116.9317,3.38593],[116.93218,3.38582],[116.93261,3.38608],[116.93282,3.38655],[116.93309,3.3872],[116.9333,3.38769],[116.9336,3.38801],[116.93382,3.38834],[116.93399,3.38872],[116.93403,3.38909],[116.93416,3.38954],[116.93434,3.3898],[116.93455,3.3899],[116.93499,3.39014],[116.937,3.39061],[116.93729,3.3907],[116.93814,3.39096],[116.93917,3.39128],[116.94259,3.39205],[116.94553,3.39289],[116.94792,3.3933],[116.94806,3.39333],[116.94818,3.39335],[116.95104,3.39334],[116.95171,3.39379],[116.95261,3.39425],[116.9535,3.39471],[116.95553,3.39574],[116.95783,3.39828],[116.96061,3.40134],[116.96455,3.40325],[116.9672,3.40436],[116.96065,3.3851],[116.96012,3.38091],[116.95965,3.37786],[116.95912,3.37473],[116.95919,3.3717],[116.95927,3.36884],[116.95984,3.36585],[116.96043,3.36295],[116.96099,3.36007],[116.96161,3.35705],[116.96211,3.35411],[116.96257,3.35137],[116.96295,3.35009],[116.96264,3.35026],[116.96227,3.35023],[116.96193,3.35012],[116.96155,3.34974],[116.96119,3.34965],[116.96081,3.34966],[116.96029,3.34999],[116.96008,3.35024],[116.95991,3.35058],[116.95953,3.3514],[116.95944,3.35149],[116.95927,3.35172],[116.95893,3.35192],[116.95878,3.35197],[116.95857,3.35207],[116.95826,3.35222],[116.95808,3.35256],[116.95826,3.35291],[116.95833,3.35294],[116.9585,3.35306],[116.95884,3.35336],[116.95892,3.35362],[116.95891,3.35397],[116.9587,3.35466],[116.95857,3.35493],[116.95806,3.3563],[116.95782,3.35674],[116.95761,3.35699],[116.95744,3.3575],[116.95755,3.35805],[116.9577,3.35828],[116.9578,3.35861],[116.95796,3.3592],[116.95795,3.35974],[116.95795,3.36053],[116.9578,3.36089],[116.95767,3.36122],[116.95741,3.36147],[116.95718,3.3616],[116.957,3.36166],[116.95676,3.36171],[116.95638,3.36168],[116.95618,3.3616],[116.95577,3.36123],[116.955,3.3606],[116.95469,3.36039],[116.95434,3.36034],[116.95384,3.36043],[116.9536,3.36067],[116.95335,3.36093],[116.95311,3.36135],[116.95291,3.36176],[116.95257,3.362],[116.95198,3.36207],[116.95155,3.36191],[116.95127,3.3615],[116.95116,3.36113],[116.95113,3.36053],[116.95094,3.36028],[116.95063,3.36034],[116.95042,3.36048],[116.95001,3.36061],[116.94951,3.36047],[116.9493,3.36001],[116.94924,3.35928],[116.94915,3.35857],[116.94895,3.35812],[116.9486,3.35798],[116.94814,3.35805],[116.94783,3.3582],[116.94754,3.35846],[116.94731,3.35879],[116.94696,3.35915],[116.9465,3.35934],[116.94512,3.35954],[116.94472,3.35959],[116.9438,3.35992],[116.94338,3.3602],[116.94308,3.36063],[116.94289,3.36111],[116.94262,3.36139],[116.94212,3.36198],[116.94168,3.36247],[116.94125,3.36276],[116.94081,3.36287],[116.94048,3.36272],[116.94028,3.36261],[116.94012,3.36232],[116.94003,3.36173],[116.94008,3.36153],[116.9402,3.36079],[116.94006,3.36036],[116.93976,3.35994],[116.93952,3.35974],[116.93941,3.3592],[116.93955,3.35879],[116.94046,3.35802],[116.94068,3.35765],[116.94068,3.35715],[116.94043,3.35685],[116.94002,3.35668],[116.93946,3.35662],[116.93907,3.35668],[116.93876,3.35652],[116.93863,3.35633],[116.93865,3.3561],[116.93892,3.35573],[116.93913,3.35528],[116.93916,3.35481],[116.93901,3.35449],[116.93877,3.35433],[116.93843,3.35425],[116.93819,3.3543],[116.9375,3.3545],[116.93707,3.35468],[116.93659,3.3547],[116.93635,3.35471],[116.93598,3.3546],[116.93585,3.35436],[116.93581,3.3541]]]]},"properties":{"kdprov":"65","kdkab":"02","kdkec":"090","kddesa":"013","kdsls":"2002","idsls":"65020900132002","nmprov":"KALIMANTAN UTARA","nmkab":"BULUNGAN","nmkec":"SEKATAK","nmdesa":"KELISING","nmsls":"HUTAN"}},{"type":"Feature","geometry":{"type":"MultiPolygon","coordinates":[[[[117.42759,3.25162],[117.42731,3.2512],[117.427,3.25086],[117.42662,3.25026],[117.42646,3.25],[117.42645,3.24998],[117.4264,3.24995],[117.42625,3.24984],[117.42609,3.24973],[117.42594,3.24963],[117.42581,3.24955],[117.42568,3.24947],[117.42553,3.24939],[117.42539,3.24931],[117.42523,3.24922],[117.42507,3.24914],[117.4249,3.24905],[117.42473,3.24897],[117.42455,3.24889],[117.42437,3.24881],[117.42418,3.24873],[117.42399,3.24866],[117.42381,3.24859],[117.42367,3.24854],[117.42353,3.24849],[117.42338,3.24844],[117.42323,3.2484],[117.42307,3.24835],[117.42291,3.2483],[117.42274,3.24825],[117.42257,3.2482],[117.4224,3.24816],[117.42223,3.24811],[117.42205,3.24807],[117.42188,3.24802],[117.4217,3.24798],[117.42153,3.24794],[117.42136,3.2479],[117.42119,3.24786],[117.42102,3.24782],[117.42085,3.24779],[117.42069,3.24775],[117.42052,3.24772],[117.42035,3.24769],[117.42018,3.24766],[117.42,3.24763],[117.41982,3.2476],[117.41964,3.24757],[117.41946,3.24754],[117.41927,3.24751],[117.41909,3.24748],[117.41891,3.24746],[117.41874,3.24744],[117.41856,3.24741],[117.41839,3.24739],[117.41822,3.24737],[117.41805,3.24735],[117.41789,3.24733],[117.41774,3.24732],[117.41759,3.2473],[117.4174,3.24728],[117.41721,3.24726],[117.41701,3.24725],[117.41681,3.24724],[117.41662,3.24723],[117.41641,3.24722],[117.41621,3.24721],[117.41601,3.24721],[117.4158,3.24721],[117.41559,3.24721],[117.41538,3.24722],[117.41517,3.24723],[117.41496,3.24724],[117.41475,3.24726],[117.41461,3.24727],[117.41447,3.24729],[117.41432,3.24731],[117.41417,3.24733],[117.41401,3.24735],[117.41385,3.24738],[117.41369,3.24741],[117.41352,3.24744],[117.41335,3.24747],[117.41319,3.2475],[117.41302,3.24753],[117.41285,3.24756],[117.41269,3.2476],[117.41253,3.24764],[117.41237,3.24767],[117.41221,3.24771],[117.41205,3.24775],[117.4119,3.24779],[117.41176,3.24783],[117.41162,3.24787],[117.41149,3.24791],[117.41136,3.24794],[117.41114,3.24802],[117.41112,3.24803],[117.41077,3.24808],[117.41037,3.24835],[117.40864,3.24948],[117.40851,3.24958],[117.40849,3.2496],[117.40697,3.25156],[117.40572,3.25312],[117.40571,3.25314],[117.40559,3.25331],[117.40558,3.25329],[117.40532,3.25361],[117.40521,3.25379],[117.40396,3.25587],[117.40182,3.25949],[117.40009,3.26152],[117.39851,3.26341],[117.39647,3.26536],[117.39335,3.26751],[117.39108,3.26886],[117.38956,3.26977],[117.38596,3.27143],[117.38264,3.27104],[117.38176,3.27098],[117.38128,3.27085],[117.38109,3.27202],[117.3805,3.27368],[117.38011,3.27486],[117.37982,3.27535],[117.37982,3.27642],[117.38021,3.27721],[117.38138,3.27867],[117.38293,3.28024],[117.38411,3.28083],[117.38459,3.28044],[117.38567,3.27956],[117.38683,3.27887],[117.38849,3.27808],[117.39092,3.2771],[117.39277,3.27623],[117.39637,3.27534],[117.39706,3.27522],[117.3992,3.27485],[117.40105,3.275],[117.40118,3.27502],[117.4027,3.27515],[117.40562,3.27573],[117.40913,3.27661],[117.41186,3.27749],[117.41673,3.27803],[117.41706,3.27801],[117.41742,3.27799],[117.42122,3.27783],[117.42655,3.27728],[117.42793,3.27714],[117.43834,3.27723],[117.44296,3.2783],[117.44379,3.2785],[117.44611,3.27967],[117.44626,3.27974],[117.44672,3.27997],[117.44915,3.28183],[117.45023,3.2833],[117.45139,3.28535],[117.45256,3.28789],[117.45403,3.29162],[117.45607,3.29758],[117.45734,3.30072],[117.45831,3.30267],[117.45978,3.30443],[117.46104,3.30541],[117.4628,3.306],[117.46397,3.30629],[117.46532,3.306],[117.46659,3.30561],[117.46776,3.30472],[117.46902,3.30256],[117.47087,3.29708],[117.47107,3.29503],[117.47087,3.29336],[117.46844,3.28788],[117.466,3.28524],[117.46259,3.28309],[117.45684,3.27957],[117.45599,3.27846],[117.4557,3.27808],[117.45537,3.27755],[117.4553,3.27761],[117.4549,3.27741],[117.45445,3.27713],[117.45423,3.27682],[117.45374,3.27613],[117.45362,3.27596],[117.45286,3.27471],[117.45189,3.27353],[117.45044,3.27325],[117.44753,3.27207],[117.44483,3.2704],[117.44323,3.26929],[117.44157,3.26783],[117.43908,3.26554],[117.43763,3.26415],[117.43582,3.26186],[117.43333,3.25845],[117.43236,3.25678],[117.43098,3.25463],[117.42959,3.25352],[117.42809,3.25229],[117.42783,3.25207],[117.42759,3.25162]]]]},"properties":{"kdprov":"65","kdkab":"02","kdkec":"090","kddesa":"022","kdsls":"2005","idsls":"65020900222005","nmprov":"KALIMANTAN UTARA","nmkab":"BULUNGAN","nmkec":"SEKATAK","nmdesa":"LIAGU","nmsls":"HUTAN"}},{"type":"Feature","geometry":{"type":"MultiPolygon","coordinates":[[[[117.18825,3.30796],[117.21643,3.33184],[117.25345,3.2903],[117.25344,3.29026],[117.21828,3.26495],[117.18825,3.30796]]]]},"properties":{"kdprov":"65","kdkab":"02","kdkec":"090","kddesa":"021","kdsls":"0009","idsls":"65020900210009","nmprov":"KALIMANTAN UTARA","nmkab":"BULUNGAN","nmkec":"SEKATAK","nmdesa":"SEKATAK BUJI","nmsls":"RT 009"}},{"type":"Feature","geometry":{"type":"MultiPolygon","coordinates":[[[[117.47051,3.34545],[117.46822,3.34576],[117.46811,3.34577],[117.46733,3.34588],[117.46691,3.34593],[117.46665,3.34597],[117.46648,3.34599],[117.46635,3.34601],[117.4662,3.34603],[117.46472,3.34623],[117.46177,3.34661],[117.45725,3.34718],[117.45541,3.34739],[117.45532,3.3474],[117.45347,3.34787],[117.45301,3.34829],[117.45261,3.34865],[117.45237,3.34917],[117.45228,3.34937],[117.45201,3.35003],[117.45162,3.35099],[117.45141,3.35214],[117.45113,3.35361],[117.45086,3.35651],[117.45077,3.359],[117.45089,3.36071],[117.4509,3.36166],[117.45086,3.36368],[117.45086,3.36507],[117.4509,3.3653],[117.45093,3.36551],[117.4509,3.36722],[117.45091,3.36811],[117.45093,3.36897],[117.45078,3.37254],[117.45065,3.37487],[117.45048,3.37782],[117.45041,3.37962],[117.45029,3.38113],[117.4501,3.38295],[117.44991,3.38448],[117.44967,3.38578],[117.4495,3.38674],[117.44902,3.39048],[117.4486,3.39301],[117.44853,3.39488],[117.44858,3.39784],[117.44873,3.39952],[117.44929,3.40209],[117.44984,3.40295],[117.45025,3.40358],[117.45099,3.40447],[117.4519,3.40492],[117.45319,3.40569],[117.45375,3.40592],[117.4539,3.40598],[117.45415,3.40608],[117.45488,3.40645],[117.45574,3.40652],[117.45599,3.40654],[117.45603,3.40653],[117.45659,3.40642],[117.45705,3.40633],[117.4575,3.40623],[117.4578,3.40617],[117.45856,3.40624],[117.45958,3.40613],[117.46065,3.40609],[117.4619,3.40617],[117.46295,3.40615],[117.46339,3.40611],[117.46375,3.40609],[117.46461,3.406],[117.46587,3.40607],[117.46738,3.40643],[117.46871,3.40671],[117.46942,3.40681],[117.46982,3.40686],[117.47002,3.40693],[117.47071,3.40683],[117.47312,3.40689],[117.47481,3.40694],[117.47685,3.40721],[117.47821,3.40733],[117.47987,3.40744],[117.48102,3.40748],[117.48256,3.40762],[117.48265,3.40762],[117.48393,3.40763],[117.48599,3.40812],[117.48753,3.40802],[117.48859,3.4079],[117.48986,3.40781],[117.49097,3.40791],[117.49165,3.40783],[117.49222,3.40767],[117.49245,3.40758],[117.49268,3.40752],[117.49284,3.40748],[117.49423,3.40708],[117.49552,3.40659],[117.49583,3.40647],[117.49605,3.40639],[117.49649,3.40611],[117.49655,3.40608],[117.49771,3.40536],[117.49775,3.40531],[117.49778,3.40527],[117.4984,3.40451],[117.49878,3.40376],[117.49937,3.40267],[117.49957,3.40082],[117.49953,3.40031],[117.49948,3.3997],[117.49947,3.39871],[117.49961,3.39742],[117.49969,3.39692],[117.49976,3.39626],[117.49986,3.39603],[117.49988,3.39598],[117.49996,3.39589],[117.49998,3.39586],[117.5,3.39585],[117.50034,3.39469],[117.50129,3.3921],[117.50156,3.39134],[117.50167,3.391],[117.50188,3.39025],[117.5022,3.38909],[117.50229,3.38819],[117.50226,3.38742],[117.50218,3.38539],[117.50211,3.38296],[117.50207,3.38177],[117.50202,3.38085],[117.50201,3.38034],[117.50192,3.3793],[117.50196,3.37792],[117.50195,3.37769],[117.50189,3.37684],[117.50186,3.37642],[117.50204,3.37462],[117.50224,3.37303],[117.50273,3.37072],[117.50278,3.37049],[117.50307,3.36905],[117.5039,3.36627],[117.50433,3.3643],[117.50445,3.36379],[117.50454,3.36326],[117.5048,3.36185],[117.50511,3.36005],[117.50509,3.3578],[117.5051,3.35763],[117.50515,3.35692],[117.50515,3.35619],[117.50508,3.35535],[117.50494,3.35444],[117.5047,3.35358],[117.50447,3.35265],[117.50431,3.35235],[117.50401,3.35187],[117.50383,3.35134],[117.50367,3.3507],[117.50306,3.34935],[117.50266,3.3482],[117.5019,3.34636],[117.5016,3.34525],[117.50131,3.34501],[117.50122,3.34489],[117.50115,3.34476],[117.50116,3.34464],[117.50122,3.34451],[117.50124,3.34447],[117.50127,3.34439],[117.50132,3.34426],[117.50132,3.34419],[117.50133,3.34411],[117.50131,3.34404],[117.50127,3.344],[117.50124,3.34401],[117.50122,3.34406],[117.50116,3.34412],[117.50113,3.3442],[117.50113,3.34426],[117.50111,3.3443],[117.50107,3.34433],[117.50098,3.34431],[117.50082,3.3443],[117.50069,3.34425],[117.50052,3.34412],[117.5002,3.34377],[117.5,3.34362],[117.5,3.34362],[117.49895,3.34267],[117.49845,3.34232],[117.49815,3.34217],[117.49776,3.34198],[117.49756,3.34186],[117.49714,3.3416],[117.49687,3.34128],[117.49653,3.34126],[117.49638,3.3413],[117.49619,3.34136],[117.49619,3.34136],[117.49598,3.34143],[117.4957,3.3415],[117.49511,3.34144],[117.4948,3.34123],[117.49445,3.34103],[117.49438,3.34104],[117.49437,3.34104],[117.49407,3.34116],[117.49383,3.34126],[117.49237,3.34107],[117.4919,3.3411],[117.49023,3.34121],[117.49001,3.34126],[117.48992,3.34128],[117.48873,3.34154],[117.48735,3.342],[117.48671,3.34221],[117.48528,3.34252],[117.48485,3.34272],[117.48432,3.34297],[117.48316,3.3435],[117.48233,3.34396],[117.48179,3.34414],[117.48145,3.34425],[117.4791,3.3447],[117.47864,3.34478],[117.477,3.34497],[117.4756,3.34499],[117.47284,3.34523],[117.47051,3.34545]]]]},"properties":{"kdprov":"65","kdkab":"02","kdkec":"090","kddesa":"022","kdsls":"2002","idsls":"65020900222002","nmprov":"KALIMANTAN UTARA","nmkab":"BULUNGAN","nmkec":"SEKATAK","nmdesa":"LIAGU","nmsls":"HUTAN"}},{"type":"Feature","geometry":{"type":"MultiPolygon","coordinates":[[[[117.06185,3.32612],[117.06189,3.32609],[117.06195,3.32607],[117.06202,3.32603],[117.06223,3.32594],[117.06258,3.32577],[117.06307,3.32558],[117.06345,3.32543],[117.06345,3.32543],[117.06345,3.32531],[117.06347,3.32444],[117.06304,3.32454],[117.06302,3.32445],[117.06291,3.32399],[117.06278,3.32399],[117.06284,3.32384],[117.06244,3.32385],[117.06244,3.32386],[117.06241,3.32386],[117.06141,3.32405],[117.06141,3.32407],[117.06164,3.32518],[117.06164,3.32519],[117.06185,3.32612]]]]},"properties":{"kdprov":"65","kdkab":"02","kdkec":"090","kddesa":"017","kdsls":"0003","idsls":"65020900170003","nmprov":"KALIMANTAN UTARA","nmkab":"BULUNGAN","nmkec":"SEKATAK","nmdesa":"KELEMBUNAN","nmsls":"RT 003"}},{"type":"Feature","geometry":{"type":"MultiPolygon","coordinates":[[[[117.06296,3.32358],[117.06296,3.32357],[117.06296,3.32358],[117.06281,3.32359],[117.06271,3.32285],[117.06268,3.32221],[117.06269,3.32206],[117.06272,3.32151],[117.06297,3.32151],[117.06297,3.32148],[117.06271,3.3215],[117.06223,3.3215],[117.06181,3.3215],[117.06177,3.32154],[117.06167,3.32156],[117.06186,3.32218],[117.06186,3.32218],[117.06187,3.32221],[117.06242,3.3238],[117.06244,3.32385],[117.06284,3.32384],[117.06294,3.32358],[117.06296,3.32358]]]]},"properties":{"kdprov":"65","kdkab":"02","kdkec":"090","kddesa":"017","kdsls":"0001","idsls":"65020900170001","nmprov":"KALIMANTAN UTARA","nmkab":"BULUNGAN","nmkec":"SEKATAK","nmdesa":"KELEMBUNAN","nmsls":"RT 001"}},{"type":"Feature","geometry":{"type":"MultiPolygon","coordinates":[[[[117.162,3.23987],[117.16114,3.23843],[117.16036,3.23695],[117.15957,3.23548],[117.15878,3.23402],[117.15801,3.23258],[117.15721,3.23108],[117.15643,3.2296],[117.15564,3.22812],[117.15483,3.2266],[117.15406,3.22512],[117.15332,3.22365],[117.15259,3.2222],[117.15184,3.22075],[117.15114,3.21939],[117.15037,3.21788],[117.14968,3.21645],[117.14895,3.21505],[117.14824,3.2136],[117.14751,3.21216],[117.14678,3.2107],[117.14611,3.20917],[117.14544,3.20774],[117.14499,3.20679],[117.14459,3.20627],[117.14369,3.20496],[117.1428,3.20367],[117.14189,3.20236],[117.1414,3.20091],[117.14095,3.19948],[117.14046,3.19804],[117.13983,3.19677],[117.13934,3.19593],[117.13888,3.19595],[117.13616,3.19583],[117.13554,3.19594],[117.13438,3.19595],[117.133,3.19564],[117.13234,3.19499],[117.13169,3.19344],[117.1305,3.19244],[117.12936,3.19206],[117.12929,3.1931],[117.12881,3.20307],[117.12514,3.20592],[117.117,3.21207],[117.10392,3.20292],[117.1034,3.20264],[117.10315,3.2026],[117.10317,3.20292],[117.10304,3.20352],[117.1029,3.20431],[117.10277,3.20532],[117.10285,3.20598],[117.10318,3.20674],[117.10438,3.20748],[117.10438,3.20748],[117.10441,3.20759],[117.10473,3.20871],[117.10482,3.20974],[117.10507,3.21039],[117.10506,3.21142],[117.10469,3.21226],[117.10395,3.21301],[117.10301,3.21348],[117.10267,3.21393],[117.10234,3.21477],[117.10162,3.21641],[117.10163,3.21681],[117.10171,3.21719],[117.10197,3.21764],[117.10186,3.21883],[117.1013,3.21996],[117.10101,3.22098],[117.10123,3.2218],[117.10146,3.22206],[117.10206,3.22209],[117.10252,3.22191],[117.10301,3.22074],[117.10396,3.22055],[117.10517,3.22082],[117.10667,3.22221],[117.10783,3.22356],[117.10814,3.22428],[117.10867,3.22487],[117.10947,3.22529],[117.10962,3.22592],[117.10965,3.2265],[117.10941,3.22747],[117.10947,3.22781],[117.10946,3.22804],[117.10969,3.22902],[117.10948,3.22998],[117.10877,3.23093],[117.10865,3.23206],[117.10851,3.23297],[117.10813,3.23415],[117.10745,3.23496],[117.1074,3.23562],[117.10765,3.23589],[117.1084,3.23612],[117.10879,3.23674],[117.10857,3.23781],[117.10835,3.2384],[117.10821,3.23938],[117.1085,3.24018],[117.10861,3.2407],[117.10869,3.24105],[117.10836,3.24203],[117.1083,3.24363],[117.10906,3.24454],[117.11082,3.2467],[117.11218,3.24769],[117.11467,3.24959],[117.11509,3.2499],[117.11697,3.25183],[117.11906,3.25393],[117.12119,3.2562],[117.12318,3.2582],[117.1253,3.26031],[117.12536,3.26232],[117.12545,3.26455],[117.12552,3.26674],[117.12563,3.26909],[117.12573,3.27124],[117.12579,3.27317],[117.1257,3.27353],[117.12531,3.27578],[117.12484,3.27803],[117.12497,3.27992],[117.12543,3.27968],[117.12644,3.27928],[117.12705,3.27905],[117.12917,3.27845],[117.1301,3.27789],[117.13135,3.27707],[117.13341,3.27532],[117.13413,3.27459],[117.13459,3.27413],[117.1352,3.27339],[117.13546,3.27307],[117.1364,3.27212],[117.13671,3.27197],[117.13671,3.27197],[117.13776,3.27144],[117.13895,3.27112],[117.13957,3.27125],[117.13975,3.2715],[117.13975,3.2715],[117.14001,3.27188],[117.14017,3.27231],[117.14017,3.27231],[117.14032,3.27275],[117.14045,3.27314],[117.14045,3.27314],[117.14057,3.27351],[117.14086,3.27409],[117.14086,3.27409],[117.14107,3.27451],[117.14163,3.27526],[117.14213,3.27557],[117.14229,3.2756],[117.14229,3.2756],[117.1424,3.27562],[117.14325,3.27576],[117.14371,3.2756],[117.14456,3.27532],[117.14519,3.27476],[117.14519,3.27476],[117.14519,3.27476],[117.14594,3.27375],[117.14639,3.27294],[117.1464,3.27294],[117.14645,3.27285],[117.14668,3.27244],[117.1473,3.27081],[117.14799,3.26937],[117.14893,3.26843],[117.1508,3.26668],[117.15093,3.2666],[117.15135,3.26636],[117.15229,3.26585],[117.15291,3.26552],[117.15353,3.26483],[117.15428,3.26376],[117.15439,3.26357],[117.15491,3.26263],[117.15515,3.26182],[117.15559,3.26094],[117.1559,3.26038],[117.15606,3.26014],[117.15633,3.25975],[117.15646,3.25963],[117.15662,3.25952],[117.15632,3.25914],[117.15565,3.25835],[117.1549,3.25792],[117.15318,3.25689],[117.15207,3.25689],[117.1517,3.25636],[117.15264,3.25566],[117.15278,3.25546],[117.15314,3.25486],[117.15218,3.25423],[117.15098,3.25396],[117.15104,3.25347],[117.15156,3.25323],[117.15367,3.2525],[117.15396,3.25132],[117.15457,3.2506],[117.15508,3.24995],[117.15572,3.24945],[117.15723,3.24834],[117.1586,3.24726],[117.15961,3.24616],[117.16062,3.24507],[117.16164,3.24392],[117.1629,3.24303],[117.16371,3.24246],[117.16288,3.24124],[117.162,3.23987]]],[[[117.07645,3.3067],[117.07652,3.30575],[117.07588,3.3057],[117.0756,3.3057],[117.0756,3.306],[117.0756,3.30655],[117.0756,3.3073],[117.0757,3.30734],[117.07575,3.30719],[117.07575,3.30719],[117.0762,3.30732],[117.07649,3.30776],[117.07649,3.30683],[117.07645,3.3067]]]]},"properties":{"kdprov":"65","kdkab":"02","kdkec":"090","kddesa":"007","kdsls":"2001","idsls":"65020900072001","nmprov":"KALIMANTAN UTARA","nmkab":"BULUNGAN","nmkec":"SEKATAK","nmdesa":"AMBALAT","nmsls":"HUTAN"}},{"type":"Feature","geometry":{"type":"MultiPolygon","coordinates":[[[[117.10762,3.19785],[117.10775,3.19833],[117.10772,3.19872],[117.10759,3.19897],[117.1073,3.19915],[117.10684,3.19921],[117.10626,3.19923],[117.10525,3.19902],[117.1043,3.1988],[117.10335,3.19844],[117.10283,3.19803],[117.10241,3.19753],[117.1021,3.19743],[117.10175,3.19757],[117.10144,3.19802],[117.10129,3.19845],[117.10119,3.1989],[117.10129,3.19945],[117.10148,3.19971],[117.10226,3.20052],[117.10249,3.20087],[117.10283,3.20186],[117.10315,3.2026],[117.1034,3.20264],[117.10392,3.20292],[117.117,3.21207],[117.12514,3.20592],[117.12881,3.20307],[117.12929,3.1931],[117.12901,3.19306],[117.12871,3.19306],[117.12823,3.19318],[117.12778,3.19337],[117.12745,3.19386],[117.1272,3.19438],[117.127,3.19495],[117.12678,3.19545],[117.12658,3.19575],[117.12622,3.1959],[117.1257,3.19581],[117.12532,3.19556],[117.12496,3.19542],[117.12451,3.19553],[117.12409,3.1959],[117.12395,3.19618],[117.12395,3.19674],[117.12381,3.19738],[117.12366,3.19802],[117.12343,3.19831],[117.12282,3.1985],[117.12228,3.1985],[117.12198,3.19819],[117.12176,3.19766],[117.12151,3.19705],[117.12136,3.19657],[117.121,3.19618],[117.12064,3.19601],[117.12025,3.19601],[117.11969,3.19621],[117.11895,3.19638],[117.1188,3.19637],[117.11869,3.19638],[117.11817,3.19638],[117.11689,3.19653],[117.116,3.19659],[117.11499,3.19669],[117.11413,3.19676],[117.1134,3.19683],[117.11302,3.19694],[117.1125,3.1972],[117.11204,3.19749],[117.1117,3.19787],[117.1113,3.19816],[117.11084,3.19819],[117.11042,3.19809],[117.11013,3.19792],[117.10972,3.19741],[117.10923,3.197],[117.10876,3.19664],[117.10825,3.19636],[117.10793,3.19641],[117.10771,3.19654],[117.10755,3.1967],[117.10746,3.1969],[117.10746,3.19716],[117.10752,3.19747],[117.10762,3.19785]]]]},"properties":{"kdprov":"65","kdkab":"02","kdkec":"090","kddesa":"007","kdsls":"0002","idsls":"65020900070002","nmprov":"KALIMANTAN UTARA","nmkab":"BULUNGAN","nmkec":"SEKATAK","nmdesa":"AMBALAT","nmsls":"RT 002"}},{"type":"Feature","geometry":{"type":"MultiPolygon","coordinates":[[[[117.37582,3.27806],[117.37592,3.27906],[117.37641,3.27985],[117.37719,3.28044],[117.37817,3.28142],[117.37894,3.28239],[117.37953,3.28337],[117.3807,3.28436],[117.38148,3.28494],[117.38177,3.28484],[117.38226,3.28416],[117.38264,3.28347],[117.38303,3.28249],[117.38303,3.2819],[117.38284,3.28151],[117.3805,3.27906],[117.37933,3.2777],[117.37904,3.27701],[117.37881,3.27603],[117.37875,3.27574],[117.37826,3.27516],[117.37719,3.27535],[117.37651,3.27545],[117.37602,3.27584],[117.37592,3.27672],[117.37573,3.27731],[117.37582,3.27806]]],[[[117.35567,3.26743],[117.35509,3.26802],[117.35479,3.2687],[117.3547,3.26948],[117.3547,3.27076],[117.35479,3.27115],[117.35489,3.27135],[117.35625,3.27154],[117.35752,3.27154],[117.3584,3.27173],[117.35937,3.27203],[117.36083,3.2734],[117.3619,3.27486],[117.36229,3.27614],[117.36233,3.27635],[117.36249,3.27722],[117.36284,3.27864],[117.36288,3.27878],[117.36327,3.27957],[117.36385,3.28015],[117.36453,3.28044],[117.366,3.28024],[117.36668,3.28044],[117.36729,3.28097],[117.36736,3.28109],[117.36763,3.28154],[117.36739,3.28346],[117.36596,3.28585],[117.36551,3.28676],[117.36551,3.28719],[117.3658,3.28827],[117.36629,3.28945],[117.36747,3.2913],[117.36748,3.29133],[117.36814,3.29267],[117.36832,3.29408],[117.36843,3.29454],[117.36873,3.29461],[117.36892,3.29467],[117.36903,3.2947],[117.36915,3.2947],[117.36925,3.29474],[117.36939,3.29476],[117.36964,3.29482],[117.3698,3.29487],[117.37005,3.29489],[117.37028,3.295],[117.37039,3.29502],[117.37052,3.29502],[117.37063,3.29509],[117.37074,3.29514],[117.37094,3.29517],[117.37109,3.29521],[117.37121,3.29533],[117.37137,3.29546],[117.37153,3.29557],[117.37157,3.29562],[117.37165,3.29566],[117.37171,3.2957],[117.37177,3.29574],[117.37181,3.2958],[117.37194,3.29592],[117.37208,3.296],[117.37208,3.29601],[117.37248,3.29635],[117.37252,3.2964],[117.37262,3.2965],[117.37275,3.29663],[117.37286,3.29684],[117.37307,3.29709],[117.37327,3.29734],[117.37341,3.29752],[117.37364,3.29779],[117.37381,3.29807],[117.37403,3.29834],[117.37431,3.29884],[117.37447,3.29937],[117.37483,3.29992],[117.37523,3.30049],[117.37577,3.30152],[117.37625,3.30228],[117.3766,3.30302],[117.37686,3.30342],[117.37694,3.30368],[117.37706,3.30392],[117.37722,3.30433],[117.3773,3.30452],[117.37731,3.30454],[117.37741,3.3048],[117.37757,3.30513],[117.37768,3.30534],[117.37787,3.30577],[117.37817,3.30631],[117.37849,3.30686],[117.37887,3.30746],[117.37923,3.308],[117.37975,3.30876],[117.37993,3.30904],[117.37999,3.30911],[117.38039,3.30957],[117.38067,3.30971],[117.38071,3.30975],[117.38076,3.30976],[117.38105,3.30991],[117.38139,3.31009],[117.38217,3.31004],[117.38235,3.31],[117.38392,3.30965],[117.38616,3.30828],[117.38723,3.30672],[117.38811,3.30475],[117.3884,3.30368],[117.3884,3.30231],[117.38821,3.30084],[117.38801,3.29957],[117.38713,3.29829],[117.38615,3.29752],[117.3846,3.29438],[117.38372,3.2934],[117.38323,3.29223],[117.38274,3.29135],[117.38226,3.28978],[117.38216,3.28915],[117.38193,3.2878],[117.38161,3.28663],[117.38107,3.286],[117.38006,3.28499],[117.37951,3.28436],[117.3792,3.28405],[117.37912,3.28389],[117.37873,3.28358],[117.37791,3.28247],[117.37779,3.28233],[117.37751,3.282],[117.37725,3.2817],[117.37647,3.281],[117.37577,3.2803],[117.37543,3.27995],[117.37514,3.27897],[117.37508,3.27813],[117.37507,3.27802],[117.37507,3.27732],[117.37507,3.27646],[117.37507,3.27512],[117.3753,3.27434],[117.37561,3.27419],[117.37639,3.27395],[117.37733,3.27372],[117.37842,3.27372],[117.37888,3.27355],[117.37904,3.27332],[117.3792,3.27262],[117.37927,3.27199],[117.37927,3.27121],[117.37888,3.27051],[117.37842,3.27019],[117.37724,3.26941],[117.37632,3.26894],[117.37588,3.26872],[117.37537,3.26847],[117.37453,3.26803],[117.37359,3.26753],[117.37226,3.26617],[117.37054,3.26491],[117.37003,3.26381],[117.36938,3.2624],[117.3686,3.26052],[117.36782,3.25872],[117.36712,3.25724],[117.36672,3.25598],[117.36602,3.2545],[117.36548,3.25387],[117.36491,3.25366],[117.36375,3.25382],[117.36297,3.25402],[117.36271,3.25471],[117.36271,3.25492],[117.3627,3.25515],[117.3627,3.25539],[117.36269,3.25562],[117.36269,3.25586],[117.36268,3.2561],[117.36267,3.25634],[117.36267,3.25647],[117.36267,3.25658],[117.36267,3.25681],[117.36267,3.25706],[117.36263,3.25729],[117.36258,3.25751],[117.36229,3.25891],[117.3619,3.26107],[117.36121,3.26302],[117.36015,3.26459],[117.35878,3.26547],[117.35732,3.26616],[117.35625,3.26674],[117.35567,3.26743]]]]},"properties":{"kdprov":"65","kdkab":"02","kdkec":"090","kddesa":"022","kdsls":"2004","idsls":"65020900222004","nmprov":"KALIMANTAN UTARA","nmkab":"BULUNGAN","nmkec":"SEKATAK","nmdesa":"LIAGU","nmsls":"HUTAN"}},{"type":"Feature","geometry":{"type":"MultiPolygon","coordinates":[[[[117.09689,3.25052],[117.09668,3.25029],[117.09615,3.24976],[117.0956,3.2493],[117.09532,3.24907],[117.09433,3.24859],[117.0934,3.24775],[117.09331,3.2474],[117.09294,3.24593],[117.0926,3.24384],[117.09236,3.24185],[117.09204,3.23974],[117.09176,3.23768],[117.09161,3.23565],[117.09159,3.2353],[117.09039,3.2335],[117.09009,3.23306],[117.08838,3.23156],[117.0879,3.23113],[117.08678,3.23051],[117.08602,3.22954],[117.08575,3.22857],[117.08571,3.22835],[117.08615,3.22668],[117.08622,3.22636],[117.086,3.22464],[117.08589,3.22401],[117.08369,3.22296],[117.08344,3.22168],[117.08397,3.21974],[117.0842,3.21883],[117.08392,3.21768],[117.08369,3.21686],[117.0811,3.21569],[117.07913,3.21364],[117.07844,3.21299],[117.07696,3.21166],[117.07665,3.21134],[117.07549,3.2096],[117.07425,3.20775],[117.07298,3.20576],[117.07172,3.2039],[117.07043,3.20186],[117.06917,3.2],[117.06827,3.19862],[117.07209,3.19799],[117.07298,3.19783],[117.07542,3.19771],[117.07701,3.19765],[117.07862,3.19742],[117.07954,3.19726],[117.07945,3.19708],[117.07859,3.19501],[117.07776,3.19292],[117.07692,3.19089],[117.07607,3.18888],[117.07492,3.18652],[117.0749,3.1865],[117.07388,3.18435],[117.07308,3.18266],[117.0725,3.18153],[117.07209,3.18058],[117.07134,3.18029],[117.06973,3.17966],[117.06763,3.17888],[117.06532,3.17801],[117.06473,3.17777],[117.0622,3.17761],[117.0598,3.17748],[117.05818,3.17734],[117.05615,3.17773],[117.05531,3.17787],[117.0534,3.1782],[117.05226,3.17885],[117.05082,3.17965],[117.0506,3.18003],[117.04971,3.18125],[117.04862,3.18268],[117.04821,3.18327],[117.04787,3.18421],[117.04733,3.18586],[117.0469,3.18713],[117.04688,3.18762],[117.04681,3.18929],[117.04677,3.19053],[117.04685,3.19104],[117.04712,3.19266],[117.04722,3.19341],[117.04752,3.19424],[117.04786,3.19527],[117.04831,3.19598],[117.04933,3.19752],[117.05031,3.1991],[117.05118,3.2007],[117.05193,3.20245],[117.05268,3.20411],[117.05345,3.20584],[117.05438,3.20759],[117.05525,3.20921],[117.05616,3.2109],[117.05707,3.21257],[117.05797,3.21425],[117.05892,3.216],[117.05981,3.21767],[117.06072,3.21938],[117.06167,3.22111],[117.06258,3.22279],[117.06343,3.22441],[117.06434,3.22606],[117.06523,3.22777],[117.06624,3.22944],[117.06726,3.23108],[117.06831,3.23269],[117.06936,3.23438],[117.07039,3.23602],[117.07142,3.23764],[117.07243,3.23925],[117.07344,3.24082],[117.07436,3.2423],[117.07526,3.24373],[117.07617,3.24517],[117.07718,3.2468],[117.07821,3.24836],[117.07916,3.24991],[117.08013,3.25143],[117.08108,3.25297],[117.08131,3.25329],[117.08195,3.25457],[117.08276,3.25612],[117.08369,3.25753],[117.08464,3.25886],[117.08539,3.25996],[117.08555,3.2602],[117.08618,3.26113],[117.08664,3.2606],[117.09467,3.25733],[117.09468,3.25733],[117.09509,3.25531],[117.09568,3.25526],[117.09559,3.255],[117.09574,3.25435],[117.096,3.25392],[117.096,3.25366],[117.09598,3.25294],[117.09598,3.2523],[117.09607,3.25185],[117.09633,3.25094],[117.09689,3.25052]]]]},"properties":{"kdprov":"65","kdkab":"02","kdkec":"090","kddesa":"009","kdsls":"2001","idsls":"65020900092001","nmprov":"KALIMANTAN UTARA","nmkab":"BULUNGAN","nmkec":"SEKATAK","nmdesa":"KELINCAWAN","nmsls":"HUTAN"}},{"type":"Feature","geometry":{"type":"MultiPolygon","coordinates":[[[[117.11282,3.27522],[117.11157,3.27329],[117.11179,3.27167],[117.11244,3.27002],[117.1131,3.268],[117.11301,3.26732],[117.11181,3.26606],[117.11148,3.26564],[117.1124,3.26441],[117.11273,3.26397],[117.11277,3.26311],[117.11235,3.26271],[117.11069,3.26289],[117.10956,3.26377],[117.10852,3.26448],[117.10748,3.26445],[117.10757,3.26323],[117.10809,3.26245],[117.10805,3.26202],[117.10702,3.26165],[117.10593,3.26091],[117.10619,3.25984],[117.10439,3.25864],[117.10328,3.25763],[117.10242,3.25659],[117.10178,3.256],[117.10061,3.25465],[117.10029,3.25446],[117.09895,3.25311],[117.09888,3.25283],[117.09789,3.25169],[117.09735,3.25106],[117.09689,3.25052],[117.09633,3.25094],[117.09607,3.25185],[117.09598,3.2523],[117.09598,3.25294],[117.096,3.25366],[117.096,3.25392],[117.09574,3.25435],[117.09559,3.255],[117.09568,3.25526],[117.09627,3.25521],[117.09644,3.25718],[117.09644,3.25718],[117.09594,3.258],[117.09594,3.25801],[117.09506,3.26005],[117.0921,3.2609],[117.09003,3.2609],[117.08842,3.26106],[117.08748,3.26162],[117.08695,3.26226],[117.08769,3.26333],[117.08873,3.26487],[117.08979,3.26644],[117.09078,3.26785],[117.09174,3.26928],[117.0927,3.27069],[117.09365,3.2721],[117.09457,3.27345],[117.09534,3.27457],[117.09556,3.27488],[117.09669,3.27651],[117.09784,3.27822],[117.09877,3.2796],[117.09961,3.28082],[117.10047,3.28209],[117.10111,3.28194],[117.10338,3.28138],[117.10535,3.28061],[117.10667,3.28011],[117.10787,3.27929],[117.10973,3.27807],[117.11133,3.27699],[117.11142,3.2769],[117.11243,3.27574],[117.11282,3.27522]]]]},"properties":{"kdprov":"65","kdkab":"02","kdkec":"090","kddesa":"009","kdsls":"2002","idsls":"65020900092002","nmprov":"KALIMANTAN UTARA","nmkab":"BULUNGAN","nmkec":"SEKATAK","nmdesa":"KELINCAWAN","nmsls":"HUTAN"}},{"type":"Feature","geometry":{"type":"MultiPolygon","coordinates":[[[[117.07736,3.29055],[117.07736,3.29055],[117.07733,3.29261],[117.08058,3.29513],[117.08283,3.29686],[117.08355,3.29681],[117.08404,3.29689],[117.08517,3.29706],[117.08623,3.29706],[117.08698,3.29706],[117.08807,3.29689],[117.08854,3.29681],[117.08879,3.29669],[117.08953,3.29631],[117.08967,3.29607],[117.0899,3.29568],[117.09016,3.29486],[117.09035,3.2943],[117.09047,3.29416],[117.09072,3.29387],[117.09106,3.29361],[117.09147,3.2933],[117.0923,3.29304],[117.09265,3.29293],[117.09633,3.29218],[117.09769,3.29211],[117.09888,3.2923],[117.09913,3.2925],[117.09926,3.29261],[117.09944,3.29324],[117.09975,3.29437],[117.09975,3.29437],[117.09975,3.29437],[117.09975,3.29437],[117.09975,3.29437],[117.10001,3.29505],[117.1001,3.29524],[117.10025,3.29556],[117.10047,3.29582],[117.10056,3.29593],[117.10085,3.29606],[117.10125,3.29625],[117.10147,3.29606],[117.10162,3.29593],[117.10168,3.29518],[117.10172,3.29509],[117.10188,3.29475],[117.10235,3.29444],[117.10294,3.29405],[117.10343,3.29405],[117.10468,3.29408],[117.10493,3.29408],[117.1051,3.29415],[117.10599,3.29446],[117.1068,3.29471],[117.10711,3.29484],[117.10754,3.29503],[117.10841,3.29515],[117.10898,3.29515],[117.10941,3.29496],[117.10943,3.29484],[117.10947,3.29458],[117.10947,3.29458],[117.10925,3.29436],[117.1091,3.29421],[117.10841,3.2934],[117.10822,3.29319],[117.10792,3.29289],[117.1078,3.29201],[117.1078,3.29201],[117.10786,3.2912],[117.10804,3.29064],[117.10848,3.28989],[117.10858,3.28975],[117.10898,3.2892],[117.10998,3.28857],[117.1106,3.28838],[117.11174,3.28828],[117.11203,3.28826],[117.11359,3.288],[117.1147,3.28758],[117.1149,3.28751],[117.11527,3.28726],[117.11639,3.2865],[117.11726,3.28562],[117.11795,3.28487],[117.11864,3.28419],[117.11866,3.28416],[117.11765,3.28327],[117.11714,3.28287],[117.1166,3.28242],[117.11635,3.28148],[117.11605,3.28022],[117.11579,3.27914],[117.11586,3.27787],[117.11675,3.27697],[117.11733,3.27586],[117.11754,3.27536],[117.11739,3.27458],[117.11574,3.27426],[117.11451,3.27469],[117.11323,3.27468],[117.11282,3.27522],[117.11243,3.27574],[117.11142,3.2769],[117.11133,3.27699],[117.10973,3.27807],[117.10787,3.27929],[117.10667,3.28011],[117.10535,3.28061],[117.10338,3.28138],[117.10111,3.28194],[117.10047,3.28209],[117.09696,3.28289],[117.0917,3.28426],[117.08777,3.28723],[117.08202,3.28923],[117.07736,3.29055]]]]},"properties":{"kdprov":"65","kdkab":"02","kdkec":"090","kddesa":"021","kdsls":"1004","idsls":"65020900211004","nmprov":"KALIMANTAN UTARA","nmkab":"BULUNGAN","nmkec":"SEKATAK","nmdesa":"SEKATAK BUJI","nmsls":"KEBUN"}},{"type":"Feature","geometry":{"type":"MultiPolygon","coordinates":[[[[116.98092,3.24204],[116.9809,3.24201],[116.97926,3.24072],[116.97757,3.23935],[116.97588,3.23802],[116.97401,3.23653],[116.97137,3.23665],[116.96909,3.23678],[116.96672,3.23691],[116.96452,3.23703],[116.96237,3.23714],[116.96051,3.23724],[116.95861,3.23714],[116.95631,3.23701],[116.95388,3.23687],[116.95161,3.23675],[116.94988,3.23663],[116.94929,3.23666],[116.95022,3.2377],[116.95134,3.23896],[116.9525,3.24023],[116.95369,3.24154],[116.95511,3.24267],[116.95618,3.24356],[116.95763,3.24385],[116.96003,3.24435],[116.96198,3.24477],[116.96409,3.24521],[116.96524,3.24547],[116.96605,3.24648],[116.96712,3.24784],[116.96791,3.24919],[116.96867,3.25053],[116.96941,3.25177],[116.96974,3.25235],[116.96995,3.25305],[116.97036,3.25444],[116.97071,3.25566],[116.97109,3.25694],[116.9715,3.25828],[116.97167,3.25881],[116.97203,3.2597],[116.97262,3.26098],[116.97311,3.2621],[116.97354,3.26313],[116.97399,3.26418],[116.97455,3.26541],[116.97497,3.26641],[116.97564,3.26745],[116.97643,3.26868],[116.97726,3.26993],[116.97784,3.27085],[116.97812,3.27129],[116.97895,3.27257],[116.97974,3.27381],[116.98043,3.27488],[116.98131,3.27624],[116.98141,3.27638],[116.98139,3.2776],[116.98139,3.27918],[116.9814,3.28049],[116.98139,3.2818],[116.9814,3.28315],[116.98138,3.2833],[116.98097,3.28451],[116.98051,3.28595],[116.98016,3.287],[116.98008,3.28741],[116.97984,3.28869],[116.97956,3.29013],[116.97928,3.29146],[116.97932,3.29243],[116.97945,3.29387],[116.97956,3.29507],[116.97964,3.29621],[116.97971,3.2971],[116.979,3.29834],[116.97881,3.29866],[116.97936,3.2989],[116.98089,3.29988],[116.98297,3.30122],[116.9847,3.30235],[116.98658,3.30359],[116.98873,3.30499],[116.99072,3.3063],[116.99176,3.30698],[116.9929,3.30807],[116.99461,3.30972],[116.99637,3.31139],[116.99808,3.31304],[116.99974,3.31461],[117.00105,3.31587],[117.00283,3.31759],[117.00425,3.31903],[117.00542,3.32029],[117.0066,3.32155],[117.00761,3.32262],[117.00885,3.32393],[117.01031,3.32547],[117.01173,3.32696],[117.01329,3.32861],[117.01493,3.33034],[117.01649,3.332],[117.01784,3.33343],[117.01924,3.33514],[117.0202,3.33628],[117.021,3.33722],[117.02349,3.3403],[117.02581,3.34321],[117.02913,3.34465],[117.03554,3.34491],[117.04136,3.34387],[117.04685,3.34282],[117.05214,3.34162],[117.05553,3.34077],[117.05746,3.3401],[117.05914,3.3395],[117.06086,3.33903],[117.06286,3.33921],[117.06527,3.34087],[117.06663,3.34117],[117.0698,3.34182],[117.07068,3.34136],[117.07071,3.33722],[117.07096,3.33292],[117.07114,3.32937],[117.07117,3.32884],[117.0709,3.3287],[117.06965,3.32824],[117.0674,3.3274],[117.06509,3.32741],[117.06366,3.32762],[117.06305,3.32751],[117.0622,3.32729],[117.06158,3.32722],[117.06108,3.32692],[117.06092,3.32679],[117.06089,3.32676],[117.06087,3.32675],[117.06129,3.32647],[117.06142,3.32638],[117.0611,3.32573],[117.06078,3.32574],[117.06078,3.32574],[117.06073,3.32574],[117.06073,3.32573],[117.06061,3.32579],[117.0602,3.32628],[117.0594,3.32697],[117.05937,3.32702],[117.05912,3.32703],[117.05894,3.32699],[117.05875,3.32681],[117.05876,3.3266],[117.05883,3.32645],[117.05894,3.32634],[117.05903,3.32634],[117.05917,3.32641],[117.05927,3.32641],[117.05937,3.32637],[117.05941,3.32633],[117.05943,3.3258],[117.05938,3.32553],[117.05924,3.32541],[117.05885,3.3251],[117.05837,3.32543],[117.05838,3.32531],[117.05806,3.32439],[117.0586,3.3238],[117.05862,3.32369],[117.05861,3.32367],[117.05859,3.32362],[117.05839,3.32323],[117.05829,3.32201],[117.05856,3.32117],[117.05945,3.32046],[117.06083,3.32021],[117.06208,3.3187],[117.06244,3.31724],[117.06267,3.3163],[117.0632,3.31417],[117.06355,3.31312],[117.06354,3.31181],[117.06354,3.31175],[117.06354,3.31129],[117.0631,3.30946],[117.06246,3.3088],[117.06187,3.30813],[117.06151,3.3075],[117.06031,3.30493],[117.05994,3.30355],[117.05986,3.30325],[117.06006,3.30152],[117.06013,3.30092],[117.0604,3.30043],[117.06046,3.30029],[117.05866,3.2992],[117.05865,3.2992],[117.05765,3.29858],[117.05108,3.29452],[117.05105,3.29455],[117.0487,3.2931],[117.04653,3.29178],[117.04566,3.29123],[117.0457,3.29255],[117.0457,3.29255],[117.0457,3.29257],[117.04572,3.29272],[117.04572,3.29273],[117.04624,3.29273],[117.04632,3.29714],[117.04227,3.29728],[117.04222,3.29626],[117.03963,3.29533],[117.03963,3.29533],[117.03955,3.29529],[117.03955,3.29529],[117.0395,3.2941],[117.03931,3.28955],[117.0429,3.28953],[117.04209,3.28904],[117.04018,3.28789],[117.03834,3.28676],[117.03748,3.28622],[117.03744,3.2862],[117.03695,3.28589],[117.03503,3.28473],[117.0331,3.28346],[117.03122,3.28209],[117.02946,3.28083],[117.02777,3.27966],[117.0259,3.27832],[117.02396,3.27693],[117.02195,3.27555],[117.02025,3.27421],[117.01858,3.27294],[117.01689,3.27165],[117.01529,3.27043],[117.01392,3.2694],[117.01237,3.26819],[117.01076,3.26696],[117.00917,3.26575],[117.00742,3.26443],[117.00552,3.26297],[117.00354,3.26148],[117.00198,3.26051],[117.00128,3.25995],[116.99962,3.25853],[116.99796,3.25714],[116.99641,3.25583],[116.99491,3.25445],[116.99353,3.25312],[116.99203,3.25167],[116.99051,3.2502],[116.98898,3.2487],[116.98729,3.24713],[116.98551,3.24569],[116.98407,3.24455],[116.98246,3.24331],[116.98233,3.24319],[116.98092,3.24204]]]]},"properties":{"kdprov":"65","kdkab":"02","kdkec":"090","kddesa":"012","kdsls":"2001","idsls":"65020900122001","nmprov":"KALIMANTAN UTARA","nmkab":"BULUNGAN","nmkec":"SEKATAK","nmdesa":"PARU ABANG","nmsls":"HUTAN"}},{"type":"Feature","geometry":{"type":"MultiPolygon","coordinates":[[[[117.05885,3.3251],[117.05886,3.32504],[117.05896,3.32488],[117.05908,3.3247],[117.05919,3.32458],[117.05982,3.32398],[117.05949,3.32356],[117.05958,3.3235],[117.05958,3.3235],[117.06004,3.32314],[117.06011,3.32309],[117.05992,3.32228],[117.05963,3.32254],[117.05937,3.32286],[117.05918,3.32313],[117.05904,3.32331],[117.05881,3.32354],[117.05863,3.32371],[117.05862,3.32369],[117.0586,3.3238],[117.05806,3.32439],[117.05838,3.32531],[117.05837,3.32543],[117.05885,3.3251]]]]},"properties":{"kdprov":"65","kdkab":"02","kdkec":"090","kddesa":"012","kdsls":"0001","idsls":"65020900120001","nmprov":"KALIMANTAN UTARA","nmkab":"BULUNGAN","nmkec":"SEKATAK","nmdesa":"PARU ABANG","nmsls":"RT 001"}},{"type":"Feature","geometry":{"type":"MultiPolygon","coordinates":[[[[117.0708,3.28231],[117.06011,3.27303],[117.05694,3.27352],[117.05281,3.27035],[117.05071,3.27262],[117.04683,3.27667],[117.04284,3.28071],[117.03744,3.2862],[117.03748,3.28622],[117.03834,3.28676],[117.04018,3.28789],[117.04209,3.28904],[117.0429,3.28953],[117.0456,3.28952],[117.04566,3.29123],[117.04653,3.29178],[117.0487,3.2931],[117.05105,3.29455],[117.05108,3.29452],[117.05765,3.29858],[117.05865,3.2992],[117.05866,3.2992],[117.06046,3.30029],[117.06156,3.29811],[117.06316,3.29633],[117.06365,3.29579],[117.06484,3.29516],[117.06608,3.29451],[117.07005,3.29297],[117.07268,3.29187],[117.07454,3.29135],[117.07502,3.29122],[117.07721,3.2906],[117.07716,3.29053],[117.0729,3.28609],[117.0708,3.28231]],[[117.06271,3.29636],[117.05323,3.29088],[117.05777,3.28579],[117.06463,3.29484],[117.06271,3.29636]]],[[[117.07053,3.17495],[117.06994,3.17292],[117.06938,3.171],[117.06877,3.1689],[117.06822,3.16688],[117.06759,3.16472],[117.06694,3.16244],[117.06632,3.16028],[117.06572,3.15819],[117.06506,3.15596],[117.06449,3.15391],[117.06381,3.15155],[117.06317,3.1493],[117.0626,3.14723],[117.06198,3.14508],[117.06136,3.14295],[117.06063,3.14116],[117.05953,3.13853],[117.05868,3.13643],[117.05775,3.13415],[117.05682,3.13193],[117.05611,3.13014],[117.05544,3.12853],[117.0547,3.12674],[117.05383,3.12462],[117.0531,3.12277],[117.05224,3.12079],[117.05151,3.11904],[117.05078,3.11719],[117.0499,3.11513],[117.04905,3.113],[117.04836,3.11128],[117.04758,3.10939],[117.04679,3.10741],[117.04577,3.10555],[117.04463,3.10346],[117.04339,3.10115],[117.04236,3.0993],[117.04121,3.09716],[117.03998,3.09491],[117.03877,3.09269],[117.03754,3.0904],[117.03634,3.0882],[117.03523,3.08613],[117.03413,3.08411],[117.03297,3.08194],[117.0318,3.07983],[117.03068,3.07773],[117.02954,3.07566],[117.02845,3.07365],[117.02733,3.07161],[117.02641,3.06988],[117.02594,3.06905],[117.02587,3.06922],[117.01776,3.07549],[117.01763,3.07552],[117.00952,3.07706],[116.95875,3.07681],[116.95812,3.07721],[116.95706,3.07791],[116.956,3.07859],[116.95496,3.07926],[116.95389,3.07996],[116.95282,3.08065],[116.95179,3.08132],[116.95062,3.08209],[116.95024,3.08232],[116.94961,3.08267],[116.9484,3.08335],[116.94717,3.08403],[116.94594,3.08472],[116.9447,3.08539],[116.94347,3.08609],[116.94224,3.08677],[116.94099,3.08746],[116.93975,3.08814],[116.93852,3.08882],[116.9373,3.0895],[116.9361,3.09017],[116.93491,3.09083],[116.93368,3.09151],[116.93245,3.09219],[116.93123,3.09287],[116.93003,3.09354],[116.9288,3.09422],[116.92758,3.09489],[116.92638,3.09556],[116.92516,3.09624],[116.92393,3.09692],[116.92264,3.09762],[116.92136,3.09831],[116.92009,3.099],[116.91879,3.0997],[116.91751,3.1004],[116.91619,3.1011],[116.91497,3.10177],[116.91381,3.10239],[116.91267,3.10302],[116.91253,3.10309],[116.91148,3.10366],[116.91043,3.10422],[116.90939,3.10479],[116.90839,3.10533],[116.90743,3.10585],[116.90693,3.10612],[116.90654,3.1065],[116.9058,3.10722],[116.90507,3.10795],[116.90433,3.10866],[116.90361,3.10938],[116.9029,3.11007],[116.90219,3.11075],[116.90156,3.11137],[116.90087,3.11205],[116.90023,3.11268],[116.89959,3.11331],[116.89892,3.11396],[116.8982,3.11468],[116.89747,3.11538],[116.89684,3.11601],[116.89634,3.11648],[116.8958,3.11702],[116.89544,3.11738],[116.89513,3.11764],[116.8955,3.11855],[116.89553,3.11891],[116.89561,3.12053],[116.8957,3.12217],[116.89579,3.12383],[116.89589,3.12543],[116.89601,3.12694],[116.8965,3.12852],[116.89689,3.13016],[116.89757,3.13117],[116.89847,3.13282],[116.89934,3.1343],[116.90022,3.13582],[116.90101,3.13743],[116.90179,3.13903],[116.90253,3.14053],[116.90315,3.14191],[116.90386,3.14326],[116.90456,3.14465],[116.90526,3.14594],[116.90596,3.14725],[116.90629,3.14856],[116.90673,3.15007],[116.90715,3.15156],[116.90756,3.15309],[116.90801,3.15469],[116.90845,3.15625],[116.90885,3.15771],[116.90905,3.15846],[116.90907,3.15925],[116.9091,3.16088],[116.90912,3.1625],[116.90915,3.16419],[116.90918,3.16582],[116.90921,3.1675],[116.90924,3.16914],[116.90925,3.17075],[116.9093,3.17234],[116.9093,3.17324],[116.9095,3.17397],[116.90999,3.17566],[116.91048,3.17738],[116.91096,3.17904],[116.91141,3.18065],[116.91185,3.18224],[116.91235,3.18386],[116.91277,3.18548],[116.91309,3.18654],[116.91349,3.1871],[116.91459,3.18868],[116.91564,3.19018],[116.91673,3.1917],[116.91788,3.19335],[116.91952,3.19474],[116.92118,3.19616],[116.923,3.1977],[116.92473,3.19916],[116.92646,3.20065],[116.92818,3.20211],[116.92997,3.20347],[116.9318,3.20477],[116.93364,3.20609],[116.93555,3.20746],[116.93736,3.20877],[116.93925,3.21009],[116.94116,3.21143],[116.9431,3.21282],[116.94448,3.21379],[116.94536,3.21411],[116.94768,3.21497],[116.94998,3.21581],[116.95224,3.21666],[116.95455,3.21752],[116.9571,3.21852],[116.95823,3.21901],[116.96029,3.21955],[116.96238,3.22013],[116.96241,3.22013],[116.96316,3.21969],[116.96498,3.21864],[116.96676,3.21761],[116.96809,3.21684],[116.97044,3.21604],[116.9727,3.21526],[116.97511,3.21445],[116.97747,3.21365],[116.97907,3.21311],[116.97976,3.21257],[116.98141,3.21124],[116.98304,3.20993],[116.98463,3.20864],[116.98605,3.20751],[116.98738,3.20642],[116.98872,3.20536],[116.99003,3.20435],[116.99144,3.2032],[116.99302,3.20198],[116.99456,3.20071],[116.99644,3.20063],[116.99904,3.20052],[117.00006,3.20048],[117.00189,3.20057],[117.00428,3.20074],[117.00707,3.20089],[117.00981,3.20107],[117.01172,3.20119],[117.01265,3.20068],[117.01509,3.19934],[117.01758,3.19801],[117.02027,3.19653],[117.0229,3.1951],[117.02544,3.19371],[117.02797,3.19226],[117.03032,3.19094],[117.03268,3.18959],[117.03538,3.18807],[117.03759,3.18683],[117.03986,3.18555],[117.04181,3.18446],[117.04398,3.18322],[117.04613,3.18201],[117.04771,3.18112],[117.04958,3.18005],[117.05082,3.17965],[117.05226,3.17885],[117.0534,3.1782],[117.05531,3.17787],[117.05615,3.17773],[117.05818,3.17734],[117.0598,3.17748],[117.0622,3.17761],[117.06473,3.17777],[117.06532,3.17801],[117.06763,3.17888],[117.06973,3.17966],[117.07134,3.18029],[117.07209,3.18058],[117.07167,3.17894],[117.07106,3.17684],[117.07053,3.17495]]]]},"properties":{"kdprov":"65","kdkab":"02","kdkec":"090","kddesa":"003","kdsls":"2001","idsls":"65020900032001","nmprov":"KALIMANTAN UTARA","nmkab":"BULUNGAN","nmkec":"SEKATAK","nmdesa":"TERINDAK","nmsls":"HUTAN"}},{"type":"Feature","geometry":{"type":"MultiPolygon","coordinates":[[[[117.06271,3.29636],[117.06463,3.29484],[117.05777,3.28579],[117.05323,3.29088],[117.06271,3.29636]]]]},"properties":{"kdprov":"65","kdkab":"02","kdkec":"090","kddesa":"012","kdsls":"0004","idsls":"65020900120004","nmprov":"KALIMANTAN UTARA","nmkab":"BULUNGAN","nmkec":"SEKATAK","nmdesa":"PARU ABANG","nmsls":"RT 004"}}]}