{"type":"FeatureCollection","features":[{"type":"Feature","geometry":{"type":"MultiPolygon","coordinates":[[[[117.84143,3.46244],[117.84166,3.46223],[117.8426,3.46114],[117.84259,3.46108],[117.84257,3.4608],[117.84224,3.4603],[117.84124,3.46123],[117.83895,3.46329],[117.83863,3.46362],[117.83885,3.46388],[117.83928,3.46433],[117.83928,3.46433],[117.83974,3.46395],[117.8401,3.46348],[117.84119,3.46267],[117.84143,3.46244]]]]},"properties":{"kdprov":"65","kdkab":"02","kdkec":"100","kddesa":"001","kdsls":"0002","idsls":"65021000010002","nmprov":"KALIMANTAN UTARA","nmkab":"BULUNGAN","nmkec":"BUNYU","nmdesa":"BUNYU BARAT","nmsls":"RT 002"}},{"type":"Feature","geometry":{"type":"MultiPolygon","coordinates":[[[[117.83928,3.46433],[117.83928,3.46433],[117.83885,3.46388],[117.83863,3.46362],[117.83859,3.46366],[117.83795,3.4638],[117.83734,3.46341],[117.83678,3.4628],[117.83643,3.46239],[117.8364,3.46243],[117.83585,3.4631],[117.83574,3.46321],[117.8358,3.46333],[117.83597,3.46356],[117.83605,3.46371],[117.83605,3.46377],[117.836,3.46385],[117.83587,3.46404],[117.83581,3.46409],[117.83568,3.4642],[117.83542,3.46443],[117.8349,3.46486],[117.83443,3.46514],[117.83391,3.46555],[117.83349,3.46581],[117.83305,3.46604],[117.83276,3.4663],[117.83243,3.46666],[117.83228,3.46685],[117.83206,3.46721],[117.83181,3.4675],[117.83167,3.4678],[117.83136,3.46824],[117.83118,3.46847],[117.83105,3.46864],[117.83088,3.46888],[117.83061,3.46919],[117.83034,3.46943],[117.83031,3.46956],[117.83034,3.46966],[117.83029,3.46984],[117.83025,3.4699],[117.8313,3.47208],[117.83215,3.47419],[117.83231,3.47527],[117.83731,3.47166],[117.83967,3.46976],[117.84196,3.46807],[117.84198,3.46795],[117.84252,3.46724],[117.84276,3.46689],[117.84254,3.46653],[117.8422,3.46615],[117.84196,3.46571],[117.8419,3.46567],[117.84171,3.46558],[117.84147,3.46537],[117.84112,3.46519],[117.8409,3.46513],[117.84061,3.46508],[117.84029,3.46504],[117.84003,3.46499],[117.83977,3.46479],[117.83977,3.46479],[117.83977,3.46479],[117.83928,3.46433],[117.83928,3.46433]]]]},"properties":{"kdprov":"65","kdkab":"02","kdkec":"100","kddesa":"001","kdsls":"0001","idsls":"65021000010001","nmprov":"KALIMANTAN UTARA","nmkab":"BULUNGAN","nmkec":"BUNYU","nmdesa":"BUNYU BARAT","nmsls":"RT 001"}},{"type":"Feature","geometry":{"type":"MultiPolygon","coordinates":[[[[117.84358,3.45848],[117.84362,3.45848],[117.84368,3.45846],[117.84369,3.45846],[117.84373,3.45846],[117.84377,3.45847],[117.84394,3.45839],[117.84432,3.4582],[117.84451,3.45813],[117.84477,3.45808],[117.84494,3.45812],[117.84506,3.45814],[117.84524,3.45825],[117.84549,3.45841],[117.84575,3.45865],[117.84585,3.45874],[117.84588,3.45877],[117.84592,3.45881],[117.84657,3.45829],[117.84676,3.45814],[117.84802,3.45833],[117.84802,3.4583],[117.84795,3.45665],[117.84794,3.45664],[117.84798,3.45657],[117.84773,3.45523],[117.84703,3.45381],[117.84588,3.45407],[117.84525,3.45426],[117.84463,3.45445],[117.84379,3.45486],[117.84357,3.45493],[117.84316,3.45508],[117.84252,3.45535],[117.84234,3.45547],[117.84223,3.45565],[117.84207,3.45595],[117.84205,3.45596],[117.84202,3.45601],[117.84185,3.45624],[117.84153,3.45664],[117.84134,3.45705],[117.84129,3.45737],[117.8413,3.45757],[117.84134,3.45776],[117.84144,3.45786],[117.84145,3.45787],[117.84148,3.45788],[117.8417,3.45792],[117.84177,3.45794],[117.84186,3.45797],[117.84194,3.45801],[117.84215,3.45801],[117.84225,3.45793],[117.84247,3.45815],[117.84264,3.45832],[117.84262,3.45836],[117.8426,3.45838],[117.84304,3.45845],[117.84307,3.45835],[117.84312,3.45824],[117.84321,3.45816],[117.84338,3.45821],[117.84347,3.45827],[117.84354,3.45835],[117.84358,3.45848]]]]},"properties":{"kdprov":"65","kdkab":"02","kdkec":"100","kddesa":"002","kdsls":"0001","idsls":"65021000020001","nmprov":"KALIMANTAN UTARA","nmkab":"BULUNGAN","nmkec":"BUNYU","nmdesa":"BUNYU SELATAN","nmsls":"RT 001"}},{"type":"Feature","geometry":{"type":"MultiPolygon","coordinates":[[[[117.84603,3.45891],[117.84574,3.45911],[117.84546,3.45917],[117.84515,3.45915],[117.84503,3.45914],[117.84487,3.45923],[117.84481,3.45936],[117.84474,3.45951],[117.8446,3.45963],[117.84447,3.45971],[117.84455,3.45985],[117.84457,3.45993],[117.84473,3.46039],[117.84476,3.46079],[117.8448,3.46136],[117.84507,3.4616],[117.84559,3.46179],[117.8457,3.46182],[117.84571,3.46182],[117.8468,3.46164],[117.8478,3.46115],[117.84801,3.46096],[117.84799,3.46092],[117.84783,3.46061],[117.84777,3.46055],[117.84727,3.46007],[117.84681,3.45964],[117.84638,3.45923],[117.84603,3.45891]]]]},"properties":{"kdprov":"65","kdkab":"02","kdkec":"100","kddesa":"001","kdsls":"0008","idsls":"65021000010008","nmprov":"KALIMANTAN UTARA","nmkab":"BULUNGAN","nmkec":"BUNYU","nmdesa":"BUNYU BARAT","nmsls":"RT 008"}},{"type":"Feature","geometry":{"type":"MultiPolygon","coordinates":[[[[117.84143,3.46244],[117.84119,3.46267],[117.8401,3.46348],[117.83974,3.46395],[117.83928,3.46433],[117.83928,3.46433],[117.83977,3.46479],[117.83977,3.46479],[117.84027,3.46429],[117.84059,3.46406],[117.84085,3.46389],[117.84113,3.46392],[117.84144,3.46398],[117.84163,3.46392],[117.84195,3.46364],[117.84225,3.46328],[117.84143,3.46244]]]]},"properties":{"kdprov":"65","kdkab":"02","kdkec":"100","kddesa":"001","kdsls":"0005","idsls":"65021000010005","nmprov":"KALIMANTAN UTARA","nmkab":"BULUNGAN","nmkec":"BUNYU","nmdesa":"BUNYU BARAT","nmsls":"RT 005"}},{"type":"Feature","geometry":{"type":"MultiPolygon","coordinates":[[[[117.84224,3.4603],[117.84257,3.4608],[117.84259,3.46108],[117.8426,3.46114],[117.84166,3.46223],[117.84143,3.46244],[117.84225,3.46328],[117.84231,3.4632],[117.84314,3.46237],[117.84332,3.4621],[117.84343,3.46175],[117.84342,3.46171],[117.84394,3.46102],[117.84436,3.46038],[117.84457,3.45993],[117.84455,3.45985],[117.84447,3.45971],[117.84428,3.45938],[117.84411,3.45903],[117.84405,3.45871],[117.84394,3.45839],[117.84377,3.45847],[117.84373,3.45846],[117.84369,3.45846],[117.84368,3.45846],[117.84362,3.45848],[117.84358,3.45848],[117.84337,3.4587],[117.84316,3.45921],[117.84297,3.45961],[117.84228,3.46026],[117.84224,3.4603]]]]},"properties":{"kdprov":"65","kdkab":"02","kdkec":"100","kddesa":"001","kdsls":"0006","idsls":"65021000010006","nmprov":"KALIMANTAN UTARA","nmkab":"BULUNGAN","nmkec":"BUNYU","nmdesa":"BUNYU BARAT","nmsls":"RT 006"}},{"type":"Feature","geometry":{"type":"MultiPolygon","coordinates":[[[[117.8511,3.46851],[117.85142,3.46866],[117.85183,3.46873],[117.85222,3.46876],[117.85238,3.46879],[117.85273,3.46853],[117.85315,3.4683],[117.85333,3.46817],[117.85318,3.46796],[117.85316,3.46793],[117.85298,3.46766],[117.8529,3.4675],[117.85282,3.46736],[117.85262,3.46702],[117.85241,3.46665],[117.85219,3.46629],[117.85203,3.46597],[117.85203,3.46597],[117.85197,3.46586],[117.85186,3.46564],[117.85176,3.46554],[117.85148,3.46536],[117.85145,3.46534],[117.85125,3.46529],[117.85107,3.46525],[117.85106,3.4653],[117.85103,3.46544],[117.85102,3.46565],[117.85111,3.46573],[117.85112,3.46581],[117.85108,3.466],[117.85103,3.4662],[117.85098,3.46631],[117.85091,3.46638],[117.85076,3.46647],[117.85065,3.46656],[117.85052,3.46666],[117.85044,3.46678],[117.85036,3.46691],[117.85033,3.46705],[117.85034,3.46715],[117.85045,3.4672],[117.85075,3.46733],[117.85087,3.46737],[117.85086,3.4674],[117.85056,3.46765],[117.85056,3.46765],[117.85073,3.46794],[117.8509,3.46819],[117.85107,3.46849],[117.8511,3.46851]]]]},"properties":{"kdprov":"65","kdkab":"02","kdkec":"100","kddesa":"001","kdsls":"0014","idsls":"65021000010014","nmprov":"KALIMANTAN UTARA","nmkab":"BULUNGAN","nmkec":"BUNYU","nmdesa":"BUNYU BARAT","nmsls":"RT 014"}},{"type":"Feature","geometry":{"type":"MultiPolygon","coordinates":[[[[117.8486,3.46784],[117.84858,3.46784],[117.84817,3.4661],[117.84817,3.4661],[117.84816,3.4661],[117.84816,3.46612],[117.8479,3.46618],[117.84767,3.46626],[117.84666,3.46649],[117.84575,3.46681],[117.84532,3.46696],[117.84532,3.46696],[117.84532,3.46701],[117.84587,3.46808],[117.84743,3.4713],[117.84745,3.4713],[117.8484,3.47127],[117.84896,3.47087],[117.84926,3.47031],[117.8486,3.46784]]]]},"properties":{"kdprov":"65","kdkab":"02","kdkec":"100","kddesa":"001","kdsls":"0012","idsls":"65021000010012","nmprov":"KALIMANTAN UTARA","nmkab":"BULUNGAN","nmkec":"BUNYU","nmdesa":"BUNYU BARAT","nmsls":"RT 012"}},{"type":"Feature","geometry":{"type":"MultiPolygon","coordinates":[[[[117.84801,3.46096],[117.8478,3.46115],[117.8468,3.46164],[117.84571,3.46182],[117.8458,3.46189],[117.84596,3.46195],[117.84644,3.46209],[117.84672,3.46241],[117.84708,3.4626],[117.84741,3.46265],[117.84763,3.46278],[117.84782,3.46307],[117.84802,3.46348],[117.84817,3.46381],[117.84826,3.46401],[117.8486,3.46418],[117.84882,3.46425],[117.84898,3.46433],[117.84901,3.4645],[117.84896,3.46474],[117.84876,3.46487],[117.84861,3.4649],[117.84852,3.46488],[117.84835,3.4648],[117.84823,3.46479],[117.8481,3.46486],[117.84804,3.46503],[117.84813,3.46526],[117.84816,3.46579],[117.84815,3.46611],[117.84816,3.4661],[117.84817,3.4661],[117.84855,3.46572],[117.8489,3.46557],[117.84921,3.46543],[117.84946,3.46529],[117.84982,3.46517],[117.85017,3.46499],[117.85016,3.46499],[117.85,3.46473],[117.84982,3.46442],[117.84974,3.46428],[117.84964,3.46407],[117.84951,3.4638],[117.84942,3.46361],[117.84921,3.46334],[117.8489,3.46293],[117.84863,3.46258],[117.84856,3.46244],[117.84851,3.46233],[117.84845,3.46217],[117.84845,3.46217],[117.84845,3.46217],[117.84835,3.46193],[117.84829,3.46179],[117.84823,3.46162],[117.84819,3.46149],[117.84817,3.46144],[117.84803,3.46102],[117.84801,3.46096]]]]},"properties":{"kdprov":"65","kdkab":"02","kdkec":"100","kddesa":"001","kdsls":"0009","idsls":"65021000010009","nmprov":"KALIMANTAN UTARA","nmkab":"BULUNGAN","nmkec":"BUNYU","nmdesa":"BUNYU BARAT","nmsls":"RT 009"}},{"type":"Feature","geometry":{"type":"MultiPolygon","coordinates":[[[[117.8511,3.46851],[117.85107,3.46849],[117.8509,3.46819],[117.85073,3.46794],[117.85056,3.46765],[117.85056,3.46765],[117.85055,3.46765],[117.85052,3.46761],[117.8502,3.4674],[117.84972,3.46732],[117.84935,3.46735],[117.84904,3.46766],[117.8486,3.46784],[117.84926,3.47031],[117.84927,3.47033],[117.85119,3.47017],[117.85119,3.47017],[117.85112,3.46894],[117.8511,3.46851]]]]},"properties":{"kdprov":"65","kdkab":"02","kdkec":"100","kddesa":"001","kdsls":"0015","idsls":"65021000010015","nmprov":"KALIMANTAN UTARA","nmkab":"BULUNGAN","nmkec":"BUNYU","nmdesa":"BUNYU BARAT","nmsls":"RT 015"}},{"type":"Feature","geometry":{"type":"MultiPolygon","coordinates":[[[[117.85107,3.46525],[117.85125,3.46529],[117.85145,3.46534],[117.85148,3.46536],[117.85176,3.46554],[117.85186,3.46564],[117.85197,3.46586],[117.85203,3.46597],[117.85263,3.46546],[117.8532,3.46406],[117.85323,3.464],[117.85293,3.4622],[117.85165,3.46275],[117.84964,3.46407],[117.84974,3.46428],[117.84982,3.46442],[117.85,3.46473],[117.85016,3.46499],[117.85017,3.46499],[117.85017,3.465],[117.85033,3.46508],[117.85063,3.46515],[117.85107,3.46525]]]]},"properties":{"kdprov":"65","kdkab":"02","kdkec":"100","kddesa":"002","kdsls":"0005","idsls":"65021000020005","nmprov":"KALIMANTAN UTARA","nmkab":"BULUNGAN","nmkec":"BUNYU","nmdesa":"BUNYU SELATAN","nmsls":"RT 005"}},{"type":"Feature","geometry":{"type":"MultiPolygon","coordinates":[[[[117.84196,3.46571],[117.8422,3.46615],[117.84254,3.46653],[117.84276,3.46689],[117.84252,3.46724],[117.84198,3.46795],[117.84196,3.46807],[117.84191,3.4684],[117.84159,3.47107],[117.84154,3.47623],[117.8469,3.47629],[117.84693,3.47629],[117.84713,3.47435],[117.84744,3.47131],[117.84745,3.4713],[117.84743,3.4713],[117.84587,3.46808],[117.84532,3.46701],[117.84532,3.46696],[117.84523,3.46698],[117.84492,3.46693],[117.84477,3.46684],[117.84476,3.46682],[117.84475,3.46684],[117.84459,3.46677],[117.84426,3.46664],[117.84388,3.4665],[117.84363,3.46636],[117.84332,3.46609],[117.84323,3.46604],[117.84312,3.46602],[117.84293,3.46597],[117.84277,3.46589],[117.84258,3.46584],[117.84237,3.46585],[117.84218,3.46585],[117.84196,3.46571]]]]},"properties":{"kdprov":"65","kdkab":"02","kdkec":"100","kddesa":"001","kdsls":"0011","idsls":"65021000010011","nmprov":"KALIMANTAN UTARA","nmkab":"BULUNGAN","nmkec":"BUNYU","nmdesa":"BUNYU BARAT","nmsls":"RT 011"}},{"type":"Feature","geometry":{"type":"MultiPolygon","coordinates":[[[[117.85482,3.46964],[117.85425,3.46967],[117.85407,3.46976],[117.85339,3.4701],[117.85316,3.4702],[117.85259,3.47052],[117.85252,3.47056],[117.85308,3.47101],[117.85337,3.47124],[117.85364,3.47134],[117.85364,3.47133],[117.85398,3.47128],[117.85422,3.47147],[117.8543,3.47171],[117.85437,3.47215],[117.85448,3.47273],[117.85446,3.47337],[117.85452,3.47381],[117.85465,3.4742],[117.85489,3.47434],[117.85523,3.47431],[117.8554,3.47424],[117.8554,3.47401],[117.85541,3.47379],[117.85543,3.47308],[117.85549,3.47237],[117.85554,3.47172],[117.85559,3.47156],[117.85558,3.47142],[117.8556,3.47135],[117.85563,3.47098],[117.85564,3.47076],[117.85566,3.47053],[117.85568,3.47036],[117.85545,3.47026],[117.85525,3.47007],[117.85515,3.46998],[117.85482,3.46964]]]]},"properties":{"kdprov":"65","kdkab":"02","kdkec":"100","kddesa":"001","kdsls":"0018","idsls":"65021000010018","nmprov":"KALIMANTAN UTARA","nmkab":"BULUNGAN","nmkec":"BUNYU","nmdesa":"BUNYU BARAT","nmsls":"RT 018"}},{"type":"Feature","geometry":{"type":"MultiPolygon","coordinates":[[[[117.83863,3.46362],[117.83895,3.46329],[117.84124,3.46123],[117.84224,3.4603],[117.84228,3.46026],[117.84297,3.45961],[117.84316,3.45921],[117.84337,3.4587],[117.84358,3.45848],[117.84354,3.45835],[117.84347,3.45827],[117.84338,3.45821],[117.84321,3.45816],[117.84312,3.45824],[117.84307,3.45835],[117.84304,3.45845],[117.8426,3.45838],[117.84253,3.45845],[117.84238,3.45856],[117.84233,3.45868],[117.84231,3.45885],[117.84232,3.45896],[117.84236,3.459],[117.84244,3.45902],[117.84251,3.45901],[117.84268,3.45893],[117.84282,3.45891],[117.84291,3.45893],[117.84294,3.45899],[117.84294,3.45908],[117.84286,3.45932],[117.84276,3.45946],[117.84265,3.45954],[117.84245,3.45964],[117.84237,3.45966],[117.84228,3.45966],[117.84224,3.45963],[117.84211,3.45945],[117.84204,3.45943],[117.84192,3.45949],[117.8415,3.45972],[117.84126,3.4598],[117.84105,3.45987],[117.8405,3.46006],[117.84021,3.4602],[117.83992,3.46032],[117.83957,3.46055],[117.83923,3.46072],[117.83878,3.46085],[117.83844,3.46093],[117.83818,3.46103],[117.83785,3.46125],[117.83755,3.46146],[117.83747,3.46151],[117.83722,3.46174],[117.83716,3.4618],[117.83688,3.46207],[117.83654,3.46227],[117.83644,3.46239],[117.83643,3.46239],[117.83678,3.4628],[117.83734,3.46341],[117.83795,3.4638],[117.83859,3.46366],[117.83863,3.46362]]]]},"properties":{"kdprov":"65","kdkab":"02","kdkec":"100","kddesa":"001","kdsls":"0003","idsls":"65021000010003","nmprov":"KALIMANTAN UTARA","nmkab":"BULUNGAN","nmkec":"BUNYU","nmdesa":"BUNYU BARAT","nmsls":"RT 003"}},{"type":"Feature","geometry":{"type":"MultiPolygon","coordinates":[[[[117.83977,3.46479],[117.83977,3.46479],[117.84003,3.46499],[117.84029,3.46504],[117.84061,3.46508],[117.8409,3.46513],[117.84112,3.46519],[117.84147,3.46537],[117.84171,3.46558],[117.8419,3.46567],[117.84196,3.46571],[117.84218,3.46585],[117.84237,3.46585],[117.84258,3.46584],[117.84277,3.46589],[117.84293,3.46597],[117.84312,3.46602],[117.84323,3.46604],[117.84332,3.46609],[117.84363,3.46636],[117.84388,3.4665],[117.84426,3.46664],[117.84459,3.46677],[117.84475,3.46684],[117.84476,3.46682],[117.84507,3.46595],[117.84518,3.4654],[117.84552,3.46453],[117.84558,3.46415],[117.84561,3.46339],[117.84558,3.46252],[117.84556,3.46209],[117.84559,3.46179],[117.84507,3.4616],[117.8448,3.46136],[117.84476,3.46079],[117.84473,3.46039],[117.84457,3.45993],[117.84436,3.46038],[117.84394,3.46102],[117.84342,3.46171],[117.84343,3.46175],[117.84332,3.4621],[117.84314,3.46237],[117.84231,3.4632],[117.84225,3.46328],[117.84195,3.46364],[117.84163,3.46392],[117.84144,3.46398],[117.84113,3.46392],[117.84085,3.46389],[117.84059,3.46406],[117.84027,3.46429],[117.83977,3.46479]]]]},"properties":{"kdprov":"65","kdkab":"02","kdkec":"100","kddesa":"001","kdsls":"0004","idsls":"65021000010004","nmprov":"KALIMANTAN UTARA","nmkab":"BULUNGAN","nmkec":"BUNYU","nmdesa":"BUNYU BARAT","nmsls":"RT 004"}},{"type":"Feature","geometry":{"type":"MultiPolygon","coordinates":[[[[117.84571,3.46182],[117.8457,3.46182],[117.84559,3.46179],[117.84556,3.46209],[117.84558,3.46252],[117.84561,3.46339],[117.84558,3.46415],[117.84552,3.46453],[117.84518,3.4654],[117.84507,3.46595],[117.84476,3.46682],[117.84477,3.46684],[117.84492,3.46693],[117.84523,3.46698],[117.84532,3.46696],[117.84532,3.46696],[117.84575,3.46681],[117.84666,3.46649],[117.84767,3.46626],[117.8479,3.46618],[117.84816,3.46612],[117.84816,3.4661],[117.84815,3.46611],[117.84816,3.46579],[117.84813,3.46526],[117.84804,3.46503],[117.8481,3.46486],[117.84823,3.46479],[117.84835,3.4648],[117.84852,3.46488],[117.84861,3.4649],[117.84876,3.46487],[117.84896,3.46474],[117.84901,3.4645],[117.84898,3.46433],[117.84882,3.46425],[117.8486,3.46418],[117.84826,3.46401],[117.84817,3.46381],[117.84802,3.46348],[117.84782,3.46307],[117.84763,3.46278],[117.84741,3.46265],[117.84708,3.4626],[117.84672,3.46241],[117.84644,3.46209],[117.84596,3.46195],[117.8458,3.46189],[117.84571,3.46182]]]]},"properties":{"kdprov":"65","kdkab":"02","kdkec":"100","kddesa":"001","kdsls":"0010","idsls":"65021000010010","nmprov":"KALIMANTAN UTARA","nmkab":"BULUNGAN","nmkec":"BUNYU","nmdesa":"BUNYU BARAT","nmsls":"RT 010"}},{"type":"Feature","geometry":{"type":"MultiPolygon","coordinates":[[[[117.85056,3.46765],[117.85086,3.4674],[117.85087,3.46737],[117.85075,3.46733],[117.85045,3.4672],[117.85034,3.46715],[117.85033,3.46705],[117.85036,3.46691],[117.85044,3.46678],[117.85052,3.46666],[117.85065,3.46656],[117.85076,3.46647],[117.85091,3.46638],[117.85098,3.46631],[117.85103,3.4662],[117.85108,3.466],[117.85112,3.46581],[117.85111,3.46573],[117.85102,3.46565],[117.85103,3.46544],[117.85106,3.4653],[117.85107,3.46525],[117.85063,3.46515],[117.85033,3.46508],[117.85017,3.465],[117.85017,3.46499],[117.84982,3.46517],[117.84946,3.46529],[117.84921,3.46543],[117.8489,3.46557],[117.84855,3.46572],[117.84817,3.4661],[117.84817,3.4661],[117.84858,3.46784],[117.8486,3.46784],[117.84904,3.46766],[117.84935,3.46735],[117.84972,3.46732],[117.8502,3.4674],[117.85052,3.46761],[117.85055,3.46765],[117.85056,3.46765]]]]},"properties":{"kdprov":"65","kdkab":"02","kdkec":"100","kddesa":"001","kdsls":"0013","idsls":"65021000010013","nmprov":"KALIMANTAN UTARA","nmkab":"BULUNGAN","nmkec":"BUNYU","nmdesa":"BUNYU BARAT","nmsls":"RT 013"}},{"type":"Feature","geometry":{"type":"MultiPolygon","coordinates":[[[[117.84926,3.47031],[117.84896,3.47087],[117.8484,3.47127],[117.84745,3.4713],[117.84744,3.47131],[117.84713,3.47435],[117.84713,3.47435],[117.85212,3.47336],[117.85285,3.47242],[117.85261,3.47255],[117.85258,3.47254],[117.85215,3.47244],[117.85183,3.47231],[117.85129,3.47213],[117.85251,3.47058],[117.85251,3.47057],[117.85249,3.47058],[117.85196,3.47041],[117.85152,3.47024],[117.85119,3.47017],[117.84927,3.47033],[117.84926,3.47031]]]]},"properties":{"kdprov":"65","kdkab":"02","kdkec":"100","kddesa":"001","kdsls":"0017","idsls":"65021000010017","nmprov":"KALIMANTAN UTARA","nmkab":"BULUNGAN","nmkec":"BUNYU","nmdesa":"BUNYU BARAT","nmsls":"RT 017"}},{"type":"Feature","geometry":{"type":"MultiPolygon","coordinates":[[[[117.85364,3.47134],[117.85337,3.47124],[117.85308,3.47101],[117.85252,3.47056],[117.85251,3.47057],[117.85251,3.47058],[117.85129,3.47213],[117.85183,3.47231],[117.85215,3.47244],[117.85258,3.47254],[117.85261,3.47255],[117.85285,3.47242],[117.85285,3.47241],[117.85307,3.47209],[117.85348,3.47152],[117.85364,3.47134]]]]},"properties":{"kdprov":"65","kdkab":"02","kdkec":"100","kddesa":"001","kdsls":"0019","idsls":"65021000010019","nmprov":"KALIMANTAN UTARA","nmkab":"BULUNGAN","nmkec":"BUNYU","nmdesa":"BUNYU BARAT","nmsls":"RT 019"}},{"type":"Feature","geometry":{"type":"MultiPolygon","coordinates":[[[[117.86385,3.46713],[117.86446,3.46841],[117.86506,3.46951],[117.8655,3.4703],[117.86613,3.47113],[117.86728,3.47237],[117.86782,3.47185],[117.86782,3.47184],[117.86782,3.47056],[117.86753,3.47054],[117.86743,3.47036],[117.86745,3.46998],[117.86728,3.46995],[117.86717,3.46989],[117.86694,3.46979],[117.86656,3.46956],[117.86621,3.46911],[117.86605,3.46888],[117.86561,3.46825],[117.86543,3.46758],[117.86543,3.46756],[117.86521,3.46742],[117.86483,3.46728],[117.86456,3.46711],[117.86438,3.46703],[117.86407,3.46698],[117.86385,3.46713]]]]},"properties":{"kdprov":"65","kdkab":"02","kdkec":"100","kddesa":"003","kdsls":"0002","idsls":"65021000030002","nmprov":"KALIMANTAN UTARA","nmkab":"BULUNGAN","nmkec":"BUNYU","nmdesa":"BUNYU TIMUR","nmsls":"RT 003"}},{"type":"Feature","geometry":{"type":"MultiPolygon","coordinates":[[[[117.84713,3.47435],[117.84693,3.47629],[117.8469,3.47629],[117.84729,3.47688],[117.8477,3.47739],[117.84817,3.47845],[117.84801,3.47897],[117.84757,3.47932],[117.84719,3.47969],[117.84721,3.48019],[117.84736,3.48052],[117.84737,3.48052],[117.85525,3.47537],[117.85543,3.47494],[117.85542,3.47457],[117.8554,3.47434],[117.8554,3.47433],[117.8554,3.47424],[117.85523,3.47431],[117.85489,3.47434],[117.85465,3.4742],[117.85452,3.47381],[117.85446,3.47337],[117.85448,3.47273],[117.85437,3.47215],[117.8543,3.47171],[117.85422,3.47147],[117.85398,3.47128],[117.85364,3.47133],[117.85364,3.47134],[117.85348,3.47152],[117.85307,3.47209],[117.85285,3.47241],[117.85285,3.47242],[117.85212,3.47336],[117.84713,3.47435],[117.84713,3.47435]]]]},"properties":{"kdprov":"65","kdkab":"02","kdkec":"100","kddesa":"001","kdsls":"0020","idsls":"65021000010020","nmprov":"KALIMANTAN UTARA","nmkab":"BULUNGAN","nmkec":"BUNYU","nmdesa":"BUNYU BARAT","nmsls":"RT 020"}},{"type":"Feature","geometry":{"type":"MultiPolygon","coordinates":[[[[117.85372,3.48641],[117.85339,3.48631],[117.85319,3.48606],[117.853,3.48551],[117.85275,3.48507],[117.8522,3.48474],[117.85155,3.48443],[117.851,3.48406],[117.85029,3.48344],[117.85008,3.48311],[117.84996,3.48281],[117.84986,3.48258],[117.84961,3.48237],[117.84937,3.48221],[117.84917,3.48202],[117.84902,3.48169],[117.84875,3.4813],[117.84818,3.48082],[117.84784,3.48067],[117.84765,3.48065],[117.84504,3.4821],[117.84549,3.48416],[117.8465,3.48709],[117.84712,3.48964],[117.84721,3.48961],[117.84742,3.48982],[117.84782,3.49032],[117.84838,3.4908],[117.84872,3.49137],[117.84861,3.49177],[117.84871,3.49197],[117.84965,3.49197],[117.85082,3.49197],[117.85135,3.4926],[117.85135,3.4926],[117.85196,3.49331],[117.85258,3.49299],[117.85292,3.49283],[117.85321,3.49263],[117.85343,3.49232],[117.85344,3.49231],[117.85349,3.49224],[117.85371,3.49194],[117.85381,3.49149],[117.85384,3.49137],[117.85385,3.49135],[117.85386,3.49128],[117.85385,3.49093],[117.85384,3.49029],[117.85384,3.49014],[117.85385,3.48993],[117.85385,3.48978],[117.85382,3.48942],[117.85375,3.48874],[117.85374,3.48801],[117.85375,3.48722],[117.85372,3.48646],[117.85372,3.48641]]]]},"properties":{"kdprov":"65","kdkab":"02","kdkec":"100","kddesa":"001","kdsls":"5001","idsls":"65021000015001","nmprov":"KALIMANTAN UTARA","nmkab":"BULUNGAN","nmkec":"BUNYU","nmdesa":"BUNYU BARAT","nmsls":"LOKASI PERUSAHAAN PERTAMINA"}},{"type":"Feature","geometry":{"type":"MultiPolygon","coordinates":[[[[117.84861,3.49177],[117.84872,3.49137],[117.84838,3.4908],[117.84782,3.49032],[117.84742,3.48982],[117.84721,3.48961],[117.84712,3.48964],[117.84016,3.49176],[117.84013,3.49204],[117.84014,3.49227],[117.84016,3.49256],[117.84011,3.49286],[117.84,3.49333],[117.84009,3.49371],[117.83999,3.49404],[117.83976,3.49455],[117.83988,3.49495],[117.83944,3.4953],[117.83892,3.496],[117.83826,3.49726],[117.83887,3.4976],[117.83889,3.49755],[117.8389,3.49751],[117.84035,3.49793],[117.84029,3.497],[117.84031,3.49653],[117.84047,3.4962],[117.84076,3.49579],[117.84106,3.49529],[117.84134,3.49471],[117.84139,3.49393],[117.84155,3.4935],[117.84221,3.49317],[117.84279,3.49287],[117.84322,3.49283],[117.8434,3.49281],[117.8434,3.49281],[117.84374,3.49275],[117.84423,3.49237],[117.84455,3.4918],[117.84495,3.4917],[117.84543,3.49166],[117.84582,3.49174],[117.84596,3.49177],[117.84629,3.49178],[117.84681,3.4915],[117.84742,3.4912],[117.84813,3.49107],[117.84828,3.4911],[117.84852,3.4916],[117.84861,3.49177]]]]},"properties":{"kdprov":"65","kdkab":"02","kdkec":"100","kddesa":"001","kdsls":"0022","idsls":"65021000010022","nmprov":"KALIMANTAN UTARA","nmkab":"BULUNGAN","nmkec":"BUNYU","nmdesa":"BUNYU BARAT","nmsls":"RT 022"}},{"type":"Feature","geometry":{"type":"MultiPolygon","coordinates":[[[[117.83887,3.4976],[117.83826,3.49726],[117.83892,3.496],[117.83944,3.4953],[117.83988,3.49495],[117.83976,3.49455],[117.83999,3.49404],[117.84009,3.49371],[117.84,3.49333],[117.84011,3.49286],[117.84016,3.49256],[117.84014,3.49227],[117.83825,3.49171],[117.83399,3.49334],[117.83079,3.49092],[117.82681,3.49096],[117.8218,3.49351],[117.81984,3.49469],[117.82075,3.499],[117.82109,3.499],[117.82152,3.49943],[117.82202,3.49993],[117.82272,3.49993],[117.82366,3.49993],[117.82392,3.49993],[117.82437,3.49993],[117.82512,3.49982],[117.826,3.49969],[117.826,3.49913],[117.826,3.49843],[117.826,3.49831],[117.826,3.49755],[117.826,3.49711],[117.82717,3.49712],[117.82764,3.49736],[117.82779,3.49794],[117.82799,3.49876],[117.82811,3.49924],[117.82905,3.49923],[117.82904,3.50002],[117.82904,3.50064],[117.82896,3.50125],[117.82886,3.50193],[117.82881,3.50228],[117.82942,3.50278],[117.83022,3.50344],[117.83103,3.50338],[117.83138,3.50336],[117.83249,3.50327],[117.83325,3.50321],[117.83363,3.5032],[117.83453,3.5032],[117.83553,3.50321],[117.8363,3.50321],[117.83651,3.503],[117.83675,3.50276],[117.83724,3.50227],[117.83734,3.50192],[117.8375,3.50133],[117.83773,3.50056],[117.83795,3.49977],[117.83817,3.49902],[117.83818,3.49899],[117.83852,3.4983],[117.83884,3.49766],[117.83887,3.4976]]]]},"properties":{"kdprov":"65","kdkab":"02","kdkec":"100","kddesa":"001","kdsls":"5002","idsls":"65021000015002","nmprov":"KALIMANTAN UTARA","nmkab":"BULUNGAN","nmkec":"BUNYU","nmdesa":"BUNYU BARAT","nmsls":"LOKASI PERUSAHAAN BATU BARA"}},{"type":"Feature","geometry":{"type":"MultiPolygon","coordinates":[[[[117.84592,3.45881],[117.84588,3.45877],[117.84585,3.45874],[117.84575,3.45865],[117.84549,3.45841],[117.84524,3.45825],[117.84506,3.45814],[117.84494,3.45812],[117.84477,3.45808],[117.84451,3.45813],[117.84432,3.4582],[117.84394,3.45839],[117.84405,3.45871],[117.84411,3.45903],[117.84428,3.45938],[117.84447,3.45971],[117.8446,3.45963],[117.84474,3.45951],[117.84481,3.45936],[117.84487,3.45923],[117.84503,3.45914],[117.84515,3.45915],[117.84546,3.45917],[117.84574,3.45911],[117.84603,3.45891],[117.84592,3.45881]]]]},"properties":{"kdprov":"65","kdkab":"02","kdkec":"100","kddesa":"001","kdsls":"0007","idsls":"65021000010007","nmprov":"KALIMANTAN UTARA","nmkab":"BULUNGAN","nmkec":"BUNYU","nmdesa":"BUNYU BARAT","nmsls":"RT 007"}},{"type":"Feature","geometry":{"type":"MultiPolygon","coordinates":[[[[117.86728,3.47237],[117.86613,3.47113],[117.8655,3.4703],[117.86506,3.46951],[117.86446,3.46841],[117.86385,3.46713],[117.86384,3.46713],[117.86381,3.46715],[117.86375,3.46699],[117.86374,3.46697],[117.86364,3.46673],[117.86351,3.4667],[117.86339,3.46672],[117.86323,3.46675],[117.86308,3.46681],[117.86295,3.46685],[117.86279,3.46692],[117.86263,3.46702],[117.86257,3.46715],[117.86243,3.46743],[117.86234,3.46763],[117.86227,3.46769],[117.8624,3.46796],[117.86209,3.46901],[117.8621,3.46986],[117.86222,3.46996],[117.86259,3.47005],[117.86269,3.47037],[117.86271,3.47041],[117.86333,3.47056],[117.86358,3.47056],[117.86448,3.47178],[117.86492,3.47224],[117.86587,3.47296],[117.8662,3.47317],[117.86662,3.47361],[117.8672,3.47385],[117.86773,3.47379],[117.86751,3.47319],[117.86756,3.47298],[117.86728,3.47237],[117.86728,3.47237]]]]},"properties":{"kdprov":"65","kdkab":"02","kdkec":"100","kddesa":"003","kdsls":"0003","idsls":"65021000030003","nmprov":"KALIMANTAN UTARA","nmkab":"BULUNGAN","nmkec":"BUNYU","nmdesa":"BUNYU TIMUR","nmsls":"RT 004"}},{"type":"Feature","geometry":{"type":"MultiPolygon","coordinates":[[[[117.86518,3.44922],[117.8632,3.45738],[117.85989,3.45811],[117.85995,3.45847],[117.86067,3.45975],[117.86214,3.46161],[117.86311,3.46312],[117.86414,3.4631],[117.86444,3.46311],[117.86531,3.46314],[117.87178,3.45933],[117.87116,3.45783],[117.87065,3.45664],[117.87047,3.45586],[117.87053,3.45557],[117.87064,3.45546],[117.87063,3.45537],[117.8706,3.45524],[117.87055,3.45513],[117.87035,3.45508],[117.8701,3.45495],[117.86995,3.4547],[117.86977,3.45443],[117.86952,3.45394],[117.86932,3.45351],[117.86913,3.45316],[117.86878,3.45255],[117.86858,3.45222],[117.86833,3.45191],[117.86809,3.45166],[117.8677,3.45116],[117.86752,3.45095],[117.86724,3.45053],[117.86713,3.45021],[117.86709,3.45007],[117.86698,3.45001],[117.86685,3.44989],[117.86672,3.44982],[117.86651,3.44973],[117.86628,3.44968],[117.86618,3.44965],[117.86597,3.44954],[117.86578,3.44944],[117.86563,3.44938],[117.86548,3.44932],[117.86527,3.44927],[117.86518,3.44922]]]]},"properties":{"kdprov":"65","kdkab":"02","kdkec":"100","kddesa":"002","kdsls":"0010","idsls":"65021000020010","nmprov":"KALIMANTAN UTARA","nmkab":"BULUNGAN","nmkec":"BUNYU","nmdesa":"BUNYU SELATAN","nmsls":"RT 010"}},{"type":"Feature","geometry":{"type":"MultiPolygon","coordinates":[[[[117.86385,3.46713],[117.86407,3.46698],[117.86438,3.46703],[117.86456,3.46711],[117.86483,3.46728],[117.86521,3.46742],[117.86543,3.46756],[117.86543,3.46758],[117.86561,3.46825],[117.86605,3.46888],[117.86621,3.46911],[117.86656,3.46956],[117.86694,3.46979],[117.86717,3.46989],[117.86728,3.46995],[117.86745,3.46998],[117.86743,3.47036],[117.86753,3.47054],[117.86782,3.47056],[117.86831,3.47059],[117.86907,3.47061],[117.86918,3.47061],[117.86948,3.4706],[117.87036,3.4706],[117.87128,3.47061],[117.87178,3.4706],[117.87245,3.47073],[117.87264,3.47076],[117.87296,3.4709],[117.87305,3.47094],[117.87339,3.47111],[117.8734,3.47111],[117.87363,3.47122],[117.87389,3.47135],[117.87398,3.47136],[117.87407,3.47078],[117.87406,3.47024],[117.87404,3.46983],[117.87398,3.46882],[117.87389,3.46745],[117.87388,3.46734],[117.87382,3.46714],[117.87366,3.46674],[117.87351,3.46603],[117.87339,3.46538],[117.87324,3.46468],[117.87315,3.46425],[117.87309,3.4639],[117.87302,3.46365],[117.87292,3.4634],[117.87281,3.46297],[117.87272,3.46242],[117.87235,3.46255],[117.86997,3.46326],[117.8685,3.46367],[117.86725,3.46411],[117.86679,3.46439],[117.86544,3.46462],[117.86412,3.46499],[117.86386,3.46483],[117.86379,3.46478],[117.86371,3.46494],[117.86362,3.46519],[117.86353,3.4655],[117.86346,3.46582],[117.86342,3.46609],[117.86339,3.4663],[117.86338,3.46651],[117.86339,3.46672],[117.86351,3.4667],[117.86364,3.46673],[117.86374,3.46697],[117.86375,3.46699],[117.86381,3.46715],[117.86384,3.46713],[117.86385,3.46713]]]]},"properties":{"kdprov":"65","kdkab":"02","kdkec":"100","kddesa":"002","kdsls":"0013","idsls":"65021000020013","nmprov":"KALIMANTAN UTARA","nmkab":"BULUNGAN","nmkec":"BUNYU","nmdesa":"BUNYU SELATAN","nmsls":"RT 013"}},{"type":"Feature","geometry":{"type":"MultiPolygon","coordinates":[[[[117.85763,3.45827],[117.8576,3.45827],[117.85726,3.45742],[117.85669,3.45578],[117.85499,3.45257],[117.85423,3.45276],[117.8532,3.45295],[117.85205,3.45304],[117.85152,3.45315],[117.85138,3.45317],[117.85132,3.45318],[117.85061,3.45326],[117.85172,3.45611],[117.85246,3.45586],[117.85251,3.45597],[117.85309,3.4583],[117.85366,3.45828],[117.85424,3.45844],[117.85524,3.45839],[117.85763,3.45828],[117.85763,3.45827]]]]},"properties":{"kdprov":"65","kdkab":"02","kdkec":"100","kddesa":"002","kdsls":"0003","idsls":"65021000020003","nmprov":"KALIMANTAN UTARA","nmkab":"BULUNGAN","nmkec":"BUNYU","nmdesa":"BUNYU SELATAN","nmsls":"RT 003"}},{"type":"Feature","geometry":{"type":"MultiPolygon","coordinates":[[[[117.85617,3.4671],[117.85569,3.46627],[117.85563,3.46606],[117.85558,3.46589],[117.85524,3.46573],[117.85496,3.46531],[117.85452,3.46466],[117.85431,3.46448],[117.854,3.46401],[117.85343,3.46413],[117.85322,3.46409],[117.85458,3.46739],[117.85481,3.46795],[117.8557,3.46809],[117.8557,3.46792],[117.8558,3.46768],[117.85614,3.46716],[117.85617,3.4671]]]]},"properties":{"kdprov":"65","kdkab":"02","kdkec":"100","kddesa":"002","kdsls":"0007","idsls":"65021000020007","nmprov":"KALIMANTAN UTARA","nmkab":"BULUNGAN","nmkec":"BUNYU","nmdesa":"BUNYU SELATAN","nmsls":"RT 007"}},{"type":"Feature","geometry":{"type":"MultiPolygon","coordinates":[[[[117.85333,3.46817],[117.85315,3.4683],[117.85273,3.46853],[117.85238,3.46879],[117.85222,3.46876],[117.85183,3.46873],[117.85142,3.46866],[117.8511,3.46851],[117.85112,3.46894],[117.85119,3.47017],[117.85119,3.47017],[117.85152,3.47024],[117.85196,3.47041],[117.85249,3.47058],[117.85251,3.47057],[117.85252,3.47056],[117.85259,3.47052],[117.85316,3.4702],[117.85339,3.4701],[117.85407,3.46976],[117.85425,3.46967],[117.85482,3.46964],[117.85482,3.46964],[117.85445,3.46927],[117.85406,3.46888],[117.85402,3.46884],[117.85366,3.4685],[117.85334,3.46818],[117.85333,3.46817]]]]},"properties":{"kdprov":"65","kdkab":"02","kdkec":"100","kddesa":"001","kdsls":"0016","idsls":"65021000010016","nmprov":"KALIMANTAN UTARA","nmkab":"BULUNGAN","nmkec":"BUNYU","nmdesa":"BUNYU BARAT","nmsls":"RT 016"}},{"type":"Feature","geometry":{"type":"MultiPolygon","coordinates":[[[[117.84819,3.46149],[117.84823,3.46162],[117.84829,3.46179],[117.84835,3.46193],[117.84845,3.46217],[117.84845,3.46217],[117.84845,3.46217],[117.84851,3.46233],[117.84856,3.46244],[117.84863,3.46258],[117.8489,3.46293],[117.84921,3.46334],[117.84942,3.46361],[117.84951,3.4638],[117.84964,3.46407],[117.85165,3.46275],[117.85293,3.4622],[117.85278,3.46128],[117.85278,3.46128],[117.85278,3.46128],[117.84993,3.46098],[117.8482,3.46149],[117.84819,3.46149]]]]},"properties":{"kdprov":"65","kdkab":"02","kdkec":"100","kddesa":"002","kdsls":"0004","idsls":"65021000020004","nmprov":"KALIMANTAN UTARA","nmkab":"BULUNGAN","nmkec":"BUNYU","nmdesa":"BUNYU SELATAN","nmsls":"RT 004"}},{"type":"Feature","geometry":{"type":"MultiPolygon","coordinates":[[[[117.85203,3.46597],[117.85203,3.46597],[117.85219,3.46629],[117.85241,3.46665],[117.85262,3.46702],[117.85282,3.46736],[117.8529,3.4675],[117.85298,3.46766],[117.85316,3.46793],[117.85318,3.46796],[117.85333,3.46817],[117.85334,3.46818],[117.85366,3.4685],[117.85402,3.46884],[117.85406,3.46888],[117.85445,3.46927],[117.85482,3.46964],[117.85482,3.46964],[117.85515,3.46998],[117.85525,3.47007],[117.85545,3.47026],[117.85568,3.47036],[117.85569,3.47024],[117.85572,3.47],[117.85577,3.46928],[117.85577,3.46928],[117.85578,3.46913],[117.85579,3.46901],[117.85572,3.46857],[117.8557,3.46822],[117.8557,3.46809],[117.85481,3.46795],[117.85458,3.46739],[117.85322,3.46409],[117.8532,3.46406],[117.8532,3.46406],[117.85263,3.46546],[117.85203,3.46597]]]]},"properties":{"kdprov":"65","kdkab":"02","kdkec":"100","kddesa":"002","kdsls":"0006","idsls":"65021000020006","nmprov":"KALIMANTAN UTARA","nmkab":"BULUNGAN","nmkec":"BUNYU","nmdesa":"BUNYU SELATAN","nmsls":"RT 006"}},{"type":"Feature","geometry":{"type":"MultiPolygon","coordinates":[[[[117.85293,3.4622],[117.85323,3.464],[117.8532,3.46406],[117.8532,3.46406],[117.85322,3.46409],[117.85343,3.46413],[117.854,3.46401],[117.85431,3.46448],[117.85452,3.46466],[117.85496,3.46531],[117.85524,3.46573],[117.85558,3.46589],[117.85563,3.46606],[117.85636,3.46566],[117.85689,3.46555],[117.85811,3.46481],[117.85721,3.46289],[117.85716,3.46229],[117.85686,3.46146],[117.85665,3.46057],[117.85685,3.45956],[117.85592,3.45878],[117.85524,3.45839],[117.85424,3.45844],[117.85366,3.45828],[117.85309,3.4583],[117.85308,3.4583],[117.85279,3.46127],[117.85279,3.46128],[117.85278,3.46128],[117.85278,3.46128],[117.85278,3.46128],[117.85293,3.4622]]]]},"properties":{"kdprov":"65","kdkab":"02","kdkec":"100","kddesa":"002","kdsls":"0009","idsls":"65021000020009","nmprov":"KALIMANTAN UTARA","nmkab":"BULUNGAN","nmkec":"BUNYU","nmdesa":"BUNYU SELATAN","nmsls":"RT 009"}},{"type":"Feature","geometry":{"type":"MultiPolygon","coordinates":[[[[117.85879,3.50155],[117.859,3.50109],[117.85958,3.5],[117.85974,3.4997],[117.85985,3.49945],[117.85996,3.49922],[117.85997,3.49919],[117.86006,3.499],[117.86047,3.49811],[117.86067,3.49777],[117.86091,3.4976],[117.86107,3.49751],[117.86141,3.49753],[117.86147,3.4975],[117.86167,3.49743],[117.8618,3.49736],[117.862,3.49717],[117.86201,3.49716],[117.86236,3.49669],[117.86271,3.49609],[117.86302,3.49577],[117.86326,3.49592],[117.8633,3.49597],[117.86339,3.49599],[117.86352,3.49598],[117.86356,3.49593],[117.86358,3.49583],[117.86356,3.49568],[117.86349,3.49555],[117.86349,3.49534],[117.86356,3.49504],[117.86363,3.49428],[117.86371,3.49385],[117.8639,3.49275],[117.86404,3.49201],[117.86407,3.49186],[117.86419,3.4912],[117.86316,3.49128],[117.86278,3.49127],[117.86117,3.49084],[117.85966,3.49065],[117.85884,3.49089],[117.85817,3.49108],[117.85697,3.49134],[117.85481,3.49168],[117.85604,3.4926],[117.85739,3.4934],[117.85782,3.49475],[117.85957,3.4966],[117.85957,3.49661],[117.85915,3.49916],[117.85879,3.50155]]]]},"properties":{"kdprov":"65","kdkab":"02","kdkec":"100","kddesa":"003","kdsls":"0014","idsls":"65021000030014","nmprov":"KALIMANTAN UTARA","nmkab":"BULUNGAN","nmkec":"BUNYU","nmdesa":"BUNYU TIMUR","nmsls":"RT 016"}},{"type":"Feature","geometry":{"type":"MultiPolygon","coordinates":[[[[117.85384,3.49137],[117.85381,3.49149],[117.85371,3.49194],[117.85349,3.49224],[117.85344,3.49231],[117.85343,3.49232],[117.85355,3.49281],[117.85337,3.49406],[117.85363,3.49483],[117.85437,3.49591],[117.85431,3.497],[117.85431,3.49705],[117.85595,3.49737],[117.85815,3.4973],[117.85957,3.49661],[117.85957,3.4966],[117.85782,3.49475],[117.85739,3.4934],[117.85604,3.4926],[117.85481,3.49168],[117.85468,3.4917],[117.85384,3.49137]]]]},"properties":{"kdprov":"65","kdkab":"02","kdkec":"100","kddesa":"003","kdsls":"0013","idsls":"65021000030013","nmprov":"KALIMANTAN UTARA","nmkab":"BULUNGAN","nmkec":"BUNYU","nmdesa":"BUNYU TIMUR","nmsls":"RT 015"}},{"type":"Feature","geometry":{"type":"MultiPolygon","coordinates":[[[[117.85563,3.46606],[117.85569,3.46627],[117.85617,3.4671],[117.85619,3.46705],[117.85624,3.46696],[117.85631,3.46689],[117.85637,3.46683],[117.85665,3.46666],[117.85691,3.46666],[117.85737,3.46677],[117.85797,3.46694],[117.85838,3.46706],[117.85844,3.46708],[117.85846,3.46708],[117.85855,3.46671],[117.85847,3.46623],[117.85844,3.46578],[117.85834,3.46543],[117.85811,3.46481],[117.85689,3.46555],[117.85636,3.46566],[117.85563,3.46606]]]]},"properties":{"kdprov":"65","kdkab":"02","kdkec":"100","kddesa":"002","kdsls":"0008","idsls":"65021000020008","nmprov":"KALIMANTAN UTARA","nmkab":"BULUNGAN","nmkec":"BUNYU","nmdesa":"BUNYU SELATAN","nmsls":"RT 008"}},{"type":"Feature","geometry":{"type":"MultiPolygon","coordinates":[[[[117.86269,3.47037],[117.86259,3.47005],[117.86222,3.46996],[117.8621,3.46986],[117.86209,3.46901],[117.8624,3.46796],[117.86227,3.46769],[117.86224,3.46772],[117.86218,3.46781],[117.86218,3.46781],[117.86188,3.46774],[117.86148,3.46761],[117.86131,3.46763],[117.86037,3.46765],[117.86012,3.46758],[117.85918,3.46728],[117.85849,3.46709],[117.85847,3.46708],[117.85848,3.46813],[117.85853,3.46827],[117.85865,3.46863],[117.85902,3.46942],[117.85902,3.46943],[117.85925,3.47005],[117.86113,3.47],[117.86117,3.47054],[117.86199,3.47053],[117.86258,3.47046],[117.86269,3.47037]]]]},"properties":{"kdprov":"65","kdkab":"02","kdkec":"100","kddesa":"003","kdsls":"0005","idsls":"65021000030005","nmprov":"KALIMANTAN UTARA","nmkab":"BULUNGAN","nmkec":"BUNYU","nmdesa":"BUNYU TIMUR","nmsls":"RT 006"}},{"type":"Feature","geometry":{"type":"MultiPolygon","coordinates":[[[[117.85617,3.4671],[117.85614,3.46716],[117.8558,3.46768],[117.8557,3.46792],[117.8557,3.46809],[117.8557,3.46822],[117.85572,3.46857],[117.85579,3.46901],[117.85578,3.46913],[117.85577,3.46928],[117.85577,3.46928],[117.85678,3.46893],[117.85733,3.46874],[117.85733,3.46874],[117.85853,3.46827],[117.85848,3.46813],[117.85847,3.46708],[117.85846,3.46708],[117.85844,3.46708],[117.85838,3.46706],[117.85797,3.46694],[117.85737,3.46677],[117.85691,3.46666],[117.85665,3.46666],[117.85637,3.46683],[117.85631,3.46689],[117.85624,3.46696],[117.85619,3.46705],[117.85617,3.4671]]]]},"properties":{"kdprov":"65","kdkab":"02","kdkec":"100","kddesa":"003","kdsls":"0006","idsls":"65021000030006","nmprov":"KALIMANTAN UTARA","nmkab":"BULUNGAN","nmkec":"BUNYU","nmdesa":"BUNYU TIMUR","nmsls":"RT 007"}},{"type":"Feature","geometry":{"type":"MultiPolygon","coordinates":[[[[117.84196,3.46807],[117.83967,3.46976],[117.83731,3.47166],[117.83231,3.47527],[117.83215,3.47419],[117.8313,3.47208],[117.83025,3.4699],[117.83003,3.47014],[117.82989,3.4703],[117.82974,3.47046],[117.82952,3.47069],[117.82929,3.47103],[117.82904,3.47129],[117.82895,3.47143],[117.82877,3.47165],[117.82847,3.4719],[117.82817,3.47216],[117.82805,3.47233],[117.82802,3.47247],[117.82795,3.47269],[117.82778,3.47291],[117.82768,3.47302],[117.82748,3.47322],[117.82711,3.47364],[117.82695,3.4738],[117.82688,3.47393],[117.82688,3.47394],[117.82684,3.47399],[117.82678,3.47404],[117.82673,3.4741],[117.82672,3.47416],[117.82678,3.47432],[117.8268,3.47433],[117.8268,3.47435],[117.82679,3.47444],[117.82675,3.47455],[117.82665,3.47467],[117.82663,3.47468],[117.82634,3.47526],[117.82631,3.47528],[117.82621,3.47534],[117.82614,3.47539],[117.82572,3.47566],[117.82553,3.47587],[117.82498,3.47622],[117.82395,3.47677],[117.82134,3.47796],[117.81995,3.4785],[117.81875,3.47858],[117.81809,3.47858],[117.81709,3.47848],[117.81647,3.47826],[117.81603,3.47792],[117.81581,3.47782],[117.81552,3.47785],[117.81525,3.47799],[117.81516,3.47811],[117.81497,3.47832],[117.81489,3.47852],[117.81475,3.47882],[117.814,3.47946],[117.81351,3.48002],[117.81306,3.48033],[117.81268,3.48056],[117.81223,3.48061],[117.81189,3.48074],[117.8111,3.48126],[117.8105,3.48165],[117.80973,3.48219],[117.80861,3.48287],[117.8077,3.48344],[117.80714,3.48383],[117.80689,3.48432],[117.80689,3.48439],[117.80689,3.48466],[117.80683,3.48477],[117.8066,3.48495],[117.80634,3.48515],[117.80562,3.48564],[117.80493,3.48606],[117.80399,3.48694],[117.80326,3.48758],[117.80246,3.48818],[117.80122,3.4891],[117.80082,3.48961],[117.79984,3.49081],[117.7992,3.49136],[117.79882,3.49162],[117.79858,3.49177],[117.79822,3.492],[117.79791,3.49219],[117.79768,3.49227],[117.79695,3.49266],[117.79602,3.49301],[117.79432,3.49356],[117.7938,3.49365],[117.79241,3.49427],[117.79053,3.49513],[117.79009,3.49529],[117.78767,3.49605],[117.78702,3.49627],[117.78634,3.49659],[117.78609,3.49668],[117.78604,3.49681],[117.78606,3.49693],[117.78611,3.49706],[117.78586,3.49719],[117.78552,3.49751],[117.78513,3.49788],[117.78504,3.49786],[117.78485,3.49783],[117.78458,3.49779],[117.78436,3.49782],[117.7841,3.49792],[117.78363,3.49824],[117.78337,3.49844],[117.78292,3.49895],[117.78269,3.49938],[117.78245,3.49969],[117.78212,3.5],[117.78198,3.50013],[117.78182,3.50025],[117.78164,3.50038],[117.78137,3.50057],[117.78124,3.50064],[117.78108,3.50072],[117.78096,3.50077],[117.7808,3.5008],[117.78067,3.50082],[117.78051,3.50082],[117.78036,3.50082],[117.78021,3.50083],[117.78014,3.50084],[117.78007,3.50086],[117.77995,3.50089],[117.77975,3.50096],[117.77968,3.50097],[117.77956,3.50098],[117.77933,3.50098],[117.77928,3.50098],[117.77925,3.50099],[117.77922,3.501],[117.77918,3.50103],[117.77902,3.50116],[117.77897,3.5012],[117.77855,3.50156],[117.7778,3.5022],[117.77727,3.50255],[117.77693,3.50284],[117.77648,3.5032],[117.77581,3.50357],[117.77529,3.50389],[117.77461,3.50434],[117.77394,3.50478],[117.77378,3.50495],[117.77355,3.50507],[117.77337,3.50517],[117.77319,3.50524],[117.773,3.5053],[117.77277,3.50543],[117.77258,3.50552],[117.77241,3.50563],[117.77218,3.50582],[117.77182,3.50632],[117.77164,3.5066],[117.77145,3.50677],[117.77117,3.50704],[117.77023,3.50785],[117.7699,3.50824],[117.76882,3.50916],[117.76773,3.5099],[117.7671,3.51049],[117.76677,3.51085],[117.76664,3.51094],[117.76642,3.51112],[117.76593,3.51148],[117.76561,3.51166],[117.76545,3.51176],[117.76535,3.51183],[117.76512,3.51196],[117.765,3.51204],[117.76486,3.51213],[117.76473,3.51221],[117.76469,3.51172],[117.76459,3.51155],[117.76445,3.51141],[117.76418,3.51127],[117.76389,3.51118],[117.76342,3.51124],[117.76293,3.51142],[117.76179,3.51235],[117.76119,3.51278],[117.76076,3.51318],[117.76054,3.51335],[117.76044,3.51353],[117.76045,3.51369],[117.76046,3.51384],[117.76039,3.51398],[117.76028,3.51406],[117.76022,3.51414],[117.76022,3.51424],[117.76027,3.5143],[117.76042,3.51435],[117.76061,3.51427],[117.76085,3.51414],[117.76095,3.5141],[117.76107,3.51409],[117.76114,3.51409],[117.76129,3.5142],[117.76132,3.51432],[117.76128,3.51444],[117.7612,3.51455],[117.76008,3.51593],[117.75936,3.51669],[117.75926,3.51677],[117.75919,3.51683],[117.75914,3.51694],[117.75913,3.51705],[117.75948,3.5173],[117.75956,3.51745],[117.75957,3.51765],[117.75956,3.51774],[117.75956,3.51781],[117.75958,3.51811],[117.75951,3.51838],[117.75933,3.51871],[117.75916,3.51905],[117.75874,3.51981],[117.7586,3.52004],[117.75843,3.52019],[117.7582,3.52033],[117.75808,3.52049],[117.75802,3.52083],[117.75807,3.52099],[117.75822,3.52113],[117.7583,3.52128],[117.75825,3.52144],[117.75807,3.52161],[117.75795,3.52176],[117.75787,3.52206],[117.75783,3.52303],[117.75791,3.52333],[117.7579,3.52415],[117.75799,3.52457],[117.75805,3.52479],[117.758,3.52502],[117.75789,3.52546],[117.75775,3.52573],[117.75757,3.52588],[117.7575,3.5259],[117.75742,3.52593],[117.75728,3.5259],[117.75724,3.52587],[117.75716,3.52583],[117.75702,3.52582],[117.75696,3.52591],[117.75689,3.5261],[117.75674,3.52643],[117.75655,3.52675],[117.75608,3.52752],[117.75581,3.52787],[117.75541,3.5283],[117.75497,3.52883],[117.7547,3.52925],[117.75429,3.52974],[117.75369,3.53047],[117.75327,3.53105],[117.7529,3.53165],[117.75245,3.53249],[117.75198,3.53341],[117.75156,3.53458],[117.75142,3.53532],[117.75138,3.53603],[117.75136,3.53641],[117.75137,3.5367],[117.7514,3.5369],[117.7514,3.53702],[117.75131,3.53717],[117.75121,3.53748],[117.75128,3.53811],[117.75119,3.53903],[117.75113,3.53976],[117.75118,3.54104],[117.75125,3.54184],[117.75132,3.54184],[117.75216,3.54141],[117.75241,3.54128],[117.75255,3.54121],[117.7532,3.54089],[117.75379,3.54089],[117.75464,3.5409],[117.75555,3.54089],[117.75637,3.5409],[117.75652,3.5409],[117.75741,3.54089],[117.75812,3.54089],[117.75847,3.54138],[117.75881,3.54184],[117.7596,3.54179],[117.76034,3.54174],[117.76121,3.54168],[117.76212,3.54163],[117.76255,3.54161],[117.76328,3.5418],[117.76439,3.5421],[117.76515,3.54231],[117.76562,3.5427],[117.76646,3.54339],[117.76733,3.54409],[117.76771,3.54442],[117.76841,3.54455],[117.76888,3.54464],[117.76881,3.54534],[117.76873,3.54614],[117.76864,3.54698],[117.76937,3.54747],[117.77031,3.54809],[117.77075,3.54839],[117.77151,3.54839],[117.77257,3.54839],[117.77289,3.54839],[117.77361,3.54827],[117.77452,3.54814],[117.77543,3.54799],[117.77591,3.54792],[117.77591,3.54735],[117.77591,3.54674],[117.7759,3.54616],[117.7759,3.54539],[117.7759,3.5451],[117.77615,3.54459],[117.77649,3.54386],[117.77685,3.54311],[117.77722,3.54235],[117.77757,3.5416],[117.77794,3.54083],[117.77824,3.54019],[117.77889,3.5402],[117.77989,3.54019],[117.78013,3.54009],[117.78087,3.53976],[117.7817,3.53939],[117.78199,3.53926],[117.78246,3.53855],[117.78293,3.53785],[117.78353,3.53796],[117.78444,3.5381],[117.78538,3.53824],[117.78597,3.53832],[117.78635,3.53779],[117.78682,3.53713],[117.78693,3.53698],[117.78713,3.53668],[117.78768,3.53643],[117.78852,3.53605],[117.78946,3.53563],[117.78971,3.53552],[117.79033,3.53542],[117.79136,3.53528],[117.7918,3.53475],[117.79239,3.53404],[117.79298,3.53333],[117.79355,3.53265],[117.7937,3.53247],[117.79378,3.53196],[117.79389,3.53125],[117.79399,3.53053],[117.79411,3.5298],[117.79417,3.52942],[117.79394,3.52898],[117.79366,3.52841],[117.79337,3.52783],[117.79304,3.52719],[117.79271,3.52651],[117.79236,3.52583],[117.79229,3.52568],[117.79247,3.52509],[117.79266,3.52443],[117.79291,3.52362],[117.793,3.52334],[117.79304,3.52289],[117.79309,3.52233],[117.79317,3.5216],[117.79323,3.52099],[117.79346,3.52078],[117.79387,3.52035],[117.79424,3.51999],[117.7944,3.51983],[117.79531,3.52006],[117.79634,3.52031],[117.79721,3.52053],[117.79754,3.52086],[117.79828,3.5216],[117.79861,3.52194],[117.79921,3.52169],[117.79979,3.52146],[117.79978,3.52095],[117.79979,3.52036],[117.79979,3.51958],[117.80037,3.519],[117.80072,3.51866],[117.80144,3.51866],[117.80236,3.51866],[117.80283,3.51866],[117.80349,3.51857],[117.8044,3.51846],[117.8047,3.51842],[117.80517,3.51771],[117.80587,3.51749],[117.80631,3.51771],[117.80713,3.51829],[117.80798,3.5189],[117.80893,3.51875],[117.80962,3.51866],[117.8098,3.51808],[117.80985,3.51797],[117.81008,3.51724],[117.81032,3.51655],[117.81048,3.51642],[117.811,3.51602],[117.81151,3.51563],[117.81242,3.51491],[117.81267,3.51483],[117.81383,3.51444],[117.81407,3.51363],[117.8143,3.51286],[117.81452,3.51213],[117.81454,3.51202],[117.81466,3.51125],[117.81476,3.51054],[117.81488,3.50971],[117.81497,3.50899],[117.81505,3.50824],[117.81509,3.50752],[117.81515,3.50677],[117.8152,3.50605],[117.81523,3.50554],[117.81577,3.50525],[117.81633,3.50494],[117.81722,3.50445],[117.81734,3.50438],[117.81751,3.50435],[117.81837,3.5042],[117.81903,3.50409],[117.82016,3.50391],[117.82008,3.50332],[117.81997,3.50255],[117.81992,3.50203],[117.82012,3.50172],[117.82038,3.50133],[117.82038,3.50088],[117.82039,3.50013],[117.82039,3.49946],[117.82038,3.49899],[117.82075,3.499],[117.81984,3.49469],[117.8218,3.49351],[117.82681,3.49096],[117.83079,3.49092],[117.83399,3.49334],[117.83825,3.49171],[117.84014,3.49227],[117.84013,3.49204],[117.84016,3.49176],[117.84712,3.48964],[117.8465,3.48709],[117.84549,3.48416],[117.84504,3.4821],[117.84765,3.48065],[117.84749,3.48064],[117.84737,3.48053],[117.84737,3.48052],[117.84736,3.48052],[117.84721,3.48019],[117.84719,3.47969],[117.84757,3.47932],[117.84801,3.47897],[117.84817,3.47845],[117.8477,3.47739],[117.84729,3.47688],[117.8469,3.47629],[117.84154,3.47623],[117.84159,3.47107],[117.84191,3.4684],[117.84196,3.46807]]]]},"properties":{"kdprov":"65","kdkab":"02","kdkec":"100","kddesa":"001","kdsls":"2003","idsls":"65021000012003","nmprov":"KALIMANTAN UTARA","nmkab":"BULUNGAN","nmkec":"BUNYU","nmdesa":"BUNYU BARAT","nmsls":"HUTAN"}},{"type":"Feature","geometry":{"type":"MultiPolygon","coordinates":[[[[117.85568,3.47036],[117.85566,3.47053],[117.85629,3.47064],[117.85664,3.47083],[117.85701,3.47211],[117.85756,3.47089],[117.85861,3.47068],[117.85951,3.47054],[117.85928,3.47011],[117.85925,3.47005],[117.85902,3.46943],[117.85902,3.46942],[117.85865,3.46863],[117.85853,3.46827],[117.85733,3.46874],[117.85733,3.46874],[117.85678,3.46893],[117.85577,3.46928],[117.85572,3.47],[117.85569,3.47024],[117.85568,3.47036]]]]},"properties":{"kdprov":"65","kdkab":"02","kdkec":"100","kddesa":"003","kdsls":"0007","idsls":"65021000030007","nmprov":"KALIMANTAN UTARA","nmkab":"BULUNGAN","nmkec":"BUNYU","nmdesa":"BUNYU TIMUR","nmsls":"RT 008"}},{"type":"Feature","geometry":{"type":"MultiPolygon","coordinates":[[[[117.85951,3.47054],[117.85861,3.47068],[117.85756,3.47089],[117.85701,3.47211],[117.85701,3.47212],[117.85707,3.47279],[117.85773,3.47419],[117.85832,3.47462],[117.85841,3.4746],[117.85891,3.4746],[117.85994,3.4748],[117.86042,3.47489],[117.86088,3.47502],[117.86113,3.47501],[117.86127,3.47502],[117.86122,3.47482],[117.86122,3.47425],[117.86065,3.47338],[117.86031,3.47202],[117.8598,3.47108],[117.85951,3.47054]]]]},"properties":{"kdprov":"65","kdkab":"02","kdkec":"100","kddesa":"003","kdsls":"0008","idsls":"65021000030008","nmprov":"KALIMANTAN UTARA","nmkab":"BULUNGAN","nmkec":"BUNYU","nmdesa":"BUNYU TIMUR","nmsls":"RT 009"}},{"type":"Feature","geometry":{"type":"MultiPolygon","coordinates":[[[[117.85566,3.47053],[117.85564,3.47076],[117.85563,3.47098],[117.8556,3.47135],[117.85558,3.47142],[117.85559,3.47156],[117.85554,3.47172],[117.85549,3.47237],[117.85543,3.47308],[117.85541,3.47379],[117.8554,3.47401],[117.8554,3.47424],[117.8554,3.47433],[117.8554,3.47434],[117.85542,3.47457],[117.85543,3.47494],[117.85525,3.47537],[117.85525,3.47538],[117.85573,3.4753],[117.85573,3.47529],[117.85667,3.47504],[117.85725,3.47507],[117.85775,3.47475],[117.85832,3.47462],[117.85773,3.47419],[117.85707,3.47279],[117.85701,3.47212],[117.85701,3.47211],[117.85664,3.47083],[117.85629,3.47064],[117.85566,3.47053]]]]},"properties":{"kdprov":"65","kdkab":"02","kdkec":"100","kddesa":"003","kdsls":"0009","idsls":"65021000030009","nmprov":"KALIMANTAN UTARA","nmkab":"BULUNGAN","nmkec":"BUNYU","nmdesa":"BUNYU TIMUR","nmsls":"RT 010"}},{"type":"Feature","geometry":{"type":"MultiPolygon","coordinates":[[[[117.85808,3.47982],[117.85806,3.47981],[117.85643,3.481],[117.85496,3.48126],[117.85377,3.48193],[117.85361,3.48226],[117.85321,3.48307],[117.85255,3.48357],[117.85255,3.48366],[117.85293,3.4842],[117.85327,3.48464],[117.85354,3.48497],[117.85376,3.48523],[117.85391,3.48504],[117.85408,3.48484],[117.85434,3.48458],[117.85449,3.48443],[117.85461,3.48432],[117.85478,3.48421],[117.85489,3.48415],[117.85493,3.4842],[117.857,3.48518],[117.85778,3.48563],[117.85809,3.48582],[117.8589,3.48627],[117.85924,3.48647],[117.86003,3.48647],[117.8611,3.48715],[117.8619,3.48752],[117.86368,3.48846],[117.8642,3.48881],[117.86468,3.4889],[117.86502,3.48783],[117.86517,3.48721],[117.86541,3.48638],[117.86612,3.48464],[117.86655,3.48359],[117.86679,3.48316],[117.86738,3.48234],[117.86806,3.48161],[117.86965,3.48018],[117.87032,3.47968],[117.87125,3.47897],[117.87162,3.47854],[117.87205,3.478],[117.87253,3.4772],[117.87253,3.4772],[117.8726,3.47704],[117.87263,3.47696],[117.87269,3.47691],[117.87164,3.47642],[117.87089,3.47523],[117.87029,3.47495],[117.86927,3.47543],[117.86926,3.47544],[117.86919,3.47538],[117.86802,3.47657],[117.86718,3.47685],[117.86573,3.47748],[117.86475,3.47798],[117.86356,3.47858],[117.86305,3.47928],[117.86261,3.48049],[117.86174,3.48042],[117.86097,3.48016],[117.86023,3.48044],[117.85885,3.48014],[117.85808,3.47982]]]]},"properties":{"kdprov":"65","kdkab":"02","kdkec":"100","kddesa":"003","kdsls":"0011","idsls":"65021000030011","nmprov":"KALIMANTAN UTARA","nmkab":"BULUNGAN","nmkec":"BUNYU","nmdesa":"BUNYU TIMUR","nmsls":"RT 012"}},{"type":"Feature","geometry":{"type":"MultiPolygon","coordinates":[[[[117.85343,3.49232],[117.85321,3.49263],[117.85292,3.49283],[117.85258,3.49299],[117.85196,3.49331],[117.85135,3.4926],[117.85135,3.4926],[117.85082,3.49197],[117.84965,3.49197],[117.84871,3.49197],[117.84861,3.49177],[117.84852,3.4916],[117.84828,3.4911],[117.84813,3.49107],[117.84742,3.4912],[117.84681,3.4915],[117.84629,3.49178],[117.84596,3.49177],[117.84582,3.49174],[117.84603,3.49199],[117.84606,3.49239],[117.84622,3.49273],[117.84645,3.49298],[117.84678,3.49315],[117.84724,3.49344],[117.84739,3.49378],[117.84734,3.4941],[117.84712,3.4946],[117.84688,3.49493],[117.84667,3.4955],[117.84643,3.49588],[117.84604,3.49618],[117.84574,3.49645],[117.84564,3.49676],[117.84578,3.49731],[117.84599,3.49776],[117.84609,3.49834],[117.84618,3.49834],[117.85293,3.49703],[117.85431,3.497],[117.85431,3.497],[117.85437,3.49591],[117.85363,3.49483],[117.85337,3.49406],[117.85355,3.49281],[117.85343,3.49232]]]]},"properties":{"kdprov":"65","kdkab":"02","kdkec":"100","kddesa":"003","kdsls":"0020","idsls":"65021000030020","nmprov":"KALIMANTAN UTARA","nmkab":"BULUNGAN","nmkec":"BUNYU","nmdesa":"BUNYU TIMUR","nmsls":"RT 020"}},{"type":"Feature","geometry":{"type":"MultiPolygon","coordinates":[[[[117.84035,3.49793],[117.8389,3.49751],[117.83889,3.49755],[117.83887,3.4976],[117.83884,3.49766],[117.83852,3.4983],[117.83818,3.49899],[117.83817,3.49902],[117.83795,3.49977],[117.83773,3.50056],[117.8375,3.50133],[117.83734,3.50192],[117.83724,3.50227],[117.83675,3.50276],[117.83651,3.503],[117.839,3.50989],[117.83701,3.51955],[117.83189,3.52125],[117.82819,3.52693],[117.8262,3.53346],[117.82506,3.53985],[117.82236,3.54397],[117.81823,3.54936],[117.81368,3.5505],[117.80614,3.55192],[117.79661,3.55532],[117.7905,3.56317],[117.7858,3.56771],[117.78306,3.57713],[117.78311,3.57713],[117.78359,3.57714],[117.7837,3.57719],[117.78391,3.57727],[117.78433,3.57752],[117.7844,3.57758],[117.78451,3.57768],[117.78496,3.57806],[117.78573,3.57844],[117.78588,3.5785],[117.78642,3.57871],[117.78711,3.57898],[117.78741,3.57904],[117.78855,3.57915],[117.78905,3.57926],[117.78952,3.57945],[117.78993,3.57964],[117.79031,3.57995],[117.79037,3.58021],[117.79039,3.58029],[117.79035,3.5805],[117.79036,3.58067],[117.79045,3.58088],[117.79071,3.5811],[117.79113,3.58139],[117.79189,3.58174],[117.79273,3.58206],[117.79357,3.58247],[117.79424,3.58286],[117.79514,3.58334],[117.79587,3.58394],[117.79629,3.5843],[117.79661,3.58487],[117.79672,3.58505],[117.79677,3.58513],[117.79684,3.58522],[117.79689,3.58528],[117.79694,3.58542],[117.79701,3.58554],[117.79737,3.58597],[117.79752,3.5862],[117.79761,3.58647],[117.7976,3.58659],[117.79761,3.58663],[117.79755,3.58699],[117.79754,3.587],[117.79745,3.58737],[117.79732,3.58756],[117.7973,3.58759],[117.79722,3.5878],[117.79728,3.58819],[117.79755,3.58872],[117.79808,3.58912],[117.7987,3.58937],[117.7999,3.58948],[117.80089,3.58936],[117.8018,3.58894],[117.80268,3.58827],[117.80322,3.58793],[117.80345,3.58778],[117.80459,3.58682],[117.80563,3.58596],[117.80694,3.58494],[117.808,3.58395],[117.80925,3.58276],[117.80992,3.58224],[117.81071,3.5815],[117.81094,3.58131],[117.81171,3.58068],[117.81262,3.5799],[117.8134,3.57932],[117.81421,3.5788],[117.81013,3.57433],[117.81649,3.56929],[117.82211,3.57403],[117.82248,3.5737],[117.82267,3.5736],[117.82283,3.57356],[117.82297,3.57351],[117.82338,3.57326],[117.82401,3.57263],[117.82448,3.57227],[117.82483,3.57199],[117.82514,3.57157],[117.82528,3.57128],[117.82542,3.57096],[117.82554,3.57055],[117.82571,3.57019],[117.82584,3.56992],[117.82603,3.56932],[117.82612,3.56903],[117.82668,3.56783],[117.82714,3.56678],[117.82768,3.56575],[117.82837,3.56447],[117.82885,3.56363],[117.82954,3.56229],[117.83014,3.5613],[117.83039,3.56096],[117.83051,3.56061],[117.8309,3.56008],[117.83145,3.55923],[117.83152,3.55911],[117.83188,3.55857],[117.83209,3.55832],[117.8323,3.55812],[117.83264,3.55802],[117.83283,3.55797],[117.83327,3.55797],[117.83343,3.55787],[117.83355,3.55768],[117.83359,3.55732],[117.83358,3.55707],[117.83386,3.55649],[117.83421,3.55587],[117.8344,3.55531],[117.8347,3.55495],[117.83509,3.55451],[117.83554,3.55403],[117.83583,3.55361],[117.83611,3.5532],[117.83627,3.55289],[117.83643,3.55258],[117.83694,3.55196],[117.83736,3.55139],[117.83737,3.55137],[117.83763,3.55113],[117.83781,3.55088],[117.83812,3.5505],[117.83819,3.55039],[117.83842,3.54985],[117.83855,3.54963],[117.83888,3.54938],[117.83926,3.54918],[117.83941,3.54897],[117.83973,3.54859],[117.83978,3.54843],[117.83993,3.54829],[117.83996,3.54826],[117.84017,3.5481],[117.84051,3.54787],[117.84081,3.54753],[117.8411,3.54702],[117.84146,3.54649],[117.84188,3.54592],[117.84209,3.54542],[117.8421,3.54538],[117.84222,3.54517],[117.84228,3.54492],[117.84241,3.54459],[117.84254,3.54428],[117.84269,3.54398],[117.8428,3.54375],[117.84287,3.54348],[117.8429,3.54332],[117.84291,3.54322],[117.84294,3.54313],[117.84302,3.54306],[117.8431,3.54303],[117.84326,3.54305],[117.84357,3.54305],[117.8437,3.54299],[117.84381,3.54294],[117.84392,3.54287],[117.84407,3.54278],[117.84421,3.54268],[117.84437,3.54247],[117.84463,3.54216],[117.84482,3.54195],[117.84499,3.54172],[117.84514,3.5415],[117.84526,3.54142],[117.84547,3.54137],[117.84564,3.54138],[117.84572,3.54134],[117.84576,3.54125],[117.8458,3.54108],[117.84582,3.54093],[117.84601,3.54067],[117.84616,3.54053],[117.84628,3.54041],[117.84642,3.54025],[117.84652,3.5401],[117.8467,3.53998],[117.84688,3.53989],[117.84704,3.53981],[117.84716,3.53979],[117.84727,3.53985],[117.84733,3.53996],[117.84733,3.54013],[117.84732,3.5403],[117.84729,3.54044],[117.84721,3.54057],[117.84702,3.54069],[117.84693,3.54075],[117.84688,3.54083],[117.84685,3.54093],[117.84687,3.541],[117.84691,3.54106],[117.84695,3.54113],[117.84695,3.5412],[117.84691,3.54133],[117.84686,3.54141],[117.84676,3.54153],[117.84673,3.54161],[117.84668,3.54175],[117.84664,3.54182],[117.8466,3.54186],[117.84653,3.5419],[117.84646,3.54192],[117.84638,3.54195],[117.84634,3.542],[117.84629,3.54201],[117.84625,3.54201],[117.84618,3.54201],[117.84612,3.54204],[117.846,3.54211],[117.84589,3.54218],[117.84572,3.54228],[117.84563,3.5423],[117.84552,3.54232],[117.84544,3.54231],[117.84533,3.5423],[117.84526,3.54231],[117.84522,3.54233],[117.8452,3.54236],[117.84521,3.5424],[117.84523,3.54243],[117.84527,3.54245],[117.84533,3.54246],[117.84536,3.54246],[117.84544,3.54244],[117.84551,3.54241],[117.84559,3.54238],[117.84562,3.54238],[117.84566,3.5424],[117.84573,3.54241],[117.84583,3.54241],[117.84587,3.54241],[117.84588,3.54242],[117.84586,3.54244],[117.84582,3.54246],[117.84577,3.54249],[117.84574,3.54251],[117.84563,3.54254],[117.84558,3.54259],[117.84555,3.54263],[117.84553,3.54267],[117.84545,3.54272],[117.84536,3.54279],[117.84529,3.54282],[117.84515,3.54287],[117.845,3.54294],[117.84485,3.543],[117.84483,3.54302],[117.84483,3.54306],[117.84485,3.54308],[117.84488,3.54309],[117.84493,3.54309],[117.84493,3.54311],[117.84489,3.54314],[117.84479,3.54313],[117.84472,3.5431],[117.84462,3.54309],[117.84454,3.54311],[117.84447,3.5431],[117.84441,3.54312],[117.84438,3.54317],[117.84436,3.5432],[117.84433,3.54323],[117.84429,3.54325],[117.84428,3.54325],[117.84424,3.54322],[117.8442,3.54322],[117.84419,3.54323],[117.84417,3.54327],[117.84416,3.54332],[117.84419,3.54338],[117.84426,3.54343],[117.84435,3.54346],[117.84441,3.54349],[117.84444,3.54352],[117.84442,3.54356],[117.84434,3.54359],[117.84429,3.54365],[117.84428,3.54368],[117.84427,3.5437],[117.8442,3.54368],[117.84409,3.54368],[117.84402,3.54367],[117.84397,3.54364],[117.84391,3.54363],[117.84387,3.54364],[117.84379,3.5437],[117.84368,3.54375],[117.8436,3.5438],[117.84352,3.54387],[117.84349,3.54395],[117.84349,3.54399],[117.84351,3.54406],[117.84355,3.54412],[117.84359,3.54417],[117.8437,3.54421],[117.84385,3.54421],[117.84398,3.5442],[117.84409,3.54414],[117.84415,3.54409],[117.84423,3.54399],[117.84441,3.54384],[117.84458,3.54359],[117.84465,3.54352],[117.84476,3.54346],[117.84498,3.54337],[117.84522,3.54322],[117.84552,3.54291],[117.84564,3.54278],[117.84578,3.54265],[117.84602,3.54252],[117.8463,3.54234],[117.84641,3.54227],[117.8469,3.54183],[117.84737,3.5412],[117.84811,3.54019],[117.84874,3.53921],[117.8492,3.53843],[117.8501,3.53724],[117.85088,3.5356],[117.85106,3.535],[117.8513,3.53418],[117.8515,3.53336],[117.85166,3.53246],[117.85185,3.53136],[117.85208,3.53],[117.85216,3.52965],[117.85225,3.52924],[117.85236,3.5288],[117.85248,3.52859],[117.85256,3.52845],[117.85272,3.52817],[117.85304,3.52772],[117.85336,3.52734],[117.85372,3.52786],[117.85389,3.52781],[117.85439,3.52839],[117.85441,3.52837],[117.85448,3.52831],[117.8548,3.52799],[117.85482,3.52794],[117.85481,3.52787],[117.8545,3.52752],[117.85346,3.52594],[117.85358,3.52436],[117.85369,3.52296],[117.85372,3.52282],[117.85382,3.52202],[117.85381,3.52171],[117.85383,3.52145],[117.85389,3.5211],[117.85408,3.5204],[117.85426,3.51939],[117.85437,3.51865],[117.85442,3.51827],[117.85454,3.5173],[117.85476,3.51568],[117.85499,3.51467],[117.8552,3.51347],[117.85525,3.51327],[117.85569,3.51137],[117.85613,3.50928],[117.85659,3.50742],[117.85698,3.50604],[117.85726,3.505],[117.85862,3.50192],[117.85879,3.50155],[117.85915,3.49916],[117.85957,3.49661],[117.85815,3.4973],[117.85595,3.49737],[117.85431,3.49705],[117.85431,3.497],[117.85431,3.497],[117.85293,3.49703],[117.84618,3.49834],[117.84609,3.49834],[117.844,3.49829],[117.84142,3.49824],[117.84035,3.49793]]]]},"properties":{"kdprov":"65","kdkab":"02","kdkec":"100","kddesa":"003","kdsls":"5001","idsls":"65021000035001","nmprov":"KALIMANTAN UTARA","nmkab":"BULUNGAN","nmkec":"BUNYU","nmdesa":"BUNYU TIMUR","nmsls":"PERUSAHAAN BATU BARA"}},{"type":"Feature","geometry":{"type":"MultiPolygon","coordinates":[[[[117.82211,3.57403],[117.81649,3.56929],[117.81013,3.57433],[117.81421,3.5788],[117.81436,3.57871],[117.81455,3.57859],[117.8151,3.5782],[117.81556,3.57787],[117.81606,3.57765],[117.81663,3.57733],[117.81682,3.57719],[117.81701,3.57707],[117.81716,3.57696],[117.81728,3.57691],[117.8174,3.57686],[117.81754,3.57686],[117.81774,3.57691],[117.81785,3.57695],[117.8181,3.57703],[117.81827,3.57702],[117.81854,3.57692],[117.81878,3.57677],[117.81916,3.57647],[117.8195,3.57627],[117.81985,3.576],[117.82013,3.57579],[117.82045,3.57546],[117.82056,3.57538],[117.82062,3.57533],[117.82125,3.57483],[117.82172,3.5744],[117.82201,3.57412],[117.82211,3.57403]]]]},"properties":{"kdprov":"65","kdkab":"02","kdkec":"100","kddesa":"003","kdsls":"5003","idsls":"65021000035003","nmprov":"KALIMANTAN UTARA","nmkab":"BULUNGAN","nmkec":"BUNYU","nmdesa":"BUNYU TIMUR","nmsls":"RUMAH SINGGAH NELAYAN"}},{"type":"Feature","geometry":{"type":"MultiPolygon","coordinates":[[[[117.84703,3.45381],[117.84773,3.45523],[117.84798,3.45657],[117.84794,3.45664],[117.84795,3.45665],[117.8494,3.45668],[117.84971,3.45694],[117.85135,3.45623],[117.85135,3.45623],[117.85172,3.45611],[117.85061,3.45326],[117.85048,3.45328],[117.85039,3.45329],[117.84947,3.45332],[117.84836,3.45348],[117.84718,3.45378],[117.84703,3.45381]]]]},"properties":{"kdprov":"65","kdkab":"02","kdkec":"100","kddesa":"002","kdsls":"0014","idsls":"65021000020014","nmprov":"KALIMANTAN UTARA","nmkab":"BULUNGAN","nmkec":"BUNYU","nmdesa":"BUNYU SELATAN","nmsls":"RT 014"}},{"type":"Feature","geometry":{"type":"MultiPolygon","coordinates":[[[[117.84657,3.45829],[117.84592,3.45881],[117.84603,3.45891],[117.84638,3.45923],[117.84681,3.45964],[117.84727,3.46007],[117.84777,3.46055],[117.84783,3.46061],[117.84799,3.46092],[117.84801,3.46096],[117.84803,3.46102],[117.84817,3.46144],[117.84819,3.46149],[117.8482,3.46149],[117.84993,3.46098],[117.85278,3.46128],[117.85278,3.46128],[117.85277,3.46127],[117.84878,3.45982],[117.84657,3.45829]]]]},"properties":{"kdprov":"65","kdkab":"02","kdkec":"100","kddesa":"002","kdsls":"0002","idsls":"65021000020002","nmprov":"KALIMANTAN UTARA","nmkab":"BULUNGAN","nmkec":"BUNYU","nmdesa":"BUNYU SELATAN","nmsls":"RT 002"}},{"type":"Feature","geometry":{"type":"MultiPolygon","coordinates":[[[[117.84795,3.45665],[117.84802,3.4583],[117.84802,3.45833],[117.84676,3.45814],[117.84657,3.45829],[117.84878,3.45982],[117.85277,3.46127],[117.85278,3.46128],[117.85278,3.46128],[117.85279,3.46128],[117.85279,3.46127],[117.85308,3.4583],[117.85309,3.4583],[117.85251,3.45597],[117.85246,3.45586],[117.85172,3.45611],[117.85135,3.45623],[117.85135,3.45623],[117.84971,3.45694],[117.8494,3.45668],[117.84795,3.45665]]]]},"properties":{"kdprov":"65","kdkab":"02","kdkec":"100","kddesa":"002","kdsls":"0015","idsls":"65021000020015","nmprov":"KALIMANTAN UTARA","nmkab":"BULUNGAN","nmkec":"BUNYU","nmdesa":"BUNYU SELATAN","nmsls":"RT 015"}},{"type":"Feature","geometry":{"type":"MultiPolygon","coordinates":[[[[117.86227,3.46769],[117.86234,3.46763],[117.86243,3.46743],[117.86257,3.46715],[117.86263,3.46702],[117.86279,3.46692],[117.86295,3.46685],[117.86308,3.46681],[117.86323,3.46675],[117.86339,3.46672],[117.86338,3.46651],[117.86339,3.4663],[117.86342,3.46609],[117.86346,3.46582],[117.86353,3.4655],[117.86362,3.46519],[117.86371,3.46494],[117.86379,3.46478],[117.86381,3.46473],[117.86387,3.46462],[117.86397,3.46443],[117.86408,3.46419],[117.86417,3.46395],[117.86426,3.46373],[117.86431,3.46356],[117.86439,3.46333],[117.86442,3.46321],[117.86444,3.46311],[117.86414,3.4631],[117.86311,3.46312],[117.86214,3.46161],[117.86067,3.45975],[117.85995,3.45847],[117.85989,3.45811],[117.85984,3.45813],[117.85763,3.45827],[117.85763,3.45828],[117.85524,3.45839],[117.85592,3.45878],[117.85685,3.45956],[117.85665,3.46057],[117.85686,3.46146],[117.85716,3.46229],[117.85721,3.46289],[117.85811,3.46481],[117.85834,3.46543],[117.85844,3.46578],[117.85847,3.46623],[117.85855,3.46671],[117.85846,3.46708],[117.85847,3.46708],[117.85849,3.46709],[117.85918,3.46728],[117.86012,3.46758],[117.86037,3.46765],[117.86131,3.46763],[117.86148,3.46761],[117.86188,3.46774],[117.86218,3.46781],[117.86218,3.46781],[117.86224,3.46772],[117.86227,3.46769]]]]},"properties":{"kdprov":"65","kdkab":"02","kdkec":"100","kddesa":"002","kdsls":"0012","idsls":"65021000020012","nmprov":"KALIMANTAN UTARA","nmkab":"BULUNGAN","nmkec":"BUNYU","nmdesa":"BUNYU SELATAN","nmsls":"RT 012"}},{"type":"Feature","geometry":{"type":"MultiPolygon","coordinates":[[[[117.87178,3.45933],[117.86531,3.46314],[117.86444,3.46311],[117.86442,3.46321],[117.86439,3.46333],[117.86431,3.46356],[117.86426,3.46373],[117.86417,3.46395],[117.86408,3.46419],[117.86397,3.46443],[117.86387,3.46462],[117.86381,3.46473],[117.86379,3.46478],[117.86386,3.46483],[117.86412,3.46499],[117.86544,3.46462],[117.86679,3.46439],[117.86725,3.46411],[117.8685,3.46367],[117.86997,3.46326],[117.87235,3.46255],[117.87272,3.46242],[117.87271,3.4624],[117.87271,3.46239],[117.8727,3.46136],[117.87232,3.46062],[117.87178,3.45933]]]]},"properties":{"kdprov":"65","kdkab":"02","kdkec":"100","kddesa":"002","kdsls":"0011","idsls":"65021000020011","nmprov":"KALIMANTAN UTARA","nmkab":"BULUNGAN","nmkec":"BUNYU","nmdesa":"BUNYU SELATAN","nmsls":"RT 011"}},{"type":"Feature","geometry":{"type":"MultiPolygon","coordinates":[[[[117.84582,3.49174],[117.84543,3.49166],[117.84495,3.4917],[117.84455,3.4918],[117.84423,3.49237],[117.84374,3.49275],[117.8434,3.49281],[117.8434,3.49281],[117.84322,3.49283],[117.844,3.49829],[117.84609,3.49834],[117.84599,3.49776],[117.84578,3.49731],[117.84564,3.49676],[117.84574,3.49645],[117.84604,3.49618],[117.84643,3.49588],[117.84667,3.4955],[117.84688,3.49493],[117.84712,3.4946],[117.84734,3.4941],[117.84739,3.49378],[117.84724,3.49344],[117.84678,3.49315],[117.84645,3.49298],[117.84622,3.49273],[117.84606,3.49239],[117.84603,3.49199],[117.84582,3.49174]]]]},"properties":{"kdprov":"65","kdkab":"02","kdkec":"100","kddesa":"003","kdsls":"0019","idsls":"65021000030019","nmprov":"KALIMANTAN UTARA","nmkab":"BULUNGAN","nmkec":"BUNYU","nmdesa":"BUNYU TIMUR","nmsls":"RT 019"}},{"type":"Feature","geometry":{"type":"MultiPolygon","coordinates":[[[[117.84322,3.49283],[117.84279,3.49287],[117.84221,3.49317],[117.84155,3.4935],[117.84139,3.49393],[117.84134,3.49471],[117.84106,3.49529],[117.84076,3.49579],[117.84047,3.4962],[117.84031,3.49653],[117.84029,3.497],[117.84035,3.49793],[117.84142,3.49824],[117.844,3.49829],[117.84322,3.49283]]]]},"properties":{"kdprov":"65","kdkab":"02","kdkec":"100","kddesa":"003","kdsls":"0015","idsls":"65021000030015","nmprov":"KALIMANTAN UTARA","nmkab":"BULUNGAN","nmkec":"BUNYU","nmdesa":"BUNYU TIMUR","nmsls":"RT 017"}},{"type":"Feature","geometry":{"type":"MultiPolygon","coordinates":[[[[117.85293,3.58063],[117.85268,3.58081],[117.85261,3.58086],[117.85214,3.581],[117.85171,3.58099],[117.85022,3.58098],[117.8496,3.58126],[117.84938,3.58184],[117.85013,3.58218],[117.85094,3.5822],[117.85115,3.5822],[117.85177,3.58182],[117.85337,3.58081],[117.85542,3.58007],[117.85669,3.57908],[117.85669,3.57906],[117.85668,3.57902],[117.85719,3.57857],[117.85786,3.57754],[117.85821,3.57696],[117.8583,3.57608],[117.85786,3.575],[117.85734,3.57389],[117.85643,3.57316],[117.8564,3.57323],[117.85591,3.57293],[117.85503,3.57287],[117.8536,3.57278],[117.85293,3.57305],[117.85147,3.57389],[117.85077,3.57535],[117.85138,3.57605],[117.85199,3.57625],[117.85272,3.57649],[117.85348,3.57705],[117.85377,3.57778],[117.85369,3.5793],[117.85337,3.5802],[117.85289,3.58063],[117.85293,3.58063]]]]},"properties":{"kdprov":"65","kdkab":"02","kdkec":"100","kddesa":"003","kdsls":"2004","idsls":"65021000032004","nmprov":"KALIMANTAN UTARA","nmkab":"BULUNGAN","nmkec":"BUNYU","nmdesa":"BUNYU TIMUR","nmsls":"PULAU (HUTAN)"}},{"type":"Feature","geometry":{"type":"MultiPolygon","coordinates":[[[[117.45971,3.58676],[117.45916,3.58816],[117.45908,3.58857],[117.45905,3.58911],[117.45918,3.58964],[117.45949,3.58989],[117.45953,3.58991],[117.45977,3.59002],[117.46055,3.59039],[117.46141,3.59077],[117.46212,3.5912],[117.46215,3.59122],[117.46232,3.59125],[117.4624,3.59124],[117.46256,3.59119],[117.46356,3.59079],[117.46436,3.59043],[117.46531,3.58993],[117.46613,3.58954],[117.46745,3.58891],[117.46839,3.58839],[117.46925,3.58801],[117.47026,3.58742],[117.47042,3.58733],[117.47137,3.58686],[117.47231,3.58634],[117.47315,3.58587],[117.47411,3.58543],[117.47489,3.585],[117.47541,3.58475],[117.47557,3.58467],[117.47568,3.58462],[117.47592,3.5845],[117.47706,3.58396],[117.47797,3.5835],[117.47898,3.58296],[117.48007,3.58243],[117.48088,3.58198],[117.48183,3.58154],[117.48298,3.58096],[117.48413,3.58039],[117.48455,3.58017],[117.48514,3.57988],[117.4859,3.57952],[117.4865,3.57917],[117.48765,3.5786],[117.48876,3.57804],[117.4899,3.57743],[117.49086,3.5769],[117.49212,3.5762],[117.49302,3.57569],[117.49378,3.57523],[117.49381,3.57521],[117.49401,3.5751],[117.49471,3.57469],[117.4952,3.57433],[117.49545,3.57415],[117.49595,3.57375],[117.49614,3.5736],[117.49637,3.57322],[117.49637,3.57294],[117.49626,3.57268],[117.49597,3.57252],[117.49577,3.5723],[117.49564,3.57199],[117.49543,3.5717],[117.49532,3.57145],[117.49538,3.57121],[117.49545,3.57102],[117.49526,3.57082],[117.49511,3.57051],[117.49513,3.57029],[117.49514,3.57017],[117.49495,3.56975],[117.49464,3.56951],[117.49453,3.56944],[117.49407,3.56928],[117.49393,3.56926],[117.4933,3.56914],[117.49285,3.56908],[117.49233,3.56902],[117.49183,3.56916],[117.49127,3.56936],[117.49072,3.56946],[117.4897,3.56971],[117.48868,3.57003],[117.48748,3.57024],[117.48615,3.57049],[117.48527,3.57059],[117.48423,3.57075],[117.4838,3.57085],[117.48362,3.57087],[117.48324,3.57091],[117.48306,3.57093],[117.48228,3.57103],[117.48072,3.57122],[117.47916,3.57138],[117.47795,3.57159],[117.47792,3.5716],[117.47658,3.57181],[117.47559,3.57205],[117.47524,3.57213],[117.47415,3.57232],[117.4741,3.57232],[117.47306,3.57247],[117.47141,3.57285],[117.47051,3.5731],[117.46967,3.5736],[117.4687,3.57413],[117.46827,3.57448],[117.46727,3.5751],[117.46632,3.57616],[117.4658,3.57688],[117.46506,3.57793],[117.46429,3.57913],[117.46386,3.57999],[117.46359,3.58052],[117.4635,3.58081],[117.46334,3.58138],[117.46276,3.58219],[117.4622,3.58287],[117.46159,3.58376],[117.46103,3.58447],[117.46067,3.58512],[117.46002,3.58605],[117.45971,3.58676]]]]},"properties":{"kdprov":"65","kdkab":"02","kdkec":"100","kddesa":"001","kdsls":"2006","idsls":"65021000012006","nmprov":"KALIMANTAN UTARA","nmkab":"BULUNGAN","nmkec":"BUNYU","nmdesa":"BUNYU BARAT","nmsls":"PULAU (HUTAN) PERTAMBAKAN"}},{"type":"Feature","geometry":{"type":"MultiPolygon","coordinates":[[[[117.55937,3.55063],[117.55968,3.55085],[117.55968,3.55085],[117.56,3.55098],[117.56031,3.5511],[117.56143,3.55169],[117.56162,3.55179],[117.56202,3.55206],[117.56236,3.55229],[117.56269,3.55265],[117.5628,3.5527],[117.56285,3.55272],[117.56292,3.55274],[117.56377,3.55303],[117.5645,3.5531],[117.56533,3.55316],[117.5663,3.55305],[117.56724,3.55283],[117.5677,3.55272],[117.56839,3.55249],[117.5695,3.55202],[117.57099,3.55126],[117.57142,3.55104],[117.57287,3.55004],[117.57346,3.54949],[117.57412,3.5489],[117.57418,3.54885],[117.57447,3.54863],[117.5745,3.54858],[117.57462,3.54835],[117.57444,3.54823],[117.574,3.54821],[117.57383,3.5482],[117.57323,3.54817],[117.57227,3.54794],[117.57147,3.54775],[117.57117,3.54763],[117.57115,3.54762],[117.57087,3.54751],[117.5707,3.54744],[117.57024,3.54725],[117.57014,3.54721],[117.56958,3.54684],[117.56945,3.54664],[117.56923,3.54633],[117.56855,3.54592],[117.5681,3.5457],[117.5675,3.54559],[117.56684,3.54559],[117.56679,3.54558],[117.56659,3.54555],[117.56557,3.54591],[117.56535,3.54599],[117.56527,3.54602],[117.56508,3.5461],[117.56404,3.54659],[117.56293,3.54721],[117.56292,3.54721],[117.56285,3.54726],[117.5627,3.54734],[117.56205,3.54773],[117.56159,3.5482],[117.56118,3.5485],[117.56109,3.54856],[117.561,3.54869],[117.56085,3.54875],[117.5607,3.54886],[117.56054,3.54897],[117.56034,3.54907],[117.55978,3.54981],[117.55944,3.55032],[117.55937,3.55063]]]]},"properties":{"kdprov":"65","kdkab":"02","kdkec":"100","kddesa":"001","kdsls":"2007","idsls":"65021000012007","nmprov":"KALIMANTAN UTARA","nmkab":"BULUNGAN","nmkec":"BUNYU","nmdesa":"BUNYU BARAT","nmsls":"PULAU (HUTAN)"}},{"type":"Feature","geometry":{"type":"MultiPolygon","coordinates":[[[[117.64785,3.52597],[117.64759,3.52628],[117.64748,3.52644],[117.64744,3.52651],[117.64737,3.52662],[117.6473,3.52665],[117.64719,3.52669],[117.64701,3.52669],[117.6468,3.52665],[117.64666,3.52659],[117.6464,3.52652],[117.6459,3.52659],[117.64465,3.52671],[117.64349,3.52674],[117.64203,3.52677],[117.64122,3.52686],[117.64104,3.52713],[117.64149,3.52725],[117.64246,3.5274],[117.64393,3.52764],[117.64472,3.52775],[117.64534,3.52784],[117.64691,3.52807],[117.64765,3.52817],[117.6527,3.52897],[117.65293,3.52901],[117.65524,3.52932],[117.65572,3.52933],[117.65577,3.52933],[117.65647,3.52934],[117.65721,3.52939],[117.65758,3.52941],[117.65769,3.52942],[117.65815,3.5295],[117.65829,3.52953],[117.65849,3.52951],[117.65892,3.52927],[117.65897,3.52919],[117.65919,3.52883],[117.65962,3.52828],[117.65986,3.5279],[117.65984,3.52763],[117.65981,3.52751],[117.65957,3.52726],[117.6595,3.52716],[117.65931,3.52707],[117.65872,3.52697],[117.65848,3.52697],[117.65817,3.52685],[117.65796,3.52672],[117.6578,3.52663],[117.65758,3.52657],[117.65733,3.52653],[117.65717,3.52642],[117.65711,3.5263],[117.6571,3.52627],[117.6571,3.52617],[117.65712,3.52611],[117.65719,3.52608],[117.65746,3.52611],[117.65759,3.52619],[117.65766,3.52623],[117.65794,3.5265],[117.65811,3.52664],[117.65825,3.52675],[117.65848,3.52679],[117.65872,3.52679],[117.65899,3.52678],[117.65921,3.52664],[117.65925,3.52648],[117.65919,3.52623],[117.65906,3.52602],[117.65904,3.52598],[117.65884,3.52565],[117.65829,3.52509],[117.65792,3.52487],[117.65743,3.52474],[117.65704,3.52465],[117.65606,3.52448],[117.6551,3.52434],[117.65362,3.52432],[117.65298,3.52434],[117.65232,3.52435],[117.65212,3.52437],[117.65015,3.52491],[117.64828,3.52569],[117.64785,3.52597]]]]},"properties":{"kdprov":"65","kdkab":"02","kdkec":"100","kddesa":"001","kdsls":"2008","idsls":"65021000012008","nmprov":"KALIMANTAN UTARA","nmkab":"BULUNGAN","nmkec":"BUNYU","nmdesa":"BUNYU BARAT","nmsls":"PULAU (HUTAN)"}},{"type":"Feature","geometry":{"type":"MultiPolygon","coordinates":[[[[117.85525,3.47537],[117.84737,3.48052],[117.84737,3.48053],[117.84749,3.48064],[117.84765,3.48065],[117.84784,3.48067],[117.84818,3.48082],[117.84875,3.4813],[117.84902,3.48169],[117.84917,3.48202],[117.84937,3.48221],[117.84961,3.48237],[117.84986,3.48258],[117.84996,3.48281],[117.85008,3.48311],[117.85029,3.48344],[117.851,3.48406],[117.85155,3.48443],[117.8522,3.48474],[117.85275,3.48507],[117.853,3.48551],[117.85319,3.48606],[117.85339,3.48631],[117.85372,3.48641],[117.8537,3.48602],[117.85375,3.48565],[117.85376,3.48524],[117.85376,3.48523],[117.85354,3.48497],[117.85327,3.48464],[117.85293,3.4842],[117.85255,3.48366],[117.85255,3.48357],[117.85253,3.48339],[117.85251,3.48318],[117.85251,3.48313],[117.85257,3.48265],[117.85265,3.482],[117.85274,3.48126],[117.85279,3.48076],[117.85284,3.48044],[117.85297,3.47972],[117.8531,3.47902],[117.85313,3.47883],[117.85328,3.47857],[117.85393,3.47834],[117.85424,3.47824],[117.85446,3.47807],[117.85459,3.47767],[117.85478,3.47704],[117.85496,3.47644],[117.85501,3.47623],[117.85518,3.47552],[117.85523,3.47541],[117.85525,3.47538],[117.85525,3.47537]]]]},"properties":{"kdprov":"65","kdkab":"02","kdkec":"100","kddesa":"001","kdsls":"0021","idsls":"65021000010021","nmprov":"KALIMANTAN UTARA","nmkab":"BULUNGAN","nmkec":"BUNYU","nmdesa":"BUNYU BARAT","nmsls":"RT 021"}},{"type":"Feature","geometry":{"type":"MultiPolygon","coordinates":[[[[117.86782,3.47056],[117.86782,3.47184],[117.86782,3.47185],[117.86728,3.47237],[117.86728,3.47237],[117.86756,3.47298],[117.86751,3.47319],[117.86773,3.47379],[117.86791,3.47428],[117.86919,3.47538],[117.86926,3.47544],[117.86927,3.47543],[117.86918,3.47061],[117.86907,3.47061],[117.86831,3.47059],[117.86782,3.47056]]]]},"properties":{"kdprov":"65","kdkab":"02","kdkec":"100","kddesa":"003","kdsls":"0017","idsls":"65021000030017","nmprov":"KALIMANTAN UTARA","nmkab":"BULUNGAN","nmkec":"BUNYU","nmdesa":"BUNYU TIMUR","nmsls":"RT 002"}},{"type":"Feature","geometry":{"type":"MultiPolygon","coordinates":[[[[117.83651,3.503],[117.8363,3.50321],[117.83553,3.50321],[117.83453,3.5032],[117.83363,3.5032],[117.83325,3.50321],[117.83249,3.50327],[117.83138,3.50336],[117.83103,3.50338],[117.83022,3.50344],[117.82942,3.50278],[117.82881,3.50228],[117.82886,3.50193],[117.82896,3.50125],[117.82904,3.50064],[117.82904,3.50002],[117.82905,3.49923],[117.82811,3.49924],[117.82799,3.49876],[117.82779,3.49794],[117.82764,3.49736],[117.82717,3.49712],[117.826,3.49711],[117.826,3.49755],[117.826,3.49831],[117.826,3.49843],[117.826,3.49913],[117.826,3.49969],[117.82512,3.49982],[117.82437,3.49993],[117.82392,3.49993],[117.82366,3.49993],[117.82272,3.49993],[117.82202,3.49993],[117.82152,3.49943],[117.82109,3.499],[117.82075,3.499],[117.82038,3.49899],[117.82039,3.49946],[117.82039,3.50013],[117.82038,3.50088],[117.82038,3.50133],[117.82012,3.50172],[117.81992,3.50203],[117.81997,3.50255],[117.82008,3.50332],[117.82016,3.50391],[117.81903,3.50409],[117.81837,3.5042],[117.81751,3.50435],[117.81734,3.50438],[117.81722,3.50445],[117.81633,3.50494],[117.81577,3.50525],[117.81523,3.50554],[117.8152,3.50605],[117.81515,3.50677],[117.81509,3.50752],[117.81505,3.50824],[117.81497,3.50899],[117.81488,3.50971],[117.81476,3.51054],[117.81466,3.51125],[117.81454,3.51202],[117.81452,3.51213],[117.8143,3.51286],[117.81407,3.51363],[117.81383,3.51444],[117.81267,3.51483],[117.81242,3.51491],[117.81151,3.51563],[117.811,3.51602],[117.81048,3.51642],[117.81032,3.51655],[117.81008,3.51724],[117.80985,3.51797],[117.8098,3.51808],[117.80962,3.51866],[117.80893,3.51875],[117.80798,3.5189],[117.80713,3.51829],[117.80631,3.51771],[117.80587,3.51749],[117.80517,3.51771],[117.8047,3.51842],[117.8044,3.51846],[117.80349,3.51857],[117.80283,3.51866],[117.80236,3.51866],[117.80144,3.51866],[117.80072,3.51866],[117.80037,3.519],[117.79979,3.51958],[117.79979,3.52036],[117.79978,3.52095],[117.79979,3.52146],[117.79921,3.52169],[117.79861,3.52194],[117.79828,3.5216],[117.79754,3.52086],[117.79721,3.52053],[117.79634,3.52031],[117.79531,3.52006],[117.7944,3.51983],[117.79424,3.51999],[117.79387,3.52035],[117.79346,3.52078],[117.79323,3.52099],[117.79317,3.5216],[117.79309,3.52233],[117.79304,3.52289],[117.793,3.52334],[117.79291,3.52362],[117.79266,3.52443],[117.79247,3.52509],[117.79229,3.52568],[117.79236,3.52583],[117.79271,3.52651],[117.79304,3.52719],[117.79337,3.52783],[117.79366,3.52841],[117.79394,3.52898],[117.79417,3.52942],[117.79411,3.5298],[117.79399,3.53053],[117.79389,3.53125],[117.79378,3.53196],[117.7937,3.53247],[117.79355,3.53265],[117.79298,3.53333],[117.79239,3.53404],[117.7918,3.53475],[117.79136,3.53528],[117.79033,3.53542],[117.78971,3.53552],[117.78946,3.53563],[117.78852,3.53605],[117.78768,3.53643],[117.78713,3.53668],[117.78693,3.53698],[117.78682,3.53713],[117.78635,3.53779],[117.78597,3.53832],[117.78538,3.53824],[117.78444,3.5381],[117.78353,3.53796],[117.78293,3.53785],[117.78246,3.53855],[117.78199,3.53926],[117.7817,3.53939],[117.78087,3.53976],[117.78013,3.54009],[117.77989,3.54019],[117.77889,3.5402],[117.77824,3.54019],[117.77794,3.54083],[117.77757,3.5416],[117.77722,3.54235],[117.77685,3.54311],[117.77649,3.54386],[117.77615,3.54459],[117.7759,3.5451],[117.7759,3.54539],[117.7759,3.54616],[117.77591,3.54674],[117.77591,3.54735],[117.77591,3.54792],[117.77543,3.54799],[117.77452,3.54814],[117.77361,3.54827],[117.77289,3.54839],[117.77257,3.54839],[117.77151,3.54839],[117.77075,3.54839],[117.77031,3.54809],[117.76937,3.54747],[117.76864,3.54698],[117.76873,3.54614],[117.76881,3.54534],[117.76888,3.54464],[117.76841,3.54455],[117.76771,3.54442],[117.76733,3.54409],[117.76646,3.54339],[117.76562,3.5427],[117.76515,3.54231],[117.76439,3.5421],[117.76328,3.5418],[117.76255,3.54161],[117.76212,3.54163],[117.76121,3.54168],[117.76034,3.54174],[117.7596,3.54179],[117.75881,3.54184],[117.75847,3.54138],[117.75812,3.54089],[117.75741,3.54089],[117.75652,3.5409],[117.75637,3.5409],[117.75555,3.54089],[117.75464,3.5409],[117.75379,3.54089],[117.7532,3.54089],[117.75255,3.54121],[117.75241,3.54128],[117.75216,3.54141],[117.75132,3.54184],[117.75125,3.54184],[117.75131,3.54239],[117.7513,3.54294],[117.7512,3.54349],[117.75119,3.54383],[117.7511,3.54429],[117.75113,3.5447],[117.75113,3.54519],[117.75116,3.54567],[117.75122,3.54618],[117.75132,3.54677],[117.75133,3.54714],[117.75133,3.54756],[117.75144,3.54788],[117.75156,3.54817],[117.75174,3.54847],[117.75199,3.54867],[117.75223,3.54884],[117.75228,3.54902],[117.7523,3.5491],[117.75236,3.54943],[117.75239,3.54955],[117.75243,3.54971],[117.75244,3.54995],[117.75237,3.55013],[117.75222,3.55027],[117.75204,3.55036],[117.75188,3.55055],[117.75178,3.55077],[117.75174,3.55098],[117.75177,3.55149],[117.75175,3.55196],[117.75194,3.5529],[117.75214,3.55348],[117.75239,3.55418],[117.75251,3.55457],[117.75263,3.55481],[117.7527,3.55495],[117.75275,3.55506],[117.75283,3.5552],[117.75294,3.55534],[117.753,3.5554],[117.7531,3.55546],[117.75326,3.55551],[117.75332,3.55563],[117.75333,3.55568],[117.75336,3.55585],[117.75335,3.55591],[117.75333,3.55608],[117.75313,3.55641],[117.75297,3.55674],[117.75292,3.55701],[117.75289,3.55733],[117.75293,3.55776],[117.75303,3.55803],[117.75334,3.55864],[117.75396,3.55976],[117.75407,3.56007],[117.75409,3.56015],[117.75415,3.56048],[117.75421,3.56076],[117.75429,3.56094],[117.75471,3.56172],[117.75531,3.56264],[117.75624,3.56395],[117.7568,3.56455],[117.75722,3.56496],[117.75733,3.56511],[117.75756,3.56531],[117.75781,3.56548],[117.758,3.56554],[117.75817,3.5656],[117.75836,3.56567],[117.7585,3.56572],[117.75863,3.56583],[117.75872,3.56602],[117.75876,3.56607],[117.75876,3.56612],[117.75886,3.56634],[117.75899,3.56653],[117.75908,3.56661],[117.75968,3.56699],[117.76193,3.56829],[117.76223,3.56847],[117.76274,3.56877],[117.76416,3.56924],[117.76647,3.57004],[117.7674,3.57045],[117.76862,3.57087],[117.76909,3.5714],[117.76951,3.57168],[117.77123,3.57274],[117.77245,3.57358],[117.77326,3.57417],[117.77412,3.57465],[117.77468,3.57497],[117.77509,3.57504],[117.77574,3.57504],[117.77629,3.57515],[117.7768,3.57533],[117.77727,3.57544],[117.77797,3.57547],[117.77887,3.57578],[117.77966,3.57608],[117.78056,3.57641],[117.78104,3.57668],[117.78208,3.57705],[117.78253,3.57712],[117.78306,3.57713],[117.7858,3.56771],[117.7905,3.56317],[117.79661,3.55532],[117.80614,3.55192],[117.81368,3.5505],[117.81823,3.54936],[117.82236,3.54397],[117.82506,3.53985],[117.8262,3.53346],[117.82819,3.52693],[117.83189,3.52125],[117.83701,3.51955],[117.839,3.50989],[117.83651,3.503]]]]},"properties":{"kdprov":"65","kdkab":"02","kdkec":"100","kddesa":"003","kdsls":"2002","idsls":"65021000032002","nmprov":"KALIMANTAN UTARA","nmkab":"BULUNGAN","nmkec":"BUNYU","nmdesa":"BUNYU TIMUR","nmsls":"HUTAN"}},{"type":"Feature","geometry":{"type":"MultiPolygon","coordinates":[[[[117.86773,3.47379],[117.8672,3.47385],[117.86662,3.47361],[117.8662,3.47317],[117.86587,3.47296],[117.86492,3.47224],[117.86448,3.47178],[117.86358,3.47056],[117.86333,3.47056],[117.86271,3.47041],[117.86269,3.47037],[117.86258,3.47046],[117.86199,3.47053],[117.86117,3.47054],[117.86113,3.47],[117.85925,3.47005],[117.85928,3.47011],[117.85951,3.47054],[117.8598,3.47108],[117.86031,3.47202],[117.86065,3.47338],[117.86122,3.47425],[117.86122,3.47482],[117.86127,3.47502],[117.86129,3.47502],[117.86187,3.47579],[117.8626,3.47736],[117.86296,3.47774],[117.86389,3.4779],[117.86475,3.47798],[117.86573,3.47748],[117.86718,3.47685],[117.86802,3.47657],[117.86919,3.47538],[117.86791,3.47428],[117.86773,3.47379]]]]},"properties":{"kdprov":"65","kdkab":"02","kdkec":"100","kddesa":"003","kdsls":"0004","idsls":"65021000030004","nmprov":"KALIMANTAN UTARA","nmkab":"BULUNGAN","nmkec":"BUNYU","nmdesa":"BUNYU TIMUR","nmsls":"RT 005"}},{"type":"Feature","geometry":{"type":"MultiPolygon","coordinates":[[[[117.60938,3.54044],[117.6086,3.54067],[117.60588,3.54164],[117.60455,3.54214],[117.60364,3.54265],[117.60093,3.54412],[117.59989,3.54472],[117.59946,3.54497],[117.59611,3.54713],[117.59429,3.54821],[117.59259,3.54938],[117.59032,3.55083],[117.58985,3.55109],[117.58972,3.55117],[117.58949,3.5513],[117.58849,3.55186],[117.58795,3.55215],[117.58651,3.55287],[117.58605,3.55317],[117.58575,3.55327],[117.58471,3.55389],[117.5845,3.55399],[117.58341,3.55453],[117.58202,3.55528],[117.5803,3.55602],[117.57919,3.55647],[117.57768,3.55692],[117.57582,3.55758],[117.57468,3.55794],[117.57437,3.55804],[117.57287,3.55849],[117.57208,3.55871],[117.57055,3.559],[117.56954,3.55924],[117.56899,3.55937],[117.56854,3.55947],[117.56663,3.55991],[117.56486,3.56026],[117.56373,3.56041],[117.56253,3.56062],[117.56073,3.56078],[117.56069,3.56078],[117.55929,3.56093],[117.5578,3.56098],[117.55637,3.56095],[117.55503,3.56088],[117.55419,3.56075],[117.55272,3.56057],[117.55158,3.56028],[117.5508,3.56011],[117.54978,3.56012],[117.54821,3.56016],[117.54749,3.56021],[117.54657,3.56028],[117.54619,3.56031],[117.54525,3.56039],[117.54426,3.56041],[117.54357,3.56035],[117.5423,3.56038],[117.54096,3.56029],[117.54008,3.56049],[117.539,3.56076],[117.53826,3.56097],[117.53697,3.56137],[117.53591,3.56169],[117.53533,3.56195],[117.5347,3.56214],[117.53409,3.56247],[117.53297,3.563],[117.53202,3.56364],[117.53129,3.56397],[117.53083,3.56435],[117.53014,3.56489],[117.52918,3.56553],[117.52811,3.56632],[117.52666,3.56747],[117.52568,3.56822],[117.52476,3.56893],[117.52354,3.56966],[117.52191,3.57066],[117.52028,3.57161],[117.51906,3.57226],[117.51838,3.57281],[117.51751,3.57352],[117.51723,3.57385],[117.51619,3.57458],[117.51452,3.57558],[117.51361,3.5762],[117.51334,3.57649],[117.51302,3.57677],[117.51272,3.57692],[117.51271,3.57692],[117.5123,3.57713],[117.51198,3.57743],[117.51082,3.57839],[117.50985,3.57927],[117.50855,3.58081],[117.50783,3.58183],[117.5073,3.58259],[117.50677,3.58351],[117.50637,3.58421],[117.5061,3.58488],[117.50607,3.58527],[117.50618,3.58558],[117.50634,3.5858],[117.5066,3.586],[117.50728,3.58615],[117.50805,3.5864],[117.50854,3.58641],[117.50864,3.58641],[117.51015,3.5863],[117.51027,3.58629],[117.51275,3.58595],[117.51496,3.58546],[117.51726,3.58491],[117.52002,3.58399],[117.52193,3.5833],[117.52326,3.58276],[117.5256,3.5814],[117.52802,3.57982],[117.52921,3.57909],[117.53055,3.57827],[117.53312,3.57705],[117.53499,3.57642],[117.53719,3.57572],[117.53972,3.57518],[117.53979,3.57517],[117.54138,3.57487],[117.54268,3.5747],[117.54271,3.5747],[117.54396,3.57465],[117.54556,3.57475],[117.54656,3.57498],[117.54663,3.57499],[117.54835,3.57552],[117.54916,3.57605],[117.54941,3.5762],[117.55144,3.57746],[117.55238,3.5784],[117.55404,3.58038],[117.55425,3.58111],[117.55571,3.58347],[117.55665,3.58506],[117.55711,3.58587],[117.55853,3.58703],[117.55937,3.5876],[117.55996,3.5879],[117.56077,3.58809],[117.56222,3.58818],[117.56371,3.58807],[117.56427,3.58802],[117.56478,3.58797],[117.5648,3.58797],[117.5673,3.58772],[117.57156,3.5871],[117.57359,3.58675],[117.57473,3.58654],[117.57542,3.58642],[117.57939,3.58555],[117.58137,3.58515],[117.58558,3.58439],[117.58806,3.58395],[117.58988,3.58363],[117.59108,3.58342],[117.59169,3.58332],[117.59333,3.58302],[117.59636,3.58246],[117.60042,3.58157],[117.60351,3.58088],[117.60466,3.5806],[117.60645,3.58016],[117.60831,3.57979],[117.60832,3.57976],[117.60844,3.57974],[117.61112,3.57914],[117.6115,3.57905],[117.61413,3.57847],[117.61432,3.57839],[117.61434,3.5784],[117.61468,3.57829],[117.61539,3.57823],[117.61573,3.57812],[117.61719,3.57764],[117.62022,3.57662],[117.62244,3.57587],[117.62637,3.57452],[117.63037,3.57308],[117.63473,3.57138],[117.63851,3.56951],[117.64125,3.56793],[117.64157,3.56777],[117.64265,3.56725],[117.64508,3.56589],[117.64517,3.56583],[117.64629,3.56528],[117.64704,3.56483],[117.64811,3.56421],[117.64989,3.56312],[117.6504,3.56279],[117.65108,3.56236],[117.65191,3.56185],[117.65309,3.56113],[117.65338,3.56099],[117.65354,3.56091],[117.65414,3.5606],[117.65497,3.56024],[117.65566,3.55978],[117.65586,3.55949],[117.65607,3.55913],[117.65622,3.55882],[117.65648,3.55857],[117.65686,3.5583],[117.65714,3.55802],[117.65717,3.55783],[117.65714,3.55764],[117.65701,3.55739],[117.65668,3.55725],[117.65649,3.55712],[117.65645,3.55697],[117.65662,3.5566],[117.65704,3.55614],[117.6572,3.55596],[117.6576,3.55565],[117.65784,3.55546],[117.65885,3.55473],[117.65966,3.55439],[117.66038,3.55448],[117.66112,3.5549],[117.66123,3.55494],[117.66165,3.55476],[117.66201,3.55443],[117.66222,3.55412],[117.66238,3.55374],[117.66261,3.55314],[117.66258,3.55263],[117.66242,3.55246],[117.66218,3.55216],[117.66196,3.55167],[117.66146,3.55073],[117.66141,3.55063],[117.66094,3.55007],[117.66064,3.54947],[117.66039,3.54899],[117.66037,3.54897],[117.6602,3.54883],[117.6599,3.54849],[117.65964,3.54805],[117.65946,3.54774],[117.65932,3.54748],[117.65927,3.54725],[117.6593,3.54705],[117.65934,3.54682],[117.65922,3.54649],[117.65895,3.54606],[117.65844,3.54563],[117.65762,3.54482],[117.65696,3.54429],[117.65621,3.54398],[117.65593,3.5439],[117.65558,3.54379],[117.65524,3.54377],[117.65518,3.54374],[117.65512,3.54371],[117.65508,3.54358],[117.65506,3.54343],[117.65489,3.54328],[117.65458,3.54316],[117.65373,3.54273],[117.65199,3.54221],[117.64937,3.54162],[117.64806,3.54132],[117.64762,3.54144],[117.6474,3.54154],[117.64732,3.54153],[117.64718,3.5415],[117.64674,3.54135],[117.64617,3.5412],[117.64567,3.54116],[117.64508,3.54104],[117.64459,3.54096],[117.64391,3.54083],[117.64245,3.54046],[117.64175,3.54019],[117.64064,3.53989],[117.63978,3.53968],[117.63935,3.53957],[117.63923,3.53954],[117.63867,3.5394],[117.63639,3.5389],[117.63432,3.53836],[117.63204,3.53789],[117.63073,3.5376],[117.62916,3.53719],[117.62814,3.53691],[117.62658,3.53669],[117.62554,3.5366],[117.62434,3.53656],[117.62385,3.53656],[117.62357,3.53663],[117.62337,3.53677],[117.62326,3.53691],[117.62308,3.53699],[117.62292,3.53699],[117.62254,3.53691],[117.62215,3.53683],[117.62163,3.53674],[117.6204,3.53703],[117.61853,3.53771],[117.61594,3.53839],[117.61558,3.53851],[117.61468,3.53877],[117.61223,3.53961],[117.61108,3.53991],[117.60938,3.54044]]]]},"properties":{"kdprov":"65","kdkab":"02","kdkec":"100","kddesa":"001","kdsls":"2004","idsls":"65021000012004","nmprov":"KALIMANTAN UTARA","nmkab":"BULUNGAN","nmkec":"BUNYU","nmdesa":"BUNYU BARAT","nmsls":"PULAU (HUTAN) DAN PERTAMBAKAN"}},{"type":"Feature","geometry":{"type":"MultiPolygon","coordinates":[[[[117.46856,3.54976],[117.47321,3.54939],[117.47513,3.54924],[117.47649,3.54914],[117.47863,3.54892],[117.48023,3.54868],[117.48307,3.54821],[117.48455,3.54791],[117.48543,3.54773],[117.48589,3.54765],[117.48671,3.54745],[117.48688,3.54743],[117.48765,3.54735],[117.48829,3.54721],[117.48905,3.54705],[117.4897,3.54696],[117.49044,3.5468],[117.49098,3.5467],[117.49154,3.5465],[117.49167,3.54646],[117.49274,3.54616],[117.49371,3.54602],[117.49515,3.54576],[117.49627,3.54572],[117.49702,3.54567],[117.49715,3.54568],[117.49715,3.54567],[117.49754,3.54559],[117.49791,3.54552],[117.49817,3.54574],[117.49837,3.54576],[117.49876,3.5458],[117.49924,3.54565],[117.49926,3.54564],[117.49928,3.54564],[117.5,3.5456],[117.5,3.54561],[117.50003,3.5456],[117.50043,3.54551],[117.50043,3.5455],[117.50055,3.54547],[117.50271,3.54466],[117.50723,3.54342],[117.50817,3.5432],[117.51231,3.54146],[117.51619,3.53942],[117.52036,3.53705],[117.52194,3.53613],[117.52197,3.53611],[117.52249,3.53582],[117.52281,3.53564],[117.5242,3.53486],[117.52604,3.53389],[117.52813,3.53294],[117.52976,3.53223],[117.53114,3.5316],[117.53241,3.53103],[117.53508,3.53004],[117.53815,3.52895],[117.54085,3.52815],[117.54306,3.52723],[117.54481,3.52685],[117.54561,3.52655],[117.54618,3.52639],[117.54654,3.52621],[117.54676,3.52614],[117.54697,3.5261],[117.54741,3.52602],[117.54754,3.52602],[117.54775,3.52602],[117.54799,3.52608],[117.5485,3.52608],[117.54916,3.52594],[117.55029,3.52556],[117.55115,3.52536],[117.55219,3.52514],[117.5533,3.52492],[117.55385,3.52477],[117.5543,3.52464],[117.55479,3.52452],[117.55623,3.52424],[117.55668,3.52419],[117.55711,3.52409],[117.55756,3.52403],[117.55811,3.52392],[117.5586,3.5238],[117.55918,3.52362],[117.55999,3.52331],[117.56043,3.52317],[117.56063,3.52315],[117.56078,3.52314],[117.56098,3.52309],[117.56128,3.52302],[117.56154,3.52294],[117.56176,3.52289],[117.56224,3.52278],[117.56251,3.52271],[117.56269,3.52265],[117.56373,3.52222],[117.56424,3.52205],[117.56477,3.52184],[117.56544,3.52158],[117.56614,3.52132],[117.5673,3.52082],[117.56833,3.52044],[117.56892,3.52018],[117.5694,3.51991],[117.5697,3.51972],[117.57084,3.51923],[117.57142,3.51902],[117.57186,3.51885],[117.57223,3.51869],[117.57459,3.51755],[117.57906,3.5154],[117.5809,3.51445],[117.58477,3.51246],[117.58574,3.51202],[117.58733,3.51115],[117.58791,3.51091],[117.59148,3.50911],[117.59395,3.50803],[117.59519,3.50739],[117.59978,3.50521],[117.60226,3.50407],[117.60588,3.5023],[117.60741,3.5016],[117.60776,3.50144],[117.60813,3.50121],[117.60911,3.50079],[117.60943,3.50062],[117.60962,3.50037],[117.60974,3.5],[117.60987,3.49958],[117.61015,3.49847],[117.61057,3.4976],[117.61064,3.4974],[117.61092,3.49656],[117.61129,3.49506],[117.6116,3.49435],[117.6119,3.49345],[117.61239,3.4929],[117.6127,3.49163],[117.61299,3.491],[117.61321,3.49093],[117.61341,3.49091],[117.61352,3.49084],[117.61352,3.49067],[117.6136,3.48982],[117.61394,3.48867],[117.61401,3.48759],[117.61434,3.48711],[117.61494,3.48716],[117.6151,3.48662],[117.61501,3.48636],[117.615,3.48622],[117.61494,3.48593],[117.61478,3.48551],[117.61458,3.48508],[117.61461,3.48469],[117.61441,3.48414],[117.6142,3.48379],[117.61391,3.4835],[117.61374,3.48314],[117.61361,3.48233],[117.61357,3.48181],[117.61341,3.48122],[117.61328,3.48111],[117.61306,3.481],[117.61269,3.48095],[117.61258,3.48084],[117.61235,3.48041],[117.61211,3.48011],[117.61173,3.47933],[117.61143,3.47874],[117.611,3.47806],[117.61089,3.4779],[117.61068,3.47756],[117.6102,3.47714],[117.61001,3.477],[117.60979,3.47702],[117.60964,3.47704],[117.60942,3.47695],[117.60919,3.47682],[117.60904,3.47673],[117.60885,3.47657],[117.60855,3.47645],[117.60824,3.47639],[117.60806,3.47626],[117.60786,3.47611],[117.60757,3.47586],[117.60754,3.47583],[117.60712,3.47566],[117.607,3.47563],[117.60684,3.47551],[117.60672,3.47536],[117.6065,3.47521],[117.6058,3.47503],[117.60546,3.475],[117.60518,3.47494],[117.60519,3.47492],[117.60545,3.47489],[117.60594,3.47482],[117.60627,3.47486],[117.60641,3.47482],[117.60647,3.47472],[117.6064,3.47448],[117.60607,3.47439],[117.60437,3.47421],[117.60322,3.47418],[117.60107,3.47414],[117.60028,3.47415],[117.60002,3.47416],[117.59711,3.47429],[117.59631,3.47422],[117.59371,3.47399],[117.5934,3.47396],[117.59109,3.47396],[117.58775,3.47411],[117.58592,3.47415],[117.5843,3.47418],[117.5827,3.4743],[117.58037,3.47444],[117.57853,3.47456],[117.57831,3.47528],[117.57832,3.4766],[117.57843,3.47768],[117.57807,3.47923],[117.57713,3.48054],[117.57653,3.48139],[117.57605,3.48031],[117.57665,3.47947],[117.57748,3.47852],[117.57736,3.47748],[117.57744,3.47719],[117.57724,3.47605],[117.5773,3.47469],[117.57682,3.47476],[117.57663,3.47478],[117.57503,3.47497],[117.57291,3.47524],[117.57115,3.47524],[117.56922,3.47522],[117.56536,3.47484],[117.56496,3.47479],[117.5631,3.47442],[117.56152,3.47421],[117.55947,3.47383],[117.55923,3.47376],[117.55848,3.47362],[117.5581,3.47355],[117.55609,3.47321],[117.55472,3.47293],[117.55385,3.47273],[117.55273,3.47248],[117.55222,3.47242],[117.55207,3.47241],[117.55134,3.47232],[117.55088,3.47206],[117.55018,3.47179],[117.54969,3.47139],[117.5493,3.47124],[117.54844,3.47118],[117.54719,3.47124],[117.54634,3.47154],[117.54606,3.47181],[117.54597,3.47214],[117.546,3.47241],[117.54584,3.47262],[117.54497,3.47338],[117.54421,3.47419],[117.54377,3.47492],[117.54314,3.476],[117.54274,3.47639],[117.54212,3.47687],[117.54169,3.47756],[117.54105,3.47817],[117.54042,3.47894],[117.53966,3.47988],[117.53932,3.48061],[117.53927,3.48094],[117.53914,3.48174],[117.5391,3.482],[117.53915,3.48236],[117.53917,3.4825],[117.53922,3.48326],[117.53885,3.48371],[117.53834,3.48414],[117.53821,3.48468],[117.53798,3.48546],[117.53785,3.486],[117.53758,3.48619],[117.53758,3.48631],[117.5377,3.48847],[117.5377,3.49026],[117.53747,3.49146],[117.53756,3.49275],[117.53759,3.49313],[117.53759,3.49397],[117.53747,3.49553],[117.53748,3.49649],[117.53795,3.49709],[117.53819,3.49745],[117.53735,3.49733],[117.53676,3.49828],[117.53629,3.50008],[117.5358,3.50128],[117.5358,3.50153],[117.53473,3.50161],[117.53461,3.50056],[117.53485,3.4996],[117.53545,3.49816],[117.53568,3.49673],[117.53557,3.49589],[117.53557,3.49422],[117.53545,3.49189],[117.53506,3.49064],[117.53497,3.49033],[117.53466,3.49007],[117.53294,3.48859],[117.53258,3.48856],[117.53139,3.48844],[117.53045,3.48843],[117.53003,3.48832],[117.52932,3.48832],[117.52924,3.48829],[117.52915,3.48831],[117.52891,3.48844],[117.52874,3.48851],[117.52858,3.48857],[117.52838,3.4886],[117.52824,3.48861],[117.52817,3.48868],[117.52815,3.48873],[117.52815,3.48881],[117.52812,3.48889],[117.52808,3.48896],[117.52798,3.48903],[117.52777,3.48922],[117.5277,3.48934],[117.52766,3.48947],[117.52763,3.48956],[117.52757,3.48966],[117.52747,3.48974],[117.52732,3.48986],[117.52715,3.49009],[117.52706,3.49023],[117.5269,3.49031],[117.52675,3.49035],[117.52663,3.49041],[117.52657,3.49044],[117.52644,3.49053],[117.52632,3.49055],[117.52623,3.49053],[117.52615,3.49042],[117.52609,3.49032],[117.52607,3.49032],[117.52598,3.49037],[117.52594,3.4905],[117.5258,3.4907],[117.5256,3.49096],[117.52546,3.49113],[117.5252,3.49136],[117.52479,3.49167],[117.52454,3.49177],[117.5245,3.49189],[117.52445,3.49198],[117.5243,3.49206],[117.52411,3.49208],[117.52364,3.49215],[117.52319,3.49228],[117.52316,3.49229],[117.52264,3.49255],[117.52249,3.49281],[117.52234,3.49294],[117.52212,3.49311],[117.52197,3.49326],[117.52169,3.4934],[117.52151,3.4935],[117.52124,3.49351],[117.52103,3.49365],[117.52104,3.4938],[117.52097,3.49392],[117.52078,3.49398],[117.52055,3.49408],[117.52043,3.4942],[117.52035,3.49432],[117.52013,3.49444],[117.51991,3.49453],[117.51965,3.49463],[117.51938,3.49474],[117.51918,3.49493],[117.51899,3.49506],[117.51887,3.49517],[117.51863,3.49539],[117.51851,3.49554],[117.51846,3.49559],[117.51809,3.49604],[117.51793,3.49633],[117.51783,3.49653],[117.51768,3.49673],[117.51752,3.49691],[117.51724,3.49707],[117.51712,3.49723],[117.51707,3.49732],[117.51694,3.49742],[117.51682,3.49751],[117.51661,3.4978],[117.51644,3.49813],[117.51629,3.49831],[117.51602,3.49845],[117.51588,3.49856],[117.51568,3.49892],[117.51548,3.49914],[117.51533,3.49922],[117.51524,3.49928],[117.51517,3.4995],[117.51515,3.49974],[117.5151,3.49989],[117.51503,3.5],[117.51487,3.50027],[117.51463,3.50057],[117.51448,3.50085],[117.51437,3.50102],[117.51422,3.50115],[117.51395,3.50134],[117.51383,3.50146],[117.51368,3.50159],[117.51365,3.5018],[117.51364,3.50194],[117.51359,3.50206],[117.51348,3.50219],[117.51321,3.50234],[117.51299,3.50251],[117.51279,3.50271],[117.51253,3.5029],[117.51233,3.50307],[117.51213,3.50323],[117.51192,3.50344],[117.51173,3.50362],[117.51153,3.5038],[117.51136,3.5039],[117.51134,3.50391],[117.51139,3.50399],[117.51162,3.50421],[117.51199,3.50458],[117.51342,3.50494],[117.51413,3.50554],[117.51353,3.50554],[117.51199,3.5053],[117.51104,3.50494],[117.50988,3.5047],[117.50953,3.50477],[117.50932,3.50478],[117.50899,3.50491],[117.50841,3.50522],[117.50781,3.50544],[117.50739,3.50558],[117.50707,3.50565],[117.50665,3.50573],[117.50633,3.50577],[117.506,3.5058],[117.50543,3.50587],[117.50526,3.50588],[117.50495,3.50589],[117.50472,3.5059],[117.50451,3.50592],[117.50432,3.50595],[117.50413,3.50601],[117.50402,3.50608],[117.50386,3.50618],[117.50376,3.50629],[117.50364,3.50648],[117.50349,3.50668],[117.50401,3.50662],[117.50508,3.50734],[117.50568,3.50806],[117.50556,3.50841],[117.50508,3.50806],[117.5027,3.50698],[117.50139,3.50626],[117.50083,3.5059],[117.5,3.50534],[117.49993,3.50531],[117.4998,3.50524],[117.49933,3.50493],[117.49872,3.50439],[117.49812,3.50407],[117.49764,3.50377],[117.4971,3.50348],[117.49644,3.50297],[117.49577,3.50254],[117.49513,3.50211],[117.49459,3.50178],[117.49406,3.50152],[117.49368,3.50131],[117.49326,3.50109],[117.49276,3.50092],[117.49266,3.50087],[117.49242,3.50075],[117.49237,3.50073],[117.4922,3.50064],[117.49091,3.5],[117.49091,3.5],[117.49091,3.5],[117.49091,3.5],[117.48981,3.49954],[117.48744,3.49868],[117.48606,3.49832],[117.48468,3.4986],[117.48338,3.49912],[117.4832,3.49925],[117.48217,3.5],[117.48202,3.5003],[117.48183,3.50069],[117.48116,3.50175],[117.48054,3.50273],[117.4802,3.50314],[117.47974,3.50394],[117.47919,3.50482],[117.47842,3.50586],[117.47781,3.50657],[117.47733,3.50719],[117.47698,3.50771],[117.47626,3.50845],[117.47585,3.50886],[117.47545,3.50925],[117.47408,3.51042],[117.47342,3.51084],[117.47253,3.51128],[117.47197,3.51155],[117.47133,3.51178],[117.47045,3.512],[117.46934,3.51248],[117.4685,3.51275],[117.4683,3.51282],[117.46711,3.51309],[117.46698,3.51312],[117.46662,3.51327],[117.46617,3.51338],[117.46568,3.51347],[117.46518,3.5137],[117.46484,3.5138],[117.46439,3.51397],[117.46392,3.51418],[117.46387,3.5142],[117.46348,3.51435],[117.46316,3.51445],[117.46295,3.51462],[117.46238,3.51485],[117.46191,3.51489],[117.46158,3.51484],[117.46094,3.51494],[117.46078,3.51498],[117.46058,3.51501],[117.46052,3.51502],[117.45969,3.5152],[117.4595,3.51524],[117.45945,3.51525],[117.45854,3.51534],[117.45847,3.51534],[117.45725,3.51545],[117.45625,3.51549],[117.45542,3.51534],[117.4542,3.51518],[117.45266,3.51488],[117.45187,3.51464],[117.45151,3.51447],[117.45127,3.51435],[117.45086,3.51423],[117.45045,3.51407],[117.45005,3.51394],[117.44971,3.5138],[117.44948,3.51369],[117.44914,3.51347],[117.44866,3.51325],[117.44854,3.51321],[117.4484,3.51317],[117.44813,3.51309],[117.44778,3.51307],[117.4476,3.51306],[117.44694,3.51303],[117.44644,3.51281],[117.44579,3.5122],[117.44549,3.51193],[117.44518,3.51174],[117.44487,3.51158],[117.44452,3.51142],[117.44408,3.51123],[117.44358,3.51083],[117.44308,3.51054],[117.44261,3.51032],[117.44206,3.51026],[117.44186,3.51037],[117.4418,3.5104],[117.44156,3.51054],[117.44134,3.51081],[117.44139,3.51126],[117.44133,3.51255],[117.44124,3.51403],[117.44121,3.51431],[117.4411,3.5152],[117.44092,3.51866],[117.44108,3.51907],[117.44127,3.51941],[117.44152,3.51987],[117.44245,3.52139],[117.4437,3.52308],[117.44408,3.52375],[117.44541,3.52613],[117.44688,3.52853],[117.44711,3.52913],[117.44718,3.52965],[117.44718,3.53028],[117.44713,3.53045],[117.44701,3.53093],[117.44694,3.53111],[117.44689,3.53127],[117.4467,3.53184],[117.44608,3.53262],[117.44608,3.53261],[117.44606,3.53252],[117.44599,3.53242],[117.44589,3.5324],[117.44564,3.5324],[117.44553,3.53241],[117.44537,3.53243],[117.44535,3.53243],[117.44507,3.53255],[117.44472,3.53283],[117.44427,3.53318],[117.4439,3.53368],[117.44387,3.53373],[117.44376,3.53389],[117.44376,3.53423],[117.44376,3.5349],[117.44316,3.53597],[117.44315,3.53598],[117.44319,3.53622],[117.44258,3.53658],[117.44215,3.53671],[117.44124,3.537],[117.44003,3.53721],[117.4397,3.53726],[117.43925,3.53728],[117.43829,3.53733],[117.43765,3.53736],[117.43732,3.53737],[117.43708,3.53738],[117.43555,3.53757],[117.43488,3.53765],[117.43428,3.53775],[117.43318,3.53793],[117.43169,3.53855],[117.43159,3.53859],[117.42877,3.53979],[117.42649,3.54022],[117.42468,3.54053],[117.42286,3.54072],[117.42228,3.54081],[117.41964,3.54118],[117.41954,3.54119],[117.41918,3.54125],[117.41822,3.54141],[117.41746,3.54154],[117.41649,3.54166],[117.4153,3.54197],[117.41475,3.54228],[117.4139,3.54282],[117.41352,3.54321],[117.41321,3.54371],[117.4129,3.54434],[117.41266,3.54514],[117.41255,3.54576],[117.41243,3.54614],[117.41232,3.54676],[117.41236,3.54723],[117.41239,3.54779],[117.41267,3.54905],[117.41363,3.55208],[117.41411,3.55325],[117.41441,3.55398],[117.41526,3.5563],[117.41543,3.5567],[117.41551,3.5569],[117.41553,3.55692],[117.41564,3.55695],[117.41587,3.557],[117.41657,3.557],[117.4173,3.557],[117.41839,3.55681],[117.42012,3.5565],[117.42182,3.55622],[117.4243,3.55583],[117.42588,3.5556],[117.42708,3.55525],[117.42874,3.55451],[117.42983,3.55402],[117.42998,3.55395],[117.43096,3.55349],[117.43413,3.55221],[117.43815,3.55109],[117.44031,3.5507],[117.44267,3.55042],[117.44487,3.55035],[117.44781,3.55031],[117.44931,3.55038],[117.45019,3.55038],[117.45019,3.55038],[117.45171,3.55038],[117.45191,3.55036],[117.45406,3.55019],[117.45648,3.54998],[117.45811,3.54985],[117.45827,3.54983],[117.46159,3.54979],[117.46448,3.54983],[117.46568,3.54985],[117.46856,3.54976]]]]},"properties":{"kdprov":"65","kdkab":"02","kdkec":"100","kddesa":"001","kdsls":"2005","idsls":"65021000012005","nmprov":"KALIMANTAN UTARA","nmkab":"BULUNGAN","nmkec":"BUNYU","nmdesa":"BUNYU BARAT","nmsls":"PULAU (HUTAN) PERTAMBAKAN"}},{"type":"Feature","geometry":{"type":"MultiPolygon","coordinates":[[[[117.85573,3.4753],[117.85525,3.47538],[117.85523,3.47541],[117.85518,3.47552],[117.85501,3.47623],[117.85496,3.47644],[117.85478,3.47704],[117.85459,3.47767],[117.85446,3.47807],[117.85424,3.47824],[117.85393,3.47834],[117.85328,3.47857],[117.85313,3.47883],[117.8531,3.47902],[117.85297,3.47972],[117.85284,3.48044],[117.85279,3.48076],[117.85274,3.48126],[117.85265,3.482],[117.85257,3.48265],[117.85251,3.48313],[117.85251,3.48318],[117.85253,3.48339],[117.85255,3.48357],[117.85321,3.48307],[117.85361,3.48226],[117.85377,3.48193],[117.85496,3.48126],[117.85643,3.481],[117.85806,3.47981],[117.85808,3.47982],[117.85785,3.47963],[117.85727,3.47945],[117.85709,3.47916],[117.85707,3.47892],[117.85729,3.47865],[117.85763,3.47837],[117.85757,3.47802],[117.85738,3.47755],[117.85707,3.47714],[117.85688,3.47677],[117.85617,3.47639],[117.85588,3.47577],[117.85574,3.4753],[117.85573,3.4753]]]]},"properties":{"kdprov":"65","kdkab":"02","kdkec":"100","kddesa":"003","kdsls":"0010","idsls":"65021000030010","nmprov":"KALIMANTAN UTARA","nmkab":"BULUNGAN","nmkec":"BUNYU","nmdesa":"BUNYU TIMUR","nmsls":"RT 011"}},{"type":"Feature","geometry":{"type":"MultiPolygon","coordinates":[[[[117.86127,3.47502],[117.86113,3.47501],[117.86088,3.47502],[117.86042,3.47489],[117.85994,3.4748],[117.85891,3.4746],[117.85841,3.4746],[117.85832,3.47462],[117.85775,3.47475],[117.85725,3.47507],[117.85667,3.47504],[117.85573,3.47529],[117.85573,3.4753],[117.85574,3.4753],[117.85588,3.47577],[117.85617,3.47639],[117.85688,3.47677],[117.85707,3.47714],[117.85738,3.47755],[117.85757,3.47802],[117.85763,3.47837],[117.85729,3.47865],[117.85707,3.47892],[117.85709,3.47916],[117.85727,3.47945],[117.85785,3.47963],[117.85808,3.47982],[117.85885,3.48014],[117.86023,3.48044],[117.86097,3.48016],[117.86174,3.48042],[117.86261,3.48049],[117.86305,3.47928],[117.86356,3.47858],[117.86475,3.47798],[117.86389,3.4779],[117.86296,3.47774],[117.8626,3.47736],[117.86187,3.47579],[117.86129,3.47502],[117.86127,3.47502]]]]},"properties":{"kdprov":"65","kdkab":"02","kdkec":"100","kddesa":"003","kdsls":"0016","idsls":"65021000030016","nmprov":"KALIMANTAN UTARA","nmkab":"BULUNGAN","nmkec":"BUNYU","nmdesa":"BUNYU TIMUR","nmsls":"RT 018"}},{"type":"Feature","geometry":{"type":"MultiPolygon","coordinates":[[[[117.85884,3.49089],[117.85966,3.49065],[117.86117,3.49084],[117.86278,3.49127],[117.86316,3.49128],[117.86419,3.4912],[117.86421,3.49107],[117.86423,3.49094],[117.8645,3.48945],[117.86465,3.489],[117.86468,3.4889],[117.8642,3.48881],[117.86368,3.48846],[117.8619,3.48752],[117.8611,3.48715],[117.86003,3.48647],[117.85924,3.48647],[117.8589,3.48627],[117.8563,3.48732],[117.85618,3.48743],[117.85615,3.48796],[117.85632,3.48854],[117.85666,3.48916],[117.85729,3.48985],[117.85803,3.49042],[117.85884,3.49089]]]]},"properties":{"kdprov":"65","kdkab":"02","kdkec":"100","kddesa":"003","kdsls":"0012","idsls":"65021000030012","nmprov":"KALIMANTAN UTARA","nmkab":"BULUNGAN","nmkec":"BUNYU","nmdesa":"BUNYU TIMUR","nmsls":"RT 013"}},{"type":"Feature","geometry":{"type":"MultiPolygon","coordinates":[[[[117.85372,3.48641],[117.85372,3.48646],[117.85375,3.48722],[117.85374,3.48801],[117.85375,3.48874],[117.85382,3.48942],[117.85385,3.48978],[117.85385,3.48993],[117.85384,3.49014],[117.85384,3.49029],[117.85385,3.49093],[117.85386,3.49128],[117.85385,3.49135],[117.85384,3.49137],[117.85468,3.4917],[117.85481,3.49168],[117.85697,3.49134],[117.85817,3.49108],[117.85884,3.49089],[117.85803,3.49042],[117.85729,3.48985],[117.85666,3.48916],[117.85632,3.48854],[117.85615,3.48796],[117.85618,3.48743],[117.8563,3.48732],[117.8589,3.48627],[117.85809,3.48582],[117.85778,3.48563],[117.857,3.48518],[117.85493,3.4842],[117.85489,3.48415],[117.85478,3.48421],[117.85461,3.48432],[117.85449,3.48443],[117.85434,3.48458],[117.85408,3.48484],[117.85391,3.48504],[117.85376,3.48523],[117.85376,3.48524],[117.85375,3.48565],[117.8537,3.48602],[117.85372,3.48641]]]]},"properties":{"kdprov":"65","kdkab":"02","kdkec":"100","kddesa":"003","kdsls":"0018","idsls":"65021000030018","nmprov":"KALIMANTAN UTARA","nmkab":"BULUNGAN","nmkec":"BUNYU","nmdesa":"BUNYU TIMUR","nmsls":"RT 014"}},{"type":"Feature","geometry":{"type":"MultiPolygon","coordinates":[[[[117.85989,3.45811],[117.8632,3.45738],[117.86518,3.44922],[117.86512,3.44919],[117.86512,3.44919],[117.86497,3.44907],[117.86477,3.44902],[117.86465,3.44898],[117.86458,3.44895],[117.86449,3.44886],[117.86432,3.44875],[117.86417,3.4487],[117.86405,3.44867],[117.86388,3.44857],[117.86378,3.44849],[117.86373,3.44844],[117.86356,3.4484],[117.86343,3.44841],[117.86322,3.44845],[117.86322,3.44846],[117.86309,3.44848],[117.86303,3.44852],[117.86296,3.4486],[117.86286,3.44867],[117.86272,3.44872],[117.86261,3.4487],[117.8626,3.44871],[117.86248,3.44872],[117.86231,3.44872],[117.86224,3.44878],[117.86225,3.44888],[117.86229,3.44898],[117.86234,3.44909],[117.86239,3.44922],[117.86237,3.44937],[117.86221,3.44957],[117.86172,3.45019],[117.86154,3.45038],[117.86132,3.45054],[117.86106,3.4507],[117.86044,3.45099],[117.86014,3.45111],[117.85974,3.45123],[117.85931,3.45137],[117.85924,3.45139],[117.85802,3.45176],[117.85749,3.45188],[117.85608,3.45229],[117.85575,3.45236],[117.85499,3.45257],[117.85669,3.45578],[117.85726,3.45742],[117.8576,3.45827],[117.85763,3.45827],[117.85984,3.45813],[117.85989,3.45811]]]]},"properties":{"kdprov":"65","kdkab":"02","kdkec":"100","kddesa":"002","kdsls":"0016","idsls":"65021000020016","nmprov":"KALIMANTAN UTARA","nmkab":"BULUNGAN","nmkec":"BUNYU","nmdesa":"BUNYU SELATAN","nmsls":"RT 016"}},{"type":"Feature","geometry":{"type":"MultiPolygon","coordinates":[[[[117.87398,3.47136],[117.87389,3.47135],[117.87363,3.47122],[117.8734,3.47111],[117.87339,3.47111],[117.87305,3.47094],[117.87296,3.4709],[117.87264,3.47076],[117.87245,3.47073],[117.87178,3.4706],[117.87128,3.47061],[117.87036,3.4706],[117.86948,3.4706],[117.86918,3.47061],[117.86927,3.47543],[117.87029,3.47495],[117.87089,3.47523],[117.87164,3.47642],[117.87269,3.47691],[117.87274,3.47688],[117.87281,3.47681],[117.87297,3.47668],[117.87306,3.47654],[117.87325,3.47615],[117.87333,3.47501],[117.87356,3.47351],[117.87366,3.47286],[117.87372,3.47254],[117.87383,3.4721],[117.87391,3.47178],[117.87398,3.47136]]]]},"properties":{"kdprov":"65","kdkab":"02","kdkec":"100","kddesa":"003","kdsls":"0001","idsls":"65021000030001","nmprov":"KALIMANTAN UTARA","nmkab":"BULUNGAN","nmkec":"BUNYU","nmdesa":"BUNYU TIMUR","nmsls":"RT 001"}}]}