{"type":"FeatureCollection","features":[{"type":"Feature","geometry":{"type":"MultiPolygon","coordinates":[[[[117.58815,3.28906],[117.58808,3.28916],[117.58797,3.28934],[117.58785,3.2895],[117.58775,3.28964],[117.58768,3.28973],[117.58756,3.28988],[117.58729,3.29022],[117.58777,3.29057],[117.58788,3.29064],[117.58804,3.29074],[117.58823,3.29086],[117.58874,3.29119],[117.58874,3.29119],[117.58892,3.2913],[117.5895,3.29167],[117.58995,3.29085],[117.58996,3.29084],[117.59021,3.29039],[117.58986,3.29015],[117.58956,3.28999],[117.58917,3.28973],[117.58854,3.28932],[117.58815,3.28906]]]]},"properties":{"kdprov":"65","kdkab":"71","kdkec":"010","kddesa":"007","kdsls":"0011","idsls":"65710100070011","nmprov":"KALIMANTAN UTARA","nmkab":"TARAKAN","nmkec":"TARAKAN TIMUR","nmdesa":"LINGKAS UJUNG","nmsls":"RT 011 RW 002"}},{"type":"Feature","geometry":{"type":"MultiPolygon","coordinates":[[[[117.58698,3.28638],[117.5884,3.28748],[117.58862,3.28765],[117.58866,3.28763],[117.58911,3.28799],[117.58929,3.28814],[117.58945,3.28829],[117.58974,3.28852],[117.5901,3.2888],[117.59047,3.28913],[117.59053,3.28908],[117.591,3.28948],[117.59105,3.28942],[117.59116,3.28932],[117.5913,3.2891],[117.59132,3.28906],[117.59094,3.28878],[117.59075,3.28864],[117.59031,3.28829],[117.59,3.28806],[117.58966,3.28784],[117.58874,3.28722],[117.58717,3.28621],[117.58713,3.28625],[117.58704,3.28632],[117.58698,3.28638]]]]},"properties":{"kdprov":"65","kdkab":"71","kdkec":"010","kddesa":"007","kdsls":"0007","idsls":"65710100070007","nmprov":"KALIMANTAN UTARA","nmkab":"TARAKAN","nmkec":"TARAKAN TIMUR","nmdesa":"LINGKAS UJUNG","nmsls":"RT 007 RW 002"}},{"type":"Feature","geometry":{"type":"MultiPolygon","coordinates":[[[[117.58905,3.28866],[117.59059,3.2899],[117.59072,3.28974],[117.591,3.28948],[117.59053,3.28908],[117.59047,3.28913],[117.5901,3.2888],[117.58974,3.28852],[117.58945,3.28829],[117.58929,3.28814],[117.58911,3.28799],[117.58866,3.28763],[117.58862,3.28765],[117.5884,3.28748],[117.58698,3.28638],[117.5869,3.28645],[117.58681,3.28653],[117.58635,3.28693],[117.58623,3.28704],[117.58622,3.28704],[117.58615,3.2871],[117.58626,3.28719],[117.58713,3.28781],[117.58751,3.28809],[117.58778,3.2883],[117.58822,3.28859],[117.58883,3.28896],[117.589,3.28873],[117.58905,3.28866]]]]},"properties":{"kdprov":"65","kdkab":"71","kdkec":"010","kddesa":"007","kdsls":"0007","idsls":"65710100070007","nmprov":"KALIMANTAN UTARA","nmkab":"TARAKAN","nmkec":"TARAKAN TIMUR","nmdesa":"LINGKAS UJUNG","nmsls":"RT 007 RW 002"}},{"type":"Feature","geometry":{"type":"MultiPolygon","coordinates":[[[[117.63072,3.29707],[117.62991,3.29617],[117.62895,3.29585],[117.62849,3.2945],[117.62719,3.29505],[117.62716,3.29505],[117.6272,3.29515],[117.62746,3.29558],[117.62741,3.29584],[117.62795,3.29594],[117.6279,3.29618],[117.62814,3.29622],[117.62868,3.29635],[117.62866,3.29652],[117.62872,3.29656],[117.62877,3.29665],[117.6287,3.29687],[117.62868,3.29705],[117.6286,3.29713],[117.62861,3.29748],[117.62856,3.29769],[117.62846,3.29788],[117.62842,3.29794],[117.62846,3.29798],[117.62864,3.29804],[117.62903,3.29805],[117.62946,3.29808],[117.62944,3.29742],[117.63072,3.29707]]]]},"properties":{"kdprov":"65","kdkab":"71","kdkec":"010","kddesa":"001","kdsls":"0003","idsls":"65710100010003","nmprov":"KALIMANTAN UTARA","nmkab":"TARAKAN","nmkec":"TARAKAN TIMUR","nmdesa":"MAMBURUNGAN","nmsls":"RT 003"}},{"type":"Feature","geometry":{"type":"MultiPolygon","coordinates":[[[[117.62612,3.29489],[117.62593,3.29501],[117.62534,3.29441],[117.62533,3.29442],[117.62523,3.29445],[117.62479,3.29457],[117.62465,3.29461],[117.62463,3.29461],[117.62476,3.2947],[117.62539,3.29514],[117.62582,3.29546],[117.62602,3.29564],[117.62618,3.29573],[117.62652,3.296],[117.62655,3.29597],[117.6266,3.29591],[117.62693,3.29618],[117.62685,3.29633],[117.62641,3.29681],[117.62706,3.29913],[117.62831,3.29796],[117.6284,3.29796],[117.62842,3.29794],[117.62846,3.29788],[117.62856,3.29769],[117.62861,3.29748],[117.6286,3.29713],[117.62868,3.29705],[117.6287,3.29687],[117.62877,3.29665],[117.62872,3.29656],[117.62866,3.29652],[117.62868,3.29635],[117.62814,3.29622],[117.6279,3.29618],[117.62795,3.29594],[117.62741,3.29584],[117.62746,3.29558],[117.6272,3.29515],[117.62716,3.29505],[117.62713,3.29505],[117.62706,3.29496],[117.62699,3.29498],[117.62685,3.29498],[117.62669,3.29498],[117.62647,3.29499],[117.62624,3.29486],[117.62612,3.29489]]]]},"properties":{"kdprov":"65","kdkab":"71","kdkec":"010","kddesa":"001","kdsls":"0002","idsls":"65710100010002","nmprov":"KALIMANTAN UTARA","nmkab":"TARAKAN","nmkec":"TARAKAN TIMUR","nmdesa":"MAMBURUNGAN","nmsls":"RT 002"}},{"type":"Feature","geometry":{"type":"MultiPolygon","coordinates":[[[[117.62716,3.29051],[117.62728,3.291],[117.62762,3.29142],[117.62768,3.29175],[117.62789,3.29197],[117.62807,3.29234],[117.62836,3.29198],[117.62916,3.29147],[117.62995,3.29143],[117.63035,3.2919],[117.63062,3.29326],[117.63064,3.29339],[117.63067,3.29341],[117.63046,3.29351],[117.63018,3.29375],[117.63001,3.29388],[117.62964,3.29415],[117.63099,3.29384],[117.63099,3.29366],[117.63127,3.29364],[117.63167,3.29358],[117.63292,3.2929],[117.63307,3.29198],[117.63318,3.29186],[117.63324,3.29178],[117.63446,3.29263],[117.63446,3.29263],[117.63462,3.29252],[117.63553,3.29194],[117.63582,3.29178],[117.63571,3.29069],[117.63571,3.29069],[117.63546,3.29068],[117.63544,3.29058],[117.6344,3.29083],[117.63423,3.29074],[117.63382,3.29084],[117.63286,3.29041],[117.63279,3.28996],[117.63274,3.28993],[117.63151,3.28801],[117.63057,3.2887],[117.63053,3.28873],[117.63037,3.28887],[117.63035,3.28889],[117.63034,3.28889],[117.63033,3.28888],[117.62716,3.29051]]]]},"properties":{"kdprov":"65","kdkab":"71","kdkec":"010","kddesa":"001","kdsls":"0007","idsls":"65710100010007","nmprov":"KALIMANTAN UTARA","nmkab":"TARAKAN","nmkec":"TARAKAN TIMUR","nmdesa":"MAMBURUNGAN","nmsls":"RT 007"}},{"type":"Feature","geometry":{"type":"MultiPolygon","coordinates":[[[[117.61285,3.28082],[117.61677,3.27891],[117.6174,3.27864],[117.61776,3.27865],[117.62216,3.27762],[117.6221,3.27716],[117.62189,3.27555],[117.61994,3.27594],[117.61748,3.27664],[117.61568,3.27704],[117.61212,3.27712],[117.61208,3.27729],[117.61207,3.2777],[117.61218,3.27817],[117.61217,3.27829],[117.61214,3.27869],[117.61198,3.27905],[117.61171,3.27943],[117.61137,3.27972],[117.61099,3.27984],[117.61042,3.27977],[117.60997,3.27958],[117.60986,3.27953],[117.60977,3.2795],[117.60943,3.27936],[117.60911,3.27946],[117.60926,3.27952],[117.60932,3.27955],[117.60934,3.27956],[117.60944,3.2796],[117.60972,3.27973],[117.60973,3.27973],[117.60999,3.27985],[117.61005,3.27988],[117.61038,3.28031],[117.61061,3.28061],[117.61082,3.28087],[117.61106,3.28118],[117.61106,3.28119],[117.6112,3.28157],[117.61123,3.28164],[117.61132,3.2819],[117.61133,3.28189],[117.61133,3.28189],[117.6114,3.28156],[117.61146,3.28132],[117.61156,3.28092],[117.61159,3.28076],[117.61162,3.28064],[117.61167,3.28043],[117.61185,3.28016],[117.61188,3.28012],[117.61196,3.28009],[117.61203,3.28007],[117.61215,3.28003],[117.61218,3.28003],[117.61218,3.28003],[117.61285,3.28082]]]]},"properties":{"kdprov":"65","kdkab":"71","kdkec":"010","kddesa":"001","kdsls":"0013","idsls":"65710100010013","nmprov":"KALIMANTAN UTARA","nmkab":"TARAKAN","nmkec":"TARAKAN TIMUR","nmdesa":"MAMBURUNGAN","nmsls":"RT 013"}},{"type":"Feature","geometry":{"type":"MultiPolygon","coordinates":[[[[117.63559,3.24139],[117.63549,3.24139],[117.63457,3.2415],[117.63388,3.24166],[117.63294,3.242],[117.63323,3.24265],[117.6332,3.2429],[117.63323,3.24306],[117.63328,3.24318],[117.63332,3.2433],[117.63299,3.24346],[117.63273,3.24366],[117.63247,3.2438],[117.63233,3.2439],[117.63198,3.24407],[117.63211,3.24422],[117.63349,3.24622],[117.63506,3.25049],[117.63548,3.25164],[117.63785,3.25095],[117.63782,3.24844],[117.63779,3.24671],[117.638,3.24663],[117.63704,3.24437],[117.63559,3.24139]]]]},"properties":{"kdprov":"65","kdkab":"71","kdkec":"010","kddesa":"001","kdsls":"0021","idsls":"65710100010021","nmprov":"KALIMANTAN UTARA","nmkab":"TARAKAN","nmkec":"TARAKAN TIMUR","nmdesa":"MAMBURUNGAN","nmsls":"RT 021"}},{"type":"Feature","geometry":{"type":"MultiPolygon","coordinates":[[[[117.64464,3.27418],[117.64385,3.27416],[117.64262,3.27416],[117.64119,3.2741],[117.64001,3.274],[117.63872,3.27394],[117.63768,3.27384],[117.63697,3.27381],[117.63632,3.27368],[117.63621,3.27376],[117.63606,3.27394],[117.63593,3.27422],[117.63585,3.27444],[117.6352,3.27525],[117.63517,3.27521],[117.6351,3.2753],[117.63506,3.27541],[117.63496,3.27551],[117.63482,3.27568],[117.63476,3.27582],[117.63472,3.27591],[117.63473,3.27608],[117.63476,3.27621],[117.63477,3.27628],[117.63478,3.27637],[117.63487,3.27641],[117.635,3.27652],[117.63514,3.27663],[117.63528,3.27674],[117.63539,3.27686],[117.63551,3.27697],[117.63562,3.27703],[117.63577,3.27706],[117.636,3.27709],[117.63624,3.27719],[117.63646,3.27737],[117.63668,3.27753],[117.63682,3.27762],[117.63685,3.27764],[117.63694,3.27776],[117.63706,3.2779],[117.63718,3.27802],[117.63722,3.27806],[117.6373,3.27804],[117.63748,3.27794],[117.63767,3.2779],[117.63789,3.27785],[117.63807,3.27776],[117.63823,3.27754],[117.63836,3.27734],[117.63846,3.27707],[117.63863,3.27769],[117.63868,3.27834],[117.63772,3.27976],[117.6376,3.27992],[117.63784,3.28013],[117.64332,3.28257],[117.64365,3.28105],[117.64375,3.28056],[117.64379,3.28037],[117.64385,3.28009],[117.64391,3.27984],[117.64397,3.27956],[117.64401,3.27936],[117.64402,3.27932],[117.64407,3.27905],[117.64415,3.27871],[117.64427,3.27814],[117.64428,3.27808],[117.64449,3.27713],[117.6445,3.27709],[117.64453,3.27693],[117.64455,3.27686],[117.64455,3.27686],[117.64455,3.27686],[117.64455,3.27686],[117.64455,3.27684],[117.64455,3.27684],[117.64455,3.27684],[117.64455,3.27684],[117.64455,3.27684],[117.64455,3.27684],[117.64455,3.27684],[117.64458,3.27651],[117.64459,3.27641],[117.64461,3.27631],[117.64462,3.27619],[117.64462,3.27614],[117.64464,3.27599],[117.64464,3.27596],[117.6447,3.27539],[117.6447,3.27539],[117.6447,3.27539],[117.64471,3.27533],[117.64542,3.27537],[117.64542,3.27478],[117.64476,3.27476],[117.64464,3.27418]]]]},"properties":{"kdprov":"65","kdkab":"71","kdkec":"010","kddesa":"002","kdsls":"0005","idsls":"65710100020005","nmprov":"KALIMANTAN UTARA","nmkab":"TARAKAN","nmkec":"TARAKAN TIMUR","nmdesa":"MAMBURUNGAN TIMUR","nmsls":"RT 005 RW 001"}},{"type":"Feature","geometry":{"type":"MultiPolygon","coordinates":[[[[117.63517,3.27521],[117.6352,3.27525],[117.63585,3.27444],[117.63593,3.27422],[117.63606,3.27394],[117.63621,3.27376],[117.63632,3.27368],[117.63697,3.27381],[117.63768,3.27384],[117.63872,3.27394],[117.64001,3.274],[117.64119,3.2741],[117.64262,3.27416],[117.64385,3.27416],[117.64464,3.27418],[117.64454,3.27371],[117.64457,3.27371],[117.64496,3.27336],[117.64496,3.27331],[117.64552,3.27282],[117.6454,3.26994],[117.64542,3.26978],[117.64542,3.26976],[117.64543,3.26971],[117.64293,3.2697],[117.63829,3.2695],[117.63714,3.26959],[117.63658,3.27051],[117.63645,3.27051],[117.63644,3.27066],[117.63649,3.27066],[117.63603,3.27144],[117.63577,3.27183],[117.63403,3.27396],[117.63406,3.27398],[117.63517,3.27521]]]]},"properties":{"kdprov":"65","kdkab":"71","kdkec":"010","kddesa":"002","kdsls":"0004","idsls":"65710100020004","nmprov":"KALIMANTAN UTARA","nmkab":"TARAKAN","nmkec":"TARAKAN TIMUR","nmdesa":"MAMBURUNGAN TIMUR","nmsls":"RT 004 RW 001"}},{"type":"Feature","geometry":{"type":"MultiPolygon","coordinates":[[[[117.62301,3.31139],[117.62303,3.31185],[117.62286,3.31185],[117.62288,3.31253],[117.62307,3.31264],[117.62323,3.31274],[117.62333,3.31281],[117.62341,3.31285],[117.62377,3.31591],[117.62378,3.31708],[117.62278,3.32319],[117.62278,3.3232],[117.62281,3.32322],[117.62297,3.32338],[117.62324,3.32361],[117.62352,3.32386],[117.62398,3.32426],[117.62435,3.32458],[117.62435,3.32458],[117.62545,3.32061],[117.62526,3.31814],[117.62539,3.31667],[117.62506,3.31413],[117.62492,3.31414],[117.62492,3.31402],[117.62504,3.31403],[117.62503,3.31394],[117.62495,3.31384],[117.6248,3.31364],[117.62472,3.31353],[117.62452,3.31329],[117.6244,3.31313],[117.62433,3.31304],[117.62431,3.31299],[117.62432,3.31286],[117.62434,3.31282],[117.62439,3.31277],[117.62444,3.3127],[117.62453,3.31261],[117.62458,3.31253],[117.62466,3.31244],[117.6247,3.31233],[117.62475,3.31224],[117.62475,3.31214],[117.62472,3.31167],[117.62476,3.31167],[117.6247,3.31056],[117.62467,3.31055],[117.62375,3.31056],[117.62323,3.31056],[117.62321,3.31056],[117.62325,3.31151],[117.62309,3.31142],[117.62306,3.3114],[117.62301,3.31139]]]]},"properties":{"kdprov":"65","kdkab":"71","kdkec":"010","kddesa":"004","kdsls":"0011","idsls":"65710100040011","nmprov":"KALIMANTAN UTARA","nmkab":"TARAKAN","nmkec":"TARAKAN TIMUR","nmdesa":"KAMPUNG ENAM","nmsls":"RT 011"}},{"type":"Feature","geometry":{"type":"MultiPolygon","coordinates":[[[[117.62334,3.30928],[117.62326,3.30924],[117.62316,3.3092],[117.62281,3.30907],[117.62262,3.309],[117.62254,3.30902],[117.62242,3.30903],[117.62228,3.30902],[117.62222,3.30893],[117.62221,3.30885],[117.62254,3.30667],[117.62254,3.30667],[117.62254,3.30667],[117.62225,3.30649],[117.62215,3.30643],[117.62189,3.30626],[117.62168,3.30612],[117.62109,3.30569],[117.62109,3.30568],[117.62078,3.30547],[117.62073,3.30544],[117.62069,3.30541],[117.62059,3.30533],[117.62048,3.30524],[117.62045,3.30521],[117.62035,3.30512],[117.62025,3.30522],[117.62004,3.30508],[117.61968,3.30482],[117.61927,3.3045],[117.61865,3.30404],[117.61839,3.30384],[117.61794,3.30348],[117.61761,3.30325],[117.61733,3.30302],[117.61711,3.30284],[117.61691,3.30272],[117.61676,3.30264],[117.61656,3.3032],[117.61651,3.30318],[117.61436,3.30197],[117.61419,3.30221],[117.61405,3.30232],[117.61404,3.30231],[117.61377,3.30216],[117.6134,3.30193],[117.61313,3.30187],[117.61313,3.30187],[117.61304,3.30198],[117.61303,3.30205],[117.61312,3.30244],[117.6132,3.30287],[117.61326,3.30299],[117.61375,3.303],[117.61397,3.30326],[117.61398,3.30327],[117.61413,3.30373],[117.61416,3.30416],[117.61589,3.30502],[117.61691,3.30539],[117.61727,3.30565],[117.61726,3.30567],[117.61723,3.3057],[117.61723,3.30574],[117.61723,3.3058],[117.61725,3.30584],[117.61727,3.30589],[117.61731,3.30596],[117.61734,3.30605],[117.61734,3.30611],[117.61726,3.30619],[117.61726,3.30625],[117.61732,3.30631],[117.61801,3.30665],[117.61808,3.30667],[117.61816,3.3067],[117.61827,3.30674],[117.61836,3.30678],[117.61856,3.30683],[117.61864,3.30685],[117.61872,3.30685],[117.61877,3.30684],[117.61881,3.30688],[117.61889,3.30693],[117.61902,3.30701],[117.61911,3.30707],[117.61925,3.30715],[117.61938,3.30727],[117.61998,3.3077],[117.6201,3.30777],[117.62016,3.30782],[117.62026,3.30789],[117.62095,3.30838],[117.62136,3.30869],[117.62148,3.3088],[117.62213,3.30923],[117.62273,3.30961],[117.6228,3.30966],[117.62288,3.30972],[117.6229,3.30974],[117.62297,3.30978],[117.62301,3.30982],[117.62305,3.30985],[117.62311,3.30988],[117.62315,3.3099],[117.62319,3.30991],[117.62326,3.30992],[117.62334,3.30993],[117.62334,3.30928]]]]},"properties":{"kdprov":"65","kdkab":"71","kdkec":"010","kddesa":"004","kdsls":"0006","idsls":"65710100040006","nmprov":"KALIMANTAN UTARA","nmkab":"TARAKAN","nmkec":"TARAKAN TIMUR","nmdesa":"KAMPUNG ENAM","nmsls":"RT 006"}},{"type":"Feature","geometry":{"type":"MultiPolygon","coordinates":[[[[117.62043,3.30086],[117.62039,3.30113],[117.62033,3.30151],[117.62014,3.30186],[117.61988,3.30226],[117.61951,3.30269],[117.61916,3.30312],[117.62001,3.30371],[117.62069,3.30356],[117.62143,3.30357],[117.62189,3.30352],[117.62233,3.30343],[117.62288,3.3033],[117.62288,3.3033],[117.62289,3.30329],[117.62322,3.3029],[117.62274,3.30251],[117.62188,3.30189],[117.62122,3.30144],[117.6206,3.30098],[117.62043,3.30086]]]]},"properties":{"kdprov":"65","kdkab":"71","kdkec":"010","kddesa":"005","kdsls":"0001","idsls":"65710100050001","nmprov":"KALIMANTAN UTARA","nmkab":"TARAKAN","nmkec":"TARAKAN TIMUR","nmdesa":"KAMPUNG EMPAT","nmsls":"RT 001"}},{"type":"Feature","geometry":{"type":"MultiPolygon","coordinates":[[[[117.62422,3.30168],[117.62417,3.30158],[117.62409,3.30143],[117.62405,3.30136],[117.62397,3.30126],[117.62388,3.30108],[117.62379,3.30092],[117.6237,3.30091],[117.6236,3.30088],[117.62359,3.30085],[117.62377,3.30059],[117.62345,3.30036],[117.62307,3.30015],[117.62288,3.30049],[117.6228,3.30062],[117.62257,3.30096],[117.62283,3.30143],[117.62292,3.30165],[117.62306,3.30186],[117.62294,3.30204],[117.62356,3.30251],[117.62356,3.30251],[117.6242,3.30174],[117.62422,3.30168]]]]},"properties":{"kdprov":"65","kdkab":"71","kdkec":"010","kddesa":"005","kdsls":"0002","idsls":"65710100050002","nmprov":"KALIMANTAN UTARA","nmkab":"TARAKAN","nmkec":"TARAKAN TIMUR","nmdesa":"KAMPUNG EMPAT","nmsls":"RT 002"}},{"type":"Feature","geometry":{"type":"MultiPolygon","coordinates":[[[[117.62071,3.29909],[117.62074,3.2994],[117.62069,3.30024],[117.6206,3.30098],[117.62122,3.30144],[117.62188,3.30189],[117.62274,3.30251],[117.62322,3.3029],[117.62325,3.30287],[117.62354,3.30254],[117.62356,3.30251],[117.62294,3.30204],[117.62306,3.30186],[117.62292,3.30165],[117.62283,3.30143],[117.62257,3.30096],[117.6228,3.30062],[117.62243,3.30041],[117.62166,3.29982],[117.62115,3.29942],[117.62071,3.29909]]]]},"properties":{"kdprov":"65","kdkab":"71","kdkec":"010","kddesa":"005","kdsls":"0008","idsls":"65710100050008","nmprov":"KALIMANTAN UTARA","nmkab":"TARAKAN","nmkec":"TARAKAN TIMUR","nmdesa":"KAMPUNG EMPAT","nmsls":"RT 008"}},{"type":"Feature","geometry":{"type":"MultiPolygon","coordinates":[[[[117.58578,3.28743],[117.58609,3.28764],[117.58656,3.28796],[117.58685,3.28818],[117.5874,3.28858],[117.58769,3.28879],[117.5881,3.28902],[117.58815,3.28906],[117.58854,3.28932],[117.58917,3.28973],[117.58956,3.28999],[117.58986,3.29015],[117.59021,3.29039],[117.5903,3.29022],[117.59059,3.2899],[117.58905,3.28866],[117.589,3.28873],[117.58883,3.28896],[117.58822,3.28859],[117.58778,3.2883],[117.58751,3.28809],[117.58713,3.28781],[117.58626,3.28719],[117.58615,3.2871],[117.58599,3.28725],[117.58594,3.28729],[117.58584,3.28738],[117.58578,3.28743]]]]},"properties":{"kdprov":"65","kdkab":"71","kdkec":"010","kddesa":"007","kdsls":"0015","idsls":"65710100070015","nmprov":"KALIMANTAN UTARA","nmkab":"TARAKAN","nmkec":"TARAKAN TIMUR","nmdesa":"LINGKAS UJUNG","nmsls":"RT 015 RW 002"}},{"type":"Feature","geometry":{"type":"MultiPolygon","coordinates":[[[[117.59665,3.28387],[117.5966,3.28385],[117.59635,3.28413],[117.59589,3.28474],[117.59521,3.28541],[117.59475,3.28582],[117.59364,3.28674],[117.59337,3.28698],[117.59309,3.28717],[117.59262,3.28771],[117.59244,3.28784],[117.5921,3.28821],[117.59191,3.28851],[117.59208,3.28863],[117.59226,3.28877],[117.59256,3.28897],[117.59276,3.28911],[117.59301,3.28929],[117.59307,3.28944],[117.59307,3.28971],[117.59302,3.28996],[117.59297,3.29008],[117.59343,3.29029],[117.59396,3.2906],[117.59394,3.2904],[117.59422,3.28985],[117.59438,3.28973],[117.59443,3.28965],[117.59451,3.28928],[117.59463,3.28906],[117.59469,3.28894],[117.59462,3.2888],[117.59445,3.28849],[117.59471,3.28835],[117.59482,3.28829],[117.59498,3.28817],[117.5951,3.2881],[117.5953,3.28807],[117.59545,3.28807],[117.59563,3.28814],[117.59589,3.28825],[117.59601,3.2883],[117.59613,3.28836],[117.59612,3.28854],[117.59609,3.28859],[117.59608,3.28866],[117.59611,3.28869],[117.59612,3.28868],[117.59618,3.28863],[117.59675,3.28871],[117.59677,3.28862],[117.59751,3.28862],[117.59765,3.28839],[117.59766,3.28839],[117.59766,3.28837],[117.59766,3.28836],[117.59772,3.28821],[117.59775,3.28815],[117.59775,3.28815],[117.5978,3.28804],[117.59774,3.288],[117.59795,3.28745],[117.59795,3.28745],[117.59792,3.28743],[117.5978,3.28738],[117.59775,3.2875],[117.59744,3.28738],[117.59765,3.28685],[117.59765,3.28685],[117.59753,3.28681],[117.59757,3.28672],[117.59756,3.28644],[117.59758,3.28629],[117.59764,3.28617],[117.59749,3.28609],[117.59741,3.28612],[117.5973,3.2861],[117.59728,3.28626],[117.59719,3.28632],[117.5968,3.28631],[117.59678,3.28616],[117.59672,3.28608],[117.59645,3.28604],[117.5963,3.28599],[117.59624,3.28565],[117.59629,3.28542],[117.59632,3.28531],[117.59647,3.285],[117.59663,3.2849],[117.59662,3.28489],[117.59671,3.2848],[117.59676,3.28469],[117.59684,3.28448],[117.59687,3.28437],[117.5969,3.28431],[117.59689,3.28429],[117.59686,3.28427],[117.59681,3.28424],[117.59676,3.28422],[117.59671,3.28421],[117.59668,3.2842],[117.59667,3.2842],[117.59666,3.28419],[117.59666,3.28418],[117.59664,3.28399],[117.59665,3.28387],[117.59665,3.28387]]]]},"properties":{"kdprov":"65","kdkab":"71","kdkec":"010","kddesa":"007","kdsls":"0004","idsls":"65710100070004","nmprov":"KALIMANTAN UTARA","nmkab":"TARAKAN","nmkec":"TARAKAN TIMUR","nmdesa":"LINGKAS UJUNG","nmsls":"RT 004 RW 003"}},{"type":"Feature","geometry":{"type":"MultiPolygon","coordinates":[[[[117.59542,3.295],[117.59543,3.295],[117.59578,3.29529],[117.59608,3.29577],[117.59643,3.29508],[117.59705,3.29542],[117.59712,3.29549],[117.59719,3.29559],[117.59727,3.29573],[117.5973,3.29585],[117.59733,3.29594],[117.59743,3.29592],[117.59744,3.29597],[117.59745,3.296],[117.59788,3.29521],[117.59947,3.29449],[117.59909,3.29385],[117.59904,3.29376],[117.59865,3.29395],[117.59833,3.29401],[117.5981,3.29402],[117.59778,3.29404],[117.59729,3.29403],[117.597,3.29403],[117.59679,3.29402],[117.59666,3.29403],[117.59652,3.29409],[117.59639,3.29419],[117.59627,3.29435],[117.59599,3.29414],[117.59595,3.2941],[117.59542,3.295]]]]},"properties":{"kdprov":"65","kdkab":"71","kdkec":"010","kddesa":"006","kdsls":"0006","idsls":"65710100060006","nmprov":"KALIMANTAN UTARA","nmkab":"TARAKAN","nmkec":"TARAKAN TIMUR","nmdesa":"GUNUNG LINGKAS","nmsls":"RT 006 RW 002"}},{"type":"Feature","geometry":{"type":"MultiPolygon","coordinates":[[[[117.59994,3.29538],[117.59942,3.29575],[117.59966,3.29609],[117.59922,3.29642],[117.5994,3.29668],[117.59913,3.2969],[117.59889,3.29649],[117.5977,3.29726],[117.59776,3.29728],[117.59779,3.29729],[117.59791,3.29749],[117.59801,3.29762],[117.59815,3.29765],[117.59823,3.29768],[117.59829,3.29774],[117.59859,3.29799],[117.59857,3.29812],[117.59871,3.29812],[117.59881,3.29812],[117.5989,3.29811],[117.59899,3.2981],[117.59906,3.29808],[117.59912,3.29806],[117.59917,3.29803],[117.59926,3.29799],[117.59935,3.29787],[117.59952,3.29774],[117.59966,3.29758],[117.59985,3.29751],[117.60011,3.29745],[117.60031,3.29743],[117.60045,3.29746],[117.60058,3.29749],[117.60063,3.29752],[117.60072,3.29755],[117.60084,3.29757],[117.60097,3.29757],[117.60108,3.29751],[117.60113,3.29748],[117.6012,3.29744],[117.60072,3.29712],[117.60046,3.29683],[117.60043,3.29673],[117.60025,3.29628],[117.60012,3.29575],[117.59994,3.29538]]]]},"properties":{"kdprov":"65","kdkab":"71","kdkec":"010","kddesa":"006","kdsls":"0007","idsls":"65710100060007","nmprov":"KALIMANTAN UTARA","nmkab":"TARAKAN","nmkec":"TARAKAN TIMUR","nmdesa":"GUNUNG LINGKAS","nmsls":"RT 007 RW 003"}},{"type":"Feature","geometry":{"type":"MultiPolygon","coordinates":[[[[117.60069,3.29926],[117.60086,3.29929],[117.60089,3.29928],[117.60112,3.29893],[117.60082,3.29861],[117.60099,3.29841],[117.60098,3.29836],[117.60152,3.29771],[117.60124,3.29747],[117.6012,3.29744],[117.60113,3.29748],[117.60108,3.29751],[117.60097,3.29757],[117.60084,3.29757],[117.60072,3.29755],[117.60063,3.29752],[117.60058,3.29749],[117.60045,3.29746],[117.60031,3.29743],[117.60011,3.29745],[117.59985,3.29751],[117.59966,3.29758],[117.59952,3.29774],[117.59935,3.29787],[117.59926,3.29799],[117.59917,3.29803],[117.59912,3.29806],[117.59906,3.29808],[117.59899,3.2981],[117.5989,3.29811],[117.59881,3.29812],[117.59871,3.29812],[117.59857,3.29812],[117.59857,3.29813],[117.59844,3.29821],[117.59838,3.29843],[117.59835,3.29879],[117.59835,3.2988],[117.59834,3.2989],[117.59831,3.2992],[117.59833,3.29938],[117.59848,3.29965],[117.59858,3.29977],[117.59859,3.29978],[117.59864,3.2999],[117.59864,3.30005],[117.59902,3.29994],[117.59908,3.30004],[117.59933,3.2999],[117.59935,3.29995],[117.60019,3.29955],[117.60035,3.29947],[117.60069,3.29926]]]]},"properties":{"kdprov":"65","kdkab":"71","kdkec":"010","kddesa":"006","kdsls":"0008","idsls":"65710100060008","nmprov":"KALIMANTAN UTARA","nmkab":"TARAKAN","nmkec":"TARAKAN TIMUR","nmdesa":"GUNUNG LINGKAS","nmsls":"RT 008 RW 003"}},{"type":"Feature","geometry":{"type":"MultiPolygon","coordinates":[[[[117.60142,3.30068],[117.6011,3.30019],[117.60144,3.29975],[117.60204,3.299],[117.60244,3.29849],[117.60222,3.2983],[117.60152,3.29771],[117.60098,3.29836],[117.60099,3.29841],[117.60082,3.29861],[117.60112,3.29893],[117.60089,3.29928],[117.60086,3.29929],[117.60069,3.29926],[117.60035,3.29947],[117.60019,3.29955],[117.59935,3.29995],[117.59933,3.2999],[117.59908,3.30004],[117.59902,3.29994],[117.59864,3.30005],[117.59863,3.30021],[117.59862,3.30026],[117.59861,3.3003],[117.59857,3.30038],[117.59849,3.3005],[117.59849,3.3005],[117.59836,3.30066],[117.59831,3.30072],[117.59832,3.30072],[117.59835,3.30074],[117.59863,3.3008],[117.5992,3.30093],[117.59969,3.30094],[117.60051,3.30095],[117.60063,3.30092],[117.60076,3.3009],[117.60085,3.30088],[117.60089,3.30087],[117.60099,3.30087],[117.60115,3.30082],[117.60135,3.30076],[117.60142,3.30068]]]]},"properties":{"kdprov":"65","kdkab":"71","kdkec":"010","kddesa":"006","kdsls":"0009","idsls":"65710100060009","nmprov":"KALIMANTAN UTARA","nmkab":"TARAKAN","nmkec":"TARAKAN TIMUR","nmdesa":"GUNUNG LINGKAS","nmsls":"RT 009 RW 003"}},{"type":"Feature","geometry":{"type":"MultiPolygon","coordinates":[[[[117.60345,3.29186],[117.60352,3.29122],[117.60295,3.29106],[117.60271,3.29102],[117.60257,3.2911],[117.6021,3.29101],[117.60187,3.29091],[117.60176,3.29099],[117.6017,3.29104],[117.60159,3.29111],[117.60151,3.29116],[117.60145,3.29121],[117.60142,3.29123],[117.60131,3.29129],[117.60117,3.29133],[117.60107,3.29135],[117.60089,3.29143],[117.60081,3.29148],[117.6007,3.29152],[117.60066,3.29154],[117.6006,3.29156],[117.60052,3.29158],[117.60045,3.29159],[117.60039,3.2916],[117.60015,3.29173],[117.5999,3.29191],[117.59966,3.29223],[117.59962,3.29236],[117.59957,3.29249],[117.59949,3.2926],[117.59937,3.29271],[117.59927,3.29278],[117.59916,3.29285],[117.599,3.29294],[117.59887,3.29304],[117.5987,3.29316],[117.59898,3.29366],[117.59904,3.29376],[117.59909,3.29385],[117.59947,3.29449],[117.59972,3.29492],[117.59994,3.29538],[117.60012,3.29575],[117.60025,3.29628],[117.60043,3.29673],[117.60067,3.29661],[117.60181,3.29558],[117.60208,3.2941],[117.60237,3.29403],[117.60314,3.29385],[117.60322,3.29304],[117.60345,3.29186]]]]},"properties":{"kdprov":"65","kdkab":"71","kdkec":"010","kddesa":"006","kdsls":"0012","idsls":"65710100060012","nmprov":"KALIMANTAN UTARA","nmkab":"TARAKAN","nmkec":"TARAKAN TIMUR","nmdesa":"GUNUNG LINGKAS","nmsls":"RT 012 RW 002"}},{"type":"Feature","geometry":{"type":"MultiPolygon","coordinates":[[[[117.59767,3.29111],[117.59769,3.29117],[117.59788,3.29159],[117.59792,3.29167],[117.59795,3.29163],[117.59824,3.2915],[117.5983,3.2915],[117.59834,3.29148],[117.5984,3.29145],[117.59843,3.29145],[117.59846,3.29147],[117.5985,3.29148],[117.59854,3.2915],[117.59859,3.29153],[117.59863,3.29153],[117.59868,3.29152],[117.59871,3.29152],[117.59874,3.29149],[117.59875,3.29144],[117.59875,3.29134],[117.59873,3.29133],[117.59872,3.29128],[117.59872,3.29125],[117.5987,3.29117],[117.59878,3.29106],[117.59933,3.29029],[117.5993,3.29024],[117.5992,3.29001],[117.59852,3.29035],[117.59859,3.2905],[117.59816,3.29072],[117.598,3.29049],[117.5977,3.29068],[117.59777,3.29081],[117.59757,3.29095],[117.59757,3.29096],[117.59767,3.29111]]]]},"properties":{"kdprov":"65","kdkab":"71","kdkec":"010","kddesa":"006","kdsls":"0014","idsls":"65710100060014","nmprov":"KALIMANTAN UTARA","nmkab":"TARAKAN","nmkec":"TARAKAN TIMUR","nmdesa":"GUNUNG LINGKAS","nmsls":"RT 014 RW 001"}},{"type":"Feature","geometry":{"type":"MultiPolygon","coordinates":[[[[117.59679,3.29303],[117.59688,3.29324],[117.5973,3.29368],[117.59782,3.29333],[117.59799,3.29358],[117.5981,3.29402],[117.59833,3.29401],[117.59865,3.29395],[117.59904,3.29376],[117.59898,3.29366],[117.5987,3.29316],[117.5982,3.29227],[117.5978,3.29246],[117.59737,3.29272],[117.59712,3.29285],[117.59679,3.29303]]]]},"properties":{"kdprov":"65","kdkab":"71","kdkec":"010","kddesa":"006","kdsls":"0005","idsls":"65710100060005","nmprov":"KALIMANTAN UTARA","nmkab":"TARAKAN","nmkec":"TARAKAN TIMUR","nmdesa":"GUNUNG LINGKAS","nmsls":"RT 005 RW 002"}},{"type":"Feature","geometry":{"type":"MultiPolygon","coordinates":[[[[117.59964,3.28252],[117.59961,3.28262],[117.59948,3.28279],[117.59934,3.28293],[117.59936,3.28296],[117.59951,3.28331],[117.59957,3.28412],[117.59971,3.28402],[117.59971,3.28403],[117.60009,3.284],[117.60054,3.28391],[117.60053,3.2836],[117.60063,3.2834],[117.60082,3.28318],[117.60103,3.28305],[117.60124,3.28297],[117.60144,3.28293],[117.60172,3.2828],[117.60171,3.2828],[117.60181,3.28272],[117.60189,3.28249],[117.60187,3.28218],[117.60186,3.28191],[117.6029,3.28144],[117.60451,3.27999],[117.60635,3.27902],[117.60738,3.27911],[117.60736,3.27904],[117.60736,3.27897],[117.6073,3.27879],[117.607,3.27832],[117.60654,3.27801],[117.60124,3.28069],[117.60053,3.28135],[117.59999,3.28175],[117.59988,3.2819],[117.59988,3.28192],[117.5998,3.28206],[117.59964,3.28252]]]]},"properties":{"kdprov":"65","kdkab":"71","kdkec":"010","kddesa":"007","kdsls":"0016","idsls":"65710100070016","nmprov":"KALIMANTAN UTARA","nmkab":"TARAKAN","nmkec":"TARAKAN TIMUR","nmdesa":"LINGKAS UJUNG","nmsls":"RT 016 RW 004"}},{"type":"Feature","geometry":{"type":"MultiPolygon","coordinates":[[[[117.65894,3.34552],[117.65894,3.34552],[117.65828,3.34293],[117.65797,3.34134],[117.65803,3.34048],[117.65803,3.34048],[117.65544,3.34045],[117.65169,3.34037],[117.65127,3.33982],[117.64799,3.33622],[117.64797,3.3362],[117.64619,3.33475],[117.6456,3.33427],[117.64466,3.33468],[117.64471,3.33474],[117.6458,3.33635],[117.64584,3.33641],[117.64584,3.33641],[117.64559,3.33643],[117.64695,3.33805],[117.64695,3.33805],[117.63765,3.34719],[117.64355,3.35083],[117.64355,3.35083],[117.64418,3.35216],[117.64419,3.35217],[117.65287,3.35212],[117.65862,3.35229],[117.6587,3.35229],[117.65881,3.3523],[117.65891,3.3523],[117.65969,3.35207],[117.66112,3.35175],[117.6614,3.35175],[117.66164,3.35175],[117.66148,3.35111],[117.66095,3.35016],[117.66092,3.34943],[117.66067,3.3488],[117.66066,3.34871],[117.65869,3.34881],[117.65894,3.34552]]]]},"properties":{"kdprov":"65","kdkab":"71","kdkec":"010","kddesa":"003","kdsls":"0011","idsls":"65710100030011","nmprov":"KALIMANTAN UTARA","nmkab":"TARAKAN","nmkec":"TARAKAN TIMUR","nmdesa":"PANTAI AMAL","nmsls":"RT 011"}},{"type":"Feature","geometry":{"type":"MultiPolygon","coordinates":[[[[117.66329,3.35916],[117.66105,3.36038],[117.66096,3.36042],[117.65854,3.36021],[117.65624,3.35988],[117.6512,3.35957],[117.64678,3.35903],[117.64676,3.35905],[117.64676,3.35905],[117.64716,3.35956],[117.64785,3.36045],[117.64717,3.36132],[117.64711,3.3614],[117.64711,3.3614],[117.66038,3.36275],[117.66217,3.36267],[117.66311,3.36148],[117.66338,3.36134],[117.66404,3.36109],[117.66441,3.36114],[117.66443,3.36114],[117.66531,3.36104],[117.66593,3.361],[117.66623,3.36092],[117.66722,3.36065],[117.66773,3.36049],[117.66816,3.36037],[117.66727,3.3583],[117.66628,3.35838],[117.6656,3.35842],[117.66501,3.35849],[117.66422,3.35879],[117.66329,3.35916]]]]},"properties":{"kdprov":"65","kdkab":"71","kdkec":"010","kddesa":"003","kdsls":"0013","idsls":"65710100030013","nmprov":"KALIMANTAN UTARA","nmkab":"TARAKAN","nmkec":"TARAKAN TIMUR","nmdesa":"PANTAI AMAL","nmsls":"RT 013"}},{"type":"Feature","geometry":{"type":"MultiPolygon","coordinates":[[[[117.65967,3.31967],[117.65908,3.31964],[117.65839,3.31963],[117.65735,3.31962],[117.6572,3.32138],[117.65699,3.32209],[117.65677,3.32287],[117.65222,3.32193],[117.64896,3.32114],[117.64382,3.32076],[117.64287,3.32751],[117.645,3.32754],[117.65112,3.3275],[117.65182,3.32751],[117.65294,3.32763],[117.65457,3.32771],[117.65639,3.32779],[117.65697,3.32782],[117.65798,3.32784],[117.65832,3.32809],[117.65828,3.32688],[117.65821,3.32425],[117.65852,3.32379],[117.65917,3.32239],[117.65963,3.3205],[117.65967,3.31967]]]]},"properties":{"kdprov":"65","kdkab":"71","kdkec":"010","kddesa":"003","kdsls":"0015","idsls":"65710100030015","nmprov":"KALIMANTAN UTARA","nmkab":"TARAKAN","nmkec":"TARAKAN TIMUR","nmdesa":"PANTAI AMAL","nmsls":"RT 015"}},{"type":"Feature","geometry":{"type":"MultiPolygon","coordinates":[[[[117.63307,3.27416],[117.6281,3.27577],[117.62814,3.27582],[117.62594,3.27955],[117.62492,3.28072],[117.62485,3.28178],[117.62487,3.2818],[117.62476,3.28252],[117.62523,3.28351],[117.626,3.28384],[117.62601,3.28385],[117.62668,3.28448],[117.62679,3.28458],[117.62688,3.28466],[117.62703,3.2848],[117.62722,3.28498],[117.62765,3.28539],[117.62782,3.28555],[117.62782,3.28555],[117.62784,3.28557],[117.62791,3.28555],[117.62793,3.28557],[117.62801,3.28545],[117.62964,3.28308],[117.63332,3.27931],[117.63682,3.27762],[117.63668,3.27753],[117.63646,3.27737],[117.63624,3.27719],[117.636,3.27709],[117.63577,3.27706],[117.63562,3.27703],[117.63551,3.27697],[117.63539,3.27686],[117.63528,3.27674],[117.63514,3.27663],[117.635,3.27652],[117.63487,3.27641],[117.63478,3.27637],[117.63477,3.27628],[117.63476,3.27621],[117.63473,3.27608],[117.63472,3.27591],[117.63476,3.27582],[117.63482,3.27568],[117.63496,3.27551],[117.63506,3.27541],[117.6351,3.2753],[117.63517,3.27521],[117.63406,3.27398],[117.63392,3.27399],[117.63364,3.27409],[117.63331,3.27417],[117.63307,3.27416]]]]},"properties":{"kdprov":"65","kdkab":"71","kdkec":"010","kddesa":"002","kdsls":"0001","idsls":"65710100020001","nmprov":"KALIMANTAN UTARA","nmkab":"TARAKAN","nmkec":"TARAKAN TIMUR","nmdesa":"MAMBURUNGAN TIMUR","nmsls":"RT 001 RW 001"}},{"type":"Feature","geometry":{"type":"MultiPolygon","coordinates":[[[[117.6281,3.27577],[117.63307,3.27416],[117.63292,3.27415],[117.63258,3.27407],[117.63226,3.27406],[117.63177,3.27424],[117.63166,3.27422],[117.63136,3.27407],[117.63098,3.27374],[117.63078,3.27352],[117.63066,3.27308],[117.63063,3.27256],[117.63067,3.27237],[117.63078,3.27203],[117.63079,3.27194],[117.63072,3.27172],[117.63065,3.27161],[117.63057,3.27149],[117.63041,3.2713],[117.63039,3.27108],[117.63037,3.27073],[117.6301,3.27096],[117.62989,3.27116],[117.62966,3.27142],[117.62956,3.27153],[117.62946,3.27164],[117.62921,3.27202],[117.62906,3.27231],[117.62894,3.2725],[117.62856,3.27294],[117.62854,3.27301],[117.6285,3.27306],[117.62847,3.27308],[117.62832,3.27338],[117.62681,3.27321],[117.62679,3.27329],[117.62717,3.2738],[117.62737,3.2741],[117.6277,3.27435],[117.62766,3.27475],[117.62774,3.27494],[117.62779,3.27521],[117.6279,3.27533],[117.628,3.27554],[117.62806,3.27572],[117.6281,3.27577]]]]},"properties":{"kdprov":"65","kdkab":"71","kdkec":"010","kddesa":"002","kdsls":"0009","idsls":"65710100020009","nmprov":"KALIMANTAN UTARA","nmkab":"TARAKAN","nmkec":"TARAKAN TIMUR","nmdesa":"MAMBURUNGAN TIMUR","nmsls":"RT 009 RW 002"}},{"type":"Feature","geometry":{"type":"MultiPolygon","coordinates":[[[[117.64797,3.3362],[117.65027,3.33594],[117.65101,3.33578],[117.65486,3.33606],[117.65544,3.33592],[117.65621,3.33585],[117.65705,3.33576],[117.65711,3.33576],[117.6572,3.33556],[117.65727,3.33532],[117.6573,3.33508],[117.65724,3.33471],[117.65724,3.33471],[117.65713,3.33356],[117.65713,3.33354],[117.65692,3.33359],[117.65629,3.33366],[117.64981,3.33361],[117.64531,3.33356],[117.6456,3.33427],[117.6456,3.33427],[117.6456,3.33427],[117.64619,3.33475],[117.64797,3.3362]]]]},"properties":{"kdprov":"65","kdkab":"71","kdkec":"010","kddesa":"003","kdsls":"0009","idsls":"65710100030009","nmprov":"KALIMANTAN UTARA","nmkab":"TARAKAN","nmkec":"TARAKAN TIMUR","nmdesa":"PANTAI AMAL","nmsls":"RT 009"}},{"type":"Feature","geometry":{"type":"MultiPolygon","coordinates":[[[[117.6247,3.31056],[117.62476,3.31167],[117.62583,3.31164],[117.62583,3.31163],[117.62688,3.31159],[117.6271,3.31166],[117.62749,3.31172],[117.62803,3.31174],[117.62812,3.31177],[117.62825,3.3108],[117.62828,3.31001],[117.62818,3.31002],[117.62804,3.31002],[117.62794,3.31003],[117.62782,3.31007],[117.62779,3.31008],[117.62771,3.31012],[117.62758,3.31019],[117.62745,3.31024],[117.62727,3.3103],[117.62703,3.31036],[117.62682,3.31042],[117.62649,3.31047],[117.62581,3.31057],[117.62476,3.31056],[117.6247,3.31056],[117.6247,3.31056]]]]},"properties":{"kdprov":"65","kdkab":"71","kdkec":"010","kddesa":"004","kdsls":"0010","idsls":"65710100040010","nmprov":"KALIMANTAN UTARA","nmkab":"TARAKAN","nmkec":"TARAKAN TIMUR","nmdesa":"KAMPUNG ENAM","nmsls":"RT 010"}},{"type":"Feature","geometry":{"type":"MultiPolygon","coordinates":[[[[117.624,3.30424],[117.62288,3.3033],[117.62288,3.3033],[117.6227,3.3035],[117.62305,3.30422],[117.62327,3.30458],[117.62336,3.30479],[117.62338,3.30492],[117.62339,3.30494],[117.6238,3.3054],[117.62418,3.30574],[117.62421,3.30577],[117.62415,3.30612],[117.624,3.30665],[117.62392,3.30687],[117.62393,3.30688],[117.62395,3.3069],[117.62407,3.30694],[117.62423,3.30698],[117.62431,3.307],[117.62441,3.30704],[117.62456,3.30709],[117.62464,3.30711],[117.62494,3.30722],[117.62508,3.30726],[117.62533,3.30732],[117.62533,3.30732],[117.62533,3.30732],[117.62533,3.30732],[117.62533,3.30732],[117.62534,3.30732],[117.62544,3.30735],[117.62551,3.30728],[117.62565,3.30713],[117.62594,3.30686],[117.62611,3.3066],[117.62615,3.30614],[117.62619,3.30584],[117.62581,3.3056],[117.62577,3.30527],[117.62553,3.30531],[117.62527,3.30527],[117.62461,3.30471],[117.624,3.30424]]]]},"properties":{"kdprov":"65","kdkab":"71","kdkec":"010","kddesa":"005","kdsls":"0006","idsls":"65710100050006","nmprov":"KALIMANTAN UTARA","nmkab":"TARAKAN","nmkec":"TARAKAN TIMUR","nmdesa":"KAMPUNG EMPAT","nmsls":"RT 006"}},{"type":"Feature","geometry":{"type":"MultiPolygon","coordinates":[[[[117.62418,3.30574],[117.6238,3.3054],[117.62339,3.30494],[117.62338,3.30492],[117.62296,3.30445],[117.62253,3.30463],[117.62214,3.30474],[117.62196,3.30487],[117.62225,3.3054],[117.62252,3.30561],[117.62297,3.30594],[117.62356,3.3062],[117.62368,3.30616],[117.62393,3.30593],[117.62418,3.30574]]]]},"properties":{"kdprov":"65","kdkab":"71","kdkec":"010","kddesa":"005","kdsls":"0007","idsls":"65710100050007","nmprov":"KALIMANTAN UTARA","nmkab":"TARAKAN","nmkec":"TARAKAN TIMUR","nmdesa":"KAMPUNG EMPAT","nmsls":"RT 007"}},{"type":"Feature","geometry":{"type":"MultiPolygon","coordinates":[[[[117.62392,3.30687],[117.624,3.30665],[117.62415,3.30612],[117.62421,3.30577],[117.62418,3.30574],[117.62393,3.30593],[117.62368,3.30616],[117.62356,3.3062],[117.62297,3.30594],[117.62252,3.30561],[117.62225,3.3054],[117.62196,3.30487],[117.62214,3.30474],[117.62253,3.30463],[117.62296,3.30445],[117.62338,3.30492],[117.62336,3.30479],[117.62327,3.30458],[117.62305,3.30422],[117.6227,3.3035],[117.62288,3.3033],[117.62233,3.30343],[117.62189,3.30352],[117.62143,3.30357],[117.62069,3.30356],[117.62001,3.30371],[117.61916,3.30312],[117.61903,3.30302],[117.6186,3.30267],[117.61846,3.30265],[117.61839,3.30261],[117.61833,3.30256],[117.61824,3.30241],[117.61778,3.30204],[117.61739,3.30173],[117.61703,3.30152],[117.61686,3.30153],[117.61672,3.30158],[117.61672,3.30158],[117.61683,3.30194],[117.61685,3.30216],[117.61683,3.30233],[117.61678,3.30255],[117.61684,3.30254],[117.61676,3.30264],[117.61676,3.30264],[117.61691,3.30272],[117.61711,3.30284],[117.61733,3.30302],[117.61761,3.30325],[117.61794,3.30348],[117.61839,3.30384],[117.61865,3.30404],[117.61927,3.3045],[117.61968,3.30482],[117.62004,3.30508],[117.62025,3.30522],[117.62035,3.30512],[117.62045,3.30521],[117.62048,3.30524],[117.62059,3.30533],[117.62069,3.30541],[117.62073,3.30544],[117.62078,3.30547],[117.62109,3.30568],[117.62109,3.30569],[117.62168,3.30612],[117.62189,3.30626],[117.62215,3.30643],[117.62225,3.30649],[117.62254,3.30667],[117.62254,3.30667],[117.62254,3.30667],[117.62257,3.30667],[117.62283,3.3072],[117.62381,3.3073],[117.62383,3.30731],[117.6239,3.30687],[117.62392,3.30687],[117.62392,3.30687],[117.62392,3.30687]]]]},"properties":{"kdprov":"65","kdkab":"71","kdkec":"010","kddesa":"005","kdsls":"0013","idsls":"65710100050013","nmprov":"KALIMANTAN UTARA","nmkab":"TARAKAN","nmkec":"TARAKAN TIMUR","nmdesa":"KAMPUNG EMPAT","nmsls":"RT 013"}},{"type":"Feature","geometry":{"type":"MultiPolygon","coordinates":[[[[117.61618,3.30849],[117.61628,3.30861],[117.61636,3.3089],[117.61635,3.30925],[117.61637,3.30957],[117.61632,3.30988],[117.61632,3.30999],[117.61648,3.31004],[117.6166,3.30996],[117.61673,3.30983],[117.61765,3.31025],[117.61783,3.31033],[117.61793,3.31057],[117.61796,3.31079],[117.61798,3.31096],[117.61807,3.31113],[117.61819,3.31134],[117.61834,3.31145],[117.61847,3.31157],[117.61883,3.31186],[117.61901,3.31203],[117.61927,3.31224],[117.61952,3.31243],[117.61968,3.3126],[117.61974,3.31273],[117.61978,3.31286],[117.61984,3.31294],[117.6199,3.31292],[117.61997,3.31289],[117.62005,3.31286],[117.62008,3.31276],[117.62011,3.31253],[117.62011,3.31237],[117.62014,3.31236],[117.62019,3.31236],[117.62025,3.31236],[117.6203,3.31235],[117.62036,3.31234],[117.6204,3.3123],[117.62048,3.31226],[117.62058,3.31221],[117.62067,3.31215],[117.62075,3.3121],[117.6209,3.31201],[117.62109,3.31184],[117.62121,3.31174],[117.62119,3.31172],[117.62117,3.31169],[117.62115,3.31166],[117.6211,3.3116],[117.62106,3.31156],[117.621,3.31148],[117.62092,3.31134],[117.62069,3.31116],[117.62059,3.31107],[117.62045,3.31097],[117.62046,3.31093],[117.62044,3.31089],[117.62041,3.31092],[117.61893,3.30978],[117.61679,3.30817],[117.61674,3.30817],[117.61663,3.30823],[117.61653,3.30828],[117.6164,3.30835],[117.61628,3.30842],[117.61622,3.30847],[117.61618,3.30849]]]]},"properties":{"kdprov":"65","kdkab":"71","kdkec":"010","kddesa":"004","kdsls":"0001","idsls":"65710100040001","nmprov":"KALIMANTAN UTARA","nmkab":"TARAKAN","nmkec":"TARAKAN TIMUR","nmdesa":"KAMPUNG ENAM","nmsls":"RT 001"}},{"type":"Feature","geometry":{"type":"MultiPolygon","coordinates":[[[[117.62044,3.31089],[117.62046,3.31093],[117.62045,3.31097],[117.62059,3.31107],[117.62069,3.31116],[117.62092,3.31134],[117.621,3.31148],[117.62106,3.31156],[117.6211,3.3116],[117.62115,3.31166],[117.62117,3.31169],[117.62119,3.31172],[117.62134,3.31171],[117.62162,3.3117],[117.62217,3.31168],[117.6223,3.31167],[117.62233,3.31167],[117.62232,3.31163],[117.62236,3.31162],[117.62241,3.3116],[117.62246,3.31159],[117.62253,3.31155],[117.62261,3.31149],[117.62271,3.31144],[117.62278,3.3114],[117.62284,3.31138],[117.62293,3.31138],[117.62301,3.31139],[117.62306,3.3114],[117.62309,3.31142],[117.62325,3.31151],[117.62321,3.31056],[117.62323,3.31056],[117.6232,3.31052],[117.62305,3.31052],[117.62292,3.31054],[117.62266,3.31054],[117.62255,3.31054],[117.6225,3.31053],[117.62248,3.31053],[117.62244,3.31048],[117.62241,3.31042],[117.62244,3.31031],[117.62245,3.31028],[117.62245,3.31026],[117.62244,3.31024],[117.62243,3.31022],[117.62236,3.31019],[117.6223,3.31017],[117.62218,3.31012],[117.62183,3.31002],[117.62178,3.31],[117.62173,3.31],[117.62167,3.30998],[117.62163,3.30994],[117.6216,3.3099],[117.62153,3.30986],[117.62143,3.30982],[117.62141,3.30978],[117.62138,3.30973],[117.62133,3.3097],[117.62128,3.30968],[117.62122,3.30965],[117.62115,3.30961],[117.6211,3.30959],[117.62106,3.30957],[117.62101,3.30955],[117.621,3.30954],[117.62097,3.30952],[117.62086,3.30953],[117.62069,3.30963],[117.62063,3.30976],[117.62063,3.30981],[117.62063,3.30988],[117.62073,3.30999],[117.62091,3.3102],[117.62096,3.31032],[117.62096,3.31044],[117.62093,3.31054],[117.62086,3.31065],[117.62066,3.31075],[117.62048,3.31087],[117.62044,3.31089]]]]},"properties":{"kdprov":"65","kdkab":"71","kdkec":"010","kddesa":"004","kdsls":"0004","idsls":"65710100040004","nmprov":"KALIMANTAN UTARA","nmkab":"TARAKAN","nmkec":"TARAKAN TIMUR","nmdesa":"KAMPUNG ENAM","nmsls":"RT 004"}},{"type":"Feature","geometry":{"type":"MultiPolygon","coordinates":[[[[117.62286,3.31185],[117.62303,3.31185],[117.62301,3.31139],[117.62293,3.31138],[117.62284,3.31138],[117.62278,3.3114],[117.62271,3.31144],[117.62261,3.31149],[117.62253,3.31155],[117.62246,3.31159],[117.62241,3.3116],[117.62236,3.31162],[117.62232,3.31163],[117.62233,3.31167],[117.6223,3.31167],[117.62217,3.31168],[117.62162,3.3117],[117.62134,3.31171],[117.62119,3.31172],[117.62121,3.31174],[117.62109,3.31184],[117.6209,3.31201],[117.62075,3.3121],[117.62067,3.31215],[117.62058,3.31221],[117.62048,3.31226],[117.6204,3.3123],[117.62036,3.31234],[117.6203,3.31235],[117.62025,3.31236],[117.62019,3.31236],[117.62014,3.31236],[117.62011,3.31237],[117.62011,3.31253],[117.62008,3.31276],[117.62005,3.31286],[117.61997,3.31289],[117.6199,3.31292],[117.61984,3.31294],[117.6198,3.31296],[117.61975,3.31307],[117.61974,3.3132],[117.61974,3.31334],[117.61971,3.31355],[117.61965,3.31366],[117.61957,3.31373],[117.61945,3.31385],[117.61939,3.31397],[117.61937,3.31409],[117.61926,3.31432],[117.61908,3.31457],[117.61888,3.31471],[117.61875,3.31475],[117.61825,3.31473],[117.61769,3.31473],[117.61737,3.31466],[117.61736,3.31466],[117.61719,3.31487],[117.61688,3.31508],[117.61673,3.31523],[117.61646,3.31536],[117.61637,3.31538],[117.61743,3.317],[117.61779,3.31759],[117.61879,3.31902],[117.61948,3.31975],[117.62098,3.32133],[117.62108,3.32144],[117.62108,3.32144],[117.62177,3.32216],[117.62183,3.32223],[117.6221,3.32251],[117.6223,3.32272],[117.62231,3.32272],[117.62258,3.323],[117.62278,3.32319],[117.62378,3.31708],[117.62377,3.31591],[117.62341,3.31285],[117.62333,3.31281],[117.62323,3.31274],[117.62307,3.31264],[117.62288,3.31253],[117.62286,3.31185]]]]},"properties":{"kdprov":"65","kdkab":"71","kdkec":"010","kddesa":"004","kdsls":"0002","idsls":"65710100040002","nmprov":"KALIMANTAN UTARA","nmkab":"TARAKAN","nmkec":"TARAKAN TIMUR","nmdesa":"KAMPUNG ENAM","nmsls":"RT 002"}},{"type":"Feature","geometry":{"type":"MultiPolygon","coordinates":[[[[117.62473,3.30929],[117.62486,3.30929],[117.62494,3.30722],[117.62464,3.30711],[117.62456,3.30709],[117.62441,3.30704],[117.62431,3.307],[117.62423,3.30698],[117.62407,3.30694],[117.62395,3.3069],[117.62393,3.30688],[117.62392,3.30687],[117.62392,3.30687],[117.62392,3.30687],[117.6239,3.30687],[117.62383,3.30731],[117.62381,3.3073],[117.62376,3.30798],[117.62376,3.30812],[117.62375,3.30853],[117.62367,3.30894],[117.62365,3.30901],[117.62366,3.30912],[117.62369,3.30919],[117.62375,3.30941],[117.62375,3.30997],[117.62375,3.31056],[117.62467,3.31055],[117.6247,3.31056],[117.6247,3.31056],[117.62476,3.31056],[117.62473,3.30929]]]]},"properties":{"kdprov":"65","kdkab":"71","kdkec":"010","kddesa":"004","kdsls":"0008","idsls":"65710100040008","nmprov":"KALIMANTAN UTARA","nmkab":"TARAKAN","nmkec":"TARAKAN TIMUR","nmdesa":"KAMPUNG ENAM","nmsls":"RT 008"}},{"type":"Feature","geometry":{"type":"MultiPolygon","coordinates":[[[[117.62583,3.31164],[117.62476,3.31167],[117.62472,3.31167],[117.62475,3.31214],[117.62475,3.31224],[117.6247,3.31233],[117.62466,3.31244],[117.62458,3.31253],[117.62453,3.31261],[117.62444,3.3127],[117.62439,3.31277],[117.62434,3.31282],[117.62432,3.31286],[117.62431,3.31299],[117.62433,3.31304],[117.6244,3.31313],[117.62452,3.31329],[117.62472,3.31353],[117.6248,3.31364],[117.62495,3.31384],[117.62503,3.31394],[117.62504,3.31403],[117.62492,3.31402],[117.62492,3.31414],[117.62506,3.31413],[117.62539,3.31667],[117.62526,3.31814],[117.62545,3.32061],[117.62435,3.32458],[117.62435,3.32458],[117.62438,3.32461],[117.62434,3.32461],[117.62432,3.32461],[117.62433,3.32462],[117.62433,3.32464],[117.62453,3.32484],[117.62567,3.32602],[117.62573,3.32588],[117.62573,3.32589],[117.6273,3.32198],[117.62725,3.32044],[117.62631,3.31624],[117.62629,3.3153],[117.62696,3.31483],[117.62697,3.31484],[117.62688,3.31444],[117.62688,3.31396],[117.62671,3.31343],[117.62687,3.31319],[117.62675,3.3131],[117.62678,3.31298],[117.62655,3.31289],[117.62649,3.31305],[117.62628,3.31269],[117.62633,3.31204],[117.62583,3.31206],[117.62583,3.31164]]]]},"properties":{"kdprov":"65","kdkab":"71","kdkec":"010","kddesa":"004","kdsls":"0012","idsls":"65710100040012","nmprov":"KALIMANTAN UTARA","nmkab":"TARAKAN","nmkec":"TARAKAN TIMUR","nmdesa":"KAMPUNG ENAM","nmsls":"RT 012"}},{"type":"Feature","geometry":{"type":"MultiPolygon","coordinates":[[[[117.62356,3.30251],[117.62354,3.30254],[117.62325,3.30287],[117.62322,3.3029],[117.62289,3.30329],[117.62288,3.3033],[117.624,3.30424],[117.62438,3.30383],[117.62489,3.30424],[117.62516,3.30391],[117.62469,3.30346],[117.6241,3.303],[117.62356,3.30251],[117.62356,3.30251]]]]},"properties":{"kdprov":"65","kdkab":"71","kdkec":"010","kddesa":"005","kdsls":"0005","idsls":"65710100050005","nmprov":"KALIMANTAN UTARA","nmkab":"TARAKAN","nmkec":"TARAKAN TIMUR","nmdesa":"KAMPUNG EMPAT","nmsls":"RT 005"}},{"type":"Feature","geometry":{"type":"MultiPolygon","coordinates":[[[[117.60329,3.30006],[117.60334,3.3],[117.60336,3.29998],[117.60339,3.29994],[117.60363,3.29963],[117.60325,3.29927],[117.60274,3.29877],[117.6025,3.29855],[117.60244,3.29849],[117.60204,3.299],[117.60144,3.29975],[117.6011,3.30019],[117.60142,3.30068],[117.60145,3.30065],[117.60146,3.30064],[117.60146,3.30063],[117.6015,3.3006],[117.60159,3.30054],[117.60164,3.3005],[117.60172,3.30045],[117.60179,3.3004],[117.60193,3.30031],[117.60238,3.30009],[117.60274,3.29997],[117.60301,3.29991],[117.6031,3.29998],[117.60324,3.30011],[117.60329,3.30006]]]]},"properties":{"kdprov":"65","kdkab":"71","kdkec":"010","kddesa":"006","kdsls":"0010","idsls":"65710100060010","nmprov":"KALIMANTAN UTARA","nmkab":"TARAKAN","nmkec":"TARAKAN TIMUR","nmdesa":"GUNUNG LINGKAS","nmsls":"RT 010 RW 003"}},{"type":"Feature","geometry":{"type":"MultiPolygon","coordinates":[[[[117.6206,3.30098],[117.62069,3.30024],[117.62074,3.2994],[117.62071,3.29909],[117.62047,3.29832],[117.62082,3.29781],[117.62099,3.29755],[117.62085,3.29738],[117.62004,3.29732],[117.61998,3.29734],[117.6196,3.29704],[117.6197,3.29671],[117.62002,3.29653],[117.62035,3.29651],[117.62034,3.29594],[117.62036,3.29595],[117.62039,3.29593],[117.61994,3.29576],[117.61976,3.29545],[117.61966,3.29502],[117.61976,3.29464],[117.62005,3.29438],[117.62018,3.2943],[117.62019,3.29411],[117.62015,3.29403],[117.61952,3.29377],[117.61897,3.2936],[117.61873,3.29336],[117.61807,3.29273],[117.61803,3.29269],[117.61803,3.29268],[117.61794,3.29259],[117.61786,3.2925],[117.61776,3.29239],[117.61765,3.29227],[117.61754,3.29214],[117.61755,3.29185],[117.61755,3.29182],[117.61755,3.29181],[117.61754,3.29156],[117.61753,3.29145],[117.61755,3.29115],[117.61757,3.29091],[117.61759,3.29059],[117.61758,3.29029],[117.61735,3.28994],[117.61726,3.2898],[117.61721,3.28973],[117.6166,3.28963],[117.61657,3.28962],[117.61629,3.28955],[117.61615,3.28951],[117.61582,3.28924],[117.61579,3.28922],[117.61578,3.28921],[117.61578,3.2892],[117.61577,3.2892],[117.61577,3.2892],[117.61577,3.2892],[117.61576,3.28919],[117.61576,3.28919],[117.61576,3.28919],[117.61576,3.28919],[117.61576,3.28919],[117.61576,3.28919],[117.61576,3.28919],[117.61576,3.28919],[117.61545,3.28888],[117.61527,3.28869],[117.61523,3.28865],[117.61494,3.28861],[117.61462,3.28868],[117.61428,3.28906],[117.61393,3.28963],[117.61362,3.2898],[117.61337,3.28975],[117.61298,3.28945],[117.61245,3.28878],[117.61195,3.28828],[117.61134,3.28788],[117.61071,3.28755],[117.60975,3.28749],[117.60935,3.28735],[117.60907,3.28706],[117.60893,3.28665],[117.60889,3.28667],[117.60889,3.28668],[117.60865,3.28716],[117.60857,3.28731],[117.60828,3.28788],[117.60828,3.28788],[117.6079,3.28861],[117.60843,3.28964],[117.60868,3.29023],[117.6088,3.29037],[117.60881,3.29054],[117.60882,3.29057],[117.60889,3.29093],[117.60896,3.29139],[117.60902,3.29149],[117.60913,3.29167],[117.6096,3.29262],[117.60987,3.29309],[117.60993,3.2932],[117.61044,3.29336],[117.61077,3.29346],[117.61113,3.29354],[117.61118,3.29355],[117.61188,3.29371],[117.61198,3.29374],[117.61256,3.2939],[117.61295,3.29403],[117.61297,3.2944],[117.61297,3.29452],[117.61299,3.29485],[117.61301,3.29504],[117.61301,3.29508],[117.61302,3.29526],[117.61313,3.29635],[117.61342,3.29691],[117.61349,3.29708],[117.61379,3.2977],[117.61391,3.29791],[117.61393,3.29797],[117.61399,3.29808],[117.61412,3.29854],[117.61416,3.29874],[117.61427,3.2993],[117.61436,3.29951],[117.6143,3.29968],[117.61404,3.30028],[117.61395,3.3005],[117.61383,3.30094],[117.61384,3.30109],[117.61401,3.30142],[117.61415,3.30172],[117.61427,3.30187],[117.61436,3.30197],[117.61651,3.30318],[117.61656,3.3032],[117.61676,3.30264],[117.61676,3.30264],[117.61684,3.30254],[117.61678,3.30255],[117.61683,3.30233],[117.61685,3.30216],[117.61683,3.30194],[117.61672,3.30158],[117.61672,3.30158],[117.61549,3.29956],[117.6155,3.29949],[117.61552,3.29943],[117.61555,3.29936],[117.61564,3.29927],[117.61654,3.29895],[117.61676,3.29893],[117.61701,3.29897],[117.61728,3.29916],[117.61922,3.30023],[117.62035,3.3008],[117.62043,3.30086],[117.6206,3.30098]]]]},"properties":{"kdprov":"65","kdkab":"71","kdkec":"010","kddesa":"005","kdsls":"0008","idsls":"65710100050008","nmprov":"KALIMANTAN UTARA","nmkab":"TARAKAN","nmkec":"TARAKAN TIMUR","nmdesa":"KAMPUNG EMPAT","nmsls":"RT 008"}},{"type":"Feature","geometry":{"type":"MultiPolygon","coordinates":[[[[117.61916,3.30312],[117.61951,3.30269],[117.61988,3.30226],[117.62014,3.30186],[117.62033,3.30151],[117.62039,3.30113],[117.62043,3.30086],[117.62035,3.3008],[117.61922,3.30023],[117.61728,3.29916],[117.61701,3.29897],[117.61676,3.29893],[117.61654,3.29895],[117.61564,3.29927],[117.61555,3.29936],[117.61552,3.29943],[117.6155,3.29949],[117.61549,3.29956],[117.61672,3.30158],[117.61686,3.30153],[117.61703,3.30152],[117.61739,3.30173],[117.61778,3.30204],[117.61824,3.30241],[117.61833,3.30256],[117.61839,3.30261],[117.61846,3.30265],[117.6186,3.30267],[117.61903,3.30302],[117.61916,3.30312]]]]},"properties":{"kdprov":"65","kdkab":"71","kdkec":"010","kddesa":"005","kdsls":"0001","idsls":"65710100050001","nmprov":"KALIMANTAN UTARA","nmkab":"TARAKAN","nmkec":"TARAKAN TIMUR","nmdesa":"KAMPUNG EMPAT","nmsls":"RT 001"}},{"type":"Feature","geometry":{"type":"MultiPolygon","coordinates":[[[[117.62706,3.29913],[117.62716,3.29917],[117.62716,3.29917],[117.62717,3.29917],[117.62772,3.29948],[117.62782,3.29954],[117.62784,3.29955],[117.62786,3.29956],[117.62761,3.29983],[117.62696,3.30043],[117.62658,3.30075],[117.62596,3.30126],[117.62565,3.30151],[117.62649,3.30244],[117.62661,3.30252],[117.62676,3.30256],[117.62694,3.30265],[117.62703,3.30273],[117.62715,3.30292],[117.62718,3.30294],[117.62728,3.30304],[117.62728,3.30305],[117.62926,3.30349],[117.63063,3.30352],[117.63088,3.30299],[117.63096,3.30248],[117.63093,3.30184],[117.63121,3.30158],[117.63082,3.30084],[117.63075,3.30041],[117.63071,3.30027],[117.63071,3.29994],[117.63064,3.29966],[117.63054,3.29928],[117.63072,3.29707],[117.62944,3.29742],[117.62946,3.29808],[117.62903,3.29805],[117.62864,3.29804],[117.62846,3.29798],[117.62842,3.29794],[117.6284,3.29796],[117.62831,3.29796],[117.62706,3.29913]]]]},"properties":{"kdprov":"65","kdkab":"71","kdkec":"010","kddesa":"005","kdsls":"0004","idsls":"65710100050004","nmprov":"KALIMANTAN UTARA","nmkab":"TARAKAN","nmkec":"TARAKAN TIMUR","nmdesa":"KAMPUNG EMPAT","nmsls":"RT 004"}},{"type":"Feature","geometry":{"type":"MultiPolygon","coordinates":[[[[117.62728,3.30305],[117.62728,3.30304],[117.62718,3.30294],[117.62715,3.30292],[117.62708,3.30288],[117.62691,3.30289],[117.62684,3.30292],[117.62669,3.30295],[117.62644,3.30283],[117.62612,3.30251],[117.62585,3.30219],[117.62564,3.30236],[117.62526,3.30183],[117.62481,3.30218],[117.62422,3.30168],[117.6242,3.30174],[117.62356,3.30251],[117.6241,3.303],[117.62469,3.30346],[117.62516,3.30391],[117.62521,3.30396],[117.62522,3.30396],[117.62596,3.30401],[117.62644,3.30399],[117.62683,3.30392],[117.62709,3.30365],[117.62721,3.30339],[117.62728,3.30305]]]]},"properties":{"kdprov":"65","kdkab":"71","kdkec":"010","kddesa":"005","kdsls":"0003","idsls":"65710100050003","nmprov":"KALIMANTAN UTARA","nmkab":"TARAKAN","nmkec":"TARAKAN TIMUR","nmdesa":"KAMPUNG EMPAT","nmsls":"RT 003"}},{"type":"Feature","geometry":{"type":"MultiPolygon","coordinates":[[[[117.62307,3.30015],[117.62345,3.30036],[117.62377,3.30059],[117.62359,3.30085],[117.6236,3.30088],[117.6237,3.30091],[117.62379,3.30092],[117.62388,3.30108],[117.62397,3.30126],[117.62405,3.30136],[117.62409,3.30143],[117.62417,3.30158],[117.62422,3.30168],[117.62423,3.30164],[117.6245,3.30139],[117.62471,3.3012],[117.62496,3.30095],[117.62513,3.30081],[117.62503,3.30071],[117.62498,3.30062],[117.62487,3.30044],[117.62458,3.30004],[117.62446,3.30001],[117.62423,3.29997],[117.62397,3.29977],[117.62347,3.29954],[117.62347,3.29954],[117.62319,3.29994],[117.62307,3.30015]]]]},"properties":{"kdprov":"65","kdkab":"71","kdkec":"010","kddesa":"005","kdsls":"0002","idsls":"65710100050002","nmprov":"KALIMANTAN UTARA","nmkab":"TARAKAN","nmkec":"TARAKAN TIMUR","nmdesa":"KAMPUNG EMPAT","nmsls":"RT 002"}},{"type":"Feature","geometry":{"type":"MultiPolygon","coordinates":[[[[117.62513,3.30081],[117.62496,3.30095],[117.62471,3.3012],[117.6245,3.30139],[117.62423,3.30164],[117.62422,3.30168],[117.62481,3.30218],[117.62526,3.30183],[117.62564,3.30236],[117.62585,3.30219],[117.62612,3.30251],[117.62644,3.30283],[117.62669,3.30295],[117.62684,3.30292],[117.62691,3.30289],[117.62708,3.30288],[117.62715,3.30292],[117.62703,3.30273],[117.62694,3.30265],[117.62676,3.30256],[117.62661,3.30252],[117.62649,3.30244],[117.62565,3.30151],[117.62596,3.30126],[117.62658,3.30075],[117.62696,3.30043],[117.62761,3.29983],[117.62786,3.29956],[117.62784,3.29955],[117.62782,3.29954],[117.62772,3.29948],[117.62717,3.29917],[117.62716,3.29917],[117.62716,3.29917],[117.62706,3.29913],[117.62674,3.29899],[117.62663,3.29894],[117.62609,3.29987],[117.6259,3.3001],[117.62569,3.30035],[117.62535,3.30064],[117.62513,3.30081]]]]},"properties":{"kdprov":"65","kdkab":"71","kdkec":"010","kddesa":"005","kdsls":"0011","idsls":"65710100050011","nmprov":"KALIMANTAN UTARA","nmkab":"TARAKAN","nmkec":"TARAKAN TIMUR","nmdesa":"KAMPUNG EMPAT","nmsls":"RT 011"}},{"type":"Feature","geometry":{"type":"MultiPolygon","coordinates":[[[[117.6228,3.30062],[117.62288,3.30049],[117.62307,3.30015],[117.62319,3.29994],[117.62347,3.29954],[117.62347,3.29954],[117.62355,3.29928],[117.62378,3.29869],[117.62394,3.2982],[117.62454,3.29739],[117.62408,3.297],[117.62413,3.29696],[117.62415,3.29692],[117.62417,3.29688],[117.62417,3.29683],[117.62417,3.29676],[117.62417,3.29668],[117.62414,3.29662],[117.62413,3.2966],[117.6241,3.29656],[117.62404,3.2965],[117.62402,3.29647],[117.62399,3.29645],[117.62394,3.29644],[117.6239,3.29643],[117.62385,3.29642],[117.62385,3.29642],[117.62375,3.29572],[117.62364,3.29548],[117.62364,3.29548],[117.62359,3.29548],[117.62334,3.29541],[117.62299,3.29536],[117.62261,3.29548],[117.62245,3.29549],[117.62241,3.29549],[117.62219,3.29553],[117.622,3.29549],[117.62173,3.29558],[117.62111,3.29563],[117.62039,3.29593],[117.62036,3.29595],[117.62034,3.29594],[117.62035,3.29651],[117.62002,3.29653],[117.6197,3.29671],[117.6196,3.29704],[117.61998,3.29734],[117.62004,3.29732],[117.62085,3.29738],[117.62099,3.29755],[117.62082,3.29781],[117.62047,3.29832],[117.62071,3.29909],[117.62115,3.29942],[117.62166,3.29982],[117.62243,3.30041],[117.6228,3.30062]]]]},"properties":{"kdprov":"65","kdkab":"71","kdkec":"010","kddesa":"005","kdsls":"0009","idsls":"65710100050009","nmprov":"KALIMANTAN UTARA","nmkab":"TARAKAN","nmkec":"TARAKAN TIMUR","nmdesa":"KAMPUNG EMPAT","nmsls":"RT 009"}},{"type":"Feature","geometry":{"type":"MultiPolygon","coordinates":[[[[117.5994,3.28911],[117.5992,3.29001],[117.5993,3.29024],[117.59933,3.29029],[117.59878,3.29106],[117.5987,3.29117],[117.59872,3.29125],[117.59872,3.29128],[117.59873,3.29133],[117.59875,3.29134],[117.59875,3.29144],[117.59874,3.29149],[117.59871,3.29152],[117.59868,3.29152],[117.59863,3.29153],[117.59859,3.29153],[117.59854,3.2915],[117.5985,3.29148],[117.59846,3.29147],[117.59843,3.29145],[117.5984,3.29145],[117.59834,3.29148],[117.5983,3.2915],[117.59824,3.2915],[117.59795,3.29163],[117.59792,3.29167],[117.59814,3.29215],[117.5982,3.29227],[117.5987,3.29316],[117.59887,3.29304],[117.599,3.29294],[117.59916,3.29285],[117.59927,3.29278],[117.59937,3.29271],[117.59949,3.2926],[117.59957,3.29249],[117.59962,3.29236],[117.59966,3.29223],[117.5999,3.29191],[117.60015,3.29173],[117.60039,3.2916],[117.60045,3.29159],[117.60052,3.29158],[117.6006,3.29156],[117.60066,3.29154],[117.6007,3.29152],[117.60081,3.29148],[117.60089,3.29143],[117.60107,3.29135],[117.60117,3.29133],[117.60131,3.29129],[117.60142,3.29123],[117.60145,3.29121],[117.60151,3.29116],[117.60159,3.29111],[117.6017,3.29104],[117.60176,3.29099],[117.60187,3.29091],[117.6021,3.29101],[117.60257,3.2911],[117.60271,3.29102],[117.60295,3.29106],[117.60352,3.29122],[117.60353,3.29109],[117.60393,3.29012],[117.6057,3.29024],[117.60614,3.29026],[117.60791,3.2905],[117.60882,3.29057],[117.60881,3.29054],[117.6088,3.29037],[117.60868,3.29023],[117.60843,3.28964],[117.6079,3.28861],[117.60828,3.28788],[117.60828,3.28788],[117.60857,3.28731],[117.60865,3.28716],[117.60889,3.28668],[117.60889,3.28667],[117.60893,3.28665],[117.60905,3.28659],[117.60953,3.28632],[117.60974,3.2862],[117.61026,3.28591],[117.61042,3.28581],[117.61042,3.28581],[117.61059,3.28571],[117.61123,3.28532],[117.61174,3.28499],[117.61205,3.28371],[117.61148,3.2828],[117.61118,3.28218],[117.61123,3.28164],[117.6112,3.28157],[117.61106,3.28119],[117.61106,3.28118],[117.61082,3.28087],[117.61061,3.28061],[117.61038,3.28031],[117.61005,3.27988],[117.60999,3.27985],[117.60973,3.27973],[117.60972,3.27973],[117.60944,3.2796],[117.60934,3.27956],[117.60932,3.27955],[117.60926,3.27952],[117.60911,3.27946],[117.60893,3.27951],[117.60838,3.2796],[117.60771,3.27953],[117.60751,3.27936],[117.60745,3.27932],[117.60738,3.27911],[117.60635,3.27902],[117.60451,3.27999],[117.6029,3.28144],[117.60186,3.28191],[117.60187,3.28218],[117.60189,3.28249],[117.60181,3.28272],[117.60171,3.2828],[117.60172,3.2828],[117.60206,3.28282],[117.60204,3.28292],[117.60204,3.28292],[117.60199,3.28302],[117.60181,3.28336],[117.60136,3.28423],[117.60082,3.28526],[117.60078,3.28529],[117.59983,3.28606],[117.59986,3.28641],[117.59992,3.28715],[117.59953,3.28769],[117.59944,3.28782],[117.59933,3.28797],[117.59916,3.28812],[117.59915,3.28813],[117.59905,3.2884],[117.59895,3.28867],[117.5994,3.28911]]]]},"properties":{"kdprov":"65","kdkab":"71","kdkec":"010","kddesa":"006","kdsls":"0013","idsls":"65710100060013","nmprov":"KALIMANTAN UTARA","nmkab":"TARAKAN","nmkec":"TARAKAN TIMUR","nmdesa":"GUNUNG LINGKAS","nmsls":"RT 013 RW 002"}},{"type":"Feature","geometry":{"type":"MultiPolygon","coordinates":[[[[117.60488,3.29812],[117.60508,3.29743],[117.60526,3.29689],[117.60574,3.29522],[117.60578,3.29508],[117.60612,3.29414],[117.60615,3.29412],[117.60696,3.29321],[117.6076,3.29262],[117.60774,3.29249],[117.60775,3.29247],[117.60779,3.29244],[117.60779,3.29244],[117.60848,3.29212],[117.60855,3.29209],[117.60896,3.2918],[117.60913,3.29167],[117.60902,3.29149],[117.60896,3.29139],[117.60889,3.29093],[117.60882,3.29057],[117.60791,3.2905],[117.60614,3.29026],[117.6057,3.29024],[117.60393,3.29012],[117.60353,3.29109],[117.60352,3.29122],[117.60345,3.29186],[117.60322,3.29304],[117.60314,3.29385],[117.60237,3.29403],[117.60208,3.2941],[117.60181,3.29558],[117.60067,3.29661],[117.60043,3.29673],[117.60046,3.29683],[117.60072,3.29712],[117.6012,3.29744],[117.60124,3.29747],[117.60152,3.29771],[117.60222,3.2983],[117.60244,3.29849],[117.6025,3.29855],[117.60274,3.29877],[117.60325,3.29927],[117.60363,3.29963],[117.60365,3.29961],[117.60382,3.29974],[117.60423,3.29927],[117.60437,3.29903],[117.60438,3.29885],[117.60483,3.2982],[117.60483,3.29818],[117.60488,3.29812]]]]},"properties":{"kdprov":"65","kdkab":"71","kdkec":"010","kddesa":"006","kdsls":"0011","idsls":"65710100060011","nmprov":"KALIMANTAN UTARA","nmkab":"TARAKAN","nmkec":"TARAKAN TIMUR","nmdesa":"GUNUNG LINGKAS","nmsls":"RT 011 RW 003"}},{"type":"Feature","geometry":{"type":"MultiPolygon","coordinates":[[[[117.5977,3.29726],[117.59889,3.29649],[117.59913,3.2969],[117.5994,3.29668],[117.59922,3.29642],[117.59966,3.29609],[117.59942,3.29575],[117.59994,3.29538],[117.59972,3.29492],[117.59947,3.29449],[117.59788,3.29521],[117.59745,3.296],[117.59707,3.29668],[117.59714,3.2967],[117.59727,3.29677],[117.59736,3.29692],[117.59744,3.29708],[117.5976,3.2972],[117.5977,3.29726]]]]},"properties":{"kdprov":"65","kdkab":"71","kdkec":"010","kddesa":"006","kdsls":"0007","idsls":"65710100060007","nmprov":"KALIMANTAN UTARA","nmkab":"TARAKAN","nmkec":"TARAKAN TIMUR","nmdesa":"GUNUNG LINGKAS","nmsls":"RT 007 RW 003"}},{"type":"Feature","geometry":{"type":"MultiPolygon","coordinates":[[[[117.62326,3.30924],[117.62334,3.30928],[117.62334,3.30993],[117.62326,3.30992],[117.6232,3.31052],[117.62323,3.31056],[117.62375,3.31056],[117.62375,3.30997],[117.62375,3.30941],[117.62369,3.30919],[117.62366,3.30912],[117.62365,3.30901],[117.62367,3.30894],[117.62375,3.30853],[117.62376,3.30812],[117.62376,3.30798],[117.62381,3.3073],[117.62283,3.3072],[117.62257,3.30667],[117.62254,3.30667],[117.62221,3.30885],[117.62222,3.30893],[117.62228,3.30902],[117.62242,3.30903],[117.62254,3.30902],[117.62262,3.309],[117.62281,3.30907],[117.62316,3.3092],[117.62326,3.30924]]]]},"properties":{"kdprov":"65","kdkab":"71","kdkec":"010","kddesa":"004","kdsls":"0007","idsls":"65710100040007","nmprov":"KALIMANTAN UTARA","nmkab":"TARAKAN","nmkec":"TARAKAN TIMUR","nmdesa":"KAMPUNG ENAM","nmsls":"RT 007"}},{"type":"Feature","geometry":{"type":"MultiPolygon","coordinates":[[[[117.5969,3.28431],[117.5969,3.28432],[117.59706,3.28414],[117.59732,3.28392],[117.59744,3.28382],[117.5977,3.284],[117.59798,3.28418],[117.59804,3.2842],[117.59846,3.2838],[117.59868,3.28365],[117.59868,3.28364],[117.59839,3.28332],[117.59826,3.28323],[117.59838,3.28312],[117.59841,3.28309],[117.5983,3.28295],[117.59798,3.28271],[117.59776,3.2825],[117.59764,3.28239],[117.59779,3.28225],[117.59736,3.2818],[117.59693,3.28214],[117.5974,3.28273],[117.59758,3.28292],[117.59763,3.283],[117.59764,3.28302],[117.59751,3.28314],[117.59735,3.28327],[117.5972,3.2834],[117.59691,3.2836],[117.59665,3.28387],[117.59665,3.28387],[117.59664,3.28399],[117.59666,3.28418],[117.59666,3.28419],[117.59667,3.2842],[117.59668,3.2842],[117.59671,3.28421],[117.59676,3.28422],[117.59681,3.28424],[117.59686,3.28427],[117.59689,3.28429],[117.5969,3.28431]]]]},"properties":{"kdprov":"65","kdkab":"71","kdkec":"010","kddesa":"007","kdsls":"0006","idsls":"65710100070006","nmprov":"KALIMANTAN UTARA","nmkab":"TARAKAN","nmkec":"TARAKAN TIMUR","nmdesa":"LINGKAS UJUNG","nmsls":"RT 006 RW 004"}},{"type":"Feature","geometry":{"type":"MultiPolygon","coordinates":[[[[117.59853,3.28614],[117.59869,3.28591],[117.59859,3.28567],[117.59863,3.28565],[117.59885,3.28554],[117.5987,3.28535],[117.59876,3.28529],[117.59867,3.28516],[117.59851,3.285],[117.59822,3.28513],[117.5972,3.28451],[117.59696,3.28435],[117.5969,3.28432],[117.5969,3.28432],[117.5969,3.28431],[117.59687,3.28437],[117.59684,3.28448],[117.59676,3.28469],[117.59671,3.2848],[117.59662,3.28489],[117.59663,3.2849],[117.59668,3.28493],[117.59724,3.2853],[117.59781,3.28566],[117.59797,3.28577],[117.59812,3.28587],[117.59843,3.28608],[117.59853,3.28614]]]]},"properties":{"kdprov":"65","kdkab":"71","kdkec":"010","kddesa":"007","kdsls":"0002","idsls":"65710100070002","nmprov":"KALIMANTAN UTARA","nmkab":"TARAKAN","nmkec":"TARAKAN TIMUR","nmdesa":"LINGKAS UJUNG","nmsls":"RT 002 RW 003"}},{"type":"Feature","geometry":{"type":"MultiPolygon","coordinates":[[[[117.59925,3.28282],[117.59922,3.28289],[117.59905,3.28312],[117.59895,3.28329],[117.59868,3.28364],[117.59868,3.28365],[117.59846,3.2838],[117.59804,3.2842],[117.59798,3.28418],[117.5977,3.284],[117.59744,3.28382],[117.59732,3.28392],[117.59706,3.28414],[117.5969,3.28432],[117.5969,3.28432],[117.59696,3.28435],[117.5972,3.28451],[117.59822,3.28513],[117.59851,3.285],[117.59856,3.28497],[117.5988,3.28477],[117.59913,3.28447],[117.59947,3.2842],[117.59957,3.28412],[117.59951,3.28331],[117.59936,3.28296],[117.59934,3.28293],[117.59925,3.28282]]]]},"properties":{"kdprov":"65","kdkab":"71","kdkec":"010","kddesa":"007","kdsls":"0012","idsls":"65710100070012","nmprov":"KALIMANTAN UTARA","nmkab":"TARAKAN","nmkec":"TARAKAN TIMUR","nmdesa":"LINGKAS UJUNG","nmsls":"RT 012 RW 004"}},{"type":"Feature","geometry":{"type":"MultiPolygon","coordinates":[[[[117.59944,3.28172],[117.59988,3.28192],[117.59988,3.2819],[117.59999,3.28175],[117.60053,3.28135],[117.60124,3.28069],[117.60654,3.27801],[117.60546,3.27804],[117.60516,3.27812],[117.60396,3.27804],[117.60262,3.27811],[117.60262,3.27813],[117.60242,3.27814],[117.60055,3.27806],[117.59956,3.27802],[117.59486,3.27879],[117.59974,3.28109],[117.59944,3.28172]]]]},"properties":{"kdprov":"65","kdkab":"71","kdkec":"010","kddesa":"007","kdsls":"0008","idsls":"65710100070008","nmprov":"KALIMANTAN UTARA","nmkab":"TARAKAN","nmkec":"TARAKAN TIMUR","nmdesa":"LINGKAS UJUNG","nmsls":"RT 008 RW 004"}},{"type":"Feature","geometry":{"type":"MultiPolygon","coordinates":[[[[117.59859,3.28567],[117.59869,3.28591],[117.59853,3.28614],[117.59857,3.28617],[117.59857,3.28617],[117.59884,3.28635],[117.59896,3.28643],[117.59883,3.28663],[117.59909,3.28676],[117.59906,3.2869],[117.59894,3.28688],[117.59892,3.28698],[117.59892,3.28714],[117.59892,3.28728],[117.59888,3.28741],[117.59898,3.28752],[117.59913,3.28759],[117.59912,3.2876],[117.59901,3.28776],[117.59893,3.28784],[117.59882,3.28794],[117.59888,3.28794],[117.59893,3.28794],[117.59899,3.28796],[117.59906,3.28802],[117.59916,3.28812],[117.59933,3.28797],[117.59944,3.28782],[117.59953,3.28769],[117.59992,3.28715],[117.59986,3.28641],[117.59983,3.28606],[117.60078,3.28529],[117.60082,3.28526],[117.60136,3.28423],[117.60181,3.28336],[117.60199,3.28302],[117.60204,3.28292],[117.60204,3.28292],[117.60206,3.28282],[117.60172,3.2828],[117.60144,3.28293],[117.60124,3.28297],[117.60103,3.28305],[117.60082,3.28318],[117.60063,3.2834],[117.60053,3.2836],[117.60054,3.28391],[117.60009,3.284],[117.59971,3.28403],[117.59971,3.28402],[117.59957,3.28412],[117.59947,3.2842],[117.59913,3.28447],[117.5988,3.28477],[117.59856,3.28497],[117.59851,3.285],[117.59867,3.28516],[117.59876,3.28529],[117.5987,3.28535],[117.59885,3.28554],[117.59863,3.28565],[117.59859,3.28567]]]]},"properties":{"kdprov":"65","kdkab":"71","kdkec":"010","kddesa":"007","kdsls":"0017","idsls":"65710100070017","nmprov":"KALIMANTAN UTARA","nmkab":"TARAKAN","nmkec":"TARAKAN TIMUR","nmdesa":"LINGKAS UJUNG","nmsls":"RT 017 RW 004"}},{"type":"Feature","geometry":{"type":"MultiPolygon","coordinates":[[[[117.62595,3.29351],[117.6255,3.2936],[117.62534,3.29441],[117.62593,3.29501],[117.62612,3.29489],[117.62624,3.29486],[117.62647,3.29499],[117.62669,3.29498],[117.62685,3.29498],[117.62699,3.29498],[117.62706,3.29496],[117.62713,3.29505],[117.62716,3.29505],[117.62719,3.29505],[117.62849,3.2945],[117.62881,3.29436],[117.62881,3.29435],[117.62844,3.29338],[117.62841,3.29339],[117.62806,3.29343],[117.62765,3.29344],[117.62679,3.29347],[117.62663,3.29349],[117.62661,3.29385],[117.62605,3.29375],[117.62597,3.29377],[117.62595,3.29351]]]]},"properties":{"kdprov":"65","kdkab":"71","kdkec":"010","kddesa":"001","kdsls":"0005","idsls":"65710100010005","nmprov":"KALIMANTAN UTARA","nmkab":"TARAKAN","nmkec":"TARAKAN TIMUR","nmdesa":"MAMBURUNGAN","nmsls":"RT 005"}},{"type":"Feature","geometry":{"type":"MultiPolygon","coordinates":[[[[117.6296,3.24226],[117.62861,3.24263],[117.62854,3.24265],[117.62891,3.2432],[117.62903,3.24333],[117.62915,3.24335],[117.62941,3.24373],[117.62951,3.24377],[117.63003,3.24434],[117.63,3.24437],[117.63013,3.2445],[117.63035,3.2447],[117.63053,3.24484],[117.6306,3.24491],[117.63082,3.2452],[117.63106,3.24539],[117.63328,3.25225],[117.63329,3.25228],[117.63356,3.2522],[117.63349,3.25195],[117.63271,3.24914],[117.63235,3.24777],[117.63112,3.24449],[117.63114,3.24379],[117.63067,3.24368],[117.63055,3.24354],[117.63027,3.24316],[117.63009,3.24291],[117.6299,3.24262],[117.6296,3.24226]]]]},"properties":{"kdprov":"65","kdkab":"71","kdkec":"010","kddesa":"001","kdsls":"0018","idsls":"65710100010018","nmprov":"KALIMANTAN UTARA","nmkab":"TARAKAN","nmkec":"TARAKAN TIMUR","nmdesa":"MAMBURUNGAN","nmsls":"RT 018"}},{"type":"Feature","geometry":{"type":"MultiPolygon","coordinates":[[[[117.64835,3.25635],[117.64204,3.25653],[117.63991,3.25824],[117.63399,3.25683],[117.63431,3.25881],[117.63475,3.26198],[117.63493,3.26245],[117.63507,3.26351],[117.63482,3.26397],[117.63469,3.2654],[117.63469,3.26543],[117.63472,3.26543],[117.63669,3.26546],[117.64399,3.25927],[117.64835,3.25635]]]]},"properties":{"kdprov":"65","kdkab":"71","kdkec":"010","kddesa":"002","kdsls":"0006","idsls":"65710100020006","nmprov":"KALIMANTAN UTARA","nmkab":"TARAKAN","nmkec":"TARAKAN TIMUR","nmdesa":"MAMBURUNGAN TIMUR","nmsls":"RT 006 RW 002"}},{"type":"Feature","geometry":{"type":"MultiPolygon","coordinates":[[[[117.64204,3.25653],[117.64835,3.25635],[117.65366,3.25621],[117.65389,3.25617],[117.65399,3.25615],[117.65449,3.25613],[117.65509,3.2561],[117.65509,3.2561],[117.65525,3.25609],[117.65525,3.25609],[117.65583,3.25557],[117.65611,3.25532],[117.65618,3.25515],[117.65616,3.25469],[117.65599,3.25359],[117.65566,3.25232],[117.65535,3.2516],[117.65492,3.25076],[117.65448,3.25014],[117.65442,3.25],[117.65427,3.2497],[117.65407,3.24927],[117.65396,3.24886],[117.65388,3.2483],[117.65365,3.24783],[117.6533,3.24721],[117.65301,3.24668],[117.65292,3.24633],[117.65276,3.24577],[117.65258,3.24545],[117.65248,3.24538],[117.65225,3.24532],[117.65207,3.2452],[117.65186,3.24488],[117.65166,3.24462],[117.65145,3.24436],[117.65096,3.24406],[117.65058,3.24391],[117.65009,3.2437],[117.64973,3.24351],[117.64945,3.24319],[117.64935,3.24303],[117.64923,3.24287],[117.6487,3.2421],[117.6481,3.24107],[117.64779,3.24081],[117.64762,3.24084],[117.64751,3.24091],[117.6474,3.24096],[117.64721,3.24088],[117.64697,3.24081],[117.64679,3.24077],[117.64575,3.23956],[117.6448,3.23864],[117.64198,3.23822],[117.64072,3.23822],[117.64071,3.23934],[117.64058,3.23969],[117.64061,3.24057],[117.6406,3.24071],[117.64069,3.24121],[117.64062,3.24125],[117.64048,3.24129],[117.64039,3.24145],[117.64061,3.24157],[117.64082,3.24154],[117.6409,3.24169],[117.64088,3.24315],[117.64127,3.2454],[117.638,3.24663],[117.63779,3.24671],[117.63782,3.24844],[117.63785,3.25095],[117.63787,3.25094],[117.63861,3.25096],[117.64033,3.25175],[117.64173,3.25197],[117.64191,3.25226],[117.64198,3.25253],[117.64213,3.25275],[117.64237,3.25288],[117.64277,3.25329],[117.64282,3.25351],[117.64315,3.2542],[117.64318,3.25504],[117.64298,3.2554],[117.64263,3.25573],[117.64253,3.25591],[117.64235,3.25615],[117.64223,3.2563],[117.64199,3.25653],[117.64204,3.25653]]]]},"properties":{"kdprov":"65","kdkab":"71","kdkec":"010","kddesa":"001","kdsls":"0023","idsls":"65710100010023","nmprov":"KALIMANTAN UTARA","nmkab":"TARAKAN","nmkec":"TARAKAN TIMUR","nmdesa":"MAMBURUNGAN","nmsls":"RT 023"}},{"type":"Feature","geometry":{"type":"MultiPolygon","coordinates":[[[[117.63042,3.24185],[117.6302,3.24203],[117.6296,3.24226],[117.6299,3.24262],[117.63009,3.24291],[117.63027,3.24316],[117.63055,3.24354],[117.63067,3.24368],[117.63114,3.24379],[117.63112,3.24449],[117.63235,3.24777],[117.63271,3.24914],[117.63349,3.25195],[117.63356,3.2522],[117.63548,3.25164],[117.63506,3.25049],[117.63349,3.24622],[117.63211,3.24422],[117.63198,3.24407],[117.63122,3.24321],[117.63102,3.24288],[117.63111,3.24282],[117.63096,3.24258],[117.63042,3.24185]]]]},"properties":{"kdprov":"65","kdkab":"71","kdkec":"010","kddesa":"001","kdsls":"0019","idsls":"65710100010019","nmprov":"KALIMANTAN UTARA","nmkab":"TARAKAN","nmkec":"TARAKAN TIMUR","nmdesa":"MAMBURUNGAN","nmsls":"RT 019"}},{"type":"Feature","geometry":{"type":"MultiPolygon","coordinates":[[[[117.62844,3.29338],[117.62881,3.29435],[117.62964,3.29415],[117.63001,3.29388],[117.63018,3.29375],[117.63046,3.29351],[117.63067,3.29341],[117.63064,3.29339],[117.63062,3.29326],[117.63035,3.2919],[117.62995,3.29143],[117.62916,3.29147],[117.62836,3.29198],[117.62807,3.29234],[117.62817,3.2925],[117.62828,3.29282],[117.62823,3.29283],[117.62833,3.29295],[117.62839,3.29317],[117.62845,3.29338],[117.62844,3.29338]]]]},"properties":{"kdprov":"65","kdkab":"71","kdkec":"010","kddesa":"001","kdsls":"0004","idsls":"65710100010004","nmprov":"KALIMANTAN UTARA","nmkab":"TARAKAN","nmkec":"TARAKAN TIMUR","nmdesa":"MAMBURUNGAN","nmsls":"RT 004"}},{"type":"Feature","geometry":{"type":"MultiPolygon","coordinates":[[[[117.63571,3.29069],[117.63582,3.29178],[117.63589,3.29225],[117.6359,3.2923],[117.63756,3.29213],[117.64766,3.292],[117.65542,3.29208],[117.65528,3.29069],[117.65533,3.29055],[117.6551,3.28747],[117.65523,3.28738],[117.6554,3.28732],[117.65548,3.28724],[117.65548,3.28715],[117.65547,3.28702],[117.65547,3.28694],[117.65546,3.28682],[117.65543,3.28667],[117.6554,3.28658],[117.65535,3.28653],[117.65528,3.28651],[117.6552,3.28648],[117.655,3.28643],[117.65483,3.28637],[117.65441,3.28635],[117.65421,3.28631],[117.65417,3.28623],[117.65413,3.28613],[117.65402,3.28603],[117.65397,3.28596],[117.65396,3.28593],[117.65396,3.28593],[117.64664,3.28653],[117.64663,3.28653],[117.64208,3.28641],[117.64206,3.28641],[117.64191,3.28687],[117.6419,3.28689],[117.64181,3.28717],[117.6418,3.2872],[117.6418,3.28721],[117.64178,3.28728],[117.64172,3.28745],[117.64165,3.28767],[117.64134,3.28862],[117.64126,3.28886],[117.64125,3.28887],[117.64058,3.28868],[117.6389,3.28823],[117.63773,3.28946],[117.63705,3.29073],[117.63704,3.29073],[117.63704,3.29073],[117.63571,3.29069]]]]},"properties":{"kdprov":"65","kdkab":"71","kdkec":"010","kddesa":"003","kdsls":"0003","idsls":"65710100030003","nmprov":"KALIMANTAN UTARA","nmkab":"TARAKAN","nmkec":"TARAKAN TIMUR","nmdesa":"PANTAI AMAL","nmsls":"RT 003"}},{"type":"Feature","geometry":{"type":"MultiPolygon","coordinates":[[[[117.59916,3.28812],[117.59906,3.28802],[117.59899,3.28796],[117.59893,3.28794],[117.59888,3.28794],[117.59882,3.28794],[117.59893,3.28784],[117.59901,3.28776],[117.59912,3.2876],[117.59913,3.28759],[117.59898,3.28752],[117.59888,3.28741],[117.59887,3.2874],[117.59875,3.28728],[117.5986,3.28708],[117.5984,3.28696],[117.59814,3.2868],[117.59808,3.28698],[117.59804,3.28713],[117.59795,3.28745],[117.59795,3.28745],[117.59774,3.288],[117.5978,3.28804],[117.59775,3.28815],[117.59775,3.28815],[117.59772,3.28821],[117.59766,3.28836],[117.59766,3.28837],[117.59766,3.28839],[117.59765,3.28839],[117.59791,3.28855],[117.59782,3.2887],[117.59813,3.28891],[117.59829,3.28903],[117.59833,3.289],[117.59837,3.28904],[117.59847,3.28895],[117.59845,3.28888],[117.59857,3.28873],[117.59866,3.28878],[117.59872,3.28882],[117.59875,3.28881],[117.59889,3.28871],[117.59895,3.28867],[117.59905,3.2884],[117.59915,3.28813],[117.59916,3.28812]]]]},"properties":{"kdprov":"65","kdkab":"71","kdkec":"010","kddesa":"007","kdsls":"0018","idsls":"65710100070018","nmprov":"KALIMANTAN UTARA","nmkab":"TARAKAN","nmkec":"TARAKAN TIMUR","nmdesa":"LINGKAS UJUNG","nmsls":"RT 018 RW 003"}},{"type":"Feature","geometry":{"type":"MultiPolygon","coordinates":[[[[117.62807,3.29234],[117.62789,3.29197],[117.62768,3.29175],[117.62762,3.29142],[117.62728,3.291],[117.62716,3.29051],[117.62563,3.29129],[117.62516,3.29064],[117.62425,3.29092],[117.62425,3.291],[117.6241,3.29112],[117.62369,3.29146],[117.62322,3.29184],[117.62219,3.29267],[117.62082,3.29378],[117.62018,3.2943],[117.62005,3.29438],[117.61976,3.29464],[117.61966,3.29502],[117.61976,3.29545],[117.61994,3.29576],[117.62039,3.29593],[117.62111,3.29563],[117.62173,3.29558],[117.622,3.29549],[117.62219,3.29553],[117.62241,3.29549],[117.62245,3.29549],[117.62261,3.29548],[117.62299,3.29536],[117.62334,3.29541],[117.62359,3.29548],[117.62364,3.29548],[117.62364,3.29548],[117.62371,3.29547],[117.62372,3.29547],[117.62374,3.29546],[117.62387,3.29544],[117.62391,3.2954],[117.62399,3.29525],[117.6241,3.2951],[117.62415,3.29506],[117.62451,3.29462],[117.62463,3.29461],[117.62465,3.29461],[117.62479,3.29457],[117.62523,3.29445],[117.62533,3.29442],[117.62534,3.29441],[117.6255,3.2936],[117.62595,3.29351],[117.62597,3.29377],[117.62605,3.29375],[117.62661,3.29385],[117.62663,3.29349],[117.62663,3.29349],[117.62665,3.29291],[117.62707,3.29292],[117.62747,3.29294],[117.62767,3.29294],[117.62819,3.29284],[117.62823,3.29283],[117.62828,3.29282],[117.62817,3.2925],[117.62807,3.29234]]]]},"properties":{"kdprov":"65","kdkab":"71","kdkec":"010","kddesa":"001","kdsls":"0007","idsls":"65710100010007","nmprov":"KALIMANTAN UTARA","nmkab":"TARAKAN","nmkec":"TARAKAN TIMUR","nmdesa":"MAMBURUNGAN","nmsls":"RT 007"}},{"type":"Feature","geometry":{"type":"MultiPolygon","coordinates":[[[[117.62693,3.29618],[117.6266,3.29591],[117.62655,3.29597],[117.62652,3.296],[117.62618,3.29573],[117.62602,3.29564],[117.62582,3.29546],[117.62539,3.29514],[117.62476,3.2947],[117.62463,3.29461],[117.62451,3.29462],[117.62415,3.29506],[117.6241,3.2951],[117.62399,3.29525],[117.62391,3.2954],[117.62387,3.29544],[117.62374,3.29546],[117.62372,3.29547],[117.62371,3.29547],[117.62364,3.29548],[117.62375,3.29572],[117.62385,3.29642],[117.62385,3.29642],[117.6239,3.29643],[117.62394,3.29644],[117.62399,3.29645],[117.62402,3.29647],[117.62404,3.2965],[117.6241,3.29656],[117.62413,3.2966],[117.62414,3.29662],[117.62417,3.29668],[117.62417,3.29676],[117.62417,3.29683],[117.62417,3.29688],[117.62415,3.29692],[117.62413,3.29696],[117.62408,3.297],[117.62454,3.29739],[117.62469,3.29719],[117.62516,3.29759],[117.62503,3.29772],[117.62503,3.29774],[117.6248,3.29796],[117.62514,3.2982],[117.62641,3.29681],[117.62685,3.29633],[117.62693,3.29618]]]]},"properties":{"kdprov":"65","kdkab":"71","kdkec":"010","kddesa":"001","kdsls":"0001","idsls":"65710100010001","nmprov":"KALIMANTAN UTARA","nmkab":"TARAKAN","nmkec":"TARAKAN TIMUR","nmdesa":"MAMBURUNGAN","nmsls":"RT 001"}},{"type":"Feature","geometry":{"type":"MultiPolygon","coordinates":[[[[117.63294,3.242],[117.63388,3.24166],[117.63457,3.2415],[117.63549,3.24139],[117.63559,3.24139],[117.63554,3.24128],[117.63562,3.2412],[117.63555,3.241],[117.6356,3.24094],[117.63497,3.23925],[117.6342,3.23944],[117.63344,3.23962],[117.63219,3.24047],[117.63213,3.24051],[117.63264,3.24151],[117.63294,3.242]]]]},"properties":{"kdprov":"65","kdkab":"71","kdkec":"010","kddesa":"001","kdsls":"0021","idsls":"65710100010021","nmprov":"KALIMANTAN UTARA","nmkab":"TARAKAN","nmkec":"TARAKAN TIMUR","nmdesa":"MAMBURUNGAN","nmsls":"RT 021"}},{"type":"Feature","geometry":{"type":"MultiPolygon","coordinates":[[[[117.63785,3.25095],[117.63548,3.25164],[117.63356,3.2522],[117.63329,3.25228],[117.63328,3.25225],[117.63106,3.24539],[117.63082,3.2452],[117.6306,3.24491],[117.63053,3.24484],[117.63035,3.2447],[117.63013,3.2445],[117.63,3.24437],[117.63003,3.24434],[117.62951,3.24377],[117.62941,3.24373],[117.62915,3.24335],[117.62903,3.24333],[117.62891,3.2432],[117.62854,3.24265],[117.62829,3.24274],[117.62744,3.24355],[117.62731,3.24367],[117.62657,3.24447],[117.62583,3.24593],[117.62529,3.24765],[117.62461,3.24911],[117.62416,3.24926],[117.62375,3.24926],[117.62463,3.25001],[117.62568,3.25201],[117.62676,3.25241],[117.62721,3.25255],[117.62771,3.25285],[117.62802,3.25313],[117.62823,3.25338],[117.62896,3.25476],[117.62912,3.25494],[117.62984,3.25589],[117.62988,3.25585],[117.63399,3.25683],[117.63991,3.25824],[117.64204,3.25653],[117.64199,3.25653],[117.64223,3.2563],[117.64235,3.25615],[117.64253,3.25591],[117.64263,3.25573],[117.64298,3.2554],[117.64318,3.25504],[117.64315,3.2542],[117.64282,3.25351],[117.64277,3.25329],[117.64237,3.25288],[117.64213,3.25275],[117.64198,3.25253],[117.64191,3.25226],[117.64173,3.25197],[117.64033,3.25175],[117.63861,3.25096],[117.63787,3.25094],[117.63785,3.25095]]]]},"properties":{"kdprov":"65","kdkab":"71","kdkec":"010","kddesa":"001","kdsls":"0017","idsls":"65710100010017","nmprov":"KALIMANTAN UTARA","nmkab":"TARAKAN","nmkec":"TARAKAN TIMUR","nmdesa":"MAMBURUNGAN","nmsls":"RT 017"}},{"type":"Feature","geometry":{"type":"MultiPolygon","coordinates":[[[[117.62481,3.28174],[117.62427,3.28122],[117.62427,3.28122],[117.62427,3.28122],[117.62427,3.28122],[117.62427,3.28122],[117.62221,3.28296],[117.62184,3.28363],[117.62137,3.28399],[117.61927,3.28438],[117.61924,3.2844],[117.61914,3.28461],[117.61914,3.28461],[117.61901,3.28474],[117.61814,3.28556],[117.61494,3.28861],[117.61523,3.28865],[117.61527,3.28869],[117.61545,3.28888],[117.61576,3.28919],[117.61576,3.28919],[117.61576,3.28919],[117.61576,3.28919],[117.61576,3.28919],[117.61576,3.28919],[117.61576,3.28919],[117.61576,3.28919],[117.61577,3.2892],[117.61577,3.2892],[117.61577,3.2892],[117.61578,3.2892],[117.61578,3.28921],[117.61579,3.28922],[117.61582,3.28924],[117.61615,3.28951],[117.61629,3.28955],[117.61657,3.28962],[117.6166,3.28963],[117.61721,3.28973],[117.61726,3.2898],[117.62073,3.28732],[117.62073,3.28732],[117.62073,3.28732],[117.62247,3.28693],[117.62274,3.28679],[117.62303,3.28686],[117.62415,3.28652],[117.62431,3.28622],[117.62464,3.28581],[117.62482,3.28565],[117.62498,3.28549],[117.62526,3.28498],[117.62535,3.28473],[117.62541,3.28448],[117.62547,3.28439],[117.62557,3.28409],[117.62581,3.28388],[117.626,3.28384],[117.62523,3.28351],[117.62476,3.28252],[117.62487,3.2818],[117.62485,3.28178],[117.62481,3.28174]]]]},"properties":{"kdprov":"65","kdkab":"71","kdkec":"010","kddesa":"001","kdsls":"0010","idsls":"65710100010010","nmprov":"KALIMANTAN UTARA","nmkab":"TARAKAN","nmkec":"TARAKAN TIMUR","nmdesa":"MAMBURUNGAN","nmsls":"RT 010"}},{"type":"Feature","geometry":{"type":"MultiPolygon","coordinates":[[[[117.63307,3.27416],[117.63331,3.27417],[117.63364,3.27409],[117.63392,3.27399],[117.63406,3.27398],[117.63403,3.27396],[117.63577,3.27183],[117.63603,3.27144],[117.63649,3.27066],[117.63644,3.27066],[117.63645,3.27051],[117.63658,3.27051],[117.63714,3.26959],[117.63697,3.2696],[117.63696,3.26958],[117.63687,3.26961],[117.63666,3.26963],[117.63539,3.26965],[117.63491,3.26966],[117.63413,3.26966],[117.63333,3.26959],[117.63293,3.26955],[117.63264,3.26967],[117.63257,3.26986],[117.63223,3.27017],[117.63208,3.27018],[117.63188,3.26996],[117.63169,3.27004],[117.63144,3.27015],[117.63126,3.2702],[117.63113,3.27026],[117.63083,3.27041],[117.63054,3.27057],[117.63047,3.27064],[117.63039,3.27071],[117.63037,3.27073],[117.63039,3.27108],[117.63041,3.2713],[117.63057,3.27149],[117.63065,3.27161],[117.63072,3.27172],[117.63079,3.27194],[117.63078,3.27203],[117.63067,3.27237],[117.63063,3.27256],[117.63066,3.27308],[117.63078,3.27352],[117.63098,3.27374],[117.63136,3.27407],[117.63166,3.27422],[117.63177,3.27424],[117.63226,3.27406],[117.63258,3.27407],[117.63292,3.27415],[117.63307,3.27416]]]]},"properties":{"kdprov":"65","kdkab":"71","kdkec":"010","kddesa":"002","kdsls":"0010","idsls":"65710100020010","nmprov":"KALIMANTAN UTARA","nmkab":"TARAKAN","nmkec":"TARAKAN TIMUR","nmdesa":"MAMBURUNGAN TIMUR","nmsls":"RT 010 RW 002"}},{"type":"Feature","geometry":{"type":"MultiPolygon","coordinates":[[[[117.63539,3.26965],[117.63666,3.26963],[117.63687,3.26961],[117.63696,3.26958],[117.63697,3.2696],[117.63714,3.26959],[117.63829,3.2695],[117.64293,3.2697],[117.64543,3.26971],[117.64543,3.26971],[117.64543,3.26971],[117.64543,3.26971],[117.64548,3.26905],[117.64565,3.2668],[117.64566,3.2668],[117.64566,3.2668],[117.64566,3.2668],[117.64588,3.26536],[117.64678,3.25968],[117.65027,3.25867],[117.65119,3.2584],[117.65172,3.25825],[117.65228,3.25809],[117.65268,3.25796],[117.65397,3.25759],[117.65404,3.25738],[117.65413,3.25714],[117.65417,3.25688],[117.65433,3.25662],[117.65455,3.25649],[117.65495,3.25633],[117.65522,3.25615],[117.65525,3.2561],[117.65525,3.25609],[117.65525,3.25609],[117.65509,3.2561],[117.65509,3.2561],[117.65449,3.25613],[117.65399,3.25615],[117.65389,3.25617],[117.65366,3.25621],[117.64835,3.25635],[117.64399,3.25927],[117.63669,3.26546],[117.63472,3.26543],[117.63471,3.26555],[117.63475,3.26571],[117.63487,3.2664],[117.63507,3.2671],[117.6355,3.26863],[117.63539,3.26965]]]]},"properties":{"kdprov":"65","kdkab":"71","kdkec":"010","kddesa":"002","kdsls":"0011","idsls":"65710100020011","nmprov":"KALIMANTAN UTARA","nmkab":"TARAKAN","nmkec":"TARAKAN TIMUR","nmdesa":"MAMBURUNGAN TIMUR","nmsls":"RT 011 RW 001"}},{"type":"Feature","geometry":{"type":"MultiPolygon","coordinates":[[[[117.59463,3.28906],[117.59497,3.28943],[117.59522,3.28926],[117.59575,3.28986],[117.59545,3.29009],[117.59525,3.29065],[117.59538,3.29087],[117.59557,3.2911],[117.59613,3.29058],[117.59624,3.29044],[117.59697,3.28989],[117.59688,3.28972],[117.59642,3.28919],[117.59621,3.28896],[117.59618,3.28889],[117.59612,3.28868],[117.59611,3.28869],[117.59608,3.28866],[117.59609,3.28859],[117.59612,3.28854],[117.59613,3.28836],[117.59601,3.2883],[117.59589,3.28825],[117.59563,3.28814],[117.59545,3.28807],[117.5953,3.28807],[117.5951,3.2881],[117.59498,3.28817],[117.59482,3.28829],[117.59471,3.28835],[117.59445,3.28849],[117.59462,3.2888],[117.59469,3.28894],[117.59463,3.28906]]]]},"properties":{"kdprov":"65","kdkab":"71","kdkec":"010","kddesa":"006","kdsls":"0001","idsls":"65710100060001","nmprov":"KALIMANTAN UTARA","nmkab":"TARAKAN","nmkec":"TARAKAN TIMUR","nmdesa":"GUNUNG LINGKAS","nmsls":"RT 001 RW 001"}},{"type":"Feature","geometry":{"type":"MultiPolygon","coordinates":[[[[117.59542,3.295],[117.59539,3.29505],[117.59504,3.29537],[117.5951,3.29549],[117.5951,3.29549],[117.59514,3.29559],[117.59515,3.29557],[117.59525,3.2958],[117.59533,3.29598],[117.59542,3.29602],[117.59546,3.29603],[117.59554,3.29622],[117.59561,3.29625],[117.59586,3.29636],[117.59601,3.2964],[117.59625,3.29655],[117.59653,3.29661],[117.59698,3.29665],[117.59707,3.29668],[117.59745,3.296],[117.59744,3.29597],[117.59743,3.29592],[117.59733,3.29594],[117.5973,3.29585],[117.59727,3.29573],[117.59719,3.29559],[117.59712,3.29549],[117.59705,3.29542],[117.59643,3.29508],[117.59608,3.29577],[117.59578,3.29529],[117.59543,3.295],[117.59542,3.295]]]]},"properties":{"kdprov":"65","kdkab":"71","kdkec":"010","kddesa":"006","kdsls":"0016","idsls":"65710100060016","nmprov":"KALIMANTAN UTARA","nmkab":"TARAKAN","nmkec":"TARAKAN TIMUR","nmdesa":"GUNUNG LINGKAS","nmsls":"RT 016 RW 002"}},{"type":"Feature","geometry":{"type":"MultiPolygon","coordinates":[[[[117.6232,3.31052],[117.62326,3.30992],[117.62319,3.30991],[117.62315,3.3099],[117.62311,3.30988],[117.62305,3.30985],[117.62301,3.30982],[117.62297,3.30978],[117.6229,3.30974],[117.62288,3.30972],[117.6228,3.30966],[117.62273,3.30961],[117.62213,3.30923],[117.62148,3.3088],[117.62136,3.30869],[117.62095,3.30838],[117.62026,3.30789],[117.62016,3.30782],[117.6201,3.30777],[117.61998,3.3077],[117.61938,3.30727],[117.61925,3.30715],[117.61911,3.30707],[117.61902,3.30701],[117.61889,3.30693],[117.61881,3.30688],[117.61877,3.30684],[117.61872,3.30685],[117.61864,3.30685],[117.61856,3.30683],[117.61836,3.30678],[117.61827,3.30674],[117.61816,3.3067],[117.61808,3.30667],[117.61801,3.30665],[117.61732,3.30631],[117.61726,3.30625],[117.61726,3.30619],[117.61734,3.30611],[117.61734,3.30605],[117.61731,3.30596],[117.61727,3.30589],[117.61725,3.30584],[117.61723,3.3058],[117.61723,3.30574],[117.61723,3.3057],[117.61726,3.30567],[117.61727,3.30565],[117.61691,3.30539],[117.61589,3.30502],[117.61416,3.30416],[117.61415,3.3044],[117.61406,3.30496],[117.61412,3.30548],[117.6146,3.30586],[117.61461,3.30586],[117.61482,3.30603],[117.61807,3.30796],[117.61809,3.30805],[117.61812,3.30811],[117.6182,3.30822],[117.61857,3.30849],[117.61869,3.30835],[117.61935,3.30875],[117.61955,3.30886],[117.61967,3.30892],[117.61976,3.30877],[117.61979,3.30879],[117.61985,3.30884],[117.61991,3.30891],[117.61997,3.309],[117.62006,3.3091],[117.6201,3.30913],[117.62015,3.30915],[117.62019,3.30918],[117.62027,3.30924],[117.62032,3.30926],[117.62037,3.30929],[117.62042,3.3093],[117.62049,3.30932],[117.62055,3.30935],[117.62062,3.30935],[117.62085,3.3094],[117.62087,3.30944],[117.62091,3.30949],[117.62097,3.30952],[117.621,3.30954],[117.62101,3.30955],[117.62106,3.30957],[117.6211,3.30959],[117.62115,3.30961],[117.62122,3.30965],[117.62128,3.30968],[117.62133,3.3097],[117.62138,3.30973],[117.62141,3.30978],[117.62143,3.30982],[117.62153,3.30986],[117.6216,3.3099],[117.62163,3.30994],[117.62167,3.30998],[117.62173,3.31],[117.62178,3.31],[117.62183,3.31002],[117.62218,3.31012],[117.6223,3.31017],[117.62236,3.31019],[117.62243,3.31022],[117.62244,3.31024],[117.62245,3.31026],[117.62245,3.31028],[117.62244,3.31031],[117.62241,3.31042],[117.62244,3.31048],[117.62248,3.31053],[117.6225,3.31053],[117.62255,3.31054],[117.62266,3.31054],[117.62292,3.31054],[117.62305,3.31052],[117.6232,3.31052]]]]},"properties":{"kdprov":"65","kdkab":"71","kdkec":"010","kddesa":"004","kdsls":"0005","idsls":"65710100040005","nmprov":"KALIMANTAN UTARA","nmkab":"TARAKAN","nmkec":"TARAKAN TIMUR","nmdesa":"KAMPUNG ENAM","nmsls":"RT 005"}},{"type":"Feature","geometry":{"type":"MultiPolygon","coordinates":[[[[117.66735,3.36337],[117.66729,3.36276],[117.66715,3.36219],[117.66662,3.36142],[117.66623,3.36092],[117.66593,3.361],[117.66531,3.36104],[117.66443,3.36114],[117.6644,3.36125],[117.66448,3.36156],[117.66482,3.36202],[117.665,3.3622],[117.66524,3.36248],[117.66537,3.36265],[117.66534,3.36302],[117.66735,3.36337]]]]},"properties":{"kdprov":"65","kdkab":"71","kdkec":"010","kddesa":"003","kdsls":"0014","idsls":"65710100030014","nmprov":"KALIMANTAN UTARA","nmkab":"TARAKAN","nmkec":"TARAKAN TIMUR","nmdesa":"PANTAI AMAL","nmsls":"RT 014"}},{"type":"Feature","geometry":{"type":"MultiPolygon","coordinates":[[[[117.62801,3.28545],[117.62793,3.28557],[117.62791,3.28555],[117.62784,3.28557],[117.62782,3.28555],[117.62781,3.28556],[117.62742,3.28568],[117.6271,3.28579],[117.62607,3.287],[117.62568,3.28815],[117.62565,3.28823],[117.62583,3.28849],[117.62577,3.28854],[117.6252,3.28885],[117.62415,3.28906],[117.62345,3.289],[117.62343,3.28901],[117.62226,3.28966],[117.62183,3.28991],[117.61958,3.29118],[117.61765,3.29227],[117.61776,3.29239],[117.61786,3.2925],[117.61794,3.29259],[117.61803,3.29268],[117.61803,3.29269],[117.61807,3.29273],[117.61873,3.29336],[117.61897,3.2936],[117.61952,3.29377],[117.62015,3.29403],[117.62019,3.29411],[117.62018,3.2943],[117.62082,3.29378],[117.62219,3.29267],[117.62322,3.29184],[117.62369,3.29146],[117.6241,3.29112],[117.62425,3.291],[117.62425,3.29092],[117.62516,3.29064],[117.62563,3.29129],[117.62716,3.29051],[117.63033,3.28888],[117.63034,3.28889],[117.63035,3.28889],[117.63037,3.28887],[117.63053,3.28873],[117.63057,3.2887],[117.63151,3.28801],[117.63138,3.28781],[117.6313,3.28762],[117.63061,3.28614],[117.62801,3.28545]]]]},"properties":{"kdprov":"65","kdkab":"71","kdkec":"010","kddesa":"001","kdsls":"0008","idsls":"65710100010008","nmprov":"KALIMANTAN UTARA","nmkab":"TARAKAN","nmkec":"TARAKAN TIMUR","nmdesa":"MAMBURUNGAN","nmsls":"RT 008"}},{"type":"Feature","geometry":{"type":"MultiPolygon","coordinates":[[[[117.64773,3.36262],[117.64773,3.36262],[117.64741,3.3621],[117.64741,3.3621],[117.64703,3.3615],[117.64711,3.3614],[117.64711,3.3614],[117.64717,3.36132],[117.64785,3.36045],[117.64716,3.35956],[117.64676,3.35905],[117.64676,3.35905],[117.64678,3.35903],[117.64678,3.35903],[117.6474,3.35843],[117.64801,3.35783],[117.64663,3.35708],[117.64633,3.35692],[117.64673,3.35604],[117.64679,3.35591],[117.64679,3.35591],[117.64548,3.35509],[117.64469,3.3546],[117.64469,3.3546],[117.64469,3.3546],[117.64469,3.3546],[117.64469,3.3546],[117.64469,3.3546],[117.64524,3.35418],[117.6461,3.35354],[117.64543,3.35317],[117.64543,3.35316],[117.64439,3.35259],[117.64439,3.35259],[117.64419,3.35217],[117.64418,3.35216],[117.64355,3.35083],[117.64355,3.35083],[117.63765,3.34719],[117.64695,3.33805],[117.64695,3.33805],[117.64559,3.33643],[117.64584,3.33641],[117.64584,3.33641],[117.6458,3.33635],[117.64471,3.33474],[117.64466,3.33468],[117.6456,3.33427],[117.6456,3.33427],[117.6456,3.33427],[117.64531,3.33356],[117.64475,3.33216],[117.64287,3.32751],[117.64287,3.32751],[117.64382,3.32076],[117.64401,3.31944],[117.64336,3.31786],[117.64336,3.31786],[117.64176,3.31398],[117.64176,3.31398],[117.64041,3.3107],[117.64012,3.311],[117.63981,3.31106],[117.63912,3.31097],[117.63861,3.311],[117.63801,3.31088],[117.63764,3.31092],[117.63678,3.31113],[117.63613,3.31116],[117.63565,3.31156],[117.63525,3.31171],[117.63483,3.31124],[117.63477,3.31183],[117.63441,3.3119],[117.63403,3.31199],[117.63376,3.31207],[117.63337,3.31222],[117.63318,3.31227],[117.63289,3.31237],[117.63274,3.31249],[117.6325,3.31273],[117.63229,3.31307],[117.63212,3.31327],[117.63193,3.31344],[117.6316,3.31365],[117.63126,3.31374],[117.63095,3.31371],[117.63063,3.31367],[117.63027,3.31373],[117.63016,3.31379],[117.63067,3.31456],[117.63083,3.31476],[117.63089,3.31496],[117.63083,3.31514],[117.63079,3.31533],[117.63096,3.31554],[117.63116,3.31572],[117.63144,3.31631],[117.63137,3.31665],[117.63128,3.3168],[117.63154,3.31695],[117.63166,3.31709],[117.63162,3.31739],[117.63182,3.31982],[117.63052,3.32268],[117.62872,3.32605],[117.62768,3.32771],[117.63139,3.33128],[117.63753,3.3377],[117.6386,3.33881],[117.63604,3.34144],[117.6355,3.34197],[117.63284,3.34454],[117.6297,3.34663],[117.62688,3.34831],[117.62675,3.34841],[117.62666,3.34846],[117.62612,3.34875],[117.62426,3.35025],[117.62426,3.35025],[117.62426,3.35025],[117.62426,3.3502],[117.62426,3.3502],[117.62081,3.35302],[117.61905,3.35447],[117.61566,3.35829],[117.61497,3.35907],[117.61515,3.35954],[117.61528,3.3599],[117.6147,3.36203],[117.61614,3.3628],[117.61957,3.36429],[117.62243,3.3649],[117.62243,3.3649],[117.62243,3.3649],[117.62524,3.36431],[117.627,3.36419],[117.63667,3.3634],[117.63997,3.36308],[117.643,3.36293],[117.643,3.36293],[117.64773,3.36262],[117.64773,3.36262]]]]},"properties":{"kdprov":"65","kdkab":"71","kdkec":"010","kddesa":"004","kdsls":"0015","idsls":"65710100040015","nmprov":"KALIMANTAN UTARA","nmkab":"TARAKAN","nmkec":"TARAKAN TIMUR","nmdesa":"KAMPUNG ENAM","nmsls":"RT 015"}},{"type":"Feature","geometry":{"type":"MultiPolygon","coordinates":[[[[117.64041,3.3107],[117.64176,3.31398],[117.65115,3.31251],[117.65287,3.31218],[117.65347,3.31226],[117.65381,3.31201],[117.65397,3.31193],[117.65439,3.31177],[117.65478,3.31175],[117.65547,3.31158],[117.65611,3.31147],[117.65634,3.31158],[117.65661,3.31164],[117.65695,3.31177],[117.65704,3.31195],[117.65713,3.3121],[117.65724,3.31218],[117.65729,3.3123],[117.65729,3.31242],[117.65724,3.31262],[117.65723,3.31293],[117.65735,3.31342],[117.65749,3.31364],[117.65764,3.31378],[117.6579,3.31396],[117.65818,3.31399],[117.65864,3.31402],[117.65931,3.31404],[117.65917,3.31257],[117.65871,3.30961],[117.65862,3.30918],[117.65825,3.30744],[117.65785,3.30624],[117.65757,3.30557],[117.6574,3.30518],[117.65718,3.30524],[117.65702,3.30526],[117.65686,3.30525],[117.65649,3.30517],[117.6561,3.30511],[117.65544,3.30498],[117.65441,3.30477],[117.65233,3.30441],[117.65188,3.30438],[117.6518,3.30441],[117.6517,3.30447],[117.65163,3.30453],[117.65159,3.30464],[117.6516,3.30481],[117.65153,3.30504],[117.65124,3.30518],[117.65086,3.30527],[117.6507,3.30538],[117.64987,3.30599],[117.64951,3.30626],[117.64926,3.30644],[117.64901,3.30652],[117.64847,3.30667],[117.64806,3.30687],[117.64771,3.30712],[117.64716,3.30799],[117.64687,3.30818],[117.6459,3.30854],[117.64517,3.30873],[117.64471,3.30878],[117.64423,3.30882],[117.64391,3.30889],[117.64341,3.30909],[117.64305,3.30921],[117.64273,3.30937],[117.64247,3.30941],[117.6422,3.30941],[117.6422,3.30941],[117.64144,3.30969],[117.64095,3.31006],[117.64041,3.3107]]]]},"properties":{"kdprov":"65","kdkab":"71","kdkec":"010","kddesa":"003","kdsls":"0006","idsls":"65710100030006","nmprov":"KALIMANTAN UTARA","nmkab":"TARAKAN","nmkec":"TARAKAN TIMUR","nmdesa":"PANTAI AMAL","nmsls":"RT 006"}},{"type":"Feature","geometry":{"type":"MultiPolygon","coordinates":[[[[117.5992,3.29001],[117.5994,3.28911],[117.59895,3.28867],[117.59889,3.28871],[117.59875,3.28881],[117.59872,3.28882],[117.59866,3.28878],[117.59857,3.28873],[117.59845,3.28888],[117.59847,3.28895],[117.59837,3.28904],[117.59833,3.289],[117.59829,3.28903],[117.59813,3.28891],[117.59782,3.2887],[117.59791,3.28855],[117.59765,3.28839],[117.59751,3.28862],[117.59677,3.28862],[117.59675,3.28871],[117.59618,3.28863],[117.59612,3.28868],[117.59618,3.28889],[117.59621,3.28896],[117.59642,3.28919],[117.59688,3.28972],[117.59697,3.28989],[117.59704,3.29002],[117.5974,3.29067],[117.59757,3.29095],[117.59777,3.29081],[117.5977,3.29068],[117.598,3.29049],[117.59816,3.29072],[117.59859,3.2905],[117.59852,3.29035],[117.5992,3.29001]]]]},"properties":{"kdprov":"65","kdkab":"71","kdkec":"010","kddesa":"006","kdsls":"0015","idsls":"65710100060015","nmprov":"KALIMANTAN UTARA","nmkab":"TARAKAN","nmkec":"TARAKAN TIMUR","nmdesa":"GUNUNG LINGKAS","nmsls":"RT 015 RW 001"}},{"type":"Feature","geometry":{"type":"MultiPolygon","coordinates":[[[[117.59896,3.28643],[117.59884,3.28635],[117.59857,3.28617],[117.59857,3.28617],[117.59853,3.28614],[117.59843,3.28608],[117.59812,3.28587],[117.59797,3.28577],[117.59771,3.2862],[117.59764,3.28617],[117.59758,3.28629],[117.59756,3.28644],[117.59757,3.28672],[117.59753,3.28681],[117.59765,3.28685],[117.59765,3.28685],[117.59744,3.28738],[117.59775,3.2875],[117.5978,3.28738],[117.59792,3.28743],[117.59795,3.28745],[117.59804,3.28713],[117.59808,3.28698],[117.59814,3.2868],[117.5984,3.28696],[117.5986,3.28708],[117.59875,3.28728],[117.59887,3.2874],[117.59888,3.28741],[117.59892,3.28728],[117.59892,3.28714],[117.59892,3.28698],[117.59894,3.28688],[117.59906,3.2869],[117.59909,3.28676],[117.59883,3.28663],[117.59896,3.28643]]]]},"properties":{"kdprov":"65","kdkab":"71","kdkec":"010","kddesa":"007","kdsls":"0010","idsls":"65710100070010","nmprov":"KALIMANTAN UTARA","nmkab":"TARAKAN","nmkec":"TARAKAN TIMUR","nmdesa":"LINGKAS UJUNG","nmsls":"RT 010 RW 003"}},{"type":"Feature","geometry":{"type":"MultiPolygon","coordinates":[[[[117.59764,3.28617],[117.59771,3.2862],[117.59797,3.28577],[117.59781,3.28566],[117.59724,3.2853],[117.59668,3.28493],[117.59663,3.2849],[117.59647,3.285],[117.59632,3.28531],[117.59629,3.28542],[117.59624,3.28565],[117.5963,3.28599],[117.59645,3.28604],[117.59672,3.28608],[117.59678,3.28616],[117.5968,3.28631],[117.59719,3.28632],[117.59728,3.28626],[117.5973,3.2861],[117.59741,3.28612],[117.59749,3.28609],[117.59764,3.28617]]]]},"properties":{"kdprov":"65","kdkab":"71","kdkec":"010","kddesa":"007","kdsls":"0014","idsls":"65710100070014","nmprov":"KALIMANTAN UTARA","nmkab":"TARAKAN","nmkec":"TARAKAN TIMUR","nmdesa":"LINGKAS UJUNG","nmsls":"RT 014 RW 003"}},{"type":"Feature","geometry":{"type":"MultiPolygon","coordinates":[[[[117.62473,3.30929],[117.62476,3.31056],[117.62581,3.31057],[117.62649,3.31047],[117.62682,3.31042],[117.62703,3.31036],[117.62727,3.3103],[117.62745,3.31024],[117.62758,3.31019],[117.62771,3.31012],[117.62779,3.31008],[117.62782,3.31007],[117.62794,3.31003],[117.62804,3.31002],[117.62818,3.31002],[117.62828,3.31001],[117.62828,3.30999],[117.6285,3.30867],[117.62854,3.30759],[117.62854,3.30759],[117.6285,3.30759],[117.62847,3.3076],[117.62807,3.30765],[117.62768,3.30764],[117.62734,3.30764],[117.62724,3.30765],[117.62717,3.30766],[117.62705,3.30766],[117.62687,3.30766],[117.62687,3.30766],[117.62687,3.30766],[117.6268,3.30765],[117.62666,3.30764],[117.6263,3.30755],[117.62625,3.30753],[117.62607,3.3075],[117.62584,3.30745],[117.62544,3.30735],[117.62534,3.30732],[117.62533,3.30732],[117.62533,3.30732],[117.62533,3.30732],[117.62533,3.30732],[117.62533,3.30732],[117.62508,3.30726],[117.62494,3.30722],[117.62486,3.30929],[117.62473,3.30929]]]]},"properties":{"kdprov":"65","kdkab":"71","kdkec":"010","kddesa":"004","kdsls":"0009","idsls":"65710100040009","nmprov":"KALIMANTAN UTARA","nmkab":"TARAKAN","nmkec":"TARAKAN TIMUR","nmdesa":"KAMPUNG ENAM","nmsls":"RT 009"}},{"type":"Feature","geometry":{"type":"MultiPolygon","coordinates":[[[[117.62849,3.2945],[117.62895,3.29585],[117.62991,3.29617],[117.63072,3.29707],[117.6376,3.29896],[117.63758,3.2989],[117.63757,3.29886],[117.63749,3.29858],[117.63749,3.29858],[117.63742,3.29834],[117.63735,3.29807],[117.63722,3.29763],[117.6372,3.29753],[117.63715,3.29735],[117.63715,3.29735],[117.63714,3.29731],[117.63708,3.29705],[117.63701,3.2967],[117.637,3.29666],[117.637,3.29666],[117.63693,3.29634],[117.63688,3.29615],[117.63652,3.29476],[117.63646,3.29462],[117.63641,3.29442],[117.63609,3.29306],[117.6359,3.2923],[117.63589,3.29225],[117.63582,3.29178],[117.63553,3.29194],[117.63462,3.29252],[117.63446,3.29263],[117.63487,3.29332],[117.63512,3.29397],[117.63426,3.29412],[117.63401,3.29413],[117.63372,3.29402],[117.63352,3.29394],[117.63328,3.29409],[117.63326,3.29415],[117.63283,3.2947],[117.63241,3.29454],[117.63162,3.29428],[117.63129,3.29424],[117.63112,3.29398],[117.63099,3.29387],[117.63099,3.29384],[117.62964,3.29415],[117.62881,3.29435],[117.62881,3.29436],[117.62849,3.2945]]]]},"properties":{"kdprov":"65","kdkab":"71","kdkec":"010","kddesa":"001","kdsls":"0003","idsls":"65710100010003","nmprov":"KALIMANTAN UTARA","nmkab":"TARAKAN","nmkec":"TARAKAN TIMUR","nmdesa":"MAMBURUNGAN","nmsls":"RT 003"}},{"type":"Feature","geometry":{"type":"MultiPolygon","coordinates":[[[[117.6376,3.29896],[117.63072,3.29707],[117.63054,3.29928],[117.63064,3.29966],[117.63071,3.29994],[117.63071,3.30027],[117.63075,3.30041],[117.63082,3.30084],[117.63121,3.30158],[117.63093,3.30184],[117.63096,3.30248],[117.63088,3.30299],[117.63063,3.30352],[117.62926,3.30349],[117.62728,3.30305],[117.62721,3.30339],[117.62709,3.30365],[117.62683,3.30392],[117.62644,3.30399],[117.62596,3.30401],[117.62522,3.30396],[117.62521,3.30396],[117.62516,3.30391],[117.62489,3.30424],[117.62438,3.30383],[117.624,3.30424],[117.62461,3.30471],[117.62527,3.30527],[117.62553,3.30531],[117.62577,3.30527],[117.62581,3.3056],[117.62619,3.30584],[117.62615,3.30614],[117.62611,3.3066],[117.62594,3.30686],[117.62565,3.30713],[117.62551,3.30728],[117.62544,3.30735],[117.62584,3.30745],[117.62607,3.3075],[117.62625,3.30753],[117.6263,3.30755],[117.62666,3.30764],[117.6268,3.30765],[117.62687,3.30766],[117.62687,3.30766],[117.62687,3.30766],[117.62705,3.30766],[117.62717,3.30766],[117.62724,3.30765],[117.62734,3.30764],[117.62768,3.30764],[117.62807,3.30765],[117.62847,3.3076],[117.6285,3.30759],[117.62854,3.30759],[117.62854,3.30759],[117.6288,3.30755],[117.62886,3.30755],[117.62886,3.30755],[117.62886,3.30755],[117.62917,3.30775],[117.62927,3.30782],[117.62927,3.30782],[117.62927,3.30782],[117.6297,3.30812],[117.62991,3.30826],[117.63,3.30832],[117.63011,3.3084],[117.63042,3.30862],[117.63042,3.30862],[117.63072,3.30884],[117.63085,3.30893],[117.63085,3.30893],[117.63085,3.30893],[117.63093,3.30899],[117.6311,3.3091],[117.63118,3.30916],[117.63145,3.3093],[117.63161,3.30938],[117.63205,3.3096],[117.63208,3.30962],[117.63265,3.30994],[117.63265,3.30994],[117.6329,3.31003],[117.63329,3.31016],[117.63367,3.31029],[117.63391,3.31037],[117.63426,3.31049],[117.63426,3.31049],[117.63471,3.31065],[117.63467,3.31089],[117.6347,3.31107],[117.63483,3.31124],[117.63525,3.31171],[117.63565,3.31156],[117.63613,3.31116],[117.63678,3.31113],[117.63764,3.31092],[117.63801,3.31088],[117.63861,3.311],[117.63912,3.31097],[117.63981,3.31106],[117.64012,3.311],[117.64041,3.3107],[117.64095,3.31006],[117.64144,3.30969],[117.6422,3.30941],[117.6422,3.30941],[117.6422,3.30941],[117.63746,3.30125],[117.63746,3.30125],[117.63746,3.30125],[117.63746,3.30121],[117.63747,3.30112],[117.63749,3.30044],[117.6375,3.30018],[117.63751,3.30014],[117.63751,3.30007],[117.63756,3.29945],[117.63758,3.29924],[117.6376,3.29896]]]]},"properties":{"kdprov":"65","kdkab":"71","kdkec":"010","kddesa":"005","kdsls":"0012","idsls":"65710100050012","nmprov":"KALIMANTAN UTARA","nmkab":"TARAKAN","nmkec":"TARAKAN TIMUR","nmdesa":"KAMPUNG EMPAT","nmsls":"RT 012"}},{"type":"Feature","geometry":{"type":"MultiPolygon","coordinates":[[[[117.61147,3.27311],[117.61733,3.2732],[117.61776,3.27271],[117.61801,3.27291],[117.61819,3.27302],[117.61847,3.27319],[117.61859,3.27322],[117.61875,3.2732],[117.61944,3.2733],[117.62148,3.27314],[117.62138,3.27256],[117.62124,3.27172],[117.62124,3.27172],[117.62122,3.27173],[117.62114,3.27128],[117.62108,3.27093],[117.62105,3.27081],[117.62101,3.27056],[117.62092,3.27007],[117.6209,3.26997],[117.62083,3.26948],[117.62082,3.26946],[117.62082,3.26946],[117.62082,3.26946],[117.62082,3.26946],[117.62066,3.26884],[117.62062,3.26871],[117.61603,3.2685],[117.61588,3.26855],[117.61529,3.2684],[117.61345,3.26833],[117.61337,3.26869],[117.61322,3.26957],[117.61301,3.27059],[117.61293,3.27132],[117.6126,3.27194],[117.61207,3.27217],[117.61174,3.2723],[117.61166,3.27233],[117.61162,3.27235],[117.61155,3.27237],[117.61154,3.27237],[117.61144,3.27267],[117.61145,3.27296],[117.61146,3.27303],[117.61147,3.27311]]]]},"properties":{"kdprov":"65","kdkab":"71","kdkec":"010","kddesa":"001","kdsls":"0015","idsls":"65710100010015","nmprov":"KALIMANTAN UTARA","nmkab":"TARAKAN","nmkec":"TARAKAN TIMUR","nmdesa":"MAMBURUNGAN","nmsls":"RT 015"}},{"type":"Feature","geometry":{"type":"MultiPolygon","coordinates":[[[[117.62767,3.29294],[117.62747,3.29294],[117.62707,3.29292],[117.62665,3.29291],[117.62663,3.29349],[117.62663,3.29349],[117.62679,3.29347],[117.62765,3.29344],[117.62806,3.29343],[117.62841,3.29339],[117.62844,3.29338],[117.62845,3.29338],[117.62839,3.29317],[117.62833,3.29295],[117.62823,3.29283],[117.62819,3.29284],[117.62767,3.29294]]],[[[117.63167,3.29358],[117.63127,3.29364],[117.63099,3.29366],[117.63099,3.29384],[117.63099,3.29387],[117.63112,3.29398],[117.63129,3.29424],[117.63162,3.29428],[117.63241,3.29454],[117.63283,3.2947],[117.63326,3.29415],[117.63328,3.29409],[117.63352,3.29394],[117.63372,3.29402],[117.63401,3.29413],[117.63426,3.29412],[117.63512,3.29397],[117.63487,3.29332],[117.63446,3.29263],[117.63446,3.29263],[117.63324,3.29178],[117.63318,3.29186],[117.63307,3.29198],[117.63292,3.2929],[117.63167,3.29358]]]]},"properties":{"kdprov":"65","kdkab":"71","kdkec":"010","kddesa":"001","kdsls":"0006","idsls":"65710100010006","nmprov":"KALIMANTAN UTARA","nmkab":"TARAKAN","nmkec":"TARAKAN TIMUR","nmdesa":"MAMBURUNGAN","nmsls":"RT 006"}},{"type":"Feature","geometry":{"type":"MultiPolygon","coordinates":[[[[117.63682,3.27762],[117.63332,3.27931],[117.62964,3.28308],[117.62801,3.28545],[117.63061,3.28614],[117.6313,3.28762],[117.63138,3.28781],[117.63151,3.28801],[117.63274,3.28993],[117.63279,3.28996],[117.63286,3.29041],[117.63382,3.29084],[117.63423,3.29074],[117.6344,3.29083],[117.63544,3.29058],[117.63546,3.29068],[117.63571,3.29069],[117.63571,3.29069],[117.63704,3.29073],[117.63704,3.29073],[117.63705,3.29073],[117.63773,3.28946],[117.6389,3.28823],[117.64058,3.28868],[117.64125,3.28887],[117.64126,3.28886],[117.64134,3.28862],[117.64165,3.28767],[117.64172,3.28745],[117.64178,3.28728],[117.6418,3.28721],[117.6418,3.2872],[117.64181,3.28717],[117.6419,3.28689],[117.64191,3.28687],[117.64206,3.28641],[117.64208,3.28641],[117.64208,3.28641],[117.64208,3.2864],[117.64211,3.28631],[117.6422,3.28604],[117.64226,3.28585],[117.64232,3.28566],[117.64239,3.28545],[117.64243,3.28536],[117.64253,3.28507],[117.64264,3.28478],[117.64268,3.28468],[117.64271,3.28459],[117.64288,3.28409],[117.6429,3.28401],[117.64299,3.28376],[117.64304,3.2836],[117.6431,3.28344],[117.64317,3.28321],[117.64319,3.28315],[117.64323,3.28293],[117.64331,3.28258],[117.64331,3.28258],[117.64331,3.28258],[117.64331,3.28258],[117.64332,3.28258],[117.64332,3.28258],[117.64332,3.28258],[117.64332,3.28258],[117.64332,3.28257],[117.63784,3.28013],[117.6376,3.27992],[117.63772,3.27976],[117.63868,3.27834],[117.63863,3.27769],[117.63846,3.27707],[117.63836,3.27734],[117.63823,3.27754],[117.63807,3.27776],[117.63789,3.27785],[117.63767,3.2779],[117.63748,3.27794],[117.6373,3.27804],[117.63722,3.27806],[117.63718,3.27802],[117.63706,3.2779],[117.63694,3.27776],[117.63685,3.27764],[117.63682,3.27762]]]]},"properties":{"kdprov":"65","kdkab":"71","kdkec":"010","kddesa":"002","kdsls":"0003","idsls":"65710100020003","nmprov":"KALIMANTAN UTARA","nmkab":"TARAKAN","nmkec":"TARAKAN TIMUR","nmdesa":"MAMBURUNGAN TIMUR","nmsls":"RT 003 RW 001"}},{"type":"Feature","geometry":{"type":"MultiPolygon","coordinates":[[[[117.65798,3.32784],[117.65697,3.32782],[117.65639,3.32779],[117.65457,3.32771],[117.65294,3.32763],[117.65182,3.32751],[117.65112,3.3275],[117.645,3.32754],[117.64287,3.32751],[117.64287,3.32751],[117.64475,3.33216],[117.65106,3.33217],[117.65699,3.33228],[117.65705,3.33229],[117.65941,3.33215],[117.65886,3.33115],[117.65873,3.33044],[117.65833,3.3283],[117.65832,3.32821],[117.65832,3.3282],[117.65832,3.32818],[117.65832,3.32809],[117.65798,3.32784]]]]},"properties":{"kdprov":"65","kdkab":"71","kdkec":"010","kddesa":"003","kdsls":"0008","idsls":"65710100030008","nmprov":"KALIMANTAN UTARA","nmkab":"TARAKAN","nmkec":"TARAKAN TIMUR","nmdesa":"PANTAI AMAL","nmsls":"RT 008"}},{"type":"Feature","geometry":{"type":"MultiPolygon","coordinates":[[[[117.65945,3.31543],[117.65931,3.31404],[117.65864,3.31402],[117.65818,3.31399],[117.6579,3.31396],[117.65764,3.31378],[117.65749,3.31364],[117.65735,3.31342],[117.65723,3.31293],[117.65724,3.31262],[117.65729,3.31242],[117.65729,3.3123],[117.65724,3.31218],[117.65713,3.3121],[117.65704,3.31195],[117.65695,3.31177],[117.65661,3.31164],[117.65634,3.31158],[117.65611,3.31147],[117.65547,3.31158],[117.65478,3.31175],[117.65439,3.31177],[117.65397,3.31193],[117.65381,3.31201],[117.65347,3.31226],[117.65287,3.31218],[117.65115,3.31251],[117.64176,3.31398],[117.64176,3.31398],[117.64336,3.31786],[117.65197,3.31647],[117.65475,3.31606],[117.65525,3.31639],[117.65531,3.31659],[117.65551,3.31672],[117.65571,3.31674],[117.65714,3.31674],[117.65769,3.31605],[117.65776,3.31602],[117.65782,3.31602],[117.65787,3.31606],[117.65797,3.31613],[117.65815,3.31638],[117.65892,3.31639],[117.65951,3.31628],[117.65945,3.31543]]]]},"properties":{"kdprov":"65","kdkab":"71","kdkec":"010","kddesa":"003","kdsls":"0007","idsls":"65710100030007","nmprov":"KALIMANTAN UTARA","nmkab":"TARAKAN","nmkec":"TARAKAN TIMUR","nmdesa":"PANTAI AMAL","nmsls":"RT 007"}},{"type":"Feature","geometry":{"type":"MultiPolygon","coordinates":[[[[117.6574,3.30518],[117.6574,3.30517],[117.65739,3.30516],[117.6574,3.30517],[117.65739,3.30508],[117.65718,3.30338],[117.65717,3.30333],[117.65695,3.30144],[117.65678,3.30042],[117.65678,3.30041],[117.65676,3.30031],[117.65669,3.30034],[117.65649,3.30034],[117.65621,3.30038],[117.65602,3.3004],[117.6559,3.30043],[117.65582,3.30044],[117.65572,3.30043],[117.65563,3.30039],[117.65557,3.30039],[117.65547,3.30039],[117.65528,3.30045],[117.6552,3.30048],[117.65514,3.30051],[117.6551,3.30053],[117.65514,3.30062],[117.65517,3.30071],[117.65517,3.30076],[117.65515,3.3008],[117.65507,3.30083],[117.65501,3.30081],[117.65498,3.30074],[117.65482,3.30063],[117.65476,3.30055],[117.65466,3.30046],[117.65456,3.30043],[117.65445,3.30044],[117.65433,3.30051],[117.65423,3.30055],[117.65404,3.30056],[117.65397,3.30054],[117.65392,3.30049],[117.65388,3.30043],[117.65386,3.30035],[117.65383,3.30025],[117.65381,3.3002],[117.65378,3.30019],[117.65373,3.30019],[117.65362,3.30028],[117.6535,3.30038],[117.65344,3.30049],[117.65325,3.30054],[117.65315,3.30054],[117.65302,3.30049],[117.6529,3.30045],[117.65275,3.30037],[117.63746,3.30121],[117.63746,3.30125],[117.63746,3.30125],[117.63746,3.30125],[117.6422,3.30941],[117.6422,3.30941],[117.64247,3.30941],[117.64273,3.30937],[117.64305,3.30921],[117.64341,3.30909],[117.64391,3.30889],[117.64423,3.30882],[117.64471,3.30878],[117.64517,3.30873],[117.6459,3.30854],[117.64687,3.30818],[117.64716,3.30799],[117.64771,3.30712],[117.64806,3.30687],[117.64847,3.30667],[117.64901,3.30652],[117.64926,3.30644],[117.64951,3.30626],[117.64987,3.30599],[117.6507,3.30538],[117.65086,3.30527],[117.65124,3.30518],[117.65153,3.30504],[117.6516,3.30481],[117.65159,3.30464],[117.65163,3.30453],[117.6517,3.30447],[117.6518,3.30441],[117.65188,3.30438],[117.65233,3.30441],[117.65441,3.30477],[117.65544,3.30498],[117.6561,3.30511],[117.65649,3.30517],[117.65686,3.30525],[117.65702,3.30526],[117.65718,3.30524],[117.6574,3.30518]]]]},"properties":{"kdprov":"65","kdkab":"71","kdkec":"010","kddesa":"003","kdsls":"0005","idsls":"65710100030005","nmprov":"KALIMANTAN UTARA","nmkab":"TARAKAN","nmkec":"TARAKAN TIMUR","nmdesa":"PANTAI AMAL","nmsls":"RT 005"}},{"type":"Feature","geometry":{"type":"MultiPolygon","coordinates":[[[[117.63746,3.30121],[117.65275,3.30037],[117.6529,3.30045],[117.65302,3.30049],[117.65315,3.30054],[117.65325,3.30054],[117.65344,3.30049],[117.6535,3.30038],[117.65362,3.30028],[117.65373,3.30019],[117.65378,3.30019],[117.65381,3.3002],[117.65383,3.30025],[117.65386,3.30035],[117.65388,3.30043],[117.65392,3.30049],[117.65397,3.30054],[117.65404,3.30056],[117.65423,3.30055],[117.65433,3.30051],[117.65445,3.30044],[117.65456,3.30043],[117.65466,3.30046],[117.65476,3.30055],[117.65482,3.30063],[117.65498,3.30074],[117.65501,3.30081],[117.65507,3.30083],[117.65515,3.3008],[117.65517,3.30076],[117.65517,3.30071],[117.65514,3.30062],[117.6551,3.30053],[117.65514,3.30051],[117.6552,3.30048],[117.65528,3.30045],[117.65547,3.30039],[117.65557,3.30039],[117.65563,3.30039],[117.65572,3.30043],[117.65582,3.30044],[117.6559,3.30043],[117.65602,3.3004],[117.65621,3.30038],[117.65649,3.30034],[117.65669,3.30034],[117.65676,3.30031],[117.65676,3.30029],[117.65647,3.29859],[117.65614,3.29663],[117.65597,3.29529],[117.65554,3.29311],[117.65549,3.29258],[117.65544,3.29209],[117.65542,3.29209],[117.65542,3.29208],[117.64766,3.292],[117.63756,3.29213],[117.6359,3.2923],[117.63609,3.29306],[117.63641,3.29442],[117.63646,3.29462],[117.63652,3.29476],[117.63688,3.29615],[117.63693,3.29634],[117.637,3.29666],[117.637,3.29666],[117.63701,3.2967],[117.63708,3.29705],[117.63714,3.29731],[117.63715,3.29735],[117.63715,3.29735],[117.6372,3.29753],[117.63722,3.29763],[117.63735,3.29807],[117.63742,3.29834],[117.63749,3.29858],[117.63749,3.29858],[117.63757,3.29886],[117.63758,3.2989],[117.6376,3.29896],[117.63758,3.29924],[117.63756,3.29945],[117.63751,3.30007],[117.63751,3.30014],[117.6375,3.30018],[117.63749,3.30044],[117.63747,3.30112],[117.63746,3.30121]]]]},"properties":{"kdprov":"65","kdkab":"71","kdkec":"010","kddesa":"003","kdsls":"0004","idsls":"65710100030004","nmprov":"KALIMANTAN UTARA","nmkab":"TARAKAN","nmkec":"TARAKAN TIMUR","nmdesa":"PANTAI AMAL","nmsls":"RT 004"}},{"type":"Feature","geometry":{"type":"MultiPolygon","coordinates":[[[[117.65396,3.28593],[117.65398,3.28593],[117.65397,3.28588],[117.65398,3.28578],[117.65399,3.2857],[117.65401,3.28561],[117.65406,3.28548],[117.65411,3.28539],[117.65419,3.28526],[117.65424,3.28518],[117.65427,3.285],[117.65409,3.28261],[117.65399,3.28103],[117.65397,3.28029],[117.65393,3.27948],[117.65389,3.27878],[117.65383,3.27811],[117.65381,3.27775],[117.65266,3.27785],[117.6493,3.27774],[117.64428,3.27808],[117.64427,3.27814],[117.64415,3.27871],[117.64407,3.27905],[117.64402,3.27932],[117.64401,3.27936],[117.64397,3.27956],[117.64391,3.27984],[117.64385,3.28009],[117.64379,3.28037],[117.64375,3.28056],[117.64365,3.28105],[117.64332,3.28257],[117.64332,3.28258],[117.64332,3.28258],[117.64332,3.28258],[117.64332,3.28258],[117.64331,3.28258],[117.64331,3.28258],[117.64331,3.28258],[117.64331,3.28258],[117.64323,3.28293],[117.64319,3.28315],[117.64317,3.28321],[117.6431,3.28344],[117.64304,3.2836],[117.64299,3.28376],[117.6429,3.28401],[117.64288,3.28409],[117.64271,3.28459],[117.64268,3.28468],[117.64264,3.28478],[117.64253,3.28507],[117.64243,3.28536],[117.64239,3.28545],[117.64232,3.28566],[117.64226,3.28585],[117.6422,3.28604],[117.64211,3.28631],[117.64208,3.2864],[117.64208,3.28641],[117.64208,3.28641],[117.64663,3.28653],[117.64664,3.28653],[117.65396,3.28593],[117.65396,3.28593]]]]},"properties":{"kdprov":"65","kdkab":"71","kdkec":"010","kddesa":"003","kdsls":"0002","idsls":"65710100030002","nmprov":"KALIMANTAN UTARA","nmkab":"TARAKAN","nmkec":"TARAKAN TIMUR","nmdesa":"PANTAI AMAL","nmsls":"RT 002"}},{"type":"Feature","geometry":{"type":"MultiPolygon","coordinates":[[[[117.66541,3.35585],[117.66484,3.35625],[117.66429,3.3565],[117.6631,3.35687],[117.66248,3.3571],[117.66181,3.35736],[117.66143,3.35741],[117.66113,3.35743],[117.66077,3.35759],[117.66016,3.35782],[117.66019,3.35789],[117.66045,3.35892],[117.66105,3.36038],[117.66329,3.35916],[117.66422,3.35879],[117.66501,3.35849],[117.6656,3.35842],[117.66628,3.35838],[117.66727,3.3583],[117.66727,3.3583],[117.66558,3.35659],[117.66541,3.35585]]]]},"properties":{"kdprov":"65","kdkab":"71","kdkec":"010","kddesa":"003","kdsls":"0012","idsls":"65710100030012","nmprov":"KALIMANTAN UTARA","nmkab":"TARAKAN","nmkec":"TARAKAN TIMUR","nmdesa":"PANTAI AMAL","nmsls":"RT 012"}},{"type":"Feature","geometry":{"type":"MultiPolygon","coordinates":[[[[117.65169,3.34037],[117.65544,3.34045],[117.65803,3.34048],[117.65803,3.34048],[117.6595,3.34052],[117.66009,3.34051],[117.66229,3.34047],[117.66213,3.33978],[117.66171,3.33799],[117.6616,3.33752],[117.6608,3.3354],[117.6587,3.33594],[117.65842,3.33586],[117.65748,3.33581],[117.65711,3.33576],[117.65705,3.33576],[117.65621,3.33585],[117.65544,3.33592],[117.65486,3.33606],[117.65101,3.33578],[117.65027,3.33594],[117.64797,3.3362],[117.64799,3.33622],[117.65127,3.33982],[117.65169,3.34037]]]]},"properties":{"kdprov":"65","kdkab":"71","kdkec":"010","kddesa":"003","kdsls":"0010","idsls":"65710100030010","nmprov":"KALIMANTAN UTARA","nmkab":"TARAKAN","nmkec":"TARAKAN TIMUR","nmdesa":"PANTAI AMAL","nmsls":"RT 010"}},{"type":"Feature","geometry":{"type":"MultiPolygon","coordinates":[[[[117.62828,3.31001],[117.62825,3.3108],[117.62812,3.31177],[117.62812,3.31177],[117.62834,3.31191],[117.62857,3.31226],[117.62868,3.31253],[117.62869,3.3129],[117.62872,3.31331],[117.629,3.3139],[117.62922,3.31407],[117.62899,3.31433],[117.62871,3.31455],[117.62747,3.31485],[117.62697,3.31484],[117.62696,3.31483],[117.62629,3.3153],[117.62631,3.31624],[117.62725,3.32044],[117.6273,3.32198],[117.62573,3.32589],[117.62732,3.32758],[117.62742,3.32747],[117.62744,3.32748],[117.62744,3.32748],[117.62768,3.32771],[117.62872,3.32605],[117.63052,3.32268],[117.63182,3.31982],[117.63162,3.31739],[117.63166,3.31709],[117.63154,3.31695],[117.63128,3.3168],[117.63137,3.31665],[117.63144,3.31631],[117.63116,3.31572],[117.63096,3.31554],[117.63079,3.31533],[117.63083,3.31514],[117.63089,3.31496],[117.63083,3.31476],[117.63067,3.31456],[117.63016,3.31379],[117.63027,3.31373],[117.63063,3.31367],[117.63095,3.31371],[117.63126,3.31374],[117.6316,3.31365],[117.63193,3.31344],[117.63212,3.31327],[117.63229,3.31307],[117.6325,3.31273],[117.63274,3.31249],[117.63289,3.31237],[117.63318,3.31227],[117.63337,3.31222],[117.63376,3.31207],[117.63403,3.31199],[117.63441,3.3119],[117.63477,3.31183],[117.63483,3.31124],[117.6347,3.31107],[117.63467,3.31089],[117.63471,3.31065],[117.63426,3.31049],[117.63426,3.31049],[117.63391,3.31037],[117.63367,3.31029],[117.63329,3.31016],[117.6329,3.31003],[117.63265,3.30994],[117.63265,3.30994],[117.63208,3.30962],[117.63205,3.3096],[117.63161,3.30938],[117.63145,3.3093],[117.63118,3.30916],[117.6311,3.3091],[117.63093,3.30899],[117.63085,3.30893],[117.63085,3.30893],[117.63085,3.30893],[117.63072,3.30884],[117.63042,3.30862],[117.63042,3.30862],[117.63011,3.3084],[117.63,3.30832],[117.62991,3.30826],[117.6297,3.30812],[117.62927,3.30782],[117.62927,3.30782],[117.62927,3.30782],[117.62917,3.30775],[117.62886,3.30755],[117.62886,3.30755],[117.62886,3.30755],[117.6288,3.30755],[117.62854,3.30759],[117.6285,3.30867],[117.62828,3.30999],[117.62828,3.31001]]]]},"properties":{"kdprov":"65","kdkab":"71","kdkec":"010","kddesa":"004","kdsls":"0014","idsls":"65710100040014","nmprov":"KALIMANTAN UTARA","nmkab":"TARAKAN","nmkec":"TARAKAN TIMUR","nmdesa":"KAMPUNG ENAM","nmsls":"RT 014"}},{"type":"Feature","geometry":{"type":"MultiPolygon","coordinates":[[[[117.61321,3.30719],[117.61327,3.30722],[117.61394,3.30768],[117.61433,3.30796],[117.6146,3.3081],[117.61509,3.30825],[117.61543,3.30835],[117.61593,3.30852],[117.616,3.30854],[117.61606,3.30853],[117.61613,3.30851],[117.61618,3.30849],[117.61622,3.30847],[117.61628,3.30842],[117.6164,3.30835],[117.61653,3.30828],[117.61663,3.30823],[117.61674,3.30817],[117.61679,3.30817],[117.61893,3.30978],[117.62041,3.31092],[117.62044,3.31089],[117.62048,3.31087],[117.62066,3.31075],[117.62086,3.31065],[117.62093,3.31054],[117.62096,3.31044],[117.62096,3.31032],[117.62091,3.3102],[117.62073,3.30999],[117.62063,3.30988],[117.62063,3.30981],[117.62063,3.30976],[117.62069,3.30963],[117.62086,3.30953],[117.62097,3.30952],[117.62091,3.30949],[117.62087,3.30944],[117.62085,3.3094],[117.62062,3.30935],[117.62055,3.30935],[117.62049,3.30932],[117.62042,3.3093],[117.62037,3.30929],[117.62032,3.30926],[117.62027,3.30924],[117.62019,3.30918],[117.62015,3.30915],[117.6201,3.30913],[117.62006,3.3091],[117.61997,3.309],[117.61991,3.30891],[117.61985,3.30884],[117.61979,3.30879],[117.61976,3.30877],[117.61967,3.30892],[117.61955,3.30886],[117.61935,3.30875],[117.61869,3.30835],[117.61857,3.30849],[117.6182,3.30822],[117.61812,3.30811],[117.61809,3.30805],[117.61807,3.30796],[117.61482,3.30603],[117.61461,3.30586],[117.6146,3.30586],[117.61453,3.30599],[117.61429,3.30631],[117.61417,3.30633],[117.61416,3.30651],[117.61402,3.30671],[117.61369,3.30694],[117.61341,3.30709],[117.61321,3.30719]]]]},"properties":{"kdprov":"65","kdkab":"71","kdkec":"010","kddesa":"004","kdsls":"0003","idsls":"65710100040003","nmprov":"KALIMANTAN UTARA","nmkab":"TARAKAN","nmkec":"TARAKAN TIMUR","nmdesa":"KAMPUNG ENAM","nmsls":"RT 003"}},{"type":"Feature","geometry":{"type":"MultiPolygon","coordinates":[[[[117.62697,3.31484],[117.62747,3.31485],[117.62871,3.31455],[117.62899,3.31433],[117.62922,3.31407],[117.629,3.3139],[117.62872,3.31331],[117.62869,3.3129],[117.62868,3.31253],[117.62857,3.31226],[117.62834,3.31191],[117.62812,3.31177],[117.62812,3.31177],[117.62803,3.31174],[117.62749,3.31172],[117.6271,3.31166],[117.62688,3.31159],[117.62583,3.31163],[117.62583,3.31164],[117.62583,3.31206],[117.62633,3.31204],[117.62628,3.31269],[117.62649,3.31305],[117.62655,3.31289],[117.62678,3.31298],[117.62675,3.3131],[117.62687,3.31319],[117.62671,3.31343],[117.62688,3.31396],[117.62688,3.31444],[117.62697,3.31484]]]]},"properties":{"kdprov":"65","kdkab":"71","kdkec":"010","kddesa":"004","kdsls":"0013","idsls":"65710100040013","nmprov":"KALIMANTAN UTARA","nmkab":"TARAKAN","nmkec":"TARAKAN TIMUR","nmdesa":"KAMPUNG ENAM","nmsls":"RT 013"}},{"type":"Feature","geometry":{"type":"MultiPolygon","coordinates":[[[[117.62415,3.28652],[117.62303,3.28686],[117.62274,3.28679],[117.62247,3.28693],[117.62073,3.28732],[117.62073,3.28732],[117.62073,3.28732],[117.61726,3.2898],[117.61735,3.28994],[117.61758,3.29029],[117.61759,3.29059],[117.61757,3.29091],[117.61755,3.29115],[117.61753,3.29145],[117.61754,3.29156],[117.61755,3.29181],[117.61755,3.29182],[117.61755,3.29185],[117.61754,3.29214],[117.61765,3.29227],[117.61958,3.29118],[117.62183,3.28991],[117.62226,3.28966],[117.62343,3.28901],[117.62345,3.289],[117.62415,3.28906],[117.6252,3.28885],[117.62577,3.28854],[117.62583,3.28849],[117.62565,3.28823],[117.62568,3.28815],[117.62607,3.287],[117.6271,3.28579],[117.62742,3.28568],[117.62781,3.28556],[117.62782,3.28555],[117.62782,3.28555],[117.62765,3.28539],[117.62722,3.28498],[117.62703,3.2848],[117.62688,3.28466],[117.62679,3.28458],[117.62668,3.28448],[117.62601,3.28385],[117.626,3.28384],[117.62581,3.28388],[117.62557,3.28409],[117.62547,3.28439],[117.62541,3.28448],[117.62535,3.28473],[117.62526,3.28498],[117.62498,3.28549],[117.62482,3.28565],[117.62464,3.28581],[117.62431,3.28622],[117.62415,3.28652]]]]},"properties":{"kdprov":"65","kdkab":"71","kdkec":"010","kddesa":"001","kdsls":"0009","idsls":"65710100010009","nmprov":"KALIMANTAN UTARA","nmkab":"TARAKAN","nmkec":"TARAKAN TIMUR","nmdesa":"MAMBURUNGAN","nmsls":"RT 009"}},{"type":"Feature","geometry":{"type":"MultiPolygon","coordinates":[[[[117.58877,3.28459],[117.58867,3.28475],[117.5886,3.28485],[117.58844,3.2851],[117.58749,3.28593],[117.58731,3.28609],[117.58717,3.28621],[117.58874,3.28722],[117.58966,3.28784],[117.59,3.28806],[117.59031,3.28829],[117.59075,3.28864],[117.59094,3.28878],[117.59132,3.28906],[117.5913,3.2891],[117.59146,3.2892],[117.59145,3.28929],[117.59216,3.28972],[117.59231,3.28981],[117.59245,3.28995],[117.59257,3.29002],[117.59286,3.29008],[117.59296,3.29008],[117.59297,3.29008],[117.59302,3.28996],[117.59307,3.28971],[117.59307,3.28944],[117.59301,3.28929],[117.59276,3.28911],[117.59256,3.28897],[117.59226,3.28877],[117.59208,3.28863],[117.59191,3.28851],[117.5921,3.28821],[117.59244,3.28784],[117.59262,3.28771],[117.59221,3.2873],[117.58877,3.28459]]]]},"properties":{"kdprov":"65","kdkab":"71","kdkec":"010","kddesa":"007","kdsls":"0001","idsls":"65710100070001","nmprov":"KALIMANTAN UTARA","nmkab":"TARAKAN","nmkec":"TARAKAN TIMUR","nmdesa":"LINGKAS UJUNG","nmsls":"RT 001 RW 001"}},{"type":"Feature","geometry":{"type":"MultiPolygon","coordinates":[[[[117.62189,3.27555],[117.62189,3.27554],[117.62189,3.27554],[117.62189,3.27554],[117.62184,3.2752],[117.62148,3.27314],[117.61944,3.2733],[117.61875,3.2732],[117.61859,3.27322],[117.61847,3.27319],[117.61819,3.27302],[117.61801,3.27291],[117.61776,3.27271],[117.61733,3.2732],[117.61147,3.27311],[117.61147,3.27314],[117.61153,3.27371],[117.61166,3.27395],[117.6117,3.27401],[117.61195,3.27426],[117.61217,3.27454],[117.61232,3.27499],[117.61229,3.27546],[117.61227,3.27625],[117.6122,3.27673],[117.61212,3.27712],[117.61212,3.27712],[117.61568,3.27704],[117.61748,3.27664],[117.61994,3.27594],[117.62189,3.27555]]]]},"properties":{"kdprov":"65","kdkab":"71","kdkec":"010","kddesa":"001","kdsls":"0014","idsls":"65710100010014","nmprov":"KALIMANTAN UTARA","nmkab":"TARAKAN","nmkec":"TARAKAN TIMUR","nmdesa":"MAMBURUNGAN","nmsls":"RT 014"}},{"type":"Feature","geometry":{"type":"MultiPolygon","coordinates":[[[[117.62427,3.28122],[117.62362,3.2806],[117.62362,3.2806],[117.62362,3.2806],[117.62285,3.27935],[117.62285,3.27935],[117.62284,3.27932],[117.61993,3.28084],[117.61913,3.28137],[117.61884,3.2813],[117.61866,3.28142],[117.61797,3.282],[117.61528,3.28258],[117.61519,3.28268],[117.61499,3.28282],[117.61174,3.28499],[117.61123,3.28532],[117.61059,3.28571],[117.61042,3.28581],[117.61042,3.28581],[117.61026,3.28591],[117.60974,3.2862],[117.60953,3.28632],[117.60905,3.28659],[117.60893,3.28665],[117.60907,3.28706],[117.60935,3.28735],[117.60975,3.28749],[117.61071,3.28755],[117.61134,3.28788],[117.61195,3.28828],[117.61245,3.28878],[117.61298,3.28945],[117.61337,3.28975],[117.61362,3.2898],[117.61393,3.28963],[117.61428,3.28906],[117.61462,3.28868],[117.61494,3.28861],[117.61814,3.28556],[117.61901,3.28474],[117.61914,3.28461],[117.61914,3.28461],[117.61924,3.2844],[117.61927,3.28438],[117.62137,3.28399],[117.62184,3.28363],[117.62221,3.28296],[117.62427,3.28122]]]]},"properties":{"kdprov":"65","kdkab":"71","kdkec":"010","kddesa":"001","kdsls":"0011","idsls":"65710100010011","nmprov":"KALIMANTAN UTARA","nmkab":"TARAKAN","nmkec":"TARAKAN TIMUR","nmdesa":"MAMBURUNGAN","nmsls":"RT 011"}},{"type":"Feature","geometry":{"type":"MultiPolygon","coordinates":[[[[117.64072,3.23822],[117.64069,3.23822],[117.64069,3.23822],[117.64069,3.23822],[117.63961,3.23822],[117.6382,3.23822],[117.63505,3.23924],[117.63497,3.23925],[117.6356,3.24094],[117.63555,3.241],[117.63562,3.2412],[117.63554,3.24128],[117.63559,3.24139],[117.63704,3.24437],[117.638,3.24663],[117.64127,3.2454],[117.64088,3.24315],[117.6409,3.24169],[117.64082,3.24154],[117.64061,3.24157],[117.64039,3.24145],[117.64048,3.24129],[117.64062,3.24125],[117.64069,3.24121],[117.6406,3.24071],[117.64061,3.24057],[117.64058,3.23969],[117.64071,3.23934],[117.64072,3.23822]]]]},"properties":{"kdprov":"65","kdkab":"71","kdkec":"010","kddesa":"001","kdsls":"0022","idsls":"65710100010022","nmprov":"KALIMANTAN UTARA","nmkab":"TARAKAN","nmkec":"TARAKAN TIMUR","nmdesa":"MAMBURUNGAN","nmsls":"RT 022"}},{"type":"Feature","geometry":{"type":"MultiPolygon","coordinates":[[[[117.61499,3.28282],[117.61519,3.28268],[117.61528,3.28258],[117.61797,3.282],[117.61866,3.28142],[117.61884,3.2813],[117.61913,3.28137],[117.61993,3.28084],[117.62284,3.27932],[117.62217,3.27771],[117.62218,3.27771],[117.62218,3.27771],[117.62216,3.27762],[117.61776,3.27865],[117.6174,3.27864],[117.61677,3.27891],[117.61285,3.28082],[117.61218,3.28003],[117.61218,3.28003],[117.61215,3.28003],[117.61203,3.28007],[117.61196,3.28009],[117.61188,3.28012],[117.61185,3.28016],[117.61167,3.28043],[117.61162,3.28064],[117.61159,3.28076],[117.61156,3.28092],[117.61146,3.28132],[117.6114,3.28156],[117.61133,3.28189],[117.61133,3.28189],[117.61132,3.2819],[117.61123,3.28164],[117.61118,3.28218],[117.61148,3.2828],[117.61205,3.28371],[117.61174,3.28499],[117.61499,3.28282]]]]},"properties":{"kdprov":"65","kdkab":"71","kdkec":"010","kddesa":"001","kdsls":"0012","idsls":"65710100010012","nmprov":"KALIMANTAN UTARA","nmkab":"TARAKAN","nmkec":"TARAKAN TIMUR","nmdesa":"MAMBURUNGAN","nmsls":"RT 012"}},{"type":"Feature","geometry":{"type":"MultiPolygon","coordinates":[[[[117.63198,3.24407],[117.63233,3.2439],[117.63247,3.2438],[117.63273,3.24366],[117.63299,3.24346],[117.63332,3.2433],[117.63328,3.24318],[117.63323,3.24306],[117.6332,3.2429],[117.63323,3.24265],[117.63294,3.242],[117.63264,3.24151],[117.63213,3.24051],[117.63157,3.2409],[117.63063,3.24167],[117.63042,3.24185],[117.63096,3.24258],[117.63111,3.24282],[117.63102,3.24288],[117.63122,3.24321],[117.63198,3.24407]]]]},"properties":{"kdprov":"65","kdkab":"71","kdkec":"010","kddesa":"001","kdsls":"0020","idsls":"65710100010020","nmprov":"KALIMANTAN UTARA","nmkab":"TARAKAN","nmkec":"TARAKAN TIMUR","nmdesa":"MAMBURUNGAN","nmsls":"RT 020"}},{"type":"Feature","geometry":{"type":"MultiPolygon","coordinates":[[[[117.62375,3.24926],[117.62374,3.24926],[117.62366,3.24926],[117.62321,3.24926],[117.62232,3.24956],[117.61779,3.25649],[117.61768,3.25731],[117.61749,3.25812],[117.61729,3.25852],[117.61692,3.25904],[117.61656,3.25971],[117.61607,3.26024],[117.61581,3.26068],[117.61555,3.26125],[117.61524,3.26172],[117.615,3.26237],[117.61489,3.26265],[117.61473,3.26319],[117.61459,3.26381],[117.61438,3.26471],[117.61419,3.26548],[117.61398,3.26602],[117.61396,3.26611],[117.61385,3.26684],[117.61363,3.26737],[117.61349,3.26814],[117.61345,3.26833],[117.61529,3.2684],[117.61588,3.26855],[117.61603,3.2685],[117.62062,3.26871],[117.62057,3.26849],[117.62055,3.26844],[117.62055,3.26843],[117.62034,3.26776],[117.62034,3.26776],[117.62042,3.26726],[117.62053,3.26649],[117.62046,3.26643],[117.62041,3.26622],[117.62037,3.26599],[117.62033,3.26573],[117.62048,3.26535],[117.62053,3.26493],[117.62053,3.26467],[117.62049,3.26442],[117.62045,3.26414],[117.62046,3.26374],[117.62052,3.26354],[117.62059,3.26334],[117.62062,3.26297],[117.6208,3.26248],[117.62087,3.26226],[117.62122,3.2619],[117.62156,3.26185],[117.62206,3.26194],[117.62234,3.26202],[117.62263,3.26217],[117.62279,3.26227],[117.62311,3.26232],[117.62336,3.26224],[117.62343,3.2623],[117.62409,3.26346],[117.62413,3.26342],[117.62446,3.26308],[117.62487,3.26265],[117.62487,3.26265],[117.62595,3.2615],[117.62597,3.26148],[117.62614,3.26123],[117.62619,3.26117],[117.62619,3.26117],[117.62619,3.26117],[117.62619,3.26117],[117.6265,3.26072],[117.62677,3.26035],[117.62688,3.26018],[117.62715,3.25981],[117.62797,3.25865],[117.62915,3.25662],[117.62984,3.25589],[117.62912,3.25494],[117.62896,3.25476],[117.62823,3.25338],[117.62802,3.25313],[117.62771,3.25285],[117.62721,3.25255],[117.62676,3.25241],[117.62568,3.25201],[117.62463,3.25001],[117.62375,3.24926]]]]},"properties":{"kdprov":"65","kdkab":"71","kdkec":"010","kddesa":"001","kdsls":"0016","idsls":"65710100010016","nmprov":"KALIMANTAN UTARA","nmkab":"TARAKAN","nmkec":"TARAKAN TIMUR","nmdesa":"MAMBURUNGAN","nmsls":"RT 016"}},{"type":"Feature","geometry":{"type":"MultiPolygon","coordinates":[[[[117.64428,3.27808],[117.6493,3.27774],[117.65266,3.27785],[117.65381,3.27775],[117.65378,3.27671],[117.65349,3.27505],[117.65335,3.27445],[117.65335,3.27364],[117.65314,3.27255],[117.65329,3.27202],[117.65341,3.27184],[117.65352,3.27159],[117.65361,3.27123],[117.65352,3.27054],[117.65339,3.26979],[117.65308,3.26666],[117.65288,3.26522],[117.65281,3.26292],[117.65286,3.26177],[117.65284,3.26139],[117.65278,3.26108],[117.65276,3.2608],[117.65277,3.26063],[117.65286,3.26042],[117.65304,3.26014],[117.65319,3.2598],[117.65341,3.25937],[117.65353,3.25892],[117.6536,3.25855],[117.65365,3.25828],[117.65377,3.258],[117.65388,3.25785],[117.65395,3.25767],[117.65397,3.2576],[117.65228,3.25809],[117.65172,3.25825],[117.65119,3.2584],[117.65027,3.25867],[117.64678,3.25968],[117.64588,3.26536],[117.64566,3.2668],[117.64566,3.2668],[117.64566,3.2668],[117.64565,3.2668],[117.64548,3.26905],[117.64543,3.26971],[117.64543,3.26971],[117.64543,3.26971],[117.64543,3.26971],[117.64542,3.26976],[117.64542,3.26978],[117.6454,3.26994],[117.64552,3.27282],[117.64496,3.27331],[117.64496,3.27336],[117.64457,3.27371],[117.64454,3.27371],[117.64464,3.27418],[117.64476,3.27476],[117.64542,3.27478],[117.64542,3.27537],[117.64471,3.27533],[117.6447,3.27539],[117.6447,3.27539],[117.6447,3.27539],[117.64464,3.27596],[117.64464,3.27599],[117.64462,3.27614],[117.64462,3.27619],[117.64461,3.27631],[117.64459,3.27641],[117.64458,3.27651],[117.64455,3.27684],[117.64455,3.27684],[117.64455,3.27684],[117.64455,3.27684],[117.64455,3.27684],[117.64455,3.27684],[117.64455,3.27684],[117.64455,3.27686],[117.64455,3.27686],[117.64455,3.27686],[117.64455,3.27686],[117.64453,3.27693],[117.6445,3.27709],[117.64449,3.27713],[117.64428,3.27808]]]]},"properties":{"kdprov":"65","kdkab":"71","kdkec":"010","kddesa":"003","kdsls":"0001","idsls":"65710100030001","nmprov":"KALIMANTAN UTARA","nmkab":"TARAKAN","nmkec":"TARAKAN TIMUR","nmdesa":"PANTAI AMAL","nmsls":"RT 001"}},{"type":"Feature","geometry":{"type":"MultiPolygon","coordinates":[[[[117.63216,3.26968],[117.63212,3.26974],[117.63199,3.26987],[117.63188,3.26996],[117.63208,3.27018],[117.63223,3.27017],[117.63257,3.26986],[117.63264,3.26967],[117.63293,3.26955],[117.63333,3.26959],[117.63413,3.26966],[117.63491,3.26966],[117.63539,3.26965],[117.6355,3.26863],[117.63507,3.2671],[117.63487,3.2664],[117.63475,3.26571],[117.63471,3.26555],[117.63472,3.26543],[117.63469,3.26543],[117.63469,3.2654],[117.63482,3.26397],[117.63507,3.26351],[117.63493,3.26245],[117.63475,3.26198],[117.63431,3.25881],[117.63399,3.25683],[117.62988,3.25585],[117.62984,3.25589],[117.62915,3.25662],[117.62797,3.25865],[117.62715,3.25981],[117.62688,3.26018],[117.62677,3.26035],[117.6265,3.26072],[117.62619,3.26117],[117.62619,3.26117],[117.62619,3.26117],[117.62619,3.26117],[117.62811,3.26238],[117.62834,3.26261],[117.6291,3.26334],[117.63091,3.26483],[117.63144,3.26581],[117.63211,3.26634],[117.63203,3.26709],[117.63208,3.2678],[117.63218,3.26882],[117.63222,3.26914],[117.63229,3.26925],[117.63239,3.26934],[117.63231,3.26945],[117.63216,3.26968]]]]},"properties":{"kdprov":"65","kdkab":"71","kdkec":"010","kddesa":"002","kdsls":"0007","idsls":"65710100020007","nmprov":"KALIMANTAN UTARA","nmkab":"TARAKAN","nmkec":"TARAKAN TIMUR","nmdesa":"MAMBURUNGAN TIMUR","nmsls":"RT 007 RW 002"}},{"type":"Feature","geometry":{"type":"MultiPolygon","coordinates":[[[[117.62851,3.26846],[117.62837,3.26949],[117.62799,3.27012],[117.62735,3.27123],[117.62698,3.27222],[117.62684,3.27277],[117.62673,3.2732],[117.62681,3.27321],[117.62832,3.27338],[117.62847,3.27308],[117.6285,3.27306],[117.62854,3.27301],[117.62856,3.27294],[117.62894,3.2725],[117.62906,3.27231],[117.62921,3.27202],[117.62946,3.27164],[117.62956,3.27153],[117.62966,3.27142],[117.62989,3.27116],[117.6301,3.27096],[117.63037,3.27073],[117.63039,3.27071],[117.63047,3.27064],[117.63054,3.27057],[117.63083,3.27041],[117.63113,3.27026],[117.63126,3.2702],[117.63144,3.27015],[117.63169,3.27004],[117.63188,3.26996],[117.63199,3.26987],[117.63212,3.26974],[117.63216,3.26968],[117.63231,3.26945],[117.63239,3.26934],[117.63229,3.26925],[117.63222,3.26914],[117.63218,3.26882],[117.63208,3.2678],[117.63203,3.26709],[117.63211,3.26634],[117.63144,3.26581],[117.63091,3.26483],[117.6291,3.26334],[117.62834,3.26261],[117.62811,3.26238],[117.62619,3.26117],[117.62614,3.26123],[117.62597,3.26148],[117.62595,3.2615],[117.62487,3.26265],[117.62487,3.26265],[117.62446,3.26308],[117.62413,3.26342],[117.62527,3.2651],[117.62643,3.26636],[117.62649,3.26646],[117.62651,3.2667],[117.62851,3.26846]]]]},"properties":{"kdprov":"65","kdkab":"71","kdkec":"010","kddesa":"002","kdsls":"0008","idsls":"65710100020008","nmprov":"KALIMANTAN UTARA","nmkab":"TARAKAN","nmkec":"TARAKAN TIMUR","nmdesa":"MAMBURUNGAN TIMUR","nmsls":"RT 008 RW 002"}},{"type":"Feature","geometry":{"type":"MultiPolygon","coordinates":[[[[117.62641,3.29681],[117.62514,3.2982],[117.6248,3.29796],[117.62503,3.29774],[117.62503,3.29772],[117.62516,3.29759],[117.62469,3.29719],[117.62454,3.29739],[117.62394,3.2982],[117.62378,3.29869],[117.62355,3.29928],[117.62347,3.29954],[117.62397,3.29977],[117.62423,3.29997],[117.62446,3.30001],[117.62458,3.30004],[117.62487,3.30044],[117.62498,3.30062],[117.62503,3.30071],[117.62513,3.30081],[117.62535,3.30064],[117.62569,3.30035],[117.6259,3.3001],[117.62609,3.29987],[117.62663,3.29894],[117.62674,3.29899],[117.62706,3.29913],[117.62641,3.29681]]]]},"properties":{"kdprov":"65","kdkab":"71","kdkec":"010","kddesa":"005","kdsls":"0010","idsls":"65710100050010","nmprov":"KALIMANTAN UTARA","nmkab":"TARAKAN","nmkec":"TARAKAN TIMUR","nmdesa":"KAMPUNG EMPAT","nmsls":"RT 010"}},{"type":"Feature","geometry":{"type":"MultiPolygon","coordinates":[[[[117.62851,3.26846],[117.62651,3.2667],[117.62649,3.26646],[117.62643,3.26636],[117.62527,3.2651],[117.62413,3.26342],[117.62409,3.26346],[117.62343,3.2623],[117.62336,3.26224],[117.62311,3.26232],[117.62279,3.26227],[117.62263,3.26217],[117.62234,3.26202],[117.62206,3.26194],[117.62156,3.26185],[117.62122,3.2619],[117.62087,3.26226],[117.6208,3.26248],[117.62062,3.26297],[117.62059,3.26334],[117.62052,3.26354],[117.62046,3.26374],[117.62045,3.26414],[117.62049,3.26442],[117.62053,3.26467],[117.62053,3.26493],[117.62048,3.26535],[117.62033,3.26573],[117.62037,3.26599],[117.62041,3.26622],[117.62046,3.26643],[117.62053,3.26649],[117.62042,3.26726],[117.62034,3.26776],[117.62034,3.26776],[117.62055,3.26843],[117.62055,3.26844],[117.62057,3.26849],[117.62062,3.26871],[117.62066,3.26884],[117.62082,3.26946],[117.62082,3.26946],[117.62082,3.26946],[117.62082,3.26946],[117.62083,3.26948],[117.6209,3.26997],[117.62092,3.27007],[117.62101,3.27056],[117.62105,3.27081],[117.62108,3.27093],[117.62114,3.27128],[117.62122,3.27173],[117.62124,3.27172],[117.62124,3.27172],[117.62138,3.27256],[117.62148,3.27314],[117.62184,3.2752],[117.62189,3.27554],[117.62189,3.27554],[117.62189,3.27554],[117.62189,3.27555],[117.6221,3.27716],[117.62216,3.27762],[117.62218,3.27771],[117.62218,3.27771],[117.62217,3.27771],[117.62284,3.27932],[117.62285,3.27935],[117.62285,3.27935],[117.62362,3.2806],[117.62362,3.2806],[117.62362,3.2806],[117.62427,3.28122],[117.62427,3.28122],[117.62427,3.28122],[117.62427,3.28122],[117.62427,3.28122],[117.62481,3.28174],[117.62485,3.28178],[117.62492,3.28072],[117.62594,3.27955],[117.62814,3.27582],[117.6281,3.27577],[117.62806,3.27572],[117.628,3.27554],[117.6279,3.27533],[117.62779,3.27521],[117.62774,3.27494],[117.62766,3.27475],[117.6277,3.27435],[117.62737,3.2741],[117.62717,3.2738],[117.62679,3.27329],[117.62681,3.27321],[117.62673,3.2732],[117.62684,3.27277],[117.62698,3.27222],[117.62735,3.27123],[117.62799,3.27012],[117.62837,3.26949],[117.62851,3.26846]]]]},"properties":{"kdprov":"65","kdkab":"71","kdkec":"010","kddesa":"002","kdsls":"0002","idsls":"65710100020002","nmprov":"KALIMANTAN UTARA","nmkab":"TARAKAN","nmkec":"TARAKAN TIMUR","nmdesa":"MAMBURUNGAN TIMUR","nmsls":"RT 002 RW 002"}},{"type":"Feature","geometry":{"type":"MultiPolygon","coordinates":[[[[117.64981,3.33361],[117.65629,3.33366],[117.65692,3.33359],[117.65713,3.33354],[117.65713,3.33356],[117.65724,3.33471],[117.65724,3.33471],[117.6573,3.33508],[117.65727,3.33532],[117.6572,3.33556],[117.65711,3.33576],[117.65748,3.33581],[117.65842,3.33586],[117.6587,3.33594],[117.6608,3.3354],[117.6608,3.3354],[117.65993,3.33311],[117.65941,3.33215],[117.65705,3.33229],[117.65699,3.33228],[117.65106,3.33217],[117.64475,3.33216],[117.64531,3.33356],[117.64981,3.33361]]]]},"properties":{"kdprov":"65","kdkab":"71","kdkec":"010","kddesa":"003","kdsls":"0009","idsls":"65710100030009","nmprov":"KALIMANTAN UTARA","nmkab":"TARAKAN","nmkec":"TARAKAN TIMUR","nmdesa":"PANTAI AMAL","nmsls":"RT 009"}},{"type":"Feature","geometry":{"type":"MultiPolygon","coordinates":[[[[117.58986,3.29235],[117.58992,3.29235],[117.59046,3.29247],[117.59046,3.29263],[117.59046,3.2929],[117.59046,3.29307],[117.59108,3.29284],[117.59133,3.29274],[117.59148,3.29269],[117.59206,3.29247],[117.59234,3.29245],[117.59236,3.29245],[117.59236,3.29245],[117.59187,3.29181],[117.59187,3.29181],[117.5914,3.29116],[117.5914,3.29116],[117.58996,3.29084],[117.58995,3.29085],[117.5895,3.29167],[117.5895,3.29167],[117.5895,3.29167],[117.58946,3.29173],[117.58964,3.29191],[117.58968,3.29195],[117.5898,3.29213],[117.58986,3.29231],[117.58986,3.29235]]]]},"properties":{"kdprov":"65","kdkab":"71","kdkec":"010","kddesa":"007","kdsls":"0005","idsls":"65710100070005","nmprov":"KALIMANTAN UTARA","nmkab":"TARAKAN","nmkec":"TARAKAN TIMUR","nmdesa":"LINGKAS UJUNG","nmsls":"RT 005 RW 002"}},{"type":"Feature","geometry":{"type":"MultiPolygon","coordinates":[[[[117.59352,3.29295],[117.59352,3.29295],[117.59421,3.29375],[117.59432,3.29367],[117.59442,3.2936],[117.59472,3.29334],[117.59493,3.29319],[117.59499,3.29314],[117.59491,3.29307],[117.59475,3.29282],[117.59468,3.29264],[117.59463,3.29247],[117.5946,3.2924],[117.59453,3.29167],[117.59457,3.29155],[117.59456,3.29123],[117.59452,3.29125],[117.59447,3.29126],[117.59428,3.29122],[117.59422,3.29123],[117.59416,3.29124],[117.59406,3.29127],[117.59402,3.29128],[117.59397,3.29121],[117.59388,3.29122],[117.59371,3.29123],[117.59347,3.29124],[117.59306,3.29187],[117.59301,3.29192],[117.59331,3.29216],[117.59313,3.2924],[117.59329,3.29258],[117.59339,3.29255],[117.59352,3.29295]]]]},"properties":{"kdprov":"65","kdkab":"71","kdkec":"010","kddesa":"006","kdsls":"0002","idsls":"65710100060002","nmprov":"KALIMANTAN UTARA","nmkab":"TARAKAN","nmkec":"TARAKAN TIMUR","nmdesa":"GUNUNG LINGKAS","nmsls":"RT 002 RW 001"}},{"type":"Feature","geometry":{"type":"MultiPolygon","coordinates":[[[[117.59116,3.28932],[117.59105,3.28942],[117.59127,3.28958],[117.59147,3.28991],[117.59177,3.29025],[117.59192,3.29035],[117.59205,3.29041],[117.59205,3.29041],[117.59219,3.29023],[117.59229,3.29032],[117.59244,3.29042],[117.59258,3.29046],[117.59376,3.29086],[117.59396,3.2906],[117.59343,3.29029],[117.59297,3.29008],[117.59296,3.29008],[117.59286,3.29008],[117.59257,3.29002],[117.59245,3.28995],[117.59231,3.28981],[117.59216,3.28972],[117.59145,3.28929],[117.59146,3.2892],[117.5913,3.2891],[117.59116,3.28932]]]]},"properties":{"kdprov":"65","kdkab":"71","kdkec":"010","kddesa":"007","kdsls":"0009","idsls":"65710100070009","nmprov":"KALIMANTAN UTARA","nmkab":"TARAKAN","nmkec":"TARAKAN TIMUR","nmdesa":"LINGKAS UJUNG","nmsls":"RT 009 RW 001"}},{"type":"Feature","geometry":{"type":"MultiPolygon","coordinates":[[[[117.59192,3.29035],[117.59177,3.29025],[117.59147,3.28991],[117.59127,3.28958],[117.59105,3.28942],[117.591,3.28948],[117.59072,3.28974],[117.59059,3.2899],[117.5903,3.29022],[117.59021,3.29039],[117.58996,3.29084],[117.5914,3.29116],[117.59154,3.29099],[117.59181,3.29068],[117.59205,3.29041],[117.59192,3.29035]]]]},"properties":{"kdprov":"65","kdkab":"71","kdkec":"010","kddesa":"007","kdsls":"0013","idsls":"65710100070013","nmprov":"KALIMANTAN UTARA","nmkab":"TARAKAN","nmkec":"TARAKAN TIMUR","nmdesa":"LINGKAS UJUNG","nmsls":"RT 013 RW 001"}},{"type":"Feature","geometry":{"type":"MultiPolygon","coordinates":[[[[117.6595,3.34052],[117.65803,3.34048],[117.65797,3.34134],[117.65828,3.34293],[117.65894,3.34552],[117.65894,3.34552],[117.65869,3.34881],[117.66066,3.34871],[117.66067,3.3488],[117.66092,3.34943],[117.66095,3.35016],[117.66148,3.35111],[117.66164,3.35175],[117.66278,3.35175],[117.66315,3.35169],[117.66315,3.35168],[117.66296,3.35065],[117.66227,3.34893],[117.66227,3.34722],[117.66195,3.34305],[117.66249,3.34138],[117.66229,3.34047],[117.66009,3.34051],[117.6595,3.34052]]]]},"properties":{"kdprov":"65","kdkab":"71","kdkec":"010","kddesa":"003","kdsls":"0011","idsls":"65710100030011","nmprov":"KALIMANTAN UTARA","nmkab":"TARAKAN","nmkec":"TARAKAN TIMUR","nmdesa":"PANTAI AMAL","nmsls":"RT 011"}},{"type":"Feature","geometry":{"type":"MultiPolygon","coordinates":[[[[117.59351,3.29119],[117.59376,3.29086],[117.59258,3.29046],[117.59244,3.29042],[117.59229,3.29032],[117.59219,3.29023],[117.59205,3.29041],[117.59205,3.29041],[117.59181,3.29068],[117.59154,3.29099],[117.5914,3.29116],[117.5914,3.29116],[117.59187,3.29181],[117.59187,3.29181],[117.59236,3.29245],[117.59236,3.29245],[117.5929,3.2924],[117.59295,3.2924],[117.59299,3.29268],[117.59317,3.29262],[117.59329,3.29258],[117.59313,3.2924],[117.59331,3.29216],[117.59301,3.29192],[117.59306,3.29187],[117.59347,3.29124],[117.59351,3.29119]]]]},"properties":{"kdprov":"65","kdkab":"71","kdkec":"010","kddesa":"007","kdsls":"0003","idsls":"65710100070003","nmprov":"KALIMANTAN UTARA","nmkab":"TARAKAN","nmkec":"TARAKAN TIMUR","nmdesa":"LINGKAS UJUNG","nmsls":"RT 003 RW 001"}},{"type":"Feature","geometry":{"type":"MultiPolygon","coordinates":[[[[117.59397,3.29121],[117.59402,3.29128],[117.59406,3.29127],[117.59416,3.29124],[117.59422,3.29123],[117.59428,3.29122],[117.59447,3.29126],[117.59452,3.29125],[117.59456,3.29123],[117.59465,3.2912],[117.59486,3.29117],[117.59526,3.29118],[117.59549,3.29118],[117.59557,3.2911],[117.59538,3.29087],[117.59525,3.29065],[117.59545,3.29009],[117.59575,3.28986],[117.59522,3.28926],[117.59497,3.28943],[117.59463,3.28906],[117.59451,3.28928],[117.59443,3.28965],[117.59438,3.28973],[117.59422,3.28985],[117.59394,3.2904],[117.59396,3.2906],[117.59376,3.29086],[117.59351,3.29119],[117.59347,3.29124],[117.59371,3.29123],[117.59388,3.29122],[117.59397,3.29121]]]]},"properties":{"kdprov":"65","kdkab":"71","kdkec":"010","kddesa":"006","kdsls":"0001","idsls":"65710100060001","nmprov":"KALIMANTAN UTARA","nmkab":"TARAKAN","nmkec":"TARAKAN TIMUR","nmdesa":"GUNUNG LINGKAS","nmsls":"RT 001 RW 001"}},{"type":"Feature","geometry":{"type":"MultiPolygon","coordinates":[[[[117.59757,3.29096],[117.59757,3.29095],[117.5974,3.29067],[117.59704,3.29002],[117.59697,3.28989],[117.59624,3.29044],[117.59613,3.29058],[117.59557,3.2911],[117.59549,3.29118],[117.59526,3.29118],[117.59486,3.29117],[117.59465,3.2912],[117.59456,3.29123],[117.59457,3.29155],[117.59453,3.29167],[117.5946,3.2924],[117.59483,3.29233],[117.59479,3.29222],[117.5948,3.29222],[117.5948,3.29222],[117.59491,3.29219],[117.59505,3.29216],[117.59516,3.29212],[117.59548,3.29208],[117.59546,3.29175],[117.59574,3.29174],[117.59616,3.29165],[117.5965,3.29154],[117.59675,3.2915],[117.59705,3.29139],[117.59723,3.2913],[117.59754,3.29113],[117.59767,3.29111],[117.59757,3.29096]]]]},"properties":{"kdprov":"65","kdkab":"71","kdkec":"010","kddesa":"006","kdsls":"0002","idsls":"65710100060002","nmprov":"KALIMANTAN UTARA","nmkab":"TARAKAN","nmkec":"TARAKAN TIMUR","nmdesa":"GUNUNG LINGKAS","nmsls":"RT 002 RW 001"}},{"type":"Feature","geometry":{"type":"MultiPolygon","coordinates":[[[[117.59814,3.29215],[117.59792,3.29167],[117.59788,3.29159],[117.5974,3.29185],[117.59673,3.29215],[117.59646,3.29229],[117.59635,3.29234],[117.59621,3.29236],[117.5961,3.29226],[117.59592,3.29234],[117.59579,3.29244],[117.5953,3.29292],[117.595,3.29314],[117.59499,3.29314],[117.59493,3.29319],[117.59472,3.29334],[117.59442,3.2936],[117.59432,3.29367],[117.59436,3.29373],[117.59436,3.29373],[117.59436,3.29373],[117.59449,3.29404],[117.59449,3.29405],[117.59449,3.29405],[117.59449,3.29405],[117.59458,3.29428],[117.59462,3.29438],[117.59462,3.2944],[117.59482,3.29431],[117.59502,3.29414],[117.59522,3.29399],[117.59538,3.29383],[117.5964,3.29324],[117.59656,3.29316],[117.59679,3.29303],[117.59712,3.29285],[117.59737,3.29272],[117.5978,3.29246],[117.5982,3.29227],[117.59814,3.29215]]]]},"properties":{"kdprov":"65","kdkab":"71","kdkec":"010","kddesa":"006","kdsls":"0004","idsls":"65710100060004","nmprov":"KALIMANTAN UTARA","nmkab":"TARAKAN","nmkec":"TARAKAN TIMUR","nmdesa":"GUNUNG LINGKAS","nmsls":"RT 004 RW 002"}},{"type":"Feature","geometry":{"type":"MultiPolygon","coordinates":[[[[117.59769,3.29117],[117.59767,3.29111],[117.59754,3.29113],[117.59723,3.2913],[117.59705,3.29139],[117.59675,3.2915],[117.5965,3.29154],[117.59616,3.29165],[117.59574,3.29174],[117.59546,3.29175],[117.59548,3.29208],[117.59516,3.29212],[117.59505,3.29216],[117.59491,3.29219],[117.5948,3.29222],[117.5948,3.29222],[117.59479,3.29222],[117.59483,3.29233],[117.5946,3.2924],[117.59463,3.29247],[117.59468,3.29264],[117.59475,3.29282],[117.59491,3.29307],[117.59499,3.29314],[117.595,3.29314],[117.5953,3.29292],[117.59579,3.29244],[117.59592,3.29234],[117.5961,3.29226],[117.59621,3.29236],[117.59635,3.29234],[117.59646,3.29229],[117.59673,3.29215],[117.5974,3.29185],[117.59788,3.29159],[117.59769,3.29117]]]]},"properties":{"kdprov":"65","kdkab":"71","kdkec":"010","kddesa":"006","kdsls":"0003","idsls":"65710100060003","nmprov":"KALIMANTAN UTARA","nmkab":"TARAKAN","nmkec":"TARAKAN TIMUR","nmdesa":"GUNUNG LINGKAS","nmsls":"RT 003 RW 001"}},{"type":"Feature","geometry":{"type":"MultiPolygon","coordinates":[[[[117.66045,3.35892],[117.66019,3.35789],[117.66016,3.35782],[117.65947,3.35601],[117.65919,3.35467],[117.65986,3.35469],[117.66005,3.35506],[117.66135,3.35468],[117.66154,3.3545],[117.66147,3.35356],[117.66146,3.35321],[117.66152,3.35275],[117.66147,3.35208],[117.6614,3.35175],[117.66112,3.35175],[117.65969,3.35207],[117.65891,3.3523],[117.65881,3.3523],[117.6587,3.35229],[117.65862,3.35229],[117.65287,3.35212],[117.64419,3.35217],[117.64439,3.35259],[117.64439,3.35259],[117.64543,3.35316],[117.64543,3.35317],[117.6461,3.35354],[117.64524,3.35418],[117.64469,3.3546],[117.64469,3.3546],[117.64469,3.3546],[117.64469,3.3546],[117.64469,3.3546],[117.64469,3.3546],[117.64548,3.35509],[117.64679,3.35591],[117.64679,3.35591],[117.64673,3.35604],[117.64633,3.35692],[117.64663,3.35708],[117.64801,3.35783],[117.6474,3.35843],[117.64678,3.35903],[117.64678,3.35903],[117.6512,3.35957],[117.65624,3.35988],[117.65854,3.36021],[117.66096,3.36042],[117.66105,3.36038],[117.66045,3.35892]]]]},"properties":{"kdprov":"65","kdkab":"71","kdkec":"010","kddesa":"003","kdsls":"0012","idsls":"65710100030012","nmprov":"KALIMANTAN UTARA","nmkab":"TARAKAN","nmkec":"TARAKAN TIMUR","nmdesa":"PANTAI AMAL","nmsls":"RT 012"}},{"type":"Feature","geometry":{"type":"MultiPolygon","coordinates":[[[[117.6614,3.35175],[117.66147,3.35208],[117.66152,3.35275],[117.66146,3.35321],[117.66147,3.35356],[117.66154,3.3545],[117.66135,3.35468],[117.66005,3.35506],[117.65986,3.35469],[117.65919,3.35467],[117.65947,3.35601],[117.66016,3.35782],[117.66077,3.35759],[117.66113,3.35743],[117.66143,3.35741],[117.66181,3.35736],[117.66248,3.3571],[117.6631,3.35687],[117.66429,3.3565],[117.66484,3.35625],[117.66541,3.35585],[117.6653,3.3554],[117.66477,3.35477],[117.66458,3.35454],[117.66392,3.35404],[117.66326,3.3523],[117.66315,3.35169],[117.66278,3.35175],[117.66164,3.35175],[117.6614,3.35175]]]]},"properties":{"kdprov":"65","kdkab":"71","kdkec":"010","kddesa":"003","kdsls":"0012","idsls":"65710100030012","nmprov":"KALIMANTAN UTARA","nmkab":"TARAKAN","nmkec":"TARAKAN TIMUR","nmdesa":"PANTAI AMAL","nmsls":"RT 012"}},{"type":"Feature","geometry":{"type":"MultiPolygon","coordinates":[[[[117.66221,3.36688],[117.66228,3.36623],[117.6625,3.36567],[117.66251,3.36512],[117.66252,3.36443],[117.66319,3.36458],[117.66383,3.36386],[117.66447,3.36338],[117.66514,3.363],[117.66534,3.36302],[117.66537,3.36265],[117.66524,3.36248],[117.665,3.3622],[117.66482,3.36202],[117.66448,3.36156],[117.6644,3.36125],[117.66443,3.36114],[117.66441,3.36114],[117.66404,3.36109],[117.66338,3.36134],[117.66311,3.36148],[117.66217,3.36267],[117.66038,3.36275],[117.64711,3.3614],[117.64703,3.3615],[117.64741,3.3621],[117.64741,3.3621],[117.64773,3.36262],[117.64773,3.36262],[117.64778,3.3627],[117.64791,3.36281],[117.65012,3.36344],[117.65439,3.36465],[117.65865,3.36587],[117.65941,3.36608],[117.65964,3.36614],[117.66018,3.36628],[117.6621,3.36676],[117.66221,3.36688]]]]},"properties":{"kdprov":"65","kdkab":"71","kdkec":"010","kddesa":"003","kdsls":"0014","idsls":"65710100030014","nmprov":"KALIMANTAN UTARA","nmkab":"TARAKAN","nmkec":"TARAKAN TIMUR","nmdesa":"PANTAI AMAL","nmsls":"RT 014"}},{"type":"Feature","geometry":{"type":"MultiPolygon","coordinates":[[[[117.66547,3.37078],[117.66551,3.37],[117.66561,3.36983],[117.66555,3.36952],[117.66549,3.3692],[117.66559,3.369],[117.66611,3.36865],[117.66587,3.36811],[117.66602,3.36646],[117.66611,3.3663],[117.66719,3.36629],[117.66729,3.36496],[117.66737,3.36467],[117.66736,3.36405],[117.66735,3.36337],[117.66534,3.36302],[117.66514,3.363],[117.66447,3.36338],[117.66383,3.36386],[117.66319,3.36458],[117.66252,3.36443],[117.66251,3.36512],[117.6625,3.36567],[117.66228,3.36623],[117.66221,3.36688],[117.66323,3.36807],[117.66361,3.36856],[117.66362,3.36858],[117.664,3.36908],[117.66415,3.36926],[117.66418,3.36931],[117.66429,3.36942],[117.66464,3.36978],[117.66498,3.37022],[117.66524,3.37051],[117.66533,3.37062],[117.66547,3.37078]]]]},"properties":{"kdprov":"65","kdkab":"71","kdkec":"010","kddesa":"003","kdsls":"0014","idsls":"65710100030014","nmprov":"KALIMANTAN UTARA","nmkab":"TARAKAN","nmkec":"TARAKAN TIMUR","nmdesa":"PANTAI AMAL","nmsls":"RT 014"}},{"type":"Feature","geometry":{"type":"MultiPolygon","coordinates":[[[[117.66623,3.36092],[117.66662,3.36142],[117.66715,3.36219],[117.66729,3.36276],[117.66735,3.36337],[117.66736,3.36405],[117.66737,3.36467],[117.66729,3.36496],[117.66719,3.36629],[117.66611,3.3663],[117.66602,3.36646],[117.66587,3.36811],[117.66611,3.36865],[117.66559,3.369],[117.66549,3.3692],[117.66555,3.36952],[117.66561,3.36983],[117.66551,3.37],[117.66547,3.37078],[117.66606,3.37151],[117.66692,3.37236],[117.66716,3.37174],[117.66745,3.37084],[117.66768,3.36982],[117.66788,3.36903],[117.66798,3.36834],[117.66804,3.3679],[117.66809,3.36745],[117.6682,3.3662],[117.6688,3.36487],[117.66886,3.36338],[117.66859,3.3624],[117.66838,3.36146],[117.66835,3.36097],[117.66816,3.36037],[117.66773,3.36049],[117.66722,3.36065],[117.66623,3.36092]]]]},"properties":{"kdprov":"65","kdkab":"71","kdkec":"010","kddesa":"003","kdsls":"0014","idsls":"65710100030014","nmprov":"KALIMANTAN UTARA","nmkab":"TARAKAN","nmkec":"TARAKAN TIMUR","nmdesa":"PANTAI AMAL","nmsls":"RT 014"}},{"type":"Feature","geometry":{"type":"MultiPolygon","coordinates":[[[[117.64382,3.32076],[117.64896,3.32114],[117.65222,3.32193],[117.65677,3.32287],[117.65699,3.32209],[117.6572,3.32138],[117.65735,3.31962],[117.65839,3.31963],[117.65908,3.31964],[117.65967,3.31967],[117.65969,3.31914],[117.65951,3.31629],[117.65951,3.31628],[117.65892,3.31639],[117.65815,3.31638],[117.65797,3.31613],[117.65787,3.31606],[117.65782,3.31602],[117.65776,3.31602],[117.65769,3.31605],[117.65714,3.31674],[117.65571,3.31674],[117.65551,3.31672],[117.65531,3.31659],[117.65525,3.31639],[117.65475,3.31606],[117.65197,3.31647],[117.64336,3.31786],[117.64336,3.31786],[117.64401,3.31944],[117.64382,3.32076]]]]},"properties":{"kdprov":"65","kdkab":"71","kdkec":"010","kddesa":"003","kdsls":"0015","idsls":"65710100030015","nmprov":"KALIMANTAN UTARA","nmkab":"TARAKAN","nmkec":"TARAKAN TIMUR","nmdesa":"PANTAI AMAL","nmsls":"RT 015"}},{"type":"Feature","geometry":{"type":"MultiPolygon","coordinates":[[[[117.61984,3.31294],[117.61978,3.31286],[117.61974,3.31273],[117.61968,3.3126],[117.61952,3.31243],[117.61927,3.31224],[117.61901,3.31203],[117.61883,3.31186],[117.61847,3.31157],[117.61834,3.31145],[117.61819,3.31134],[117.61807,3.31113],[117.61798,3.31096],[117.61796,3.31079],[117.61793,3.31057],[117.61783,3.31033],[117.61765,3.31025],[117.61673,3.30983],[117.6166,3.30996],[117.61648,3.31004],[117.61632,3.30999],[117.61632,3.30988],[117.61637,3.30957],[117.61635,3.30925],[117.61636,3.3089],[117.61628,3.30861],[117.61618,3.30849],[117.61613,3.30851],[117.61606,3.30853],[117.616,3.30854],[117.61593,3.30852],[117.61543,3.30835],[117.61509,3.30825],[117.6146,3.3081],[117.61433,3.30796],[117.61394,3.30768],[117.61327,3.30722],[117.61321,3.30719],[117.61276,3.30734],[117.61268,3.30739],[117.61256,3.30746],[117.6124,3.30763],[117.61228,3.30767],[117.61221,3.3077],[117.6119,3.30769],[117.61163,3.30774],[117.61144,3.30803],[117.6113,3.3082],[117.61121,3.30828],[117.61105,3.30838],[117.61092,3.3084],[117.61064,3.30845],[117.6106,3.30847],[117.61055,3.30866],[117.6106,3.30899],[117.61101,3.3088],[117.61105,3.30892],[117.61084,3.30905],[117.61117,3.30954],[117.61165,3.3092],[117.61192,3.30964],[117.61214,3.31023],[117.61223,3.31047],[117.61226,3.31058],[117.61224,3.31102],[117.61221,3.31146],[117.61217,3.31161],[117.61191,3.31191],[117.61254,3.31275],[117.61341,3.31234],[117.61344,3.31247],[117.61352,3.31258],[117.61364,3.31267],[117.61384,3.31284],[117.614,3.31296],[117.61414,3.31318],[117.61422,3.31338],[117.61426,3.31358],[117.61425,3.31366],[117.6142,3.31375],[117.61433,3.31383],[117.61434,3.31383],[117.61434,3.31383],[117.6144,3.3139],[117.61444,3.31396],[117.61465,3.31421],[117.6147,3.31428],[117.61497,3.3146],[117.61513,3.3148],[117.61516,3.31484],[117.61531,3.31498],[117.61577,3.31542],[117.61598,3.31561],[117.61598,3.31561],[117.61598,3.31562],[117.61598,3.31562],[117.61599,3.31562],[117.61606,3.31558],[117.61612,3.31555],[117.6162,3.3155],[117.61627,3.31546],[117.61637,3.31538],[117.61646,3.31536],[117.61673,3.31523],[117.61688,3.31508],[117.61719,3.31487],[117.61736,3.31466],[117.61737,3.31466],[117.61769,3.31473],[117.61825,3.31473],[117.61875,3.31475],[117.61888,3.31471],[117.61908,3.31457],[117.61926,3.31432],[117.61937,3.31409],[117.61939,3.31397],[117.61945,3.31385],[117.61957,3.31373],[117.61965,3.31366],[117.61971,3.31355],[117.61974,3.31334],[117.61974,3.3132],[117.61975,3.31307],[117.6198,3.31296],[117.61984,3.31294]]]]},"properties":{"kdprov":"65","kdkab":"71","kdkec":"010","kddesa":"004","kdsls":"0001","idsls":"65710100040001","nmprov":"KALIMANTAN UTARA","nmkab":"TARAKAN","nmkec":"TARAKAN TIMUR","nmdesa":"KAMPUNG ENAM","nmsls":"RT 001"}},{"type":"Feature","geometry":{"type":"MultiPolygon","coordinates":[[[[117.5981,3.29402],[117.59799,3.29358],[117.59782,3.29333],[117.5973,3.29368],[117.59688,3.29324],[117.59679,3.29303],[117.59656,3.29316],[117.5964,3.29324],[117.59538,3.29383],[117.59522,3.29399],[117.59502,3.29414],[117.59482,3.29431],[117.59462,3.2944],[117.59464,3.29443],[117.59466,3.29449],[117.59466,3.29449],[117.59476,3.29472],[117.59481,3.29482],[117.59486,3.29494],[117.59488,3.29499],[117.59497,3.29521],[117.595,3.29526],[117.595,3.29527],[117.59504,3.29537],[117.59539,3.29505],[117.59542,3.295],[117.59595,3.2941],[117.59599,3.29414],[117.59627,3.29435],[117.59639,3.29419],[117.59652,3.29409],[117.59666,3.29403],[117.59679,3.29402],[117.597,3.29403],[117.59729,3.29403],[117.59778,3.29404],[117.5981,3.29402]]]]},"properties":{"kdprov":"65","kdkab":"71","kdkec":"010","kddesa":"006","kdsls":"0005","idsls":"65710100060005","nmprov":"KALIMANTAN UTARA","nmkab":"TARAKAN","nmkec":"TARAKAN TIMUR","nmdesa":"GUNUNG LINGKAS","nmsls":"RT 005 RW 002"}},{"type":"Feature","geometry":{"type":"MultiPolygon","coordinates":[[[[117.59262,3.28771],[117.59309,3.28717],[117.59337,3.28698],[117.59364,3.28674],[117.59475,3.28582],[117.59521,3.28541],[117.59589,3.28474],[117.59635,3.28413],[117.5966,3.28385],[117.59665,3.28387],[117.59691,3.2836],[117.5972,3.2834],[117.59735,3.28327],[117.59751,3.28314],[117.59764,3.28302],[117.59763,3.283],[117.59758,3.28292],[117.5974,3.28273],[117.59693,3.28214],[117.59693,3.28214],[117.59603,3.28118],[117.59494,3.28008],[117.59509,3.27989],[117.59424,3.27917],[117.59405,3.27929],[117.59393,3.27936],[117.59305,3.27989],[117.59114,3.28147],[117.59093,3.28174],[117.58918,3.28397],[117.58877,3.28459],[117.59221,3.2873],[117.59262,3.28771]]]]},"properties":{"kdprov":"65","kdkab":"71","kdkec":"010","kddesa":"007","kdsls":"0004","idsls":"65710100070004","nmprov":"KALIMANTAN UTARA","nmkab":"TARAKAN","nmkec":"TARAKAN TIMUR","nmdesa":"LINGKAS UJUNG","nmsls":"RT 004 RW 003"}},{"type":"Feature","geometry":{"type":"MultiPolygon","coordinates":[[[[117.59841,3.28309],[117.59856,3.28289],[117.59915,3.28234],[117.59935,3.28191],[117.59944,3.28172],[117.59974,3.28109],[117.59486,3.27879],[117.59424,3.27917],[117.59509,3.27989],[117.59494,3.28008],[117.59603,3.28118],[117.59693,3.28214],[117.59693,3.28214],[117.59736,3.2818],[117.59779,3.28225],[117.59764,3.28239],[117.59776,3.2825],[117.59798,3.28271],[117.5983,3.28295],[117.59841,3.28309]]]]},"properties":{"kdprov":"65","kdkab":"71","kdkec":"010","kddesa":"007","kdsls":"0008","idsls":"65710100070008","nmprov":"KALIMANTAN UTARA","nmkab":"TARAKAN","nmkec":"TARAKAN TIMUR","nmdesa":"LINGKAS UJUNG","nmsls":"RT 008 RW 004"}},{"type":"Feature","geometry":{"type":"MultiPolygon","coordinates":[[[[117.59988,3.28192],[117.59944,3.28172],[117.59935,3.28191],[117.59915,3.28234],[117.59856,3.28289],[117.59841,3.28309],[117.59838,3.28312],[117.59826,3.28323],[117.59839,3.28332],[117.59868,3.28364],[117.59895,3.28329],[117.59905,3.28312],[117.59922,3.28289],[117.59925,3.28282],[117.59934,3.28293],[117.59948,3.28279],[117.59961,3.28262],[117.59964,3.28252],[117.5998,3.28206],[117.59988,3.28192]]]]},"properties":{"kdprov":"65","kdkab":"71","kdkec":"010","kddesa":"007","kdsls":"0008","idsls":"65710100070008","nmprov":"KALIMANTAN UTARA","nmkab":"TARAKAN","nmkec":"TARAKAN TIMUR","nmdesa":"LINGKAS UJUNG","nmsls":"RT 008 RW 004"}},{"type":"Feature","geometry":{"type":"MultiPolygon","coordinates":[[[[117.58729,3.29022],[117.58756,3.28988],[117.58768,3.28973],[117.58775,3.28964],[117.58785,3.2895],[117.58797,3.28934],[117.58808,3.28916],[117.58815,3.28906],[117.5881,3.28902],[117.58769,3.28879],[117.5874,3.28858],[117.58685,3.28818],[117.58656,3.28796],[117.58609,3.28764],[117.58578,3.28743],[117.58574,3.28747],[117.58574,3.28747],[117.5855,3.28768],[117.58538,3.28778],[117.58531,3.28784],[117.58526,3.28789],[117.585,3.28812],[117.58483,3.28843],[117.58588,3.2892],[117.58729,3.29022]]]]},"properties":{"kdprov":"65","kdkab":"71","kdkec":"010","kddesa":"007","kdsls":"0011","idsls":"65710100070011","nmprov":"KALIMANTAN UTARA","nmkab":"TARAKAN","nmkec":"TARAKAN TIMUR","nmdesa":"LINGKAS UJUNG","nmsls":"RT 011 RW 002"}}]}