{"type":"FeatureCollection","features":[{"type":"Feature","geometry":{"type":"MultiPolygon","coordinates":[[[[117.57971,3.30834],[117.57965,3.30828],[117.57959,3.30823],[117.57951,3.30819],[117.57943,3.30815],[117.57935,3.30811],[117.57931,3.30808],[117.57923,3.30804],[117.57917,3.30799],[117.57907,3.30793],[117.57897,3.30786],[117.57887,3.30779],[117.57878,3.30773],[117.57867,3.30766],[117.57856,3.3076],[117.57817,3.30826],[117.57867,3.30855],[117.57887,3.30884],[117.57901,3.30897],[117.5792,3.30889],[117.57929,3.30878],[117.57944,3.30858],[117.57969,3.30835],[117.57971,3.30834]]]]},"properties":{"kdprov":"65","kdkab":"71","kdkec":"030","kddesa":"004","kdsls":"0023","idsls":"65710300040023","nmprov":"KALIMANTAN UTARA","nmkab":"TARAKAN","nmkec":"TARAKAN BARAT","nmdesa":"KARANG ANYAR PANTAI","nmsls":"RT 023"}},{"type":"Feature","geometry":{"type":"MultiPolygon","coordinates":[[[[117.5589,3.34668],[117.55803,3.34642],[117.55732,3.34625],[117.55683,3.34623],[117.55655,3.34615],[117.55584,3.34624],[117.55548,3.34527],[117.55514,3.3443],[117.55443,3.34479],[117.55323,3.3458],[117.5538,3.34632],[117.55418,3.34683],[117.55414,3.3472],[117.55414,3.34749],[117.55533,3.34703],[117.55613,3.3469],[117.55842,3.34666],[117.5589,3.34668]]]]},"properties":{"kdprov":"65","kdkab":"71","kdkec":"030","kddesa":"005","kdsls":"0005","idsls":"65710300050005","nmprov":"KALIMANTAN UTARA","nmkab":"TARAKAN","nmkec":"TARAKAN BARAT","nmdesa":"KARANG HARAPAN","nmsls":"RT 005"}},{"type":"Feature","geometry":{"type":"MultiPolygon","coordinates":[[[[117.57754,3.30721],[117.57763,3.30726],[117.57769,3.30715],[117.57772,3.30708],[117.57771,3.30707],[117.57776,3.30705],[117.57779,3.30673],[117.57802,3.30632],[117.57788,3.30624],[117.57775,3.30617],[117.57771,3.30614],[117.57729,3.30591],[117.57694,3.30657],[117.57712,3.30665],[117.57697,3.30717],[117.57694,3.3072],[117.57692,3.30727],[117.57683,3.30752],[117.57678,3.30801],[117.57715,3.308],[117.57728,3.30803],[117.57734,3.30753],[117.57744,3.30719],[117.57752,3.30724],[117.57754,3.30721]]]]},"properties":{"kdprov":"65","kdkab":"71","kdkec":"030","kddesa":"004","kdsls":"0031","idsls":"65710300040031","nmprov":"KALIMANTAN UTARA","nmkab":"TARAKAN","nmkec":"TARAKAN BARAT","nmdesa":"KARANG ANYAR PANTAI","nmsls":"RT 031"}},{"type":"Feature","geometry":{"type":"MultiPolygon","coordinates":[[[[117.57944,3.30573],[117.57938,3.30585],[117.57958,3.30597],[117.57966,3.30584],[117.57982,3.30595],[117.57984,3.30591],[117.57982,3.3059],[117.58,3.30559],[117.58005,3.30548],[117.57957,3.3052],[117.5795,3.30531],[117.57951,3.30532],[117.57935,3.3056],[117.57932,3.30558],[117.57929,3.30564],[117.57944,3.30573]]]]},"properties":{"kdprov":"65","kdkab":"71","kdkec":"030","kddesa":"001","kdsls":"0003","idsls":"65710300010003","nmprov":"KALIMANTAN UTARA","nmkab":"TARAKAN","nmkec":"TARAKAN BARAT","nmdesa":"KARANG REJO","nmsls":"RT 003"}},{"type":"Feature","geometry":{"type":"MultiPolygon","coordinates":[[[[117.58225,3.3056],[117.58225,3.30555],[117.58232,3.30551],[117.58241,3.30547],[117.58244,3.30547],[117.58248,3.30526],[117.58248,3.30526],[117.58244,3.30525],[117.58197,3.30516],[117.58195,3.30516],[117.58181,3.30514],[117.58177,3.30514],[117.58177,3.30513],[117.58176,3.30512],[117.58173,3.30509],[117.5817,3.30507],[117.58167,3.30503],[117.58165,3.30499],[117.58161,3.30496],[117.58158,3.30494],[117.58151,3.30493],[117.58143,3.30491],[117.58143,3.30491],[117.58109,3.30582],[117.58142,3.30576],[117.58225,3.3056]]]]},"properties":{"kdprov":"65","kdkab":"71","kdkec":"030","kddesa":"001","kdsls":"0008","idsls":"65710300010008","nmprov":"KALIMANTAN UTARA","nmkab":"TARAKAN","nmkec":"TARAKAN BARAT","nmdesa":"KARANG REJO","nmsls":"RT 008"}},{"type":"Feature","geometry":{"type":"MultiPolygon","coordinates":[[[[117.5905,3.32011],[117.59014,3.32018],[117.58951,3.32017],[117.58907,3.32011],[117.58917,3.32135],[117.58924,3.32186],[117.58924,3.32266],[117.58924,3.32293],[117.58926,3.32375],[117.58924,3.32433],[117.58954,3.32425],[117.58964,3.32431],[117.58978,3.3244],[117.59004,3.32449],[117.59011,3.32451],[117.59031,3.32448],[117.59053,3.32441],[117.59187,3.3249],[117.5935,3.32423],[117.59311,3.32395],[117.59262,3.3242],[117.59226,3.32363],[117.59225,3.32363],[117.59219,3.32363],[117.59213,3.32363],[117.59167,3.32266],[117.59164,3.32235],[117.59158,3.32198],[117.59151,3.3217],[117.5915,3.32156],[117.59123,3.32131],[117.59101,3.3211],[117.59087,3.32096],[117.59073,3.32065],[117.59054,3.32037],[117.5905,3.32011]]]]},"properties":{"kdprov":"65","kdkab":"71","kdkec":"030","kddesa":"003","kdsls":"0062","idsls":"65710300030062","nmprov":"KALIMANTAN UTARA","nmkab":"TARAKAN","nmkec":"TARAKAN BARAT","nmdesa":"KARANG ANYAR","nmsls":"RT 062"}},{"type":"Feature","geometry":{"type":"MultiPolygon","coordinates":[[[[117.5664,3.33622],[117.56683,3.33559],[117.56702,3.3353],[117.56764,3.33434],[117.5684,3.33316],[117.56909,3.33195],[117.56983,3.3308],[117.56433,3.32776],[117.56358,3.32874],[117.5625,3.33115],[117.56253,3.3347],[117.5626,3.33473],[117.56461,3.33577],[117.56513,3.33572],[117.5664,3.33622]]]]},"properties":{"kdprov":"65","kdkab":"71","kdkec":"030","kddesa":"004","kdsls":"0033","idsls":"65710300040033","nmprov":"KALIMANTAN UTARA","nmkab":"TARAKAN","nmkec":"TARAKAN BARAT","nmdesa":"KARANG ANYAR PANTAI","nmsls":"RT 033"}},{"type":"Feature","geometry":{"type":"MultiPolygon","coordinates":[[[[117.57771,3.30707],[117.57772,3.30708],[117.57769,3.30715],[117.57763,3.30726],[117.57754,3.30721],[117.57752,3.30724],[117.57744,3.30719],[117.57734,3.30753],[117.57728,3.30803],[117.5774,3.30806],[117.57757,3.30823],[117.57756,3.30825],[117.57783,3.3083],[117.57817,3.30826],[117.57817,3.30826],[117.57856,3.3076],[117.57857,3.30759],[117.57898,3.30685],[117.57847,3.30657],[117.57802,3.30632],[117.57779,3.30673],[117.57776,3.30705],[117.57771,3.30707]]]]},"properties":{"kdprov":"65","kdkab":"71","kdkec":"030","kddesa":"004","kdsls":"0002","idsls":"65710300040002","nmprov":"KALIMANTAN UTARA","nmkab":"TARAKAN","nmkec":"TARAKAN BARAT","nmdesa":"KARANG ANYAR PANTAI","nmsls":"RT 002"}},{"type":"Feature","geometry":{"type":"MultiPolygon","coordinates":[[[[117.58047,3.30516],[117.58049,3.30518],[117.58024,3.30566],[117.58009,3.30592],[117.57997,3.30612],[117.57994,3.30618],[117.57987,3.30633],[117.5798,3.30645],[117.57973,3.3066],[117.57962,3.30682],[117.57961,3.30687],[117.57955,3.30699],[117.57947,3.30711],[117.57948,3.30712],[117.58031,3.30758],[117.58032,3.30759],[117.58033,3.30759],[117.5805,3.30769],[117.58051,3.3077],[117.58094,3.30699],[117.58107,3.30657],[117.58034,3.30639],[117.58035,3.30616],[117.5804,3.30589],[117.58043,3.30583],[117.58026,3.30575],[117.58042,3.30546],[117.58067,3.30502],[117.58056,3.30498],[117.58047,3.30516]]]]},"properties":{"kdprov":"65","kdkab":"71","kdkec":"030","kddesa":"001","kdsls":"0003","idsls":"65710300010003","nmprov":"KALIMANTAN UTARA","nmkab":"TARAKAN","nmkec":"TARAKAN BARAT","nmdesa":"KARANG REJO","nmsls":"RT 003"}},{"type":"Feature","geometry":{"type":"MultiPolygon","coordinates":[[[[117.57199,3.30653],[117.57178,3.30661],[117.57159,3.3067],[117.57136,3.30677],[117.57115,3.30688],[117.57066,3.30711],[117.57074,3.30726],[117.57083,3.30747],[117.57094,3.30771],[117.57115,3.30771],[117.57121,3.30784],[117.57126,3.30802],[117.5712,3.30814],[117.57119,3.30822],[117.57118,3.30842],[117.57119,3.30856],[117.57121,3.30874],[117.57118,3.30894],[117.57123,3.30911],[117.5713,3.30931],[117.57138,3.30944],[117.57144,3.30962],[117.57148,3.30974],[117.57364,3.31006],[117.57362,3.30988],[117.57348,3.30963],[117.57349,3.30924],[117.57348,3.30891],[117.57346,3.30873],[117.57343,3.30864],[117.57331,3.30847],[117.5732,3.30835],[117.57268,3.30804],[117.57237,3.30791],[117.57236,3.30789],[117.5723,3.30775],[117.57225,3.30755],[117.57219,3.30738],[117.5722,3.30721],[117.572,3.30656],[117.57199,3.30653]]]]},"properties":{"kdprov":"65","kdkab":"71","kdkec":"030","kddesa":"004","kdsls":"0030","idsls":"65710300040030","nmprov":"KALIMANTAN UTARA","nmkab":"TARAKAN","nmkec":"TARAKAN BARAT","nmdesa":"KARANG ANYAR PANTAI","nmsls":"RT 030"}},{"type":"Feature","geometry":{"type":"MultiPolygon","coordinates":[[[[117.56633,3.30892],[117.56651,3.30886],[117.56658,3.30887],[117.56685,3.30883],[117.56728,3.30877],[117.56757,3.30871],[117.56781,3.30862],[117.56811,3.30855],[117.56834,3.3085],[117.56854,3.30844],[117.5687,3.30836],[117.56882,3.30829],[117.56891,3.30818],[117.56896,3.30803],[117.56907,3.30796],[117.56917,3.30799],[117.56921,3.30806],[117.5693,3.30809],[117.56954,3.30805],[117.56979,3.30799],[117.57013,3.30791],[117.57057,3.30782],[117.57094,3.30771],[117.57083,3.30747],[117.57074,3.30726],[117.57066,3.30711],[117.57115,3.30688],[117.57136,3.30677],[117.57159,3.3067],[117.57178,3.30661],[117.57199,3.30653],[117.57188,3.30611],[117.57157,3.30623],[117.57066,3.30658],[117.57004,3.30694],[117.56949,3.30736],[117.56918,3.30756],[117.56885,3.30777],[117.56796,3.30738],[117.56727,3.30698],[117.56706,3.3074],[117.56681,3.30791],[117.56633,3.30892]]]]},"properties":{"kdprov":"65","kdkab":"71","kdkec":"030","kddesa":"004","kdsls":"0030","idsls":"65710300040030","nmprov":"KALIMANTAN UTARA","nmkab":"TARAKAN","nmkec":"TARAKAN BARAT","nmdesa":"KARANG ANYAR PANTAI","nmsls":"RT 030"}},{"type":"Feature","geometry":{"type":"MultiPolygon","coordinates":[[[[117.57306,3.32023],[117.57299,3.32035],[117.57287,3.32061],[117.57267,3.32099],[117.57275,3.32109],[117.57295,3.32113],[117.57319,3.32118],[117.57338,3.32125],[117.57336,3.32139],[117.57332,3.32154],[117.57361,3.32162],[117.57424,3.32175],[117.57509,3.32199],[117.57524,3.32202],[117.57524,3.32202],[117.57537,3.32159],[117.57538,3.32155],[117.57541,3.32145],[117.57543,3.3214],[117.57547,3.32129],[117.57552,3.32113],[117.57536,3.32108],[117.57448,3.32077],[117.57388,3.32057],[117.57306,3.32023]]]]},"properties":{"kdprov":"65","kdkab":"71","kdkec":"030","kddesa":"004","kdsls":"0029","idsls":"65710300040029","nmprov":"KALIMANTAN UTARA","nmkab":"TARAKAN","nmkec":"TARAKAN BARAT","nmdesa":"KARANG ANYAR PANTAI","nmsls":"RT 029"}},{"type":"Feature","geometry":{"type":"MultiPolygon","coordinates":[[[[117.57174,3.33729],[117.57195,3.33739],[117.57229,3.33761],[117.57274,3.33784],[117.57321,3.33812],[117.57364,3.33833],[117.57363,3.33818],[117.57363,3.33798],[117.57363,3.33763],[117.57362,3.3374],[117.57361,3.33707],[117.57361,3.33686],[117.57361,3.33677],[117.57361,3.33662],[117.57346,3.33663],[117.57333,3.33664],[117.57323,3.33665],[117.57316,3.33668],[117.57308,3.33669],[117.57301,3.33672],[117.57292,3.33676],[117.5728,3.33682],[117.57272,3.33686],[117.57264,3.3369],[117.57256,3.33692],[117.57241,3.33693],[117.57235,3.33693],[117.5723,3.33697],[117.57216,3.33702],[117.57203,3.33707],[117.57188,3.33711],[117.57174,3.33729]]]]},"properties":{"kdprov":"65","kdkab":"71","kdkec":"030","kddesa":"004","kdsls":"0020","idsls":"65710300040020","nmprov":"KALIMANTAN UTARA","nmkab":"TARAKAN","nmkec":"TARAKAN BARAT","nmdesa":"KARANG ANYAR PANTAI","nmsls":"RT 020"}},{"type":"Feature","geometry":{"type":"MultiPolygon","coordinates":[[[[117.57678,3.31876],[117.57667,3.31867],[117.57643,3.3185],[117.57614,3.31835],[117.5759,3.3182],[117.57559,3.31811],[117.57541,3.31804],[117.57518,3.31791],[117.57495,3.31781],[117.57475,3.31825],[117.57457,3.31874],[117.57444,3.31907],[117.57464,3.31916],[117.57462,3.31921],[117.57475,3.31928],[117.57489,3.31935],[117.57496,3.31925],[117.57535,3.31941],[117.57545,3.31925],[117.57615,3.31967],[117.57638,3.31933],[117.57638,3.31933],[117.57653,3.31913],[117.57678,3.31876]]]]},"properties":{"kdprov":"65","kdkab":"71","kdkec":"030","kddesa":"004","kdsls":"0027","idsls":"65710300040027","nmprov":"KALIMANTAN UTARA","nmkab":"TARAKAN","nmkec":"TARAKAN BARAT","nmdesa":"KARANG ANYAR PANTAI","nmsls":"RT 027"}},{"type":"Feature","geometry":{"type":"MultiPolygon","coordinates":[[[[117.57385,3.32678],[117.57285,3.3255],[117.57207,3.32414],[117.57109,3.32348],[117.5694,3.32256],[117.56903,3.32174],[117.56882,3.32156],[117.56834,3.32149],[117.56797,3.32137],[117.56478,3.32036],[117.55525,3.31734],[117.55517,3.31739],[117.55492,3.31763],[117.55461,3.31792],[117.55397,3.31856],[117.55341,3.31894],[117.55299,3.31919],[117.55249,3.31944],[117.55207,3.31974],[117.55166,3.31997],[117.5515,3.32012],[117.55115,3.32061],[117.55095,3.32078],[117.55076,3.32078],[117.55043,3.32088],[117.55014,3.3209],[117.54974,3.32113],[117.54927,3.32155],[117.54871,3.32184],[117.54794,3.32235],[117.54763,3.32233],[117.54636,3.3229],[117.54498,3.32369],[117.54478,3.32381],[117.54346,3.32451],[117.54278,3.32506],[117.54228,3.32548],[117.54218,3.32556],[117.54221,3.3256],[117.54294,3.32692],[117.54303,3.32708],[117.54329,3.32756],[117.54331,3.32756],[117.54339,3.32774],[117.54399,3.32793],[117.54524,3.3283],[117.54572,3.32848],[117.54633,3.32872],[117.54685,3.32938],[117.54701,3.32921],[117.54963,3.33146],[117.54966,3.33147],[117.54967,3.33148],[117.55229,3.33261],[117.55354,3.33135],[117.557,3.33205],[117.55899,3.33334],[117.56253,3.3347],[117.5625,3.33115],[117.56358,3.32874],[117.56433,3.32776],[117.56983,3.3308],[117.57045,3.33115],[117.57071,3.3309],[117.57117,3.33102],[117.57161,3.33116],[117.57229,3.33132],[117.57279,3.33144],[117.57322,3.33146],[117.57354,3.33147],[117.57354,3.33147],[117.57354,3.3308],[117.57346,3.32932],[117.57346,3.32855],[117.57354,3.32817],[117.57361,3.32757],[117.57385,3.32678]]]]},"properties":{"kdprov":"65","kdkab":"71","kdkec":"030","kddesa":"004","kdsls":"0026","idsls":"65710300040026","nmprov":"KALIMANTAN UTARA","nmkab":"TARAKAN","nmkec":"TARAKAN BARAT","nmdesa":"KARANG ANYAR PANTAI","nmsls":"RT 026"}},{"type":"Feature","geometry":{"type":"MultiPolygon","coordinates":[[[[117.57157,3.30623],[117.57156,3.30616],[117.5715,3.30604],[117.57143,3.3059],[117.57135,3.30574],[117.57129,3.30549],[117.57118,3.3054],[117.57072,3.30507],[117.57035,3.30478],[117.57001,3.30458],[117.56973,3.30433],[117.56777,3.30599],[117.56727,3.30698],[117.56796,3.30738],[117.56885,3.30777],[117.56918,3.30756],[117.56949,3.30736],[117.57004,3.30694],[117.57066,3.30658],[117.57157,3.30623]]]]},"properties":{"kdprov":"65","kdkab":"71","kdkec":"030","kddesa":"004","kdsls":"0025","idsls":"65710300040025","nmprov":"KALIMANTAN UTARA","nmkab":"TARAKAN","nmkec":"TARAKAN BARAT","nmdesa":"KARANG ANYAR PANTAI","nmsls":"RT 025"}},{"type":"Feature","geometry":{"type":"MultiPolygon","coordinates":[[[[117.57692,3.31514],[117.57667,3.31546],[117.57667,3.31546],[117.57622,3.3161],[117.57576,3.31672],[117.5763,3.31703],[117.5765,3.31688],[117.57678,3.31676],[117.57723,3.31712],[117.57767,3.31745],[117.57769,3.31742],[117.57775,3.31733],[117.57808,3.31688],[117.57832,3.31655],[117.57838,3.31646],[117.57859,3.31616],[117.57692,3.31514]]]]},"properties":{"kdprov":"65","kdkab":"71","kdkec":"030","kddesa":"004","kdsls":"0024","idsls":"65710300040024","nmprov":"KALIMANTAN UTARA","nmkab":"TARAKAN","nmkec":"TARAKAN BARAT","nmdesa":"KARANG ANYAR PANTAI","nmsls":"RT 024"}},{"type":"Feature","geometry":{"type":"MultiPolygon","coordinates":[[[[117.57667,3.31546],[117.57659,3.31542],[117.57623,3.31505],[117.57613,3.31518],[117.57537,3.31452],[117.57485,3.31416],[117.57513,3.31379],[117.57411,3.31312],[117.56859,3.31195],[117.56432,3.31101],[117.56429,3.31103],[117.56364,3.31153],[117.56324,3.31184],[117.5622,3.31269],[117.57262,3.31646],[117.57264,3.31648],[117.57267,3.3166],[117.57268,3.31661],[117.57275,3.31647],[117.57279,3.31628],[117.57275,3.3161],[117.57275,3.31589],[117.57275,3.3157],[117.57275,3.31552],[117.57284,3.31535],[117.57298,3.31519],[117.57313,3.3151],[117.57329,3.31508],[117.57346,3.31515],[117.57357,3.31527],[117.5737,3.31539],[117.5739,3.31549],[117.57414,3.31556],[117.57442,3.3156],[117.57454,3.3156],[117.57468,3.31581],[117.57476,3.31615],[117.5748,3.31647],[117.57486,3.31668],[117.57495,3.31684],[117.57502,3.31701],[117.57514,3.31725],[117.57531,3.31735],[117.57563,3.31751],[117.57553,3.31767],[117.57596,3.31792],[117.57657,3.31831],[117.57651,3.31838],[117.57687,3.31862],[117.57691,3.31857],[117.57709,3.3183],[117.57716,3.3182],[117.57721,3.31813],[117.57764,3.31749],[117.57767,3.31745],[117.57723,3.31712],[117.57678,3.31676],[117.5765,3.31688],[117.5763,3.31703],[117.57576,3.31672],[117.57622,3.3161],[117.57667,3.31546],[117.57667,3.31546]]]]},"properties":{"kdprov":"65","kdkab":"71","kdkec":"030","kddesa":"004","kdsls":"0024","idsls":"65710300040024","nmprov":"KALIMANTAN UTARA","nmkab":"TARAKAN","nmkec":"TARAKAN BARAT","nmdesa":"KARANG ANYAR PANTAI","nmsls":"RT 024"}},{"type":"Feature","geometry":{"type":"MultiPolygon","coordinates":[[[[117.5819,3.3067],[117.5819,3.3067],[117.5823,3.30574],[117.58228,3.30571],[117.58224,3.30563],[117.58225,3.3056],[117.58142,3.30576],[117.5813,3.30635],[117.58124,3.30662],[117.58133,3.30665],[117.58181,3.30683],[117.5819,3.3067]]]]},"properties":{"kdprov":"65","kdkab":"71","kdkec":"030","kddesa":"001","kdsls":"0005","idsls":"65710300010005","nmprov":"KALIMANTAN UTARA","nmkab":"TARAKAN","nmkec":"TARAKAN BARAT","nmdesa":"KARANG REJO","nmsls":"RT 005"}},{"type":"Feature","geometry":{"type":"MultiPolygon","coordinates":[[[[117.57543,3.30704],[117.57551,3.30689],[117.57595,3.30611],[117.57638,3.30539],[117.57636,3.30538],[117.57632,3.30535],[117.57511,3.30466],[117.57497,3.30458],[117.57482,3.3045],[117.5745,3.30431],[117.57294,3.30346],[117.57208,3.30282],[117.57203,3.30285],[117.57197,3.30289],[117.57194,3.3029],[117.57179,3.30299],[117.57175,3.30301],[117.57171,3.30304],[117.57174,3.30306],[117.57217,3.30329],[117.57235,3.30338],[117.57297,3.30374],[117.5734,3.30397],[117.5738,3.30419],[117.57423,3.30445],[117.57426,3.30448],[117.57432,3.30454],[117.57437,3.30463],[117.57444,3.30471],[117.57447,3.3048],[117.57453,3.30495],[117.5747,3.30519],[117.57459,3.30537],[117.57464,3.30542],[117.57449,3.30561],[117.57426,3.30597],[117.57427,3.30597],[117.5741,3.30617],[117.57406,3.30626],[117.57451,3.30652],[117.57488,3.3067],[117.5751,3.30682],[117.57525,3.30691],[117.57543,3.30704]]]]},"properties":{"kdprov":"65","kdkab":"71","kdkec":"030","kddesa":"004","kdsls":"0022","idsls":"65710300040022","nmprov":"KALIMANTAN UTARA","nmkab":"TARAKAN","nmkec":"TARAKAN BARAT","nmdesa":"KARANG ANYAR PANTAI","nmsls":"RT 022"}},{"type":"Feature","geometry":{"type":"MultiPolygon","coordinates":[[[[117.56474,3.31929],[117.56478,3.32036],[117.56797,3.32137],[117.56834,3.32149],[117.56882,3.32156],[117.56903,3.32174],[117.56951,3.32188],[117.57295,3.32298],[117.57464,3.32352],[117.57466,3.32352],[117.57466,3.32361],[117.57465,3.32365],[117.57476,3.3237],[117.57488,3.32331],[117.57524,3.32202],[117.57509,3.32199],[117.57424,3.32175],[117.57361,3.32162],[117.57332,3.32154],[117.5731,3.32149],[117.57294,3.32195],[117.57263,3.32161],[117.57257,3.3216],[117.57242,3.32196],[117.57219,3.32196],[117.57159,3.32184],[117.57142,3.32181],[117.57145,3.32155],[117.57141,3.32153],[117.57145,3.32135],[117.57144,3.32134],[117.56474,3.31929]]]]},"properties":{"kdprov":"65","kdkab":"71","kdkec":"030","kddesa":"004","kdsls":"0018","idsls":"65710300040018","nmprov":"KALIMANTAN UTARA","nmkab":"TARAKAN","nmkec":"TARAKAN BARAT","nmdesa":"KARANG ANYAR PANTAI","nmsls":"RT 018"}},{"type":"Feature","geometry":{"type":"MultiPolygon","coordinates":[[[[117.57906,3.31089],[117.57896,3.31111],[117.57856,3.31185],[117.57899,3.3121],[117.57896,3.31219],[117.57879,3.31249],[117.57868,3.31265],[117.57849,3.31285],[117.57827,3.31309],[117.57829,3.31311],[117.579,3.31368],[117.57976,3.31425],[117.57988,3.31433],[117.58015,3.31395],[117.58019,3.31388],[117.58028,3.31376],[117.58039,3.3136],[117.58047,3.31348],[117.58052,3.31341],[117.58056,3.31334],[117.58061,3.31327],[117.58066,3.3132],[117.58072,3.31312],[117.58058,3.31304],[117.5802,3.31283],[117.57934,3.31242],[117.57999,3.31143],[117.57999,3.31143],[117.57906,3.31089]]]]},"properties":{"kdprov":"65","kdkab":"71","kdkec":"030","kddesa":"004","kdsls":"0014","idsls":"65710300040014","nmprov":"KALIMANTAN UTARA","nmkab":"TARAKAN","nmkec":"TARAKAN BARAT","nmdesa":"KARANG ANYAR PANTAI","nmsls":"RT 014"}},{"type":"Feature","geometry":{"type":"MultiPolygon","coordinates":[[[[117.58034,3.31084],[117.57978,3.31049],[117.57937,3.31022],[117.57938,3.31018],[117.57898,3.30997],[117.57844,3.30961],[117.5779,3.30919],[117.57738,3.30887],[117.57699,3.30952],[117.57739,3.30984],[117.57782,3.31013],[117.5785,3.3105],[117.57867,3.31066],[117.57906,3.31089],[117.57999,3.31143],[117.58032,3.31088],[117.58034,3.31084]]]]},"properties":{"kdprov":"65","kdkab":"71","kdkec":"030","kddesa":"004","kdsls":"0012","idsls":"65710300040012","nmprov":"KALIMANTAN UTARA","nmkab":"TARAKAN","nmkec":"TARAKAN BARAT","nmdesa":"KARANG ANYAR PANTAI","nmsls":"RT 012"}},{"type":"Feature","geometry":{"type":"MultiPolygon","coordinates":[[[[117.58201,3.31025],[117.58205,3.31028],[117.58211,3.31032],[117.58215,3.31034],[117.58218,3.31037],[117.5822,3.31039],[117.58221,3.31041],[117.58223,3.31044],[117.58229,3.31048],[117.58234,3.31051],[117.58239,3.31054],[117.58249,3.3106],[117.58258,3.31047],[117.58263,3.3104],[117.58269,3.31031],[117.58269,3.31031],[117.58271,3.31029],[117.58271,3.31029],[117.58274,3.31024],[117.58276,3.31022],[117.58277,3.3102],[117.58266,3.31013],[117.58265,3.31013],[117.58206,3.30977],[117.58129,3.30928],[117.58129,3.30928],[117.58128,3.30929],[117.58127,3.30931],[117.58101,3.30967],[117.5816,3.31],[117.58165,3.31005],[117.58169,3.31007],[117.58175,3.31011],[117.58184,3.31016],[117.58191,3.31021],[117.58198,3.31024],[117.58199,3.31025],[117.58201,3.31025]]]]},"properties":{"kdprov":"65","kdkab":"71","kdkec":"030","kddesa":"004","kdsls":"0010","idsls":"65710300040010","nmprov":"KALIMANTAN UTARA","nmkab":"TARAKAN","nmkec":"TARAKAN BARAT","nmdesa":"KARANG ANYAR PANTAI","nmsls":"RT 010"}},{"type":"Feature","geometry":{"type":"MultiPolygon","coordinates":[[[[117.58016,3.30918],[117.58024,3.30922],[117.58035,3.30928],[117.58034,3.30932],[117.58032,3.30938],[117.58035,3.30942],[117.58057,3.30953],[117.58063,3.30958],[117.58068,3.30962],[117.58076,3.30966],[117.58086,3.30971],[117.58096,3.30976],[117.58097,3.30974],[117.58101,3.30967],[117.58101,3.30967],[117.58127,3.30931],[117.58128,3.30929],[117.5807,3.30889],[117.58048,3.30875],[117.58042,3.30871],[117.58035,3.30883],[117.58016,3.30918]]]]},"properties":{"kdprov":"65","kdkab":"71","kdkec":"030","kddesa":"004","kdsls":"0009","idsls":"65710300040009","nmprov":"KALIMANTAN UTARA","nmkab":"TARAKAN","nmkec":"TARAKAN BARAT","nmdesa":"KARANG ANYAR PANTAI","nmsls":"RT 009"}},{"type":"Feature","geometry":{"type":"MultiPolygon","coordinates":[[[[117.58022,3.30847],[117.5801,3.30841],[117.58007,3.30848],[117.58013,3.30852],[117.58042,3.30871],[117.58048,3.30875],[117.5807,3.30889],[117.58128,3.30929],[117.58129,3.30928],[117.58129,3.30928],[117.58139,3.30913],[117.58131,3.30907],[117.58124,3.30902],[117.58116,3.30897],[117.58106,3.30887],[117.58099,3.30882],[117.58094,3.30877],[117.58084,3.30867],[117.58072,3.30858],[117.5807,3.30861],[117.58068,3.3086],[117.58063,3.30858],[117.58062,3.30857],[117.5806,3.30856],[117.58049,3.30851],[117.58038,3.30847],[117.58033,3.30844],[117.58026,3.30841],[117.58024,3.30844],[117.58022,3.30847]]]]},"properties":{"kdprov":"65","kdkab":"71","kdkec":"030","kddesa":"004","kdsls":"0007","idsls":"65710300040007","nmprov":"KALIMANTAN UTARA","nmkab":"TARAKAN","nmkec":"TARAKAN BARAT","nmdesa":"KARANG ANYAR PANTAI","nmsls":"RT 007"}},{"type":"Feature","geometry":{"type":"MultiPolygon","coordinates":[[[[117.57951,3.30902],[117.5795,3.30906],[117.57951,3.30908],[117.57959,3.30916],[117.57961,3.30913],[117.57962,3.30915],[117.57999,3.30933],[117.58005,3.30934],[117.58011,3.30934],[117.58023,3.30937],[117.58029,3.30929],[117.58034,3.30932],[117.58035,3.30928],[117.58024,3.30922],[117.58016,3.30918],[117.58035,3.30883],[117.58042,3.30871],[117.58013,3.30852],[117.58007,3.30848],[117.57999,3.30844],[117.57978,3.30832],[117.57971,3.30834],[117.57969,3.30835],[117.57944,3.30858],[117.57929,3.30878],[117.57931,3.30881],[117.57945,3.30896],[117.57951,3.30902]]]]},"properties":{"kdprov":"65","kdkab":"71","kdkec":"030","kddesa":"004","kdsls":"0008","idsls":"65710300040008","nmprov":"KALIMANTAN UTARA","nmkab":"TARAKAN","nmkec":"TARAKAN BARAT","nmdesa":"KARANG ANYAR PANTAI","nmsls":"RT 008"}},{"type":"Feature","geometry":{"type":"MultiPolygon","coordinates":[[[[117.58443,3.33855],[117.58419,3.3385],[117.58377,3.33841],[117.58336,3.33833],[117.58341,3.33817],[117.58336,3.33797],[117.58322,3.3379],[117.58301,3.33781],[117.5828,3.33773],[117.58261,3.33766],[117.58245,3.33762],[117.58225,3.33757],[117.58205,3.33754],[117.58198,3.3376],[117.58189,3.33775],[117.58185,3.33795],[117.58192,3.33798],[117.58208,3.33805],[117.5822,3.33811],[117.58226,3.33818],[117.58225,3.33827],[117.58221,3.33837],[117.58217,3.3385],[117.58211,3.33866],[117.58207,3.33879],[117.5821,3.33889],[117.58207,3.33897],[117.58203,3.33904],[117.58199,3.3391],[117.58208,3.33915],[117.5822,3.33923],[117.58223,3.33935],[117.58219,3.33954],[117.58241,3.3396],[117.58259,3.33964],[117.583,3.33975],[117.58361,3.3399],[117.58369,3.33989],[117.5839,3.33986],[117.58399,3.33977],[117.58404,3.33972],[117.58406,3.3397],[117.58416,3.33952],[117.58425,3.33935],[117.58425,3.33935],[117.58441,3.33909],[117.58457,3.33865],[117.58457,3.33857],[117.58443,3.33855]]]]},"properties":{"kdprov":"65","kdkab":"71","kdkec":"030","kddesa":"003","kdsls":"0072","idsls":"65710300030072","nmprov":"KALIMANTAN UTARA","nmkab":"TARAKAN","nmkec":"TARAKAN BARAT","nmdesa":"KARANG ANYAR","nmsls":"RT 045"}},{"type":"Feature","geometry":{"type":"MultiPolygon","coordinates":[[[[117.58298,3.32977],[117.58262,3.3298],[117.58235,3.32987],[117.58205,3.33],[117.58193,3.33007],[117.58186,3.33018],[117.58181,3.33028],[117.58173,3.3303],[117.5816,3.33029],[117.58144,3.33029],[117.58131,3.33031],[117.58118,3.33032],[117.58103,3.33032],[117.58092,3.33037],[117.58083,3.33041],[117.58073,3.33041],[117.58064,3.33038],[117.58062,3.33052],[117.58045,3.33134],[117.58066,3.33137],[117.58074,3.33139],[117.58091,3.33142],[117.58124,3.33147],[117.58181,3.3315],[117.58182,3.33182],[117.58179,3.33194],[117.58174,3.33201],[117.58174,3.33206],[117.58172,3.33217],[117.58172,3.33219],[117.58176,3.33224],[117.58183,3.33227],[117.58192,3.33229],[117.58221,3.33239],[117.58247,3.33246],[117.5826,3.3325],[117.583,3.33261],[117.58315,3.33266],[117.58346,3.33269],[117.58377,3.33275],[117.58394,3.33278],[117.58413,3.33277],[117.58411,3.33269],[117.58392,3.33226],[117.58374,3.33185],[117.58317,3.3307],[117.58303,3.33037],[117.58295,3.33001],[117.58298,3.32977]]]]},"properties":{"kdprov":"65","kdkab":"71","kdkec":"030","kddesa":"003","kdsls":"0071","idsls":"65710300030071","nmprov":"KALIMANTAN UTARA","nmkab":"TARAKAN","nmkec":"TARAKAN BARAT","nmdesa":"KARANG ANYAR","nmsls":"RT 040"}},{"type":"Feature","geometry":{"type":"MultiPolygon","coordinates":[[[[117.58064,3.33038],[117.58073,3.33041],[117.58083,3.33041],[117.58092,3.33037],[117.58103,3.33032],[117.58118,3.33032],[117.58131,3.33031],[117.58144,3.33029],[117.5816,3.33029],[117.58173,3.3303],[117.58181,3.33028],[117.58186,3.33018],[117.58193,3.33007],[117.58205,3.33],[117.58235,3.32987],[117.58262,3.3298],[117.58298,3.32977],[117.58301,3.32945],[117.58313,3.32858],[117.58323,3.32793],[117.58325,3.32749],[117.58308,3.32753],[117.58286,3.32764],[117.58268,3.32772],[117.58254,3.32778],[117.58246,3.32787],[117.58225,3.32801],[117.58211,3.32806],[117.58177,3.32808],[117.58085,3.32853],[117.58037,3.32876],[117.58037,3.32876],[117.57983,3.32897],[117.57936,3.32968],[117.57978,3.33028],[117.58015,3.33034],[117.58064,3.33038]]]]},"properties":{"kdprov":"65","kdkab":"71","kdkec":"030","kddesa":"003","kdsls":"0071","idsls":"65710300030071","nmprov":"KALIMANTAN UTARA","nmkab":"TARAKAN","nmkec":"TARAKAN BARAT","nmdesa":"KARANG ANYAR","nmsls":"RT 040"}},{"type":"Feature","geometry":{"type":"MultiPolygon","coordinates":[[[[117.59087,3.32096],[117.59101,3.3211],[117.59123,3.32131],[117.5915,3.32156],[117.59151,3.3217],[117.59158,3.32198],[117.59164,3.32235],[117.59167,3.32266],[117.59213,3.32363],[117.59219,3.32363],[117.59225,3.32363],[117.59327,3.32263],[117.59279,3.32159],[117.59288,3.32147],[117.59243,3.32059],[117.59242,3.32026],[117.59227,3.32009],[117.59238,3.31993],[117.59203,3.31912],[117.59203,3.31912],[117.59139,3.31898],[117.59134,3.31898],[117.5913,3.31894],[117.59114,3.31879],[117.59091,3.31858],[117.59063,3.31839],[117.59034,3.31818],[117.59011,3.31802],[117.58993,3.31793],[117.58974,3.31784],[117.5896,3.31783],[117.5895,3.31789],[117.58949,3.31787],[117.58944,3.31774],[117.58928,3.31778],[117.58926,3.31779],[117.58898,3.31793],[117.5888,3.31809],[117.58877,3.31819],[117.58885,3.31822],[117.58894,3.31834],[117.58912,3.3185],[117.58916,3.31856],[117.58926,3.31874],[117.58945,3.31899],[117.58962,3.31919],[117.58989,3.31936],[117.59023,3.31949],[117.59045,3.3196],[117.5904,3.31978],[117.5905,3.32011],[117.59054,3.32037],[117.59073,3.32065],[117.59087,3.32096]]]]},"properties":{"kdprov":"65","kdkab":"71","kdkec":"030","kddesa":"003","kdsls":"0012","idsls":"65710300030012","nmprov":"KALIMANTAN UTARA","nmkab":"TARAKAN","nmkec":"TARAKAN BARAT","nmdesa":"KARANG ANYAR","nmsls":"RT 012"}},{"type":"Feature","geometry":{"type":"MultiPolygon","coordinates":[[[[117.57602,3.34151],[117.57575,3.34115],[117.57541,3.34059],[117.57518,3.34046],[117.57487,3.34034],[117.57432,3.34021],[117.57373,3.34011],[117.57363,3.34034],[117.57344,3.34047],[117.57262,3.34049],[117.57248,3.34053],[117.57238,3.34057],[117.57209,3.34077],[117.57196,3.34099],[117.57192,3.34113],[117.57188,3.3413],[117.57185,3.34148],[117.57177,3.34191],[117.57166,3.34233],[117.57155,3.34275],[117.57161,3.34296],[117.57165,3.343],[117.57175,3.34308],[117.57188,3.3431],[117.57196,3.3431],[117.5723,3.34307],[117.57244,3.34306],[117.57272,3.34303],[117.57297,3.34302],[117.5732,3.343],[117.57335,3.34302],[117.57365,3.34315],[117.57373,3.34326],[117.57378,3.34322],[117.57383,3.34318],[117.57402,3.34307],[117.57407,3.34303],[117.57436,3.34285],[117.57443,3.34281],[117.57512,3.34245],[117.5756,3.3422],[117.57612,3.34186],[117.57624,3.34172],[117.57602,3.34151]]]]},"properties":{"kdprov":"65","kdkab":"71","kdkec":"030","kddesa":"003","kdsls":"0060","idsls":"65710300030060","nmprov":"KALIMANTAN UTARA","nmkab":"TARAKAN","nmkec":"TARAKAN BARAT","nmdesa":"KARANG ANYAR","nmsls":"RT 060"}},{"type":"Feature","geometry":{"type":"MultiPolygon","coordinates":[[[[117.57731,3.33195],[117.57734,3.33185],[117.57737,3.33171],[117.57739,3.33162],[117.57743,3.33154],[117.57748,3.33147],[117.57756,3.33133],[117.57763,3.33113],[117.57763,3.33102],[117.57753,3.33095],[117.57708,3.33078],[117.57687,3.33077],[117.57687,3.33077],[117.57672,3.33078],[117.57637,3.33086],[117.57618,3.3309],[117.57585,3.33103],[117.57576,3.33106],[117.57565,3.33105],[117.57532,3.33099],[117.57515,3.33097],[117.57508,3.33096],[117.57464,3.33092],[117.57365,3.3308],[117.5743,3.33105],[117.57553,3.33174],[117.57551,3.33176],[117.57651,3.33187],[117.57731,3.33195]]]]},"properties":{"kdprov":"65","kdkab":"71","kdkec":"030","kddesa":"003","kdsls":"0058","idsls":"65710300030058","nmprov":"KALIMANTAN UTARA","nmkab":"TARAKAN","nmkec":"TARAKAN BARAT","nmdesa":"KARANG ANYAR","nmsls":"RT 058"}},{"type":"Feature","geometry":{"type":"MultiPolygon","coordinates":[[[[117.58172,3.33217],[117.58159,3.33225],[117.58146,3.33241],[117.5813,3.33248],[117.58116,3.33258],[117.58101,3.33257],[117.58098,3.33296],[117.58098,3.33322],[117.58096,3.33343],[117.58111,3.33355],[117.58135,3.33367],[117.58126,3.33388],[117.58116,3.33418],[117.58126,3.33433],[117.58129,3.33454],[117.5813,3.33486],[117.58288,3.33472],[117.5829,3.3348],[117.58295,3.33502],[117.58447,3.33507],[117.58447,3.33494],[117.58446,3.3345],[117.58442,3.33408],[117.58437,3.33375],[117.58417,3.33291],[117.58413,3.33277],[117.58394,3.33278],[117.58377,3.33275],[117.58346,3.33269],[117.58315,3.33266],[117.583,3.33261],[117.5826,3.3325],[117.58247,3.33246],[117.58221,3.33239],[117.58192,3.33229],[117.58183,3.33227],[117.58176,3.33224],[117.58172,3.33219],[117.58172,3.33217]]]]},"properties":{"kdprov":"65","kdkab":"71","kdkec":"030","kddesa":"003","kdsls":"0057","idsls":"65710300030057","nmprov":"KALIMANTAN UTARA","nmkab":"TARAKAN","nmkec":"TARAKAN BARAT","nmdesa":"KARANG ANYAR","nmsls":"RT 057"}},{"type":"Feature","geometry":{"type":"MultiPolygon","coordinates":[[[[117.57731,3.32842],[117.57774,3.32951],[117.57731,3.32943],[117.57709,3.32978],[117.57701,3.32989],[117.57693,3.33001],[117.57691,3.33009],[117.5769,3.33022],[117.57688,3.3304],[117.57685,3.33054],[117.57687,3.33077],[117.57708,3.33078],[117.57753,3.33095],[117.57763,3.33102],[117.57763,3.33113],[117.57756,3.33133],[117.57748,3.33147],[117.57743,3.33154],[117.57739,3.33162],[117.57737,3.33171],[117.57734,3.33185],[117.57731,3.33195],[117.57742,3.33196],[117.57737,3.33234],[117.57733,3.33259],[117.57731,3.33279],[117.5773,3.33296],[117.57869,3.33507],[117.58004,3.33387],[117.58029,3.33174],[117.58029,3.33132],[117.58045,3.33134],[117.58062,3.33052],[117.58064,3.33038],[117.58015,3.33034],[117.57978,3.33028],[117.57936,3.32968],[117.57983,3.32897],[117.57871,3.32802],[117.57782,3.32817],[117.57731,3.32842]]]]},"properties":{"kdprov":"65","kdkab":"71","kdkec":"030","kddesa":"003","kdsls":"0056","idsls":"65710300030056","nmprov":"KALIMANTAN UTARA","nmkab":"TARAKAN","nmkec":"TARAKAN BARAT","nmdesa":"KARANG ANYAR","nmsls":"RT 056"}},{"type":"Feature","geometry":{"type":"MultiPolygon","coordinates":[[[[117.57525,3.32849],[117.57512,3.32862],[117.57505,3.32878],[117.57505,3.32889],[117.57504,3.32918],[117.57503,3.32943],[117.57504,3.32957],[117.57507,3.32976],[117.57512,3.33002],[117.57514,3.33025],[117.57513,3.3305],[117.57516,3.33072],[117.57515,3.33097],[117.57532,3.33099],[117.57565,3.33105],[117.57576,3.33106],[117.57585,3.33103],[117.57618,3.3309],[117.57637,3.33086],[117.57672,3.33078],[117.57687,3.33077],[117.57687,3.33077],[117.57685,3.33054],[117.57688,3.3304],[117.5769,3.33022],[117.57691,3.33009],[117.57693,3.33001],[117.57701,3.32989],[117.57709,3.32978],[117.57731,3.32943],[117.57774,3.32951],[117.57731,3.32842],[117.57721,3.32847],[117.57721,3.32848],[117.57672,3.32884],[117.57671,3.32886],[117.5757,3.32871],[117.57556,3.32875],[117.57552,3.32876],[117.57546,3.32874],[117.5754,3.32869],[117.57535,3.32862],[117.57525,3.32849]]]]},"properties":{"kdprov":"65","kdkab":"71","kdkec":"030","kddesa":"003","kdsls":"0055","idsls":"65710300030055","nmprov":"KALIMANTAN UTARA","nmkab":"TARAKAN","nmkec":"TARAKAN BARAT","nmdesa":"KARANG ANYAR","nmsls":"RT 055"}},{"type":"Feature","geometry":{"type":"MultiPolygon","coordinates":[[[[117.58408,3.31261],[117.58386,3.31262],[117.58382,3.31284],[117.58375,3.31283],[117.58372,3.31298],[117.5837,3.31311],[117.58368,3.31324],[117.58366,3.31334],[117.58364,3.31346],[117.58363,3.31355],[117.58371,3.31357],[117.5838,3.31358],[117.58418,3.31366],[117.58453,3.31372],[117.58474,3.31376],[117.58492,3.31379],[117.58491,3.31377],[117.58493,3.31368],[117.58494,3.31358],[117.58494,3.31349],[117.58494,3.31341],[117.58493,3.31332],[117.58494,3.31324],[117.58496,3.31314],[117.58497,3.31304],[117.58498,3.31292],[117.585,3.3128],[117.58504,3.31267],[117.58473,3.31254],[117.58464,3.31285],[117.58425,3.3127],[117.58408,3.31261]]]]},"properties":{"kdprov":"65","kdkab":"71","kdkec":"030","kddesa":"003","kdsls":"0034","idsls":"65710300030034","nmprov":"KALIMANTAN UTARA","nmkab":"TARAKAN","nmkec":"TARAKAN BARAT","nmdesa":"KARANG ANYAR","nmsls":"RT 034"}},{"type":"Feature","geometry":{"type":"MultiPolygon","coordinates":[[[[117.58625,3.31285],[117.58625,3.31282],[117.5863,3.31268],[117.58638,3.31244],[117.58642,3.31235],[117.58647,3.31223],[117.5865,3.31213],[117.58655,3.31203],[117.58609,3.31192],[117.58565,3.31184],[117.5852,3.31183],[117.5852,3.31183],[117.58516,3.31188],[117.58515,3.31194],[117.58513,3.31202],[117.58511,3.31211],[117.5851,3.31218],[117.58508,3.31228],[117.58509,3.31236],[117.58507,3.31245],[117.58506,3.31254],[117.58504,3.31267],[117.585,3.3128],[117.58498,3.31292],[117.58497,3.31304],[117.58496,3.31314],[117.58494,3.31324],[117.58493,3.31332],[117.58494,3.31341],[117.58494,3.31349],[117.58494,3.31358],[117.58493,3.31368],[117.58491,3.31377],[117.58492,3.31379],[117.58499,3.3138],[117.58502,3.31381],[117.58516,3.31385],[117.58524,3.31387],[117.58524,3.31387],[117.58534,3.31387],[117.58549,3.3139],[117.58557,3.31393],[117.58566,3.31396],[117.58581,3.31404],[117.58587,3.31408],[117.58601,3.31417],[117.58605,3.31367],[117.5861,3.31366],[117.5861,3.3135],[117.58611,3.31333],[117.58612,3.31321],[117.58613,3.31312],[117.58615,3.31302],[117.58615,3.31294],[117.58614,3.31286],[117.58617,3.31284],[117.58622,3.31286],[117.58625,3.31285]]]]},"properties":{"kdprov":"65","kdkab":"71","kdkec":"030","kddesa":"003","kdsls":"0035","idsls":"65710300030035","nmprov":"KALIMANTAN UTARA","nmkab":"TARAKAN","nmkec":"TARAKAN BARAT","nmdesa":"KARANG ANYAR","nmsls":"RT 035"}},{"type":"Feature","geometry":{"type":"MultiPolygon","coordinates":[[[[117.58363,3.31355],[117.58364,3.31346],[117.58366,3.31334],[117.58368,3.31324],[117.5837,3.31311],[117.58372,3.31298],[117.58375,3.31283],[117.58382,3.31284],[117.58386,3.31262],[117.58386,3.31259],[117.58402,3.3119],[117.58411,3.31188],[117.58411,3.31188],[117.58413,3.31173],[117.58414,3.31167],[117.58438,3.31123],[117.58447,3.31104],[117.58448,3.31104],[117.58417,3.3109],[117.58386,3.31078],[117.58386,3.31079],[117.58373,3.31075],[117.58331,3.31148],[117.58336,3.3115],[117.58338,3.31153],[117.58338,3.31156],[117.58339,3.31158],[117.58339,3.31162],[117.58338,3.31165],[117.58336,3.31166],[117.58334,3.31167],[117.58333,3.31171],[117.58333,3.31176],[117.58334,3.31181],[117.58337,3.31184],[117.5834,3.31188],[117.58342,3.31192],[117.58345,3.31197],[117.58347,3.31199],[117.58347,3.31202],[117.58346,3.31206],[117.58343,3.3121],[117.5834,3.31216],[117.58331,3.31228],[117.58327,3.31238],[117.58325,3.31243],[117.58325,3.31249],[117.58325,3.31256],[117.58326,3.31263],[117.58326,3.31267],[117.58326,3.31271],[117.58327,3.31274],[117.58294,3.31266],[117.58281,3.31259],[117.58277,3.31266],[117.58271,3.31262],[117.58267,3.3126],[117.58263,3.31257],[117.5826,3.31256],[117.58257,3.31254],[117.58255,3.31253],[117.58253,3.31253],[117.58252,3.31254],[117.58252,3.31255],[117.58252,3.31256],[117.58253,3.31258],[117.58253,3.31261],[117.58253,3.31264],[117.5825,3.31269],[117.58246,3.31276],[117.58257,3.31286],[117.58303,3.3133],[117.58334,3.31349],[117.58339,3.3135],[117.58338,3.3135],[117.58363,3.31355]]]]},"properties":{"kdprov":"65","kdkab":"71","kdkec":"030","kddesa":"003","kdsls":"0039","idsls":"65710300030039","nmprov":"KALIMANTAN UTARA","nmkab":"TARAKAN","nmkec":"TARAKAN BARAT","nmdesa":"KARANG ANYAR","nmsls":"RT 039"}},{"type":"Feature","geometry":{"type":"MultiPolygon","coordinates":[[[[117.58459,3.31912],[117.58463,3.31932],[117.58466,3.31951],[117.58466,3.31973],[117.58462,3.3199],[117.58456,3.32003],[117.5845,3.32013],[117.58441,3.32028],[117.58437,3.32043],[117.58432,3.32058],[117.58427,3.32085],[117.58423,3.32107],[117.58423,3.32126],[117.58427,3.32154],[117.58425,3.32177],[117.58426,3.32199],[117.58424,3.32218],[117.58417,3.32235],[117.58413,3.32253],[117.58416,3.32266],[117.58414,3.32293],[117.58412,3.3231],[117.58405,3.32319],[117.58382,3.32332],[117.58344,3.32353],[117.58362,3.32376],[117.58378,3.32399],[117.58383,3.32409],[117.58383,3.32409],[117.58411,3.32436],[117.58418,3.32441],[117.58574,3.32218],[117.58602,3.32132],[117.58615,3.32059],[117.58615,3.32044],[117.58621,3.31919],[117.58557,3.31916],[117.58489,3.31914],[117.58461,3.31913],[117.58459,3.31912]]]]},"properties":{"kdprov":"65","kdkab":"71","kdkec":"030","kddesa":"003","kdsls":"0027","idsls":"65710300030027","nmprov":"KALIMANTAN UTARA","nmkab":"TARAKAN","nmkec":"TARAKAN BARAT","nmdesa":"KARANG ANYAR","nmsls":"RT 027"}},{"type":"Feature","geometry":{"type":"MultiPolygon","coordinates":[[[[117.58615,3.32044],[117.58725,3.32045],[117.5874,3.31986],[117.58739,3.31924],[117.58842,3.31827],[117.58842,3.31827],[117.58831,3.31825],[117.58808,3.31825],[117.58797,3.3182],[117.58792,3.3181],[117.58791,3.31791],[117.5879,3.31766],[117.58794,3.3176],[117.58778,3.31762],[117.58762,3.31765],[117.58762,3.31796],[117.58719,3.31813],[117.58696,3.31787],[117.58695,3.31743],[117.58685,3.31739],[117.58667,3.31731],[117.5863,3.31716],[117.58583,3.31697],[117.58579,3.31697],[117.58562,3.31697],[117.58579,3.31727],[117.58596,3.31757],[117.58596,3.31757],[117.58624,3.3185],[117.58621,3.31919],[117.58615,3.32044]]]]},"properties":{"kdprov":"65","kdkab":"71","kdkec":"030","kddesa":"003","kdsls":"0026","idsls":"65710300030026","nmprov":"KALIMANTAN UTARA","nmkab":"TARAKAN","nmkec":"TARAKAN BARAT","nmdesa":"KARANG ANYAR","nmsls":"RT 026"}},{"type":"Feature","geometry":{"type":"MultiPolygon","coordinates":[[[[117.58418,3.32442],[117.58434,3.32464],[117.58458,3.32476],[117.58485,3.32472],[117.58511,3.32464],[117.58538,3.32446],[117.58557,3.32424],[117.5858,3.324],[117.58592,3.32383],[117.58608,3.3236],[117.58624,3.32333],[117.58645,3.32315],[117.58662,3.32303],[117.58692,3.32294],[117.58721,3.32298],[117.58752,3.32301],[117.58765,3.32306],[117.58802,3.32298],[117.58812,3.32286],[117.58818,3.32271],[117.58823,3.32258],[117.58833,3.32225],[117.58835,3.32214],[117.58728,3.32191],[117.587,3.32106],[117.5872,3.32067],[117.58725,3.32045],[117.58615,3.32044],[117.58615,3.32059],[117.58602,3.32132],[117.58574,3.32218],[117.58418,3.32441],[117.58418,3.32442]]]]},"properties":{"kdprov":"65","kdkab":"71","kdkec":"030","kddesa":"003","kdsls":"0026","idsls":"65710300030026","nmprov":"KALIMANTAN UTARA","nmkab":"TARAKAN","nmkec":"TARAKAN BARAT","nmdesa":"KARANG ANYAR","nmsls":"RT 026"}},{"type":"Feature","geometry":{"type":"MultiPolygon","coordinates":[[[[117.58802,3.32298],[117.58765,3.32306],[117.58752,3.32301],[117.58721,3.32298],[117.58692,3.32294],[117.58662,3.32303],[117.58645,3.32315],[117.58624,3.32333],[117.58608,3.3236],[117.58592,3.32383],[117.5858,3.324],[117.58557,3.32424],[117.58538,3.32446],[117.58511,3.32464],[117.58485,3.32472],[117.58458,3.32476],[117.58434,3.32464],[117.58418,3.32442],[117.58387,3.32492],[117.58445,3.32517],[117.58432,3.32566],[117.58451,3.32573],[117.58531,3.32602],[117.58618,3.32508],[117.58639,3.32498],[117.58784,3.32503],[117.58827,3.32474],[117.58835,3.32468],[117.58839,3.32463],[117.58843,3.32456],[117.58845,3.3245],[117.58846,3.32441],[117.58847,3.3244],[117.58851,3.32428],[117.58825,3.32395],[117.58813,3.32378],[117.58807,3.32366],[117.58806,3.32352],[117.58804,3.32313],[117.58802,3.32298]]]]},"properties":{"kdprov":"65","kdkab":"71","kdkec":"030","kddesa":"003","kdsls":"0026","idsls":"65710300030026","nmprov":"KALIMANTAN UTARA","nmkab":"TARAKAN","nmkec":"TARAKAN BARAT","nmdesa":"KARANG ANYAR","nmsls":"RT 026"}},{"type":"Feature","geometry":{"type":"MultiPolygon","coordinates":[[[[117.58928,3.31778],[117.58931,3.31769],[117.5893,3.31762],[117.58928,3.31754],[117.5892,3.31743],[117.58917,3.3174],[117.58913,3.31736],[117.58911,3.31732],[117.5891,3.31729],[117.5891,3.31724],[117.58913,3.3172],[117.58917,3.31716],[117.58924,3.31711],[117.58932,3.31701],[117.58936,3.31693],[117.58938,3.31686],[117.58938,3.3168],[117.58938,3.31671],[117.58941,3.31667],[117.58947,3.31664],[117.58958,3.31662],[117.58959,3.31658],[117.58959,3.31653],[117.5896,3.31646],[117.58962,3.31639],[117.58963,3.31633],[117.58963,3.31626],[117.58965,3.31616],[117.58966,3.31608],[117.58929,3.31593],[117.58928,3.31592],[117.58927,3.31591],[117.58874,3.31531],[117.58875,3.31539],[117.58875,3.31546],[117.58873,3.31559],[117.58868,3.31572],[117.58859,3.31572],[117.5885,3.31574],[117.58847,3.31578],[117.58846,3.31586],[117.58846,3.31594],[117.58846,3.31605],[117.58845,3.31615],[117.58803,3.31629],[117.58801,3.31657],[117.58767,3.31655],[117.58761,3.31695],[117.5876,3.31701],[117.5876,3.31704],[117.58758,3.31709],[117.58782,3.31753],[117.58794,3.3176],[117.5879,3.31766],[117.58791,3.31791],[117.58792,3.3181],[117.58797,3.3182],[117.58808,3.31825],[117.58831,3.31825],[117.58842,3.31827],[117.58842,3.31827],[117.5885,3.31829],[117.58857,3.31831],[117.58872,3.31836],[117.58877,3.31819],[117.5888,3.31809],[117.58898,3.31793],[117.58926,3.31779],[117.58928,3.31778]]]]},"properties":{"kdprov":"65","kdkab":"71","kdkec":"030","kddesa":"003","kdsls":"0024","idsls":"65710300030024","nmprov":"KALIMANTAN UTARA","nmkab":"TARAKAN","nmkec":"TARAKAN BARAT","nmdesa":"KARANG ANYAR","nmsls":"RT 024"}},{"type":"Feature","geometry":{"type":"MultiPolygon","coordinates":[[[[117.5876,3.31701],[117.58753,3.31702],[117.58742,3.31702],[117.58733,3.31703],[117.58727,3.31701],[117.5872,3.31699],[117.58712,3.31699],[117.58706,3.31702],[117.58702,3.31712],[117.58699,3.31719],[117.58701,3.31723],[117.58703,3.31729],[117.58685,3.31739],[117.58695,3.31743],[117.58696,3.31787],[117.58719,3.31813],[117.58762,3.31796],[117.58762,3.31765],[117.58778,3.31762],[117.58794,3.3176],[117.58782,3.31753],[117.58758,3.31709],[117.5876,3.31704],[117.5876,3.31701]]]]},"properties":{"kdprov":"65","kdkab":"71","kdkec":"030","kddesa":"003","kdsls":"0025","idsls":"65710300030025","nmprov":"KALIMANTAN UTARA","nmkab":"TARAKAN","nmkec":"TARAKAN BARAT","nmdesa":"KARANG ANYAR","nmsls":"RT 025"}},{"type":"Feature","geometry":{"type":"MultiPolygon","coordinates":[[[[117.58581,3.31552],[117.58579,3.31557],[117.58579,3.31576],[117.58585,3.31583],[117.58583,3.3161],[117.58658,3.31611],[117.58669,3.31617],[117.58683,3.31619],[117.58694,3.31621],[117.58706,3.31624],[117.58713,3.31598],[117.58719,3.3159],[117.58805,3.31614],[117.58805,3.31614],[117.58808,3.316],[117.58802,3.31598],[117.58745,3.31578],[117.58749,3.3156],[117.58757,3.3153],[117.58751,3.31528],[117.58698,3.31513],[117.58677,3.31533],[117.58666,3.31547],[117.58658,3.31563],[117.58639,3.31557],[117.58636,3.31534],[117.58629,3.31535],[117.58621,3.31535],[117.58615,3.31534],[117.58611,3.3153],[117.58609,3.31555],[117.58586,3.31553],[117.58581,3.31552]]]]},"properties":{"kdprov":"65","kdkab":"71","kdkec":"030","kddesa":"003","kdsls":"0022","idsls":"65710300030022","nmprov":"KALIMANTAN UTARA","nmkab":"TARAKAN","nmkec":"TARAKAN BARAT","nmdesa":"KARANG ANYAR","nmsls":"RT 022"}},{"type":"Feature","geometry":{"type":"MultiPolygon","coordinates":[[[[117.58877,3.31069],[117.58872,3.31083],[117.58869,3.31096],[117.58865,3.31106],[117.58863,3.3111],[117.58857,3.31109],[117.58855,3.31128],[117.58852,3.31138],[117.58836,3.31138],[117.58831,3.31159],[117.58826,3.31162],[117.58815,3.31228],[117.58827,3.3125],[117.58827,3.3125],[117.5885,3.31258],[117.58866,3.31264],[117.58876,3.31267],[117.58898,3.31272],[117.58907,3.31274],[117.58907,3.31274],[117.58913,3.31245],[117.58915,3.31237],[117.58921,3.31208],[117.58937,3.31135],[117.58945,3.31085],[117.58934,3.31082],[117.58922,3.3108],[117.58912,3.31078],[117.58907,3.31077],[117.58901,3.31076],[117.58897,3.31075],[117.58894,3.31074],[117.58887,3.31072],[117.58884,3.31071],[117.58884,3.31071],[117.58877,3.31069]]]]},"properties":{"kdprov":"65","kdkab":"71","kdkec":"030","kddesa":"003","kdsls":"0017","idsls":"65710300030017","nmprov":"KALIMANTAN UTARA","nmkab":"TARAKAN","nmkec":"TARAKAN BARAT","nmdesa":"KARANG ANYAR","nmsls":"RT 017"}},{"type":"Feature","geometry":{"type":"MultiPolygon","coordinates":[[[[117.59446,3.3188],[117.59471,3.31891],[117.59494,3.31895],[117.59514,3.3191],[117.59539,3.31958],[117.59643,3.31972],[117.59643,3.31972],[117.59716,3.3198],[117.59822,3.3202],[117.59854,3.32022],[117.59855,3.32029],[117.59856,3.32031],[117.59857,3.32036],[117.5986,3.32042],[117.59863,3.32047],[117.59864,3.32049],[117.59866,3.32052],[117.59869,3.32057],[117.59874,3.32061],[117.59877,3.32062],[117.59878,3.32057],[117.59894,3.31963],[117.59879,3.31922],[117.59854,3.31911],[117.59842,3.319],[117.59826,3.31885],[117.59796,3.31851],[117.5978,3.31805],[117.59764,3.3176],[117.59661,3.31715],[117.59687,3.31662],[117.5969,3.31633],[117.59695,3.31615],[117.59695,3.31614],[117.59636,3.31554],[117.59636,3.31554],[117.596,3.31516],[117.59558,3.3149],[117.59552,3.31487],[117.59549,3.31484],[117.59542,3.3148],[117.59533,3.31474],[117.59502,3.31454],[117.59489,3.31446],[117.59489,3.31445],[117.59489,3.31434],[117.5949,3.31408],[117.5949,3.31408],[117.59467,3.31432],[117.59447,3.31461],[117.59408,3.31519],[117.59409,3.31519],[117.59456,3.31545],[117.59395,3.31705],[117.59375,3.31763],[117.59348,3.31829],[117.59348,3.31829],[117.59347,3.31829],[117.59335,3.31846],[117.59329,3.31851],[117.59351,3.31894],[117.59392,3.31878],[117.59418,3.31848],[117.59446,3.3188]]]]},"properties":{"kdprov":"65","kdkab":"71","kdkec":"030","kddesa":"003","kdsls":"0016","idsls":"65710300030016","nmprov":"KALIMANTAN UTARA","nmkab":"TARAKAN","nmkec":"TARAKAN BARAT","nmdesa":"KARANG ANYAR","nmsls":"RT 016"}},{"type":"Feature","geometry":{"type":"MultiPolygon","coordinates":[[[[117.56882,3.35124],[117.56909,3.35145],[117.5694,3.35164],[117.56976,3.35184],[117.57027,3.35222],[117.57073,3.35255],[117.57059,3.3528],[117.57038,3.35311],[117.57003,3.35352],[117.56985,3.35376],[117.57032,3.35412],[117.57041,3.35403],[117.57045,3.35399],[117.57148,3.35351],[117.57189,3.35336],[117.57198,3.35333],[117.57222,3.35324],[117.57299,3.353],[117.57304,3.35298],[117.57312,3.35295],[117.57365,3.35254],[117.57377,3.35245],[117.57381,3.35241],[117.57393,3.35226],[117.57407,3.35209],[117.57411,3.35196],[117.57415,3.35183],[117.57425,3.35149],[117.57424,3.35086],[117.57424,3.35052],[117.57424,3.3503],[117.57422,3.35013],[117.57286,3.35015],[117.57288,3.35043],[117.57249,3.35109],[117.57218,3.35092],[117.57161,3.35062],[117.57159,3.35064],[117.57144,3.35104],[117.57117,3.35091],[117.57117,3.35091],[117.56882,3.35124]]]]},"properties":{"kdprov":"65","kdkab":"71","kdkec":"030","kddesa":"005","kdsls":"0014","idsls":"65710300050014","nmprov":"KALIMANTAN UTARA","nmkab":"TARAKAN","nmkec":"TARAKAN BARAT","nmdesa":"KARANG HARAPAN","nmsls":"RT 014"}},{"type":"Feature","geometry":{"type":"MultiPolygon","coordinates":[[[[117.56908,3.35416],[117.56863,3.35391],[117.56825,3.35384],[117.5678,3.35396],[117.56734,3.3539],[117.56709,3.35367],[117.56686,3.35327],[117.5667,3.35306],[117.56649,3.35257],[117.56639,3.35222],[117.56623,3.35201],[117.5661,3.35178],[117.56588,3.3517],[117.56537,3.3517],[117.56493,3.35182],[117.56501,3.35216],[117.56513,3.35241],[117.5652,3.35271],[117.56522,3.35297],[117.56492,3.35302],[117.56443,3.35306],[117.56388,3.35306],[117.56338,3.35296],[117.56219,3.35279],[117.56149,3.35265],[117.56082,3.3526],[117.56024,3.35244],[117.55985,3.35226],[117.55907,3.35214],[117.55883,3.35637],[117.5597,3.35653],[117.56203,3.35713],[117.5623,3.35678],[117.56323,3.35598],[117.56421,3.35506],[117.5653,3.35468],[117.5665,3.35461],[117.56742,3.35487],[117.56781,3.3553],[117.56784,3.35569],[117.56766,3.35606],[117.56721,3.35618],[117.5667,3.3563],[117.56625,3.35645],[117.56547,3.3569],[117.56543,3.35738],[117.56545,3.35757],[117.56541,3.35776],[117.56511,3.35829],[117.5652,3.35912],[117.56458,3.35923],[117.56464,3.35987],[117.56531,3.35979],[117.5654,3.36014],[117.56545,3.36032],[117.56551,3.36051],[117.56563,3.36085],[117.56574,3.36108],[117.56579,3.36104],[117.56591,3.36099],[117.56602,3.36096],[117.56624,3.36086],[117.56658,3.36074],[117.56698,3.36061],[117.56744,3.36045],[117.56786,3.36017],[117.56834,3.35988],[117.5688,3.35952],[117.56887,3.35946],[117.56883,3.35944],[117.56871,3.35937],[117.56835,3.35917],[117.56816,3.35907],[117.56799,3.35898],[117.56798,3.35861],[117.56797,3.35853],[117.56795,3.35802],[117.56795,3.35801],[117.56799,3.35801],[117.56797,3.35782],[117.56796,3.3577],[117.56803,3.3575],[117.56809,3.35732],[117.56823,3.35687],[117.56825,3.35681],[117.56834,3.35651],[117.56838,3.3564],[117.56838,3.35638],[117.56841,3.35629],[117.56848,3.35618],[117.56878,3.3558],[117.56886,3.35571],[117.56911,3.35543],[117.56921,3.35533],[117.56941,3.35511],[117.56947,3.35505],[117.56952,3.355],[117.56974,3.35476],[117.56951,3.35455],[117.56908,3.35416]]]]},"properties":{"kdprov":"65","kdkab":"71","kdkec":"030","kddesa":"005","kdsls":"0011","idsls":"65710300050011","nmprov":"KALIMANTAN UTARA","nmkab":"TARAKAN","nmkec":"TARAKAN BARAT","nmdesa":"KARANG HARAPAN","nmsls":"RT 011"}},{"type":"Feature","geometry":{"type":"MultiPolygon","coordinates":[[[[117.57022,3.36149],[117.57021,3.36149],[117.56942,3.36178],[117.56881,3.36221],[117.56815,3.36246],[117.56746,3.36277],[117.56663,3.36305],[117.56637,3.3624],[117.56655,3.36231],[117.56631,3.36179],[117.566,3.36129],[117.56591,3.36099],[117.56579,3.36104],[117.56574,3.36108],[117.56558,3.36122],[117.56527,3.36143],[117.56514,3.36149],[117.56505,3.36154],[117.56496,3.36156],[117.56484,3.36157],[117.56474,3.36159],[117.5646,3.36166],[117.56448,3.36173],[117.56434,3.36181],[117.56422,3.36188],[117.56408,3.36194],[117.56397,3.36198],[117.56371,3.36199],[117.56355,3.36195],[117.56327,3.36195],[117.56322,3.36195],[117.56322,3.36196],[117.5632,3.36215],[117.5632,3.36236],[117.56323,3.36269],[117.56324,3.3629],[117.56325,3.36307],[117.56331,3.36322],[117.56334,3.3634],[117.5634,3.36382],[117.56342,3.36393],[117.56342,3.36404],[117.56329,3.36442],[117.56301,3.36734],[117.56183,3.3673],[117.56196,3.36799],[117.56023,3.36807],[117.55878,3.36811],[117.55878,3.36811],[117.55875,3.36866],[117.55861,3.36893],[117.55844,3.36926],[117.55811,3.36971],[117.55869,3.36959],[117.5589,3.36956],[117.55921,3.36957],[117.55953,3.36961],[117.55975,3.36972],[117.55985,3.36978],[117.55996,3.36989],[117.56015,3.36995],[117.56037,3.36993],[117.5607,3.36984],[117.56098,3.36974],[117.56111,3.36965],[117.56128,3.36952],[117.56137,3.3695],[117.56167,3.36944],[117.56185,3.36939],[117.56201,3.36929],[117.56213,3.36916],[117.56224,3.36902],[117.56233,3.36887],[117.5624,3.36873],[117.56244,3.36865],[117.56256,3.36851],[117.56275,3.36845],[117.56306,3.36849],[117.56354,3.36863],[117.56405,3.36879],[117.56458,3.3689],[117.56499,3.36899],[117.56538,3.36904],[117.56558,3.36909],[117.56567,3.36916],[117.56573,3.36929],[117.56585,3.36957],[117.56592,3.36967],[117.5661,3.36971],[117.56619,3.36967],[117.56633,3.36959],[117.56652,3.36946],[117.56671,3.3694],[117.56699,3.36937],[117.56708,3.36936],[117.56728,3.36933],[117.56759,3.36921],[117.56761,3.3692],[117.56789,3.36901],[117.56835,3.36868],[117.56849,3.36857],[117.56898,3.3682],[117.56904,3.36815],[117.569,3.36795],[117.56895,3.36757],[117.56894,3.36734],[117.569,3.36714],[117.56919,3.36682],[117.56939,3.36652],[117.56945,3.36642],[117.56956,3.36625],[117.56967,3.36592],[117.56977,3.36572],[117.56983,3.36556],[117.56993,3.36514],[117.57004,3.36472],[117.57017,3.36407],[117.57029,3.36349],[117.57039,3.36308],[117.5705,3.36264],[117.57047,3.36235],[117.57045,3.36226],[117.57022,3.36149]]],[[[117.55766,3.36988],[117.55758,3.36986],[117.55745,3.3698],[117.55735,3.36974],[117.55732,3.36963],[117.55732,3.36948],[117.55731,3.36929],[117.5573,3.36929],[117.55551,3.36996],[117.55534,3.36948],[117.55464,3.36902],[117.55278,3.36726],[117.55254,3.36432],[117.55312,3.36413],[117.55355,3.36388],[117.55461,3.3633],[117.55497,3.36277],[117.55497,3.36277],[117.55445,3.36153],[117.55334,3.36231],[117.54925,3.36063],[117.54925,3.36063],[117.54933,3.36115],[117.54934,3.36122],[117.54932,3.36136],[117.54927,3.36155],[117.54922,3.36174],[117.54915,3.3619],[117.54974,3.36211],[117.5504,3.3623],[117.55049,3.36237],[117.55063,3.36259],[117.55073,3.36286],[117.55078,3.36309],[117.55081,3.36362],[117.55083,3.36398],[117.55083,3.364],[117.55082,3.36434],[117.55073,3.36456],[117.55067,3.36471],[117.55065,3.36487],[117.55067,3.36506],[117.55073,3.36534],[117.55073,3.36554],[117.5507,3.3658],[117.55068,3.36595],[117.55067,3.36604],[117.55067,3.36611],[117.55062,3.36626],[117.55061,3.36636],[117.55085,3.36654],[117.55103,3.36669],[117.55115,3.3668],[117.55129,3.36696],[117.55138,3.36716],[117.55145,3.36731],[117.55168,3.36766],[117.55177,3.3678],[117.55181,3.36791],[117.55185,3.36816],[117.55187,3.36833],[117.5519,3.36844],[117.55194,3.36862],[117.55199,3.36875],[117.55206,3.36884],[117.55216,3.369],[117.55214,3.36913],[117.55222,3.36913],[117.55236,3.36918],[117.5524,3.3692],[117.55248,3.36927],[117.55272,3.36944],[117.55283,3.36953],[117.55296,3.36964],[117.5531,3.36971],[117.55321,3.36974],[117.55338,3.36978],[117.55367,3.36981],[117.55395,3.36985],[117.55422,3.36997],[117.5544,3.37013],[117.5546,3.37032],[117.55478,3.37048],[117.55486,3.37055],[117.55497,3.37058],[117.55506,3.37058],[117.55521,3.37057],[117.55558,3.37057],[117.55586,3.37057],[117.55608,3.37057],[117.55643,3.37039],[117.55648,3.37036],[117.55654,3.37034],[117.55681,3.37022],[117.55715,3.37007],[117.55766,3.36988]]]]},"properties":{"kdprov":"65","kdkab":"71","kdkec":"030","kddesa":"005","kdsls":"0008","idsls":"65710300050008","nmprov":"KALIMANTAN UTARA","nmkab":"TARAKAN","nmkec":"TARAKAN BARAT","nmdesa":"KARANG HARAPAN","nmsls":"RT 008"}},{"type":"Feature","geometry":{"type":"MultiPolygon","coordinates":[[[[117.56327,3.36195],[117.56327,3.3618],[117.56325,3.3617],[117.56327,3.36154],[117.5633,3.36104],[117.56338,3.36033],[117.56347,3.35958],[117.56345,3.35882],[117.56332,3.35882],[117.56307,3.35881],[117.56286,3.35875],[117.56271,3.35874],[117.56256,3.35874],[117.56247,3.35856],[117.56231,3.35837],[117.56204,3.35823],[117.56175,3.35811],[117.56147,3.35808],[117.56082,3.35923],[117.5606,3.3596],[117.56027,3.3601],[117.56002,3.36058],[117.55956,3.36053],[117.55905,3.3605],[117.55879,3.36042],[117.55874,3.3604],[117.55869,3.3604],[117.55862,3.3605],[117.55845,3.36072],[117.55838,3.36083],[117.55819,3.36109],[117.55802,3.36114],[117.55789,3.36116],[117.55781,3.36126],[117.55776,3.36154],[117.55772,3.36185],[117.55765,3.36214],[117.55759,3.36254],[117.55759,3.36254],[117.5576,3.36254],[117.55778,3.36254],[117.55795,3.36256],[117.5582,3.36256],[117.55851,3.36254],[117.55879,3.36246],[117.559,3.3624],[117.55923,3.36234],[117.55946,3.36225],[117.55971,3.36219],[117.5599,3.36213],[117.56008,3.36207],[117.56054,3.36214],[117.56082,3.36219],[117.56118,3.3622],[117.56142,3.36221],[117.56199,3.3622],[117.56247,3.36214],[117.56299,3.36205],[117.56322,3.36196],[117.56322,3.36195],[117.56327,3.36195]]]]},"properties":{"kdprov":"65","kdkab":"71","kdkec":"030","kddesa":"005","kdsls":"0007","idsls":"65710300050007","nmprov":"KALIMANTAN UTARA","nmkab":"TARAKAN","nmkec":"TARAKAN BARAT","nmdesa":"KARANG HARAPAN","nmsls":"RT 007"}},{"type":"Feature","geometry":{"type":"MultiPolygon","coordinates":[[[[117.56465,3.34601],[117.56446,3.34636],[117.56422,3.34669],[117.56396,3.34704],[117.56382,3.34706],[117.56346,3.3471],[117.56322,3.34722],[117.56281,3.34733],[117.56225,3.34745],[117.56165,3.34751],[117.56129,3.34746],[117.56086,3.34741],[117.56045,3.34741],[117.56007,3.34751],[117.55953,3.34764],[117.55902,3.3477],[117.55873,3.3478],[117.55857,3.34806],[117.55831,3.3482],[117.55782,3.34833],[117.55732,3.34853],[117.55691,3.34871],[117.55673,3.34886],[117.5565,3.34921],[117.55687,3.34958],[117.55734,3.34987],[117.55778,3.3501],[117.55816,3.35014],[117.55818,3.35003],[117.55886,3.34986],[117.55999,3.34997],[117.5614,3.34976],[117.56389,3.3491],[117.5641,3.3489],[117.5643,3.3486],[117.56474,3.34846],[117.56503,3.34801],[117.56492,3.34727],[117.56504,3.3471],[117.56545,3.34679],[117.56554,3.34661],[117.5655,3.34634],[117.56546,3.34604],[117.5655,3.34592],[117.56544,3.34591],[117.56528,3.3459],[117.56502,3.34591],[117.56465,3.34601]]]]},"properties":{"kdprov":"65","kdkab":"71","kdkec":"030","kddesa":"005","kdsls":"0004","idsls":"65710300050004","nmprov":"KALIMANTAN UTARA","nmkab":"TARAKAN","nmkec":"TARAKAN BARAT","nmdesa":"KARANG HARAPAN","nmsls":"RT 004"}},{"type":"Feature","geometry":{"type":"MultiPolygon","coordinates":[[[[117.56803,3.34599],[117.56759,3.34639],[117.56722,3.34668],[117.56697,3.34729],[117.56648,3.34799],[117.56575,3.34845],[117.56498,3.34895],[117.56477,3.34909],[117.56453,3.3493],[117.56428,3.34948],[117.56399,3.34957],[117.56331,3.34966],[117.56307,3.34977],[117.56275,3.35001],[117.56258,3.3501],[117.56237,3.35018],[117.56211,3.35031],[117.56186,3.35042],[117.56171,3.35072],[117.56195,3.35107],[117.56208,3.35123],[117.56236,3.35111],[117.56301,3.3509],[117.56412,3.35069],[117.56449,3.35062],[117.56483,3.35059],[117.56509,3.35053],[117.56545,3.35037],[117.56586,3.35059],[117.56625,3.35069],[117.56671,3.35069],[117.5673,3.35069],[117.56788,3.3507],[117.56887,3.3505],[117.56966,3.35019],[117.57016,3.34993],[117.57063,3.34964],[117.57097,3.3494],[117.57105,3.34934],[117.57135,3.34914],[117.57227,3.34936],[117.57254,3.34968],[117.5727,3.34997],[117.57286,3.35015],[117.57286,3.35015],[117.57422,3.35013],[117.5742,3.35006],[117.57418,3.34993],[117.57409,3.34954],[117.57408,3.34942],[117.57407,3.34919],[117.57413,3.34888],[117.57429,3.34848],[117.57446,3.34797],[117.57445,3.34772],[117.57438,3.34688],[117.57431,3.3465],[117.57427,3.34624],[117.57424,3.34607],[117.57415,3.34541],[117.57412,3.34522],[117.57412,3.34517],[117.5741,3.34508],[117.57408,3.34489],[117.57408,3.34489],[117.57407,3.34479],[117.57402,3.34456],[117.57402,3.34454],[117.574,3.34446],[117.5739,3.34449],[117.5738,3.34453],[117.5737,3.34456],[117.57358,3.3446],[117.57342,3.34466],[117.57323,3.34473],[117.5731,3.34478],[117.57303,3.34481],[117.57271,3.34492],[117.57238,3.34501],[117.5721,3.3451],[117.57176,3.34522],[117.57151,3.34531],[117.57125,3.3454],[117.571,3.34546],[117.57088,3.34551],[117.57069,3.34554],[117.57053,3.34555],[117.57025,3.34556],[117.5701,3.34556],[117.56994,3.3456],[117.56982,3.34565],[117.56971,3.3457],[117.56961,3.34575],[117.56951,3.3458],[117.56939,3.34586],[117.56929,3.34589],[117.56914,3.34593],[117.56906,3.34594],[117.56889,3.34595],[117.56879,3.34595],[117.56866,3.34594],[117.56847,3.34593],[117.56828,3.34595],[117.56803,3.34599]]]]},"properties":{"kdprov":"65","kdkab":"71","kdkec":"030","kddesa":"005","kdsls":"0003","idsls":"65710300050003","nmprov":"KALIMANTAN UTARA","nmkab":"TARAKAN","nmkec":"TARAKAN BARAT","nmdesa":"KARANG HARAPAN","nmsls":"RT 003"}},{"type":"Feature","geometry":{"type":"MultiPolygon","coordinates":[[[[117.56799,3.34599],[117.56803,3.34581],[117.56808,3.34551],[117.56814,3.34517],[117.5682,3.34488],[117.56834,3.34449],[117.56852,3.34352],[117.5676,3.34304],[117.5658,3.34364],[117.56559,3.34497],[117.5655,3.34592],[117.56565,3.34592],[117.56587,3.34592],[117.56622,3.34595],[117.5666,3.34596],[117.56694,3.34596],[117.56717,3.34592],[117.56729,3.34594],[117.56737,3.34597],[117.5676,3.346],[117.5678,3.34601],[117.56791,3.34599],[117.56799,3.34599],[117.56799,3.34599]]]]},"properties":{"kdprov":"65","kdkab":"71","kdkec":"030","kddesa":"005","kdsls":"0002","idsls":"65710300050002","nmprov":"KALIMANTAN UTARA","nmkab":"TARAKAN","nmkec":"TARAKAN BARAT","nmdesa":"KARANG HARAPAN","nmsls":"RT 002"}},{"type":"Feature","geometry":{"type":"MultiPolygon","coordinates":[[[[117.5801,3.30841],[117.58022,3.30847],[117.58024,3.30844],[117.58026,3.30841],[117.58033,3.30844],[117.58038,3.30847],[117.58049,3.30851],[117.5806,3.30856],[117.58062,3.30857],[117.58063,3.30858],[117.58068,3.3086],[117.5807,3.30861],[117.58072,3.30858],[117.58088,3.30841],[117.58096,3.30832],[117.58106,3.30821],[117.58116,3.30812],[117.5812,3.30808],[117.5812,3.30808],[117.58113,3.30804],[117.58052,3.3077],[117.58051,3.3077],[117.5805,3.30769],[117.58024,3.30814],[117.5801,3.30841]]]]},"properties":{"kdprov":"65","kdkab":"71","kdkec":"030","kddesa":"004","kdsls":"0003","idsls":"65710300040003","nmprov":"KALIMANTAN UTARA","nmkab":"TARAKAN","nmkec":"TARAKAN BARAT","nmdesa":"KARANG ANYAR PANTAI","nmsls":"RT 003"}},{"type":"Feature","geometry":{"type":"MultiPolygon","coordinates":[[[[117.5812,3.30808],[117.58116,3.30812],[117.58106,3.30821],[117.58096,3.30832],[117.58088,3.30841],[117.58072,3.30858],[117.58084,3.30867],[117.58094,3.30877],[117.58099,3.30882],[117.58106,3.30887],[117.58116,3.30897],[117.58124,3.30902],[117.58131,3.30907],[117.58139,3.30913],[117.58151,3.3089],[117.58163,3.3087],[117.5817,3.30858],[117.58181,3.3084],[117.58176,3.30838],[117.58171,3.30835],[117.58166,3.30832],[117.58136,3.30816],[117.58131,3.30813],[117.58131,3.30813],[117.58123,3.30809],[117.5812,3.30808]]]]},"properties":{"kdprov":"65","kdkab":"71","kdkec":"030","kddesa":"004","kdsls":"0004","idsls":"65710300040004","nmprov":"KALIMANTAN UTARA","nmkab":"TARAKAN","nmkec":"TARAKAN BARAT","nmdesa":"KARANG ANYAR PANTAI","nmsls":"RT 004"}},{"type":"Feature","geometry":{"type":"MultiPolygon","coordinates":[[[[117.59887,3.32562],[117.59875,3.32563],[117.59824,3.32566],[117.59768,3.32564],[117.59711,3.32551],[117.59662,3.32522],[117.59637,3.32493],[117.5961,3.32472],[117.59575,3.32458],[117.59559,3.32428],[117.59539,3.32392],[117.59521,3.32361],[117.59503,3.32329],[117.59479,3.32293],[117.5947,3.32264],[117.59467,3.32256],[117.59453,3.32218],[117.59456,3.32159],[117.5945,3.3211],[117.59438,3.32081],[117.59412,3.32041],[117.59389,3.32057],[117.59353,3.32068],[117.59339,3.32087],[117.59288,3.32147],[117.59279,3.32159],[117.59327,3.32263],[117.59225,3.32363],[117.59226,3.32363],[117.59262,3.3242],[117.59311,3.32395],[117.5935,3.32423],[117.59395,3.32433],[117.59758,3.32677],[117.59867,3.32761],[117.59867,3.32759],[117.59877,3.32717],[117.59881,3.327],[117.59884,3.32685],[117.59884,3.32642],[117.59884,3.3262],[117.59885,3.32595],[117.59887,3.32562]]]]},"properties":{"kdprov":"65","kdkab":"71","kdkec":"030","kddesa":"003","kdsls":"0015","idsls":"65710300030015","nmprov":"KALIMANTAN UTARA","nmkab":"TARAKAN","nmkec":"TARAKAN BARAT","nmdesa":"KARANG ANYAR","nmsls":"RT 015"}},{"type":"Feature","geometry":{"type":"MultiPolygon","coordinates":[[[[117.5947,3.32264],[117.59486,3.32259],[117.59501,3.32253],[117.59522,3.32239],[117.59537,3.32239],[117.59553,3.32252],[117.59592,3.32258],[117.5961,3.32247],[117.5963,3.32247],[117.59648,3.32251],[117.59681,3.3223],[117.59711,3.32215],[117.59731,3.32199],[117.59747,3.3218],[117.59769,3.32157],[117.59789,3.32141],[117.59816,3.3214],[117.59849,3.32136],[117.59877,3.32062],[117.59874,3.32061],[117.59869,3.32057],[117.59866,3.32052],[117.59864,3.32049],[117.59863,3.32047],[117.5986,3.32042],[117.59857,3.32036],[117.59856,3.32031],[117.59855,3.32029],[117.59854,3.32022],[117.59822,3.3202],[117.59716,3.3198],[117.59643,3.31972],[117.59643,3.31972],[117.59631,3.32007],[117.59544,3.32026],[117.59509,3.3203],[117.59486,3.32043],[117.59449,3.3203],[117.59412,3.32041],[117.59438,3.32081],[117.5945,3.3211],[117.59456,3.32159],[117.59453,3.32218],[117.59467,3.32256],[117.5947,3.32264]]]]},"properties":{"kdprov":"65","kdkab":"71","kdkec":"030","kddesa":"003","kdsls":"0015","idsls":"65710300030015","nmprov":"KALIMANTAN UTARA","nmkab":"TARAKAN","nmkec":"TARAKAN BARAT","nmdesa":"KARANG ANYAR","nmsls":"RT 015"}},{"type":"Feature","geometry":{"type":"MultiPolygon","coordinates":[[[[117.59005,3.31325],[117.58999,3.31326],[117.58998,3.31318],[117.58996,3.31318],[117.58992,3.31317],[117.58988,3.31317],[117.58986,3.31317],[117.58984,3.31316],[117.58983,3.31316],[117.58981,3.31312],[117.5898,3.3131],[117.58978,3.31304],[117.58975,3.31295],[117.58972,3.31276],[117.5897,3.3126],[117.58968,3.31245],[117.58943,3.31245],[117.58913,3.31245],[117.58907,3.31274],[117.58907,3.31274],[117.58907,3.31279],[117.58905,3.31285],[117.58899,3.31294],[117.58869,3.31331],[117.58862,3.31342],[117.58857,3.31352],[117.58856,3.31358],[117.58855,3.31365],[117.58855,3.31372],[117.58856,3.31377],[117.58879,3.31375],[117.58905,3.31374],[117.58927,3.31372],[117.58929,3.31375],[117.5893,3.31378],[117.58932,3.31382],[117.58934,3.31384],[117.58942,3.31403],[117.5905,3.31396],[117.5905,3.31392],[117.59049,3.3138],[117.59048,3.31344],[117.59048,3.31344],[117.59024,3.31337],[117.59026,3.3133],[117.59022,3.31328],[117.59022,3.31324],[117.59005,3.31325]]]]},"properties":{"kdprov":"65","kdkab":"71","kdkec":"030","kddesa":"003","kdsls":"0009","idsls":"65710300030009","nmprov":"KALIMANTAN UTARA","nmkab":"TARAKAN","nmkec":"TARAKAN BARAT","nmdesa":"KARANG ANYAR","nmsls":"RT 009"}},{"type":"Feature","geometry":{"type":"MultiPolygon","coordinates":[[[[117.58869,3.31067],[117.58803,3.31051],[117.58791,3.31048],[117.5879,3.31048],[117.58781,3.31045],[117.5878,3.31045],[117.58779,3.31045],[117.58777,3.31044],[117.58685,3.31015],[117.58677,3.31012],[117.58673,3.31011],[117.58637,3.30996],[117.58598,3.3098],[117.58592,3.30979],[117.58587,3.30979],[117.58577,3.30979],[117.58577,3.30991],[117.5857,3.31023],[117.58547,3.31094],[117.58559,3.31093],[117.58577,3.31096],[117.58609,3.31104],[117.5864,3.31112],[117.58664,3.31124],[117.58673,3.31128],[117.58678,3.31129],[117.58686,3.31131],[117.5869,3.31132],[117.58707,3.31133],[117.5873,3.31136],[117.58741,3.31141],[117.58755,3.31149],[117.58767,3.3116],[117.58797,3.31192],[117.58815,3.31228],[117.58826,3.31162],[117.58831,3.31159],[117.58836,3.31138],[117.58852,3.31138],[117.58855,3.31128],[117.58857,3.31109],[117.58863,3.3111],[117.58865,3.31106],[117.58869,3.31096],[117.58872,3.31083],[117.58877,3.31069],[117.5887,3.31067],[117.58869,3.31067]]]]},"properties":{"kdprov":"65","kdkab":"71","kdkec":"030","kddesa":"003","kdsls":"0002","idsls":"65710300030002","nmprov":"KALIMANTAN UTARA","nmkab":"TARAKAN","nmkec":"TARAKAN BARAT","nmdesa":"KARANG ANYAR","nmsls":"RT 002"}},{"type":"Feature","geometry":{"type":"MultiPolygon","coordinates":[[[[117.58567,3.30923],[117.58541,3.30915],[117.58546,3.30911],[117.58551,3.3089],[117.585,3.30877],[117.58437,3.30859],[117.58437,3.30859],[117.58433,3.30875],[117.58409,3.30867],[117.58399,3.30898],[117.58427,3.30907],[117.58421,3.30923],[117.58472,3.30942],[117.58463,3.30974],[117.58464,3.30974],[117.58481,3.30979],[117.58508,3.30986],[117.58508,3.30986],[117.58518,3.30985],[117.58531,3.30983],[117.58538,3.30983],[117.58541,3.30982],[117.58551,3.30982],[117.58553,3.30981],[117.58553,3.30981],[117.58553,3.30981],[117.58556,3.30981],[117.58557,3.30981],[117.58568,3.3098],[117.58568,3.30977],[117.58568,3.30976],[117.58565,3.30931],[117.58567,3.30923]]]]},"properties":{"kdprov":"65","kdkab":"71","kdkec":"030","kddesa":"002","kdsls":"0013","idsls":"65710300020013","nmprov":"KALIMANTAN UTARA","nmkab":"TARAKAN","nmkec":"TARAKAN BARAT","nmdesa":"KARANG BALIK","nmsls":"RT 013"}},{"type":"Feature","geometry":{"type":"MultiPolygon","coordinates":[[[[117.57659,3.31542],[117.57679,3.31492],[117.57709,3.31467],[117.57739,3.3143],[117.57774,3.31454],[117.57807,3.31474],[117.5783,3.31446],[117.57885,3.31488],[117.5793,3.31515],[117.57941,3.31499],[117.57788,3.31394],[117.5757,3.3128],[117.57409,3.31195],[117.57331,3.31154],[117.56587,3.30981],[117.56443,3.31093],[117.56432,3.31101],[117.56859,3.31195],[117.57411,3.31312],[117.57513,3.31379],[117.57485,3.31416],[117.57537,3.31452],[117.57613,3.31518],[117.57623,3.31505],[117.57659,3.31542]]]]},"properties":{"kdprov":"65","kdkab":"71","kdkec":"030","kddesa":"004","kdsls":"0016","idsls":"65710300040016","nmprov":"KALIMANTAN UTARA","nmkab":"TARAKAN","nmkec":"TARAKAN BARAT","nmdesa":"KARANG ANYAR PANTAI","nmsls":"RT 016"}},{"type":"Feature","geometry":{"type":"MultiPolygon","coordinates":[[[[117.57574,3.32043],[117.57485,3.32],[117.57471,3.32003],[117.57421,3.31988],[117.57417,3.31997],[117.57383,3.31986],[117.57376,3.31991],[117.57333,3.31985],[117.57202,3.31932],[117.57236,3.31815],[117.56128,3.31337],[117.56048,3.3139],[117.56038,3.31397],[117.55975,3.31438],[117.55939,3.31461],[117.55917,3.31476],[117.55794,3.31569],[117.55634,3.31663],[117.55625,3.31669],[117.56155,3.31831],[117.56219,3.31783],[117.56267,3.31833],[117.56274,3.31853],[117.56274,3.31868],[117.56374,3.31898],[117.56376,3.31897],[117.56407,3.31827],[117.56478,3.31862],[117.56455,3.31922],[117.56455,3.31923],[117.56474,3.31929],[117.57144,3.32134],[117.57152,3.32093],[117.57145,3.32092],[117.57148,3.32076],[117.57183,3.32085],[117.57238,3.31994],[117.57304,3.32023],[117.57306,3.32023],[117.57388,3.32057],[117.57448,3.32077],[117.57536,3.32108],[117.57552,3.32113],[117.57553,3.32112],[117.57556,3.32103],[117.57564,3.32075],[117.57564,3.32075],[117.57574,3.32043]]]]},"properties":{"kdprov":"65","kdkab":"71","kdkec":"030","kddesa":"004","kdsls":"0017","idsls":"65710300040017","nmprov":"KALIMANTAN UTARA","nmkab":"TARAKAN","nmkec":"TARAKAN BARAT","nmdesa":"KARANG ANYAR PANTAI","nmsls":"RT 017"}},{"type":"Feature","geometry":{"type":"MultiPolygon","coordinates":[[[[117.57162,3.33725],[117.57088,3.33692],[117.57052,3.3368],[117.56966,3.3367],[117.56945,3.33669],[117.56944,3.33767],[117.56981,3.33764],[117.57166,3.33803],[117.57116,3.3391],[117.5715,3.34006],[117.57163,3.34068],[117.57172,3.34128],[117.57188,3.3413],[117.57192,3.34113],[117.57196,3.34099],[117.57209,3.34077],[117.57238,3.34057],[117.57248,3.34053],[117.57262,3.34049],[117.57344,3.34047],[117.57363,3.34034],[117.57373,3.34011],[117.57379,3.3399],[117.57383,3.3397],[117.57385,3.33957],[117.57386,3.3395],[117.57383,3.33925],[117.57369,3.33867],[117.57366,3.33852],[117.57364,3.33833],[117.57321,3.33812],[117.57274,3.33784],[117.57229,3.33761],[117.57195,3.33739],[117.57174,3.33729],[117.57173,3.33729],[117.57162,3.33725]]]]},"properties":{"kdprov":"65","kdkab":"71","kdkec":"030","kddesa":"004","kdsls":"0020","idsls":"65710300040020","nmprov":"KALIMANTAN UTARA","nmkab":"TARAKAN","nmkec":"TARAKAN BARAT","nmdesa":"KARANG ANYAR PANTAI","nmsls":"RT 020"}},{"type":"Feature","geometry":{"type":"MultiPolygon","coordinates":[[[[117.56938,3.34114],[117.56838,3.3387],[117.56764,3.33645],[117.5664,3.33622],[117.56513,3.33572],[117.56461,3.33577],[117.5626,3.33473],[117.56253,3.3347],[117.55899,3.33334],[117.557,3.33205],[117.55354,3.33135],[117.55229,3.33261],[117.55234,3.33263],[117.55233,3.33264],[117.55289,3.33287],[117.553,3.33285],[117.55314,3.33282],[117.55344,3.33286],[117.55363,3.33295],[117.55373,3.33299],[117.55392,3.33314],[117.55423,3.33334],[117.5545,3.33348],[117.55496,3.3338],[117.55529,3.33406],[117.55566,3.33435],[117.55615,3.33474],[117.55656,3.33509],[117.55706,3.3355],[117.55715,3.33557],[117.55739,3.33574],[117.55788,3.33605],[117.55808,3.33623],[117.55858,3.33663],[117.55884,3.33684],[117.55905,3.33697],[117.55905,3.33697],[117.55917,3.33704],[117.55936,3.33706],[117.55969,3.33703],[117.55976,3.33703],[117.56001,3.33701],[117.56014,3.33705],[117.56027,3.33717],[117.56041,3.33729],[117.56067,3.3375],[117.56088,3.33766],[117.56099,3.33774],[117.56112,3.33783],[117.56124,3.33792],[117.56144,3.33805],[117.56188,3.33839],[117.56223,3.33866],[117.56224,3.33867],[117.56233,3.3387],[117.56261,3.33872],[117.56294,3.33869],[117.56325,3.33868],[117.56339,3.33873],[117.56349,3.33876],[117.56363,3.33885],[117.56394,3.33905],[117.56406,3.33912],[117.56441,3.33917],[117.56456,3.33916],[117.56482,3.33914],[117.56516,3.33912],[117.56557,3.33918],[117.56567,3.33919],[117.5658,3.3392],[117.56611,3.33921],[117.56638,3.33924],[117.56657,3.33931],[117.56672,3.33942],[117.56687,3.33959],[117.56701,3.33985],[117.56717,3.3402],[117.56722,3.34026],[117.56729,3.34034],[117.56735,3.34035],[117.56741,3.34037],[117.56752,3.3404],[117.56784,3.3404],[117.56827,3.34036],[117.56833,3.34038],[117.56843,3.34043],[117.56856,3.34054],[117.56874,3.34072],[117.5689,3.34088],[117.56915,3.34107],[117.56938,3.34114]]]]},"properties":{"kdprov":"65","kdkab":"71","kdkec":"030","kddesa":"004","kdsls":"0020","idsls":"65710300040020","nmprov":"KALIMANTAN UTARA","nmkab":"TARAKAN","nmkec":"TARAKAN BARAT","nmdesa":"KARANG ANYAR PANTAI","nmsls":"RT 020"}},{"type":"Feature","geometry":{"type":"MultiPolygon","coordinates":[[[[117.5664,3.33622],[117.56764,3.33645],[117.56838,3.3387],[117.56938,3.34114],[117.56961,3.34111],[117.56965,3.34111],[117.57014,3.34102],[117.57038,3.34105],[117.57055,3.34108],[117.57124,3.34121],[117.57129,3.34122],[117.57153,3.34126],[117.57172,3.34128],[117.57163,3.34068],[117.5715,3.34006],[117.57116,3.3391],[117.57166,3.33803],[117.56981,3.33764],[117.56944,3.33767],[117.56945,3.33669],[117.56966,3.3367],[117.57052,3.3368],[117.57088,3.33692],[117.57162,3.33725],[117.57159,3.3369],[117.57153,3.33657],[117.57135,3.33565],[117.57135,3.33562],[117.57134,3.33558],[117.5713,3.33541],[117.57126,3.33517],[117.57116,3.3347],[117.57049,3.33479],[117.56953,3.33492],[117.56778,3.33516],[117.56702,3.3353],[117.56683,3.33559],[117.5664,3.33622]]]]},"properties":{"kdprov":"65","kdkab":"71","kdkec":"030","kddesa":"004","kdsls":"0020","idsls":"65710300040020","nmprov":"KALIMANTAN UTARA","nmkab":"TARAKAN","nmkec":"TARAKAN BARAT","nmdesa":"KARANG ANYAR PANTAI","nmsls":"RT 020"}},{"type":"Feature","geometry":{"type":"MultiPolygon","coordinates":[[[[117.58437,3.30859],[117.58441,3.30839],[117.58448,3.30811],[117.58457,3.30774],[117.58422,3.30761],[117.58404,3.30754],[117.58401,3.30764],[117.58397,3.30779],[117.58391,3.308],[117.58386,3.30819],[117.58384,3.30827],[117.5838,3.30842],[117.58374,3.30861],[117.58372,3.3087],[117.5837,3.30878],[117.58368,3.30884],[117.58364,3.30895],[117.58361,3.30901],[117.58359,3.30906],[117.58355,3.30915],[117.58352,3.3092],[117.58349,3.30927],[117.58346,3.30933],[117.58346,3.30933],[117.58363,3.30939],[117.58373,3.30942],[117.5842,3.30958],[117.58423,3.30959],[117.58458,3.30972],[117.58463,3.30974],[117.58472,3.30942],[117.58421,3.30923],[117.58427,3.30907],[117.58399,3.30898],[117.58409,3.30867],[117.58433,3.30875],[117.58437,3.30859],[117.58437,3.30859]]]]},"properties":{"kdprov":"65","kdkab":"71","kdkec":"030","kddesa":"002","kdsls":"0013","idsls":"65710300020013","nmprov":"KALIMANTAN UTARA","nmkab":"TARAKAN","nmkec":"TARAKAN BARAT","nmdesa":"KARANG BALIK","nmsls":"RT 013"}},{"type":"Feature","geometry":{"type":"MultiPolygon","coordinates":[[[[117.58558,3.31462],[117.58567,3.31468],[117.58562,3.31495],[117.58591,3.31498],[117.58591,3.31498],[117.58611,3.3153],[117.58615,3.31534],[117.58621,3.31535],[117.58629,3.31535],[117.58636,3.31534],[117.58639,3.31557],[117.58658,3.31563],[117.58666,3.31547],[117.58677,3.31533],[117.58698,3.31513],[117.58751,3.31528],[117.58757,3.3153],[117.58749,3.3156],[117.58745,3.31578],[117.58802,3.31598],[117.58808,3.316],[117.58805,3.31614],[117.58805,3.31614],[117.58803,3.31629],[117.58845,3.31615],[117.58846,3.31605],[117.58846,3.31594],[117.58846,3.31586],[117.58847,3.31578],[117.5885,3.31574],[117.58859,3.31572],[117.58868,3.31572],[117.58873,3.31559],[117.58875,3.31546],[117.58875,3.31539],[117.58874,3.31531],[117.58823,3.31436],[117.58822,3.31435],[117.58802,3.31432],[117.5879,3.31432],[117.5878,3.31433],[117.58774,3.31445],[117.58766,3.31468],[117.5876,3.31488],[117.58745,3.31488],[117.5872,3.3149],[117.58699,3.31487],[117.5869,3.31477],[117.58684,3.31464],[117.58673,3.3147],[117.58665,3.31469],[117.58656,3.31468],[117.58593,3.31457],[117.58592,3.31457],[117.58602,3.31418],[117.58601,3.31417],[117.58587,3.31408],[117.58581,3.31404],[117.58558,3.31462]]]]},"properties":{"kdprov":"65","kdkab":"71","kdkec":"030","kddesa":"003","kdsls":"0021","idsls":"65710300030021","nmprov":"KALIMANTAN UTARA","nmkab":"TARAKAN","nmkec":"TARAKAN BARAT","nmdesa":"KARANG ANYAR","nmsls":"RT 021"}},{"type":"Feature","geometry":{"type":"MultiPolygon","coordinates":[[[[117.56223,3.33866],[117.562,3.33922],[117.56183,3.33969],[117.56162,3.3401],[117.56146,3.34064],[117.56126,3.34118],[117.56105,3.3417],[117.56087,3.34232],[117.56075,3.34266],[117.56066,3.34316],[117.56059,3.34356],[117.56085,3.34365],[117.5609,3.34361],[117.56264,3.34233],[117.56312,3.34233],[117.56332,3.34231],[117.56391,3.34259],[117.5658,3.34363],[117.5658,3.34364],[117.5676,3.34304],[117.5676,3.34304],[117.56893,3.34241],[117.56897,3.34242],[117.56961,3.34111],[117.56938,3.34114],[117.56915,3.34107],[117.5689,3.34088],[117.56874,3.34072],[117.56856,3.34054],[117.56843,3.34043],[117.56833,3.34038],[117.56827,3.34036],[117.56784,3.3404],[117.56752,3.3404],[117.56741,3.34037],[117.56735,3.34035],[117.56729,3.34034],[117.56722,3.34026],[117.56717,3.3402],[117.56701,3.33985],[117.56687,3.33959],[117.56672,3.33942],[117.56657,3.33931],[117.56638,3.33924],[117.56611,3.33921],[117.5658,3.3392],[117.56567,3.33919],[117.56557,3.33918],[117.56516,3.33912],[117.56482,3.33914],[117.56456,3.33916],[117.56441,3.33917],[117.56406,3.33912],[117.56394,3.33905],[117.56363,3.33885],[117.56349,3.33876],[117.56339,3.33873],[117.56325,3.33868],[117.56294,3.33869],[117.56261,3.33872],[117.56233,3.3387],[117.56224,3.33867],[117.56223,3.33866]]]]},"properties":{"kdprov":"65","kdkab":"71","kdkec":"030","kddesa":"005","kdsls":"0001","idsls":"65710300050001","nmprov":"KALIMANTAN UTARA","nmkab":"TARAKAN","nmkec":"TARAKAN BARAT","nmdesa":"KARANG HARAPAN","nmsls":"RT 001"}},{"type":"Feature","geometry":{"type":"MultiPolygon","coordinates":[[[[117.56961,3.34111],[117.56897,3.34242],[117.57009,3.34275],[117.57026,3.34287],[117.57026,3.34288],[117.57021,3.34306],[117.57051,3.34313],[117.57055,3.34296],[117.57136,3.34313],[117.57138,3.34298],[117.57138,3.34297],[117.57165,3.343],[117.57161,3.34296],[117.57155,3.34275],[117.57166,3.34233],[117.57177,3.34191],[117.57185,3.34148],[117.57188,3.3413],[117.57172,3.34128],[117.57153,3.34126],[117.57129,3.34122],[117.57124,3.34121],[117.57055,3.34108],[117.57038,3.34105],[117.57014,3.34102],[117.56965,3.34111],[117.56961,3.34111]]]]},"properties":{"kdprov":"65","kdkab":"71","kdkec":"030","kddesa":"005","kdsls":"0001","idsls":"65710300050001","nmprov":"KALIMANTAN UTARA","nmkab":"TARAKAN","nmkec":"TARAKAN BARAT","nmdesa":"KARANG HARAPAN","nmsls":"RT 001"}},{"type":"Feature","geometry":{"type":"MultiPolygon","coordinates":[[[[117.56059,3.34356],[117.56066,3.34316],[117.56075,3.34266],[117.56087,3.34232],[117.56105,3.3417],[117.56126,3.34118],[117.56146,3.34064],[117.56162,3.3401],[117.56183,3.33969],[117.562,3.33922],[117.56223,3.33866],[117.56188,3.33839],[117.56144,3.33805],[117.56124,3.33792],[117.56112,3.33783],[117.56099,3.33774],[117.56088,3.33766],[117.56067,3.3375],[117.56041,3.33729],[117.56027,3.33717],[117.56014,3.33705],[117.56001,3.33701],[117.55976,3.33703],[117.55969,3.33703],[117.55936,3.33706],[117.55917,3.33704],[117.55905,3.33697],[117.55905,3.33697],[117.55884,3.33684],[117.55858,3.33663],[117.55808,3.33623],[117.55788,3.33605],[117.55739,3.33574],[117.55715,3.33557],[117.55706,3.3355],[117.55656,3.33509],[117.55615,3.33474],[117.55566,3.33435],[117.55529,3.33406],[117.55496,3.3338],[117.5545,3.33348],[117.55423,3.33334],[117.55392,3.33314],[117.55373,3.33299],[117.55363,3.33295],[117.55344,3.33286],[117.55314,3.33282],[117.553,3.33285],[117.55289,3.33287],[117.55233,3.33264],[117.55234,3.33263],[117.55229,3.33261],[117.54967,3.33148],[117.54966,3.33147],[117.54963,3.33146],[117.54701,3.32921],[117.54685,3.32938],[117.54633,3.32872],[117.54572,3.32848],[117.54524,3.3283],[117.54399,3.32793],[117.54339,3.32774],[117.54331,3.32756],[117.54329,3.32756],[117.54303,3.32708],[117.54294,3.32692],[117.54221,3.3256],[117.54218,3.32556],[117.54217,3.32556],[117.54186,3.32598],[117.54118,3.32688],[117.54115,3.32695],[117.54077,3.32822],[117.54075,3.3283],[117.54059,3.3288],[117.5403,3.32975],[117.54013,3.33028],[117.53961,3.33193],[117.53918,3.33332],[117.53911,3.33356],[117.53885,3.33466],[117.53825,3.33729],[117.53803,3.33853],[117.55158,3.34095],[117.55454,3.34146],[117.56059,3.34356]]]]},"properties":{"kdprov":"65","kdkab":"71","kdkec":"030","kddesa":"005","kdsls":"0001","idsls":"65710300050001","nmprov":"KALIMANTAN UTARA","nmkab":"TARAKAN","nmkec":"TARAKAN BARAT","nmdesa":"KARANG HARAPAN","nmsls":"RT 001"}},{"type":"Feature","geometry":{"type":"MultiPolygon","coordinates":[[[[117.5635,3.34641],[117.56349,3.34643],[117.56325,3.34656],[117.56273,3.34673],[117.56222,3.34684],[117.56188,3.3469],[117.5613,3.34691],[117.56116,3.34691],[117.56107,3.3469],[117.56101,3.3469],[117.56094,3.3469],[117.56087,3.34683],[117.56069,3.34678],[117.56061,3.34677],[117.56052,3.34676],[117.56051,3.34677],[117.55986,3.34672],[117.5589,3.34668],[117.55842,3.34666],[117.55613,3.3469],[117.55533,3.34703],[117.55414,3.34749],[117.55306,3.34791],[117.55146,3.34949],[117.55166,3.3516],[117.55166,3.3516],[117.5512,3.35332],[117.55407,3.35377],[117.55526,3.35376],[117.5577,3.35223],[117.5578,3.35217],[117.55816,3.35014],[117.55778,3.3501],[117.55734,3.34987],[117.55687,3.34958],[117.5565,3.34921],[117.55673,3.34886],[117.55691,3.34871],[117.55732,3.34853],[117.55782,3.34833],[117.55831,3.3482],[117.55857,3.34806],[117.55873,3.3478],[117.55902,3.3477],[117.55953,3.34764],[117.56007,3.34751],[117.56045,3.34741],[117.56086,3.34741],[117.56129,3.34746],[117.56165,3.34751],[117.56225,3.34745],[117.56281,3.34733],[117.56322,3.34722],[117.56346,3.3471],[117.56382,3.34706],[117.56396,3.34704],[117.56422,3.34669],[117.56446,3.34636],[117.56465,3.34601],[117.56446,3.34597],[117.56429,3.34601],[117.56413,3.34603],[117.56399,3.34611],[117.56381,3.34627],[117.56363,3.34636],[117.56351,3.34641],[117.5635,3.34641]]]]},"properties":{"kdprov":"65","kdkab":"71","kdkec":"030","kddesa":"005","kdsls":"0004","idsls":"65710300050004","nmprov":"KALIMANTAN UTARA","nmkab":"TARAKAN","nmkec":"TARAKAN BARAT","nmdesa":"KARANG HARAPAN","nmsls":"RT 004"}},{"type":"Feature","geometry":{"type":"MultiPolygon","coordinates":[[[[117.5611,3.34672],[117.56107,3.3469],[117.56116,3.34691],[117.5613,3.34691],[117.56188,3.3469],[117.56222,3.34684],[117.56273,3.34673],[117.56325,3.34656],[117.56349,3.34643],[117.5635,3.34641],[117.56351,3.34641],[117.56363,3.34636],[117.56381,3.34627],[117.56399,3.34611],[117.56413,3.34603],[117.56429,3.34601],[117.56446,3.34597],[117.56465,3.34601],[117.56502,3.34591],[117.56528,3.3459],[117.56544,3.34591],[117.5655,3.34592],[117.5655,3.34592],[117.56559,3.34497],[117.5658,3.34364],[117.5658,3.34363],[117.56391,3.34259],[117.56332,3.34231],[117.56312,3.34233],[117.56264,3.34233],[117.5609,3.34361],[117.56087,3.34394],[117.56072,3.34473],[117.56058,3.34603],[117.56123,3.34608],[117.5611,3.34672]]]]},"properties":{"kdprov":"65","kdkab":"71","kdkec":"030","kddesa":"005","kdsls":"0005","idsls":"65710300050005","nmprov":"KALIMANTAN UTARA","nmkab":"TARAKAN","nmkec":"TARAKAN BARAT","nmdesa":"KARANG HARAPAN","nmsls":"RT 005"}},{"type":"Feature","geometry":{"type":"MultiPolygon","coordinates":[[[[117.58021,3.30522],[117.58025,3.30515],[117.58002,3.30503],[117.58,3.30507],[117.57981,3.30496],[117.57979,3.30498],[117.57968,3.30492],[117.57962,3.30505],[117.58014,3.30533],[117.58014,3.30533],[117.58021,3.30522]]]]},"properties":{"kdprov":"65","kdkab":"71","kdkec":"030","kddesa":"001","kdsls":"0003","idsls":"65710300010003","nmprov":"KALIMANTAN UTARA","nmkab":"TARAKAN","nmkec":"TARAKAN BARAT","nmdesa":"KARANG REJO","nmsls":"RT 003"}},{"type":"Feature","geometry":{"type":"MultiPolygon","coordinates":[[[[117.58181,3.307],[117.58182,3.30686],[117.58181,3.30683],[117.58181,3.30683],[117.58133,3.30665],[117.58124,3.30662],[117.58108,3.30657],[117.58107,3.30657],[117.58094,3.30699],[117.58051,3.3077],[117.58052,3.3077],[117.58113,3.30804],[117.5812,3.30808],[117.5812,3.30808],[117.58123,3.30809],[117.58131,3.30813],[117.5815,3.30767],[117.58164,3.30723],[117.58175,3.30725],[117.58181,3.307],[117.58181,3.307]]]]},"properties":{"kdprov":"65","kdkab":"71","kdkec":"030","kddesa":"001","kdsls":"0002","idsls":"65710300010002","nmprov":"KALIMANTAN UTARA","nmkab":"TARAKAN","nmkec":"TARAKAN BARAT","nmdesa":"KARANG REJO","nmsls":"RT 002"}},{"type":"Feature","geometry":{"type":"MultiPolygon","coordinates":[[[[117.58143,3.30491],[117.58151,3.30493],[117.58158,3.30494],[117.58161,3.30496],[117.58165,3.30499],[117.58167,3.30503],[117.5817,3.30507],[117.58173,3.30509],[117.58176,3.30512],[117.58177,3.30513],[117.58177,3.30514],[117.58181,3.30514],[117.58195,3.30516],[117.58197,3.30516],[117.58244,3.30525],[117.58248,3.30526],[117.58253,3.30498],[117.5826,3.3047],[117.58263,3.30471],[117.58272,3.30428],[117.58272,3.30428],[117.58264,3.30426],[117.58263,3.30426],[117.58232,3.30421],[117.58232,3.30422],[117.58226,3.3042],[117.58223,3.30429],[117.58202,3.30426],[117.58193,3.30427],[117.58196,3.3043],[117.58197,3.30439],[117.58196,3.30455],[117.58195,3.30455],[117.5819,3.30463],[117.5819,3.30464],[117.58183,3.30467],[117.58179,3.30472],[117.58178,3.30479],[117.58179,3.30484],[117.58176,3.30489],[117.58168,3.3049],[117.5816,3.30486],[117.5816,3.30479],[117.58158,3.30474],[117.58143,3.30475],[117.58133,3.30478],[117.58119,3.30477],[117.58098,3.3048],[117.5809,3.30485],[117.58101,3.30488],[117.5811,3.30487],[117.58118,3.30489],[117.58129,3.30491],[117.58137,3.30491],[117.58143,3.30491],[117.58143,3.30491]]]]},"properties":{"kdprov":"65","kdkab":"71","kdkec":"030","kddesa":"001","kdsls":"0011","idsls":"65710300010011","nmprov":"KALIMANTAN UTARA","nmkab":"TARAKAN","nmkec":"TARAKAN BARAT","nmdesa":"KARANG REJO","nmsls":"RT 011"}},{"type":"Feature","geometry":{"type":"MultiPolygon","coordinates":[[[[117.57641,3.30541],[117.57638,3.30539],[117.57595,3.30611],[117.57551,3.30689],[117.57543,3.30704],[117.57528,3.30735],[117.5751,3.30783],[117.57514,3.30784],[117.57529,3.30786],[117.57545,3.30788],[117.57556,3.30791],[117.5757,3.30795],[117.57586,3.30799],[117.57622,3.30802],[117.57657,3.30801],[117.57678,3.30801],[117.57683,3.30752],[117.57692,3.30727],[117.57694,3.3072],[117.57697,3.30717],[117.57712,3.30665],[117.57694,3.30657],[117.57729,3.30591],[117.57729,3.30591],[117.57701,3.30575],[117.57641,3.30541]]]]},"properties":{"kdprov":"65","kdkab":"71","kdkec":"030","kddesa":"004","kdsls":"0001","idsls":"65710300040001","nmprov":"KALIMANTAN UTARA","nmkab":"TARAKAN","nmkec":"TARAKAN BARAT","nmdesa":"KARANG ANYAR PANTAI","nmsls":"RT 001"}},{"type":"Feature","geometry":{"type":"MultiPolygon","coordinates":[[[[117.5751,3.30682],[117.57488,3.3067],[117.57451,3.30652],[117.57406,3.30626],[117.57383,3.30669],[117.57383,3.30669],[117.57272,3.30677],[117.57236,3.30789],[117.57237,3.30791],[117.57268,3.30804],[117.5732,3.30835],[117.57331,3.30847],[117.57343,3.30864],[117.57346,3.30873],[117.57348,3.30891],[117.57349,3.30924],[117.57348,3.30963],[117.57362,3.30988],[117.57364,3.31006],[117.57365,3.31006],[117.57368,3.31019],[117.57375,3.31022],[117.57472,3.31075],[117.57474,3.31076],[117.575,3.31052],[117.5754,3.31037],[117.57573,3.31],[117.57563,3.30936],[117.57699,3.30952],[117.57738,3.30887],[117.57742,3.3088],[117.57756,3.30825],[117.57757,3.30823],[117.5774,3.30806],[117.57728,3.30803],[117.57715,3.308],[117.57678,3.30801],[117.57657,3.30801],[117.57622,3.30802],[117.57586,3.30799],[117.5757,3.30795],[117.57556,3.30791],[117.57545,3.30788],[117.57529,3.30786],[117.57514,3.30784],[117.5751,3.30783],[117.57528,3.30735],[117.57543,3.30704],[117.57525,3.30691],[117.5751,3.30682]]]]},"properties":{"kdprov":"65","kdkab":"71","kdkec":"030","kddesa":"004","kdsls":"0022","idsls":"65710300040022","nmprov":"KALIMANTAN UTARA","nmkab":"TARAKAN","nmkec":"TARAKAN BARAT","nmdesa":"KARANG ANYAR PANTAI","nmsls":"RT 022"}},{"type":"Feature","geometry":{"type":"MultiPolygon","coordinates":[[[[117.5701,3.30401],[117.56997,3.30412],[117.56997,3.30412],[117.57048,3.30443],[117.57168,3.30537],[117.57201,3.30553],[117.57341,3.30649],[117.57383,3.30669],[117.57406,3.30626],[117.5741,3.30617],[117.57427,3.30597],[117.57426,3.30597],[117.57325,3.30544],[117.57255,3.30503],[117.57133,3.30431],[117.5704,3.30378],[117.57034,3.30381],[117.5701,3.30401]]]]},"properties":{"kdprov":"65","kdkab":"71","kdkec":"030","kddesa":"004","kdsls":"0032","idsls":"65710300040032","nmprov":"KALIMANTAN UTARA","nmkab":"TARAKAN","nmkec":"TARAKAN BARAT","nmdesa":"KARANG ANYAR PANTAI","nmsls":"RT 032"}},{"type":"Feature","geometry":{"type":"MultiPolygon","coordinates":[[[[117.57123,3.30331],[117.57117,3.30334],[117.57079,3.30355],[117.57076,3.30357],[117.57061,3.30366],[117.57053,3.3037],[117.57044,3.30375],[117.5704,3.30378],[117.57133,3.30431],[117.57255,3.30503],[117.57325,3.30544],[117.57426,3.30597],[117.57449,3.30561],[117.57464,3.30542],[117.57459,3.30537],[117.5747,3.30519],[117.57453,3.30495],[117.57447,3.3048],[117.57444,3.30471],[117.57437,3.30463],[117.57432,3.30454],[117.57426,3.30448],[117.57423,3.30445],[117.5738,3.30419],[117.5734,3.30397],[117.57297,3.30374],[117.57235,3.30338],[117.57217,3.30329],[117.57174,3.30306],[117.57171,3.30304],[117.57131,3.30326],[117.57123,3.30331]]]]},"properties":{"kdprov":"65","kdkab":"71","kdkec":"030","kddesa":"004","kdsls":"0021","idsls":"65710300040021","nmprov":"KALIMANTAN UTARA","nmkab":"TARAKAN","nmkec":"TARAKAN BARAT","nmdesa":"KARANG ANYAR PANTAI","nmsls":"RT 021"}},{"type":"Feature","geometry":{"type":"MultiPolygon","coordinates":[[[[117.5777,3.30046],[117.57618,3.29909],[117.57612,3.29914],[117.57392,3.30114],[117.57243,3.30255],[117.57223,3.30274],[117.57208,3.30282],[117.57294,3.30346],[117.5745,3.30431],[117.57482,3.3045],[117.57497,3.30458],[117.57511,3.30466],[117.57588,3.30338],[117.57652,3.30235],[117.57698,3.3016],[117.5777,3.30046]]]]},"properties":{"kdprov":"65","kdkab":"71","kdkec":"030","kddesa":"001","kdsls":"0015","idsls":"65710300010015","nmprov":"KALIMANTAN UTARA","nmkab":"TARAKAN","nmkec":"TARAKAN BARAT","nmdesa":"KARANG REJO","nmsls":"RT 015"}},{"type":"Feature","geometry":{"type":"MultiPolygon","coordinates":[[[[117.57636,3.30538],[117.57638,3.30539],[117.57641,3.30541],[117.57701,3.30575],[117.57729,3.30591],[117.57729,3.30591],[117.57771,3.30614],[117.57882,3.30424],[117.57803,3.30261],[117.57797,3.30249],[117.57861,3.30124],[117.57848,3.30119],[117.57788,3.30133],[117.57824,3.30094],[117.5777,3.30046],[117.57698,3.3016],[117.57652,3.30235],[117.57588,3.30338],[117.57511,3.30466],[117.57632,3.30535],[117.57636,3.30538]]]]},"properties":{"kdprov":"65","kdkab":"71","kdkec":"030","kddesa":"001","kdsls":"0015","idsls":"65710300010015","nmprov":"KALIMANTAN UTARA","nmkab":"TARAKAN","nmkec":"TARAKAN BARAT","nmdesa":"KARANG REJO","nmsls":"RT 015"}},{"type":"Feature","geometry":{"type":"MultiPolygon","coordinates":[[[[117.5819,3.3067],[117.5819,3.3067],[117.58181,3.30683],[117.58181,3.30683],[117.58182,3.30686],[117.58181,3.307],[117.58181,3.307],[117.58186,3.30702],[117.58205,3.30721],[117.58242,3.30747],[117.58269,3.30753],[117.58264,3.30772],[117.58306,3.30784],[117.58326,3.30794],[117.58391,3.308],[117.58397,3.30779],[117.58401,3.30764],[117.58404,3.30754],[117.58405,3.30752],[117.58407,3.30742],[117.58415,3.30716],[117.58423,3.30682],[117.58348,3.3066],[117.58337,3.30705],[117.58277,3.30691],[117.58258,3.30684],[117.5819,3.3067]]]]},"properties":{"kdprov":"65","kdkab":"71","kdkec":"030","kddesa":"001","kdsls":"0006","idsls":"65710300010006","nmprov":"KALIMANTAN UTARA","nmkab":"TARAKAN","nmkec":"TARAKAN BARAT","nmdesa":"KARANG REJO","nmsls":"RT 006"}},{"type":"Feature","geometry":{"type":"MultiPolygon","coordinates":[[[[117.58244,3.30547],[117.58241,3.30547],[117.58232,3.30551],[117.58225,3.30555],[117.58225,3.3056],[117.58224,3.30563],[117.58228,3.30571],[117.5823,3.30574],[117.5819,3.3067],[117.58258,3.30684],[117.58277,3.30691],[117.58337,3.30705],[117.58348,3.3066],[117.58423,3.30682],[117.58424,3.30679],[117.58426,3.30672],[117.58429,3.30658],[117.58432,3.30647],[117.58435,3.30635],[117.58445,3.30599],[117.58425,3.30594],[117.58387,3.30585],[117.58364,3.3058],[117.58361,3.306],[117.58297,3.30585],[117.58257,3.30575],[117.58255,3.30574],[117.58258,3.3057],[117.58258,3.30568],[117.5826,3.30563],[117.58259,3.3056],[117.58258,3.30557],[117.58258,3.30554],[117.58255,3.30551],[117.5825,3.30547],[117.58244,3.30547]]]]},"properties":{"kdprov":"65","kdkab":"71","kdkec":"030","kddesa":"001","kdsls":"0007","idsls":"65710300010007","nmprov":"KALIMANTAN UTARA","nmkab":"TARAKAN","nmkec":"TARAKAN BARAT","nmdesa":"KARANG REJO","nmsls":"RT 007"}},{"type":"Feature","geometry":{"type":"MultiPolygon","coordinates":[[[[117.58181,3.307],[117.58175,3.30725],[117.58164,3.30723],[117.5815,3.30767],[117.58131,3.30813],[117.58131,3.30813],[117.58136,3.30816],[117.58166,3.30832],[117.58171,3.30835],[117.58176,3.30838],[117.58181,3.3084],[117.58184,3.30843],[117.58187,3.30844],[117.58198,3.3085],[117.58202,3.30853],[117.58271,3.30891],[117.58312,3.30915],[117.58316,3.30917],[117.58343,3.30932],[117.58343,3.30932],[117.58346,3.30933],[117.58349,3.30927],[117.58352,3.3092],[117.58355,3.30915],[117.58359,3.30906],[117.58361,3.30901],[117.58364,3.30895],[117.58368,3.30884],[117.5837,3.30878],[117.58372,3.3087],[117.58374,3.30861],[117.5838,3.30842],[117.58384,3.30827],[117.58386,3.30819],[117.58391,3.308],[117.58326,3.30794],[117.58306,3.30784],[117.58264,3.30772],[117.58269,3.30753],[117.58242,3.30747],[117.58205,3.30721],[117.58186,3.30702],[117.58181,3.307]]]]},"properties":{"kdprov":"65","kdkab":"71","kdkec":"030","kddesa":"001","kdsls":"0001","idsls":"65710300010001","nmprov":"KALIMANTAN UTARA","nmkab":"TARAKAN","nmkec":"TARAKAN BARAT","nmdesa":"KARANG REJO","nmsls":"RT 001"}},{"type":"Feature","geometry":{"type":"MultiPolygon","coordinates":[[[[117.58272,3.30428],[117.58263,3.30471],[117.5826,3.3047],[117.58253,3.30498],[117.58302,3.3051],[117.58333,3.30519],[117.58352,3.30523],[117.58355,3.30521],[117.5836,3.3052],[117.58363,3.30522],[117.58368,3.30523],[117.58439,3.30539],[117.5846,3.30544],[117.58463,3.30531],[117.58466,3.30521],[117.58468,3.30513],[117.5847,3.30506],[117.58478,3.30475],[117.5848,3.30464],[117.58459,3.3046],[117.58459,3.3046],[117.58408,3.30442],[117.58403,3.30462],[117.58318,3.30447],[117.58299,3.30432],[117.58295,3.30431],[117.58272,3.30428]]]]},"properties":{"kdprov":"65","kdkab":"71","kdkec":"030","kddesa":"001","kdsls":"0010","idsls":"65710300010010","nmprov":"KALIMANTAN UTARA","nmkab":"TARAKAN","nmkec":"TARAKAN BARAT","nmdesa":"KARANG REJO","nmsls":"RT 010"}},{"type":"Feature","geometry":{"type":"MultiPolygon","coordinates":[[[[117.58253,3.30498],[117.58248,3.30526],[117.58248,3.30526],[117.58244,3.30547],[117.5825,3.30547],[117.58255,3.30551],[117.58258,3.30554],[117.58258,3.30557],[117.58259,3.3056],[117.5826,3.30563],[117.58258,3.30568],[117.58258,3.3057],[117.58255,3.30574],[117.58257,3.30575],[117.58297,3.30585],[117.58361,3.306],[117.58364,3.3058],[117.58387,3.30585],[117.58425,3.30594],[117.58445,3.30599],[117.58448,3.3059],[117.58452,3.30577],[117.58454,3.30569],[117.58456,3.3056],[117.5846,3.30544],[117.58439,3.30539],[117.58368,3.30523],[117.58363,3.30522],[117.5836,3.3052],[117.58355,3.30521],[117.58352,3.30523],[117.58333,3.30519],[117.58302,3.3051],[117.58253,3.30498]]]]},"properties":{"kdprov":"65","kdkab":"71","kdkec":"030","kddesa":"001","kdsls":"0009","idsls":"65710300010009","nmprov":"KALIMANTAN UTARA","nmkab":"TARAKAN","nmkec":"TARAKAN BARAT","nmdesa":"KARANG REJO","nmsls":"RT 009"}},{"type":"Feature","geometry":{"type":"MultiPolygon","coordinates":[[[[117.58917,3.30971],[117.58885,3.30946],[117.58813,3.30951],[117.58786,3.30949],[117.58776,3.30953],[117.58768,3.30952],[117.58768,3.30953],[117.58766,3.30963],[117.58772,3.30968],[117.58785,3.30967],[117.58784,3.30989],[117.58786,3.3099],[117.58792,3.30993],[117.58795,3.30995],[117.5878,3.31045],[117.58781,3.31045],[117.5879,3.31048],[117.58791,3.31048],[117.58803,3.31051],[117.58869,3.31067],[117.5887,3.31067],[117.58877,3.31069],[117.58884,3.31071],[117.58884,3.31071],[117.58896,3.31013],[117.58939,3.30975],[117.58939,3.30975],[117.58936,3.3097],[117.58936,3.3097],[117.58917,3.30971]]]]},"properties":{"kdprov":"65","kdkab":"71","kdkec":"030","kddesa":"002","kdsls":"0015","idsls":"65710300020015","nmprov":"KALIMANTAN UTARA","nmkab":"TARAKAN","nmkec":"TARAKAN BARAT","nmdesa":"KARANG BALIK","nmsls":"RT 015"}},{"type":"Feature","geometry":{"type":"MultiPolygon","coordinates":[[[[117.58939,3.30975],[117.58939,3.30975],[117.58896,3.31013],[117.58884,3.31071],[117.58887,3.31072],[117.58894,3.31074],[117.58897,3.31075],[117.58901,3.31076],[117.58907,3.31077],[117.58912,3.31078],[117.58922,3.3108],[117.58934,3.31082],[117.58945,3.31085],[117.5895,3.31086],[117.5896,3.31088],[117.58972,3.31087],[117.58982,3.31087],[117.58985,3.31086],[117.58992,3.31086],[117.59025,3.31083],[117.59041,3.31082],[117.59044,3.31082],[117.59049,3.31081],[117.59057,3.3108],[117.59072,3.31079],[117.59117,3.31075],[117.5911,3.30965],[117.5901,3.30984],[117.59004,3.30965],[117.58983,3.30968],[117.58956,3.30971],[117.58939,3.30975]]]]},"properties":{"kdprov":"65","kdkab":"71","kdkec":"030","kddesa":"002","kdsls":"0016","idsls":"65710300020016","nmprov":"KALIMANTAN UTARA","nmkab":"TARAKAN","nmkec":"TARAKAN BARAT","nmdesa":"KARANG BALIK","nmsls":"RT 016"}},{"type":"Feature","geometry":{"type":"MultiPolygon","coordinates":[[[[117.58812,3.30717],[117.58792,3.30752],[117.58758,3.30798],[117.58739,3.3081],[117.58709,3.30813],[117.58705,3.30814],[117.58671,3.30816],[117.58623,3.30818],[117.58584,3.30817],[117.58578,3.3086],[117.58578,3.30866],[117.58595,3.30866],[117.58623,3.30866],[117.58664,3.30865],[117.58746,3.30866],[117.58749,3.30866],[117.58828,3.30866],[117.58829,3.30862],[117.5884,3.30834],[117.58853,3.30776],[117.5886,3.30762],[117.58848,3.30755],[117.58856,3.3074],[117.58856,3.3074],[117.58847,3.30733],[117.58812,3.30717]]]]},"properties":{"kdprov":"65","kdkab":"71","kdkec":"030","kddesa":"002","kdsls":"0006","idsls":"65710300020006","nmprov":"KALIMANTAN UTARA","nmkab":"TARAKAN","nmkec":"TARAKAN BARAT","nmdesa":"KARANG BALIK","nmsls":"RT 006"}},{"type":"Feature","geometry":{"type":"MultiPolygon","coordinates":[[[[117.58709,3.30813],[117.58739,3.3081],[117.58758,3.30798],[117.58792,3.30752],[117.58812,3.30717],[117.58812,3.30717],[117.58825,3.30695],[117.58826,3.30694],[117.58815,3.30675],[117.58793,3.30648],[117.58783,3.30638],[117.58775,3.30631],[117.58752,3.30597],[117.5875,3.30594],[117.58736,3.30586],[117.58719,3.30611],[117.58709,3.30634],[117.58707,3.30668],[117.58706,3.30732],[117.58708,3.30785],[117.58709,3.30813]]]]},"properties":{"kdprov":"65","kdkab":"71","kdkec":"030","kddesa":"002","kdsls":"0007","idsls":"65710300020007","nmprov":"KALIMANTAN UTARA","nmkab":"TARAKAN","nmkec":"TARAKAN BARAT","nmdesa":"KARANG BALIK","nmsls":"RT 007"}},{"type":"Feature","geometry":{"type":"MultiPolygon","coordinates":[[[[117.58457,3.30774],[117.58448,3.30811],[117.58441,3.30839],[117.58437,3.30859],[117.585,3.30877],[117.58551,3.3089],[117.58546,3.30911],[117.58541,3.30915],[117.58567,3.30923],[117.5857,3.30913],[117.58578,3.30866],[117.58578,3.3086],[117.58584,3.30817],[117.58584,3.30816],[117.58575,3.30815],[117.58504,3.30791],[117.58457,3.30774]]]]},"properties":{"kdprov":"65","kdkab":"71","kdkec":"030","kddesa":"002","kdsls":"0013","idsls":"65710300020013","nmprov":"KALIMANTAN UTARA","nmkab":"TARAKAN","nmkec":"TARAKAN BARAT","nmdesa":"KARANG BALIK","nmsls":"RT 013"}},{"type":"Feature","geometry":{"type":"MultiPolygon","coordinates":[[[[117.5911,3.30965],[117.59117,3.31075],[117.59117,3.31075],[117.59117,3.31075],[117.59148,3.31073],[117.59155,3.31072],[117.59164,3.31072],[117.59168,3.31071],[117.5918,3.31071],[117.59193,3.3107],[117.59199,3.31069],[117.59215,3.31068],[117.59221,3.31068],[117.5923,3.31067],[117.59288,3.31061],[117.59298,3.3106],[117.59298,3.31054],[117.59298,3.31054],[117.59298,3.31053],[117.59298,3.31053],[117.59296,3.31034],[117.59289,3.30977],[117.59289,3.30976],[117.59296,3.30976],[117.593,3.30975],[117.59298,3.309],[117.59293,3.30903],[117.59276,3.30906],[117.59248,3.30907],[117.59231,3.30912],[117.59197,3.3092],[117.59162,3.30928],[117.59132,3.30932],[117.59104,3.30935],[117.59107,3.30939],[117.59109,3.30945],[117.59111,3.30952],[117.59111,3.30957],[117.5911,3.30965],[117.5911,3.30965]]]]},"properties":{"kdprov":"65","kdkab":"71","kdkec":"030","kddesa":"002","kdsls":"0017","idsls":"65710300020017","nmprov":"KALIMANTAN UTARA","nmkab":"TARAKAN","nmkec":"TARAKAN BARAT","nmdesa":"KARANG BALIK","nmsls":"RT 017"}},{"type":"Feature","geometry":{"type":"MultiPolygon","coordinates":[[[[117.58456,3.3056],[117.58454,3.30569],[117.58452,3.30577],[117.58448,3.3059],[117.58445,3.30599],[117.58435,3.30635],[117.58432,3.30647],[117.58429,3.30658],[117.58426,3.30672],[117.58424,3.30679],[117.58423,3.30682],[117.58415,3.30716],[117.58407,3.30742],[117.58405,3.30752],[117.58404,3.30754],[117.58422,3.30761],[117.58457,3.30774],[117.58504,3.30791],[117.58575,3.30815],[117.58584,3.30816],[117.58587,3.30794],[117.58593,3.30748],[117.586,3.30715],[117.58603,3.30675],[117.58596,3.30617],[117.58598,3.30604],[117.58528,3.30583],[117.58456,3.3056]]]]},"properties":{"kdprov":"65","kdkab":"71","kdkec":"030","kddesa":"002","kdsls":"0012","idsls":"65710300020012","nmprov":"KALIMANTAN UTARA","nmkab":"TARAKAN","nmkec":"TARAKAN BARAT","nmdesa":"KARANG BALIK","nmsls":"RT 012"}},{"type":"Feature","geometry":{"type":"MultiPolygon","coordinates":[[[[117.58578,3.30866],[117.5857,3.30913],[117.58567,3.30923],[117.58565,3.30931],[117.58568,3.30976],[117.58568,3.30977],[117.58568,3.3098],[117.58575,3.30979],[117.58575,3.30979],[117.58575,3.30979],[117.58577,3.30979],[117.58587,3.30979],[117.58592,3.30979],[117.58598,3.3098],[117.58637,3.30996],[117.58673,3.31011],[117.58677,3.31012],[117.58685,3.31015],[117.58777,3.31044],[117.58779,3.31045],[117.5878,3.31045],[117.58795,3.30995],[117.58792,3.30993],[117.58786,3.3099],[117.58784,3.30989],[117.58785,3.30967],[117.58772,3.30968],[117.58766,3.30963],[117.58768,3.30953],[117.58768,3.30952],[117.58746,3.30866],[117.58664,3.30865],[117.58623,3.30866],[117.58595,3.30866],[117.58578,3.30866]]]]},"properties":{"kdprov":"65","kdkab":"71","kdkec":"030","kddesa":"002","kdsls":"0014","idsls":"65710300020014","nmprov":"KALIMANTAN UTARA","nmkab":"TARAKAN","nmkec":"TARAKAN BARAT","nmdesa":"KARANG BALIK","nmsls":"RT 014"}},{"type":"Feature","geometry":{"type":"MultiPolygon","coordinates":[[[[117.5861,3.30418],[117.5861,3.30418],[117.58605,3.3044],[117.58606,3.3046],[117.58622,3.30475],[117.58624,3.30496],[117.58612,3.30535],[117.58604,3.30542],[117.5865,3.30554],[117.58728,3.30582],[117.58736,3.30586],[117.5875,3.30594],[117.58752,3.30597],[117.58757,3.30591],[117.58769,3.3057],[117.58782,3.30542],[117.58794,3.30512],[117.588,3.30493],[117.58762,3.30477],[117.58695,3.30451],[117.58699,3.30438],[117.58677,3.3043],[117.58672,3.30428],[117.58675,3.30421],[117.58672,3.3042],[117.58667,3.30418],[117.58653,3.30409],[117.5865,3.30416],[117.58653,3.30419],[117.58652,3.30423],[117.5863,3.30416],[117.58612,3.3041],[117.5861,3.30418]]]]},"properties":{"kdprov":"65","kdkab":"71","kdkec":"030","kddesa":"002","kdsls":"0009","idsls":"65710300020009","nmprov":"KALIMANTAN UTARA","nmkab":"TARAKAN","nmkec":"TARAKAN BARAT","nmdesa":"KARANG BALIK","nmsls":"RT 009"}},{"type":"Feature","geometry":{"type":"MultiPolygon","coordinates":[[[[117.58736,3.30586],[117.58728,3.30582],[117.5865,3.30554],[117.58604,3.30542],[117.58604,3.30542],[117.58599,3.30579],[117.58598,3.30594],[117.58598,3.30604],[117.58596,3.30617],[117.58603,3.30675],[117.586,3.30715],[117.58593,3.30748],[117.58587,3.30794],[117.58584,3.30816],[117.58584,3.30817],[117.58623,3.30818],[117.58671,3.30816],[117.58705,3.30814],[117.58709,3.30813],[117.58708,3.30785],[117.58706,3.30732],[117.58707,3.30668],[117.58709,3.30634],[117.58719,3.30611],[117.58736,3.30586]]]]},"properties":{"kdprov":"65","kdkab":"71","kdkec":"030","kddesa":"002","kdsls":"0008","idsls":"65710300020008","nmprov":"KALIMANTAN UTARA","nmkab":"TARAKAN","nmkec":"TARAKAN BARAT","nmdesa":"KARANG BALIK","nmsls":"RT 008"}},{"type":"Feature","geometry":{"type":"MultiPolygon","coordinates":[[[[117.59164,3.31072],[117.59155,3.31072],[117.59148,3.31073],[117.59117,3.31075],[117.59117,3.31075],[117.59117,3.31075],[117.59072,3.31079],[117.59057,3.3108],[117.59049,3.31081],[117.59044,3.31082],[117.59041,3.31082],[117.59047,3.31151],[117.59045,3.31154],[117.59042,3.31157],[117.5904,3.3116],[117.59048,3.31196],[117.59099,3.3119],[117.59098,3.31181],[117.59144,3.31178],[117.59144,3.3119],[117.59178,3.31189],[117.59177,3.31171],[117.59171,3.31127],[117.59164,3.31072]]]]},"properties":{"kdprov":"65","kdkab":"71","kdkec":"030","kddesa":"003","kdsls":"0004","idsls":"65710300030004","nmprov":"KALIMANTAN UTARA","nmkab":"TARAKAN","nmkec":"TARAKAN BARAT","nmdesa":"KARANG ANYAR","nmsls":"RT 004"}},{"type":"Feature","geometry":{"type":"MultiPolygon","coordinates":[[[[117.59104,3.30935],[117.59096,3.30935],[117.59102,3.30891],[117.59119,3.30829],[117.59007,3.30802],[117.58971,3.30784],[117.58968,3.30765],[117.58944,3.30755],[117.58941,3.3075],[117.58944,3.30723],[117.5892,3.30711],[117.58841,3.30695],[117.58825,3.30695],[117.58812,3.30717],[117.58812,3.30717],[117.58847,3.30733],[117.58856,3.3074],[117.58856,3.3074],[117.58872,3.30751],[117.58894,3.30777],[117.58925,3.30816],[117.58925,3.30822],[117.58923,3.30824],[117.58924,3.30827],[117.58925,3.30828],[117.58929,3.30829],[117.5893,3.30832],[117.58931,3.30843],[117.58942,3.30864],[117.5895,3.30866],[117.58949,3.30888],[117.58952,3.30903],[117.58957,3.30918],[117.58958,3.30933],[117.58942,3.30934],[117.5894,3.30953],[117.58936,3.3097],[117.58936,3.3097],[117.58939,3.30975],[117.58956,3.30971],[117.58983,3.30968],[117.59004,3.30965],[117.5901,3.30984],[117.5911,3.30965],[117.5911,3.30965],[117.59111,3.30957],[117.59111,3.30952],[117.59109,3.30945],[117.59107,3.30939],[117.59104,3.30935]]]]},"properties":{"kdprov":"65","kdkab":"71","kdkec":"030","kddesa":"002","kdsls":"0004","idsls":"65710300020004","nmprov":"KALIMANTAN UTARA","nmkab":"TARAKAN","nmkec":"TARAKAN BARAT","nmdesa":"KARANG BALIK","nmsls":"RT 004"}},{"type":"Feature","geometry":{"type":"MultiPolygon","coordinates":[[[[117.59022,3.3055],[117.59025,3.30553],[117.59019,3.30568],[117.59003,3.30583],[117.58998,3.3058],[117.58988,3.30594],[117.58991,3.30596],[117.58982,3.30619],[117.58968,3.30644],[117.5895,3.30666],[117.58984,3.30696],[117.58997,3.30706],[117.59067,3.30726],[117.59109,3.30738],[117.59132,3.30744],[117.59139,3.30726],[117.59244,3.30745],[117.59274,3.30751],[117.59274,3.3075],[117.59276,3.30743],[117.59276,3.30737],[117.59292,3.30646],[117.59295,3.30641],[117.59308,3.30613],[117.59314,3.30599],[117.59327,3.30572],[117.59179,3.30557],[117.59147,3.30519],[117.59135,3.30524],[117.59135,3.30524],[117.59129,3.3052],[117.59119,3.30514],[117.59104,3.30506],[117.59077,3.30489],[117.59053,3.30514],[117.59044,3.30519],[117.59022,3.3055]]]]},"properties":{"kdprov":"65","kdkab":"71","kdkec":"030","kddesa":"002","kdsls":"0003","idsls":"65710300020003","nmprov":"KALIMANTAN UTARA","nmkab":"TARAKAN","nmkec":"TARAKAN BARAT","nmdesa":"KARANG BALIK","nmsls":"RT 003"}},{"type":"Feature","geometry":{"type":"MultiPolygon","coordinates":[[[[117.5895,3.30666],[117.58968,3.30644],[117.58982,3.30619],[117.58991,3.30596],[117.58988,3.30594],[117.58998,3.3058],[117.59003,3.30583],[117.59019,3.30568],[117.59025,3.30553],[117.59022,3.3055],[117.59022,3.3055],[117.59019,3.30553],[117.59016,3.30555],[117.59012,3.30557],[117.59007,3.30557],[117.59001,3.30557],[117.58992,3.30556],[117.58969,3.30553],[117.58947,3.30557],[117.58944,3.30555],[117.58941,3.30555],[117.58917,3.30559],[117.58914,3.30568],[117.58908,3.30572],[117.58896,3.30583],[117.58875,3.30586],[117.58855,3.30585],[117.5884,3.30592],[117.58817,3.30608],[117.58783,3.30638],[117.58793,3.30648],[117.58815,3.30675],[117.58826,3.30694],[117.58825,3.30695],[117.58841,3.30695],[117.58858,3.30671],[117.58893,3.30671],[117.58939,3.30666],[117.58948,3.30664],[117.5895,3.30666]]]]},"properties":{"kdprov":"65","kdkab":"71","kdkec":"030","kddesa":"002","kdsls":"0002","idsls":"65710300020002","nmprov":"KALIMANTAN UTARA","nmkab":"TARAKAN","nmkec":"TARAKAN BARAT","nmdesa":"KARANG BALIK","nmsls":"RT 002"}},{"type":"Feature","geometry":{"type":"MultiPolygon","coordinates":[[[[117.58917,3.30971],[117.58936,3.3097],[117.5894,3.30953],[117.58942,3.30934],[117.58958,3.30933],[117.58957,3.30918],[117.58952,3.30903],[117.58949,3.30888],[117.5895,3.30866],[117.58942,3.30864],[117.58931,3.30843],[117.5893,3.30832],[117.58929,3.30829],[117.58925,3.30828],[117.58924,3.30827],[117.58923,3.30824],[117.58925,3.30822],[117.58925,3.30816],[117.58894,3.30777],[117.58872,3.30751],[117.58856,3.3074],[117.58848,3.30755],[117.5886,3.30762],[117.58853,3.30776],[117.5884,3.30834],[117.58829,3.30862],[117.58828,3.30866],[117.58749,3.30866],[117.58746,3.30866],[117.58768,3.30952],[117.58776,3.30953],[117.58786,3.30949],[117.58813,3.30951],[117.58885,3.30946],[117.58917,3.30971]]]]},"properties":{"kdprov":"65","kdkab":"71","kdkec":"030","kddesa":"002","kdsls":"0005","idsls":"65710300020005","nmprov":"KALIMANTAN UTARA","nmkab":"TARAKAN","nmkec":"TARAKAN BARAT","nmdesa":"KARANG BALIK","nmsls":"RT 005"}},{"type":"Feature","geometry":{"type":"MultiPolygon","coordinates":[[[[117.58941,3.30555],[117.58922,3.30547],[117.58886,3.30531],[117.58892,3.30513],[117.58853,3.30506],[117.58814,3.30496],[117.588,3.30493],[117.58794,3.30512],[117.58782,3.30542],[117.58769,3.3057],[117.58757,3.30591],[117.58752,3.30597],[117.58775,3.30631],[117.58783,3.30638],[117.58817,3.30608],[117.5884,3.30592],[117.58855,3.30585],[117.58875,3.30586],[117.58896,3.30583],[117.58908,3.30572],[117.58914,3.30568],[117.58917,3.30559],[117.58941,3.30555]]]]},"properties":{"kdprov":"65","kdkab":"71","kdkec":"030","kddesa":"002","kdsls":"0001","idsls":"65710300020001","nmprov":"KALIMANTAN UTARA","nmkab":"TARAKAN","nmkec":"TARAKAN BARAT","nmdesa":"KARANG BALIK","nmsls":"RT 001"}},{"type":"Feature","geometry":{"type":"MultiPolygon","coordinates":[[[[117.588,3.30493],[117.5881,3.30459],[117.58834,3.30399],[117.58849,3.30366],[117.58849,3.30366],[117.58853,3.30357],[117.58833,3.30361],[117.58821,3.30363],[117.5882,3.30364],[117.58811,3.30366],[117.58767,3.30378],[117.58768,3.3039],[117.58757,3.30392],[117.58756,3.30403],[117.58742,3.30402],[117.58739,3.30402],[117.58729,3.30402],[117.58715,3.30402],[117.58712,3.30413],[117.58711,3.30418],[117.58711,3.30419],[117.58709,3.30426],[117.58709,3.30428],[117.58709,3.30429],[117.58675,3.30421],[117.58672,3.30428],[117.58677,3.3043],[117.58699,3.30438],[117.58695,3.30451],[117.58762,3.30477],[117.588,3.30493]]]]},"properties":{"kdprov":"65","kdkab":"71","kdkec":"030","kddesa":"002","kdsls":"0010","idsls":"65710300020010","nmprov":"KALIMANTAN UTARA","nmkab":"TARAKAN","nmkec":"TARAKAN BARAT","nmdesa":"KARANG BALIK","nmsls":"RT 010"}},{"type":"Feature","geometry":{"type":"MultiPolygon","coordinates":[[[[117.58453,3.31372],[117.58418,3.31366],[117.5838,3.31358],[117.58371,3.31357],[117.58363,3.31355],[117.58338,3.3135],[117.58287,3.3145],[117.58287,3.3145],[117.58289,3.31454],[117.58293,3.31458],[117.58297,3.31463],[117.58304,3.31468],[117.58313,3.31479],[117.58327,3.31485],[117.5836,3.31497],[117.58409,3.31516],[117.58423,3.31483],[117.58438,3.31431],[117.58453,3.31372]]]]},"properties":{"kdprov":"65","kdkab":"71","kdkec":"030","kddesa":"003","kdsls":"0033","idsls":"65710300030033","nmprov":"KALIMANTAN UTARA","nmkab":"TARAKAN","nmkec":"TARAKAN BARAT","nmdesa":"KARANG ANYAR","nmsls":"RT 033"}},{"type":"Feature","geometry":{"type":"MultiPolygon","coordinates":[[[[117.58503,3.31701],[117.58465,3.31703],[117.58455,3.31703],[117.58452,3.31712],[117.58382,3.31721],[117.58382,3.31721],[117.58381,3.31721],[117.58388,3.31748],[117.58392,3.31782],[117.58393,3.3183],[117.58393,3.31896],[117.58389,3.31923],[117.58384,3.31931],[117.58434,3.31902],[117.58459,3.31912],[117.58461,3.31913],[117.58489,3.31914],[117.58557,3.31916],[117.58621,3.31919],[117.58624,3.3185],[117.58596,3.31757],[117.58596,3.31757],[117.58579,3.31727],[117.58562,3.31697],[117.58561,3.31697],[117.58503,3.31701]]]]},"properties":{"kdprov":"65","kdkab":"71","kdkec":"030","kddesa":"003","kdsls":"0028","idsls":"65710300030028","nmprov":"KALIMANTAN UTARA","nmkab":"TARAKAN","nmkec":"TARAKAN BARAT","nmdesa":"KARANG ANYAR","nmsls":"RT 028"}},{"type":"Feature","geometry":{"type":"MultiPolygon","coordinates":[[[[117.57985,3.32097],[117.57985,3.32097],[117.57979,3.321],[117.57951,3.32118],[117.57952,3.32178],[117.57952,3.32178],[117.57988,3.32227],[117.58025,3.32244],[117.58113,3.32334],[117.58117,3.32345],[117.58191,3.32321],[117.5824,3.32301],[117.58185,3.32268],[117.58135,3.32229],[117.58063,3.32175],[117.5807,3.32163],[117.5807,3.32163],[117.58053,3.32151],[117.58009,3.32114],[117.57985,3.32097]]]]},"properties":{"kdprov":"65","kdkab":"71","kdkec":"030","kddesa":"003","kdsls":"0052","idsls":"65710300030052","nmprov":"KALIMANTAN UTARA","nmkab":"TARAKAN","nmkec":"TARAKAN BARAT","nmdesa":"KARANG ANYAR","nmsls":"RT 052"}},{"type":"Feature","geometry":{"type":"MultiPolygon","coordinates":[[[[117.5918,3.3124],[117.59065,3.3125],[117.59069,3.31255],[117.59075,3.3126],[117.59079,3.31265],[117.5908,3.31268],[117.5908,3.31271],[117.59077,3.31275],[117.59073,3.31281],[117.59055,3.31327],[117.5905,3.31338],[117.59048,3.31344],[117.59049,3.3138],[117.5905,3.31392],[117.5905,3.31396],[117.59049,3.31441],[117.59175,3.31423],[117.59176,3.31424],[117.59177,3.31425],[117.59185,3.31432],[117.59207,3.31444],[117.59207,3.31444],[117.59207,3.31443],[117.59208,3.31415],[117.59211,3.31417],[117.59215,3.31416],[117.59216,3.31416],[117.59219,3.31415],[117.5922,3.31411],[117.5922,3.31407],[117.59219,3.31396],[117.59217,3.31392],[117.59215,3.31389],[117.59211,3.31387],[117.59202,3.31386],[117.59195,3.31386],[117.59189,3.31385],[117.59186,3.31377],[117.59185,3.31373],[117.59185,3.31369],[117.59187,3.31365],[117.59189,3.31361],[117.59189,3.31353],[117.59188,3.31343],[117.59185,3.31326],[117.59182,3.31304],[117.5918,3.31277],[117.5918,3.3124]]]]},"properties":{"kdprov":"65","kdkab":"71","kdkec":"030","kddesa":"003","kdsls":"0006","idsls":"65710300030006","nmprov":"KALIMANTAN UTARA","nmkab":"TARAKAN","nmkec":"TARAKAN BARAT","nmdesa":"KARANG ANYAR","nmsls":"RT 006"}},{"type":"Feature","geometry":{"type":"MultiPolygon","coordinates":[[[[117.59065,3.3125],[117.5918,3.3124],[117.5918,3.3124],[117.59179,3.31208],[117.59178,3.31189],[117.59144,3.3119],[117.59144,3.31178],[117.59098,3.31181],[117.59099,3.3119],[117.59048,3.31196],[117.59051,3.31212],[117.59052,3.31217],[117.59053,3.3122],[117.59055,3.31227],[117.59057,3.31237],[117.59064,3.3125],[117.59065,3.3125]]]]},"properties":{"kdprov":"65","kdkab":"71","kdkec":"030","kddesa":"003","kdsls":"0005","idsls":"65710300030005","nmprov":"KALIMANTAN UTARA","nmkab":"TARAKAN","nmkec":"TARAKAN BARAT","nmdesa":"KARANG ANYAR","nmsls":"RT 005"}},{"type":"Feature","geometry":{"type":"MultiPolygon","coordinates":[[[[117.5896,3.31783],[117.58974,3.31784],[117.58993,3.31793],[117.59011,3.31802],[117.59034,3.31818],[117.59063,3.31839],[117.59091,3.31858],[117.59114,3.31879],[117.5913,3.31894],[117.59134,3.31898],[117.59139,3.31898],[117.59203,3.31912],[117.5925,3.3189],[117.59262,3.31886],[117.59275,3.31878],[117.59287,3.31875],[117.59292,3.31875],[117.59297,3.31872],[117.59305,3.31867],[117.59321,3.31858],[117.59329,3.31851],[117.59335,3.31846],[117.59347,3.31829],[117.59308,3.31802],[117.59291,3.31792],[117.59276,3.3178],[117.59259,3.31757],[117.59255,3.31755],[117.59251,3.31754],[117.59244,3.31754],[117.59232,3.31755],[117.59209,3.31753],[117.59195,3.31751],[117.59183,3.31746],[117.59173,3.31731],[117.5916,3.31718],[117.59146,3.31713],[117.59135,3.3171],[117.59124,3.3171],[117.59108,3.31708],[117.5909,3.31699],[117.59036,3.31663],[117.59009,3.31649],[117.58999,3.31641],[117.5897,3.3161],[117.5897,3.31609],[117.5897,3.31609],[117.58966,3.31608],[117.58965,3.31616],[117.58963,3.31626],[117.58963,3.31633],[117.58962,3.31639],[117.5896,3.31646],[117.58959,3.31653],[117.58959,3.31658],[117.58958,3.31662],[117.58947,3.31664],[117.58941,3.31667],[117.58938,3.31671],[117.58938,3.3168],[117.58938,3.31686],[117.58936,3.31693],[117.58932,3.31701],[117.58924,3.31711],[117.58917,3.31716],[117.58913,3.3172],[117.5891,3.31724],[117.5891,3.31729],[117.58911,3.31732],[117.58913,3.31736],[117.58917,3.3174],[117.5892,3.31743],[117.58928,3.31754],[117.5893,3.31762],[117.58931,3.31769],[117.58928,3.31778],[117.58944,3.31774],[117.58949,3.31787],[117.5895,3.31789],[117.5896,3.31783]]]]},"properties":{"kdprov":"65","kdkab":"71","kdkec":"030","kddesa":"003","kdsls":"0011","idsls":"65710300030011","nmprov":"KALIMANTAN UTARA","nmkab":"TARAKAN","nmkec":"TARAKAN BARAT","nmdesa":"KARANG ANYAR","nmsls":"RT 011"}},{"type":"Feature","geometry":{"type":"MultiPolygon","coordinates":[[[[117.5905,3.32011],[117.5904,3.31978],[117.59045,3.3196],[117.59023,3.31949],[117.58989,3.31936],[117.58962,3.31919],[117.58945,3.31899],[117.58926,3.31874],[117.58916,3.31856],[117.58912,3.3185],[117.58894,3.31834],[117.58885,3.31822],[117.58877,3.31819],[117.58872,3.31836],[117.58857,3.31831],[117.5885,3.31829],[117.58842,3.31827],[117.58739,3.31924],[117.5874,3.31986],[117.58725,3.32045],[117.5872,3.32067],[117.587,3.32106],[117.58728,3.32191],[117.58835,3.32214],[117.58833,3.32225],[117.58823,3.32258],[117.58818,3.32271],[117.58812,3.32286],[117.58802,3.32298],[117.58804,3.32313],[117.58806,3.32352],[117.58807,3.32366],[117.58813,3.32378],[117.58825,3.32395],[117.58851,3.32428],[117.58847,3.3244],[117.58864,3.32441],[117.58885,3.32443],[117.58924,3.32433],[117.58924,3.32433],[117.58926,3.32375],[117.58924,3.32293],[117.58924,3.32266],[117.58924,3.32186],[117.58917,3.32135],[117.58907,3.32011],[117.58951,3.32017],[117.59014,3.32018],[117.5905,3.32011]]]]},"properties":{"kdprov":"65","kdkab":"71","kdkec":"030","kddesa":"003","kdsls":"0013","idsls":"65710300030013","nmprov":"KALIMANTAN UTARA","nmkab":"TARAKAN","nmkec":"TARAKAN BARAT","nmdesa":"KARANG ANYAR","nmsls":"RT 013"}},{"type":"Feature","geometry":{"type":"MultiPolygon","coordinates":[[[[117.58701,3.31723],[117.58699,3.31719],[117.58702,3.31712],[117.58706,3.31702],[117.58712,3.31699],[117.5872,3.31699],[117.58727,3.31701],[117.58733,3.31703],[117.58742,3.31702],[117.58753,3.31702],[117.5876,3.31701],[117.58761,3.31695],[117.58767,3.31655],[117.58801,3.31657],[117.58803,3.31629],[117.58805,3.31614],[117.58719,3.3159],[117.58713,3.31598],[117.58706,3.31624],[117.58694,3.31621],[117.58683,3.31619],[117.58669,3.31617],[117.58658,3.31611],[117.58583,3.3161],[117.58579,3.31695],[117.58579,3.31697],[117.58579,3.31697],[117.58583,3.31697],[117.5863,3.31716],[117.58667,3.31731],[117.58685,3.31739],[117.58703,3.31729],[117.58701,3.31723]]]]},"properties":{"kdprov":"65","kdkab":"71","kdkec":"030","kddesa":"003","kdsls":"0023","idsls":"65710300030023","nmprov":"KALIMANTAN UTARA","nmkab":"TARAKAN","nmkec":"TARAKAN BARAT","nmdesa":"KARANG ANYAR","nmsls":"RT 023"}},{"type":"Feature","geometry":{"type":"MultiPolygon","coordinates":[[[[117.58287,3.3145],[117.58287,3.3145],[117.58338,3.3135],[117.58339,3.3135],[117.58334,3.31349],[117.58303,3.3133],[117.58257,3.31286],[117.58246,3.31276],[117.58245,3.31276],[117.58203,3.3124],[117.58181,3.31224],[117.58149,3.312],[117.58147,3.31204],[117.58147,3.31204],[117.58139,3.31215],[117.58121,3.31241],[117.58105,3.31264],[117.58089,3.31288],[117.58083,3.31296],[117.58072,3.31312],[117.58066,3.3132],[117.58061,3.31327],[117.58056,3.31334],[117.58052,3.31341],[117.58047,3.31348],[117.58039,3.3136],[117.58028,3.31376],[117.58019,3.31388],[117.58015,3.31395],[117.57988,3.31433],[117.57982,3.31441],[117.57975,3.31451],[117.57968,3.31461],[117.58083,3.31543],[117.58195,3.31622],[117.58195,3.31622],[117.58195,3.3162],[117.58194,3.31615],[117.58192,3.31612],[117.58191,3.31609],[117.5819,3.31605],[117.58187,3.31599],[117.5818,3.31584],[117.58176,3.31576],[117.58173,3.31571],[117.58171,3.31568],[117.58171,3.31562],[117.58171,3.31557],[117.58171,3.31545],[117.58211,3.31482],[117.5821,3.31477],[117.58209,3.31472],[117.58208,3.31465],[117.58211,3.31452],[117.58217,3.31438],[117.58219,3.31429],[117.58223,3.31419],[117.58225,3.3142],[117.58252,3.31433],[117.58287,3.3145]]]]},"properties":{"kdprov":"65","kdkab":"71","kdkec":"030","kddesa":"003","kdsls":"0043","idsls":"65710300030043","nmprov":"KALIMANTAN UTARA","nmkab":"TARAKAN","nmkec":"TARAKAN BARAT","nmdesa":"KARANG ANYAR","nmsls":"RT 043"}},{"type":"Feature","geometry":{"type":"MultiPolygon","coordinates":[[[[117.57515,3.33097],[117.57516,3.33072],[117.57513,3.3305],[117.57514,3.33025],[117.57512,3.33002],[117.57507,3.32976],[117.57504,3.32957],[117.57503,3.32943],[117.57504,3.32918],[117.57505,3.32889],[117.57505,3.32878],[117.57512,3.32862],[117.57525,3.32849],[117.57516,3.32839],[117.57492,3.32827],[117.57466,3.32817],[117.5745,3.32807],[117.57423,3.32787],[117.57406,3.32774],[117.57398,3.32766],[117.57382,3.3276],[117.57382,3.3276],[117.57373,3.32757],[117.57361,3.32757],[117.57354,3.32817],[117.57346,3.32855],[117.57346,3.32932],[117.57354,3.3308],[117.57365,3.3308],[117.57365,3.3308],[117.57464,3.33092],[117.57508,3.33096],[117.57515,3.33097]]]]},"properties":{"kdprov":"65","kdkab":"71","kdkec":"030","kddesa":"003","kdsls":"0055","idsls":"65710300030055","nmprov":"KALIMANTAN UTARA","nmkab":"TARAKAN","nmkec":"TARAKAN BARAT","nmdesa":"KARANG ANYAR","nmsls":"RT 055"}},{"type":"Feature","geometry":{"type":"MultiPolygon","coordinates":[[[[117.57365,3.3308],[117.57365,3.3308],[117.57354,3.3308],[117.57354,3.33147],[117.57353,3.33287],[117.57354,3.3329],[117.57354,3.33294],[117.57354,3.33299],[117.57355,3.33307],[117.57355,3.33312],[117.57355,3.33314],[117.57355,3.33317],[117.57355,3.33319],[117.57356,3.33322],[117.57356,3.33323],[117.57356,3.33326],[117.57356,3.33326],[117.57357,3.33431],[117.57357,3.33431],[117.57357,3.33447],[117.57361,3.33447],[117.5737,3.33447],[117.57411,3.33443],[117.57449,3.33432],[117.57482,3.33434],[117.57514,3.33434],[117.57514,3.33434],[117.57518,3.33337],[117.57514,3.33295],[117.57521,3.33205],[117.57551,3.33176],[117.57553,3.33174],[117.5743,3.33105],[117.57365,3.3308]]]]},"properties":{"kdprov":"65","kdkab":"71","kdkec":"030","kddesa":"003","kdsls":"0067","idsls":"65710300030067","nmprov":"KALIMANTAN UTARA","nmkab":"TARAKAN","nmkec":"TARAKAN BARAT","nmdesa":"KARANG ANYAR","nmsls":"RT 067"}},{"type":"Feature","geometry":{"type":"MultiPolygon","coordinates":[[[[117.58251,3.3206],[117.58251,3.31976],[117.58215,3.31984],[117.58137,3.32008],[117.58106,3.32052],[117.58077,3.32094],[117.5809,3.32106],[117.58105,3.32118],[117.58105,3.32118],[117.58163,3.32162],[117.58228,3.32062],[117.58243,3.32042],[117.58251,3.3206]]]]},"properties":{"kdprov":"65","kdkab":"71","kdkec":"030","kddesa":"003","kdsls":"0050","idsls":"65710300030050","nmprov":"KALIMANTAN UTARA","nmkab":"TARAKAN","nmkec":"TARAKAN BARAT","nmdesa":"KARANG ANYAR","nmsls":"RT 050"}},{"type":"Feature","geometry":{"type":"MultiPolygon","coordinates":[[[[117.57787,3.32002],[117.57795,3.31989],[117.57813,3.31961],[117.5779,3.31942],[117.57852,3.31848],[117.57887,3.31829],[117.57931,3.31737],[117.5793,3.31735],[117.57952,3.31713],[117.57979,3.31661],[117.57922,3.31625],[117.57875,3.31593],[117.5787,3.316],[117.57869,3.31601],[117.57859,3.31616],[117.57838,3.31646],[117.57832,3.31655],[117.57808,3.31688],[117.57775,3.31733],[117.57769,3.31742],[117.57767,3.31745],[117.57764,3.31749],[117.57721,3.31813],[117.57716,3.3182],[117.57709,3.3183],[117.57691,3.31857],[117.57687,3.31862],[117.57684,3.31866],[117.57678,3.31876],[117.57653,3.31913],[117.57638,3.31933],[117.57638,3.31933],[117.57615,3.31967],[117.57613,3.31971],[117.57596,3.31995],[117.57588,3.32008],[117.57581,3.32018],[117.57577,3.32032],[117.57575,3.32041],[117.57574,3.32043],[117.57564,3.32075],[117.57564,3.32075],[117.57556,3.32103],[117.57553,3.32112],[117.57552,3.32113],[117.57547,3.32129],[117.57543,3.3214],[117.57541,3.32145],[117.57555,3.32166],[117.5756,3.3218],[117.57565,3.32188],[117.5757,3.32195],[117.57581,3.32203],[117.57603,3.32216],[117.57617,3.32224],[117.57631,3.32235],[117.57661,3.32261],[117.57678,3.32276],[117.57765,3.32134],[117.57719,3.32107],[117.57747,3.32057],[117.57773,3.32016],[117.5778,3.32008],[117.57787,3.32002],[117.57787,3.32002]]]]},"properties":{"kdprov":"65","kdkab":"71","kdkec":"030","kddesa":"003","kdsls":"0046","idsls":"65710300030046","nmprov":"KALIMANTAN UTARA","nmkab":"TARAKAN","nmkec":"TARAKAN BARAT","nmdesa":"KARANG ANYAR","nmsls":"RT 046"}},{"type":"Feature","geometry":{"type":"MultiPolygon","coordinates":[[[[117.57813,3.31961],[117.57795,3.31989],[117.57787,3.32002],[117.57808,3.32024],[117.57821,3.32038],[117.57828,3.32059],[117.57834,3.321],[117.57846,3.32152],[117.57866,3.32196],[117.57896,3.32199],[117.57913,3.32184],[117.57952,3.32178],[117.57951,3.32118],[117.57979,3.321],[117.57985,3.32097],[117.57985,3.32097],[117.57987,3.32088],[117.57992,3.32081],[117.57931,3.32039],[117.57859,3.31992],[117.57813,3.31961],[117.57813,3.31961]]]]},"properties":{"kdprov":"65","kdkab":"71","kdkec":"030","kddesa":"003","kdsls":"0069","idsls":"65710300030069","nmprov":"KALIMANTAN UTARA","nmkab":"TARAKAN","nmkec":"TARAKAN BARAT","nmdesa":"KARANG ANYAR","nmsls":"RT 069"}},{"type":"Feature","geometry":{"type":"MultiPolygon","coordinates":[[[[117.58149,3.312],[117.58181,3.31224],[117.58203,3.3124],[117.58245,3.31276],[117.58246,3.31276],[117.5825,3.31269],[117.58253,3.31264],[117.58253,3.31261],[117.58253,3.31258],[117.58252,3.31256],[117.58252,3.31255],[117.58252,3.31254],[117.58253,3.31253],[117.58255,3.31253],[117.58257,3.31254],[117.5826,3.31256],[117.58263,3.31257],[117.58267,3.3126],[117.58271,3.31262],[117.58277,3.31266],[117.58281,3.31259],[117.58294,3.31266],[117.58327,3.31274],[117.58326,3.31271],[117.58326,3.31267],[117.58326,3.31263],[117.58325,3.31256],[117.58325,3.31249],[117.58325,3.31243],[117.58327,3.31238],[117.58331,3.31228],[117.5834,3.31216],[117.58343,3.3121],[117.58346,3.31206],[117.58347,3.31202],[117.58347,3.31199],[117.58345,3.31197],[117.58342,3.31192],[117.5834,3.31188],[117.58337,3.31184],[117.58334,3.31181],[117.58333,3.31176],[117.58333,3.31171],[117.58334,3.31167],[117.58336,3.31166],[117.58338,3.31165],[117.58339,3.31162],[117.58339,3.31158],[117.58338,3.31156],[117.58338,3.31153],[117.58336,3.3115],[117.58331,3.31148],[117.58325,3.31145],[117.58264,3.31111],[117.58254,3.31103],[117.58231,3.31085],[117.58188,3.31145],[117.58153,3.31196],[117.58149,3.312]]]]},"properties":{"kdprov":"65","kdkab":"71","kdkec":"030","kddesa":"003","kdsls":"0042","idsls":"65710300030042","nmprov":"KALIMANTAN UTARA","nmkab":"TARAKAN","nmkec":"TARAKAN BARAT","nmdesa":"KARANG ANYAR","nmsls":"RT 042"}},{"type":"Feature","geometry":{"type":"MultiPolygon","coordinates":[[[[117.58231,3.31085],[117.58254,3.31103],[117.58264,3.31111],[117.58325,3.31145],[117.58331,3.31148],[117.58373,3.31075],[117.58368,3.31074],[117.58334,3.31064],[117.58307,3.31047],[117.58271,3.31029],[117.58271,3.31029],[117.58269,3.31031],[117.58269,3.31031],[117.58263,3.3104],[117.58258,3.31047],[117.58249,3.3106],[117.58247,3.31063],[117.58231,3.31085]]]]},"properties":{"kdprov":"65","kdkab":"71","kdkec":"030","kddesa":"003","kdsls":"0041","idsls":"65710300030041","nmprov":"KALIMANTAN UTARA","nmkab":"TARAKAN","nmkec":"TARAKAN BARAT","nmdesa":"KARANG ANYAR","nmsls":"RT 041"}},{"type":"Feature","geometry":{"type":"MultiPolygon","coordinates":[[[[117.57672,3.32884],[117.57721,3.32848],[117.57721,3.32847],[117.57752,3.32705],[117.57754,3.32695],[117.57749,3.32665],[117.57744,3.32641],[117.57739,3.32611],[117.57717,3.32634],[117.57686,3.32624],[117.57695,3.32594],[117.57656,3.32581],[117.57632,3.32599],[117.576,3.32585],[117.57572,3.32574],[117.57531,3.32563],[117.57437,3.32537],[117.57428,3.32534],[117.57385,3.32678],[117.57361,3.32757],[117.57373,3.32757],[117.57382,3.3276],[117.57382,3.3276],[117.57398,3.32766],[117.57406,3.32774],[117.57423,3.32787],[117.5745,3.32807],[117.57466,3.32817],[117.57492,3.32827],[117.57516,3.32839],[117.57525,3.32849],[117.57535,3.32862],[117.5754,3.32869],[117.57546,3.32874],[117.57552,3.32876],[117.57556,3.32875],[117.5757,3.32871],[117.57671,3.32886],[117.57672,3.32884]]]]},"properties":{"kdprov":"65","kdkab":"71","kdkec":"030","kddesa":"003","kdsls":"0054","idsls":"65710300030054","nmprov":"KALIMANTAN UTARA","nmkab":"TARAKAN","nmkec":"TARAKAN BARAT","nmdesa":"KARANG ANYAR","nmsls":"RT 054"}},{"type":"Feature","geometry":{"type":"MultiPolygon","coordinates":[[[[117.58382,3.31721],[117.58382,3.31721],[117.58452,3.31712],[117.58455,3.31703],[117.58465,3.31703],[117.58503,3.31701],[117.58499,3.31678],[117.58498,3.31652],[117.58494,3.31622],[117.58498,3.31569],[117.58498,3.31569],[117.58492,3.31568],[117.58462,3.31564],[117.58442,3.31555],[117.58404,3.31539],[117.58399,3.31556],[117.58396,3.31603],[117.58393,3.31607],[117.58389,3.31614],[117.5838,3.31624],[117.58375,3.31632],[117.58365,3.31634],[117.58358,3.31634],[117.58348,3.31632],[117.58333,3.31632],[117.58343,3.31638],[117.58359,3.3166],[117.58378,3.31699],[117.58381,3.31717],[117.58382,3.31721]]]]},"properties":{"kdprov":"65","kdkab":"71","kdkec":"030","kddesa":"003","kdsls":"0030","idsls":"65710300030030","nmprov":"KALIMANTAN UTARA","nmkab":"TARAKAN","nmkec":"TARAKAN BARAT","nmdesa":"KARANG ANYAR","nmsls":"RT 030"}},{"type":"Feature","geometry":{"type":"MultiPolygon","coordinates":[[[[117.58907,3.31274],[117.58898,3.31272],[117.58876,3.31267],[117.58866,3.31264],[117.5885,3.31258],[117.58827,3.3125],[117.58827,3.3125],[117.58801,3.31244],[117.58799,3.3127],[117.58754,3.31269],[117.58746,3.31375],[117.58698,3.31371],[117.58701,3.31416],[117.5874,3.31418],[117.58782,3.31429],[117.5878,3.31433],[117.5879,3.31432],[117.58802,3.31432],[117.58822,3.31435],[117.58821,3.31427],[117.5882,3.31421],[117.5882,3.31414],[117.5882,3.314],[117.58823,3.314],[117.5883,3.314],[117.58835,3.31399],[117.58841,3.31398],[117.5885,3.31395],[117.58861,3.31391],[117.5886,3.31388],[117.58857,3.31381],[117.58856,3.31377],[117.58855,3.31372],[117.58855,3.31365],[117.58856,3.31358],[117.58857,3.31352],[117.58862,3.31342],[117.58869,3.31331],[117.58899,3.31294],[117.58905,3.31285],[117.58907,3.31279],[117.58907,3.31274]]]]},"properties":{"kdprov":"65","kdkab":"71","kdkec":"030","kddesa":"003","kdsls":"0018","idsls":"65710300030018","nmprov":"KALIMANTAN UTARA","nmkab":"TARAKAN","nmkec":"TARAKAN BARAT","nmdesa":"KARANG ANYAR","nmsls":"RT 018"}},{"type":"Feature","geometry":{"type":"MultiPolygon","coordinates":[[[[117.58682,3.31304],[117.58684,3.31294],[117.58691,3.31298],[117.58693,3.31292],[117.58697,3.31282],[117.58656,3.31269],[117.58657,3.31265],[117.58671,3.31207],[117.58659,3.31204],[117.58659,3.31204],[117.58655,3.31203],[117.5865,3.31213],[117.58647,3.31223],[117.58642,3.31235],[117.58638,3.31244],[117.5863,3.31268],[117.58625,3.31282],[117.58625,3.31285],[117.58622,3.31286],[117.58617,3.31284],[117.58614,3.31286],[117.58615,3.31294],[117.58615,3.31302],[117.58613,3.31312],[117.58612,3.31321],[117.58611,3.31333],[117.5861,3.3135],[117.5861,3.31366],[117.58605,3.31367],[117.58601,3.31417],[117.58602,3.31418],[117.58592,3.31457],[117.58593,3.31457],[117.58656,3.31468],[117.58665,3.31469],[117.58673,3.3147],[117.58684,3.31464],[117.5869,3.31477],[117.58699,3.31487],[117.5872,3.3149],[117.58745,3.31488],[117.5876,3.31488],[117.58766,3.31468],[117.58774,3.31445],[117.5878,3.31433],[117.58782,3.31429],[117.5874,3.31418],[117.58701,3.31416],[117.58698,3.31371],[117.58698,3.31371],[117.58688,3.3137],[117.58685,3.31331],[117.58688,3.31314],[117.58689,3.31308],[117.58682,3.31304]]]]},"properties":{"kdprov":"65","kdkab":"71","kdkec":"030","kddesa":"003","kdsls":"0020","idsls":"65710300030020","nmprov":"KALIMANTAN UTARA","nmkab":"TARAKAN","nmkec":"TARAKAN BARAT","nmdesa":"KARANG ANYAR","nmsls":"RT 020"}},{"type":"Feature","geometry":{"type":"MultiPolygon","coordinates":[[[[117.58425,3.3127],[117.58464,3.31285],[117.58473,3.31254],[117.58504,3.31267],[117.58506,3.31254],[117.58507,3.31245],[117.58509,3.31236],[117.58508,3.31228],[117.5851,3.31218],[117.58511,3.31211],[117.58513,3.31202],[117.58515,3.31194],[117.58516,3.31188],[117.5852,3.31183],[117.58521,3.31177],[117.58524,3.31169],[117.58525,3.31163],[117.58502,3.31167],[117.58474,3.31177],[117.58428,3.31187],[117.58411,3.31188],[117.58411,3.31188],[117.58402,3.3119],[117.58386,3.31259],[117.58386,3.31262],[117.58408,3.31261],[117.58425,3.3127]]]]},"properties":{"kdprov":"65","kdkab":"71","kdkec":"030","kddesa":"003","kdsls":"0037","idsls":"65710300030037","nmprov":"KALIMANTAN UTARA","nmkab":"TARAKAN","nmkec":"TARAKAN BARAT","nmdesa":"KARANG ANYAR","nmsls":"RT 037"}},{"type":"Feature","geometry":{"type":"MultiPolygon","coordinates":[[[[117.57597,3.33543],[117.57596,3.33542],[117.57514,3.33434],[117.57482,3.33434],[117.57449,3.33432],[117.57411,3.33443],[117.5737,3.33447],[117.57361,3.33447],[117.57357,3.33447],[117.57358,3.33461],[117.57358,3.33478],[117.57359,3.33518],[117.57359,3.33524],[117.57359,3.3354],[117.57359,3.33561],[117.57358,3.33603],[117.57358,3.33603],[117.57358,3.3362],[117.5736,3.33644],[117.5736,3.33656],[117.5736,3.33657],[117.57361,3.33662],[117.57361,3.33677],[117.57361,3.33686],[117.57361,3.33707],[117.57362,3.3374],[117.57363,3.33763],[117.57363,3.33798],[117.57363,3.33818],[117.57364,3.33833],[117.57366,3.33852],[117.57373,3.33853],[117.57481,3.33855],[117.57524,3.33855],[117.57556,3.33857],[117.57598,3.33855],[117.57664,3.33834],[117.57686,3.33835],[117.57704,3.33837],[117.57712,3.33838],[117.57753,3.33828],[117.57781,3.33817],[117.57792,3.33815],[117.57834,3.33813],[117.57834,3.33797],[117.57835,3.3376],[117.57836,3.33727],[117.57835,3.33708],[117.57828,3.33694],[117.57822,3.33685],[117.57821,3.33685],[117.57767,3.33705],[117.57679,3.33739],[117.57682,3.33649],[117.57698,3.33599],[117.57597,3.33543]]]]},"properties":{"kdprov":"65","kdkab":"71","kdkec":"030","kddesa":"003","kdsls":"0068","idsls":"65710300030068","nmprov":"KALIMANTAN UTARA","nmkab":"TARAKAN","nmkec":"TARAKAN BARAT","nmdesa":"KARANG ANYAR","nmsls":"RT 068"}},{"type":"Feature","geometry":{"type":"MultiPolygon","coordinates":[[[[117.57514,3.33434],[117.57596,3.33542],[117.57597,3.33543],[117.57626,3.33517],[117.5764,3.33517],[117.5765,3.33279],[117.5763,3.33275],[117.57629,3.3324],[117.57629,3.33232],[117.57638,3.33209],[117.57645,3.332],[117.57649,3.33194],[117.57651,3.33187],[117.57651,3.33187],[117.57551,3.33176],[117.57521,3.33205],[117.57514,3.33295],[117.57518,3.33337],[117.57514,3.33434],[117.57514,3.33434]]]]},"properties":{"kdprov":"65","kdkab":"71","kdkec":"030","kddesa":"003","kdsls":"0059","idsls":"65710300030059","nmprov":"KALIMANTAN UTARA","nmkab":"TARAKAN","nmkec":"TARAKAN BARAT","nmdesa":"KARANG ANYAR","nmsls":"RT 059"}},{"type":"Feature","geometry":{"type":"MultiPolygon","coordinates":[[[[117.58562,3.31495],[117.58567,3.31468],[117.58558,3.31462],[117.58581,3.31404],[117.58566,3.31396],[117.58557,3.31393],[117.58549,3.3139],[117.58534,3.31387],[117.58524,3.31387],[117.58522,3.31407],[117.58516,3.31443],[117.58511,3.31474],[117.58503,3.31513],[117.585,3.31541],[117.58498,3.31569],[117.58498,3.31569],[117.58494,3.31622],[117.58498,3.31652],[117.58499,3.31678],[117.58503,3.31701],[117.58561,3.31697],[117.58562,3.31697],[117.58579,3.31697],[117.58579,3.31697],[117.58579,3.31695],[117.58583,3.3161],[117.58585,3.31583],[117.58579,3.31576],[117.58579,3.31557],[117.58581,3.31552],[117.58586,3.31553],[117.58609,3.31555],[117.58611,3.3153],[117.58591,3.31498],[117.58591,3.31498],[117.58562,3.31495]]]]},"properties":{"kdprov":"65","kdkab":"71","kdkec":"030","kddesa":"003","kdsls":"0029","idsls":"65710300030029","nmprov":"KALIMANTAN UTARA","nmkab":"TARAKAN","nmkec":"TARAKAN BARAT","nmdesa":"KARANG ANYAR","nmsls":"RT 029"}},{"type":"Feature","geometry":{"type":"MultiPolygon","coordinates":[[[[117.5824,3.32301],[117.58241,3.323],[117.58266,3.32281],[117.58314,3.32316],[117.58342,3.32293],[117.58342,3.32293],[117.58339,3.32241],[117.5831,3.32183],[117.58251,3.3206],[117.58251,3.3206],[117.58243,3.32042],[117.58228,3.32062],[117.58163,3.32162],[117.58105,3.32118],[117.58105,3.32118],[117.58085,3.32145],[117.5807,3.32163],[117.5807,3.32163],[117.58063,3.32175],[117.58135,3.32229],[117.58185,3.32268],[117.5824,3.32301]]]]},"properties":{"kdprov":"65","kdkab":"71","kdkec":"030","kddesa":"003","kdsls":"0051","idsls":"65710300030051","nmprov":"KALIMANTAN UTARA","nmkab":"TARAKAN","nmkec":"TARAKAN BARAT","nmdesa":"KARANG ANYAR","nmsls":"RT 051"}},{"type":"Feature","geometry":{"type":"MultiPolygon","coordinates":[[[[117.58314,3.32316],[117.58266,3.32281],[117.58241,3.323],[117.5824,3.32301],[117.58191,3.32321],[117.58117,3.32345],[117.58113,3.32334],[117.58025,3.32244],[117.57988,3.32227],[117.57952,3.32178],[117.57952,3.32178],[117.57913,3.32184],[117.57896,3.32199],[117.57866,3.32196],[117.57866,3.32197],[117.57874,3.3225],[117.57849,3.32282],[117.57821,3.32358],[117.57831,3.32361],[117.57844,3.32368],[117.57857,3.32374],[117.57857,3.32374],[117.57857,3.32374],[117.57857,3.32374],[117.57857,3.32374],[117.57858,3.32374],[117.57858,3.32374],[117.57858,3.32374],[117.57858,3.32375],[117.57861,3.32376],[117.57868,3.32379],[117.57881,3.32386],[117.57882,3.32386],[117.57902,3.32395],[117.57982,3.32429],[117.58044,3.32452],[117.58106,3.32482],[117.58144,3.32515],[117.58204,3.32567],[117.58255,3.32612],[117.58263,3.32619],[117.58301,3.32554],[117.58333,3.32489],[117.58366,3.32421],[117.58383,3.32409],[117.58378,3.32399],[117.58362,3.32376],[117.58344,3.32353],[117.5834,3.32348],[117.5834,3.32348],[117.58321,3.32321],[117.58314,3.32316]]]]},"properties":{"kdprov":"65","kdkab":"71","kdkec":"030","kddesa":"003","kdsls":"0066","idsls":"65710300030066","nmprov":"KALIMANTAN UTARA","nmkab":"TARAKAN","nmkec":"TARAKAN BARAT","nmdesa":"KARANG ANYAR","nmsls":"RT 066"}},{"type":"Feature","geometry":{"type":"MultiPolygon","coordinates":[[[[117.57834,3.32465],[117.5786,3.32473],[117.57873,3.32476],[117.57886,3.32478],[117.5789,3.32488],[117.57937,3.32508],[117.58,3.32534],[117.57993,3.32555],[117.57988,3.32576],[117.57989,3.32586],[117.57991,3.32606],[117.57996,3.32623],[117.58,3.32631],[117.58024,3.32644],[117.58068,3.32664],[117.58105,3.32696],[117.58129,3.32714],[117.58121,3.3273],[117.58105,3.32758],[117.58092,3.32796],[117.58089,3.32831],[117.58085,3.32853],[117.58177,3.32808],[117.58211,3.32806],[117.58225,3.32801],[117.58246,3.32787],[117.58254,3.32778],[117.58268,3.32772],[117.58286,3.32764],[117.58308,3.32753],[117.58325,3.32749],[117.58325,3.32736],[117.58322,3.3269],[117.58305,3.32661],[117.58282,3.32635],[117.58263,3.32619],[117.58255,3.32612],[117.58204,3.32567],[117.58144,3.32515],[117.58106,3.32482],[117.58044,3.32452],[117.57982,3.32429],[117.57902,3.32395],[117.57882,3.32386],[117.57881,3.32386],[117.57868,3.32379],[117.57861,3.32376],[117.57858,3.32375],[117.57858,3.32374],[117.57858,3.32374],[117.57858,3.32374],[117.57857,3.32374],[117.57857,3.32374],[117.57857,3.32374],[117.57857,3.32374],[117.57857,3.32374],[117.57834,3.32465]]]]},"properties":{"kdprov":"65","kdkab":"71","kdkec":"030","kddesa":"003","kdsls":"0065","idsls":"65710300030065","nmprov":"KALIMANTAN UTARA","nmkab":"TARAKAN","nmkec":"TARAKAN BARAT","nmdesa":"KARANG ANYAR","nmsls":"RT 065"}},{"type":"Feature","geometry":{"type":"MultiPolygon","coordinates":[[[[117.58263,3.32619],[117.58282,3.32635],[117.58305,3.32661],[117.58322,3.3269],[117.58325,3.32736],[117.58325,3.32749],[117.58323,3.32793],[117.58313,3.32858],[117.58301,3.32945],[117.58298,3.32977],[117.58295,3.33001],[117.58303,3.33037],[117.58317,3.3307],[117.58374,3.33185],[117.58392,3.33226],[117.58411,3.33269],[117.58413,3.33277],[117.58417,3.33291],[117.58437,3.33375],[117.58442,3.33408],[117.58446,3.3345],[117.58447,3.33494],[117.58447,3.33507],[117.58447,3.33556],[117.58445,3.33598],[117.58443,3.33657],[117.58444,3.33657],[117.58442,3.33693],[117.58444,3.33737],[117.58451,3.33781],[117.58459,3.3383],[117.58457,3.33857],[117.58457,3.33865],[117.58441,3.33909],[117.58425,3.33935],[117.58453,3.33935],[117.58482,3.33934],[117.58522,3.33932],[117.58537,3.33931],[117.5859,3.33931],[117.58603,3.33931],[117.58626,3.33931],[117.58685,3.33937],[117.58727,3.33942],[117.58744,3.3394],[117.58762,3.33931],[117.58778,3.339],[117.58788,3.33872],[117.5879,3.33865],[117.58797,3.33846],[117.58806,3.33823],[117.58812,3.33809],[117.58839,3.33775],[117.58839,3.33775],[117.58853,3.33757],[117.58912,3.33524],[117.58996,3.33187],[117.59009,3.33134],[117.59044,3.32993],[117.59079,3.32855],[117.59076,3.32846],[117.59071,3.32828],[117.5907,3.32824],[117.59069,3.32824],[117.59068,3.32823],[117.58954,3.32779],[117.58901,3.32704],[117.58874,3.32539],[117.58785,3.32503],[117.58784,3.32503],[117.58639,3.32498],[117.58618,3.32508],[117.58531,3.32602],[117.58451,3.32573],[117.58432,3.32566],[117.58445,3.32517],[117.58387,3.32492],[117.58418,3.32442],[117.58418,3.32441],[117.58411,3.32436],[117.58383,3.32409],[117.58383,3.32409],[117.58366,3.32421],[117.58333,3.32489],[117.58301,3.32554],[117.58263,3.32619]]]]},"properties":{"kdprov":"65","kdkab":"71","kdkec":"030","kddesa":"003","kdsls":"0064","idsls":"65710300030064","nmprov":"KALIMANTAN UTARA","nmkab":"TARAKAN","nmkec":"TARAKAN BARAT","nmdesa":"KARANG ANYAR","nmsls":"RT 064"}},{"type":"Feature","geometry":{"type":"MultiPolygon","coordinates":[[[[117.58673,3.31128],[117.58664,3.31124],[117.5864,3.31112],[117.58609,3.31104],[117.58577,3.31096],[117.58559,3.31093],[117.58547,3.31094],[117.58546,3.31095],[117.58546,3.31095],[117.5854,3.31116],[117.58531,3.3114],[117.58527,3.31153],[117.58526,3.31163],[117.58525,3.31163],[117.58524,3.31169],[117.58521,3.31177],[117.5852,3.31183],[117.5852,3.31183],[117.58565,3.31184],[117.58609,3.31192],[117.58655,3.31203],[117.58659,3.31204],[117.5866,3.31199],[117.58658,3.31195],[117.58672,3.3116],[117.58673,3.31158],[117.58664,3.31156],[117.58673,3.31128]]]]},"properties":{"kdprov":"65","kdkab":"71","kdkec":"030","kddesa":"003","kdsls":"0036","idsls":"65710300030036","nmprov":"KALIMANTAN UTARA","nmkab":"TARAKAN","nmkec":"TARAKAN BARAT","nmdesa":"KARANG ANYAR","nmsls":"RT 036"}},{"type":"Feature","geometry":{"type":"MultiPolygon","coordinates":[[[[117.57097,3.3494],[117.57103,3.34972],[117.57117,3.35091],[117.57117,3.35091],[117.57144,3.35104],[117.57159,3.35064],[117.57161,3.35062],[117.57218,3.35092],[117.57249,3.35109],[117.57288,3.35043],[117.57286,3.35015],[117.57286,3.35015],[117.5727,3.34997],[117.57254,3.34968],[117.57227,3.34936],[117.57135,3.34914],[117.57105,3.34934],[117.57097,3.3494]]]]},"properties":{"kdprov":"65","kdkab":"71","kdkec":"030","kddesa":"005","kdsls":"0006","idsls":"65710300050006","nmprov":"KALIMANTAN UTARA","nmkab":"TARAKAN","nmkec":"TARAKAN BARAT","nmdesa":"KARANG HARAPAN","nmsls":"RT 006"}},{"type":"Feature","geometry":{"type":"MultiPolygon","coordinates":[[[[117.57742,3.33196],[117.57731,3.33195],[117.57651,3.33187],[117.57651,3.33187],[117.57649,3.33194],[117.57645,3.332],[117.57638,3.33209],[117.57629,3.33232],[117.57629,3.3324],[117.5763,3.33275],[117.5765,3.33279],[117.5764,3.33517],[117.57626,3.33517],[117.57597,3.33543],[117.57698,3.33599],[117.57682,3.33649],[117.57679,3.33739],[117.57767,3.33705],[117.57821,3.33685],[117.57822,3.33685],[117.5788,3.33673],[117.57917,3.33662],[117.5814,3.33653],[117.58166,3.33659],[117.58005,3.33386],[117.58004,3.33387],[117.57869,3.33507],[117.5773,3.33296],[117.57731,3.33279],[117.57733,3.33259],[117.57737,3.33234],[117.57742,3.33196]]]]},"properties":{"kdprov":"65","kdkab":"71","kdkec":"030","kddesa":"003","kdsls":"0061","idsls":"65710300030061","nmprov":"KALIMANTAN UTARA","nmkab":"TARAKAN","nmkec":"TARAKAN BARAT","nmdesa":"KARANG ANYAR","nmsls":"RT 061"}},{"type":"Feature","geometry":{"type":"MultiPolygon","coordinates":[[[[117.58344,3.32353],[117.58382,3.32332],[117.58405,3.32319],[117.58412,3.3231],[117.58414,3.32293],[117.58416,3.32266],[117.58413,3.32253],[117.58417,3.32235],[117.58424,3.32218],[117.58426,3.32199],[117.58425,3.32177],[117.58427,3.32154],[117.58423,3.32126],[117.58423,3.32107],[117.58427,3.32085],[117.58432,3.32058],[117.58437,3.32043],[117.58441,3.32028],[117.5845,3.32013],[117.58456,3.32003],[117.58462,3.3199],[117.58466,3.31973],[117.58466,3.31951],[117.58463,3.31932],[117.58459,3.31912],[117.58434,3.31902],[117.58384,3.31931],[117.58383,3.31934],[117.58371,3.31939],[117.58356,3.31942],[117.58327,3.31947],[117.58296,3.31949],[117.58273,3.3194],[117.58262,3.31925],[117.58255,3.31912],[117.58253,3.31902],[117.58252,3.31896],[117.58252,3.31896],[117.58251,3.31976],[117.58251,3.3206],[117.58251,3.3206],[117.5831,3.32183],[117.58339,3.32241],[117.58342,3.32293],[117.58342,3.32293],[117.58314,3.32316],[117.58321,3.32321],[117.5834,3.32348],[117.5834,3.32348],[117.58344,3.32353]]]]},"properties":{"kdprov":"65","kdkab":"71","kdkec":"030","kddesa":"003","kdsls":"0027","idsls":"65710300030027","nmprov":"KALIMANTAN UTARA","nmkab":"TARAKAN","nmkec":"TARAKAN BARAT","nmdesa":"KARANG ANYAR","nmsls":"RT 027"}},{"type":"Feature","geometry":{"type":"MultiPolygon","coordinates":[[[[117.57857,3.32374],[117.57844,3.32368],[117.57831,3.32361],[117.57821,3.32358],[117.57801,3.3235],[117.57758,3.32328],[117.5773,3.32313],[117.577,3.32293],[117.57681,3.32278],[117.57678,3.32276],[117.57661,3.32261],[117.57631,3.32235],[117.57617,3.32224],[117.57603,3.32216],[117.57581,3.32203],[117.5757,3.32195],[117.57565,3.32188],[117.5756,3.3218],[117.57555,3.32166],[117.57541,3.32145],[117.57538,3.32155],[117.57537,3.32159],[117.57524,3.32202],[117.57524,3.32202],[117.57488,3.32331],[117.57476,3.3237],[117.57477,3.3237],[117.57428,3.32534],[117.57437,3.32537],[117.57531,3.32563],[117.57572,3.32574],[117.576,3.32585],[117.57632,3.32599],[117.57656,3.32581],[117.57695,3.32594],[117.57686,3.32624],[117.57717,3.32634],[117.57739,3.32611],[117.57741,3.3261],[117.57766,3.3252],[117.57798,3.32538],[117.57798,3.32538],[117.57811,3.32544],[117.57813,3.32545],[117.57834,3.32465],[117.57857,3.32374]]]]},"properties":{"kdprov":"65","kdkab":"71","kdkec":"030","kddesa":"003","kdsls":"0053","idsls":"65710300030053","nmprov":"KALIMANTAN UTARA","nmkab":"TARAKAN","nmkec":"TARAKAN BARAT","nmdesa":"KARANG ANYAR","nmsls":"RT 053"}},{"type":"Feature","geometry":{"type":"MultiPolygon","coordinates":[[[[117.58409,3.31516],[117.5836,3.31497],[117.58327,3.31485],[117.58313,3.31479],[117.58304,3.31468],[117.58297,3.31463],[117.58293,3.31458],[117.58289,3.31454],[117.58287,3.3145],[117.58252,3.31433],[117.58225,3.3142],[117.58223,3.31419],[117.58219,3.31429],[117.58217,3.31438],[117.58211,3.31452],[117.58208,3.31465],[117.58209,3.31472],[117.5821,3.31477],[117.58211,3.31482],[117.58171,3.31545],[117.58171,3.31557],[117.58171,3.31562],[117.58171,3.31568],[117.58173,3.31571],[117.58176,3.31576],[117.5818,3.31584],[117.58187,3.31599],[117.5819,3.31605],[117.58191,3.31609],[117.58192,3.31612],[117.58194,3.31615],[117.58195,3.3162],[117.58195,3.31622],[117.58195,3.31622],[117.58198,3.3163],[117.58198,3.31638],[117.58198,3.31649],[117.582,3.3166],[117.58201,3.3167],[117.58205,3.31683],[117.58209,3.31698],[117.58209,3.31706],[117.58209,3.31708],[117.58218,3.31703],[117.58236,3.31697],[117.58264,3.31691],[117.5829,3.31687],[117.58316,3.31688],[117.5834,3.31692],[117.58355,3.31697],[117.58372,3.31706],[117.58377,3.31713],[117.58381,3.31717],[117.58378,3.31699],[117.58359,3.3166],[117.58343,3.31638],[117.58333,3.31632],[117.58348,3.31632],[117.58358,3.31634],[117.58365,3.31634],[117.58375,3.31632],[117.5838,3.31624],[117.58389,3.31614],[117.58393,3.31607],[117.58396,3.31603],[117.58399,3.31556],[117.58404,3.31539],[117.58409,3.31522],[117.5841,3.31516],[117.58409,3.31516]]]]},"properties":{"kdprov":"65","kdkab":"71","kdkec":"030","kddesa":"003","kdsls":"0031","idsls":"65710300030031","nmprov":"KALIMANTAN UTARA","nmkab":"TARAKAN","nmkec":"TARAKAN BARAT","nmdesa":"KARANG ANYAR","nmsls":"RT 031"}},{"type":"Feature","geometry":{"type":"MultiPolygon","coordinates":[[[[117.58999,3.31326],[117.59005,3.31325],[117.59022,3.31324],[117.59022,3.31328],[117.59026,3.3133],[117.59024,3.31337],[117.59048,3.31344],[117.59048,3.31344],[117.5905,3.31338],[117.59055,3.31327],[117.59073,3.31281],[117.59077,3.31275],[117.5908,3.31271],[117.5908,3.31268],[117.59079,3.31265],[117.59075,3.3126],[117.59069,3.31255],[117.59065,3.3125],[117.59064,3.3125],[117.59057,3.31237],[117.59055,3.31227],[117.59053,3.3122],[117.59035,3.31221],[117.5901,3.31224],[117.58988,3.31226],[117.58969,3.31228],[117.58969,3.31232],[117.58969,3.31245],[117.58968,3.31245],[117.5897,3.3126],[117.58972,3.31276],[117.58975,3.31295],[117.58978,3.31304],[117.5898,3.3131],[117.58981,3.31312],[117.58983,3.31316],[117.58984,3.31316],[117.58986,3.31317],[117.58988,3.31317],[117.58992,3.31317],[117.58996,3.31318],[117.58998,3.31318],[117.58999,3.31326]]]]},"properties":{"kdprov":"65","kdkab":"71","kdkec":"030","kddesa":"003","kdsls":"0008","idsls":"65710300030008","nmprov":"KALIMANTAN UTARA","nmkab":"TARAKAN","nmkec":"TARAKAN BARAT","nmdesa":"KARANG ANYAR","nmsls":"RT 008"}},{"type":"Feature","geometry":{"type":"MultiPolygon","coordinates":[[[[117.58856,3.31377],[117.58857,3.31381],[117.5886,3.31388],[117.58861,3.31391],[117.5885,3.31395],[117.58841,3.31398],[117.58835,3.31399],[117.5883,3.314],[117.58823,3.314],[117.5882,3.314],[117.5882,3.31414],[117.5882,3.31421],[117.58821,3.31427],[117.58822,3.31435],[117.58823,3.31436],[117.58874,3.31531],[117.58927,3.31591],[117.58928,3.31592],[117.58929,3.31593],[117.58966,3.31608],[117.5897,3.31609],[117.5897,3.31609],[117.5897,3.3161],[117.58971,3.31605],[117.58972,3.31601],[117.58972,3.31598],[117.58971,3.31594],[117.59006,3.316],[117.59008,3.31577],[117.59047,3.31579],[117.59042,3.31511],[117.59104,3.31512],[117.59125,3.31447],[117.59175,3.31471],[117.59206,3.31471],[117.59207,3.31444],[117.59185,3.31432],[117.59177,3.31425],[117.59176,3.31424],[117.59175,3.31423],[117.59049,3.31441],[117.5905,3.31396],[117.58942,3.31403],[117.58934,3.31384],[117.58932,3.31382],[117.5893,3.31378],[117.58929,3.31375],[117.58927,3.31372],[117.58905,3.31374],[117.58879,3.31375],[117.58856,3.31377]]]]},"properties":{"kdprov":"65","kdkab":"71","kdkec":"030","kddesa":"003","kdsls":"0010","idsls":"65710300030010","nmprov":"KALIMANTAN UTARA","nmkab":"TARAKAN","nmkec":"TARAKAN BARAT","nmdesa":"KARANG ANYAR","nmsls":"RT 010"}},{"type":"Feature","geometry":{"type":"MultiPolygon","coordinates":[[[[117.59053,3.3122],[117.59052,3.31217],[117.59051,3.31212],[117.59048,3.31196],[117.5904,3.3116],[117.59042,3.31157],[117.59045,3.31154],[117.59047,3.31151],[117.59041,3.31082],[117.59025,3.31083],[117.58992,3.31086],[117.58985,3.31086],[117.58982,3.31087],[117.58972,3.31087],[117.5896,3.31088],[117.5895,3.31086],[117.58945,3.31085],[117.58937,3.31135],[117.58921,3.31208],[117.58915,3.31237],[117.58913,3.31245],[117.58943,3.31245],[117.58968,3.31245],[117.58969,3.31245],[117.58969,3.31232],[117.58969,3.31228],[117.58988,3.31226],[117.5901,3.31224],[117.59035,3.31221],[117.59053,3.3122]]]]},"properties":{"kdprov":"65","kdkab":"71","kdkec":"030","kddesa":"003","kdsls":"0007","idsls":"65710300030007","nmprov":"KALIMANTAN UTARA","nmkab":"TARAKAN","nmkec":"TARAKAN BARAT","nmdesa":"KARANG ANYAR","nmsls":"RT 007"}},{"type":"Feature","geometry":{"type":"MultiPolygon","coordinates":[[[[117.58251,3.31976],[117.58252,3.31896],[117.58128,3.31948],[117.58117,3.31922],[117.58117,3.31922],[117.58022,3.31986],[117.58021,3.32022],[117.58005,3.32051],[117.57993,3.32079],[117.57992,3.32081],[117.57987,3.32088],[117.57985,3.32097],[117.58009,3.32114],[117.58053,3.32151],[117.5807,3.32163],[117.58085,3.32145],[117.58105,3.32118],[117.5809,3.32106],[117.58077,3.32094],[117.58106,3.32052],[117.58137,3.32008],[117.58215,3.31984],[117.58251,3.31976]]]]},"properties":{"kdprov":"65","kdkab":"71","kdkec":"030","kddesa":"003","kdsls":"0049","idsls":"65710300030049","nmprov":"KALIMANTAN UTARA","nmkab":"TARAKAN","nmkec":"TARAKAN BARAT","nmdesa":"KARANG ANYAR","nmsls":"RT 049"}},{"type":"Feature","geometry":{"type":"MultiPolygon","coordinates":[[[[117.58499,3.3138],[117.58492,3.31379],[117.58474,3.31376],[117.58453,3.31372],[117.58438,3.31431],[117.58423,3.31483],[117.58409,3.31516],[117.5841,3.31516],[117.58409,3.31522],[117.58404,3.31539],[117.58442,3.31555],[117.58462,3.31564],[117.58492,3.31568],[117.58498,3.31569],[117.585,3.31541],[117.58503,3.31513],[117.58511,3.31474],[117.58516,3.31443],[117.58522,3.31407],[117.58524,3.31387],[117.58524,3.31387],[117.58516,3.31385],[117.58502,3.31381],[117.58499,3.3138]]]]},"properties":{"kdprov":"65","kdkab":"71","kdkec":"030","kddesa":"003","kdsls":"0032","idsls":"65710300030032","nmprov":"KALIMANTAN UTARA","nmkab":"TARAKAN","nmkec":"TARAKAN BARAT","nmdesa":"KARANG ANYAR","nmsls":"RT 032"}},{"type":"Feature","geometry":{"type":"MultiPolygon","coordinates":[[[[117.59789,3.32141],[117.59769,3.32157],[117.59747,3.3218],[117.59731,3.32199],[117.59711,3.32215],[117.59681,3.3223],[117.59648,3.32251],[117.5963,3.32247],[117.5961,3.32247],[117.59592,3.32258],[117.59553,3.32252],[117.59537,3.32239],[117.59522,3.32239],[117.59501,3.32253],[117.59486,3.32259],[117.5947,3.32264],[117.59479,3.32293],[117.59503,3.32329],[117.59521,3.32361],[117.59539,3.32392],[117.59559,3.32428],[117.59575,3.32458],[117.5961,3.32472],[117.59637,3.32493],[117.59662,3.32522],[117.59711,3.32551],[117.59768,3.32564],[117.59824,3.32566],[117.59875,3.32563],[117.59887,3.32562],[117.59892,3.32531],[117.599,3.32492],[117.59903,3.32488],[117.59913,3.32472],[117.59915,3.32467],[117.59922,3.32458],[117.59929,3.32447],[117.59961,3.32405],[117.59992,3.32349],[117.59993,3.32347],[117.60002,3.32323],[117.60021,3.32304],[117.60025,3.32301],[117.60029,3.32299],[117.60036,3.32294],[117.60048,3.32289],[117.6006,3.32283],[117.60066,3.32281],[117.60076,3.32277],[117.60117,3.32266],[117.60186,3.32247],[117.60235,3.32235],[117.60247,3.32233],[117.60282,3.32225],[117.60303,3.32222],[117.60299,3.3221],[117.60296,3.32203],[117.60291,3.32189],[117.60281,3.32163],[117.60249,3.32142],[117.60247,3.32161],[117.60248,3.3219],[117.6021,3.32197],[117.60167,3.32204],[117.60144,3.32208],[117.60116,3.32213],[117.6011,3.32208],[117.60098,3.32198],[117.6008,3.32182],[117.60038,3.32093],[117.60033,3.32083],[117.60026,3.3209],[117.59913,3.32174],[117.59849,3.32136],[117.59816,3.3214],[117.59789,3.32141]]]]},"properties":{"kdprov":"65","kdkab":"71","kdkec":"030","kddesa":"003","kdsls":"0015","idsls":"65710300030015","nmprov":"KALIMANTAN UTARA","nmkab":"TARAKAN","nmkec":"TARAKAN BARAT","nmdesa":"KARANG ANYAR","nmsls":"RT 015"}},{"type":"Feature","geometry":{"type":"MultiPolygon","coordinates":[[[[117.58684,3.31294],[117.58682,3.31304],[117.58689,3.31308],[117.58688,3.31314],[117.58685,3.31331],[117.58688,3.3137],[117.58698,3.31371],[117.58698,3.31371],[117.58746,3.31375],[117.58754,3.31269],[117.58799,3.3127],[117.58801,3.31244],[117.58827,3.3125],[117.58815,3.31228],[117.58797,3.31192],[117.58767,3.3116],[117.58755,3.31149],[117.58741,3.31141],[117.5873,3.31136],[117.58707,3.31133],[117.5869,3.31132],[117.58686,3.31131],[117.58678,3.31129],[117.58673,3.31128],[117.58664,3.31156],[117.58673,3.31158],[117.58672,3.3116],[117.58658,3.31195],[117.5866,3.31199],[117.58659,3.31204],[117.58659,3.31204],[117.58671,3.31207],[117.58657,3.31265],[117.58656,3.31269],[117.58697,3.31282],[117.58693,3.31292],[117.58691,3.31298],[117.58684,3.31294]]]]},"properties":{"kdprov":"65","kdkab":"71","kdkec":"030","kddesa":"003","kdsls":"0019","idsls":"65710300030019","nmprov":"KALIMANTAN UTARA","nmkab":"TARAKAN","nmkec":"TARAKAN BARAT","nmdesa":"KARANG ANYAR","nmsls":"RT 019"}},{"type":"Feature","geometry":{"type":"MultiPolygon","coordinates":[[[[117.58191,3.31021],[117.58184,3.31016],[117.58175,3.31011],[117.58169,3.31007],[117.58165,3.31005],[117.5816,3.31],[117.58101,3.30967],[117.58101,3.30967],[117.58097,3.30974],[117.58096,3.30976],[117.5809,3.30986],[117.58068,3.31024],[117.5805,3.31054],[117.58072,3.31066],[117.58125,3.31103],[117.58176,3.31138],[117.58188,3.31145],[117.58231,3.31085],[117.58247,3.31063],[117.58249,3.3106],[117.58239,3.31054],[117.58234,3.31051],[117.58229,3.31048],[117.58223,3.31044],[117.58221,3.31041],[117.5822,3.31039],[117.58218,3.31037],[117.58215,3.31034],[117.58211,3.31032],[117.58205,3.31028],[117.58201,3.31025],[117.58199,3.31025],[117.58198,3.31024],[117.58191,3.31021]]]]},"properties":{"kdprov":"65","kdkab":"71","kdkec":"030","kddesa":"004","kdsls":"0011","idsls":"65710300040011","nmprov":"KALIMANTAN UTARA","nmkab":"TARAKAN","nmkec":"TARAKAN BARAT","nmdesa":"KARANG ANYAR PANTAI","nmsls":"RT 011"}},{"type":"Feature","geometry":{"type":"MultiPolygon","coordinates":[[[[117.57961,3.30913],[117.57959,3.30916],[117.57951,3.30908],[117.5795,3.30906],[117.57951,3.30902],[117.57945,3.30896],[117.57931,3.30881],[117.57929,3.30878],[117.5792,3.30889],[117.57901,3.30897],[117.57887,3.30884],[117.57867,3.30855],[117.57817,3.30826],[117.57817,3.30826],[117.57783,3.3083],[117.57756,3.30825],[117.57742,3.3088],[117.57738,3.30887],[117.5779,3.30919],[117.57844,3.30961],[117.57898,3.30997],[117.57938,3.31018],[117.57937,3.31022],[117.57978,3.31049],[117.58034,3.31084],[117.58044,3.31065],[117.5805,3.31054],[117.5805,3.31054],[117.58068,3.31024],[117.5809,3.30986],[117.58096,3.30976],[117.58086,3.30971],[117.58076,3.30966],[117.58068,3.30962],[117.58063,3.30958],[117.58057,3.30953],[117.58035,3.30942],[117.58032,3.30938],[117.58034,3.30932],[117.58029,3.30929],[117.58023,3.30937],[117.58011,3.30934],[117.58005,3.30934],[117.57999,3.30933],[117.57962,3.30915],[117.57961,3.30913]]]]},"properties":{"kdprov":"65","kdkab":"71","kdkec":"030","kddesa":"004","kdsls":"0006","idsls":"65710300040006","nmprov":"KALIMANTAN UTARA","nmkab":"TARAKAN","nmkec":"TARAKAN BARAT","nmdesa":"KARANG ANYAR PANTAI","nmsls":"RT 006"}},{"type":"Feature","geometry":{"type":"MultiPolygon","coordinates":[[[[117.57827,3.31309],[117.57849,3.31285],[117.57868,3.31265],[117.57879,3.31249],[117.57896,3.31219],[117.57899,3.3121],[117.57856,3.31185],[117.57896,3.31111],[117.57906,3.31089],[117.57867,3.31066],[117.5785,3.3105],[117.57782,3.31013],[117.57739,3.30984],[117.57699,3.30952],[117.57563,3.30936],[117.57573,3.31],[117.5754,3.31037],[117.575,3.31052],[117.57474,3.31076],[117.57741,3.31243],[117.57827,3.31309]]]]},"properties":{"kdprov":"65","kdkab":"71","kdkec":"030","kddesa":"004","kdsls":"0014","idsls":"65710300040014","nmprov":"KALIMANTAN UTARA","nmkab":"TARAKAN","nmkec":"TARAKAN BARAT","nmdesa":"KARANG ANYAR PANTAI","nmsls":"RT 014"}},{"type":"Feature","geometry":{"type":"MultiPolygon","coordinates":[[[[117.5805,3.31054],[117.5805,3.31054],[117.58044,3.31065],[117.58034,3.31084],[117.58032,3.31088],[117.57999,3.31143],[117.57999,3.31143],[117.57934,3.31242],[117.5802,3.31283],[117.58058,3.31304],[117.58072,3.31312],[117.58083,3.31296],[117.58089,3.31288],[117.58105,3.31264],[117.58121,3.31241],[117.58139,3.31215],[117.58147,3.31204],[117.58147,3.31204],[117.58149,3.312],[117.58153,3.31196],[117.58188,3.31145],[117.58176,3.31138],[117.58125,3.31103],[117.58072,3.31066],[117.5805,3.31054]]]]},"properties":{"kdprov":"65","kdkab":"71","kdkec":"030","kddesa":"004","kdsls":"0013","idsls":"65710300040013","nmprov":"KALIMANTAN UTARA","nmkab":"TARAKAN","nmkec":"TARAKAN BARAT","nmdesa":"KARANG ANYAR PANTAI","nmsls":"RT 013"}},{"type":"Feature","geometry":{"type":"MultiPolygon","coordinates":[[[[117.58024,3.30814],[117.5805,3.30769],[117.58033,3.30759],[117.58032,3.30759],[117.58031,3.30758],[117.57948,3.30712],[117.57947,3.30711],[117.57942,3.30708],[117.57898,3.30685],[117.57857,3.30759],[117.57856,3.3076],[117.57867,3.30766],[117.57878,3.30773],[117.57887,3.30779],[117.57897,3.30786],[117.57907,3.30793],[117.57917,3.30799],[117.57923,3.30804],[117.57931,3.30808],[117.57935,3.30811],[117.57943,3.30815],[117.57951,3.30819],[117.57959,3.30823],[117.57965,3.30828],[117.57971,3.30834],[117.57978,3.30832],[117.57999,3.30844],[117.58007,3.30848],[117.5801,3.30841],[117.58024,3.30814]]]]},"properties":{"kdprov":"65","kdkab":"71","kdkec":"030","kddesa":"004","kdsls":"0023","idsls":"65710300040023","nmprov":"KALIMANTAN UTARA","nmkab":"TARAKAN","nmkec":"TARAKAN BARAT","nmdesa":"KARANG ANYAR PANTAI","nmsls":"RT 023"}},{"type":"Feature","geometry":{"type":"MultiPolygon","coordinates":[[[[117.57358,3.33478],[117.57358,3.33461],[117.57357,3.33447],[117.57357,3.33431],[117.57357,3.33431],[117.57356,3.33326],[117.57356,3.33326],[117.57356,3.33323],[117.57356,3.33322],[117.57355,3.33319],[117.57355,3.33317],[117.57355,3.33314],[117.57355,3.33312],[117.57355,3.33307],[117.57354,3.33299],[117.57354,3.33294],[117.57354,3.3329],[117.57353,3.33287],[117.57354,3.33147],[117.57354,3.3308],[117.57354,3.33147],[117.57354,3.33147],[117.57322,3.33146],[117.57279,3.33144],[117.57229,3.33132],[117.57161,3.33116],[117.57117,3.33102],[117.57071,3.3309],[117.57045,3.33115],[117.56983,3.3308],[117.56909,3.33195],[117.5684,3.33316],[117.56764,3.33434],[117.56702,3.3353],[117.56778,3.33516],[117.56953,3.33492],[117.57049,3.33479],[117.57116,3.3347],[117.57126,3.33517],[117.5721,3.33516],[117.57209,3.3351],[117.57209,3.33504],[117.57209,3.33497],[117.57263,3.33498],[117.57263,3.3352],[117.57359,3.33518],[117.57358,3.33478]]]]},"properties":{"kdprov":"65","kdkab":"71","kdkec":"030","kddesa":"004","kdsls":"0019","idsls":"65710300040019","nmprov":"KALIMANTAN UTARA","nmkab":"TARAKAN","nmkec":"TARAKAN BARAT","nmdesa":"KARANG ANYAR PANTAI","nmsls":"RT 019"}},{"type":"Feature","geometry":{"type":"MultiPolygon","coordinates":[[[[117.57264,3.3369],[117.57272,3.33686],[117.5728,3.33682],[117.57292,3.33676],[117.57301,3.33672],[117.57308,3.33669],[117.57316,3.33668],[117.57323,3.33665],[117.57333,3.33664],[117.57346,3.33663],[117.57361,3.33662],[117.5736,3.33657],[117.5736,3.33656],[117.5736,3.33644],[117.57358,3.3362],[117.57358,3.33603],[117.57358,3.33603],[117.57359,3.33561],[117.57359,3.3354],[117.57359,3.33524],[117.57359,3.33518],[117.57263,3.3352],[117.57263,3.33498],[117.57209,3.33497],[117.57209,3.33504],[117.57209,3.3351],[117.5721,3.33516],[117.57126,3.33517],[117.5713,3.33541],[117.57134,3.33558],[117.57135,3.33562],[117.57135,3.33565],[117.57153,3.33657],[117.57159,3.3369],[117.57162,3.33725],[117.57173,3.33729],[117.57174,3.33729],[117.57188,3.33711],[117.57203,3.33707],[117.57216,3.33702],[117.5723,3.33697],[117.57235,3.33693],[117.57241,3.33693],[117.57256,3.33692],[117.57264,3.3369]]]]},"properties":{"kdprov":"65","kdkab":"71","kdkec":"030","kddesa":"004","kdsls":"0028","idsls":"65710300040028","nmprov":"KALIMANTAN UTARA","nmkab":"TARAKAN","nmkec":"TARAKAN BARAT","nmdesa":"KARANG ANYAR PANTAI","nmsls":"RT 028"}},{"type":"Feature","geometry":{"type":"MultiPolygon","coordinates":[[[[117.5817,3.30858],[117.58163,3.3087],[117.58151,3.3089],[117.58139,3.30913],[117.58129,3.30928],[117.58206,3.30977],[117.58265,3.31013],[117.58266,3.31013],[117.58277,3.3102],[117.5828,3.31017],[117.58286,3.31009],[117.58291,3.31002],[117.58298,3.30993],[117.58324,3.30958],[117.58343,3.30932],[117.58343,3.30932],[117.58316,3.30917],[117.58312,3.30915],[117.58271,3.30891],[117.58202,3.30853],[117.58198,3.3085],[117.58187,3.30844],[117.58184,3.30843],[117.58181,3.3084],[117.5817,3.30858]]]]},"properties":{"kdprov":"65","kdkab":"71","kdkec":"030","kddesa":"004","kdsls":"0005","idsls":"65710300040005","nmprov":"KALIMANTAN UTARA","nmkab":"TARAKAN","nmkec":"TARAKAN BARAT","nmdesa":"KARANG ANYAR PANTAI","nmsls":"RT 005"}},{"type":"Feature","geometry":{"type":"MultiPolygon","coordinates":[[[[117.56903,3.32174],[117.5694,3.32256],[117.57109,3.32348],[117.57207,3.32414],[117.57285,3.3255],[117.57385,3.32678],[117.57428,3.32534],[117.57477,3.3237],[117.57476,3.3237],[117.57465,3.32365],[117.57466,3.32361],[117.57466,3.32352],[117.57464,3.32352],[117.57295,3.32298],[117.56951,3.32188],[117.56903,3.32174]]]]},"properties":{"kdprov":"65","kdkab":"71","kdkec":"030","kddesa":"004","kdsls":"0026","idsls":"65710300040026","nmprov":"KALIMANTAN UTARA","nmkab":"TARAKAN","nmkec":"TARAKAN BARAT","nmdesa":"KARANG ANYAR PANTAI","nmsls":"RT 026"}},{"type":"Feature","geometry":{"type":"MultiPolygon","coordinates":[[[[117.57332,3.32154],[117.57336,3.32139],[117.57338,3.32125],[117.57319,3.32118],[117.57295,3.32113],[117.57275,3.32109],[117.57267,3.32099],[117.57287,3.32061],[117.57299,3.32035],[117.57306,3.32023],[117.57304,3.32023],[117.57238,3.31994],[117.57183,3.32085],[117.57148,3.32076],[117.57145,3.32092],[117.57152,3.32093],[117.57144,3.32134],[117.57145,3.32135],[117.57141,3.32153],[117.57145,3.32155],[117.57142,3.32181],[117.57159,3.32184],[117.57219,3.32196],[117.57242,3.32196],[117.57257,3.3216],[117.57263,3.32161],[117.57294,3.32195],[117.5731,3.32149],[117.57332,3.32154]]]]},"properties":{"kdprov":"65","kdkab":"71","kdkec":"030","kddesa":"004","kdsls":"0029","idsls":"65710300040029","nmprov":"KALIMANTAN UTARA","nmkab":"TARAKAN","nmkec":"TARAKAN BARAT","nmdesa":"KARANG ANYAR PANTAI","nmsls":"RT 029"}},{"type":"Feature","geometry":{"type":"MultiPolygon","coordinates":[[[[117.56478,3.32036],[117.56474,3.31929],[117.56455,3.31923],[117.56455,3.31922],[117.56478,3.31862],[117.56407,3.31827],[117.56376,3.31897],[117.56374,3.31898],[117.56274,3.31868],[117.56274,3.31853],[117.56267,3.31833],[117.56219,3.31783],[117.56155,3.31831],[117.55625,3.31669],[117.55603,3.31683],[117.55599,3.31686],[117.55587,3.31694],[117.55544,3.31722],[117.55527,3.31733],[117.55525,3.31734],[117.56478,3.32036]]]]},"properties":{"kdprov":"65","kdkab":"71","kdkec":"030","kddesa":"004","kdsls":"0018","idsls":"65710300040018","nmprov":"KALIMANTAN UTARA","nmkab":"TARAKAN","nmkec":"TARAKAN BARAT","nmdesa":"KARANG ANYAR PANTAI","nmsls":"RT 018"}},{"type":"Feature","geometry":{"type":"MultiPolygon","coordinates":[[[[117.57444,3.31907],[117.57457,3.31874],[117.57475,3.31825],[117.57495,3.31781],[117.57518,3.31791],[117.57541,3.31804],[117.57559,3.31811],[117.5759,3.3182],[117.57614,3.31835],[117.57643,3.3185],[117.57667,3.31867],[117.57678,3.31876],[117.57684,3.31866],[117.57687,3.31862],[117.57651,3.31838],[117.57657,3.31831],[117.57596,3.31792],[117.57553,3.31767],[117.57563,3.31751],[117.57531,3.31735],[117.57514,3.31725],[117.57502,3.31701],[117.57495,3.31684],[117.57486,3.31668],[117.5748,3.31647],[117.57476,3.31615],[117.57468,3.31581],[117.57454,3.3156],[117.57442,3.3156],[117.57414,3.31556],[117.5739,3.31549],[117.5737,3.31539],[117.57357,3.31527],[117.57346,3.31515],[117.57329,3.31508],[117.57313,3.3151],[117.57298,3.31519],[117.57284,3.31535],[117.57275,3.31552],[117.57275,3.3157],[117.57275,3.31589],[117.57275,3.3161],[117.57279,3.31628],[117.57275,3.31647],[117.57268,3.31661],[117.57267,3.3166],[117.57264,3.31648],[117.57262,3.31646],[117.5622,3.31269],[117.5622,3.31269],[117.56174,3.31306],[117.56128,3.31337],[117.57236,3.31815],[117.57259,3.31824],[117.57444,3.31907]]]]},"properties":{"kdprov":"65","kdkab":"71","kdkec":"030","kddesa":"004","kdsls":"0027","idsls":"65710300040027","nmprov":"KALIMANTAN UTARA","nmkab":"TARAKAN","nmkec":"TARAKAN BARAT","nmdesa":"KARANG ANYAR PANTAI","nmsls":"RT 027"}},{"type":"Feature","geometry":{"type":"MultiPolygon","coordinates":[[[[117.55759,3.36254],[117.55497,3.36277],[117.55497,3.36277],[117.55461,3.3633],[117.55355,3.36388],[117.55312,3.36413],[117.55254,3.36432],[117.55278,3.36726],[117.55464,3.36902],[117.55534,3.36948],[117.55551,3.36996],[117.5573,3.36929],[117.55688,3.36834],[117.55642,3.36741],[117.55667,3.36718],[117.55692,3.3669],[117.55711,3.36672],[117.55719,3.36665],[117.55731,3.36652],[117.55767,3.36599],[117.55785,3.36572],[117.55814,3.36533],[117.55844,3.36505],[117.55803,3.3641],[117.55806,3.36386],[117.5578,3.36314],[117.5576,3.36254],[117.55759,3.36254],[117.55759,3.36254]]]]},"properties":{"kdprov":"65","kdkab":"71","kdkec":"030","kddesa":"005","kdsls":"0010","idsls":"65710300050010","nmprov":"KALIMANTAN UTARA","nmkab":"TARAKAN","nmkec":"TARAKAN BARAT","nmdesa":"KARANG HARAPAN","nmsls":"RT 010"}},{"type":"Feature","geometry":{"type":"MultiPolygon","coordinates":[[[[117.5577,3.35223],[117.55771,3.35243],[117.5577,3.353],[117.55758,3.35356],[117.55751,3.35403],[117.55752,3.35458],[117.55763,3.35501],[117.55771,3.35513],[117.55777,3.35522],[117.55766,3.35588],[117.55762,3.35613],[117.5576,3.35644],[117.55751,3.35691],[117.5575,3.35695],[117.55714,3.35688],[117.55646,3.35682],[117.55585,3.3568],[117.55545,3.35674],[117.555,3.35669],[117.55472,3.35657],[117.55405,3.35626],[117.55306,3.35594],[117.55224,3.35569],[117.55167,3.35594],[117.55101,3.35628],[117.55047,3.35657],[117.54925,3.36063],[117.55334,3.36231],[117.55445,3.36153],[117.55497,3.36277],[117.55759,3.36254],[117.55765,3.36214],[117.55772,3.36185],[117.55776,3.36154],[117.55781,3.36126],[117.55789,3.36116],[117.55802,3.36114],[117.55819,3.36109],[117.55838,3.36083],[117.55845,3.36072],[117.55862,3.3605],[117.55869,3.3604],[117.55874,3.3604],[117.55879,3.36042],[117.55905,3.3605],[117.55956,3.36053],[117.56002,3.36058],[117.56027,3.3601],[117.5606,3.3596],[117.56082,3.35923],[117.56147,3.35808],[117.56152,3.358],[117.56179,3.35743],[117.56203,3.35713],[117.5597,3.35653],[117.55883,3.35637],[117.55907,3.35214],[117.55906,3.35214],[117.55849,3.35208],[117.55782,3.35215],[117.5578,3.35217],[117.5577,3.35223]]]]},"properties":{"kdprov":"65","kdkab":"71","kdkec":"030","kddesa":"005","kdsls":"0016","idsls":"65710300050016","nmprov":"KALIMANTAN UTARA","nmkab":"TARAKAN","nmkec":"TARAKAN BARAT","nmdesa":"KARANG HARAPAN","nmsls":"RT 016"}},{"type":"Feature","geometry":{"type":"MultiPolygon","coordinates":[[[[117.56147,3.35808],[117.56175,3.35811],[117.56204,3.35823],[117.56231,3.35837],[117.56247,3.35856],[117.56256,3.35874],[117.56271,3.35874],[117.56286,3.35875],[117.56307,3.35881],[117.56332,3.35882],[117.56345,3.35882],[117.56347,3.35958],[117.56338,3.36033],[117.5633,3.36104],[117.56327,3.36154],[117.56325,3.3617],[117.56327,3.3618],[117.56327,3.36195],[117.56355,3.36195],[117.56371,3.36199],[117.56397,3.36198],[117.56408,3.36194],[117.56422,3.36188],[117.56434,3.36181],[117.56448,3.36173],[117.5646,3.36166],[117.56474,3.36159],[117.56484,3.36157],[117.56496,3.36156],[117.56505,3.36154],[117.56514,3.36149],[117.56527,3.36143],[117.56558,3.36122],[117.56574,3.36108],[117.56563,3.36085],[117.56551,3.36051],[117.56545,3.36032],[117.5654,3.36014],[117.56531,3.35979],[117.56464,3.35987],[117.56458,3.35923],[117.5652,3.35912],[117.56511,3.35829],[117.56541,3.35776],[117.56545,3.35757],[117.56543,3.35738],[117.56547,3.3569],[117.56625,3.35645],[117.5667,3.3563],[117.56721,3.35618],[117.56766,3.35606],[117.56784,3.35569],[117.56781,3.3553],[117.56742,3.35487],[117.5665,3.35461],[117.5653,3.35468],[117.56421,3.35506],[117.56323,3.35598],[117.5623,3.35678],[117.56203,3.35713],[117.56179,3.35743],[117.56152,3.358],[117.56147,3.35808]]]]},"properties":{"kdprov":"65","kdkab":"71","kdkec":"030","kddesa":"005","kdsls":"0007","idsls":"65710300050007","nmprov":"KALIMANTAN UTARA","nmkab":"TARAKAN","nmkec":"TARAKAN BARAT","nmdesa":"KARANG HARAPAN","nmsls":"RT 007"}},{"type":"Feature","geometry":{"type":"MultiPolygon","coordinates":[[[[117.56338,3.35296],[117.56388,3.35306],[117.56443,3.35306],[117.56492,3.35302],[117.56522,3.35297],[117.5652,3.35271],[117.56513,3.35241],[117.56501,3.35216],[117.56493,3.35182],[117.56537,3.3517],[117.56588,3.3517],[117.5661,3.35178],[117.56623,3.35201],[117.56639,3.35222],[117.56649,3.35257],[117.5667,3.35306],[117.56686,3.35327],[117.56709,3.35367],[117.56734,3.3539],[117.5678,3.35396],[117.56825,3.35384],[117.56863,3.35391],[117.56908,3.35416],[117.56951,3.35455],[117.56974,3.35476],[117.56975,3.35475],[117.56991,3.35457],[117.57009,3.35438],[117.56905,3.35357],[117.56802,3.35288],[117.56882,3.35124],[117.57117,3.35091],[117.57103,3.34972],[117.57097,3.3494],[117.57063,3.34964],[117.57016,3.34993],[117.56966,3.35019],[117.56887,3.3505],[117.56788,3.3507],[117.5673,3.35069],[117.56671,3.35069],[117.56625,3.35069],[117.56586,3.35059],[117.56545,3.35037],[117.56509,3.35053],[117.56483,3.35059],[117.56449,3.35062],[117.56412,3.35069],[117.56301,3.3509],[117.56236,3.35111],[117.56208,3.35123],[117.56207,3.35123],[117.56219,3.35279],[117.56338,3.35296]]]]},"properties":{"kdprov":"65","kdkab":"71","kdkec":"030","kddesa":"005","kdsls":"0011","idsls":"65710300050011","nmprov":"KALIMANTAN UTARA","nmkab":"TARAKAN","nmkec":"TARAKAN BARAT","nmdesa":"KARANG HARAPAN","nmsls":"RT 011"}},{"type":"Feature","geometry":{"type":"MultiPolygon","coordinates":[[[[117.56208,3.35123],[117.56195,3.35107],[117.56171,3.35072],[117.56186,3.35042],[117.56211,3.35031],[117.56237,3.35018],[117.56258,3.3501],[117.56275,3.35001],[117.56307,3.34977],[117.56331,3.34966],[117.56399,3.34957],[117.56428,3.34948],[117.56453,3.3493],[117.56477,3.34909],[117.56498,3.34895],[117.56575,3.34845],[117.56648,3.34799],[117.56697,3.34729],[117.56722,3.34668],[117.56759,3.34639],[117.56803,3.34599],[117.56799,3.34599],[117.56791,3.34599],[117.5678,3.34601],[117.5676,3.346],[117.56737,3.34597],[117.56729,3.34594],[117.56717,3.34592],[117.56694,3.34596],[117.5666,3.34596],[117.56622,3.34595],[117.56587,3.34592],[117.56565,3.34592],[117.5655,3.34592],[117.5655,3.34592],[117.56546,3.34604],[117.5655,3.34634],[117.56554,3.34661],[117.56545,3.34679],[117.56504,3.3471],[117.56492,3.34727],[117.56503,3.34801],[117.56474,3.34846],[117.5643,3.3486],[117.5641,3.3489],[117.56389,3.3491],[117.5614,3.34976],[117.55999,3.34997],[117.55886,3.34986],[117.55818,3.35003],[117.55816,3.35014],[117.5578,3.35217],[117.55782,3.35215],[117.55849,3.35208],[117.55906,3.35214],[117.55907,3.35214],[117.55985,3.35226],[117.56024,3.35244],[117.56082,3.3526],[117.56149,3.35265],[117.56219,3.35279],[117.56207,3.35123],[117.56208,3.35123]]]]},"properties":{"kdprov":"65","kdkab":"71","kdkec":"030","kddesa":"005","kdsls":"0003","idsls":"65710300050003","nmprov":"KALIMANTAN UTARA","nmkab":"TARAKAN","nmkec":"TARAKAN BARAT","nmdesa":"KARANG HARAPAN","nmsls":"RT 003"}},{"type":"Feature","geometry":{"type":"MultiPolygon","coordinates":[[[[117.57113,3.34396],[117.5712,3.34401],[117.57127,3.34404],[117.57128,3.34412],[117.57127,3.34421],[117.57127,3.34429],[117.57126,3.34435],[117.57126,3.34435],[117.57128,3.34435],[117.57135,3.34439],[117.57138,3.34446],[117.57141,3.34452],[117.57145,3.3446],[117.57146,3.34465],[117.57159,3.34471],[117.57171,3.34478],[117.57178,3.34482],[117.57185,3.34484],[117.5719,3.34483],[117.57195,3.34482],[117.572,3.34475],[117.57209,3.3447],[117.57217,3.34465],[117.57223,3.34462],[117.5723,3.34459],[117.57238,3.34459],[117.57246,3.34461],[117.5725,3.34462],[117.57257,3.34463],[117.57271,3.34462],[117.5728,3.34459],[117.57292,3.3446],[117.57296,3.34463],[117.57299,3.34466],[117.57305,3.34471],[117.57308,3.34476],[117.5731,3.34478],[117.57323,3.34473],[117.57342,3.34466],[117.57358,3.3446],[117.5737,3.34456],[117.5738,3.34453],[117.5739,3.34449],[117.574,3.34446],[117.57399,3.34438],[117.57398,3.34439],[117.57384,3.34375],[117.57381,3.34364],[117.57373,3.34326],[117.57365,3.34315],[117.57335,3.34302],[117.5732,3.343],[117.57297,3.34302],[117.57272,3.34303],[117.57244,3.34306],[117.5723,3.34307],[117.57196,3.3431],[117.57188,3.3431],[117.57175,3.34308],[117.57165,3.343],[117.57138,3.34297],[117.57138,3.34298],[117.57136,3.34313],[117.57134,3.34327],[117.57129,3.34352],[117.5712,3.34376],[117.57113,3.34396],[117.57113,3.34396]]]]},"properties":{"kdprov":"65","kdkab":"71","kdkec":"030","kddesa":"005","kdsls":"0015","idsls":"65710300050015","nmprov":"KALIMANTAN UTARA","nmkab":"TARAKAN","nmkec":"TARAKAN BARAT","nmdesa":"KARANG HARAPAN","nmsls":"RT 015"}},{"type":"Feature","geometry":{"type":"MultiPolygon","coordinates":[[[[117.57032,3.35412],[117.56985,3.35376],[117.57003,3.35352],[117.57038,3.35311],[117.57059,3.3528],[117.57073,3.35255],[117.57027,3.35222],[117.56976,3.35184],[117.5694,3.35164],[117.56909,3.35145],[117.56882,3.35124],[117.56802,3.35288],[117.56905,3.35357],[117.57009,3.35438],[117.57032,3.35412]]]]},"properties":{"kdprov":"65","kdkab":"71","kdkec":"030","kddesa":"005","kdsls":"0014","idsls":"65710300050014","nmprov":"KALIMANTAN UTARA","nmkab":"TARAKAN","nmkec":"TARAKAN BARAT","nmdesa":"KARANG HARAPAN","nmsls":"RT 014"}},{"type":"Feature","geometry":{"type":"MultiPolygon","coordinates":[[[[117.56072,3.34473],[117.56087,3.34394],[117.5609,3.34361],[117.56085,3.34365],[117.56059,3.34356],[117.55454,3.34146],[117.55158,3.34095],[117.53803,3.33853],[117.53796,3.3389],[117.53787,3.33942],[117.53772,3.34038],[117.53756,3.34134],[117.53745,3.34173],[117.53746,3.34194],[117.53756,3.34204],[117.53757,3.3421],[117.5375,3.34217],[117.53729,3.34232],[117.53723,3.34252],[117.53725,3.34292],[117.53716,3.34308],[117.53706,3.34323],[117.53692,3.34334],[117.53677,3.34367],[117.53674,3.34378],[117.53602,3.34496],[117.53558,3.34607],[117.55112,3.35175],[117.55166,3.3516],[117.55146,3.34949],[117.55306,3.34791],[117.55414,3.34749],[117.55414,3.3472],[117.55418,3.34683],[117.5538,3.34632],[117.55323,3.3458],[117.55443,3.34479],[117.55514,3.3443],[117.55548,3.34527],[117.55584,3.34624],[117.55655,3.34615],[117.55683,3.34623],[117.55732,3.34625],[117.55803,3.34642],[117.5589,3.34668],[117.55986,3.34672],[117.56051,3.34677],[117.56052,3.34676],[117.56061,3.34677],[117.56069,3.34678],[117.56087,3.34683],[117.56094,3.3469],[117.56101,3.3469],[117.56107,3.3469],[117.5611,3.34672],[117.56123,3.34608],[117.56058,3.34603],[117.56072,3.34473]]]]},"properties":{"kdprov":"65","kdkab":"71","kdkec":"030","kddesa":"005","kdsls":"0005","idsls":"65710300050005","nmprov":"KALIMANTAN UTARA","nmkab":"TARAKAN","nmkec":"TARAKAN BARAT","nmdesa":"KARANG HARAPAN","nmsls":"RT 005"}},{"type":"Feature","geometry":{"type":"MultiPolygon","coordinates":[[[[117.55766,3.36988],[117.55811,3.36971],[117.55811,3.36971],[117.55844,3.36926],[117.55861,3.36893],[117.55875,3.36866],[117.55878,3.36811],[117.55878,3.36811],[117.55867,3.36683],[117.55738,3.36715],[117.55711,3.36672],[117.55692,3.3669],[117.55667,3.36718],[117.55642,3.36741],[117.55688,3.36834],[117.5573,3.36929],[117.55731,3.36929],[117.55732,3.36948],[117.55732,3.36963],[117.55735,3.36974],[117.55745,3.3698],[117.55758,3.36986],[117.55766,3.36988]]]]},"properties":{"kdprov":"65","kdkab":"71","kdkec":"030","kddesa":"005","kdsls":"0017","idsls":"65710300050017","nmprov":"KALIMANTAN UTARA","nmkab":"TARAKAN","nmkec":"TARAKAN BARAT","nmdesa":"KARANG HARAPAN","nmsls":"RT 017"}},{"type":"Feature","geometry":{"type":"MultiPolygon","coordinates":[[[[117.5793,3.31515],[117.57885,3.31488],[117.5783,3.31446],[117.57807,3.31474],[117.57774,3.31454],[117.57739,3.3143],[117.57709,3.31467],[117.57679,3.31492],[117.57659,3.31542],[117.57667,3.31546],[117.57692,3.31514],[117.57859,3.31616],[117.57869,3.31601],[117.5787,3.316],[117.57875,3.31593],[117.57906,3.31549],[117.5793,3.31515]]]]},"properties":{"kdprov":"65","kdkab":"71","kdkec":"030","kddesa":"004","kdsls":"0016","idsls":"65710300040016","nmprov":"KALIMANTAN UTARA","nmkab":"TARAKAN","nmkec":"TARAKAN BARAT","nmdesa":"KARANG ANYAR PANTAI","nmsls":"RT 016"}},{"type":"Feature","geometry":{"type":"MultiPolygon","coordinates":[[[[117.57968,3.31461],[117.57975,3.31451],[117.57982,3.31441],[117.57988,3.31433],[117.57976,3.31425],[117.579,3.31368],[117.57829,3.31311],[117.57827,3.31309],[117.57741,3.31243],[117.57474,3.31076],[117.57472,3.31075],[117.57375,3.31022],[117.57368,3.31019],[117.57365,3.31006],[117.57364,3.31006],[117.57148,3.30974],[117.5663,3.30897],[117.56611,3.30937],[117.56592,3.30977],[117.56588,3.3098],[117.56587,3.30981],[117.57331,3.31154],[117.57409,3.31195],[117.5757,3.3128],[117.57788,3.31394],[117.57941,3.31499],[117.57949,3.31488],[117.57952,3.31484],[117.5796,3.31472],[117.57968,3.31461]]]]},"properties":{"kdprov":"65","kdkab":"71","kdkec":"030","kddesa":"004","kdsls":"0015","idsls":"65710300040015","nmprov":"KALIMANTAN UTARA","nmkab":"TARAKAN","nmkec":"TARAKAN BARAT","nmdesa":"KARANG ANYAR PANTAI","nmsls":"RT 015"}},{"type":"Feature","geometry":{"type":"MultiPolygon","coordinates":[[[[117.57094,3.30771],[117.57057,3.30782],[117.57013,3.30791],[117.56979,3.30799],[117.56954,3.30805],[117.5693,3.30809],[117.56921,3.30806],[117.56917,3.30799],[117.56907,3.30796],[117.56896,3.30803],[117.56891,3.30818],[117.56882,3.30829],[117.5687,3.30836],[117.56854,3.30844],[117.56834,3.3085],[117.56811,3.30855],[117.56781,3.30862],[117.56757,3.30871],[117.56728,3.30877],[117.56685,3.30883],[117.56658,3.30887],[117.56651,3.30886],[117.56633,3.30892],[117.5663,3.30897],[117.57148,3.30974],[117.57144,3.30962],[117.57138,3.30944],[117.5713,3.30931],[117.57123,3.30911],[117.57118,3.30894],[117.57121,3.30874],[117.57119,3.30856],[117.57118,3.30842],[117.57119,3.30822],[117.5712,3.30814],[117.57126,3.30802],[117.57121,3.30784],[117.57115,3.30771],[117.57094,3.30771]]]]},"properties":{"kdprov":"65","kdkab":"71","kdkec":"030","kddesa":"004","kdsls":"0030","idsls":"65710300040030","nmprov":"KALIMANTAN UTARA","nmkab":"TARAKAN","nmkec":"TARAKAN BARAT","nmdesa":"KARANG ANYAR PANTAI","nmsls":"RT 030"}},{"type":"Feature","geometry":{"type":"MultiPolygon","coordinates":[[[[117.58525,3.31163],[117.58526,3.31163],[117.58527,3.31153],[117.58531,3.3114],[117.5854,3.31116],[117.58546,3.31095],[117.58538,3.31095],[117.58483,3.31109],[117.58447,3.31104],[117.58438,3.31123],[117.58414,3.31167],[117.58413,3.31173],[117.58411,3.31188],[117.58428,3.31187],[117.58474,3.31177],[117.58502,3.31167],[117.58525,3.31163]]]]},"properties":{"kdprov":"65","kdkab":"71","kdkec":"030","kddesa":"003","kdsls":"0038","idsls":"65710300030038","nmprov":"KALIMANTAN UTARA","nmkab":"TARAKAN","nmkec":"TARAKAN BARAT","nmdesa":"KARANG ANYAR","nmsls":"RT 038"}},{"type":"Feature","geometry":{"type":"MultiPolygon","coordinates":[[[[117.58223,3.33935],[117.5822,3.33923],[117.58208,3.33915],[117.58199,3.3391],[117.58203,3.33904],[117.58207,3.33897],[117.5821,3.33889],[117.58207,3.33879],[117.58211,3.33866],[117.58217,3.3385],[117.58221,3.33837],[117.58225,3.33827],[117.58226,3.33818],[117.5822,3.33811],[117.58208,3.33805],[117.58192,3.33798],[117.58185,3.33795],[117.58189,3.33775],[117.58198,3.3376],[117.58205,3.33754],[117.58225,3.33757],[117.58245,3.33762],[117.58261,3.33766],[117.5828,3.33773],[117.58301,3.33781],[117.58322,3.3379],[117.58336,3.33797],[117.58341,3.33817],[117.58336,3.33833],[117.58377,3.33841],[117.58419,3.3385],[117.58443,3.33855],[117.58457,3.33857],[117.58459,3.3383],[117.58451,3.33781],[117.58444,3.33737],[117.58442,3.33693],[117.58444,3.33657],[117.58443,3.33657],[117.5843,3.33658],[117.58357,3.3367],[117.58183,3.33722],[117.58183,3.3372],[117.58182,3.33713],[117.58181,3.33703],[117.58179,3.33691],[117.58178,3.33682],[117.58177,3.33674],[117.58175,3.33668],[117.58169,3.3366],[117.58166,3.33659],[117.5814,3.33653],[117.57917,3.33662],[117.5788,3.33673],[117.57822,3.33685],[117.57828,3.33694],[117.57835,3.33708],[117.57836,3.33727],[117.57835,3.3376],[117.57834,3.33797],[117.57834,3.33813],[117.57842,3.33812],[117.57883,3.33809],[117.57935,3.33915],[117.57936,3.33914],[117.5794,3.33913],[117.57973,3.33907],[117.57982,3.33906],[117.5799,3.33906],[117.57997,3.33906],[117.58036,3.33913],[117.58088,3.33923],[117.58108,3.33927],[117.58151,3.33937],[117.58152,3.33937],[117.58219,3.33954],[117.58223,3.33935]]]]},"properties":{"kdprov":"65","kdkab":"71","kdkec":"030","kddesa":"003","kdsls":"0072","idsls":"65710300030072","nmprov":"KALIMANTAN UTARA","nmkab":"TARAKAN","nmkec":"TARAKAN BARAT","nmdesa":"KARANG ANYAR","nmsls":"RT 045"}},{"type":"Feature","geometry":{"type":"MultiPolygon","coordinates":[[[[117.58346,3.30933],[117.58343,3.30932],[117.58343,3.30932],[117.58343,3.30932],[117.58324,3.30958],[117.58298,3.30993],[117.58291,3.31002],[117.58286,3.31009],[117.5828,3.31017],[117.58277,3.3102],[117.58276,3.31022],[117.58274,3.31024],[117.58271,3.31029],[117.58307,3.31047],[117.58334,3.31064],[117.58368,3.31074],[117.58373,3.31075],[117.58386,3.31079],[117.58386,3.31078],[117.58417,3.3109],[117.58448,3.31104],[117.58447,3.31104],[117.58483,3.31109],[117.58538,3.31095],[117.58546,3.31095],[117.58546,3.31095],[117.58547,3.31094],[117.5857,3.31023],[117.58577,3.30991],[117.58577,3.30979],[117.58575,3.30979],[117.58575,3.30979],[117.58575,3.30979],[117.58568,3.3098],[117.58557,3.30981],[117.58556,3.30981],[117.58553,3.30981],[117.58553,3.30981],[117.58553,3.30981],[117.58551,3.30982],[117.58541,3.30982],[117.58538,3.30983],[117.58531,3.30983],[117.58518,3.30985],[117.58508,3.30986],[117.58508,3.30986],[117.58481,3.30979],[117.58464,3.30974],[117.58463,3.30974],[117.58458,3.30972],[117.58423,3.30959],[117.5842,3.30958],[117.58373,3.30942],[117.58363,3.30939],[117.58346,3.30933],[117.58346,3.30933]]]]},"properties":{"kdprov":"65","kdkab":"71","kdkec":"030","kddesa":"003","kdsls":"0001","idsls":"65710300030001","nmprov":"KALIMANTAN UTARA","nmkab":"TARAKAN","nmkec":"TARAKAN BARAT","nmdesa":"KARANG ANYAR","nmsls":"RT 001"}},{"type":"Feature","geometry":{"type":"MultiPolygon","coordinates":[[[[117.58382,3.31721],[117.58381,3.31717],[117.58377,3.31713],[117.58372,3.31706],[117.58355,3.31697],[117.5834,3.31692],[117.58316,3.31688],[117.5829,3.31687],[117.58264,3.31691],[117.58236,3.31697],[117.58218,3.31703],[117.58209,3.31708],[117.58209,3.31706],[117.58209,3.31698],[117.58205,3.31683],[117.58201,3.3167],[117.582,3.3166],[117.58198,3.31649],[117.58198,3.31638],[117.58198,3.3163],[117.58195,3.31622],[117.58083,3.31543],[117.57968,3.31461],[117.5796,3.31472],[117.57952,3.31484],[117.57949,3.31488],[117.57941,3.31499],[117.5793,3.31515],[117.57906,3.31549],[117.57875,3.31593],[117.57922,3.31625],[117.57979,3.31661],[117.57952,3.31713],[117.5793,3.31735],[117.57931,3.31737],[117.57957,3.31771],[117.58021,3.31787],[117.58022,3.31787],[117.58026,3.31812],[117.58072,3.31837],[117.58093,3.31862],[117.58148,3.31884],[117.58117,3.31922],[117.58128,3.31948],[117.58252,3.31896],[117.58252,3.31896],[117.58253,3.31902],[117.58255,3.31912],[117.58262,3.31925],[117.58273,3.3194],[117.58296,3.31949],[117.58327,3.31947],[117.58356,3.31942],[117.58371,3.31939],[117.58383,3.31934],[117.58384,3.31931],[117.58389,3.31923],[117.58393,3.31896],[117.58393,3.3183],[117.58392,3.31782],[117.58388,3.31748],[117.58381,3.31721],[117.58382,3.31721]]]]},"properties":{"kdprov":"65","kdkab":"71","kdkec":"030","kddesa":"003","kdsls":"0044","idsls":"65710300030044","nmprov":"KALIMANTAN UTARA","nmkab":"TARAKAN","nmkec":"TARAKAN BARAT","nmdesa":"KARANG ANYAR","nmsls":"RT 044"}},{"type":"Feature","geometry":{"type":"MultiPolygon","coordinates":[[[[117.58924,3.32433],[117.58924,3.32433],[117.58885,3.32443],[117.58864,3.32441],[117.58847,3.3244],[117.58846,3.32441],[117.58845,3.3245],[117.58843,3.32456],[117.58839,3.32463],[117.58835,3.32468],[117.58827,3.32474],[117.58784,3.32503],[117.58785,3.32503],[117.58874,3.32539],[117.58901,3.32704],[117.58954,3.32779],[117.59068,3.32823],[117.59069,3.32824],[117.59094,3.32795],[117.59096,3.32788],[117.59081,3.32763],[117.59071,3.32765],[117.59057,3.32732],[117.59099,3.32711],[117.59104,3.32707],[117.59087,3.32674],[117.59106,3.32642],[117.59118,3.3262],[117.59131,3.32648],[117.59133,3.32651],[117.59144,3.32673],[117.59147,3.32683],[117.59162,3.32679],[117.59165,3.32688],[117.59172,3.32685],[117.59209,3.32728],[117.59225,3.32747],[117.59235,3.32764],[117.59246,3.32776],[117.59288,3.32735],[117.59264,3.32727],[117.59258,3.32725],[117.59252,3.3272],[117.59247,3.32712],[117.59249,3.32707],[117.59258,3.32694],[117.59266,3.3268],[117.5926,3.32667],[117.59254,3.32658],[117.59247,3.32645],[117.59244,3.32634],[117.59245,3.32621],[117.5924,3.32605],[117.59238,3.326],[117.59232,3.32593],[117.59225,3.32589],[117.59217,3.32587],[117.59206,3.32582],[117.59205,3.32578],[117.592,3.32572],[117.59198,3.32567],[117.59196,3.32561],[117.59193,3.32553],[117.59191,3.32546],[117.59186,3.32541],[117.59177,3.32538],[117.59171,3.32508],[117.59154,3.32504],[117.59187,3.3249],[117.59053,3.32441],[117.59031,3.32448],[117.59011,3.32451],[117.59004,3.32449],[117.58978,3.3244],[117.58964,3.32431],[117.58954,3.32425],[117.58924,3.32433]]]]},"properties":{"kdprov":"65","kdkab":"71","kdkec":"030","kddesa":"003","kdsls":"0063","idsls":"65710300030063","nmprov":"KALIMANTAN UTARA","nmkab":"TARAKAN","nmkec":"TARAKAN BARAT","nmdesa":"KARANG ANYAR","nmsls":"RT 063"}},{"type":"Feature","geometry":{"type":"MultiPolygon","coordinates":[[[[117.59288,3.31061],[117.5923,3.31067],[117.59221,3.31068],[117.59215,3.31068],[117.59199,3.31069],[117.59193,3.3107],[117.5918,3.31071],[117.59168,3.31071],[117.59164,3.31072],[117.59171,3.31127],[117.59177,3.31171],[117.59178,3.31189],[117.59179,3.31208],[117.5918,3.3124],[117.5918,3.3124],[117.5918,3.31277],[117.59182,3.31304],[117.59185,3.31326],[117.59188,3.31343],[117.59189,3.31353],[117.59189,3.31361],[117.59187,3.31365],[117.59185,3.31369],[117.59185,3.31373],[117.59186,3.31377],[117.59189,3.31385],[117.59195,3.31386],[117.59202,3.31386],[117.59211,3.31387],[117.59215,3.31389],[117.59217,3.31392],[117.59219,3.31396],[117.5922,3.31407],[117.5922,3.31411],[117.59219,3.31415],[117.59216,3.31416],[117.59215,3.31416],[117.59211,3.31417],[117.59208,3.31415],[117.59207,3.31443],[117.59247,3.31445],[117.59251,3.31442],[117.59252,3.31439],[117.59253,3.31436],[117.59254,3.31432],[117.59254,3.31429],[117.59331,3.3143],[117.59296,3.31412],[117.593,3.31367],[117.59307,3.31369],[117.59311,3.31352],[117.593,3.31343],[117.59334,3.31312],[117.59338,3.3129],[117.59343,3.31272],[117.59328,3.31252],[117.59289,3.31243],[117.59295,3.31217],[117.59277,3.31207],[117.59285,3.31183],[117.59292,3.31183],[117.59288,3.31061]]]]},"properties":{"kdprov":"65","kdkab":"71","kdkec":"030","kddesa":"003","kdsls":"0003","idsls":"65710300030003","nmprov":"KALIMANTAN UTARA","nmkab":"TARAKAN","nmkec":"TARAKAN BARAT","nmdesa":"KARANG ANYAR","nmsls":"RT 003"}},{"type":"Feature","geometry":{"type":"MultiPolygon","coordinates":[[[[117.59409,3.31519],[117.59408,3.31519],[117.59393,3.31511],[117.59366,3.31497],[117.59328,3.31459],[117.59329,3.31449],[117.59331,3.3143],[117.59331,3.3143],[117.59254,3.31429],[117.59254,3.31432],[117.59253,3.31436],[117.59252,3.31439],[117.59251,3.31442],[117.59247,3.31445],[117.59207,3.31443],[117.59207,3.31444],[117.59207,3.31444],[117.59206,3.31471],[117.59175,3.31471],[117.59125,3.31447],[117.59104,3.31512],[117.59042,3.31511],[117.59047,3.31579],[117.59008,3.31577],[117.59006,3.316],[117.58971,3.31594],[117.58972,3.31598],[117.58972,3.31601],[117.58971,3.31605],[117.5897,3.3161],[117.58999,3.31641],[117.59009,3.31649],[117.59036,3.31663],[117.5909,3.31699],[117.59108,3.31708],[117.59124,3.3171],[117.59135,3.3171],[117.59146,3.31713],[117.5916,3.31718],[117.59173,3.31731],[117.59183,3.31746],[117.59195,3.31751],[117.59209,3.31753],[117.59232,3.31755],[117.59244,3.31754],[117.59251,3.31754],[117.59255,3.31755],[117.59259,3.31757],[117.59276,3.3178],[117.59291,3.31792],[117.59308,3.31802],[117.59347,3.31829],[117.59348,3.31829],[117.59348,3.31829],[117.59375,3.31763],[117.59395,3.31705],[117.59456,3.31545],[117.59409,3.31519]]]]},"properties":{"kdprov":"65","kdkab":"71","kdkec":"030","kddesa":"003","kdsls":"0070","idsls":"65710300030070","nmprov":"KALIMANTAN UTARA","nmkab":"TARAKAN","nmkec":"TARAKAN BARAT","nmdesa":"KARANG ANYAR","nmsls":"RT 070"}},{"type":"Feature","geometry":{"type":"MultiPolygon","coordinates":[[[[117.59321,3.31858],[117.59305,3.31867],[117.59297,3.31872],[117.59292,3.31875],[117.59287,3.31875],[117.59275,3.31878],[117.59262,3.31886],[117.5925,3.3189],[117.59203,3.31912],[117.59203,3.31912],[117.59238,3.31993],[117.59227,3.32009],[117.59242,3.32026],[117.59243,3.32059],[117.59288,3.32147],[117.59339,3.32087],[117.59353,3.32068],[117.59389,3.32057],[117.59412,3.32041],[117.59449,3.3203],[117.59486,3.32043],[117.59509,3.3203],[117.59544,3.32026],[117.59631,3.32007],[117.59643,3.31972],[117.59539,3.31958],[117.59514,3.3191],[117.59494,3.31895],[117.59471,3.31891],[117.59446,3.3188],[117.59418,3.31848],[117.59392,3.31878],[117.59351,3.31894],[117.59329,3.31851],[117.59321,3.31858]]]]},"properties":{"kdprov":"65","kdkab":"71","kdkec":"030","kddesa":"003","kdsls":"0014","idsls":"65710300030014","nmprov":"KALIMANTAN UTARA","nmkab":"TARAKAN","nmkec":"TARAKAN BARAT","nmdesa":"KARANG ANYAR","nmsls":"RT 014"}},{"type":"Feature","geometry":{"type":"MultiPolygon","coordinates":[[[[117.54925,3.36063],[117.54925,3.36063],[117.55047,3.35657],[117.55082,3.35542],[117.55091,3.3544],[117.5512,3.35332],[117.55166,3.3516],[117.55166,3.3516],[117.55112,3.35175],[117.53558,3.34607],[117.53547,3.34634],[117.535,3.34714],[117.53471,3.34764],[117.53392,3.34886],[117.5333,3.34965],[117.5329,3.35015],[117.53257,3.35055],[117.53184,3.35142],[117.53132,3.35202],[117.53105,3.35238],[117.53127,3.35261],[117.53182,3.35319],[117.53293,3.35436],[117.53324,3.35468],[117.5336,3.35507],[117.53389,3.35537],[117.53458,3.35535],[117.53485,3.35533],[117.53547,3.35532],[117.53628,3.35534],[117.53717,3.35529],[117.53735,3.35531],[117.53765,3.35528],[117.53805,3.35526],[117.53805,3.35526],[117.53856,3.35525],[117.53884,3.35523],[117.53911,3.35522],[117.53936,3.35522],[117.53967,3.35522],[117.53972,3.35522],[117.53987,3.35531],[117.54028,3.35544],[117.54034,3.35546],[117.54341,3.35644],[117.54358,3.35641],[117.54504,3.35607],[117.54676,3.35568],[117.5469,3.35623],[117.54698,3.35659],[117.54716,3.35683],[117.54721,3.35691],[117.5473,3.35711],[117.54734,3.35718],[117.54737,3.35731],[117.54742,3.35749],[117.54746,3.35763],[117.54753,3.35805],[117.54755,3.35818],[117.54759,3.35835],[117.54766,3.3586],[117.54774,3.35878],[117.5481,3.35915],[117.54843,3.35948],[117.54897,3.36],[117.54908,3.36019],[117.5492,3.3604],[117.54922,3.36049],[117.54925,3.36061],[117.54925,3.36063]]]]},"properties":{"kdprov":"65","kdkab":"71","kdkec":"030","kddesa":"005","kdsls":"0012","idsls":"65710300050012","nmprov":"KALIMANTAN UTARA","nmkab":"TARAKAN","nmkec":"TARAKAN BARAT","nmdesa":"KARANG HARAPAN","nmsls":"RT 012"}},{"type":"Feature","geometry":{"type":"MultiPolygon","coordinates":[[[[117.56322,3.36196],[117.56299,3.36205],[117.56247,3.36214],[117.56199,3.3622],[117.56142,3.36221],[117.56118,3.3622],[117.56082,3.36219],[117.56054,3.36214],[117.56008,3.36207],[117.5599,3.36213],[117.55971,3.36219],[117.55946,3.36225],[117.55923,3.36234],[117.559,3.3624],[117.55879,3.36246],[117.55851,3.36254],[117.5582,3.36256],[117.55795,3.36256],[117.55778,3.36254],[117.5576,3.36254],[117.5578,3.36314],[117.55806,3.36386],[117.55803,3.3641],[117.55844,3.36505],[117.55814,3.36533],[117.55785,3.36572],[117.55767,3.36599],[117.55731,3.36652],[117.55719,3.36665],[117.55711,3.36672],[117.55738,3.36715],[117.55867,3.36683],[117.55878,3.36811],[117.56023,3.36807],[117.56196,3.36799],[117.56183,3.3673],[117.56301,3.36734],[117.56329,3.36442],[117.56342,3.36404],[117.56342,3.36393],[117.5634,3.36382],[117.56334,3.3634],[117.56331,3.36322],[117.56325,3.36307],[117.56324,3.3629],[117.56323,3.36269],[117.5632,3.36236],[117.5632,3.36215],[117.56322,3.36196]]]]},"properties":{"kdprov":"65","kdkab":"71","kdkec":"030","kddesa":"005","kdsls":"0009","idsls":"65710300050009","nmprov":"KALIMANTAN UTARA","nmkab":"TARAKAN","nmkec":"TARAKAN BARAT","nmdesa":"KARANG HARAPAN","nmsls":"RT 009"}},{"type":"Feature","geometry":{"type":"MultiPolygon","coordinates":[[[[117.52293,3.34286],[117.52225,3.34314],[117.5218,3.34331],[117.52124,3.34372],[117.521,3.34421],[117.52095,3.34458],[117.52107,3.34462],[117.52108,3.34467],[117.52112,3.34477],[117.52105,3.34544],[117.52101,3.34604],[117.52104,3.34661],[117.52106,3.34705],[117.52107,3.3471],[117.52123,3.3476],[117.5214,3.34785],[117.52157,3.3481],[117.52158,3.3481],[117.52187,3.34825],[117.52216,3.3484],[117.52228,3.34845],[117.52282,3.3487],[117.52328,3.34884],[117.52363,3.34891],[117.52389,3.34894],[117.52407,3.34896],[117.52465,3.34903],[117.52498,3.34913],[117.52537,3.34914],[117.52556,3.34908],[117.52576,3.34901],[117.52579,3.34901],[117.52602,3.34884],[117.52619,3.34844],[117.52627,3.34826],[117.52652,3.34736],[117.52659,3.34657],[117.52662,3.34602],[117.52665,3.3455],[117.52666,3.34447],[117.52654,3.34366],[117.52637,3.34301],[117.5262,3.34265],[117.52608,3.34257],[117.5258,3.34266],[117.52546,3.34275],[117.52493,3.34285],[117.52479,3.34288],[117.52456,3.34289],[117.5243,3.3429],[117.52392,3.34286],[117.52369,3.34283],[117.52293,3.34286]]]]},"properties":{"kdprov":"65","kdkab":"71","kdkec":"030","kddesa":"005","kdsls":"0013","idsls":"65710300050013","nmprov":"KALIMANTAN UTARA","nmkab":"TARAKAN","nmkec":"TARAKAN BARAT","nmdesa":"KARANG HARAPAN","nmsls":"RT 013"}},{"type":"Feature","geometry":{"type":"MultiPolygon","coordinates":[[[[117.57931,3.31737],[117.57887,3.31829],[117.57852,3.31848],[117.5779,3.31942],[117.57813,3.31961],[117.57813,3.31961],[117.57859,3.31992],[117.57931,3.32039],[117.57992,3.32081],[117.57993,3.32079],[117.58005,3.32051],[117.58021,3.32022],[117.58022,3.31986],[117.58117,3.31922],[117.58117,3.31922],[117.58148,3.31884],[117.58093,3.31862],[117.58072,3.31837],[117.58026,3.31812],[117.58022,3.31787],[117.58021,3.31787],[117.57957,3.31771],[117.57931,3.31737]]]]},"properties":{"kdprov":"65","kdkab":"71","kdkec":"030","kddesa":"003","kdsls":"0047","idsls":"65710300030047","nmprov":"KALIMANTAN UTARA","nmkab":"TARAKAN","nmkec":"TARAKAN BARAT","nmdesa":"KARANG ANYAR","nmsls":"RT 047"}},{"type":"Feature","geometry":{"type":"MultiPolygon","coordinates":[[[[117.57432,3.34021],[117.57487,3.34034],[117.57518,3.34046],[117.57541,3.34059],[117.57575,3.34115],[117.57602,3.34151],[117.57624,3.34172],[117.57632,3.34165],[117.57643,3.34137],[117.57643,3.34137],[117.57644,3.34134],[117.57646,3.34129],[117.57648,3.34124],[117.57651,3.34116],[117.57657,3.34103],[117.5767,3.3407],[117.57695,3.34023],[117.57724,3.3401],[117.57737,3.34003],[117.57761,3.33992],[117.57781,3.33985],[117.5779,3.33982],[117.578,3.33979],[117.57837,3.33961],[117.57887,3.33936],[117.57935,3.33915],[117.57883,3.33809],[117.57842,3.33812],[117.57834,3.33813],[117.57792,3.33815],[117.57781,3.33817],[117.57753,3.33828],[117.57712,3.33838],[117.57704,3.33837],[117.57686,3.33835],[117.57664,3.33834],[117.57598,3.33855],[117.57556,3.33857],[117.57524,3.33855],[117.57481,3.33855],[117.57373,3.33853],[117.57366,3.33852],[117.57369,3.33867],[117.57383,3.33925],[117.57386,3.3395],[117.57385,3.33957],[117.57383,3.3397],[117.57379,3.3399],[117.57373,3.34011],[117.57432,3.34021]]]]},"properties":{"kdprov":"65","kdkab":"71","kdkec":"030","kddesa":"003","kdsls":"0060","idsls":"65710300030060","nmprov":"KALIMANTAN UTARA","nmkab":"TARAKAN","nmkec":"TARAKAN BARAT","nmdesa":"KARANG ANYAR","nmsls":"RT 060"}},{"type":"Feature","geometry":{"type":"MultiPolygon","coordinates":[[[[117.57866,3.32196],[117.57846,3.32152],[117.57834,3.321],[117.57828,3.32059],[117.57821,3.32038],[117.57808,3.32024],[117.57787,3.32002],[117.57787,3.32002],[117.5778,3.32008],[117.57773,3.32016],[117.57747,3.32057],[117.57719,3.32107],[117.57765,3.32134],[117.57678,3.32276],[117.57681,3.32278],[117.577,3.32293],[117.5773,3.32313],[117.57758,3.32328],[117.57801,3.3235],[117.57821,3.32358],[117.57849,3.32282],[117.57874,3.3225],[117.57866,3.32197],[117.57866,3.32196]]]]},"properties":{"kdprov":"65","kdkab":"71","kdkec":"030","kddesa":"003","kdsls":"0048","idsls":"65710300030048","nmprov":"KALIMANTAN UTARA","nmkab":"TARAKAN","nmkec":"TARAKAN BARAT","nmdesa":"KARANG ANYAR","nmsls":"RT 048"}},{"type":"Feature","geometry":{"type":"MultiPolygon","coordinates":[[[[117.57236,3.31815],[117.57202,3.31932],[117.57333,3.31985],[117.57376,3.31991],[117.57383,3.31986],[117.57417,3.31997],[117.57421,3.31988],[117.57471,3.32003],[117.57485,3.32],[117.57574,3.32043],[117.57575,3.32041],[117.57577,3.32032],[117.57581,3.32018],[117.57588,3.32008],[117.57596,3.31995],[117.57613,3.31971],[117.57615,3.31967],[117.57545,3.31925],[117.57535,3.31941],[117.57496,3.31925],[117.57489,3.31935],[117.57475,3.31928],[117.57462,3.31921],[117.57464,3.31916],[117.57444,3.31907],[117.57259,3.31824],[117.57236,3.31815]]]]},"properties":{"kdprov":"65","kdkab":"71","kdkec":"030","kddesa":"004","kdsls":"0017","idsls":"65710300040017","nmprov":"KALIMANTAN UTARA","nmkab":"TARAKAN","nmkec":"TARAKAN BARAT","nmdesa":"KARANG ANYAR PANTAI","nmsls":"RT 017"}},{"type":"Feature","geometry":{"type":"MultiPolygon","coordinates":[[[[117.56973,3.30433],[117.57001,3.30458],[117.57035,3.30478],[117.57072,3.30507],[117.57118,3.3054],[117.57129,3.30549],[117.57135,3.30574],[117.57143,3.3059],[117.5715,3.30604],[117.57156,3.30616],[117.57157,3.30623],[117.57188,3.30611],[117.57199,3.30653],[117.572,3.30656],[117.5722,3.30721],[117.57219,3.30738],[117.57225,3.30755],[117.5723,3.30775],[117.57236,3.30789],[117.57272,3.30677],[117.57383,3.30669],[117.57383,3.30669],[117.57341,3.30649],[117.57201,3.30553],[117.57168,3.30537],[117.57048,3.30443],[117.56997,3.30412],[117.56973,3.30433]]]]},"properties":{"kdprov":"65","kdkab":"71","kdkec":"030","kddesa":"004","kdsls":"0025","idsls":"65710300040025","nmprov":"KALIMANTAN UTARA","nmkab":"TARAKAN","nmkec":"TARAKAN BARAT","nmdesa":"KARANG ANYAR PANTAI","nmsls":"RT 025"}},{"type":"Feature","geometry":{"type":"MultiPolygon","coordinates":[[[[117.57009,3.34275],[117.56897,3.34242],[117.56893,3.34241],[117.5676,3.34304],[117.5676,3.34304],[117.56852,3.34352],[117.56834,3.34449],[117.5682,3.34488],[117.56814,3.34517],[117.56808,3.34551],[117.56803,3.34581],[117.56799,3.34599],[117.56799,3.34599],[117.56803,3.34599],[117.56828,3.34595],[117.56847,3.34593],[117.56866,3.34594],[117.56879,3.34595],[117.56889,3.34595],[117.56906,3.34594],[117.56914,3.34593],[117.56929,3.34589],[117.56939,3.34586],[117.56951,3.3458],[117.56961,3.34575],[117.56971,3.3457],[117.56982,3.34565],[117.56994,3.3456],[117.5701,3.34556],[117.57025,3.34556],[117.57053,3.34555],[117.57069,3.34554],[117.57088,3.34551],[117.571,3.34546],[117.57125,3.3454],[117.57151,3.34531],[117.57176,3.34522],[117.5721,3.3451],[117.57238,3.34501],[117.57271,3.34492],[117.57303,3.34481],[117.5731,3.34478],[117.57308,3.34476],[117.57305,3.34471],[117.57299,3.34466],[117.57296,3.34463],[117.57292,3.3446],[117.5728,3.34459],[117.57271,3.34462],[117.57257,3.34463],[117.5725,3.34462],[117.57246,3.34461],[117.57238,3.34459],[117.5723,3.34459],[117.57223,3.34462],[117.57217,3.34465],[117.57209,3.3447],[117.572,3.34475],[117.57195,3.34482],[117.5719,3.34483],[117.57185,3.34484],[117.57178,3.34482],[117.57171,3.34478],[117.57159,3.34471],[117.57146,3.34465],[117.57145,3.3446],[117.57141,3.34452],[117.57138,3.34446],[117.57135,3.34439],[117.57128,3.34435],[117.57126,3.34435],[117.57126,3.34435],[117.57127,3.34429],[117.57127,3.34421],[117.57128,3.34412],[117.57127,3.34404],[117.5712,3.34401],[117.57113,3.34396],[117.57113,3.34396],[117.5712,3.34376],[117.57129,3.34352],[117.57134,3.34327],[117.57136,3.34313],[117.57055,3.34296],[117.57051,3.34313],[117.57021,3.34306],[117.57026,3.34288],[117.57026,3.34287],[117.57009,3.34275]]]]},"properties":{"kdprov":"65","kdkab":"71","kdkec":"030","kddesa":"005","kdsls":"0002","idsls":"65710300050002","nmprov":"KALIMANTAN UTARA","nmkab":"TARAKAN","nmkec":"TARAKAN BARAT","nmdesa":"KARANG HARAPAN","nmsls":"RT 002"}},{"type":"Feature","geometry":{"type":"MultiPolygon","coordinates":[[[[117.58447,3.33507],[117.58295,3.33502],[117.5829,3.3348],[117.58288,3.33472],[117.5813,3.33486],[117.58129,3.33454],[117.58126,3.33433],[117.58116,3.33418],[117.58126,3.33388],[117.58135,3.33367],[117.58111,3.33355],[117.58096,3.33343],[117.58098,3.33322],[117.58098,3.33296],[117.58101,3.33257],[117.58116,3.33258],[117.5813,3.33248],[117.58146,3.33241],[117.58159,3.33225],[117.58172,3.33217],[117.58174,3.33206],[117.58174,3.33201],[117.58179,3.33194],[117.58182,3.33182],[117.58181,3.3315],[117.58124,3.33147],[117.58091,3.33142],[117.58074,3.33139],[117.58066,3.33137],[117.58045,3.33134],[117.58029,3.33132],[117.58029,3.33174],[117.58004,3.33387],[117.58005,3.33386],[117.58166,3.33659],[117.58169,3.3366],[117.58175,3.33668],[117.58177,3.33674],[117.58178,3.33682],[117.58179,3.33691],[117.58181,3.33703],[117.58182,3.33713],[117.58183,3.3372],[117.58183,3.33722],[117.58357,3.3367],[117.5843,3.33658],[117.58443,3.33657],[117.58445,3.33598],[117.58447,3.33556],[117.58447,3.33507]]]]},"properties":{"kdprov":"65","kdkab":"71","kdkec":"030","kddesa":"003","kdsls":"0057","idsls":"65710300030057","nmprov":"KALIMANTAN UTARA","nmkab":"TARAKAN","nmkec":"TARAKAN BARAT","nmdesa":"KARANG ANYAR","nmsls":"RT 057"}},{"type":"Feature","geometry":{"type":"MultiPolygon","coordinates":[[[[117.56591,3.36099],[117.566,3.36129],[117.56631,3.36179],[117.56655,3.36231],[117.56637,3.3624],[117.56663,3.36305],[117.56746,3.36277],[117.56815,3.36246],[117.56881,3.36221],[117.56942,3.36178],[117.57021,3.36149],[117.57022,3.36149],[117.57016,3.36132],[117.56954,3.35982],[117.56921,3.35964],[117.56887,3.35946],[117.5688,3.35952],[117.56834,3.35988],[117.56786,3.36017],[117.56744,3.36045],[117.56698,3.36061],[117.56658,3.36074],[117.56624,3.36086],[117.56602,3.36096],[117.56591,3.36099]]]]},"properties":{"kdprov":"65","kdkab":"71","kdkec":"030","kddesa":"005","kdsls":"0008","idsls":"65710300050008","nmprov":"KALIMANTAN UTARA","nmkab":"TARAKAN","nmkec":"TARAKAN BARAT","nmdesa":"KARANG HARAPAN","nmsls":"RT 008"}},{"type":"Feature","geometry":{"type":"MultiPolygon","coordinates":[[[[117.5808,3.30238],[117.5808,3.30249],[117.58082,3.3026],[117.5808,3.30278],[117.58071,3.30303],[117.5807,3.30307],[117.5807,3.30307],[117.58064,3.30338],[117.5807,3.30352],[117.58095,3.30349],[117.58135,3.30348],[117.5816,3.30344],[117.58187,3.30349],[117.58207,3.30344],[117.58219,3.30346],[117.58221,3.30351],[117.58245,3.30336],[117.58256,3.30333],[117.58258,3.30335],[117.58258,3.3035],[117.5825,3.30351],[117.58251,3.30365],[117.58258,3.30364],[117.58258,3.30366],[117.5826,3.3039],[117.58265,3.3039],[117.58265,3.3039],[117.58305,3.30388],[117.58326,3.30389],[117.58389,3.30391],[117.58394,3.30393],[117.5847,3.30414],[117.58471,3.30414],[117.58493,3.30421],[117.58505,3.30367],[117.5851,3.30352],[117.58511,3.30346],[117.58511,3.30344],[117.58512,3.30343],[117.5851,3.30343],[117.5851,3.30343],[117.58507,3.30342],[117.58498,3.30335],[117.58493,3.30332],[117.58492,3.30332],[117.58488,3.3033],[117.5848,3.30327],[117.58423,3.3031],[117.58356,3.30288],[117.5835,3.30287],[117.58345,3.30285],[117.58325,3.3028],[117.58313,3.30277],[117.58313,3.30277],[117.58307,3.30276],[117.58251,3.30261],[117.58224,3.30255],[117.58216,3.30252],[117.58209,3.3025],[117.58187,3.30247],[117.58183,3.30245],[117.58073,3.30218],[117.58076,3.30223],[117.58078,3.3023],[117.5808,3.30238]]]]},"properties":{"kdprov":"65","kdkab":"71","kdkec":"030","kddesa":"001","kdsls":"0013","idsls":"65710300010013","nmprov":"KALIMANTAN UTARA","nmkab":"TARAKAN","nmkec":"TARAKAN BARAT","nmdesa":"KARANG REJO","nmsls":"RT 013"}},{"type":"Feature","geometry":{"type":"MultiPolygon","coordinates":[[[[117.58137,3.30491],[117.58129,3.30491],[117.58118,3.30489],[117.5811,3.30487],[117.58101,3.30488],[117.5809,3.30485],[117.58098,3.3048],[117.58119,3.30477],[117.58133,3.30478],[117.58143,3.30475],[117.58158,3.30474],[117.5816,3.30479],[117.5816,3.30486],[117.58168,3.3049],[117.58176,3.30489],[117.58179,3.30484],[117.58178,3.30479],[117.58179,3.30472],[117.58183,3.30467],[117.5819,3.30464],[117.5819,3.30463],[117.58195,3.30455],[117.58196,3.30455],[117.58197,3.30439],[117.58196,3.3043],[117.58193,3.30427],[117.58179,3.30413],[117.58168,3.30399],[117.58163,3.3038],[117.58147,3.30365],[117.58157,3.30357],[117.58188,3.30361],[117.58204,3.3036],[117.58223,3.30356],[117.58221,3.30351],[117.58219,3.30346],[117.58207,3.30344],[117.58187,3.30349],[117.5816,3.30344],[117.58135,3.30348],[117.58095,3.30349],[117.5807,3.30352],[117.58064,3.30338],[117.5807,3.30307],[117.5807,3.30307],[117.57803,3.30261],[117.57882,3.30424],[117.57882,3.30424],[117.57982,3.30466],[117.58039,3.3049],[117.58056,3.30498],[117.58067,3.30502],[117.58042,3.30546],[117.58026,3.30575],[117.58043,3.30583],[117.5804,3.30589],[117.58035,3.30616],[117.58034,3.30639],[117.58107,3.30657],[117.58108,3.30657],[117.58124,3.30662],[117.5813,3.30635],[117.58142,3.30576],[117.58109,3.30582],[117.58143,3.30491],[117.58137,3.30491]]]]},"properties":{"kdprov":"65","kdkab":"71","kdkec":"030","kddesa":"001","kdsls":"0004","idsls":"65710300010004","nmprov":"KALIMANTAN UTARA","nmkab":"TARAKAN","nmkec":"TARAKAN BARAT","nmdesa":"KARANG REJO","nmsls":"RT 004"}},{"type":"Feature","geometry":{"type":"MultiPolygon","coordinates":[[[[117.58082,3.3026],[117.5808,3.30249],[117.5808,3.30238],[117.58078,3.3023],[117.58076,3.30223],[117.58073,3.30218],[117.58073,3.30216],[117.58076,3.30203],[117.58076,3.3019],[117.58077,3.30183],[117.58078,3.30179],[117.58079,3.30171],[117.5808,3.30168],[117.58083,3.30152],[117.58085,3.30135],[117.58089,3.30115],[117.58086,3.30106],[117.58092,3.30094],[117.58086,3.30092],[117.58076,3.30084],[117.58059,3.30064],[117.58058,3.30062],[117.58056,3.3006],[117.58039,3.30041],[117.58012,3.30017],[117.57963,3.29978],[117.57885,3.29926],[117.57839,3.29868],[117.57762,3.29785],[117.57752,3.29791],[117.57749,3.29792],[117.57733,3.29802],[117.57628,3.29899],[117.5762,3.29907],[117.57618,3.29909],[117.5777,3.30046],[117.57824,3.30094],[117.57788,3.30133],[117.57848,3.30119],[117.57861,3.30124],[117.57797,3.30249],[117.57803,3.30261],[117.5807,3.30307],[117.58071,3.30303],[117.5808,3.30278],[117.58082,3.3026]]]]},"properties":{"kdprov":"65","kdkab":"71","kdkec":"030","kddesa":"001","kdsls":"0016","idsls":"65710300010016","nmprov":"KALIMANTAN UTARA","nmkab":"TARAKAN","nmkec":"TARAKAN BARAT","nmdesa":"KARANG REJO","nmsls":"RT 016"}},{"type":"Feature","geometry":{"type":"MultiPolygon","coordinates":[[[[117.58263,3.30425],[117.58263,3.30422],[117.58264,3.30407],[117.58265,3.3039],[117.5826,3.3039],[117.58258,3.30366],[117.58258,3.30364],[117.58251,3.30365],[117.5825,3.30351],[117.58258,3.3035],[117.58258,3.30335],[117.58256,3.30333],[117.58245,3.30336],[117.58221,3.30351],[117.58223,3.30356],[117.58204,3.3036],[117.58188,3.30361],[117.58157,3.30357],[117.58147,3.30365],[117.58163,3.3038],[117.58168,3.30399],[117.58179,3.30413],[117.58193,3.30427],[117.58202,3.30426],[117.58223,3.30429],[117.58226,3.3042],[117.58232,3.30422],[117.58232,3.30421],[117.58263,3.30426],[117.58264,3.30426],[117.58264,3.30426],[117.58263,3.30425]]]]},"properties":{"kdprov":"65","kdkab":"71","kdkec":"030","kddesa":"001","kdsls":"0014","idsls":"65710300010014","nmprov":"KALIMANTAN UTARA","nmkab":"TARAKAN","nmkec":"TARAKAN BARAT","nmdesa":"KARANG REJO","nmsls":"RT 014"}},{"type":"Feature","geometry":{"type":"MultiPolygon","coordinates":[[[[117.58272,3.30428],[117.58272,3.30428],[117.58295,3.30431],[117.58299,3.30432],[117.58318,3.30447],[117.58403,3.30462],[117.58408,3.30442],[117.58459,3.3046],[117.58459,3.3046],[117.5848,3.30464],[117.58481,3.30457],[117.58481,3.30454],[117.58485,3.30445],[117.58487,3.30439],[117.5849,3.30431],[117.58492,3.30426],[117.58493,3.30421],[117.58471,3.30414],[117.5847,3.30414],[117.58394,3.30393],[117.58389,3.30391],[117.58326,3.30389],[117.58305,3.30388],[117.58265,3.3039],[117.58265,3.3039],[117.58264,3.30407],[117.58263,3.30422],[117.58263,3.30425],[117.58264,3.30426],[117.58264,3.30426],[117.58272,3.30428]]]]},"properties":{"kdprov":"65","kdkab":"71","kdkec":"030","kddesa":"001","kdsls":"0012","idsls":"65710300010012","nmprov":"KALIMANTAN UTARA","nmkab":"TARAKAN","nmkec":"TARAKAN BARAT","nmdesa":"KARANG REJO","nmsls":"RT 012"}},{"type":"Feature","geometry":{"type":"MultiPolygon","coordinates":[[[[117.58511,3.30344],[117.58511,3.30346],[117.5851,3.30352],[117.58505,3.30367],[117.58493,3.30421],[117.58492,3.30426],[117.5849,3.30431],[117.58487,3.30439],[117.58485,3.30445],[117.58481,3.30454],[117.58481,3.30457],[117.5848,3.30464],[117.58478,3.30475],[117.5847,3.30506],[117.58468,3.30513],[117.58466,3.30521],[117.58463,3.30531],[117.5846,3.30544],[117.58456,3.3056],[117.58528,3.30583],[117.58598,3.30604],[117.58598,3.30594],[117.58599,3.30579],[117.58604,3.30542],[117.58604,3.30542],[117.58612,3.30535],[117.58624,3.30496],[117.58622,3.30475],[117.58606,3.3046],[117.58605,3.3044],[117.5861,3.30418],[117.5861,3.30418],[117.58612,3.3041],[117.5858,3.30399],[117.58583,3.30385],[117.58589,3.30363],[117.58588,3.30362],[117.58576,3.30359],[117.58571,3.30358],[117.58566,3.30357],[117.5855,3.30353],[117.58538,3.3035],[117.58524,3.30346],[117.58517,3.30344],[117.58516,3.30344],[117.58514,3.30344],[117.58512,3.30343],[117.58511,3.30344]]]]},"properties":{"kdprov":"65","kdkab":"71","kdkec":"030","kddesa":"002","kdsls":"0011","idsls":"65710300020011","nmprov":"KALIMANTAN UTARA","nmkab":"TARAKAN","nmkec":"TARAKAN BARAT","nmdesa":"KARANG BALIK","nmsls":"RT 011"}},{"type":"Feature","geometry":{"type":"MultiPolygon","coordinates":[[[[117.588,3.30493],[117.58814,3.30496],[117.58853,3.30506],[117.58892,3.30513],[117.58886,3.30531],[117.58922,3.30547],[117.58941,3.30555],[117.58944,3.30555],[117.58947,3.30557],[117.58969,3.30553],[117.58992,3.30556],[117.59001,3.30557],[117.59007,3.30557],[117.59012,3.30557],[117.59016,3.30555],[117.59019,3.30553],[117.59022,3.3055],[117.59022,3.3055],[117.59044,3.30519],[117.59053,3.30514],[117.59077,3.30489],[117.59077,3.30489],[117.59074,3.30487],[117.59047,3.3047],[117.59042,3.30468],[117.59029,3.30461],[117.5902,3.30456],[117.59017,3.30454],[117.59007,3.30449],[117.58897,3.3039],[117.58896,3.30389],[117.58889,3.30386],[117.58879,3.3038],[117.58854,3.30368],[117.58854,3.30368],[117.58849,3.30366],[117.58834,3.30399],[117.5881,3.30459],[117.588,3.30493]]]]},"properties":{"kdprov":"65","kdkab":"71","kdkec":"030","kddesa":"002","kdsls":"0001","idsls":"65710300020001","nmprov":"KALIMANTAN UTARA","nmkab":"TARAKAN","nmkec":"TARAKAN BARAT","nmdesa":"KARANG BALIK","nmsls":"RT 001"}},{"type":"Feature","geometry":{"type":"MultiPolygon","coordinates":[[[[117.58841,3.30695],[117.5892,3.30711],[117.58944,3.30723],[117.58941,3.3075],[117.58944,3.30755],[117.58968,3.30765],[117.58971,3.30784],[117.59007,3.30802],[117.59119,3.30829],[117.59102,3.30891],[117.59096,3.30935],[117.59104,3.30935],[117.59132,3.30932],[117.59162,3.30928],[117.59197,3.3092],[117.59231,3.30912],[117.59248,3.30907],[117.59276,3.30906],[117.59293,3.30903],[117.59298,3.309],[117.59302,3.30898],[117.59305,3.30894],[117.59305,3.3089],[117.59306,3.30885],[117.59306,3.30884],[117.59323,3.30884],[117.59323,3.30857],[117.59267,3.30793],[117.5927,3.30777],[117.59274,3.30751],[117.59244,3.30745],[117.59139,3.30726],[117.59132,3.30744],[117.59109,3.30738],[117.59067,3.30726],[117.58997,3.30706],[117.58984,3.30696],[117.5895,3.30666],[117.58948,3.30664],[117.58939,3.30666],[117.58893,3.30671],[117.58858,3.30671],[117.58841,3.30695]]]]},"properties":{"kdprov":"65","kdkab":"71","kdkec":"030","kddesa":"002","kdsls":"0004","idsls":"65710300020004","nmprov":"KALIMANTAN UTARA","nmkab":"TARAKAN","nmkec":"TARAKAN BARAT","nmdesa":"KARANG BALIK","nmsls":"RT 004"}},{"type":"Feature","geometry":{"type":"MultiPolygon","coordinates":[[[[117.58085,3.32853],[117.58089,3.32831],[117.58092,3.32796],[117.58105,3.32758],[117.58121,3.3273],[117.58129,3.32714],[117.58105,3.32696],[117.58068,3.32664],[117.58024,3.32644],[117.58,3.32631],[117.57996,3.32623],[117.57991,3.32606],[117.57989,3.32586],[117.57988,3.32576],[117.57993,3.32555],[117.58,3.32534],[117.57937,3.32508],[117.5789,3.32488],[117.57886,3.32478],[117.57873,3.32476],[117.5786,3.32473],[117.57834,3.32465],[117.57813,3.32545],[117.57811,3.32544],[117.57798,3.32538],[117.57798,3.32538],[117.57766,3.3252],[117.57741,3.3261],[117.57739,3.32611],[117.57744,3.32641],[117.57749,3.32665],[117.57754,3.32695],[117.57752,3.32705],[117.57721,3.32847],[117.57731,3.32842],[117.57782,3.32817],[117.57871,3.32802],[117.57983,3.32897],[117.58037,3.32876],[117.58037,3.32876],[117.58085,3.32853]]]]},"properties":{"kdprov":"65","kdkab":"71","kdkec":"030","kddesa":"003","kdsls":"0065","idsls":"65710300030065","nmprov":"KALIMANTAN UTARA","nmkab":"TARAKAN","nmkec":"TARAKAN BARAT","nmdesa":"KARANG ANYAR","nmsls":"RT 065"}},{"type":"Feature","geometry":{"type":"MultiPolygon","coordinates":[[[[117.55047,3.35657],[117.55101,3.35628],[117.55167,3.35594],[117.55224,3.35569],[117.55306,3.35594],[117.55405,3.35626],[117.55472,3.35657],[117.555,3.35669],[117.55545,3.35674],[117.55585,3.3568],[117.55646,3.35682],[117.55714,3.35688],[117.5575,3.35695],[117.55751,3.35691],[117.5576,3.35644],[117.55762,3.35613],[117.55766,3.35588],[117.55777,3.35522],[117.55771,3.35513],[117.55763,3.35501],[117.55752,3.35458],[117.55751,3.35403],[117.55758,3.35356],[117.5577,3.353],[117.55771,3.35243],[117.5577,3.35223],[117.55526,3.35376],[117.55407,3.35377],[117.5512,3.35332],[117.55091,3.3544],[117.55082,3.35542],[117.55047,3.35657]]]]},"properties":{"kdprov":"65","kdkab":"71","kdkec":"030","kddesa":"005","kdsls":"0016","idsls":"65710300050016","nmprov":"KALIMANTAN UTARA","nmkab":"TARAKAN","nmkec":"TARAKAN BARAT","nmdesa":"KARANG HARAPAN","nmsls":"RT 016"}},{"type":"Feature","geometry":{"type":"MultiPolygon","coordinates":[[[[117.57954,3.30518],[117.57957,3.3052],[117.58005,3.30548],[117.58007,3.30545],[117.58014,3.30533],[117.57962,3.30505],[117.57954,3.30518]]]]},"properties":{"kdprov":"65","kdkab":"71","kdkec":"030","kddesa":"001","kdsls":"0003","idsls":"65710300010003","nmprov":"KALIMANTAN UTARA","nmkab":"TARAKAN","nmkec":"TARAKAN BARAT","nmdesa":"KARANG REJO","nmsls":"RT 003"}},{"type":"Feature","geometry":{"type":"MultiPolygon","coordinates":[[[[117.57982,3.30595],[117.57966,3.30584],[117.57958,3.30597],[117.57938,3.30585],[117.57944,3.30573],[117.57929,3.30564],[117.57925,3.3057],[117.57928,3.30572],[117.57906,3.30607],[117.57949,3.30632],[117.57957,3.30636],[117.57961,3.30629],[117.57959,3.30627],[117.57963,3.30619],[117.57975,3.30599],[117.57978,3.30602],[117.57982,3.30595]]]]},"properties":{"kdprov":"65","kdkab":"71","kdkec":"030","kddesa":"001","kdsls":"0003","idsls":"65710300010003","nmprov":"KALIMANTAN UTARA","nmkab":"TARAKAN","nmkec":"TARAKAN BARAT","nmdesa":"KARANG REJO","nmsls":"RT 003"}},{"type":"Feature","geometry":{"type":"MultiPolygon","coordinates":[[[[117.57955,3.30699],[117.57961,3.30687],[117.57962,3.30682],[117.57973,3.3066],[117.5798,3.30645],[117.57987,3.30633],[117.57994,3.30618],[117.57997,3.30612],[117.58009,3.30592],[117.58024,3.30566],[117.58049,3.30518],[117.58047,3.30516],[117.58056,3.30498],[117.58039,3.3049],[117.57982,3.30466],[117.57882,3.30424],[117.57882,3.30424],[117.57771,3.30614],[117.57775,3.30617],[117.57788,3.30624],[117.57802,3.30632],[117.57847,3.30657],[117.57898,3.30685],[117.57942,3.30708],[117.57947,3.30711],[117.57955,3.30699]],[[117.57982,3.3059],[117.57984,3.30591],[117.57982,3.30595],[117.57978,3.30602],[117.57975,3.30599],[117.57963,3.30619],[117.57959,3.30627],[117.57961,3.30629],[117.57957,3.30636],[117.57949,3.30632],[117.57906,3.30607],[117.57928,3.30572],[117.57925,3.3057],[117.57929,3.30564],[117.57932,3.30558],[117.57935,3.3056],[117.57951,3.30532],[117.5795,3.30531],[117.57957,3.3052],[117.57954,3.30518],[117.57962,3.30505],[117.57968,3.30492],[117.57979,3.30498],[117.57981,3.30496],[117.58,3.30507],[117.58002,3.30503],[117.58025,3.30515],[117.58021,3.30522],[117.58014,3.30533],[117.58014,3.30533],[117.58007,3.30545],[117.58005,3.30548],[117.58,3.30559],[117.57982,3.3059]]]]},"properties":{"kdprov":"65","kdkab":"71","kdkec":"030","kddesa":"001","kdsls":"0003","idsls":"65710300010003","nmprov":"KALIMANTAN UTARA","nmkab":"TARAKAN","nmkec":"TARAKAN BARAT","nmdesa":"KARANG REJO","nmsls":"RT 003"}}]}