{"type":"FeatureCollection","features":[{"type":"Feature","geometry":{"type":"MultiPolygon","coordinates":[[[[117.54467,3.3634],[117.54467,3.36388],[117.54636,3.36381],[117.54635,3.36358],[117.54648,3.36358],[117.54648,3.36354],[117.54648,3.36323],[117.54603,3.36325],[117.54615,3.36335],[117.54467,3.36341],[117.54467,3.3634]]]]},"properties":{"kdprov":"65","kdkab":"71","kdkec":"040","kddesa":"001","kdsls":"0005","idsls":"65710400010005","nmprov":"KALIMANTAN UTARA","nmkab":"TARAKAN","nmkec":"TARAKAN UTARA","nmdesa":"JUATA PERMAI","nmsls":"RT 005"}},{"type":"Feature","geometry":{"type":"MultiPolygon","coordinates":[[[[117.57407,3.34479],[117.57408,3.34489],[117.57408,3.34489],[117.5741,3.34508],[117.57412,3.34517],[117.57412,3.34522],[117.57415,3.34541],[117.57424,3.34607],[117.57427,3.34624],[117.57431,3.3465],[117.57438,3.34688],[117.57445,3.34772],[117.57446,3.34797],[117.57429,3.34848],[117.57413,3.34888],[117.57407,3.34919],[117.57408,3.34942],[117.57409,3.34954],[117.57418,3.34993],[117.5751,3.35],[117.57809,3.34995],[117.57821,3.34993],[117.5788,3.3499],[117.579,3.34989],[117.57923,3.34987],[117.57966,3.34963],[117.57972,3.34953],[117.57992,3.34906],[117.58004,3.34898],[117.58019,3.34881],[117.58035,3.34846],[117.58007,3.34797],[117.58008,3.34783],[117.57999,3.3477],[117.5798,3.34765],[117.57978,3.34725],[117.57961,3.34369],[117.57517,3.34428],[117.57494,3.34434],[117.57477,3.34445],[117.57402,3.34456],[117.57407,3.34479]]]]},"properties":{"kdprov":"65","kdkab":"71","kdkec":"040","kddesa":"002","kdsls":"0004","idsls":"65710400020004","nmprov":"KALIMANTAN UTARA","nmkab":"TARAKAN","nmkec":"TARAKAN UTARA","nmdesa":"JUATA KERIKIL","nmsls":"RT 004"}},{"type":"Feature","geometry":{"type":"MultiPolygon","coordinates":[[[[117.54991,3.43747],[117.54985,3.43712],[117.54965,3.43659],[117.54902,3.4361],[117.54851,3.43613],[117.54806,3.43639],[117.54723,3.4368],[117.54643,3.4373],[117.54661,3.43773],[117.54667,3.43785],[117.54806,3.43688],[117.54894,3.43794],[117.54974,3.4375],[117.54991,3.43747]]]]},"properties":{"kdprov":"65","kdkab":"71","kdkec":"040","kddesa":"003","kdsls":"0009","idsls":"65710400030009","nmprov":"KALIMANTAN UTARA","nmkab":"TARAKAN","nmkec":"TARAKAN UTARA","nmdesa":"JUATA LAUT","nmsls":"RT 009"}},{"type":"Feature","geometry":{"type":"MultiPolygon","coordinates":[[[[117.55811,3.36971],[117.55811,3.36971],[117.55766,3.36988],[117.55715,3.37007],[117.55681,3.37022],[117.55654,3.37034],[117.55648,3.37036],[117.55643,3.37039],[117.55608,3.37057],[117.55586,3.37057],[117.55558,3.37057],[117.55521,3.37057],[117.55506,3.37058],[117.55497,3.37058],[117.55486,3.37055],[117.55478,3.37048],[117.5546,3.37032],[117.5544,3.37013],[117.55422,3.36997],[117.55395,3.36985],[117.55367,3.36981],[117.55338,3.36978],[117.55321,3.36974],[117.5531,3.36971],[117.55296,3.36964],[117.55283,3.36953],[117.55272,3.36944],[117.55248,3.36927],[117.5524,3.3692],[117.55236,3.36918],[117.55222,3.36913],[117.55214,3.36913],[117.55193,3.36953],[117.55181,3.36978],[117.55169,3.37004],[117.55154,3.37033],[117.55141,3.37063],[117.55138,3.37071],[117.55134,3.37079],[117.55133,3.37082],[117.55127,3.3712],[117.55123,3.37147],[117.5512,3.37163],[117.55115,3.37186],[117.55107,3.37214],[117.551,3.3724],[117.551,3.37243],[117.55115,3.37243],[117.5512,3.37244],[117.55128,3.37246],[117.55142,3.37254],[117.55149,3.37263],[117.55153,3.37272],[117.55155,3.37286],[117.55159,3.37293],[117.55162,3.37299],[117.55169,3.37305],[117.55183,3.3731],[117.55195,3.37312],[117.55208,3.3731],[117.55223,3.37309],[117.55233,3.37308],[117.55246,3.37307],[117.55257,3.37312],[117.55281,3.37328],[117.55295,3.3733],[117.55306,3.37323],[117.55335,3.373],[117.55348,3.37293],[117.55375,3.37279],[117.55391,3.37276],[117.55408,3.37276],[117.55426,3.3728],[117.55443,3.37289],[117.5546,3.37301],[117.55475,3.37305],[117.55488,3.37307],[117.55509,3.3731],[117.55519,3.37316],[117.55533,3.37386],[117.55539,3.37397],[117.55544,3.37401],[117.55553,3.37401],[117.55559,3.37396],[117.55563,3.37391],[117.55566,3.37382],[117.55569,3.37374],[117.5557,3.37367],[117.55575,3.3736],[117.5558,3.37352],[117.55587,3.37346],[117.55592,3.37341],[117.55598,3.37337],[117.55607,3.37332],[117.55616,3.37329],[117.55623,3.37328],[117.55632,3.37326],[117.55639,3.37326],[117.55646,3.37326],[117.55654,3.37326],[117.55663,3.37336],[117.5567,3.37343],[117.55677,3.37356],[117.55682,3.37368],[117.55691,3.37384],[117.55745,3.37454],[117.55785,3.37504],[117.55799,3.37531],[117.55815,3.3758],[117.55825,3.3759],[117.55835,3.37594],[117.55852,3.37591],[117.55866,3.37579],[117.55878,3.3757],[117.55887,3.37565],[117.55901,3.37563],[117.55915,3.37566],[117.55923,3.37569],[117.55934,3.37572],[117.5594,3.37573],[117.55949,3.37573],[117.55963,3.37568],[117.55978,3.37557],[117.55991,3.37549],[117.56006,3.37543],[117.56025,3.37538],[117.56037,3.37538],[117.56053,3.37539],[117.56066,3.37543],[117.56077,3.37544],[117.56088,3.37545],[117.56103,3.37545],[117.56115,3.37544],[117.56125,3.37534],[117.56141,3.37509],[117.56148,3.37496],[117.56149,3.37482],[117.5615,3.37473],[117.56153,3.37468],[117.56155,3.37464],[117.56259,3.37422],[117.56263,3.37421],[117.56272,3.37436],[117.56277,3.3744],[117.5628,3.37443],[117.56286,3.37442],[117.56294,3.37439],[117.56299,3.37435],[117.56304,3.3743],[117.56306,3.37423],[117.56308,3.37418],[117.56309,3.37404],[117.56307,3.37383],[117.56307,3.3737],[117.56309,3.37356],[117.5631,3.37345],[117.56312,3.37339],[117.56315,3.37332],[117.56319,3.37324],[117.56327,3.37315],[117.56331,3.37306],[117.56334,3.37295],[117.56337,3.37283],[117.56342,3.37276],[117.56353,3.37268],[117.56369,3.37263],[117.56383,3.37262],[117.56394,3.3727],[117.5641,3.37287],[117.56428,3.37302],[117.56444,3.3731],[117.56452,3.37313],[117.5646,3.37309],[117.56466,3.37301],[117.56472,3.37293],[117.56477,3.37283],[117.56481,3.37272],[117.56482,3.37268],[117.56493,3.37242],[117.56501,3.37225],[117.56505,3.37216],[117.56513,3.37209],[117.56518,3.37199],[117.56523,3.37189],[117.56528,3.37179],[117.56532,3.3717],[117.56533,3.3716],[117.56534,3.37141],[117.56534,3.37126],[117.56533,3.37118],[117.56535,3.37111],[117.56546,3.37103],[117.56557,3.37097],[117.56571,3.37095],[117.5661,3.36971],[117.56592,3.36967],[117.56585,3.36957],[117.56573,3.36929],[117.56567,3.36916],[117.56558,3.36909],[117.56538,3.36904],[117.56499,3.36899],[117.56458,3.3689],[117.56405,3.36879],[117.56354,3.36863],[117.56306,3.36849],[117.56275,3.36845],[117.56256,3.36851],[117.56244,3.36865],[117.5624,3.36873],[117.56233,3.36887],[117.56224,3.36902],[117.56213,3.36916],[117.56201,3.36929],[117.56185,3.36939],[117.56167,3.36944],[117.56137,3.3695],[117.56128,3.36952],[117.56111,3.36965],[117.56098,3.36974],[117.5607,3.36984],[117.56037,3.36993],[117.56015,3.36995],[117.55996,3.36989],[117.55985,3.36978],[117.55975,3.36972],[117.55953,3.36961],[117.55921,3.36957],[117.5589,3.36956],[117.55869,3.36959],[117.55811,3.36971]]]]},"properties":{"kdprov":"65","kdkab":"71","kdkec":"040","kddesa":"002","kdsls":"0001","idsls":"65710400020001","nmprov":"KALIMANTAN UTARA","nmkab":"TARAKAN","nmkec":"TARAKAN UTARA","nmdesa":"JUATA KERIKIL","nmsls":"RT 001"}},{"type":"Feature","geometry":{"type":"MultiPolygon","coordinates":[[[[117.54603,3.36325],[117.54555,3.36277],[117.54555,3.36243],[117.5447,3.36241],[117.54467,3.36246],[117.54466,3.36249],[117.54467,3.36316],[117.54467,3.36333],[117.54467,3.3634],[117.54467,3.36341],[117.54615,3.36335],[117.54603,3.36325]]]]},"properties":{"kdprov":"65","kdkab":"71","kdkec":"040","kddesa":"001","kdsls":"0006","idsls":"65710400010006","nmprov":"KALIMANTAN UTARA","nmkab":"TARAKAN","nmkec":"TARAKAN UTARA","nmdesa":"JUATA PERMAI","nmsls":"RT 006"}},{"type":"Feature","geometry":{"type":"MultiPolygon","coordinates":[[[[117.5414,3.37369],[117.54126,3.37343],[117.54112,3.37296],[117.54104,3.37251],[117.54085,3.37194],[117.54059,3.37138],[117.54028,3.37077],[117.53991,3.37018],[117.53977,3.36991],[117.53934,3.37007],[117.53886,3.37032],[117.5383,3.37075],[117.53778,3.37113],[117.53719,3.37151],[117.5373,3.37178],[117.53767,3.3724],[117.53802,3.37294],[117.53824,3.37357],[117.53837,3.37419],[117.53872,3.37403],[117.53904,3.37388],[117.53993,3.37427],[117.54055,3.37407],[117.54062,3.37401],[117.54088,3.37401],[117.54117,3.37392],[117.5414,3.37369]]]]},"properties":{"kdprov":"65","kdkab":"71","kdkec":"040","kddesa":"001","kdsls":"0002","idsls":"65710400010002","nmprov":"KALIMANTAN UTARA","nmkab":"TARAKAN","nmkec":"TARAKAN UTARA","nmdesa":"JUATA PERMAI","nmsls":"RT 002"}},{"type":"Feature","geometry":{"type":"MultiPolygon","coordinates":[[[[117.57999,3.3477],[117.58008,3.34783],[117.58007,3.34797],[117.58035,3.34846],[117.58019,3.34881],[117.58004,3.34898],[117.57992,3.34906],[117.57972,3.34953],[117.57966,3.34963],[117.57923,3.34987],[117.579,3.34989],[117.5788,3.3499],[117.57821,3.34993],[117.57809,3.34995],[117.5751,3.35],[117.57418,3.34993],[117.5742,3.35006],[117.57422,3.35013],[117.57424,3.3503],[117.57424,3.35052],[117.57424,3.35086],[117.57425,3.35149],[117.57415,3.35183],[117.57411,3.35196],[117.57407,3.35209],[117.57393,3.35226],[117.57405,3.35242],[117.57498,3.35301],[117.5755,3.35329],[117.57551,3.35329],[117.57579,3.35324],[117.57603,3.3534],[117.57603,3.35341],[117.57602,3.35351],[117.57633,3.3537],[117.57682,3.35364],[117.57731,3.35318],[117.57751,3.35318],[117.58013,3.35402],[117.58018,3.35393],[117.58033,3.35371],[117.58044,3.3537],[117.58051,3.35366],[117.58061,3.35349],[117.58067,3.3534],[117.58083,3.35321],[117.58293,3.35181],[117.5837,3.35019],[117.58367,3.35002],[117.58381,3.3494],[117.58338,3.34799],[117.58426,3.34727],[117.57978,3.34725],[117.5798,3.34765],[117.57999,3.3477]]]]},"properties":{"kdprov":"65","kdkab":"71","kdkec":"040","kddesa":"002","kdsls":"0011","idsls":"65710400020011","nmprov":"KALIMANTAN UTARA","nmkab":"TARAKAN","nmkec":"TARAKAN UTARA","nmdesa":"JUATA KERIKIL","nmsls":"RT 011"}},{"type":"Feature","geometry":{"type":"MultiPolygon","coordinates":[[[[117.58426,3.34727],[117.58467,3.34695],[117.58485,3.3462],[117.58485,3.34568],[117.5851,3.34508],[117.58536,3.34469],[117.58765,3.33933],[117.58762,3.33931],[117.58744,3.3394],[117.58727,3.33942],[117.58685,3.33937],[117.58626,3.33931],[117.58603,3.33931],[117.5859,3.33931],[117.58537,3.33931],[117.58522,3.33932],[117.58482,3.33934],[117.58453,3.33935],[117.58425,3.33935],[117.58425,3.33935],[117.58416,3.33952],[117.58406,3.3397],[117.58404,3.33972],[117.58399,3.33977],[117.5839,3.33986],[117.58369,3.33989],[117.58361,3.3399],[117.583,3.33975],[117.58259,3.33964],[117.58241,3.3396],[117.58219,3.33954],[117.58152,3.33937],[117.58151,3.33937],[117.58108,3.33927],[117.58088,3.33923],[117.58036,3.33913],[117.57997,3.33906],[117.5799,3.33906],[117.57982,3.33906],[117.57973,3.33907],[117.5794,3.33913],[117.57936,3.33914],[117.57935,3.33915],[117.57887,3.33936],[117.57837,3.33961],[117.578,3.33979],[117.5779,3.33982],[117.57781,3.33985],[117.57761,3.33992],[117.57737,3.34003],[117.57724,3.3401],[117.57695,3.34023],[117.5767,3.3407],[117.57657,3.34103],[117.57651,3.34116],[117.57648,3.34124],[117.57646,3.34129],[117.57644,3.34134],[117.57643,3.34137],[117.57643,3.34137],[117.57632,3.34165],[117.57624,3.34172],[117.57612,3.34186],[117.5756,3.3422],[117.57512,3.34245],[117.57443,3.34281],[117.57436,3.34285],[117.57407,3.34303],[117.57402,3.34307],[117.57383,3.34318],[117.57378,3.34322],[117.57373,3.34326],[117.57381,3.34364],[117.57384,3.34375],[117.57398,3.34439],[117.57399,3.34438],[117.574,3.34446],[117.57402,3.34454],[117.57402,3.34456],[117.57477,3.34445],[117.57494,3.34434],[117.57517,3.34428],[117.57961,3.34369],[117.57978,3.34725],[117.58426,3.34727]]]]},"properties":{"kdprov":"65","kdkab":"71","kdkec":"040","kddesa":"002","kdsls":"0011","idsls":"65710400020011","nmprov":"KALIMANTAN UTARA","nmkab":"TARAKAN","nmkec":"TARAKAN UTARA","nmdesa":"JUATA KERIKIL","nmsls":"RT 011"}},{"type":"Feature","geometry":{"type":"MultiPolygon","coordinates":[[[[117.57129,3.36367],[117.57088,3.36358],[117.57075,3.36358],[117.57063,3.36365],[117.57029,3.36349],[117.57017,3.36407],[117.57004,3.36472],[117.56993,3.36514],[117.56983,3.36556],[117.56977,3.36572],[117.56967,3.36592],[117.56956,3.36625],[117.56945,3.36642],[117.56939,3.36652],[117.56919,3.36682],[117.569,3.36714],[117.56894,3.36734],[117.56895,3.36757],[117.569,3.36795],[117.56904,3.36815],[117.56898,3.3682],[117.56924,3.36872],[117.56929,3.36885],[117.56982,3.3692],[117.57035,3.36957],[117.57052,3.36965],[117.57068,3.36969],[117.57117,3.36995],[117.57142,3.37006],[117.57161,3.37016],[117.57176,3.37021],[117.57234,3.37057],[117.5725,3.37059],[117.57268,3.37069],[117.57363,3.37199],[117.57407,3.37248],[117.57429,3.37265],[117.57459,3.37336],[117.57492,3.37366],[117.57548,3.37406],[117.57612,3.37514],[117.57654,3.37547],[117.57703,3.37564],[117.57745,3.37587],[117.57765,3.37606],[117.57814,3.37597],[117.57905,3.37249],[117.57972,3.36995],[117.58102,3.36499],[117.57612,3.36432],[117.57129,3.36367]]]]},"properties":{"kdprov":"65","kdkab":"71","kdkec":"040","kddesa":"002","kdsls":"0010","idsls":"65710400020010","nmprov":"KALIMANTAN UTARA","nmkab":"TARAKAN","nmkec":"TARAKAN UTARA","nmdesa":"JUATA KERIKIL","nmsls":"RT 010"}},{"type":"Feature","geometry":{"type":"MultiPolygon","coordinates":[[[[117.57367,3.35419],[117.57383,3.35433],[117.574,3.35458],[117.5741,3.35466],[117.57416,3.35471],[117.57438,3.35491],[117.57478,3.35509],[117.57506,3.35518],[117.5753,3.35527],[117.57547,3.35535],[117.57556,3.35543],[117.57576,3.35549],[117.57604,3.35563],[117.57629,3.3557],[117.57652,3.35583],[117.57684,3.35594],[117.57694,3.356],[117.57702,3.35607],[117.57715,3.35622],[117.57731,3.35648],[117.57747,3.35687],[117.57747,3.35693],[117.57751,3.35704],[117.57756,3.35708],[117.57795,3.35725],[117.57857,3.35753],[117.57892,3.35773],[117.57947,3.35718],[117.57923,3.35641],[117.57926,3.35607],[117.57934,3.35608],[117.57939,3.35581],[117.57952,3.35552],[117.57954,3.35537],[117.5798,3.35467],[117.58013,3.35402],[117.57751,3.35318],[117.57731,3.35318],[117.57682,3.35364],[117.57633,3.3537],[117.57602,3.35351],[117.57603,3.35341],[117.57603,3.3534],[117.57579,3.35324],[117.57551,3.35329],[117.5755,3.35329],[117.57498,3.35301],[117.57405,3.35242],[117.57393,3.35226],[117.57381,3.35241],[117.57377,3.35245],[117.57365,3.35254],[117.57312,3.35295],[117.57304,3.35298],[117.57299,3.353],[117.57337,3.35377],[117.57351,3.354],[117.57367,3.35419]]]]},"properties":{"kdprov":"65","kdkab":"71","kdkec":"040","kddesa":"002","kdsls":"0003","idsls":"65710400020003","nmprov":"KALIMANTAN UTARA","nmkab":"TARAKAN","nmkec":"TARAKAN UTARA","nmdesa":"JUATA KERIKIL","nmsls":"RT 003"}},{"type":"Feature","geometry":{"type":"MultiPolygon","coordinates":[[[[117.58782,3.33982],[117.58789,3.33957],[117.58789,3.33956],[117.58765,3.33933],[117.58536,3.34469],[117.5851,3.34508],[117.58485,3.34568],[117.58485,3.3462],[117.58467,3.34695],[117.58426,3.34727],[117.58338,3.34799],[117.58381,3.3494],[117.58367,3.35002],[117.5837,3.35019],[117.58293,3.35181],[117.58083,3.35321],[117.58067,3.3534],[117.58061,3.35349],[117.58051,3.35366],[117.58044,3.3537],[117.58033,3.35371],[117.58018,3.35393],[117.58013,3.35402],[117.5798,3.35467],[117.57954,3.35537],[117.57952,3.35552],[117.57939,3.35581],[117.57934,3.35608],[117.57926,3.35607],[117.57923,3.35641],[117.57947,3.35718],[117.57892,3.35773],[117.57876,3.35789],[117.5787,3.3579],[117.57845,3.35927],[117.57788,3.35988],[117.57858,3.36079],[117.57833,3.36141],[117.57827,3.36143],[117.57817,3.36141],[117.57728,3.36203],[117.57706,3.3629],[117.57628,3.36282],[117.57628,3.36283],[117.57612,3.36432],[117.58102,3.36499],[117.58146,3.36332],[117.58149,3.36322],[117.58745,3.3412],[117.5876,3.34065],[117.58782,3.33982]]]]},"properties":{"kdprov":"65","kdkab":"71","kdkec":"040","kddesa":"002","kdsls":"2001","idsls":"65710400022001","nmprov":"KALIMANTAN UTARA","nmkab":"TARAKAN","nmkec":"TARAKAN UTARA","nmdesa":"JUATA KERIKIL","nmsls":"HUTAN LINDUNG"}},{"type":"Feature","geometry":{"type":"MultiPolygon","coordinates":[[[[117.57185,3.359],[117.57224,3.35931],[117.57289,3.35975],[117.57324,3.36007],[117.57419,3.36092],[117.57456,3.36121],[117.57507,3.36171],[117.57524,3.36189],[117.5754,3.36203],[117.57578,3.3623],[117.57599,3.36245],[117.5762,3.36274],[117.57628,3.36283],[117.57628,3.36282],[117.57706,3.3629],[117.57728,3.36203],[117.57817,3.36141],[117.57827,3.36143],[117.57833,3.36141],[117.57858,3.36079],[117.57788,3.35988],[117.57845,3.35927],[117.5787,3.3579],[117.57876,3.35789],[117.57892,3.35773],[117.57857,3.35753],[117.57795,3.35725],[117.57756,3.35708],[117.57751,3.35704],[117.57747,3.35693],[117.57747,3.35687],[117.57731,3.35648],[117.57715,3.35622],[117.57702,3.35607],[117.57694,3.356],[117.57684,3.35594],[117.57652,3.35583],[117.57629,3.3557],[117.57604,3.35563],[117.57576,3.35549],[117.57556,3.35543],[117.57547,3.35535],[117.5753,3.35527],[117.57506,3.35518],[117.57478,3.35509],[117.57438,3.35491],[117.57416,3.35471],[117.5741,3.35466],[117.574,3.35458],[117.57383,3.35433],[117.57367,3.35419],[117.57351,3.354],[117.57337,3.35377],[117.57299,3.353],[117.57222,3.35324],[117.57198,3.35333],[117.57189,3.35336],[117.57148,3.35351],[117.57045,3.35399],[117.57041,3.35403],[117.57032,3.35412],[117.57009,3.35438],[117.56991,3.35457],[117.56975,3.35475],[117.56974,3.35476],[117.56952,3.355],[117.56947,3.35505],[117.56941,3.35511],[117.56921,3.35533],[117.56911,3.35543],[117.56886,3.35571],[117.56878,3.3558],[117.56848,3.35618],[117.56841,3.35629],[117.56838,3.35638],[117.56882,3.35649],[117.56915,3.35671],[117.57002,3.35738],[117.57062,3.35782],[117.5714,3.35855],[117.57185,3.359]]]]},"properties":{"kdprov":"65","kdkab":"71","kdkec":"040","kddesa":"002","kdsls":"0003","idsls":"65710400020003","nmprov":"KALIMANTAN UTARA","nmkab":"TARAKAN","nmkec":"TARAKAN UTARA","nmdesa":"JUATA KERIKIL","nmsls":"RT 003"}},{"type":"Feature","geometry":{"type":"MultiPolygon","coordinates":[[[[117.54701,3.36768],[117.54706,3.36799],[117.54737,3.36852],[117.5477,3.36898],[117.54804,3.36948],[117.54834,3.36987],[117.54861,3.36973],[117.54999,3.36891],[117.54965,3.36841],[117.55069,3.3677],[117.55145,3.36731],[117.55138,3.36716],[117.55129,3.36696],[117.55115,3.3668],[117.55103,3.36669],[117.55085,3.36654],[117.55061,3.36636],[117.55025,3.36647],[117.54988,3.36664],[117.54954,3.36686],[117.54928,3.36712],[117.54904,3.36735],[117.54895,3.36756],[117.54839,3.36756],[117.54793,3.36762],[117.54747,3.36767],[117.54701,3.36768]]]]},"properties":{"kdprov":"65","kdkab":"71","kdkec":"040","kddesa":"001","kdsls":"0002","idsls":"65710400010002","nmprov":"KALIMANTAN UTARA","nmkab":"TARAKAN","nmkec":"TARAKAN UTARA","nmdesa":"JUATA PERMAI","nmsls":"RT 002"}},{"type":"Feature","geometry":{"type":"MultiPolygon","coordinates":[[[[117.57419,3.36092],[117.57324,3.36007],[117.57289,3.35975],[117.57224,3.35931],[117.57185,3.359],[117.5714,3.35855],[117.57062,3.35782],[117.57002,3.35738],[117.56915,3.35671],[117.56882,3.35649],[117.56838,3.35638],[117.56838,3.3564],[117.56834,3.35651],[117.56825,3.35681],[117.56823,3.35687],[117.56809,3.35732],[117.56803,3.3575],[117.56796,3.3577],[117.56797,3.35782],[117.56799,3.35801],[117.56795,3.35801],[117.56795,3.35802],[117.56797,3.35853],[117.56798,3.35861],[117.56799,3.35898],[117.56816,3.35907],[117.56835,3.35917],[117.56871,3.35937],[117.56883,3.35944],[117.56887,3.35946],[117.56921,3.35964],[117.56954,3.35982],[117.57016,3.36132],[117.57022,3.36149],[117.57045,3.36226],[117.57047,3.36235],[117.5705,3.36264],[117.57039,3.36308],[117.57029,3.36349],[117.57063,3.36365],[117.57075,3.36358],[117.57088,3.36358],[117.57129,3.36367],[117.57612,3.36432],[117.57628,3.36283],[117.5762,3.36274],[117.57599,3.36245],[117.57578,3.3623],[117.5754,3.36203],[117.57524,3.36189],[117.57507,3.36171],[117.57456,3.36121],[117.57419,3.36092]]]]},"properties":{"kdprov":"65","kdkab":"71","kdkec":"040","kddesa":"002","kdsls":"0003","idsls":"65710400020003","nmprov":"KALIMANTAN UTARA","nmkab":"TARAKAN","nmkec":"TARAKAN UTARA","nmdesa":"JUATA KERIKIL","nmsls":"RT 003"}},{"type":"Feature","geometry":{"type":"MultiPolygon","coordinates":[[[[117.57445,3.37892],[117.57321,3.37885],[117.57036,3.3785],[117.56666,3.37837],[117.56489,3.3782],[117.5629,3.37819],[117.56007,3.3782],[117.5582,3.37804],[117.557,3.37794],[117.55651,3.37782],[117.55557,3.37756],[117.55464,3.37716],[117.55487,3.37662],[117.55368,3.37622],[117.5536,3.37645],[117.55351,3.3767],[117.55329,3.37665],[117.55328,3.37672],[117.55286,3.3783],[117.55307,3.37837],[117.55281,3.37917],[117.5533,3.37932],[117.55378,3.37939],[117.55426,3.37942],[117.55464,3.37955],[117.55466,3.37962],[117.55529,3.37964],[117.55748,3.38063],[117.55766,3.38077],[117.57512,3.38256],[117.57796,3.38249],[117.57784,3.38223],[117.57781,3.38182],[117.5775,3.38144],[117.57726,3.38116],[117.57715,3.38087],[117.57716,3.38075],[117.57652,3.38073],[117.57637,3.38057],[117.57601,3.37927],[117.57445,3.37892]]]]},"properties":{"kdprov":"65","kdkab":"71","kdkec":"040","kddesa":"002","kdsls":"0007","idsls":"65710400020007","nmprov":"KALIMANTAN UTARA","nmkab":"TARAKAN","nmkec":"TARAKAN UTARA","nmdesa":"JUATA KERIKIL","nmsls":"RT 007"}},{"type":"Feature","geometry":{"type":"MultiPolygon","coordinates":[[[[117.55261,3.37931],[117.55267,3.37913],[117.55281,3.37917],[117.55281,3.37917],[117.55307,3.37837],[117.55286,3.3783],[117.55328,3.37672],[117.55207,3.37635],[117.55133,3.37893],[117.55261,3.37931]]]]},"properties":{"kdprov":"65","kdkab":"71","kdkec":"040","kddesa":"002","kdsls":"0008","idsls":"65710400020008","nmprov":"KALIMANTAN UTARA","nmkab":"TARAKAN","nmkec":"TARAKAN UTARA","nmdesa":"JUATA KERIKIL","nmsls":"RT 008"}},{"type":"Feature","geometry":{"type":"MultiPolygon","coordinates":[[[[117.5496,3.38299],[117.55003,3.38358],[117.55072,3.38407],[117.55146,3.38447],[117.55171,3.38456],[117.55155,3.38546],[117.55358,3.38594],[117.55622,3.38635],[117.55897,3.38653],[117.5608,3.38676],[117.562,3.38718],[117.563,3.38749],[117.56458,3.38869],[117.56466,3.38859],[117.56472,3.3885],[117.56484,3.38836],[117.56508,3.38819],[117.56558,3.38781],[117.56602,3.38755],[117.56631,3.38738],[117.56664,3.38723],[117.5671,3.38702],[117.5673,3.38695],[117.56772,3.38692],[117.56816,3.38687],[117.56835,3.38683],[117.56902,3.38652],[117.56963,3.38621],[117.57009,3.38605],[117.57047,3.38592],[117.57069,3.3859],[117.57069,3.38591],[117.57074,3.3859],[117.5709,3.38598],[117.57129,3.38615],[117.57162,3.38633],[117.57185,3.38642],[117.57221,3.3866],[117.57248,3.38665],[117.57249,3.38666],[117.57259,3.38665],[117.57263,3.38664],[117.57263,3.38664],[117.57264,3.38663],[117.57273,3.38661],[117.5729,3.38656],[117.5732,3.38653],[117.5735,3.38658],[117.57367,3.38662],[117.57382,3.3866],[117.57408,3.38645],[117.57429,3.38623],[117.57443,3.38612],[117.57459,3.38596],[117.57482,3.38587],[117.57517,3.38577],[117.57545,3.3857],[117.57556,3.38573],[117.57568,3.38575],[117.57586,3.38582],[117.57612,3.38591],[117.57627,3.38592],[117.57649,3.38587],[117.57681,3.3858],[117.57697,3.38579],[117.57717,3.38583],[117.5774,3.3859],[117.57762,3.38596],[117.57774,3.38592],[117.57787,3.38585],[117.57802,3.38561],[117.57818,3.38537],[117.57822,3.38524],[117.57817,3.38493],[117.57814,3.38476],[117.57812,3.38465],[117.5781,3.38453],[117.57818,3.38431],[117.57821,3.38422],[117.57834,3.38383],[117.57842,3.38355],[117.57843,3.38346],[117.5783,3.38306],[117.57812,3.38271],[117.57803,3.38256],[117.57798,3.38254],[117.57796,3.38249],[117.57512,3.38256],[117.55766,3.38077],[117.55748,3.38063],[117.55529,3.37964],[117.55466,3.37962],[117.55464,3.37955],[117.55426,3.37942],[117.55378,3.37939],[117.5533,3.37932],[117.55281,3.37917],[117.55281,3.37917],[117.55267,3.37913],[117.55261,3.37931],[117.55223,3.38071],[117.54954,3.37998],[117.54953,3.38],[117.54946,3.38013],[117.54934,3.38027],[117.54929,3.38034],[117.54923,3.38042],[117.5491,3.38058],[117.54899,3.38073],[117.54892,3.38088],[117.54891,3.38091],[117.54886,3.3811],[117.54881,3.3812],[117.54877,3.38134],[117.54873,3.38145],[117.54865,3.38172],[117.54864,3.38175],[117.5486,3.38189],[117.54857,3.38199],[117.54948,3.38237],[117.54955,3.38276],[117.5496,3.38299]]]]},"properties":{"kdprov":"65","kdkab":"71","kdkec":"040","kddesa":"002","kdsls":"0006","idsls":"65710400020006","nmprov":"KALIMANTAN UTARA","nmkab":"TARAKAN","nmkec":"TARAKAN UTARA","nmdesa":"JUATA KERIKIL","nmsls":"RT 006"}},{"type":"Feature","geometry":{"type":"MultiPolygon","coordinates":[[[[117.55002,3.37799],[117.54999,3.37811],[117.54992,3.37836],[117.54991,3.37839],[117.54991,3.3784],[117.54989,3.37847],[117.54988,3.37851],[117.55133,3.37893],[117.55207,3.37635],[117.55328,3.37672],[117.55329,3.37665],[117.55351,3.3767],[117.5536,3.37645],[117.55263,3.37626],[117.55072,3.37573],[117.55067,3.37589],[117.55067,3.3759],[117.55067,3.3759],[117.55014,3.37753],[117.55013,3.37758],[117.55011,3.37762],[117.55008,3.37775],[117.55003,3.37794],[117.55003,3.37795],[117.55002,3.37799]]]]},"properties":{"kdprov":"65","kdkab":"71","kdkec":"040","kddesa":"002","kdsls":"0005","idsls":"65710400020005","nmprov":"KALIMANTAN UTARA","nmkab":"TARAKAN","nmkec":"TARAKAN UTARA","nmdesa":"JUATA KERIKIL","nmsls":"RT 005"}},{"type":"Feature","geometry":{"type":"MultiPolygon","coordinates":[[[[117.54374,3.37316],[117.54371,3.37294],[117.54366,3.37217],[117.54358,3.37129],[117.54324,3.37036],[117.54295,3.36959],[117.54264,3.36861],[117.54215,3.36868],[117.54171,3.36891],[117.54136,3.36921],[117.54091,3.3694],[117.54028,3.36973],[117.53977,3.36991],[117.53991,3.37018],[117.54028,3.37077],[117.54059,3.37138],[117.54085,3.37194],[117.54104,3.37251],[117.54112,3.37296],[117.54126,3.37343],[117.5414,3.37369],[117.54174,3.37333],[117.54187,3.37316],[117.54212,3.37306],[117.5432,3.37314],[117.54374,3.37316]]]]},"properties":{"kdprov":"65","kdkab":"71","kdkec":"040","kddesa":"001","kdsls":"0002","idsls":"65710400010002","nmprov":"KALIMANTAN UTARA","nmkab":"TARAKAN","nmkec":"TARAKAN UTARA","nmdesa":"JUATA PERMAI","nmsls":"RT 002"}},{"type":"Feature","geometry":{"type":"MultiPolygon","coordinates":[[[[117.55358,3.38594],[117.55155,3.38546],[117.55171,3.38456],[117.55146,3.38447],[117.55072,3.38407],[117.55003,3.38358],[117.5496,3.38299],[117.54955,3.38276],[117.54948,3.38237],[117.54857,3.38199],[117.54849,3.38232],[117.54847,3.3824],[117.54847,3.3824],[117.54844,3.38249],[117.54839,3.3827],[117.54837,3.3828],[117.54836,3.3829],[117.54834,3.38302],[117.54833,3.38308],[117.54833,3.38312],[117.54833,3.38313],[117.54833,3.38318],[117.54833,3.3832],[117.5483,3.38338],[117.548,3.38496],[117.54779,3.38563],[117.54772,3.38594],[117.54767,3.38614],[117.54764,3.38625],[117.54764,3.38626],[117.54764,3.38626],[117.54764,3.38626],[117.54763,3.38631],[117.5476,3.38635],[117.54751,3.38685],[117.54749,3.3871],[117.54742,3.38833],[117.54738,3.38848],[117.54716,3.38919],[117.54717,3.38922],[117.54715,3.38934],[117.54722,3.3894],[117.54729,3.38947],[117.54739,3.38947],[117.54747,3.38944],[117.54754,3.38942],[117.54761,3.3894],[117.54769,3.38935],[117.54776,3.38927],[117.54778,3.38919],[117.54781,3.3891],[117.54793,3.38902],[117.54796,3.38902],[117.54801,3.38902],[117.54807,3.38899],[117.54813,3.38894],[117.54815,3.38889],[117.54815,3.38883],[117.54815,3.38877],[117.54816,3.38868],[117.5482,3.38867],[117.54829,3.38868],[117.54834,3.38869],[117.54838,3.38871],[117.54846,3.38878],[117.54857,3.38879],[117.54863,3.38878],[117.54867,3.38879],[117.54874,3.3888],[117.54881,3.38879],[117.54888,3.38878],[117.54894,3.38876],[117.549,3.38873],[117.5491,3.3887],[117.54916,3.38872],[117.5492,3.38875],[117.54925,3.3888],[117.54929,3.38884],[117.54933,3.3889],[117.54934,3.38892],[117.54939,3.38896],[117.54943,3.38901],[117.54946,3.38908],[117.54948,3.38916],[117.54948,3.38922],[117.54948,3.3893],[117.54948,3.38936],[117.5495,3.38947],[117.54953,3.38954],[117.54958,3.3896],[117.54963,3.38965],[117.54967,3.38967],[117.54969,3.38971],[117.5497,3.38974],[117.54972,3.38981],[117.54974,3.38988],[117.54976,3.38991],[117.54978,3.38995],[117.54981,3.38999],[117.54984,3.39003],[117.54987,3.39007],[117.5499,3.3901],[117.54995,3.39015],[117.54999,3.39017],[117.55007,3.39019],[117.55015,3.39021],[117.55023,3.39023],[117.5503,3.39024],[117.55037,3.39026],[117.55043,3.39029],[117.55049,3.39032],[117.55054,3.39034],[117.55061,3.39039],[117.55064,3.39043],[117.55066,3.39049],[117.55072,3.39057],[117.55075,3.39063],[117.55083,3.3907],[117.55091,3.39074],[117.55103,3.39083],[117.55112,3.39096],[117.55112,3.39111],[117.55107,3.39128],[117.5512,3.39138],[117.5512,3.39138],[117.55132,3.39168],[117.55134,3.39173],[117.55191,3.39314],[117.552,3.39337],[117.55203,3.39346],[117.55205,3.39348],[117.55207,3.39354],[117.55226,3.39341],[117.55234,3.39334],[117.55275,3.39323],[117.55295,3.39316],[117.55299,3.39314],[117.55305,3.39314],[117.55354,3.3931],[117.55358,3.39309],[117.55407,3.39301],[117.55456,3.39291],[117.55551,3.39274],[117.55611,3.39258],[117.55673,3.3924],[117.55678,3.39239],[117.55686,3.39237],[117.557,3.3923],[117.55719,3.39221],[117.55748,3.39202],[117.5577,3.39183],[117.5579,3.3917],[117.55808,3.39162],[117.55822,3.39159],[117.55838,3.39158],[117.55851,3.39167],[117.55864,3.39179],[117.55882,3.39187],[117.55908,3.39197],[117.55928,3.39203],[117.55949,3.39209],[117.55982,3.39214],[117.56007,3.39219],[117.56043,3.39234],[117.56082,3.39251],[117.56112,3.39266],[117.56137,3.39279],[117.56153,3.39289],[117.5616,3.39277],[117.56167,3.39266],[117.56169,3.39247],[117.5618,3.39234],[117.56188,3.39219],[117.56201,3.39205],[117.56218,3.39193],[117.56232,3.39186],[117.56252,3.39179],[117.5629,3.3916],[117.56298,3.39153],[117.56307,3.39146],[117.56316,3.39129],[117.56317,3.39122],[117.56319,3.39109],[117.56321,3.39074],[117.56324,3.39051],[117.56332,3.39026],[117.56343,3.39008],[117.56373,3.38984],[117.56383,3.38977],[117.56396,3.38967],[117.56403,3.3896],[117.56414,3.38948],[117.56421,3.3893],[117.56432,3.38915],[117.5645,3.38882],[117.56458,3.38869],[117.563,3.38749],[117.562,3.38718],[117.5608,3.38676],[117.55897,3.38653],[117.55622,3.38635],[117.55358,3.38594]]]]},"properties":{"kdprov":"65","kdkab":"71","kdkec":"040","kddesa":"002","kdsls":"0006","idsls":"65710400020006","nmprov":"KALIMANTAN UTARA","nmkab":"TARAKAN","nmkec":"TARAKAN UTARA","nmdesa":"JUATA KERIKIL","nmsls":"RT 006"}},{"type":"Feature","geometry":{"type":"MultiPolygon","coordinates":[[[[117.54981,3.37877],[117.54979,3.37883],[117.54979,3.37885],[117.54978,3.3789],[117.54968,3.3793],[117.54966,3.37945],[117.54964,3.37954],[117.54961,3.37969],[117.54954,3.37998],[117.55223,3.38071],[117.55261,3.37931],[117.55133,3.37893],[117.54988,3.37851],[117.54986,3.37856],[117.54981,3.37877]]]]},"properties":{"kdprov":"65","kdkab":"71","kdkec":"040","kddesa":"002","kdsls":"0009","idsls":"65710400020009","nmprov":"KALIMANTAN UTARA","nmkab":"TARAKAN","nmkec":"TARAKAN UTARA","nmdesa":"JUATA KERIKIL","nmsls":"RT 009"}},{"type":"Feature","geometry":{"type":"MultiPolygon","coordinates":[[[[117.55368,3.37622],[117.55487,3.37662],[117.55464,3.37716],[117.55557,3.37756],[117.55651,3.37782],[117.557,3.37794],[117.5582,3.37804],[117.56007,3.3782],[117.5629,3.37819],[117.56489,3.3782],[117.56666,3.37837],[117.57036,3.3785],[117.57321,3.37885],[117.57445,3.37892],[117.57601,3.37927],[117.57581,3.37855],[117.57465,3.37761],[117.57425,3.37755],[117.57381,3.37721],[117.5737,3.37692],[117.57323,3.37705],[117.57292,3.37726],[117.5727,3.37732],[117.57261,3.37706],[117.57243,3.3759],[117.57216,3.37572],[117.57192,3.37508],[117.5706,3.37416],[117.56962,3.37426],[117.56889,3.37418],[117.568,3.37459],[117.56698,3.37458],[117.56571,3.37376],[117.56482,3.37268],[117.56481,3.37272],[117.56477,3.37283],[117.56472,3.37293],[117.56466,3.37301],[117.5646,3.37309],[117.56452,3.37313],[117.56444,3.3731],[117.56428,3.37302],[117.5641,3.37287],[117.56394,3.3727],[117.56383,3.37262],[117.56369,3.37263],[117.56353,3.37268],[117.56342,3.37276],[117.56337,3.37283],[117.56334,3.37295],[117.56331,3.37306],[117.56327,3.37315],[117.56319,3.37324],[117.56315,3.37332],[117.56312,3.37339],[117.5631,3.37345],[117.56309,3.37356],[117.56307,3.3737],[117.56307,3.37383],[117.56309,3.37404],[117.56308,3.37418],[117.56306,3.37423],[117.56304,3.3743],[117.56299,3.37435],[117.56294,3.37439],[117.56286,3.37442],[117.5628,3.37443],[117.56277,3.3744],[117.56272,3.37436],[117.56263,3.37421],[117.56259,3.37422],[117.56155,3.37464],[117.56153,3.37468],[117.5615,3.37473],[117.56149,3.37482],[117.56148,3.37496],[117.56141,3.37509],[117.56125,3.37534],[117.56115,3.37544],[117.56103,3.37545],[117.56088,3.37545],[117.56077,3.37544],[117.56066,3.37543],[117.56053,3.37539],[117.56037,3.37538],[117.56025,3.37538],[117.56006,3.37543],[117.55991,3.37549],[117.55978,3.37557],[117.55963,3.37568],[117.55949,3.37573],[117.5594,3.37573],[117.55934,3.37572],[117.55923,3.37569],[117.55915,3.37566],[117.55901,3.37563],[117.55887,3.37565],[117.55878,3.3757],[117.55866,3.37579],[117.55852,3.37591],[117.55835,3.37594],[117.55825,3.3759],[117.55815,3.3758],[117.55799,3.37531],[117.55785,3.37504],[117.55745,3.37454],[117.55691,3.37384],[117.55682,3.37368],[117.55677,3.37356],[117.5567,3.37343],[117.55663,3.37336],[117.55654,3.37326],[117.55646,3.37326],[117.55639,3.37326],[117.55632,3.37326],[117.55623,3.37328],[117.55616,3.37329],[117.55607,3.37332],[117.55598,3.37337],[117.55592,3.37341],[117.55587,3.37346],[117.5558,3.37352],[117.55575,3.3736],[117.5557,3.37367],[117.55569,3.37374],[117.55566,3.37382],[117.55563,3.37391],[117.55559,3.37396],[117.55553,3.37401],[117.55544,3.37401],[117.55539,3.37397],[117.55533,3.37386],[117.55519,3.37316],[117.55509,3.3731],[117.55488,3.37307],[117.55475,3.37305],[117.5546,3.37301],[117.55443,3.37289],[117.55426,3.3728],[117.55408,3.37276],[117.55391,3.37276],[117.55375,3.37279],[117.55348,3.37293],[117.55335,3.373],[117.55306,3.37323],[117.55295,3.3733],[117.55281,3.37328],[117.55257,3.37312],[117.55246,3.37307],[117.55233,3.37308],[117.55223,3.37309],[117.55208,3.3731],[117.55195,3.37312],[117.55183,3.3731],[117.55169,3.37305],[117.55162,3.37299],[117.55159,3.37293],[117.55155,3.37286],[117.55153,3.37272],[117.55149,3.37263],[117.55142,3.37254],[117.55128,3.37246],[117.5512,3.37244],[117.55115,3.37243],[117.551,3.37243],[117.55093,3.3727],[117.5509,3.37279],[117.55079,3.37312],[117.55071,3.37336],[117.55067,3.37351],[117.55064,3.3738],[117.55066,3.37401],[117.55073,3.37443],[117.55078,3.37471],[117.55079,3.37489],[117.55081,3.37515],[117.55078,3.37539],[117.55075,3.37566],[117.55072,3.37573],[117.55263,3.37626],[117.5536,3.37645],[117.55368,3.37622]]]]},"properties":{"kdprov":"65","kdkab":"71","kdkec":"040","kddesa":"002","kdsls":"0007","idsls":"65710400020007","nmprov":"KALIMANTAN UTARA","nmkab":"TARAKAN","nmkec":"TARAKAN UTARA","nmdesa":"JUATA KERIKIL","nmsls":"RT 007"}},{"type":"Feature","geometry":{"type":"MultiPolygon","coordinates":[[[[117.56891,3.36972],[117.56805,3.36999],[117.56734,3.37038],[117.56708,3.36936],[117.56699,3.36937],[117.56671,3.3694],[117.56652,3.36946],[117.56633,3.36959],[117.56619,3.36967],[117.5661,3.36971],[117.56571,3.37095],[117.56557,3.37097],[117.56546,3.37103],[117.56535,3.37111],[117.56533,3.37118],[117.56534,3.37126],[117.56534,3.37141],[117.56533,3.3716],[117.56532,3.3717],[117.56528,3.37179],[117.56523,3.37189],[117.56518,3.37199],[117.56513,3.37209],[117.56505,3.37216],[117.56501,3.37225],[117.56493,3.37242],[117.56482,3.37268],[117.56571,3.37376],[117.56698,3.37458],[117.568,3.37459],[117.56889,3.37418],[117.56962,3.37426],[117.5706,3.37416],[117.57063,3.374],[117.56891,3.36972]]]]},"properties":{"kdprov":"65","kdkab":"71","kdkec":"040","kddesa":"002","kdsls":"0002","idsls":"65710400020002","nmprov":"KALIMANTAN UTARA","nmkab":"TARAKAN","nmkec":"TARAKAN UTARA","nmdesa":"JUATA KERIKIL","nmsls":"RT 002"}},{"type":"Feature","geometry":{"type":"MultiPolygon","coordinates":[[[[117.56734,3.37038],[117.56805,3.36999],[117.56891,3.36972],[117.57063,3.374],[117.5706,3.37416],[117.57192,3.37508],[117.57216,3.37572],[117.57243,3.3759],[117.57261,3.37706],[117.5727,3.37732],[117.57292,3.37726],[117.57323,3.37705],[117.5737,3.37692],[117.57381,3.37721],[117.57425,3.37755],[117.57465,3.37761],[117.57581,3.37855],[117.57601,3.37927],[117.57637,3.38057],[117.57652,3.38073],[117.57716,3.38075],[117.57717,3.38068],[117.57703,3.38019],[117.57698,3.37937],[117.57705,3.37906],[117.57705,3.37882],[117.577,3.37804],[117.5771,3.37778],[117.57729,3.37742],[117.57748,3.37711],[117.57765,3.37673],[117.57765,3.37606],[117.57745,3.37587],[117.57703,3.37564],[117.57654,3.37547],[117.57612,3.37514],[117.57548,3.37406],[117.57492,3.37366],[117.57459,3.37336],[117.57429,3.37265],[117.57407,3.37248],[117.57363,3.37199],[117.57268,3.37069],[117.5725,3.37059],[117.57234,3.37057],[117.57176,3.37021],[117.57161,3.37016],[117.57142,3.37006],[117.57117,3.36995],[117.57068,3.36969],[117.57052,3.36965],[117.57035,3.36957],[117.56982,3.3692],[117.56929,3.36885],[117.56924,3.36872],[117.56898,3.3682],[117.56849,3.36857],[117.56835,3.36868],[117.56789,3.36901],[117.56761,3.3692],[117.56759,3.36921],[117.56728,3.36933],[117.56708,3.36936],[117.56734,3.37038]]]]},"properties":{"kdprov":"65","kdkab":"71","kdkec":"040","kddesa":"002","kdsls":"0002","idsls":"65710400020002","nmprov":"KALIMANTAN UTARA","nmkab":"TARAKAN","nmkec":"TARAKAN UTARA","nmdesa":"JUATA KERIKIL","nmsls":"RT 002"}},{"type":"Feature","geometry":{"type":"MultiPolygon","coordinates":[[[[117.54526,3.36121],[117.54528,3.36112],[117.54528,3.36112],[117.54524,3.36106],[117.54505,3.36094],[117.54441,3.36053],[117.54444,3.36045],[117.54299,3.36044],[117.54299,3.36048],[117.54299,3.36054],[117.54297,3.36087],[117.54296,3.36095],[117.5435,3.36094],[117.5437,3.36103],[117.5437,3.36118],[117.54385,3.36118],[117.54385,3.36175],[117.54508,3.36172],[117.54523,3.36138],[117.54525,3.36126],[117.54526,3.36121]]]]},"properties":{"kdprov":"65","kdkab":"71","kdkec":"040","kddesa":"001","kdsls":"0010","idsls":"65710400010010","nmprov":"KALIMANTAN UTARA","nmkab":"TARAKAN","nmkec":"TARAKAN UTARA","nmdesa":"JUATA PERMAI","nmsls":"RT 010"}},{"type":"Feature","geometry":{"type":"MultiPolygon","coordinates":[[[[117.54372,3.35836],[117.54374,3.35843],[117.54374,3.35848],[117.54373,3.35856],[117.54374,3.3586],[117.54379,3.3586],[117.54382,3.35861],[117.54384,3.35869],[117.54386,3.35872],[117.54388,3.35877],[117.5439,3.35886],[117.54392,3.35899],[117.54393,3.35908],[117.54395,3.35916],[117.54394,3.35917],[117.54392,3.3592],[117.54391,3.35923],[117.54396,3.35937],[117.544,3.35949],[117.54405,3.3596],[117.54422,3.35951],[117.54464,3.35932],[117.54479,3.3592],[117.54453,3.35778],[117.54385,3.35783],[117.54366,3.35785],[117.54355,3.35786],[117.54348,3.35785],[117.54348,3.35786],[117.54352,3.35793],[117.54358,3.35797],[117.54362,3.35804],[117.54365,3.3581],[117.54367,3.35816],[117.54369,3.35829],[117.5437,3.35832],[117.54372,3.35836]]]]},"properties":{"kdprov":"65","kdkab":"71","kdkec":"040","kddesa":"001","kdsls":"0012","idsls":"65710400010012","nmprov":"KALIMANTAN UTARA","nmkab":"TARAKAN","nmkec":"TARAKAN UTARA","nmdesa":"JUATA PERMAI","nmsls":"RT 012"}},{"type":"Feature","geometry":{"type":"MultiPolygon","coordinates":[[[[117.54453,3.35778],[117.54479,3.3592],[117.54481,3.35931],[117.54492,3.35991],[117.54471,3.36],[117.54464,3.36006],[117.54456,3.36013],[117.54452,3.36022],[117.5445,3.36028],[117.54444,3.36045],[117.54441,3.36053],[117.54505,3.36094],[117.54524,3.36106],[117.54528,3.36112],[117.54528,3.36112],[117.5454,3.36094],[117.5458,3.36078],[117.54607,3.36077],[117.54632,3.36083],[117.54686,3.36093],[117.54759,3.36102],[117.54756,3.36137],[117.54755,3.36145],[117.54754,3.36161],[117.54753,3.36161],[117.54821,3.36172],[117.54851,3.36177],[117.54915,3.3619],[117.54922,3.36174],[117.54927,3.36155],[117.54932,3.36136],[117.54934,3.36122],[117.54933,3.36115],[117.54925,3.36063],[117.54925,3.36061],[117.54922,3.36049],[117.5492,3.3604],[117.54908,3.36019],[117.54897,3.36],[117.54843,3.35948],[117.5481,3.35915],[117.54774,3.35878],[117.54766,3.3586],[117.54759,3.35835],[117.54755,3.35818],[117.54753,3.35805],[117.54746,3.35763],[117.54742,3.35749],[117.54737,3.35731],[117.54734,3.35718],[117.5473,3.35711],[117.54721,3.35691],[117.54716,3.35683],[117.54698,3.35659],[117.5469,3.35623],[117.54676,3.35568],[117.54504,3.35607],[117.54358,3.35641],[117.54377,3.35744],[117.54383,3.35772],[117.54385,3.35783],[117.54453,3.35778]]]]},"properties":{"kdprov":"65","kdkab":"71","kdkec":"040","kddesa":"001","kdsls":"0015","idsls":"65710400010015","nmprov":"KALIMANTAN UTARA","nmkab":"TARAKAN","nmkec":"TARAKAN UTARA","nmdesa":"JUATA PERMAI","nmsls":"RT 015"}},{"type":"Feature","geometry":{"type":"MultiPolygon","coordinates":[[[[117.54393,3.35908],[117.54392,3.35899],[117.5439,3.35886],[117.54388,3.35877],[117.54386,3.35872],[117.54384,3.35869],[117.54382,3.35861],[117.54379,3.3586],[117.54374,3.3586],[117.54373,3.35856],[117.54374,3.35848],[117.54374,3.35843],[117.54372,3.35836],[117.5437,3.35832],[117.54369,3.35829],[117.54367,3.35816],[117.54365,3.3581],[117.54362,3.35804],[117.54358,3.35797],[117.54352,3.35793],[117.54348,3.35786],[117.54348,3.35785],[117.54347,3.35785],[117.5434,3.35787],[117.54331,3.35788],[117.54318,3.35789],[117.54306,3.3579],[117.54293,3.35786],[117.54297,3.35933],[117.54298,3.36001],[117.54336,3.36],[117.54342,3.35998],[117.54358,3.35992],[117.54381,3.35974],[117.54405,3.3596],[117.544,3.35949],[117.54396,3.35937],[117.54391,3.35923],[117.54392,3.3592],[117.54394,3.35917],[117.54395,3.35916],[117.54393,3.35908]]]]},"properties":{"kdprov":"65","kdkab":"71","kdkec":"040","kddesa":"001","kdsls":"0012","idsls":"65710400010012","nmprov":"KALIMANTAN UTARA","nmkab":"TARAKAN","nmkec":"TARAKAN UTARA","nmdesa":"JUATA PERMAI","nmsls":"RT 012"}},{"type":"Feature","geometry":{"type":"MultiPolygon","coordinates":[[[[117.54034,3.35546],[117.54035,3.35783],[117.53913,3.35771],[117.53416,3.35779],[117.53116,3.35792],[117.52751,3.35629],[117.52699,3.35704],[117.52694,3.35711],[117.52589,3.35842],[117.52584,3.35848],[117.52487,3.35957],[117.52452,3.35994],[117.53061,3.36468],[117.53341,3.36458],[117.5334,3.36378],[117.53856,3.36333],[117.5386,3.3657],[117.53885,3.36577],[117.53907,3.36593],[117.53922,3.36607],[117.53936,3.36617],[117.53949,3.3665],[117.53954,3.36665],[117.53963,3.3668],[117.53967,3.36684],[117.54019,3.36582],[117.54076,3.36585],[117.54175,3.36489],[117.54134,3.36382],[117.54045,3.36146],[117.54051,3.36142],[117.54111,3.36106],[117.54157,3.36061],[117.54246,3.36099],[117.54293,3.36118],[117.54296,3.36095],[117.54297,3.36087],[117.54299,3.36054],[117.54299,3.36048],[117.54299,3.36044],[117.54298,3.36001],[117.54297,3.35933],[117.54293,3.35786],[117.54306,3.3579],[117.54318,3.35789],[117.54331,3.35788],[117.5434,3.35787],[117.54347,3.35785],[117.54348,3.35785],[117.54355,3.35786],[117.54366,3.35785],[117.54385,3.35783],[117.54383,3.35772],[117.54377,3.35744],[117.54358,3.35641],[117.54341,3.35644],[117.54034,3.35546]]]]},"properties":{"kdprov":"65","kdkab":"71","kdkec":"040","kddesa":"001","kdsls":"0013","idsls":"65710400010013","nmprov":"KALIMANTAN UTARA","nmkab":"TARAKAN","nmkec":"TARAKAN UTARA","nmdesa":"JUATA PERMAI","nmsls":"RT 013"}},{"type":"Feature","geometry":{"type":"MultiPolygon","coordinates":[[[[117.54471,3.36],[117.54492,3.35991],[117.54481,3.35931],[117.54479,3.3592],[117.54464,3.35932],[117.54422,3.35951],[117.54405,3.3596],[117.54381,3.35974],[117.54358,3.35992],[117.54342,3.35998],[117.54336,3.36],[117.54298,3.36001],[117.54299,3.36044],[117.54444,3.36045],[117.5445,3.36028],[117.54452,3.36022],[117.54456,3.36013],[117.54464,3.36006],[117.54471,3.36]]]]},"properties":{"kdprov":"65","kdkab":"71","kdkec":"040","kddesa":"001","kdsls":"0011","idsls":"65710400010011","nmprov":"KALIMANTAN UTARA","nmkab":"TARAKAN","nmkec":"TARAKAN UTARA","nmdesa":"JUATA PERMAI","nmsls":"RT 011"}},{"type":"Feature","geometry":{"type":"MultiPolygon","coordinates":[[[[117.54501,3.43823],[117.54501,3.43824],[117.54533,3.43854],[117.54558,3.43879],[117.54599,3.43917],[117.54621,3.43939],[117.54699,3.43841],[117.54696,3.43837],[117.54689,3.43827],[117.54681,3.43814],[117.54676,3.43803],[117.54667,3.43785],[117.54661,3.43773],[117.54643,3.4373],[117.54623,3.43741],[117.54609,3.43749],[117.54595,3.43759],[117.54584,3.43769],[117.54574,3.43775],[117.54564,3.43783],[117.54551,3.43788],[117.5454,3.43795],[117.54509,3.43817],[117.54501,3.43823]]]]},"properties":{"kdprov":"65","kdkab":"71","kdkec":"040","kddesa":"003","kdsls":"0007","idsls":"65710400030007","nmprov":"KALIMANTAN UTARA","nmkab":"TARAKAN","nmkec":"TARAKAN UTARA","nmdesa":"JUATA LAUT","nmsls":"RT 007"}},{"type":"Feature","geometry":{"type":"MultiPolygon","coordinates":[[[[117.54459,3.43399],[117.54424,3.43448],[117.54392,3.43495],[117.54344,3.43574],[117.5432,3.43588],[117.54307,3.43586],[117.54266,3.43632],[117.54168,3.4374],[117.54188,3.43757],[117.54188,3.43758],[117.54335,3.43599],[117.54362,3.43606],[117.54392,3.43615],[117.54398,3.43616],[117.54404,3.43618],[117.5441,3.4362],[117.54417,3.43621],[117.54429,3.43624],[117.5444,3.43625],[117.54451,3.43624],[117.5446,3.43623],[117.54506,3.43625],[117.54529,3.43629],[117.54559,3.43634],[117.54571,3.43633],[117.54594,3.43627],[117.54606,3.43622],[117.54599,3.43596],[117.54596,3.43583],[117.54593,3.43567],[117.54587,3.43542],[117.54586,3.43534],[117.54585,3.43526],[117.5458,3.43512],[117.5457,3.43492],[117.54559,3.43475],[117.54552,3.43465],[117.54522,3.43444],[117.54497,3.43427],[117.54459,3.43399]]]]},"properties":{"kdprov":"65","kdkab":"71","kdkec":"040","kddesa":"003","kdsls":"0011","idsls":"65710400030011","nmprov":"KALIMANTAN UTARA","nmkab":"TARAKAN","nmkec":"TARAKAN UTARA","nmdesa":"JUATA LAUT","nmsls":"RT 011"}},{"type":"Feature","geometry":{"type":"MultiPolygon","coordinates":[[[[117.54118,3.43093],[117.54164,3.43033],[117.54202,3.42986],[117.54238,3.42943],[117.54307,3.42978],[117.54329,3.42934],[117.54427,3.42738],[117.54199,3.42624],[117.54171,3.42677],[117.54145,3.42731],[117.54113,3.42795],[117.54082,3.42855],[117.54061,3.42904],[117.54046,3.42936],[117.54028,3.42976],[117.5401,3.43017],[117.54014,3.43026],[117.54028,3.43039],[117.54045,3.43051],[117.54072,3.43068],[117.54098,3.43083],[117.54118,3.43093]]]]},"properties":{"kdprov":"65","kdkab":"71","kdkec":"040","kddesa":"003","kdsls":"0012","idsls":"65710400030012","nmprov":"KALIMANTAN UTARA","nmkab":"TARAKAN","nmkec":"TARAKAN UTARA","nmdesa":"JUATA LAUT","nmsls":"RT 012"}},{"type":"Feature","geometry":{"type":"MultiPolygon","coordinates":[[[[117.54238,3.42943],[117.54202,3.42986],[117.54164,3.43033],[117.54118,3.43093],[117.54123,3.43095],[117.54148,3.43111],[117.54175,3.43133],[117.54188,3.43144],[117.54205,3.4316],[117.54262,3.43209],[117.54274,3.43218],[117.54399,3.43068],[117.54368,3.43022],[117.54307,3.42978],[117.54238,3.42943]]]]},"properties":{"kdprov":"65","kdkab":"71","kdkec":"040","kddesa":"003","kdsls":"0012","idsls":"65710400030012","nmprov":"KALIMANTAN UTARA","nmkab":"TARAKAN","nmkec":"TARAKAN UTARA","nmdesa":"JUATA LAUT","nmsls":"RT 012"}},{"type":"Feature","geometry":{"type":"MultiPolygon","coordinates":[[[[117.54399,3.43068],[117.54274,3.43218],[117.54284,3.43228],[117.54295,3.43239],[117.54304,3.43243],[117.5431,3.43249],[117.54316,3.43256],[117.5432,3.4326],[117.54326,3.43266],[117.5433,3.43273],[117.54335,3.43281],[117.54347,3.43295],[117.54366,3.43317],[117.54409,3.43356],[117.54409,3.43356],[117.54464,3.43283],[117.54471,3.43274],[117.545,3.43231],[117.54515,3.43215],[117.54502,3.43193],[117.54468,3.43151],[117.54436,3.4311],[117.54399,3.43068]]]]},"properties":{"kdprov":"65","kdkab":"71","kdkec":"040","kddesa":"003","kdsls":"0012","idsls":"65710400030012","nmprov":"KALIMANTAN UTARA","nmkab":"TARAKAN","nmkec":"TARAKAN UTARA","nmdesa":"JUATA LAUT","nmsls":"RT 012"}},{"type":"Feature","geometry":{"type":"MultiPolygon","coordinates":[[[[117.54815,3.40792],[117.54785,3.40832],[117.54745,3.4092],[117.54688,3.41007],[117.54657,3.41021],[117.54529,3.41018],[117.54389,3.41004],[117.54265,3.40987],[117.54145,3.41],[117.54057,3.41008],[117.53966,3.41033],[117.53841,3.41038],[117.53735,3.41061],[117.53634,3.41082],[117.53551,3.41112],[117.535,3.41143],[117.53457,3.41154],[117.53386,3.41141],[117.53307,3.41103],[117.53218,3.41057],[117.53178,3.4103],[117.53182,3.41043],[117.53183,3.41052],[117.53183,3.41065],[117.53178,3.41072],[117.53175,3.41081],[117.53173,3.41098],[117.53174,3.41111],[117.53176,3.41128],[117.5317,3.41141],[117.53155,3.41153],[117.53135,3.41164],[117.53129,3.41172],[117.53121,3.41195],[117.53008,3.4128],[117.53003,3.41294],[117.52999,3.41303],[117.52998,3.41315],[117.52997,3.4133],[117.52996,3.41342],[117.52994,3.41357],[117.52988,3.41371],[117.52977,3.41385],[117.52967,3.41398],[117.5296,3.41408],[117.52951,3.41424],[117.52945,3.41462],[117.52932,3.4147],[117.52898,3.41442],[117.52874,3.41435],[117.52855,3.41419],[117.52839,3.41414],[117.528,3.41414],[117.52779,3.4142],[117.52758,3.41431],[117.52748,3.41439],[117.52748,3.41468],[117.52754,3.41487],[117.52758,3.4151],[117.52762,3.41533],[117.5276,3.41553],[117.52748,3.41574],[117.52733,3.41588],[117.52716,3.41596],[117.527,3.41599],[117.52674,3.41591],[117.52648,3.4158],[117.52639,3.41573],[117.52624,3.41566],[117.526,3.4157],[117.52585,3.4158],[117.52569,3.41593],[117.52559,3.41612],[117.52558,3.41636],[117.52563,3.4165],[117.52582,3.41677],[117.52593,3.41703],[117.52598,3.41726],[117.526,3.41753],[117.52547,3.41815],[117.5258,3.41863],[117.52607,3.41911],[117.52635,3.41971],[117.52659,3.42002],[117.52738,3.42038],[117.52797,3.42052],[117.52838,3.42062],[117.529,3.42086],[117.52943,3.4211],[117.52954,3.42118],[117.53,3.42153],[117.53034,3.42194],[117.53045,3.42208],[117.53046,3.42211],[117.53049,3.42207],[117.53055,3.422],[117.53062,3.4219],[117.53068,3.42185],[117.53074,3.42176],[117.53078,3.42169],[117.53086,3.42157],[117.53101,3.42143],[117.53108,3.42138],[117.53111,3.42132],[117.53112,3.4213],[117.53112,3.42123],[117.53111,3.42117],[117.53106,3.42111],[117.53098,3.42107],[117.53089,3.42105],[117.53083,3.42104],[117.53069,3.42101],[117.53059,3.42099],[117.5305,3.42094],[117.53042,3.42084],[117.53035,3.42072],[117.53032,3.4206],[117.53036,3.42057],[117.5304,3.4205],[117.53046,3.42044],[117.53051,3.42037],[117.53056,3.42028],[117.53059,3.42019],[117.53064,3.42011],[117.53067,3.42005],[117.53075,3.41997],[117.53082,3.41995],[117.53094,3.41994],[117.53104,3.41994],[117.53116,3.41994],[117.53127,3.41995],[117.53137,3.41994],[117.53143,3.41992],[117.53152,3.41984],[117.53159,3.41976],[117.53164,3.41971],[117.53174,3.41963],[117.53183,3.4196],[117.53192,3.41959],[117.53199,3.4196],[117.53207,3.41961],[117.53217,3.41963],[117.53228,3.41977],[117.53238,3.4198],[117.53249,3.41982],[117.53252,3.41982],[117.53256,3.41982],[117.5326,3.41982],[117.53266,3.4198],[117.53273,3.41978],[117.53276,3.41974],[117.53281,3.4197],[117.53285,3.41966],[117.53288,3.41959],[117.5329,3.41952],[117.53292,3.41944],[117.53296,3.41936],[117.53303,3.4193],[117.53307,3.41928],[117.53308,3.41929],[117.53312,3.41937],[117.53315,3.41942],[117.53321,3.41948],[117.53332,3.41953],[117.53338,3.41953],[117.53345,3.41951],[117.5335,3.41945],[117.53355,3.41935],[117.53359,3.41927],[117.53363,3.41919],[117.53367,3.41911],[117.53373,3.41911],[117.53384,3.41914],[117.53388,3.41911],[117.53392,3.41898],[117.53395,3.41886],[117.53393,3.41884],[117.53388,3.41882],[117.53387,3.41878],[117.53388,3.41871],[117.53385,3.41864],[117.53376,3.41838],[117.5337,3.41792],[117.53338,3.41757],[117.53336,3.4175],[117.53384,3.41628],[117.53399,3.41528],[117.53485,3.41528],[117.54597,3.41789],[117.54666,3.41658],[117.54709,3.41576],[117.5477,3.41454],[117.54852,3.41337],[117.54877,3.41255],[117.54928,3.4113],[117.54904,3.41045],[117.54888,3.40983],[117.54845,3.40862],[117.54815,3.40792]]]]},"properties":{"kdprov":"65","kdkab":"71","kdkec":"040","kddesa":"003","kdsls":"0013","idsls":"65710400030013","nmprov":"KALIMANTAN UTARA","nmkab":"TARAKAN","nmkec":"TARAKAN UTARA","nmdesa":"JUATA LAUT","nmsls":"RT 013"}},{"type":"Feature","geometry":{"type":"MultiPolygon","coordinates":[[[[117.53178,3.4103],[117.53218,3.41057],[117.53307,3.41103],[117.53386,3.41141],[117.53457,3.41154],[117.535,3.41143],[117.53551,3.41112],[117.53634,3.41082],[117.53735,3.41061],[117.53841,3.41038],[117.53966,3.41033],[117.54057,3.41008],[117.54145,3.41],[117.54265,3.40987],[117.54389,3.41004],[117.54529,3.41018],[117.54657,3.41021],[117.54688,3.41007],[117.54745,3.4092],[117.54785,3.40832],[117.54815,3.40792],[117.54812,3.40695],[117.54809,3.40607],[117.54791,3.40527],[117.5476,3.4046],[117.54756,3.40412],[117.5469,3.40432],[117.54455,3.40722],[117.54237,3.40645],[117.53526,3.4065],[117.53514,3.4066],[117.53512,3.40672],[117.53511,3.40678],[117.53503,3.40682],[117.53497,3.40684],[117.53489,3.40691],[117.53488,3.40704],[117.53487,3.40712],[117.53476,3.40717],[117.53468,3.40713],[117.53457,3.40706],[117.53454,3.40702],[117.53449,3.407],[117.5344,3.40708],[117.53439,3.4072],[117.53442,3.40732],[117.53445,3.40745],[117.53446,3.40759],[117.53446,3.40771],[117.53445,3.40776],[117.53426,3.40782],[117.53411,3.40784],[117.53393,3.40784],[117.53387,3.40783],[117.53381,3.40774],[117.53376,3.40768],[117.53374,3.40764],[117.53368,3.40759],[117.53351,3.40757],[117.53339,3.40759],[117.53331,3.40759],[117.53324,3.40752],[117.5332,3.40749],[117.53306,3.40751],[117.53289,3.40758],[117.53278,3.40763],[117.53268,3.4076],[117.53257,3.40735],[117.53255,3.40724],[117.53251,3.40719],[117.53239,3.40722],[117.53233,3.40732],[117.53234,3.40749],[117.53237,3.40766],[117.53241,3.40776],[117.53243,3.40789],[117.53243,3.40793],[117.53234,3.40793],[117.53214,3.40783],[117.53199,3.40782],[117.53189,3.40786],[117.53179,3.40794],[117.53177,3.40804],[117.53183,3.4082],[117.53193,3.40829],[117.53204,3.40838],[117.53206,3.40842],[117.53212,3.40853],[117.53212,3.40859],[117.53205,3.40868],[117.53191,3.4087],[117.53178,3.4087],[117.53163,3.4087],[117.5315,3.40869],[117.53143,3.40864],[117.53134,3.40867],[117.53142,3.40883],[117.53156,3.40892],[117.53166,3.40902],[117.53176,3.40915],[117.53182,3.40926],[117.53183,3.40935],[117.53183,3.4094],[117.53177,3.40946],[117.53167,3.40951],[117.53156,3.40945],[117.53144,3.40943],[117.53133,3.40946],[117.53125,3.40953],[117.53122,3.40961],[117.53129,3.40975],[117.53143,3.40986],[117.53155,3.40996],[117.53164,3.41008],[117.53172,3.41019],[117.53178,3.4103]]]]},"properties":{"kdprov":"65","kdkab":"71","kdkec":"040","kddesa":"003","kdsls":"0013","idsls":"65710400030013","nmprov":"KALIMANTAN UTARA","nmkab":"TARAKAN","nmkec":"TARAKAN UTARA","nmdesa":"JUATA LAUT","nmsls":"RT 013"}},{"type":"Feature","geometry":{"type":"MultiPolygon","coordinates":[[[[117.55207,3.39354],[117.55177,3.39386],[117.55149,3.39389],[117.55096,3.39359],[117.55048,3.39332],[117.54978,3.39298],[117.54893,3.3927],[117.54803,3.39284],[117.54716,3.39278],[117.54654,3.39282],[117.54624,3.39308],[117.54594,3.39365],[117.54584,3.39441],[117.54991,3.39661],[117.55139,3.39699],[117.55403,3.39769],[117.56135,3.40228],[117.56666,3.4007],[117.56664,3.38723],[117.56631,3.38738],[117.56602,3.38755],[117.56558,3.38781],[117.56508,3.38819],[117.56484,3.38836],[117.56472,3.3885],[117.56466,3.38859],[117.56458,3.38869],[117.5645,3.38882],[117.56432,3.38915],[117.56421,3.3893],[117.56414,3.38948],[117.56403,3.3896],[117.56396,3.38967],[117.56383,3.38977],[117.56373,3.38984],[117.56343,3.39008],[117.56332,3.39026],[117.56324,3.39051],[117.56321,3.39074],[117.56319,3.39109],[117.56317,3.39122],[117.56316,3.39129],[117.56307,3.39146],[117.56298,3.39153],[117.5629,3.3916],[117.56252,3.39179],[117.56232,3.39186],[117.56218,3.39193],[117.56201,3.39205],[117.56188,3.39219],[117.5618,3.39234],[117.56169,3.39247],[117.56167,3.39266],[117.5616,3.39277],[117.56153,3.39289],[117.56137,3.39279],[117.56112,3.39266],[117.56082,3.39251],[117.56043,3.39234],[117.56007,3.39219],[117.55982,3.39214],[117.55949,3.39209],[117.55928,3.39203],[117.55908,3.39197],[117.55882,3.39187],[117.55864,3.39179],[117.55851,3.39167],[117.55838,3.39158],[117.55822,3.39159],[117.55808,3.39162],[117.5579,3.3917],[117.5577,3.39183],[117.55748,3.39202],[117.55719,3.39221],[117.557,3.3923],[117.55686,3.39237],[117.55678,3.39239],[117.55673,3.3924],[117.55611,3.39258],[117.55551,3.39274],[117.55456,3.39291],[117.55407,3.39301],[117.55358,3.39309],[117.55354,3.3931],[117.55305,3.39314],[117.55299,3.39314],[117.55295,3.39316],[117.55275,3.39323],[117.55234,3.39334],[117.55226,3.39341],[117.55207,3.39354]]]]},"properties":{"kdprov":"65","kdkab":"71","kdkec":"040","kddesa":"003","kdsls":"0014","idsls":"65710400030014","nmprov":"KALIMANTAN UTARA","nmkab":"TARAKAN","nmkec":"TARAKAN UTARA","nmdesa":"JUATA LAUT","nmsls":"RT 014"}},{"type":"Feature","geometry":{"type":"MultiPolygon","coordinates":[[[[117.54292,3.43515],[117.54287,3.43512],[117.54278,3.43499],[117.54265,3.43488],[117.54253,3.43473],[117.54238,3.43459],[117.5423,3.43451],[117.54223,3.43431],[117.54217,3.43413],[117.54212,3.43406],[117.54204,3.43407],[117.54193,3.43406],[117.54181,3.43399],[117.54167,3.4338],[117.54146,3.43354],[117.54129,3.43334],[117.54096,3.43359],[117.54046,3.434],[117.53897,3.43516],[117.53898,3.43517],[117.53948,3.43563],[117.54007,3.43619],[117.54089,3.43673],[117.54164,3.43737],[117.54168,3.4374],[117.54266,3.43632],[117.54307,3.43586],[117.54333,3.43557],[117.54334,3.4355],[117.54328,3.43543],[117.5432,3.43537],[117.54311,3.43535],[117.54302,3.43534],[117.54297,3.43528],[117.54292,3.43515]]]]},"properties":{"kdprov":"65","kdkab":"71","kdkec":"040","kddesa":"003","kdsls":"0015","idsls":"65710400030015","nmprov":"KALIMANTAN UTARA","nmkab":"TARAKAN","nmkec":"TARAKAN UTARA","nmdesa":"JUATA LAUT","nmsls":"RT 015"}},{"type":"Feature","geometry":{"type":"MultiPolygon","coordinates":[[[[117.54188,3.43144],[117.54131,3.43214],[117.54049,3.43316],[117.54021,3.43334],[117.53895,3.43416],[117.53831,3.43451],[117.53836,3.43459],[117.53897,3.43516],[117.54046,3.434],[117.54096,3.43359],[117.54129,3.43334],[117.54137,3.43327],[117.54168,3.43307],[117.5418,3.43299],[117.54188,3.4329],[117.54205,3.43273],[117.54218,3.43258],[117.54262,3.43209],[117.54205,3.4316],[117.54188,3.43144]]]]},"properties":{"kdprov":"65","kdkab":"71","kdkec":"040","kddesa":"003","kdsls":"0016","idsls":"65710400030016","nmprov":"KALIMANTAN UTARA","nmkab":"TARAKAN","nmkec":"TARAKAN UTARA","nmdesa":"JUATA LAUT","nmsls":"RT 016"}},{"type":"Feature","geometry":{"type":"MultiPolygon","coordinates":[[[[117.56071,3.43711],[117.56056,3.43633],[117.56049,3.43555],[117.56058,3.43523],[117.56121,3.43476],[117.56177,3.43433],[117.56205,3.43331],[117.56328,3.43233],[117.56522,3.43092],[117.56917,3.42854],[117.57137,3.42726],[117.57166,3.42699],[117.57392,3.42699],[117.5762,3.42688],[117.57624,3.42599],[117.57639,3.42409],[117.5762,3.42284],[117.57586,3.42209],[117.57575,3.42162],[117.57649,3.42099],[117.57794,3.41954],[117.57826,3.41884],[117.57775,3.4186],[117.5769,3.41799],[117.57526,3.41799],[117.57445,3.4176],[117.57411,3.4163],[117.57428,3.4153],[117.57449,3.41473],[117.57377,3.41407],[117.57292,3.41328],[117.57281,3.41282],[117.57309,3.41162],[117.57252,3.41028],[117.57181,3.40907],[117.57164,3.40824],[117.57032,3.40764],[117.56994,3.40503],[117.56947,3.40392],[117.5682,3.40333],[117.56752,3.40201],[117.56666,3.4007],[117.56135,3.40228],[117.55403,3.39769],[117.55139,3.39699],[117.55109,3.39999],[117.55279,3.40158],[117.55277,3.40254],[117.55427,3.40898],[117.55441,3.4127],[117.55557,3.41436],[117.55431,3.41684],[117.55861,3.41692],[117.55593,3.42508],[117.55606,3.42661],[117.55353,3.42633],[117.55353,3.42665],[117.55357,3.42687],[117.55361,3.42708],[117.55371,3.42729],[117.55394,3.42763],[117.55436,3.42817],[117.55478,3.4286],[117.55484,3.42878],[117.55485,3.42898],[117.55487,3.42909],[117.55479,3.42957],[117.55475,3.43016],[117.55475,3.43075],[117.55472,3.43106],[117.55469,3.43137],[117.55471,3.43161],[117.5547,3.4318],[117.55462,3.43221],[117.55447,3.43286],[117.55427,3.43333],[117.55435,3.43346],[117.55479,3.4342],[117.55486,3.43423],[117.55493,3.43426],[117.55493,3.4344],[117.55505,3.43466],[117.55523,3.4348],[117.55543,3.43501],[117.5555,3.43507],[117.55557,3.43512],[117.55564,3.43517],[117.55566,3.43522],[117.55568,3.43529],[117.5557,3.43535],[117.55571,3.4354],[117.55576,3.43543],[117.55584,3.43544],[117.55595,3.43547],[117.55604,3.43551],[117.55612,3.43554],[117.5562,3.43555],[117.55629,3.43555],[117.55638,3.43555],[117.55648,3.43562],[117.55657,3.43569],[117.55663,3.43575],[117.55675,3.43576],[117.55687,3.43577],[117.55696,3.4358],[117.55707,3.43581],[117.55717,3.43583],[117.55725,3.43584],[117.55733,3.43586],[117.55733,3.43586],[117.55736,3.43587],[117.55741,3.43573],[117.55743,3.43563],[117.55748,3.43558],[117.55751,3.43551],[117.55753,3.43545],[117.55755,3.43541],[117.55759,3.43534],[117.55763,3.43527],[117.55767,3.43521],[117.55774,3.43517],[117.55782,3.43512],[117.55789,3.43508],[117.55799,3.43503],[117.55809,3.43499],[117.55817,3.43496],[117.55827,3.43493],[117.55838,3.43491],[117.55841,3.4349],[117.55908,3.43731],[117.56071,3.43711]]]]},"properties":{"kdprov":"65","kdkab":"71","kdkec":"040","kddesa":"003","kdsls":"0017","idsls":"65710400030017","nmprov":"KALIMANTAN UTARA","nmkab":"TARAKAN","nmkec":"TARAKAN UTARA","nmdesa":"JUATA LAUT","nmsls":"RT 017"}},{"type":"Feature","geometry":{"type":"MultiPolygon","coordinates":[[[[117.54824,3.3795],[117.54665,3.37907],[117.54693,3.378],[117.54699,3.37778],[117.5471,3.37731],[117.54726,3.37675],[117.54781,3.37506],[117.54781,3.37497],[117.54783,3.3749],[117.54789,3.37481],[117.54633,3.37482],[117.54618,3.37396],[117.54613,3.37394],[117.54559,3.37361],[117.54555,3.37362],[117.5448,3.374],[117.54444,3.37376],[117.54374,3.37316],[117.5432,3.37314],[117.54212,3.37306],[117.54187,3.37316],[117.54174,3.37333],[117.5414,3.37369],[117.54117,3.37392],[117.54088,3.37401],[117.54062,3.37401],[117.54055,3.37407],[117.53993,3.37427],[117.53904,3.37388],[117.53872,3.37403],[117.53837,3.37419],[117.53897,3.37635],[117.53901,3.38053],[117.54112,3.38051],[117.54559,3.38047],[117.54559,3.38172],[117.54598,3.38189],[117.54644,3.38209],[117.54717,3.38219],[117.54849,3.38232],[117.54857,3.38199],[117.5486,3.38189],[117.54864,3.38175],[117.54865,3.38172],[117.54873,3.38145],[117.54877,3.38134],[117.54881,3.3812],[117.54886,3.3811],[117.54891,3.38091],[117.54892,3.38088],[117.54899,3.38073],[117.5491,3.38058],[117.54923,3.38042],[117.54929,3.38034],[117.54934,3.38027],[117.54946,3.38013],[117.54953,3.38],[117.54954,3.37998],[117.5492,3.37981],[117.54889,3.37968],[117.54824,3.3795]]]]},"properties":{"kdprov":"65","kdkab":"71","kdkec":"040","kddesa":"001","kdsls":"0020","idsls":"65710400010020","nmprov":"KALIMANTAN UTARA","nmkab":"TARAKAN","nmkec":"TARAKAN UTARA","nmdesa":"JUATA PERMAI","nmsls":"RT 020"}},{"type":"Feature","geometry":{"type":"MultiPolygon","coordinates":[[[[117.53925,3.38366],[117.53857,3.38375],[117.53852,3.38433],[117.54107,3.38452],[117.54364,3.38466],[117.54434,3.3847],[117.54442,3.38363],[117.54135,3.38344],[117.54125,3.38165],[117.53866,3.38181],[117.53879,3.38197],[117.53925,3.38366]]]]},"properties":{"kdprov":"65","kdkab":"71","kdkec":"040","kddesa":"001","kdsls":"0021","idsls":"65710400010021","nmprov":"KALIMANTAN UTARA","nmkab":"TARAKAN","nmkec":"TARAKAN UTARA","nmdesa":"JUATA PERMAI","nmsls":"RT 021"}},{"type":"Feature","geometry":{"type":"MultiPolygon","coordinates":[[[[117.54503,3.38611],[117.54507,3.38476],[117.54434,3.3847],[117.54364,3.38466],[117.5435,3.38611],[117.54503,3.38611]]]]},"properties":{"kdprov":"65","kdkab":"71","kdkec":"040","kddesa":"001","kdsls":"0021","idsls":"65710400010021","nmprov":"KALIMANTAN UTARA","nmkab":"TARAKAN","nmkec":"TARAKAN UTARA","nmdesa":"JUATA PERMAI","nmsls":"RT 021"}},{"type":"Feature","geometry":{"type":"MultiPolygon","coordinates":[[[[117.54107,3.38452],[117.54101,3.3854],[117.54093,3.38664],[117.54103,3.38654],[117.54262,3.38652],[117.54305,3.38633],[117.54305,3.38611],[117.5435,3.38611],[117.54364,3.38466],[117.54107,3.38452]]]]},"properties":{"kdprov":"65","kdkab":"71","kdkec":"040","kddesa":"001","kdsls":"0021","idsls":"65710400010021","nmprov":"KALIMANTAN UTARA","nmkab":"TARAKAN","nmkec":"TARAKAN UTARA","nmdesa":"JUATA PERMAI","nmsls":"RT 021"}},{"type":"Feature","geometry":{"type":"MultiPolygon","coordinates":[[[[117.56666,3.4007],[117.56752,3.40201],[117.5682,3.40333],[117.56947,3.40392],[117.56994,3.40503],[117.57032,3.40764],[117.57164,3.40824],[117.57181,3.40907],[117.57252,3.41028],[117.57309,3.41162],[117.57281,3.41282],[117.57292,3.41328],[117.57377,3.41407],[117.57449,3.41473],[117.57428,3.4153],[117.57411,3.4163],[117.57445,3.4176],[117.57526,3.41799],[117.5769,3.41799],[117.57775,3.4186],[117.57826,3.41884],[117.57794,3.41954],[117.57649,3.42099],[117.57575,3.42162],[117.57586,3.42209],[117.5762,3.42284],[117.57639,3.42409],[117.57624,3.42599],[117.5762,3.42688],[117.57392,3.42699],[117.57166,3.42699],[117.57137,3.42726],[117.56917,3.42854],[117.56522,3.43092],[117.56328,3.43233],[117.56205,3.43331],[117.56177,3.43433],[117.56121,3.43476],[117.56058,3.43523],[117.56049,3.43555],[117.56056,3.43633],[117.56071,3.43711],[117.56313,3.43682],[117.5633,3.43731],[117.56405,3.4385],[117.56485,3.43935],[117.56603,3.43929],[117.56645,3.43926],[117.56863,3.43948],[117.56878,3.43949],[117.57292,3.43986],[117.57298,3.43987],[117.57549,3.43945],[117.5763,3.4396],[117.5775,3.43983],[117.57866,3.44005],[117.58027,3.44036],[117.58359,3.441],[117.58399,3.44111],[117.5859,3.4416],[117.58819,3.44215],[117.59043,3.44263],[117.59266,3.44282],[117.59457,3.44306],[117.5962,3.44324],[117.59629,3.44325],[117.5964,3.44326],[117.59663,3.44329],[117.5972,3.44337],[117.59748,3.4434],[117.59752,3.44341],[117.59883,3.44339],[117.60067,3.44315],[117.60241,3.44293],[117.60391,3.44264],[117.606,3.44231],[117.6073,3.44215],[117.6073,3.44214],[117.60815,3.44204],[117.60974,3.4419],[117.61,3.44186],[117.61077,3.44173],[117.61222,3.44144],[117.61331,3.44125],[117.61551,3.44046],[117.61691,3.43981],[117.61711,3.43971],[117.6179,3.43931],[117.61818,3.43916],[117.61848,3.43888],[117.61865,3.43854],[117.6189,3.43834],[117.61911,3.43804],[117.61922,3.43743],[117.61937,3.43693],[117.61987,3.43631],[117.6206,3.43562],[117.62089,3.43554],[117.62124,3.43555],[117.62149,3.43533],[117.62183,3.43494],[117.62219,3.4347],[117.62278,3.43441],[117.62306,3.43411],[117.62355,3.43373],[117.62402,3.43357],[117.62439,3.43352],[117.62484,3.43362],[117.62505,3.43351],[117.62539,3.43316],[117.62593,3.43272],[117.62606,3.43262],[117.62648,3.4327],[117.62679,3.43246],[117.62746,3.4321],[117.62762,3.43202],[117.62809,3.43179],[117.62961,3.43095],[117.6302,3.43062],[117.6309,3.43023],[117.63235,3.42958],[117.63347,3.42896],[117.63542,3.428],[117.63692,3.427],[117.63747,3.42652],[117.6377,3.42636],[117.63804,3.42621],[117.6383,3.42621],[117.63851,3.42634],[117.63876,3.42642],[117.63891,3.42629],[117.63911,3.42619],[117.63932,3.42598],[117.63946,3.42603],[117.63981,3.42605],[117.64024,3.42603],[117.64104,3.42594],[117.64233,3.42517],[117.64407,3.42443],[117.64564,3.42361],[117.64666,3.42311],[117.64707,3.42286],[117.64792,3.42234],[117.64954,3.42155],[117.65176,3.41997],[117.65276,3.41939],[117.65328,3.41911],[117.65392,3.41918],[117.65447,3.41946],[117.65495,3.41956],[117.65588,3.41918],[117.65799,3.41841],[117.65978,3.41786],[117.66135,3.41745],[117.66307,3.41683],[117.66447,3.41596],[117.66523,3.41556],[117.66578,3.41522],[117.66595,3.4146],[117.66602,3.41311],[117.66628,3.4122],[117.66666,3.41113],[117.66713,3.40945],[117.6677,3.40751],[117.66818,3.40567],[117.66865,3.40366],[117.6687,3.40318],[117.66889,3.40138],[117.6691,3.39904],[117.66904,3.39851],[117.66887,3.3983],[117.66872,3.39821],[117.66868,3.39815],[117.66862,3.39806],[117.66855,3.39785],[117.66852,3.39762],[117.66852,3.39739],[117.66855,3.39672],[117.66848,3.39657],[117.66835,3.39583],[117.66828,3.39465],[117.66824,3.39339],[117.66812,3.39256],[117.66703,3.39157],[117.66704,3.3915],[117.66705,3.39143],[117.66706,3.3914],[117.66712,3.39112],[117.66711,3.39112],[117.66685,3.39111],[117.66683,3.39111],[117.6663,3.39111],[117.66558,3.3911],[117.66495,3.39109],[117.66322,3.39107],[117.6629,3.39106],[117.66087,3.39104],[117.65406,3.39095],[117.64212,3.39079],[117.63971,3.39074],[117.63971,3.39076],[117.63971,3.39081],[117.63971,3.39074],[117.63032,3.39053],[117.6303,3.39053],[117.61469,3.39018],[117.61323,3.39015],[117.61323,3.39015],[117.60841,3.39004],[117.60813,3.39004],[117.60813,3.3903],[117.60797,3.3903],[117.6073,3.39027],[117.6051,3.39016],[117.60174,3.39001],[117.60161,3.39001],[117.59675,3.38978],[117.59532,3.38938],[117.58683,3.38705],[117.58501,3.38657],[117.58259,3.38588],[117.58224,3.38578],[117.58201,3.38572],[117.58151,3.38558],[117.58104,3.38545],[117.58015,3.38521],[117.57812,3.38465],[117.57814,3.38476],[117.57817,3.38493],[117.57822,3.38524],[117.57818,3.38537],[117.57802,3.38561],[117.57787,3.38585],[117.57774,3.38592],[117.57762,3.38596],[117.5774,3.3859],[117.57717,3.38583],[117.57697,3.38579],[117.57681,3.3858],[117.57649,3.38587],[117.57627,3.38592],[117.57612,3.38591],[117.57586,3.38582],[117.57568,3.38575],[117.57556,3.38573],[117.57545,3.3857],[117.57517,3.38577],[117.57482,3.38587],[117.57459,3.38596],[117.57443,3.38612],[117.57429,3.38623],[117.57408,3.38645],[117.57382,3.3866],[117.57367,3.38662],[117.5735,3.38658],[117.5732,3.38653],[117.5729,3.38656],[117.57273,3.38661],[117.57264,3.38663],[117.57263,3.38664],[117.57263,3.38664],[117.57259,3.38665],[117.57249,3.38666],[117.57248,3.38665],[117.57221,3.3866],[117.57185,3.38642],[117.57162,3.38633],[117.57129,3.38615],[117.5709,3.38598],[117.57074,3.3859],[117.57069,3.38591],[117.57069,3.3859],[117.57047,3.38592],[117.57009,3.38605],[117.56963,3.38621],[117.56902,3.38652],[117.56835,3.38683],[117.56816,3.38687],[117.56772,3.38692],[117.5673,3.38695],[117.5671,3.38702],[117.56664,3.38723],[117.56666,3.4007]]]]},"properties":{"kdprov":"65","kdkab":"71","kdkec":"040","kddesa":"003","kdsls":"0017","idsls":"65710400030017","nmprov":"KALIMANTAN UTARA","nmkab":"TARAKAN","nmkec":"TARAKAN UTARA","nmdesa":"JUATA LAUT","nmsls":"RT 017"}},{"type":"Feature","geometry":{"type":"MultiPolygon","coordinates":[[[[117.54199,3.42624],[117.54321,3.42364],[117.54495,3.42012],[117.54565,3.41877],[117.54577,3.41845],[117.54597,3.41789],[117.53485,3.41528],[117.53399,3.41528],[117.53384,3.41628],[117.53336,3.4175],[117.53338,3.41757],[117.5337,3.41792],[117.53376,3.41838],[117.53385,3.41864],[117.53388,3.41871],[117.53387,3.41878],[117.53388,3.41882],[117.53393,3.41884],[117.53395,3.41886],[117.53392,3.41898],[117.53388,3.41911],[117.53384,3.41914],[117.53373,3.41911],[117.53367,3.41911],[117.53363,3.41919],[117.53359,3.41927],[117.53355,3.41935],[117.5335,3.41945],[117.53345,3.41951],[117.53338,3.41953],[117.53332,3.41953],[117.53321,3.41948],[117.53315,3.41942],[117.53312,3.41937],[117.53308,3.41929],[117.53307,3.41928],[117.53303,3.4193],[117.53296,3.41936],[117.53292,3.41944],[117.5329,3.41952],[117.53288,3.41959],[117.53285,3.41966],[117.53281,3.4197],[117.53276,3.41974],[117.53273,3.41978],[117.53266,3.4198],[117.5326,3.41982],[117.53256,3.41982],[117.53252,3.41982],[117.53249,3.41982],[117.53238,3.4198],[117.53228,3.41977],[117.53217,3.41963],[117.53207,3.41961],[117.53199,3.4196],[117.53192,3.41959],[117.53183,3.4196],[117.53174,3.41963],[117.53164,3.41971],[117.53159,3.41976],[117.53152,3.41984],[117.53143,3.41992],[117.53137,3.41994],[117.53127,3.41995],[117.53116,3.41994],[117.53104,3.41994],[117.53094,3.41994],[117.53082,3.41995],[117.53075,3.41997],[117.53067,3.42005],[117.53064,3.42011],[117.53059,3.42019],[117.53056,3.42028],[117.53051,3.42037],[117.53046,3.42044],[117.5304,3.4205],[117.53036,3.42057],[117.53032,3.4206],[117.53035,3.42072],[117.53042,3.42084],[117.5305,3.42094],[117.53059,3.42099],[117.53069,3.42101],[117.53083,3.42104],[117.53089,3.42105],[117.53098,3.42107],[117.53106,3.42111],[117.53111,3.42117],[117.53112,3.42123],[117.53112,3.4213],[117.53111,3.42132],[117.53125,3.42133],[117.54199,3.42624]]]]},"properties":{"kdprov":"65","kdkab":"71","kdkec":"040","kddesa":"003","kdsls":"0018","idsls":"65710400030018","nmprov":"KALIMANTAN UTARA","nmkab":"TARAKAN","nmkec":"TARAKAN UTARA","nmdesa":"JUATA LAUT","nmsls":"RT 018"}},{"type":"Feature","geometry":{"type":"MultiPolygon","coordinates":[[[[117.55353,3.42633],[117.55358,3.42579],[117.55314,3.4253],[117.55266,3.42509],[117.55231,3.42465],[117.55201,3.42415],[117.5518,3.42377],[117.55148,3.42347],[117.55117,3.42306],[117.55107,3.42279],[117.55104,3.42248],[117.55102,3.42218],[117.55089,3.42198],[117.55075,3.42187],[117.55049,3.42188],[117.55021,3.42188],[117.54992,3.42181],[117.5496,3.4215],[117.54931,3.42109],[117.54931,3.42039],[117.54931,3.41961],[117.54896,3.41946],[117.54815,3.41938],[117.5473,3.41903],[117.54629,3.41835],[117.54577,3.41845],[117.54565,3.41877],[117.54495,3.42012],[117.54321,3.42364],[117.54199,3.42624],[117.54427,3.42738],[117.5455,3.42493],[117.54642,3.42525],[117.55019,3.42608],[117.55353,3.42633]]]]},"properties":{"kdprov":"65","kdkab":"71","kdkec":"040","kddesa":"003","kdsls":"0018","idsls":"65710400030018","nmprov":"KALIMANTAN UTARA","nmkab":"TARAKAN","nmkec":"TARAKAN UTARA","nmdesa":"JUATA LAUT","nmsls":"RT 018"}},{"type":"Feature","geometry":{"type":"MultiPolygon","coordinates":[[[[117.54365,3.38909],[117.54429,3.38908],[117.54431,3.38907],[117.54466,3.38885],[117.54503,3.3891],[117.54522,3.38892],[117.54528,3.38895],[117.54548,3.38907],[117.54571,3.38887],[117.54585,3.38875],[117.54587,3.38873],[117.5459,3.38874],[117.54607,3.38882],[117.54623,3.38881],[117.54651,3.38909],[117.54658,3.3891],[117.54703,3.38921],[117.54714,3.38923],[117.54714,3.38922],[117.54717,3.38922],[117.54716,3.38919],[117.54738,3.38848],[117.54742,3.38833],[117.54749,3.3871],[117.54751,3.38685],[117.5476,3.38635],[117.54763,3.38631],[117.54764,3.38626],[117.54764,3.38626],[117.54764,3.38626],[117.54764,3.38625],[117.54767,3.38614],[117.54772,3.38594],[117.54779,3.38563],[117.548,3.38496],[117.5483,3.38338],[117.54833,3.3832],[117.54833,3.38318],[117.54833,3.38313],[117.54833,3.38312],[117.54833,3.38308],[117.54834,3.38302],[117.54836,3.3829],[117.54837,3.3828],[117.54839,3.3827],[117.54844,3.38249],[117.54847,3.3824],[117.54847,3.3824],[117.54849,3.38232],[117.54717,3.38219],[117.54644,3.38209],[117.54598,3.38189],[117.54559,3.38172],[117.54559,3.38047],[117.54112,3.38051],[117.54125,3.38165],[117.54135,3.38344],[117.54442,3.38363],[117.54434,3.3847],[117.54507,3.38476],[117.54503,3.38611],[117.5435,3.38611],[117.54365,3.38909]]]]},"properties":{"kdprov":"65","kdkab":"71","kdkec":"040","kddesa":"001","kdsls":"0001","idsls":"65710400010001","nmprov":"KALIMANTAN UTARA","nmkab":"TARAKAN","nmkec":"TARAKAN UTARA","nmdesa":"JUATA PERMAI","nmsls":"RT 001"}},{"type":"Feature","geometry":{"type":"MultiPolygon","coordinates":[[[[117.53857,3.38375],[117.53925,3.38366],[117.53879,3.38197],[117.53866,3.38181],[117.53684,3.38239],[117.53682,3.38399],[117.53541,3.38399],[117.53547,3.38484],[117.53558,3.38479],[117.5366,3.3845],[117.53757,3.38431],[117.53852,3.38433],[117.53857,3.38375]]]]},"properties":{"kdprov":"65","kdkab":"71","kdkec":"040","kddesa":"001","kdsls":"0021","idsls":"65710400010021","nmprov":"KALIMANTAN UTARA","nmkab":"TARAKAN","nmkec":"TARAKAN UTARA","nmdesa":"JUATA PERMAI","nmsls":"RT 021"}},{"type":"Feature","geometry":{"type":"MultiPolygon","coordinates":[[[[117.53816,3.38578],[117.53779,3.38576],[117.53757,3.38576],[117.53733,3.38584],[117.5371,3.38597],[117.53698,3.38608],[117.5368,3.38624],[117.53672,3.38645],[117.53666,3.38668],[117.53638,3.38667],[117.53605,3.38666],[117.5356,3.38666],[117.53569,3.38787],[117.53828,3.38791],[117.53832,3.38729],[117.53842,3.3858],[117.53816,3.38578]]]]},"properties":{"kdprov":"65","kdkab":"71","kdkec":"040","kddesa":"001","kdsls":"0021","idsls":"65710400010021","nmprov":"KALIMANTAN UTARA","nmkab":"TARAKAN","nmkec":"TARAKAN UTARA","nmdesa":"JUATA PERMAI","nmsls":"RT 021"}},{"type":"Feature","geometry":{"type":"MultiPolygon","coordinates":[[[[117.54053,3.38538],[117.54052,3.38577],[117.53931,3.38574],[117.53929,3.38596],[117.53923,3.38658],[117.53919,3.38712],[117.53918,3.38724],[117.53912,3.38729],[117.53899,3.38728],[117.53832,3.38729],[117.53828,3.38791],[117.53854,3.38791],[117.53977,3.38755],[117.54022,3.38724],[117.54093,3.38664],[117.54101,3.3854],[117.54053,3.38538]]]]},"properties":{"kdprov":"65","kdkab":"71","kdkec":"040","kddesa":"001","kdsls":"0021","idsls":"65710400010021","nmprov":"KALIMANTAN UTARA","nmkab":"TARAKAN","nmkec":"TARAKAN UTARA","nmdesa":"JUATA PERMAI","nmsls":"RT 021"}},{"type":"Feature","geometry":{"type":"MultiPolygon","coordinates":[[[[117.51725,3.39582],[117.51798,3.39556],[117.51881,3.39474],[117.51984,3.39421],[117.52064,3.39417],[117.52133,3.39325],[117.52209,3.39251],[117.52236,3.39173],[117.52216,3.39158],[117.52146,3.39077],[117.52116,3.39043],[117.52093,3.39001],[117.52104,3.38993],[117.52102,3.38957],[117.52092,3.38876],[117.5221,3.38866],[117.52355,3.38827],[117.52451,3.3868],[117.52155,3.38679],[117.52148,3.38658],[117.52113,3.38654],[117.52096,3.38489],[117.52096,3.38481],[117.52109,3.38472],[117.52134,3.38465],[117.52154,3.38438],[117.52169,3.38415],[117.52171,3.38371],[117.5217,3.38319],[117.52178,3.38311],[117.52228,3.38209],[117.52206,3.38207],[117.52176,3.38209],[117.52121,3.38223],[117.52109,3.38224],[117.52056,3.38222],[117.52043,3.38218],[117.52033,3.38206],[117.52013,3.382],[117.51977,3.38193],[117.51925,3.3821],[117.51876,3.38207],[117.51829,3.38175],[117.51818,3.38156],[117.51828,3.38129],[117.51789,3.38102],[117.51765,3.38092],[117.51759,3.38081],[117.51769,3.3805],[117.51757,3.3801],[117.51651,3.38029],[117.51577,3.38065],[117.51506,3.38042],[117.51496,3.38108],[117.51473,3.38103],[117.51471,3.38109],[117.51465,3.38121],[117.51469,3.38123],[117.5152,3.38143],[117.51515,3.38168],[117.51504,3.38179],[117.51503,3.38192],[117.51483,3.38193],[117.51481,3.38205],[117.51494,3.38207],[117.51489,3.38233],[117.51477,3.38231],[117.51476,3.38241],[117.51475,3.38255],[117.51475,3.38257],[117.51474,3.38263],[117.51493,3.38264],[117.51492,3.38301],[117.51477,3.38341],[117.51495,3.38352],[117.51468,3.38374],[117.51467,3.38419],[117.51467,3.38424],[117.51466,3.38469],[117.51464,3.38641],[117.5148,3.3883],[117.5148,3.38834],[117.515,3.3887],[117.51502,3.38881],[117.51495,3.38923],[117.51498,3.38935],[117.5151,3.38954],[117.51513,3.39027],[117.51524,3.39104],[117.51524,3.39106],[117.51531,3.39156],[117.51536,3.39197],[117.51571,3.39198],[117.51572,3.39198],[117.51695,3.39201],[117.51701,3.3922],[117.51722,3.39276],[117.51684,3.39293],[117.51627,3.39318],[117.51603,3.39328],[117.51578,3.39339],[117.51571,3.39343],[117.51578,3.39372],[117.51583,3.39393],[117.51574,3.39396],[117.51561,3.394],[117.51534,3.39405],[117.51535,3.39413],[117.51537,3.39418],[117.51539,3.39429],[117.51545,3.3945],[117.51565,3.39445],[117.51577,3.39442],[117.51589,3.39439],[117.51595,3.39437],[117.51601,3.39436],[117.51609,3.39434],[117.51614,3.3944],[117.51636,3.39465],[117.5166,3.39499],[117.5166,3.39524],[117.51659,3.39545],[117.51649,3.39601],[117.5165,3.39606],[117.51725,3.39582]]]]},"properties":{"kdprov":"65","kdkab":"71","kdkec":"040","kddesa":"001","kdsls":"0001","idsls":"65710400010001","nmprov":"KALIMANTAN UTARA","nmkab":"TARAKAN","nmkec":"TARAKAN UTARA","nmdesa":"JUATA PERMAI","nmsls":"RT 001"}},{"type":"Feature","geometry":{"type":"MultiPolygon","coordinates":[[[[117.53605,3.38666],[117.53638,3.38667],[117.53666,3.38668],[117.53672,3.38645],[117.5368,3.38624],[117.53698,3.38608],[117.5371,3.38597],[117.53733,3.38584],[117.53757,3.38576],[117.53779,3.38576],[117.53816,3.38578],[117.53842,3.3858],[117.53852,3.38433],[117.53757,3.38431],[117.5366,3.3845],[117.53558,3.38479],[117.53547,3.38484],[117.5356,3.38666],[117.53605,3.38666]]]]},"properties":{"kdprov":"65","kdkab":"71","kdkec":"040","kddesa":"001","kdsls":"0021","idsls":"65710400010021","nmprov":"KALIMANTAN UTARA","nmkab":"TARAKAN","nmkec":"TARAKAN UTARA","nmdesa":"JUATA PERMAI","nmsls":"RT 021"}},{"type":"Feature","geometry":{"type":"MultiPolygon","coordinates":[[[[117.53053,3.38278],[117.5299,3.38274],[117.52953,3.38309],[117.52923,3.38349],[117.52914,3.38357],[117.52855,3.38382],[117.52924,3.38606],[117.52657,3.39072],[117.52704,3.39143],[117.52826,3.39278],[117.52991,3.39406],[117.53557,3.39241],[117.54084,3.39087],[117.54126,3.39053],[117.54171,3.38985],[117.54174,3.38983],[117.54175,3.38983],[117.54193,3.38969],[117.54229,3.38945],[117.54271,3.38948],[117.54271,3.38947],[117.54276,3.38942],[117.54286,3.38929],[117.54286,3.38929],[117.54329,3.38928],[117.5433,3.38928],[117.5435,3.3891],[117.54351,3.38909],[117.54357,3.38909],[117.54365,3.38909],[117.5435,3.38611],[117.54305,3.38611],[117.54305,3.38633],[117.54262,3.38652],[117.54103,3.38654],[117.54093,3.38664],[117.54022,3.38724],[117.53977,3.38755],[117.53854,3.38791],[117.53828,3.38791],[117.53569,3.38787],[117.5356,3.38666],[117.53547,3.38484],[117.53541,3.38399],[117.53682,3.38399],[117.53684,3.38239],[117.53866,3.38181],[117.54125,3.38165],[117.54112,3.38051],[117.53901,3.38053],[117.53897,3.37635],[117.53878,3.37646],[117.53861,3.37653],[117.53829,3.37657],[117.53787,3.37669],[117.53742,3.37686],[117.53726,3.37693],[117.53694,3.37723],[117.5368,3.37737],[117.53649,3.3775],[117.53613,3.37753],[117.53572,3.37748],[117.5355,3.37743],[117.53533,3.37741],[117.53516,3.37742],[117.53507,3.37743],[117.53501,3.37745],[117.53497,3.37746],[117.5348,3.3777],[117.53464,3.37802],[117.53447,3.37822],[117.53421,3.37841],[117.534,3.37843],[117.53376,3.37842],[117.53359,3.37837],[117.53346,3.37829],[117.53309,3.37792],[117.53287,3.37772],[117.53281,3.37768],[117.5326,3.37738],[117.53237,3.37704],[117.53219,3.37684],[117.53198,3.37659],[117.53188,3.37644],[117.53178,3.37631],[117.53162,3.37614],[117.53148,3.376],[117.53123,3.3758],[117.53079,3.37544],[117.53071,3.37541],[117.53041,3.37541],[117.52969,3.37548],[117.52946,3.37551],[117.52875,3.3757],[117.52861,3.37582],[117.52836,3.37607],[117.52788,3.37638],[117.5277,3.37649],[117.52754,3.37663],[117.52744,3.37672],[117.52734,3.37687],[117.5272,3.37729],[117.52713,3.37746],[117.52698,3.37776],[117.5266,3.37818],[117.5309,3.38175],[117.5323,3.38276],[117.53292,3.38427],[117.53183,3.38423],[117.53177,3.38617],[117.5309,3.38619],[117.5309,3.38289],[117.53089,3.38289],[117.53053,3.38278]]]]},"properties":{"kdprov":"65","kdkab":"71","kdkec":"040","kddesa":"001","kdsls":"0001","idsls":"65710400010001","nmprov":"KALIMANTAN UTARA","nmkab":"TARAKAN","nmkec":"TARAKAN UTARA","nmdesa":"JUATA PERMAI","nmsls":"RT 001"}},{"type":"Feature","geometry":{"type":"MultiPolygon","coordinates":[[[[117.54713,3.40318],[117.54638,3.40285],[117.54588,3.40238],[117.54546,3.40182],[117.54516,3.4012],[117.54474,3.39989],[117.54502,3.3992],[117.54534,3.39831],[117.54561,3.39761],[117.54574,3.39654],[117.54567,3.396],[117.5456,3.39542],[117.54581,3.3948],[117.54584,3.39441],[117.53516,3.39418],[117.52991,3.39406],[117.53018,3.39598],[117.52992,3.39613],[117.5297,3.39636],[117.52933,3.39666],[117.52907,3.39698],[117.52869,3.39734],[117.52823,3.39764],[117.52788,3.39794],[117.52733,3.39829],[117.52672,3.39859],[117.52623,3.39878],[117.52584,3.39883],[117.5254,3.39882],[117.52492,3.39879],[117.52467,3.39879],[117.52446,3.39865],[117.52423,3.3984],[117.52407,3.3982],[117.52386,3.39803],[117.52363,3.39786],[117.52349,3.39787],[117.52302,3.39838],[117.52306,3.3988],[117.52286,3.39901],[117.52241,3.39923],[117.52216,3.39932],[117.52194,3.3995],[117.52184,3.39963],[117.52159,3.39963],[117.52141,3.3996],[117.52113,3.39963],[117.52095,3.39964],[117.52082,3.39965],[117.52076,3.39965],[117.52067,3.39965],[117.52056,3.39957],[117.52043,3.3995],[117.52031,3.39946],[117.52018,3.39945],[117.52001,3.39945],[117.5199,3.39949],[117.51973,3.39956],[117.5196,3.39956],[117.51948,3.3995],[117.51933,3.39942],[117.51921,3.3994],[117.51912,3.39934],[117.51901,3.39934],[117.51887,3.39932],[117.51869,3.39919],[117.5186,3.39906],[117.51854,3.39888],[117.5185,3.39876],[117.518,3.39874],[117.51773,3.39867],[117.51746,3.39851],[117.51693,3.39797],[117.51687,3.39811],[117.51684,3.39829],[117.51698,3.39865],[117.51717,3.39972],[117.5172,3.4002],[117.51722,3.40046],[117.51731,3.40137],[117.51752,3.402],[117.51774,3.40253],[117.51795,3.40303],[117.51811,3.40367],[117.51816,3.4047],[117.51817,3.40502],[117.51819,3.40538],[117.51825,3.40631],[117.51841,3.40732],[117.51839,3.40794],[117.51858,3.40837],[117.51884,3.40842],[117.51901,3.40862],[117.51925,3.40892],[117.51942,3.40964],[117.51968,3.41057],[117.52001,3.41153],[117.52027,3.41201],[117.52075,3.41244],[117.52115,3.41276],[117.52125,3.41284],[117.52158,3.4133],[117.52163,3.41363],[117.52142,3.41423],[117.52099,3.41478],[117.52049,3.41524],[117.52025,3.41562],[117.52028,3.41586],[117.52047,3.4161],[117.52104,3.41641],[117.52209,3.41667],[117.52285,3.41694],[117.52364,3.41727],[117.52435,3.41761],[117.52497,3.41777],[117.5254,3.41804],[117.5254,3.41804],[117.52547,3.41815],[117.526,3.41753],[117.52598,3.41726],[117.52593,3.41703],[117.52582,3.41677],[117.52563,3.4165],[117.52558,3.41636],[117.52559,3.41612],[117.52569,3.41593],[117.52585,3.4158],[117.526,3.4157],[117.52624,3.41566],[117.52639,3.41573],[117.52648,3.4158],[117.52674,3.41591],[117.527,3.41599],[117.52716,3.41596],[117.52733,3.41588],[117.52748,3.41574],[117.5276,3.41553],[117.52762,3.41533],[117.52758,3.4151],[117.52754,3.41487],[117.52748,3.41468],[117.52748,3.41439],[117.52758,3.41431],[117.52779,3.4142],[117.528,3.41414],[117.52839,3.41414],[117.52855,3.41419],[117.52874,3.41435],[117.52898,3.41442],[117.52932,3.4147],[117.52945,3.41462],[117.52951,3.41424],[117.5296,3.41408],[117.52967,3.41398],[117.52977,3.41385],[117.52988,3.41371],[117.52994,3.41357],[117.52996,3.41342],[117.52997,3.4133],[117.52998,3.41315],[117.52999,3.41303],[117.53003,3.41294],[117.53008,3.4128],[117.53121,3.41195],[117.53129,3.41172],[117.53135,3.41164],[117.53155,3.41153],[117.5317,3.41141],[117.53176,3.41128],[117.53174,3.41111],[117.53173,3.41098],[117.53175,3.41081],[117.53178,3.41072],[117.53183,3.41065],[117.53183,3.41052],[117.53182,3.41043],[117.53178,3.4103],[117.53172,3.41019],[117.53164,3.41008],[117.53155,3.40996],[117.53143,3.40986],[117.53129,3.40975],[117.53122,3.40961],[117.53125,3.40953],[117.53133,3.40946],[117.53144,3.40943],[117.53156,3.40945],[117.53167,3.40951],[117.53177,3.40946],[117.53183,3.4094],[117.53183,3.40935],[117.53182,3.40926],[117.53176,3.40915],[117.53166,3.40902],[117.53156,3.40892],[117.53142,3.40883],[117.53134,3.40867],[117.53143,3.40864],[117.5315,3.40869],[117.53163,3.4087],[117.53178,3.4087],[117.53191,3.4087],[117.53205,3.40868],[117.53212,3.40859],[117.53212,3.40853],[117.53206,3.40842],[117.53204,3.40838],[117.53193,3.40829],[117.53183,3.4082],[117.53177,3.40804],[117.53179,3.40794],[117.53189,3.40786],[117.53199,3.40782],[117.53214,3.40783],[117.53234,3.40793],[117.53243,3.40793],[117.53243,3.40789],[117.53241,3.40776],[117.53237,3.40766],[117.53234,3.40749],[117.53233,3.40732],[117.53239,3.40722],[117.53251,3.40719],[117.53255,3.40724],[117.53257,3.40735],[117.53268,3.4076],[117.53278,3.40763],[117.53289,3.40758],[117.53306,3.40751],[117.5332,3.40749],[117.53324,3.40752],[117.53331,3.40759],[117.53339,3.40759],[117.53351,3.40757],[117.53368,3.40759],[117.53374,3.40764],[117.53376,3.40768],[117.53381,3.40774],[117.53387,3.40783],[117.53393,3.40784],[117.53411,3.40784],[117.53426,3.40782],[117.53445,3.40776],[117.53446,3.40771],[117.53446,3.40759],[117.53445,3.40745],[117.53442,3.40732],[117.53439,3.4072],[117.5344,3.40708],[117.53449,3.407],[117.53454,3.40702],[117.53457,3.40706],[117.53468,3.40713],[117.53476,3.40717],[117.53487,3.40712],[117.53488,3.40704],[117.53489,3.40691],[117.53497,3.40684],[117.53503,3.40682],[117.53511,3.40678],[117.53512,3.40672],[117.53514,3.4066],[117.53526,3.4065],[117.54237,3.40645],[117.54455,3.40722],[117.5469,3.40432],[117.54756,3.40412],[117.54739,3.40333],[117.54713,3.40318]]]]},"properties":{"kdprov":"65","kdkab":"71","kdkec":"040","kddesa":"003","kdsls":"0019","idsls":"65710400030019","nmprov":"KALIMANTAN UTARA","nmkab":"TARAKAN","nmkec":"TARAKAN UTARA","nmdesa":"JUATA LAUT","nmsls":"RT 019"}},{"type":"Feature","geometry":{"type":"MultiPolygon","coordinates":[[[[117.54654,3.39282],[117.54716,3.39278],[117.54803,3.39284],[117.54893,3.3927],[117.54978,3.39298],[117.55048,3.39332],[117.55096,3.39359],[117.55149,3.39389],[117.55177,3.39386],[117.55207,3.39354],[117.55205,3.39348],[117.55203,3.39346],[117.552,3.39337],[117.55191,3.39314],[117.55134,3.39173],[117.55132,3.39168],[117.5512,3.39138],[117.5512,3.39138],[117.55107,3.39128],[117.55112,3.39111],[117.55112,3.39096],[117.55103,3.39083],[117.55091,3.39074],[117.55083,3.3907],[117.55075,3.39063],[117.55072,3.39057],[117.55066,3.39049],[117.55064,3.39043],[117.55061,3.39039],[117.55054,3.39034],[117.55049,3.39032],[117.55043,3.39029],[117.55037,3.39026],[117.5503,3.39024],[117.55023,3.39023],[117.55015,3.39021],[117.55007,3.39019],[117.54999,3.39017],[117.54995,3.39015],[117.5499,3.3901],[117.54987,3.39007],[117.54984,3.39003],[117.54981,3.38999],[117.54978,3.38995],[117.54976,3.38991],[117.54974,3.38988],[117.54972,3.38981],[117.5497,3.38974],[117.54969,3.38971],[117.54967,3.38967],[117.54963,3.38965],[117.54958,3.3896],[117.54953,3.38954],[117.5495,3.38947],[117.54948,3.38936],[117.54948,3.3893],[117.54948,3.38922],[117.54948,3.38916],[117.54946,3.38908],[117.54943,3.38901],[117.54939,3.38896],[117.54934,3.38892],[117.54933,3.3889],[117.54929,3.38884],[117.54925,3.3888],[117.5492,3.38875],[117.54916,3.38872],[117.5491,3.3887],[117.549,3.38873],[117.54894,3.38876],[117.54888,3.38878],[117.54881,3.38879],[117.54874,3.3888],[117.54867,3.38879],[117.54863,3.38878],[117.54857,3.38879],[117.54846,3.38878],[117.54838,3.38871],[117.54834,3.38869],[117.54829,3.38868],[117.5482,3.38867],[117.54816,3.38868],[117.54815,3.38877],[117.54815,3.38883],[117.54815,3.38889],[117.54813,3.38894],[117.54807,3.38899],[117.54801,3.38902],[117.54796,3.38902],[117.54793,3.38902],[117.54781,3.3891],[117.54778,3.38919],[117.54776,3.38927],[117.54769,3.38935],[117.54761,3.3894],[117.54754,3.38942],[117.54747,3.38944],[117.54739,3.38947],[117.54729,3.38947],[117.54722,3.3894],[117.54715,3.38934],[117.54717,3.38922],[117.54714,3.38922],[117.54714,3.38923],[117.54703,3.38921],[117.54658,3.3891],[117.54651,3.38909],[117.54623,3.38881],[117.54607,3.38882],[117.5459,3.38874],[117.54587,3.38873],[117.54585,3.38875],[117.54571,3.38887],[117.54548,3.38907],[117.54528,3.38895],[117.54522,3.38892],[117.54503,3.3891],[117.54466,3.38885],[117.54431,3.38907],[117.54429,3.38908],[117.54365,3.38909],[117.54357,3.38909],[117.54351,3.38909],[117.5435,3.3891],[117.5433,3.38928],[117.54329,3.38928],[117.54286,3.38929],[117.54286,3.38929],[117.54276,3.38942],[117.54271,3.38947],[117.54271,3.38948],[117.54229,3.38945],[117.54193,3.38969],[117.54175,3.38983],[117.54174,3.38983],[117.54171,3.38985],[117.54126,3.39053],[117.54084,3.39087],[117.53557,3.39241],[117.52991,3.39406],[117.53516,3.39418],[117.54584,3.39441],[117.54594,3.39365],[117.54624,3.39308],[117.54654,3.39282]]]]},"properties":{"kdprov":"65","kdkab":"71","kdkec":"040","kddesa":"003","kdsls":"0014","idsls":"65710400030014","nmprov":"KALIMANTAN UTARA","nmkab":"TARAKAN","nmkec":"TARAKAN UTARA","nmdesa":"JUATA LAUT","nmsls":"RT 014"}},{"type":"Feature","geometry":{"type":"MultiPolygon","coordinates":[[[[117.51506,3.38042],[117.51577,3.38065],[117.51651,3.38029],[117.51757,3.3801],[117.51769,3.3805],[117.51759,3.38081],[117.51765,3.38092],[117.51789,3.38102],[117.51828,3.38129],[117.51818,3.38156],[117.51829,3.38175],[117.51876,3.38207],[117.51925,3.3821],[117.51977,3.38193],[117.52013,3.382],[117.52033,3.38206],[117.52043,3.38218],[117.52056,3.38222],[117.52109,3.38224],[117.52121,3.38223],[117.52176,3.38209],[117.52206,3.38207],[117.52228,3.38209],[117.52238,3.3819],[117.52261,3.38105],[117.52266,3.38098],[117.52273,3.38091],[117.52353,3.3804],[117.52432,3.37993],[117.52468,3.37974],[117.52559,3.3791],[117.52649,3.37831],[117.5266,3.37818],[117.52698,3.37776],[117.52713,3.37746],[117.5272,3.37729],[117.52734,3.37687],[117.52744,3.37672],[117.52754,3.37663],[117.5277,3.37649],[117.52788,3.37638],[117.52836,3.37607],[117.52861,3.37582],[117.52875,3.3757],[117.52946,3.37551],[117.52969,3.37548],[117.53041,3.37541],[117.53071,3.37541],[117.53079,3.37544],[117.53123,3.3758],[117.53148,3.376],[117.53162,3.37614],[117.53178,3.37631],[117.53188,3.37644],[117.53198,3.37659],[117.53219,3.37684],[117.53237,3.37704],[117.5326,3.37738],[117.53281,3.37768],[117.53287,3.37772],[117.53309,3.37792],[117.53346,3.37829],[117.53359,3.37837],[117.53376,3.37842],[117.534,3.37843],[117.53421,3.37841],[117.53447,3.37822],[117.53464,3.37802],[117.5348,3.3777],[117.53497,3.37746],[117.53501,3.37745],[117.53507,3.37743],[117.53516,3.37742],[117.53533,3.37741],[117.5355,3.37743],[117.53572,3.37748],[117.53613,3.37753],[117.53649,3.3775],[117.5368,3.37737],[117.53694,3.37723],[117.53726,3.37693],[117.53742,3.37686],[117.53787,3.37669],[117.53829,3.37657],[117.53861,3.37653],[117.53878,3.37646],[117.53897,3.37635],[117.53837,3.37419],[117.53831,3.37422],[117.5382,3.37429],[117.53798,3.37445],[117.53777,3.37458],[117.53759,3.37468],[117.53712,3.37433],[117.53707,3.37435],[117.5369,3.37447],[117.53681,3.37445],[117.53655,3.37447],[117.53627,3.37459],[117.53613,3.3745],[117.53586,3.37457],[117.53562,3.37464],[117.53549,3.37477],[117.53535,3.37475],[117.53527,3.37462],[117.53511,3.37446],[117.5345,3.3744],[117.53439,3.3741],[117.53434,3.37393],[117.53421,3.3738],[117.53379,3.37355],[117.53322,3.37324],[117.5325,3.37271],[117.53179,3.37186],[117.53168,3.37181],[117.53144,3.37176],[117.53119,3.37179],[117.53107,3.37182],[117.53075,3.37183],[117.53065,3.37145],[117.53065,3.37116],[117.53059,3.37095],[117.53051,3.37055],[117.53041,3.37028],[117.53036,3.37024],[117.53013,3.36991],[117.53007,3.36982],[117.53006,3.36975],[117.53006,3.3697],[117.53009,3.36962],[117.53016,3.36948],[117.52989,3.36949],[117.52913,3.3697],[117.52854,3.36981],[117.52812,3.37006],[117.5277,3.37013],[117.52728,3.37007],[117.52678,3.37003],[117.52644,3.36986],[117.52629,3.36953],[117.52628,3.36923],[117.52655,3.36786],[117.52682,3.36694],[117.52716,3.36606],[117.52716,3.36522],[117.52712,3.36508],[117.52703,3.36504],[117.52652,3.36501],[117.52629,3.36497],[117.52619,3.36483],[117.52601,3.36451],[117.52549,3.36411],[117.52524,3.36379],[117.52519,3.36349],[117.52504,3.363],[117.52486,3.36262],[117.52435,3.36225],[117.52362,3.36173],[117.52328,3.36146],[117.52327,3.36147],[117.52311,3.36173],[117.523,3.36183],[117.52201,3.36273],[117.52056,3.36434],[117.52008,3.36472],[117.51956,3.36518],[117.51901,3.36616],[117.51856,3.36774],[117.51846,3.36807],[117.51833,3.36846],[117.51827,3.36865],[117.51823,3.36872],[117.51817,3.36892],[117.51816,3.369],[117.51816,3.36903],[117.51809,3.36947],[117.51802,3.36998],[117.518,3.37007],[117.518,3.37009],[117.51798,3.37022],[117.51794,3.37049],[117.51778,3.37123],[117.51777,3.37133],[117.51772,3.37155],[117.51768,3.37167],[117.51751,3.37241],[117.51748,3.37255],[117.51706,3.3743],[117.51668,3.37559],[117.51618,3.37696],[117.51566,3.37825],[117.51511,3.38009],[117.51506,3.38042]]]]},"properties":{"kdprov":"65","kdkab":"71","kdkec":"040","kddesa":"001","kdsls":"0018","idsls":"65710400010018","nmprov":"KALIMANTAN UTARA","nmkab":"TARAKAN","nmkec":"TARAKAN UTARA","nmdesa":"JUATA PERMAI","nmsls":"RT 018"}},{"type":"Feature","geometry":{"type":"MultiPolygon","coordinates":[[[[117.53292,3.38427],[117.5323,3.38276],[117.5309,3.38175],[117.5309,3.38289],[117.5309,3.38619],[117.53177,3.38617],[117.53183,3.38423],[117.53292,3.38427]]]]},"properties":{"kdprov":"65","kdkab":"71","kdkec":"040","kddesa":"001","kdsls":"0021","idsls":"65710400010021","nmprov":"KALIMANTAN UTARA","nmkab":"TARAKAN","nmkec":"TARAKAN UTARA","nmdesa":"JUATA PERMAI","nmsls":"RT 021"}},{"type":"Feature","geometry":{"type":"MultiPolygon","coordinates":[[[[117.55029,3.37581],[117.55016,3.37577],[117.54936,3.37551],[117.54781,3.37497],[117.54781,3.37506],[117.54726,3.37675],[117.55011,3.37762],[117.55013,3.37758],[117.55014,3.37753],[117.55067,3.3759],[117.55029,3.37581]]]]},"properties":{"kdprov":"65","kdkab":"71","kdkec":"040","kddesa":"001","kdsls":"0019","idsls":"65710400010019","nmprov":"KALIMANTAN UTARA","nmkab":"TARAKAN","nmkec":"TARAKAN UTARA","nmdesa":"JUATA PERMAI","nmsls":"RT 019"}},{"type":"Feature","geometry":{"type":"MultiPolygon","coordinates":[[[[117.54907,3.37862],[117.5486,3.37851],[117.54813,3.37838],[117.54753,3.37822],[117.54693,3.378],[117.54665,3.37907],[117.54824,3.3795],[117.54889,3.37968],[117.5492,3.37981],[117.54954,3.37998],[117.54961,3.37969],[117.54964,3.37954],[117.54966,3.37945],[117.54968,3.3793],[117.54978,3.3789],[117.54979,3.37885],[117.54941,3.37872],[117.54907,3.37862]]]]},"properties":{"kdprov":"65","kdkab":"71","kdkec":"040","kddesa":"001","kdsls":"0020","idsls":"65710400010020","nmprov":"KALIMANTAN UTARA","nmkab":"TARAKAN","nmkec":"TARAKAN UTARA","nmdesa":"JUATA PERMAI","nmsls":"RT 020"}},{"type":"Feature","geometry":{"type":"MultiPolygon","coordinates":[[[[117.53832,3.38729],[117.53899,3.38728],[117.53912,3.38729],[117.53918,3.38724],[117.53919,3.38712],[117.53923,3.38658],[117.53929,3.38596],[117.53931,3.38574],[117.54052,3.38577],[117.54053,3.38538],[117.54101,3.3854],[117.54107,3.38452],[117.53852,3.38433],[117.53842,3.3858],[117.53832,3.38729]]]]},"properties":{"kdprov":"65","kdkab":"71","kdkec":"040","kddesa":"001","kdsls":"0021","idsls":"65710400010021","nmprov":"KALIMANTAN UTARA","nmkab":"TARAKAN","nmkec":"TARAKAN UTARA","nmdesa":"JUATA PERMAI","nmsls":"RT 021"}},{"type":"Feature","geometry":{"type":"MultiPolygon","coordinates":[[[[117.54468,3.36442],[117.54467,3.36388],[117.54467,3.3634],[117.54467,3.36333],[117.54467,3.36316],[117.54306,3.36321],[117.54265,3.36322],[117.5426,3.3633],[117.5425,3.36343],[117.54244,3.36351],[117.54231,3.3636],[117.54218,3.36369],[117.54203,3.36377],[117.54134,3.36382],[117.54175,3.36489],[117.54274,3.36475],[117.54308,3.36469],[117.54344,3.36456],[117.5438,3.36446],[117.54419,3.36445],[117.54468,3.36442]]]]},"properties":{"kdprov":"65","kdkab":"71","kdkec":"040","kddesa":"001","kdsls":"0007","idsls":"65710400010007","nmprov":"KALIMANTAN UTARA","nmkab":"TARAKAN","nmkec":"TARAKAN UTARA","nmdesa":"JUATA PERMAI","nmsls":"RT 007"}},{"type":"Feature","geometry":{"type":"MultiPolygon","coordinates":[[[[117.53605,3.37183],[117.53596,3.37102],[117.53565,3.36997],[117.53534,3.36892],[117.53501,3.36795],[117.53488,3.36728],[117.53448,3.36653],[117.53379,3.36534],[117.53341,3.36458],[117.53061,3.36468],[117.52452,3.35994],[117.52372,3.36077],[117.52341,3.36125],[117.52328,3.36146],[117.52362,3.36173],[117.52435,3.36225],[117.52486,3.36262],[117.52504,3.363],[117.52519,3.36349],[117.52524,3.36379],[117.52549,3.36411],[117.52601,3.36451],[117.52619,3.36483],[117.52629,3.36497],[117.52652,3.36501],[117.52703,3.36504],[117.52712,3.36508],[117.52716,3.36522],[117.52716,3.36606],[117.52725,3.36607],[117.52734,3.36602],[117.52745,3.36602],[117.52778,3.36604],[117.5281,3.36613],[117.52822,3.36615],[117.52833,3.36612],[117.52852,3.36613],[117.5287,3.36625],[117.52895,3.36622],[117.52913,3.36616],[117.52928,3.36619],[117.52942,3.36623],[117.52955,3.36638],[117.52963,3.36655],[117.52973,3.36672],[117.52988,3.3668],[117.53009,3.36691],[117.5302,3.36723],[117.53032,3.36759],[117.53042,3.368],[117.53046,3.3685],[117.53044,3.369],[117.53032,3.36927],[117.53016,3.36948],[117.53009,3.36962],[117.53006,3.3697],[117.53006,3.36975],[117.53007,3.36982],[117.53013,3.36991],[117.53036,3.37024],[117.53041,3.37028],[117.53051,3.37055],[117.53059,3.37095],[117.53065,3.37116],[117.53065,3.37145],[117.53075,3.37183],[117.53107,3.37182],[117.53119,3.37179],[117.53144,3.37176],[117.53168,3.37181],[117.53179,3.37186],[117.5325,3.37271],[117.53302,3.37256],[117.5334,3.37246],[117.53383,3.37232],[117.53429,3.37215],[117.5348,3.37221],[117.53545,3.37213],[117.53605,3.37183]]]]},"properties":{"kdprov":"65","kdkab":"71","kdkec":"040","kddesa":"001","kdsls":"0002","idsls":"65710400010002","nmprov":"KALIMANTAN UTARA","nmkab":"TARAKAN","nmkec":"TARAKAN UTARA","nmdesa":"JUATA PERMAI","nmsls":"RT 002"}},{"type":"Feature","geometry":{"type":"MultiPolygon","coordinates":[[[[117.54716,3.36408],[117.54695,3.36384],[117.54696,3.36354],[117.54648,3.36354],[117.54648,3.36358],[117.54635,3.36358],[117.54636,3.36381],[117.54467,3.36388],[117.54468,3.36442],[117.54503,3.36445],[117.54635,3.36437],[117.54679,3.36433],[117.54716,3.36408]]]]},"properties":{"kdprov":"65","kdkab":"71","kdkec":"040","kddesa":"001","kdsls":"0004","idsls":"65710400010004","nmprov":"KALIMANTAN UTARA","nmkab":"TARAKAN","nmkec":"TARAKAN UTARA","nmdesa":"JUATA PERMAI","nmsls":"RT 004"}},{"type":"Feature","geometry":{"type":"MultiPolygon","coordinates":[[[[117.54693,3.378],[117.54753,3.37822],[117.54813,3.37838],[117.5486,3.37851],[117.54907,3.37862],[117.54941,3.37872],[117.54979,3.37885],[117.54979,3.37883],[117.54981,3.37877],[117.54986,3.37856],[117.54988,3.37851],[117.54989,3.37847],[117.54991,3.3784],[117.54991,3.37839],[117.54992,3.37836],[117.54999,3.37811],[117.55002,3.37799],[117.55003,3.37795],[117.55003,3.37794],[117.55008,3.37775],[117.55011,3.37762],[117.54726,3.37675],[117.5471,3.37731],[117.54699,3.37778],[117.54693,3.378]]]]},"properties":{"kdprov":"65","kdkab":"71","kdkec":"040","kddesa":"001","kdsls":"0020","idsls":"65710400010020","nmprov":"KALIMANTAN UTARA","nmkab":"TARAKAN","nmkec":"TARAKAN UTARA","nmdesa":"JUATA PERMAI","nmsls":"RT 020"}},{"type":"Feature","geometry":{"type":"MultiPolygon","coordinates":[[[[117.52716,3.36606],[117.52682,3.36694],[117.52655,3.36786],[117.52628,3.36923],[117.52629,3.36953],[117.52644,3.36986],[117.52678,3.37003],[117.52728,3.37007],[117.5277,3.37013],[117.52812,3.37006],[117.52854,3.36981],[117.52913,3.3697],[117.52989,3.36949],[117.53016,3.36948],[117.53032,3.36927],[117.53044,3.369],[117.53046,3.3685],[117.53042,3.368],[117.53032,3.36759],[117.5302,3.36723],[117.53009,3.36691],[117.52988,3.3668],[117.52973,3.36672],[117.52963,3.36655],[117.52955,3.36638],[117.52942,3.36623],[117.52928,3.36619],[117.52913,3.36616],[117.52895,3.36622],[117.5287,3.36625],[117.52852,3.36613],[117.52833,3.36612],[117.52822,3.36615],[117.5281,3.36613],[117.52778,3.36604],[117.52745,3.36602],[117.52734,3.36602],[117.52725,3.36607],[117.52716,3.36606]]]]},"properties":{"kdprov":"65","kdkab":"71","kdkec":"040","kddesa":"001","kdsls":"0018","idsls":"65710400010018","nmprov":"KALIMANTAN UTARA","nmkab":"TARAKAN","nmkec":"TARAKAN UTARA","nmdesa":"JUATA PERMAI","nmsls":"RT 018"}},{"type":"Feature","geometry":{"type":"MultiPolygon","coordinates":[[[[117.54307,3.43586],[117.5432,3.43588],[117.54344,3.43574],[117.54392,3.43495],[117.54424,3.43448],[117.54459,3.43399],[117.54443,3.43387],[117.54409,3.43356],[117.54409,3.43356],[117.54366,3.43317],[117.54363,3.43323],[117.54362,3.43327],[117.54339,3.43359],[117.54328,3.43375],[117.54327,3.43379],[117.54339,3.43388],[117.54336,3.43394],[117.54341,3.43411],[117.54352,3.4342],[117.54334,3.43446],[117.54325,3.43467],[117.54322,3.43481],[117.54328,3.43493],[117.54317,3.43512],[117.5431,3.43508],[117.54292,3.43515],[117.54297,3.43528],[117.54302,3.43534],[117.54311,3.43535],[117.5432,3.43537],[117.54328,3.43543],[117.54334,3.4355],[117.54333,3.43557],[117.54307,3.43586]]]]},"properties":{"kdprov":"65","kdkab":"71","kdkec":"040","kddesa":"003","kdsls":"0011","idsls":"65710400030011","nmprov":"KALIMANTAN UTARA","nmkab":"TARAKAN","nmkec":"TARAKAN UTARA","nmdesa":"JUATA LAUT","nmsls":"RT 011"}},{"type":"Feature","geometry":{"type":"MultiPolygon","coordinates":[[[[117.54756,3.40412],[117.5476,3.4046],[117.54791,3.40527],[117.54809,3.40607],[117.54812,3.40695],[117.54815,3.40792],[117.54845,3.40862],[117.54888,3.40983],[117.54904,3.41045],[117.54928,3.4113],[117.54877,3.41255],[117.54852,3.41337],[117.5477,3.41454],[117.54709,3.41576],[117.54666,3.41658],[117.5478,3.41688],[117.55431,3.41684],[117.55557,3.41436],[117.55441,3.4127],[117.55427,3.40898],[117.55277,3.40254],[117.55279,3.40158],[117.55109,3.39999],[117.55108,3.40009],[117.54989,3.40087],[117.54898,3.4028],[117.54774,3.40389],[117.54756,3.40412]]]]},"properties":{"kdprov":"65","kdkab":"71","kdkec":"040","kddesa":"003","kdsls":"0013","idsls":"65710400030013","nmprov":"KALIMANTAN UTARA","nmkab":"TARAKAN","nmkec":"TARAKAN UTARA","nmdesa":"JUATA LAUT","nmsls":"RT 013"}},{"type":"Feature","geometry":{"type":"MultiPolygon","coordinates":[[[[117.53568,3.4297],[117.53628,3.42941],[117.53702,3.42899],[117.53718,3.42889],[117.53759,3.42867],[117.53808,3.42839],[117.53815,3.42835],[117.53725,3.42677],[117.53718,3.42662],[117.53475,3.42782],[117.53479,3.4279],[117.53489,3.42812],[117.53501,3.42838],[117.53545,3.42924],[117.53558,3.42949],[117.53568,3.4297]]]]},"properties":{"kdprov":"65","kdkab":"71","kdkec":"040","kddesa":"003","kdsls":"0016","idsls":"65710400030016","nmprov":"KALIMANTAN UTARA","nmkab":"TARAKAN","nmkec":"TARAKAN UTARA","nmdesa":"JUATA LAUT","nmsls":"RT 016"}},{"type":"Feature","geometry":{"type":"MultiPolygon","coordinates":[[[[117.54577,3.41845],[117.54629,3.41835],[117.5473,3.41903],[117.54815,3.41938],[117.54896,3.41946],[117.54931,3.41961],[117.54931,3.42039],[117.54931,3.42109],[117.5496,3.4215],[117.54992,3.42181],[117.55021,3.42188],[117.55049,3.42188],[117.55075,3.42187],[117.55089,3.42198],[117.55102,3.42218],[117.55104,3.42248],[117.55107,3.42279],[117.55117,3.42306],[117.55148,3.42347],[117.5518,3.42377],[117.55201,3.42415],[117.55231,3.42465],[117.55266,3.42509],[117.55314,3.4253],[117.55358,3.42579],[117.55353,3.42633],[117.55606,3.42661],[117.55593,3.42508],[117.55861,3.41692],[117.55431,3.41684],[117.5478,3.41688],[117.54666,3.41658],[117.54597,3.41789],[117.54577,3.41845]]]]},"properties":{"kdprov":"65","kdkab":"71","kdkec":"040","kddesa":"003","kdsls":"0018","idsls":"65710400030018","nmprov":"KALIMANTAN UTARA","nmkab":"TARAKAN","nmkec":"TARAKAN UTARA","nmdesa":"JUATA LAUT","nmsls":"RT 018"}},{"type":"Feature","geometry":{"type":"MultiPolygon","coordinates":[[[[117.56485,3.43935],[117.56405,3.4385],[117.5633,3.43731],[117.56313,3.43682],[117.56071,3.43711],[117.55908,3.43731],[117.55933,3.43824],[117.55943,3.43854],[117.55953,3.43896],[117.55978,3.43977],[117.55993,3.44031],[117.56024,3.44026],[117.56036,3.44022],[117.56213,3.43966],[117.56364,3.43948],[117.56456,3.43937],[117.56485,3.43935]]]]},"properties":{"kdprov":"65","kdkab":"71","kdkec":"040","kddesa":"003","kdsls":"0017","idsls":"65710400030017","nmprov":"KALIMANTAN UTARA","nmkab":"TARAKAN","nmkec":"TARAKAN UTARA","nmdesa":"JUATA LAUT","nmsls":"RT 017"}},{"type":"Feature","geometry":{"type":"MultiPolygon","coordinates":[[[[117.54643,3.4373],[117.54634,3.43704],[117.54606,3.43622],[117.54594,3.43627],[117.54571,3.43633],[117.54559,3.43634],[117.54529,3.43629],[117.54506,3.43625],[117.5446,3.43623],[117.54451,3.43624],[117.5444,3.43625],[117.54429,3.43624],[117.54417,3.43621],[117.5441,3.4362],[117.54404,3.43618],[117.54398,3.43616],[117.54392,3.43615],[117.54362,3.43606],[117.54335,3.43599],[117.54188,3.43758],[117.54208,3.43774],[117.54261,3.43819],[117.54268,3.43827],[117.54357,3.43919],[117.54378,3.43936],[117.54419,3.43897],[117.54422,3.43898],[117.54439,3.43884],[117.54437,3.43881],[117.54444,3.43874],[117.54449,3.43871],[117.54457,3.43864],[117.54464,3.43858],[117.54472,3.43851],[117.54477,3.43847],[117.54482,3.43841],[117.5449,3.43833],[117.54495,3.43827],[117.54501,3.43823],[117.54509,3.43817],[117.5454,3.43795],[117.54551,3.43788],[117.54564,3.43783],[117.54574,3.43775],[117.54584,3.43769],[117.54595,3.43759],[117.54609,3.43749],[117.54623,3.43741],[117.54643,3.4373]]]]},"properties":{"kdprov":"65","kdkab":"71","kdkec":"040","kddesa":"003","kdsls":"0008","idsls":"65710400030008","nmprov":"KALIMANTAN UTARA","nmkab":"TARAKAN","nmkec":"TARAKAN UTARA","nmdesa":"JUATA LAUT","nmsls":"RT 008"}},{"type":"Feature","geometry":{"type":"MultiPolygon","coordinates":[[[[117.55853,3.44054],[117.55853,3.44054],[117.55885,3.44048],[117.55942,3.44039],[117.55974,3.44034],[117.55988,3.44032],[117.55993,3.44031],[117.55978,3.43977],[117.55953,3.43896],[117.55943,3.43854],[117.55933,3.43824],[117.55908,3.43731],[117.55841,3.4349],[117.55838,3.43491],[117.55827,3.43493],[117.55817,3.43496],[117.55809,3.43499],[117.55799,3.43503],[117.55789,3.43508],[117.55782,3.43512],[117.55774,3.43517],[117.55767,3.43521],[117.55763,3.43527],[117.55759,3.43534],[117.55755,3.43541],[117.55753,3.43545],[117.55751,3.43551],[117.55748,3.43558],[117.55743,3.43563],[117.55741,3.43573],[117.55736,3.43587],[117.55733,3.43586],[117.55741,3.43794],[117.55785,3.43912],[117.55853,3.44054]]]]},"properties":{"kdprov":"65","kdkab":"71","kdkec":"040","kddesa":"003","kdsls":"0001","idsls":"65710400030001","nmprov":"KALIMANTAN UTARA","nmkab":"TARAKAN","nmkec":"TARAKAN UTARA","nmdesa":"JUATA LAUT","nmsls":"RT 001"}},{"type":"Feature","geometry":{"type":"MultiPolygon","coordinates":[[[[117.54584,3.39441],[117.54581,3.3948],[117.5456,3.39542],[117.54567,3.396],[117.54574,3.39654],[117.54561,3.39761],[117.54534,3.39831],[117.54502,3.3992],[117.54474,3.39989],[117.54516,3.4012],[117.54546,3.40182],[117.54588,3.40238],[117.54638,3.40285],[117.54713,3.40318],[117.54739,3.40333],[117.54756,3.40412],[117.54774,3.40389],[117.54898,3.4028],[117.54989,3.40087],[117.55108,3.40009],[117.55109,3.39999],[117.55139,3.39699],[117.54991,3.39661],[117.54584,3.39441]]]]},"properties":{"kdprov":"65","kdkab":"71","kdkec":"040","kddesa":"003","kdsls":"0019","idsls":"65710400030019","nmprov":"KALIMANTAN UTARA","nmkab":"TARAKAN","nmkec":"TARAKAN UTARA","nmdesa":"JUATA LAUT","nmsls":"RT 019"}},{"type":"Feature","geometry":{"type":"MultiPolygon","coordinates":[[[[117.54643,3.4373],[117.54723,3.4368],[117.54806,3.43639],[117.54851,3.43613],[117.54902,3.4361],[117.54965,3.43659],[117.54985,3.43712],[117.54991,3.43747],[117.55007,3.43745],[117.55016,3.43745],[117.55023,3.43745],[117.55038,3.43746],[117.55059,3.43744],[117.55073,3.4374],[117.55121,3.43723],[117.55143,3.43714],[117.55148,3.43708],[117.55155,3.43703],[117.55177,3.43691],[117.5525,3.43642],[117.55282,3.43618],[117.55285,3.43615],[117.55305,3.43594],[117.55335,3.43562],[117.55361,3.43535],[117.55374,3.43513],[117.55385,3.43488],[117.55397,3.43453],[117.55417,3.43394],[117.55435,3.43346],[117.55427,3.43333],[117.55427,3.43333],[117.55264,3.43429],[117.5525,3.43419],[117.55241,3.43413],[117.5523,3.43407],[117.55217,3.43406],[117.552,3.43408],[117.55188,3.43408],[117.55164,3.43415],[117.55142,3.43407],[117.55127,3.43391],[117.55111,3.43366],[117.55104,3.43353],[117.55099,3.43343],[117.54886,3.43439],[117.54729,3.43491],[117.54725,3.43492],[117.54717,3.43495],[117.54707,3.43501],[117.54698,3.43506],[117.5469,3.43509],[117.54677,3.43516],[117.54666,3.43521],[117.54656,3.43524],[117.54642,3.43527],[117.54586,3.43534],[117.54587,3.43542],[117.54593,3.43567],[117.54596,3.43583],[117.54599,3.43596],[117.54606,3.43622],[117.54634,3.43704],[117.54643,3.4373]]]]},"properties":{"kdprov":"65","kdkab":"71","kdkec":"040","kddesa":"003","kdsls":"0009","idsls":"65710400030009","nmprov":"KALIMANTAN UTARA","nmkab":"TARAKAN","nmkec":"TARAKAN UTARA","nmdesa":"JUATA LAUT","nmsls":"RT 009"}},{"type":"Feature","geometry":{"type":"MultiPolygon","coordinates":[[[[117.54621,3.43939],[117.54599,3.43917],[117.54558,3.43879],[117.54533,3.43854],[117.54501,3.43824],[117.54501,3.43823],[117.54495,3.43827],[117.5449,3.43833],[117.54482,3.43841],[117.54477,3.43847],[117.54472,3.43851],[117.54464,3.43858],[117.54457,3.43864],[117.54449,3.43871],[117.54444,3.43874],[117.54437,3.43881],[117.54439,3.43884],[117.54422,3.43898],[117.54419,3.43897],[117.54378,3.43936],[117.54379,3.43937],[117.54443,3.43991],[117.54507,3.44051],[117.54517,3.44058],[117.54522,3.44061],[117.54621,3.43939]]]]},"properties":{"kdprov":"65","kdkab":"71","kdkec":"040","kddesa":"003","kdsls":"0007","idsls":"65710400030007","nmprov":"KALIMANTAN UTARA","nmkab":"TARAKAN","nmkec":"TARAKAN UTARA","nmdesa":"JUATA LAUT","nmsls":"RT 007"}},{"type":"Feature","geometry":{"type":"MultiPolygon","coordinates":[[[[117.54129,3.43334],[117.54146,3.43354],[117.54167,3.4338],[117.54181,3.43399],[117.54193,3.43406],[117.54204,3.43407],[117.54212,3.43406],[117.54217,3.43413],[117.54223,3.43431],[117.5423,3.43451],[117.54238,3.43459],[117.54253,3.43473],[117.54265,3.43488],[117.54278,3.43499],[117.54287,3.43512],[117.54292,3.43515],[117.5431,3.43508],[117.54317,3.43512],[117.54328,3.43493],[117.54322,3.43481],[117.54325,3.43467],[117.54334,3.43446],[117.54352,3.4342],[117.54341,3.43411],[117.54336,3.43394],[117.54339,3.43388],[117.54327,3.43379],[117.54328,3.43375],[117.54339,3.43359],[117.54362,3.43327],[117.54363,3.43323],[117.54366,3.43317],[117.54347,3.43295],[117.54335,3.43281],[117.5433,3.43273],[117.54326,3.43266],[117.5432,3.4326],[117.54316,3.43256],[117.5431,3.43249],[117.54304,3.43243],[117.54295,3.43239],[117.54284,3.43228],[117.54274,3.43218],[117.54262,3.43209],[117.54218,3.43258],[117.54205,3.43273],[117.54188,3.4329],[117.5418,3.43299],[117.54168,3.43307],[117.54137,3.43327],[117.54129,3.43334]]]]},"properties":{"kdprov":"65","kdkab":"71","kdkec":"040","kddesa":"003","kdsls":"0015","idsls":"65710400030015","nmprov":"KALIMANTAN UTARA","nmkab":"TARAKAN","nmkec":"TARAKAN UTARA","nmdesa":"JUATA LAUT","nmsls":"RT 015"}},{"type":"Feature","geometry":{"type":"MultiPolygon","coordinates":[[[[117.5447,3.36241],[117.54555,3.36243],[117.54603,3.36243],[117.54604,3.36168],[117.54665,3.36172],[117.54666,3.36151],[117.54753,3.36161],[117.54754,3.36161],[117.54755,3.36145],[117.54756,3.36137],[117.54668,3.36125],[117.54571,3.36117],[117.54526,3.36121],[117.54525,3.36126],[117.54523,3.36138],[117.54508,3.36172],[117.54502,3.36186],[117.54501,3.36188],[117.54493,3.36202],[117.54481,3.36222],[117.54473,3.36236],[117.5447,3.36241]]]]},"properties":{"kdprov":"65","kdkab":"71","kdkec":"040","kddesa":"001","kdsls":"0008","idsls":"65710400010008","nmprov":"KALIMANTAN UTARA","nmkab":"TARAKAN","nmkec":"TARAKAN UTARA","nmdesa":"JUATA PERMAI","nmsls":"RT 008"}},{"type":"Feature","geometry":{"type":"MultiPolygon","coordinates":[[[[117.5426,3.3633],[117.54265,3.36322],[117.54306,3.36321],[117.54305,3.3628],[117.54402,3.36276],[117.54398,3.36197],[117.5439,3.36196],[117.54389,3.36194],[117.54387,3.3619],[117.54386,3.36187],[117.54386,3.36187],[117.54385,3.36184],[117.54385,3.36175],[117.54385,3.36118],[117.5437,3.36118],[117.5437,3.36103],[117.5435,3.36094],[117.54296,3.36095],[117.54293,3.36118],[117.54246,3.36099],[117.54238,3.3611],[117.54227,3.36119],[117.542,3.36167],[117.54215,3.36232],[117.5426,3.3633]]]]},"properties":{"kdprov":"65","kdkab":"71","kdkec":"040","kddesa":"001","kdsls":"0017","idsls":"65710400010017","nmprov":"KALIMANTAN UTARA","nmkab":"TARAKAN","nmkec":"TARAKAN UTARA","nmdesa":"JUATA PERMAI","nmsls":"RT 017"}},{"type":"Feature","geometry":{"type":"MultiPolygon","coordinates":[[[[117.54528,3.36112],[117.54526,3.36121],[117.54571,3.36117],[117.54668,3.36125],[117.54756,3.36137],[117.54759,3.36102],[117.54686,3.36093],[117.54632,3.36083],[117.54607,3.36077],[117.5458,3.36078],[117.5454,3.36094],[117.54528,3.36112]]]]},"properties":{"kdprov":"65","kdkab":"71","kdkec":"040","kddesa":"001","kdsls":"0009","idsls":"65710400010009","nmprov":"KALIMANTAN UTARA","nmkab":"TARAKAN","nmkec":"TARAKAN UTARA","nmdesa":"JUATA PERMAI","nmsls":"RT 009"}},{"type":"Feature","geometry":{"type":"MultiPolygon","coordinates":[[[[117.54508,3.36172],[117.54385,3.36175],[117.54385,3.36184],[117.54386,3.36187],[117.54386,3.36187],[117.54387,3.3619],[117.54389,3.36194],[117.5439,3.36196],[117.54398,3.36197],[117.54402,3.36276],[117.54305,3.3628],[117.54306,3.36321],[117.54467,3.36316],[117.54466,3.36249],[117.54467,3.36246],[117.5447,3.36241],[117.54473,3.36236],[117.54481,3.36222],[117.54493,3.36202],[117.54501,3.36188],[117.54502,3.36186],[117.54508,3.36172]]]]},"properties":{"kdprov":"65","kdkab":"71","kdkec":"040","kddesa":"001","kdsls":"0016","idsls":"65710400010016","nmprov":"KALIMANTAN UTARA","nmkab":"TARAKAN","nmkec":"TARAKAN UTARA","nmdesa":"JUATA PERMAI","nmsls":"RT 016"}},{"type":"Feature","geometry":{"type":"MultiPolygon","coordinates":[[[[117.54134,3.36382],[117.54203,3.36377],[117.54218,3.36369],[117.54231,3.3636],[117.54244,3.36351],[117.5425,3.36343],[117.5426,3.3633],[117.54215,3.36232],[117.542,3.36167],[117.54227,3.36119],[117.54238,3.3611],[117.54246,3.36099],[117.54157,3.36061],[117.54111,3.36106],[117.54051,3.36142],[117.54045,3.36146],[117.54134,3.36382]]]]},"properties":{"kdprov":"65","kdkab":"71","kdkec":"040","kddesa":"001","kdsls":"0014","idsls":"65710400010014","nmprov":"KALIMANTAN UTARA","nmkab":"TARAKAN","nmkec":"TARAKAN UTARA","nmdesa":"JUATA PERMAI","nmsls":"RT 014"}},{"type":"Feature","geometry":{"type":"MultiPolygon","coordinates":[[[[117.54586,3.43534],[117.54642,3.43527],[117.54656,3.43524],[117.54666,3.43521],[117.54677,3.43516],[117.5469,3.43509],[117.54698,3.43506],[117.54707,3.43501],[117.54717,3.43495],[117.54725,3.43492],[117.54729,3.43491],[117.54679,3.43424],[117.54595,3.43316],[117.54515,3.43215],[117.545,3.43231],[117.54471,3.43274],[117.54464,3.43283],[117.54409,3.43356],[117.54443,3.43387],[117.54459,3.43399],[117.54497,3.43427],[117.54522,3.43444],[117.54552,3.43465],[117.54559,3.43475],[117.5457,3.43492],[117.5458,3.43512],[117.54585,3.43526],[117.54586,3.43534]]]]},"properties":{"kdprov":"65","kdkab":"71","kdkec":"040","kddesa":"003","kdsls":"0010","idsls":"65710400030010","nmprov":"KALIMANTAN UTARA","nmkab":"TARAKAN","nmkec":"TARAKAN UTARA","nmdesa":"JUATA LAUT","nmsls":"RT 010"}},{"type":"Feature","geometry":{"type":"MultiPolygon","coordinates":[[[[117.55733,3.43586],[117.55733,3.43586],[117.55725,3.43584],[117.55717,3.43583],[117.55707,3.43581],[117.55696,3.4358],[117.55687,3.43577],[117.55675,3.43576],[117.55663,3.43575],[117.55657,3.43569],[117.55648,3.43562],[117.55638,3.43555],[117.55629,3.43555],[117.5562,3.43555],[117.55612,3.43554],[117.55604,3.43551],[117.55595,3.43547],[117.55584,3.43544],[117.55576,3.43543],[117.55571,3.4354],[117.5557,3.43535],[117.55568,3.43529],[117.55566,3.43522],[117.55564,3.43517],[117.55557,3.43512],[117.5555,3.43507],[117.55543,3.43501],[117.55523,3.4348],[117.55505,3.43466],[117.55493,3.4344],[117.55493,3.43426],[117.55486,3.43423],[117.55479,3.4342],[117.55435,3.43346],[117.55435,3.43346],[117.557,3.4409],[117.55796,3.44066],[117.55844,3.44056],[117.55853,3.44054],[117.55785,3.43912],[117.55741,3.43794],[117.55733,3.43586]]]]},"properties":{"kdprov":"65","kdkab":"71","kdkec":"040","kddesa":"003","kdsls":"0002","idsls":"65710400030002","nmprov":"KALIMANTAN UTARA","nmkab":"TARAKAN","nmkec":"TARAKAN UTARA","nmdesa":"JUATA LAUT","nmsls":"RT 002"}},{"type":"Feature","geometry":{"type":"MultiPolygon","coordinates":[[[[117.55016,3.37577],[117.55029,3.37581],[117.55067,3.3759],[117.55067,3.3759],[117.55067,3.37589],[117.55072,3.37573],[117.55075,3.37566],[117.55078,3.37539],[117.55081,3.37515],[117.55079,3.37489],[117.55078,3.37471],[117.55073,3.37443],[117.55066,3.37401],[117.55064,3.3738],[117.55067,3.37351],[117.55071,3.37336],[117.55079,3.37312],[117.5509,3.37279],[117.55093,3.3727],[117.551,3.37243],[117.55024,3.37234],[117.55012,3.37218],[117.54998,3.37204],[117.54975,3.37197],[117.54963,3.372],[117.54944,3.37191],[117.54906,3.37188],[117.54884,3.37192],[117.54871,3.372],[117.54856,3.37226],[117.54837,3.37238],[117.54798,3.37251],[117.54754,3.37257],[117.54725,3.37254],[117.54699,3.37244],[117.54673,3.37245],[117.54672,3.37315],[117.54628,3.37385],[117.54618,3.37396],[117.54633,3.37482],[117.54789,3.37481],[117.54783,3.3749],[117.54781,3.37497],[117.54936,3.37551],[117.55016,3.37577]]]]},"properties":{"kdprov":"65","kdkab":"71","kdkec":"040","kddesa":"001","kdsls":"0019","idsls":"65710400010019","nmprov":"KALIMANTAN UTARA","nmkab":"TARAKAN","nmkec":"TARAKAN UTARA","nmdesa":"JUATA PERMAI","nmsls":"RT 019"}},{"type":"Feature","geometry":{"type":"MultiPolygon","coordinates":[[[[117.54307,3.42978],[117.54368,3.43022],[117.54399,3.43068],[117.54436,3.4311],[117.54468,3.43151],[117.54502,3.43193],[117.54515,3.43215],[117.54595,3.43316],[117.54679,3.43424],[117.54729,3.43491],[117.54886,3.43439],[117.55099,3.43343],[117.55104,3.43353],[117.55111,3.43366],[117.55127,3.43391],[117.55142,3.43407],[117.55164,3.43415],[117.55188,3.43408],[117.552,3.43408],[117.55217,3.43406],[117.5523,3.43407],[117.55241,3.43413],[117.5525,3.43419],[117.55264,3.43429],[117.55427,3.43333],[117.55427,3.43333],[117.55447,3.43286],[117.55462,3.43221],[117.5547,3.4318],[117.55471,3.43161],[117.55469,3.43137],[117.55472,3.43106],[117.55475,3.43075],[117.55475,3.43016],[117.55479,3.42957],[117.55487,3.42909],[117.55485,3.42898],[117.55484,3.42878],[117.55478,3.4286],[117.55436,3.42817],[117.55394,3.42763],[117.55371,3.42729],[117.55361,3.42708],[117.55357,3.42687],[117.55353,3.42665],[117.55353,3.42633],[117.55019,3.42608],[117.54642,3.42525],[117.5455,3.42493],[117.54427,3.42738],[117.54329,3.42934],[117.54307,3.42978]]]]},"properties":{"kdprov":"65","kdkab":"71","kdkec":"040","kddesa":"003","kdsls":"0020","idsls":"65710400030020","nmprov":"KALIMANTAN UTARA","nmkab":"TARAKAN","nmkec":"TARAKAN UTARA","nmdesa":"JUATA LAUT","nmsls":"RT 020"}},{"type":"Feature","geometry":{"type":"MultiPolygon","coordinates":[[[[117.54741,3.4424],[117.5486,3.44298],[117.54981,3.44332],[117.54996,3.44336],[117.54995,3.44272],[117.54993,3.44138],[117.55007,3.4412],[117.55015,3.44085],[117.5502,3.44062],[117.55032,3.44048],[117.55038,3.44032],[117.55035,3.44004],[117.55016,3.43994],[117.54994,3.43987],[117.5498,3.43985],[117.54958,3.43984],[117.54933,3.43983],[117.54917,3.43983],[117.54874,3.4398],[117.5486,3.4398],[117.54858,3.43984],[117.54856,3.43988],[117.54852,3.4399],[117.54845,3.43997],[117.54839,3.44003],[117.5483,3.44008],[117.5481,3.44017],[117.54805,3.4402],[117.54799,3.44023],[117.54791,3.44029],[117.54808,3.44058],[117.54825,3.44082],[117.54852,3.44114],[117.54741,3.4424]]]]},"properties":{"kdprov":"65","kdkab":"71","kdkec":"040","kddesa":"003","kdsls":"0005","idsls":"65710400030005","nmprov":"KALIMANTAN UTARA","nmkab":"TARAKAN","nmkec":"TARAKAN UTARA","nmdesa":"JUATA LAUT","nmsls":"RT 005"}},{"type":"Feature","geometry":{"type":"MultiPolygon","coordinates":[[[[117.54667,3.43785],[117.54676,3.43803],[117.54681,3.43814],[117.54689,3.43827],[117.54696,3.43837],[117.54699,3.43841],[117.54621,3.43939],[117.54522,3.44061],[117.54554,3.44082],[117.54632,3.44133],[117.54662,3.44163],[117.54735,3.44237],[117.54741,3.4424],[117.54852,3.44114],[117.54825,3.44082],[117.54808,3.44058],[117.54791,3.44029],[117.54799,3.44023],[117.54805,3.4402],[117.5481,3.44017],[117.5483,3.44008],[117.54839,3.44003],[117.54845,3.43997],[117.54852,3.4399],[117.54856,3.43988],[117.54858,3.43984],[117.5486,3.4398],[117.54874,3.4398],[117.54917,3.43983],[117.54933,3.43983],[117.54938,3.43916],[117.54982,3.43869],[117.55016,3.43745],[117.55007,3.43745],[117.54991,3.43747],[117.54974,3.4375],[117.54894,3.43794],[117.54806,3.43688],[117.54667,3.43785]]]]},"properties":{"kdprov":"65","kdkab":"71","kdkec":"040","kddesa":"003","kdsls":"0006","idsls":"65710400030006","nmprov":"KALIMANTAN UTARA","nmkab":"TARAKAN","nmkec":"TARAKAN UTARA","nmdesa":"JUATA LAUT","nmsls":"RT 006"}},{"type":"Feature","geometry":{"type":"MultiPolygon","coordinates":[[[[117.557,3.4409],[117.55435,3.43346],[117.55435,3.43346],[117.55417,3.43394],[117.55397,3.43453],[117.55385,3.43488],[117.55374,3.43513],[117.55361,3.43535],[117.55335,3.43562],[117.55305,3.43594],[117.55285,3.43615],[117.55358,3.43955],[117.55362,3.43966],[117.55372,3.43996],[117.55378,3.44022],[117.5538,3.44033],[117.55381,3.44046],[117.55381,3.44056],[117.55379,3.44076],[117.55379,3.44086],[117.55383,3.4411],[117.55384,3.44118],[117.55388,3.4413],[117.5539,3.44142],[117.55391,3.44157],[117.55445,3.44315],[117.55446,3.44315],[117.55539,3.44262],[117.55564,3.44248],[117.5561,3.44176],[117.55641,3.44151],[117.55667,3.4413],[117.55699,3.44091],[117.557,3.4409]]]]},"properties":{"kdprov":"65","kdkab":"71","kdkec":"040","kddesa":"003","kdsls":"0003","idsls":"65710400030003","nmprov":"KALIMANTAN UTARA","nmkab":"TARAKAN","nmkec":"TARAKAN UTARA","nmdesa":"JUATA LAUT","nmsls":"RT 003"}},{"type":"Feature","geometry":{"type":"MultiPolygon","coordinates":[[[[117.55445,3.44315],[117.55391,3.44157],[117.5539,3.44142],[117.55388,3.4413],[117.55384,3.44118],[117.55383,3.4411],[117.55379,3.44086],[117.55379,3.44076],[117.55381,3.44056],[117.55381,3.44046],[117.5538,3.44033],[117.55378,3.44022],[117.55372,3.43996],[117.55362,3.43966],[117.55358,3.43955],[117.55285,3.43615],[117.55282,3.43618],[117.5525,3.43642],[117.55177,3.43691],[117.55155,3.43703],[117.55148,3.43708],[117.55143,3.43714],[117.55121,3.43723],[117.55073,3.4374],[117.55059,3.43744],[117.55038,3.43746],[117.55023,3.43745],[117.55016,3.43745],[117.54982,3.43869],[117.54938,3.43916],[117.54933,3.43983],[117.54958,3.43984],[117.5498,3.43985],[117.54994,3.43987],[117.55016,3.43994],[117.55035,3.44004],[117.55038,3.44032],[117.55032,3.44048],[117.5502,3.44062],[117.55015,3.44085],[117.55007,3.4412],[117.54993,3.44138],[117.54995,3.44272],[117.54996,3.44336],[117.55064,3.44355],[117.55091,3.4435],[117.55182,3.44333],[117.55445,3.44315]]]]},"properties":{"kdprov":"65","kdkab":"71","kdkec":"040","kddesa":"003","kdsls":"0004","idsls":"65710400030004","nmprov":"KALIMANTAN UTARA","nmkab":"TARAKAN","nmkec":"TARAKAN UTARA","nmdesa":"JUATA LAUT","nmsls":"RT 004"}},{"type":"Feature","geometry":{"type":"MultiPolygon","coordinates":[[[[117.54716,3.36408],[117.54679,3.36433],[117.54635,3.36437],[117.54503,3.36445],[117.54468,3.36442],[117.54468,3.36469],[117.54489,3.36467],[117.54561,3.36534],[117.54635,3.36586],[117.54688,3.36507],[117.54779,3.3644],[117.54749,3.36418],[117.54716,3.36408]]]]},"properties":{"kdprov":"65","kdkab":"71","kdkec":"040","kddesa":"001","kdsls":"0003","idsls":"65710400010003","nmprov":"KALIMANTAN UTARA","nmkab":"TARAKAN","nmkec":"TARAKAN UTARA","nmdesa":"JUATA PERMAI","nmsls":"RT 003"}},{"type":"Feature","geometry":{"type":"MultiPolygon","coordinates":[[[[117.53837,3.37419],[117.53824,3.37357],[117.53802,3.37294],[117.53767,3.3724],[117.5373,3.37178],[117.53719,3.37151],[117.53692,3.37166],[117.53654,3.37172],[117.53605,3.37183],[117.53545,3.37213],[117.5348,3.37221],[117.53429,3.37215],[117.53383,3.37232],[117.5334,3.37246],[117.53302,3.37256],[117.5325,3.37271],[117.53322,3.37324],[117.53379,3.37355],[117.53421,3.3738],[117.53434,3.37393],[117.53439,3.3741],[117.5345,3.3744],[117.53511,3.37446],[117.53527,3.37462],[117.53535,3.37475],[117.53549,3.37477],[117.53562,3.37464],[117.53586,3.37457],[117.53613,3.3745],[117.53627,3.37459],[117.53655,3.37447],[117.53681,3.37445],[117.5369,3.37447],[117.53707,3.37435],[117.53712,3.37433],[117.53759,3.37468],[117.53777,3.37458],[117.53798,3.37445],[117.5382,3.37429],[117.53831,3.37422],[117.53837,3.37419]]]]},"properties":{"kdprov":"65","kdkab":"71","kdkec":"040","kddesa":"001","kdsls":"0002","idsls":"65710400010002","nmprov":"KALIMANTAN UTARA","nmkab":"TARAKAN","nmkec":"TARAKAN UTARA","nmdesa":"JUATA PERMAI","nmsls":"RT 002"}},{"type":"Feature","geometry":{"type":"MultiPolygon","coordinates":[[[[117.54834,3.36987],[117.54881,3.37056],[117.54888,3.37065],[117.54922,3.37049],[117.54938,3.37057],[117.54961,3.37091],[117.55001,3.37151],[117.55052,3.37209],[117.55084,3.37224],[117.551,3.3724],[117.55107,3.37214],[117.55115,3.37186],[117.5512,3.37163],[117.55123,3.37147],[117.55127,3.3712],[117.55133,3.37082],[117.55134,3.37079],[117.55138,3.37071],[117.55141,3.37063],[117.55154,3.37033],[117.55169,3.37004],[117.55181,3.36978],[117.55193,3.36953],[117.55214,3.36913],[117.55216,3.369],[117.55206,3.36884],[117.55199,3.36875],[117.55194,3.36862],[117.5519,3.36844],[117.55187,3.36833],[117.55185,3.36816],[117.55181,3.36791],[117.55177,3.3678],[117.55168,3.36766],[117.55145,3.36731],[117.55069,3.3677],[117.54965,3.36841],[117.54999,3.36891],[117.54861,3.36973],[117.54834,3.36987]]]]},"properties":{"kdprov":"65","kdkab":"71","kdkec":"040","kddesa":"001","kdsls":"0002","idsls":"65710400010002","nmprov":"KALIMANTAN UTARA","nmkab":"TARAKAN","nmkec":"TARAKAN UTARA","nmdesa":"JUATA PERMAI","nmsls":"RT 002"}},{"type":"Feature","geometry":{"type":"MultiPolygon","coordinates":[[[[117.54834,3.36987],[117.54804,3.36948],[117.5477,3.36898],[117.54737,3.36852],[117.54706,3.36799],[117.54701,3.36768],[117.54592,3.36771],[117.54471,3.3678],[117.54392,3.36811],[117.54264,3.36861],[117.54295,3.36959],[117.54324,3.37036],[117.54358,3.37129],[117.54369,3.37116],[117.54419,3.37096],[117.54476,3.37069],[117.54475,3.37051],[117.5448,3.37038],[117.54505,3.37041],[117.54526,3.37047],[117.54557,3.37039],[117.54585,3.37027],[117.54594,3.37028],[117.54601,3.37044],[117.54611,3.37068],[117.54618,3.37089],[117.54622,3.37098],[117.54667,3.37078],[117.54726,3.37049],[117.54834,3.36987]]]]},"properties":{"kdprov":"65","kdkab":"71","kdkec":"040","kddesa":"001","kdsls":"0002","idsls":"65710400010002","nmprov":"KALIMANTAN UTARA","nmkab":"TARAKAN","nmkec":"TARAKAN UTARA","nmdesa":"JUATA PERMAI","nmsls":"RT 002"}},{"type":"Feature","geometry":{"type":"MultiPolygon","coordinates":[[[[117.551,3.3724],[117.55084,3.37224],[117.55052,3.37209],[117.55001,3.37151],[117.54961,3.37091],[117.54938,3.37057],[117.54922,3.37049],[117.54888,3.37065],[117.54881,3.37056],[117.54834,3.36987],[117.54726,3.37049],[117.54667,3.37078],[117.54622,3.37098],[117.54618,3.37089],[117.54611,3.37068],[117.54601,3.37044],[117.54594,3.37028],[117.54585,3.37027],[117.54557,3.37039],[117.54526,3.37047],[117.54505,3.37041],[117.5448,3.37038],[117.54475,3.37051],[117.54476,3.37069],[117.54419,3.37096],[117.54369,3.37116],[117.54358,3.37129],[117.54366,3.37217],[117.54371,3.37294],[117.54374,3.37316],[117.54444,3.37376],[117.5448,3.374],[117.54555,3.37362],[117.54559,3.37361],[117.54613,3.37394],[117.54618,3.37396],[117.54628,3.37385],[117.54672,3.37315],[117.54673,3.37245],[117.54699,3.37244],[117.54725,3.37254],[117.54754,3.37257],[117.54798,3.37251],[117.54837,3.37238],[117.54856,3.37226],[117.54871,3.372],[117.54884,3.37192],[117.54906,3.37188],[117.54944,3.37191],[117.54963,3.372],[117.54975,3.37197],[117.54998,3.37204],[117.55012,3.37218],[117.55024,3.37234],[117.551,3.37243],[117.551,3.3724]]]]},"properties":{"kdprov":"65","kdkab":"71","kdkec":"040","kddesa":"001","kdsls":"0002","idsls":"65710400010002","nmprov":"KALIMANTAN UTARA","nmkab":"TARAKAN","nmkec":"TARAKAN UTARA","nmdesa":"JUATA PERMAI","nmsls":"RT 002"}},{"type":"Feature","geometry":{"type":"MultiPolygon","coordinates":[[[[117.54779,3.3644],[117.54811,3.36442],[117.54842,3.36444],[117.54866,3.36465],[117.54879,3.36516],[117.54895,3.36566],[117.54921,3.36625],[117.54939,3.3667],[117.54954,3.36686],[117.54988,3.36664],[117.55025,3.36647],[117.55061,3.36636],[117.55062,3.36626],[117.55067,3.36611],[117.55067,3.36604],[117.55068,3.36595],[117.5507,3.3658],[117.55073,3.36554],[117.55073,3.36534],[117.55067,3.36506],[117.55065,3.36487],[117.55067,3.36471],[117.55073,3.36456],[117.55082,3.36434],[117.55083,3.364],[117.55083,3.36398],[117.55081,3.36362],[117.55078,3.36309],[117.55073,3.36286],[117.55063,3.36259],[117.55049,3.36237],[117.5504,3.3623],[117.54974,3.36211],[117.54915,3.3619],[117.54851,3.36177],[117.54821,3.36172],[117.54753,3.36161],[117.54666,3.36151],[117.54665,3.36172],[117.54604,3.36168],[117.54603,3.36243],[117.54555,3.36243],[117.54555,3.36277],[117.54603,3.36325],[117.54648,3.36323],[117.54648,3.36354],[117.54696,3.36354],[117.54695,3.36384],[117.54716,3.36408],[117.54749,3.36418],[117.54779,3.3644]]]]},"properties":{"kdprov":"65","kdkab":"71","kdkec":"040","kddesa":"001","kdsls":"0002","idsls":"65710400010002","nmprov":"KALIMANTAN UTARA","nmkab":"TARAKAN","nmkec":"TARAKAN UTARA","nmdesa":"JUATA PERMAI","nmsls":"RT 002"}},{"type":"Feature","geometry":{"type":"MultiPolygon","coordinates":[[[[117.53967,3.36684],[117.54062,3.36702],[117.54158,3.36712],[117.54198,3.36725],[117.54216,3.36737],[117.54232,3.36771],[117.54251,3.36836],[117.54264,3.36861],[117.54392,3.36811],[117.54471,3.3678],[117.54592,3.36771],[117.54701,3.36768],[117.54747,3.36767],[117.54793,3.36762],[117.54839,3.36756],[117.54895,3.36756],[117.54904,3.36735],[117.54928,3.36712],[117.54954,3.36686],[117.54939,3.3667],[117.54921,3.36625],[117.54895,3.36566],[117.54879,3.36516],[117.54866,3.36465],[117.54842,3.36444],[117.54811,3.36442],[117.54779,3.3644],[117.54688,3.36507],[117.54635,3.36586],[117.54561,3.36534],[117.54489,3.36467],[117.54468,3.36469],[117.54468,3.36442],[117.54419,3.36445],[117.5438,3.36446],[117.54344,3.36456],[117.54308,3.36469],[117.54274,3.36475],[117.54175,3.36489],[117.54076,3.36585],[117.54019,3.36582],[117.53967,3.36684]]]]},"properties":{"kdprov":"65","kdkab":"71","kdkec":"040","kddesa":"001","kdsls":"0002","idsls":"65710400010002","nmprov":"KALIMANTAN UTARA","nmkab":"TARAKAN","nmkec":"TARAKAN UTARA","nmdesa":"JUATA PERMAI","nmsls":"RT 002"}},{"type":"Feature","geometry":{"type":"MultiPolygon","coordinates":[[[[117.54264,3.36861],[117.54251,3.36836],[117.54232,3.36771],[117.54216,3.36737],[117.54198,3.36725],[117.54158,3.36712],[117.54062,3.36702],[117.53967,3.36684],[117.53963,3.3668],[117.53954,3.36665],[117.53949,3.3665],[117.53936,3.36617],[117.53922,3.36607],[117.53907,3.36593],[117.53885,3.36577],[117.5386,3.3657],[117.53856,3.36333],[117.5334,3.36378],[117.53341,3.36458],[117.53379,3.36534],[117.53448,3.36653],[117.53488,3.36728],[117.53501,3.36795],[117.53534,3.36892],[117.53565,3.36997],[117.53596,3.37102],[117.53605,3.37183],[117.53654,3.37172],[117.53692,3.37166],[117.53719,3.37151],[117.53778,3.37113],[117.5383,3.37075],[117.53886,3.37032],[117.53934,3.37007],[117.53977,3.36991],[117.54028,3.36973],[117.54091,3.3694],[117.54136,3.36921],[117.54171,3.36891],[117.54215,3.36868],[117.54264,3.36861]]]]},"properties":{"kdprov":"65","kdkab":"71","kdkec":"040","kddesa":"001","kdsls":"0002","idsls":"65710400010002","nmprov":"KALIMANTAN UTARA","nmkab":"TARAKAN","nmkec":"TARAKAN UTARA","nmdesa":"JUATA PERMAI","nmsls":"RT 002"}},{"type":"Feature","geometry":{"type":"MultiPolygon","coordinates":[[[[117.52751,3.35629],[117.53116,3.35792],[117.53416,3.35779],[117.53913,3.35771],[117.54035,3.35783],[117.54034,3.35546],[117.54028,3.35544],[117.53987,3.35531],[117.53972,3.35522],[117.53967,3.35522],[117.53936,3.35522],[117.53911,3.35522],[117.53884,3.35523],[117.53856,3.35525],[117.53805,3.35526],[117.53805,3.35526],[117.53765,3.35528],[117.53735,3.35531],[117.53717,3.35529],[117.53628,3.35534],[117.53547,3.35532],[117.53485,3.35533],[117.53458,3.35535],[117.53389,3.35537],[117.5336,3.35507],[117.53324,3.35468],[117.53293,3.35436],[117.53182,3.35319],[117.53127,3.35261],[117.53105,3.35238],[117.5309,3.35259],[117.53076,3.35271],[117.53038,3.35328],[117.53034,3.35324],[117.53031,3.35327],[117.53013,3.35315],[117.52997,3.35323],[117.52995,3.35326],[117.52969,3.3536],[117.52961,3.3537],[117.5296,3.35371],[117.52954,3.35379],[117.52968,3.35391],[117.52944,3.35417],[117.52944,3.35417],[117.52935,3.35412],[117.5293,3.35408],[117.5293,3.35409],[117.52916,3.35426],[117.52903,3.35442],[117.52891,3.35457],[117.52887,3.35461],[117.52883,3.35465],[117.5293,3.35499],[117.52949,3.35513],[117.52941,3.35512],[117.52931,3.35511],[117.52915,3.35512],[117.52913,3.35512],[117.52911,3.35513],[117.52904,3.35514],[117.52889,3.35518],[117.52869,3.3552],[117.5284,3.35522],[117.52823,3.35526],[117.52751,3.35629]]]]},"properties":{"kdprov":"65","kdkab":"71","kdkec":"040","kddesa":"001","kdsls":"0013","idsls":"65710400010013","nmprov":"KALIMANTAN UTARA","nmkab":"TARAKAN","nmkec":"TARAKAN UTARA","nmdesa":"JUATA PERMAI","nmsls":"RT 013"}},{"type":"Feature","geometry":{"type":"MultiPolygon","coordinates":[[[[117.5217,3.38319],[117.52171,3.38371],[117.52169,3.38415],[117.52154,3.38438],[117.52134,3.38465],[117.52109,3.38472],[117.52096,3.38481],[117.52096,3.38489],[117.52113,3.38654],[117.52148,3.38658],[117.52155,3.38679],[117.52451,3.3868],[117.52355,3.38827],[117.5221,3.38866],[117.52092,3.38876],[117.52102,3.38957],[117.52104,3.38993],[117.52093,3.39001],[117.52116,3.39043],[117.52146,3.39077],[117.52216,3.39158],[117.52236,3.39173],[117.52209,3.39251],[117.52133,3.39325],[117.52064,3.39417],[117.51984,3.39421],[117.51881,3.39474],[117.51798,3.39556],[117.51725,3.39582],[117.5165,3.39606],[117.51653,3.39614],[117.51649,3.39626],[117.51633,3.39648],[117.51643,3.39712],[117.51658,3.39756],[117.51683,3.39773],[117.51692,3.3978],[117.51693,3.39779],[117.51696,3.39788],[117.51693,3.39797],[117.51746,3.39851],[117.51773,3.39867],[117.518,3.39874],[117.5185,3.39876],[117.51854,3.39888],[117.5186,3.39906],[117.51869,3.39919],[117.51887,3.39932],[117.51901,3.39934],[117.51912,3.39934],[117.51921,3.3994],[117.51933,3.39942],[117.51948,3.3995],[117.5196,3.39956],[117.51973,3.39956],[117.5199,3.39949],[117.52001,3.39945],[117.52018,3.39945],[117.52031,3.39946],[117.52043,3.3995],[117.52056,3.39957],[117.52067,3.39965],[117.52076,3.39965],[117.52082,3.39965],[117.52095,3.39964],[117.52113,3.39963],[117.52141,3.3996],[117.52159,3.39963],[117.52184,3.39963],[117.52194,3.3995],[117.52216,3.39932],[117.52241,3.39923],[117.52286,3.39901],[117.52306,3.3988],[117.52302,3.39838],[117.52349,3.39787],[117.52363,3.39786],[117.52386,3.39803],[117.52407,3.3982],[117.52423,3.3984],[117.52446,3.39865],[117.52467,3.39879],[117.52492,3.39879],[117.5254,3.39882],[117.52584,3.39883],[117.52623,3.39878],[117.52672,3.39859],[117.52733,3.39829],[117.52788,3.39794],[117.52823,3.39764],[117.52869,3.39734],[117.52907,3.39698],[117.52933,3.39666],[117.5297,3.39636],[117.52992,3.39613],[117.53018,3.39598],[117.52991,3.39406],[117.52826,3.39278],[117.52704,3.39143],[117.52657,3.39072],[117.52924,3.38606],[117.52855,3.38382],[117.52914,3.38357],[117.52923,3.38349],[117.52953,3.38309],[117.5299,3.38274],[117.53053,3.38278],[117.53089,3.38289],[117.5309,3.38289],[117.5309,3.38175],[117.5266,3.37818],[117.52649,3.37831],[117.52559,3.3791],[117.52468,3.37974],[117.52432,3.37993],[117.52353,3.3804],[117.52273,3.38091],[117.52266,3.38098],[117.52261,3.38105],[117.52238,3.3819],[117.52228,3.38209],[117.52178,3.38311],[117.5217,3.38319]]]]},"properties":{"kdprov":"65","kdkab":"71","kdkec":"040","kddesa":"001","kdsls":"0001","idsls":"65710400010001","nmprov":"KALIMANTAN UTARA","nmkab":"TARAKAN","nmkec":"TARAKAN UTARA","nmdesa":"JUATA PERMAI","nmsls":"RT 001"}},{"type":"Feature","geometry":{"type":"MultiPolygon","coordinates":[[[[117.53475,3.42782],[117.53718,3.42662],[117.53725,3.42677],[117.53815,3.42835],[117.53808,3.42839],[117.53759,3.42867],[117.53718,3.42889],[117.53702,3.42899],[117.53628,3.42941],[117.53568,3.4297],[117.53572,3.42977],[117.53575,3.42983],[117.53591,3.43014],[117.53643,3.43113],[117.53645,3.43154],[117.53655,3.43201],[117.5374,3.43298],[117.53743,3.43304],[117.53812,3.4342],[117.53831,3.43451],[117.53895,3.43416],[117.54021,3.43334],[117.54049,3.43316],[117.54131,3.43214],[117.54188,3.43144],[117.54175,3.43133],[117.54148,3.43111],[117.54123,3.43095],[117.54118,3.43093],[117.54098,3.43083],[117.54072,3.43068],[117.54045,3.43051],[117.54028,3.43039],[117.54014,3.43026],[117.5401,3.43017],[117.54028,3.42976],[117.54046,3.42936],[117.54061,3.42904],[117.54082,3.42855],[117.54113,3.42795],[117.54145,3.42731],[117.54171,3.42677],[117.54199,3.42624],[117.53125,3.42133],[117.53111,3.42132],[117.53108,3.42138],[117.53101,3.42143],[117.53086,3.42157],[117.53078,3.42169],[117.53074,3.42176],[117.53068,3.42185],[117.53062,3.4219],[117.53055,3.422],[117.53049,3.42207],[117.53046,3.42211],[117.53048,3.42221],[117.53052,3.42237],[117.53043,3.42273],[117.53059,3.42296],[117.53114,3.42335],[117.53188,3.42342],[117.53252,3.42392],[117.53271,3.42415],[117.53283,3.4243],[117.53314,3.42481],[117.53353,3.42512],[117.53386,3.42538],[117.53436,3.42695],[117.53448,3.4272],[117.53475,3.42782]]]]},"properties":{"kdprov":"65","kdkab":"71","kdkec":"040","kddesa":"003","kdsls":"0016","idsls":"65710400030016","nmprov":"KALIMANTAN UTARA","nmkab":"TARAKAN","nmkec":"TARAKAN UTARA","nmdesa":"JUATA LAUT","nmsls":"RT 016"}}]}